consensus_rank,pert_id,pert_iname,ATLAS_SIG_A_TOP150,ATLAS_SIG_B_TOP100,ATLAS_SIG_B_TOP150,n_signatures,n_negative,n_strong_negative,mean_tau,median_tau,minimum_tau
1,BRD-K99447003,enalaprilat,-2.2494793,-94.18632,-95.63698,3,3,2,-64.02426,-94.18632,-95.63698
2,BRD-A81541225,oligomycin-a,-31.808538,-93.9972,-97.53348,3,3,2,-74.4464,-93.9972,-97.53348
3,BRD-K89687904,PKCbeta-inhibitor,-24.4503,-90.70964,-97.77263,3,3,2,-70.97752,-90.70964,-97.77263
4,BRD-K33483813,actarit,0.0,-98.7315,-94.041336,3,2,2,-64.25761,-94.041336,-98.7315
5,BRD-K45252063,clofibrate,0.0,-95.06695,-93.31658,3,2,2,-62.79451,-93.31658,-95.06695
6,BRD-K19416115,sitagliptin,0.0,-95.04602,-92.97872,3,2,2,-62.674915,-92.97872,-95.04602
7,BRD-K01976263,emetine,0.0,-96.723045,-91.63395,3,2,2,-62.785664,-91.63395,-96.723045
8,BRD-K98372770,L-2167,-4.3340383,-95.15143,-85.649376,3,3,1,-61.71162,-85.649376,-95.15143
9,BRD-K13356952,methazolamide,-19.686787,-95.77167,-85.611694,3,3,1,-67.023384,-85.611694,-95.77167
10,BRD-K22096725,ALW-II-49-7,-30.964382,-90.098976,-84.463036,3,3,1,-68.5088,-84.463036,-90.098976
11,BRD-K09859624,methantheline,-5.637197,-93.90965,-83.34844,3,3,1,-60.96509,-83.34844,-93.90965
12,BRD-K55420858,mirin,-17.979301,-91.8324,-80.71886,3,3,1,-63.51018,-80.71886,-91.8324
13,BRD-K74236984,UNC-0321,-16.522942,-78.77869,-91.15531,3,3,1,-62.152313,-78.77869,-91.15531
14,BRD-A48237631,mitomycin-c,-68.17052,-14.9456,-90.27484,3,3,1,-57.796986,-68.17052,-90.27484
15,BRD-A30977374,nifedipine,-7.0824523,-63.485985,-92.370224,3,3,1,-54.312885,-63.485985,-92.370224
16,BRD-U73238814,QL-XI-92,-1.1730272,-90.411026,-59.894768,3,3,1,-50.49294,-59.894768,-90.411026
17,BRD-A82238138,budesonide,-2.0436928,-51.70184,-93.93091,3,3,1,-49.22548,-51.70184,-93.93091
18,BRD-K55930204,phenytoin,-37.665825,-91.62154,-43.43479,3,3,1,-57.574055,-43.43479,-91.62154
19,BRD-A06352508,SB-218078,-2.3960536,-33.465538,-92.21864,3,3,1,-42.69341,-33.465538,-92.21864
20,BRD-K87426499,BRD-K87426499,0.0,-98.71467,-89.502975,3,2,1,-62.739216,-89.502975,-98.71467
21,BRD-A50454580,PD-0325901,0.0,-92.34772,-88.82858,3,2,1,-60.3921,-88.82858,-92.34772
22,BRD-K90885812,propantheline,0.0,-84.94934,-92.48811,3,2,1,-59.145817,-84.94934,-92.48811
23,BRD-K39187410,BRD-K39187410,0.7399577,-76.64527,-95.22302,3,2,1,-57.042774,-76.64527,-95.22302
24,BRD-K55462201,AM-404,0.0,-92.54888,-70.69331,3,2,1,-54.414062,-70.69331,-92.54888
25,BRD-K86873305,piperacillin,0.0,-90.123634,-70.28016,3,2,1,-53.46793,-70.28016,-90.123634
26,BRD-K88742110,PCI-34051,0.0,-90.8338,-49.909546,3,2,1,-46.914448,-49.909546,-90.8338
27,BRD-A37959677,estrone,0.0,-91.267944,-45.062786,3,2,1,-45.443577,-45.062786,-91.267944
28,BRD-K75478907,GS-39783,1.3742071,-90.20446,-31.642422,3,2,1,-40.15756,-31.642422,-90.20446
29,BRD-K78373679,Ro-3306,0.0,-4.0169134,-93.164406,3,2,1,-32.393772,-4.0169134,-93.164406
30,BRD-K93188295,ARC-239,-3.6230693,-86.81378,-89.50576,3,3,0,-59.98087,-86.81378,-89.50576
31,BRD-K59222562,BRD-K59222562,-22.267956,-89.29127,-86.78305,3,3,0,-66.11409,-86.78305,-89.29127
32,BRD-K52662033,lidocaine,-18.033361,-84.46893,-85.993546,3,3,0,-62.831944,-84.46893,-85.993546
33,BRD-K84141129,VU-0400193-3,-75.5129,-85.439865,-81.856476,3,3,0,-80.93641,-81.856476,-85.439865
34,BRD-K93095519,SJ-172550,-1.5386872,-81.85003,-88.01236,3,3,0,-57.133694,-81.85003,-88.01236
35,BRD-K94353609,fluocinolone,-77.6904,-79.7097,-63.414906,3,3,0,-73.605,-77.6904,-79.7097
36,BRD-K23875128,RHO-kinase-inhibitor-III[rockout],-39.11566,-75.69568,-82.66164,3,3,0,-65.824326,-75.69568,-82.66164
37,BRD-K56343971,vemurafenib,-0.45806906,-75.63464,-75.79654,3,3,0,-50.62975,-75.63464,-75.79654
38,BRD-A36010170,amcinonide,-4.827343,-74.5706,-80.699104,3,3,0,-53.36569,-74.5706,-80.699104
39,BRD-K48735772,PD-158780,-37.132057,-88.892075,-72.68061,3,3,0,-66.23492,-72.68061,-88.892075
40,BRD-K88677950,PD-198306,-2.60747,-72.456375,-75.62855,3,3,0,-50.2308,-72.456375,-75.62855
41,BRD-A22380646,pantoprazole,-7.7232695,-83.76643,-71.78507,3,3,0,-54.424927,-71.78507,-83.76643
42,BRD-K48923948,BMS-641988,-1.5856236,-76.76162,-71.08273,3,3,0,-49.809994,-71.08273,-76.76162
43,BRD-K22009844,phenprobamate,-1.5856236,-70.626915,-74.363754,3,3,0,-48.85876,-70.626915,-74.363754
44,BRD-K85603128,resorcinol,-1.1275547,-80.63106,-70.198425,3,3,0,-50.652344,-70.198425,-80.63106
45,BRD-K49865102,PD-0325901,-0.070472166,-85.03055,-69.95741,3,3,0,-51.686142,-69.95741,-85.03055
46,BRD-K16508793,diazepam,-18.38874,-68.46609,-76.20201,3,3,0,-54.352276,-68.46609,-76.20201
47,BRD-K89046952,ciclacillin,-2.4312897,-66.9463,-78.14059,3,3,0,-49.172726,-66.9463,-78.14059
48,BRD-A17448384,beclometasone,-25.780113,-66.75397,-69.12497,3,3,0,-53.886353,-66.75397,-69.12497
49,BRD-A94793051,gestrinone,-12.377667,-65.46309,-73.0588,3,3,0,-50.29985,-65.46309,-73.0588
50,BRD-K68558722,deracoxib,-0.10570825,-65.361244,-67.60476,3,3,0,-44.35724,-65.361244,-67.60476
51,BRD-K55591206,epigallocatechin-gallate-(-),-0.9161381,-80.946304,-64.109695,3,3,0,-48.65738,-64.109695,-80.946304
52,BRD-K43164539,cholic-acid,-6.0025463,-63.466003,-66.27359,3,3,0,-45.24738,-63.466003,-66.27359
53,BRD-A62184259,cycloheximide,-5.144468,-83.09422,-63.263805,3,3,0,-50.500835,-63.263805,-83.09422
54,BRD-K82143716,flucytosine,-62.447453,-1.303735,-83.53966,3,3,0,-49.09695,-62.447453,-83.53966
55,BRD-A20589515,dihydroxyphenylglycine,-76.079926,-61.77539,-36.63794,3,3,0,-58.164417,-61.77539,-76.079926
56,BRD-K37846922,"3,3'-diindolylmethane",-23.392363,-68.230576,-61.381847,3,3,0,-51.0016,-61.381847,-68.230576
57,BRD-K46441700,GR-55562,-12.65922,-85.61006,-60.974052,3,3,0,-53.081112,-60.974052,-85.61006
58,BRD-K77998258,ganglioside,-2.3255813,-60.84063,-79.385666,3,3,0,-47.51729,-60.84063,-79.385666
59,BRD-K40213712,SAL-1,-3.8884003,-63.043133,-60.775375,3,3,0,-42.56897,-60.775375,-63.043133
60,BRD-K86727142,embelin,-0.9866103,-74.17098,-60.749107,3,3,0,-45.30223,-60.749107,-74.17098
61,BRD-K54330070,SB-202190,-2.1141648,-60.137074,-68.49746,3,3,0,-43.5829,-60.137074,-68.49746
62,BRD-K41260949,valproic-acid,-2.2551093,-77.66442,-59.89779,3,3,0,-46.605774,-59.89779,-77.66442
63,BRD-K33425534,exemestane,-2.8600109,-83.68401,-59.854805,3,3,0,-48.79961,-59.854805,-83.68401
64,BRD-A57457122,VU-0400071-3,-4.1578574,-66.11276,-59.71516,3,3,0,-43.328594,-59.71516,-66.11276
65,BRD-K78838262,austricine,-0.8953151,-78.11801,-59.665684,3,3,0,-46.226334,-59.665684,-78.11801
66,BRD-A02180903,betamethasone,-1.2332629,-59.548683,-63.418858,3,3,0,-41.40027,-59.548683,-63.418858
67,BRD-K72816382,cinalukast,-2.3960536,-59.528847,-63.2611,3,3,0,-41.72867,-59.528847,-63.2611
68,BRD-K79511609,BRD-K79511609,-42.073154,-59.437984,-67.01202,3,3,0,-56.17438,-59.437984,-67.01202
69,BRD-K02607075,tubocurarine,-2.7131784,-75.77972,-58.916065,3,3,0,-45.80299,-58.916065,-75.77972
70,BRD-K28137194,loreclezole,-65.61892,-58.1252,-48.364,3,3,0,-57.369373,-58.1252,-65.61892
71,BRD-K11107424,tiotidine,-3.488372,-58.090363,-64.5474,3,3,0,-42.042046,-58.090363,-64.5474
72,BRD-K89708791,rifaximin,-4.756871,-57.855515,-79.764694,3,3,0,-47.459026,-57.855515,-79.764694
73,BRD-K05804044,AZ-628,-0.95137423,-65.10859,-57.72351,3,3,0,-41.261158,-57.72351,-65.10859
74,BRD-K06878038,deferiprone,-4.7209826,-60.271294,-57.334846,3,3,0,-40.775707,-57.334846,-60.271294
75,BRD-K77133231,PD-169316,-26.292255,-69.04251,-57.065178,3,3,0,-50.799984,-57.065178,-69.04251
76,BRD-K08109516,L-701324,-11.2837715,-60.337547,-56.637703,3,3,0,-42.753006,-56.637703,-60.337547
77,BRD-K08273968,griseofulvin,-7.751938,-66.57971,-56.20597,3,3,0,-43.512543,-56.20597,-66.57971
78,BRD-K99107520,felbamate,-1.3389711,-84.81013,-56.04811,3,3,0,-47.399075,-56.04811,-84.81013
79,BRD-K35629949,SR-27897,-16.35113,-55.846756,-72.5287,3,3,0,-48.2422,-55.846756,-72.5287
80,BRD-K62310379,fluticasone-propionate,-0.66948557,-55.002747,-86.08621,3,3,0,-47.25281,-55.002747,-86.08621
81,BRD-K08996725,zolantidine,-0.49330515,-54.92739,-74.507706,3,3,0,-43.309464,-54.92739,-74.507706
82,BRD-K33211335,dextromethorphan,-3.2064834,-54.84937,-61.59202,3,3,0,-39.882626,-54.84937,-61.59202
83,BRD-K34098590,tienilic-acid,-25.508522,-85.91019,-54.838802,3,3,0,-55.41917,-54.838802,-85.91019
84,BRD-A77349281,RK-682,-14.212652,-63.022438,-54.574436,3,3,0,-43.93651,-54.574436,-63.022438
85,BRD-K01638814,rilmenidine,-22.415075,-53.919815,-65.84115,3,3,0,-47.392014,-53.919815,-65.84115
86,BRD-K05104363,PD-184352,-0.10570825,-59.902153,-53.916405,3,3,0,-37.974754,-53.916405,-59.902153
87,BRD-K04170657,psoromic-acid,-29.686283,-55.383244,-53.66938,3,3,0,-46.246304,-53.66938,-55.383244
88,BRD-K09991945,GSK-3-inhibitor-II,-13.116282,-56.040085,-53.212753,3,3,0,-40.789707,-53.212753,-56.040085
89,BRD-K37720887,SB-525334,-7.751938,-61.006596,-52.9802,3,3,0,-40.57958,-52.9802,-61.006596
90,BRD-K67439147,SIB-1893,-63.677235,-52.95844,-41.334583,3,3,0,-52.656754,-52.95844,-63.677235
91,BRD-K56450366,NSC-94258,-15.000443,-52.920273,-79.57135,3,3,0,-49.16402,-52.920273,-79.57135
92,BRD-K08924299,palonosetron,-30.217133,-57.43039,-52.88507,3,3,0,-46.844196,-52.88507,-57.43039
93,BRD-K07872006,BRD-K07872006,-51.266876,-6.900154,-82.79512,3,3,0,-46.987385,-51.266876,-82.79512
94,BRD-K23566484,nilutamide,-2.8188865,-83.79942,-50.825092,3,3,0,-45.81447,-50.825092,-83.79942
95,BRD-K60476892,YC-1,-4.0492387,-81.12747,-50.677475,3,3,0,-45.28473,-50.677475,-81.12747
96,BRD-K61217870,N-(3-acetamidophenyl)-3-chlorobenzamide,-3.2064834,-68.56732,-50.3071,3,3,0,-40.693634,-50.3071,-68.56732
97,BRD-K23984367,sorafenib,-2.9274807,-60.26159,-50.119583,3,3,0,-37.76955,-50.119583,-60.26159
98,BRD-K98769987,flumazenil,-1.0570824,-56.787212,-50.033222,3,3,0,-35.95917,-50.033222,-56.787212
99,BRD-K64835161,ML-167,-54.915535,-49.800385,-30.28062,3,3,0,-44.99885,-49.800385,-54.915535
100,BRD-K44094599,tacrolimus,-29.489483,-56.31352,-49.776443,3,3,0,-45.19315,-49.776443,-56.31352
101,BRD-K84266862,BRL-50481,-4.5102186,-49.73297,-72.24362,3,3,0,-42.16227,-49.73297,-72.24362
102,BRD-K16621777,enobosarm,-30.569885,-64.93557,-48.973648,3,3,0,-48.1597,-48.973648,-64.93557
103,BRD-K95885906,quercetagetin,-17.259623,-51.11901,-48.827953,3,3,0,-39.06886,-48.827953,-51.11901
104,BRD-A30815329,felodipine,-8.23768,-76.98053,-48.651047,3,3,0,-44.62309,-48.651047,-76.98053
105,BRD-K45446451,JZL-184,-48.52777,-44.27649,-72.79177,3,3,0,-55.19868,-48.52777,-72.79177
106,BRD-K56596464,QX-314,-22.732267,-60.439064,-48.51338,3,3,0,-43.8949,-48.51338,-60.439064
107,BRD-K55034111,pefloxacin,-7.6584454,-48.287518,-68.91559,3,3,0,-41.620518,-48.287518,-68.91559
108,BRD-K08619838,tremorine,-0.7047216,-48.21443,-49.423393,3,3,0,-32.78085,-48.21443,-49.423393
109,BRD-K06902185,minoxidil,-13.948819,-55.676,-47.861732,3,3,0,-39.162186,-47.861732,-55.676
110,BRD-K83636919,entacapone,-13.299369,-53.776943,-47.76239,3,3,0,-38.279568,-47.76239,-53.776943
111,BRD-K48970916,danazol,-0.24665257,-50.152992,-47.451973,3,3,0,-32.617207,-47.451973,-50.152992
112,BRD-K84895041,BMY-45778,-27.080841,-47.96483,-47.346344,3,3,0,-40.797337,-47.346344,-47.96483
113,BRD-K84639753,safinamide,-29.83388,-67.80315,-47.3245,3,3,0,-48.32051,-47.3245,-67.80315
114,BRD-K06234293,LY-364947,-27.714294,-47.234467,-57.26573,3,3,0,-44.0715,-47.234467,-57.26573
115,BRD-K59184148,SB-216763,-46.452076,-44.115448,-82.6257,3,3,0,-57.731075,-46.452076,-82.6257
116,BRD-K84996949,sinensetin,-1.5856236,-46.41908,-54.82087,3,3,0,-34.27519,-46.41908,-54.82087
117,BRD-A38898897,GW-311616,-23.70439,-74.87172,-46.099236,3,3,0,-48.225113,-46.099236,-74.87172
118,BRD-A67438293,treprostinil,-2.8188865,-45.901474,-62.502026,3,3,0,-37.07413,-45.901474,-62.502026
119,BRD-A82096673,KU-C103428N,-36.451416,-48.50032,-45.783127,3,3,0,-43.57829,-45.783127,-48.50032
120,BRD-K76425766,BRD-K76425766,-52.625637,-36.89001,-45.3842,3,3,0,-44.966618,-45.3842,-52.625637
121,BRD-K74117820,nelfinavir,-1.7618041,-60.5012,-44.47025,3,3,0,-35.57775,-44.47025,-60.5012
122,BRD-A23637604,oxymetholone,-3.6340642,-44.341537,-64.54993,3,3,0,-37.50851,-44.341537,-64.54993
123,BRD-K99260425,etodolac,-5.0697346,-44.321022,-85.11563,3,3,0,-44.83546,-44.321022,-85.11563
124,BRD-K19525698,ozagrel,-5.250176,-57.99302,-43.884445,3,3,0,-35.709213,-43.884445,-57.99302
125,BRD-A10188456,dexamethasone,-18.115908,-43.598267,-87.66998,3,3,0,-49.79472,-43.598267,-87.66998
126,BRD-K54472332,elvitegravir,-19.859804,-70.96349,-43.57873,3,3,0,-44.800674,-43.57873,-70.96349
127,BRD-A09533288,verapamil,-1.4799154,-43.12323,-56.672924,3,3,0,-33.75869,-43.12323,-56.672924
128,BRD-K32584078,BML-257,-3.9464412,-43.09183,-43.41781,3,3,0,-30.152029,-43.09183,-43.41781
129,BRD-A61189834,BRD-A61189834,-53.654625,-42.7526,-10.2537,3,3,0,-35.553642,-42.7526,-53.654625
130,BRD-K61106942,BRD-K61106942,-42.60853,-71.33548,-33.97148,3,3,0,-49.305164,-42.60853,-71.33548
131,BRD-K50720187,flupirtine,-3.6645525,-64.430565,-42.167107,3,3,0,-36.754074,-42.167107,-64.430565
132,BRD-K28680267,BRD-K28680267,-1.3173995,-71.55618,-42.157875,3,3,0,-38.34382,-42.157875,-71.55618
133,BRD-K94841585,emodic-acid,-42.155396,-21.892303,-72.56107,3,3,0,-45.536255,-42.155396,-72.56107
134,BRD-K51575138,TPCA-1,-12.225554,-43.639847,-41.93349,3,3,0,-32.59963,-41.93349,-43.639847
135,BRD-A17411484,carprofen,-2.5192642,-41.67498,-42.43245,3,3,0,-28.875565,-41.67498,-42.43245
136,BRD-K53545112,CNQX,-3.2594924,-41.653446,-46.32024,3,3,0,-30.411058,-41.653446,-46.32024
137,BRD-K25650355,physostigmine,-1.5151515,-45.902008,-41.340645,3,3,0,-29.585936,-41.340645,-45.902008
138,BRD-K61269089,daphnetin,-12.690028,-43.49672,-40.86435,3,3,0,-32.350365,-40.86435,-43.49672
139,BRD-K56509348,BMS-182874,-4.455877,-45.299522,-40.85988,3,3,0,-30.205093,-40.85988,-45.299522
140,BRD-K95921201,reserpine,-1.2684989,-40.84658,-50.60897,3,3,0,-30.908018,-40.84658,-50.60897
141,BRD-K61496577,flumetasone,-0.5637773,-62.43299,-40.765182,3,3,0,-34.587315,-40.765182,-62.43299
142,BRD-U44700465,HG-5-88-01,-7.883725,-53.11589,-40.75677,3,3,0,-33.918797,-40.75677,-53.11589
143,BRD-K57033106,tripelennamine,-0.07080476,-68.27078,-40.512016,3,3,0,-36.284534,-40.512016,-68.27078
144,BRD-K01624546,docosatrienoic-acid,-1.3389711,-53.90575,-39.821594,3,3,0,-31.688772,-39.821594,-53.90575
145,BRD-A92826379,lupanine,-7.2639766,-39.71443,-55.89727,3,3,0,-34.291893,-39.71443,-55.89727
146,BRD-K49657628,tyrphostin-AG-18,-0.5637773,-55.3295,-39.462765,3,3,0,-31.785347,-39.462765,-55.3295
147,BRD-A42628519,iopanoic-acid,-11.715203,-39.3869,-39.32174,3,3,0,-30.141281,-39.32174,-39.3869
148,BRD-A74771556,nikkomycin,-38.985767,-38.02307,-39.525238,3,3,0,-38.844692,-38.985767,-39.525238
149,BRD-K46766488,S-14506,-26.859728,-40.85456,-38.57939,3,3,0,-35.431225,-38.57939,-40.85456
150,BRD-A82307304,atorvastatin,-6.1602507,-38.053806,-54.71139,3,3,0,-32.975147,-38.053806,-54.71139
151,BRD-K29530284,amlexanox,-1.0923185,-37.85388,-56.696934,3,3,0,-31.881042,-37.85388,-56.696934
152,BRD-K26160755,RS-45041-190,-1.1275547,-37.746723,-43.400898,3,3,0,-27.425058,-37.746723,-43.400898
153,BRD-K03406345,azacitidine,-10.888996,-37.281746,-66.73277,3,3,0,-38.301174,-37.281746,-66.73277
154,BRD-K60218670,BRD-K60218670,-4.369274,-36.972008,-56.505604,3,3,0,-32.61563,-36.972008,-56.505604
155,BRD-A04352665,maraviroc,-16.223822,-36.880947,-40.240036,3,3,0,-31.114937,-36.880947,-40.240036
156,BRD-K82109576,vincristine,-1.0570824,-46.40745,-36.34063,3,3,0,-27.935053,-36.34063,-46.40745
157,BRD-K88871508,lisuride,-26.793684,-45.959305,-36.301353,3,3,0,-36.351448,-36.301353,-45.959305
158,BRD-K96134740,kitasamycin,-13.241172,-64.56407,-36.09861,3,3,0,-37.967953,-36.09861,-64.56407
159,BRD-K85383046,IAA-94,-10.394644,-35.592094,-46.634995,3,3,0,-30.87391,-35.592094,-46.634995
160,BRD-K82865713,prostaglandin-b2,-7.2854033,-35.39823,-45.28096,3,3,0,-29.321531,-35.39823,-45.28096
161,BRD-A52282606,lacidipine,-0.6587423,-35.356766,-37.658325,3,3,0,-24.557945,-35.356766,-37.658325
162,BRD-K53570330,carbofuran,-1.691332,-40.464893,-35.344093,3,3,0,-25.83344,-35.344093,-40.464893
163,BRD-K85503079,perospirone,-16.530361,-35.25115,-52.13971,3,3,0,-34.640408,-35.25115,-52.13971
164,BRD-K96354014,nifedipine,-0.1761804,-35.130684,-75.309105,3,3,0,-36.87199,-35.130684,-75.309105
165,BRD-K07888196,tyrphostin-AG-538,-23.730103,-34.374477,-58.618176,3,3,0,-38.907585,-34.374477,-58.618176
166,BRD-A62890442,3-methyl-GABA,-7.9880934,-57.62864,-34.085876,3,3,0,-33.234203,-34.085876,-57.62864
167,BRD-K52640952,BRD-K52640952,-48.07389,-33.94535,-28.508207,3,3,0,-36.842484,-33.94535,-48.07389
168,BRD-K19295594,gossypol,-0.7751938,-33.31175,-36.674946,3,3,0,-23.587296,-33.31175,-36.674946
169,BRD-K50388907,fenofibrate,-73.48956,-32.965202,-26.33311,3,3,0,-44.262623,-32.965202,-73.48956
170,BRD-K56301217,ABT-737,-0.422833,-36.547043,-32.86671,3,3,0,-23.278864,-32.86671,-36.547043
171,BRD-K72093121,vidarabine,-53.22731,-21.591793,-32.55997,3,3,0,-35.793026,-32.55997,-53.22731
172,BRD-A07395371,esmolol,-1.6803665,-89.37271,-32.521656,3,3,0,-41.191578,-32.521656,-89.37271
173,BRD-K34441861,moexipril,-3.7350247,-46.457344,-32.428318,3,3,0,-27.54023,-32.428318,-46.457344
174,BRD-A35108200,dexamethasone,-5.0387597,-32.249184,-68.558846,3,3,0,-35.28226,-32.249184,-68.558846
175,BRD-A46186775,hydrocortisone-phosphate,-1.4094433,-32.219177,-42.112267,3,3,0,-25.246964,-32.219177,-42.112267
176,BRD-K54316499,tolterodine,-3.1007752,-32.154175,-63.32261,3,3,0,-32.859188,-32.154175,-63.32261
177,BRD-A19195498,trimipramine,-0.070472166,-31.97786,-50.759808,3,3,0,-27.602715,-31.97786,-50.759808
178,BRD-K03642198,AY-9944,-1.6101211,-31.60103,-34.168293,3,3,0,-22.459816,-31.60103,-34.168293
179,BRD-K95609758,BMS-191011,-1.1627907,-31.584824,-33.57843,3,3,0,-22.10868,-31.584824,-33.57843
180,BRD-K49685476,TTNPB,-9.250669,-31.450481,-63.046185,3,3,0,-34.582447,-31.450481,-63.046185
181,BRD-K59597909,phenothiazine,-2.501762,-59.962017,-31.325861,3,3,0,-31.263214,-31.325861,-59.962017
182,BRD-U33728988,QL-X-138,-20.95063,-31.034119,-47.547672,3,3,0,-33.17747,-31.034119,-47.547672
183,BRD-K14329163,BAY-K-8644-(S)-(-),-16.649986,-30.917566,-41.347267,3,3,0,-29.638273,-30.917566,-41.347267
184,BRD-K32330832,VER-155008,-30.576506,-13.693678,-59.729347,3,3,0,-34.66651,-30.576506,-59.729347
185,BRD-A55393291,testosterone,-11.373262,-73.701614,-30.35864,3,3,0,-38.47784,-30.35864,-73.701614
186,BRD-K63089472,farnesylthioacetic-acid,-5.0739956,-30.30285,-34.17785,3,3,0,-23.184898,-30.30285,-34.17785
187,BRD-A51393488,noscapine,-19.657667,-53.56192,-30.12564,3,3,0,-34.44841,-30.12564,-53.56192
188,BRD-K08547377,irinotecan,-24.767004,-29.981533,-58.411037,3,3,0,-37.71986,-29.981533,-58.411037
189,BRD-A78391468,prednisolone-hemisuccinate,-0.31712472,-29.831142,-46.899296,3,3,0,-25.68252,-29.831142,-46.899296
190,BRD-K74430258,"1,2-dichlorobenzene",-3.3201575,-38.90431,-29.80742,3,3,0,-24.01063,-29.80742,-38.90431
191,BRD-A70083328,secnidazole,-2.0436928,-36.271267,-29.795912,3,3,0,-22.703623,-29.795912,-36.271267
192,BRD-K22385716,LY-303511,-12.634334,-72.03151,-29.74118,3,3,0,-38.135674,-29.74118,-72.03151
193,BRD-A80775386,hyperforin,-2.2903454,-33.40447,-29.564384,3,3,0,-21.753067,-29.564384,-33.40447
194,BRD-K12244279,MEK1-2-inhibitor,-0.9161381,-29.543999,-61.76171,3,3,0,-30.740616,-29.543999,-61.76171
195,BRD-K14643723,4-(2-amino-ethyl)-benzenesulfonamide,-5.6730094,-35.12152,-29.435863,3,3,0,-23.410133,-29.435863,-35.12152
196,BRD-A83937277,mephenytoin,-42.435665,-24.26775,-29.380884,3,3,0,-32.028103,-29.380884,-42.435665
197,BRD-K64785675,TG-100115,-4.8193192,-48.762486,-29.358997,3,3,0,-27.646935,-29.358997,-48.762486
198,BRD-K51751936,alfadolone-acetate,-35.844765,-29.176336,-22.785673,3,3,0,-29.268927,-29.176336,-35.844765
199,BRD-K14791739,fluticasone,-5.817693,-29.090864,-43.501984,3,3,0,-26.136848,-29.090864,-43.501984
200,BRD-K88741031,"methyl-2,5-dihydroxycinnamate",-0.28188866,-53.60879,-28.986156,3,3,0,-27.625612,-28.986156,-53.60879
201,BRD-K19894101,MST-312,-25.640945,-43.040028,-28.781364,3,3,0,-32.487446,-28.781364,-43.040028
202,BRD-A48570745,ivermectin,-29.96163,-28.74226,-28.262648,3,3,0,-28.988846,-28.74226,-29.96163
203,BRD-A53952395,prilocaine,-28.468613,-28.609875,-51.230255,3,3,0,-36.102917,-28.609875,-51.230255
204,BRD-K37312348,kenpaullone,-2.3255813,-28.59041,-35.7255,3,3,0,-22.21383,-28.59041,-35.7255
205,BRD-K86301799,dipyridamole,-12.494594,-28.443674,-32.105556,3,3,0,-24.34794,-28.443674,-32.105556
206,BRD-K00206590,P-1075,-2.0789287,-28.362492,-34.816856,3,3,0,-21.75276,-28.362492,-34.816856
207,BRD-K18757346,U-46619,-1.303735,-28.23493,-33.373863,3,3,0,-20.970842,-28.23493,-33.373863
208,BRD-K18250272,propoxycaine,-10.503379,-38.969124,-27.952797,3,3,0,-25.808434,-27.952797,-38.969124
209,BRD-K70693222,BRD-K70693222,-1.1339885,-43.522636,-27.844193,3,3,0,-24.166939,-27.844193,-43.522636
210,BRD-A91699651,chloroquine,-1.1980268,-27.8126,-29.676746,3,3,0,-19.562458,-27.8126,-29.676746
211,BRD-A02710418,meptazinol,-10.324172,-27.789557,-38.478477,3,3,0,-25.530737,-27.789557,-38.478477
212,BRD-A31800922,procyclidine,-37.51771,-24.923943,-27.465975,3,3,0,-29.969208,-27.465975,-37.51771
213,BRD-K73589491,nizatidine,-0.28188866,-86.64081,-27.410349,3,3,0,-38.111015,-27.410349,-86.64081
214,BRD-K28183345,proguanil,-0.24665257,-32.122334,-27.257803,3,3,0,-19.875595,-27.257803,-32.122334
215,BRD-K65786282,CGP-7930,-2.3960536,-38.21315,-27.210901,3,3,0,-22.606703,-27.210901,-38.21315
216,BRD-A98702003,carbenoxolone,-2.0084567,-27.150024,-33.81108,3,3,0,-20.989855,-27.150024,-33.81108
217,BRD-A69951442,dexamethasone,-1.5187182,-26.880026,-63.26328,3,3,0,-30.554007,-26.880026,-63.26328
218,BRD-A48430263,pioglitazone,-0.01986131,-26.866491,-36.784634,3,3,0,-21.223661,-26.866491,-36.784634
219,BRD-K67261995,adipiodone,-0.24665257,-89.485275,-26.708424,3,3,0,-38.81345,-26.708424,-89.485275
220,BRD-K77171813,proxyfan,-0.7751938,-50.090206,-26.502,3,3,0,-25.789133,-26.502,-50.090206
221,BRD-K48168960,propylthiouracil,-3.1952057,-26.34571,-49.48116,3,3,0,-26.340693,-26.34571,-49.48116
222,BRD-K13872703,BRD-K13872703,-44.36382,-26.296307,-12.425304,3,3,0,-27.695145,-26.296307,-44.36382
223,BRD-A97454584,nadolol,-8.067474,-35.551544,-25.962315,3,3,0,-23.193777,-25.962315,-35.551544
224,BRD-A65739223,ramipril,-3.5236082,-25.663988,-50.957882,3,3,0,-26.715158,-25.663988,-50.957882
225,BRD-A29426959,carbinoxamine,-0.5637773,-25.495083,-51.29238,3,3,0,-25.783745,-25.495083,-51.29238
226,BRD-K02953697,naringin,-22.209127,-31.235346,-25.480282,3,3,0,-26.308252,-25.480282,-31.235346
227,BRD-K33396764,alpha-linolenic-acid,-1.8882304,-25.443546,-46.210857,3,3,0,-24.514212,-25.443546,-46.210857
228,BRD-K77690805,BRD-K77690805,-1.726568,-52.50276,-25.4292,3,3,0,-26.552843,-25.4292,-52.50276
229,BRD-A22256192,terazosin,-1.8322762,-32.48725,-25.293695,3,3,0,-19.871073,-25.293695,-32.48725
230,BRD-A20131130,"2',5'-dideoxyadenosine",-26.151047,-25.192337,-11.648531,3,3,0,-20.997305,-25.192337,-26.151047
231,BRD-K74913225,brinzolamide,-0.31712472,-25.046082,-27.541878,3,3,0,-17.635027,-25.046082,-27.541878
232,BRD-K83322645,L-693403,-20.509268,-43.357353,-24.734047,3,3,0,-29.533556,-24.734047,-43.357353
233,BRD-K88761633,BRD-K88761633,-16.914759,-70.86825,-24.5089,3,3,0,-37.430637,-24.5089,-70.86825
234,BRD-K73285375,BRD-K73285375,-2.60747,-56.528816,-24.497684,3,3,0,-27.87799,-24.497684,-56.528816
235,BRD-K00610438,altanserin,-1.2684989,-24.189026,-29.787619,3,3,0,-18.415049,-24.189026,-29.787619
236,BRD-K19360254,ergocornine,-2.8893588,-43.981503,-24.1478,3,3,0,-23.672888,-24.1478,-43.981503
237,BRD-K57304726,PRE-084,-32.05543,-24.12891,-19.416977,3,3,0,-25.20044,-24.12891,-32.05543
238,BRD-K11158509,tyrphostin-B44,-42.0651,-24.039783,-2.6427062,3,3,0,-22.915863,-24.039783,-42.0651
239,BRD-A15070535,bucladesine,-8.866414,-48.35386,-24.015038,3,3,0,-27.078438,-24.015038,-48.35386
240,BRD-K64052750,gefitinib,-0.24665257,-23.987715,-28.309679,3,3,0,-17.51468,-23.987715,-28.309679
241,BRD-K32412559,morphothebaine,-12.646565,-36.97666,-23.855549,3,3,0,-24.492926,-23.855549,-36.97666
242,BRD-K29905972,axitinib,-23.636223,-24.478056,-15.838995,3,3,0,-21.317759,-23.636223,-24.478056
243,BRD-K91900765,VX-745,-3.5061908,-50.10102,-23.50739,3,3,0,-25.704866,-23.50739,-50.10102
244,BRD-A93659613,GR-89696,-0.1761804,-28.49825,-23.491217,3,3,0,-17.388548,-23.491217,-28.49825
245,BRD-K76810206,nicergoline,-0.3523608,-23.31487,-34.18498,3,3,0,-19.28407,-23.31487,-34.18498
246,BRD-K34415467,trimethobenzamide,-0.7399577,-47.280365,-23.11701,3,3,0,-23.712446,-23.11701,-47.280365
247,BRD-K67017579,cilostazol,-0.2114165,-36.568356,-22.95176,3,3,0,-19.910511,-22.95176,-36.568356
248,BRD-K40758068,efavirenz,-0.10570825,-35.422207,-22.94809,3,3,0,-19.492002,-22.94809,-35.422207
249,BRD-K69032158,diprotin-a,-54.488186,-13.800956,-22.88823,3,3,0,-30.392456,-22.88823,-54.488186
250,BRD-A26845397,isamoltane,-22.871426,-23.398657,-14.201612,3,3,0,-20.157232,-22.871426,-23.398657
251,BRD-K88429204,pyrimethamine,-0.8104299,-40.721493,-22.6157,3,3,0,-21.38254,-22.6157,-40.721493
252,BRD-K73290745,ICI-199441,-29.123062,-22.577028,-2.2198732,3,3,0,-17.973322,-22.577028,-29.123062
253,BRD-K34995470,SU-1498,-13.426502,-22.293472,-42.485855,3,3,0,-26.06861,-22.293472,-42.485855
254,BRD-K69470111,montelukast,-57.38608,-18.616861,-22.124363,3,3,0,-32.709103,-22.124363,-57.38608
255,BRD-K66019333,oxantel,-0.63424945,-56.57779,-22.064173,3,3,0,-26.425402,-22.064173,-56.57779
256,BRD-K97181089,amiloride,-0.2114165,-21.814112,-25.152254,3,3,0,-15.725928,-21.814112,-25.152254
257,BRD-A64092382,mexiletine,-0.02661923,-21.536064,-26.785965,3,3,0,-16.116217,-21.536064,-26.785965
258,BRD-K91691979,BRD-K91691979,-23.076328,-21.41692,-3.0655391,3,3,0,-15.852928,-21.41692,-23.076328
259,BRD-A62434282,goserelin,-2.3960536,-21.244648,-38.874107,3,3,0,-20.83827,-21.244648,-38.874107
260,BRD-A00993607,alprenolol,-6.438649,-25.744873,-21.190912,3,3,0,-17.791477,-21.190912,-25.744873
261,BRD-K59650319,YM-298198,-2.6427062,-27.541283,-21.123638,3,3,0,-17.102543,-21.123638,-27.541283
262,BRD-A67862938,naftidrofuryl,-0.24665257,-21.86107,-20.998476,3,3,0,-14.368732,-20.998476,-21.86107
263,BRD-K66766661,17-beta-estradiol,-19.438934,-47.582447,-20.95212,3,3,0,-29.324501,-20.95212,-47.582447
264,BRD-K61192372,capecitabine,-20.72733,-18.568151,-25.382187,3,3,0,-21.559225,-20.72733,-25.382187
265,BRD-K35377380,I-OMe-AG-538,-20.67119,-3.2358718,-28.822933,3,3,0,-17.576666,-20.67119,-28.822933
266,BRD-K64402243,ivachtin,-12.131063,-20.589695,-37.96886,3,3,0,-23.563208,-20.589695,-37.96886
267,BRD-K09255212,clioquinol,-20.524092,-28.100351,-0.24665257,3,3,0,-16.290365,-20.524092,-28.100351
268,BRD-K55889443,rifapentine,-20.363806,-39.359016,-6.507782,3,3,0,-22.076868,-20.363806,-39.359016
269,BRD-K01493881,apigenin,-20.269176,-5.08757,-38.93454,3,3,0,-21.43043,-20.269176,-38.93454
270,BRD-K97440753,dihydroergocristine,-6.1310782,-43.774242,-20.19911,3,3,0,-23.368143,-20.19911,-43.774242
271,BRD-K98763141,niflumic-acid,-2.2551093,-31.42279,-20.082914,3,3,0,-17.92027,-20.082914,-31.42279
272,BRD-K89237706,noscapine,-11.301954,-29.520351,-19.943844,3,3,0,-20.255384,-19.943844,-29.520351
273,BRD-A13133631,fluorometholone,-3.382664,-19.840298,-86.329124,3,3,0,-36.51736,-19.840298,-86.329124
274,BRD-K32107296,temozolomide,-2.501762,-19.772045,-34.350536,3,3,0,-18.87478,-19.772045,-34.350536
275,BRD-K71289571,zafirlukast,-0.2114165,-19.616613,-32.971027,3,3,0,-17.599686,-19.616613,-32.971027
276,BRD-K37848908,ceforanide,-8.058926,-19.586256,-27.51432,3,3,0,-18.386501,-19.586256,-27.51432
277,BRD-K10098805,rhapontin,-9.2516985,-22.798767,-19.577702,3,3,0,-17.209389,-19.577702,-22.798767
278,BRD-K72024482,MRS-1754,-14.682419,-23.59489,-19.559725,3,3,0,-19.279013,-19.559725,-23.59489
279,BRD-A65440446,cimaterol,-9.597921,-19.553513,-45.703537,3,3,0,-24.951658,-19.553513,-45.703537
280,BRD-K46435977,valaciclovir,-0.032528594,-19.488544,-33.78816,3,3,0,-17.769743,-19.488544,-33.78816
281,BRD-K61737877,VEGF-receptor-2-kinase-inhibitor-IV,-41.095596,-19.329592,-15.621565,3,3,0,-25.348917,-19.329592,-41.095596
282,BRD-K68103045,CGS-20625,-1.4094433,-19.064957,-23.834904,3,3,0,-14.769768,-19.064957,-23.834904
283,BRD-A80151636,bromocriptine,-0.45806906,-25.077732,-18.926039,3,3,0,-14.820613,-18.926039,-25.077732
284,BRD-K66093087,FGIN-1-43,-6.880393,-29.967308,-18.738186,3,3,0,-18.52863,-18.738186,-29.967308
285,BRD-K07691486,roscovitine,-1.1980268,-18.553024,-21.83921,3,3,0,-13.863421,-18.553024,-21.83921
286,BRD-K02965346,SU-11274,-9.081675,-18.51052,-48.262688,3,3,0,-25.28496,-18.51052,-48.262688
287,BRD-A20239487,atenolol-(+/-),-18.498348,-9.315193,-19.777353,3,3,0,-15.863632,-18.498348,-19.777353
288,BRD-K16444452,ibudilast,-3.1007752,-18.393906,-48.76956,3,3,0,-23.421415,-18.393906,-48.76956
289,BRD-A11170096,pravastatin,-26.371996,-4.40451,-18.381556,3,3,0,-16.38602,-18.381556,-26.371996
290,BRD-K64514229,toltrazuril,-0.03565624,-18.241253,-23.031767,3,3,0,-13.769558,-18.241253,-23.031767
291,BRD-K24538644,KU-C104502N,-45.365192,-12.755462,-18.196653,3,3,0,-25.439102,-18.196653,-45.365192
292,BRD-K02265150,amoxapine,-0.070472166,-21.397915,-18.027267,3,3,0,-13.165218,-18.027267,-21.397915
293,BRD-K87991767,umbelliferone,-2.0436928,-17.899122,-35.4062,3,3,0,-18.44967,-17.899122,-35.4062
294,BRD-A35588707,teniposide,-0.1761804,-17.689169,-31.638176,3,3,0,-16.501177,-17.689169,-31.638176
295,BRD-K68144790,glycodeoxycholic-acid,-16.21664,-17.64504,-20.719955,3,3,0,-18.19388,-17.64504,-20.719955
296,BRD-A69815203,cyclosporin-a,-5.9640465,-60.42428,-17.577848,3,3,0,-27.988724,-17.577848,-60.42428
297,BRD-K97951054,BRD-K97951054,-3.9816773,-41.229424,-17.49596,3,3,0,-20.902353,-17.49596,-41.229424
298,BRD-K43796186,benzyl-quinazolin-4-yl-amine,-15.994439,-17.422342,-26.949821,3,3,0,-20.1222,-17.422342,-26.949821
299,BRD-K34157611,cimetidine,-17.354698,-12.151534,-27.200666,3,3,0,-18.9023,-17.354698,-27.200666
300,BRD-K07220430,cinnarizine,-37.458992,-10.8071575,-17.29418,3,3,0,-21.853445,-17.29418,-37.458992
301,BRD-K44876623,zolpidem,-3.5940804,-42.208298,-17.248924,3,3,0,-21.017101,-17.248924,-42.208298
302,BRD-K47717570,NBQX,-24.72257,-5.914675,-17.20404,3,3,0,-15.947095,-17.20404,-24.72257
303,BRD-A24429032,BE-2254,-1.2684989,-17.184492,-23.67169,3,3,0,-14.04156,-17.184492,-23.67169
304,BRD-K83010055,VU-0415374-1,-42.71572,-12.876731,-16.890469,3,3,0,-24.160975,-16.890469,-42.71572
305,BRD-A20968261,WAY-213613,-2.0436928,-31.797865,-16.754532,3,3,0,-16.865364,-16.754532,-31.797865
306,BRD-A97674275,ranolazine,-18.882723,-12.796988,-16.434448,3,3,0,-16.038054,-16.434448,-18.882723
307,BRD-K41445866,alfaxalone,-11.669247,-16.301176,-22.055264,3,3,0,-16.675228,-16.301176,-22.055264
308,BRD-K16977723,PP-3,-16.185818,-17.984653,-6.3447356,3,3,0,-13.505069,-16.185818,-17.984653
309,BRD-K87696786,LY-456236,-1.4446794,-16.076168,-32.94461,3,3,0,-16.82182,-16.076168,-32.94461
310,BRD-A03359064,ICI-89406,-24.370798,-15.774468,-14.047446,3,3,0,-18.064238,-15.774468,-24.370798
311,BRD-K63150726,JTE-907,-15.62177,-15.621337,-26.52841,3,3,0,-19.257172,-15.62177,-26.52841
312,BRD-K97810537,beclomethasone-dipropionate,-0.10570825,-15.490071,-48.801193,3,3,0,-21.465658,-15.490071,-48.801193
313,BRD-K88560311,rucaparib,-15.364149,-23.761574,-5.343648,3,3,0,-14.823123,-15.364149,-23.761574
314,BRD-K42260897,ezetimibe,-0.31712472,-15.270478,-16.500273,3,3,0,-10.695958,-15.270478,-16.500273
315,BRD-A69917777,aminopentamide,-13.492756,-17.044273,-15.264025,3,3,0,-15.267017,-15.264025,-17.044273
316,BRD-K31342827,bisindolylmaleimide,-15.214352,-3.6645525,-76.46043,3,3,0,-31.779776,-15.214352,-76.46043
317,BRD-K93034159,cladribine,-2.0436928,-21.410267,-15.133574,3,3,0,-12.862511,-15.133574,-21.410267
318,BRD-K93325701,damnacanthal,-2.9664047,-34.37255,-15.11413,3,3,0,-17.484362,-15.11413,-34.37255
319,BRD-A46179541,doxapram,-1.8322762,-61.557808,-15.051449,3,3,0,-26.147177,-15.051449,-61.557808
320,BRD-K72726508,arcyriaflavin-a,-7.379813,-14.720276,-18.317348,3,3,0,-13.47248,-14.720276,-18.317348
321,BRD-K70241288,L-692585,-1.284729,-14.556169,-15.408955,3,3,0,-10.416617,-14.556169,-15.408955
322,BRD-K61177364,NBI-27914,-17.473166,-2.3608174,-14.545511,3,3,0,-11.459831,-14.545511,-17.473166
323,BRD-K29582677,flunarizine,-2.6683009,-33.007893,-14.531105,3,3,0,-16.735765,-14.531105,-33.007893
324,BRD-A23290232,westcort,-14.501814,-46.316273,-6.6092205,3,3,0,-22.475769,-14.501814,-46.316273
325,BRD-K64236792,austricine,-8.745742,-24.391335,-14.414523,3,3,0,-15.8505335,-14.414523,-24.391335
326,BRD-A97479839,piperidolate,-14.39036,-55.930256,-12.989431,3,3,0,-27.770014,-14.39036,-55.930256
327,BRD-K91243525,SR-142948,-0.9866103,-14.385587,-42.23343,3,3,0,-19.201876,-14.385587,-42.23343
328,BRD-A10523515,GSK-429286A,-34.72551,-13.516853,-14.32178,3,3,0,-20.854715,-14.32178,-34.72551
329,BRD-K01507359,rifampicin,-5.8491898,-69.727005,-14.030865,3,3,0,-29.86902,-14.030865,-69.727005
330,BRD-A67373739,AICA-ribonucleotide,-0.9161381,-30.75285,-14.009844,3,3,0,-15.226277,-14.009844,-30.75285
331,BRD-A37704979,SB-203580,-0.5637773,-13.9990835,-34.745995,3,3,0,-16.436285,-13.9990835,-34.745995
332,BRD-K23922020,arecaidine-propargyl-ester,-2.60747,-13.829285,-48.35083,3,3,0,-21.595861,-13.829285,-48.35083
333,BRD-K92428153,mycophenolate-mofetil,-1.1666999,-13.803356,-34.606598,3,3,0,-16.52555,-13.803356,-34.606598
334,BRD-K68507560,dicycloverine,-8.949965,-13.759909,-34.653595,3,3,0,-19.121157,-13.759909,-34.653595
335,BRD-K18816859,L-694247,-0.10570825,-13.702893,-36.244717,3,3,0,-16.684439,-13.702893,-36.244717
336,BRD-K33193182,methylnorlichexanthone,-0.4641988,-14.184134,-13.678592,3,3,0,-9.442307,-13.678592,-14.184134
337,BRD-K48059230,YM-298198,-11.752985,-14.460903,-13.347243,3,3,0,-13.187045,-13.347243,-14.460903
338,BRD-K68341547,W-9,-0.9866103,-13.177183,-48.258358,3,3,0,-20.807383,-13.177183,-48.258358
339,BRD-K71731651,PNU-120596,-3.875969,-13.077063,-23.132885,3,3,0,-13.361972,-13.077063,-23.132885
340,BRD-K00313977,BRD-K00313977,-3.2203789,-13.046007,-15.8487425,3,3,0,-10.705043,-13.046007,-15.8487425
341,BRD-K57080016,selumetinib,-0.9866103,-13.033357,-26.820774,3,3,0,-13.61358,-13.033357,-26.820774
342,BRD-A37837077,cyclazosin,-13.009496,-1.0218464,-14.538468,3,3,0,-9.523271,-13.009496,-14.538468
343,BRD-K35430135,SR-59230A,-12.853776,-25.26017,-1.3389711,3,3,0,-13.150971,-12.853776,-25.26017
344,BRD-A87606379,nadolol,-2.5369978,-13.381566,-12.836651,3,3,0,-9.585072,-12.836651,-13.381566
345,BRD-A80641450,FR-139317,-0.845666,-12.818225,-21.881973,3,3,0,-11.848621,-12.818225,-21.881973
346,BRD-K18135438,chenodeoxycholic-acid,-12.403101,-18.583965,-2.9598308,3,3,0,-11.315633,-12.403101,-18.583965
347,BRD-A18620900,estriol,-3.95382,-12.397411,-22.592964,3,3,0,-12.981399,-12.397411,-22.592964
348,BRD-K04010869,prostaglandin-a1,-1.1275547,-12.389999,-28.559423,3,3,0,-14.0256605,-12.389999,-28.559423
349,BRD-K63954456,BRD-K63954456,-14.61913,-6.0966434,-12.342458,3,3,0,-11.01941,-12.342458,-14.61913
350,BRD-K99818283,PIK-90,-1.2684989,-12.302413,-15.883277,3,3,0,-9.818063,-12.302413,-15.883277
351,BRD-K87048468,RS-102221,-25.745722,-12.222409,-1.2332629,3,3,0,-13.067131,-12.222409,-25.745722
352,BRD-K22828899,TUL-XXI039,-9.114861,-23.666769,-11.90316,3,3,0,-14.894931,-11.90316,-23.666769
353,BRD-A78303415,hyoscyamine,-11.666001,-5.4615927,-14.947844,3,3,0,-10.691812,-11.666001,-14.947844
354,BRD-A56892734,esomeprazole,-54.60684,-11.556303,-2.0436928,3,3,0,-22.735611,-11.556303,-54.60684
355,BRD-K63945320,dihydrosamidin,-61.922634,-11.45994,-6.2975035,3,3,0,-26.560026,-11.45994,-61.922634
356,BRD-A12016240,LY-278584,-1.1627907,-23.849854,-11.232839,3,3,0,-12.081828,-11.232839,-23.849854
357,BRD-K04853698,LDN-193189,-0.07746257,-15.436676,-11.193589,3,3,0,-8.9025755,-11.193589,-15.436676
358,BRD-K20287671,SU-4312,-14.358621,-11.037466,-9.921326,3,3,0,-11.772471,-11.037466,-14.358621
359,BRD-A42571354,cetirizine,-0.070472166,-22.151243,-11.020118,3,3,0,-11.080611,-11.020118,-22.151243
360,BRD-K20285085,fostamatinib,-0.7751938,-11.014312,-21.788822,3,3,0,-11.192776,-11.014312,-21.788822
361,BRD-A73368467,fexofenadine,-0.28188866,-10.973228,-11.514895,3,3,0,-7.5900044,-10.973228,-11.514895
362,BRD-K16195444,oxymetazoline,-1.9379845,-10.878237,-10.941659,3,3,0,-7.919294,-10.878237,-10.941659
363,BRD-A33084410,5'-guanidinonaltrindole,-26.713211,-0.45806906,-10.804523,3,3,0,-12.658601,-10.804523,-26.713211
364,BRD-K19136521,indirubin-3-monoxime,-0.49851298,-19.154495,-10.780946,3,3,0,-10.14465,-10.780946,-19.154495
365,BRD-A42759514,ornidazole,-0.070472166,-10.729706,-17.330334,3,3,0,-9.376838,-10.729706,-17.330334
366,BRD-K48692744,NU-1025,-9.885911,-29.447258,-10.676533,3,3,0,-16.6699,-10.676533,-29.447258
367,BRD-A36318220,necrostatin-1,-10.57648,-3.4035156,-13.795343,3,3,0,-9.258446,-10.57648,-13.795343
368,BRD-K35723520,darinaparsin,-0.1901769,-13.327713,-10.510445,3,3,0,-8.009444,-10.510445,-13.327713
369,BRD-K14204120,ranitidine,-1.5503876,-10.462521,-11.990046,3,3,0,-8.000985,-10.462521,-11.990046
370,BRD-K81916719,triclabendazole,-2.5369978,-34.245327,-10.443499,3,3,0,-15.741942,-10.443499,-34.245327
371,BRD-K32696739,noreleagnine,-0.63424945,-19.274137,-10.416553,3,3,0,-10.108313,-10.416553,-19.274137
372,BRD-K80451230,zamifenacin,-3.3368616,-10.398222,-33.45562,3,3,0,-15.730235,-10.398222,-33.45562
373,BRD-K31920458,mestranol,-0.19920047,-15.287923,-10.28235,3,3,0,-8.589824,-10.28235,-15.287923
374,BRD-A27887842,prednisolone,-0.3523608,-11.571449,-10.235664,3,3,0,-7.386492,-10.235664,-11.571449
375,BRD-K49456190,prima-1-met,-1.9027485,-10.859811,-10.217801,3,3,0,-7.66012,-10.217801,-10.859811
376,BRD-K04218075,clomifene,-0.070472166,-10.192813,-18.766533,3,3,0,-9.676606,-10.192813,-18.766533
377,BRD-K77695569,tiabendazole,-0.28188866,-26.844849,-10.157458,3,3,0,-12.428065,-10.157458,-26.844849
378,BRD-A71157293,fursultiamine,-9.957019,-5.2543793,-13.954142,3,3,0,-9.721847,-9.957019,-13.954142
379,BRD-A65449987,flunisolide,-1.8322762,-9.925619,-39.384895,3,3,0,-17.047598,-9.925619,-39.384895
380,BRD-K54462405,doxepin,-0.24665257,-19.363598,-9.923738,3,3,0,-9.844663,-9.923738,-19.363598
381,BRD-K04710043,hexamethylenebisacetamide,-0.86324817,-9.75268,-23.044321,3,3,0,-11.220082,-9.75268,-23.044321
382,BRD-A30590053,MR-16728,-0.7050806,-34.16811,-9.710159,3,3,0,-14.861117,-9.710159,-34.16811
383,BRD-K32247306,primidone,-1.4845446,-9.584214,-13.406431,3,3,0,-8.158397,-9.584214,-13.406431
384,BRD-A41995253,brucine,-0.3523608,-20.868662,-9.475518,3,3,0,-10.232181,-9.475518,-20.868662
385,BRD-A50684349,fenoldopam,-0.45806906,-9.446781,-18.401314,3,3,0,-9.435388,-9.446781,-18.401314
386,BRD-K89923877,scopolamine,-0.10570825,-30.219748,-9.397966,3,3,0,-13.241141,-9.397966,-30.219748
387,BRD-K68332390,ponalrestat,-33.503174,-9.385057,-1.4094433,3,3,0,-14.765892,-9.385057,-33.503174
388,BRD-K99174507,cardiogenol-c,-1.691332,-56.559334,-9.33963,3,3,0,-22.530098,-9.33963,-56.559334
389,BRD-K55468218,spiperone,-0.28188866,-29.85449,-9.332719,3,3,0,-13.156365,-9.332719,-29.85449
390,BRD-K50214219,CS-1657,-18.957315,-5.8423367,-9.308505,3,3,0,-11.369386,-9.308505,-18.957315
391,BRD-K93658967,aloisine,-9.308266,-11.564771,-5.320648,3,3,0,-8.731228,-9.308266,-11.564771
392,BRD-K38323065,phenacetin,-31.631142,-9.10265,-9.307935,3,3,0,-16.680574,-9.307935,-31.631142
393,BRD-K18678457,ZD-7288,-9.230704,-21.758482,-2.1141648,3,3,0,-11.034451,-9.230704,-21.758482
394,BRD-K09635134,L-erythro-MAPP,-1.6247948,-18.328423,-9.127342,3,3,0,-9.69352,-9.127342,-18.328423
395,BRD-A60197193,amisulpride,-7.1529245,-9.104758,-9.054271,3,3,0,-8.437318,-9.054271,-9.104758
396,BRD-K21450440,benzthiazide,-0.14016254,-27.125336,-8.960535,3,3,0,-12.075344,-8.960535,-27.125336
397,BRD-K39915878,loxapine,-0.31712472,-8.951166,-34.779903,3,3,0,-14.682732,-8.951166,-34.779903
398,BRD-A87387433,cefpodoxime,-0.7399577,-16.166328,-8.87668,3,3,0,-8.594322,-8.87668,-16.166328
399,BRD-K27351809,nomegestrol-acetate,-1.7405757,-8.865608,-14.262863,3,3,0,-8.289682,-8.865608,-14.262863
400,BRD-K17823458,danoprevir,-8.511022,-10.097717,-4.0932655,3,3,0,-7.5673347,-8.511022,-10.097717
401,BRD-A85025557,NCS-382,-2.3960536,-9.261505,-8.409338,3,3,0,-6.6889653,-8.409338,-9.261505
402,BRD-A80793822,pemoline,-1.7618041,-23.855093,-8.332139,3,3,0,-11.316345,-8.332139,-23.855093
403,BRD-A07440155,labetalol,-0.028737428,-10.806827,-8.260821,3,3,0,-6.365462,-8.260821,-10.806827
404,BRD-K91733562,secoisolariciresinol,-2.184637,-8.029334,-19.182842,3,3,0,-9.798938,-8.029334,-19.182842
405,BRD-K78959463,FPL-64176,-1.3694363,-18.324192,-7.9657497,3,3,0,-9.219792,-7.9657497,-18.324192
406,BRD-K19277754,paroxetine,-0.2114165,-11.568109,-7.912635,3,3,0,-6.564053,-7.912635,-11.568109
407,BRD-K29582115,ziprasidone,-6.677304,-28.143295,-7.836301,3,3,0,-14.2189665,-7.836301,-28.143295
408,BRD-A16444946,acarbose,-0.7047216,-28.852951,-7.731301,3,3,0,-12.429658,-7.731301,-28.852951
409,BRD-K63923597,barasertib-HQPA,-0.042677406,-13.783743,-7.72109,3,3,0,-7.182503,-7.72109,-13.783743
410,BRD-A79981887,midodrine,-0.10570825,-18.945356,-7.577555,3,3,0,-8.876206,-7.577555,-18.945356
411,BRD-K67511046,naloxone,-0.14094433,-25.201134,-7.4802704,3,3,0,-10.9407835,-7.4802704,-25.201134
412,BRD-K75089421,procainamide,-0.035236083,-21.946564,-7.133111,3,3,0,-9.70497,-7.133111,-21.946564
413,BRD-K43887077,dopamine,-2.7836504,-7.117415,-24.478298,3,3,0,-11.459788,-7.117415,-24.478298
414,BRD-K70557564,zosuquidar,-2.1153193,-11.002165,-6.94589,3,3,0,-6.6877913,-6.94589,-11.002165
415,BRD-K39983086,loteprednol,-0.63424945,-6.8856583,-29.205853,3,3,0,-12.24192,-6.8856583,-29.205853
416,BRD-K82746043,navitoclax,-0.5637773,-26.469765,-6.8734674,3,3,0,-11.302337,-6.8734674,-26.469765
417,BRD-K76205745,losartan,-0.14094433,-6.800564,-18.4168,3,3,0,-8.452769,-6.800564,-18.4168
418,BRD-K15502390,nevirapine,-6.714054,-42.020172,-4.8405886,3,3,0,-17.85827,-6.714054,-42.020172
419,BRD-A34751532,homosalate,-6.6948557,-63.235043,-5.877579,3,3,0,-25.26916,-6.6948557,-63.235043
420,BRD-K76908866,CP-724714,-0.028026469,-20.32433,-6.6948557,3,3,0,-9.015737,-6.6948557,-20.32433
421,BRD-K92138166,mammea-a,-6.6945834,-0.7751938,-18.354614,3,3,0,-8.60813,-6.6945834,-18.354614
422,BRD-K49577446,flunisolide,-0.30507714,-6.57012,-8.007929,3,3,0,-4.961042,-6.57012,-8.007929
423,BRD-A75478957,PD-166793,-6.3497577,-4.580691,-14.769991,3,3,0,-8.566813,-6.3497577,-14.769991
424,BRD-M41783010,acamprosate,-1.1013818,-6.3008585,-59.03692,3,3,0,-22.146385,-6.3008585,-59.03692
425,BRD-K71430621,clobenpropit,-0.033664297,-40.338066,-6.109602,3,3,0,-15.493778,-6.109602,-40.338066
426,BRD-K07117950,imperatorin,-4.5454545,-13.379837,-6.0958424,3,3,0,-8.007045,-6.0958424,-13.379837
427,BRD-A60571864,budesonide,-0.10570825,-20.022762,-6.076979,3,3,0,-8.73515,-6.076979,-20.022762
428,BRD-K17110974,aristolochic-acid,-0.5285412,-5.9569426,-7.371377,3,3,0,-4.6189537,-5.9569426,-7.371377
429,BRD-K63151507,MNITMT,-0.95137423,-6.5077696,-5.9464455,3,3,0,-4.4685297,-5.9464455,-6.5077696
430,BRD-K99451608,lopinavir,-4.5191827,-64.13694,-5.8844256,3,3,0,-24.846848,-5.8844256,-64.13694
431,BRD-K23369905,oxiconazole,-1.5819561,-5.826497,-18.39021,3,3,0,-8.599554,-5.826497,-18.39021
432,BRD-K97061094,azacyclonol,-0.95137423,-18.948906,-5.6947384,3,3,0,-8.5316725,-5.6947384,-18.948906
433,BRD-K81169441,cerivastatin,-7.339175,-4.2490215,-5.6730094,3,3,0,-5.753736,-5.6730094,-7.339175
434,BRD-K33572481,taurodeoxycholic-acid,-5.5729113,-32.67296,-3.3474278,3,3,0,-13.864432,-5.5729113,-32.67296
435,BRD-A51714012,venlafaxine,-9.251589,-5.4251604,-2.4852953,3,3,0,-5.7206817,-5.4251604,-9.251589
436,BRD-K69763916,LY-341495,-0.45806906,-5.8839583,-5.240237,3,3,0,-3.8607547,-5.240237,-5.8839583
437,BRD-A80017228,bendroflumethiazide,-0.02847998,-9.727403,-4.8625793,3,3,0,-4.8728204,-4.8625793,-9.727403
438,BRD-A54236247,ephedrine-(racemic),-4.729257,-2.9976053,-6.3181486,3,3,0,-4.6816707,-4.729257,-6.3181486
439,BRD-A77299732,salubrinal,-2.149401,-4.7219114,-13.145877,3,3,0,-6.672396,-4.7219114,-13.145877
440,BRD-K32795028,1-benzylimidazole,-0.88090205,-80.62637,-4.712332,3,3,0,-28.73987,-4.712332,-80.62637
441,BRD-K32398298,alprazolam,-4.0305347,-23.497576,-4.5749693,3,3,0,-10.701027,-4.5749693,-23.497576
442,BRD-K30240666,clemastine,-0.1761804,-4.4968233,-5.17559,3,3,0,-3.2828646,-4.4968233,-5.17559
443,BRD-K60511616,pravastatin,-0.31712472,-26.212505,-4.4749823,3,3,0,-10.334871,-4.4749823,-26.212505
444,BRD-K81209512,AG-494,-4.4343553,-10.79269,-3.4178998,3,3,0,-6.2149816,-4.4343553,-10.79269
445,BRD-K88568253,iproniazid,-2.3525982,-22.940119,-4.298802,3,3,0,-9.863839,-4.298802,-22.940119
446,BRD-A03216249,mepivacaine,-4.2283297,-8.787447,-1.130045,3,3,0,-4.715274,-4.2283297,-8.787447
447,BRD-K14965640,ibuprofen-(S),-0.90526456,-44.16568,-4.0345683,3,3,0,-16.368505,-4.0345683,-44.16568
448,BRD-K30197592,5-methoxytryptamine,-4.0169134,-2.3608174,-19.323694,3,3,0,-8.567142,-4.0169134,-19.323694
449,BRD-U82589721,HG-5-113-01,-3.0231955,-6.871036,-3.9507098,3,3,0,-4.61498,-3.9507098,-6.871036
450,BRD-K83597974,pargyline,-1.8292297,-3.864361,-18.930563,3,3,0,-8.208051,-3.864361,-18.930563
451,BRD-K16554956,PTB1,-0.95137423,-3.8553214,-17.302746,3,3,0,-7.369814,-3.8553214,-17.302746
452,BRD-A02759312,betaxolol,-1.9027485,-7.713075,-3.6997886,3,3,0,-4.438537,-3.6997886,-7.713075
453,BRD-K53061490,ozagrel,-0.028286561,-3.5922055,-26.293758,3,3,0,-9.971416,-3.5922055,-26.293758
454,BRD-K11540476,EMF-BCA1-64,-0.7751938,-15.317196,-3.5588443,3,3,0,-6.550411,-3.5588443,-15.317196
455,BRD-A41304429,practolol,-0.5285412,-28.03668,-3.5244172,3,3,0,-10.696546,-3.5244172,-28.03668
456,BRD-K62810658,PD-98059,-0.422833,-3.488372,-25.21904,3,3,0,-9.710082,-3.488372,-25.21904
457,BRD-K59197931,naproxen,-15.772676,-2.6496599,-3.453136,3,3,0,-7.2918243,-3.453136,-15.772676
458,BRD-K06221026,DUP-697,-1.9379845,-5.1787686,-3.4037938,3,3,0,-3.506849,-3.4037938,-5.1787686
459,BRD-K78278890,NM-PP1,-2.3412263,-3.370225,-3.911205,3,3,0,-3.2075522,-3.370225,-3.911205
460,BRD-A49172652,lansoprazole,-0.06524698,-27.459686,-3.3474278,3,3,0,-10.290787,-3.3474278,-27.459686
461,BRD-K21565985,xylazine,-1.691332,-3.2430558,-41.327095,3,3,0,-15.420495,-3.2430558,-41.327095
462,BRD-K43764301,dexketoprofen,-2.8188865,-3.1268454,-15.281195,3,3,0,-7.0756416,-3.1268454,-15.281195
463,BRD-A26384407,chlorthalidone,-0.10570825,-3.1072183,-3.5422423,3,3,0,-2.251723,-3.1072183,-3.5422423
464,BRD-K12932420,YM-976,-1.5464957,-3.7612574,-3.030303,3,3,0,-2.779352,-3.030303,-3.7612574
465,BRD-K46937689,phenazone,-0.28188866,-13.856799,-3.0291233,3,3,0,-5.7226033,-3.0291233,-13.856799
466,BRD-K01253243,SB-590885,-42.173264,-1.6208597,-2.6811109,3,3,0,-15.491745,-2.6811109,-42.173264
467,BRD-K17894950,indirubin,-0.5990134,-5.8648887,-2.6750872,3,3,0,-3.0463297,-2.6750872,-5.8648887
468,BRD-K90333595,phentolamine,-0.24665257,-12.187764,-2.501762,3,3,0,-4.978726,-2.501762,-12.187764
469,BRD-K03557653,sappanone-a,-0.7751938,-5.954838,-2.501762,3,3,0,-3.0772648,-2.501762,-5.954838
470,BRD-A94756469,digoxin,-2.4916177,-8.538326,-0.9161381,3,3,0,-3.982027,-2.4916177,-8.538326
471,BRD-A29644307,nomifensine,-2.4325125,-15.169184,-1.9209359,3,3,0,-6.507544,-2.4325125,-15.169184
472,BRD-A33168282,sotalol,-0.422833,-2.4312897,-3.2841856,3,3,0,-2.0461028,-2.4312897,-3.2841856
473,BRD-K04111260,raclopride,-0.1761804,-2.386272,-5.810175,3,3,0,-2.7908762,-2.386272,-5.810175
474,BRD-K53123955,niridazole,-0.3875969,-13.515702,-2.3608174,3,3,0,-5.421372,-2.3608174,-13.515702
475,BRD-K10042277,desmethylclozapine,-0.7047216,-2.3255813,-3.9452667,3,3,0,-2.3251898,-2.3255813,-3.9452667
476,BRD-K13032584,procarbazine,-0.009606802,-8.236534,-2.2198732,3,3,0,-3.4886713,-2.2198732,-8.236534
477,BRD-A31227688,kynuramine,-1.726568,-71.30246,-2.184637,3,3,0,-25.071222,-2.184637,-71.30246
478,BRD-K40901640,cinanserin,-0.24665257,-2.149401,-12.168979,3,3,0,-4.8550105,-2.149401,-12.168979
479,BRD-K36638830,anabasine,-1.6560959,-28.719646,-2.0789287,3,3,0,-10.818223,-2.0789287,-28.719646
480,BRD-K53972329,ruxolitinib,-0.422833,-2.0182998,-2.4568594,3,3,0,-1.6326641,-2.0182998,-2.4568594
481,BRD-A28856712,tetrahydrozoline,-0.88090205,-2.0084567,-24.070486,3,3,0,-8.986615,-2.0084567,-24.070486
482,BRD-A22707317,SB-205384,-1.9432124,-1.7618041,-2.2551093,3,3,0,-1.9867086,-1.9432124,-2.2551093
483,BRD-K87049188,fusaric-acid,-19.109642,-1.9334626,-1.3389711,3,3,0,-7.460692,-1.9334626,-19.109642
484,BRD-K67043667,altretamine,-0.3523608,-2.0084567,-1.9027485,3,3,0,-1.4211887,-1.9027485,-2.0084567
485,BRD-K56614220,clofazimine,-0.070472166,-2.1066644,-1.9027485,3,3,0,-1.3599616,-1.9027485,-2.1066644
486,BRD-K74133369,oligomycin-a,-7.4572997,-1.7970402,-1.2684989,3,3,0,-3.507613,-1.7970402,-7.4572997
487,BRD-K92049597,triamterene,-0.3875969,-1.691332,-38.992195,3,3,0,-13.690375,-1.691332,-38.992195
488,BRD-K03319035,maprotiline,-0.845666,-16.991045,-1.6208597,3,3,0,-6.485857,-1.6208597,-16.991045
489,BRD-A17655518,ibuprofen,-0.5285412,-1.4446794,-3.4611382,3,3,0,-1.8114529,-1.4446794,-3.4611382
490,BRD-K63913457,eicosatrienoic-acid,-12.478835,-0.845666,-1.3742071,3,3,0,-4.8995695,-1.3742071,-12.478835
491,BRD-K40624912,ZM-39923,-1.3389711,-24.799952,-1.1980268,3,3,0,-9.112316,-1.3389711,-24.799952
492,BRD-K31792052,pifithrin,-1.303735,-39.911304,-0.845666,3,3,0,-14.020234,-1.303735,-39.911304
493,BRD-K60274257,dephostatin,-0.14094433,-1.303735,-1.303735,3,3,0,-0.9161381,-1.303735,-1.303735
494,BRD-K98490050,amsacrine,-19.3234,-1.2684989,-1.0570824,3,3,0,-7.216327,-1.2684989,-19.3234
495,BRD-K23583188,lavendustin-a,-1.4799154,-0.5990134,-1.2332629,3,3,0,-1.1040639,-1.2332629,-1.4799154
496,BRD-K69690935,curcumin,-1.1980268,-3.4722035,-0.3875969,3,3,0,-1.6859423,-1.1980268,-3.4722035
497,BRD-A70268693,PG-9,-1.1627907,-11.596447,-1.0923185,3,3,0,-4.617185,-1.1627907,-11.596447
498,BRD-A84045418,calpeptin,-3.1800141,-0.8104299,-1.0919881,3,3,0,-1.6941439,-1.0919881,-3.1800141
499,BRD-K89210380,biotin,-0.845666,-1.2332629,-1.0218464,3,3,0,-1.0335917,-1.0218464,-1.2332629
500,BRD-K79116891,proxymetacaine,-0.88090205,-6.8885207,-0.9976287,3,3,0,-2.9223506,-0.9976287,-6.8885207
501,BRD-K01192156,tyrphostin-AG-112,-72.90695,-0.9866103,-0.97095114,3,3,0,-24.95484,-0.9866103,-72.90695
502,BRD-A13084692,troglitazone,-0.9866103,-0.5637773,-3.6043563,3,3,0,-1.718248,-0.9866103,-3.6043563
503,BRD-K44442813,pidotimod,-0.8165735,-15.7680855,-0.95137423,3,3,0,-5.8453445,-0.95137423,-15.7680855
504,BRD-A15131297,benazepril,-0.422833,-0.88090205,-12.41252,3,3,0,-4.5720854,-0.88090205,-12.41252
505,BRD-K65285700,GP-1a,-0.7395559,-0.85304826,-27.417057,3,3,0,-9.669887,-0.85304826,-27.417057
506,BRD-A20527803,IB-MECA,-9.279743,-0.66948557,-0.845666,3,3,0,-3.5982983,-0.845666,-9.279743
507,BRD-A02006392,nitrendipine,-0.1761804,-0.845666,-1.726568,3,3,0,-0.9161381,-0.845666,-1.726568
508,BRD-K71726959,BRD-K71726959,-0.10570825,-3.488372,-0.66948557,3,3,0,-1.4211887,-0.66948557,-3.488372
509,BRD-K21733600,rofecoxib,-0.3667346,-1.5151515,-0.66948557,3,3,0,-0.8504572,-0.66948557,-1.5151515
510,BRD-K52219182,ICI-63197,-0.49330515,-0.63424945,-1.0218464,3,3,0,-0.71646696,-0.63424945,-1.0218464
511,BRD-K31542390,mycophenolic-acid,-0.31712472,-6.129409,-0.3875969,3,3,0,-2.2780435,-0.3875969,-6.129409
512,BRD-K50311478,tosyl-phenylalanyl-chloromethyl-ketone,-0.2114165,-0.31712472,-45.972115,3,3,0,-15.500218,-0.31712472,-45.972115
513,BRD-A41451487,PK-11195,-0.070472166,-0.31712472,-0.422833,3,3,0,-0.2701433,-0.31712472,-0.422833
514,BRD-K30867024,SB-216641,-0.24704206,-0.14094433,-0.95137423,3,3,0,-0.44645354,-0.24704206,-0.95137423
515,BRD-K18895904,olanzapine,0.74206495,-84.90932,-89.40762,3,2,0,-57.85829,-84.90932,-89.40762
516,BRD-K98521173,desoxycortone,0.0,-89.82852,-82.72086,3,2,0,-57.51646,-82.72086,-89.82852
517,BRD-K50938287,sumatriptan,0.25645813,-84.55716,-82.21489,3,2,0,-55.5052,-82.21489,-84.55716
518,BRD-K66876909,linezolid,0.0,-80.61222,-86.923904,3,2,0,-55.84538,-80.61222,-86.923904
519,BRD-K80527266,triacsin-c,0.0,-86.06775,-80.58071,3,2,0,-55.549488,-80.58071,-86.06775
520,BRD-A99177642,deltaline,2.0436928,-80.44774,-88.888916,3,2,0,-55.764324,-80.44774,-88.888916
521,BRD-K47328134,lysylphenylalanyl-tyrosine,0.0,-88.27896,-79.22655,3,2,0,-55.83517,-79.22655,-88.27896
522,BRD-K53959060,indirubin,0.0,-80.276474,-78.74434,3,2,0,-53.00694,-78.74434,-80.276474
523,BRD-A14985772,L-ascorbyl-6-palmitate,0.0,-77.96875,-83.93753,3,2,0,-53.96876,-77.96875,-83.93753
524,BRD-K05673000,dicloxacillin,0.0,-77.3276,-80.40938,3,2,0,-52.57899,-77.3276,-80.40938
525,BRD-A91555231,norepinephrine,0.0,-77.281006,-86.315674,3,2,0,-54.532227,-77.281006,-86.315674
526,BRD-K47635719,dexamethasone,0.0,-80.42497,-76.488884,3,2,0,-52.304615,-76.488884,-80.42497
527,BRD-K55991774,BAS-09104376,0.0,-75.29918,-76.458496,3,2,0,-50.58589,-75.29918,-76.458496
528,BRD-K94070024,depomedrol,0.0,-74.27258,-88.007034,3,2,0,-54.093204,-74.27258,-88.007034
529,BRD-K22429181,retinol,0.0,-76.66814,-74.16357,3,2,0,-50.277233,-74.16357,-76.66814
530,BRD-K15262564,mupirocin,0.0,-73.87024,-75.70762,3,2,0,-49.859283,-73.87024,-75.70762
531,BRD-A69636825,diltiazem,0.3875969,-85.20731,-71.527115,3,2,0,-52.115612,-71.527115,-85.20731
532,BRD-K07996107,harpagoside,0.0,-73.27785,-69.95901,3,2,0,-47.745617,-69.95901,-73.27785
533,BRD-K41160163,fenobam,0.0,-69.89353,-72.971214,3,2,0,-47.621582,-69.89353,-72.971214
534,BRD-K49519092,immethridine,0.422833,-81.91991,-69.51242,3,2,0,-50.3365,-69.51242,-81.91991
535,BRD-A17065207,brefeldin-a,1.726568,-69.44102,-74.413345,3,2,0,-47.375935,-69.44102,-74.413345
536,BRD-K46862739,metyrapone,0.0,-68.876465,-77.82456,3,2,0,-48.90034,-68.876465,-77.82456
537,BRD-K44779798,miglitol,0.0,-68.49797,-83.87938,3,2,0,-50.79245,-68.49797,-83.87938
538,BRD-K05926469,lenalidomide,0.0,-78.98073,-68.32484,3,2,0,-49.101856,-68.32484,-78.98073
539,BRD-K01779529,fluoropyruvate,0.0,-82.97991,-67.92009,3,2,0,-50.3,-67.92009,-82.97991
540,BRD-K11905747,spectinomycin,0.0,-67.43215,-82.52674,3,2,0,-49.986298,-67.43215,-82.52674
541,BRD-K74765201,tomelukast,2.7131784,-68.07604,-67.01769,3,2,0,-44.12685,-67.01769,-68.07604
542,BRD-M64432851,sunitinib,0.0,-70.36962,-66.35164,3,2,0,-45.57375,-66.35164,-70.36962
543,BRD-K51485625,ritonavir,0.0,-65.31005,-72.67488,3,2,0,-45.994976,-65.31005,-72.67488
544,BRD-K82846253,repaglinide,0.0,-71.47201,-64.0328,3,2,0,-45.16827,-64.0328,-71.47201
545,BRD-K97764662,PD-173074,0.033184495,-63.726395,-63.5877,3,2,0,-42.426968,-63.5877,-63.726395
546,BRD-K70401845,erlotinib,0.0,-63.33068,-67.6588,3,2,0,-43.66316,-63.33068,-67.6588
547,BRD-K53561341,aurora-a-inhibitor-i,0.0,-73.910484,-62.767788,3,2,0,-45.55942,-62.767788,-73.910484
548,BRD-K16618170,BRD-K16618170,0.0,-65.60508,-62.531555,3,2,0,-42.712208,-62.531555,-65.60508
549,BRD-A55815733,phylloquinone,0.0,-62.428043,-75.40692,3,2,0,-45.94499,-62.428043,-75.40692
550,BRD-K68336408,tyrphostin-AG-1478,0.5637773,-71.827805,-62.043922,3,2,0,-44.435986,-62.043922,-71.827805
551,BRD-A62035778,scopolamine,0.0,-69.300415,-60.806587,3,2,0,-43.369,-60.806587,-69.300415
552,BRD-M47937986,cefatrizine,2.185104,-60.511826,-62.38571,3,2,0,-40.237476,-60.511826,-62.38571
553,BRD-A32836748,leu-enkephalin,0.0,-60.088078,-66.97293,3,2,0,-42.35367,-60.088078,-66.97293
554,BRD-K33453211,levocabastine,0.3523608,-73.715904,-60.01484,3,2,0,-44.45946,-60.01484,-73.715904
555,BRD-K46068882,eugenitol,0.0,-70.06354,-59.25184,3,2,0,-43.10512,-59.25184,-70.06354
556,BRD-A48809242,IB-MECA,54.51072,-59.216393,-80.35489,3,2,0,-28.353523,-59.216393,-80.35489
557,BRD-K38055836,etamivan,0.0,-60.31506,-59.146484,3,2,0,-39.820515,-59.146484,-60.31506
558,BRD-A83855350,naltrexone,2.4199862,-58.617447,-76.01295,3,2,0,-44.07014,-58.617447,-76.01295
559,BRD-K55430733,WAY-629,0.0,-78.02915,-58.294052,3,2,0,-45.44107,-58.294052,-78.02915
560,BRD-K57179821,crotamiton,0.0,-66.877205,-58.276802,3,2,0,-41.718002,-58.276802,-66.877205
561,BRD-K40782193,QX-222,0.0,-58.220947,-63.14115,3,2,0,-40.454033,-58.220947,-63.14115
562,BRD-K24656285,farnesol,0.0,-57.9373,-61.99803,3,2,0,-39.978443,-57.9373,-61.99803
563,BRD-K80778372,Ro-19-4605,0.0,-81.982765,-57.59342,3,2,0,-46.525394,-57.59342,-81.982765
564,BRD-A61858259,CAY-10415,0.0,-57.485313,-66.52255,3,2,0,-41.335957,-57.485313,-66.52255
565,BRD-K48300629,zonisamide,,-62.1969,-51.886986,2,2,0,-57.041943,-57.041943,-62.1969
566,BRD-A32161980,carbetocin,0.0,-61.636898,-56.606857,3,2,0,-39.414585,-56.606857,-61.636898
567,BRD-K35559145,levomepromazine,0.0,-63.420815,-55.351845,3,2,0,-39.590885,-55.351845,-63.420815
568,BRD-K23913458,coumarin,0.0,-73.187294,-54.808727,3,2,0,-42.66534,-54.808727,-73.187294
569,BRD-K83963101,MLN-8054,0.0,-68.58604,-54.645096,3,2,0,-41.077045,-54.645096,-68.58604
570,BRD-K05658747,raltegravir,0.0,-69.030594,-54.236267,3,2,0,-41.088955,-54.236267,-69.030594
571,BRD-K54529596,captopril,0.0,-59.514263,-54.21976,3,2,0,-37.911343,-54.21976,-59.514263
572,BRD-K38003476,clocortolone-pivalate,0.0,-53.92564,-58.941776,3,2,0,-37.62247,-53.92564,-58.941776
573,BRD-K92984783,melperone,0.0,-62.51078,-53.639404,3,2,0,-38.71673,-53.639404,-62.51078
574,BRD-K13725475,rhodomyrtoxin,0.0,-58.177826,-53.618755,3,2,0,-37.26553,-53.618755,-58.177826
575,BRD-K80725821,RS-16566,0.0,-54.284805,-53.37038,3,2,0,-35.88506,-53.37038,-54.284805
576,BRD-K46142322,RS-67333,0.9161381,-65.3178,-53.303467,3,2,0,-39.235043,-53.303467,-65.3178
577,BRD-K15402119,huperzine-a,0.0,-75.77251,-52.409527,3,2,0,-42.727345,-52.409527,-75.77251
578,BRD-K39746403,erythromycin-estolate,0.0,-52.3122,-65.40538,3,2,0,-39.239193,-52.3122,-65.40538
579,BRD-K77641333,naphazoline,0.0,-55.244522,-52.098797,3,2,0,-35.78111,-52.098797,-55.244522
580,BRD-K47659338,EMD-386088,0.0,-51.261566,-52.884872,3,2,0,-34.71548,-51.261566,-52.884872
581,BRD-K20152659,dihomo-gamma-linolenic-acid,3.8881712,-52.611137,-50.31524,3,2,0,-33.012737,-50.31524,-52.611137
582,BRD-K36055864,cycloheximide,0.0,-48.75512,-67.59605,3,2,0,-38.783722,-48.75512,-67.59605
583,BRD-K94830329,ataluren,0.0,-48.34629,-66.52366,3,2,0,-38.28998,-48.34629,-66.52366
584,BRD-A04668240,CGP-52432,0.0,-60.776894,-48.040817,3,2,0,-36.27257,-48.040817,-60.776894
585,BRD-K40530731,hyoscyamine,0.0,-60.860374,-47.63303,3,2,0,-36.16447,-47.63303,-60.860374
586,BRD-K52620403,STO-609,0.0,-70.18081,-47.466537,3,2,0,-39.215782,-47.466537,-70.18081
587,BRD-K63915849,AS-604850,0.0,-47.437893,-68.0728,3,2,0,-38.503567,-47.437893,-68.0728
588,BRD-A01787639,naftopidil,0.0,-62.313675,-47.10041,3,2,0,-36.471363,-47.10041,-62.313675
589,BRD-K47943470,tyrphostin-51,0.0,-46.91066,-46.95275,3,2,0,-31.287804,-46.91066,-46.95275
590,BRD-K98426715,tubacin,0.0,-46.54914,-61.754417,3,2,0,-36.101185,-46.54914,-61.754417
591,BRD-K57886322,fluocinonide,14.823251,-46.389793,-56.89367,3,2,0,-29.486738,-46.389793,-56.89367
592,BRD-K33204703,AG-370,0.0,-46.256927,-52.133236,3,2,0,-32.796722,-46.256927,-52.133236
593,BRD-A37817666,picrotoxin,0.0,-64.13039,-46.148685,3,2,0,-36.75969,-46.148685,-64.13039
594,BRD-K01649396,indatraline,36.00622,-46.112965,-46.786606,3,2,0,-18.964449,-46.112965,-46.786606
595,BRD-K08806317,timolol,0.0,-45.919903,-47.8649,3,2,0,-31.261602,-45.919903,-47.8649
596,BRD-A59808129,guggulsterone,0.0,-45.736454,-65.7562,3,2,0,-37.16422,-45.736454,-65.7562
597,BRD-K00824317,fludroxycortide,0.0,-45.678276,-68.371895,3,2,0,-38.016724,-45.678276,-68.371895
598,BRD-A76019558,ketoconazole,14.486939,-45.663555,-51.068428,3,2,0,-27.415014,-45.663555,-51.068428
599,BRD-K17349619,HLI-373,1.5503876,-45.57664,-59.431763,3,2,0,-34.486008,-45.57664,-59.431763
600,BRD-K57930253,nitrazepam,0.0,-81.4769,-45.404686,3,2,0,-42.29386,-45.404686,-81.4769
601,BRD-K40892394,AR-C133057XX,0.0,-71.732864,-45.36782,3,2,0,-39.03356,-45.36782,-71.732864
602,BRD-K32977963,eugenol,3.8407328,-44.93273,-61.269627,3,2,0,-34.12054,-44.93273,-61.269627
603,BRD-K28667196,fillalbin,0.0,-44.741264,-57.704254,3,2,0,-34.148506,-44.741264,-57.704254
604,BRD-K30570479,VU-0400195-3,0.0,-62.669506,-44.594543,3,2,0,-35.754684,-44.594543,-62.669506
605,BRD-A50737080,CGK-733,2.0084567,-57.767708,-44.329273,3,2,0,-33.362843,-44.329273,-57.767708
606,BRD-A56359832,zileuton,0.2114165,-44.116383,-48.836212,3,2,0,-30.913725,-44.116383,-48.836212
607,BRD-K16551401,PNU-22394,0.0,-43.88552,-60.601,3,2,0,-34.828842,-43.88552,-60.601
608,BRD-A48261811,argatroban,0.14094433,-43.634808,-44.706135,3,2,0,-29.4,-43.634808,-44.706135
609,BRD-K01612348,meropenem,1.0903685,-73.15614,-43.405518,3,2,0,-38.49043,-43.405518,-73.15614
610,BRD-A26787626,cyclopiazonic-acid,0.0,-43.297382,-61.329903,3,2,0,-34.875763,-43.297382,-61.329903
611,BRD-A35338386,NECA,3.1673129,-55.805313,-43.045013,3,2,0,-31.894339,-43.045013,-55.805313
612,BRD-K55703048,latrepirdine,0.0,-61.06723,-42.907585,3,2,0,-34.65827,-42.907585,-61.06723
613,BRD-K68246049,TTNPB,0.0,-63.73111,-42.60437,3,2,0,-35.44516,-42.60437,-63.73111
614,BRD-A70461345,naloxone,0.0,-65.14291,-42.27452,3,2,0,-35.80581,-42.27452,-65.14291
615,BRD-A93048969,BRD-A93048969,0.0,-41.836624,-42.373035,3,2,0,-28.069885,-41.836624,-42.373035
616,BRD-K41143549,N20C,15.728773,-71.683685,-41.83525,3,2,0,-32.59672,-41.83525,-71.683685
617,BRD-A75552914,isoxicam,1.4094433,-69.17119,-41.748665,3,2,0,-36.503468,-41.748665,-69.17119
618,BRD-K67831364,ZM-323881,1.1627907,-46.595947,-41.590137,3,2,0,-29.007765,-41.590137,-46.595947
619,BRD-A32164164,methyllycaconitine,0.0,-41.552067,-43.47993,3,2,0,-28.344,-41.552067,-43.47993
620,BRD-K18905250,ST-91,0.0,-55.351,-41.50965,3,2,0,-32.286884,-41.50965,-55.351
621,BRD-K04146668,GW-441756,0.0,-58.31234,-41.390285,3,2,0,-33.234207,-41.390285,-58.31234
622,BRD-K00317371,RITA,0.0,-45.81842,-41.05004,3,2,0,-28.956154,-41.05004,-45.81842
623,BRD-A90311807,cilastatin,0.0,-40.759197,-63.78868,3,2,0,-34.849293,-40.759197,-63.78868
624,BRD-K64451768,GANT-58,-40.37555,40.60208,-56.19536,3,2,0,-18.656275,-40.37555,-56.19536
625,BRD-A15493168,tetracycline,0.0,-45.202026,-40.327312,3,2,0,-28.50978,-40.327312,-45.202026
626,BRD-A06390036,hydroquinidine,0.0,-40.102448,-64.49429,3,2,0,-34.86558,-40.102448,-64.49429
627,BRD-K02715688,"hydrastine-(1r,-9s)",0.0,-40.05471,-42.078842,3,2,0,-27.377851,-40.05471,-42.078842
628,BRD-K48427617,U-0124,0.0,-39.553844,-71.94356,3,2,0,-37.165802,-39.553844,-71.94356
629,BRD-K04833372,GSK-1904529A,0.0,-49.071552,-39.54657,3,2,0,-29.539373,-39.54657,-49.071552
630,BRD-K79437791,acetyl-farnesyl-cysteine,0.0,-39.310402,-42.336433,3,2,0,-27.215612,-39.310402,-42.336433
631,BRD-K97330509,SRC-kinase-inhibitor-II,0.0,-49.818542,-38.740005,3,2,0,-29.519516,-38.740005,-49.818542
632,BRD-K49519144,LY-2140023,0.0,-38.500805,-49.418,3,2,0,-29.306269,-38.500805,-49.418
633,BRD-K27499107,carbacyclin,0.0,-42.648,-38.385857,3,2,0,-27.011286,-38.385857,-42.648
634,BRD-K77625572,etomoxir,0.0,-52.31215,-38.2183,3,2,0,-30.176817,-38.2183,-52.31215
635,BRD-K87226815,cycloserine-(d),-38.19686,3.0456147,-80.090904,3,2,0,-38.41405,-38.19686,-80.090904
636,BRD-K29113274,ketoconazole,0.0,-38.17706,-51.334213,3,2,0,-29.837091,-38.17706,-51.334213
637,BRD-A38913120,BH3I-1,0.0,-42.117878,-38.170883,3,2,0,-26.762918,-38.170883,-42.117878
638,BRD-K82731415,olomoucine,2.0084567,-41.275345,-37.943428,3,2,0,-25.736773,-37.943428,-41.275345
639,BRD-K72264770,QW-BI-011,0.0,-37.836708,-74.16712,3,2,0,-37.33461,-37.836708,-74.16712
640,BRD-A42346008,metanephrine,0.0,-37.53832,-68.01175,3,2,0,-35.183353,-37.53832,-68.01175
641,BRD-K64245000,GW-4064,0.0,-37.294754,-41.28787,3,2,0,-26.194208,-37.294754,-41.28787
642,BRD-A24228527,ofloxacin,4.5454545,-58.85514,-37.287704,3,2,0,-30.532463,-37.287704,-58.85514
643,BRD-K31627533,rimexolone,0.0,-39.204544,-37.072025,3,2,0,-25.425522,-37.072025,-39.204544
644,BRD-K14880289,GW-501516,2.9598308,-36.660625,-44.85285,3,2,0,-26.184547,-36.660625,-44.85285
645,BRD-A98378129,talniflumate,0.0,-36.3101,-36.302643,3,2,0,-24.204248,-36.302643,-36.3101
646,BRD-K15563106,phloretin,0.0,-37.116245,-36.24877,3,2,0,-24.455008,-36.24877,-37.116245
647,BRD-K19533706,tranilast,0.0,-48.171482,-36.17969,3,2,0,-28.117058,-36.17969,-48.171482
648,BRD-K89152108,liothyronine,0.0,-36.09951,-53.624916,3,2,0,-29.908142,-36.09951,-53.624916
649,BRD-K06024458,N-arachidonyl-GABA,0.0,-36.093826,-50.313255,3,2,0,-28.80236,-36.093826,-50.313255
650,BRD-K41895714,AS-605240,0.0,-35.727528,-42.651196,3,2,0,-26.126242,-35.727528,-42.651196
651,BRD-K07265709,dexrazoxane,0.0,-35.518402,-48.658905,3,2,0,-28.059103,-35.518402,-48.658905
652,BRD-K74763371,bosentan,0.0,-35.480804,-41.29679,3,2,0,-25.592531,-35.480804,-41.29679
653,BRD-A35623999,CGP-37157,0.0,-36.261013,-35.42973,3,2,0,-23.896914,-35.42973,-36.261013
654,BRD-K43149758,myricetin,0.0,-43.03753,-35.27192,3,2,0,-26.10315,-35.27192,-43.03753
655,BRD-A39268308,epibatidine,12.256795,-34.56698,-39.197807,3,2,0,-20.502665,-34.56698,-39.197807
656,BRD-K13819402,desoxypeganine,0.0,-51.310387,-34.381584,3,2,0,-28.56399,-34.381584,-51.310387
657,BRD-A29731977,17-hydroxyprogesterone-caproate,4.3382473,-33.954266,-37.235554,3,2,0,-22.283857,-33.954266,-37.235554
658,BRD-K24994810,androstenol,0.0,-43.960052,-33.631954,3,2,0,-25.864004,-33.631954,-43.960052
659,BRD-A66395008,parthenolide,0.0,-68.24616,-33.34642,3,2,0,-33.864193,-33.34642,-68.24616
660,BRD-A28318179,aminomethyltransferase,0.0,-58.428802,-33.192497,3,2,0,-30.540434,-33.192497,-58.428802
661,BRD-A50157456,terbutaline,0.0,-42.802612,-33.100636,3,2,0,-25.30108,-33.100636,-42.802612
662,BRD-K49807096,benazepril,0.0,-33.011806,-36.454567,3,2,0,-23.155457,-33.011806,-36.454567
663,BRD-A98725278,methysergide,1.0218464,-32.92247,-49.065937,3,2,0,-26.988853,-32.92247,-49.065937
664,BRD-A16665823,butoconazole,0.0,-50.78263,-32.632442,3,2,0,-27.805023,-32.632442,-50.78263
665,BRD-K05464208,JX-401,1.5856236,-32.274944,-53.875427,3,2,0,-28.18825,-32.274944,-53.875427
666,BRD-A47706533,buthionine-sulfoximine,3.3474278,-32.15024,-40.63105,3,2,0,-23.144623,-32.15024,-40.63105
667,BRD-K11742128,triprolidine,0.0,-44.621677,-32.13557,3,2,0,-25.585749,-32.13557,-44.621677
668,BRD-A49765801,fludroxycortide,-32.036926,19.830887,-73.84587,3,2,0,-28.68397,-32.036926,-73.84587
669,BRD-A17819071,gedunin,0.0,-31.732721,-33.6379,3,2,0,-21.790207,-31.732721,-33.6379
670,BRD-K79759585,sildenafil,0.0,-31.675108,-41.7917,3,2,0,-24.488935,-31.675108,-41.7917
671,BRD-K51557114,BRD-K51557114,0.0,-59.698788,-31.666016,3,2,0,-30.454935,-31.666016,-59.698788
672,BRD-K66206289,lobeline,0.0,-56.985126,-31.288265,3,2,0,-29.424463,-31.288265,-56.985126
673,BRD-K21971034,OM-137,0.0,-39.54982,-31.160496,3,2,0,-23.570105,-31.160496,-39.54982
674,BRD-A65615053,zacopride,0.0,-31.032137,-37.04361,3,2,0,-22.691916,-31.032137,-37.04361
675,BRD-K00337317,NU-7441,59.751762,-31.649963,-31.00857,3,2,0,-0.9689229,-31.00857,-31.649963
676,BRD-K50128260,sildenafil,-30.81438,23.593685,-35.802013,3,2,0,-14.340903,-30.81438,-35.802013
677,BRD-K33818169,GW-3965,0.0,-30.765442,-79.12559,3,2,0,-36.630344,-30.765442,-79.12559
678,BRD-A89672324,CGP-55845,2.4660928,-37.834663,-30.683111,3,2,0,-22.017227,-30.683111,-37.834663
679,BRD-K46419649,U0126,0.0,-30.673542,-49.501297,3,2,0,-26.724945,-30.673542,-49.501297
680,BRD-A83859836,tropisetron,0.0,-30.598743,-34.943005,3,2,0,-21.84725,-30.598743,-34.943005
681,BRD-K73824630,skatole,2.3255813,-30.488573,-35.980846,3,2,0,-21.381279,-30.488573,-35.980846
682,BRD-A88282067,delcorine,0.0,-30.283558,-31.832285,3,2,0,-20.705282,-30.283558,-31.832285
683,BRD-A84389633,"tropanyl-3,5-dimethylbenzoate",0.0,-43.808662,-30.150549,3,2,0,-24.65307,-30.150549,-43.808662
684,BRD-K94379058,BML-190,0.0,-30.005325,-45.187325,3,2,0,-25.064217,-30.005325,-45.187325
685,BRD-K19687926,lapatinib,4.2283297,-29.981476,-33.70385,3,2,0,-19.818998,-29.981476,-33.70385
686,BRD-K05395900,nicotine,0.0,-29.822062,-33.410217,3,2,0,-21.077425,-29.822062,-33.410217
687,BRD-K76568384,PHTPP,0.0,-40.98928,-29.790054,3,2,0,-23.593111,-29.790054,-40.98928
688,BRD-K07507905,BRL-37344,2.1390076,-50.6339,-29.76096,3,2,0,-26.085283,-29.76096,-50.6339
689,BRD-K75181824,acetyl-geranygeranyl-cysteine,0.0,-29.757202,-49.91794,3,2,0,-26.55838,-29.757202,-49.91794
690,BRD-K35586044,yohimbine,-29.571936,7.1214485,-55.19639,3,2,0,-25.882292,-29.571936,-55.19639
691,BRD-A73680854,PT-630,0.0,-61.37095,-29.17036,3,2,0,-30.180435,-29.17036,-61.37095
692,BRD-K74284736,L-689560,0.0,-29.140152,-48.108566,3,2,0,-25.749573,-29.140152,-48.108566
693,BRD-A13807286,HA-14-1,0.0,-29.018906,-39.85208,3,2,0,-22.956995,-29.018906,-39.85208
694,BRD-K82823076,Ro-15-4513,0.0,-32.754883,-28.827978,3,2,0,-20.52762,-28.827978,-32.754883
695,BRD-A74667430,etodolac,0.0,-28.81624,-34.381855,3,2,0,-21.066032,-28.81624,-34.381855
696,BRD-K92731339,perindopril,0.0,-28.790184,-31.557276,3,2,0,-20.11582,-28.790184,-31.557276
697,BRD-A90515964,guaifenesin,5.2854123,-33.734035,-28.507076,3,2,0,-18.985233,-28.507076,-33.734035
698,BRD-K09907482,PRL-3-inhibitor-I,0.0,-28.334888,-56.150528,3,2,0,-28.161804,-28.334888,-56.150528
699,BRD-K15588452,R-96544,0.0,-33.61164,-28.266857,3,2,0,-20.626165,-28.266857,-33.61164
700,BRD-K62736196,guanaben-acetate,1.4799154,-28.191992,-32.845947,3,2,0,-19.852674,-28.191992,-32.845947
701,BRD-K62982419,cilomilast,0.0,-28.168953,-49.001534,3,2,0,-25.723495,-28.168953,-49.001534
702,BRD-K62206109,VUF-5681,0.0,-44.70848,-28.024551,3,2,0,-24.244345,-28.024551,-44.70848
703,BRD-K45542189,diethylcarbamazine,0.0,-27.474222,-35.812645,3,2,0,-21.095621,-27.474222,-35.812645
704,BRD-K17294426,clebopride,0.0,-27.415348,-53.37422,3,2,0,-26.929855,-27.415348,-53.37422
705,BRD-K01555864,dibenzoylmethane,0.0,-27.358181,-39.31601,3,2,0,-22.224731,-27.358181,-39.31601
706,BRD-K82484965,carmoxirole,0.0,-45.74634,-27.207825,3,2,0,-24.318054,-27.207825,-45.74634
707,BRD-K70778732,trazodone,0.0,-27.102394,-33.449554,3,2,0,-20.183983,-27.102394,-33.449554
708,BRD-K95237249,probenecid,0.0,-31.417057,-26.968525,3,2,0,-19.46186,-26.968525,-31.417057
709,BRD-K49404994,levetiracetam,-39.240078,37.524162,-26.915934,3,2,0,-9.54395,-26.915934,-39.240078
710,BRD-K47693913,evoxine,8.851402,-55.430977,-26.826473,3,2,0,-24.468681,-26.826473,-55.430977
711,BRD-K77554836,triamcinolone,0.0,-58.44328,-26.611897,3,2,0,-28.351725,-26.611897,-58.44328
712,BRD-K61480498,epoxycholesterol,0.0,-30.93436,-26.252424,3,2,0,-19.062262,-26.252424,-30.93436
713,BRD-K37130656,rivaroxaban,0.0,-25.94101,-26.29311,3,2,0,-17.411373,-25.94101,-26.29311
714,BRD-K12516989,zaprinast,-25.771702,28.331404,-26.394028,3,2,0,-7.944775,-25.771702,-26.394028
715,BRD-K50859149,sulfafurazole,0.0,-57.222908,-25.700289,3,2,0,-27.641066,-25.700289,-57.222908
716,BRD-A71009679,KU-C103420N,0.0,-55.45828,-25.51225,3,2,0,-26.990175,-25.51225,-55.45828
717,BRD-K56558538,ambroxol,0.0,-40.88928,-25.43344,3,2,0,-22.107573,-25.43344,-40.88928
718,BRD-K38449220,seneciphylline,0.0,-25.412443,-35.879913,3,2,0,-20.430786,-25.412443,-35.879913
719,BRD-K64935403,ebelactone-b,0.0,-57.471878,-25.305063,3,2,0,-27.592314,-25.305063,-57.471878
720,BRD-K95309561,dienestrol,0.0,-52.34147,-25.26136,3,2,0,-25.867609,-25.26136,-52.34147
721,BRD-K70301876,escitalopram,0.49330515,-25.230179,-38.13542,3,2,0,-20.957432,-25.230179,-38.13542
722,BRD-K01663662,diphenidol,2.871008,-47.119408,-25.006779,3,2,0,-23.08506,-25.006779,-47.119408
723,BRD-K91696562,orantinib,0.0,-24.911058,-70.38097,3,2,0,-31.764008,-24.911058,-70.38097
724,BRD-K21317336,phentolamine,0.0,-30.546143,-24.894548,3,2,0,-18.48023,-24.894548,-30.546143
725,BRD-A33833419,TER-14687,2.0436928,-38.197998,-24.588995,3,2,0,-20.247766,-24.588995,-38.197998
726,BRD-U94846492,quinine,0.0,-24.529684,-35.65258,3,2,0,-20.060755,-24.529684,-35.65258
727,BRD-K40578143,GR-79236,0.0,-26.346745,-24.50085,3,2,0,-16.949198,-24.50085,-26.346745
728,BRD-K35498378,alrestatin,0.0,-39.73407,-24.017761,3,2,0,-21.25061,-24.017761,-39.73407
729,BRD-A22032524,amlodipine,0.28188866,-44.940056,-23.941702,3,2,0,-22.866623,-23.941702,-44.940056
730,BRD-K85402309,dovitinib,0.0,-30.472153,-23.390799,3,2,0,-17.954317,-23.390799,-30.472153
731,BRD-K57545991,enalapril,0.0,-46.14501,-23.03291,3,2,0,-23.059305,-23.03291,-46.14501
732,BRD-K78280988,anandamide,0.0,-32.59797,-22.611767,3,2,0,-18.403246,-22.611767,-32.59797
733,BRD-K03670461,tyrphostin-AG-82,0.0,-40.5991,-22.547417,3,2,0,-21.048838,-22.547417,-40.5991
734,BRD-K15522385,cinanserin,0.0,-22.269226,-26.44158,3,2,0,-16.236937,-22.269226,-26.44158
735,BRD-K50018155,RS-67506,1.9732206,-22.194489,-38.662086,3,2,0,-19.627785,-22.194489,-38.662086
736,BRD-K21672174,Ro-28-1675,0.0,-34.97466,-21.937473,3,2,0,-18.97071,-21.937473,-34.97466
737,BRD-K84085265,CG-930,0.0,-21.909416,-26.433435,3,2,0,-16.114283,-21.909416,-26.433435
738,BRD-K93618743,ipriflavone,0.0,-25.286594,-21.760155,3,2,0,-15.68225,-21.760155,-25.286594
739,BRD-K80396088,gliquidone,0.0,-21.724623,-30.7157,3,2,0,-17.480108,-21.724623,-30.7157
740,BRD-A09472452,flecainide,0.0,-32.143135,-21.387756,3,2,0,-17.84363,-21.387756,-32.143135
741,BRD-K28452084,BRD-K28452084,-22.119246,32.071117,-21.079924,3,2,0,-3.7093506,-21.079924,-22.119246
742,BRD-A38030642,cyclosporin-a,8.785809,-38.283497,-21.0208,3,2,0,-16.839497,-21.0208,-38.283497
743,BRD-K93176058,AC-55649,0.0,-21.009426,-37.437927,3,2,0,-19.48245,-21.009426,-37.437927
744,BRD-A05680309,BRD-A05680309,0.0,-20.738321,-28.278618,3,2,0,-16.33898,-20.738321,-28.278618
745,BRD-K49027941,PSB-1115,0.0,-30.926748,-20.696781,3,2,0,-17.207842,-20.696781,-30.926748
746,BRD-K18787491,U-0126,0.0,-20.46073,-21.814728,3,2,0,-14.09182,-20.46073,-21.814728
747,BRD-K95739795,tetrabenazine,0.0,-35.646782,-19.934326,3,2,0,-18.527037,-19.934326,-35.646782
748,BRD-A93255169,thalidomide,0.0,-19.807978,-24.280853,3,2,0,-14.696277,-19.807978,-24.280853
749,BRD-K06817181,"1,2,3,4,5,6-hexabromocyclohexane",0.0,-19.706755,-30.655073,3,2,0,-16.787275,-19.706755,-30.655073
750,BRD-K83153774,mirtazapine,12.717055,-25.91613,-19.57811,3,2,0,-10.925728,-19.57811,-25.91613
751,BRD-K10176267,L-701252,2.8689618,-19.549429,-19.975279,3,2,0,-12.218582,-19.549429,-19.975279
752,BRD-K93258693,GW-9662,0.0,-25.939274,-19.525488,3,2,0,-15.15492,-19.525488,-25.939274
753,BRD-U97083655,teicoplanin,2.7836504,-30.491318,-19.261986,3,2,0,-15.656551,-19.261986,-30.491318
754,BRD-K67013324,luzindole,1.726568,-19.20387,-20.814861,3,2,0,-12.764054,-19.20387,-20.814861
755,BRD-K26373640,IKK-2-inhibitor,0.0,-19.180298,-33.437637,3,2,0,-17.539312,-19.180298,-33.437637
756,BRD-K51033547,tramadol,0.0,-19.17813,-25.932953,3,2,0,-15.037028,-19.17813,-25.932953
757,BRD-K54416256,methimazole,0.0,-20.664387,-19.17357,3,2,0,-13.27932,-19.17357,-20.664387
758,BRD-K83289131,CAY-10618,1.7618041,-19.009396,-53.057034,3,2,0,-23.434875,-19.009396,-53.057034
759,BRD-K00662280,CL-218872,0.0,-22.977943,-18.940166,3,2,0,-13.972703,-18.940166,-22.977943
760,BRD-K54210043,NS-1619,0.0,-34.515903,-18.887526,3,2,0,-17.801142,-18.887526,-34.515903
761,BRD-K56658166,BRD-K56658166,82.4526,-18.27004,-21.80874,3,2,0,14.124606,-18.27004,-21.80874
762,BRD-K84175871,pseudoephedrine,0.0,-18.180683,-29.181225,3,2,0,-15.787303,-18.180683,-29.181225
763,BRD-K86682249,BRD-K86682249,0.023748787,-18.802755,-18.120808,3,2,0,-12.299937,-18.120808,-18.802755
764,BRD-A65597028,RX-821002,0.0,-18.120504,-34.73388,3,2,0,-17.618128,-18.120504,-34.73388
765,BRD-K59851896,calycanthine,0.0,-25.316456,-17.68875,3,2,0,-14.335068,-17.68875,-25.316456
766,BRD-M07438658,lapatinib,0.0,-31.599869,-17.663248,3,2,0,-16.421038,-17.663248,-31.599869
767,BRD-K16233984,eriochrome-black-t,0.0,-17.544893,-28.73814,3,2,0,-15.427678,-17.544893,-28.73814
768,BRD-K54314721,zolmitriptan,0.022398632,-31.314537,-17.543356,3,2,0,-16.278498,-17.543356,-31.314537
769,BRD-K64610608,EMF-BCA1-57,0.5285412,-17.123022,-30.978567,3,2,0,-15.857682,-17.123022,-30.978567
770,BRD-K21009077,BRD-K21009077,0.0,-21.81854,-17.008041,3,2,0,-12.942195,-17.008041,-21.81854
771,BRD-K31553034,zibotentan,1.303735,-31.146858,-16.992252,3,2,0,-15.611793,-16.992252,-31.146858
772,BRD-K16604360,BRD-K16604360,0.15738124,-27.72072,-16.837446,3,2,0,-14.8002615,-16.837446,-27.72072
773,BRD-A10303790,talampicillin,0.0,-16.734034,-23.00366,3,2,0,-13.245898,-16.734034,-23.00366
774,BRD-K11433652,aspirin,-16.641079,-75.0353,0.0,3,2,0,-30.558792,-16.641079,-75.0353
775,BRD-K51730347,diphencyprone,0.96141523,-21.77451,-16.552792,3,2,0,-12.455296,-16.552792,-21.77451
776,BRD-A25143711,hydrocortisone-valerate,0.0,-23.299532,-16.54372,3,2,0,-13.281085,-16.54372,-23.299532
777,BRD-K92758126,MD-920,-20.548977,34.781555,-16.468128,3,2,0,-0.7451833,-16.468128,-20.548977
778,BRD-K51941867,LM-1685,0.0,-30.872517,-16.454449,3,2,0,-15.775655,-16.454449,-30.872517
779,BRD-A43849199,karakoline,-16.167942,25.222265,-21.997152,3,2,0,-4.314276,-16.167942,-21.997152
780,BRD-K41051431,mecillinam,2.7131784,-32.87681,-16.024307,3,2,0,-15.39598,-16.024307,-32.87681
781,BRD-A97104540,fenoterol,0.0,-35.289974,-15.978283,3,2,0,-17.089418,-15.978283,-35.289974
782,BRD-K68867920,quetiapine,0.023232747,-20.120665,-15.8738785,3,2,0,-11.9904375,-15.8738785,-20.120665
783,BRD-K43880410,pregnenolone,0.0,-60.304565,-15.854885,3,2,0,-25.386484,-15.854885,-60.304565
784,BRD-A26199074,calmidazolium,3.000068,-15.833775,-17.101383,3,2,0,-9.978363,-15.833775,-17.101383
785,BRD-K46652470,nizatidine,0.0,-15.810411,-26.80111,3,2,0,-14.203839,-15.810411,-26.80111
786,BRD-K39520573,GW-5074,2.2903454,-41.32254,-15.574613,3,2,0,-18.202269,-15.574613,-41.32254
787,BRD-K70883034,nimetazepam,0.0,-15.535405,-56.939976,3,2,0,-24.15846,-15.535405,-56.939976
788,BRD-A74269027,isoxsuprine,0.0,-15.47002,-16.242676,3,2,0,-10.570899,-15.47002,-16.242676
789,BRD-A55756846,H-7,0.0,-32.77042,-15.438509,3,2,0,-16.069643,-15.438509,-32.77042
790,BRD-K20313525,rosmarinic-acid,0.0,-15.409084,-27.93029,3,2,0,-14.446458,-15.409084,-27.93029
791,BRD-K77793136,hydroxyfasudil,0.0,-45.20728,-15.369286,3,2,0,-20.192188,-15.369286,-45.20728
792,BRD-A56245458,reichstein,0.0,-21.196735,-15.324914,3,2,0,-12.1738825,-15.324914,-21.196735
793,BRD-K54790157,trioxsalen,0.0,-22.244423,-15.280796,3,2,0,-12.508407,-15.280796,-22.244423
794,BRD-K61097567,SB-218795,0.0,-18.610065,-15.247704,3,2,0,-11.285923,-15.247704,-18.610065
795,BRD-K26979635,NS-3694,0.0,-30.994476,-15.185964,3,2,0,-15.393479,-15.185964,-30.994476
796,BRD-K60690191,MPEP,0.0,-76.639565,-15.162719,3,2,0,-30.600761,-15.162719,-76.639565
797,BRD-A75517195,thiazolopyrimidine,-15.152716,5.240394,-26.256615,3,2,0,-12.056313,-15.152716,-26.256615
798,BRD-K37456065,VU-0365114-2,0.0,-15.150288,-29.919231,3,2,0,-15.023173,-15.150288,-29.919231
799,BRD-K10573841,tunicamycin,12.512357,-15.148933,-38.23943,3,2,0,-13.625336,-15.148933,-38.23943
800,BRD-K26521938,dinoprostone,0.0,-15.081528,-29.005198,3,2,0,-14.695575,-15.081528,-29.005198
801,BRD-A75455249,kavain,0.0,-14.973498,-16.929043,3,2,0,-10.634181,-14.973498,-16.929043
802,BRD-K85119730,tolbutamide,0.0,-22.513252,-14.863995,3,2,0,-12.459083,-14.863995,-22.513252
803,BRD-K09900591,caffeic-acid,0.0,-38.95047,-14.783591,3,2,0,-17.911354,-14.783591,-38.95047
804,BRD-K81709173,halcinonide,1.2684989,-14.737691,-46.60878,3,2,0,-20.025991,-14.737691,-46.60878
805,BRD-A83081521,finasteride,0.0,-58.4018,-14.556753,3,2,0,-24.319517,-14.556753,-58.4018
806,BRD-K48115423,2-(4-methoxybenzylthio)-6-methylpyrimidin-4-ol,0.0,-37.311516,-14.541876,3,2,0,-17.284464,-14.541876,-37.311516
807,BRD-K77390737,xanthohumol,11.379644,-48.7802,-14.538889,3,2,0,-17.313148,-14.538889,-48.7802
808,BRD-K07859598,GW-5074,0.0,-14.430531,-25.599953,3,2,0,-13.343494,-14.430531,-25.599953
809,BRD-A44090213,indoprofen,0.0,-34.81919,-14.352799,3,2,0,-16.390663,-14.352799,-34.81919
810,BRD-K10177585,PSB-11,-40.056114,46.00045,-14.307788,3,2,0,-2.7878177,-14.307788,-40.056114
811,BRD-K32292990,CGP-53353,5.667893,-14.274622,-26.929258,3,2,0,-11.845329,-14.274622,-26.929258
812,BRD-A84493640,atovaquone,56.658783,-14.250115,-55.526512,3,2,0,-4.3726144,-14.250115,-55.526512
813,BRD-K38775274,dexamethasone,0.035236083,-14.158325,-24.61594,3,2,0,-12.91301,-14.158325,-24.61594
814,BRD-K17693482,BRD-K17693482,0.0,-17.823586,-14.120054,3,2,0,-10.64788,-14.120054,-17.823586
815,BRD-A56987319,SQ-22536,0.0,-17.77659,-14.076845,3,2,0,-10.617812,-14.076845,-17.77659
816,BRD-K40742111,baeomycesic-acid,-14.007999,-36.773888,20.886703,3,2,0,-9.965061,-14.007999,-36.773888
817,BRD-K91701654,U-0126,0.7047216,-16.664555,-13.887339,3,2,0,-9.949058,-13.887339,-16.664555
818,BRD-K81062487,taurocholic-acid,4.580691,-22.325144,-13.774456,3,2,0,-10.506304,-13.774456,-22.325144
819,BRD-K10670311,sulfasalazine,-18.050606,23.27678,-13.740946,3,2,0,-2.8382576,-13.740946,-18.050606
820,BRD-A41630653,BRD-A41630653,0.0,-40.289722,-13.717612,3,2,0,-18.002445,-13.717612,-40.289722
821,BRD-A07000685,hydrocortisone-hemisuccinate,0.0,-13.6574745,-21.510254,3,2,0,-11.722576,-13.6574745,-21.510254
822,BRD-A80383043,4-carboxy-3-hydroxyphenylglycine-(RS),0.0,-26.860548,-13.612007,3,2,0,-13.490852,-13.612007,-26.860548
823,BRD-K08703257,3-amino-benzamide,0.0,-21.064146,-13.528574,3,2,0,-11.530907,-13.528574,-21.064146
824,BRD-K67298865,SB-431542,-17.43371,14.403412,-13.470146,3,2,0,-5.5001483,-13.470146,-17.43371
825,BRD-K03015355,forskolin,0.0,-13.284973,-16.13271,3,2,0,-9.805894,-13.284973,-16.13271
826,BRD-A58157837,butabindide,0.0,-13.2571125,-32.791344,3,2,0,-15.349484,-13.2571125,-32.791344
827,BRD-K89014967,AS-703026,0.0,-13.138687,-30.193052,3,2,0,-14.443913,-13.138687,-30.193052
828,BRD-A79314293,cephalosporanic-acid,0.0,-13.107523,-44.045406,3,2,0,-19.050978,-13.107523,-44.045406
829,BRD-A23359898,sibutramine,1.8322762,-13.056316,-18.219818,3,2,0,-9.81462,-13.056316,-18.219818
830,BRD-K76674262,homoharringtonine,0.0,-44.295868,-13.042637,3,2,0,-19.112835,-13.042637,-44.295868
831,BRD-K63195589,tipifarnib,46.665398,-12.970555,-84.84892,3,2,0,-17.051361,-12.970555,-84.84892
832,BRD-K10207760,lasalocid,8.822428,-25.181383,-12.824053,3,2,0,-9.72767,-12.824053,-25.181383
833,BRD-K93280214,gabazine,0.0,-24.899536,-12.670221,3,2,0,-12.523252,-12.670221,-24.899536
834,BRD-M00539986,formoterol,0.7751938,-38.87361,-12.556725,3,2,0,-16.885048,-12.556725,-38.87361
835,BRD-K28428262,brivanib,0.0,-12.508809,-39.60622,3,2,0,-17.371675,-12.508809,-39.60622
836,BRD-K93461745,buspirone,0.63424945,-12.475911,-18.959198,3,2,0,-10.266953,-12.475911,-18.959198
837,BRD-K91315211,betahistine,0.0,-38.541985,-12.270323,3,2,0,-16.937437,-12.270323,-38.541985
838,BRD-K21520694,sulfacetamide,0.0,-12.260646,-19.333723,3,2,0,-10.531456,-12.260646,-19.333723
839,BRD-A53131506,epitestosterone,0.0,-12.111186,-24.843056,3,2,0,-12.318081,-12.111186,-24.843056
840,BRD-A25576662,streptozotocin,5.910544,-12.014807,-25.219866,3,2,0,-10.441377,-12.014807,-25.219866
841,BRD-K14048378,BRD-K14048378,0.0,-16.62006,-11.949454,3,2,0,-9.523171,-11.949454,-16.62006
842,BRD-K91485395,BRD-K91485395,0.0,-11.923719,-12.533664,3,2,0,-8.152461,-11.923719,-12.533664
843,BRD-K02275692,cefotiam,1.2332629,-11.874559,-13.973709,3,2,0,-8.205002,-11.874559,-13.973709
844,BRD-K27665173,D-64406,0.5637773,-11.862955,-40.03432,3,2,0,-17.111166,-11.862955,-40.03432
845,BRD-K57569181,pentoxifylline,0.0,-11.528463,-18.548008,3,2,0,-10.025491,-11.528463,-18.548008
846,BRD-K64857848,XMD-885,0.0,-23.223192,-11.512903,3,2,0,-11.578698,-11.512903,-23.223192
847,BRD-K21350491,phenamil,-33.413185,-11.485888,0.0,3,2,0,-14.966357,-11.485888,-33.413185
848,BRD-K53318339,vinpocetine,0.0,-11.458682,-17.596035,3,2,0,-9.684906,-11.458682,-17.596035
849,BRD-K72222507,quinapril,0.9161381,-18.01059,-11.448687,3,2,0,-9.5143795,-11.448687,-18.01059
850,BRD-K95202259,ML-3163,0.0,-11.362823,-16.963062,3,2,0,-9.441962,-11.362823,-16.963062
851,BRD-A64479082,quinidine,2.4312897,-11.069737,-23.444118,3,2,0,-10.694188,-11.069737,-23.444118
852,BRD-K01095011,finasteride,0.49330515,-10.893433,-19.367464,3,2,0,-9.92253,-10.893433,-19.367464
853,BRD-A44827100,erythromycin,0.0,-10.865241,-21.181591,3,2,0,-10.682278,-10.865241,-21.181591
854,BRD-A37780065,triamcinolone,3.6550078,-10.818613,-34.330254,3,2,0,-13.831286,-10.818613,-34.330254
855,BRD-K30189597,SYK-inhibitor,0.0,-31.987823,-10.815294,3,2,0,-14.267705,-10.815294,-31.987823
856,BRD-A00100033,nifurtimox,1.3652892,-11.371738,-10.807934,3,2,0,-6.9381275,-10.807934,-11.371738
857,BRD-K10136726,tosyllysyl-chloromethyl-ketone,0.7399577,-10.793091,-17.156162,3,2,0,-9.069765,-10.793091,-17.156162
858,BRD-K48367671,febuxostat,0.0,-17.332972,-10.775507,3,2,0,-9.369493,-10.775507,-17.332972
859,BRD-K11399644,phenformin,0.0,-16.837622,-10.67389,3,2,0,-9.170505,-10.67389,-16.837622
860,BRD-K32830106,guanfacine,28.840813,-10.6348295,-14.916371,3,2,0,1.0965372,-10.6348295,-14.916371
861,BRD-K56231354,triprolidine,0.0,-11.296581,-10.601351,3,2,0,-7.2993107,-10.601351,-11.296581
862,BRD-K10852020,tolcapone,0.0,-19.783361,-10.5523615,3,2,0,-10.111908,-10.5523615,-19.783361
863,BRD-K12401458,BRD-K12401458,-40.3065,-10.469114,12.295811,3,2,0,-12.826602,-10.469114,-40.3065
864,BRD-K14550461,doxercalciferol,0.0,-20.646107,-10.4105,3,2,0,-10.352202,-10.4105,-20.646107
865,BRD-K82688027,RG-13022,-10.681366,-10.321135,2.5369978,3,2,0,-6.155168,-10.321135,-10.681366
866,BRD-A96255180,ribavirin,0.0,-23.48811,-10.245821,3,2,0,-11.244644,-10.245821,-23.48811
867,BRD-A09056319,alfuzosin,0.2114165,-10.709094,-10.162656,3,2,0,-6.886778,-10.162656,-10.709094
868,BRD-K35941380,methysergide,0.0,-53.410583,-10.147991,3,2,0,-21.186192,-10.147991,-53.410583
869,BRD-K60487568,SU-4312,0.0,-10.012097,-51.043995,3,2,0,-20.35203,-10.012097,-51.043995
870,BRD-A41555725,chlortetracycline,0.0,-38.53005,-9.942385,3,2,0,-16.157478,-9.942385,-38.53005
871,BRD-K61314889,endo-IWR-1,10.029966,-40.875793,-9.937066,3,2,0,-13.594296,-9.937066,-40.875793
872,BRD-A41145729,methoprene-acid,0.0,-9.909597,-15.044142,3,2,0,-8.317913,-9.909597,-15.044142
873,BRD-A25234499,aminoglutethimide,0.0,-11.181035,-9.845786,3,2,0,-7.00894,-9.845786,-11.181035
874,BRD-K35708212,ouabain,0.0,-9.840159,-11.511603,3,2,0,-7.1172543,-9.840159,-11.511603
875,BRD-K19507340,megestrol,0.017834315,-9.69026,-21.06377,3,2,0,-10.2453985,-9.69026,-21.06377
876,BRD-K76805682,SB-415286,-14.662604,1.6560959,-9.444998,3,2,0,-7.483835,-9.444998,-14.662604
877,BRD-A44008656,doxylamine,0.0,-9.44327,-26.018879,3,2,0,-11.820717,-9.44327,-26.018879
878,BRD-A79903587,tegafur,0.0,-9.430094,-16.941366,3,2,0,-8.790486,-9.430094,-16.941366
879,BRD-K60640630,mometasone,5.351136,-9.345024,-21.013996,3,2,0,-8.335961,-9.345024,-21.013996
880,BRD-A22844106,tenoxicam,0.0,-9.191566,-19.377579,3,2,0,-9.523048,-9.191566,-19.377579
881,BRD-K84566043,fenpiverinium,-9.161382,4.973015,-49.265152,3,2,0,-17.817839,-9.161382,-49.265152
882,BRD-K13533483,cyclosporin-a,0.0,-9.13694,-11.416927,3,2,0,-6.8512893,-9.13694,-11.416927
883,BRD-K11163873,phenanthridone,0.0,-9.116441,-24.720982,3,2,0,-11.27914,-9.116441,-24.720982
884,BRD-K94080537,diethyltoluamide,0.0,-8.973661,-13.4954195,3,2,0,-7.489694,-8.973661,-13.4954195
885,BRD-K40887525,ritanserin,0.0,-22.351492,-8.80945,3,2,0,-10.386981,-8.80945,-22.351492
886,BRD-K24675965,LY-288513,1.1275547,-8.642786,-16.45525,3,2,0,-7.9901605,-8.642786,-16.45525
887,BRD-K31268420,NSC-693868,0.0,-8.627221,-29.141724,3,2,0,-12.589648,-8.627221,-29.141724
888,BRD-A95939040,sertaconazole,0.0,-18.393246,-8.602415,3,2,0,-8.998553,-8.602415,-18.393246
889,BRD-K83063356,RS-102895,0.0,-15.178069,-8.597604,3,2,0,-7.9252243,-8.597604,-15.178069
890,BRD-A22769835,homochlorcyclizine,0.49330515,-8.586811,-38.98709,3,2,0,-15.693532,-8.586811,-38.98709
891,BRD-K31611373,fluprostenol,-27.469269,3.0253963,-8.573758,3,2,0,-11.0058775,-8.573758,-27.469269
892,BRD-K72541103,JAK3-inhibitor-I,7.1754246,-8.558803,-18.52075,3,2,0,-6.634709,-8.558803,-18.52075
893,BRD-K71103788,duloxetine,,-8.550344,-8.56672,2,2,0,-8.558533,-8.558533,-8.56672
894,BRD-K40227168,vinburnine,0.0,-34.23519,-8.549786,3,2,0,-14.261659,-8.549786,-34.23519
895,BRD-K52512893,SC-19220,0.0,-8.532842,-27.02893,3,2,0,-11.853924,-8.532842,-27.02893
896,BRD-K25591257,resveratrol,-19.068016,-8.473719,3.8407328,3,2,0,-7.900334,-8.473719,-19.068016
897,BRD-A43930669,L-368899,0.0,-8.432404,-15.223749,3,2,0,-7.885384,-8.432404,-15.223749
898,BRD-K61993165,niacin,2.4569733,-8.392063,-22.355474,3,2,0,-9.430188,-8.392063,-22.355474
899,BRD-K75430629,BRD-K75430629,0.0,-8.345327,-18.581253,3,2,0,-8.975527,-8.345327,-18.581253
900,BRD-K79124250,ioxaglic-acid,-17.67019,11.801076,-8.280089,3,2,0,-4.7164016,-8.280089,-17.67019
901,BRD-A04327189,synephrine,0.0,-15.672896,-8.274401,3,2,0,-7.982432,-8.274401,-15.672896
902,BRD-K55301415,abiraterone,-11.327005,-8.215973,0.0,3,2,0,-6.514326,-8.215973,-11.327005
903,BRD-K38305202,domperidone,-8.208561,9.202539,-12.029796,3,2,0,-3.6786058,-8.208561,-12.029796
904,BRD-K88849294,lobaric-acid,-10.111149,2.8291686,-8.181967,3,2,0,-5.1546493,-8.181967,-10.111149
905,BRD-K72166146,dihydroergotamine,2.1646338,-8.139535,-10.059464,3,2,0,-5.344789,-8.139535,-10.059464
906,BRD-K08589866,linsitinib,0.0,-8.0673485,-39.34259,3,2,0,-15.803313,-8.0673485,-39.34259
907,BRD-K31283835,tofacitinib,4.5454545,-7.9641037,-14.974871,3,2,0,-6.1311736,-7.9641037,-14.974871
908,BRD-K81376179,TCS-359,0.0,-7.917778,-9.784957,3,2,0,-5.900912,-7.917778,-9.784957
909,BRD-A93424738,dexamethasone-acetate,17.49228,-7.840644,-28.511934,3,2,0,-6.286766,-7.840644,-28.511934
910,BRD-A96897502,U-74389F,0.0,-7.8025246,-12.17273,3,2,0,-6.658418,-7.8025246,-12.17273
911,BRD-A55962179,omeprazole,0.45806906,-13.573585,-7.751406,3,2,0,-6.955641,-7.751406,-13.573585
912,BRD-K80348542,cephaeline,-9.126145,-7.716702,0.0,3,2,0,-5.6142826,-7.716702,-9.126145
913,BRD-K99621550,tubocurarine,0.0,-12.620192,-7.7102513,3,2,0,-6.776814,-7.7102513,-12.620192
914,BRD-K27141178,SB-203186,0.0,-7.7036543,-8.168635,3,2,0,-5.2907634,-7.7036543,-8.168635
915,BRD-K95785537,PP-2,0.0,-11.6041975,-7.701603,3,2,0,-6.435267,-7.701603,-11.6041975
916,BRD-A36267905,buphenine,3.453136,-87.35025,-7.6814656,3,2,0,-30.526194,-7.6814656,-87.35025
917,BRD-K73838513,cinacalcet,0.0,-12.868229,-7.6284113,3,2,0,-6.832213,-7.6284113,-12.868229
918,BRD-K39569857,avrainvillamide-analog-3,0.0,-17.7158,-7.610994,3,2,0,-8.442265,-7.610994,-17.7158
919,BRD-K69556541,ryanodine,0.0,-21.66518,-7.555829,3,2,0,-9.740336,-7.555829,-21.66518
920,BRD-A37776212,ICI-204448,0.0,-7.4995956,-21.284191,3,2,0,-9.594596,-7.4995956,-21.284191
921,BRD-K55454768,TAS-301,0.0,-15.746198,-7.4273167,3,2,0,-7.724505,-7.4273167,-15.746198
922,BRD-K97118047,"4,5,6,7-tetrabromobenzotriazole",-7.35221,11.363092,-20.2664,3,2,0,-5.418505,-7.35221,-20.2664
923,BRD-K83023055,GR-135531,0.0,-15.657171,-7.351453,3,2,0,-7.669542,-7.351453,-15.657171
924,BRD-K01902415,pirinixic-acid,1.4094433,-7.326778,-10.330202,3,2,0,-5.415846,-7.326778,-10.330202
925,BRD-A49148672,galantamine,-45.564526,14.867039,-7.306522,3,2,0,-12.668003,-7.306522,-45.564526
926,BRD-A66559694,naltrexone,0.0,-7.2093034,-53.8453,3,2,0,-20.351534,-7.2093034,-53.8453
927,BRD-K35240538,methylprednisolone,-8.862278,14.321532,-7.189413,3,2,0,-0.5767196,-7.189413,-8.862278
928,BRD-K04923131,GSK-3-inhibitor-IX,30.897125,-7.1525717,-73.118454,3,2,0,-16.457968,-7.1525717,-73.118454
929,BRD-K57926513,tyrphostin-AG-1295,0.0,-7.0790024,-45.03331,3,2,0,-17.370771,-7.0790024,-45.03331
930,BRD-K88172511,naltrexone,0.028894123,-9.665401,-7.020775,3,2,0,-5.5524273,-7.020775,-9.665401
931,BRD-K22631935,neurodazine,0.0,-7.01198,-45.818382,3,2,0,-17.61012,-7.01198,-45.818382
932,BRD-K04993501,cefixime,2.4665258,-6.9634404,-9.121727,3,2,0,-4.539547,-6.9634404,-9.121727
933,BRD-A13188892,doxazosin,0.0,-6.941491,-18.23037,3,2,0,-8.39062,-6.941491,-18.23037
934,BRD-K73991644,isoquercetin,0.0,-6.934295,-9.167049,3,2,0,-5.367115,-6.934295,-9.167049
935,BRD-A31204924,mitotane,0.0,-8.799133,-6.7391787,3,2,0,-5.179437,-6.7391787,-8.799133
936,BRD-A85234536,N6-cyclopentyladenosine,21.928629,-9.297014,-6.6190286,3,2,0,2.0041955,-6.6190286,-9.297014
937,BRD-K28863208,PNU-282987,1.5856236,-6.5798984,-6.5975933,3,2,0,-3.8639562,-6.5798984,-6.5975933
938,BRD-K42095107,daidzein,-6.45162,-11.170626,7.2577386,3,2,0,-3.454836,-6.45162,-11.170626
939,BRD-K50417881,eticlopride,0.7751938,-6.4062457,-19.224092,3,2,0,-8.2850485,-6.4062457,-19.224092
940,BRD-K29733039,deforolimus,0.0,-6.4015203,-22.7766,3,2,0,-9.72604,-6.4015203,-22.7766
941,BRD-K56334280,amonafide,0.0,-7.2586327,-6.3056936,3,2,0,-4.521442,-6.3056936,-7.2586327
942,BRD-K09631521,thiotepa,-7.9352837,-6.2659287,2.60747,3,2,0,-3.8645809,-6.2659287,-7.9352837
943,BRD-K52930707,rescinnamine,0.0,-19.123558,-6.1870775,3,2,0,-8.436878,-6.1870775,-19.123558
944,BRD-K11634954,GBR-13069,-38.927418,5.3701534,-6.0958424,3,2,0,-13.217702,-6.0958424,-38.927418
945,BRD-A77722753,hydralazine,-6.087437,-10.320614,15.8059635,3,2,0,-0.20069583,-6.087437,-10.320614
946,BRD-A38793261,BRD-A38793261,0.0,-5.990134,-12.730184,3,2,0,-6.240106,-5.990134,-12.730184
947,BRD-A10420615,cyclopiazonic-acid,0.0,-13.317424,-5.855055,3,2,0,-6.3908257,-5.855055,-13.317424
948,BRD-K30816563,ranitidine,12.604802,-5.7765346,-7.864151,3,2,0,-0.34529462,-5.7765346,-7.864151
949,BRD-K41859756,NVP-AUY922,0.0,-44.01989,-5.7644224,3,2,0,-16.59477,-5.7644224,-44.01989
950,BRD-K92817986,BIX-02188,2.60747,-5.7150655,-38.28283,3,2,0,-13.796807,-5.7150655,-38.28283
951,BRD-A18419789,etoposide,0.0,-5.6713047,-15.641444,3,2,0,-7.1042495,-5.6713047,-15.641444
952,BRD-A22143024,estropipate,-14.700025,-5.620908,0.7047216,3,2,0,-6.538737,-5.620908,-14.700025
953,BRD-K26947839,BRD-K26947839,-59.578117,-5.6106744,4.0603466,3,2,0,-20.376148,-5.6106744,-59.578117
954,BRD-K61951118,FG-7142,21.262249,-5.60758,-10.595472,3,2,0,1.6863989,-5.60758,-10.595472
955,BRD-K46317332,proadifen,0.0,-6.953239,-5.56356,3,2,0,-4.1722665,-5.56356,-6.953239
956,BRD-K09436313,prostaglandin,2.501762,-20.770996,-5.532065,3,2,0,-7.933766,-5.532065,-20.770996
957,BRD-K92778217,mefenamic-acid,0.5637773,-16.796932,-5.4990582,3,2,0,-7.2440705,-5.4990582,-16.796932
958,BRD-K96862998,pirfenidone,0.0,-23.281265,-5.48267,3,2,0,-9.587978,-5.48267,-23.281265
959,BRD-K70751730,BRD-K70751730,0.0,-44.232243,-5.426357,3,2,0,-16.552866,-5.426357,-44.232243
960,BRD-K33860217,CP-94253,0.0,-5.3881326,-14.690035,3,2,0,-6.6927223,-5.3881326,-14.690035
961,BRD-A24643465,homoharringtonine,0.0,-5.3558846,-5.426357,3,2,0,-3.5940807,-5.3558846,-5.426357
962,BRD-K95402279,geranylgeraniol,0.0,-5.2854123,-23.317547,3,2,0,-9.53432,-5.2854123,-23.317547
963,BRD-K39120595,bithionol,16.275806,-5.2537875,-5.925996,3,2,0,1.6986746,-5.2537875,-5.925996
964,BRD-K06895174,cisapride,0.029015154,-5.179704,-7.223397,3,2,0,-4.1246953,-5.179704,-7.223397
965,BRD-A36707673,hydroxycholesterol,0.0,-7.6238756,-5.144468,3,2,0,-4.2561145,-5.144468,-7.6238756
966,BRD-K38197229,bumetanide,0.0,-5.144468,-7.1022077,3,2,0,-4.0822253,-5.144468,-7.1022077
967,BRD-A67981824,cefotaxime,3.2769556,-29.016073,-5.0711637,3,2,0,-10.270095,-5.0711637,-29.016073
968,BRD-K19111024,clofibric-acid,0.0,-5.0352764,-9.326733,3,2,0,-4.7873363,-5.0352764,-9.326733
969,BRD-K81783531,VX-222,0.0,-4.9279847,-5.4968286,3,2,0,-3.4749377,-4.9279847,-5.4968286
970,BRD-K80431395,triciribine,0.3875969,-61.75574,-4.897815,3,2,0,-22.088654,-4.897815,-61.75574
971,BRD-A92651262,nalbuphine,0.0,-4.863027,-4.9146776,3,2,0,-3.2592347,-4.863027,-4.9146776
972,BRD-K61691971,avrainvillamide-analog-1,3.1360114,-8.85436,-4.8625793,3,2,0,-3.5269759,-4.8625793,-8.85436
973,BRD-K39944607,ochratoxin-a,0.0,-4.7992325,-19.05093,3,2,0,-7.950054,-4.7992325,-19.05093
974,BRD-K68756823,FR-180204,0.0,-4.792107,-46.726696,3,2,0,-17.172934,-4.792107,-46.726696
975,BRD-K43330982,JTE-013,0.0,-4.746434,-13.510237,3,2,0,-6.0855575,-4.746434,-13.510237
976,BRD-K96119599,leucodin,0.0,-4.69934,-5.8076706,3,2,0,-3.5023367,-4.69934,-5.8076706
977,BRD-K06753942,nobiletin,0.0,-4.792107,-4.686399,3,2,0,-3.159502,-4.686399,-4.792107
978,BRD-K70881766,solanine,0.0,-5.9250283,-4.6511626,3,2,0,-3.525397,-4.6511626,-5.9250283
979,BRD-K51541829,Ro-25-6981,-4.6511626,-11.657699,9.071819,3,2,0,-2.4123473,-4.6511626,-11.657699
980,BRD-K79905821,gabazine,-6.800564,-4.619573,7.82241,3,2,0,-1.1992422,-4.619573,-6.800564
981,BRD-K26117720,gingerol,0.0,-4.582148,-9.654686,3,2,0,-4.745611,-4.582148,-9.654686
982,BRD-K34154330,tracazolate,0.3875969,-4.580691,-64.170815,3,2,0,-22.78797,-4.580691,-64.170815
983,BRD-A25004090,erastin,4.0873857,-6.4581385,-4.535961,3,2,0,-2.302238,-4.535961,-6.4581385
984,BRD-K63792901,arecaidine-but-2-ynyl-ester,0.0,-7.1430287,-4.515727,3,2,0,-3.8862522,-4.515727,-7.1430287
985,BRD-K68191783,ALW-II-38-3,0.0,-10.584691,-4.4397464,3,2,0,-5.008146,-4.4397464,-10.584691
986,BRD-K31054881,BMY-7378,1.4446794,-4.3340383,-23.435852,3,2,0,-8.77507,-4.3340383,-23.435852
987,BRD-A19661776,mianserin,0.0,-4.5401363,-4.298802,3,2,0,-2.9463127,-4.298802,-4.5401363
988,BRD-K85925969,zalcitabine,-4.252274,-8.5609045,14.442003,3,2,0,0.5429416,-4.252274,-8.5609045
989,BRD-K64755930,etazolate,-4.786626,-4.2416816,5.128186,3,2,0,-1.3000404,-4.2416816,-4.786626
990,BRD-K65146499,nabumetone,-4.193094,-41.073524,7.6570063,3,2,0,-12.536537,-4.193094,-41.073524
991,BRD-K89626439,sirolimus,0.0,-13.069743,-4.160033,3,2,0,-5.743259,-4.160033,-13.069743
992,BRD-A29260609,acebutolol,0.0,-4.792107,-4.1578574,3,2,0,-2.9833214,-4.1578574,-4.792107
993,BRD-A72483914,spiroxatrine,40.94004,-4.1578574,-16.937197,3,2,0,6.6149955,-4.1578574,-16.937197
994,BRD-A02481876,importazole,0.0,-4.139232,-75.04911,3,2,0,-26.396112,-4.139232,-75.04911
995,BRD-K06080977,eicosatetraynoic-acid,0.0,-4.0873857,-12.276879,3,2,0,-5.4547553,-4.0873857,-12.276879
996,BRD-K79759031,artesunate,0.14094433,-16.553577,-4.054787,3,2,0,-6.8224735,-4.054787,-16.553577
997,BRD-A43671941,oxprenolol,0.0,-4.0521493,-18.1259,3,2,0,-7.392683,-4.0521493,-18.1259
998,BRD-K27074404,BRD-K27074404,-4.042503,-4.113632,16.96518,3,2,0,2.936348,-4.042503,-4.113632
999,BRD-K48722258,dilazep,0.0,-4.0169134,-28.312067,3,2,0,-10.776326,-4.0169134,-28.312067
1000,BRD-K60923938,veratridine,-4.0169134,13.07847,-8.185023,3,2,0,0.29217783,-4.0169134,-8.185023
1001,BRD-K53987533,fluphenazine,0.0,-11.075539,-3.9547615,3,2,0,-5.0101,-3.9547615,-11.075539
1002,BRD-K79353516,indolophenanthridine,0.0,-7.057286,-3.9464412,3,2,0,-3.667909,-3.9464412,-7.057286
1003,BRD-K28075147,biochanin-a,-4.5535297,-3.8880074,3.488372,3,2,0,-1.651055,-3.8880074,-4.5535297
1004,BRD-K62056274,N-methylquipazine,0.0,-33.667915,-3.8407328,3,2,0,-12.502883,-3.8407328,-33.667915
1005,BRD-A61392169,eliprodil,-3.8106995,-18.237556,6.946306,3,2,0,-5.033983,-3.8106995,-18.237556
1006,BRD-K37798499,etoposide,-3.8068323,-9.760395,0.9650176,3,2,0,-4.2007365,-3.8068323,-9.760395
1007,BRD-A56675431,altizide,-3.7721343,-50.562187,24.034266,3,2,0,-10.1000185,-3.7721343,-50.562187
1008,BRD-K48932581,cetraxate,0.0,-3.730235,-6.5454307,3,2,0,-3.4252217,-3.730235,-6.5454307
1009,BRD-K48722833,iloperidone,0.0,-3.6997886,-31.774687,3,2,0,-11.824825,-3.6997886,-31.774687
1010,BRD-A27554692,altrenogest,-7.06463,-3.6937513,15.592332,3,2,0,1.6113168,-3.6937513,-7.06463
1011,BRD-A54029483,IRL-2500,-3.6293163,-88.94139,31.475494,3,2,0,-20.365072,-3.6293163,-88.94139
1012,BRD-K57222227,indometacin,0.0,-3.6293163,-6.7307205,3,2,0,-3.4533455,-3.6293163,-6.7307205
1013,BRD-K63606607,bufalin,-4.580691,-3.6293163,0.0,3,2,0,-2.7366688,-3.6293163,-4.580691
1014,BRD-K62363391,dapsone,-3.594334,-36.852226,2.8182042,3,2,0,-12.542786,-3.594334,-36.852226
1015,BRD-K55677650,CO-101244,0.0,-3.5940804,-3.614581,3,2,0,-2.402887,-3.5940804,-3.614581
1016,BRD-K82255054,propofol,0.0,-5.743481,-3.5588443,3,2,0,-3.100775,-3.5588443,-5.743481
1017,BRD-A41722204,sulmazole,0.0,-23.565514,-3.5526938,3,2,0,-9.039403,-3.5526938,-23.565514
1018,BRD-A11706664,triciribine,0.0,-45.460487,-3.5236082,3,2,0,-16.328032,-3.5236082,-45.460487
1019,BRD-K34170797,fexaramine,0.0,-3.5004375,-8.290119,3,2,0,-3.9301856,-3.5004375,-8.290119
1020,BRD-K34014345,naproxol,0.0,-3.488372,-6.9066243,3,2,0,-3.464999,-3.488372,-6.9066243
1021,BRD-K12002134,megestrol,0.0,-3.453136,-18.963047,3,2,0,-7.472061,-3.453136,-18.963047
1022,BRD-K68095457,palmitoylethanolamide,-3.5940804,-3.453136,2.5621996,3,2,0,-1.4950056,-3.453136,-3.5940804
1023,BRD-K42679050,Y-27152,-3.4457667,-25.646349,9.35172,3,2,0,-6.5801315,-3.4457667,-25.646349
1024,BRD-K52911425,GDC-0941,54.355186,-3.3970652,-11.372345,3,2,0,13.195259,-3.3970652,-11.372345
1025,BRD-K27305650,LY-294002,0.0,-3.3402944,-5.9837275,3,2,0,-3.1080074,-3.3402944,-5.9837275
1026,BRD-K67080878,milrinone,-3.487742,-3.3121917,1.3389711,3,2,0,-1.8203207,-3.3121917,-3.487742
1027,BRD-K49448285,bisindolylmaleimide,0.0,-3.1465945,-4.1578574,3,2,0,-2.4348173,-3.1465945,-4.1578574
1028,BRD-K39339537,epirizole,0.0,-11.102435,-3.1360114,3,2,0,-4.7461486,-3.1360114,-11.102435
1029,BRD-A92177080,betamethasone-acetate,0.0,-3.1333523,-12.839499,3,2,0,-5.324284,-3.1333523,-12.839499
1030,BRD-K55748775,SCH-28080,0.0,-6.2940426,-3.10847,3,2,0,-3.1341708,-3.10847,-6.2940426
1031,BRD-U44618005,WH-4023,-6.044242,3.7465012,-3.1007752,3,2,0,-1.7995052,-3.1007752,-6.044242
1032,BRD-K28453807,nitrocaramiphen,-3.910301,-2.995067,3.4578629,3,2,0,-1.1491684,-2.995067,-3.910301
1033,BRD-K14807180,SB-221284,0.0,-2.9735186,-9.247992,3,2,0,-4.073837,-2.9735186,-9.247992
1034,BRD-A22897758,pinacidil,-2.8893588,19.847519,-14.424997,3,2,0,0.8443876,-2.8893588,-14.424997
1035,BRD-K32656671,BRD-K32656671,0.0,-2.8541226,-16.834316,3,2,0,-6.562813,-2.8541226,-16.834316
1036,BRD-K20338176,cefaclor,-19.047373,14.077422,-2.8541226,3,2,0,-2.6080246,-2.8541226,-19.047373
1037,BRD-K52459643,alprostadil,0.0,-26.074934,-2.8188865,3,2,0,-9.631273,-2.8188865,-26.074934
1038,BRD-K00675675,CL-82198,0.0,-15.564301,-2.7484143,3,2,0,-6.1042385,-2.7484143,-15.564301
1039,BRD-K00959089,thenoyltrifluoroacetone,7.937413,-2.8561635,-2.7484143,3,2,0,0.77761173,-2.7484143,-2.8561635
1040,BRD-K97564742,mepyramine,-2.7429223,-12.441508,3.2417195,3,2,0,-3.9809036,-2.7429223,-12.441508
1041,BRD-A64227845,SKF-77434,-2.7399004,0.0,-44.31501,3,2,0,-15.68497,-2.7399004,-44.31501
1042,BRD-K55424922,anpirtoline,-2.717679,-2.8419232,2.6779423,3,2,0,-0.96055335,-2.717679,-2.8419232
1043,BRD-K43797669,genistein,0.0,-2.7034545,-4.879854,3,2,0,-2.5277696,-2.7034545,-4.879854
1044,BRD-K74195153,irsogladine,0.0,-2.6427062,-7.310138,3,2,0,-3.3176148,-2.6427062,-7.310138
1045,BRD-K64614248,salicin,0.0,-2.6424134,-6.9479933,3,2,0,-3.1968021,-2.6424134,-6.9479933
1046,BRD-K94176593,TWS-119,-2.572234,8.574074,-45.03969,3,2,0,-13.012616,-2.572234,-45.03969
1047,BRD-K96740444,itopride,-2.561871,47.85933,-39.72514,3,2,0,1.8574395,-2.561871,-39.72514
1048,BRD-K70505054,ranitidine,0.0,-2.5369978,-27.52135,3,2,0,-10.01945,-2.5369978,-27.52135
1049,BRD-A45543382,metrizamide,-26.399998,-2.5369978,1.9027485,3,2,0,-9.0114155,-2.5369978,-26.399998
1050,BRD-K78883024,BRD-K78883024,-2.5369978,14.921373,-37.777657,3,2,0,-8.464427,-2.5369978,-37.777657
1051,BRD-K65910366,KU-C103904N,33.283127,-4.0521493,-2.5194318,3,2,0,8.903849,-2.5194318,-4.0521493
1052,BRD-A15435692,BMY-14802,2.501762,-24.882069,-2.501762,3,2,0,-8.294023,-2.501762,-24.882069
1053,BRD-K70281171,U-99194,1.4094433,-2.501762,-6.648811,3,2,0,-2.5803764,-2.501762,-6.648811
1054,BRD-K42693031,glimepiride,-2.501762,-4.792107,9.252043,3,2,0,0.65272456,-2.501762,-4.792107
1055,BRD-A84389091,L-655708,0.0,-6.293643,-2.4665258,3,2,0,-2.9200563,-2.4665258,-6.293643
1056,BRD-K80672993,M2-PK-activator,-2.4312897,6.741989,-25.700344,3,2,0,-7.1298814,-2.4312897,-25.700344
1057,BRD-K30990140,FR-122047,1.9027485,-2.3960536,-37.095238,3,2,0,-12.529514,-2.3960536,-37.095238
1058,BRD-K96670504,lonidamine,1.9027485,-19.838577,-2.3960536,3,2,0,-6.777294,-2.3960536,-19.838577
1059,BRD-A54632525,BRD-A54632525,0.0,-12.376345,-2.3960536,3,2,0,-4.924133,-2.3960536,-12.376345
1060,BRD-A78322124,dobutamine,3.6618319,-9.790035,-2.3960536,3,2,0,-2.841419,-2.3960536,-9.790035
1061,BRD-A99164655,dihydrexidine,0.0,-2.4732924,-2.3960536,3,2,0,-1.6231152,-2.3960536,-2.4732924
1062,BRD-K94832621,Y-134,-2.3608174,8.886818,-18.271442,3,2,0,-3.915147,-2.3608174,-18.271442
1063,BRD-A49046702,SKF-89976A,-2.3608174,35.385418,-37.121017,3,2,0,-1.3654723,-2.3608174,-37.121017
1064,BRD-A97739905,ketoprofen,-2.3459797,24.585886,-43.990623,3,2,0,-7.250239,-2.3459797,-43.990623
1065,BRD-K36740062,GSK-1070916,0.0,-11.245047,-2.3255813,3,2,0,-4.523543,-2.3255813,-11.245047
1066,BRD-U01690642,acetyl-geranyl-cysteine,0.0,-12.54502,-2.2903454,3,2,0,-4.945122,-2.2903454,-12.54502
1067,BRD-K36529613,PU-H71,0.0,-4.580691,-2.2903454,3,2,0,-2.2903454,-2.2903454,-4.580691
1068,BRD-A65280694,molindone,0.58680415,-2.2551093,-37.763702,3,2,0,-13.144002,-2.2551093,-37.763702
1069,BRD-A97701745,pindolol,0.0,-5.8882055,-2.2551093,3,2,0,-2.7144382,-2.2551093,-5.8882055
1070,BRD-A02189320,met-leu-phe,2.0084567,-2.2198732,-11.35884,3,2,0,-3.8567524,-2.2198732,-11.35884
1071,BRD-A54490543,pirlindole,0.0,-13.417249,-2.2018385,3,2,0,-5.2063622,-2.2018385,-13.417249
1072,BRD-K17008822,BD-1008,-2.184637,-28.569162,0.7399577,3,2,0,-10.004614,-2.184637,-28.569162
1073,BRD-K59522102,piperine,-2.184637,-13.437392,13.33863,3,2,0,-0.7611332,-2.184637,-13.437392
1074,BRD-K76064317,tyrphostin-AG-1296,-2.1141648,0.0,-61.42364,3,2,0,-21.17927,-2.1141648,-61.42364
1075,BRD-A63836183,PD-123319,0.0,-21.306643,-2.1141648,3,2,0,-7.806936,-2.1141648,-21.306643
1076,BRD-K23623876,decafluorobutane,0.0,-17.83717,-2.1141648,3,2,0,-6.6504445,-2.1141648,-17.83717
1077,BRD-K46211610,tolazoline,-2.0789287,-4.721635,3.030303,3,2,0,-1.2567536,-2.0789287,-4.721635
1078,BRD-K66792149,quinoclamine,-2.0549753,-23.31473,21.656153,3,2,0,-1.2378508,-2.0549753,-23.31473
1079,BRD-K36007650,puromycin,0.0,-3.2639322,-2.0436928,3,2,0,-1.7692083,-2.0436928,-3.2639322
1080,BRD-K12994359,valdecoxib,0.3523608,-2.0084567,-2.904627,3,2,0,-1.5202411,-2.0084567,-2.904627
1081,BRD-K25186396,tangeritin,-11.364012,23.99772,-1.9903765,3,2,0,3.5477772,-1.9903765,-11.364012
1082,BRD-K34608650,GP-2a,-1.9732206,2.8002005,-43.700348,3,2,0,-14.291122,-1.9732206,-43.700348
1083,BRD-K14282469,LY-165163,-1.9732206,-2.5248952,31.634846,3,2,0,9.045577,-1.9732206,-2.5248952
1084,BRD-K97688263,benzamil,0.0,-4.7672467,-1.9379845,3,2,0,-2.2350771,-1.9379845,-4.7672467
1085,BRD-K71003802,hippeastrine,-1.9379845,-14.250825,14.591217,3,2,0,-0.5325308,-1.9379845,-14.250825
1086,BRD-K24053527,dextromethorphan,0.0,-18.38425,-1.9027485,3,2,0,-6.762333,-1.9027485,-18.38425
1087,BRD-K20920669,cromoglicic-acid,0.0,-1.9027485,-5.179704,3,2,0,-2.3608177,-1.9027485,-5.179704
1088,BRD-K30697463,desoximetasone,0.0,-1.9027485,-2.3255813,3,2,0,-1.4094433,-1.9027485,-2.3255813
1089,BRD-K04546108,JAK3-inhibitor-VI,-3.2702901,16.42498,-1.9027485,3,2,0,3.7506473,-1.9027485,-3.2702901
1090,BRD-K20714604,RS-56812,-1.8893793,2.0436928,-55.611603,3,2,0,-18.485762,-1.8893793,-55.611603
1091,BRD-K50841342,PAC-1,-1.8578088,0.0,-1.8782935,3,2,0,-1.2453674,-1.8578088,-1.8782935
1092,BRD-K20986251,lithocholic-acid,0.0,-20.823095,-1.8421285,3,2,0,-7.5550747,-1.8421285,-20.823095
1093,BRD-K33459542,ditolylguanidine,0.0,-5.7565956,-1.8322762,3,2,0,-2.529624,-1.8322762,-5.7565956
1094,BRD-K81473089,tacrine,0.66948557,-2.3198423,-1.8322762,3,2,0,-1.1608777,-1.8322762,-2.3198423
1095,BRD-K67445247,flurofamide,-1.7970402,-37.272293,7.435053,3,2,0,-10.544761,-1.7970402,-37.272293
1096,BRD-K28168037,fenretinide,66.003525,-22.161076,-1.7970402,3,2,0,14.015137,-1.7970402,-22.161076
1097,BRD-K47207162,zimelidine,5.1429224,-1.784864,-6.500937,3,2,0,-1.0476261,-1.784864,-6.500937
1098,BRD-K70976396,cefoxitin,0.0,-18.23487,-1.7808928,3,2,0,-6.6719213,-1.7808928,-18.23487
1099,BRD-K67680372,CI-966,1.2332629,-1.7618041,-21.526545,3,2,0,-7.3516955,-1.7618041,-21.526545
1100,BRD-A75172220,hydrocortisone,-1.7618041,-29.49062,25.171673,3,2,0,-2.026917,-1.7618041,-29.49062
1101,BRD-K91601245,mercaptopurine,0.0,-1.691332,-19.204388,3,2,0,-6.96524,-1.691332,-19.204388
1102,BRD-K97799481,theophylline,-1.691332,1.2332629,-1.691332,3,2,0,-0.7164671,-1.691332,-1.691332
1103,BRD-A93206962,L-755507,11.804602,-4.40451,-1.6396842,3,2,0,1.9201359,-1.6396842,-4.40451
1104,BRD-A72441487,stiripentol,0.0,-17.8194,-1.6208597,3,2,0,-6.480087,-1.6208597,-17.8194
1105,BRD-K86600316,RS-79948,-1.5856236,-4.8625793,3.3121917,3,2,0,-1.0453371,-1.5856236,-4.8625793
1106,BRD-A94413429,NTNCB,-1.5503876,6.5442204,-14.868956,3,2,0,-3.2917078,-1.5503876,-14.868956
1107,BRD-A89049230,BRD-A89049230,0.0,-1.5440829,-12.487419,3,2,0,-4.6771674,-1.5440829,-12.487419
1108,BRD-A94543220,bifonazole,0.8427571,-15.827907,-1.5151515,3,2,0,-5.5001006,-1.5151515,-15.827907
1109,BRD-A51820102,econazole,0.0,-1.4874508,-28.704649,3,2,0,-10.0640335,-1.4874508,-28.704649
1110,BRD-A60414806,vincristine,-1.4799154,-72.22496,58.87433,3,2,0,-4.943516,-1.4799154,-72.22496
1111,BRD-K74514084,pazopanib,-1.4799154,-4.369274,0.0,3,2,0,-1.9497299,-1.4799154,-4.369274
1112,BRD-K97399794,quercetin,0.0,-1.4723386,-4.897815,3,2,0,-2.1233847,-1.4723386,-4.897815
1113,BRD-A25775766,securinine,2.3608174,-14.203725,-1.4446794,3,2,0,-4.4291954,-1.4446794,-14.203725
1114,BRD-A49370193,Ro-60-0175,-5.1356792,-1.4446794,0.0,3,2,0,-2.1934528,-1.4446794,-5.1356792
1115,BRD-K38903228,hesperidin,0.0,-1.4024535,-6.0912676,3,2,0,-2.497907,-1.4024535,-6.0912676
1116,BRD-K66896231,ipidacrine,0.0,-1.4799154,-1.3742071,3,2,0,-0.95137423,-1.3742071,-1.4799154
1117,BRD-A63894585,clobetasol,-1.3742071,9.502671,-1.4799154,3,2,0,2.216183,-1.3742071,-1.4799154
1118,BRD-K32610195,androstenedione,0.0,-1.3389711,-8.91474,3,2,0,-3.4179037,-1.3389711,-8.91474
1119,BRD-K17306061,aprepitant,-2.675298,-1.3389711,0.0,3,2,0,-1.3380896,-1.3389711,-2.675298
1120,BRD-K89375097,pirenzepine,-1.3389711,20.851162,-20.026236,3,2,0,-0.17134826,-1.3389711,-20.026236
1121,BRD-K00256256,BRD-K00256256,-1.330936,4.686399,-13.323057,3,2,0,-3.3225315,-1.330936,-13.323057
1122,BRD-K31987754,oleylethanolamide,-20.368584,-1.3166595,14.602722,3,2,0,-2.3608406,-1.3166595,-20.368584
1123,BRD-K28761384,zuclopenthixol,0.0,-1.303735,-76.90491,3,2,0,-26.069548,-1.303735,-76.90491
1124,BRD-K24526313,levcromakalim,0.0,-1.303735,-1.4094433,3,2,0,-0.9043927,-1.303735,-1.4094433
1125,BRD-A73581086,ergometrine,-1.2684989,9.232933,-7.223397,3,2,0,0.24701245,-1.2684989,-7.223397
1126,BRD-K32311154,nifekalant,0.0,-1.2332629,-22.51782,3,2,0,-7.917028,-1.2332629,-22.51782
1127,BRD-K44084986,Y-27632,0.0,-1.2332629,-7.3534327,3,2,0,-2.862232,-1.2332629,-7.3534327
1128,BRD-A68929948,DAPT-GSI-IX,-54.058712,5.9488955,-1.2080815,3,2,0,-16.439299,-1.2080815,-54.058712
1129,BRD-K09186807,KIN001-244,0.0,-7.0037594,-1.1980268,3,2,0,-2.7339287,-1.1980268,-7.0037594
1130,BRD-A82590476,SDZ-NKT-343,-1.1980268,16.659798,-20.749454,3,2,0,-1.7625612,-1.1980268,-20.749454
1131,BRD-K00656370,6-aminochrysene,0.0,-3.8878546,-1.1980268,3,2,0,-1.6952938,-1.1980268,-3.8878546
1132,BRD-A89434049,sarmentogenin,0.964975,-1.6850204,-1.1794139,3,2,0,-0.6331531,-1.1794139,-1.6850204
1133,BRD-K55344148,BU-224,-62.95745,10.624887,-1.1627907,3,2,0,-17.831785,-1.1627907,-62.95745
1134,BRD-K32755366,reserpic-acid,1.4688609,-1.1627907,-25.63343,3,2,0,-8.442453,-1.1627907,-25.63343
1135,BRD-K08640512,RS-100329,0.0,-1.4446794,-1.1376113,3,2,0,-0.86076355,-1.1376113,-1.4446794
1136,BRD-A01145011,zebularine,0.0,-11.189899,-1.1275547,3,2,0,-4.1058183,-1.1275547,-11.189899
1137,BRD-K06593056,LE-135,0.033283167,-2.572234,-1.1275547,3,2,0,-1.2221684,-1.1275547,-2.572234
1138,BRD-K77286328,reversine,0.0,-1.2332629,-1.1275547,3,2,0,-0.78693914,-1.1275547,-1.2332629
1139,BRD-A75769826,SDM-25N,0.023043022,-57.412,-1.1057891,3,2,0,-19.498247,-1.1057891,-57.412
1140,BRD-K05151076,ZK-164015,-19.451313,-1.0952581,23.379616,3,2,0,0.94434804,-1.0952581,-19.451313
1141,BRD-K49890030,gavestinel,0.0,-1.0923185,-4.298802,3,2,0,-1.7970401,-1.0923185,-4.298802
1142,BRD-K86434416,selegiline,-1.0923185,37.685806,-13.389711,3,2,0,7.7345924,-1.0923185,-13.389711
1143,BRD-K19605405,ZM-241385,0.66948557,-21.482311,-1.0570824,3,2,0,-7.28997,-1.0570824,-21.482311
1144,BRD-K32645441,dipropyl-5ct,-1.0570824,-31.21155,13.196514,3,2,0,-6.3573728,-1.0570824,-31.21155
1145,BRD-K93754473,tamoxifen,0.0,-1.0570824,-8.258219,3,2,0,-3.1051004,-1.0570824,-8.258219
1146,BRD-K28578425,cilostamide,1.4094433,-3.6293163,-1.0570824,3,2,0,-1.0923184,-1.0570824,-3.6293163
1147,BRD-K67844266,pevonedistat,-1.0570824,-22.674932,57.302345,3,2,0,11.190109,-1.0570824,-22.674932
1148,BRD-K28470988,L-690330,0.0,-1.0482725,-14.887165,3,2,0,-5.3118124,-1.0482725,-14.887165
1149,BRD-K68620903,dydrogesterone,11.834037,-1.0266981,-1.1980268,3,2,0,3.203104,-1.0266981,-1.1980268
1150,BRD-A32949107,MRS-1845,-1.0218464,4.9682875,-15.36798,3,2,0,-3.8071797,-1.0218464,-15.36798
1151,BRD-A45333398,periplocymarin,-1.0218464,-4.981249,3.3550084,3,2,0,-0.8826957,-1.0218464,-4.981249
1152,BRD-K09485525,GANT-61,47.77711,-18.975803,-1.0218464,3,2,0,9.25982,-1.0218464,-18.975803
1153,BRD-K50325075,UCL-2077,-0.99948114,-16.402695,21.926882,3,2,0,1.5082353,-0.99948114,-16.402695
1154,BRD-A96456596,FPL-55712,-0.9866103,-29.043266,4.001588,3,2,0,-8.676097,-0.9866103,-29.043266
1155,BRD-K79404599,enzastaurin,0.027748503,-0.9866103,-9.495766,3,2,0,-3.484876,-0.9866103,-9.495766
1156,BRD-K05396879,15-delta-prostaglandin-j2,0.14094433,-0.9866103,-5.0945263,3,2,0,-1.980064,-0.9866103,-5.0945263
1157,BRD-K00486786,Ro-08-2750,-0.9866103,-4.4397464,0.7751938,3,2,0,-1.5503877,-0.9866103,-4.4397464
1158,BRD-K77008974,WYE-354,2.60747,-1.0923185,-0.9866103,3,2,0,0.17618036,-0.9866103,-1.0923185
1159,BRD-A29082194,gitoxigenin,-0.95137423,-20.355946,3.6645525,3,2,0,-5.8809223,-0.95137423,-20.355946
1160,BRD-K27710560,splitomycin,0.0,-0.95137423,-10.855337,3,2,0,-3.9355705,-0.95137423,-10.855337
1161,BRD-K82941592,rosuvastatin,-6.448203,2.60747,-0.95137423,3,2,0,-1.5973692,-0.95137423,-6.448203
1162,BRD-K56745457,azauridine,-0.95137423,-3.7688155,0.63424945,3,2,0,-1.3619801,-0.95137423,-3.7688155
1163,BRD-K68402494,ML-9,2.0436928,-0.95137423,-3.9791877,3,2,0,-0.96228975,-0.95137423,-3.9791877
1164,BRD-K66615216,moxifloxacin,-0.95137423,-1.1275547,4.686399,3,2,0,0.86915666,-0.95137423,-1.1275547
1165,BRD-A29289453,PCA-4248,0.0,-0.9161381,-0.9161381,3,2,0,-0.6107587,-0.9161381,-0.9161381
1166,BRD-K63533170,AM-630,-1.5856236,-0.9161381,3.362163,3,2,0,0.2868004,-0.9161381,-1.5856236
1167,BRD-A43882281,pinacidil,-1.6272126,16.732706,-0.9161381,3,2,0,4.7297854,-0.9161381,-1.6272126
1168,BRD-K80738081,resveratrol,-0.8756906,2.184637,-1.303735,3,2,0,0.0017371575,-0.8756906,-1.303735
1169,BRD-K81847782,scandenin,35.51419,-0.85775554,-46.65755,3,2,0,-4.0003715,-0.85775554,-46.65755
1170,BRD-K62929068,6-benzylaminopurine,-0.845666,15.265034,-1.7618041,3,2,0,4.2191877,-0.845666,-1.7618041
1171,BRD-K41903098,diphenoxylate,28.521622,-0.845666,-8.045177,3,2,0,6.543593,-0.845666,-8.045177
1172,BRD-A18579359,wiskostatin,-0.8451484,-3.2064834,27.808485,3,2,0,7.918951,-0.8451484,-3.2064834
1173,BRD-K72903603,zidovudine,0.0,-13.382148,-0.8104299,3,2,0,-4.7308593,-0.8104299,-13.382148
1174,BRD-A61793559,metolazone,0.0,-29.501705,-0.7751938,3,2,0,-10.092299,-0.7751938,-29.501705
1175,BRD-A87445400,yohimbine,0.0,-15.291097,-0.7751938,3,2,0,-5.35543,-0.7751938,-15.291097
1176,BRD-K42098891,protriptyline,0.0,-0.7751938,-3.8407328,3,2,0,-1.5386423,-0.7751938,-3.8407328
1177,BRD-K40965114,cyanopindolol,5.402758,-0.7751938,-0.79220057,3,2,0,1.2784547,-0.7751938,-0.79220057
1178,BRD-K54704028,BAY-36-7620,-13.59857,-0.7399577,0.7047216,3,2,0,-4.544602,-0.7399577,-13.59857
1179,BRD-K54708045,nTZDpa,0.0,-6.85211,-0.7399577,3,2,0,-2.5306892,-0.7399577,-6.85211
1180,BRD-K50135270,GBR-12935,-3.7350247,3.6130261,-0.7399577,3,2,0,-0.2873188,-0.7399577,-3.7350247
1181,BRD-K76872913,benzanthrone,-1.8584703,15.971027,-0.7111643,3,2,0,4.467131,-0.7111643,-1.8584703
1182,BRD-K06557128,voriconazole,0.0,-0.7047216,-18.405712,3,2,0,-6.3701444,-0.7047216,-18.405712
1183,BRD-K86930074,cediranib,0.0,-0.66948557,-54.262344,3,2,0,-18.31061,-0.66948557,-54.262344
1184,BRD-K37270826,mifepristone,-2.149401,-0.66948557,4.7439117,3,2,0,0.64167506,-0.66948557,-2.149401
1185,BRD-K32536677,AGK-2,-21.816803,43.41661,-0.66948557,3,2,0,6.9767737,-0.66948557,-21.816803
1186,BRD-K87932577,NSC-693868,0.0,-0.63424945,-34.703968,3,2,0,-11.779407,-0.63424945,-34.703968
1187,BRD-A81402010,KU-C103443N,0.0,-0.63424945,-6.6289964,3,2,0,-2.4210818,-0.63424945,-6.6289964
1188,BRD-K78294846,osthol,-0.5990134,-28.595976,4.6114798,3,2,0,-8.194504,-0.5990134,-28.595976
1189,BRD-K14888893,minoxidil,-0.5990134,-4.6735516,11.816105,3,2,0,2.18118,-0.5990134,-4.6735516
1190,BRD-K66404838,nalbuphine,12.236267,-1.0923185,-0.5990134,3,2,0,3.5149784,-0.5990134,-1.0923185
1191,BRD-K82562631,tolmetin,-0.5990134,28.17516,-2.7131784,3,2,0,8.287656,-0.5990134,-2.7131784
1192,BRD-K92015269,GBR-12783,0.28188866,-0.5637773,-2.3178394,3,2,0,-0.86657596,-0.5637773,-2.3178394
1193,BRD-A77291778,cyclopentolate,-0.5637773,1.8675123,-1.5856236,3,2,0,-0.09396287,-0.5637773,-1.5856236
1194,BRD-K15933101,ropinirole,0.0,-0.5285412,-9.82851,3,2,0,-3.4523506,-0.5285412,-9.82851
1195,BRD-A51829654,BRL-15572,0.0,-5.573511,-0.5285412,3,2,0,-2.0340173,-0.5285412,-5.573511
1196,BRD-A14395271,mesoridazine,-0.5285412,3.534175,-0.5990134,3,2,0,0.8022068,-0.5285412,-0.5990134
1197,BRD-K66198023,losartan,-0.51832235,-3.1360114,0.9907381,3,2,0,-0.88786525,-0.51832235,-3.1360114
1198,BRD-K85090592,pilocarpine,0.422833,-0.49330515,-75.36759,3,2,0,-25.146019,-0.49330515,-75.36759
1199,BRD-K63828191,raloxifene,0.0,-0.5792383,-0.49330515,3,2,0,-0.35751447,-0.49330515,-0.5792383
1200,BRD-K35483542,alitretinoin,-0.49330515,-4.580691,14.611232,3,2,0,3.1790783,-0.49330515,-4.580691
1201,BRD-K63630713,etacrynic-acid,1.0570824,-0.45806906,-11.71606,3,2,0,-3.705682,-0.45806906,-11.71606
1202,BRD-U88459701,atorvastatin,0.0,-1.7618041,-0.45806906,3,2,0,-0.73995775,-0.45806906,-1.7618041
1203,BRD-K26657438,imiquimod,-0.45806906,-5.8868904,8.121692,3,2,0,0.5922441,-0.45806906,-5.8868904
1204,BRD-K16664969,GTP-14564,0.0,-23.005817,-0.422833,3,2,0,-7.80955,-0.422833,-23.005817
1205,BRD-K88759641,EMD-66684,-11.14558,-0.422833,3.9259367,3,2,0,-2.5474923,-0.422833,-11.14558
1206,BRD-A85424553,thioperamide,0.0,-13.879182,-0.3894005,3,2,0,-4.756194,-0.3894005,-13.879182
1207,BRD-A34806832,proscillaridin,-0.3875969,-23.883726,0.0,3,2,0,-8.090441,-0.3875969,-23.883726
1208,BRD-K12102668,nialamide,-0.3875969,16.860403,-20.932888,3,2,0,-1.486694,-0.3875969,-20.932888
1209,BRD-A79672927,tropicamide,0.070472166,-0.5990134,-0.3875969,3,2,0,-0.30537936,-0.3875969,-0.5990134
1210,BRD-A02176148,tubaic-acid,0.0,-5.9524717,-0.3523608,3,2,0,-2.101611,-0.3523608,-5.9524717
1211,BRD-A97437073,rosiglitazone,0.0,-1.4700514,-0.31712472,3,2,0,-0.59572536,-0.31712472,-1.4700514
1212,BRD-K60770992,pergolide,-0.31712472,-4.9330516,5.2041225,3,2,0,-0.015351255,-0.31712472,-4.9330516
1213,BRD-A39390670,rabeprazole,0.7751938,-0.31712472,-0.33320355,3,2,0,0.041621845,-0.31712472,-0.33320355
1214,BRD-K71499074,diclofenamide,-0.31712472,-0.45806906,1.3346252,3,2,0,0.18647714,-0.31712472,-0.45806906
1215,BRD-K87158025,benzamil,0.0,-0.28188866,-0.95137423,3,2,0,-0.41108763,-0.28188866,-0.95137423
1216,BRD-K09778810,FGIN-1-27,0.035236083,-0.8104299,-0.28188866,3,2,0,-0.3523608,-0.28188866,-0.8104299
1217,BRD-K87990216,piretanide,-1.8498223,-0.28188866,2.0084567,3,2,0,-0.041084766,-0.28188866,-1.8498223
1218,BRD-A35519318,benidipine,-0.28188866,22.645687,-22.200499,3,2,0,0.054433286,-0.28188866,-22.200499
1219,BRD-A04553218,chlorphenamine,-0.28188866,-0.45806906,1.726568,3,2,0,0.3288701,-0.28188866,-0.45806906
1220,BRD-K90733503,cephalexin,-0.24665257,-14.2624235,16.591412,3,2,0,0.6941118,-0.24665257,-14.2624235
1221,BRD-A26095496,clobetasol,-0.24665257,-7.836043,15.141375,3,2,0,2.352893,-0.24665257,-7.836043
1222,BRD-K00615600,AG-14361,-0.1761804,-4.0169134,1.7618041,3,2,0,-0.8104299,-0.1761804,-4.0169134
1223,BRD-A07780951,orciprenaline,0.0,-0.1761804,-1.8675123,3,2,0,-0.68123096,-0.1761804,-1.8675123
1224,BRD-K51313569,palbociclib,0.0,-0.7399577,-0.1761804,3,2,0,-0.30537936,-0.1761804,-0.7399577
1225,BRD-K52080565,nandrolone,-0.5990134,0.45806906,-0.1761804,3,2,0,-0.10570824,-0.1761804,-0.5990134
1226,BRD-K79425933,benperidol,-0.1761804,25.958292,-1.3389711,3,2,0,8.147714,-0.1761804,-1.3389711
1227,BRD-A05186015,bupropion,-0.17464876,3.3121917,-2.4665258,3,2,0,0.22367239,-0.17464876,-2.4665258
1228,BRD-K09416995,lovastatin,-0.14094433,2.0436928,-9.760395,3,2,0,-2.6192157,-0.14094433,-9.760395
1229,BRD-A57382968,piroxicam,-0.14094433,5.7082453,-9.739006,3,2,0,-1.3905684,-0.14094433,-9.739006
1230,BRD-A79768653,sirolimus,0.070472166,-0.14094433,-0.66948557,3,2,0,-0.24665259,-0.14094433,-0.66948557
1231,BRD-K45033733,famciclovir,-0.14094433,3.1360114,-2.0084567,3,2,0,0.3288701,-0.14094433,-2.0084567
1232,BRD-K82135108,elesclomol,-0.14094433,-1.0218464,25.013382,3,2,0,7.950197,-0.14094433,-1.0218464
1233,BRD-K81528515,nilotinib,-0.10570825,-17.297497,5.989209,3,2,0,-3.8046653,-0.10570825,-17.297497
1234,BRD-K35531059,molsidomine,-0.10570825,-1.4446794,1.4094433,3,2,0,-0.046981454,-0.10570825,-1.4446794
1235,BRD-K63979671,etifenin,-0.10570825,-8.261377,15.170153,3,2,0,2.267689,-0.10570825,-8.261377
1236,BRD-K18574842,nafcillin,-0.10570825,-13.832986,22.352463,3,2,0,2.8045895,-0.10570825,-13.832986
1237,BRD-K00627859,tubastatin-a,-0.070472166,0.0,-2.184637,3,2,0,-0.7517031,-0.070472166,-2.184637
1238,BRD-K32821942,azathioprine,0.029706802,-0.070472166,-0.10570825,3,2,0,-0.048824538,-0.070472166,-0.10570825
1239,BRD-K59962020,CHEMBL-374350,-0.035236083,0.45806906,-2.320288,3,2,0,-0.632485,-0.035236083,-2.320288
1240,BRD-K30480208,torasemide,-0.035236083,-2.3157709,1.3742071,3,2,0,-0.32559994,-0.035236083,-2.3157709
1241,BRD-A67799922,phenoxybenzamine,-0.029156819,22.89135,-5.410268,3,2,0,5.8173084,-0.029156819,-5.410268
1242,BRD-K12079898,PD-160170,1.1224453,,-3.5847335,2,1,0,-1.2311441,-1.2311441,-3.5847335
1243,BRD-K79131256,albendazole,,-3.5158231,2.8746548,2,1,0,-0.32058418,-0.32058418,-3.5158231
1244,BRD-K23192422,lestaurtinib,0.0,0.0,-75.02449,3,1,0,-25.008163,0.0,-75.02449
1245,BRD-K94325918,kinetin-riboside,0.0,-73.839066,1.8322762,3,1,0,-24.002264,0.0,-73.839066
1246,BRD-K93568044,hydrocortisone,0.0,0.0,-68.59779,3,1,0,-22.86593,0.0,-68.59779
1247,BRD-K63784565,10-hydroxycamptothecin,0.0,0.0,-60.796387,3,1,0,-20.265463,0.0,-60.796387
1248,BRD-A79803969,memantine,0.0,0.0,-54.834747,3,1,0,-18.27825,0.0,-54.834747
1249,BRD-A41250306,cyclopenthiazide,0.0,-66.63342,11.899538,3,1,0,-18.244629,0.0,-66.63342
1250,BRD-K50387473,XMD-892,0.0,0.0,-49.97589,3,1,0,-16.65863,0.0,-49.97589
1251,BRD-K35458079,edaravone,0.0,7.9985905,-56.4553,3,1,0,-16.152237,0.0,-56.4553
1252,BRD-K06335600,tizanidine,0.0,0.0,-47.141476,3,1,0,-15.713825,0.0,-47.141476
1253,BRD-A61599461,BRD-A61599461,0.0,-46.383034,0.0,3,1,0,-15.461011,0.0,-46.383034
1254,BRD-K35687265,ON-01910,0.0,-41.826263,0.0,3,1,0,-13.942088,0.0,-41.826263
1255,BRD-K88701661,dimercaptosuccinic-acid,0.0,8.776311,-49.015205,3,1,0,-13.412965,0.0,-49.015205
1256,BRD-A52588987,SKF-83566,0.0,-43.544106,3.875969,3,1,0,-13.2227125,0.0,-43.544106
1257,BRD-K32836707,CAY-10577,0.0,-42.26599,8.085797,3,1,0,-11.393398,0.0,-42.26599
1258,BRD-A16754160,ampicillin,0.0,8.707054,-40.28773,3,1,0,-10.526893,0.0,-40.28773
1259,BRD-A36630025,SN-38,0.0,11.773972,-42.718292,3,1,0,-10.314774,0.0,-42.718292
1260,BRD-K24576554,AT-9283,0.0,-66.24715,35.5039,3,1,0,-10.247749,0.0,-66.24715
1261,BRD-K80325895,eicosadienoic-acid,0.0,-27.599014,0.0,3,1,0,-9.199672,0.0,-27.599014
1262,BRD-M86331534,pyrvinium-pamoate,0.0,-29.28641,3.4178998,3,1,0,-8.622836,0.0,-29.28641
1263,BRD-K28907958,CD-437,0.0,13.126314,-38.764996,3,1,0,-8.546227,0.0,-38.764996
1264,BRD-K02581333,protein-tyrosine-phosphatase-inhibitor-IV,0.0,21.180607,-45.259373,3,1,0,-8.026256,0.0,-45.259373
1265,BRD-K37618799,MRS-1220,0.0,-43.39675,19.890015,3,1,0,-7.835579,0.0,-43.39675
1266,BRD-U25771771,WZ-4-145,0.0,5.9651003,-29.281155,3,1,0,-7.7720184,0.0,-29.281155
1267,BRD-K85013741,auraptene,0.0,-32.662632,11.109852,3,1,0,-7.18426,0.0,-32.662632
1268,BRD-A10070317,propranolol,0.0,17.578682,-38.996674,3,1,0,-7.1393304,0.0,-38.996674
1269,BRD-K03440695,boldine,0.0,1.7618041,-21.518246,3,1,0,-6.58548,0.0,-21.518246
1270,BRD-K92726801,hydrastinine,0.0,-26.970486,7.9614143,3,1,0,-6.336357,0.0,-26.970486
1271,BRD-A14792000,valsartan,0.0,16.8374,-34.725483,3,1,0,-5.962694,0.0,-34.725483
1272,BRD-K62609077,scoulerine,0.0,-51.31062,33.472237,3,1,0,-5.9461274,0.0,-51.31062
1273,BRD-K05181463,L-741626,0.0,1.4385477,-19.207468,3,1,0,-5.9229736,0.0,-19.207468
1274,BRD-A43974575,tranylcypromine,0.0,-19.11801,1.8322762,3,1,0,-5.7619114,0.0,-19.11801
1275,BRD-K12765235,carbenoxolone,0.0,-26.043976,9.156394,3,1,0,-5.629194,0.0,-26.043976
1276,BRD-K61463582,BRD-K61463582,0.0,-16.121506,0.0,3,1,0,-5.373835,0.0,-16.121506
1277,BRD-K07881437,danusertib,0.0,-46.443993,31.223194,3,1,0,-5.0735993,0.0,-46.443993
1278,BRD-K17868609,BRL-54443,0.0,0.8104299,-15.675509,3,1,0,-4.9550266,0.0,-15.675509
1279,BRD-A15297126,fluocinolone-acetonide,1.5131282,0.0,-15.768276,3,1,0,-4.751716,0.0,-15.768276
1280,BRD-A63445921,nicardipine,0.0,-23.158182,9.4721985,3,1,0,-4.5619946,0.0,-23.158182
1281,BRD-K25741894,skimmianine,0.0,0.0,-13.6139965,3,1,0,-4.5379987,0.0,-13.6139965
1282,BRD-A90131694,alclometasone,0.0,3.5076282,-16.333324,3,1,0,-4.275232,0.0,-16.333324
1283,BRD-K59633790,VU-0420363-1,0.0,-12.442986,0.0,3,1,0,-4.1476617,0.0,-12.442986
1284,BRD-A67605442,tetrahydrobiopterin,0.0,-30.49536,18.203184,3,1,0,-4.0973916,0.0,-30.49536
1285,BRD-A23770159,sirolimus,-12.264396,0.0,0.0,3,1,0,-4.088132,0.0,-12.264396
1286,BRD-A74904029,EI-231,0.0,7.223397,-19.456318,3,1,0,-4.0776405,0.0,-19.456318
1287,BRD-K79877282,PF-543,0.0,7.01198,-19.178053,3,1,0,-4.0553575,0.0,-19.178053
1288,BRD-A88774919,doxycycline,0.0,-12.144654,0.0,3,1,0,-4.0482183,0.0,-12.144654
1289,BRD-K01648091,LE-300,0.0,-25.405424,13.370713,3,1,0,-4.0115705,0.0,-25.405424
1290,BRD-K25504083,cytochalasin-d,0.0,-47.879147,35.91369,3,1,0,-3.988486,0.0,-47.879147
1291,BRD-K51918615,iodophenpropit,0.0,-21.826702,9.993526,3,1,0,-3.944392,0.0,-21.826702
1292,BRD-A54596827,solifenacin,0.0,-37.647472,26.137053,3,1,0,-3.8368065,0.0,-37.647472
1293,BRD-A07614565,BRD-A07614565,0.0,-11.358015,0.0,3,1,0,-3.786005,0.0,-11.358015
1294,BRD-K91370081,anisomycin,0.0,0.0,-10.332731,3,1,0,-3.4442437,0.0,-10.332731
1295,BRD-A85587465,bemesetron,0.0,1.7970402,-12.109798,3,1,0,-3.437586,0.0,-12.109798
1296,BRD-A60070924,alpha-estradiol,0.0,4.1578574,-14.103032,3,1,0,-3.3150585,0.0,-14.103032
1297,BRD-K14609189,BRD-K14609189,-12.863323,2.9245949,0.0,3,1,0,-3.3129094,0.0,-12.863323
1298,BRD-K95763993,trapidil,0.0,14.959612,-24.174675,3,1,0,-3.0716877,0.0,-24.174675
1299,BRD-K05977823,tenovin-1,-11.64688,0.0,2.4665258,3,1,0,-3.060118,0.0,-11.64688
1300,BRD-K14236372,BRD-K14236372,0.0,0.0,-8.856493,3,1,0,-2.9521644,0.0,-8.856493
1301,BRD-A71765365,mepireserpate,0.0,0.4718389,-9.014459,3,1,0,-2.84754,0.0,-9.014459
1302,BRD-K84658672,nateglinide,-36.924232,0.0,28.742188,3,1,0,-2.7273483,0.0,-36.924232
1303,BRD-A73605923,mocimycin,0.0,-41.482388,33.452866,3,1,0,-2.6765072,0.0,-41.482388
1304,BRD-K57631554,5-aminolevulinic-acid,0.0,0.0,-8.016703,3,1,0,-2.6722343,0.0,-8.016703
1305,BRD-K17705806,JTC-801,0.0,-15.610649,7.957203,3,1,0,-2.5511487,0.0,-15.610649
1306,BRD-A81795050,U-18666A,-8.504855,0.9161381,0.0,3,1,0,-2.5295722,0.0,-8.504855
1307,BRD-K59632282,quinidine,0.0,-12.996459,5.567301,3,1,0,-2.476386,0.0,-12.996459
1308,BRD-K45479396,BP-554,0.0,2.6427062,-9.418017,3,1,0,-2.2584372,0.0,-9.418017
1309,BRD-K93433262,alfacalcidol,-8.822728,0.0,2.2198732,3,1,0,-2.2009516,0.0,-8.822728
1310,BRD-K79254416,decitabine,-6.9178514,0.0,0.5637773,3,1,0,-2.1180246,0.0,-6.9178514
1311,BRD-K12120659,GR-144053,0.0,12.008192,-17.891901,3,1,0,-1.9612364,0.0,-17.891901
1312,BRD-K16478699,PLX-4720,0.0,-12.686185,6.8747635,3,1,0,-1.9371405,0.0,-12.686185
1313,BRD-A42553870,L-152804,0.0,-5.810164,0.0,3,1,0,-1.9367213,0.0,-5.810164
1314,BRD-K49810818,sorafenib,0.0,-8.791127,2.995067,3,1,0,-1.9320202,0.0,-8.791127
1315,BRD-A49358627,ciprofibrate,0.0,-9.461025,3.7702608,3,1,0,-1.8969215,0.0,-9.461025
1316,BRD-K26863634,BIX-01338,0.0,-6.661896,0.9866103,3,1,0,-1.8917619,0.0,-6.661896
1317,BRD-K86887724,dofetilide,0.0,3.3474278,-8.950165,3,1,0,-1.867579,0.0,-8.950165
1318,BRD-A24381660,zeranol,0.0,-16.861103,11.337461,3,1,0,-1.8412138,0.0,-16.861103
1319,BRD-K10016611,pyridine-2-aldoxime,0.0,-10.609988,5.3911204,3,1,0,-1.7396226,0.0,-10.609988
1320,BRD-K25875056,SC-9,0.0,-8.954013,3.805497,3,1,0,-1.7161719,0.0,-8.954013
1321,BRD-K49294207,BIBU-1361,0.0,14.346761,-19.40258,3,1,0,-1.6852732,0.0,-19.40258
1322,BRD-K92428232,GSK-461364,0.0,0.0,-4.634404,3,1,0,-1.5448014,0.0,-4.634404
1323,BRD-K33864865,LY-225910,0.0,-5.2110415,0.7047216,3,1,0,-1.5021067,0.0,-5.2110415
1324,BRD-K65417056,meprylcaine,0.0,-6.088875,1.7618041,3,1,0,-1.442357,0.0,-6.088875
1325,BRD-A52326238,isogedunin,0.0,2.572234,-6.8778954,3,1,0,-1.4352204,0.0,-6.8778954
1326,BRD-K01815685,indole-3-carbinol,0.0,9.259128,-12.775708,3,1,0,-1.1721935,0.0,-12.775708
1327,BRD-K24240364,GYKI-52466,0.0,-4.5963297,1.1980268,3,1,0,-1.1327677,0.0,-4.5963297
1328,BRD-K44497846,enalapril,0.0,-3.3121917,0.0,3,1,0,-1.1040639,0.0,-3.3121917
1329,BRD-A73859745,glycodeoxycholic-acid,0.0,-11.176701,7.8969064,3,1,0,-1.0932647,0.0,-11.176701
1330,BRD-K28667793,pyrazinamide,0.0,-4.731605,1.7201465,3,1,0,-1.0038195,0.0,-4.731605
1331,BRD-A10977446,carvedilol,0.0,0.49330515,-3.488372,3,1,0,-0.9983556,0.0,-3.488372
1332,BRD-A07029265,ipratropium,0.0,-21.025028,18.084084,3,1,0,-0.9803149,0.0,-21.025028
1333,BRD-K11696279,BU-239,0.0,-15.061994,12.123436,3,1,0,-0.9795192,0.0,-15.061994
1334,BRD-K72817452,BRD-K72817452,0.0,0.0,-2.6779423,3,1,0,-0.89264745,0.0,-2.6779423
1335,BRD-K28307902,flutamide,0.0,0.7047216,-3.3474278,3,1,0,-0.88090205,0.0,-3.3474278
1336,BRD-K23478508,digoxin,0.0,0.0,-2.3608174,3,1,0,-0.78693914,0.0,-2.3608174
1337,BRD-K32710582,EI-247,0.0,2.1141648,-4.3887324,3,1,0,-0.7581892,0.0,-4.3887324
1338,BRD-K91336023,mesulergine,0.0,0.0,-2.1373773,3,1,0,-0.7124591,0.0,-2.1373773
1339,BRD-K06217810,BRD-K06217810,0.0,1.9027485,-3.9464412,3,1,0,-0.68123084,0.0,-3.9464412
1340,BRD-K71926323,marbofloxacin,0.0,5.3558846,-7.146494,3,1,0,-0.59686977,0.0,-7.146494
1341,BRD-K15834839,lobendazole,0.0,0.422833,-2.184637,3,1,0,-0.58726805,0.0,-2.184637
1342,BRD-K08556791,ethoprop,1.8322762,0.0,-3.5605764,3,1,0,-0.57610005,0.0,-3.5605764
1343,BRD-M62162320,rilmenidine,0.0,0.0,-1.726568,3,1,0,-0.57552266,0.0,-1.726568
1344,BRD-A76093993,cromakalim,0.0,-10.105508,8.386188,3,1,0,-0.57310677,0.0,-10.105508
1345,BRD-A17428743,BW-723C86,0.0,-7.559899,5.9196615,3,1,0,-0.5467458,0.0,-7.559899
1346,BRD-K08998509,fananserin,0.0,3.772024,-5.26124,3,1,0,-0.49640536,0.0,-5.26124
1347,BRD-A74500471,ethambutol,0.0,1.4446794,-2.8737097,3,1,0,-0.47634342,0.0,-2.8737097
1348,BRD-K96527333,dehydroisoandosterone,0.0,-1.4205756,0.0,3,1,0,-0.4735252,0.0,-1.4205756
1349,BRD-K67566344,KU-0063794,0.0,-1.3742071,0.0,3,1,0,-0.45806906,0.0,-1.3742071
1350,BRD-A78360835,cercosporin,0.0,19.849213,-21.199854,3,1,0,-0.45021376,0.0,-21.199854
1351,BRD-K45158365,valsartan,0.0,5.240592,-6.4127226,3,1,0,-0.3907102,0.0,-6.4127226
1352,BRD-A10355991,norketamine,0.0,-3.1007752,1.9732206,3,1,0,-0.37585154,0.0,-3.1007752
1353,BRD-K97365803,PI-828,0.0,0.0,-1.0218464,3,1,0,-0.34061548,0.0,-1.0218464
1354,BRD-K08554278,bisbenzimide,-4.298802,0.0,3.453136,3,1,0,-0.28188863,0.0,-4.298802
1355,BRD-K10916986,vinorelbine,0.0,-9.126145,8.386188,3,1,0,-0.2466526,0.0,-9.126145
1356,BRD-A21723284,naltriben,0.0,-0.7399577,0.0,3,1,0,-0.24665256,0.0,-0.7399577
1357,BRD-K37289225,clozapine,0.0,0.31712472,-1.0570824,3,1,0,-0.24665256,0.0,-1.0570824
1358,BRD-A43331270,niguldipine,0.0,0.0,-0.6373,3,1,0,-0.21243334,0.0,-0.6373
1359,BRD-K99411983,lumicolchicine,0.0,9.291586,-9.763454,3,1,0,-0.1572895,0.0,-9.763454
1360,BRD-A14566392,scopolamine,1.0923185,-1.5503876,0.0,3,1,0,-0.1526897,0.0,-1.5503876
1361,BRD-K27871032,lysergol,0.0,-1.1275547,0.7047216,3,1,0,-0.14094435,0.0,-1.1275547
1362,BRD-K79930101,GW-583340,0.0,-1.691332,1.3809949,3,1,0,-0.10344569,0.0,-1.691332
1363,BRD-K14767410,SC-560,0.0,-1.726568,1.4446794,3,1,0,-0.09396287,0.0,-1.726568
1364,BRD-K47598052,PP-1,0.0,1.0570824,-1.2820866,3,1,0,-0.075001396,0.0,-1.2820866
1365,BRD-A36066264,estradiol-benzoate,0.0,-5.378908,5.2169075,3,1,0,-0.054000217,0.0,-5.378908
1366,BRD-K14200658,syrosingopine,0.0,-1.0570824,0.9161381,3,1,0,-0.046981435,0.0,-1.0570824
1367,BRD-K84421793,BRD-K84421793,-0.7399577,0.5990134,0.0,3,1,0,-0.046981435,0.0,-0.7399577
1368,BRD-K12057390,apigenin,0.0,1.1980268,-1.303735,3,1,0,-0.03523608,0.0,-1.303735
1369,BRD-K02992638,lamivudine,0.0,-3.6997886,3.6018515,3,1,0,-0.032645702,0.0,-3.6997886
1370,BRD-K36324071,NF-449,0.0,-0.77954006,0.7049396,3,1,0,-0.02486682,0.0,-0.77954006
1371,BRD-K34776109,glimepiride,0.0,0.070472166,-0.14094433,3,1,0,-0.023490721,0.0,-0.14094433
1372,BRD-K51223576,AG-99,0.0,-8.220812,8.15779,3,1,0,-0.02100722,0.0,-8.220812
1373,BRD-K88611939,aniracetam,0.0,-2.4509544,2.3960536,3,1,0,-0.018300295,0.0,-2.4509544
1374,BRD-K75615183,talipexole,0.0,0.3523608,-0.3523608,3,1,0,0.0,0.0,-0.3523608
1375,BRD-K31699485,DMeOB,0.0,-7.233816,7.2405586,3,1,0,0.0022474925,0.0,-7.233816
1376,BRD-A03816571,CP-55940,-0.7751938,0.0,0.89246607,3,1,0,0.039090753,0.0,-0.7751938
1377,BRD-K22193694,dioxybenzone,0.0,6.2720227,-6.150755,3,1,0,0.0404226,0.0,-6.150755
1378,BRD-A62809825,thapsigargin,0.88090205,0.0,-0.74767697,3,1,0,0.044408362,0.0,-0.74767697
1379,BRD-K57546357,prunetin,9.076706,0.0,-8.930297,3,1,0,0.048803013,0.0,-8.930297
1380,BRD-K66956375,oleoylethanolamide,0.0,-1.5151515,1.9027485,3,1,0,0.12919898,0.0,-1.5151515
1381,BRD-A49906757,scopolamine-n-oxide,0.0,2.69711,-2.2198732,3,1,0,0.15907891,0.0,-2.2198732
1382,BRD-K29313308,HDAC3-selective,0.0,-0.035172656,0.5637773,3,1,0,0.17620157,0.0,-0.035172656
1383,BRD-K65261396,tacrolimus,0.0,1.2021992,-0.63424945,3,1,0,0.18931659,0.0,-0.63424945
1384,BRD-K84595254,strophanthidin,-1.0923185,1.7970402,0.0,3,1,0,0.23490722,0.0,-1.0923185
1385,BRD-K92991072,PAC-1,0.0,1.7280622,-1.0218464,3,1,0,0.23540525,0.0,-1.0218464
1386,BRD-K46137903,prednicarbate,0.0,5.8618536,-5.04175,3,1,0,0.27336788,0.0,-5.04175
1387,BRD-K82091397,SB-239063,0.0,-3.2842493,4.369274,3,1,0,0.36167493,0.0,-3.2842493
1388,BRD-K59773493,benzohydroxamic-acid,2.995067,0.0,-1.3885007,3,1,0,0.53552204,0.0,-1.3885007
1389,BRD-K18910433,estradiol,0.0,-4.645367,6.794089,3,1,0,0.7162406,0.0,-4.645367
1390,BRD-K19985802,BRD-K19985802,0.0,7.5757575,-5.2777014,3,1,0,0.7660187,0.0,-5.2777014
1391,BRD-K37814297,acepromazine,0.0,3.5191073,-1.1627907,3,1,0,0.78543884,0.0,-1.1627907
1392,BRD-A47633927,NPC-15199,0.0,3.1551523,-0.7399577,3,1,0,0.80506486,0.0,-0.7399577
1393,BRD-K47761761,PD-168077,7.4169436,-4.72563,0.0,3,1,0,0.89710456,0.0,-4.72563
1394,BRD-A59215453,lobelanidine,0.0,-26.498678,29.525944,3,1,0,1.0090885,0.0,-26.498678
1395,BRD-K95992530,cyclo-[Arg-Gly-Asp-D-Phe-Val],0.0,6.9717884,-3.875969,3,1,0,1.0319399,0.0,-3.875969
1396,BRD-K94920105,DR-2313,0.0,-0.5285412,3.7702608,3,1,0,1.0805732,0.0,-0.5285412
1397,BRD-K08252256,diclofenac,-0.0,7.1037855,-3.7350247,3,1,0,1.1229203,0.0,-3.7350247
1398,BRD-K91938660,memantine,0.0,-6.765328,10.157125,3,1,0,1.1305991,0.0,-6.765328
1399,BRD-K60219430,serdemetan,0.0,8.240465,-4.8166523,3,1,0,1.141271,0.0,-4.8166523
1400,BRD-K52721684,PCO-400,0.0,-10.332004,14.084675,3,1,0,1.2508904,0.0,-10.332004
1401,BRD-K14618467,IKK-16,0.0,5.7787175,-2.0084567,3,1,0,1.2567536,0.0,-2.0084567
1402,BRD-K03816923,rottlerin,0.0,-1.5503876,5.3427486,3,1,0,1.2641203,0.0,-1.5503876
1403,BRD-K39823328,VU-0366037-2,0.0,-14.964619,18.770794,3,1,0,1.268725,0.0,-14.964619
1404,BRD-K66944906,fraxidin,0.0,-2.2551093,6.098737,3,1,0,1.2812091,0.0,-2.2551093
1405,BRD-A01346607,flumetasone,0.0,17.646275,-13.700762,3,1,0,1.3151709,0.0,-13.700762
1406,BRD-K95655893,MAZ-51,0.0,-24.285587,28.259035,3,1,0,1.3244826,0.0,-24.285587
1407,BRD-A24891640,nimodipine,0.0,10.439487,-6.002799,3,1,0,1.4788961,0.0,-6.002799
1408,BRD-A08187463,racecadotril,0.0,-6.850915,11.382301,3,1,0,1.5104622,0.0,-6.850915
1409,BRD-K32526544,DCEBIO,0.0,9.654686,-4.7291613,3,1,0,1.6418415,0.0,-4.7291613
1410,BRD-K14693417,cinchonine,0.0,-6.1710615,11.487403,3,1,0,1.7721138,0.0,-6.1710615
1411,BRD-K43744935,tamoxifen,0.0,-2.501762,8.129708,3,1,0,1.8759822,0.0,-2.501762
1412,BRD-K53878242,MMPX,0.0,21.21707,-15.204228,3,1,0,2.0042803,0.0,-15.204228
1413,BRD-K41713976,E-4031,0.0,-3.555204,9.656804,3,1,0,2.0338666,0.0,-3.555204
1414,BRD-K85030058,benactyzine,0.0,9.253079,-2.0111806,3,1,0,2.4139662,0.0,-2.0111806
1415,BRD-A74907996,equol,0.0,-5.1926413,12.438337,3,1,0,2.415232,0.0,-5.1926413
1416,BRD-K85266041,DNQX,0.0,9.405815,-2.0084567,3,1,0,2.4657862,0.0,-2.0084567
1417,BRD-K50836978,purvalanol-a,0.0,16.086313,-8.572708,3,1,0,2.504535,0.0,-8.572708
1418,BRD-K40619305,larixinic-acid,0.0,-3.488372,11.176847,3,1,0,2.5628252,0.0,-3.488372
1419,BRD-A03623303,metoprolol,0.0,-2.2551093,10.059532,3,1,0,2.6014743,0.0,-2.2551093
1420,BRD-K47278471,diphenhydramine,0.0,-13.859527,21.993477,3,1,0,2.7113168,0.0,-13.859527
1421,BRD-K08132273,tyrphostin,0.0,-7.271594,15.7849865,3,1,0,2.8377974,0.0,-7.271594
1422,BRD-A26097136,bulleyaconitine-a,0.0,-7.95718,16.671694,3,1,0,2.9048378,0.0,-7.95718
1423,BRD-K02867583,minaprine,0.0,-0.9866103,10.23058,3,1,0,3.0813234,0.0,-0.9866103
1424,BRD-K67578145,GDC-0879,0.0,10.866172,-1.303735,3,1,0,3.187479,0.0,-1.303735
1425,BRD-A59943784,fluticasone,0.0,17.262627,-6.572033,3,1,0,3.5635312,0.0,-6.572033
1426,BRD-K76534306,enrofloxacin,0.0,16.339634,-5.592599,3,1,0,3.582345,0.0,-5.592599
1427,BRD-K64881305,ispinesib,13.520575,0.0,-2.6427062,3,1,0,3.6259563,0.0,-2.6427062
1428,BRD-A11609859,SB-205607,0.0,-2.8188865,13.762253,3,1,0,3.6477888,0.0,-2.8188865
1429,BRD-K05906022,limonin,0.0,14.552502,-3.2420578,3,1,0,3.770148,0.0,-3.2420578
1430,BRD-K64670467,JNJ-16259685,0.0,-2.0789287,13.485433,3,1,0,3.802168,0.0,-2.0789287
1431,BRD-A82371568,clofarabine,0.0,-2.38667,14.868993,3,1,0,4.160774,0.0,-2.38667
1432,BRD-K90259198,W-7,0.0,-0.5990134,13.335202,3,1,0,4.245396,0.0,-0.5990134
1433,BRD-K84663978,trequinsin,0.0,17.900623,-5.118864,3,1,0,4.2605863,0.0,-5.118864
1434,BRD-A05352148,ipratropium,0.0,-2.0436928,14.830925,3,1,0,4.2624106,0.0,-2.0436928
1435,BRD-K48935217,epothilone,0.0,-32.62359,45.984657,3,1,0,4.4536896,0.0,-32.62359
1436,BRD-K96037667,norethindrone,0.0,24.158197,-9.732609,3,1,0,4.8085294,0.0,-9.732609
1437,BRD-K95899059,LY-344864,-8.948322,0.0,25.323082,3,1,0,5.4582534,0.0,-8.948322
1438,BRD-K48969316,BRD-K48969316,0.0,-2.8541226,19.453611,3,1,0,5.533163,0.0,-2.8541226
1439,BRD-K58033748,BRD-K58033748,0.0,27.661644,-11.028691,3,1,0,5.5443177,0.0,-11.028691
1440,BRD-A58564983,selamectin,0.0,-15.47992,32.699722,3,1,0,5.7399344,0.0,-15.47992
1441,BRD-K64517075,heliomycin,-7.6089473,0.0,25.152992,3,1,0,5.848015,0.0,-7.6089473
1442,BRD-K34092021,arvanil,0.0,-2.184637,21.746637,3,1,0,6.5206666,0.0,-2.184637
1443,BRD-K99595596,salsolinol,0.0,22.523087,-2.7484143,3,1,0,6.591557,0.0,-2.7484143
1444,BRD-K34508425,KU-C103898N,0.0,-3.911205,24.148716,3,1,0,6.7458367,0.0,-3.911205
1445,BRD-K13571841,pepstatin,0.0,23.983522,-2.9598308,3,1,0,7.007897,0.0,-2.9598308
1446,BRD-K29673530,hypericin,0.0,-7.137075,29.471272,3,1,0,7.444732,0.0,-7.137075
1447,BRD-K75295174,alisertib,0.0,-16.137636,39.169834,3,1,0,7.677399,0.0,-16.137636
1448,BRD-K12539581,nocodazole,0.0,-25.553284,50.827618,3,1,0,8.424778,0.0,-25.553284
1449,BRD-A96485169,EBPC,0.0,-9.020437,35.502323,3,1,0,8.827295,0.0,-9.020437
1450,BRD-K94270326,ecopipam,0.0,-17.089115,44.737328,3,1,0,9.216071,0.0,-17.089115
1451,BRD-K65331431,retinyl-acetate,0.0,34.044327,-2.501762,3,1,0,10.514188,0.0,-2.501762
1452,BRD-K19796430,sonidegib,0.0,63.26108,-29.971554,3,1,0,11.096509,0.0,-29.971554
1453,BRD-K82357231,desloratadine,0.0,72.910324,-37.398373,3,1,0,11.837317,0.0,-37.398373
1454,BRD-K78431006,crizotinib,0.0,42.71067,-4.0169134,3,1,0,12.897919,0.0,-4.0169134
1455,BRD-K59753975,vindesine,0.0,-15.930811,60.44947,3,1,0,14.839554,0.0,-15.930811
1456,BRD-K15600710,obatoclax,0.0,-4.792107,67.09188,3,1,0,20.766592,0.0,-4.792107
1457,BRD-K73978287,hydrocortisone,0.0,82.254745,-5.074331,3,1,0,25.726805,0.0,-5.074331
1458,BRD-K15916496,clotrimazole,0.01622242,-3.1007752,11.00839,3,1,0,2.6412792,0.01622242,-3.1007752
1459,BRD-A34299591,budesonide,0.017249273,18.25855,-4.843541,3,1,0,4.4774194,0.017249273,-4.843541
1460,BRD-K90382497,GW-843682X,0.0191405,-3.7702608,36.643784,3,1,0,10.964222,0.0191405,-3.7702608
1461,BRD-A91008255,bepridil,-7.007206,0.02317248,4.694442,3,1,0,-0.76319724,0.02317248,-7.007206
1462,BRD-K29458283,chlorambucil,0.025376057,-1.5856236,0.24665257,3,1,0,-0.437865,0.025376057,-1.5856236
1463,BRD-K56515112,medrysone,0.02957816,24.545849,-2.075737,3,1,0,7.4998965,0.02957816,-2.075737
1464,BRD-K29359156,ebselen,-1.6208597,0.05361423,1.8675123,3,1,0,0.100088954,0.05361423,-1.6208597
1465,BRD-K89348303,ramipril,0.070472166,-7.257779,3.3472624,3,1,0,-1.2800149,0.070472166,-7.257779
1466,BRD-A44133049,azasetron,0.070472166,0.1761804,-0.17899895,3,1,0,0.022551209,0.070472166,-0.17899895
1467,BRD-K75699339,rizatriptan,0.070472166,14.05217,-9.935852,3,1,0,1.3955966,0.070472166,-9.935852
1468,BRD-K47780086,penciclovir,0.070472166,-17.100494,27.62483,3,1,0,3.5316026,0.070472166,-17.100494
1469,BRD-A89175223,bisoprolol,0.070472166,-1.0570824,15.8905735,3,1,0,4.9679875,0.070472166,-1.0570824
1470,BRD-K14221570,benzopurpurin-4b,0.10570825,-0.31712472,1.1485797,3,1,0,0.31238773,0.10570825,-0.31712472
1471,BRD-K54771420,glycocholic-acid,0.10570825,-5.830721,7.168631,3,1,0,0.48120615,0.10570825,-5.830721
1472,BRD-A78942461,ICI-118551,-0.05369778,0.10570825,1.4094433,3,1,0,0.48715124,0.10570825,-0.05369778
1473,BRD-K04196797,oxcarbazepine,0.10570825,-5.6533065,21.87501,3,1,0,5.4424706,0.10570825,-5.6533065
1474,BRD-K38436528,imipramine,1.1151311,-6.142618,0.14094433,3,1,0,-1.6288475,0.14094433,-6.142618
1475,BRD-A29322418,canrenoic-acid,0.14094433,-6.9015794,56.14383,3,1,0,16.461065,0.14094433,-6.9015794
1476,BRD-K59163477,cisapride,1.8322762,0.1761804,-20.092932,3,1,0,-6.0281587,0.1761804,-20.092932
1477,BRD-K02113016,olaparib,0.2114165,4.8982725,-55.336323,3,1,0,-16.74221,0.2114165,-55.336323
1478,BRD-K24023109,diltiazem,0.2114165,1.5576723,-0.845666,3,1,0,0.3078076,0.2114165,-0.845666
1479,BRD-K62996583,lidoflazine,0.2114165,-0.7047216,10.291354,3,1,0,3.2660162,0.2114165,-0.7047216
1480,BRD-K48869804,icilin,0.28188866,1.1627907,-9.346495,3,1,0,-2.6339386,0.28188866,-9.346495
1481,BRD-A09467419,mebeverine,0.28188866,-14.946643,18.102985,3,1,0,1.146077,0.28188866,-14.946643
1482,BRD-K39965020,doconexent,0.422833,-0.3875969,0.31712472,3,1,0,0.117453605,0.31712472,-0.3875969
1483,BRD-K99922388,DPO-1,1.2907493,-0.66948557,0.31712472,3,1,0,0.31279615,0.31712472,-0.66948557
1484,BRD-K04414442,SB-222200,0.3523608,0.3875969,-7.2272153,3,1,0,-2.162419,0.3523608,-7.2272153
1485,BRD-K30020243,aliskiren,-5.6304493,0.3523608,5.0072665,3,1,0,-0.09027401,0.3523608,-5.6304493
1486,BRD-K86204871,terconazole,-0.66948557,0.95137423,0.3523608,3,1,0,0.21141648,0.3523608,-0.66948557
1487,BRD-K67537649,PQ-401,0.3523608,2.5369978,-2.0008805,3,1,0,0.2961594,0.3523608,-2.0008805
1488,BRD-K70327191,benzoxiquine,6.1756544,-0.1761804,0.3523608,3,1,0,2.1172783,0.3523608,-0.1761804
1489,BRD-K06208435,YS-035,-0.49330515,10.079624,0.3523608,3,1,0,3.3128932,0.3523608,-0.49330515
1490,BRD-K99616396,motesanib,-3.4178998,0.3523608,26.551605,3,1,0,7.828689,0.3523608,-3.4178998
1491,BRD-A68631409,evodiamine,0.3875969,-17.494099,4.7045326,3,1,0,-4.13399,0.3875969,-17.494099
1492,BRD-K87947369,tozasertib,0.3875969,3.3725805,-10.030971,3,1,0,-2.0902643,0.3875969,-10.030971
1493,BRD-K04046242,equilin,-0.070472166,1.3389711,0.3875969,3,1,0,0.55203193,0.3875969,-0.070472166
1494,BRD-K99696746,fatostatin,-14.161438,0.3875969,17.46209,3,1,0,1.2294159,0.3875969,-14.161438
1495,BRD-K39256324,rottlerin,0.3875969,9.358685,-5.517729,3,1,0,1.4095176,0.3875969,-5.517729
1496,BRD-K89839824,raltitrexed,-0.2114165,0.3875969,23.238321,3,1,0,7.804834,0.3875969,-0.2114165
1497,BRD-K09132007,D-4476,-8.431952,0.422833,4.90416,3,1,0,-1.0349865,0.422833,-8.431952
1498,BRD-K59273480,propentofylline,0.45559672,-1.6208597,0.66948557,3,1,0,-0.16525915,0.45559672,-1.6208597
1499,BRD-K28346421,rifapentine,16.168526,-51.404182,0.49330515,3,1,0,-11.580784,0.49330515,-51.404182
1500,BRD-K06159959,CCMQ,2.4312897,-5.463077,0.49330515,3,1,0,-0.8461607,0.49330515,-5.463077
1501,BRD-K59753853,MDL-29951,-6.8487206,0.5285412,4.9606576,3,1,0,-0.45317397,0.5285412,-6.8487206
1502,BRD-A66435872,HTMT,-0.5637773,3.3528428,0.5285412,3,1,0,1.1058688,0.5285412,-0.5637773
1503,BRD-K02637541,celecoxib,-0.070472166,0.5285412,5.6737146,3,1,0,2.043928,0.5285412,-0.070472166
1504,BRD-K20168484,BRD-K20168484,0.5285412,-10.840423,19.762638,3,1,0,3.1502523,0.5285412,-10.840423
1505,BRD-K47639036,flavoxate,-0.7047216,0.5637773,0.7399577,3,1,0,0.19967113,0.5637773,-0.7047216
1506,BRD-K73397362,purmorphamine,-0.02534677,0.5637773,3.8643992,3,1,0,1.4676099,0.5637773,-0.02534677
1507,BRD-K63165456,norcyclobenzaprine,-0.45806906,0.6370741,0.5990134,3,1,0,0.25933948,0.5990134,-0.45806906
1508,BRD-A90490067,fulvestrant,5.4323974,-10.81646,0.63424945,3,1,0,-1.5832709,0.63424945,-10.81646
1509,BRD-A75402480,deoxycorticosterone-acetate,0.63424945,-4.193094,2.1173642,3,1,0,-0.4804934,0.63424945,-4.193094
1510,BRD-K65639003,icariin,0.63424945,-3.6293163,3.4178998,3,1,0,0.14094432,0.63424945,-3.6293163
1511,BRD-K28360340,TW-37,1.3742071,0.63424945,-1.105732,3,1,0,0.3009082,0.63424945,-1.105732
1512,BRD-K39188321,betamethasone,0.66948557,3.2101922,-12.594698,3,1,0,-2.9050071,0.66948557,-12.594698
1513,BRD-K68264559,brimonidine,0.7008634,7.4899163,-0.9161381,3,1,0,2.4248805,0.7008634,-0.9161381
1514,BRD-A79226577,tropisetron,0.7047216,-2.0789287,14.39794,3,1,0,4.341244,0.7047216,-2.0789287
1515,BRD-K68437527,EMF-BCA1-60,0.7047216,-1.726568,21.967512,3,1,0,6.9818883,0.7047216,-1.726568
1516,BRD-K82823804,PD-407824,0.7246126,5.561493,-19.673882,3,1,0,-4.462592,0.7246126,-19.673882
1517,BRD-K89125793,tinidazole,-0.24665257,13.437777,0.8104299,3,1,0,4.6671844,0.8104299,-0.24665257
1518,BRD-K72034655,peucedanin,0.8428601,-21.231285,17.945147,3,1,0,-0.8144261,0.8428601,-21.231285
1519,BRD-K98948170,BRD-K98948170,0.845666,-13.201563,1.4094433,3,1,0,-3.648818,0.845666,-13.201563
1520,BRD-K09397065,SR-57227A,-0.031076647,0.845666,6.4291024,3,1,0,2.414564,0.845666,-0.031076647
1521,BRD-A39415247,norethisterone,-0.7399577,9.271772,0.845666,3,1,0,3.1258268,0.845666,-0.7399577
1522,BRD-K28115081,apafant,-1.1980268,0.9161381,2.2551093,3,1,0,0.65774024,0.9161381,-1.1980268
1523,BRD-K81729199,AQ-RA741,-0.45806906,0.9161381,4.091643,3,1,0,1.5165707,0.9161381,-0.45806906
1524,BRD-K03109492,NSC-663284,0.9161381,40.55817,-28.849209,3,1,0,4.2083664,0.9161381,-28.849209
1525,BRD-A40639672,ketorolac,0.95137423,-5.21494,2.1141648,3,1,0,-0.71646696,0.95137423,-5.21494
1526,BRD-K33882852,ZK-93423,4.193094,-3.2064834,0.95137423,3,1,0,0.6459949,0.95137423,-3.2064834
1527,BRD-A45499626,UBP-302,-4.0132084,0.9866103,1.1275547,3,1,0,-0.6330145,0.9866103,-4.0132084
1528,BRD-K04430056,7-nitroindazole,-1.2684989,0.9866103,3.382664,3,1,0,1.0335917,0.9866103,-1.2684989
1529,BRD-A24514565,warfarin,-3.5588443,1.7618041,1.0218464,3,1,0,-0.25839797,1.0218464,-3.5588443
1530,BRD-K14993104,bemegride,1.6375189,1.0570824,-25.421564,3,1,0,-7.5756545,1.0570824,-25.421564
1531,BRD-K13926615,vardenafil,1.7970402,-9.402133,1.0661073,3,1,0,-2.1796618,1.0661073,-9.402133
1532,BRD-K93460210,lamotrigine,-1.0570824,1.0923185,28.744604,3,1,0,9.59328,1.0923185,-1.0570824
1533,BRD-K60460488,nelfinavir,1.1136584,-1.6560959,9.631897,3,1,0,3.0298197,1.1136584,-1.6560959
1534,BRD-K99615199,medroxyprogesterone,1.116081,30.350113,-14.250969,3,1,0,5.7384086,1.116081,-14.250969
1535,BRD-A34817987,itraconazole,-0.025692388,19.185194,1.1359524,3,1,0,6.7651515,1.1359524,-0.025692388
1536,BRD-K00312224,PPT,1.1627907,-10.947301,8.394334,3,1,0,-0.46339214,1.1627907,-10.947301
1537,BRD-K20755323,SKI-II,-0.070472166,1.1627907,2.977932,3,1,0,1.3567501,1.1627907,-0.070472166
1538,BRD-A65671304,candesartan-cilextil,1.1627907,7.694764,-2.1141648,3,1,0,2.2477968,1.1627907,-2.1141648
1539,BRD-A98431941,ephedrine,1.1894162,-8.421424,16.065302,3,1,0,2.9444313,1.1894162,-8.421424
1540,BRD-K27316855,calcitriol,-2.0554433,2.5886211,1.1980268,3,1,0,0.57706815,1.1980268,-2.0554433
1541,BRD-K32501161,vanoxerine,-0.023364667,1.1980268,2.6779423,3,1,0,1.2842014,1.1980268,-0.023364667
1542,BRD-K71534238,GW-9508,-0.5990134,2.2551093,1.2332629,3,1,0,0.9631197,1.2332629,-0.5990134
1543,BRD-K36009368,NNC-63-0532,11.975333,-0.5637773,1.2332629,3,1,0,4.2149396,1.2332629,-0.5637773
1544,BRD-K03384561,roquinimex,1.2684989,4.5454545,-1.8675123,3,1,0,1.3154804,1.2684989,-1.8675123
1545,BRD-K01567962,pyrazolanthrone,-1.4446794,7.847188,1.2684989,3,1,0,2.5570023,1.2684989,-1.4446794
1546,BRD-K96263742,GW-7647,36.352184,1.295768,-2.149401,3,1,0,11.83285,1.295768,-2.149401
1547,BRD-K62858456,lomerizine,1.3389711,-21.42706,18.577541,3,1,0,-0.50351554,1.3389711,-21.42706
1548,BRD-A60274948,bromocriptine,-6.3084555,1.3661181,29.717703,3,1,0,8.258454,1.3661181,-6.3084555
1549,BRD-K72783841,tyrphostin-AG-555,1.3742071,-1.4094433,8.488855,3,1,0,2.817873,1.3742071,-1.4094433
1550,BRD-K82164249,andarine,-1.7618041,31.186853,1.3742071,3,1,0,10.266419,1.3742071,-1.7618041
1551,BRD-A37347161,BRL-52537,7.442082,-6.2053843,1.3777854,3,1,0,0.8714945,1.3777854,-6.2053843
1552,BRD-K12762134,XAV-939,1.3993413,-11.214052,13.758066,3,1,0,1.3144518,1.3993413,-11.214052
1553,BRD-A88254928,salbutamol,-0.66948557,15.619993,1.4094433,3,1,0,5.453317,1.4094433,-0.66948557
1554,BRD-A83255679,BRD-A83255679,1.4446794,-1.0570824,6.819906,3,1,0,2.402501,1.4446794,-1.0570824
1555,BRD-A74975734,homatropine,-2.8059072,1.5097046,20.31471,3,1,0,6.339503,1.5097046,-2.8059072
1556,BRD-K74141488,naftifine,1.5503876,-4.5454545,36.061462,3,1,0,11.022132,1.5503876,-4.5454545
1557,BRD-A39290993,cyproterone,1.5978577,40.79659,-15.237556,3,1,0,9.052297,1.5978577,-15.237556
1558,BRD-A01295252,7-hydroxy-PIPAT,30.245632,-1.1275547,1.6208597,3,1,0,10.246312,1.6208597,-1.1275547
1559,BRD-K92492521,LY-255283,-3.3121917,11.034178,1.6560959,3,1,0,3.126027,1.6560959,-3.3121917
1560,BRD-A92439610,triamcinolone-acetonide,1.691332,6.674655,-4.298802,3,1,0,1.3557283,1.691332,-4.298802
1561,BRD-K78633253,EXO-1,6.9311814,-1.3389711,1.726568,3,1,0,2.4395926,1.726568,-1.3389711
1562,BRD-A42649439,triciribine,1.726568,-10.105815,28.101902,3,1,0,6.5742183,1.726568,-10.105815
1563,BRD-K05901394,terguride,1.791849,-13.059826,7.6302624,3,1,0,-1.2125715,1.791849,-13.059826
1564,BRD-K51350053,toremifene,-0.020472659,1.8167871,6.9335003,3,1,0,2.909938,1.8167871,-0.020472659
1565,BRD-A27143604,diarylpropionitrile,1.8322762,-19.503342,18.581745,3,1,0,0.3035599,1.8322762,-19.503342
1566,BRD-K20995441,U-54494A,24.196705,-2.3960536,1.8371845,3,1,0,7.8792787,1.8371845,-2.3960536
1567,BRD-K36862742,hydroflumethiazide,-7.9515285,1.8675123,18.746283,3,1,0,4.220755,1.8675123,-7.9515285
1568,BRD-K70358946,aripiprazole,-0.2114165,1.8729384,12.584383,3,1,0,4.748635,1.8729384,-0.2114165
1569,BRD-K77175907,calcifediol,1.9089117,-1.5031481,27.312576,3,1,0,9.239448,1.9089117,-1.5031481
1570,BRD-K28143534,cyproheptadine,-27.62635,1.9379845,11.756312,3,1,0,-4.6440177,1.9379845,-27.62635
1571,BRD-K02526760,QS-11,-0.45806906,1.9660532,87.24665,3,1,0,29.584879,1.9660532,-0.45806906
1572,BRD-K53913732,SB-408124,-1.9732206,16.670393,1.9732206,3,1,0,5.5567975,1.9732206,-1.9732206
1573,BRD-A06784547,MRS-1334,6.1421313,-7.2173433,1.9737113,3,1,0,0.29949966,1.9737113,-7.2173433
1574,BRD-K89055274,alverine,-4.216251,8.082001,2.0084567,3,1,0,1.958069,2.0084567,-4.216251
1575,BRD-K78637815,LY-320135,-2.0789287,2.0148978,2.3255813,3,1,0,0.75385004,2.0148978,-2.0789287
1576,BRD-A39747742,estradiol-valerate,2.0368533,-56.931046,58.23778,3,1,0,1.1145297,2.0368533,-56.931046
1577,BRD-K08973992,linoleic-acid,-72.10065,2.0789287,9.196828,3,1,0,-20.274963,2.0789287,-72.10065
1578,BRD-K59037100,oxybenzone,2.0933492,16.473131,-4.1226215,3,1,0,4.8146195,2.0933492,-4.1226215
1579,BRD-K28029915,dolasetron,-26.302773,4.4397464,2.1141648,3,1,0,-6.582954,2.1141648,-26.302773
1580,BRD-K85518562,cilastatin,2.1303225,28.218184,-6.8678164,3,1,0,7.8268967,2.1303225,-6.8678164
1581,BRD-K36927236,glibenclamide,-0.061927624,10.528376,2.149401,3,1,0,4.2052827,2.149401,-0.061927624
1582,BRD-K24127443,BRD-K24127443,-11.951841,2.2198732,7.6814656,3,1,0,-0.68350095,2.2198732,-11.951841
1583,BRD-K53979406,ALX-5407,3.5013025,2.2538986,-0.5990134,3,1,0,1.7187294,2.2538986,-0.5990134
1584,BRD-K40255344,tyrphostin-A9,3.0655391,-4.0384865,2.2903454,3,1,0,0.4391327,2.2903454,-4.0384865
1585,BRD-K11129031,gemfibrozil,-0.5637773,7.584703,2.2903454,3,1,0,3.1037571,2.2903454,-0.5637773
1586,BRD-K87510569,RS-504393,-2.708972,2.3211386,8.985201,3,1,0,2.8657892,2.3211386,-2.708972
1587,BRD-K06712146,YM-90709,-0.10570825,2.324317,5.7749863,3,1,0,2.6645317,2.324317,-0.10570825
1588,BRD-K73391359,quinisocaine,-34.91609,36.590134,2.3255813,3,1,0,1.3332087,2.3255813,-34.91609
1589,BRD-K12502280,TG-101348,2.3608174,-5.211401,14.692788,3,1,0,3.9474018,2.3608174,-5.211401
1590,BRD-A34208323,VU-0404997-2,-62.027798,8.527132,2.3960536,3,1,0,-17.034872,2.3960536,-62.027798
1591,BRD-K74501079,azithromycin,-1.1247779,16.902063,2.3960536,3,1,0,6.0577793,2.3960536,-1.1247779
1592,BRD-K27184429,levocetirizine,2.4353337,-9.796041,15.839487,3,1,0,2.8262603,2.4353337,-9.796041
1593,BRD-K21936341,oxotremorine-sesquifumarate,-20.19683,2.4704208,5.16508,3,1,0,-4.18711,2.4704208,-20.19683
1594,BRD-K78126613,menadione,-0.070472166,6.0364537,2.5258563,3,1,0,2.830613,2.5258563,-0.070472166
1595,BRD-K43978949,PIT,2.5369978,-4.5027347,3.1712472,3,1,0,0.40183678,2.5369978,-4.5027347
1596,BRD-K92073408,norethisterone,2.60747,-15.000673,4.7972803,3,1,0,-2.5319743,2.60747,-15.000673
1597,BRD-K36258877,AZ-10417808,-2.8541226,18.185295,2.6131704,3,1,0,5.9814477,2.6131704,-2.8541226
1598,BRD-K83837640,JNJ-26481585,-11.77156,2.6779423,11.260572,3,1,0,0.72231835,2.6779423,-11.77156
1599,BRD-K59256312,gabexate,-0.88090205,9.469586,2.6779423,3,1,0,3.755542,2.6779423,-0.88090205
1600,BRD-K97514127,vinorelbine,6.6311197,-62.754456,2.7021058,3,1,0,-17.807077,2.7021058,-62.754456
1601,BRD-K57718010,pentylenetetrazol,-0.13865657,8.280479,2.7484143,3,1,0,3.630079,2.7484143,-0.13865657
1602,BRD-K44432556,VU-0418946-1,2.7484143,-5.320648,29.23923,3,1,0,8.888999,2.7484143,-5.320648
1603,BRD-K53665955,MK-5108,2.774258,-3.9464412,64.75247,3,1,0,21.19343,2.774258,-3.9464412
1604,BRD-K37516142,idebenone,2.8893588,-24.254623,13.823753,3,1,0,-2.513837,2.8893588,-24.254623
1605,BRD-A29901043,KIN001-127,-1.3749247,20.934637,2.8893588,3,1,0,7.483023,2.8893588,-1.3749247
1606,BRD-U08759356,EI-346-erlotinib-analog,2.9245949,20.093979,-3.0655391,3,1,0,6.651012,2.9245949,-3.0655391
1607,BRD-K30743633,TCPOBOP,-4.4397464,18.446648,3.030303,3,1,0,5.679068,3.030303,-4.4397464
1608,BRD-A63998256,helveticoside,-4.569541,3.1589756,21.640308,3,1,0,6.743248,3.1589756,-4.569541
1609,BRD-K47679368,bromfenac,3.7702608,-7.827222,3.211668,3,1,0,-0.28176436,3.211668,-7.827222
1610,BRD-K19309090,SR-95639A,-1.4799154,14.771221,3.2769556,3,1,0,5.5227532,3.2769556,-1.4799154
1611,BRD-A45140972,meclocycline,-1.2332629,3.3629298,7.326838,3,1,0,3.1521683,3.3629298,-1.2332629
1612,BRD-K08619574,thioproperazine,-0.5285412,3.4544368,5.1245055,3,1,0,2.683467,3.4544368,-0.5285412
1613,BRD-K02130563,panobinostat,-0.1597027,74.03336,3.5236082,3,1,0,25.799088,3.5236082,-0.1597027
1614,BRD-K43860855,iobenguane,3.911205,3.5588443,-29.17883,3,1,0,-7.23626,3.5588443,-29.17883
1615,BRD-A50764878,MDL-73005EF,-0.95137423,7.751938,3.579327,3,1,0,3.4599636,3.579327,-0.95137423
1616,BRD-K64746805,MBCQ,-5.625511,3.5951293,12.267022,3,1,0,3.4122133,3.5951293,-5.625511
1617,BRD-A13946108,sulindac,-2.3608174,5.106444,3.6293163,3,1,0,2.1249807,3.6293163,-2.3608174
1618,BRD-A04706586,bucladesine,-0.031849213,5.3525233,3.6293163,3,1,0,2.9833305,3.6293163,-0.031849213
1619,BRD-K45296539,ZD-7114,-3.574963,3.6678023,7.053278,3,1,0,2.3820393,3.6678023,-3.574963
1620,BRD-A39522003,OMDM-2,-1.1067486,3.6921637,19.634848,3,1,0,7.406754,3.6921637,-1.1067486
1621,BRD-K01436366,XMD-1150,3.7350247,4.402099,-31.397861,3,1,0,-7.7535787,3.7350247,-31.397861
1622,BRD-K08287586,butyl-paraben,-0.845666,3.86905,8.733033,3,1,0,3.9188058,3.86905,-0.845666
1623,BRD-K30563334,rifabutin,-1.3742071,3.9827685,5.5774617,3,1,0,2.7286742,3.9827685,-1.3742071
1624,BRD-K69328504,L-690488,5.1932173,4.0521493,-6.0915756,3,1,0,1.0512637,4.0521493,-6.0915756
1625,BRD-K26674531,GR-235,-8.631996,6.4661145,4.1226215,3,1,0,0.6522465,4.1226215,-8.631996
1626,BRD-A56012032,thiorphan,-5.736207,4.2828283,10.709205,3,1,0,3.0852754,4.2828283,-5.736207
1627,BRD-A66199457,asiaticoside,-0.88090205,4.2900295,4.487447,3,1,0,2.6321914,4.2900295,-0.88090205
1628,BRD-K96809896,SKF-86002,-0.95137423,17.199095,4.5560064,3,1,0,6.9345756,4.5560064,-0.95137423
1629,BRD-A87719232,naproxen,-0.3523608,4.580691,8.108566,3,1,0,4.1122985,4.580691,-0.3523608
1630,BRD-K41996876,tyrphostin-1,-0.14094433,4.721635,7.223203,3,1,0,3.934631,4.721635,-0.14094433
1631,BRD-K18742343,H-8,-0.31712472,4.726815,6.3931565,3,1,0,3.6009493,4.726815,-0.31712472
1632,BRD-M45964048,verteporfin,-0.2114165,4.791438,14.410336,3,1,0,6.3301196,4.791438,-0.2114165
1633,BRD-K74212935,ergocryptine,-11.137169,4.844303,13.746068,3,1,0,2.4844005,4.844303,-11.137169
1634,BRD-K70577657,H-9,-59.453632,4.8625793,34.392494,3,1,0,-6.732853,4.8625793,-59.453632
1635,BRD-A64977602,mirtazapine,-1.2684989,4.9330516,6.4018764,3,1,0,3.3554764,4.9330516,-1.2684989
1636,BRD-K20168442,vecuronium,-4.0169134,4.9682875,47.003574,3,1,0,15.9849825,4.9682875,-4.0169134
1637,BRD-K87024524,phenelzine,-0.3523608,5.041535,10.808001,3,1,0,5.1657248,5.041535,-0.3523608
1638,BRD-K75641298,metoclopramide,-18.738724,5.0739956,8.229088,3,1,0,-1.8118801,5.0739956,-18.738724
1639,BRD-K98530306,clonidine,-2.3608174,5.080403,12.191541,3,1,0,4.9703755,5.080403,-2.3608174
1640,BRD-K58772419,AZD-6482,5.1360574,-0.31712472,10.838478,3,1,0,5.219137,5.1360574,-0.31712472
1641,BRD-K18799075,BAY-59-3074,-1.7099358,5.502062,5.897625,3,1,0,3.2299168,5.502062,-1.7099358
1642,BRD-K21548250,moracizine,-27.150051,5.567301,38.59937,3,1,0,5.672207,5.567301,-27.150051
1643,BRD-A44448661,pentobarbital,-0.10570825,40.79742,5.573604,3,1,0,15.421772,5.573604,-0.10570825
1644,BRD-K51276371,aloisine,-1.7618041,33.691708,5.602537,3,1,0,12.510814,5.602537,-1.7618041
1645,BRD-K64314806,BRD-K64314806,5.6730094,28.232367,-27.075842,3,1,0,2.2765114,5.6730094,-27.075842
1646,BRD-A41450521,tosufloxacin,-0.007384878,5.684049,12.35308,3,1,0,6.0099144,5.684049,-0.007384878
1647,BRD-K54665485,R-59022,-19.13116,12.40317,5.992589,3,1,0,-0.24513371,5.992589,-19.13116
1648,BRD-K77925998,quipazine,-0.09235572,6.5802484,6.0379725,3,1,0,4.1752887,6.0379725,-0.09235572
1649,BRD-A42831637,tetrahydrocannabinol-7-oic-acid,-2.626916,6.1148186,8.74241,3,1,0,4.076771,6.1148186,-2.626916
1650,BRD-K15715913,fluperlapine,-0.070472166,6.156192,10.134911,3,1,0,5.406877,6.156192,-0.070472166
1651,BRD-K66874953,pifithrin-alpha,-0.020076472,6.3355036,14.413806,3,1,0,6.9097443,6.3355036,-0.020076472
1652,BRD-A06726973,dibutyrylcyclic-gmp,-0.7399577,6.3417206,19.94204,3,1,0,8.514601,6.3417206,-0.7399577
1653,BRD-A61899133,catechin,-61.24913,6.3531103,8.961661,3,1,0,-15.311452,6.3531103,-61.24913
1654,BRD-A15010982,HU-211,6.3820233,-19.786514,23.766071,3,1,0,3.45386,6.3820233,-19.786514
1655,BRD-K40919711,BAPTA-AM,-0.66948557,6.400026,7.9066176,3,1,0,4.545719,6.400026,-0.66948557
1656,BRD-A09925278,etilefrine,-15.675967,10.004815,6.4135356,3,1,0,0.247461,6.4135356,-15.675967
1657,BRD-K47983010,BX-795,-0.3523608,6.4560556,25.334702,3,1,0,10.479465,6.4560556,-0.3523608
1658,BRD-A80928489,1-monopalmitin,-20.007776,16.072855,6.457367,3,1,0,0.84081525,6.457367,-20.007776
1659,BRD-K99063460,didanosine,-2.7484143,12.961865,6.600071,3,1,0,5.604507,6.600071,-2.7484143
1660,BRD-K53414658,tivozanib,-1.2332629,10.26399,6.7300916,3,1,0,5.2536063,6.7300916,-1.2332629
1661,BRD-A36217750,sulfinpyrazone,-2.8893588,6.747149,17.111385,3,1,0,6.989725,6.747149,-2.8893588
1662,BRD-A75368507,demeclocycline,-19.300869,23.045828,6.79477,3,1,0,3.5132427,6.79477,-19.300869
1663,BRD-A72703248,SKF-96365,7.799859,-2.2320645,6.9599085,3,1,0,4.175901,6.9599085,-2.2320645
1664,BRD-K86003836,flubendazole,6.9792514,-9.055673,86.73811,3,1,0,28.220564,6.9792514,-9.055673
1665,BRD-K36965586,m-chlorophenylbiguanide,-15.503474,6.99123,8.300879,3,1,0,-0.07045523,6.99123,-15.503474
1666,BRD-K17075857,chloroxine,-0.28188866,7.0696154,16.698763,3,1,0,7.8288302,7.0696154,-0.28188866
1667,BRD-A43974499,reboxetine,-1.6208597,21.89494,7.1529245,3,1,0,9.142335,7.1529245,-1.6208597
1668,BRD-K98143437,SB-239063,-3.9464412,7.3615193,13.776866,3,1,0,5.730648,7.3615193,-3.9464412
1669,BRD-K50384076,"7,4'-dihydroxyflavone",20.508255,7.384945,-7.554082,3,1,0,6.7797065,7.384945,-7.554082
1670,BRD-K41868777,W-5,7.5144367,-20.939075,11.580974,3,1,0,-0.61455506,7.5144367,-20.939075
1671,BRD-A61856038,tremulacin,-1.4799154,7.5889435,9.113768,3,1,0,5.074265,7.5889435,-1.4799154
1672,BRD-K93332168,isocarboxazid,-1.6208597,20.7551,7.760642,3,1,0,8.964961,7.760642,-1.6208597
1673,BRD-K54987996,CAY-10578,7.804648,-31.30797,33.192955,3,1,0,3.2298775,7.804648,-31.30797
1674,BRD-K16336526,capsaicin,7.865531,-3.5673401,15.606114,3,1,0,6.634768,7.865531,-3.5673401
1675,BRD-A63346720,rimcazole,-16.512949,7.8821955,8.333829,3,1,0,-0.09897486,7.8821955,-16.512949
1676,BRD-K21283037,riluzole,-0.9866103,8.107633,16.472849,3,1,0,7.864624,8.107633,-0.9866103
1677,BRD-K95901403,XL-147,-2.34811,8.809493,8.138752,3,1,0,4.866712,8.138752,-2.34811
1678,BRD-K77771411,moxonidine,-0.066403314,15.254639,8.399403,3,1,0,7.8625464,8.399403,-0.066403314
1679,BRD-K07325606,hispidin,-1.1627907,8.650913,14.153927,3,1,0,7.2140164,8.650913,-1.1627907
1680,BRD-K49111258,prazosin,-0.0075403387,8.654278,20.581604,3,1,0,9.742781,8.654278,-0.0075403387
1681,BRD-K13544237,r(-)-propylnorapomorphine,-0.070472166,8.672297,23.23481,3,1,0,10.612211,8.672297,-0.070472166
1682,BRD-K66788707,fludarabine,-15.436663,14.655455,8.738548,3,1,0,2.6524467,8.738548,-15.436663
1683,BRD-K91301684,noscapine,-21.073896,8.8229475,19.01582,3,1,0,2.2549572,8.8229475,-21.073896
1684,BRD-K81272440,dantrolene,-0.7047216,21.643755,8.910502,3,1,0,9.949845,8.910502,-0.7047216
1685,BRD-K89595132,chlorphenamine,-2.4312897,8.947096,9.417028,3,1,0,5.310945,8.947096,-2.4312897
1686,BRD-K46678324,RHO-kinase-inhibitor-II,-5.6730094,23.144753,8.98619,3,1,0,8.819311,8.98619,-5.6730094
1687,BRD-K64157027,ZD-2079,-2.3608174,9.121145,14.818721,3,1,0,7.193016,9.121145,-2.3608174
1688,BRD-A01826957,xanthinol,-3.1007752,35.584896,9.125843,3,1,0,13.8699875,9.125843,-3.1007752
1689,BRD-K23383398,T-0901317,-0.02110169,9.161382,49.728386,3,1,0,19.622889,9.161382,-0.02110169
1690,BRD-A59303141,quinethazone,-0.422833,9.328825,12.031386,3,1,0,6.979126,9.328825,-0.422833
1691,BRD-A84189516,baccatin-III,-0.3875969,22.662453,9.330641,3,1,0,10.535166,9.330641,-0.3875969
1692,BRD-A85472596,L-670596,-4.1226215,9.501084,38.792145,3,1,0,14.7235365,9.501084,-4.1226215
1693,BRD-A69512159,carbidopa,-3.0904856,10.150555,12.61379,3,1,0,6.557953,10.150555,-3.0904856
1694,BRD-K39621635,artemether,-0.8104299,16.326223,10.228869,3,1,0,8.581553,10.228869,-0.8104299
1695,BRD-K47105409,AG-490,-0.2114165,10.369073,47.16039,3,1,0,19.106014,10.369073,-0.2114165
1696,BRD-K89402695,L-655240,-0.66948557,10.513257,19.494234,3,1,0,9.779336,10.513257,-0.66948557
1697,BRD-K32164935,tolazamide,-6.3666553,10.528284,11.641811,3,1,0,5.267813,10.528284,-6.3666553
1698,BRD-K09790412,H-9,-22.359806,10.60752,40.05979,3,1,0,9.435836,10.60752,-22.359806
1699,BRD-A87125127,3-matida,-32.812042,10.702262,13.040359,3,1,0,-3.0231407,10.702262,-32.812042
1700,BRD-A62021152,WAY-161503,-0.6276579,10.821315,27.131733,3,1,0,12.441796,10.821315,-0.6276579
1701,BRD-K94887716,TFMPP,25.562857,-12.006098,10.902482,3,1,0,8.15308,10.902482,-12.006098
1702,BRD-K00234327,RU-24969,-3.911205,11.077289,13.716144,3,1,0,6.9607425,11.077289,-3.911205
1703,BRD-K51465424,ritodrine,-3.829783,11.560943,17.240185,3,1,0,8.323782,11.560943,-3.829783
1704,BRD-A32349859,methyl-angolensate,11.709373,55.13793,-4.8963547,3,1,0,20.650316,11.709373,-4.8963547
1705,BRD-K29950728,clomifene,-0.070472166,28.007252,12.365902,3,1,0,13.434227,12.365902,-0.070472166
1706,BRD-A54487287,cortisone-acetate,-1.0570824,17.520718,12.414333,3,1,0,9.625989,12.414333,-1.0570824
1707,BRD-K80315159,DPPE,20.195004,12.475451,-10.883019,3,1,0,7.2624784,12.475451,-10.883019
1708,BRD-K37561857,zardaverine,-0.7047216,20.345295,12.481403,3,1,0,10.707325,12.481403,-0.7047216
1709,BRD-A58048407,nimodipine,-0.5285412,12.572415,27.16492,3,1,0,13.069598,12.572415,-0.5285412
1710,BRD-A96882008,L-732138,-3.2417195,12.762732,28.852169,3,1,0,12.79106,12.762732,-3.2417195
1711,BRD-K73589401,corticosterone,-2.2551093,12.983782,14.911485,3,1,0,8.54672,12.983782,-2.2551093
1712,BRD-K75532464,FTI-276,-1.4446794,14.88031,13.117397,3,1,0,8.851009,13.117397,-1.4446794
1713,BRD-A36471396,biperiden,13.322994,-6.548071,25.57633,3,1,0,10.7837515,13.322994,-6.548071
1714,BRD-K55191674,benzylpenicillin,-1.3389711,25.519897,13.714516,3,1,0,12.631814,13.714516,-1.3389711
1715,BRD-K32906660,bis-tyrphostin,-1.9027485,35.497696,13.7739525,3,1,0,15.789634,13.7739525,-1.9027485
1716,BRD-K80970344,pyrrolidine-dithiocarbamate,65.93393,13.857103,-1.6570648,3,1,0,26.044657,13.857103,-1.6570648
1717,BRD-A70449690,forskolin,-32.30391,46.48454,13.878733,3,1,0,9.353122,13.878733,-32.30391
1718,BRD-K76587808,fraxetin,-6.317528,13.939706,24.678932,3,1,0,10.767036,13.939706,-6.317528
1719,BRD-K52989797,clomipramine,-0.2114165,38.948135,13.984621,3,1,0,17.573778,13.984621,-0.2114165
1720,BRD-A08709697,heliotrine,-1.0923185,14.141226,27.5596,3,1,0,13.53617,14.141226,-1.0923185
1721,BRD-K03981224,ethisterone,-29.872257,31.177483,14.451266,3,1,0,5.2521644,14.451266,-29.872257
1722,BRD-K00532621,midazolam,-0.422833,55.292656,14.604107,3,1,0,23.157974,14.604107,-0.422833
1723,BRD-A37492983,iocetamic-acid,-41.05834,14.796625,22.002594,3,1,0,-1.419707,14.796625,-41.05834
1724,BRD-K96084870,DMBI,-0.14094433,26.960697,14.963331,3,1,0,13.927693,14.963331,-0.14094433
1725,BRD-K12219985,glipizide,-0.10570825,16.699696,15.158441,3,1,0,10.584142,15.158441,-0.10570825
1726,BRD-K56429665,calcipotriol,-0.030148637,15.431152,46.43157,3,1,0,20.610857,15.431152,-0.030148637
1727,BRD-K64994968,progesterone,-0.7751938,24.944958,15.534517,3,1,0,13.234761,15.534517,-0.7751938
1728,BRD-K89162000,tandutinib,-17.12805,15.869639,24.585335,3,1,0,7.775642,15.869639,-17.12805
1729,BRD-K93080877,Ala-Ala-Phe-CMK,15.89094,73.53767,-25.772346,3,1,0,21.218752,15.89094,-25.772346
1730,BRD-K91781484,BRD-K91781484,17.873634,-8.247793,16.295135,3,1,0,8.640326,16.295135,-8.247793
1731,BRD-K26548821,quinpirol-(-),-7.434813,39.334263,16.349844,3,1,0,16.083097,16.349844,-7.434813
1732,BRD-K62353524,DY-131,-4.6922846,16.494987,24.461958,3,1,0,12.088222,16.494987,-4.6922846
1733,BRD-K10974103,diloxanide,16.703625,-4.115307,17.118458,3,1,0,9.902259,16.703625,-4.115307
1734,BRD-K08890269,CO-102862,-0.5285412,34.669174,17.081451,3,1,0,17.074028,17.081451,-0.5285412
1735,BRD-K25311561,KU-55933,41.19262,17.302792,-9.392183,3,1,0,16.367743,17.302792,-9.392183
1736,BRD-K15108141,gemcitabine,-0.04165677,17.333858,31.457869,3,1,0,16.250023,17.333858,-0.04165677
1737,BRD-A36151937,genistein,-0.7399577,17.387342,38.43474,3,1,0,18.360708,17.387342,-0.7399577
1738,BRD-K76133116,benzydamine,-10.579682,18.643478,17.807243,3,1,0,8.62368,17.807243,-10.579682
1739,BRD-A72758037,asiatic-acid,-0.24665257,22.45792,18.140451,3,1,0,13.450574,18.140451,-0.24665257
1740,BRD-K15107389,BRD-K15107389,-2.6659064,18.47464,71.23752,3,1,0,29.015417,18.47464,-2.6659064
1741,BRD-A54880345,etomidate,-1.6281624,21.867249,19.128286,3,1,0,13.122458,19.128286,-1.6281624
1742,BRD-K77830450,forskolin,-2.570825,19.257961,20.938223,3,1,0,12.541786,19.257961,-2.570825
1743,BRD-K86191271,cytosporone-b,-0.3875969,19.324753,26.027359,3,1,0,14.988172,19.324753,-0.3875969
1744,BRD-K25991148,warfarin,-6.7300916,19.415348,27.213917,3,1,0,13.299725,19.415348,-6.7300916
1745,BRD-A46747628,ouabain,-0.95137423,23.201422,19.430412,3,1,0,13.893487,19.430412,-0.95137423
1746,BRD-K12867552,PCI-24781,-1.0311748,71.10031,19.461924,3,1,0,29.843687,19.461924,-1.0311748
1747,BRD-K41337261,ZM-306416,-2.2903454,20.630163,20.005981,3,1,0,12.781934,20.005981,-2.2903454
1748,BRD-K94919853,10H-phenothiazin-10-yl)(p-tolyl)methanone,-15.768282,25.398825,20.279013,3,1,0,9.9698515,20.279013,-15.768282
1749,BRD-A15530910,SDZ-21009,-0.66948557,36.04365,20.298985,3,1,0,18.557716,20.298985,-0.66948557
1750,BRD-A17664363,BRD-A17664363,-1.7618041,20.401152,38.315376,3,1,0,18.98491,20.401152,-1.7618041
1751,BRD-K31238592,devazepide,-1.6208597,20.478567,32.096806,3,1,0,16.984837,20.478567,-1.6208597
1752,BRD-A16311756,profenamine,-0.14094433,36.44782,20.844536,3,1,0,19.05047,20.844536,-0.14094433
1753,BRD-K47192521,icosapent,-5.901442,23.746574,20.953571,3,1,0,12.9329,20.953571,-5.901442
1754,BRD-K26241953,piceatannol,-1.7179899,20.962809,21.652721,3,1,0,13.632514,20.962809,-1.7179899
1755,BRD-K22031190,diflunisal,-0.017206639,21.147974,42.310024,3,1,0,21.14693,21.147974,-0.017206639
1756,BRD-K44353683,nateglinide,-0.28188866,43.60772,21.604546,3,1,0,21.643457,21.604546,-0.28188866
1757,BRD-K25433859,maprotiline,-0.01768322,21.942839,22.049114,3,1,0,14.658089,21.942839,-0.01768322
1758,BRD-A81177136,KN-62,-0.34760916,22.026028,31.418154,3,1,0,17.698858,22.026028,-0.34760916
1759,BRD-K87905482,anandamide,-2.8188865,22.176859,50.030907,3,1,0,23.129625,22.176859,-2.8188865
1760,BRD-K50660797,epicatechin-gallate-(-),-3.6293163,28.631989,22.418797,3,1,0,15.807157,22.418797,-3.6293163
1761,BRD-K20141153,atomoxetine,-0.10570825,38.66896,22.509142,3,1,0,20.357464,22.509142,-0.10570825
1762,BRD-K52075715,oxibendazole,-2.6321058,22.593197,41.856216,3,1,0,20.60577,22.593197,-2.6321058
1763,BRD-A37052580,physostigmine,-66.55178,40.62902,22.63443,3,1,0,-1.09611,22.63443,-66.55178
1764,BRD-K48195008,ethinylestradiol,-1.1430006,32.364765,22.667675,3,1,0,17.963146,22.667675,-1.1430006
1765,BRD-K45401373,betulinic-acid,-0.5637773,33.74199,22.851097,3,1,0,18.676435,22.851097,-0.5637773
1766,BRD-K59331372,SB-366791,-32.259193,66.02578,23.308455,3,1,0,19.025015,23.308455,-32.259193
1767,BRD-K43468059,byssochlamic-acid,-1.8322762,24.786106,23.6614,3,1,0,15.53841,23.6614,-1.8322762
1768,BRD-K60060639,N-methyllidocaine-iodide,-0.422833,23.775366,41.862755,3,1,0,21.738428,23.775366,-0.422833
1769,BRD-K13049116,BMS-754807,-0.3900948,43.913902,23.8187,3,1,0,22.447502,23.8187,-0.3900948
1770,BRD-K98493452,honokiol,-8.657137,24.787743,44.890263,3,1,0,20.340292,24.787743,-8.657137
1771,BRD-K51816706,oxindole-I,-0.63424945,25.253262,37.657135,3,1,0,20.758715,25.253262,-0.63424945
1772,BRD-K79366068,PSB-069,-0.49330515,46.7405,25.371883,3,1,0,23.873026,25.371883,-0.49330515
1773,BRD-K30351863,BRD-K30351863,-8.922538,72.65944,25.448948,3,1,0,29.728615,25.448948,-8.922538
1774,BRD-A23226398,estradiol,-2.5722222,43.14553,25.538311,3,1,0,22.037207,25.538311,-2.5722222
1775,BRD-A11605036,thiocolchicoside,-12.430315,25.63322,37.96743,3,1,0,17.056778,25.63322,-12.430315
1776,BRD-A24543851,nornicotine,-2.2754767,25.67138,29.538645,3,1,0,17.644848,25.67138,-2.2754767
1777,BRD-K38477985,malonoben,54.099434,-6.1497946,25.728806,3,1,0,24.55948,25.728806,-6.1497946
1778,BRD-K77947974,fluspirilene,-0.18147317,42.797184,26.043875,3,1,0,22.886528,26.043875,-0.18147317
1779,BRD-K42125900,docetaxel,28.38426,-6.6243834,26.095554,3,1,0,15.95181,26.095554,-6.6243834
1780,BRD-K04877770,FTase-inhibitor-B581,-0.422833,27.0085,26.509722,3,1,0,17.698462,26.509722,-0.422833
1781,BRD-K95851186,CGP-13501,-16.340078,47.166016,26.581577,3,1,0,19.135836,26.581577,-16.340078
1782,BRD-K68873215,phosphodiesterase-V-inhibitor-II,-0.9161381,44.286064,26.593737,3,1,0,23.32122,26.593737,-0.9161381
1783,BRD-K60038276,irbesartan,-0.7047216,26.721703,31.549843,3,1,0,19.18894,26.721703,-0.7047216
1784,BRD-A63043573,cabergoline,-0.422833,27.091068,43.674107,3,1,0,23.447447,27.091068,-0.422833
1785,BRD-A65550283,ginsenoside,-24.6241,35.16913,27.360039,3,1,0,12.635022,27.360039,-24.6241
1786,BRD-A22684332,procaterol,-1.0218464,27.817978,40.51239,3,1,0,22.436174,27.817978,-1.0218464
1787,BRD-K68190965,GR-46611,-5.414308,57.185673,27.874939,3,1,0,26.548767,27.874939,-5.414308
1788,BRD-K47869605,podophyllotoxin,-0.10570825,27.912113,84.50772,3,1,0,37.43804,27.912113,-0.10570825
1789,BRD-A53416814,ceramide,-0.63424945,27.99633,29.408339,3,1,0,18.923473,27.99633,-0.63424945
1790,BRD-K39462424,dexchlorpheniramine,-0.9161381,53.740677,28.775536,3,1,0,27.200026,28.775536,-0.9161381
1791,BRD-K06926592,tretinoin,-0.95137423,62.202263,29.525717,3,1,0,30.258867,29.525717,-0.95137423
1792,BRD-K09602097,forskolin,-13.096307,39.81607,29.536346,3,1,0,18.752037,29.536346,-13.096307
1793,BRD-K07303502,arachidonyl-trifluoro-methane,-0.28188866,32.854065,30.138954,3,1,0,20.903711,30.138954,-0.28188866
1794,BRD-A55913614,primaquine,-0.023410248,31.736462,30.321348,3,1,0,20.678133,30.321348,-0.023410248
1795,BRD-K97309399,thiothixene,-20.796995,36.159195,30.479935,3,1,0,15.280711,30.479935,-20.796995
1796,BRD-K46212057,voriconazole,-2.184637,35.12408,30.996048,3,1,0,21.31183,30.996048,-2.184637
1797,BRD-K78485176,olmesartan-medoxomil,-1.3742071,42.376686,31.140839,3,1,0,24.047773,31.140839,-1.3742071
1798,BRD-K71860425,CDK2-5-inhibitor,-9.2758,31.866623,51.73242,3,1,0,24.774414,31.866623,-9.2758
1799,BRD-K17415526,tyrphostin-AG-835,-1.0218464,63.19808,32.167557,3,1,0,31.44793,32.167557,-1.0218464
1800,BRD-K40992116,parachlorophenol,-0.2114165,37.14048,32.178497,3,1,0,23.035852,32.178497,-0.2114165
1801,BRD-K90864987,cobalt(II)-chloride,-6.35233,32.23508,34.95722,3,1,0,20.27999,32.23508,-6.35233
1802,BRD-K98404142,BRD-K98404142,-23.297195,33.072403,49.32389,3,1,0,19.6997,33.072403,-23.297195
1803,BRD-K11853856,PJ-34,-1.2684989,34.924023,35.732113,3,1,0,23.129211,34.924023,-1.2684989
1804,BRD-K18779551,bifemelane,-0.45806906,57.376118,35.303783,3,1,0,30.74061,35.303783,-0.45806906
1805,BRD-A34706053,CGP-12177,-1.8675123,35.69864,36.151325,3,1,0,23.327482,35.69864,-1.8675123
1806,BRD-A98283014,calmidazolium,35.80516,-20.366596,59.963444,3,1,0,25.134003,35.80516,-20.366596
1807,BRD-A77824596,fluocinolone,36.24107,63.943527,-17.44262,3,1,0,27.580658,36.24107,-17.44262
1808,BRD-A84174393,meloxicam,-2.9711525,48.00567,36.538174,3,1,0,27.190895,36.538174,-2.9711525
1809,BRD-A72988804,tiaprofenic-acid,-3.2158742,44.045547,36.625763,3,1,0,25.81848,36.625763,-3.2158742
1810,BRD-K54331210,BRD-K54331210,-5.109232,36.631283,44.53131,3,1,0,25.351122,36.631283,-5.109232
1811,BRD-K68143200,NSC-95397,-0.015615135,51.31653,38.749996,3,1,0,30.01697,38.749996,-0.015615135
1812,BRD-A79237180,ascorbic-acid,-10.8325405,70.97977,38.7843,3,1,0,32.977177,38.7843,-10.8325405
1813,BRD-K06854232,AM-580,-0.3875969,39.020077,53.730106,3,1,0,30.787529,39.020077,-0.3875969
1814,BRD-K53737926,amitriptyline,-0.5637773,41.02167,39.474823,3,1,0,26.64424,39.474823,-0.5637773
1815,BRD-K85985071,ellipticine,-28.449997,40.07707,72.18695,3,1,0,27.93801,40.07707,-28.449997
1816,BRD-A99833829,bethanechol,-2.3255813,40.36288,50.412178,3,1,0,29.483156,40.36288,-2.3255813
1817,BRD-K00184207,GR-206,-1.6208597,45.73725,40.642754,3,1,0,28.25305,40.642754,-1.6208597
1818,BRD-K67860401,AR-A014418,-3.1360114,66.17236,41.175797,3,1,0,34.737385,41.175797,-3.1360114
1819,BRD-K09668667,benzo(a)pyrene,-0.41958225,43.503998,63.52314,3,1,0,35.535854,43.503998,-0.41958225
1820,BRD-K86958018,olvanil,-0.28188866,43.651615,58.84725,3,1,0,34.072327,43.651615,-0.28188866
1821,BRD-K90027355,spironolactone,-0.5637773,62.320084,44.49994,3,1,0,35.41875,44.49994,-0.5637773
1822,BRD-K63504947,semaxanib,-0.7047216,63.44709,45.588737,3,1,0,36.11037,45.588737,-0.7047216
1823,BRD-A31521121,methocarbamol,-1.7970402,66.04953,45.760956,3,1,0,36.671146,45.760956,-1.7970402
1824,BRD-K76211160,BRD-K76211160,-17.091843,52.176598,47.20233,3,1,0,27.42903,47.20233,-17.091843
1825,BRD-K14696368,"9-methyl-5H-6-thia-4,5-diaza-chrysene-6,6-dioxide",-1.2684989,50.35176,55.747868,3,1,0,34.943707,50.35176,-1.2684989
1826,BRD-K93331255,lypressin,-38.171204,74.90158,50.510452,3,1,0,29.080276,50.510452,-38.171204
1827,BRD-K97509413,coumestrol,-2.2791584,53.961803,59.86252,3,1,0,37.18172,53.961803,-2.2791584
1828,BRD-K09549677,mibefradil,-1.1627907,54.71769,54.3914,3,1,0,35.982098,54.3914,-1.1627907
1829,BRD-K41564320,purvalanol-b,-62.721394,55.539505,61.35643,3,1,0,18.05818,55.539505,-62.721394
1830,BRD-K60184833,tyrphostin-AG-99,-2.149401,57.058846,57.160896,3,1,0,37.35678,57.058846,-2.149401
1831,BRD-K18855837,varenicline,-23.891748,59.00241,57.074436,3,1,0,30.728365,57.074436,-23.891748
1832,BRD-K27450477,EHNA,-20.541193,57.914307,77.270355,3,1,0,38.21449,57.914307,-20.541193
1833,BRD-K33312228,halometasone,-1.2684989,60.65443,63.362175,3,1,0,40.916035,60.65443,-1.2684989
1834,BRD-K73319509,PF-04217903,-13.52685,61.831257,67.24396,3,1,0,38.51612,61.831257,-13.52685
1835,BRD-K43068349,AMG-9810,-0.070472166,68.45221,65.170746,3,1,0,44.517498,65.170746,-0.070472166
1836,BRD-A02713983,dihydrodeoxygedunin,-2.3255813,65.27184,69.88979,3,1,0,44.278687,65.27184,-2.3255813
1837,BRD-K82561139,ricinine,-5.0739956,67.300026,65.53657,3,1,0,42.587532,65.53657,-5.0739956
1838,BRD-K26801045,pipamperone,-0.5285412,75.97973,67.01099,3,1,0,47.487396,67.01099,-0.5285412
1839,BRD-A50311610,meclizine,-0.31712472,81.33138,71.99507,3,1,0,51.00311,71.99507,-0.31712472
1840,BRD-A23072235,pheniramine,-56.701927,90.49514,87.628876,3,1,0,40.474033,87.628876,-56.701927
1841,BRD-A02333338,cyclopamine,0.0,0.0,0.0,3,0,0,0.0,0.0,0.0
1842,BRD-A25687296,emetine,0.0,0.0,0.0,3,0,0,0.0,0.0,0.0
1843,BRD-A26002865,verrucarin-a,0.0,0.0,0.0,3,0,0,0.0,0.0,0.0
1844,BRD-A31312900,montelukast,0.0,0.0,0.0,3,0,0,0.0,0.0,0.0
1845,BRD-K03067624,emetine,0.0,0.0,0.0,3,0,0,0.0,0.0,0.0
1846,BRD-K19059335,BRD-K19059335,0.0,0.0,0.0,3,0,0,0.0,0.0,0.0
1847,BRD-K28120222,parthenolide-(alternate-stereo),0.0,0.0,0.0,3,0,0,0.0,0.0,0.0
1848,BRD-K56064827,EI-273,0.0,0.0,0.0,3,0,0,0.0,0.0,0.0
1849,BRD-K66043364,noscapine,0.0,0.0,0.0,3,0,0,0.0,0.0,0.0
1850,BRD-K74761218,WT-171,0.0,0.0,0.0,3,0,0,0.0,0.0,0.0
1851,BRD-K17016787,estriol,0.0,0.14094433,0.0,3,0,0,0.046981443,0.0,0.0
1852,BRD-K36038115,BRD-K36038115,0.57035697,0.0,0.0,3,0,0,0.19011898,0.0,0.0
1853,BRD-K99369265,sirolimus,0.0,0.0,0.63424945,3,0,0,0.21141648,0.0,0.0
1854,BRD-A47494775,dipivefrine,0.0,2.7131784,0.0,3,0,0,0.9043928,0.0,0.0
1855,BRD-K51967704,BIIB-021,0.0,0.0,2.7484143,3,0,0,0.9161381,0.0,0.0
1856,BRD-A59985574,topotecan,0.0,3.1360114,0.0,3,0,0,1.0453371,0.0,0.0
1857,BRD-K40990712,hexamethyleneamiloride,0.0,0.0,3.1712472,3,0,0,1.0570824,0.0,0.0
1858,BRD-A78377521,monastrol,0.0,3.2533574,0.0,3,0,0,1.0844525,0.0,0.0
1859,BRD-A28970875,puromycin,0.0,3.3121917,0.0,3,0,0,1.1040639,0.0,0.0
1860,BRD-A77118605,D-609,0.0,3.5674071,0.0,3,0,0,1.1891357,0.0,0.0
1861,BRD-K06792661,narciclasine,0.0,0.0,3.7350247,3,0,0,1.2450082,0.0,0.0
1862,BRD-U86922168,QL-XII-47,0.0,4.2283297,0.0,3,0,0,1.4094433,0.0,0.0
1863,BRD-A51382177,fosinopril,0.0,0.0,4.263566,3,0,0,1.4211887,0.0,0.0
1864,BRD-K23204545,busulfan,0.0,6.505018,0.0,3,0,0,2.1683395,0.0,0.0
1865,BRD-A22713669,BVT-948,0.0,0.0,7.811948,3,0,0,2.6039827,0.0,0.0
1866,BRD-K99291625,SB-203580,0.0,8.738548,0.0,3,0,0,2.9128494,0.0,0.0
1867,BRD-A83892713,rifampicin,0.0,9.488653,0.0,3,0,0,3.1628845,0.0,0.0
1868,BRD-A75144621,digoxin,0.0,10.358066,0.0,3,0,0,3.4526885,0.0,0.0
1869,BRD-A71203467,L-stepholidine,0.0,0.0,11.912037,3,0,0,3.970679,0.0,0.0
1870,BRD-K85133207,HDAC1-selective,0.0,0.0,15.803427,3,0,0,5.267809,0.0,0.0
1871,BRD-A95696820,acadesine,0.0,16.007347,0.0,3,0,0,5.3357825,0.0,0.0
1872,BRD-K88551539,CAY-10585,0.0,16.333302,0.0,3,0,0,5.4444337,0.0,0.0
1873,BRD-K13087974,CGP-52411,0.0,0.0,16.354334,3,0,0,5.4514446,0.0,0.0
1874,BRD-K45330754,diethylstilbestrol,0.0,0.0,19.074158,3,0,0,6.3580527,0.0,0.0
1875,BRD-A39646320,HC-toxin,0.0,19.41987,0.0,3,0,0,6.47329,0.0,0.0
1876,BRD-K19554809,MK-212,0.0,0.0,23.620235,3,0,0,7.8734117,0.0,0.0
1877,BRD-K26669427,WR-216174,29.35844,0.0,0.0,3,0,0,9.786147,0.0,0.0
1878,BRD-A52193669,withaferin-a,31.113937,0.0,0.0,3,0,0,10.371312,0.0,0.0
1879,BRD-K69932463,AZD-8055,35.866825,0.0,0.0,3,0,0,11.955608,0.0,0.0
1880,BRD-K12184916,NVP-BEZ235,37.820183,0.0,0.0,3,0,0,12.606728,0.0,0.0
1881,BRD-A80638690,floxuridine,0.0,41.25501,0.0,3,0,0,13.75167,0.0,0.0
1882,BRD-A80960055,celastrol,0.0,55.90622,0.0,3,0,0,18.635406,0.0,0.0
1883,BRD-K11558771,droxinostat,0.0,56.52032,0.0,3,0,0,18.840107,0.0,0.0
1884,BRD-A16694057,BADGE,0.021866672,1.5189121,0.028034905,3,0,0,0.5229379,0.028034905,0.021866672
1885,BRD-A75409952,wortmannin,0.0,0.03483856,0.422833,3,0,0,0.15255718,0.03483856,0.0
1886,BRD-K28936863,ketotifen,0.03007664,0.88090205,0.14094433,3,0,0,0.350641,0.14094433,0.03007664
1887,BRD-A33711280,metixene,0.24665257,2.9499698,0.0,3,0,0,1.0655408,0.24665257,0.0
1888,BRD-K62965247,tipifarnib-P2,21.844427,0.070472166,0.24665257,3,0,0,7.387184,0.24665257,0.070472166
1889,BRD-K25224017,pirenperone,0.10570825,0.3523608,3.3474278,3,0,0,1.268499,0.3523608,0.10570825
1890,BRD-K53857191,risperidone,0.14094433,0.3875969,0.63424945,3,0,0,0.38759688,0.3875969,0.14094433
1891,BRD-K21667562,AM-404,0.0,0.3875969,8.371761,3,0,0,2.9197862,0.3875969,0.0
1892,BRD-K28178212,GW-441756,0.0,0.49330515,0.45806906,3,0,0,0.31712472,0.45806906,0.0
1893,BRD-K92000912,AM-251,0.026141396,0.7047216,0.49330515,3,0,0,0.40805605,0.49330515,0.026141396
1894,BRD-K15791587,L-733060,0.0,0.49330515,0.95137423,3,0,0,0.48155978,0.49330515,0.0
1895,BRD-A99449986,MT-21,0.0,1.1453061,0.49330515,3,0,0,0.5462038,0.49330515,0.0
1896,BRD-K99029477,prometon,0.10721944,0.5003574,0.5360972,3,0,0,0.38122472,0.5003574,0.10721944
1897,BRD-A68281735,REV-5901,6.872229,0.0,0.52328295,3,0,0,2.4651706,0.52328295,0.0
1898,BRD-A83431637,resmethrin,0.0,0.5990134,2.8893588,3,0,0,1.1627907,0.5990134,0.0
1899,BRD-K26664453,cytochalasin-b,0.24665257,3.288619,0.5990134,3,0,0,1.378095,0.5990134,0.24665257
1900,BRD-A83237092,fulvestrant,0.0,10.301386,0.5990134,3,0,0,3.6334665,0.5990134,0.0
1901,BRD-K12357156,AG-490,0.0,9.362287,0.63424945,3,0,0,3.3321788,0.63424945,0.0
1902,BRD-K17743697,KB-R7943,0.0,0.66948557,11.852521,3,0,0,4.174002,0.66948557,0.0
1903,BRD-K30677119,PP-30,0.0,0.7047216,0.7399577,3,0,0,0.48155975,0.7047216,0.0
1904,BRD-A58955223,sulforaphane,0.7047216,0.0,0.8104299,3,0,0,0.5050505,0.7047216,0.0
1905,BRD-A95513702,"androsta-1,4-dien-3,17-dione",0.7047216,2.2551093,0.422833,3,0,0,1.1275547,0.7047216,0.422833
1906,BRD-K67783091,haloperidol,0.24665257,9.844547,0.7047216,3,0,0,3.5986404,0.7047216,0.24665257
1907,BRD-K16277217,piperacetazine,0.7399577,6.2274017,0.5285412,3,0,0,2.4986336,0.7399577,0.5285412
1908,BRD-K59369769,tozasertib,0.0,0.7399577,8.298092,3,0,0,3.0126832,0.7399577,0.0
1909,BRD-K42573370,avrainvillamide-analog-2,0.5637773,9.554572,0.7399577,3,0,0,3.6194355,0.7399577,0.5637773
1910,BRD-K60298136,ITE,0.0,0.7399577,21.903006,3,0,0,7.5476546,0.7399577,0.0
1911,BRD-K73982490,BI-78D3,0.7751938,0.88090205,0.63424945,3,0,0,0.7634484,0.7751938,0.63424945
1912,BRD-K42142750,retrorsine,0.0,1.5856236,0.7751938,3,0,0,0.78693914,0.7751938,0.0
1913,BRD-K59419204,AM-281,0.0,1.6208597,0.7751938,3,0,0,0.79868454,0.7751938,0.0
1914,BRD-K04466929,Merck60,0.0,10.851343,0.7751938,3,0,0,3.8755124,0.7751938,0.0
1915,BRD-A19037878,trichostatin-a,0.0,47.99138,0.7751938,3,0,0,16.255524,0.7751938,0.0
1916,BRD-K89085489,fenretinide,0.8104299,0.021274414,40.101185,3,0,0,13.644296,0.8104299,0.021274414
1917,BRD-K69023402,thapsigargin,0.0,0.845666,1.857027,3,0,0,0.9008977,0.845666,0.0
1918,BRD-K67174588,toremifene,0.0,0.845666,3.5940804,3,0,0,1.4799155,0.845666,0.0
1919,BRD-K85318537,OBAA,0.0,7.6814656,0.845666,3,0,0,2.8423774,0.845666,0.0
1920,BRD-A31801025,formestane,0.0,15.034363,0.845666,3,0,0,5.293343,0.845666,0.0
1921,BRD-K17378184,BP-897,0.28188866,0.9866103,0.88090205,3,0,0,0.71646696,0.88090205,0.28188866
1922,BRD-K03842655,penitrem-a,0.03182086,0.9161381,0.9161381,3,0,0,0.6213657,0.9161381,0.03182086
1923,BRD-K06980535,promazine,0.070472166,0.9161381,3.6737003,3,0,0,1.5534369,0.9161381,0.070472166
1924,BRD-K51302260,KU-C103871,0.0,0.9161381,17.970297,3,0,0,6.2954783,0.9161381,0.0
1925,BRD-A20126139,medrysone,0.0,1.6560959,0.95137423,3,0,0,0.86915666,0.95137423,0.0
1926,BRD-A85860691,chaetocin,0.5990134,69.23867,0.95137423,3,0,0,23.596354,0.95137423,0.5990134
1927,BRD-A62025033,temsirolimus,0.0,0.9866103,1.303735,3,0,0,0.7634484,0.9866103,0.0
1928,BRD-A68930007,ouabain,12.2601185,0.9866103,0.0,3,0,0,4.4155765,0.9866103,0.0
1929,BRD-K72420232,WZ-4002,0.028702788,1.0923185,4.686399,3,0,0,1.9358068,1.0923185,0.028702788
1930,BRD-A53576514,orphenadrine,0.31712472,16.132835,1.0923185,3,0,0,5.847427,1.0923185,0.31712472
1931,BRD-A92585442,RU-28318,0.0,1.1275547,1.8675123,3,0,0,0.9983557,1.1275547,0.0
1932,BRD-A91866971,SQ-29548,0.0,1.1627907,7.143198,3,0,0,2.7686627,1.1627907,0.0
1933,BRD-A14798026,mestranol,1.1980268,2.8188865,0.0,3,0,0,1.3389711,1.1980268,0.0
1934,BRD-A62071884,siguazodan,0.0,12.794786,1.1980268,3,0,0,4.664271,1.1980268,0.0
1935,BRD-K76723084,isotretinoin,0.03102199,1.2332629,9.921036,3,0,0,3.7284403,1.2332629,0.03102199
1936,BRD-K66707493,lawsone,0.0,12.771038,1.2684989,3,0,0,4.679846,1.2684989,0.0
1937,BRD-A41692738,TGX-221,0.0,1.2684989,18.473728,3,0,0,6.5807424,1.2684989,0.0
1938,BRD-K13646352,midostaurin,0.0,12.392539,1.303735,3,0,0,4.5654244,1.303735,0.0
1939,BRD-K31534764,fluvoxamine,0.5990134,19.815445,1.303735,3,0,0,7.2393985,1.303735,0.5990134
1940,BRD-A19736161,ondansetron,0.0,1.3265347,6.3636017,3,0,0,2.5633788,1.3265347,0.0
1941,BRD-A19500257,geldanamycin,0.0,1.3456566,29.283958,3,0,0,10.209872,1.3456566,0.0
1942,BRD-A24817035,laudanosine,0.0,1.4094433,1.3742071,3,0,0,0.92788345,1.3742071,0.0
1943,BRD-K81128206,edrophonium,0.0,1.4799154,1.3742071,3,0,0,0.95137423,1.3742071,0.0
1944,BRD-K14765469,vesamicol,0.0,1.3742071,24.460804,3,0,0,8.6116705,1.3742071,0.0
1945,BRD-A80502530,cinobufagin,0.0,1.4094433,1.7970402,3,0,0,1.0688277,1.4094433,0.0
1946,BRD-K44276885,acarbose,0.0,1.4094433,1.8675123,3,0,0,1.0923185,1.4094433,0.0
1947,BRD-K44849676,capsazepine,1.303735,9.481212,1.4094433,3,0,0,4.0647964,1.4094433,1.303735
1948,BRD-K83508485,FK-888,0.0,1.4446794,11.559284,3,0,0,4.3346543,1.4446794,0.0
1949,BRD-A28422058,L-689560,1.4446794,1.4446794,12.750671,3,0,0,5.213343,1.4446794,1.4446794
1950,BRD-K05528470,L-745870,19.778788,1.4446794,0.88090205,3,0,0,7.3681235,1.4446794,0.88090205
1951,BRD-K06198550,isorotenone,0.0,13.152031,1.4799154,3,0,0,4.8773155,1.4799154,0.0
1952,BRD-A93477898,PETCM,11.346019,0.31712472,1.486616,3,0,0,4.383253,1.486616,0.31712472
1953,BRD-K25394294,oxaprozin,0.0,1.5151515,2.501762,3,0,0,1.3389711,1.5151515,0.0
1954,BRD-K44899736,Ro-16-6941,0.0,1.524074,31.674149,3,0,0,11.066074,1.524074,0.0
1955,BRD-K11717138,benzbromarone,0.10570825,2.149401,1.5503876,3,0,0,1.268499,1.5503876,0.10570825
1956,BRD-K26573499,DMAB-anabaseine,0.0,1.5503876,7.293869,3,0,0,2.9480855,1.5503876,0.0
1957,BRD-K50140147,NVP-TAE684,0.0,1.559434,5.318636,3,0,0,2.29269,1.559434,0.0
1958,BRD-A24191444,ifenprodil,0.2152644,2.3255813,1.5856236,3,0,0,1.3754897,1.5856236,0.2152644
1959,BRD-K71799949,carbamazepine,0.0,16.630302,1.6560959,3,0,0,6.095466,1.6560959,0.0
1960,BRD-K26997899,D-64131,0.0,1.6560959,39.698338,3,0,0,13.784812,1.6560959,0.0
1961,BRD-K78659596,ixazomib,7.885877,1.726568,0.0,3,0,0,3.2041483,1.726568,0.0
1962,BRD-A71390734,idarubicin,0.0,18.35336,1.726568,3,0,0,6.6933093,1.726568,0.0
1963,BRD-K36864847,BD-1047,1.7429101,2.0084567,1.5856236,3,0,0,1.7789968,1.7429101,1.5856236
1964,BRD-K70330367,amantadine,1.8322762,1.3742071,1.7618041,3,0,0,1.6560959,1.7618041,1.3742071
1965,BRD-K15601958,SEW-2871,0.0,8.595952,1.7618041,3,0,0,3.4525852,1.7618041,0.0
1966,BRD-K89997465,chlorpromazine,0.10570825,3.8201542,1.7942153,3,0,0,1.9066925,1.7942153,0.10570825
1967,BRD-A90799790,isradipine,2.6779423,1.6560959,1.7970402,3,0,0,2.0436928,1.7970402,1.6560959
1968,BRD-A56020723,CA-074-Me,5.797606,0.0,1.7970402,3,0,0,2.5315487,1.7970402,0.0
1969,BRD-A47829399,artesunate,0.0,1.826442,1.8434193,3,0,0,1.2232871,1.826442,0.0
1970,BRD-A89337244,PD-102807,0.0,2.0570214,1.8322762,3,0,0,1.2964325,1.8322762,0.0
1971,BRD-K13211965,L-741742,0.0,9.464324,1.8322762,3,0,0,3.7655334,1.8322762,0.0
1972,BRD-A72596465,GW-6471,1.0218464,36.25432,1.8322762,3,0,0,13.036147,1.8322762,1.0218464
1973,BRD-K67506692,tyrphostin-AG-126,0.0,4.76854,1.8675123,3,0,0,2.2120173,1.8675123,0.0
1974,BRD-K51662849,ilomastat,0.0,1.8748778,6.23484,3,0,0,2.7032392,1.8748778,0.0
1975,BRD-K14441456,tyrphostin-AG-556,0.0,1.9027485,3.2769556,3,0,0,1.7265681,1.9027485,0.0
1976,BRD-A00267231,hemado,0.0,1.9310524,13.842238,3,0,0,5.2577634,1.9310524,0.0
1977,BRD-K37991163,paroxetine,3.488372,1.933878,1.5856236,3,0,0,2.3359578,1.933878,1.5856236
1978,BRD-K20482099,rutin,0.33991802,1.9732206,4.138956,3,0,0,2.1506984,1.9732206,0.33991802
1979,BRD-A11135865,nor-binaltorphimine,0.0,1.9732206,4.8837895,3,0,0,2.28567,1.9732206,0.0
1980,BRD-K68132782,terbinafine,0.0,10.380306,2.0084567,3,0,0,4.1295877,2.0084567,0.0
1981,BRD-K97056771,GNF-2,0.0,2.0084567,11.649716,3,0,0,4.5527244,2.0084567,0.0
1982,BRD-K25079130,avrainvillamide-analog-4,2.0153735,1.8675123,11.064423,3,0,0,4.982436,2.0153735,1.8675123
1983,BRD-K87573634,propylpyrazole,0.0,2.0436928,3.6293163,3,0,0,1.891003,2.0436928,0.0
1984,BRD-K14681867,somatostatin,0.0,7.2746496,2.0436928,3,0,0,3.1061141,2.0436928,0.0
1985,BRD-K62959606,sphingosine,0.0,2.0532787,2.4742994,3,0,0,1.5091928,2.0532787,0.0
1986,BRD-K79145749,dibenzepin,0.0,5.637773,2.0789287,3,0,0,2.572234,2.0789287,0.0
1987,BRD-K18036262,L-168049,0.63424945,2.0789287,23.616587,3,0,0,8.7765875,2.0789287,0.63424945
1988,BRD-K83302049,protopine,0.0,2.1101472,7.0506535,3,0,0,3.0536003,2.1101472,0.0
1989,BRD-K10466330,AVA,1.3742071,2.149401,3.083015,3,0,0,2.2022078,2.149401,1.3742071
1990,BRD-A71657825,2-(biphenyl-4-ylsulfonamido)pentanedioic-acid,0.0,2.149401,15.3095455,3,0,0,5.8196487,2.149401,0.0
1991,BRD-K97158071,droperidol,0.0,5.0922103,2.184637,3,0,0,2.4256158,2.184637,0.0
1992,BRD-A30655177,LFM-A13,0.0,32.559742,2.2551093,3,0,0,11.60495,2.2551093,0.0
1993,BRD-K66175015,afatinib,2.2852066,14.486149,1.5856236,3,0,0,6.1189923,2.2852066,1.5856236
1994,BRD-K15616905,CCCP,0.0,2.2903454,2.3960536,3,0,0,1.562133,2.2903454,0.0
1995,BRD-A29485665,bicalutamide,0.0,2.2903454,3.6997886,3,0,0,1.9967114,2.2903454,0.0
1996,BRD-K85242180,beta-CCP,0.0,12.073347,2.2903454,3,0,0,4.7878976,2.2903454,0.0
1997,BRD-A58207013,pinacidil,2.0084567,2.2903454,40.05106,3,0,0,14.783287,2.2903454,2.0084567
1998,BRD-K92678294,irilin-a,1.9027485,2.3608174,10.041836,3,0,0,4.768467,2.3608174,1.9027485
1999,BRD-K50324045,avrainvillamide-analog-6,2.382128,1.5618863,3.5588443,3,0,0,2.5009527,2.382128,1.5618863
2000,BRD-K81839095,estrone,0.0,2.4312897,14.428568,3,0,0,5.6199527,2.4312897,0.0
2001,BRD-A34255068,rolipram,0.0,2.4897501,4.40451,3,0,0,2.298087,2.4897501,0.0
2002,BRD-K24132293,piperlongumine,0.2114165,57.93308,2.5369978,3,0,0,20.227165,2.5369978,0.2114165
2003,BRD-K73293050,WZ-3146,2.0789287,19.53498,2.572234,3,0,0,8.062047,2.572234,2.0789287
2004,BRD-K49668410,clarithromycin,1.1275547,2.572234,30.808802,3,0,0,11.502864,2.572234,1.1275547
2005,BRD-A97730597,hexylcaine,0.1761804,2.5862784,14.031971,3,0,0,5.598143,2.5862784,0.1761804
2006,BRD-K45068323,W-13,0.0,2.626482,5.2720566,3,0,0,2.632846,2.626482,0.0
2007,BRD-K63516691,T-0156,0.0,2.6427062,64.631,3,0,0,22.424568,2.6427062,0.0
2008,BRD-K38251852,paxilline,0.0,2.673698,16.18848,3,0,0,6.287393,2.673698,0.0
2009,BRD-K12513978,fenbufen,0.0,5.3271284,2.7131784,3,0,0,2.6801023,2.7131784,0.0
2010,BRD-A39230911,chlorphenesin-carbamate,0.0,2.7131784,6.2367864,3,0,0,2.9833214,2.7131784,0.0
2011,BRD-K56001384,antimycin-a,0.0,11.720535,2.7131784,3,0,0,4.811238,2.7131784,0.0
2012,BRD-K88358234,xaliproden,0.0,2.7131784,33.88437,3,0,0,12.199182,2.7131784,0.0
2013,BRD-A84481105,thioridazine,0.035236083,3.531534,2.764931,3,0,0,2.1105669,2.764931,0.035236083
2014,BRD-K37865504,LY-2183240,0.3875969,2.7836504,5.1296864,3,0,0,2.766978,2.7836504,0.3875969
2015,BRD-K71823332,epothilone-a,0.0,2.8188865,31.674988,3,0,0,11.497958,2.8188865,0.0
2016,BRD-A69960130,bromocriptine,0.0,10.898674,2.8614855,3,0,0,4.58672,2.8614855,0.0
2017,BRD-K86465814,HO-013,2.6498857,10.236462,2.8831482,3,0,0,5.2564983,2.8831482,2.6498857
2018,BRD-K26818574,BIX-01294,0.0,2.8893588,5.8139534,3,0,0,2.901104,2.8893588,0.0
2019,BRD-A24122750,saclofen,0.0,5.5830154,2.9245949,3,0,0,2.83587,2.9245949,0.0
2020,BRD-K68202742,trichostatin-a,0.0,34.716125,2.9245949,3,0,0,12.546906,2.9245949,0.0
2021,BRD-K45031696,BRD-K45031696,2.9245949,3.7920747,2.995067,3,0,0,3.2372456,2.995067,2.9245949
2022,BRD-K51476772,ST-638,0.0,3.0103433,16.033287,3,0,0,6.347877,3.0103433,0.0
2023,BRD-K90524085,MY-5445,0.0,3.020643,5.0380974,3,0,0,2.6862469,3.020643,0.0
2024,BRD-K98297262,BRD-K98297262,0.0,3.0217695,10.172036,3,0,0,4.3979354,3.0217695,0.0
2025,BRD-K09764130,mead-ethanolamide,0.0,3.030303,24.203766,3,0,0,9.078023,3.030303,0.0
2026,BRD-A95696066,nisoxetine,0.0,3.030303,26.1403,3,0,0,9.723535,3.030303,0.0
2027,BRD-K84709232,caffeic-acid,3.030303,36.43856,0.845666,3,0,0,13.438176,3.030303,0.845666
2028,BRD-A02990301,lofexidine,45.15809,2.9283485,3.030303,3,0,0,17.038914,3.030303,2.9283485
2029,BRD-A76528577,vincristine,0.0,3.040012,39.256058,3,0,0,14.09869,3.040012,0.0
2030,BRD-K34437622,5-FP,9.1383095,3.1007752,0.8594791,3,0,0,4.366188,3.1007752,0.8594791
2031,BRD-K07403598,CAY-10470,0.0,5.941649,3.1360114,3,0,0,3.0258868,3.1360114,0.0
2032,BRD-A14574269,UB-165,0.0,63.158855,3.2769556,3,0,0,22.145271,3.2769556,0.0
2033,BRD-K97274161,BRD-K97274161,3.3213072,4.165455,0.0,3,0,0,2.4955873,3.3213072,0.0
2034,BRD-K73109821,diazoxide,1.6208597,12.363295,3.3492296,3,0,0,5.7777944,3.3492296,1.6208597
2035,BRD-A01320529,salmeterol,0.0,3.3796282,20.848051,3,0,0,8.075893,3.3796282,0.0
2036,BRD-K93201660,ML-7,0.0,28.20879,3.382664,3,0,0,10.530484,3.382664,0.0
2037,BRD-K54233340,dorsomorphin,0.0,3.4178998,27.376562,3,0,0,10.264821,3.4178998,0.0
2038,BRD-A86109770,guggulsterone,0.7751938,3.4229312,11.156237,3,0,0,5.1181207,3.4229312,0.7751938
2039,BRD-A67479912,progesterone,0.0,3.4404144,4.5847845,3,0,0,2.6750662,3.4404144,0.0
2040,BRD-A67552655,etomoxir,3.4187922,5.601227,3.5060034,3,0,0,4.1753407,3.5060034,3.4187922
2041,BRD-K92446736,zatebradine,3.5217028,2.9245949,4.912778,3,0,0,3.7863586,3.5217028,2.9245949
2042,BRD-A43150328,penicillic-acid,13.410781,3.5940804,0.0,3,0,0,5.6682873,3.5940804,0.0
2043,BRD-K91290917,amodiaquine,0.070472166,4.5772305,3.6035757,3,0,0,2.750426,3.6035757,0.070472166
2044,BRD-K50398167,meclofenamic-acid,0.0,4.856342,3.6631675,3,0,0,2.8398364,3.6631675,0.0
2045,BRD-K62200014,anagrelide,0.7399577,14.577089,3.6942794,3,0,0,6.3371086,3.6942794,0.7399577
2046,BRD-K58299615,Ro-90-7501,0.0,3.69729,20.168285,3,0,0,7.955192,3.69729,0.0
2047,BRD-K04210847,tamoxifen,0.0,17.207323,3.7350247,3,0,0,6.980783,3.7350247,0.0
2048,BRD-K12184470,flunarizine,0.0,3.7884169,6.060606,3,0,0,3.2830076,3.7884169,0.0
2049,BRD-A69470004,BRD-A69470004,3.805497,6.02537,0.0,3,0,0,3.2769556,3.805497,0.0
2050,BRD-K59469039,tyrphostin-AG-879,13.759688,3.805497,2.8893588,3,0,0,6.8181815,3.805497,2.8893588
2051,BRD-K36616567,doxepin,0.10570825,3.8365734,11.322802,3,0,0,5.0883613,3.8365734,0.10570825
2052,BRD-K73395020,ARP-101,1.9732206,3.8407328,24.047375,3,0,0,9.953776,3.8407328,1.9732206
2053,BRD-K91442916,CAM-9-026,0.0,8.998069,3.8870704,3,0,0,4.2950463,3.8870704,0.0
2054,BRD-A47065382,huperzine-a,0.0,3.911205,5.482964,3,0,0,3.1313896,3.911205,0.0
2055,BRD-K41170226,deoxycholic-acid,0.0,3.934824,4.4813533,3,0,0,2.8053925,3.934824,0.0
2056,BRD-A84702196,penicillin,4.0169134,4.0521493,2.2929032,3,0,0,3.4539888,4.0169134,2.2929032
2057,BRD-K62012036,acitretin,2.0789287,12.714885,4.0521493,3,0,0,6.2819877,4.0521493,2.0789287
2058,BRD-A52172093,VU-0413807-2,7.710417,0.0,4.1578574,3,0,0,3.9560916,4.1578574,0.0
2059,BRD-K50938786,ropivacaine,0.49330515,4.1578574,14.694408,3,0,0,6.448524,4.1578574,0.49330515
2060,BRD-K08206212,entecavir,4.18042,0.0,18.06755,3,0,0,7.4159904,4.18042,0.0
2061,BRD-K92093830,doxorubicin,0.0,4.1943583,28.594736,3,0,0,10.929698,4.1943583,0.0
2062,BRD-K50495309,SRC-kinase-inhibitor-I,0.0,4.263772,8.854163,3,0,0,4.372645,4.263772,0.0
2063,BRD-K51066026,aminoindazole,0.0,4.298802,10.278231,3,0,0,4.8590107,4.298802,0.0
2064,BRD-M40783228,mesna,4.298802,2.2198732,69.19203,3,0,0,25.236902,4.298802,2.2198732
2065,BRD-A81233518,glycopyrrolate,1.726568,4.3203063,9.764156,3,0,0,5.270344,4.3203063,1.726568
2066,BRD-K74402642,NSC-632839,4.4063997,0.0,35.107445,3,0,0,13.171281,4.4063997,0.0
2067,BRD-A92537424,danazol,0.5285412,4.5026407,21.571112,3,0,0,8.867432,4.5026407,0.5285412
2068,BRD-K07762753,aminopurvalanol-a,0.0,4.5454545,5.426357,3,0,0,3.3239372,4.5454545,0.0
2069,BRD-K63430059,methoxsalen,2.8541226,4.5454545,6.02537,3,0,0,4.4749827,4.5454545,2.8541226
2070,BRD-A41941932,vitexin,0.0,4.549715,7.056826,3,0,0,3.868847,4.549715,0.0
2071,BRD-A93236127,digitoxin,5.0387597,4.612554,0.0,3,0,0,3.2171047,4.612554,0.0
2072,BRD-K41410256,balsalazide,0.0,4.6159267,55.62613,3,0,0,20.080687,4.6159267,0.0
2073,BRD-A55946879,BW-B70C,0.40094906,4.6159267,61.26202,3,0,0,22.092964,4.6159267,0.40094906
2074,BRD-K11757396,BRD-K11757396,0.0,4.6511626,5.1597967,3,0,0,3.2703197,4.6511626,0.0
2075,BRD-K20742498,RS-39604,0.0,4.6926627,9.818887,3,0,0,4.837183,4.6926627,0.0
2076,BRD-A97035593,BRD-A97035593,0.0,10.297086,4.706517,3,0,0,5.001201,4.706517,0.0
2077,BRD-K26015241,ODQ,0.0,11.984414,4.721635,3,0,0,5.568683,4.721635,0.0
2078,BRD-K59456551,methotrexate,0.0,8.526024,4.7321506,3,0,0,4.4193916,4.7321506,0.0
2079,BRD-K96319534,phentermine,0.2114165,11.453251,4.845601,3,0,0,5.5034223,4.845601,0.2114165
2080,BRD-A15914070,4-hydroxy-2-nonenal,7.269294,4.8889093,0.0,3,0,0,4.0527344,4.8889093,0.0
2081,BRD-K36153907,KU-C103885,0.0,27.461502,4.906114,3,0,0,10.789205,4.906114,0.0
2082,BRD-K92577649,GBR-13069,4.955063,4.2652225,8.211285,3,0,0,5.8105235,4.955063,4.2652225
2083,BRD-K33551950,radicicol,50.478798,0.0,5.003524,3,0,0,18.494108,5.003524,0.0
2084,BRD-K36377456,marmesin,0.0,5.0541506,22.81272,3,0,0,9.288957,5.0541506,0.0
2085,BRD-A20697603,thiostrepton,5.0739956,31.25325,0.7709904,3,0,0,12.366078,5.0739956,0.7709904
2086,BRD-A91992993,siguazodan,1.311996,5.1209874,13.60601,3,0,0,6.6796646,5.1209874,1.311996
2087,BRD-K52751261,TAK-715,0.0,12.309528,5.179704,3,0,0,5.8297443,5.179704,0.0
2088,BRD-K83972459,JWE-035,0.0,5.2195563,19.319172,3,0,0,8.179576,5.2195563,0.0
2089,BRD-K42635745,suloctidil,0.45806906,10.055542,5.230939,3,0,0,5.2481833,5.230939,0.45806906
2090,BRD-A26032986,zaldaride,0.28188866,5.2458034,10.970252,3,0,0,5.499315,5.2458034,0.28188866
2091,BRD-A19374631,vinpocetine,0.0,5.249682,6.355629,3,0,0,3.8684368,5.249682,0.0
2092,BRD-K99749624,linifanib,0.0,65.22121,5.2607937,3,0,0,23.494001,5.2607937,0.0
2093,BRD-K53263234,CITCO,2.2903454,40.102585,5.2636156,3,0,0,15.885514,5.2636156,2.2903454
2094,BRD-K52394958,GR-159897,0.0,5.273268,10.295852,3,0,0,5.189707,5.273268,0.0
2095,BRD-K79684402,Ro-10-5824,0.0,5.2854123,9.751098,3,0,0,5.0121703,5.2854123,0.0
2096,BRD-K78599730,manumycin-a,1.9379845,5.3312855,31.520851,3,0,0,12.930039,5.3312855,1.9379845
2097,BRD-K19284129,salvinorin-a,0.0,70.740135,5.3558846,3,0,0,25.365341,5.3558846,0.0
2098,BRD-A49447682,desoximetasone,0.0,5.3911204,6.63369,3,0,0,4.0082703,5.3911204,0.0
2099,BRD-K52172416,anastrozole,0.0,5.3911204,15.749781,3,0,0,7.046967,5.3911204,0.0
2100,BRD-K81029756,diltiazem,0.0,14.841866,5.4615927,3,0,0,6.76782,5.4615927,0.0
2101,BRD-A16332958,modafinil,0.0,6.758771,5.4968286,3,0,0,4.0852,5.4968286,0.0
2102,BRD-K67868012,PI-103,0.0,5.504835,8.629813,3,0,0,4.7115493,5.504835,0.0
2103,BRD-A92161634,scopoline,0.0,11.8652,5.5198593,3,0,0,5.7950196,5.5198593,0.0
2104,BRD-A62057054,MDL-11939,0.0,6.4236894,5.5261235,3,0,0,3.983271,5.5261235,0.0
2105,BRD-K84937637,sirolimus,0.0,5.5491223,23.188276,3,0,0,9.579133,5.5491223,0.0
2106,BRD-K02123250,JNJ-38877605,0.0,28.097673,5.5783772,3,0,0,11.22535,5.5783772,0.0
2107,BRD-K87919739,tyrphostin-AG-825,0.0,38.318466,5.6789446,3,0,0,14.665803,5.6789446,0.0
2108,BRD-A31374339,fludarabine,0.0,5.6928225,8.5196085,3,0,0,4.737477,5.6928225,0.0
2109,BRD-K37694030,doxepin,0.1761804,26.801971,5.7102785,3,0,0,10.896144,5.7102785,0.1761804
2110,BRD-U66370498,androstanol,3.7373343,21.792953,5.7697678,3,0,0,10.433352,5.7697678,3.7373343
2111,BRD-K53220666,trimetozine,0.0,5.8339663,10.595135,3,0,0,5.4763665,5.8339663,0.0
2112,BRD-A51410489,yohimbine,0.49330515,5.8526506,9.664948,3,0,0,5.336968,5.8526506,0.49330515
2113,BRD-K97354755,SU-6656,0.0,5.8970695,51.657227,3,0,0,19.184765,5.8970695,0.0
2114,BRD-A00546892,biperiden,0.027327051,8.828795,5.906744,3,0,0,4.920955,5.906744,0.027327051
2115,BRD-K68997413,PF-3845,0.422833,5.918392,39.902653,3,0,0,15.414626,5.918392,0.422833
2116,BRD-K16485616,mocetinostat,0.0,6.765328,5.9577575,3,0,0,4.2410283,5.9577575,0.0
2117,BRD-K46424862,hymecromone,0.0,22.675072,5.968782,3,0,0,9.547952,5.968782,0.0
2118,BRD-A62525898,prednisone,0.45806906,19.476194,5.9828763,3,0,0,8.639047,5.9828763,0.45806906
2119,BRD-K39356024,pregnenolone,0.0,6.0870266,11.961181,3,0,0,6.016069,6.0870266,0.0
2120,BRD-K54759182,dosulepin,0.0,6.918182,6.1530323,3,0,0,4.3570714,6.1530323,0.0
2121,BRD-A53107311,BRD-A53107311,0.0,6.2015505,30.186543,3,0,0,12.129364,6.2015505,0.0
2122,BRD-K51805276,temefos,0.0,6.221789,9.43323,3,0,0,5.21834,6.221789,0.0
2123,BRD-K41567364,SB-334867,1.2684989,33.532898,6.2528987,3,0,0,13.684765,6.2528987,1.2684989
2124,BRD-A18279961,BRD-A18279961,6.3081026,4.1578574,29.655003,3,0,0,13.373653,6.3081026,4.1578574
2125,BRD-K65503129,CCT-018159,0.0,8.788183,6.333356,3,0,0,5.040513,6.333356,0.0
2126,BRD-A86044036,flurbiprofen-(+/-),2.184637,6.3424945,22.076534,3,0,0,10.201222,6.3424945,2.184637
2127,BRD-K06388322,pramipexole,0.0,6.354453,6.4688725,3,0,0,4.274442,6.354453,0.0
2128,BRD-K56957086,dacinostat,0.2114165,35.74433,6.380984,3,0,0,14.112245,6.380984,0.2114165
2129,BRD-K43245338,MDL-28170,0.0,6.4447575,10.221064,3,0,0,5.5552735,6.4447575,0.0
2130,BRD-A73929928,BRD-A73929928,0.5285412,6.5209756,16.917522,3,0,0,7.989013,6.5209756,0.5285412
2131,BRD-K29173907,isoflupredone-acetate,0.0,6.557756,11.169838,3,0,0,5.9091983,6.557756,0.0
2132,BRD-K81521265,dicyclohexylurea,0.0,14.822517,6.5692406,3,0,0,7.130586,6.5692406,0.0
2133,BRD-K98824517,BRD-K98824517,6.6243834,53.335857,0.0,3,0,0,19.986746,6.6243834,0.0
2134,BRD-K99946902,hexylresorcinol,0.0,6.6420984,10.40821,3,0,0,5.683436,6.6420984,0.0
2135,BRD-K43736954,cortisone,0.69225764,6.6549177,35.193195,3,0,0,14.180123,6.6549177,0.69225764
2136,BRD-A64228451,terreic-acid-(-),1.1627907,6.7016277,9.233387,3,0,0,5.6992683,6.7016277,1.1627907
2137,BRD-A71459254,cymarin,2.2551093,6.781769,8.069063,3,0,0,5.7019806,6.781769,2.2551093
2138,BRD-K24681473,YM-155,0.0,46.76599,6.785016,3,0,0,17.850336,6.785016,0.0
2139,BRD-K09537769,NU-7026,0.5285412,16.836557,6.800564,3,0,0,8.055221,6.800564,0.5285412
2140,BRD-A98299281,"hydroxytacrine-maleate-(r,s)",5.3523436,57.408836,6.8057747,3,0,0,23.188986,6.8057747,5.3523436
2141,BRD-K32318651,acyclovir,1.4446794,6.906272,6.8470016,3,0,0,5.0659842,6.8470016,1.4446794
2142,BRD-K76698671,HNHA,0.0,41.913692,6.8723354,3,0,0,16.262009,6.8723354,0.0
2143,BRD-A16700644,isoxsuprine,26.346317,1.0923185,6.906272,3,0,0,11.448303,6.906272,1.0923185
2144,BRD-A01317026,"7,8-dihydro-L-biopterin",0.0,6.976744,51.080055,3,0,0,19.352266,6.976744,0.0
2145,BRD-A48257147,PHCCC,0.0,7.01198,35.563725,3,0,0,14.191902,7.01198,0.0
2146,BRD-K67277431,picotamide,7.0454817,1.2684989,69.012886,3,0,0,25.775621,7.0454817,1.2684989
2147,BRD-K63641886,cefuroxime,0.0,9.5501585,7.0824523,3,0,0,5.5442033,7.0824523,0.0
2148,BRD-A43940795,tetrahydropalmatine,2.69138,11.024061,7.1097484,3,0,0,6.94173,7.1097484,2.69138
2149,BRD-K83794624,pirarubicin,0.0,13.143059,7.1526227,3,0,0,6.765227,7.1526227,0.0
2150,BRD-K83637872,SANT-1,0.0,7.699501,7.266215,3,0,0,4.9885716,7.266215,0.0
2151,BRD-A28105619,cucurbitacin-i,0.8104299,7.3060904,46.053097,3,0,0,18.05654,7.3060904,0.8104299
2152,BRD-A09828896,SKF-81297,0.0,7.3073063,12.476924,3,0,0,6.5947433,7.3073063,0.0
2153,BRD-K72676686,fluvoxamine,0.0,30.76774,7.323392,3,0,0,12.697044,7.323392,0.0
2154,BRD-A11990600,lorazepam,0.5817635,7.353171,17.351986,3,0,0,8.428973,7.353171,0.5817635
2155,BRD-K59574735,ubenimex,0.0,14.808067,7.4175043,3,0,0,7.4085236,7.4175043,0.0
2156,BRD-K60160658,tiagabine,0.0,7.4700494,26.866642,3,0,0,11.445564,7.4700494,0.0
2157,BRD-K66353228,zoxazolamine,0.0,16.430454,7.551014,3,0,0,7.9938226,7.551014,0.0
2158,BRD-A64290322,cyclosporin-a,0.0,7.5816174,18.45812,3,0,0,8.679913,7.5816174,0.0
2159,BRD-K91699951,benzonatate,0.0,22.151047,7.5965486,3,0,0,9.915865,7.5965486,0.0
2160,BRD-K07736136,VX-702,0.0,7.6255617,10.217174,3,0,0,5.9475784,7.6255617,0.0
2161,BRD-K15592317,CP-466722,0.0,7.6918035,17.729229,3,0,0,8.473678,7.6918035,0.0
2162,BRD-K72703948,ZM-447439,0.0,7.733983,67.938255,3,0,0,25.224081,7.733983,0.0
2163,BRD-K47936004,piribedil,0.022506041,7.766501,29.173136,3,0,0,12.320714,7.766501,0.022506041
2164,BRD-K86161929,cortisone,0.0,7.820516,35.366722,3,0,0,14.395745,7.820516,0.0
2165,BRD-A69927616,isradipine,0.0,10.918882,7.82241,3,0,0,6.2470975,7.82241,0.0
2166,BRD-A25067867,benzatropine,4.4397464,7.827487,20.66395,3,0,0,10.977061,7.827487,4.4397464
2167,BRD-K52850071,WHI-P154,0.0,23.437778,7.82775,3,0,0,10.421844,7.82775,0.0
2168,BRD-K10995081,perphenazine,0.10570825,19.00262,7.9004164,3,0,0,9.002915,7.9004164,0.10570825
2169,BRD-K22503835,scriptaid,0.0,25.966024,7.9664598,3,0,0,11.310828,7.9664598,0.0
2170,BRD-K92723993,imatinib,7.988336,15.4361105,1.7970402,3,0,0,8.407163,7.988336,1.7970402
2171,BRD-K49372556,mofezolac,0.0,8.020924,16.293716,3,0,0,8.10488,8.020924,0.0
2172,BRD-A91452556,estradiol-cypionate,0.023745548,8.040208,15.364005,3,0,0,7.80932,8.040208,0.023745548
2173,BRD-A18917088,estradiol,10.325998,8.09606,0.3523608,3,0,0,6.258139,8.09606,0.3523608
2174,BRD-A26711594,nicardipine,0.035236083,8.103273,42.39753,3,0,0,16.845346,8.103273,0.035236083
2175,BRD-K74305673,IKK-2-inhibitor-V,6.2367864,8.139535,72.34358,3,0,0,28.906633,8.139535,6.2367864
2176,BRD-K67637637,olopatadine,0.0,8.163357,15.416548,3,0,0,7.859968,8.163357,0.0
2177,BRD-A80213327,NSC-23766,2.501762,8.184715,27.91861,3,0,0,12.868362,8.184715,2.501762
2178,BRD-K15409150,penfluridol,8.210261,5.179704,46.675278,3,0,0,20.021748,8.210261,5.179704
2179,BRD-K54411430,robustic-acid,0.0,8.266013,8.967132,3,0,0,5.7443814,8.266013,0.0
2180,BRD-A50675702,fipronil,2.3255813,8.321911,10.486761,3,0,0,7.0447507,8.321911,2.3255813
2181,BRD-A60294240,tribenoside,0.0,8.33093,18.722786,3,0,0,9.017905,8.33093,0.0
2182,BRD-A62336480,niguldipine,0.0,15.248781,8.331911,3,0,0,7.860231,8.331911,0.0
2183,BRD-K73709114,BRD-K73709114,0.5637773,28.895605,8.334577,3,0,0,12.597987,8.334577,0.5637773
2184,BRD-K76304753,phenazopyridine,1.5503876,9.151974,8.402851,3,0,0,6.3684044,8.402851,1.5503876
2185,BRD-K63550407,erythromycin,0.0,8.407635,10.15201,3,0,0,6.186548,8.407635,0.0
2186,BRD-K37792168,denbufylline,0.0,12.144382,8.435085,3,0,0,6.8598228,8.435085,0.0
2187,BRD-A16820783,BRD-A16820783,2.1239161,8.44203,25.70578,3,0,0,12.090576,8.44203,2.1239161
2188,BRD-K49945136,GR-113808,0.0,10.812928,8.467024,3,0,0,6.426651,8.467024,0.0
2189,BRD-A01643550,prednisolone-acetate,1.9027485,16.167042,8.469791,3,0,0,8.846527,8.469791,1.9027485
2190,BRD-K34685430,methylergometrine,0.0,8.494244,17.462566,3,0,0,8.65227,8.494244,0.0
2191,BRD-K39670393,amthamine,0.0,8.520301,14.5913315,3,0,0,7.703878,8.520301,0.0
2192,BRD-A45498368,WYE-125132,12.162828,8.555202,0.0,3,0,0,6.9060097,8.555202,0.0
2193,BRD-A02367930,ethinyl-estradiol,0.9866103,8.577066,18.735981,3,0,0,9.433219,8.577066,0.9866103
2194,BRD-K20655524,mefexamide,8.585411,2.3255813,75.60055,3,0,0,28.837181,8.585411,2.3255813
2195,BRD-A28422330,BRD-A28422330,0.845666,31.278278,8.660421,3,0,0,13.594788,8.660421,0.845666
2196,BRD-K47448802,BRD-K47448802,0.0,8.6880045,22.311932,3,0,0,10.333312,8.6880045,0.0
2197,BRD-K56700933,phenethyl-isothiocyanate,8.907646,2.8541226,12.634958,3,0,0,8.132242,8.907646,2.8541226
2198,BRD-K50891186,GR-103691,1.5856236,11.304185,8.97419,3,0,0,7.2879987,8.97419,1.5856236
2199,BRD-K37080523,isoreserpine,0.0,8.97473,18.47395,3,0,0,9.14956,8.97473,0.0
2200,BRD-K61401890,deguelin,0.0,9.15543,30.846525,3,0,0,13.333984,9.15543,0.0
2201,BRD-K15196155,IBC-293,0.0,9.174744,21.811392,3,0,0,10.3287115,9.174744,0.0
2202,BRD-K44067360,flufenamic-acid,3.382664,68.269775,9.196617,3,0,0,26.949686,9.196617,3.382664
2203,BRD-K05977355,fluconazole,0.1761804,9.274193,10.009171,3,0,0,6.4865146,9.274193,0.1761804
2204,BRD-A04756508,norgestimate,0.0,9.274813,15.97827,3,0,0,8.417694,9.274813,0.0
2205,BRD-K50168500,canertinib,9.334893,45.03334,0.0,3,0,0,18.122744,9.334893,0.0
2206,BRD-K49049886,CGS-15943,0.1761804,9.350251,29.4056,3,0,0,12.9773445,9.350251,0.1761804
2207,BRD-A95096829,PNU-96415E,0.0,10.939663,9.431959,3,0,0,6.7905407,9.431959,0.0
2208,BRD-K57954781,BRD-K57954781,0.0,9.44327,9.760395,3,0,0,6.4012218,9.44327,0.0
2209,BRD-K86595100,chlordiazepoxide,0.0,11.59267,9.4503145,3,0,0,7.014328,9.4503145,0.0
2210,BRD-K86509404,iso-olomoucine,1.9732206,18.083065,9.471339,3,0,0,9.842542,9.471339,1.9732206
2211,BRD-K20197062,SA-94315,0.0,9.507614,12.001201,3,0,0,7.1696053,9.507614,0.0
2212,BRD-K59332007,linopirdine,0.0,9.515232,14.303114,3,0,0,7.939449,9.515232,0.0
2213,BRD-K15025317,BAY-11-7082,0.5285412,9.516499,18.015219,3,0,0,9.353419,9.516499,0.5285412
2214,BRD-K30064966,BRD-K30064966,0.5285412,39.031654,9.525723,3,0,0,16.361973,9.525723,0.5285412
2215,BRD-A37541666,naloxone,0.0,9.654686,20.003086,3,0,0,9.885924,9.654686,0.0
2216,BRD-A71799696,BH3I-1,9.790655,13.727761,6.606406,3,0,0,10.041608,9.790655,6.606406
2217,BRD-K05434375,HA-1004,0.0,9.796562,22.410633,3,0,0,10.735732,9.796562,0.0
2218,BRD-A82656074,naltrindole,0.0,33.1075,9.8006735,3,0,0,14.302724,9.8006735,0.0
2219,BRD-K73196317,urapidil,0.24665257,9.824602,18.610956,3,0,0,9.560737,9.824602,0.24665257
2220,BRD-K17953061,staurosporine,0.0,9.846878,17.936674,3,0,0,9.261184,9.846878,0.0
2221,BRD-K69608737,tacrolimus,0.95137423,9.900826,13.785427,3,0,0,8.212543,9.900826,0.95137423
2222,BRD-A03323675,ritonavir,0.0,9.922263,10.163307,3,0,0,6.6951904,9.922263,0.0
2223,BRD-K91509126,piceatannol,0.1761804,9.983641,9.936575,3,0,0,6.6987987,9.936575,0.1761804
2224,BRD-A30205217,ethotoin,0.0,9.992527,21.222618,3,0,0,10.405048,9.992527,0.0
2225,BRD-K94512704,spiramide,10.002397,27.20684,7.567044,3,0,0,14.9254265,10.002397,7.567044
2226,BRD-K95676198,JAK3-inhibitor-V,0.0,10.017557,50.49244,3,0,0,20.169998,10.017557,0.0
2227,BRD-K56800335,guanabenz,62.72162,10.055767,6.7366834,3,0,0,26.50469,10.055767,6.7366834
2228,BRD-A11678676,wortmannin,0.14094433,10.106485,17.472982,3,0,0,9.240137,10.106485,0.14094433
2229,BRD-K68407802,KIN001-055,10.1391,30.685087,10.04559,3,0,0,16.956593,10.1391,10.04559
2230,BRD-K89930444,AG-592,25.41811,2.796832,10.199604,3,0,0,12.804849,10.199604,2.796832
2231,BRD-K56115039,BU-226,0.88090205,15.208289,10.217274,3,0,0,8.768822,10.217274,0.88090205
2232,BRD-K40902647,vincamine,0.0,10.232946,65.17173,3,0,0,25.134893,10.232946,0.0
2233,BRD-K14844937,BRD-K14844937,0.0,48.22891,10.25505,3,0,0,19.494654,10.25505,0.0
2234,BRD-K63068307,ZSTK-474,2.709104,21.43027,10.285748,3,0,0,11.47504,10.285748,2.709104
2235,BRD-K68783079,BRD-K68783079,0.0,10.398253,10.676533,3,0,0,7.024929,10.398253,0.0
2236,BRD-K45435259,SCH-23390,0.0,14.56323,10.399864,3,0,0,8.321031,10.399864,0.0
2237,BRD-A21858158,praziquantel,0.0,10.407311,23.162243,3,0,0,11.189851,10.407311,0.0
2238,BRD-K31843556,T-0070907,1.1857046,10.493803,11.813171,3,0,0,7.830893,10.493803,1.1857046
2239,BRD-K04412738,tramadol,2.4665258,10.500352,13.54158,3,0,0,8.836152,10.500352,2.4665258
2240,BRD-K18518344,digitoxigenin,4.744958,10.503897,14.763021,3,0,0,10.003959,10.503897,4.744958
2241,BRD-A10903566,imiloxan,0.0,11.0139065,10.519499,3,0,0,7.1778016,10.519499,0.0
2242,BRD-K71266197,PSB-06126,0.0,10.570825,13.319239,3,0,0,7.9633546,10.570825,0.0
2243,BRD-K31912990,CGP-71683,19.298763,10.294349,10.572676,3,0,0,13.388596,10.572676,10.294349
2244,BRD-A01593789,chlormadinone-acetate,3.5940804,45.785065,10.611432,3,0,0,19.996859,10.611432,3.5940804
2245,BRD-A04308630,genipin,0.0,10.763468,11.544519,3,0,0,7.4359956,10.763468,0.0
2246,BRD-A61470182,N-formylmethionylalanine,0.0,12.796727,10.774214,3,0,0,7.856981,10.774214,0.0
2247,BRD-K74112339,acetohydroxamic-acid,17.530846,7.0764832,10.812138,3,0,0,11.806488,10.812138,7.0764832
2248,BRD-A68589262,troxipide,2.8545475,17.465422,10.888752,3,0,0,10.402907,10.888752,2.8545475
2249,BRD-A26334849,propafenone,0.31712472,10.894638,17.444935,3,0,0,9.552233,10.894638,0.31712472
2250,BRD-A67433117,NCS-382,8.415266,18.069992,10.947028,3,0,0,12.477429,10.947028,8.415266
2251,BRD-A28746609,paclitaxel,0.5285412,11.114146,55.251007,3,0,0,22.297897,11.114146,0.5285412
2252,BRD-K85015012,NNC-05-2090,2.1141648,28.766262,11.14949,3,0,0,14.009973,11.14949,2.1141648
2253,BRD-K01292756,pimozide,1.3742071,37.2933,11.167043,3,0,0,16.611517,11.167043,1.3742071
2254,BRD-K04389336,labetalol,0.0,12.329595,11.238604,3,0,0,7.856066,11.238604,0.0
2255,BRD-A64933752,CV-1808,4.426875,35.901352,11.297619,3,0,0,17.208616,11.297619,4.426875
2256,BRD-A72066420,mifobate,43.54059,11.324854,10.861681,3,0,0,21.909042,11.324854,10.861681
2257,BRD-A10969569,ambelline,0.0,38.96639,11.330087,3,0,0,16.765491,11.330087,0.0
2258,BRD-K93441486,diphemanil,0.24665257,11.337261,15.227807,3,0,0,8.93724,11.337261,0.24665257
2259,BRD-A55369275,CGP-54626,2.60747,11.415748,58.37391,3,0,0,24.132376,11.415748,2.60747
2260,BRD-K02227374,milnacipran,0.9161381,11.423858,14.5658,3,0,0,8.968598,11.423858,0.9161381
2261,BRD-K72029282,probucol,0.0,15.73231,11.457611,3,0,0,9.063308,11.457611,0.0
2262,BRD-K02404261,caffeine,1.691332,39.631496,11.526891,3,0,0,17.616573,11.526891,1.691332
2263,BRD-K66296774,fluvastatin,0.0,47.282696,11.614955,3,0,0,19.632551,11.614955,0.0
2264,BRD-A94709349,metaxalone,0.0,42.63596,11.681047,3,0,0,18.105669,11.681047,0.0
2265,BRD-K94689771,pinocembrin,0.0,11.710216,32.775505,3,0,0,14.828574,11.710216,0.0
2266,BRD-A68723818,brompheniramine,3.323206,15.785031,11.779338,3,0,0,10.295858,11.779338,3.323206
2267,BRD-K42452249,EO-1428,0.0,11.965945,21.055408,3,0,0,11.007118,11.965945,0.0
2268,BRD-A87848830,bimatoprost,0.0,12.022827,26.398552,3,0,0,12.807126,12.022827,0.0
2269,BRD-A79479878,testosterone,0.0,74.015434,12.024352,3,0,0,28.67993,12.024352,0.0
2270,BRD-K53855319,SRT-1720,0.0,12.215756,20.400454,3,0,0,10.87207,12.215756,0.0
2271,BRD-K15567136,papaverine,41.201607,12.229342,12.228021,3,0,0,21.886322,12.229342,12.228021
2272,BRD-K93880783,stavudine,0.0,34.166626,12.265597,3,0,0,15.477408,12.265597,0.0
2273,BRD-K22134346,simvastatin,0.016501501,17.691837,12.283853,3,0,0,9.997397,12.283853,0.016501501
2274,BRD-K35960502,niclosamide,10.544546,12.29019,49.623245,3,0,0,24.152662,12.29019,10.544546
2275,BRD-A59174698,ritodrine,0.0,16.893036,12.454613,3,0,0,9.78255,12.454613,0.0
2276,BRD-K35133769,BRD-K35133769,0.0,12.472073,26.339914,3,0,0,12.937329,12.472073,0.0
2277,BRD-A30717181,triamcinolone,0.9866103,46.131737,12.664019,3,0,0,19.927454,12.664019,0.9866103
2278,BRD-A35511923,L-803087,0.422833,21.591911,12.683347,3,0,0,11.56603,12.683347,0.422833
2279,BRD-K73999723,telmisartan,0.0,13.195401,12.813435,3,0,0,8.669612,12.813435,0.0
2280,BRD-K21806131,tegaserod,0.0,24.865685,12.823234,3,0,0,12.562973,12.823234,0.0
2281,BRD-K37940862,BRD-K37940862,0.0,12.843404,16.288763,3,0,0,9.710723,12.843404,0.0
2282,BRD-K03600606,catechin,1.2684989,12.88286,15.04174,3,0,0,9.731033,12.88286,1.2684989
2283,BRD-K77677632,SB-200646,0.0,12.889523,41.10712,3,0,0,17.99888,12.889523,0.0
2284,BRD-A50928468,norgestrel,0.0,14.51918,12.902239,3,0,0,9.140473,12.902239,0.0
2285,BRD-K34581968,BMS-536924,0.0,14.81501,12.92066,3,0,0,9.245223,12.92066,0.0
2286,BRD-K71035033,masitinib,0.0,12.936071,23.30698,3,0,0,12.081017,12.936071,0.0
2287,BRD-A65013509,oxybutynin,13.106832,7.109872,23.367517,3,0,0,14.528073,13.106832,7.109872
2288,BRD-K08219523,5-nonyloxytryptamine,13.13075,19.16597,12.718841,3,0,0,15.005187,13.13075,12.718841
2289,BRD-K68065987,MK-2206,0.0,52.23795,13.323818,3,0,0,21.853922,13.323818,0.0
2290,BRD-K11801786,trimidox,0.0,13.360192,14.039751,3,0,0,9.133315,13.360192,0.0
2291,BRD-K36395411,SB-206553,0.0,13.898315,13.399918,3,0,0,9.099411,13.399918,0.0
2292,BRD-K10065684,dantron,0.0,87.92277,13.408682,3,0,0,33.77715,13.408682,0.0
2293,BRD-K67258146,BRD-K67258146,3.9464412,13.461487,34.964558,3,0,0,17.457495,13.461487,3.9464412
2294,BRD-A84134924,pancuronium,2.3255813,13.502204,22.106478,3,0,0,12.644753,13.502204,2.3255813
2295,BRD-K10705233,GW-405833,0.7047216,13.543598,22.058529,3,0,0,12.1022835,13.543598,0.7047216
2296,BRD-K53523901,arctigenin,1.0705506,18.11746,13.550684,3,0,0,10.912898,13.550684,1.0705506
2297,BRD-K40645748,mefloquine,1.4446794,29.595676,13.60511,3,0,0,14.881822,13.60511,1.4446794
2298,BRD-K55696337,topotecan,0.0,13.622478,19.16903,3,0,0,10.930503,13.622478,0.0
2299,BRD-K28806945,L-750667,0.0,28.798489,13.622721,3,0,0,14.140404,13.622721,0.0
2300,BRD-K93645900,tadalafil,0.1761804,13.665027,32.108902,3,0,0,15.316704,13.665027,0.1761804
2301,BRD-K90789829,nefazodone,0.0,13.676546,34.565945,3,0,0,16.080832,13.676546,0.0
2302,BRD-K10961822,latanoprost,0.0,13.90675,36.0585,3,0,0,16.655083,13.90675,0.0
2303,BRD-K42500029,CGP-57380,0.0,15.860983,13.909897,3,0,0,9.923627,13.909897,0.0
2304,BRD-K25905511,buddleoflavonoloside,5.0073986,13.931736,26.356754,3,0,0,15.09863,13.931736,5.0073986
2305,BRD-K90543092,levonorgestrel,0.0,28.85249,13.945006,3,0,0,14.265832,13.945006,0.0
2306,BRD-K43405658,tyrphostin-AG-527,0.0,14.100627,42.847748,3,0,0,18.982792,14.100627,0.0
2307,BRD-K05350981,oligomycin-c,0.45806906,29.10857,14.121645,3,0,0,14.562762,14.121645,0.45806906
2308,BRD-A46393198,tetramisole,0.3523608,21.295607,14.200731,3,0,0,11.949566,14.200731,0.3523608
2309,BRD-A76279427,myriocin,0.0,32.41291,14.202031,3,0,0,15.538314,14.202031,0.0
2310,BRD-K46556543,potassium-canrenoate,0.0,27.124073,14.202645,3,0,0,13.775573,14.202645,0.0
2311,BRD-A67748489,K-858,0.0,14.270015,40.99079,3,0,0,18.420269,14.270015,0.0
2312,BRD-K94649603,taxifolin,14.281706,11.878001,27.868143,3,0,0,18.009283,14.281706,11.878001
2313,BRD-A35033682,eriodictyol,0.0,14.297638,16.470598,3,0,0,10.256079,14.297638,0.0
2314,BRD-K20401833,BRD-K20401833,0.0,53.849304,14.30636,3,0,0,22.718554,14.30636,0.0
2315,BRD-K31471398,dihydrexidine,0.0,25.245205,14.339298,3,0,0,13.194835,14.339298,0.0
2316,BRD-A96799240,4-hydroxyretinoic-acid,0.0,14.435719,38.537193,3,0,0,17.657637,14.435719,0.0
2317,BRD-K70511574,HMN-214,0.0,14.458103,38.412903,3,0,0,17.623669,14.458103,0.0
2318,BRD-K69837166,trap-101,0.0,36.4955,14.4678545,3,0,0,16.987783,14.4678545,0.0
2319,BRD-K67100011,pivmecillinam,0.0,15.742853,14.486671,3,0,0,10.0765085,14.486671,0.0
2320,BRD-K46384212,O-3M3FBS,0.24665257,16.305235,14.518171,3,0,0,10.356687,14.518171,0.24665257
2321,BRD-K13642330,cosmosiin,1.725097,24.207909,14.526484,3,0,0,13.486496,14.526484,1.725097
2322,BRD-K96471533,nitazoxanide,0.75850916,14.531941,19.09576,3,0,0,11.46207,14.531941,0.75850916
2323,BRD-K23335153,AMN-082,0.0,14.572271,37.257282,3,0,0,17.276518,14.572271,0.0
2324,BRD-K06956503,BRD-K06956503,14.600909,7.491915,39.416668,3,0,0,20.503164,14.600909,7.491915
2325,BRD-A83326220,brazilin,14.6446295,18.108025,10.791745,3,0,0,14.5148,14.6446295,10.791745
2326,BRD-K67977190,eprosartan,0.0,14.688194,38.30212,3,0,0,17.663439,14.688194,0.0
2327,BRD-K68488863,ENMD-2076,1.8322762,14.781677,26.387947,3,0,0,14.333966,14.781677,1.8322762
2328,BRD-K02950022,BMS-299897,1.1980268,34.0343,14.954399,3,0,0,16.72891,14.954399,1.1980268
2329,BRD-A09349126,norethindrone,46.93509,1.7339053,14.968223,3,0,0,21.212404,14.968223,1.7339053
2330,BRD-A25569250,KI-16425,0.0,23.375362,15.088423,3,0,0,12.821261,15.088423,0.0
2331,BRD-K06014311,DH-97,15.157543,12.31762,26.421768,3,0,0,17.965643,15.157543,12.31762
2332,BRD-A45664787,iloprost,0.0,15.207065,18.063007,3,0,0,11.090024,15.207065,0.0
2333,BRD-K51095933,estropipate,21.439283,15.293856,2.265141,3,0,0,12.999427,15.293856,2.265141
2334,BRD-A43082555,loxoprofen,0.0,15.316521,65.66629,3,0,0,26.99427,15.316521,0.0
2335,BRD-K43290182,Ro-04-6790,1.1275547,16.050238,15.398993,3,0,0,10.858929,15.398993,1.1275547
2336,BRD-K08417745,SID-26681509,0.070472166,23.44221,15.451294,3,0,0,12.987991,15.451294,0.070472166
2337,BRD-K61250553,loperamide,3.7736568,16.706392,15.525991,3,0,0,12.002014,15.525991,3.7736568
2338,BRD-K16406336,methylene-blue,0.0,15.533035,28.931732,3,0,0,14.821589,15.533035,0.0
2339,BRD-A54845972,dihydroergotamine,0.45806906,15.537826,24.866623,3,0,0,13.620839,15.537826,0.45806906
2340,BRD-K90574421,ipsapirone,0.0,16.806543,15.574663,3,0,0,10.7937355,15.574663,0.0
2341,BRD-A52886023,antimycin-a,0.0,42.577377,15.620332,3,0,0,19.399237,15.620332,0.0
2342,BRD-K78122587,NNC-55-0396,20.345915,5.250164,15.677635,3,0,0,13.757904,15.677635,5.250164
2343,BRD-A17453586,MDL-72832,1.3742071,15.680117,23.006649,3,0,0,13.353658,15.680117,1.3742071
2344,BRD-A85280935,quinpirole,4.49371,15.736355,43.85018,3,0,0,21.360083,15.736355,4.49371
2345,BRD-A75479906,rimantadine,3.5236082,15.742655,42.89591,3,0,0,20.720724,15.742655,3.5236082
2346,BRD-K59570838,homoveratrylamine,4.2283297,15.748413,18.933659,3,0,0,12.970134,15.748413,4.2283297
2347,BRD-K08502430,angiogenesis-inhibitor,0.0,28.553223,15.764408,3,0,0,14.772544,15.764408,0.0
2348,BRD-K17896185,FIT,2.2198732,15.781613,20.78626,3,0,0,12.929249,15.781613,2.2198732
2349,BRD-K59058766,chlorprothixene,18.58715,15.823708,12.525014,3,0,0,15.64529,15.823708,12.525014
2350,BRD-K64341947,CFM-1571,0.0,15.879404,32.86023,3,0,0,16.246544,15.879404,0.0
2351,BRD-A74980173,gatifloxacin,0.0,41.924606,15.999308,3,0,0,19.30797,15.999308,0.0
2352,BRD-A07875874,cilnidipine,0.49330515,36.426334,16.05637,3,0,0,17.65867,16.05637,0.49330515
2353,BRD-K69840642,ISOX,0.0,59.96517,16.061916,3,0,0,25.342361,16.061916,0.0
2354,BRD-A16478930,amcinonide,0.0,28.906952,16.068089,3,0,0,14.99168,16.068089,0.0
2355,BRD-K05181084,NGB-2904,1.6208597,16.099161,18.027254,3,0,0,11.915759,16.099161,1.6208597
2356,BRD-A49734948,foliosidine,0.0,23.8959,16.106739,3,0,0,13.334213,16.106739,0.0
2357,BRD-K18316707,O-1918,0.0,16.15969,44.52531,3,0,0,20.228334,16.15969,0.0
2358,BRD-K35128472,2-aminopurine,0.0,16.172441,54.450466,3,0,0,23.54097,16.172441,0.0
2359,BRD-A29437505,RWJ-21757,0.0,25.149075,16.193756,3,0,0,13.780944,16.193756,0.0
2360,BRD-A64125466,dehydrocholate,0.0,16.225529,24.145565,3,0,0,13.457031,16.225529,0.0
2361,BRD-A11007541,BCI-hydrochloride,24.78654,7.7252417,16.318913,3,0,0,16.2769,16.318913,7.7252417
2362,BRD-K47323024,methapyrilene,0.0,16.337875,43.67891,3,0,0,20.005594,16.337875,0.0
2363,BRD-A70731303,avrainvillamide-analog-5,56.801018,16.523315,4.507023,3,0,0,25.943787,16.523315,4.507023
2364,BRD-A83695761,chromanol,0.0,16.598587,25.112171,3,0,0,13.903586,16.598587,0.0
2365,BRD-A41112154,oleanolic-acid,0.42887777,16.599663,34.006023,3,0,0,17.011522,16.599663,0.42887777
2366,BRD-U68942961,JW-7-24-1,3.2064834,16.6838,18.443277,3,0,0,12.777852,16.6838,3.2064834
2367,BRD-U37049823,HG-6-64-01,0.0,36.223755,16.717087,3,0,0,17.646948,16.717087,0.0
2368,BRD-A07765530,epinephrine-(racemic),0.0,25.776709,16.760141,3,0,0,14.17895,16.760141,0.0
2369,BRD-K34034388,GBR-12783,0.0,16.859186,37.370792,3,0,0,18.07666,16.859186,0.0
2370,BRD-K19352500,prochlorperazine,0.02667226,18.794338,17.015745,3,0,0,11.945584,17.015745,0.02667226
2371,BRD-K99498722,plinabulin,16.711033,17.038511,52.378117,3,0,0,28.709219,17.038511,16.711033
2372,BRD-K68077509,brucine,18.02315,17.069628,2.4653158,3,0,0,12.519363,17.069628,2.4653158
2373,BRD-K04185004,oxybuprocaine,17.090696,6.437334,57.1738,3,0,0,26.900612,17.090696,6.437334
2374,BRD-A44701612,dihydroergocristine,5.780776,17.09669,76.64067,3,0,0,33.17271,17.09669,5.780776
2375,BRD-K36737713,AG-957,17.201424,26.306644,9.717491,3,0,0,17.741854,17.201424,9.717491
2376,BRD-K67102207,phenylbutyrate,13.367212,17.26568,20.306532,3,0,0,16.979807,17.26568,13.367212
2377,BRD-K52313696,tacedinaline,0.0,17.29165,44.18508,3,0,0,20.492243,17.29165,0.0
2378,BRD-K37447567,hydrocotarnine,27.211527,17.335594,16.668015,3,0,0,20.405045,17.335594,16.668015
2379,BRD-K54006094,formoterol,0.3523608,17.366077,42.886658,3,0,0,20.201698,17.366077,0.3523608
2380,BRD-K83144676,olmesartan,0.0,17.484539,22.582598,3,0,0,13.355713,17.484539,0.0
2381,BRD-K12906962,dichlorobenzamil,0.0,17.536531,35.060284,3,0,0,17.532272,17.536531,0.0
2382,BRD-K48974000,BRD-K48974000,2.669724,27.691181,17.56328,3,0,0,15.974729,17.56328,2.669724
2383,BRD-A95445494,maackiain,0.0,33.417713,17.649006,3,0,0,17.02224,17.649006,0.0
2384,BRD-K25906698,immepip,0.0,17.659672,72.878006,3,0,0,30.179224,17.659672,0.0
2385,BRD-K13514097,everolimus,0.0,21.952057,17.717686,3,0,0,13.223248,17.717686,0.0
2386,BRD-A34907681,rutin,2.572234,22.911823,17.76458,3,0,0,14.416213,17.76458,2.572234
2387,BRD-K43236057,polydatin,0.0,17.853268,23.60543,3,0,0,13.819566,17.853268,0.0
2388,BRD-A15034104,bergenin,0.0,17.943104,28.851027,3,0,0,15.5980425,17.943104,0.0
2389,BRD-K45888792,huperzine-a,31.598354,17.962029,0.7399577,3,0,0,16.766779,17.962029,0.7399577
2390,BRD-K49671696,ketanserin,1.4446794,18.97176,18.106203,3,0,0,12.840881,18.106203,1.4446794
2391,BRD-A39052811,mosapride,0.0,41.994545,18.321957,3,0,0,20.105501,18.321957,0.0
2392,BRD-K64310881,MW-STK33-3B,0.0,30.30152,18.474524,3,0,0,16.25868,18.474524,0.0
2393,BRD-K34330170,rotenonic-acid,0.7751938,19.191803,18.55668,3,0,0,12.841225,18.55668,0.7751938
2394,BRD-A81866333,CGS-21680,1.0923185,18.574574,50.711933,3,0,0,23.459608,18.574574,1.0923185
2395,BRD-K39733634,L-161982,1.4446794,18.628485,28.451365,3,0,0,16.174843,18.628485,1.4446794
2396,BRD-A35912562,pregnenolone-succinate,9.619451,51.992508,18.734486,3,0,0,26.782148,18.734486,9.619451
2397,BRD-K88789588,letrozole,0.0,34.276127,18.776482,3,0,0,17.684202,18.776482,0.0
2398,BRD-A70649075,sulconazole,0.026427206,22.770594,18.841688,3,0,0,13.87957,18.841688,0.026427206
2399,BRD-A31195449,TCB2,1.0392723,40.419697,18.882484,3,0,0,20.113817,18.882484,1.0392723
2400,BRD-K62289640,lylamine,19.031397,16.607162,35.198723,3,0,0,23.612427,19.031397,16.607162
2401,BRD-K69688083,mestinon,0.0,21.434187,19.06272,3,0,0,13.498969,19.06272,0.0
2402,BRD-K59637651,NSC-119889,0.0,19.0641,45.83288,3,0,0,21.632326,19.0641,0.0
2403,BRD-A93000692,ciglitazone,0.0,19.144474,21.262869,3,0,0,13.469113,19.144474,0.0
2404,BRD-K33106058,cytarabine,,17.251162,21.04071,2,0,0,19.145935,19.145935,17.251162
2405,BRD-A94669766,naringenin,0.0,28.995628,19.1946,3,0,0,16.06341,19.1946,0.0
2406,BRD-A92630576,trimebutine,3.9816773,19.273039,61.62024,3,0,0,28.29165,19.273039,3.9816773
2407,BRD-K19540840,saracatinib,1.1980268,24.973288,19.39624,3,0,0,15.189186,19.39624,1.1980268
2408,BRD-K76775527,nimesulide,0.0,40.446053,19.399591,3,0,0,19.948547,19.399591,0.0
2409,BRD-A70407468,PSB-36,0.0,19.416143,22.764338,3,0,0,14.060161,19.416143,0.0
2410,BRD-A42167015,carteolol,0.3523608,24.60793,19.473322,3,0,0,14.811204,19.473322,0.3523608
2411,BRD-A19633847,perhexiline,1.5151515,32.51393,19.480455,3,0,0,17.836512,19.480455,1.5151515
2412,BRD-K90553655,testosterone,2.8893588,28.642746,19.636036,3,0,0,17.056047,19.636036,2.8893588
2413,BRD-K47150025,KI-8751,0.0,19.775532,32.973537,3,0,0,17.583023,19.775532,0.0
2414,BRD-K69195780,NAN-190,0.0,22.710325,19.88521,3,0,0,14.198512,19.88521,0.0
2415,BRD-K21853356,RG-14620,0.0,42.38902,19.950294,3,0,0,20.779772,19.950294,0.0
2416,BRD-K56403959,ZK-756326,11.995482,19.950394,54.534687,3,0,0,28.826853,19.950394,11.995482
2417,BRD-K34533029,tyrphostin-AG-494,0.0,20.00134,20.935797,3,0,0,13.645713,20.00134,0.0
2418,BRD-K94144010,cotinine,0.0,24.418194,20.001677,3,0,0,14.8066225,20.001677,0.0
2419,BRD-K76907295,VU-0418947-2,23.397352,19.384813,20.05854,3,0,0,20.946901,20.05854,19.384813
2420,BRD-K10870738,CDC,1.1627907,23.822714,20.170815,3,0,0,15.052108,20.170815,1.1627907
2421,BRD-A89208012,BRD-A89208012,10.007319,20.249329,24.777205,3,0,0,18.344618,20.249329,10.007319
2422,BRD-K45117373,Y-26763,0.0,42.297028,20.260792,3,0,0,20.852606,20.260792,0.0
2423,BRD-K60174629,z-prolyl-prolinal,1.9027485,51.262604,20.276764,3,0,0,24.480705,20.276764,1.9027485
2424,BRD-K28296557,AKT-inhibitor-IV,0.0,20.310917,31.16027,3,0,0,17.157063,20.310917,0.0
2425,BRD-K18059238,gamma-linolenic-acid,0.0,20.332584,23.056313,3,0,0,14.462966,20.332584,0.0
2426,BRD-A17535965,gelsemine,0.0,55.84402,20.339787,3,0,0,25.394602,20.339787,0.0
2427,BRD-A78877355,nefopam,0.3875969,25.031006,20.345894,3,0,0,15.254832,20.345894,0.3875969
2428,BRD-K96720755,relcovaptan,1.103288,33.042946,20.433174,3,0,0,18.193136,20.433174,1.103288
2429,BRD-A31575449,CGP-20712,0.2114165,20.441652,39.587105,3,0,0,20.080057,20.441652,0.2114165
2430,BRD-K89732114,trifluoperazine,0.0,21.591066,20.481512,3,0,0,14.024193,20.481512,0.0
2431,BRD-A39255369,DCPIB,0.5637773,20.543547,26.892788,3,0,0,16.000036,20.543547,0.5637773
2432,BRD-A94297859,BRD-A94297859,23.640594,7.617457,20.577824,3,0,0,17.278625,20.577824,7.617457
2433,BRD-K41731458,triclosan,0.31712472,21.339296,20.60982,3,0,0,14.088746,20.60982,0.31712472
2434,BRD-K47631482,bromhexine,0.0,29.4259,20.626564,3,0,0,16.684155,20.626564,0.0
2435,BRD-A11813248,AM-92016,0.0,20.692356,21.875866,3,0,0,14.189407,20.692356,0.0
2436,BRD-K76274772,MAPP-D-erythro,0.0,29.302872,20.732368,3,0,0,16.678413,20.732368,0.0
2437,BRD-K06467078,corynanthine,20.909513,13.163929,23.559547,3,0,0,19.210997,20.909513,13.163929
2438,BRD-M72442222,vicriviroc,0.422833,34.826065,21.020443,3,0,0,18.756447,21.020443,0.422833
2439,BRD-A81772229,simvastatin,1.8322762,36.132465,21.074911,3,0,0,19.679884,21.074911,1.8322762
2440,BRD-K31633810,DAU-5884,7.4253836,21.09816,28.095625,3,0,0,18.873056,21.09816,7.4253836
2441,BRD-K92301463,"16,16-dimethylprostaglandin-e2",21.230251,16.550428,28.628891,3,0,0,22.136526,21.230251,16.550428
2442,BRD-A18202423,CPCCOEt,0.0,21.323053,37.30477,3,0,0,19.542608,21.323053,0.0
2443,BRD-K95808480,taxifolin,2.9598308,38.447426,21.32764,3,0,0,20.911633,21.32764,2.9598308
2444,BRD-K87142802,veliparib,1.9732206,21.841423,21.333496,3,0,0,15.04938,21.333496,1.9732206
2445,BRD-A95869247,indapamide,0.0,25.88114,21.393606,3,0,0,15.758248,21.393606,0.0
2446,BRD-K93918653,quizartinib,2.0789287,23.451487,21.460558,3,0,0,15.663658,21.460558,2.0789287
2447,BRD-K81418486,vorinostat,0.0,74.42141,21.468718,3,0,0,31.963377,21.468718,0.0
2448,BRD-A37432947,ipratropium,0.63424945,32.371407,21.485788,3,0,0,18.163815,21.485788,0.63424945
2449,BRD-K54256913,MK-1775,0.0,21.613354,49.436317,3,0,0,23.683222,21.613354,0.0
2450,BRD-K81209159,herniarin,0.0,32.177162,21.68166,3,0,0,17.95294,21.68166,0.0
2451,BRD-A47598013,citalopram,1.5151515,21.70086,37.24602,3,0,0,20.15401,21.70086,1.5151515
2452,BRD-K94294671,OSI-027,21.70594,30.265417,3.9816773,3,0,0,18.65101,21.70594,3.9816773
2453,BRD-A71816415,pravastatin,0.0,22.766397,21.797745,3,0,0,14.854713,21.797745,0.0
2454,BRD-K50464341,berbamine,0.0,48.73575,21.85891,3,0,0,23.531553,21.85891,0.0
2455,BRD-K00673382,famotidine,0.0,37.81446,21.972363,3,0,0,19.928942,21.972363,0.0
2456,BRD-A82329351,cycloheximide,0.0,34.26722,21.980352,3,0,0,18.749191,21.980352,0.0
2457,BRD-A99411506,esculin,0.0,21.987844,34.38175,3,0,0,18.789864,21.987844,0.0
2458,BRD-K33226500,indinavir,3.754615,55.034393,22.079716,3,0,0,26.95624,22.079716,3.754615
2459,BRD-K70487031,flupentixol,0.0,22.08294,29.263689,3,0,0,17.115541,22.08294,0.0
2460,BRD-K84987553,MDM2-inhibitor,1.5856236,22.10353,23.193111,3,0,0,15.627422,22.10353,1.5856236
2461,BRD-K91904471,SD-169,22.112572,38.164906,10.35578,3,0,0,23.544418,22.112572,10.35578
2462,BRD-K51418664,mitomycin-c,0.0,29.843586,22.159222,3,0,0,17.334269,22.159222,0.0
2463,BRD-A51182606,chloramphenicol,0.0,31.579964,22.171104,3,0,0,17.917023,22.171104,0.0
2464,BRD-A47342814,naltrindole,22.182222,23.69276,18.042425,3,0,0,21.305801,22.182222,18.042425
2465,BRD-A84205515,estriol,0.0,34.512085,22.308643,3,0,0,18.940243,22.308643,0.0
2466,BRD-A15415227,GW-1929,0.0,54.90111,22.31579,3,0,0,25.738968,22.31579,0.0
2467,BRD-A71262238,nafadotride,0.845666,33.392452,22.36901,3,0,0,18.869043,22.36901,0.845666
2468,BRD-A39172021,ampiroxicam,0.031964682,32.596104,22.38772,3,0,0,18.338596,22.38772,0.031964682
2469,BRD-A80574334,oxalomalic-acid,49.27864,22.528044,0.0,3,0,0,23.935562,22.528044,0.0
2470,BRD-K26134695,calpeptin,0.0,37.268906,22.658072,3,0,0,19.97566,22.658072,0.0
2471,BRD-K48029790,OBAA,0.0,28.556566,22.916094,3,0,0,17.157553,22.916094,0.0
2472,BRD-A44780397,mifepristone,18.840454,23.898369,23.07482,3,0,0,21.937881,23.07482,18.840454
2473,BRD-M16762496,PIK-75,0.0,28.13897,23.105862,3,0,0,17.08161,23.105862,0.0
2474,BRD-K18618618,cimetidine,3.5469942,23.123081,26.586086,3,0,0,17.752054,23.123081,3.5469942
2475,BRD-A38747044,KU-14R,0.0,23.145157,44.09362,3,0,0,22.412926,23.145157,0.0
2476,BRD-A08877921,cephalotaxine,19.83883,23.168865,24.49177,3,0,0,22.499823,23.168865,19.83883
2477,BRD-A92670106,tocainide,1.6208597,23.231556,23.493755,3,0,0,16.11539,23.231556,1.6208597
2478,BRD-A31007383,SDZ-WAG-994,0.45806906,23.276615,27.532036,3,0,0,17.088907,23.276615,0.45806906
2479,BRD-K68174511,torin-2,17.345041,54.12212,23.411777,3,0,0,31.626312,23.411777,17.345041
2480,BRD-K08115555,tyrphostin-AG-1288,0.0,23.422817,29.38482,3,0,0,17.602547,23.422817,0.0
2481,BRD-K52397688,amperozide,0.31712472,23.452751,42.840332,3,0,0,22.203402,23.452751,0.31712472
2482,BRD-K82795137,loratadine,1.7618041,38.209892,23.469002,3,0,0,21.146898,23.469002,1.7618041
2483,BRD-K51677086,erythromycin-ethylsuccinate,0.2114165,23.576134,36.27632,3,0,0,20.021292,23.576134,0.2114165
2484,BRD-K07888107,depudecin,0.0,33.591084,23.709393,3,0,0,19.100159,23.709393,0.0
2485,BRD-K69600043,thiethylperazine,0.0,23.712795,60.67911,3,0,0,28.130636,23.712795,0.0
2486,BRD-A55416093,colforsin,0.0,24.016464,60.296413,3,0,0,28.104294,24.016464,0.0
2487,BRD-A68039575,liquiritigenin,0.0,24.20532,37.63937,3,0,0,20.614897,24.20532,0.0
2488,BRD-K96144918,mead-acid,0.0,24.29583,26.795027,3,0,0,17.030287,24.29583,0.0
2489,BRD-K15935639,z-leu3-VS,24.249306,35.14887,24.497974,3,0,0,27.965384,24.497974,24.249306
2490,BRD-A19053259,pseudopelletierine,40.111786,24.590504,15.223869,3,0,0,26.642054,24.590504,15.223869
2491,BRD-A55594068,vinblastine,24.615194,6.704825,36.473885,3,0,0,22.59797,24.615194,6.704825
2492,BRD-K14536225,piceid,12.3141165,24.817484,24.655449,3,0,0,20.595682,24.655449,12.3141165
2493,BRD-K29555132,arachidonamide,0.0,48.21217,24.680027,3,0,0,24.2974,24.680027,0.0
2494,BRD-K19462402,buflomedil,24.923111,17.170555,82.605835,3,0,0,41.5665,24.923111,17.170555
2495,BRD-K24859147,KIN001-242,0.0,25.033672,83.55045,3,0,0,36.194706,25.033672,0.0
2496,BRD-K39987650,bisacodyl,0.035236083,25.118816,48.3824,3,0,0,24.512152,25.118816,0.035236083
2497,BRD-K64044582,linoleamide,0.0,43.619278,25.174986,3,0,0,22.931421,25.174986,0.0
2498,BRD-A42423104,benproperine,0.0,47.343975,25.225695,3,0,0,24.18989,25.225695,0.0
2499,BRD-K13261168,quinelorane,5.8437605,27.417194,25.308043,3,0,0,19.522999,25.308043,5.8437605
2500,BRD-A18043272,phensuximide,0.0,25.344864,29.64455,3,0,0,18.329805,25.344864,0.0
2501,BRD-K85871428,SC-68376,28.039785,25.374218,19.802511,3,0,0,24.405504,25.374218,19.802511
2502,BRD-K83988098,alvespimycin,0.0,28.511993,25.456871,3,0,0,17.989622,25.456871,0.0
2503,BRD-A18763547,BAX-channel-blocker,7.4590573,25.469599,52.638233,3,0,0,28.522299,25.469599,7.4590573
2504,BRD-K02590140,O-2050,0.0,55.10707,25.65986,3,0,0,26.92231,25.65986,0.0
2505,BRD-K60762818,desipramine,0.3875969,40.310883,25.700409,3,0,0,22.132963,25.700409,0.3875969
2506,BRD-A66927094,nemonapride,0.0,42.245438,25.863031,3,0,0,22.702822,25.863031,0.0
2507,BRD-K12260308,xanthoxyline,2.6571307,25.872019,26.309813,3,0,0,18.279654,25.872019,2.6571307
2508,BRD-K54095730,CMPD-1,12.12863,25.964642,59.75937,3,0,0,32.61755,25.964642,12.12863
2509,BRD-A70514680,articaine,9.335952,26.148823,26.620474,3,0,0,20.70175,26.148823,9.335952
2510,BRD-A87479750,tenidap,0.0,34.645203,26.161,3,0,0,20.268734,26.161,0.0
2511,BRD-K70914287,BIBX-1382,0.49330515,50.19882,26.16556,3,0,0,25.619226,26.16556,0.49330515
2512,BRD-K17796732,JWH-015,10.073575,26.175533,33.621597,3,0,0,23.290236,26.175533,10.073575
2513,BRD-A78295502,hydroquinine,1.8675123,45.684273,26.186907,3,0,0,24.579565,26.186907,1.8675123
2514,BRD-A32917072,BRD-A32917072,0.0,29.311213,26.267818,3,0,0,18.526344,26.267818,0.0
2515,BRD-A49225603,alimemazine,26.413204,23.60683,43.087605,3,0,0,31.03588,26.413204,23.60683
2516,BRD-A12560204,nitrendipine,35.18237,18.238783,26.515198,3,0,0,26.645452,26.515198,18.238783
2517,BRD-K51018020,VAMA-37,0.0,42.678246,26.542694,3,0,0,23.073647,26.542694,0.0
2518,BRD-K46056750,AZD-7762,0.0,26.566002,36.51469,3,0,0,21.026897,26.566002,0.0
2519,BRD-K77987382,mebendazole,0.0,26.602566,93.55389,3,0,0,40.05215,26.602566,0.0
2520,BRD-K46742498,alosetron,1.8675123,31.845854,26.65968,3,0,0,20.124348,26.65968,1.8675123
2521,BRD-A48720949,testosterone-propionate,26.802254,16.664303,33.90596,3,0,0,25.790838,26.802254,16.664303
2522,BRD-K37194137,III606050,0.0,44.401054,26.879295,3,0,0,23.760117,26.879295,0.0
2523,BRD-K37392901,NSC-632839,27.50748,22.122711,26.96328,3,0,0,25.531158,26.96328,22.122711
2524,BRD-K22010301,JLK-6,0.5990134,61.981873,27.102676,3,0,0,29.894522,27.102676,0.5990134
2525,BRD-K22947005,dexbrompheniramine,0.0,38.28309,27.153336,3,0,0,21.812141,27.153336,0.0
2526,BRD-K55186349,BRD-K55186349,36.92393,8.707808,27.200695,3,0,0,24.277475,27.200695,8.707808
2527,BRD-A68888262,azelastine,0.0,27.220627,43.026344,3,0,0,23.415657,27.220627,0.0
2528,BRD-K17140735,SCH-79797,0.0,30.835402,27.277504,3,0,0,19.37097,27.277504,0.0
2529,BRD-K71879491,tretinoin,0.0,27.304008,27.842655,3,0,0,18.382221,27.304008,0.0
2530,BRD-K47539947,tetradecylthioacetic-acid,0.0,27.365318,66.95614,3,0,0,31.440485,27.365318,0.0
2531,BRD-K62221994,T-98475,0.0,42.404224,27.384722,3,0,0,23.262983,27.384722,0.0
2532,BRD-K26429091,J-104129,0.422833,27.442513,56.798412,3,0,0,28.221252,27.442513,0.422833
2533,BRD-A23723433,paclitaxel,1.6560959,27.466272,36.655823,3,0,0,21.926064,27.466272,1.6560959
2534,BRD-A22783572,vinblastine,0.0,27.493158,48.223587,3,0,0,25.238914,27.493158,0.0
2535,BRD-K02283807,GR-32191,2.9598308,29.340416,27.514273,3,0,0,19.938173,27.514273,2.9598308
2536,BRD-K29668683,BD-1063,0.0,27.610079,37.998585,3,0,0,21.869555,27.610079,0.0
2537,BRD-K31484631,rifabutin,0.0,27.813566,41.58505,3,0,0,23.132872,27.813566,0.0
2538,BRD-K46018455,bezafibrate,0.0,32.36305,27.882353,3,0,0,20.0818,27.882353,0.0
2539,BRD-A65145453,ATPA,27.919746,10.830395,33.370804,3,0,0,24.040314,27.919746,10.830395
2540,BRD-K63343048,orlistat,1.2692028,27.96959,31.927025,3,0,0,20.388605,27.96959,1.2692028
2541,BRD-A20243730,danazol,0.0,40.43788,28.011053,3,0,0,22.816313,28.011053,0.0
2542,BRD-K25310650,ormetoprim,18.465914,32.04693,28.1123,3,0,0,26.208382,28.1123,18.465914
2543,BRD-K10843433,phenylbutazone,0.0,31.152353,28.15208,3,0,0,19.768145,28.15208,0.0
2544,BRD-K39111395,BCL2-inhibitor,12.236105,28.189686,66.88221,3,0,0,35.769337,28.189686,12.236105
2545,BRD-A65076780,dihydroergocristine,0.0,28.536114,28.437954,3,0,0,18.991356,28.437954,0.0
2546,BRD-K30097969,pitavastatin,0.0,52.474255,28.440287,3,0,0,26.971514,28.440287,0.0
2547,BRD-K34820100,tebuthiuron,0.0,28.539448,29.031998,3,0,0,19.190481,28.539448,0.0
2548,BRD-K04976539,aminogenistein,0.0,37.410923,28.546148,3,0,0,21.98569,28.546148,0.0
2549,BRD-K67847053,guanabenz,0.63424945,28.669796,51.249187,3,0,0,26.851076,28.669796,0.63424945
2550,BRD-K91623615,ABT-751,0.0,28.907219,52.570045,3,0,0,27.159088,28.907219,0.0
2551,BRD-A39969961,eplerenone,0.0,40.24677,28.939577,3,0,0,23.062117,28.939577,0.0
2552,BRD-K63874012,thioperamide,0.45806906,28.984268,45.44644,3,0,0,24.962927,28.984268,0.45806906
2553,BRD-K42221274,NNC-711,0.0,47.07831,29.229618,3,0,0,25.435974,29.229618,0.0
2554,BRD-K11636097,JNJ-7706621,0.0,29.370865,31.969986,3,0,0,20.44695,29.370865,0.0
2555,BRD-K37691127,hinokitiol,16.335846,29.407684,41.52153,3,0,0,29.088354,29.407684,16.335846
2556,BRD-K18909381,CGS-12066B,0.14094433,48.352036,29.430264,3,0,0,25.974417,29.430264,0.14094433
2557,BRD-A75935363,atracurium,5.1281843,45.24701,29.564772,3,0,0,26.646654,29.564772,5.1281843
2558,BRD-K81876028,CP-93129,0.0,29.590754,31.22208,3,0,0,20.270945,29.590754,0.0
2559,BRD-K67352070,TC-2559,0.0,61.15995,29.610247,3,0,0,30.256731,29.610247,0.0
2560,BRD-A23683907,NAS-181,0.0,29.613285,45.85035,3,0,0,25.154547,29.613285,0.0
2561,BRD-K46469693,SCH-442416,0.9161381,58.703003,29.654886,3,0,0,29.758009,29.654886,0.9161381
2562,BRD-K88625236,nonoxynol-9,1.1716691,29.725544,30.84146,3,0,0,20.579557,29.725544,1.1716691
2563,BRD-A60245366,AS-601245,0.0,30.072159,31.681864,3,0,0,20.584673,30.072159,0.0
2564,BRD-A13650332,flucloxacillin,0.0,30.072979,45.028427,3,0,0,25.033804,30.072979,0.0
2565,BRD-K36627727,tamibarotene,0.0,30.08408,44.86005,3,0,0,24.981377,30.08408,0.0
2566,BRD-K99964838,bosutinib,0.0,30.108177,38.07024,3,0,0,22.726141,30.108177,0.0
2567,BRD-A08003242,rhodomyrtoxin-b,13.440849,53.253437,30.115345,3,0,0,32.26988,30.115345,13.440849
2568,BRD-K74733595,APHA-compound-8,0.5637773,60.820213,30.21852,3,0,0,30.53417,30.21852,0.5637773
2569,BRD-K54094468,remoxipride,0.0,47.291836,30.352407,3,0,0,25.881414,30.352407,0.0
2570,BRD-K64800655,PHA-793887,0.0,72.046684,30.448696,3,0,0,34.165127,30.448696,0.0
2571,BRD-A16998493,etodolac,0.0,30.654652,65.27373,3,0,0,31.976126,30.654652,0.0
2572,BRD-K89274813,DMP-543,0.0,38.825626,30.867706,3,0,0,23.23111,30.867706,0.0
2573,BRD-A49160188,donepezil,0.026977347,30.920664,37.12596,3,0,0,22.6912,30.920664,0.026977347
2574,BRD-K09497549,kawain,0.0,31.059578,61.987915,3,0,0,31.015831,31.059578,0.0
2575,BRD-K29178788,dictamnine,7.2761135,31.123625,31.48638,3,0,0,23.295372,31.123625,7.2761135
2576,BRD-K30649484,mafenide,0.0,54.51062,31.209343,3,0,0,28.57332,31.209343,0.0
2577,BRD-A29734509,disopyramide,0.24665257,33.40268,31.362164,3,0,0,21.6705,31.362164,0.24665257
2578,BRD-K15868788,SDZ-205-557,17.906368,39.747826,31.496952,3,0,0,29.71705,31.496952,17.906368
2579,BRD-K19227686,phenolphthalein,0.0,31.524414,39.703682,3,0,0,23.742699,31.524414,0.0
2580,BRD-K35189033,levonorgestrel,0.14094433,34.390926,31.572594,3,0,0,22.03482,31.572594,0.14094433
2581,BRD-K00603606,ticlopidine,0.4492798,31.589718,55.432835,3,0,0,29.157278,31.589718,0.4492798
2582,BRD-K98157055,SIB-1757,0.0,72.51939,31.657177,3,0,0,34.72552,31.657177,0.0
2583,BRD-K29653726,topiramate,0.2840713,31.76648,33.231846,3,0,0,21.760798,31.76648,0.2840713
2584,BRD-K84955386,hyperoside,0.0,31.796364,46.100464,3,0,0,25.965609,31.796364,0.0
2585,BRD-K15086322,JNJ-10191584,0.0,31.815262,33.06463,3,0,0,21.62663,31.815262,0.0
2586,BRD-K33308633,INCA-6,0.0,52.671936,31.86119,3,0,0,28.17771,31.86119,0.0
2587,BRD-A07824748,flavanone,30.143421,69.09259,32.02774,3,0,0,43.75458,32.02774,30.143421
2588,BRD-K55055802,BRD-K55055802,0.845666,35.27373,32.090084,3,0,0,22.736494,32.090084,0.845666
2589,BRD-A63667919,methylergometrine,0.7751938,32.135044,35.987957,3,0,0,22.966064,32.135044,0.7751938
2590,BRD-K88679075,methandriol,0.0,56.20533,32.434967,3,0,0,29.546766,32.434967,0.0
2591,BRD-K56699285,metergoline,0.0,35.7046,32.51693,3,0,0,22.740509,32.51693,0.0
2592,BRD-A81377415,BRD-A81377415,0.0,48.95813,32.62109,3,0,0,27.193075,32.62109,0.0
2593,BRD-K27737647,H-89,0.0,59.354347,32.65953,3,0,0,30.671293,32.65953,0.0
2594,BRD-K06750613,GSK-1059615,0.0,34.42126,32.67235,3,0,0,22.364538,32.67235,0.0
2595,BRD-A30437061,camptothecin,0.0,57.69322,32.82563,3,0,0,30.172949,32.82563,0.0
2596,BRD-K92870997,pterostilbene,0.31712472,37.05586,32.834164,3,0,0,23.402382,32.834164,0.31712472
2597,BRD-K82577285,dipropyl-dopamine,14.6050205,45.38408,32.89939,3,0,0,30.96283,32.89939,14.6050205
2598,BRD-A73741725,exemestane,35.183647,33.04706,11.917196,3,0,0,26.715967,33.04706,11.917196
2599,BRD-K99545815,PF-562271,0.0,33.05283,48.927208,3,0,0,27.326681,33.05283,0.0
2600,BRD-A99571536,dubinidine,0.0,50.574936,33.479343,3,0,0,28.018091,33.479343,0.0
2601,BRD-K66412701,pazufloxacin,3.030303,58.046295,33.848537,3,0,0,31.641714,33.848537,3.030303
2602,BRD-K97863768,prothionamide,0.0,34.05393,35.913204,3,0,0,23.322378,34.05393,0.0
2603,BRD-K85606544,neratinib,34.183453,57.989246,24.7464,3,0,0,38.973034,34.183453,24.7464
2604,BRD-K14821540,FCCP,34.404778,33.584778,62.630486,3,0,0,43.540012,34.404778,33.584778
2605,BRD-K70490179,rimcazole,0.0,76.49975,34.48031,3,0,0,36.99335,34.48031,0.0
2606,BRD-A14208071,oxyphenonium,0.0,44.60012,34.517994,3,0,0,26.372705,34.517994,0.0
2607,BRD-K13927029,retinol,38.94508,34.538708,3.3474278,3,0,0,25.610405,34.538708,3.3474278
2608,BRD-K04548931,epirubicin,0.0,34.555927,39.28154,3,0,0,24.612488,34.555927,0.0
2609,BRD-K93480852,KN-93,7.12372,44.96513,34.728737,3,0,0,28.939194,34.728737,7.12372
2610,BRD-K56047318,RHC-80267,34.876343,28.358309,57.831142,3,0,0,40.355267,34.876343,28.358309
2611,BRD-K32744045,disulfiram,0.5285412,35.118332,37.65939,3,0,0,24.435423,35.118332,0.5285412
2612,BRD-A54927599,KF-38789,0.0,35.19824,72.368866,3,0,0,35.8557,35.19824,0.0
2613,BRD-A36074203,remacemide,0.10570825,45.876755,35.31112,3,0,0,27.09786,35.31112,0.10570825
2614,BRD-A72711497,lasalocid,54.782303,35.326523,17.475483,3,0,0,35.861435,35.326523,17.475483
2615,BRD-A35989968,megestrol-acetate,0.46382856,37.87899,35.351738,3,0,0,24.564852,35.351738,0.46382856
2616,BRD-K92760278,riboflavin,0.2114165,47.38653,35.48153,3,0,0,27.69316,35.48153,0.2114165
2617,BRD-A09161221,nomilin,35.527737,13.490578,47.405334,3,0,0,32.141216,35.527737,13.490578
2618,BRD-K25836724,epitestosterone,3.1712472,35.54043,65.65698,3,0,0,34.789555,35.54043,3.1712472
2619,BRD-A06352418,terfenadine,0.0,36.542282,35.600143,3,0,0,24.047476,35.600143,0.0
2620,BRD-K68392338,ZK-93426,0.0,35.628822,37.91644,3,0,0,24.515085,35.628822,0.0
2621,BRD-K01265221,BRD-K01265221,2.3678997,73.15111,35.743286,3,0,0,37.08743,35.743286,2.3678997
2622,BRD-K45861246,azaperone,1.5503876,36.972584,35.78033,3,0,0,24.767767,35.78033,1.5503876
2623,BRD-K47832606,floxuridine,1.726568,47.346573,35.955414,3,0,0,28.342852,35.955414,1.726568
2624,BRD-K08438429,BRD-K08438429,0.011062119,35.975796,42.788357,3,0,0,26.258406,35.975796,0.011062119
2625,BRD-A09094913,strychnine,13.925956,46.057945,35.983467,3,0,0,31.989122,35.983467,13.925956
2626,BRD-K64890080,BI-2536,1.0218464,36.024345,63.69525,3,0,0,33.58048,36.024345,1.0218464
2627,BRD-K77681376,BRD-K77681376,0.0,63.016926,36.047035,3,0,0,33.02132,36.047035,0.0
2628,BRD-K36198571,WAY-170523,0.0,54.86725,36.141132,3,0,0,30.336126,36.141132,0.0
2629,BRD-A94624445,bucladesine,0.0,36.21957,48.20308,3,0,0,28.140884,36.21957,0.0
2630,BRD-K51671335,levosulpiride,0.0,36.242874,39.38873,3,0,0,25.210535,36.242874,0.0
2631,BRD-K10860596,granisetron,3.382664,36.266327,43.949684,3,0,0,27.866226,36.266327,3.382664
2632,BRD-K17674993,diflorasone,1.7625754,72.055435,36.63674,3,0,0,36.81825,36.63674,1.7625754
2633,BRD-K13566078,BMS-345541,0.0,36.92301,67.22132,3,0,0,34.71478,36.92301,0.0
2634,BRD-K55070890,thiothixene,0.0,66.09182,37.01032,3,0,0,34.367382,37.01032,0.0
2635,BRD-K87343924,wortmannin,4.0710597,37.05819,45.25393,3,0,0,28.794394,37.05819,4.0710597
2636,BRD-K54142781,cirazoline,1.6818881,49.57051,37.114555,3,0,0,29.45565,37.114555,1.6818881
2637,BRD-K40175214,torin-1,0.40218097,37.655632,39.65434,3,0,0,25.90405,37.655632,0.40218097
2638,BRD-K49061529,BRD-K49061529,8.765838,51.7172,37.79799,3,0,0,32.76034,37.79799,8.765838
2639,BRD-K91145395,prostratin,0.0,37.80751,91.28156,3,0,0,43.029694,37.80751,0.0
2640,BRD-K06543683,bisindolylmaleimide-ix,0.0,38.073082,45.18746,3,0,0,27.753515,38.073082,0.0
2641,BRD-A41519720,ezetimibe,0.0,38.159164,46.811096,3,0,0,28.32342,38.159164,0.0
2642,BRD-K13390322,AT-7519,0.0,38.39969,56.35066,3,0,0,31.58345,38.39969,0.0
2643,BRD-K79092138,nitrofural,6.2367864,38.420578,86.52485,3,0,0,43.727406,38.420578,6.2367864
2644,BRD-K51318897,fenbendazole,2.0084567,38.428055,49.361137,3,0,0,29.932549,38.428055,2.0084567
2645,BRD-A33447119,oxfendazole,0.63424945,38.482113,57.218803,3,0,0,32.11172,38.482113,0.63424945
2646,BRD-K95435023,PHA-665752,0.0,43.93414,38.579002,3,0,0,27.50438,38.579002,0.0
2647,BRD-K49669041,BX-912,38.612137,14.611734,52.754795,3,0,0,35.32622,38.612137,14.611734
2648,BRD-K17849083,tranilast,0.10570825,38.764618,50.698814,3,0,0,29.856379,38.764618,0.10570825
2649,BRD-K52735702,cefdinir,0.0,38.776806,41.938744,3,0,0,26.905182,38.776806,0.0
2650,BRD-K75958195,pizotifen,1.691332,38.96756,61.2168,3,0,0,33.95856,38.96756,1.691332
2651,BRD-K58938839,cyclopamine,1.0923185,47.283543,38.989403,3,0,0,29.121756,38.989403,1.0923185
2652,BRD-A11702965,chromomycin-a3,0.0,39.135593,60.785397,3,0,0,33.306995,39.135593,0.0
2653,BRD-K05737787,isoeugenol,0.0,39.598335,47.44443,3,0,0,29.014257,39.598335,0.0
2654,BRD-K80725632,lavendustin-c,0.0,39.662354,45.328896,3,0,0,28.330416,39.662354,0.0
2655,BRD-K13169950,NSC-3852,13.5671625,40.002457,54.98889,3,0,0,36.18617,40.002457,13.5671625
2656,BRD-K15164005,apoptosis-activator-II,0.0,40.0951,49.16418,3,0,0,29.753092,40.0951,0.0
2657,BRD-K96778649,tyrphostin-47,40.106136,43.007828,26.112772,3,0,0,36.40891,40.106136,26.112772
2658,BRD-K70549064,staurosporine,0.0,40.11473,43.62818,3,0,0,27.914305,40.11473,0.0
2659,BRD-A44551378,LFM-A12,0.21443889,40.30264,59.787674,3,0,0,33.434917,40.30264,0.21443889
2660,BRD-A27489425,rolitetracycline,0.0,57.236206,40.31866,3,0,0,32.51829,40.31866,0.0
2661,BRD-A34205397,suloctidil,47.505615,39.9971,40.34892,3,0,0,42.617214,40.34892,39.9971
2662,BRD-K81855038,roxatidine-acetate,,38.35021,42.67948,2,0,0,40.514847,40.514847,38.35021
2663,BRD-K80334323,noretynodrel,0.0,40.532757,48.311447,3,0,0,29.614737,40.532757,0.0
2664,BRD-A49680073,cucurbitacin-i,40.81031,4.3340383,56.521946,3,0,0,33.888763,40.81031,4.3340383
2665,BRD-K15519488,CS-110266,4.2811275,42.73992,40.894646,3,0,0,29.305231,40.894646,4.2811275
2666,BRD-M30523314,vinorelbine,0.0,41.089558,56.03482,3,0,0,32.37479,41.089558,0.0
2667,BRD-K71427192,BRD-K71427192,0.0,78.26747,41.158493,3,0,0,39.808655,41.158493,0.0
2668,BRD-K53790871,triamcinolone,0.0,79.265755,41.163406,3,0,0,40.143055,41.163406,0.0
2669,BRD-K41707108,ceramide,0.0,64.808716,41.233006,3,0,0,35.34724,41.233006,0.0
2670,BRD-K22878149,SB-205607,0.0,41.32544,61.36093,3,0,0,34.22879,41.32544,0.0
2671,BRD-A14966924,alaproclate,0.0,41.35958,52.881683,3,0,0,31.413755,41.35958,0.0
2672,BRD-A47144777,dihydro-7-desacetyldeoxygedunin,41.368496,31.54475,58.436493,3,0,0,43.78325,41.368496,31.54475
2673,BRD-A62182663,YK-4279,60.35702,26.364023,41.6995,3,0,0,42.80685,41.6995,26.364023
2674,BRD-K40656405,L-165041,0.0,41.728844,48.914513,3,0,0,30.214453,41.728844,0.0
2675,BRD-A31159102,fluoxetine,0.1761804,41.754456,59.70188,3,0,0,33.877506,41.754456,0.1761804
2676,BRD-A88080608,equilin,0.0,56.91191,42.187737,3,0,0,33.033215,42.187737,0.0
2677,BRD-K37206356,rhamnetin,0.0,42.420124,52.157814,3,0,0,31.52598,42.420124,0.0
2678,BRD-K82216340,medroxyprogesterone,0.0,63.88046,42.624596,3,0,0,35.501682,42.624596,0.0
2679,BRD-K43389675,daunorubicin,0.0,42.724716,67.089035,3,0,0,36.604584,42.724716,0.0
2680,BRD-A38749782,fludrocortisone-acetate,0.0,42.868484,43.01774,3,0,0,28.62874,42.868484,0.0
2681,BRD-A77050075,heraclenol,0.0,51.611412,43.02903,3,0,0,31.546814,43.02903,0.0
2682,BRD-K81225797,SCH-58261,0.0,59.833057,43.39619,3,0,0,34.409748,43.39619,0.0
2683,BRD-K13800121,parecoxib,36.998558,74.2896,43.43706,3,0,0,51.575073,43.43706,36.998558
2684,BRD-A58280226,Y-27632,1.5503876,61.282734,43.640068,3,0,0,35.491062,43.640068,1.5503876
2685,BRD-A41833852,naloxone,0.0,43.69456,46.41698,3,0,0,30.03718,43.69456,0.0
2686,BRD-K55127134,fluphenazine,0.03326209,58.431194,43.97201,3,0,0,34.14549,43.97201,0.03326209
2687,BRD-A15931911,bucladesine,0.071479626,43.986256,45.511875,3,0,0,29.856537,43.986256,0.071479626
2688,BRD-K88304388,dextrorphan,0.8234345,52.795708,44.232956,3,0,0,32.617367,44.232956,0.8234345
2689,BRD-K82381502,acetylcholine,0.0,44.275055,47.287334,3,0,0,30.520798,44.275055,0.0
2690,BRD-K28849549,mesalazine,0.1761804,45.50328,44.559437,3,0,0,30.07963,44.559437,0.1761804
2691,BRD-K69650333,idarubicin,0.0,50.233715,44.909477,3,0,0,31.714396,44.909477,0.0
2692,BRD-K15842202,eudesmic-acid,6.9609504,45.004253,45.759937,3,0,0,32.575047,45.004253,6.9609504
2693,BRD-K11630072,carmofur,45.153156,33.228012,80.548386,3,0,0,52.976517,45.153156,33.228012
2694,BRD-A10715913,sulpiride,21.212912,56.824554,45.304245,3,0,0,41.113903,45.304245,21.212912
2695,BRD-K50866992,tropisetron,1.6485641,45.53177,70.79553,3,0,0,39.32529,45.53177,1.6485641
2696,BRD-K61033289,15-delta-prostaglandin-j2,74.267105,46.41044,34.091026,3,0,0,51.589523,46.41044,34.091026
2697,BRD-K78084463,W-12,41.289978,60.362274,46.5343,3,0,0,49.39552,46.5343,41.289978
2698,BRD-K09638361,IC-261,46.556927,43.347572,71.83464,3,0,0,53.913044,46.556927,43.347572
2699,BRD-A68009927,daunorubicin,0.0,46.737625,75.55767,3,0,0,40.7651,46.737625,0.0
2700,BRD-K71512533,SNS-314,41.28943,53.454803,46.91878,3,0,0,47.221004,46.91878,41.28943
2701,BRD-K18194590,mephentermine,1.0923185,46.99604,63.995434,3,0,0,37.361263,46.99604,1.0923185
2702,BRD-A30435184,metergoline,5.0739956,47.08712,73.95355,3,0,0,42.038223,47.08712,5.0739956
2703,BRD-A66563878,medetomidine,16.179522,47.08821,48.590767,3,0,0,37.286167,47.08821,16.179522
2704,BRD-K09963420,saquinavir,0.28188866,63.90984,47.08953,3,0,0,37.093754,47.08953,0.28188866
2705,BRD-A00520476,AF-DX-116,0.0,47.169907,49.766632,3,0,0,32.31218,47.169907,0.0
2706,BRD-K62374253,rufloxacin,0.02941881,51.66033,47.184032,3,0,0,32.957928,47.184032,0.02941881
2707,BRD-K17497770,butein,23.656824,61.990746,47.37285,3,0,0,44.340137,47.37285,23.656824
2708,BRD-K72895815,SSR-69071,0.0,50.71467,47.41066,3,0,0,32.708443,47.41066,0.0
2709,BRD-A62326914,paroxetine,0.0,67.48513,47.442825,3,0,0,38.30932,47.442825,0.0
2710,BRD-K82983861,GW-0742,0.0,53.031883,47.467728,3,0,0,33.49987,47.467728,0.0
2711,BRD-K65814004,diphenyleneiodonium,0.0,48.076763,47.86284,3,0,0,31.979868,47.86284,0.0
2712,BRD-K17743125,belinostat,12.893725,74.62095,48.166763,3,0,0,45.227146,48.166763,12.893725
2713,BRD-K06426971,ryuvidine,0.0,78.33093,48.26262,3,0,0,42.19785,48.26262,0.0
2714,BRD-K11373525,ZD-7155,0.0,53.833214,48.27485,3,0,0,34.036022,48.27485,0.0
2715,BRD-K55044200,amoxicillin,0.0,66.95651,48.32206,3,0,0,38.42619,48.32206,0.0
2716,BRD-K09635314,m-3M3FBS,1.0923185,48.445404,53.773438,3,0,0,34.437054,48.445404,1.0923185
2717,BRD-K66782112,ICI-162846,0.0,48.47451,66.20334,3,0,0,38.22595,48.47451,0.0
2718,BRD-K73610817,BRD-K73610817,27.830301,60.792492,48.57946,3,0,0,45.734085,48.57946,27.830301
2719,BRD-K19220233,JNK-9L,0.0,57.53965,48.774864,3,0,0,35.43817,48.774864,0.0
2720,BRD-A13122391,triptolide,0.0,50.771053,49.05194,3,0,0,33.274334,49.05194,0.0
2721,BRD-A84327315,calcitriol,0.0,77.40919,49.16577,3,0,0,42.191654,49.16577,0.0
2722,BRD-K70799801,quinidine,0.0,49.573475,52.124054,3,0,0,33.899174,49.573475,0.0
2723,BRD-K91263825,nortriptyline,3.5458405,69.03569,49.70608,3,0,0,40.76254,49.70608,3.5458405
2724,BRD-A65282128,cefazolin,50.04444,29.871378,67.22236,3,0,0,49.046062,50.04444,29.871378
2725,BRD-K96271548,coumaric-acid,15.539374,70.10993,50.069565,3,0,0,45.239624,50.069565,15.539374
2726,BRD-K96402602,farnesylthiotriazole,4.121147,50.08517,68.38031,3,0,0,40.86221,50.08517,4.121147
2727,BRD-K18523449,mestanolone,0.3875969,61.526398,50.297123,3,0,0,37.403706,50.297123,0.3875969
2728,BRD-K86882815,cabergoline,0.63424945,56.784164,50.347084,3,0,0,35.921833,50.347084,0.63424945
2729,BRD-K82036761,sertraline,0.070472166,65.32331,50.49288,3,0,0,38.628887,50.49288,0.070472166
2730,BRD-A73909368,dactinomycin,0.0,50.69166,75.0051,3,0,0,41.898922,50.69166,0.0
2731,BRD-K82147103,lofepramine,0.45806906,50.831173,72.85835,3,0,0,41.382534,50.831173,0.45806906
2732,BRD-K80639402,SB-258585,0.0,51.033447,51.905678,3,0,0,34.31304,51.033447,0.0
2733,BRD-K22662435,ganciclovir,0.0,51.074898,60.86766,3,0,0,37.314186,51.074898,0.0
2734,BRD-K52522949,NCH-51,0.0,76.24683,51.267677,3,0,0,42.504837,51.267677,0.0
2735,BRD-K28912512,nicotinamide,0.0,51.590622,92.17759,3,0,0,47.92274,51.590622,0.0
2736,BRD-U51951544,ZG-10,0.0,59.27623,52.645027,3,0,0,37.307087,52.645027,0.0
2737,BRD-K62792802,LY-83583,0.0,52.807144,80.22398,3,0,0,44.343708,52.807144,0.0
2738,BRD-K05653692,DL-PDMP,0.88090205,56.554077,52.931732,3,0,0,36.788906,52.931732,0.88090205
2739,BRD-K96799727,pifithrin-mu,1.693259,73.613304,53.005363,3,0,0,42.77064,53.005363,1.693259
2740,BRD-K79602928,metformin,0.0,67.96314,53.16973,3,0,0,40.377625,53.16973,0.0
2741,BRD-M47793593,picrotoxin,0.0,77.41584,53.19919,3,0,0,43.53834,53.19919,0.0
2742,BRD-K76840893,RS-17053,33.562664,55.98384,53.262234,3,0,0,47.602917,53.262234,33.562664
2743,BRD-K52020312,metronidazole,42.523083,60.542618,53.32742,3,0,0,52.131042,53.32742,42.523083
2744,BRD-K33583600,isoliquiritigenin,1.0923185,79.383575,53.638332,3,0,0,44.704742,53.638332,1.0923185
2745,BRD-K72238567,fludarabine,0.0,53.932022,63.888092,3,0,0,39.273373,53.932022,0.0
2746,BRD-K32828673,chelidonine,50.806225,53.933807,76.12396,3,0,0,60.288,53.933807,50.806225
2747,BRD-K49481516,galantamine,0.45806906,60.861023,54.036293,3,0,0,38.451794,54.036293,0.45806906
2748,BRD-K35573744,erbstatin-analog,0.0,54.31866,65.2514,3,0,0,39.85669,54.31866,0.0
2749,BRD-K06147391,telenzepine,0.0,54.346073,69.35807,3,0,0,41.234715,54.346073,0.0
2750,BRD-K76617868,fasudil,0.0,57.818115,54.451694,3,0,0,37.423267,54.451694,0.0
2751,BRD-K39484304,triptolide,0.0,61.018906,54.64859,3,0,0,38.555832,54.64859,0.0
2752,BRD-K38615104,A-443644,0.0,54.662373,59.361485,3,0,0,38.007954,54.662373,0.0
2753,BRD-K97752965,nicorandil,0.0,55.50248,55.00505,3,0,0,36.835842,55.00505,0.0
2754,BRD-K04887706,AKT-inhibitor-1-2,0.0,77.30549,55.073036,3,0,0,44.126175,55.073036,0.0
2755,BRD-A52650764,ingenol,1.6586024,55.17196,87.72128,3,0,0,48.18395,55.17196,1.6586024
2756,BRD-K13664374,dichloroacetic-acid,2.5850685,58.429615,55.18654,3,0,0,38.733738,55.18654,2.5850685
2757,BRD-A18497530,5-iodotubercidin,0.0,60.23395,55.267487,3,0,0,38.500477,55.267487,0.0
2758,BRD-A76941896,doxorubicin,0.0,62.154015,55.398754,3,0,0,39.184254,55.398754,0.0
2759,BRD-A68891053,BW-B70C,0.0,55.43662,58.638718,3,0,0,38.025112,55.43662,0.0
2760,BRD-K10799896,clobetasol,0.0,74.08916,55.767002,3,0,0,43.285385,55.767002,0.0
2761,BRD-K09499853,KU-0060648,1.0218464,74.87437,56.02308,3,0,0,43.9731,56.02308,1.0218464
2762,BRD-A65767837,hydrocortisone-acetate,9.826978,64.10828,56.3393,3,0,0,43.42485,56.3393,9.826978
2763,BRD-K07237224,moclobemide,0.6705823,56.655605,63.5897,3,0,0,40.305294,56.655605,0.6705823
2764,BRD-K64606589,apicidin,2.4665258,87.976585,57.021664,3,0,0,49.154922,57.021664,2.4665258
2765,BRD-K87909389,alvocidib,0.0,57.340576,67.11193,3,0,0,41.48417,57.340576,0.0
2766,BRD-K39391626,ethylestrenol,1.0570824,57.389397,67.32376,3,0,0,41.923412,57.389397,1.0570824
2767,BRD-K60230970,MG-132,1.3389711,57.64482,64.90923,3,0,0,41.297676,57.64482,1.3389711
2768,BRD-A77216878,manumycin-a,0.9866103,57.949844,78.80775,3,0,0,45.914734,57.949844,0.9866103
2769,BRD-K70578146,dactinomycin,0.0,57.975548,64.38791,3,0,0,40.78782,57.975548,0.0
2770,BRD-A63546914,Ro-04-5595,1.4094433,57.985683,58.009308,3,0,0,39.134815,57.985683,1.4094433
2771,BRD-K24201553,SB-269970,7.840895,58.171417,63.949596,3,0,0,43.320637,58.171417,7.840895
2772,BRD-A12633378,BRD-A12633378,6.6596193,81.92563,58.280712,3,0,0,48.955322,58.280712,6.6596193
2773,BRD-K61829047,7b-cis,4.5101557,58.29803,80.21269,3,0,0,47.67363,58.29803,4.5101557
2774,BRD-K79090631,CGP-60474,0.0,75.82091,58.33893,3,0,0,44.719944,58.33893,0.0
2775,BRD-K10467831,tibolone,0.0,59.725037,58.38355,3,0,0,39.369526,58.38355,0.0
2776,BRD-A09539288,homatropine,4.1578574,91.46611,58.395443,3,0,0,51.3398,58.395443,4.1578574
2777,BRD-A09722536,cyclophosphamide,0.0,60.60023,58.8147,3,0,0,39.804977,58.8147,0.0
2778,BRD-K60623809,SU-11652,0.0,67.35304,59.01114,3,0,0,42.121395,59.01114,0.0
2779,BRD-K61341215,vecuronium,0.0,83.77407,59.627186,3,0,0,47.80042,59.627186,0.0
2780,BRD-K84036904,testosterone,3.6196442,60.88111,74.727516,3,0,0,46.409424,60.88111,3.6196442
2781,BRD-A09495397,bicuculline,0.0,63.596382,61.135883,3,0,0,41.577423,61.135883,0.0
2782,BRD-A19248578,latrunculin-b,0.0,70.630066,61.268646,3,0,0,43.966236,61.268646,0.0
2783,BRD-K11663430,pyroxamide,0.0,79.023834,61.275818,3,0,0,46.766552,61.275818,0.0
2784,BRD-K45988865,tetramethylsilane,0.845666,61.32201,84.82816,3,0,0,48.998615,61.32201,0.845666
2785,BRD-K22227508,targinine,1.4723835,62.088173,62.81429,3,0,0,42.12495,62.088173,1.4723835
2786,BRD-K92413528,thiazolidinecarboxylic-acid,0.0,62.35475,84.73652,3,0,0,49.030426,62.35475,0.0
2787,BRD-A48631911,mibefradil,0.0,90.47347,62.945217,3,0,0,51.13956,62.945217,0.0
2788,BRD-K49328571,dasatinib,0.0,63.485382,71.5273,3,0,0,45.004227,63.485382,0.0
2789,BRD-K53780220,BRD-K53780220,0.0,80.73074,63.501102,3,0,0,48.077282,63.501102,0.0
2790,BRD-K90976994,dehydrocholic-acid,0.0,64.951706,63.559387,3,0,0,42.837032,63.559387,0.0
2791,BRD-A51929314,BRD-A51929314,0.0,69.0298,64.06331,3,0,0,44.36437,64.06331,0.0
2792,BRD-K51290057,SA-792709,58.47524,64.47392,75.6234,3,0,0,66.19085,64.47392,58.47524
2793,BRD-K71059170,cefixime,0.0,73.130356,64.99361,3,0,0,46.04132,64.99361,0.0
2794,BRD-A00758722,noretynodrel,0.0,90.240395,65.20123,3,0,0,51.813873,65.20123,0.0
2795,BRD-A53077924,tianeptine,0.0,69.54684,65.44693,3,0,0,44.997925,65.44693,0.0
2796,BRD-K07212038,selinidin,43.86224,65.60969,65.910286,3,0,0,58.46074,65.60969,43.86224
2797,BRD-A09062839,amyleine,4.699171,69.88505,65.83961,3,0,0,46.80794,65.83961,4.699171
2798,BRD-K18619710,digoxigenin,0.0,67.634796,65.91796,3,0,0,44.51759,65.91796,0.0
2799,BRD-K27721098,clopidogrel,66.030754,82.06672,23.243567,3,0,0,57.113678,66.030754,23.243567
2800,BRD-K14920963,erythrosine,0.0,88.42298,66.32125,3,0,0,51.58141,66.32125,0.0
2801,BRD-K17561142,amiodarone,2.2198732,66.41457,67.02039,3,0,0,45.21828,66.41457,2.2198732
2802,BRD-A64297288,amlodipine,35.00661,67.39681,75.02437,3,0,0,59.142593,67.39681,35.00661
2803,BRD-K96362535,tubaic-acid,1.92995,67.65225,78.89177,3,0,0,49.49132,67.65225,1.92995
2804,BRD-K88868628,iodoacetic-acid,0.0,67.65996,73.75662,3,0,0,47.13886,67.65996,0.0
2805,BRD-A41301928,bongkrek-acid,0.0,68.36153,71.93161,3,0,0,46.764378,68.36153,0.0
2806,BRD-A55484088,BNTX,76.24519,32.381588,68.89264,3,0,0,59.17314,68.89264,32.381588
2807,BRD-A16934955,nalbuphine,0.8104299,73.28835,68.93245,3,0,0,47.677074,68.93245,0.8104299
2808,BRD-A52660433,tetrindole,1.3389711,74.04714,68.93288,3,0,0,48.106327,68.93288,1.3389711
2809,BRD-K30296925,flavokavain-b,26.481457,83.31077,69.97223,3,0,0,59.921482,69.97223,26.481457
2810,BRD-K85853281,BRD-K85853281,0.0,71.64285,70.21961,3,0,0,47.287487,70.21961,0.0
2811,BRD-K11911061,GR-127935,0.0,80.5063,70.278694,3,0,0,50.26167,70.278694,0.0
2812,BRD-K78692225,leflunomide,0.0,92.74367,71.79326,3,0,0,54.845642,71.79326,0.0
2813,BRD-K57011718,UK-356618,2.071475,72.10256,85.31046,3,0,0,53.1615,72.10256,2.071475
2814,BRD-K50422030,clomethiazole,0.0,72.1483,86.18872,3,0,0,52.779007,72.1483,0.0
2815,BRD-K09471561,levofloxacin,82.75049,55.417133,72.82313,3,0,0,70.33025,72.82313,55.417133
2816,BRD-K77908580,entinostat,0.0,72.988396,90.94064,3,0,0,54.643017,72.988396,0.0
2817,BRD-K13810148,givinostat,0.0,89.44319,74.15989,3,0,0,54.534363,74.15989,0.0
2818,BRD-K94441233,mevastatin,0.40007102,87.07694,74.645134,3,0,0,54.040714,74.645134,0.40007102
2819,BRD-A15079084,phorbol-12-myristate-13-acetate,1.2684989,76.669716,88.58351,3,0,0,55.507244,76.669716,1.2684989
2820,BRD-A52530684,doxorubicin,0.0,77.9602,76.806816,3,0,0,51.589005,76.806816,0.0
2821,BRD-K98684188,GSK-0660,37.150036,76.956406,80.73525,3,0,0,64.94723,76.956406,37.150036
2822,BRD-A79465854,auranofin,1.0218464,95.58729,77.39146,3,0,0,58.0002,77.39146,1.0218464
2823,BRD-A96107863,nisoldipine,0.845666,82.95749,77.86868,3,0,0,53.890614,77.86868,0.845666
2824,BRD-K31491153,1-phenylbiguanide,78.80877,86.59928,0.0,3,0,0,55.136017,78.80877,0.0
2825,BRD-K15891719,tenofovir,7.5757575,87.68556,80.60115,3,0,0,58.620823,80.60115,7.5757575
2826,BRD-K87555556,amiodarone,0.0,80.76068,85.225945,3,0,0,55.328876,80.76068,0.0
2827,BRD-K63675182,triflupromazine,0.0,82.02201,88.01393,3,0,0,56.67865,82.02201,0.0
2828,BRD-K11927976,ER-27319,0.0,84.900375,82.876854,3,0,0,55.92574,82.876854,0.0
2829,BRD-K21680192,mitoxantrone,0.0,83.9336,92.12927,3,0,0,58.687622,83.9336,0.0
2830,BRD-K17210248,daunorubicin,0.0,84.641556,87.508835,3,0,0,57.383465,84.641556,0.0
2831,BRD-K02407574,parbendazole,0.0,85.33974,97.78013,3,0,0,61.03996,85.33974,0.0
2832,BRD-K61323504,SB-225002,0.020236773,85.617256,91.15628,3,0,0,58.931255,85.617256,0.020236773
2833,BRD-K42748308,XE-991,5.652911,97.674416,86.82207,3,0,0,63.383133,86.82207,5.652911
2834,BRD-A45889380,mepacrine,0.0,89.00634,95.35372,3,0,0,61.453354,89.00634,0.0
2835,BRD-K63265447,docetaxel,4.4105697,90.311134,90.0972,3,0,0,61.606297,90.0972,4.4105697
2836,BRD-K98548675,parthenolide,87.99896,92.45113,94.80408,3,0,0,91.751396,92.45113,87.99896
2837,BRD-A47513740,calyculin,1.303735,93.74149,98.46695,3,0,0,64.50406,93.74149,1.303735
