consensus_rank,pert_id,pert_iname,ATLAS_SIG_A_TOP150,ATLAS_SIG_B_TOP100,ATLAS_SIG_B_TOP150,n_signatures,n_negative,n_strong_negative,mean_tau,median_tau,minimum_tau
1,BRD-K99447003,enalaprilat,-2.2494793,-94.18632,-95.63698,3,3,2,-64.02426,-94.18632,-95.63698
2,BRD-A81541225,oligomycin-a,-31.808538,-93.9972,-97.53348,3,3,2,-74.4464,-93.9972,-97.53348
3,BRD-K89687904,PKCbeta-inhibitor,-24.4503,-90.70964,-97.77263,3,3,2,-70.97752,-90.70964,-97.77263
4,BRD-K33483813,actarit,0.0,-98.7315,-94.041336,3,2,2,-64.25761,-94.041336,-98.7315
5,BRD-K45252063,clofibrate,0.0,-95.06695,-93.31658,3,2,2,-62.79451,-93.31658,-95.06695
6,BRD-K19416115,sitagliptin,0.0,-95.04602,-92.97872,3,2,2,-62.674915,-92.97872,-95.04602
7,BRD-K01976263,emetine,0.0,-96.723045,-91.63395,3,2,2,-62.785664,-91.63395,-96.723045
8,BRD-K98372770,L-2167,-4.3340383,-95.15143,-85.649376,3,3,1,-61.71162,-85.649376,-95.15143
9,BRD-K13356952,methazolamide,-19.686787,-95.77167,-85.611694,3,3,1,-67.023384,-85.611694,-95.77167
10,BRD-K22096725,ALW-II-49-7,-30.964382,-90.098976,-84.463036,3,3,1,-68.5088,-84.463036,-90.098976
11,BRD-K09859624,methantheline,-5.637197,-93.90965,-83.34844,3,3,1,-60.96509,-83.34844,-93.90965
12,BRD-K55420858,mirin,-17.979301,-91.8324,-80.71886,3,3,1,-63.51018,-80.71886,-91.8324
13,BRD-K74236984,UNC-0321,-16.522942,-78.77869,-91.15531,3,3,1,-62.152313,-78.77869,-91.15531
14,BRD-A48237631,mitomycin-c,-68.17052,-14.9456,-90.27484,3,3,1,-57.796986,-68.17052,-90.27484
15,BRD-A30977374,nifedipine,-7.0824523,-63.485985,-92.370224,3,3,1,-54.312885,-63.485985,-92.370224
16,BRD-U73238814,QL-XI-92,-1.1730272,-90.411026,-59.894768,3,3,1,-50.49294,-59.894768,-90.411026
17,BRD-A82238138,budesonide,-2.0436928,-51.70184,-93.93091,3,3,1,-49.22548,-51.70184,-93.93091
18,BRD-K55930204,phenytoin,-37.665825,-91.62154,-43.43479,3,3,1,-57.574055,-43.43479,-91.62154
19,BRD-A06352508,SB-218078,-2.3960536,-33.465538,-92.21864,3,3,1,-42.69341,-33.465538,-92.21864
20,BRD-K87426499,BRD-K87426499,0.0,-98.71467,-89.502975,3,2,1,-62.739216,-89.502975,-98.71467
21,BRD-A50454580,PD-0325901,0.0,-92.34772,-88.82858,3,2,1,-60.3921,-88.82858,-92.34772
22,BRD-K90885812,propantheline,0.0,-84.94934,-92.48811,3,2,1,-59.145817,-84.94934,-92.48811
23,BRD-K39187410,BRD-K39187410,0.7399577,-76.64527,-95.22302,3,2,1,-57.042774,-76.64527,-95.22302
24,BRD-K55462201,AM-404,0.0,-92.54888,-70.69331,3,2,1,-54.414062,-70.69331,-92.54888
25,BRD-K86873305,piperacillin,0.0,-90.123634,-70.28016,3,2,1,-53.46793,-70.28016,-90.123634
26,BRD-K88742110,PCI-34051,0.0,-90.8338,-49.909546,3,2,1,-46.914448,-49.909546,-90.8338
27,BRD-A37959677,estrone,0.0,-91.267944,-45.062786,3,2,1,-45.443577,-45.062786,-91.267944
28,BRD-K75478907,GS-39783,1.3742071,-90.20446,-31.642422,3,2,1,-40.15756,-31.642422,-90.20446
29,BRD-K78373679,Ro-3306,0.0,-4.0169134,-93.164406,3,2,1,-32.393772,-4.0169134,-93.164406
30,BRD-K93188295,ARC-239,-3.6230693,-86.81378,-89.50576,3,3,0,-59.98087,-86.81378,-89.50576
31,BRD-K59222562,BRD-K59222562,-22.267956,-89.29127,-86.78305,3,3,0,-66.11409,-86.78305,-89.29127
32,BRD-K52662033,lidocaine,-18.033361,-84.46893,-85.993546,3,3,0,-62.831944,-84.46893,-85.993546
33,BRD-K84141129,VU-0400193-3,-75.5129,-85.439865,-81.856476,3,3,0,-80.93641,-81.856476,-85.439865
34,BRD-K93095519,SJ-172550,-1.5386872,-81.85003,-88.01236,3,3,0,-57.133694,-81.85003,-88.01236
35,BRD-K94353609,fluocinolone,-77.6904,-79.7097,-63.414906,3,3,0,-73.605,-77.6904,-79.7097
36,BRD-K23875128,RHO-kinase-inhibitor-III[rockout],-39.11566,-75.69568,-82.66164,3,3,0,-65.824326,-75.69568,-82.66164
37,BRD-K56343971,vemurafenib,-0.45806906,-75.63464,-75.79654,3,3,0,-50.62975,-75.63464,-75.79654
38,BRD-A36010170,amcinonide,-4.827343,-74.5706,-80.699104,3,3,0,-53.36569,-74.5706,-80.699104
39,BRD-K48735772,PD-158780,-37.132057,-88.892075,-72.68061,3,3,0,-66.23492,-72.68061,-88.892075
40,BRD-K88677950,PD-198306,-2.60747,-72.456375,-75.62855,3,3,0,-50.2308,-72.456375,-75.62855
41,BRD-A22380646,pantoprazole,-7.7232695,-83.76643,-71.78507,3,3,0,-54.424927,-71.78507,-83.76643
42,BRD-K48923948,BMS-641988,-1.5856236,-76.76162,-71.08273,3,3,0,-49.809994,-71.08273,-76.76162
43,BRD-K22009844,phenprobamate,-1.5856236,-70.626915,-74.363754,3,3,0,-48.85876,-70.626915,-74.363754
44,BRD-K85603128,resorcinol,-1.1275547,-80.63106,-70.198425,3,3,0,-50.652344,-70.198425,-80.63106
45,BRD-K49865102,PD-0325901,-0.070472166,-85.03055,-69.95741,3,3,0,-51.686142,-69.95741,-85.03055
46,BRD-K16508793,diazepam,-18.38874,-68.46609,-76.20201,3,3,0,-54.352276,-68.46609,-76.20201
47,BRD-K89046952,ciclacillin,-2.4312897,-66.9463,-78.14059,3,3,0,-49.172726,-66.9463,-78.14059
48,BRD-A17448384,beclometasone,-25.780113,-66.75397,-69.12497,3,3,0,-53.886353,-66.75397,-69.12497
49,BRD-A94793051,gestrinone,-12.377667,-65.46309,-73.0588,3,3,0,-50.29985,-65.46309,-73.0588
50,BRD-K68558722,deracoxib,-0.10570825,-65.361244,-67.60476,3,3,0,-44.35724,-65.361244,-67.60476
51,BRD-K55591206,epigallocatechin-gallate-(-),-0.9161381,-80.946304,-64.109695,3,3,0,-48.65738,-64.109695,-80.946304
52,BRD-K43164539,cholic-acid,-6.0025463,-63.466003,-66.27359,3,3,0,-45.24738,-63.466003,-66.27359
53,BRD-A62184259,cycloheximide,-5.144468,-83.09422,-63.263805,3,3,0,-50.500835,-63.263805,-83.09422
54,BRD-K82143716,flucytosine,-62.447453,-1.303735,-83.53966,3,3,0,-49.09695,-62.447453,-83.53966
55,BRD-A20589515,dihydroxyphenylglycine,-76.079926,-61.77539,-36.63794,3,3,0,-58.164417,-61.77539,-76.079926
56,BRD-K37846922,"3,3'-diindolylmethane",-23.392363,-68.230576,-61.381847,3,3,0,-51.0016,-61.381847,-68.230576
57,BRD-K46441700,GR-55562,-12.65922,-85.61006,-60.974052,3,3,0,-53.081112,-60.974052,-85.61006
58,BRD-K77998258,ganglioside,-2.3255813,-60.84063,-79.385666,3,3,0,-47.51729,-60.84063,-79.385666
59,BRD-K40213712,SAL-1,-3.8884003,-63.043133,-60.775375,3,3,0,-42.56897,-60.775375,-63.043133
60,BRD-K86727142,embelin,-0.9866103,-74.17098,-60.749107,3,3,0,-45.30223,-60.749107,-74.17098
61,BRD-K54330070,SB-202190,-2.1141648,-60.137074,-68.49746,3,3,0,-43.5829,-60.137074,-68.49746
62,BRD-K41260949,valproic-acid,-2.2551093,-77.66442,-59.89779,3,3,0,-46.605774,-59.89779,-77.66442
63,BRD-K33425534,exemestane,-2.8600109,-83.68401,-59.854805,3,3,0,-48.79961,-59.854805,-83.68401
64,BRD-A57457122,VU-0400071-3,-4.1578574,-66.11276,-59.71516,3,3,0,-43.328594,-59.71516,-66.11276
65,BRD-K78838262,austricine,-0.8953151,-78.11801,-59.665684,3,3,0,-46.226334,-59.665684,-78.11801
66,BRD-A02180903,betamethasone,-1.2332629,-59.548683,-63.418858,3,3,0,-41.40027,-59.548683,-63.418858
67,BRD-K72816382,cinalukast,-2.3960536,-59.528847,-63.2611,3,3,0,-41.72867,-59.528847,-63.2611
68,BRD-K79511609,BRD-K79511609,-42.073154,-59.437984,-67.01202,3,3,0,-56.17438,-59.437984,-67.01202
69,BRD-K02607075,tubocurarine,-2.7131784,-75.77972,-58.916065,3,3,0,-45.80299,-58.916065,-75.77972
70,BRD-K28137194,loreclezole,-65.61892,-58.1252,-48.364,3,3,0,-57.369373,-58.1252,-65.61892
71,BRD-K11107424,tiotidine,-3.488372,-58.090363,-64.5474,3,3,0,-42.042046,-58.090363,-64.5474
72,BRD-K89708791,rifaximin,-4.756871,-57.855515,-79.764694,3,3,0,-47.459026,-57.855515,-79.764694
73,BRD-K05804044,AZ-628,-0.95137423,-65.10859,-57.72351,3,3,0,-41.261158,-57.72351,-65.10859
74,BRD-K06878038,deferiprone,-4.7209826,-60.271294,-57.334846,3,3,0,-40.775707,-57.334846,-60.271294
75,BRD-K77133231,PD-169316,-26.292255,-69.04251,-57.065178,3,3,0,-50.799984,-57.065178,-69.04251
76,BRD-K08109516,L-701324,-11.2837715,-60.337547,-56.637703,3,3,0,-42.753006,-56.637703,-60.337547
77,BRD-K08273968,griseofulvin,-7.751938,-66.57971,-56.20597,3,3,0,-43.512543,-56.20597,-66.57971
78,BRD-K99107520,felbamate,-1.3389711,-84.81013,-56.04811,3,3,0,-47.399075,-56.04811,-84.81013
79,BRD-K35629949,SR-27897,-16.35113,-55.846756,-72.5287,3,3,0,-48.2422,-55.846756,-72.5287
80,BRD-K62310379,fluticasone-propionate,-0.66948557,-55.002747,-86.08621,3,3,0,-47.25281,-55.002747,-86.08621
81,BRD-K08996725,zolantidine,-0.49330515,-54.92739,-74.507706,3,3,0,-43.309464,-54.92739,-74.507706
82,BRD-K33211335,dextromethorphan,-3.2064834,-54.84937,-61.59202,3,3,0,-39.882626,-54.84937,-61.59202
83,BRD-K34098590,tienilic-acid,-25.508522,-85.91019,-54.838802,3,3,0,-55.41917,-54.838802,-85.91019
84,BRD-A77349281,RK-682,-14.212652,-63.022438,-54.574436,3,3,0,-43.93651,-54.574436,-63.022438
85,BRD-K01638814,rilmenidine,-22.415075,-53.919815,-65.84115,3,3,0,-47.392014,-53.919815,-65.84115
86,BRD-K05104363,PD-184352,-0.10570825,-59.902153,-53.916405,3,3,0,-37.974754,-53.916405,-59.902153
87,BRD-K04170657,psoromic-acid,-29.686283,-55.383244,-53.66938,3,3,0,-46.246304,-53.66938,-55.383244
88,BRD-K09991945,GSK-3-inhibitor-II,-13.116282,-56.040085,-53.212753,3,3,0,-40.789707,-53.212753,-56.040085
89,BRD-K37720887,SB-525334,-7.751938,-61.006596,-52.9802,3,3,0,-40.57958,-52.9802,-61.006596
90,BRD-K67439147,SIB-1893,-63.677235,-52.95844,-41.334583,3,3,0,-52.656754,-52.95844,-63.677235
91,BRD-K56450366,NSC-94258,-15.000443,-52.920273,-79.57135,3,3,0,-49.16402,-52.920273,-79.57135
92,BRD-K08924299,palonosetron,-30.217133,-57.43039,-52.88507,3,3,0,-46.844196,-52.88507,-57.43039
93,BRD-K07872006,BRD-K07872006,-51.266876,-6.900154,-82.79512,3,3,0,-46.987385,-51.266876,-82.79512
94,BRD-K23566484,nilutamide,-2.8188865,-83.79942,-50.825092,3,3,0,-45.81447,-50.825092,-83.79942
95,BRD-K60476892,YC-1,-4.0492387,-81.12747,-50.677475,3,3,0,-45.28473,-50.677475,-81.12747
96,BRD-K61217870,N-(3-acetamidophenyl)-3-chlorobenzamide,-3.2064834,-68.56732,-50.3071,3,3,0,-40.693634,-50.3071,-68.56732
97,BRD-K23984367,sorafenib,-2.9274807,-60.26159,-50.119583,3,3,0,-37.76955,-50.119583,-60.26159
98,BRD-K98769987,flumazenil,-1.0570824,-56.787212,-50.033222,3,3,0,-35.95917,-50.033222,-56.787212
99,BRD-K64835161,ML-167,-54.915535,-49.800385,-30.28062,3,3,0,-44.99885,-49.800385,-54.915535
100,BRD-K44094599,tacrolimus,-29.489483,-56.31352,-49.776443,3,3,0,-45.19315,-49.776443,-56.31352
101,BRD-K84266862,BRL-50481,-4.5102186,-49.73297,-72.24362,3,3,0,-42.16227,-49.73297,-72.24362
102,BRD-K16621777,enobosarm,-30.569885,-64.93557,-48.973648,3,3,0,-48.1597,-48.973648,-64.93557
103,BRD-K95885906,quercetagetin,-17.259623,-51.11901,-48.827953,3,3,0,-39.06886,-48.827953,-51.11901
104,BRD-A30815329,felodipine,-8.23768,-76.98053,-48.651047,3,3,0,-44.62309,-48.651047,-76.98053
105,BRD-K45446451,JZL-184,-48.52777,-44.27649,-72.79177,3,3,0,-55.19868,-48.52777,-72.79177
106,BRD-K56596464,QX-314,-22.732267,-60.439064,-48.51338,3,3,0,-43.8949,-48.51338,-60.439064
107,BRD-K55034111,pefloxacin,-7.6584454,-48.287518,-68.91559,3,3,0,-41.620518,-48.287518,-68.91559
108,BRD-K08619838,tremorine,-0.7047216,-48.21443,-49.423393,3,3,0,-32.78085,-48.21443,-49.423393
109,BRD-K06902185,minoxidil,-13.948819,-55.676,-47.861732,3,3,0,-39.162186,-47.861732,-55.676
110,BRD-K83636919,entacapone,-13.299369,-53.776943,-47.76239,3,3,0,-38.279568,-47.76239,-53.776943
111,BRD-K48970916,danazol,-0.24665257,-50.152992,-47.451973,3,3,0,-32.617207,-47.451973,-50.152992
112,BRD-K84895041,BMY-45778,-27.080841,-47.96483,-47.346344,3,3,0,-40.797337,-47.346344,-47.96483
113,BRD-K84639753,safinamide,-29.83388,-67.80315,-47.3245,3,3,0,-48.32051,-47.3245,-67.80315
114,BRD-K06234293,LY-364947,-27.714294,-47.234467,-57.26573,3,3,0,-44.0715,-47.234467,-57.26573
115,BRD-K59184148,SB-216763,-46.452076,-44.115448,-82.6257,3,3,0,-57.731075,-46.452076,-82.6257
116,BRD-K84996949,sinensetin,-1.5856236,-46.41908,-54.82087,3,3,0,-34.27519,-46.41908,-54.82087
117,BRD-A38898897,GW-311616,-23.70439,-74.87172,-46.099236,3,3,0,-48.225113,-46.099236,-74.87172
118,BRD-A67438293,treprostinil,-2.8188865,-45.901474,-62.502026,3,3,0,-37.07413,-45.901474,-62.502026
119,BRD-A82096673,KU-C103428N,-36.451416,-48.50032,-45.783127,3,3,0,-43.57829,-45.783127,-48.50032
120,BRD-K76425766,BRD-K76425766,-52.625637,-36.89001,-45.3842,3,3,0,-44.966618,-45.3842,-52.625637
121,BRD-K74117820,nelfinavir,-1.7618041,-60.5012,-44.47025,3,3,0,-35.57775,-44.47025,-60.5012
122,BRD-A23637604,oxymetholone,-3.6340642,-44.341537,-64.54993,3,3,0,-37.50851,-44.341537,-64.54993
123,BRD-K99260425,etodolac,-5.0697346,-44.321022,-85.11563,3,3,0,-44.83546,-44.321022,-85.11563
124,BRD-K19525698,ozagrel,-5.250176,-57.99302,-43.884445,3,3,0,-35.709213,-43.884445,-57.99302
125,BRD-A10188456,dexamethasone,-18.115908,-43.598267,-87.66998,3,3,0,-49.79472,-43.598267,-87.66998
126,BRD-K54472332,elvitegravir,-19.859804,-70.96349,-43.57873,3,3,0,-44.800674,-43.57873,-70.96349
127,BRD-A09533288,verapamil,-1.4799154,-43.12323,-56.672924,3,3,0,-33.75869,-43.12323,-56.672924
128,BRD-K32584078,BML-257,-3.9464412,-43.09183,-43.41781,3,3,0,-30.152029,-43.09183,-43.41781
129,BRD-A61189834,BRD-A61189834,-53.654625,-42.7526,-10.2537,3,3,0,-35.553642,-42.7526,-53.654625
130,BRD-K61106942,BRD-K61106942,-42.60853,-71.33548,-33.97148,3,3,0,-49.305164,-42.60853,-71.33548
131,BRD-K50720187,flupirtine,-3.6645525,-64.430565,-42.167107,3,3,0,-36.754074,-42.167107,-64.430565
132,BRD-K28680267,BRD-K28680267,-1.3173995,-71.55618,-42.157875,3,3,0,-38.34382,-42.157875,-71.55618
133,BRD-K94841585,emodic-acid,-42.155396,-21.892303,-72.56107,3,3,0,-45.536255,-42.155396,-72.56107
134,BRD-K51575138,TPCA-1,-12.225554,-43.639847,-41.93349,3,3,0,-32.59963,-41.93349,-43.639847
135,BRD-A17411484,carprofen,-2.5192642,-41.67498,-42.43245,3,3,0,-28.875565,-41.67498,-42.43245
136,BRD-K53545112,CNQX,-3.2594924,-41.653446,-46.32024,3,3,0,-30.411058,-41.653446,-46.32024
137,BRD-K25650355,physostigmine,-1.5151515,-45.902008,-41.340645,3,3,0,-29.585936,-41.340645,-45.902008
138,BRD-K61269089,daphnetin,-12.690028,-43.49672,-40.86435,3,3,0,-32.350365,-40.86435,-43.49672
139,BRD-K56509348,BMS-182874,-4.455877,-45.299522,-40.85988,3,3,0,-30.205093,-40.85988,-45.299522
140,BRD-K95921201,reserpine,-1.2684989,-40.84658,-50.60897,3,3,0,-30.908018,-40.84658,-50.60897
141,BRD-K61496577,flumetasone,-0.5637773,-62.43299,-40.765182,3,3,0,-34.587315,-40.765182,-62.43299
142,BRD-U44700465,HG-5-88-01,-7.883725,-53.11589,-40.75677,3,3,0,-33.918797,-40.75677,-53.11589
143,BRD-K57033106,tripelennamine,-0.07080476,-68.27078,-40.512016,3,3,0,-36.284534,-40.512016,-68.27078
144,BRD-K01624546,docosatrienoic-acid,-1.3389711,-53.90575,-39.821594,3,3,0,-31.688772,-39.821594,-53.90575
145,BRD-A92826379,lupanine,-7.2639766,-39.71443,-55.89727,3,3,0,-34.291893,-39.71443,-55.89727
146,BRD-K49657628,tyrphostin-AG-18,-0.5637773,-55.3295,-39.462765,3,3,0,-31.785347,-39.462765,-55.3295
147,BRD-A42628519,iopanoic-acid,-11.715203,-39.3869,-39.32174,3,3,0,-30.141281,-39.32174,-39.3869
148,BRD-A74771556,nikkomycin,-38.985767,-38.02307,-39.525238,3,3,0,-38.844692,-38.985767,-39.525238
149,BRD-K46766488,S-14506,-26.859728,-40.85456,-38.57939,3,3,0,-35.431225,-38.57939,-40.85456
150,BRD-A82307304,atorvastatin,-6.1602507,-38.053806,-54.71139,3,3,0,-32.975147,-38.053806,-54.71139
151,BRD-K29530284,amlexanox,-1.0923185,-37.85388,-56.696934,3,3,0,-31.881042,-37.85388,-56.696934
152,BRD-K26160755,RS-45041-190,-1.1275547,-37.746723,-43.400898,3,3,0,-27.425058,-37.746723,-43.400898
153,BRD-K03406345,azacitidine,-10.888996,-37.281746,-66.73277,3,3,0,-38.301174,-37.281746,-66.73277
154,BRD-K60218670,BRD-K60218670,-4.369274,-36.972008,-56.505604,3,3,0,-32.61563,-36.972008,-56.505604
155,BRD-A04352665,maraviroc,-16.223822,-36.880947,-40.240036,3,3,0,-31.114937,-36.880947,-40.240036
156,BRD-K82109576,vincristine,-1.0570824,-46.40745,-36.34063,3,3,0,-27.935053,-36.34063,-46.40745
157,BRD-K88871508,lisuride,-26.793684,-45.959305,-36.301353,3,3,0,-36.351448,-36.301353,-45.959305
158,BRD-K96134740,kitasamycin,-13.241172,-64.56407,-36.09861,3,3,0,-37.967953,-36.09861,-64.56407
159,BRD-K85383046,IAA-94,-10.394644,-35.592094,-46.634995,3,3,0,-30.87391,-35.592094,-46.634995
160,BRD-K82865713,prostaglandin-b2,-7.2854033,-35.39823,-45.28096,3,3,0,-29.321531,-35.39823,-45.28096
161,BRD-A52282606,lacidipine,-0.6587423,-35.356766,-37.658325,3,3,0,-24.557945,-35.356766,-37.658325
162,BRD-K53570330,carbofuran,-1.691332,-40.464893,-35.344093,3,3,0,-25.83344,-35.344093,-40.464893
163,BRD-K85503079,perospirone,-16.530361,-35.25115,-52.13971,3,3,0,-34.640408,-35.25115,-52.13971
164,BRD-K96354014,nifedipine,-0.1761804,-35.130684,-75.309105,3,3,0,-36.87199,-35.130684,-75.309105
165,BRD-K07888196,tyrphostin-AG-538,-23.730103,-34.374477,-58.618176,3,3,0,-38.907585,-34.374477,-58.618176
166,BRD-A62890442,3-methyl-GABA,-7.9880934,-57.62864,-34.085876,3,3,0,-33.234203,-34.085876,-57.62864
167,BRD-K52640952,BRD-K52640952,-48.07389,-33.94535,-28.508207,3,3,0,-36.842484,-33.94535,-48.07389
168,BRD-K19295594,gossypol,-0.7751938,-33.31175,-36.674946,3,3,0,-23.587296,-33.31175,-36.674946
169,BRD-K50388907,fenofibrate,-73.48956,-32.965202,-26.33311,3,3,0,-44.262623,-32.965202,-73.48956
170,BRD-K56301217,ABT-737,-0.422833,-36.547043,-32.86671,3,3,0,-23.278864,-32.86671,-36.547043
171,BRD-K72093121,vidarabine,-53.22731,-21.591793,-32.55997,3,3,0,-35.793026,-32.55997,-53.22731
172,BRD-A07395371,esmolol,-1.6803665,-89.37271,-32.521656,3,3,0,-41.191578,-32.521656,-89.37271
173,BRD-K34441861,moexipril,-3.7350247,-46.457344,-32.428318,3,3,0,-27.54023,-32.428318,-46.457344
174,BRD-A35108200,dexamethasone,-5.0387597,-32.249184,-68.558846,3,3,0,-35.28226,-32.249184,-68.558846
175,BRD-A46186775,hydrocortisone-phosphate,-1.4094433,-32.219177,-42.112267,3,3,0,-25.246964,-32.219177,-42.112267
176,BRD-K54316499,tolterodine,-3.1007752,-32.154175,-63.32261,3,3,0,-32.859188,-32.154175,-63.32261
177,BRD-A19195498,trimipramine,-0.070472166,-31.97786,-50.759808,3,3,0,-27.602715,-31.97786,-50.759808
178,BRD-K03642198,AY-9944,-1.6101211,-31.60103,-34.168293,3,3,0,-22.459816,-31.60103,-34.168293
179,BRD-K95609758,BMS-191011,-1.1627907,-31.584824,-33.57843,3,3,0,-22.10868,-31.584824,-33.57843
180,BRD-K49685476,TTNPB,-9.250669,-31.450481,-63.046185,3,3,0,-34.582447,-31.450481,-63.046185
181,BRD-K59597909,phenothiazine,-2.501762,-59.962017,-31.325861,3,3,0,-31.263214,-31.325861,-59.962017
182,BRD-U33728988,QL-X-138,-20.95063,-31.034119,-47.547672,3,3,0,-33.17747,-31.034119,-47.547672
183,BRD-K14329163,BAY-K-8644-(S)-(-),-16.649986,-30.917566,-41.347267,3,3,0,-29.638273,-30.917566,-41.347267
184,BRD-K32330832,VER-155008,-30.576506,-13.693678,-59.729347,3,3,0,-34.66651,-30.576506,-59.729347
185,BRD-A55393291,testosterone,-11.373262,-73.701614,-30.35864,3,3,0,-38.47784,-30.35864,-73.701614
186,BRD-K63089472,farnesylthioacetic-acid,-5.0739956,-30.30285,-34.17785,3,3,0,-23.184898,-30.30285,-34.17785
187,BRD-A51393488,noscapine,-19.657667,-53.56192,-30.12564,3,3,0,-34.44841,-30.12564,-53.56192
188,BRD-K08547377,irinotecan,-24.767004,-29.981533,-58.411037,3,3,0,-37.71986,-29.981533,-58.411037
189,BRD-A78391468,prednisolone-hemisuccinate,-0.31712472,-29.831142,-46.899296,3,3,0,-25.68252,-29.831142,-46.899296
190,BRD-K74430258,"1,2-dichlorobenzene",-3.3201575,-38.90431,-29.80742,3,3,0,-24.01063,-29.80742,-38.90431
191,BRD-A70083328,secnidazole,-2.0436928,-36.271267,-29.795912,3,3,0,-22.703623,-29.795912,-36.271267
192,BRD-K22385716,LY-303511,-12.634334,-72.03151,-29.74118,3,3,0,-38.135674,-29.74118,-72.03151
193,BRD-A80775386,hyperforin,-2.2903454,-33.40447,-29.564384,3,3,0,-21.753067,-29.564384,-33.40447
194,BRD-K12244279,MEK1-2-inhibitor,-0.9161381,-29.543999,-61.76171,3,3,0,-30.740616,-29.543999,-61.76171
195,BRD-K14643723,4-(2-amino-ethyl)-benzenesulfonamide,-5.6730094,-35.12152,-29.435863,3,3,0,-23.410133,-29.435863,-35.12152
196,BRD-A83937277,mephenytoin,-42.435665,-24.26775,-29.380884,3,3,0,-32.028103,-29.380884,-42.435665
197,BRD-K64785675,TG-100115,-4.8193192,-48.762486,-29.358997,3,3,0,-27.646935,-29.358997,-48.762486
198,BRD-K51751936,alfadolone-acetate,-35.844765,-29.176336,-22.785673,3,3,0,-29.268927,-29.176336,-35.844765
199,BRD-K14791739,fluticasone,-5.817693,-29.090864,-43.501984,3,3,0,-26.136848,-29.090864,-43.501984
200,BRD-K88741031,"methyl-2,5-dihydroxycinnamate",-0.28188866,-53.60879,-28.986156,3,3,0,-27.625612,-28.986156,-53.60879
201,BRD-K19894101,MST-312,-25.640945,-43.040028,-28.781364,3,3,0,-32.487446,-28.781364,-43.040028
202,BRD-A48570745,ivermectin,-29.96163,-28.74226,-28.262648,3,3,0,-28.988846,-28.74226,-29.96163
203,BRD-A53952395,prilocaine,-28.468613,-28.609875,-51.230255,3,3,0,-36.102917,-28.609875,-51.230255
204,BRD-K37312348,kenpaullone,-2.3255813,-28.59041,-35.7255,3,3,0,-22.21383,-28.59041,-35.7255
205,BRD-K86301799,dipyridamole,-12.494594,-28.443674,-32.105556,3,3,0,-24.34794,-28.443674,-32.105556
206,BRD-K00206590,P-1075,-2.0789287,-28.362492,-34.816856,3,3,0,-21.75276,-28.362492,-34.816856
207,BRD-K18757346,U-46619,-1.303735,-28.23493,-33.373863,3,3,0,-20.970842,-28.23493,-33.373863
208,BRD-K18250272,propoxycaine,-10.503379,-38.969124,-27.952797,3,3,0,-25.808434,-27.952797,-38.969124
209,BRD-K70693222,BRD-K70693222,-1.1339885,-43.522636,-27.844193,3,3,0,-24.166939,-27.844193,-43.522636
210,BRD-A91699651,chloroquine,-1.1980268,-27.8126,-29.676746,3,3,0,-19.562458,-27.8126,-29.676746
211,BRD-A02710418,meptazinol,-10.324172,-27.789557,-38.478477,3,3,0,-25.530737,-27.789557,-38.478477
212,BRD-A31800922,procyclidine,-37.51771,-24.923943,-27.465975,3,3,0,-29.969208,-27.465975,-37.51771
213,BRD-K73589491,nizatidine,-0.28188866,-86.64081,-27.410349,3,3,0,-38.111015,-27.410349,-86.64081
214,BRD-K28183345,proguanil,-0.24665257,-32.122334,-27.257803,3,3,0,-19.875595,-27.257803,-32.122334
215,BRD-K65786282,CGP-7930,-2.3960536,-38.21315,-27.210901,3,3,0,-22.606703,-27.210901,-38.21315
216,BRD-A98702003,carbenoxolone,-2.0084567,-27.150024,-33.81108,3,3,0,-20.989855,-27.150024,-33.81108
217,BRD-A69951442,dexamethasone,-1.5187182,-26.880026,-63.26328,3,3,0,-30.554007,-26.880026,-63.26328
218,BRD-A48430263,pioglitazone,-0.01986131,-26.866491,-36.784634,3,3,0,-21.223661,-26.866491,-36.784634
219,BRD-K67261995,adipiodone,-0.24665257,-89.485275,-26.708424,3,3,0,-38.81345,-26.708424,-89.485275
220,BRD-K77171813,proxyfan,-0.7751938,-50.090206,-26.502,3,3,0,-25.789133,-26.502,-50.090206
221,BRD-K48168960,propylthiouracil,-3.1952057,-26.34571,-49.48116,3,3,0,-26.340693,-26.34571,-49.48116
222,BRD-K13872703,BRD-K13872703,-44.36382,-26.296307,-12.425304,3,3,0,-27.695145,-26.296307,-44.36382
223,BRD-A97454584,nadolol,-8.067474,-35.551544,-25.962315,3,3,0,-23.193777,-25.962315,-35.551544
224,BRD-A65739223,ramipril,-3.5236082,-25.663988,-50.957882,3,3,0,-26.715158,-25.663988,-50.957882
225,BRD-A29426959,carbinoxamine,-0.5637773,-25.495083,-51.29238,3,3,0,-25.783745,-25.495083,-51.29238
226,BRD-K02953697,naringin,-22.209127,-31.235346,-25.480282,3,3,0,-26.308252,-25.480282,-31.235346
227,BRD-K33396764,alpha-linolenic-acid,-1.8882304,-25.443546,-46.210857,3,3,0,-24.514212,-25.443546,-46.210857
228,BRD-K77690805,BRD-K77690805,-1.726568,-52.50276,-25.4292,3,3,0,-26.552843,-25.4292,-52.50276
229,BRD-A22256192,terazosin,-1.8322762,-32.48725,-25.293695,3,3,0,-19.871073,-25.293695,-32.48725
230,BRD-A20131130,"2',5'-dideoxyadenosine",-26.151047,-25.192337,-11.648531,3,3,0,-20.997305,-25.192337,-26.151047
231,BRD-K74913225,brinzolamide,-0.31712472,-25.046082,-27.541878,3,3,0,-17.635027,-25.046082,-27.541878
232,BRD-K83322645,L-693403,-20.509268,-43.357353,-24.734047,3,3,0,-29.533556,-24.734047,-43.357353
233,BRD-K88761633,BRD-K88761633,-16.914759,-70.86825,-24.5089,3,3,0,-37.430637,-24.5089,-70.86825
234,BRD-K73285375,BRD-K73285375,-2.60747,-56.528816,-24.497684,3,3,0,-27.87799,-24.497684,-56.528816
235,BRD-K00610438,altanserin,-1.2684989,-24.189026,-29.787619,3,3,0,-18.415049,-24.189026,-29.787619
236,BRD-K19360254,ergocornine,-2.8893588,-43.981503,-24.1478,3,3,0,-23.672888,-24.1478,-43.981503
237,BRD-K57304726,PRE-084,-32.05543,-24.12891,-19.416977,3,3,0,-25.20044,-24.12891,-32.05543
238,BRD-K11158509,tyrphostin-B44,-42.0651,-24.039783,-2.6427062,3,3,0,-22.915863,-24.039783,-42.0651
239,BRD-A15070535,bucladesine,-8.866414,-48.35386,-24.015038,3,3,0,-27.078438,-24.015038,-48.35386
240,BRD-K64052750,gefitinib,-0.24665257,-23.987715,-28.309679,3,3,0,-17.51468,-23.987715,-28.309679
241,BRD-K32412559,morphothebaine,-12.646565,-36.97666,-23.855549,3,3,0,-24.492926,-23.855549,-36.97666
242,BRD-K29905972,axitinib,-23.636223,-24.478056,-15.838995,3,3,0,-21.317759,-23.636223,-24.478056
243,BRD-K91900765,VX-745,-3.5061908,-50.10102,-23.50739,3,3,0,-25.704866,-23.50739,-50.10102
244,BRD-A93659613,GR-89696,-0.1761804,-28.49825,-23.491217,3,3,0,-17.388548,-23.491217,-28.49825
245,BRD-K76810206,nicergoline,-0.3523608,-23.31487,-34.18498,3,3,0,-19.28407,-23.31487,-34.18498
246,BRD-K34415467,trimethobenzamide,-0.7399577,-47.280365,-23.11701,3,3,0,-23.712446,-23.11701,-47.280365
247,BRD-K67017579,cilostazol,-0.2114165,-36.568356,-22.95176,3,3,0,-19.910511,-22.95176,-36.568356
248,BRD-K40758068,efavirenz,-0.10570825,-35.422207,-22.94809,3,3,0,-19.492002,-22.94809,-35.422207
249,BRD-K69032158,diprotin-a,-54.488186,-13.800956,-22.88823,3,3,0,-30.392456,-22.88823,-54.488186
250,BRD-A26845397,isamoltane,-22.871426,-23.398657,-14.201612,3,3,0,-20.157232,-22.871426,-23.398657
251,BRD-K88429204,pyrimethamine,-0.8104299,-40.721493,-22.6157,3,3,0,-21.38254,-22.6157,-40.721493
252,BRD-K73290745,ICI-199441,-29.123062,-22.577028,-2.2198732,3,3,0,-17.973322,-22.577028,-29.123062
253,BRD-K34995470,SU-1498,-13.426502,-22.293472,-42.485855,3,3,0,-26.06861,-22.293472,-42.485855
254,BRD-K69470111,montelukast,-57.38608,-18.616861,-22.124363,3,3,0,-32.709103,-22.124363,-57.38608
255,BRD-K66019333,oxantel,-0.63424945,-56.57779,-22.064173,3,3,0,-26.425402,-22.064173,-56.57779
256,BRD-K97181089,amiloride,-0.2114165,-21.814112,-25.152254,3,3,0,-15.725928,-21.814112,-25.152254
257,BRD-A64092382,mexiletine,-0.02661923,-21.536064,-26.785965,3,3,0,-16.116217,-21.536064,-26.785965
258,BRD-K91691979,BRD-K91691979,-23.076328,-21.41692,-3.0655391,3,3,0,-15.852928,-21.41692,-23.076328
259,BRD-A62434282,goserelin,-2.3960536,-21.244648,-38.874107,3,3,0,-20.83827,-21.244648,-38.874107
260,BRD-A00993607,alprenolol,-6.438649,-25.744873,-21.190912,3,3,0,-17.791477,-21.190912,-25.744873
261,BRD-K59650319,YM-298198,-2.6427062,-27.541283,-21.123638,3,3,0,-17.102543,-21.123638,-27.541283
262,BRD-A67862938,naftidrofuryl,-0.24665257,-21.86107,-20.998476,3,3,0,-14.368732,-20.998476,-21.86107
263,BRD-K66766661,17-beta-estradiol,-19.438934,-47.582447,-20.95212,3,3,0,-29.324501,-20.95212,-47.582447
264,BRD-K61192372,capecitabine,-20.72733,-18.568151,-25.382187,3,3,0,-21.559225,-20.72733,-25.382187
265,BRD-K35377380,I-OMe-AG-538,-20.67119,-3.2358718,-28.822933,3,3,0,-17.576666,-20.67119,-28.822933
266,BRD-K64402243,ivachtin,-12.131063,-20.589695,-37.96886,3,3,0,-23.563208,-20.589695,-37.96886
267,BRD-K09255212,clioquinol,-20.524092,-28.100351,-0.24665257,3,3,0,-16.290365,-20.524092,-28.100351
268,BRD-K55889443,rifapentine,-20.363806,-39.359016,-6.507782,3,3,0,-22.076868,-20.363806,-39.359016
269,BRD-K01493881,apigenin,-20.269176,-5.08757,-38.93454,3,3,0,-21.43043,-20.269176,-38.93454
270,BRD-K97440753,dihydroergocristine,-6.1310782,-43.774242,-20.19911,3,3,0,-23.368143,-20.19911,-43.774242
271,BRD-K98763141,niflumic-acid,-2.2551093,-31.42279,-20.082914,3,3,0,-17.92027,-20.082914,-31.42279
272,BRD-K89237706,noscapine,-11.301954,-29.520351,-19.943844,3,3,0,-20.255384,-19.943844,-29.520351
273,BRD-A13133631,fluorometholone,-3.382664,-19.840298,-86.329124,3,3,0,-36.51736,-19.840298,-86.329124
274,BRD-K32107296,temozolomide,-2.501762,-19.772045,-34.350536,3,3,0,-18.87478,-19.772045,-34.350536
275,BRD-K71289571,zafirlukast,-0.2114165,-19.616613,-32.971027,3,3,0,-17.599686,-19.616613,-32.971027
276,BRD-K37848908,ceforanide,-8.058926,-19.586256,-27.51432,3,3,0,-18.386501,-19.586256,-27.51432
277,BRD-K10098805,rhapontin,-9.2516985,-22.798767,-19.577702,3,3,0,-17.209389,-19.577702,-22.798767
278,BRD-K72024482,MRS-1754,-14.682419,-23.59489,-19.559725,3,3,0,-19.279013,-19.559725,-23.59489
279,BRD-A65440446,cimaterol,-9.597921,-19.553513,-45.703537,3,3,0,-24.951658,-19.553513,-45.703537
280,BRD-K46435977,valaciclovir,-0.032528594,-19.488544,-33.78816,3,3,0,-17.769743,-19.488544,-33.78816
281,BRD-K61737877,VEGF-receptor-2-kinase-inhibitor-IV,-41.095596,-19.329592,-15.621565,3,3,0,-25.348917,-19.329592,-41.095596
282,BRD-K68103045,CGS-20625,-1.4094433,-19.064957,-23.834904,3,3,0,-14.769768,-19.064957,-23.834904
283,BRD-A80151636,bromocriptine,-0.45806906,-25.077732,-18.926039,3,3,0,-14.820613,-18.926039,-25.077732
284,BRD-K66093087,FGIN-1-43,-6.880393,-29.967308,-18.738186,3,3,0,-18.52863,-18.738186,-29.967308
285,BRD-K07691486,roscovitine,-1.1980268,-18.553024,-21.83921,3,3,0,-13.863421,-18.553024,-21.83921
286,BRD-K02965346,SU-11274,-9.081675,-18.51052,-48.262688,3,3,0,-25.28496,-18.51052,-48.262688
287,BRD-A20239487,atenolol-(+/-),-18.498348,-9.315193,-19.777353,3,3,0,-15.863632,-18.498348,-19.777353
288,BRD-K16444452,ibudilast,-3.1007752,-18.393906,-48.76956,3,3,0,-23.421415,-18.393906,-48.76956
289,BRD-A11170096,pravastatin,-26.371996,-4.40451,-18.381556,3,3,0,-16.38602,-18.381556,-26.371996
290,BRD-K64514229,toltrazuril,-0.03565624,-18.241253,-23.031767,3,3,0,-13.769558,-18.241253,-23.031767
291,BRD-K24538644,KU-C104502N,-45.365192,-12.755462,-18.196653,3,3,0,-25.439102,-18.196653,-45.365192
292,BRD-K02265150,amoxapine,-0.070472166,-21.397915,-18.027267,3,3,0,-13.165218,-18.027267,-21.397915
293,BRD-K87991767,umbelliferone,-2.0436928,-17.899122,-35.4062,3,3,0,-18.44967,-17.899122,-35.4062
294,BRD-A35588707,teniposide,-0.1761804,-17.689169,-31.638176,3,3,0,-16.501177,-17.689169,-31.638176
295,BRD-K68144790,glycodeoxycholic-acid,-16.21664,-17.64504,-20.719955,3,3,0,-18.19388,-17.64504,-20.719955
296,BRD-A69815203,cyclosporin-a,-5.9640465,-60.42428,-17.577848,3,3,0,-27.988724,-17.577848,-60.42428
297,BRD-K97951054,BRD-K97951054,-3.9816773,-41.229424,-17.49596,3,3,0,-20.902353,-17.49596,-41.229424
298,BRD-K43796186,benzyl-quinazolin-4-yl-amine,-15.994439,-17.422342,-26.949821,3,3,0,-20.1222,-17.422342,-26.949821
299,BRD-K34157611,cimetidine,-17.354698,-12.151534,-27.200666,3,3,0,-18.9023,-17.354698,-27.200666
300,BRD-K07220430,cinnarizine,-37.458992,-10.8071575,-17.29418,3,3,0,-21.853445,-17.29418,-37.458992
301,BRD-K44876623,zolpidem,-3.5940804,-42.208298,-17.248924,3,3,0,-21.017101,-17.248924,-42.208298
302,BRD-K47717570,NBQX,-24.72257,-5.914675,-17.20404,3,3,0,-15.947095,-17.20404,-24.72257
303,BRD-A24429032,BE-2254,-1.2684989,-17.184492,-23.67169,3,3,0,-14.04156,-17.184492,-23.67169
304,BRD-K83010055,VU-0415374-1,-42.71572,-12.876731,-16.890469,3,3,0,-24.160975,-16.890469,-42.71572
305,BRD-A20968261,WAY-213613,-2.0436928,-31.797865,-16.754532,3,3,0,-16.865364,-16.754532,-31.797865
306,BRD-A97674275,ranolazine,-18.882723,-12.796988,-16.434448,3,3,0,-16.038054,-16.434448,-18.882723
307,BRD-K41445866,alfaxalone,-11.669247,-16.301176,-22.055264,3,3,0,-16.675228,-16.301176,-22.055264
308,BRD-K16977723,PP-3,-16.185818,-17.984653,-6.3447356,3,3,0,-13.505069,-16.185818,-17.984653
309,BRD-K87696786,LY-456236,-1.4446794,-16.076168,-32.94461,3,3,0,-16.82182,-16.076168,-32.94461
310,BRD-A03359064,ICI-89406,-24.370798,-15.774468,-14.047446,3,3,0,-18.064238,-15.774468,-24.370798
311,BRD-K63150726,JTE-907,-15.62177,-15.621337,-26.52841,3,3,0,-19.257172,-15.62177,-26.52841
312,BRD-K97810537,beclomethasone-dipropionate,-0.10570825,-15.490071,-48.801193,3,3,0,-21.465658,-15.490071,-48.801193
313,BRD-K88560311,rucaparib,-15.364149,-23.761574,-5.343648,3,3,0,-14.823123,-15.364149,-23.761574
314,BRD-K42260897,ezetimibe,-0.31712472,-15.270478,-16.500273,3,3,0,-10.695958,-15.270478,-16.500273
315,BRD-A69917777,aminopentamide,-13.492756,-17.044273,-15.264025,3,3,0,-15.267017,-15.264025,-17.044273
316,BRD-K31342827,bisindolylmaleimide,-15.214352,-3.6645525,-76.46043,3,3,0,-31.779776,-15.214352,-76.46043
317,BRD-K93034159,cladribine,-2.0436928,-21.410267,-15.133574,3,3,0,-12.862511,-15.133574,-21.410267
318,BRD-K93325701,damnacanthal,-2.9664047,-34.37255,-15.11413,3,3,0,-17.484362,-15.11413,-34.37255
319,BRD-A46179541,doxapram,-1.8322762,-61.557808,-15.051449,3,3,0,-26.147177,-15.051449,-61.557808
320,BRD-K72726508,arcyriaflavin-a,-7.379813,-14.720276,-18.317348,3,3,0,-13.47248,-14.720276,-18.317348
321,BRD-K70241288,L-692585,-1.284729,-14.556169,-15.408955,3,3,0,-10.416617,-14.556169,-15.408955
322,BRD-K61177364,NBI-27914,-17.473166,-2.3608174,-14.545511,3,3,0,-11.459831,-14.545511,-17.473166
323,BRD-K29582677,flunarizine,-2.6683009,-33.007893,-14.531105,3,3,0,-16.735765,-14.531105,-33.007893
324,BRD-A23290232,westcort,-14.501814,-46.316273,-6.6092205,3,3,0,-22.475769,-14.501814,-46.316273
325,BRD-K64236792,austricine,-8.745742,-24.391335,-14.414523,3,3,0,-15.8505335,-14.414523,-24.391335
326,BRD-A97479839,piperidolate,-14.39036,-55.930256,-12.989431,3,3,0,-27.770014,-14.39036,-55.930256
327,BRD-K91243525,SR-142948,-0.9866103,-14.385587,-42.23343,3,3,0,-19.201876,-14.385587,-42.23343
328,BRD-A10523515,GSK-429286A,-34.72551,-13.516853,-14.32178,3,3,0,-20.854715,-14.32178,-34.72551
329,BRD-K01507359,rifampicin,-5.8491898,-69.727005,-14.030865,3,3,0,-29.86902,-14.030865,-69.727005
330,BRD-A67373739,AICA-ribonucleotide,-0.9161381,-30.75285,-14.009844,3,3,0,-15.226277,-14.009844,-30.75285
331,BRD-A37704979,SB-203580,-0.5637773,-13.9990835,-34.745995,3,3,0,-16.436285,-13.9990835,-34.745995
332,BRD-K23922020,arecaidine-propargyl-ester,-2.60747,-13.829285,-48.35083,3,3,0,-21.595861,-13.829285,-48.35083
333,BRD-K92428153,mycophenolate-mofetil,-1.1666999,-13.803356,-34.606598,3,3,0,-16.52555,-13.803356,-34.606598
334,BRD-K68507560,dicycloverine,-8.949965,-13.759909,-34.653595,3,3,0,-19.121157,-13.759909,-34.653595
335,BRD-K18816859,L-694247,-0.10570825,-13.702893,-36.244717,3,3,0,-16.684439,-13.702893,-36.244717
336,BRD-K33193182,methylnorlichexanthone,-0.4641988,-14.184134,-13.678592,3,3,0,-9.442307,-13.678592,-14.184134
337,BRD-K48059230,YM-298198,-11.752985,-14.460903,-13.347243,3,3,0,-13.187045,-13.347243,-14.460903
338,BRD-K68341547,W-9,-0.9866103,-13.177183,-48.258358,3,3,0,-20.807383,-13.177183,-48.258358
339,BRD-K71731651,PNU-120596,-3.875969,-13.077063,-23.132885,3,3,0,-13.361972,-13.077063,-23.132885
340,BRD-K00313977,BRD-K00313977,-3.2203789,-13.046007,-15.8487425,3,3,0,-10.705043,-13.046007,-15.8487425
341,BRD-K57080016,selumetinib,-0.9866103,-13.033357,-26.820774,3,3,0,-13.61358,-13.033357,-26.820774
342,BRD-A37837077,cyclazosin,-13.009496,-1.0218464,-14.538468,3,3,0,-9.523271,-13.009496,-14.538468
343,BRD-K35430135,SR-59230A,-12.853776,-25.26017,-1.3389711,3,3,0,-13.150971,-12.853776,-25.26017
344,BRD-A87606379,nadolol,-2.5369978,-13.381566,-12.836651,3,3,0,-9.585072,-12.836651,-13.381566
345,BRD-A80641450,FR-139317,-0.845666,-12.818225,-21.881973,3,3,0,-11.848621,-12.818225,-21.881973
346,BRD-K18135438,chenodeoxycholic-acid,-12.403101,-18.583965,-2.9598308,3,3,0,-11.315633,-12.403101,-18.583965
347,BRD-A18620900,estriol,-3.95382,-12.397411,-22.592964,3,3,0,-12.981399,-12.397411,-22.592964
348,BRD-K04010869,prostaglandin-a1,-1.1275547,-12.389999,-28.559423,3,3,0,-14.0256605,-12.389999,-28.559423
349,BRD-K63954456,BRD-K63954456,-14.61913,-6.0966434,-12.342458,3,3,0,-11.01941,-12.342458,-14.61913
350,BRD-K99818283,PIK-90,-1.2684989,-12.302413,-15.883277,3,3,0,-9.818063,-12.302413,-15.883277
351,BRD-K87048468,RS-102221,-25.745722,-12.222409,-1.2332629,3,3,0,-13.067131,-12.222409,-25.745722
352,BRD-K22828899,TUL-XXI039,-9.114861,-23.666769,-11.90316,3,3,0,-14.894931,-11.90316,-23.666769
353,BRD-A78303415,hyoscyamine,-11.666001,-5.4615927,-14.947844,3,3,0,-10.691812,-11.666001,-14.947844
354,BRD-A56892734,esomeprazole,-54.60684,-11.556303,-2.0436928,3,3,0,-22.735611,-11.556303,-54.60684
355,BRD-K63945320,dihydrosamidin,-61.922634,-11.45994,-6.2975035,3,3,0,-26.560026,-11.45994,-61.922634
356,BRD-A12016240,LY-278584,-1.1627907,-23.849854,-11.232839,3,3,0,-12.081828,-11.232839,-23.849854
357,BRD-K04853698,LDN-193189,-0.07746257,-15.436676,-11.193589,3,3,0,-8.9025755,-11.193589,-15.436676
358,BRD-K20287671,SU-4312,-14.358621,-11.037466,-9.921326,3,3,0,-11.772471,-11.037466,-14.358621
359,BRD-A42571354,cetirizine,-0.070472166,-22.151243,-11.020118,3,3,0,-11.080611,-11.020118,-22.151243
360,BRD-K20285085,fostamatinib,-0.7751938,-11.014312,-21.788822,3,3,0,-11.192776,-11.014312,-21.788822
361,BRD-A73368467,fexofenadine,-0.28188866,-10.973228,-11.514895,3,3,0,-7.5900044,-10.973228,-11.514895
362,BRD-K16195444,oxymetazoline,-1.9379845,-10.878237,-10.941659,3,3,0,-7.919294,-10.878237,-10.941659
363,BRD-A33084410,5'-guanidinonaltrindole,-26.713211,-0.45806906,-10.804523,3,3,0,-12.658601,-10.804523,-26.713211
364,BRD-K19136521,indirubin-3-monoxime,-0.49851298,-19.154495,-10.780946,3,3,0,-10.14465,-10.780946,-19.154495
365,BRD-A42759514,ornidazole,-0.070472166,-10.729706,-17.330334,3,3,0,-9.376838,-10.729706,-17.330334
366,BRD-K48692744,NU-1025,-9.885911,-29.447258,-10.676533,3,3,0,-16.6699,-10.676533,-29.447258
367,BRD-A36318220,necrostatin-1,-10.57648,-3.4035156,-13.795343,3,3,0,-9.258446,-10.57648,-13.795343
368,BRD-K35723520,darinaparsin,-0.1901769,-13.327713,-10.510445,3,3,0,-8.009444,-10.510445,-13.327713
369,BRD-K14204120,ranitidine,-1.5503876,-10.462521,-11.990046,3,3,0,-8.000985,-10.462521,-11.990046
370,BRD-K81916719,triclabendazole,-2.5369978,-34.245327,-10.443499,3,3,0,-15.741942,-10.443499,-34.245327
371,BRD-K32696739,noreleagnine,-0.63424945,-19.274137,-10.416553,3,3,0,-10.108313,-10.416553,-19.274137
372,BRD-K80451230,zamifenacin,-3.3368616,-10.398222,-33.45562,3,3,0,-15.730235,-10.398222,-33.45562
373,BRD-K31920458,mestranol,-0.19920047,-15.287923,-10.28235,3,3,0,-8.589824,-10.28235,-15.287923
374,BRD-A27887842,prednisolone,-0.3523608,-11.571449,-10.235664,3,3,0,-7.386492,-10.235664,-11.571449
375,BRD-K49456190,prima-1-met,-1.9027485,-10.859811,-10.217801,3,3,0,-7.66012,-10.217801,-10.859811
376,BRD-K04218075,clomifene,-0.070472166,-10.192813,-18.766533,3,3,0,-9.676606,-10.192813,-18.766533
377,BRD-K77695569,tiabendazole,-0.28188866,-26.844849,-10.157458,3,3,0,-12.428065,-10.157458,-26.844849
378,BRD-A71157293,fursultiamine,-9.957019,-5.2543793,-13.954142,3,3,0,-9.721847,-9.957019,-13.954142
379,BRD-A65449987,flunisolide,-1.8322762,-9.925619,-39.384895,3,3,0,-17.047598,-9.925619,-39.384895
380,BRD-K54462405,doxepin,-0.24665257,-19.363598,-9.923738,3,3,0,-9.844663,-9.923738,-19.363598
381,BRD-K04710043,hexamethylenebisacetamide,-0.86324817,-9.75268,-23.044321,3,3,0,-11.220082,-9.75268,-23.044321
382,BRD-A30590053,MR-16728,-0.7050806,-34.16811,-9.710159,3,3,0,-14.861117,-9.710159,-34.16811
383,BRD-K32247306,primidone,-1.4845446,-9.584214,-13.406431,3,3,0,-8.158397,-9.584214,-13.406431
384,BRD-A41995253,brucine,-0.3523608,-20.868662,-9.475518,3,3,0,-10.232181,-9.475518,-20.868662
385,BRD-A50684349,fenoldopam,-0.45806906,-9.446781,-18.401314,3,3,0,-9.435388,-9.446781,-18.401314
386,BRD-K89923877,scopolamine,-0.10570825,-30.219748,-9.397966,3,3,0,-13.241141,-9.397966,-30.219748
387,BRD-K68332390,ponalrestat,-33.503174,-9.385057,-1.4094433,3,3,0,-14.765892,-9.385057,-33.503174
388,BRD-K99174507,cardiogenol-c,-1.691332,-56.559334,-9.33963,3,3,0,-22.530098,-9.33963,-56.559334
389,BRD-K55468218,spiperone,-0.28188866,-29.85449,-9.332719,3,3,0,-13.156365,-9.332719,-29.85449
390,BRD-K50214219,CS-1657,-18.957315,-5.8423367,-9.308505,3,3,0,-11.369386,-9.308505,-18.957315
391,BRD-K93658967,aloisine,-9.308266,-11.564771,-5.320648,3,3,0,-8.731228,-9.308266,-11.564771
392,BRD-K38323065,phenacetin,-31.631142,-9.10265,-9.307935,3,3,0,-16.680574,-9.307935,-31.631142
393,BRD-K18678457,ZD-7288,-9.230704,-21.758482,-2.1141648,3,3,0,-11.034451,-9.230704,-21.758482
394,BRD-K09635134,L-erythro-MAPP,-1.6247948,-18.328423,-9.127342,3,3,0,-9.69352,-9.127342,-18.328423
395,BRD-A60197193,amisulpride,-7.1529245,-9.104758,-9.054271,3,3,0,-8.437318,-9.054271,-9.104758
396,BRD-K21450440,benzthiazide,-0.14016254,-27.125336,-8.960535,3,3,0,-12.075344,-8.960535,-27.125336
397,BRD-K39915878,loxapine,-0.31712472,-8.951166,-34.779903,3,3,0,-14.682732,-8.951166,-34.779903
398,BRD-A87387433,cefpodoxime,-0.7399577,-16.166328,-8.87668,3,3,0,-8.594322,-8.87668,-16.166328
399,BRD-K27351809,nomegestrol-acetate,-1.7405757,-8.865608,-14.262863,3,3,0,-8.289682,-8.865608,-14.262863
400,BRD-K17823458,danoprevir,-8.511022,-10.097717,-4.0932655,3,3,0,-7.5673347,-8.511022,-10.097717
401,BRD-A85025557,NCS-382,-2.3960536,-9.261505,-8.409338,3,3,0,-6.6889653,-8.409338,-9.261505
402,BRD-A80793822,pemoline,-1.7618041,-23.855093,-8.332139,3,3,0,-11.316345,-8.332139,-23.855093
403,BRD-A07440155,labetalol,-0.028737428,-10.806827,-8.260821,3,3,0,-6.365462,-8.260821,-10.806827
404,BRD-K91733562,secoisolariciresinol,-2.184637,-8.029334,-19.182842,3,3,0,-9.798938,-8.029334,-19.182842
405,BRD-K78959463,FPL-64176,-1.3694363,-18.324192,-7.9657497,3,3,0,-9.219792,-7.9657497,-18.324192
406,BRD-K19277754,paroxetine,-0.2114165,-11.568109,-7.912635,3,3,0,-6.564053,-7.912635,-11.568109
407,BRD-K29582115,ziprasidone,-6.677304,-28.143295,-7.836301,3,3,0,-14.2189665,-7.836301,-28.143295
408,BRD-A16444946,acarbose,-0.7047216,-28.852951,-7.731301,3,3,0,-12.429658,-7.731301,-28.852951
409,BRD-K63923597,barasertib-HQPA,-0.042677406,-13.783743,-7.72109,3,3,0,-7.182503,-7.72109,-13.783743
410,BRD-A79981887,midodrine,-0.10570825,-18.945356,-7.577555,3,3,0,-8.876206,-7.577555,-18.945356
411,BRD-K67511046,naloxone,-0.14094433,-25.201134,-7.4802704,3,3,0,-10.9407835,-7.4802704,-25.201134
412,BRD-K75089421,procainamide,-0.035236083,-21.946564,-7.133111,3,3,0,-9.70497,-7.133111,-21.946564
413,BRD-K43887077,dopamine,-2.7836504,-7.117415,-24.478298,3,3,0,-11.459788,-7.117415,-24.478298
414,BRD-K70557564,zosuquidar,-2.1153193,-11.002165,-6.94589,3,3,0,-6.6877913,-6.94589,-11.002165
415,BRD-K39983086,loteprednol,-0.63424945,-6.8856583,-29.205853,3,3,0,-12.24192,-6.8856583,-29.205853
416,BRD-K82746043,navitoclax,-0.5637773,-26.469765,-6.8734674,3,3,0,-11.302337,-6.8734674,-26.469765
417,BRD-K76205745,losartan,-0.14094433,-6.800564,-18.4168,3,3,0,-8.452769,-6.800564,-18.4168
418,BRD-K15502390,nevirapine,-6.714054,-42.020172,-4.8405886,3,3,0,-17.85827,-6.714054,-42.020172
419,BRD-A34751532,homosalate,-6.6948557,-63.235043,-5.877579,3,3,0,-25.26916,-6.6948557,-63.235043
420,BRD-K76908866,CP-724714,-0.028026469,-20.32433,-6.6948557,3,3,0,-9.015737,-6.6948557,-20.32433
421,BRD-K92138166,mammea-a,-6.6945834,-0.7751938,-18.354614,3,3,0,-8.60813,-6.6945834,-18.354614
422,BRD-K49577446,flunisolide,-0.30507714,-6.57012,-8.007929,3,3,0,-4.961042,-6.57012,-8.007929
423,BRD-A75478957,PD-166793,-6.3497577,-4.580691,-14.769991,3,3,0,-8.566813,-6.3497577,-14.769991
424,BRD-M41783010,acamprosate,-1.1013818,-6.3008585,-59.03692,3,3,0,-22.146385,-6.3008585,-59.03692
425,BRD-K71430621,clobenpropit,-0.033664297,-40.338066,-6.109602,3,3,0,-15.493778,-6.109602,-40.338066
426,BRD-K07117950,imperatorin,-4.5454545,-13.379837,-6.0958424,3,3,0,-8.007045,-6.0958424,-13.379837
427,BRD-A60571864,budesonide,-0.10570825,-20.022762,-6.076979,3,3,0,-8.73515,-6.076979,-20.022762
428,BRD-K17110974,aristolochic-acid,-0.5285412,-5.9569426,-7.371377,3,3,0,-4.6189537,-5.9569426,-7.371377
429,BRD-K63151507,MNITMT,-0.95137423,-6.5077696,-5.9464455,3,3,0,-4.4685297,-5.9464455,-6.5077696
430,BRD-K99451608,lopinavir,-4.5191827,-64.13694,-5.8844256,3,3,0,-24.846848,-5.8844256,-64.13694
431,BRD-K23369905,oxiconazole,-1.5819561,-5.826497,-18.39021,3,3,0,-8.599554,-5.826497,-18.39021
432,BRD-K97061094,azacyclonol,-0.95137423,-18.948906,-5.6947384,3,3,0,-8.5316725,-5.6947384,-18.948906
433,BRD-K81169441,cerivastatin,-7.339175,-4.2490215,-5.6730094,3,3,0,-5.753736,-5.6730094,-7.339175
434,BRD-K33572481,taurodeoxycholic-acid,-5.5729113,-32.67296,-3.3474278,3,3,0,-13.864432,-5.5729113,-32.67296
435,BRD-A51714012,venlafaxine,-9.251589,-5.4251604,-2.4852953,3,3,0,-5.7206817,-5.4251604,-9.251589
436,BRD-K69763916,LY-341495,-0.45806906,-5.8839583,-5.240237,3,3,0,-3.8607547,-5.240237,-5.8839583
437,BRD-A80017228,bendroflumethiazide,-0.02847998,-9.727403,-4.8625793,3,3,0,-4.8728204,-4.8625793,-9.727403
438,BRD-A54236247,ephedrine-(racemic),-4.729257,-2.9976053,-6.3181486,3,3,0,-4.6816707,-4.729257,-6.3181486
439,BRD-A77299732,salubrinal,-2.149401,-4.7219114,-13.145877,3,3,0,-6.672396,-4.7219114,-13.145877
440,BRD-K32795028,1-benzylimidazole,-0.88090205,-80.62637,-4.712332,3,3,0,-28.73987,-4.712332,-80.62637
441,BRD-K32398298,alprazolam,-4.0305347,-23.497576,-4.5749693,3,3,0,-10.701027,-4.5749693,-23.497576
442,BRD-K30240666,clemastine,-0.1761804,-4.4968233,-5.17559,3,3,0,-3.2828646,-4.4968233,-5.17559
443,BRD-K60511616,pravastatin,-0.31712472,-26.212505,-4.4749823,3,3,0,-10.334871,-4.4749823,-26.212505
444,BRD-K81209512,AG-494,-4.4343553,-10.79269,-3.4178998,3,3,0,-6.2149816,-4.4343553,-10.79269
445,BRD-K88568253,iproniazid,-2.3525982,-22.940119,-4.298802,3,3,0,-9.863839,-4.298802,-22.940119
446,BRD-A03216249,mepivacaine,-4.2283297,-8.787447,-1.130045,3,3,0,-4.715274,-4.2283297,-8.787447
447,BRD-K14965640,ibuprofen-(S),-0.90526456,-44.16568,-4.0345683,3,3,0,-16.368505,-4.0345683,-44.16568
448,BRD-K30197592,5-methoxytryptamine,-4.0169134,-2.3608174,-19.323694,3,3,0,-8.567142,-4.0169134,-19.323694
449,BRD-U82589721,HG-5-113-01,-3.0231955,-6.871036,-3.9507098,3,3,0,-4.61498,-3.9507098,-6.871036
450,BRD-K83597974,pargyline,-1.8292297,-3.864361,-18.930563,3,3,0,-8.208051,-3.864361,-18.930563
451,BRD-K16554956,PTB1,-0.95137423,-3.8553214,-17.302746,3,3,0,-7.369814,-3.8553214,-17.302746
452,BRD-A02759312,betaxolol,-1.9027485,-7.713075,-3.6997886,3,3,0,-4.438537,-3.6997886,-7.713075
453,BRD-K53061490,ozagrel,-0.028286561,-3.5922055,-26.293758,3,3,0,-9.971416,-3.5922055,-26.293758
454,BRD-K11540476,EMF-BCA1-64,-0.7751938,-15.317196,-3.5588443,3,3,0,-6.550411,-3.5588443,-15.317196
455,BRD-A41304429,practolol,-0.5285412,-28.03668,-3.5244172,3,3,0,-10.696546,-3.5244172,-28.03668
456,BRD-K62810658,PD-98059,-0.422833,-3.488372,-25.21904,3,3,0,-9.710082,-3.488372,-25.21904
457,BRD-K59197931,naproxen,-15.772676,-2.6496599,-3.453136,3,3,0,-7.2918243,-3.453136,-15.772676
458,BRD-K06221026,DUP-697,-1.9379845,-5.1787686,-3.4037938,3,3,0,-3.506849,-3.4037938,-5.1787686
459,BRD-K78278890,NM-PP1,-2.3412263,-3.370225,-3.911205,3,3,0,-3.2075522,-3.370225,-3.911205
460,BRD-A49172652,lansoprazole,-0.06524698,-27.459686,-3.3474278,3,3,0,-10.290787,-3.3474278,-27.459686
461,BRD-K21565985,xylazine,-1.691332,-3.2430558,-41.327095,3,3,0,-15.420495,-3.2430558,-41.327095
462,BRD-K43764301,dexketoprofen,-2.8188865,-3.1268454,-15.281195,3,3,0,-7.0756416,-3.1268454,-15.281195
463,BRD-A26384407,chlorthalidone,-0.10570825,-3.1072183,-3.5422423,3,3,0,-2.251723,-3.1072183,-3.5422423
464,BRD-K12932420,YM-976,-1.5464957,-3.7612574,-3.030303,3,3,0,-2.779352,-3.030303,-3.7612574
465,BRD-K46937689,phenazone,-0.28188866,-13.856799,-3.0291233,3,3,0,-5.7226033,-3.0291233,-13.856799
466,BRD-K01253243,SB-590885,-42.173264,-1.6208597,-2.6811109,3,3,0,-15.491745,-2.6811109,-42.173264
467,BRD-K17894950,indirubin,-0.5990134,-5.8648887,-2.6750872,3,3,0,-3.0463297,-2.6750872,-5.8648887
468,BRD-K90333595,phentolamine,-0.24665257,-12.187764,-2.501762,3,3,0,-4.978726,-2.501762,-12.187764
469,BRD-K03557653,sappanone-a,-0.7751938,-5.954838,-2.501762,3,3,0,-3.0772648,-2.501762,-5.954838
470,BRD-A94756469,digoxin,-2.4916177,-8.538326,-0.9161381,3,3,0,-3.982027,-2.4916177,-8.538326
471,BRD-A29644307,nomifensine,-2.4325125,-15.169184,-1.9209359,3,3,0,-6.507544,-2.4325125,-15.169184
472,BRD-A33168282,sotalol,-0.422833,-2.4312897,-3.2841856,3,3,0,-2.0461028,-2.4312897,-3.2841856
473,BRD-K04111260,raclopride,-0.1761804,-2.386272,-5.810175,3,3,0,-2.7908762,-2.386272,-5.810175
474,BRD-K53123955,niridazole,-0.3875969,-13.515702,-2.3608174,3,3,0,-5.421372,-2.3608174,-13.515702
475,BRD-K10042277,desmethylclozapine,-0.7047216,-2.3255813,-3.9452667,3,3,0,-2.3251898,-2.3255813,-3.9452667
476,BRD-K13032584,procarbazine,-0.009606802,-8.236534,-2.2198732,3,3,0,-3.4886713,-2.2198732,-8.236534
477,BRD-A31227688,kynuramine,-1.726568,-71.30246,-2.184637,3,3,0,-25.071222,-2.184637,-71.30246
478,BRD-K40901640,cinanserin,-0.24665257,-2.149401,-12.168979,3,3,0,-4.8550105,-2.149401,-12.168979
479,BRD-K36638830,anabasine,-1.6560959,-28.719646,-2.0789287,3,3,0,-10.818223,-2.0789287,-28.719646
480,BRD-K53972329,ruxolitinib,-0.422833,-2.0182998,-2.4568594,3,3,0,-1.6326641,-2.0182998,-2.4568594
481,BRD-A28856712,tetrahydrozoline,-0.88090205,-2.0084567,-24.070486,3,3,0,-8.986615,-2.0084567,-24.070486
482,BRD-A22707317,SB-205384,-1.9432124,-1.7618041,-2.2551093,3,3,0,-1.9867086,-1.9432124,-2.2551093
483,BRD-K87049188,fusaric-acid,-19.109642,-1.9334626,-1.3389711,3,3,0,-7.460692,-1.9334626,-19.109642
484,BRD-K67043667,altretamine,-0.3523608,-2.0084567,-1.9027485,3,3,0,-1.4211887,-1.9027485,-2.0084567
485,BRD-K56614220,clofazimine,-0.070472166,-2.1066644,-1.9027485,3,3,0,-1.3599616,-1.9027485,-2.1066644
486,BRD-K74133369,oligomycin-a,-7.4572997,-1.7970402,-1.2684989,3,3,0,-3.507613,-1.7970402,-7.4572997
487,BRD-K92049597,triamterene,-0.3875969,-1.691332,-38.992195,3,3,0,-13.690375,-1.691332,-38.992195
488,BRD-K03319035,maprotiline,-0.845666,-16.991045,-1.6208597,3,3,0,-6.485857,-1.6208597,-16.991045
489,BRD-A17655518,ibuprofen,-0.5285412,-1.4446794,-3.4611382,3,3,0,-1.8114529,-1.4446794,-3.4611382
490,BRD-K63913457,eicosatrienoic-acid,-12.478835,-0.845666,-1.3742071,3,3,0,-4.8995695,-1.3742071,-12.478835
491,BRD-K40624912,ZM-39923,-1.3389711,-24.799952,-1.1980268,3,3,0,-9.112316,-1.3389711,-24.799952
492,BRD-K31792052,pifithrin,-1.303735,-39.911304,-0.845666,3,3,0,-14.020234,-1.303735,-39.911304
493,BRD-K60274257,dephostatin,-0.14094433,-1.303735,-1.303735,3,3,0,-0.9161381,-1.303735,-1.303735
494,BRD-K98490050,amsacrine,-19.3234,-1.2684989,-1.0570824,3,3,0,-7.216327,-1.2684989,-19.3234
495,BRD-K23583188,lavendustin-a,-1.4799154,-0.5990134,-1.2332629,3,3,0,-1.1040639,-1.2332629,-1.4799154
496,BRD-K69690935,curcumin,-1.1980268,-3.4722035,-0.3875969,3,3,0,-1.6859423,-1.1980268,-3.4722035
497,BRD-A70268693,PG-9,-1.1627907,-11.596447,-1.0923185,3,3,0,-4.617185,-1.1627907,-11.596447
498,BRD-A84045418,calpeptin,-3.1800141,-0.8104299,-1.0919881,3,3,0,-1.6941439,-1.0919881,-3.1800141
499,BRD-K89210380,biotin,-0.845666,-1.2332629,-1.0218464,3,3,0,-1.0335917,-1.0218464,-1.2332629
500,BRD-K79116891,proxymetacaine,-0.88090205,-6.8885207,-0.9976287,3,3,0,-2.9223506,-0.9976287,-6.8885207
501,BRD-K01192156,tyrphostin-AG-112,-72.90695,-0.9866103,-0.97095114,3,3,0,-24.95484,-0.9866103,-72.90695
502,BRD-A13084692,troglitazone,-0.9866103,-0.5637773,-3.6043563,3,3,0,-1.718248,-0.9866103,-3.6043563
503,BRD-K44442813,pidotimod,-0.8165735,-15.7680855,-0.95137423,3,3,0,-5.8453445,-0.95137423,-15.7680855
504,BRD-A15131297,benazepril,-0.422833,-0.88090205,-12.41252,3,3,0,-4.5720854,-0.88090205,-12.41252
505,BRD-K65285700,GP-1a,-0.7395559,-0.85304826,-27.417057,3,3,0,-9.669887,-0.85304826,-27.417057
506,BRD-A20527803,IB-MECA,-9.279743,-0.66948557,-0.845666,3,3,0,-3.5982983,-0.845666,-9.279743
507,BRD-A02006392,nitrendipine,-0.1761804,-0.845666,-1.726568,3,3,0,-0.9161381,-0.845666,-1.726568
508,BRD-K71726959,BRD-K71726959,-0.10570825,-3.488372,-0.66948557,3,3,0,-1.4211887,-0.66948557,-3.488372
509,BRD-K21733600,rofecoxib,-0.3667346,-1.5151515,-0.66948557,3,3,0,-0.8504572,-0.66948557,-1.5151515
510,BRD-K52219182,ICI-63197,-0.49330515,-0.63424945,-1.0218464,3,3,0,-0.71646696,-0.63424945,-1.0218464
511,BRD-K31542390,mycophenolic-acid,-0.31712472,-6.129409,-0.3875969,3,3,0,-2.2780435,-0.3875969,-6.129409
512,BRD-K50311478,tosyl-phenylalanyl-chloromethyl-ketone,-0.2114165,-0.31712472,-45.972115,3,3,0,-15.500218,-0.31712472,-45.972115
513,BRD-A41451487,PK-11195,-0.070472166,-0.31712472,-0.422833,3,3,0,-0.2701433,-0.31712472,-0.422833
514,BRD-K30867024,SB-216641,-0.24704206,-0.14094433,-0.95137423,3,3,0,-0.44645354,-0.24704206,-0.95137423
515,BRD-K18895904,olanzapine,0.74206495,-84.90932,-89.40762,3,2,0,-57.85829,-84.90932,-89.40762
516,BRD-K98521173,desoxycortone,0.0,-89.82852,-82.72086,3,2,0,-57.51646,-82.72086,-89.82852
517,BRD-K50938287,sumatriptan,0.25645813,-84.55716,-82.21489,3,2,0,-55.5052,-82.21489,-84.55716
518,BRD-K66876909,linezolid,0.0,-80.61222,-86.923904,3,2,0,-55.84538,-80.61222,-86.923904
519,BRD-K80527266,triacsin-c,0.0,-86.06775,-80.58071,3,2,0,-55.549488,-80.58071,-86.06775
520,BRD-A99177642,deltaline,2.0436928,-80.44774,-88.888916,3,2,0,-55.764324,-80.44774,-88.888916
521,BRD-K47328134,lysylphenylalanyl-tyrosine,0.0,-88.27896,-79.22655,3,2,0,-55.83517,-79.22655,-88.27896
522,BRD-K53959060,indirubin,0.0,-80.276474,-78.74434,3,2,0,-53.00694,-78.74434,-80.276474
523,BRD-A14985772,L-ascorbyl-6-palmitate,0.0,-77.96875,-83.93753,3,2,0,-53.96876,-77.96875,-83.93753
524,BRD-K05673000,dicloxacillin,0.0,-77.3276,-80.40938,3,2,0,-52.57899,-77.3276,-80.40938
525,BRD-A91555231,norepinephrine,0.0,-77.281006,-86.315674,3,2,0,-54.532227,-77.281006,-86.315674
526,BRD-K47635719,dexamethasone,0.0,-80.42497,-76.488884,3,2,0,-52.304615,-76.488884,-80.42497
527,BRD-K55991774,BAS-09104376,0.0,-75.29918,-76.458496,3,2,0,-50.58589,-75.29918,-76.458496
528,BRD-K94070024,depomedrol,0.0,-74.27258,-88.007034,3,2,0,-54.093204,-74.27258,-88.007034
529,BRD-K22429181,retinol,0.0,-76.66814,-74.16357,3,2,0,-50.277233,-74.16357,-76.66814
530,BRD-K15262564,mupirocin,0.0,-73.87024,-75.70762,3,2,0,-49.859283,-73.87024,-75.70762
531,BRD-A69636825,diltiazem,0.3875969,-85.20731,-71.527115,3,2,0,-52.115612,-71.527115,-85.20731
532,BRD-K07996107,harpagoside,0.0,-73.27785,-69.95901,3,2,0,-47.745617,-69.95901,-73.27785
533,BRD-K41160163,fenobam,0.0,-69.89353,-72.971214,3,2,0,-47.621582,-69.89353,-72.971214
534,BRD-K49519092,immethridine,0.422833,-81.91991,-69.51242,3,2,0,-50.3365,-69.51242,-81.91991
535,BRD-A17065207,brefeldin-a,1.726568,-69.44102,-74.413345,3,2,0,-47.375935,-69.44102,-74.413345
536,BRD-K46862739,metyrapone,0.0,-68.876465,-77.82456,3,2,0,-48.90034,-68.876465,-77.82456
537,BRD-K44779798,miglitol,0.0,-68.49797,-83.87938,3,2,0,-50.79245,-68.49797,-83.87938
538,BRD-K05926469,lenalidomide,0.0,-78.98073,-68.32484,3,2,0,-49.101856,-68.32484,-78.98073
539,BRD-K01779529,fluoropyruvate,0.0,-82.97991,-67.92009,3,2,0,-50.3,-67.92009,-82.97991
540,BRD-K11905747,spectinomycin,0.0,-67.43215,-82.52674,3,2,0,-49.986298,-67.43215,-82.52674
541,BRD-K74765201,tomelukast,2.7131784,-68.07604,-67.01769,3,2,0,-44.12685,-67.01769,-68.07604
542,BRD-M64432851,sunitinib,0.0,-70.36962,-66.35164,3,2,0,-45.57375,-66.35164,-70.36962
543,BRD-K51485625,ritonavir,0.0,-65.31005,-72.67488,3,2,0,-45.994976,-65.31005,-72.67488
544,BRD-K82846253,repaglinide,0.0,-71.47201,-64.0328,3,2,0,-45.16827,-64.0328,-71.47201
545,BRD-K97764662,PD-173074,0.033184495,-63.726395,-63.5877,3,2,0,-42.426968,-63.5877,-63.726395
546,BRD-K70401845,erlotinib,0.0,-63.33068,-67.6588,3,2,0,-43.66316,-63.33068,-67.6588
547,BRD-K53561341,aurora-a-inhibitor-i,0.0,-73.910484,-62.767788,3,2,0,-45.55942,-62.767788,-73.910484
548,BRD-K16618170,BRD-K16618170,0.0,-65.60508,-62.531555,3,2,0,-42.712208,-62.531555,-65.60508
549,BRD-A55815733,phylloquinone,0.0,-62.428043,-75.40692,3,2,0,-45.94499,-62.428043,-75.40692
550,BRD-K68336408,tyrphostin-AG-1478,0.5637773,-71.827805,-62.043922,3,2,0,-44.435986,-62.043922,-71.827805
551,BRD-A62035778,scopolamine,0.0,-69.300415,-60.806587,3,2,0,-43.369,-60.806587,-69.300415
552,BRD-M47937986,cefatrizine,2.185104,-60.511826,-62.38571,3,2,0,-40.237476,-60.511826,-62.38571
553,BRD-A32836748,leu-enkephalin,0.0,-60.088078,-66.97293,3,2,0,-42.35367,-60.088078,-66.97293
554,BRD-K33453211,levocabastine,0.3523608,-73.715904,-60.01484,3,2,0,-44.45946,-60.01484,-73.715904
555,BRD-K46068882,eugenitol,0.0,-70.06354,-59.25184,3,2,0,-43.10512,-59.25184,-70.06354
556,BRD-A48809242,IB-MECA,54.51072,-59.216393,-80.35489,3,2,0,-28.353523,-59.216393,-80.35489
557,BRD-K38055836,etamivan,0.0,-60.31506,-59.146484,3,2,0,-39.820515,-59.146484,-60.31506
558,BRD-A83855350,naltrexone,2.4199862,-58.617447,-76.01295,3,2,0,-44.07014,-58.617447,-76.01295
559,BRD-K55430733,WAY-629,0.0,-78.02915,-58.294052,3,2,0,-45.44107,-58.294052,-78.02915
560,BRD-K57179821,crotamiton,0.0,-66.877205,-58.276802,3,2,0,-41.718002,-58.276802,-66.877205
561,BRD-K40782193,QX-222,0.0,-58.220947,-63.14115,3,2,0,-40.454033,-58.220947,-63.14115
562,BRD-K24656285,farnesol,0.0,-57.9373,-61.99803,3,2,0,-39.978443,-57.9373,-61.99803
563,BRD-K80778372,Ro-19-4605,0.0,-81.982765,-57.59342,3,2,0,-46.525394,-57.59342,-81.982765
564,BRD-A61858259,CAY-10415,0.0,-57.485313,-66.52255,3,2,0,-41.335957,-57.485313,-66.52255
565,BRD-K48300629,zonisamide,,-62.1969,-51.886986,2,2,0,-57.041943,-57.041943,-62.1969
566,BRD-A32161980,carbetocin,0.0,-61.636898,-56.606857,3,2,0,-39.414585,-56.606857,-61.636898
567,BRD-K35559145,levomepromazine,0.0,-63.420815,-55.351845,3,2,0,-39.590885,-55.351845,-63.420815
568,BRD-K23913458,coumarin,0.0,-73.187294,-54.808727,3,2,0,-42.66534,-54.808727,-73.187294
569,BRD-K83963101,MLN-8054,0.0,-68.58604,-54.645096,3,2,0,-41.077045,-54.645096,-68.58604
570,BRD-K05658747,raltegravir,0.0,-69.030594,-54.236267,3,2,0,-41.088955,-54.236267,-69.030594
571,BRD-K54529596,captopril,0.0,-59.514263,-54.21976,3,2,0,-37.911343,-54.21976,-59.514263
572,BRD-K38003476,clocortolone-pivalate,0.0,-53.92564,-58.941776,3,2,0,-37.62247,-53.92564,-58.941776
573,BRD-K92984783,melperone,0.0,-62.51078,-53.639404,3,2,0,-38.71673,-53.639404,-62.51078
574,BRD-K13725475,rhodomyrtoxin,0.0,-58.177826,-53.618755,3,2,0,-37.26553,-53.618755,-58.177826
575,BRD-K80725821,RS-16566,0.0,-54.284805,-53.37038,3,2,0,-35.88506,-53.37038,-54.284805
576,BRD-K46142322,RS-67333,0.9161381,-65.3178,-53.303467,3,2,0,-39.235043,-53.303467,-65.3178
577,BRD-K15402119,huperzine-a,0.0,-75.77251,-52.409527,3,2,0,-42.727345,-52.409527,-75.77251
578,BRD-K39746403,erythromycin-estolate,0.0,-52.3122,-65.40538,3,2,0,-39.239193,-52.3122,-65.40538
579,BRD-K77641333,naphazoline,0.0,-55.244522,-52.098797,3,2,0,-35.78111,-52.098797,-55.244522
580,BRD-K47659338,EMD-386088,0.0,-51.261566,-52.884872,3,2,0,-34.71548,-51.261566,-52.884872
581,BRD-K20152659,dihomo-gamma-linolenic-acid,3.8881712,-52.611137,-50.31524,3,2,0,-33.012737,-50.31524,-52.611137
582,BRD-K36055864,cycloheximide,0.0,-48.75512,-67.59605,3,2,0,-38.783722,-48.75512,-67.59605
583,BRD-K94830329,ataluren,0.0,-48.34629,-66.52366,3,2,0,-38.28998,-48.34629,-66.52366
584,BRD-A04668240,CGP-52432,0.0,-60.776894,-48.040817,3,2,0,-36.27257,-48.040817,-60.776894
585,BRD-K40530731,hyoscyamine,0.0,-60.860374,-47.63303,3,2,0,-36.16447,-47.63303,-60.860374
586,BRD-K52620403,STO-609,0.0,-70.18081,-47.466537,3,2,0,-39.215782,-47.466537,-70.18081
587,BRD-K63915849,AS-604850,0.0,-47.437893,-68.0728,3,2,0,-38.503567,-47.437893,-68.0728
588,BRD-A01787639,naftopidil,0.0,-62.313675,-47.10041,3,2,0,-36.471363,-47.10041,-62.313675
589,BRD-K47943470,tyrphostin-51,0.0,-46.91066,-46.95275,3,2,0,-31.287804,-46.91066,-46.95275
590,BRD-K98426715,tubacin,0.0,-46.54914,-61.754417,3,2,0,-36.101185,-46.54914,-61.754417
591,BRD-K57886322,fluocinonide,14.823251,-46.389793,-56.89367,3,2,0,-29.486738,-46.389793,-56.89367
592,BRD-K33204703,AG-370,0.0,-46.256927,-52.133236,3,2,0,-32.796722,-46.256927,-52.133236
593,BRD-A37817666,picrotoxin,0.0,-64.13039,-46.148685,3,2,0,-36.75969,-46.148685,-64.13039
594,BRD-K01649396,indatraline,36.00622,-46.112965,-46.786606,3,2,0,-18.964449,-46.112965,-46.786606
595,BRD-K08806317,timolol,0.0,-45.919903,-47.8649,3,2,0,-31.261602,-45.919903,-47.8649
596,BRD-A59808129,guggulsterone,0.0,-45.736454,-65.7562,3,2,0,-37.16422,-45.736454,-65.7562
597,BRD-K00824317,fludroxycortide,0.0,-45.678276,-68.371895,3,2,0,-38.016724,-45.678276,-68.371895
598,BRD-A76019558,ketoconazole,14.486939,-45.663555,-51.068428,3,2,0,-27.415014,-45.663555,-51.068428
599,BRD-K17349619,HLI-373,1.5503876,-45.57664,-59.431763,3,2,0,-34.486008,-45.57664,-59.431763
600,BRD-K57930253,nitrazepam,0.0,-81.4769,-45.404686,3,2,0,-42.29386,-45.404686,-81.4769
601,BRD-K40892394,AR-C133057XX,0.0,-71.732864,-45.36782,3,2,0,-39.03356,-45.36782,-71.732864
602,BRD-K32977963,eugenol,3.8407328,-44.93273,-61.269627,3,2,0,-34.12054,-44.93273,-61.269627
603,BRD-K28667196,fillalbin,0.0,-44.741264,-57.704254,3,2,0,-34.148506,-44.741264,-57.704254
604,BRD-K30570479,VU-0400195-3,0.0,-62.669506,-44.594543,3,2,0,-35.754684,-44.594543,-62.669506
605,BRD-A50737080,CGK-733,2.0084567,-57.767708,-44.329273,3,2,0,-33.362843,-44.329273,-57.767708
606,BRD-A56359832,zileuton,0.2114165,-44.116383,-48.836212,3,2,0,-30.913725,-44.116383,-48.836212
607,BRD-K16551401,PNU-22394,0.0,-43.88552,-60.601,3,2,0,-34.828842,-43.88552,-60.601
608,BRD-A48261811,argatroban,0.14094433,-43.634808,-44.706135,3,2,0,-29.4,-43.634808,-44.706135
609,BRD-K01612348,meropenem,1.0903685,-73.15614,-43.405518,3,2,0,-38.49043,-43.405518,-73.15614
610,BRD-A26787626,cyclopiazonic-acid,0.0,-43.297382,-61.329903,3,2,0,-34.875763,-43.297382,-61.329903
611,BRD-A35338386,NECA,3.1673129,-55.805313,-43.045013,3,2,0,-31.894339,-43.045013,-55.805313
612,BRD-K55703048,latrepirdine,0.0,-61.06723,-42.907585,3,2,0,-34.65827,-42.907585,-61.06723
613,BRD-K68246049,TTNPB,0.0,-63.73111,-42.60437,3,2,0,-35.44516,-42.60437,-63.73111
614,BRD-A70461345,naloxone,0.0,-65.14291,-42.27452,3,2,0,-35.80581,-42.27452,-65.14291
615,BRD-A93048969,BRD-A93048969,0.0,-41.836624,-42.373035,3,2,0,-28.069885,-41.836624,-42.373035
616,BRD-K41143549,N20C,15.728773,-71.683685,-41.83525,3,2,0,-32.59672,-41.83525,-71.683685
617,BRD-A75552914,isoxicam,1.4094433,-69.17119,-41.748665,3,2,0,-36.503468,-41.748665,-69.17119
618,BRD-K67831364,ZM-323881,1.1627907,-46.595947,-41.590137,3,2,0,-29.007765,-41.590137,-46.595947
619,BRD-A32164164,methyllycaconitine,0.0,-41.552067,-43.47993,3,2,0,-28.344,-41.552067,-43.47993
620,BRD-K18905250,ST-91,0.0,-55.351,-41.50965,3,2,0,-32.286884,-41.50965,-55.351
621,BRD-K04146668,GW-441756,0.0,-58.31234,-41.390285,3,2,0,-33.234207,-41.390285,-58.31234
622,BRD-K00317371,RITA,0.0,-45.81842,-41.05004,3,2,0,-28.956154,-41.05004,-45.81842
623,BRD-A90311807,cilastatin,0.0,-40.759197,-63.78868,3,2,0,-34.849293,-40.759197,-63.78868
624,BRD-K64451768,GANT-58,-40.37555,40.60208,-56.19536,3,2,0,-18.656275,-40.37555,-56.19536
625,BRD-A15493168,tetracycline,0.0,-45.202026,-40.327312,3,2,0,-28.50978,-40.327312,-45.202026
626,BRD-A06390036,hydroquinidine,0.0,-40.102448,-64.49429,3,2,0,-34.86558,-40.102448,-64.49429
627,BRD-K02715688,"hydrastine-(1r,-9s)",0.0,-40.05471,-42.078842,3,2,0,-27.377851,-40.05471,-42.078842
628,BRD-K48427617,U-0124,0.0,-39.553844,-71.94356,3,2,0,-37.165802,-39.553844,-71.94356
629,BRD-K04833372,GSK-1904529A,0.0,-49.071552,-39.54657,3,2,0,-29.539373,-39.54657,-49.071552
630,BRD-K79437791,acetyl-farnesyl-cysteine,0.0,-39.310402,-42.336433,3,2,0,-27.215612,-39.310402,-42.336433
631,BRD-K97330509,SRC-kinase-inhibitor-II,0.0,-49.818542,-38.740005,3,2,0,-29.519516,-38.740005,-49.818542
632,BRD-K49519144,LY-2140023,0.0,-38.500805,-49.418,3,2,0,-29.306269,-38.500805,-49.418
633,BRD-K27499107,carbacyclin,0.0,-42.648,-38.385857,3,2,0,-27.011286,-38.385857,-42.648
634,BRD-K77625572,etomoxir,0.0,-52.31215,-38.2183,3,2,0,-30.176817,-38.2183,-52.31215
635,BRD-K87226815,cycloserine-(d),-38.19686,3.0456147,-80.090904,3,2,0,-38.41405,-38.19686,-80.090904
636,BRD-K29113274,ketoconazole,0.0,-38.17706,-51.334213,3,2,0,-29.837091,-38.17706,-51.334213
637,BRD-A38913120,BH3I-1,0.0,-42.117878,-38.170883,3,2,0,-26.762918,-38.170883,-42.117878
638,BRD-K82731415,olomoucine,2.0084567,-41.275345,-37.943428,3,2,0,-25.736773,-37.943428,-41.275345
639,BRD-K72264770,QW-BI-011,0.0,-37.836708,-74.16712,3,2,0,-37.33461,-37.836708,-74.16712
640,BRD-A42346008,metanephrine,0.0,-37.53832,-68.01175,3,2,0,-35.183353,-37.53832,-68.01175
641,BRD-K64245000,GW-4064,0.0,-37.294754,-41.28787,3,2,0,-26.194208,-37.294754,-41.28787
642,BRD-A24228527,ofloxacin,4.5454545,-58.85514,-37.287704,3,2,0,-30.532463,-37.287704,-58.85514
643,BRD-K31627533,rimexolone,0.0,-39.204544,-37.072025,3,2,0,-25.425522,-37.072025,-39.204544
644,BRD-K14880289,GW-501516,2.9598308,-36.660625,-44.85285,3,2,0,-26.184547,-36.660625,-44.85285
645,BRD-A98378129,talniflumate,0.0,-36.3101,-36.302643,3,2,0,-24.204248,-36.302643,-36.3101
646,BRD-K15563106,phloretin,0.0,-37.116245,-36.24877,3,2,0,-24.455008,-36.24877,-37.116245
647,BRD-K19533706,tranilast,0.0,-48.171482,-36.17969,3,2,0,-28.117058,-36.17969,-48.171482
648,BRD-K89152108,liothyronine,0.0,-36.09951,-53.624916,3,2,0,-29.908142,-36.09951,-53.624916
649,BRD-K06024458,N-arachidonyl-GABA,0.0,-36.093826,-50.313255,3,2,0,-28.80236,-36.093826,-50.313255
650,BRD-K41895714,AS-605240,0.0,-35.727528,-42.651196,3,2,0,-26.126242,-35.727528,-42.651196
651,BRD-K07265709,dexrazoxane,0.0,-35.518402,-48.658905,3,2,0,-28.059103,-35.518402,-48.658905
652,BRD-K74763371,bosentan,0.0,-35.480804,-41.29679,3,2,0,-25.592531,-35.480804,-41.29679
653,BRD-A35623999,CGP-37157,0.0,-36.261013,-35.42973,3,2,0,-23.896914,-35.42973,-36.261013
654,BRD-K43149758,myricetin,0.0,-43.03753,-35.27192,3,2,0,-26.10315,-35.27192,-43.03753
655,BRD-A39268308,epibatidine,12.256795,-34.56698,-39.197807,3,2,0,-20.502665,-34.56698,-39.197807
656,BRD-K13819402,desoxypeganine,0.0,-51.310387,-34.381584,3,2,0,-28.56399,-34.381584,-51.310387
657,BRD-A29731977,17-hydroxyprogesterone-caproate,4.3382473,-33.954266,-37.235554,3,2,0,-22.283857,-33.954266,-37.235554
658,BRD-K24994810,androstenol,0.0,-43.960052,-33.631954,3,2,0,-25.864004,-33.631954,-43.960052
659,BRD-A66395008,parthenolide,0.0,-68.24616,-33.34642,3,2,0,-33.864193,-33.34642,-68.24616
660,BRD-A28318179,aminomethyltransferase,0.0,-58.428802,-33.192497,3,2,0,-30.540434,-33.192497,-58.428802
661,BRD-A50157456,terbutaline,0.0,-42.802612,-33.100636,3,2,0,-25.30108,-33.100636,-42.802612
662,BRD-K49807096,benazepril,0.0,-33.011806,-36.454567,3,2,0,-23.155457,-33.011806,-36.454567
663,BRD-A98725278,methysergide,1.0218464,-32.92247,-49.065937,3,2,0,-26.988853,-32.92247,-49.065937
664,BRD-A16665823,butoconazole,0.0,-50.78263,-32.632442,3,2,0,-27.805023,-32.632442,-50.78263
665,BRD-K05464208,JX-401,1.5856236,-32.274944,-53.875427,3,2,0,-28.18825,-32.274944,-53.875427
666,BRD-A47706533,buthionine-sulfoximine,3.3474278,-32.15024,-40.63105,3,2,0,-23.144623,-32.15024,-40.63105
667,BRD-K11742128,triprolidine,0.0,-44.621677,-32.13557,3,2,0,-25.585749,-32.13557,-44.621677
668,BRD-A49765801,fludroxycortide,-32.036926,19.830887,-73.84587,3,2,0,-28.68397,-32.036926,-73.84587
669,BRD-A17819071,gedunin,0.0,-31.732721,-33.6379,3,2,0,-21.790207,-31.732721,-33.6379
670,BRD-K79759585,sildenafil,0.0,-31.675108,-41.7917,3,2,0,-24.488935,-31.675108,-41.7917
671,BRD-K51557114,BRD-K51557114,0.0,-59.698788,-31.666016,3,2,0,-30.454935,-31.666016,-59.698788
672,BRD-K66206289,lobeline,0.0,-56.985126,-31.288265,3,2,0,-29.424463,-31.288265,-56.985126
673,BRD-K21971034,OM-137,0.0,-39.54982,-31.160496,3,2,0,-23.570105,-31.160496,-39.54982
674,BRD-A65615053,zacopride,0.0,-31.032137,-37.04361,3,2,0,-22.691916,-31.032137,-37.04361
675,BRD-K00337317,NU-7441,59.751762,-31.649963,-31.00857,3,2,0,-0.9689229,-31.00857,-31.649963
676,BRD-K50128260,sildenafil,-30.81438,23.593685,-35.802013,3,2,0,-14.340903,-30.81438,-35.802013
677,BRD-K33818169,GW-3965,0.0,-30.765442,-79.12559,3,2,0,-36.630344,-30.765442,-79.12559
678,BRD-A89672324,CGP-55845,2.4660928,-37.834663,-30.683111,3,2,0,-22.017227,-30.683111,-37.834663
679,BRD-K46419649,U0126,0.0,-30.673542,-49.501297,3,2,0,-26.724945,-30.673542,-49.501297
680,BRD-A83859836,tropisetron,0.0,-30.598743,-34.943005,3,2,0,-21.84725,-30.598743,-34.943005
681,BRD-K73824630,skatole,2.3255813,-30.488573,-35.980846,3,2,0,-21.381279,-30.488573,-35.980846
682,BRD-A88282067,delcorine,0.0,-30.283558,-31.832285,3,2,0,-20.705282,-30.283558,-31.832285
683,BRD-A84389633,"tropanyl-3,5-dimethylbenzoate",0.0,-43.808662,-30.150549,3,2,0,-24.65307,-30.150549,-43.808662
684,BRD-K94379058,BML-190,0.0,-30.005325,-45.187325,3,2,0,-25.064217,-30.005325,-45.187325
685,BRD-K19687926,lapatinib,4.2283297,-29.981476,-33.70385,3,2,0,-19.818998,-29.981476,-33.70385
686,BRD-K05395900,nicotine,0.0,-29.822062,-33.410217,3,2,0,-21.077425,-29.822062,-33.410217
687,BRD-K76568384,PHTPP,0.0,-40.98928,-29.790054,3,2,0,-23.593111,-29.790054,-40.98928
688,BRD-K07507905,BRL-37344,2.1390076,-50.6339,-29.76096,3,2,0,-26.085283,-29.76096,-50.6339
689,BRD-K75181824,acetyl-geranygeranyl-cysteine,0.0,-29.757202,-49.91794,3,2,0,-26.55838,-29.757202,-49.91794
690,BRD-K35586044,yohimbine,-29.571936,7.1214485,-55.19639,3,2,0,-25.882292,-29.571936,-55.19639
691,BRD-A73680854,PT-630,0.0,-61.37095,-29.17036,3,2,0,-30.180435,-29.17036,-61.37095
692,BRD-K74284736,L-689560,0.0,-29.140152,-48.108566,3,2,0,-25.749573,-29.140152,-48.108566
693,BRD-A13807286,HA-14-1,0.0,-29.018906,-39.85208,3,2,0,-22.956995,-29.018906,-39.85208
694,BRD-K82823076,Ro-15-4513,0.0,-32.754883,-28.827978,3,2,0,-20.52762,-28.827978,-32.754883
695,BRD-A74667430,etodolac,0.0,-28.81624,-34.381855,3,2,0,-21.066032,-28.81624,-34.381855
696,BRD-K92731339,perindopril,0.0,-28.790184,-31.557276,3,2,0,-20.11582,-28.790184,-31.557276
697,BRD-A90515964,guaifenesin,5.2854123,-33.734035,-28.507076,3,2,0,-18.985233,-28.507076,-33.734035
698,BRD-K09907482,PRL-3-inhibitor-I,0.0,-28.334888,-56.150528,3,2,0,-28.161804,-28.334888,-56.150528
699,BRD-K15588452,R-96544,0.0,-33.61164,-28.266857,3,2,0,-20.626165,-28.266857,-33.61164
700,BRD-K62736196,guanaben-acetate,1.4799154,-28.191992,-32.845947,3,2,0,-19.852674,-28.191992,-32.845947
701,BRD-K62982419,cilomilast,0.0,-28.168953,-49.001534,3,2,0,-25.723495,-28.168953,-49.001534
702,BRD-K62206109,VUF-5681,0.0,-44.70848,-28.024551,3,2,0,-24.244345,-28.024551,-44.70848
703,BRD-K45542189,diethylcarbamazine,0.0,-27.474222,-35.812645,3,2,0,-21.095621,-27.474222,-35.812645
704,BRD-K17294426,clebopride,0.0,-27.415348,-53.37422,3,2,0,-26.929855,-27.415348,-53.37422
705,BRD-K01555864,dibenzoylmethane,0.0,-27.358181,-39.31601,3,2,0,-22.224731,-27.358181,-39.31601
706,BRD-K82484965,carmoxirole,0.0,-45.74634,-27.207825,3,2,0,-24.318054,-27.207825,-45.74634
707,BRD-K70778732,trazodone,0.0,-27.102394,-33.449554,3,2,0,-20.183983,-27.102394,-33.449554
708,BRD-K95237249,probenecid,0.0,-31.417057,-26.968525,3,2,0,-19.46186,-26.968525,-31.417057
709,BRD-K49404994,levetiracetam,-39.240078,37.524162,-26.915934,3,2,0,-9.54395,-26.915934,-39.240078
710,BRD-K47693913,evoxine,8.851402,-55.430977,-26.826473,3,2,0,-24.468681,-26.826473,-55.430977
711,BRD-K77554836,triamcinolone,0.0,-58.44328,-26.611897,3,2,0,-28.351725,-26.611897,-58.44328
712,BRD-K61480498,epoxycholesterol,0.0,-30.93436,-26.252424,3,2,0,-19.062262,-26.252424,-30.93436
713,BRD-K37130656,rivaroxaban,0.0,-25.94101,-26.29311,3,2,0,-17.411373,-25.94101,-26.29311
714,BRD-K12516989,zaprinast,-25.771702,28.331404,-26.394028,3,2,0,-7.944775,-25.771702,-26.394028
715,BRD-K50859149,sulfafurazole,0.0,-57.222908,-25.700289,3,2,0,-27.641066,-25.700289,-57.222908
716,BRD-A71009679,KU-C103420N,0.0,-55.45828,-25.51225,3,2,0,-26.990175,-25.51225,-55.45828
717,BRD-K56558538,ambroxol,0.0,-40.88928,-25.43344,3,2,0,-22.107573,-25.43344,-40.88928
718,BRD-K38449220,seneciphylline,0.0,-25.412443,-35.879913,3,2,0,-20.430786,-25.412443,-35.879913
719,BRD-K64935403,ebelactone-b,0.0,-57.471878,-25.305063,3,2,0,-27.592314,-25.305063,-57.471878
720,BRD-K95309561,dienestrol,0.0,-52.34147,-25.26136,3,2,0,-25.867609,-25.26136,-52.34147
721,BRD-K70301876,escitalopram,0.49330515,-25.230179,-38.13542,3,2,0,-20.957432,-25.230179,-38.13542
722,BRD-K01663662,diphenidol,2.871008,-47.119408,-25.006779,3,2,0,-23.08506,-25.006779,-47.119408
723,BRD-K91696562,orantinib,0.0,-24.911058,-70.38097,3,2,0,-31.764008,-24.911058,-70.38097
724,BRD-K21317336,phentolamine,0.0,-30.546143,-24.894548,3,2,0,-18.48023,-24.894548,-30.546143
725,BRD-A33833419,TER-14687,2.0436928,-38.197998,-24.588995,3,2,0,-20.247766,-24.588995,-38.197998
726,BRD-U94846492,quinine,0.0,-24.529684,-35.65258,3,2,0,-20.060755,-24.529684,-35.65258
727,BRD-K40578143,GR-79236,0.0,-26.346745,-24.50085,3,2,0,-16.949198,-24.50085,-26.346745
728,BRD-K35498378,alrestatin,0.0,-39.73407,-24.017761,3,2,0,-21.25061,-24.017761,-39.73407
729,BRD-A22032524,amlodipine,0.28188866,-44.940056,-23.941702,3,2,0,-22.866623,-23.941702,-44.940056
730,BRD-K85402309,dovitinib,0.0,-30.472153,-23.390799,3,2,0,-17.954317,-23.390799,-30.472153
731,BRD-K57545991,enalapril,0.0,-46.14501,-23.03291,3,2,0,-23.059305,-23.03291,-46.14501
732,BRD-K78280988,anandamide,0.0,-32.59797,-22.611767,3,2,0,-18.403246,-22.611767,-32.59797
733,BRD-K03670461,tyrphostin-AG-82,0.0,-40.5991,-22.547417,3,2,0,-21.048838,-22.547417,-40.5991
734,BRD-K15522385,cinanserin,0.0,-22.269226,-26.44158,3,2,0,-16.236937,-22.269226,-26.44158
735,BRD-K50018155,RS-67506,1.9732206,-22.194489,-38.662086,3,2,0,-19.627785,-22.194489,-38.662086
736,BRD-K21672174,Ro-28-1675,0.0,-34.97466,-21.937473,3,2,0,-18.97071,-21.937473,-34.97466
737,BRD-K84085265,CG-930,0.0,-21.909416,-26.433435,3,2,0,-16.114283,-21.909416,-26.433435
738,BRD-K93618743,ipriflavone,0.0,-25.286594,-21.760155,3,2,0,-15.68225,-21.760155,-25.286594
739,BRD-K80396088,gliquidone,0.0,-21.724623,-30.7157,3,2,0,-17.480108,-21.724623,-30.7157
740,BRD-A09472452,flecainide,0.0,-32.143135,-21.387756,3,2,0,-17.84363,-21.387756,-32.143135
741,BRD-K28452084,BRD-K28452084,-22.119246,32.071117,-21.079924,3,2,0,-3.7093506,-21.079924,-22.119246
742,BRD-A38030642,cyclosporin-a,8.785809,-38.283497,-21.0208,3,2,0,-16.839497,-21.0208,-38.283497
743,BRD-K93176058,AC-55649,0.0,-21.009426,-37.437927,3,2,0,-19.48245,-21.009426,-37.437927
744,BRD-A05680309,BRD-A05680309,0.0,-20.738321,-28.278618,3,2,0,-16.33898,-20.738321,-28.278618
745,BRD-K49027941,PSB-1115,0.0,-30.926748,-20.696781,3,2,0,-17.207842,-20.696781,-30.926748
746,BRD-K18787491,U-0126,0.0,-20.46073,-21.814728,3,2,0,-14.09182,-20.46073,-21.814728
747,BRD-K95739795,tetrabenazine,0.0,-35.646782,-19.934326,3,2,0,-18.527037,-19.934326,-35.646782
748,BRD-A93255169,thalidomide,0.0,-19.807978,-24.280853,3,2,0,-14.696277,-19.807978,-24.280853
749,BRD-K06817181,"1,2,3,4,5,6-hexabromocyclohexane",0.0,-19.706755,-30.655073,3,2,0,-16.787275,-19.706755,-30.655073
750,BRD-K83153774,mirtazapine,12.717055,-25.91613,-19.57811,3,2,0,-10.925728,-19.57811,-25.91613
751,BRD-K10176267,L-701252,2.8689618,-19.549429,-19.975279,3,2,0,-12.218582,-19.549429,-19.975279
752,BRD-K93258693,GW-9662,0.0,-25.939274,-19.525488,3,2,0,-15.15492,-19.525488,-25.939274
753,BRD-U97083655,teicoplanin,2.7836504,-30.491318,-19.261986,3,2,0,-15.656551,-19.261986,-30.491318
754,BRD-K67013324,luzindole,1.726568,-19.20387,-20.814861,3,2,0,-12.764054,-19.20387,-20.814861
755,BRD-K26373640,IKK-2-inhibitor,0.0,-19.180298,-33.437637,3,2,0,-17.539312,-19.180298,-33.437637
756,BRD-K51033547,tramadol,0.0,-19.17813,-25.932953,3,2,0,-15.037028,-19.17813,-25.932953
757,BRD-K54416256,methimazole,0.0,-20.664387,-19.17357,3,2,0,-13.27932,-19.17357,-20.664387
758,BRD-K83289131,CAY-10618,1.7618041,-19.009396,-53.057034,3,2,0,-23.434875,-19.009396,-53.057034
759,BRD-K00662280,CL-218872,0.0,-22.977943,-18.940166,3,2,0,-13.972703,-18.940166,-22.977943
760,BRD-K54210043,NS-1619,0.0,-34.515903,-18.887526,3,2,0,-17.801142,-18.887526,-34.515903
761,BRD-K56658166,BRD-K56658166,82.4526,-18.27004,-21.80874,3,2,0,14.124606,-18.27004,-21.80874
762,BRD-K84175871,pseudoephedrine,0.0,-18.180683,-29.181225,3,2,0,-15.787303,-18.180683,-29.181225
763,BRD-K86682249,BRD-K86682249,0.023748787,-18.802755,-18.120808,3,2,0,-12.299937,-18.120808,-18.802755
764,BRD-A65597028,RX-821002,0.0,-18.120504,-34.73388,3,2,0,-17.618128,-18.120504,-34.73388
765,BRD-K59851896,calycanthine,0.0,-25.316456,-17.68875,3,2,0,-14.335068,-17.68875,-25.316456
766,BRD-M07438658,lapatinib,0.0,-31.599869,-17.663248,3,2,0,-16.421038,-17.663248,-31.599869
767,BRD-K16233984,eriochrome-black-t,0.0,-17.544893,-28.73814,3,2,0,-15.427678,-17.544893,-28.73814
768,BRD-K54314721,zolmitriptan,0.022398632,-31.314537,-17.543356,3,2,0,-16.278498,-17.543356,-31.314537
769,BRD-K64610608,EMF-BCA1-57,0.5285412,-17.123022,-30.978567,3,2,0,-15.857682,-17.123022,-30.978567
770,BRD-K21009077,BRD-K21009077,0.0,-21.81854,-17.008041,3,2,0,-12.942195,-17.008041,-21.81854
771,BRD-K31553034,zibotentan,1.303735,-31.146858,-16.992252,3,2,0,-15.611793,-16.992252,-31.146858
772,BRD-K16604360,BRD-K16604360,0.15738124,-27.72072,-16.837446,3,2,0,-14.8002615,-16.837446,-27.72072
773,BRD-A10303790,talampicillin,0.0,-16.734034,-23.00366,3,2,0,-13.245898,-16.734034,-23.00366
774,BRD-K11433652,aspirin,-16.641079,-75.0353,0.0,3,2,0,-30.558792,-16.641079,-75.0353
775,BRD-K51730347,diphencyprone,0.96141523,-21.77451,-16.552792,3,2,0,-12.455296,-16.552792,-21.77451
776,BRD-A25143711,hydrocortisone-valerate,0.0,-23.299532,-16.54372,3,2,0,-13.281085,-16.54372,-23.299532
777,BRD-K92758126,MD-920,-20.548977,34.781555,-16.468128,3,2,0,-0.7451833,-16.468128,-20.548977
778,BRD-K51941867,LM-1685,0.0,-30.872517,-16.454449,3,2,0,-15.775655,-16.454449,-30.872517
779,BRD-A43849199,karakoline,-16.167942,25.222265,-21.997152,3,2,0,-4.314276,-16.167942,-21.997152
780,BRD-K41051431,mecillinam,2.7131784,-32.87681,-16.024307,3,2,0,-15.39598,-16.024307,-32.87681
781,BRD-A97104540,fenoterol,0.0,-35.289974,-15.978283,3,2,0,-17.089418,-15.978283,-35.289974
782,BRD-K68867920,quetiapine,0.023232747,-20.120665,-15.8738785,3,2,0,-11.9904375,-15.8738785,-20.120665
783,BRD-K43880410,pregnenolone,0.0,-60.304565,-15.854885,3,2,0,-25.386484,-15.854885,-60.304565
784,BRD-A26199074,calmidazolium,3.000068,-15.833775,-17.101383,3,2,0,-9.978363,-15.833775,-17.101383
785,BRD-K46652470,nizatidine,0.0,-15.810411,-26.80111,3,2,0,-14.203839,-15.810411,-26.80111
786,BRD-K39520573,GW-5074,2.2903454,-41.32254,-15.574613,3,2,0,-18.202269,-15.574613,-41.32254
787,BRD-K70883034,nimetazepam,0.0,-15.535405,-56.939976,3,2,0,-24.15846,-15.535405,-56.939976
788,BRD-A74269027,isoxsuprine,0.0,-15.47002,-16.242676,3,2,0,-10.570899,-15.47002,-16.242676
789,BRD-A55756846,H-7,0.0,-32.77042,-15.438509,3,2,0,-16.069643,-15.438509,-32.77042
790,BRD-K20313525,rosmarinic-acid,0.0,-15.409084,-27.93029,3,2,0,-14.446458,-15.409084,-27.93029
791,BRD-K77793136,hydroxyfasudil,0.0,-45.20728,-15.369286,3,2,0,-20.192188,-15.369286,-45.20728
792,BRD-A56245458,reichstein,0.0,-21.196735,-15.324914,3,2,0,-12.1738825,-15.324914,-21.196735
793,BRD-K54790157,trioxsalen,0.0,-22.244423,-15.280796,3,2,0,-12.508407,-15.280796,-22.244423
794,BRD-K61097567,SB-218795,0.0,-18.610065,-15.247704,3,2,0,-11.285923,-15.247704,-18.610065
795,BRD-K26979635,NS-3694,0.0,-30.994476,-15.185964,3,2,0,-15.393479,-15.185964,-30.994476
796,BRD-K60690191,MPEP,0.0,-76.639565,-15.162719,3,2,0,-30.600761,-15.162719,-76.639565
797,BRD-A75517195,thiazolopyrimidine,-15.152716,5.240394,-26.256615,3,2,0,-12.056313,-15.152716,-26.256615
798,BRD-K37456065,VU-0365114-2,0.0,-15.150288,-29.919231,3,2,0,-15.023173,-15.150288,-29.919231
799,BRD-K10573841,tunicamycin,12.512357,-15.148933,-38.23943,3,2,0,-13.625336,-15.148933,-38.23943
800,BRD-K26521938,dinoprostone,0.0,-15.081528,-29.005198,3,2,0,-14.695575,-15.081528,-29.005198
801,BRD-A75455249,kavain,0.0,-14.973498,-16.929043,3,2,0,-10.634181,-14.973498,-16.929043
802,BRD-K85119730,tolbutamide,0.0,-22.513252,-14.863995,3,2,0,-12.459083,-14.863995,-22.513252
803,BRD-K09900591,caffeic-acid,0.0,-38.95047,-14.783591,3,2,0,-17.911354,-14.783591,-38.95047
804,BRD-K81709173,halcinonide,1.2684989,-14.737691,-46.60878,3,2,0,-20.025991,-14.737691,-46.60878
805,BRD-A83081521,finasteride,0.0,-58.4018,-14.556753,3,2,0,-24.319517,-14.556753,-58.4018
806,BRD-K48115423,2-(4-methoxybenzylthio)-6-methylpyrimidin-4-ol,0.0,-37.311516,-14.541876,3,2,0,-17.284464,-14.541876,-37.311516
807,BRD-K77390737,xanthohumol,11.379644,-48.7802,-14.538889,3,2,0,-17.313148,-14.538889,-48.7802
808,BRD-K07859598,GW-5074,0.0,-14.430531,-25.599953,3,2,0,-13.343494,-14.430531,-25.599953
809,BRD-A44090213,indoprofen,0.0,-34.81919,-14.352799,3,2,0,-16.390663,-14.352799,-34.81919
810,BRD-K10177585,PSB-11,-40.056114,46.00045,-14.307788,3,2,0,-2.7878177,-14.307788,-40.056114
811,BRD-K32292990,CGP-53353,5.667893,-14.274622,-26.929258,3,2,0,-11.845329,-14.274622,-26.929258
812,BRD-A84493640,atovaquone,56.658783,-14.250115,-55.526512,3,2,0,-4.3726144,-14.250115,-55.526512
813,BRD-K38775274,dexamethasone,0.035236083,-14.158325,-24.61594,3,2,0,-12.91301,-14.158325,-24.61594
814,BRD-K17693482,BRD-K17693482,0.0,-17.823586,-14.120054,3,2,0,-10.64788,-14.120054,-17.823586
815,BRD-A56987319,SQ-22536,0.0,-17.77659,-14.076845,3,2,0,-10.617812,-14.076845,-17.77659
816,BRD-K40742111,baeomycesic-acid,-14.007999,-36.773888,20.886703,3,2,0,-9.965061,-14.007999,-36.773888
817,BRD-K91701654,U-0126,0.7047216,-16.664555,-13.887339,3,2,0,-9.949058,-13.887339,-16.664555
818,BRD-K81062487,taurocholic-acid,4.580691,-22.325144,-13.774456,3,2,0,-10.506304,-13.774456,-22.325144
819,BRD-K10670311,sulfasalazine,-18.050606,23.27678,-13.740946,3,2,0,-2.8382576,-13.740946,-18.050606
820,BRD-A41630653,BRD-A41630653,0.0,-40.289722,-13.717612,3,2,0,-18.002445,-13.717612,-40.289722
821,BRD-A07000685,hydrocortisone-hemisuccinate,0.0,-13.6574745,-21.510254,3,2,0,-11.722576,-13.6574745,-21.510254
822,BRD-A80383043,4-carboxy-3-hydroxyphenylglycine-(RS),0.0,-26.860548,-13.612007,3,2,0,-13.490852,-13.612007,-26.860548
823,BRD-K08703257,3-amino-benzamide,0.0,-21.064146,-13.528574,3,2,0,-11.530907,-13.528574,-21.064146
824,BRD-K67298865,SB-431542,-17.43371,14.403412,-13.470146,3,2,0,-5.5001483,-13.470146,-17.43371
825,BRD-K03015355,forskolin,0.0,-13.284973,-16.13271,3,2,0,-9.805894,-13.284973,-16.13271
826,BRD-A58157837,butabindide,0.0,-13.2571125,-32.791344,3,2,0,-15.349484,-13.2571125,-32.791344
827,BRD-K89014967,AS-703026,0.0,-13.138687,-30.193052,3,2,0,-14.443913,-13.138687,-30.193052
828,BRD-A79314293,cephalosporanic-acid,0.0,-13.107523,-44.045406,3,2,0,-19.050978,-13.107523,-44.045406
829,BRD-A23359898,sibutramine,1.8322762,-13.056316,-18.219818,3,2,0,-9.81462,-13.056316,-18.219818
830,BRD-K76674262,homoharringtonine,0.0,-44.295868,-13.042637,3,2,0,-19.112835,-13.042637,-44.295868
831,BRD-K63195589,tipifarnib,46.665398,-12.970555,-84.84892,3,2,0,-17.051361,-12.970555,-84.84892
832,BRD-K10207760,lasalocid,8.822428,-25.181383,-12.824053,3,2,0,-9.72767,-12.824053,-25.181383
833,BRD-K93280214,gabazine,0.0,-24.899536,-12.670221,3,2,0,-12.523252,-12.670221,-24.899536
834,BRD-M00539986,formoterol,0.7751938,-38.87361,-12.556725,3,2,0,-16.885048,-12.556725,-38.87361
835,BRD-K28428262,brivanib,0.0,-12.508809,-39.60622,3,2,0,-17.371675,-12.508809,-39.60622
836,BRD-K93461745,buspirone,0.63424945,-12.475911,-18.959198,3,2,0,-10.266953,-12.475911,-18.959198
837,BRD-K91315211,betahistine,0.0,-38.541985,-12.270323,3,2,0,-16.937437,-12.270323,-38.541985
838,BRD-K21520694,sulfacetamide,0.0,-12.260646,-19.333723,3,2,0,-10.531456,-12.260646,-19.333723
839,BRD-A53131506,epitestosterone,0.0,-12.111186,-24.843056,3,2,0,-12.318081,-12.111186,-24.843056
840,BRD-A25576662,streptozotocin,5.910544,-12.014807,-25.219866,3,2,0,-10.441377,-12.014807,-25.219866
841,BRD-K14048378,BRD-K14048378,0.0,-16.62006,-11.949454,3,2,0,-9.523171,-11.949454,-16.62006
842,BRD-K91485395,BRD-K91485395,0.0,-11.923719,-12.533664,3,2,0,-8.152461,-11.923719,-12.533664
843,BRD-K02275692,cefotiam,1.2332629,-11.874559,-13.973709,3,2,0,-8.205002,-11.874559,-13.973709
844,BRD-K27665173,D-64406,0.5637773,-11.862955,-40.03432,3,2,0,-17.111166,-11.862955,-40.03432
845,BRD-K57569181,pentoxifylline,0.0,-11.528463,-18.548008,3,2,0,-10.025491,-11.528463,-18.548008
846,BRD-K64857848,XMD-885,0.0,-23.223192,-11.512903,3,2,0,-11.578698,-11.512903,-23.223192
847,BRD-K21350491,phenamil,-33.413185,-11.485888,0.0,3,2,0,-14.966357,-11.485888,-33.413185
848,BRD-K53318339,vinpocetine,0.0,-11.458682,-17.596035,3,2,0,-9.684906,-11.458682,-17.596035
849,BRD-K72222507,quinapril,0.9161381,-18.01059,-11.448687,3,2,0,-9.5143795,-11.448687,-18.01059
850,BRD-K95202259,ML-3163,0.0,-11.362823,-16.963062,3,2,0,-9.441962,-11.362823,-16.963062
851,BRD-A64479082,quinidine,2.4312897,-11.069737,-23.444118,3,2,0,-10.694188,-11.069737,-23.444118
852,BRD-K01095011,finasteride,0.49330515,-10.893433,-19.367464,3,2,0,-9.92253,-10.893433,-19.367464
853,BRD-A44827100,erythromycin,0.0,-10.865241,-21.181591,3,2,0,-10.682278,-10.865241,-21.181591
854,BRD-A37780065,triamcinolone,3.6550078,-10.818613,-34.330254,3,2,0,-13.831286,-10.818613,-34.330254
855,BRD-K30189597,SYK-inhibitor,0.0,-31.987823,-10.815294,3,2,0,-14.267705,-10.815294,-31.987823
856,BRD-A00100033,nifurtimox,1.3652892,-11.371738,-10.807934,3,2,0,-6.9381275,-10.807934,-11.371738
857,BRD-K10136726,tosyllysyl-chloromethyl-ketone,0.7399577,-10.793091,-17.156162,3,2,0,-9.069765,-10.793091,-17.156162
858,BRD-K48367671,febuxostat,0.0,-17.332972,-10.775507,3,2,0,-9.369493,-10.775507,-17.332972
859,BRD-K11399644,phenformin,0.0,-16.837622,-10.67389,3,2,0,-9.170505,-10.67389,-16.837622
860,BRD-K32830106,guanfacine,28.840813,-10.6348295,-14.916371,3,2,0,1.0965372,-10.6348295,-14.916371
861,BRD-K56231354,triprolidine,0.0,-11.296581,-10.601351,3,2,0,-7.2993107,-10.601351,-11.296581
862,BRD-K10852020,tolcapone,0.0,-19.783361,-10.5523615,3,2,0,-10.111908,-10.5523615,-19.783361
863,BRD-K12401458,BRD-K12401458,-40.3065,-10.469114,12.295811,3,2,0,-12.826602,-10.469114,-40.3065
864,BRD-K14550461,doxercalciferol,0.0,-20.646107,-10.4105,3,2,0,-10.352202,-10.4105,-20.646107
865,BRD-K82688027,RG-13022,-10.681366,-10.321135,2.5369978,3,2,0,-6.155168,-10.321135,-10.681366
866,BRD-A96255180,ribavirin,0.0,-23.48811,-10.245821,3,2,0,-11.244644,-10.245821,-23.48811
867,BRD-A09056319,alfuzosin,0.2114165,-10.709094,-10.162656,3,2,0,-6.886778,-10.162656,-10.709094
868,BRD-K35941380,methysergide,0.0,-53.410583,-10.147991,3,2,0,-21.186192,-10.147991,-53.410583
869,BRD-K60487568,SU-4312,0.0,-10.012097,-51.043995,3,2,0,-20.35203,-10.012097,-51.043995
870,BRD-A41555725,chlortetracycline,0.0,-38.53005,-9.942385,3,2,0,-16.157478,-9.942385,-38.53005
871,BRD-K61314889,endo-IWR-1,10.029966,-40.875793,-9.937066,3,2,0,-13.594296,-9.937066,-40.875793
872,BRD-A41145729,methoprene-acid,0.0,-9.909597,-15.044142,3,2,0,-8.317913,-9.909597,-15.044142
873,BRD-A25234499,aminoglutethimide,0.0,-11.181035,-9.845786,3,2,0,-7.00894,-9.845786,-11.181035
874,BRD-K35708212,ouabain,0.0,-9.840159,-11.511603,3,2,0,-7.1172543,-9.840159,-11.511603
875,BRD-K19507340,megestrol,0.017834315,-9.69026,-21.06377,3,2,0,-10.2453985,-9.69026,-21.06377
876,BRD-K76805682,SB-415286,-14.662604,1.6560959,-9.444998,3,2,0,-7.483835,-9.444998,-14.662604
877,BRD-A44008656,doxylamine,0.0,-9.44327,-26.018879,3,2,0,-11.820717,-9.44327,-26.018879
878,BRD-A79903587,tegafur,0.0,-9.430094,-16.941366,3,2,0,-8.790486,-9.430094,-16.941366
879,BRD-K60640630,mometasone,5.351136,-9.345024,-21.013996,3,2,0,-8.335961,-9.345024,-21.013996
880,BRD-A22844106,tenoxicam,0.0,-9.191566,-19.377579,3,2,0,-9.523048,-9.191566,-19.377579
881,BRD-K84566043,fenpiverinium,-9.161382,4.973015,-49.265152,3,2,0,-17.817839,-9.161382,-49.265152
882,BRD-K13533483,cyclosporin-a,0.0,-9.13694,-11.416927,3,2,0,-6.8512893,-9.13694,-11.416927
883,BRD-K11163873,phenanthridone,0.0,-9.116441,-24.720982,3,2,0,-11.27914,-9.116441,-24.720982
884,BRD-K94080537,diethyltoluamide,0.0,-8.973661,-13.4954195,3,2,0,-7.489694,-8.973661,-13.4954195
885,BRD-K40887525,ritanserin,0.0,-22.351492,-8.80945,3,2,0,-10.386981,-8.80945,-22.351492
886,BRD-K24675965,LY-288513,1.1275547,-8.642786,-16.45525,3,2,0,-7.9901605,-8.642786,-16.45525
887,BRD-K31268420,NSC-693868,0.0,-8.627221,-29.141724,3,2,0,-12.589648,-8.627221,-29.141724
888,BRD-A95939040,sertaconazole,0.0,-18.393246,-8.602415,3,2,0,-8.998553,-8.602415,-18.393246
889,BRD-K83063356,RS-102895,0.0,-15.178069,-8.597604,3,2,0,-7.9252243,-8.597604,-15.178069
890,BRD-A22769835,homochlorcyclizine,0.49330515,-8.586811,-38.98709,3,2,0,-15.693532,-8.586811,-38.98709
891,BRD-K31611373,fluprostenol,-27.469269,3.0253963,-8.573758,3,2,0,-11.0058775,-8.573758,-27.469269
892,BRD-K72541103,JAK3-inhibitor-I,7.1754246,-8.558803,-18.52075,3,2,0,-6.634709,-8.558803,-18.52075
893,BRD-K71103788,duloxetine,,-8.550344,-8.56672,2,2,0,-8.558533,-8.558533,-8.56672
894,BRD-K40227168,vinburnine,0.0,-34.23519,-8.549786,3,2,0,-14.261659,-8.549786,-34.23519
895,BRD-K52512893,SC-19220,0.0,-8.532842,-27.02893,3,2,0,-11.853924,-8.532842,-27.02893
896,BRD-K25591257,resveratrol,-19.068016,-8.473719,3.8407328,3,2,0,-7.900334,-8.473719,-19.068016
897,BRD-A43930669,L-368899,0.0,-8.432404,-15.223749,3,2,0,-7.885384,-8.432404,-15.223749
898,BRD-K61993165,niacin,2.4569733,-8.392063,-22.355474,3,2,0,-9.430188,-8.392063,-22.355474
899,BRD-K75430629,BRD-K75430629,0.0,-8.345327,-18.581253,3,2,0,-8.975527,-8.345327,-18.581253
900,BRD-K79124250,ioxaglic-acid,-17.67019,11.801076,-8.280089,3,2,0,-4.7164016,-8.280089,-17.67019
901,BRD-A04327189,synephrine,0.0,-15.672896,-8.274401,3,2,0,-7.982432,-8.274401,-15.672896
902,BRD-K55301415,abiraterone,-11.327005,-8.215973,0.0,3,2,0,-6.514326,-8.215973,-11.327005
903,BRD-K38305202,domperidone,-8.208561,9.202539,-12.029796,3,2,0,-3.6786058,-8.208561,-12.029796
904,BRD-K88849294,lobaric-acid,-10.111149,2.8291686,-8.181967,3,2,0,-5.1546493,-8.181967,-10.111149
905,BRD-K72166146,dihydroergotamine,2.1646338,-8.139535,-10.059464,3,2,0,-5.344789,-8.139535,-10.059464
906,BRD-K08589866,linsitinib,0.0,-8.0673485,-39.34259,3,2,0,-15.803313,-8.0673485,-39.34259
907,BRD-K31283835,tofacitinib,4.5454545,-7.9641037,-14.974871,3,2,0,-6.1311736,-7.9641037,-14.974871
908,BRD-K81376179,TCS-359,0.0,-7.917778,-9.784957,3,2,0,-5.900912,-7.917778,-9.784957
909,BRD-A93424738,dexamethasone-acetate,17.49228,-7.840644,-28.511934,3,2,0,-6.286766,-7.840644,-28.511934
910,BRD-A96897502,U-74389F,0.0,-7.8025246,-12.17273,3,2,0,-6.658418,-7.8025246,-12.17273
911,BRD-A55962179,omeprazole,0.45806906,-13.573585,-7.751406,3,2,0,-6.955641,-7.751406,-13.573585
912,BRD-K80348542,cephaeline,-9.126145,-7.716702,0.0,3,2,0,-5.6142826,-7.716702,-9.126145
913,BRD-K99621550,tubocurarine,0.0,-12.620192,-7.7102513,3,2,0,-6.776814,-7.7102513,-12.620192
914,BRD-K27141178,SB-203186,0.0,-7.7036543,-8.168635,3,2,0,-5.2907634,-7.7036543,-8.168635
915,BRD-K95785537,PP-2,0.0,-11.6041975,-7.701603,3,2,0,-6.435267,-7.701603,-11.6041975
916,BRD-A36267905,buphenine,3.453136,-87.35025,-7.6814656,3,2,0,-30.526194,-7.6814656,-87.35025
917,BRD-K73838513,cinacalcet,0.0,-12.868229,-7.6284113,3,2,0,-6.832213,-7.6284113,-12.868229
918,BRD-K39569857,avrainvillamide-analog-3,0.0,-17.7158,-7.610994,3,2,0,-8.442265,-7.610994,-17.7158
919,BRD-K69556541,ryanodine,0.0,-21.66518,-7.555829,3,2,0,-9.740336,-7.555829,-21.66518
920,BRD-A37776212,ICI-204448,0.0,-7.4995956,-21.284191,3,2,0,-9.594596,-7.4995956,-21.284191
921,BRD-K55454768,TAS-301,0.0,-15.746198,-7.4273167,3,2,0,-7.724505,-7.4273167,-15.746198
922,BRD-K97118047,"4,5,6,7-tetrabromobenzotriazole",-7.35221,11.363092,-20.2664,3,2,0,-5.418505,-7.35221,-20.2664
923,BRD-K83023055,GR-135531,0.0,-15.657171,-7.351453,3,2,0,-7.669542,-7.351453,-15.657171
924,BRD-K01902415,pirinixic-acid,1.4094433,-7.326778,-10.330202,3,2,0,-5.415846,-7.326778,-10.330202
925,BRD-A49148672,galantamine,-45.564526,14.867039,-7.306522,3,2,0,-12.668003,-7.306522,-45.564526
926,BRD-A66559694,naltrexone,0.0,-7.2093034,-53.8453,3,2,0,-20.351534,-7.2093034,-53.8453
927,BRD-K35240538,methylprednisolone,-8.862278,14.321532,-7.189413,3,2,0,-0.5767196,-7.189413,-8.862278
928,BRD-K04923131,GSK-3-inhibitor-IX,30.897125,-7.1525717,-73.118454,3,2,0,-16.457968,-7.1525717,-73.118454
929,BRD-K57926513,tyrphostin-AG-1295,0.0,-7.0790024,-45.03331,3,2,0,-17.370771,-7.0790024,-45.03331
930,BRD-K88172511,naltrexone,0.028894123,-9.665401,-7.020775,3,2,0,-5.5524273,-7.020775,-9.665401
931,BRD-K22631935,neurodazine,0.0,-7.01198,-45.818382,3,2,0,-17.61012,-7.01198,-45.818382
932,BRD-K04993501,cefixime,2.4665258,-6.9634404,-9.121727,3,2,0,-4.539547,-6.9634404,-9.121727
933,BRD-A13188892,doxazosin,0.0,-6.941491,-18.23037,3,2,0,-8.39062,-6.941491,-18.23037
934,BRD-K73991644,isoquercetin,0.0,-6.934295,-9.167049,3,2,0,-5.367115,-6.934295,-9.167049
935,BRD-A31204924,mitotane,0.0,-8.799133,-6.7391787,3,2,0,-5.179437,-6.7391787,-8.799133
936,BRD-A85234536,N6-cyclopentyladenosine,21.928629,-9.297014,-6.6190286,3,2,0,2.0041955,-6.6190286,-9.297014
937,BRD-K28863208,PNU-282987,1.5856236,-6.5798984,-6.5975933,3,2,0,-3.8639562,-6.5798984,-6.5975933
938,BRD-K42095107,daidzein,-6.45162,-11.170626,7.2577386,3,2,0,-3.454836,-6.45162,-11.170626
939,BRD-K50417881,eticlopride,0.7751938,-6.4062457,-19.224092,3,2,0,-8.2850485,-6.4062457,-19.224092
940,BRD-K29733039,deforolimus,0.0,-6.4015203,-22.7766,3,2,0,-9.72604,-6.4015203,-22.7766
941,BRD-K56334280,amonafide,0.0,-7.2586327,-6.3056936,3,2,0,-4.521442,-6.3056936,-7.2586327
942,BRD-K09631521,thiotepa,-7.9352837,-6.2659287,2.60747,3,2,0,-3.8645809,-6.2659287,-7.9352837
943,BRD-K52930707,rescinnamine,0.0,-19.123558,-6.1870775,3,2,0,-8.436878,-6.1870775,-19.123558
944,BRD-K11634954,GBR-13069,-38.927418,5.3701534,-6.0958424,3,2,0,-13.217702,-6.0958424,-38.927418
945,BRD-A77722753,hydralazine,-6.087437,-10.320614,15.8059635,3,2,0,-0.20069583,-6.087437,-10.320614
946,BRD-A38793261,BRD-A38793261,0.0,-5.990134,-12.730184,3,2,0,-6.240106,-5.990134,-12.730184
947,BRD-A10420615,cyclopiazonic-acid,0.0,-13.317424,-5.855055,3,2,0,-6.3908257,-5.855055,-13.317424
948,BRD-K30816563,ranitidine,12.604802,-5.7765346,-7.864151,3,2,0,-0.34529462,-5.7765346,-7.864151
949,BRD-K41859756,NVP-AUY922,0.0,-44.01989,-5.7644224,3,2,0,-16.59477,-5.7644224,-44.01989
950,BRD-K92817986,BIX-02188,2.60747,-5.7150655,-38.28283,3,2,0,-13.796807,-5.7150655,-38.28283
951,BRD-A18419789,etoposide,0.0,-5.6713047,-15.641444,3,2,0,-7.1042495,-5.6713047,-15.641444
952,BRD-A22143024,estropipate,-14.700025,-5.620908,0.7047216,3,2,0,-6.538737,-5.620908,-14.700025
953,BRD-K26947839,BRD-K26947839,-59.578117,-5.6106744,4.0603466,3,2,0,-20.376148,-5.6106744,-59.578117
954,BRD-K61951118,FG-7142,21.262249,-5.60758,-10.595472,3,2,0,1.6863989,-5.60758,-10.595472
955,BRD-K46317332,proadifen,0.0,-6.953239,-5.56356,3,2,0,-4.1722665,-5.56356,-6.953239
956,BRD-K09436313,prostaglandin,2.501762,-20.770996,-5.532065,3,2,0,-7.933766,-5.532065,-20.770996
957,BRD-K92778217,mefenamic-acid,0.5637773,-16.796932,-5.4990582,3,2,0,-7.2440705,-5.4990582,-16.796932
958,BRD-K96862998,pirfenidone,0.0,-23.281265,-5.48267,3,2,0,-9.587978,-5.48267,-23.281265
959,BRD-K70751730,BRD-K70751730,0.0,-44.232243,-5.426357,3,2,0,-16.552866,-5.426357,-44.232243
960,BRD-K33860217,CP-94253,0.0,-5.3881326,-14.690035,3,2,0,-6.6927223,-5.3881326,-14.690035
961,BRD-A24643465,homoharringtonine,0.0,-5.3558846,-5.426357,3,2,0,-3.5940807,-5.3558846,-5.426357
962,BRD-K95402279,geranylgeraniol,0.0,-5.2854123,-23.317547,3,2,0,-9.53432,-5.2854123,-23.317547
963,BRD-K39120595,bithionol,16.275806,-5.2537875,-5.925996,3,2,0,1.6986746,-5.2537875,-5.925996
964,BRD-K06895174,cisapride,0.029015154,-5.179704,-7.223397,3,2,0,-4.1246953,-5.179704,-7.223397
965,BRD-A36707673,hydroxycholesterol,0.0,-7.6238756,-5.144468,3,2,0,-4.2561145,-5.144468,-7.6238756
966,BRD-K38197229,bumetanide,0.0,-5.144468,-7.1022077,3,2,0,-4.0822253,-5.144468,-7.1022077
967,BRD-A67981824,cefotaxime,3.2769556,-29.016073,-5.0711637,3,2,0,-10.270095,-5.0711637,-29.016073
968,BRD-K19111024,clofibric-acid,0.0,-5.0352764,-9.326733,3,2,0,-4.7873363,-5.0352764,-9.326733
969,BRD-K81783531,VX-222,0.0,-4.9279847,-5.4968286,3,2,0,-3.4749377,-4.9279847,-5.4968286
970,BRD-K80431395,triciribine,0.3875969,-61.75574,-4.897815,3,2,0,-22.088654,-4.897815,-61.75574
971,BRD-A92651262,nalbuphine,0.0,-4.863027,-4.9146776,3,2,0,-3.2592347,-4.863027,-4.9146776
972,BRD-K61691971,avrainvillamide-analog-1,3.1360114,-8.85436,-4.8625793,3,2,0,-3.5269759,-4.8625793,-8.85436
973,BRD-K39944607,ochratoxin-a,0.0,-4.7992325,-19.05093,3,2,0,-7.950054,-4.7992325,-19.05093
974,BRD-K68756823,FR-180204,0.0,-4.792107,-46.726696,3,2,0,-17.172934,-4.792107,-46.726696
975,BRD-K43330982,JTE-013,0.0,-4.746434,-13.510237,3,2,0,-6.0855575,-4.746434,-13.510237
976,BRD-K96119599,leucodin,0.0,-4.69934,-5.8076706,3,2,0,-3.5023367,-4.69934,-5.8076706
977,BRD-K06753942,nobiletin,0.0,-4.792107,-4.686399,3,2,0,-3.159502,-4.686399,-4.792107
978,BRD-K70881766,solanine,0.0,-5.9250283,-4.6511626,3,2,0,-3.525397,-4.6511626,-5.9250283
979,BRD-K51541829,Ro-25-6981,-4.6511626,-11.657699,9.071819,3,2,0,-2.4123473,-4.6511626,-11.657699
980,BRD-K79905821,gabazine,-6.800564,-4.619573,7.82241,3,2,0,-1.1992422,-4.619573,-6.800564
981,BRD-K26117720,gingerol,0.0,-4.582148,-9.654686,3,2,0,-4.745611,-4.582148,-9.654686
982,BRD-K34154330,tracazolate,0.3875969,-4.580691,-64.170815,3,2,0,-22.78797,-4.580691,-64.170815
983,BRD-A25004090,erastin,4.0873857,-6.4581385,-4.535961,3,2,0,-2.302238,-4.535961,-6.4581385
984,BRD-K63792901,arecaidine-but-2-ynyl-ester,0.0,-7.1430287,-4.515727,3,2,0,-3.8862522,-4.515727,-7.1430287
985,BRD-K68191783,ALW-II-38-3,0.0,-10.584691,-4.4397464,3,2,0,-5.008146,-4.4397464,-10.584691
986,BRD-K31054881,BMY-7378,1.4446794,-4.3340383,-23.435852,3,2,0,-8.77507,-4.3340383,-23.435852
987,BRD-A19661776,mianserin,0.0,-4.5401363,-4.298802,3,2,0,-2.9463127,-4.298802,-4.5401363
988,BRD-K85925969,zalcitabine,-4.252274,-8.5609045,14.442003,3,2,0,0.5429416,-4.252274,-8.5609045
989,BRD-K64755930,etazolate,-4.786626,-4.2416816,5.128186,3,2,0,-1.3000404,-4.2416816,-4.786626
990,BRD-K65146499,nabumetone,-4.193094,-41.073524,7.6570063,3,2,0,-12.536537,-4.193094,-41.073524
991,BRD-K89626439,sirolimus,0.0,-13.069743,-4.160033,3,2,0,-5.743259,-4.160033,-13.069743
992,BRD-A29260609,acebutolol,0.0,-4.792107,-4.1578574,3,2,0,-2.9833214,-4.1578574,-4.792107
993,BRD-A72483914,spiroxatrine,40.94004,-4.1578574,-16.937197,3,2,0,6.6149955,-4.1578574,-16.937197
994,BRD-A02481876,importazole,0.0,-4.139232,-75.04911,3,2,0,-26.396112,-4.139232,-75.04911
995,BRD-K06080977,eicosatetraynoic-acid,0.0,-4.0873857,-12.276879,3,2,0,-5.4547553,-4.0873857,-12.276879
996,BRD-K79759031,artesunate,0.14094433,-16.553577,-4.054787,3,2,0,-6.8224735,-4.054787,-16.553577
997,BRD-A43671941,oxprenolol,0.0,-4.0521493,-18.1259,3,2,0,-7.392683,-4.0521493,-18.1259
998,BRD-K27074404,BRD-K27074404,-4.042503,-4.113632,16.96518,3,2,0,2.936348,-4.042503,-4.113632
999,BRD-K48722258,dilazep,0.0,-4.0169134,-28.312067,3,2,0,-10.776326,-4.0169134,-28.312067
1000,BRD-K60923938,veratridine,-4.0169134,13.07847,-8.185023,3,2,0,0.29217783,-4.0169134,-8.185023
1001,BRD-K53987533,fluphenazine,0.0,-11.075539,-3.9547615,3,2,0,-5.0101,-3.9547615,-11.075539
1002,BRD-K79353516,indolophenanthridine,0.0,-7.057286,-3.9464412,3,2,0,-3.667909,-3.9464412,-7.057286
1003,BRD-K28075147,biochanin-a,-4.5535297,-3.8880074,3.488372,3,2,0,-1.651055,-3.8880074,-4.5535297
1004,BRD-K62056274,N-methylquipazine,0.0,-33.667915,-3.8407328,3,2,0,-12.502883,-3.8407328,-33.667915
1005,BRD-A61392169,eliprodil,-3.8106995,-18.237556,6.946306,3,2,0,-5.033983,-3.8106995,-18.237556
1006,BRD-K37798499,etoposide,-3.8068323,-9.760395,0.9650176,3,2,0,-4.2007365,-3.8068323,-9.760395
1007,BRD-A56675431,altizide,-3.7721343,-50.562187,24.034266,3,2,0,-10.1000185,-3.7721343,-50.562187
1008,BRD-K48932581,cetraxate,0.0,-3.730235,-6.5454307,3,2,0,-3.4252217,-3.730235,-6.5454307
1009,BRD-K48722833,iloperidone,0.0,-3.6997886,-31.774687,3,2,0,-11.824825,-3.6997886,-31.774687
1010,BRD-A27554692,altrenogest,-7.06463,-3.6937513,15.592332,3,2,0,1.6113168,-3.6937513,-7.06463
1011,BRD-A54029483,IRL-2500,-3.6293163,-88.94139,31.475494,3,2,0,-20.365072,-3.6293163,-88.94139
1012,BRD-K57222227,indometacin,0.0,-3.6293163,-6.7307205,3,2,0,-3.4533455,-3.6293163,-6.7307205
1013,BRD-K63606607,bufalin,-4.580691,-3.6293163,0.0,3,2,0,-2.7366688,-3.6293163,-4.580691
1014,BRD-K62363391,dapsone,-3.594334,-36.852226,2.8182042,3,2,0,-12.542786,-3.594334,-36.852226
1015,BRD-K55677650,CO-101244,0.0,-3.5940804,-3.614581,3,2,0,-2.402887,-3.5940804,-3.614581
1016,BRD-K82255054,propofol,0.0,-5.743481,-3.5588443,3,2,0,-3.100775,-3.5588443,-5.743481
1017,BRD-A41722204,sulmazole,0.0,-23.565514,-3.5526938,3,2,0,-9.039403,-3.5526938,-23.565514
1018,BRD-A11706664,triciribine,0.0,-45.460487,-3.5236082,3,2,0,-16.328032,-3.5236082,-45.460487
1019,BRD-K34170797,fexaramine,0.0,-3.5004375,-8.290119,3,2,0,-3.9301856,-3.5004375,-8.290119
1020,BRD-K34014345,naproxol,0.0,-3.488372,-6.9066243,3,2,0,-3.464999,-3.488372,-6.9066243
1021,BRD-K12002134,megestrol,0.0,-3.453136,-18.963047,3,2,0,-7.472061,-3.453136,-18.963047
1022,BRD-K68095457,palmitoylethanolamide,-3.5940804,-3.453136,2.5621996,3,2,0,-1.4950056,-3.453136,-3.5940804
1023,BRD-K42679050,Y-27152,-3.4457667,-25.646349,9.35172,3,2,0,-6.5801315,-3.4457667,-25.646349
1024,BRD-K52911425,GDC-0941,54.355186,-3.3970652,-11.372345,3,2,0,13.195259,-3.3970652,-11.372345
1025,BRD-K27305650,LY-294002,0.0,-3.3402944,-5.9837275,3,2,0,-3.1080074,-3.3402944,-5.9837275
1026,BRD-K67080878,milrinone,-3.487742,-3.3121917,1.3389711,3,2,0,-1.8203207,-3.3121917,-3.487742
1027,BRD-K49448285,bisindolylmaleimide,0.0,-3.1465945,-4.1578574,3,2,0,-2.4348173,-3.1465945,-4.1578574
1028,BRD-K39339537,epirizole,0.0,-11.102435,-3.1360114,3,2,0,-4.7461486,-3.1360114,-11.102435
1029,BRD-A92177080,betamethasone-acetate,0.0,-3.1333523,-12.839499,3,2,0,-5.324284,-3.1333523,-12.839499
1030,BRD-K55748775,SCH-28080,0.0,-6.2940426,-3.10847,3,2,0,-3.1341708,-3.10847,-6.2940426
1031,BRD-U44618005,WH-4023,-6.044242,3.7465012,-3.1007752,3,2,0,-1.7995052,-3.1007752,-6.044242
1032,BRD-K28453807,nitrocaramiphen,-3.910301,-2.995067,3.4578629,3,2,0,-1.1491684,-2.995067,-3.910301
1033,BRD-K14807180,SB-221284,0.0,-2.9735186,-9.247992,3,2,0,-4.073837,-2.9735186,-9.247992
1034,BRD-A22897758,pinacidil,-2.8893588,19.847519,-14.424997,3,2,0,0.8443876,-2.8893588,-14.424997
1035,BRD-K32656671,BRD-K32656671,0.0,-2.8541226,-16.834316,3,2,0,-6.562813,-2.8541226,-16.834316
1036,BRD-K20338176,cefaclor,-19.047373,14.077422,-2.8541226,3,2,0,-2.6080246,-2.8541226,-19.047373
1037,BRD-K52459643,alprostadil,0.0,-26.074934,-2.8188865,3,2,0,-9.631273,-2.8188865,-26.074934
1038,BRD-K00675675,CL-82198,0.0,-15.564301,-2.7484143,3,2,0,-6.1042385,-2.7484143,-15.564301
1039,BRD-K00959089,thenoyltrifluoroacetone,7.937413,-2.8561635,-2.7484143,3,2,0,0.77761173,-2.7484143,-2.8561635
1040,BRD-K97564742,mepyramine,-2.7429223,-12.441508,3.2417195,3,2,0,-3.9809036,-2.7429223,-12.441508
1041,BRD-A64227845,SKF-77434,-2.7399004,0.0,-44.31501,3,2,0,-15.68497,-2.7399004,-44.31501
1042,BRD-K55424922,anpirtoline,-2.717679,-2.8419232,2.6779423,3,2,0,-0.96055335,-2.717679,-2.8419232
1043,BRD-K43797669,genistein,0.0,-2.7034545,-4.879854,3,2,0,-2.5277696,-2.7034545,-4.879854
1044,BRD-K74195153,irsogladine,0.0,-2.6427062,-7.310138,3,2,0,-3.3176148,-2.6427062,-7.310138
1045,BRD-K64614248,salicin,0.0,-2.6424134,-6.9479933,3,2,0,-3.1968021,-2.6424134,-6.9479933
1046,BRD-K94176593,TWS-119,-2.572234,8.574074,-45.03969,3,2,0,-13.012616,-2.572234,-45.03969
1047,BRD-K96740444,itopride,-2.561871,47.85933,-39.72514,3,2,0,1.8574395,-2.561871,-39.72514
1048,BRD-K70505054,ranitidine,0.0,-2.5369978,-27.52135,3,2,0,-10.01945,-2.5369978,-27.52135
1049,BRD-A45543382,metrizamide,-26.399998,-2.5369978,1.9027485,3,2,0,-9.0114155,-2.5369978,-26.399998
1050,BRD-K78883024,BRD-K78883024,-2.5369978,14.921373,-37.777657,3,2,0,-8.464427,-2.5369978,-37.777657
1051,BRD-K65910366,KU-C103904N,33.283127,-4.0521493,-2.5194318,3,2,0,8.903849,-2.5194318,-4.0521493
1052,BRD-A15435692,BMY-14802,2.501762,-24.882069,-2.501762,3,2,0,-8.294023,-2.501762,-24.882069
1053,BRD-K70281171,U-99194,1.4094433,-2.501762,-6.648811,3,2,0,-2.5803764,-2.501762,-6.648811
1054,BRD-K42693031,glimepiride,-2.501762,-4.792107,9.252043,3,2,0,0.65272456,-2.501762,-4.792107
1055,BRD-A84389091,L-655708,0.0,-6.293643,-2.4665258,3,2,0,-2.9200563,-2.4665258,-6.293643
1056,BRD-K80672993,M2-PK-activator,-2.4312897,6.741989,-25.700344,3,2,0,-7.1298814,-2.4312897,-25.700344
1057,BRD-K30990140,FR-122047,1.9027485,-2.3960536,-37.095238,3,2,0,-12.529514,-2.3960536,-37.095238
1058,BRD-K96670504,lonidamine,1.9027485,-19.838577,-2.3960536,3,2,0,-6.777294,-2.3960536,-19.838577
1059,BRD-A54632525,BRD-A54632525,0.0,-12.376345,-2.3960536,3,2,0,-4.924133,-2.3960536,-12.376345
1060,BRD-A78322124,dobutamine,3.6618319,-9.790035,-2.3960536,3,2,0,-2.841419,-2.3960536,-9.790035
1061,BRD-A99164655,dihydrexidine,0.0,-2.4732924,-2.3960536,3,2,0,-1.6231152,-2.3960536,-2.4732924
1062,BRD-K94832621,Y-134,-2.3608174,8.886818,-18.271442,3,2,0,-3.915147,-2.3608174,-18.271442
1063,BRD-A49046702,SKF-89976A,-2.3608174,35.385418,-37.121017,3,2,0,-1.3654723,-2.3608174,-37.121017
1064,BRD-A97739905,ketoprofen,-2.3459797,24.585886,-43.990623,3,2,0,-7.250239,-2.3459797,-43.990623
1065,BRD-K36740062,GSK-1070916,0.0,-11.245047,-2.3255813,3,2,0,-4.523543,-2.3255813,-11.245047
1066,BRD-U01690642,acetyl-geranyl-cysteine,0.0,-12.54502,-2.2903454,3,2,0,-4.945122,-2.2903454,-12.54502
1067,BRD-K36529613,PU-H71,0.0,-4.580691,-2.2903454,3,2,0,-2.2903454,-2.2903454,-4.580691
1068,BRD-A65280694,molindone,0.58680415,-2.2551093,-37.763702,3,2,0,-13.144002,-2.2551093,-37.763702
1069,BRD-A97701745,pindolol,0.0,-5.8882055,-2.2551093,3,2,0,-2.7144382,-2.2551093,-5.8882055
1070,BRD-A02189320,met-leu-phe,2.0084567,-2.2198732,-11.35884,3,2,0,-3.8567524,-2.2198732,-11.35884
1071,BRD-A54490543,pirlindole,0.0,-13.417249,-2.2018385,3,2,0,-5.2063622,-2.2018385,-13.417249
1072,BRD-K17008822,BD-1008,-2.184637,-28.569162,0.7399577,3,2,0,-10.004614,-2.184637,-28.569162
1073,BRD-K59522102,piperine,-2.184637,-13.437392,13.33863,3,2,0,-0.7611332,-2.184637,-13.437392
1074,BRD-K76064317,tyrphostin-AG-1296,-2.1141648,0.0,-61.42364,3,2,0,-21.17927,-2.1141648,-61.42364
1075,BRD-A63836183,PD-123319,0.0,-21.306643,-2.1141648,3,2,0,-7.806936,-2.1141648,-21.306643
1076,BRD-K23623876,decafluorobutane,0.0,-17.83717,-2.1141648,3,2,0,-6.6504445,-2.1141648,-17.83717
1077,BRD-K46211610,tolazoline,-2.0789287,-4.721635,3.030303,3,2,0,-1.2567536,-2.0789287,-4.721635
1078,BRD-K66792149,quinoclamine,-2.0549753,-23.31473,21.656153,3,2,0,-1.2378508,-2.0549753,-23.31473
1079,BRD-K36007650,puromycin,0.0,-3.2639322,-2.0436928,3,2,0,-1.7692083,-2.0436928,-3.2639322
1080,BRD-K12994359,valdecoxib,0.3523608,-2.0084567,-2.904627,3,2,0,-1.5202411,-2.0084567,-2.904627
1081,BRD-K25186396,tangeritin,-11.364012,23.99772,-1.9903765,3,2,0,3.5477772,-1.9903765,-11.364012
1082,BRD-K34608650,GP-2a,-1.9732206,2.8002005,-43.700348,3,2,0,-14.291122,-1.9732206,-43.700348
1083,BRD-K14282469,LY-165163,-1.9732206,-2.5248952,31.634846,3,2,0,9.045577,-1.9732206,-2.5248952
1084,BRD-K97688263,benzamil,0.0,-4.7672467,-1.9379845,3,2,0,-2.2350771,-1.9379845,-4.7672467
1085,BRD-K71003802,hippeastrine,-1.9379845,-14.250825,14.591217,3,2,0,-0.5325308,-1.9379845,-14.250825
1086,BRD-K24053527,dextromethorphan,0.0,-18.38425,-1.9027485,3,2,0,-6.762333,-1.9027485,-18.38425
1087,BRD-K20920669,cromoglicic-acid,0.0,-1.9027485,-5.179704,3,2,0,-2.3608177,-1.9027485,-5.179704
1088,BRD-K30697463,desoximetasone,0.0,-1.9027485,-2.3255813,3,2,0,-1.4094433,-1.9027485,-2.3255813
1089,BRD-K04546108,JAK3-inhibitor-VI,-3.2702901,16.42498,-1.9027485,3,2,0,3.7506473,-1.9027485,-3.2702901
1090,BRD-K20714604,RS-56812,-1.8893793,2.0436928,-55.611603,3,2,0,-18.485762,-1.8893793,-55.611603
1091,BRD-K50841342,PAC-1,-1.8578088,0.0,-1.8782935,3,2,0,-1.2453674,-1.8578088,-1.8782935
1092,BRD-K20986251,lithocholic-acid,0.0,-20.823095,-1.8421285,3,2,0,-7.5550747,-1.8421285,-20.823095
1093,BRD-K33459542,ditolylguanidine,0.0,-5.7565956,-1.8322762,3,2,0,-2.529624,-1.8322762,-5.7565956
1094,BRD-K81473089,tacrine,0.66948557,-2.3198423,-1.8322762,3,2,0,-1.1608777,-1.8322762,-2.3198423
1095,BRD-K67445247,flurofamide,-1.7970402,-37.272293,7.435053,3,2,0,-10.544761,-1.7970402,-37.272293
1096,BRD-K28168037,fenretinide,66.003525,-22.161076,-1.7970402,3,2,0,14.015137,-1.7970402,-22.161076
1097,BRD-K47207162,zimelidine,5.1429224,-1.784864,-6.500937,3,2,0,-1.0476261,-1.784864,-6.500937
1098,BRD-K70976396,cefoxitin,0.0,-18.23487,-1.7808928,3,2,0,-6.6719213,-1.7808928,-18.23487
1099,BRD-K67680372,CI-966,1.2332629,-1.7618041,-21.526545,3,2,0,-7.3516955,-1.7618041,-21.526545
1100,BRD-A75172220,hydrocortisone,-1.7618041,-29.49062,25.171673,3,2,0,-2.026917,-1.7618041,-29.49062
1101,BRD-K91601245,mercaptopurine,0.0,-1.691332,-19.204388,3,2,0,-6.96524,-1.691332,-19.204388
1102,BRD-K97799481,theophylline,-1.691332,1.2332629,-1.691332,3,2,0,-0.7164671,-1.691332,-1.691332
1103,BRD-A93206962,L-755507,11.804602,-4.40451,-1.6396842,3,2,0,1.9201359,-1.6396842,-4.40451
1104,BRD-A72441487,stiripentol,0.0,-17.8194,-1.6208597,3,2,0,-6.480087,-1.6208597,-17.8194
1105,BRD-K86600316,RS-79948,-1.5856236,-4.8625793,3.3121917,3,2,0,-1.0453371,-1.5856236,-4.8625793
1106,BRD-A94413429,NTNCB,-1.5503876,6.5442204,-14.868956,3,2,0,-3.2917078,-1.5503876,-14.868956
1107,BRD-A89049230,BRD-A89049230,0.0,-1.5440829,-12.487419,3,2,0,-4.6771674,-1.5440829,-12.487419
1108,BRD-A94543220,bifonazole,0.8427571,-15.827907,-1.5151515,3,2,0,-5.5001006,-1.5151515,-15.827907
1109,BRD-A51820102,econazole,0.0,-1.4874508,-28.704649,3,2,0,-10.0640335,-1.4874508,-28.704649
1110,BRD-A60414806,vincristine,-1.4799154,-72.22496,58.87433,3,2,0,-4.943516,-1.4799154,-72.22496
1111,BRD-K74514084,pazopanib,-1.4799154,-4.369274,0.0,3,2,0,-1.9497299,-1.4799154,-4.369274
1112,BRD-K97399794,quercetin,0.0,-1.4723386,-4.897815,3,2,0,-2.1233847,-1.4723386,-4.897815
1113,BRD-A25775766,securinine,2.3608174,-14.203725,-1.4446794,3,2,0,-4.4291954,-1.4446794,-14.203725
1114,BRD-A49370193,Ro-60-0175,-5.1356792,-1.4446794,0.0,3,2,0,-2.1934528,-1.4446794,-5.1356792
1115,BRD-K38903228,hesperidin,0.0,-1.4024535,-6.0912676,3,2,0,-2.497907,-1.4024535,-6.0912676
1116,BRD-K66896231,ipidacrine,0.0,-1.4799154,-1.3742071,3,2,0,-0.95137423,-1.3742071,-1.4799154
1117,BRD-A63894585,clobetasol,-1.3742071,9.502671,-1.4799154,3,2,0,2.216183,-1.3742071,-1.4799154
1118,BRD-K32610195,androstenedione,0.0,-1.3389711,-8.91474,3,2,0,-3.4179037,-1.3389711,-8.91474
1119,BRD-K17306061,aprepitant,-2.675298,-1.3389711,0.0,3,2,0,-1.3380896,-1.3389711,-2.675298
1120,BRD-K89375097,pirenzepine,-1.3389711,20.851162,-20.026236,3,2,0,-0.17134826,-1.3389711,-20.026236
1121,BRD-K00256256,BRD-K00256256,-1.330936,4.686399,-13.323057,3,2,0,-3.3225315,-1.330936,-13.323057
1122,BRD-K31987754,oleylethanolamide,-20.368584,-1.3166595,14.602722,3,2,0,-2.3608406,-1.3166595,-20.368584
1123,BRD-K28761384,zuclopenthixol,0.0,-1.303735,-76.90491,3,2,0,-26.069548,-1.303735,-76.90491
1124,BRD-K24526313,levcromakalim,0.0,-1.303735,-1.4094433,3,2,0,-0.9043927,-1.303735,-1.4094433
1125,BRD-A73581086,ergometrine,-1.2684989,9.232933,-7.223397,3,2,0,0.24701245,-1.2684989,-7.223397
1126,BRD-K32311154,nifekalant,0.0,-1.2332629,-22.51782,3,2,0,-7.917028,-1.2332629,-22.51782
1127,BRD-K44084986,Y-27632,0.0,-1.2332629,-7.3534327,3,2,0,-2.862232,-1.2332629,-7.3534327
1128,BRD-A68929948,DAPT-GSI-IX,-54.058712,5.9488955,-1.2080815,3,2,0,-16.439299,-1.2080815,-54.058712
1129,BRD-K09186807,KIN001-244,0.0,-7.0037594,-1.1980268,3,2,0,-2.7339287,-1.1980268,-7.0037594
1130,BRD-A82590476,SDZ-NKT-343,-1.1980268,16.659798,-20.749454,3,2,0,-1.7625612,-1.1980268,-20.749454
1131,BRD-K00656370,6-aminochrysene,0.0,-3.8878546,-1.1980268,3,2,0,-1.6952938,-1.1980268,-3.8878546
1132,BRD-A89434049,sarmentogenin,0.964975,-1.6850204,-1.1794139,3,2,0,-0.6331531,-1.1794139,-1.6850204
1133,BRD-K55344148,BU-224,-62.95745,10.624887,-1.1627907,3,2,0,-17.831785,-1.1627907,-62.95745
1134,BRD-K32755366,reserpic-acid,1.4688609,-1.1627907,-25.63343,3,2,0,-8.442453,-1.1627907,-25.63343
1135,BRD-K08640512,RS-100329,0.0,-1.4446794,-1.1376113,3,2,0,-0.86076355,-1.1376113,-1.4446794
1136,BRD-A01145011,zebularine,0.0,-11.189899,-1.1275547,3,2,0,-4.1058183,-1.1275547,-11.189899
1137,BRD-K06593056,LE-135,0.033283167,-2.572234,-1.1275547,3,2,0,-1.2221684,-1.1275547,-2.572234
1138,BRD-K77286328,reversine,0.0,-1.2332629,-1.1275547,3,2,0,-0.78693914,-1.1275547,-1.2332629
1139,BRD-A75769826,SDM-25N,0.023043022,-57.412,-1.1057891,3,2,0,-19.498247,-1.1057891,-57.412
1140,BRD-K05151076,ZK-164015,-19.451313,-1.0952581,23.379616,3,2,0,0.94434804,-1.0952581,-19.451313
1141,BRD-K49890030,gavestinel,0.0,-1.0923185,-4.298802,3,2,0,-1.7970401,-1.0923185,-4.298802
1142,BRD-K86434416,selegiline,-1.0923185,37.685806,-13.389711,3,2,0,7.7345924,-1.0923185,-13.389711
1143,BRD-K19605405,ZM-241385,0.66948557,-21.482311,-1.0570824,3,2,0,-7.28997,-1.0570824,-21.482311
1144,BRD-K32645441,dipropyl-5ct,-1.0570824,-31.21155,13.196514,3,2,0,-6.3573728,-1.0570824,-31.21155
1145,BRD-K93754473,tamoxifen,0.0,-1.0570824,-8.258219,3,2,0,-3.1051004,-1.0570824,-8.258219
1146,BRD-K28578425,cilostamide,1.4094433,-3.6293163,-1.0570824,3,2,0,-1.0923184,-1.0570824,-3.6293163
1147,BRD-K67844266,pevonedistat,-1.0570824,-22.674932,57.302345,3,2,0,11.190109,-1.0570824,-22.674932
1148,BRD-K28470988,L-690330,0.0,-1.0482725,-14.887165,3,2,0,-5.3118124,-1.0482725,-14.887165
1149,BRD-K68620903,dydrogesterone,11.834037,-1.0266981,-1.1980268,3,2,0,3.203104,-1.0266981,-1.1980268
1150,BRD-A32949107,MRS-1845,-1.0218464,4.9682875,-15.36798,3,2,0,-3.8071797,-1.0218464,-15.36798
1151,BRD-A45333398,periplocymarin,-1.0218464,-4.981249,3.3550084,3,2,0,-0.8826957,-1.0218464,-4.981249
1152,BRD-K09485525,GANT-61,47.77711,-18.975803,-1.0218464,3,2,0,9.25982,-1.0218464,-18.975803
1153,BRD-K50325075,UCL-2077,-0.99948114,-16.402695,21.926882,3,2,0,1.5082353,-0.99948114,-16.402695
1154,BRD-A96456596,FPL-55712,-0.9866103,-29.043266,4.001588,3,2,0,-8.676097,-0.9866103,-29.043266
1155,BRD-K79404599,enzastaurin,0.027748503,-0.9866103,-9.495766,3,2,0,-3.484876,-0.9866103,-9.495766
1156,BRD-K05396879,15-delta-prostaglandin-j2,0.14094433,-0.9866103,-5.0945263,3,2,0,-1.980064,-0.9866103,-5.0945263
1157,BRD-K00486786,Ro-08-2750,-0.9866103,-4.4397464,0.7751938,3,2,0,-1.5503877,-0.9866103,-4.4397464
1158,BRD-K77008974,WYE-354,2.60747,-1.0923185,-0.9866103,3,2,0,0.17618036,-0.9866103,-1.0923185
1159,BRD-A29082194,gitoxigenin,-0.95137423,-20.355946,3.6645525,3,2,0,-5.8809223,-0.95137423,-20.355946
1160,BRD-K27710560,splitomycin,0.0,-0.95137423,-10.855337,3,2,0,-3.9355705,-0.95137423,-10.855337
1161,BRD-K82941592,rosuvastatin,-6.448203,2.60747,-0.95137423,3,2,0,-1.5973692,-0.95137423,-6.448203
1162,BRD-K56745457,azauridine,-0.95137423,-3.7688155,0.63424945,3,2,0,-1.3619801,-0.95137423,-3.7688155
1163,BRD-K68402494,ML-9,2.0436928,-0.95137423,-3.9791877,3,2,0,-0.96228975,-0.95137423,-3.9791877
1164,BRD-K66615216,moxifloxacin,-0.95137423,-1.1275547,4.686399,3,2,0,0.86915666,-0.95137423,-1.1275547
1165,BRD-A29289453,PCA-4248,0.0,-0.9161381,-0.9161381,3,2,0,-0.6107587,-0.9161381,-0.9161381
1166,BRD-K63533170,AM-630,-1.5856236,-0.9161381,3.362163,3,2,0,0.2868004,-0.9161381,-1.5856236
1167,BRD-A43882281,pinacidil,-1.6272126,16.732706,-0.9161381,3,2,0,4.7297854,-0.9161381,-1.6272126
1168,BRD-K80738081,resveratrol,-0.8756906,2.184637,-1.303735,3,2,0,0.0017371575,-0.8756906,-1.303735
1169,BRD-K81847782,scandenin,35.51419,-0.85775554,-46.65755,3,2,0,-4.0003715,-0.85775554,-46.65755
1170,BRD-K62929068,6-benzylaminopurine,-0.845666,15.265034,-1.7618041,3,2,0,4.2191877,-0.845666,-1.7618041
1171,BRD-K41903098,diphenoxylate,28.521622,-0.845666,-8.045177,3,2,0,6.543593,-0.845666,-8.045177
1172,BRD-A18579359,wiskostatin,-0.8451484,-3.2064834,27.808485,3,2,0,7.918951,-0.8451484,-3.2064834
1173,BRD-K72903603,zidovudine,0.0,-13.382148,-0.8104299,3,2,0,-4.7308593,-0.8104299,-13.382148
1174,BRD-A61793559,metolazone,0.0,-29.501705,-0.7751938,3,2,0,-10.092299,-0.7751938,-29.501705
1175,BRD-A87445400,yohimbine,0.0,-15.291097,-0.7751938,3,2,0,-5.35543,-0.7751938,-15.291097
1176,BRD-K42098891,protriptyline,0.0,-0.7751938,-3.8407328,3,2,0,-1.5386423,-0.7751938,-3.8407328
1177,BRD-K40965114,cyanopindolol,5.402758,-0.7751938,-0.79220057,3,2,0,1.2784547,-0.7751938,-0.79220057
1178,BRD-K54704028,BAY-36-7620,-13.59857,-0.7399577,0.7047216,3,2,0,-4.544602,-0.7399577,-13.59857
1179,BRD-K54708045,nTZDpa,0.0,-6.85211,-0.7399577,3,2,0,-2.5306892,-0.7399577,-6.85211
1180,BRD-K50135270,GBR-12935,-3.7350247,3.6130261,-0.7399577,3,2,0,-0.2873188,-0.7399577,-3.7350247
1181,BRD-K76872913,benzanthrone,-1.8584703,15.971027,-0.7111643,3,2,0,4.467131,-0.7111643,-1.8584703
1182,BRD-K06557128,voriconazole,0.0,-0.7047216,-18.405712,3,2,0,-6.3701444,-0.7047216,-18.405712
1183,BRD-K86930074,cediranib,0.0,-0.66948557,-54.262344,3,2,0,-18.31061,-0.66948557,-54.262344
1184,BRD-K37270826,mifepristone,-2.149401,-0.66948557,4.7439117,3,2,0,0.64167506,-0.66948557,-2.149401
1185,BRD-K32536677,AGK-2,-21.816803,43.41661,-0.66948557,3,2,0,6.9767737,-0.66948557,-21.816803
1186,BRD-K87932577,NSC-693868,0.0,-0.63424945,-34.703968,3,2,0,-11.779407,-0.63424945,-34.703968
1187,BRD-A81402010,KU-C103443N,0.0,-0.63424945,-6.6289964,3,2,0,-2.4210818,-0.63424945,-6.6289964
1188,BRD-K78294846,osthol,-0.5990134,-28.595976,4.6114798,3,2,0,-8.194504,-0.5990134,-28.595976
1189,BRD-K14888893,minoxidil,-0.5990134,-4.6735516,11.816105,3,2,0,2.18118,-0.5990134,-4.6735516
1190,BRD-K66404838,nalbuphine,12.236267,-1.0923185,-0.5990134,3,2,0,3.5149784,-0.5990134,-1.0923185
1191,BRD-K82562631,tolmetin,-0.5990134,28.17516,-2.7131784,3,2,0,8.287656,-0.5990134,-2.7131784
1192,BRD-K92015269,GBR-12783,0.28188866,-0.5637773,-2.3178394,3,2,0,-0.86657596,-0.5637773,-2.3178394
1193,BRD-A77291778,cyclopentolate,-0.5637773,1.8675123,-1.5856236,3,2,0,-0.09396287,-0.5637773,-1.5856236
1194,BRD-K15933101,ropinirole,0.0,-0.5285412,-9.82851,3,2,0,-3.4523506,-0.5285412,-9.82851
1195,BRD-A51829654,BRL-15572,0.0,-5.573511,-0.5285412,3,2,0,-2.0340173,-0.5285412,-5.573511
1196,BRD-A14395271,mesoridazine,-0.5285412,3.534175,-0.5990134,3,2,0,0.8022068,-0.5285412,-0.5990134
1197,BRD-K66198023,losartan,-0.51832235,-3.1360114,0.9907381,3,2,0,-0.88786525,-0.51832235,-3.1360114
1198,BRD-K85090592,pilocarpine,0.422833,-0.49330515,-75.36759,3,2,0,-25.146019,-0.49330515,-75.36759
1199,BRD-K63828191,raloxifene,0.0,-0.5792383,-0.49330515,3,2,0,-0.35751447,-0.49330515,-0.5792383
1200,BRD-K35483542,alitretinoin,-0.49330515,-4.580691,14.611232,3,2,0,3.1790783,-0.49330515,-4.580691
1201,BRD-K63630713,etacrynic-acid,1.0570824,-0.45806906,-11.71606,3,2,0,-3.705682,-0.45806906,-11.71606
1202,BRD-U88459701,atorvastatin,0.0,-1.7618041,-0.45806906,3,2,0,-0.73995775,-0.45806906,-1.7618041
1203,BRD-K26657438,imiquimod,-0.45806906,-5.8868904,8.121692,3,2,0,0.5922441,-0.45806906,-5.8868904
1204,BRD-K16664969,GTP-14564,0.0,-23.005817,-0.422833,3,2,0,-7.80955,-0.422833,-23.005817
1205,BRD-K88759641,EMD-66684,-11.14558,-0.422833,3.9259367,3,2,0,-2.5474923,-0.422833,-11.14558
1206,BRD-A85424553,thioperamide,0.0,-13.879182,-0.3894005,3,2,0,-4.756194,-0.3894005,-13.879182
1207,BRD-A34806832,proscillaridin,-0.3875969,-23.883726,0.0,3,2,0,-8.090441,-0.3875969,-23.883726
1208,BRD-K12102668,nialamide,-0.3875969,16.860403,-20.932888,3,2,0,-1.486694,-0.3875969,-20.932888
1209,BRD-A79672927,tropicamide,0.070472166,-0.5990134,-0.3875969,3,2,0,-0.30537936,-0.3875969,-0.5990134
1210,BRD-A02176148,tubaic-acid,0.0,-5.9524717,-0.3523608,3,2,0,-2.101611,-0.3523608,-5.9524717
1211,BRD-A97437073,rosiglitazone,0.0,-1.4700514,-0.31712472,3,2,0,-0.59572536,-0.31712472,-1.4700514
1212,BRD-K60770992,pergolide,-0.31712472,-4.9330516,5.2041225,3,2,0,-0.015351255,-0.31712472,-4.9330516
1213,BRD-A39390670,rabeprazole,0.7751938,-0.31712472,-0.33320355,3,2,0,0.041621845,-0.31712472,-0.33320355
1214,BRD-K71499074,diclofenamide,-0.31712472,-0.45806906,1.3346252,3,2,0,0.18647714,-0.31712472,-0.45806906
1215,BRD-K87158025,benzamil,0.0,-0.28188866,-0.95137423,3,2,0,-0.41108763,-0.28188866,-0.95137423
1216,BRD-K09778810,FGIN-1-27,0.035236083,-0.8104299,-0.28188866,3,2,0,-0.3523608,-0.28188866,-0.8104299
1217,BRD-K87990216,piretanide,-1.8498223,-0.28188866,2.0084567,3,2,0,-0.041084766,-0.28188866,-1.8498223
1218,BRD-A35519318,benidipine,-0.28188866,22.645687,-22.200499,3,2,0,0.054433286,-0.28188866,-22.200499
1219,BRD-A04553218,chlorphenamine,-0.28188866,-0.45806906,1.726568,3,2,0,0.3288701,-0.28188866,-0.45806906
1220,BRD-K90733503,cephalexin,-0.24665257,-14.2624235,16.591412,3,2,0,0.6941118,-0.24665257,-14.2624235
1221,BRD-A26095496,clobetasol,-0.24665257,-7.836043,15.141375,3,2,0,2.352893,-0.24665257,-7.836043
1222,BRD-K00615600,AG-14361,-0.1761804,-4.0169134,1.7618041,3,2,0,-0.8104299,-0.1761804,-4.0169134
1223,BRD-A07780951,orciprenaline,0.0,-0.1761804,-1.8675123,3,2,0,-0.68123096,-0.1761804,-1.8675123
1224,BRD-K51313569,palbociclib,0.0,-0.7399577,-0.1761804,3,2,0,-0.30537936,-0.1761804,-0.7399577
1225,BRD-K52080565,nandrolone,-0.5990134,0.45806906,-0.1761804,3,2,0,-0.10570824,-0.1761804,-0.5990134
1226,BRD-K79425933,benperidol,-0.1761804,25.958292,-1.3389711,3,2,0,8.147714,-0.1761804,-1.3389711
1227,BRD-A05186015,bupropion,-0.17464876,3.3121917,-2.4665258,3,2,0,0.22367239,-0.17464876,-2.4665258
1228,BRD-K09416995,lovastatin,-0.14094433,2.0436928,-9.760395,3,2,0,-2.6192157,-0.14094433,-9.760395
1229,BRD-A57382968,piroxicam,-0.14094433,5.7082453,-9.739006,3,2,0,-1.3905684,-0.14094433,-9.739006
1230,BRD-A79768653,sirolimus,0.070472166,-0.14094433,-0.66948557,3,2,0,-0.24665259,-0.14094433,-0.66948557
1231,BRD-K45033733,famciclovir,-0.14094433,3.1360114,-2.0084567,3,2,0,0.3288701,-0.14094433,-2.0084567
1232,BRD-K82135108,elesclomol,-0.14094433,-1.0218464,25.013382,3,2,0,7.950197,-0.14094433,-1.0218464
1233,BRD-K81528515,nilotinib,-0.10570825,-17.297497,5.989209,3,2,0,-3.8046653,-0.10570825,-17.297497
1234,BRD-K35531059,molsidomine,-0.10570825,-1.4446794,1.4094433,3,2,0,-0.046981454,-0.10570825,-1.4446794
1235,BRD-K63979671,etifenin,-0.10570825,-8.261377,15.170153,3,2,0,2.267689,-0.10570825,-8.261377
1236,BRD-K18574842,nafcillin,-0.10570825,-13.832986,22.352463,3,2,0,2.8045895,-0.10570825,-13.832986
1237,BRD-K00627859,tubastatin-a,-0.070472166,0.0,-2.184637,3,2,0,-0.7517031,-0.070472166,-2.184637
1238,BRD-K32821942,azathioprine,0.029706802,-0.070472166,-0.10570825,3,2,0,-0.048824538,-0.070472166,-0.10570825
1239,BRD-K59962020,CHEMBL-374350,-0.035236083,0.45806906,-2.320288,3,2,0,-0.632485,-0.035236083,-2.320288
1240,BRD-K30480208,torasemide,-0.035236083,-2.3157709,1.3742071,3,2,0,-0.32559994,-0.035236083,-2.3157709
1241,BRD-A67799922,phenoxybenzamine,-0.029156819,22.89135,-5.410268,3,2,0,5.8173084,-0.029156819,-5.410268
