signature,job_id,query,pert_id,pert_iname,pert_type,tau
ATLAS_SIG_B_TOP100,6a92e7670262700013c4e5e9,ATLAS_SIG_B_TOP100,BRD-A09094913,strychnine,trt_cp,46.057945
ATLAS_SIG_B_TOP100,6a92e7670262700013c4e5e9,ATLAS_SIG_B_TOP100,BRD-A55393291,testosterone,trt_cp,-73.701614
ATLAS_SIG_B_TOP100,6a92e7670262700013c4e5e9,ATLAS_SIG_B_TOP100,BRD-A93255169,thalidomide,trt_cp,-19.807978
ATLAS_SIG_B_TOP100,6a92e7670262700013c4e5e9,ATLAS_SIG_B_TOP100,BRD-K41731458,triclosan,trt_cp,21.339296
ATLAS_SIG_B_TOP100,6a92e7670262700013c4e5e9,ATLAS_SIG_B_TOP100,BRD-K63675182,triflupromazine,trt_cp,82.02201
ATLAS_SIG_B_TOP100,6a92e7670262700013c4e5e9,ATLAS_SIG_B_TOP100,BRD-A19195498,trimipramine,trt_cp,-31.97786
ATLAS_SIG_B_TOP100,6a92e7670262700013c4e5e9,ATLAS_SIG_B_TOP100,BRD-K99621550,tubocurarine,trt_cp,-12.620192
ATLAS_SIG_B_TOP100,6a92e7670262700013c4e5e9,ATLAS_SIG_B_TOP100,BRD-A51714012,venlafaxine,trt_cp,-5.4251604
ATLAS_SIG_B_TOP100,6a92e7670262700013c4e5e9,ATLAS_SIG_B_TOP100,BRD-K45117373,Y-26763,trt_cp,42.297028
ATLAS_SIG_B_TOP100,6a92e7670262700013c4e5e9,ATLAS_SIG_B_TOP100,BRD-K42095107,daidzein,trt_cp,-11.170626
ATLAS_SIG_B_TOP100,6a92e7670262700013c4e5e9,ATLAS_SIG_B_TOP100,BRD-K61269089,daphnetin,trt_cp,-43.49672
ATLAS_SIG_B_TOP100,6a92e7670262700013c4e5e9,ATLAS_SIG_B_TOP100,BRD-A47494775,dipivefrine,trt_cp,2.7131784
ATLAS_SIG_B_TOP100,6a92e7670262700013c4e5e9,ATLAS_SIG_B_TOP100,BRD-A18620900,estriol,trt_cp,-12.397411
ATLAS_SIG_B_TOP100,6a92e7670262700013c4e5e9,ATLAS_SIG_B_TOP100,BRD-A02367930,ethinyl-estradiol,trt_cp,8.577066
ATLAS_SIG_B_TOP100,6a92e7670262700013c4e5e9,ATLAS_SIG_B_TOP100,BRD-A61392169,eliprodil,trt_cp,-18.237556
ATLAS_SIG_B_TOP100,6a92e7670262700013c4e5e9,ATLAS_SIG_B_TOP100,BRD-A30205217,ethotoin,trt_cp,9.992527
ATLAS_SIG_B_TOP100,6a92e7670262700013c4e5e9,ATLAS_SIG_B_TOP100,BRD-A09925278,etilefrine,trt_cp,10.004815
ATLAS_SIG_B_TOP100,6a92e7670262700013c4e5e9,ATLAS_SIG_B_TOP100,BRD-A18419789,etoposide,trt_cp,-5.6713047
ATLAS_SIG_B_TOP100,6a92e7670262700013c4e5e9,ATLAS_SIG_B_TOP100,BRD-K61951118,FG-7142,trt_cp,-5.60758
ATLAS_SIG_B_TOP100,6a92e7670262700013c4e5e9,ATLAS_SIG_B_TOP100,BRD-A13133631,fluorometholone,trt_cp,-19.840298
ATLAS_SIG_B_TOP100,6a92e7670262700013c4e5e9,ATLAS_SIG_B_TOP100,BRD-K11129031,gemfibrozil,trt_cp,7.584703
ATLAS_SIG_B_TOP100,6a92e7670262700013c4e5e9,ATLAS_SIG_B_TOP100,BRD-K26117720,gingerol,trt_cp,-4.582148
ATLAS_SIG_B_TOP100,6a92e7670262700013c4e5e9,ATLAS_SIG_B_TOP100,BRD-A73859745,glycodeoxycholic-acid,trt_cp,-11.176701
ATLAS_SIG_B_TOP100,6a92e7670262700013c4e5e9,ATLAS_SIG_B_TOP100,BRD-A09539288,homatropine,trt_cp,91.46611
ATLAS_SIG_B_TOP100,6a92e7670262700013c4e5e9,ATLAS_SIG_B_TOP100,BRD-A78303415,hyoscyamine,trt_cp,-5.4615927
ATLAS_SIG_B_TOP100,6a92e7670262700013c4e5e9,ATLAS_SIG_B_TOP100,BRD-A63998256,helveticoside,trt_cp,3.1589756
ATLAS_SIG_B_TOP100,6a92e7670262700013c4e5e9,ATLAS_SIG_B_TOP100,BRD-A47065382,huperzine-a,trt_cp,3.911205
ATLAS_SIG_B_TOP100,6a92e7670262700013c4e5e9,ATLAS_SIG_B_TOP100,BRD-A98299281,"hydroxytacrine-maleate-(r,s)",trt_cp,57.408836
ATLAS_SIG_B_TOP100,6a92e7670262700013c4e5e9,ATLAS_SIG_B_TOP100,BRD-A37776212,ICI-204448,trt_cp,-7.4995956
ATLAS_SIG_B_TOP100,6a92e7670262700013c4e5e9,ATLAS_SIG_B_TOP100,BRD-K38436528,imipramine,trt_cp,-6.142618
ATLAS_SIG_B_TOP100,6a92e7670262700013c4e5e9,ATLAS_SIG_B_TOP100,BRD-A95869247,indapamide,trt_cp,25.88114
ATLAS_SIG_B_TOP100,6a92e7670262700013c4e5e9,ATLAS_SIG_B_TOP100,BRD-K86509404,iso-olomoucine,trt_cp,18.083065
ATLAS_SIG_B_TOP100,6a92e7670262700013c4e5e9,ATLAS_SIG_B_TOP100,BRD-A52326238,isogedunin,trt_cp,2.572234
ATLAS_SIG_B_TOP100,6a92e7670262700013c4e5e9,ATLAS_SIG_B_TOP100,BRD-A16700644,isoxsuprine,trt_cp,1.0923185
ATLAS_SIG_B_TOP100,6a92e7670262700013c4e5e9,ATLAS_SIG_B_TOP100,BRD-K13211965,L-741742,trt_cp,9.464324
ATLAS_SIG_B_TOP100,6a92e7670262700013c4e5e9,ATLAS_SIG_B_TOP100,BRD-A68039575,liquiritigenin,trt_cp,24.20532
ATLAS_SIG_B_TOP100,6a92e7670262700013c4e5e9,ATLAS_SIG_B_TOP100,BRD-K88789588,letrozole,trt_cp,34.276127
ATLAS_SIG_B_TOP100,6a92e7670262700013c4e5e9,ATLAS_SIG_B_TOP100,BRD-A50764878,MDL-73005EF,trt_cp,7.751938
ATLAS_SIG_B_TOP100,6a92e7670262700013c4e5e9,ATLAS_SIG_B_TOP100,BRD-K02867583,minaprine,trt_cp,-0.9866103
ATLAS_SIG_B_TOP100,6a92e7670262700013c4e5e9,ATLAS_SIG_B_TOP100,BRD-A30435184,metergoline,trt_cp,47.08712
ATLAS_SIG_B_TOP100,6a92e7670262700013c4e5e9,ATLAS_SIG_B_TOP100,BRD-A45543382,metrizamide,trt_cp,-2.5369978
ATLAS_SIG_B_TOP100,6a92e7670262700013c4e5e9,ATLAS_SIG_B_TOP100,BRD-A65280694,molindone,trt_cp,-2.2551093
ATLAS_SIG_B_TOP100,6a92e7670262700013c4e5e9,ATLAS_SIG_B_TOP100,BRD-K21548250,moracizine,trt_cp,5.567301
ATLAS_SIG_B_TOP100,6a92e7670262700013c4e5e9,ATLAS_SIG_B_TOP100,BRD-K62056274,N-methylquipazine,trt_cp,-33.667915
ATLAS_SIG_B_TOP100,6a92e7670262700013c4e5e9,ATLAS_SIG_B_TOP100,BRD-K41143549,N20C,trt_cp,-71.683685
ATLAS_SIG_B_TOP100,6a92e7670262700013c4e5e9,ATLAS_SIG_B_TOP100,BRD-K26979635,NS-3694,trt_cp,-30.994476
ATLAS_SIG_B_TOP100,6a92e7670262700013c4e5e9,ATLAS_SIG_B_TOP100,BRD-A80213327,NSC-23766,trt_cp,8.184715
ATLAS_SIG_B_TOP100,6a92e7670262700013c4e5e9,ATLAS_SIG_B_TOP100,BRD-K88172511,naltrexone,trt_cp,-9.665401
ATLAS_SIG_B_TOP100,6a92e7670262700013c4e5e9,ATLAS_SIG_B_TOP100,BRD-A19736161,ondansetron,trt_cp,1.3265347
ATLAS_SIG_B_TOP100,6a92e7670262700013c4e5e9,ATLAS_SIG_B_TOP100,BRD-K50841342,PAC-1,trt_cp,0.0
ATLAS_SIG_B_TOP100,6a92e7670262700013c4e5e9,ATLAS_SIG_B_TOP100,BRD-A70407468,PSB-36,trt_cp,19.416143
ATLAS_SIG_B_TOP100,6a92e7670262700013c4e5e9,ATLAS_SIG_B_TOP100,BRD-A59303141,quinethazone,trt_cp,9.328825
ATLAS_SIG_B_TOP100,6a92e7670262700013c4e5e9,ATLAS_SIG_B_TOP100,BRD-K86600316,RS-79948,trt_cp,-4.8625793
ATLAS_SIG_B_TOP100,6a92e7670262700013c4e5e9,ATLAS_SIG_B_TOP100,BRD-A92585442,RU-28318,trt_cp,1.1275547
ATLAS_SIG_B_TOP100,6a92e7670262700013c4e5e9,ATLAS_SIG_B_TOP100,BRD-A65739223,ramipril,trt_cp,-25.663988
ATLAS_SIG_B_TOP100,6a92e7670262700013c4e5e9,ATLAS_SIG_B_TOP100,BRD-K27141178,SB-203186,trt_cp,-7.7036543
ATLAS_SIG_B_TOP100,6a92e7670262700013c4e5e9,ATLAS_SIG_B_TOP100,BRD-K55748775,SCH-28080,trt_cp,-6.2940426
ATLAS_SIG_B_TOP100,6a92e7670262700013c4e5e9,ATLAS_SIG_B_TOP100,BRD-A91992993,siguazodan,trt_cp,5.1209874
ATLAS_SIG_B_TOP100,6a92e7670262700013c4e5e9,ATLAS_SIG_B_TOP100,BRD-K46211610,tolazoline,trt_cp,-4.721635
ATLAS_SIG_B_TOP100,6a92e7670262700013c4e5e9,ATLAS_SIG_B_TOP100,BRD-A30717181,triamcinolone,trt_cp,46.131737
ATLAS_SIG_B_TOP100,6a92e7670262700013c4e5e9,ATLAS_SIG_B_TOP100,BRD-K11742128,triprolidine,trt_cp,-44.621677
ATLAS_SIG_B_TOP100,6a92e7670262700013c4e5e9,ATLAS_SIG_B_TOP100,BRD-A79672927,tropicamide,trt_cp,-0.5990134
ATLAS_SIG_B_TOP100,6a92e7670262700013c4e5e9,ATLAS_SIG_B_TOP100,BRD-K48427617,U-0124,trt_cp,-39.553844
ATLAS_SIG_B_TOP100,6a92e7670262700013c4e5e9,ATLAS_SIG_B_TOP100,BRD-K47207162,zimelidine,trt_cp,-1.784864
ATLAS_SIG_B_TOP100,6a92e7670262700013c4e5e9,ATLAS_SIG_B_TOP100,BRD-A47513740,calyculin,trt_cp,93.74149
ATLAS_SIG_B_TOP100,6a92e7670262700013c4e5e9,ATLAS_SIG_B_TOP100,BRD-K56231354,triprolidine,trt_cp,-11.296581
ATLAS_SIG_B_TOP100,6a92e7670262700013c4e5e9,ATLAS_SIG_B_TOP100,BRD-K89732114,trifluoperazine,trt_cp,21.591066
ATLAS_SIG_B_TOP100,6a92e7670262700013c4e5e9,ATLAS_SIG_B_TOP100,BRD-A18763547,BAX-channel-blocker,trt_cp,25.469599
ATLAS_SIG_B_TOP100,6a92e7670262700013c4e5e9,ATLAS_SIG_B_TOP100,BRD-A83255679,BRD-A83255679,trt_cp,-1.0570824
ATLAS_SIG_B_TOP100,6a92e7670262700013c4e5e9,ATLAS_SIG_B_TOP100,BRD-K00317371,RITA,trt_cp,-45.81842
ATLAS_SIG_B_TOP100,6a92e7670262700013c4e5e9,ATLAS_SIG_B_TOP100,BRD-K06593056,LE-135,trt_cp,-2.572234
ATLAS_SIG_B_TOP100,6a92e7670262700013c4e5e9,ATLAS_SIG_B_TOP100,BRD-K12184916,NVP-BEZ235,trt_cp,0.0
ATLAS_SIG_B_TOP100,6a92e7670262700013c4e5e9,ATLAS_SIG_B_TOP100,BRD-K15563106,phloretin,trt_cp,-37.116245
ATLAS_SIG_B_TOP100,6a92e7670262700013c4e5e9,ATLAS_SIG_B_TOP100,BRD-K19295594,gossypol,trt_cp,-33.31175
ATLAS_SIG_B_TOP100,6a92e7670262700013c4e5e9,ATLAS_SIG_B_TOP100,BRD-K20755323,SKI-II,trt_cp,1.1627907
ATLAS_SIG_B_TOP100,6a92e7670262700013c4e5e9,ATLAS_SIG_B_TOP100,BRD-K26664453,cytochalasin-b,trt_cp,3.288619
ATLAS_SIG_B_TOP100,6a92e7670262700013c4e5e9,ATLAS_SIG_B_TOP100,BRD-K32536677,AGK-2,trt_cp,43.41661
ATLAS_SIG_B_TOP100,6a92e7670262700013c4e5e9,ATLAS_SIG_B_TOP100,BRD-K36927236,glibenclamide,trt_cp,10.528376
ATLAS_SIG_B_TOP100,6a92e7670262700013c4e5e9,ATLAS_SIG_B_TOP100,BRD-K53414658,tivozanib,trt_cp,10.26399
ATLAS_SIG_B_TOP100,6a92e7670262700013c4e5e9,ATLAS_SIG_B_TOP100,BRD-K54256913,MK-1775,trt_cp,21.613354
ATLAS_SIG_B_TOP100,6a92e7670262700013c4e5e9,ATLAS_SIG_B_TOP100,BRD-K68143200,NSC-95397,trt_cp,51.31653
ATLAS_SIG_B_TOP100,6a92e7670262700013c4e5e9,ATLAS_SIG_B_TOP100,BRD-K93176058,AC-55649,trt_cp,-21.009426
ATLAS_SIG_B_TOP100,6a92e7670262700013c4e5e9,ATLAS_SIG_B_TOP100,BRD-K94325918,kinetin-riboside,trt_cp,-73.839066
ATLAS_SIG_B_TOP100,6a92e7670262700013c4e5e9,ATLAS_SIG_B_TOP100,BRD-K95609758,BMS-191011,trt_cp,-31.584824
ATLAS_SIG_B_TOP100,6a92e7670262700013c4e5e9,ATLAS_SIG_B_TOP100,BRD-K96354014,nifedipine,trt_cp,-35.130684
ATLAS_SIG_B_TOP100,6a92e7670262700013c4e5e9,ATLAS_SIG_B_TOP100,BRD-K30064966,BRD-K30064966,trt_cp,39.031654
ATLAS_SIG_B_TOP100,6a92e7670262700013c4e5e9,ATLAS_SIG_B_TOP100,BRD-K56301217,ABT-737,trt_cp,-36.547043
ATLAS_SIG_B_TOP100,6a92e7670262700013c4e5e9,ATLAS_SIG_B_TOP100,BRD-K82746043,navitoclax,trt_cp,-26.469765
ATLAS_SIG_B_TOP100,6a92e7670262700013c4e5e9,ATLAS_SIG_B_TOP100,BRD-A67373739,AICA-ribonucleotide,trt_cp,-30.75285
ATLAS_SIG_B_TOP100,6a92e7670262700013c4e5e9,ATLAS_SIG_B_TOP100,BRD-K47983010,BX-795,trt_cp,6.4560556
ATLAS_SIG_B_TOP100,6a92e7670262700013c4e5e9,ATLAS_SIG_B_TOP100,BRD-K05653692,DL-PDMP,trt_cp,56.554077
ATLAS_SIG_B_TOP100,6a92e7670262700013c4e5e9,ATLAS_SIG_B_TOP100,BRD-K01976263,emetine,trt_cp,-96.723045
ATLAS_SIG_B_TOP100,6a92e7670262700013c4e5e9,ATLAS_SIG_B_TOP100,BRD-A68631409,evodiamine,trt_cp,-17.494099
ATLAS_SIG_B_TOP100,6a92e7670262700013c4e5e9,ATLAS_SIG_B_TOP100,BRD-K09778810,FGIN-1-27,trt_cp,-0.8104299
ATLAS_SIG_B_TOP100,6a92e7670262700013c4e5e9,ATLAS_SIG_B_TOP100,BRD-K85606544,neratinib,trt_cp,57.989246
ATLAS_SIG_B_TOP100,6a92e7670262700013c4e5e9,ATLAS_SIG_B_TOP100,BRD-K33583600,isoliquiritigenin,trt_cp,79.383575
ATLAS_SIG_B_TOP100,6a92e7670262700013c4e5e9,ATLAS_SIG_B_TOP100,BRD-K67566344,KU-0063794,trt_cp,-1.3742071
ATLAS_SIG_B_TOP100,6a92e7670262700013c4e5e9,ATLAS_SIG_B_TOP100,BRD-K37865504,LY-2183240,trt_cp,2.7836504
ATLAS_SIG_B_TOP100,6a92e7670262700013c4e5e9,ATLAS_SIG_B_TOP100,BRD-K35960502,niclosamide,trt_cp,12.29019
ATLAS_SIG_B_TOP100,6a92e7670262700013c4e5e9,ATLAS_SIG_B_TOP100,BRD-K48692744,NU-1025,trt_cp,-29.447258
ATLAS_SIG_B_TOP100,6a92e7670262700013c4e5e9,ATLAS_SIG_B_TOP100,BRD-K08589866,linsitinib,trt_cp,-8.0673485
ATLAS_SIG_B_TOP100,6a92e7670262700013c4e5e9,ATLAS_SIG_B_TOP100,BRD-K92991072,PAC-1,trt_cp,1.7280622
ATLAS_SIG_B_TOP100,6a92e7670262700013c4e5e9,ATLAS_SIG_B_TOP100,BRD-K11853856,PJ-34,trt_cp,34.924023
ATLAS_SIG_B_TOP100,6a92e7670262700013c4e5e9,ATLAS_SIG_B_TOP100,BRD-K16554956,PTB1,trt_cp,-3.8553214
ATLAS_SIG_B_TOP100,6a92e7670262700013c4e5e9,ATLAS_SIG_B_TOP100,BRD-K02407574,parbendazole,trt_cp,85.33974
ATLAS_SIG_B_TOP100,6a92e7670262700013c4e5e9,ATLAS_SIG_B_TOP100,BRD-K98548675,parthenolide,trt_cp,92.45113
ATLAS_SIG_B_TOP100,6a92e7670262700013c4e5e9,ATLAS_SIG_B_TOP100,BRD-K01292756,pimozide,trt_cp,37.2933
ATLAS_SIG_B_TOP100,6a92e7670262700013c4e5e9,ATLAS_SIG_B_TOP100,BRD-A45889380,mepacrine,trt_cp,89.00634
ATLAS_SIG_B_TOP100,6a92e7670262700013c4e5e9,ATLAS_SIG_B_TOP100,BRD-K21672174,Ro-28-1675,trt_cp,-34.97466
ATLAS_SIG_B_TOP100,6a92e7670262700013c4e5e9,ATLAS_SIG_B_TOP100,BRD-A97437073,rosiglitazone,trt_cp,-1.4700514
ATLAS_SIG_B_TOP100,6a92e7670262700013c4e5e9,ATLAS_SIG_B_TOP100,BRD-K03816923,rottlerin,trt_cp,-1.5503876
ATLAS_SIG_B_TOP100,6a92e7670262700013c4e5e9,ATLAS_SIG_B_TOP100,BRD-K53855319,SRT-1720,trt_cp,12.215756
ATLAS_SIG_B_TOP100,6a92e7670262700013c4e5e9,ATLAS_SIG_B_TOP100,BRD-A35588707,teniposide,trt_cp,-17.689169
ATLAS_SIG_B_TOP100,6a92e7670262700013c4e5e9,ATLAS_SIG_B_TOP100,BRD-K51575138,TPCA-1,trt_cp,-43.639847
ATLAS_SIG_B_TOP100,6a92e7670262700013c4e5e9,ATLAS_SIG_B_TOP100,BRD-K80527266,triacsin-c,trt_cp,-86.06775
ATLAS_SIG_B_TOP100,6a92e7670262700013c4e5e9,ATLAS_SIG_B_TOP100,BRD-K74236984,UNC-0321,trt_cp,-78.77869
ATLAS_SIG_B_TOP100,6a92e7670262700013c4e5e9,ATLAS_SIG_B_TOP100,BRD-K87947369,tozasertib,trt_cp,3.3725805
ATLAS_SIG_B_TOP100,6a92e7670262700013c4e5e9,ATLAS_SIG_B_TOP100,BRD-K12994359,valdecoxib,trt_cp,-2.0084567
ATLAS_SIG_B_TOP100,6a92e7670262700013c4e5e9,ATLAS_SIG_B_TOP100,BRD-K71799949,carbamazepine,trt_cp,16.630302
ATLAS_SIG_B_TOP100,6a92e7670262700013c4e5e9,ATLAS_SIG_B_TOP100,BRD-A85860691,chaetocin,trt_cp,69.23867
ATLAS_SIG_B_TOP100,6a92e7670262700013c4e5e9,ATLAS_SIG_B_TOP100,BRD-A38030642,cyclosporin-a,trt_cp,-38.283497
ATLAS_SIG_B_TOP100,6a92e7670262700013c4e5e9,ATLAS_SIG_B_TOP100,BRD-K35723520,darinaparsin,trt_cp,-13.327713
ATLAS_SIG_B_TOP100,6a92e7670262700013c4e5e9,ATLAS_SIG_B_TOP100,BRD-K82135108,elesclomol,trt_cp,-1.0218464
ATLAS_SIG_B_TOP100,6a92e7670262700013c4e5e9,ATLAS_SIG_B_TOP100,BRD-K14888893,minoxidil,trt_cp,-4.6735516
ATLAS_SIG_B_TOP100,6a92e7670262700013c4e5e9,ATLAS_SIG_B_TOP100,BRD-A75517195,thiazolopyrimidine,trt_cp,5.240394
ATLAS_SIG_B_TOP100,6a92e7670262700013c4e5e9,ATLAS_SIG_B_TOP100,BRD-A75409952,wortmannin,trt_cp,0.03483856
ATLAS_SIG_B_TOP100,6a92e7670262700013c4e5e9,ATLAS_SIG_B_TOP100,BRD-A81541225,oligomycin-a,trt_cp,-93.9972
ATLAS_SIG_B_TOP100,6a92e7670262700013c4e5e9,ATLAS_SIG_B_TOP100,BRD-K81418486,vorinostat,trt_cp,74.42141
ATLAS_SIG_B_TOP100,6a92e7670262700013c4e5e9,ATLAS_SIG_B_TOP100,BRD-K61033289,15-delta-prostaglandin-j2,trt_cp,46.41044
ATLAS_SIG_B_TOP100,6a92e7670262700013c4e5e9,ATLAS_SIG_B_TOP100,BRD-K88560311,rucaparib,trt_cp,-23.761574
ATLAS_SIG_B_TOP100,6a92e7670262700013c4e5e9,ATLAS_SIG_B_TOP100,BRD-K08703257,3-amino-benzamide,trt_cp,-21.064146
ATLAS_SIG_B_TOP100,6a92e7670262700013c4e5e9,ATLAS_SIG_B_TOP100,BRD-K09907482,PRL-3-inhibitor-I,trt_cp,-28.334888
ATLAS_SIG_B_TOP100,6a92e7670262700013c4e5e9,ATLAS_SIG_B_TOP100,BRD-K59184148,SB-216763,trt_cp,-44.115448
ATLAS_SIG_B_TOP100,6a92e7670262700013c4e5e9,ATLAS_SIG_B_TOP100,BRD-K12762134,XAV-939,trt_cp,-11.214052
ATLAS_SIG_B_TOP100,6a92e7670262700013c4e5e9,ATLAS_SIG_B_TOP100,BRD-K26657438,imiquimod,trt_cp,-5.8868904
ATLAS_SIG_B_TOP100,6a92e7670262700013c4e5e9,ATLAS_SIG_B_TOP100,BRD-K93754473,tamoxifen,trt_cp,-1.0570824
ATLAS_SIG_B_TOP100,6a92e7670262700013c4e5e9,ATLAS_SIG_B_TOP100,BRD-K27316855,calcitriol,trt_cp,2.5886211
ATLAS_SIG_B_TOP100,6a92e7670262700013c4e5e9,ATLAS_SIG_B_TOP100,BRD-A13122391,triptolide,trt_cp,50.771053
ATLAS_SIG_B_TOP100,6a92e7670262700013c4e5e9,ATLAS_SIG_B_TOP100,BRD-A71390734,idarubicin,trt_cp,18.35336
ATLAS_SIG_B_TOP100,6a92e7670262700013c4e5e9,ATLAS_SIG_B_TOP100,BRD-K91623615,ABT-751,trt_cp,28.907219
ATLAS_SIG_B_TOP100,6a92e7670262700013c4e5e9,ATLAS_SIG_B_TOP100,BRD-K07303502,arachidonyl-trifluoro-methane,trt_cp,32.854065
ATLAS_SIG_B_TOP100,6a92e7670262700013c4e5e9,ATLAS_SIG_B_TOP100,BRD-K78959463,FPL-64176,trt_cp,-18.324192
ATLAS_SIG_B_TOP100,6a92e7670262700013c4e5e9,ATLAS_SIG_B_TOP100,BRD-K09499853,KU-0060648,trt_cp,74.87437
ATLAS_SIG_B_TOP100,6a92e7670262700013c4e5e9,ATLAS_SIG_B_TOP100,BRD-K28470988,L-690330,trt_cp,-1.0482725
ATLAS_SIG_B_TOP100,6a92e7670262700013c4e5e9,ATLAS_SIG_B_TOP100,BRD-K69328504,L-690488,trt_cp,4.0521493
ATLAS_SIG_B_TOP100,6a92e7670262700013c4e5e9,ATLAS_SIG_B_TOP100,BRD-K76205745,losartan,trt_cp,-6.800564
ATLAS_SIG_B_TOP100,6a92e7670262700013c4e5e9,ATLAS_SIG_B_TOP100,BRD-K78126613,menadione,trt_cp,6.0364537
ATLAS_SIG_B_TOP100,6a92e7670262700013c4e5e9,ATLAS_SIG_B_TOP100,BRD-K67844266,pevonedistat,trt_cp,-22.674932
ATLAS_SIG_B_TOP100,6a92e7670262700013c4e5e9,ATLAS_SIG_B_TOP100,BRD-K62810658,PD-98059,trt_cp,-3.488372
ATLAS_SIG_B_TOP100,6a92e7670262700013c4e5e9,ATLAS_SIG_B_TOP100,BRD-K80738081,resveratrol,trt_cp,2.184637
ATLAS_SIG_B_TOP100,6a92e7670262700013c4e5e9,ATLAS_SIG_B_TOP100,BRD-K23875128,RHO-kinase-inhibitor-III[rockout],trt_cp,-75.69568
ATLAS_SIG_B_TOP100,6a92e7670262700013c4e5e9,ATLAS_SIG_B_TOP100,BRD-K50128260,sildenafil,trt_cp,23.593685
ATLAS_SIG_B_TOP100,6a92e7670262700013c4e5e9,ATLAS_SIG_B_TOP100,BRD-K28360340,TW-37,trt_cp,0.63424945
ATLAS_SIG_B_TOP100,6a92e7670262700013c4e5e9,ATLAS_SIG_B_TOP100,BRD-A09533288,verapamil,trt_cp,-43.12323
ATLAS_SIG_B_TOP100,6a92e7670262700013c4e5e9,ATLAS_SIG_B_TOP100,BRD-U88459701,atorvastatin,trt_cp,-1.7618041
ATLAS_SIG_B_TOP100,6a92e7670262700013c4e5e9,ATLAS_SIG_B_TOP100,BRD-A69951442,dexamethasone,trt_cp,-26.880026
ATLAS_SIG_B_TOP100,6a92e7670262700013c4e5e9,ATLAS_SIG_B_TOP100,BRD-A25004090,erastin,trt_cp,-6.4581385
ATLAS_SIG_B_TOP100,6a92e7670262700013c4e5e9,ATLAS_SIG_B_TOP100,BRD-K15108141,gemcitabine,trt_cp,17.333858
ATLAS_SIG_B_TOP100,6a92e7670262700013c4e5e9,ATLAS_SIG_B_TOP100,BRD-K59222562,BRD-K59222562,trt_cp,-89.29127
ATLAS_SIG_B_TOP100,6a92e7670262700013c4e5e9,ATLAS_SIG_B_TOP100,BRD-A18279961,BRD-A18279961,trt_cp,4.1578574
ATLAS_SIG_B_TOP100,6a92e7670262700013c4e5e9,ATLAS_SIG_B_TOP100,BRD-A38793261,BRD-A38793261,trt_cp,-5.990134
ATLAS_SIG_B_TOP100,6a92e7670262700013c4e5e9,ATLAS_SIG_B_TOP100,BRD-K37456065,VU-0365114-2,trt_cp,-15.150288
ATLAS_SIG_B_TOP100,6a92e7670262700013c4e5e9,ATLAS_SIG_B_TOP100,BRD-K44432556,VU-0418946-1,trt_cp,-5.320648
ATLAS_SIG_B_TOP100,6a92e7670262700013c4e5e9,ATLAS_SIG_B_TOP100,BRD-A19500257,geldanamycin,trt_cp,1.3456566
ATLAS_SIG_B_TOP100,6a92e7670262700013c4e5e9,ATLAS_SIG_B_TOP100,BRD-K24127443,BRD-K24127443,trt_cp,2.2198732
ATLAS_SIG_B_TOP100,6a92e7670262700013c4e5e9,ATLAS_SIG_B_TOP100,BRD-K35133769,BRD-K35133769,trt_cp,12.472073
ATLAS_SIG_B_TOP100,6a92e7670262700013c4e5e9,ATLAS_SIG_B_TOP100,BRD-K68756823,FR-180204,trt_cp,-4.792107
ATLAS_SIG_B_TOP100,6a92e7670262700013c4e5e9,ATLAS_SIG_B_TOP100,BRD-K30649484,mafenide,trt_cp,54.51062
ATLAS_SIG_B_TOP100,6a92e7670262700013c4e5e9,ATLAS_SIG_B_TOP100,BRD-K39823328,VU-0366037-2,trt_cp,-14.964619
ATLAS_SIG_B_TOP100,6a92e7670262700013c4e5e9,ATLAS_SIG_B_TOP100,BRD-A34208323,VU-0404997-2,trt_cp,8.527132
ATLAS_SIG_B_TOP100,6a92e7670262700013c4e5e9,ATLAS_SIG_B_TOP100,BRD-K83010055,VU-0415374-1,trt_cp,-12.876731
ATLAS_SIG_B_TOP100,6a92e7670262700013c4e5e9,ATLAS_SIG_B_TOP100,BRD-K74501079,azithromycin,trt_cp,16.902063
ATLAS_SIG_B_TOP100,6a92e7670262700013c4e5e9,ATLAS_SIG_B_TOP100,BRD-A35108200,dexamethasone,trt_cp,-32.249184
ATLAS_SIG_B_TOP100,6a92e7670262700013c4e5e9,ATLAS_SIG_B_TOP100,BRD-A69512159,carbidopa,trt_cp,10.150555
ATLAS_SIG_B_TOP100,6a92e7670262700013c4e5e9,ATLAS_SIG_B_TOP100,BRD-K02637541,celecoxib,trt_cp,0.5285412
ATLAS_SIG_B_TOP100,6a92e7670262700013c4e5e9,ATLAS_SIG_B_TOP100,BRD-A42571354,cetirizine,trt_cp,-22.151243
ATLAS_SIG_B_TOP100,6a92e7670262700013c4e5e9,ATLAS_SIG_B_TOP100,BRD-A47598013,citalopram,trt_cp,21.70086
ATLAS_SIG_B_TOP100,6a92e7670262700013c4e5e9,ATLAS_SIG_B_TOP100,BRD-K27721098,clopidogrel,trt_cp,82.06672
ATLAS_SIG_B_TOP100,6a92e7670262700013c4e5e9,ATLAS_SIG_B_TOP100,BRD-K05673000,dicloxacillin,trt_cp,-77.3276
ATLAS_SIG_B_TOP100,6a92e7670262700013c4e5e9,ATLAS_SIG_B_TOP100,BRD-A16998493,etodolac,trt_cp,30.654652
ATLAS_SIG_B_TOP100,6a92e7670262700013c4e5e9,ATLAS_SIG_B_TOP100,BRD-A81233518,glycopyrrolate,trt_cp,4.3203063
ATLAS_SIG_B_TOP100,6a92e7670262700013c4e5e9,ATLAS_SIG_B_TOP100,BRD-A01320529,salmeterol,trt_cp,3.3796282
ATLAS_SIG_B_TOP100,6a92e7670262700013c4e5e9,ATLAS_SIG_B_TOP100,BRD-K55070890,thiothixene,trt_cp,66.09182
ATLAS_SIG_B_TOP100,6a92e7670262700013c4e5e9,ATLAS_SIG_B_TOP100,BRD-K92000912,AM-251,trt_cp,0.7047216
ATLAS_SIG_B_TOP100,6a92e7670262700013c4e5e9,ATLAS_SIG_B_TOP100,BRD-K41410256,balsalazide,trt_cp,4.6159267
ATLAS_SIG_B_TOP100,6a92e7670262700013c4e5e9,ATLAS_SIG_B_TOP100,BRD-A46179541,doxapram,trt_cp,-61.557808
ATLAS_SIG_B_TOP100,6a92e7670262700013c4e5e9,ATLAS_SIG_B_TOP100,BRD-K67783091,haloperidol,trt_cp,9.844547
ATLAS_SIG_B_TOP100,6a92e7670262700013c4e5e9,ATLAS_SIG_B_TOP100,BRD-A66435872,HTMT,trt_cp,3.3528428
ATLAS_SIG_B_TOP100,6a92e7670262700013c4e5e9,ATLAS_SIG_B_TOP100,BRD-K12102668,nialamide,trt_cp,16.860403
ATLAS_SIG_B_TOP100,6a92e7670262700013c4e5e9,ATLAS_SIG_B_TOP100,BRD-K67637637,olopatadine,trt_cp,8.163357
ATLAS_SIG_B_TOP100,6a92e7670262700013c4e5e9,ATLAS_SIG_B_TOP100,BRD-K00234327,RU-24969,trt_cp,11.077289
ATLAS_SIG_B_TOP100,6a92e7670262700013c4e5e9,ATLAS_SIG_B_TOP100,BRD-A75769826,SDM-25N,trt_cp,-57.412
ATLAS_SIG_B_TOP100,6a92e7670262700013c4e5e9,ATLAS_SIG_B_TOP100,BRD-A01826957,xanthinol,trt_cp,35.584896
ATLAS_SIG_B_TOP100,6a92e7670262700013c4e5e9,ATLAS_SIG_B_TOP100,BRD-A70083328,secnidazole,trt_cp,-36.271267
ATLAS_SIG_B_TOP100,6a92e7670262700013c4e5e9,ATLAS_SIG_B_TOP100,BRD-K98530306,clonidine,trt_cp,5.080403
ATLAS_SIG_B_TOP100,6a92e7670262700013c4e5e9,ATLAS_SIG_B_TOP100,BRD-A36074203,remacemide,trt_cp,45.876755
ATLAS_SIG_B_TOP100,6a92e7670262700013c4e5e9,ATLAS_SIG_B_TOP100,BRD-K02130563,panobinostat,trt_cp,74.03336
ATLAS_SIG_B_TOP100,6a92e7670262700013c4e5e9,ATLAS_SIG_B_TOP100,BRD-K26818574,BIX-01294,trt_cp,2.8893588
ATLAS_SIG_B_TOP100,6a92e7670262700013c4e5e9,ATLAS_SIG_B_TOP100,BRD-K07403598,CAY-10470,trt_cp,5.941649
ATLAS_SIG_B_TOP100,6a92e7670262700013c4e5e9,ATLAS_SIG_B_TOP100,BRD-K05396879,15-delta-prostaglandin-j2,trt_cp,-0.9866103
ATLAS_SIG_B_TOP100,6a92e7670262700013c4e5e9,ATLAS_SIG_B_TOP100,BRD-K00656370,6-aminochrysene,trt_cp,-3.8878546
ATLAS_SIG_B_TOP100,6a92e7670262700013c4e5e9,ATLAS_SIG_B_TOP100,BRD-K56001384,antimycin-a,trt_cp,11.720535
ATLAS_SIG_B_TOP100,6a92e7670262700013c4e5e9,ATLAS_SIG_B_TOP100,BRD-K10573841,tunicamycin,trt_cp,-15.148933
ATLAS_SIG_B_TOP100,6a92e7670262700013c4e5e9,ATLAS_SIG_B_TOP100,BRD-A19037878,trichostatin-a,trt_cp,47.99138
ATLAS_SIG_B_TOP100,6a92e7670262700013c4e5e9,ATLAS_SIG_B_TOP100,BRD-K87426499,BRD-K87426499,trt_cp,-98.71467
ATLAS_SIG_B_TOP100,6a92e7670262700013c4e5e9,ATLAS_SIG_B_TOP100,BRD-A66395008,parthenolide,trt_cp,-68.24616
ATLAS_SIG_B_TOP100,6a92e7670262700013c4e5e9,ATLAS_SIG_B_TOP100,BRD-K79254416,decitabine,trt_cp,0.0
ATLAS_SIG_B_TOP100,6a92e7670262700013c4e5e9,ATLAS_SIG_B_TOP100,BRD-K25504083,cytochalasin-d,trt_cp,-47.879147
ATLAS_SIG_B_TOP100,6a92e7670262700013c4e5e9,ATLAS_SIG_B_TOP100,BRD-K97056771,GNF-2,trt_cp,2.0084567
ATLAS_SIG_B_TOP100,6a92e7670262700013c4e5e9,ATLAS_SIG_B_TOP100,BRD-K29733039,deforolimus,trt_cp,-6.4015203
ATLAS_SIG_B_TOP100,6a92e7670262700013c4e5e9,ATLAS_SIG_B_TOP100,BRD-K07881437,danusertib,trt_cp,-46.443993
ATLAS_SIG_B_TOP100,6a92e7670262700013c4e5e9,ATLAS_SIG_B_TOP100,BRD-K16478699,PLX-4720,trt_cp,-12.686185
ATLAS_SIG_B_TOP100,6a92e7670262700013c4e5e9,ATLAS_SIG_B_TOP100,BRD-K71823332,epothilone-a,trt_cp,2.8188865
ATLAS_SIG_B_TOP100,6a92e7670262700013c4e5e9,ATLAS_SIG_B_TOP100,BRD-K47832606,floxuridine,trt_cp,47.346573
ATLAS_SIG_B_TOP100,6a92e7670262700013c4e5e9,ATLAS_SIG_B_TOP100,BRD-K35687265,ON-01910,trt_cp,-41.826263
ATLAS_SIG_B_TOP100,6a92e7670262700013c4e5e9,ATLAS_SIG_B_TOP100,BRD-K64881305,ispinesib,trt_cp,0.0
ATLAS_SIG_B_TOP100,6a92e7670262700013c4e5e9,ATLAS_SIG_B_TOP100,BRD-K31553034,zibotentan,trt_cp,-31.146858
ATLAS_SIG_B_TOP100,6a92e7670262700013c4e5e9,ATLAS_SIG_B_TOP100,BRD-K19416115,sitagliptin,trt_cp,-95.04602
ATLAS_SIG_B_TOP100,6a92e7670262700013c4e5e9,ATLAS_SIG_B_TOP100,BRD-K31283835,tofacitinib,trt_cp,-7.9641037
ATLAS_SIG_B_TOP100,6a92e7670262700013c4e5e9,ATLAS_SIG_B_TOP100,BRD-K22096725,ALW-II-49-7,trt_cp,-90.098976
ATLAS_SIG_B_TOP100,6a92e7670262700013c4e5e9,ATLAS_SIG_B_TOP100,BRD-A45664787,iloprost,trt_cp,15.207065
ATLAS_SIG_B_TOP100,6a92e7670262700013c4e5e9,ATLAS_SIG_B_TOP100,BRD-K74133369,oligomycin-a,trt_cp,-1.7970402
ATLAS_SIG_B_TOP100,6a92e7670262700013c4e5e9,ATLAS_SIG_B_TOP100,BRD-K55991774,BAS-09104376,trt_cp,-75.29918
ATLAS_SIG_B_TOP100,6a92e7670262700013c4e5e9,ATLAS_SIG_B_TOP100,BRD-A02333338,cyclopamine,trt_cp,0.0
ATLAS_SIG_B_TOP100,6a92e7670262700013c4e5e9,ATLAS_SIG_B_TOP100,BRD-K07888107,depudecin,trt_cp,33.591084
ATLAS_SIG_B_TOP100,6a92e7670262700013c4e5e9,ATLAS_SIG_B_TOP100,BRD-A32161980,carbetocin,trt_cp,-61.636898
ATLAS_SIG_B_TOP100,6a92e7670262700013c4e5e9,ATLAS_SIG_B_TOP100,BRD-K50140147,NVP-TAE684,trt_cp,1.559434
ATLAS_SIG_B_TOP100,6a92e7670262700013c4e5e9,ATLAS_SIG_B_TOP100,BRD-K92723993,imatinib,trt_cp,15.4361105
ATLAS_SIG_B_TOP100,6a92e7670262700013c4e5e9,ATLAS_SIG_B_TOP100,BRD-K49865102,PD-0325901,trt_cp,-85.03055
ATLAS_SIG_B_TOP100,6a92e7670262700013c4e5e9,ATLAS_SIG_B_TOP100,BRD-K63068307,ZSTK-474,trt_cp,21.43027
ATLAS_SIG_B_TOP100,6a92e7670262700013c4e5e9,ATLAS_SIG_B_TOP100,BRD-K17743125,belinostat,trt_cp,74.62095
ATLAS_SIG_B_TOP100,6a92e7670262700013c4e5e9,ATLAS_SIG_B_TOP100,BRD-K71512533,SNS-314,trt_cp,53.454803
ATLAS_SIG_B_TOP100,6a92e7670262700013c4e5e9,ATLAS_SIG_B_TOP100,BRD-K89839824,raltitrexed,trt_cp,0.3875969
ATLAS_SIG_B_TOP100,6a92e7670262700013c4e5e9,ATLAS_SIG_B_TOP100,BRD-K77175907,calcifediol,trt_cp,-1.5031481
ATLAS_SIG_B_TOP100,6a92e7670262700013c4e5e9,ATLAS_SIG_B_TOP100,BRD-K50387473,XMD-892,trt_cp,0.0
ATLAS_SIG_B_TOP100,6a92e7670262700013c4e5e9,ATLAS_SIG_B_TOP100,BRD-K32836707,CAY-10577,trt_cp,-42.26599
ATLAS_SIG_B_TOP100,6a92e7670262700013c4e5e9,ATLAS_SIG_B_TOP100,BRD-K24994810,androstenol,trt_cp,-43.960052
ATLAS_SIG_B_TOP100,6a92e7670262700013c4e5e9,ATLAS_SIG_B_TOP100,BRD-K40255344,tyrphostin-A9,trt_cp,-4.0384865
ATLAS_SIG_B_TOP100,6a92e7670262700013c4e5e9,ATLAS_SIG_B_TOP100,BRD-K06080977,eicosatetraynoic-acid,trt_cp,-4.0873857
ATLAS_SIG_B_TOP100,6a92e7670262700013c4e5e9,ATLAS_SIG_B_TOP100,BRD-K72703948,ZM-447439,trt_cp,7.733983
ATLAS_SIG_B_TOP100,6a92e7670262700013c4e5e9,ATLAS_SIG_B_TOP100,BRD-K97764662,PD-173074,trt_cp,-63.726395
ATLAS_SIG_B_TOP100,6a92e7670262700013c4e5e9,ATLAS_SIG_B_TOP100,BRD-K99369265,sirolimus,trt_cp,0.0
ATLAS_SIG_B_TOP100,6a92e7670262700013c4e5e9,ATLAS_SIG_B_TOP100,BRD-M64432851,sunitinib,trt_cp,-70.36962
ATLAS_SIG_B_TOP100,6a92e7670262700013c4e5e9,ATLAS_SIG_B_TOP100,BRD-K83988098,alvespimycin,trt_cp,28.511993
ATLAS_SIG_B_TOP100,6a92e7670262700013c4e5e9,ATLAS_SIG_B_TOP100,BRD-K17823458,danoprevir,trt_cp,-10.097717
ATLAS_SIG_B_TOP100,6a92e7670262700013c4e5e9,ATLAS_SIG_B_TOP100,BRD-K08206212,entecavir,trt_cp,0.0
ATLAS_SIG_B_TOP100,6a92e7670262700013c4e5e9,ATLAS_SIG_B_TOP100,BRD-K77008974,WYE-354,trt_cp,-1.0923185
ATLAS_SIG_B_TOP100,6a92e7670262700013c4e5e9,ATLAS_SIG_B_TOP100,BRD-K09186807,KIN001-244,trt_cp,-7.0037594
ATLAS_SIG_B_TOP100,6a92e7670262700013c4e5e9,ATLAS_SIG_B_TOP100,BRD-A26199074,calmidazolium,trt_cp,-15.833775
ATLAS_SIG_B_TOP100,6a92e7670262700013c4e5e9,ATLAS_SIG_B_TOP100,BRD-A37837077,cyclazosin,trt_cp,-1.0218464
ATLAS_SIG_B_TOP100,6a92e7670262700013c4e5e9,ATLAS_SIG_B_TOP100,BRD-K98426715,tubacin,trt_cp,-46.54914
ATLAS_SIG_B_TOP100,6a92e7670262700013c4e5e9,ATLAS_SIG_B_TOP100,BRD-A25576662,streptozotocin,trt_cp,-12.014807
ATLAS_SIG_B_TOP100,6a92e7670262700013c4e5e9,ATLAS_SIG_B_TOP100,BRD-A29644307,nomifensine,trt_cp,-15.169184
ATLAS_SIG_B_TOP100,6a92e7670262700013c4e5e9,ATLAS_SIG_B_TOP100,BRD-A64479082,quinidine,trt_cp,-11.069737
ATLAS_SIG_B_TOP100,6a92e7670262700013c4e5e9,ATLAS_SIG_B_TOP100,BRD-A80793822,pemoline,trt_cp,-23.855093
ATLAS_SIG_B_TOP100,6a92e7670262700013c4e5e9,ATLAS_SIG_B_TOP100,BRD-A82307304,atorvastatin,trt_cp,-38.053806
ATLAS_SIG_B_TOP100,6a92e7670262700013c4e5e9,ATLAS_SIG_B_TOP100,BRD-K04389336,labetalol,trt_cp,12.329595
ATLAS_SIG_B_TOP100,6a92e7670262700013c4e5e9,ATLAS_SIG_B_TOP100,BRD-K10852020,tolcapone,trt_cp,-19.783361
ATLAS_SIG_B_TOP100,6a92e7670262700013c4e5e9,ATLAS_SIG_B_TOP100,BRD-K15502390,nevirapine,trt_cp,-42.020172
ATLAS_SIG_B_TOP100,6a92e7670262700013c4e5e9,ATLAS_SIG_B_TOP100,BRD-K34098590,tienilic-acid,trt_cp,-85.91019
ATLAS_SIG_B_TOP100,6a92e7670262700013c4e5e9,ATLAS_SIG_B_TOP100,BRD-K35573744,erbstatin-analog,trt_cp,54.31866
ATLAS_SIG_B_TOP100,6a92e7670262700013c4e5e9,ATLAS_SIG_B_TOP100,BRD-K37194137,III606050,trt_cp,44.401054
ATLAS_SIG_B_TOP100,6a92e7670262700013c4e5e9,ATLAS_SIG_B_TOP100,BRD-K44276885,acarbose,trt_cp,1.4094433
ATLAS_SIG_B_TOP100,6a92e7670262700013c4e5e9,ATLAS_SIG_B_TOP100,BRD-K47679368,bromfenac,trt_cp,-7.827222
ATLAS_SIG_B_TOP100,6a92e7670262700013c4e5e9,ATLAS_SIG_B_TOP100,BRD-K55301415,abiraterone,trt_cp,-8.215973
ATLAS_SIG_B_TOP100,6a92e7670262700013c4e5e9,ATLAS_SIG_B_TOP100,BRD-K64517075,heliomycin,trt_cp,0.0
ATLAS_SIG_B_TOP100,6a92e7670262700013c4e5e9,ATLAS_SIG_B_TOP100,BRD-K66043364,noscapine,trt_cp,0.0
ATLAS_SIG_B_TOP100,6a92e7670262700013c4e5e9,ATLAS_SIG_B_TOP100,BRD-K66788707,fludarabine,trt_cp,14.655455
ATLAS_SIG_B_TOP100,6a92e7670262700013c4e5e9,ATLAS_SIG_B_TOP100,BRD-K71926323,marbofloxacin,trt_cp,5.3558846
ATLAS_SIG_B_TOP100,6a92e7670262700013c4e5e9,ATLAS_SIG_B_TOP100,BRD-K79602928,metformin,trt_cp,67.96314
ATLAS_SIG_B_TOP100,6a92e7670262700013c4e5e9,ATLAS_SIG_B_TOP100,BRD-K81473089,tacrine,trt_cp,-2.3198423
ATLAS_SIG_B_TOP100,6a92e7670262700013c4e5e9,ATLAS_SIG_B_TOP100,BRD-K93034159,cladribine,trt_cp,-21.410267
ATLAS_SIG_B_TOP100,6a92e7670262700013c4e5e9,ATLAS_SIG_B_TOP100,BRD-K98763141,niflumic-acid,trt_cp,-31.42279
ATLAS_SIG_B_TOP100,6a92e7670262700013c4e5e9,ATLAS_SIG_B_TOP100,BRD-K03406345,azacitidine,trt_cp,-37.281746
ATLAS_SIG_B_TOP100,6a92e7670262700013c4e5e9,ATLAS_SIG_B_TOP100,BRD-A29260609,acebutolol,trt_cp,-4.792107
ATLAS_SIG_B_TOP100,6a92e7670262700013c4e5e9,ATLAS_SIG_B_TOP100,BRD-A16754160,ampicillin,trt_cp,8.707054
ATLAS_SIG_B_TOP100,6a92e7670262700013c4e5e9,ATLAS_SIG_B_TOP100,BRD-K68264559,brimonidine,trt_cp,7.4899163
ATLAS_SIG_B_TOP100,6a92e7670262700013c4e5e9,ATLAS_SIG_B_TOP100,BRD-A34299591,budesonide,trt_cp,18.25855
ATLAS_SIG_B_TOP100,6a92e7670262700013c4e5e9,ATLAS_SIG_B_TOP100,BRD-K93461745,buspirone,trt_cp,-12.475911
ATLAS_SIG_B_TOP100,6a92e7670262700013c4e5e9,ATLAS_SIG_B_TOP100,BRD-K63641886,cefuroxime,trt_cp,9.5501585
ATLAS_SIG_B_TOP100,6a92e7670262700013c4e5e9,ATLAS_SIG_B_TOP100,BRD-K37289225,clozapine,trt_cp,0.31712472
ATLAS_SIG_B_TOP100,6a92e7670262700013c4e5e9,ATLAS_SIG_B_TOP100,BRD-K20920669,cromoglicic-acid,trt_cp,-1.9027485
ATLAS_SIG_B_TOP100,6a92e7670262700013c4e5e9,ATLAS_SIG_B_TOP100,BRD-A09722536,cyclophosphamide,trt_cp,60.60023
ATLAS_SIG_B_TOP100,6a92e7670262700013c4e5e9,ATLAS_SIG_B_TOP100,BRD-K87226815,cycloserine-(d),trt_cp,3.0456147
ATLAS_SIG_B_TOP100,6a92e7670262700013c4e5e9,ATLAS_SIG_B_TOP100,BRD-K62363391,dapsone,trt_cp,-36.852226
ATLAS_SIG_B_TOP100,6a92e7670262700013c4e5e9,ATLAS_SIG_B_TOP100,BRD-K81128206,edrophonium,trt_cp,1.4799154
ATLAS_SIG_B_TOP100,6a92e7670262700013c4e5e9,ATLAS_SIG_B_TOP100,BRD-K63828191,raloxifene,trt_cp,-0.5792383
ATLAS_SIG_B_TOP100,6a92e7670262700013c4e5e9,ATLAS_SIG_B_TOP100,BRD-A09472452,flecainide,trt_cp,-32.143135
ATLAS_SIG_B_TOP100,6a92e7670262700013c4e5e9,ATLAS_SIG_B_TOP100,BRD-K22662435,ganciclovir,trt_cp,51.074898
ATLAS_SIG_B_TOP100,6a92e7670262700013c4e5e9,ATLAS_SIG_B_TOP100,BRD-A17655518,ibuprofen,trt_cp,-1.4446794
ATLAS_SIG_B_TOP100,6a92e7670262700013c4e5e9,ATLAS_SIG_B_TOP100,BRD-K76723084,isotretinoin,trt_cp,1.2332629
ATLAS_SIG_B_TOP100,6a92e7670262700013c4e5e9,ATLAS_SIG_B_TOP100,BRD-A07440155,labetalol,trt_cp,-10.806827
ATLAS_SIG_B_TOP100,6a92e7670262700013c4e5e9,ATLAS_SIG_B_TOP100,BRD-K91601245,mercaptopurine,trt_cp,-1.691332
ATLAS_SIG_B_TOP100,6a92e7670262700013c4e5e9,ATLAS_SIG_B_TOP100,BRD-M40783228,mesna,trt_cp,2.2198732
ATLAS_SIG_B_TOP100,6a92e7670262700013c4e5e9,ATLAS_SIG_B_TOP100,BRD-A07780951,orciprenaline,trt_cp,-0.1761804
ATLAS_SIG_B_TOP100,6a92e7670262700013c4e5e9,ATLAS_SIG_B_TOP100,BRD-K63430059,methoxsalen,trt_cp,4.5454545
ATLAS_SIG_B_TOP100,6a92e7670262700013c4e5e9,ATLAS_SIG_B_TOP100,BRD-K21680192,mitoxantrone,trt_cp,83.9336
ATLAS_SIG_B_TOP100,6a92e7670262700013c4e5e9,ATLAS_SIG_B_TOP100,BRD-A29734509,disopyramide,trt_cp,33.40268
ATLAS_SIG_B_TOP100,6a92e7670262700013c4e5e9,ATLAS_SIG_B_TOP100,BRD-A65013509,oxybutynin,trt_cp,7.109872
ATLAS_SIG_B_TOP100,6a92e7670262700013c4e5e9,ATLAS_SIG_B_TOP100,BRD-A62326914,paroxetine,trt_cp,67.48513
ATLAS_SIG_B_TOP100,6a92e7670262700013c4e5e9,ATLAS_SIG_B_TOP100,BRD-K01507359,rifampicin,trt_cp,-69.727005
ATLAS_SIG_B_TOP100,6a92e7670262700013c4e5e9,ATLAS_SIG_B_TOP100,BRD-A50157456,terbutaline,trt_cp,-42.802612
ATLAS_SIG_B_TOP100,6a92e7670262700013c4e5e9,ATLAS_SIG_B_TOP100,BRD-A79479878,testosterone,trt_cp,74.015434
ATLAS_SIG_B_TOP100,6a92e7670262700013c4e5e9,ATLAS_SIG_B_TOP100,BRD-A24514565,warfarin,trt_cp,1.7618041
ATLAS_SIG_B_TOP100,6a92e7670262700013c4e5e9,ATLAS_SIG_B_TOP100,BRD-A23290232,westcort,trt_cp,-46.316273
ATLAS_SIG_B_TOP100,6a92e7670262700013c4e5e9,ATLAS_SIG_B_TOP100,BRD-K24023109,diltiazem,trt_cp,1.5576723
ATLAS_SIG_B_TOP100,6a92e7670262700013c4e5e9,ATLAS_SIG_B_TOP100,BRD-K38197229,bumetanide,trt_cp,-5.144468
ATLAS_SIG_B_TOP100,6a92e7670262700013c4e5e9,ATLAS_SIG_B_TOP100,BRD-K55930204,phenytoin,trt_cp,-91.62154
ATLAS_SIG_B_TOP100,6a92e7670262700013c4e5e9,ATLAS_SIG_B_TOP100,BRD-A44827100,erythromycin,trt_cp,-10.865241
ATLAS_SIG_B_TOP100,6a92e7670262700013c4e5e9,ATLAS_SIG_B_TOP100,BRD-K94353609,fluocinolone,trt_cp,-79.7097
ATLAS_SIG_B_TOP100,6a92e7670262700013c4e5e9,ATLAS_SIG_B_TOP100,BRD-K48168960,propylthiouracil,trt_cp,-26.34571
ATLAS_SIG_B_TOP100,6a92e7670262700013c4e5e9,ATLAS_SIG_B_TOP100,BRD-K89997465,chlorpromazine,trt_cp,3.8201542
ATLAS_SIG_B_TOP100,6a92e7670262700013c4e5e9,ATLAS_SIG_B_TOP100,BRD-K21520694,sulfacetamide,trt_cp,-12.260646
ATLAS_SIG_B_TOP100,6a92e7670262700013c4e5e9,ATLAS_SIG_B_TOP100,BRD-A48631911,mibefradil,trt_cp,90.47347
ATLAS_SIG_B_TOP100,6a92e7670262700013c4e5e9,ATLAS_SIG_B_TOP100,BRD-K11801786,trimidox,trt_cp,13.360192
ATLAS_SIG_B_TOP100,6a92e7670262700013c4e5e9,ATLAS_SIG_B_TOP100,BRD-K68132782,terbinafine,trt_cp,10.380306
ATLAS_SIG_B_TOP100,6a92e7670262700013c4e5e9,ATLAS_SIG_B_TOP100,BRD-K57886322,fluocinonide,trt_cp,-46.389793
ATLAS_SIG_B_TOP100,6a92e7670262700013c4e5e9,ATLAS_SIG_B_TOP100,BRD-K40645748,mefloquine,trt_cp,29.595676
ATLAS_SIG_B_TOP100,6a92e7670262700013c4e5e9,ATLAS_SIG_B_TOP100,BRD-K10016611,pyridine-2-aldoxime,trt_cp,-10.609988
ATLAS_SIG_B_TOP100,6a92e7670262700013c4e5e9,ATLAS_SIG_B_TOP100,BRD-K53790871,triamcinolone,trt_cp,79.265755
ATLAS_SIG_B_TOP100,6a92e7670262700013c4e5e9,ATLAS_SIG_B_TOP100,BRD-K92073408,norethisterone,trt_cp,-15.000673
ATLAS_SIG_B_TOP100,6a92e7670262700013c4e5e9,ATLAS_SIG_B_TOP100,BRD-K02265150,amoxapine,trt_cp,-21.397915
ATLAS_SIG_B_TOP100,6a92e7670262700013c4e5e9,ATLAS_SIG_B_TOP100,BRD-K86434416,selegiline,trt_cp,37.685806
ATLAS_SIG_B_TOP100,6a92e7670262700013c4e5e9,ATLAS_SIG_B_TOP100,BRD-A67799922,phenoxybenzamine,trt_cp,22.89135
ATLAS_SIG_B_TOP100,6a92e7670262700013c4e5e9,ATLAS_SIG_B_TOP100,BRD-K36862742,hydroflumethiazide,trt_cp,1.8675123
ATLAS_SIG_B_TOP100,6a92e7670262700013c4e5e9,ATLAS_SIG_B_TOP100,BRD-K95237249,probenecid,trt_cp,-31.417057
ATLAS_SIG_B_TOP100,6a92e7670262700013c4e5e9,ATLAS_SIG_B_TOP100,BRD-K79116891,proxymetacaine,trt_cp,-6.8885207
ATLAS_SIG_B_TOP100,6a92e7670262700013c4e5e9,ATLAS_SIG_B_TOP100,BRD-K50859149,sulfafurazole,trt_cp,-57.222908
ATLAS_SIG_B_TOP100,6a92e7670262700013c4e5e9,ATLAS_SIG_B_TOP100,BRD-K92049597,triamterene,trt_cp,-1.691332
ATLAS_SIG_B_TOP100,6a92e7670262700013c4e5e9,ATLAS_SIG_B_TOP100,BRD-A91555231,norepinephrine,trt_cp,-77.281006
ATLAS_SIG_B_TOP100,6a92e7670262700013c4e5e9,ATLAS_SIG_B_TOP100,BRD-A31312900,montelukast,trt_cp,0.0
ATLAS_SIG_B_TOP100,6a92e7670262700013c4e5e9,ATLAS_SIG_B_TOP100,BRD-A67605442,tetrahydrobiopterin,trt_cp,-30.49536
ATLAS_SIG_B_TOP100,6a92e7670262700013c4e5e9,ATLAS_SIG_B_TOP100,BRD-A79237180,ascorbic-acid,trt_cp,70.97977
ATLAS_SIG_B_TOP100,6a92e7670262700013c4e5e9,ATLAS_SIG_B_TOP100,BRD-K47323024,methapyrilene,trt_cp,16.337875
ATLAS_SIG_B_TOP100,6a92e7670262700013c4e5e9,ATLAS_SIG_B_TOP100,BRD-K88568253,iproniazid,trt_cp,-22.940119
ATLAS_SIG_B_TOP100,6a92e7670262700013c4e5e9,ATLAS_SIG_B_TOP100,BRD-K90543092,levonorgestrel,trt_cp,28.85249
ATLAS_SIG_B_TOP100,6a92e7670262700013c4e5e9,ATLAS_SIG_B_TOP100,BRD-K96037667,norethindrone,trt_cp,24.158197
ATLAS_SIG_B_TOP100,6a92e7670262700013c4e5e9,ATLAS_SIG_B_TOP100,BRD-K97810537,beclomethasone-dipropionate,trt_cp,-15.490071
ATLAS_SIG_B_TOP100,6a92e7670262700013c4e5e9,ATLAS_SIG_B_TOP100,BRD-A65282128,cefazolin,trt_cp,29.871378
ATLAS_SIG_B_TOP100,6a92e7670262700013c4e5e9,ATLAS_SIG_B_TOP100,BRD-K29950728,clomifene,trt_cp,28.007252
ATLAS_SIG_B_TOP100,6a92e7670262700013c4e5e9,ATLAS_SIG_B_TOP100,BRD-K86161929,cortisone,trt_cp,7.820516
ATLAS_SIG_B_TOP100,6a92e7670262700013c4e5e9,ATLAS_SIG_B_TOP100,BRD-A86044036,flurbiprofen-(+/-),trt_cp,6.3424945
ATLAS_SIG_B_TOP100,6a92e7670262700013c4e5e9,ATLAS_SIG_B_TOP100,BRD-K73978287,hydrocortisone,trt_cp,82.254745
ATLAS_SIG_B_TOP100,6a92e7670262700013c4e5e9,ATLAS_SIG_B_TOP100,BRD-K93568044,hydrocortisone,trt_cp,0.0
ATLAS_SIG_B_TOP100,6a92e7670262700013c4e5e9,ATLAS_SIG_B_TOP100,BRD-K67511046,naloxone,trt_cp,-25.201134
ATLAS_SIG_B_TOP100,6a92e7670262700013c4e5e9,ATLAS_SIG_B_TOP100,BRD-K32247306,primidone,trt_cp,-9.584214
ATLAS_SIG_B_TOP100,6a92e7670262700013c4e5e9,ATLAS_SIG_B_TOP100,BRD-K90885812,propantheline,trt_cp,-84.94934
ATLAS_SIG_B_TOP100,6a92e7670262700013c4e5e9,ATLAS_SIG_B_TOP100,BRD-K75089421,procainamide,trt_cp,-21.946564
ATLAS_SIG_B_TOP100,6a92e7670262700013c4e5e9,ATLAS_SIG_B_TOP100,BRD-K11905747,spectinomycin,trt_cp,-67.43215
ATLAS_SIG_B_TOP100,6a92e7670262700013c4e5e9,ATLAS_SIG_B_TOP100,BRD-K90027355,spironolactone,trt_cp,62.320084
ATLAS_SIG_B_TOP100,6a92e7670262700013c4e5e9,ATLAS_SIG_B_TOP100,BRD-K93880783,stavudine,trt_cp,34.166626
ATLAS_SIG_B_TOP100,6a92e7670262700013c4e5e9,ATLAS_SIG_B_TOP100,BRD-A36217750,sulfinpyrazone,trt_cp,6.747149
ATLAS_SIG_B_TOP100,6a92e7670262700013c4e5e9,ATLAS_SIG_B_TOP100,BRD-A87848830,bimatoprost,trt_cp,12.022827
ATLAS_SIG_B_TOP100,6a92e7670262700013c4e5e9,ATLAS_SIG_B_TOP100,BRD-K11558771,droxinostat,trt_cp,56.52032
ATLAS_SIG_B_TOP100,6a92e7670262700013c4e5e9,ATLAS_SIG_B_TOP100,BRD-K12002134,megestrol,trt_cp,-3.453136
ATLAS_SIG_B_TOP100,6a92e7670262700013c4e5e9,ATLAS_SIG_B_TOP100,BRD-K35458079,edaravone,trt_cp,7.9985905
ATLAS_SIG_B_TOP100,6a92e7670262700013c4e5e9,ATLAS_SIG_B_TOP100,BRD-K49519144,LY-2140023,trt_cp,-38.500805
ATLAS_SIG_B_TOP100,6a92e7670262700013c4e5e9,ATLAS_SIG_B_TOP100,BRD-K71289571,zafirlukast,trt_cp,-19.616613
ATLAS_SIG_B_TOP100,6a92e7670262700013c4e5e9,ATLAS_SIG_B_TOP100,BRD-K75430629,BRD-K75430629,trt_cp,-8.345327
ATLAS_SIG_B_TOP100,6a92e7670262700013c4e5e9,ATLAS_SIG_B_TOP100,BRD-K88868628,iodoacetic-acid,trt_cp,67.65996
ATLAS_SIG_B_TOP100,6a92e7670262700013c4e5e9,ATLAS_SIG_B_TOP100,BRD-K81272440,dantrolene,trt_cp,21.643755
ATLAS_SIG_B_TOP100,6a92e7670262700013c4e5e9,ATLAS_SIG_B_TOP100,BRD-K22031190,diflunisal,trt_cp,21.147974
ATLAS_SIG_B_TOP100,6a92e7670262700013c4e5e9,ATLAS_SIG_B_TOP100,BRD-A13188892,doxazosin,trt_cp,-6.941491
ATLAS_SIG_B_TOP100,6a92e7670262700013c4e5e9,ATLAS_SIG_B_TOP100,BRD-K44497846,enalapril,trt_cp,-3.3121917
ATLAS_SIG_B_TOP100,6a92e7670262700013c4e5e9,ATLAS_SIG_B_TOP100,BRD-K08273968,griseofulvin,trt_cp,-66.57971
ATLAS_SIG_B_TOP100,6a92e7670262700013c4e5e9,ATLAS_SIG_B_TOP100,BRD-A05352148,ipratropium,trt_cp,-2.0436928
ATLAS_SIG_B_TOP100,6a92e7670262700013c4e5e9,ATLAS_SIG_B_TOP100,BRD-A79803969,memantine,trt_cp,0.0
ATLAS_SIG_B_TOP100,6a92e7670262700013c4e5e9,ATLAS_SIG_B_TOP100,BRD-K83153774,mirtazapine,trt_cp,-25.91613
ATLAS_SIG_B_TOP100,6a92e7670262700013c4e5e9,ATLAS_SIG_B_TOP100,BRD-K89348303,ramipril,trt_cp,-7.257779
ATLAS_SIG_B_TOP100,6a92e7670262700013c4e5e9,ATLAS_SIG_B_TOP100,BRD-K08806317,timolol,trt_cp,-45.919903
ATLAS_SIG_B_TOP100,6a92e7670262700013c4e5e9,ATLAS_SIG_B_TOP100,BRD-K85119730,tolbutamide,trt_cp,-22.513252
ATLAS_SIG_B_TOP100,6a92e7670262700013c4e5e9,ATLAS_SIG_B_TOP100,BRD-K11433652,aspirin,trt_cp,-75.0353
ATLAS_SIG_B_TOP100,6a92e7670262700013c4e5e9,ATLAS_SIG_B_TOP100,BRD-K51418664,mitomycin-c,trt_cp,29.843586
ATLAS_SIG_B_TOP100,6a92e7670262700013c4e5e9,ATLAS_SIG_B_TOP100,BRD-K67102207,phenylbutyrate,trt_cp,17.26568
ATLAS_SIG_B_TOP100,6a92e7670262700013c4e5e9,ATLAS_SIG_B_TOP100,BRD-K56515112,medrysone,trt_cp,24.545849
ATLAS_SIG_B_TOP100,6a92e7670262700013c4e5e9,ATLAS_SIG_B_TOP100,BRD-K67043667,altretamine,trt_cp,-2.0084567
ATLAS_SIG_B_TOP100,6a92e7670262700013c4e5e9,ATLAS_SIG_B_TOP100,BRD-K57631554,5-aminolevulinic-acid,trt_cp,0.0
ATLAS_SIG_B_TOP100,6a92e7670262700013c4e5e9,ATLAS_SIG_B_TOP100,BRD-A50311610,meclizine,trt_cp,81.33138
ATLAS_SIG_B_TOP100,6a92e7670262700013c4e5e9,ATLAS_SIG_B_TOP100,BRD-K50398167,meclofenamic-acid,trt_cp,4.856342
ATLAS_SIG_B_TOP100,6a92e7670262700013c4e5e9,ATLAS_SIG_B_TOP100,BRD-K05395900,nicotine,trt_cp,-29.822062
ATLAS_SIG_B_TOP100,6a92e7670262700013c4e5e9,ATLAS_SIG_B_TOP100,BRD-K60762818,desipramine,trt_cp,40.310883
ATLAS_SIG_B_TOP100,6a92e7670262700013c4e5e9,ATLAS_SIG_B_TOP100,BRD-A99833829,bethanechol,trt_cp,40.36288
ATLAS_SIG_B_TOP100,6a92e7670262700013c4e5e9,ATLAS_SIG_B_TOP100,BRD-K72903603,zidovudine,trt_cp,-13.382148
ATLAS_SIG_B_TOP100,6a92e7670262700013c4e5e9,ATLAS_SIG_B_TOP100,BRD-A04308630,genipin,trt_cp,10.763468
ATLAS_SIG_B_TOP100,6a92e7670262700013c4e5e9,ATLAS_SIG_B_TOP100,BRD-A51382177,fosinopril,trt_cp,0.0
ATLAS_SIG_B_TOP100,6a92e7670262700013c4e5e9,ATLAS_SIG_B_TOP100,BRD-K01612348,meropenem,trt_cp,-73.15614
ATLAS_SIG_B_TOP100,6a92e7670262700013c4e5e9,ATLAS_SIG_B_TOP100,BRD-K09900591,caffeic-acid,trt_cp,-38.95047
ATLAS_SIG_B_TOP100,6a92e7670262700013c4e5e9,ATLAS_SIG_B_TOP100,BRD-K52522949,NCH-51,trt_cp,76.24683
ATLAS_SIG_B_TOP100,6a92e7670262700013c4e5e9,ATLAS_SIG_B_TOP100,BRD-K74763371,bosentan,trt_cp,-35.480804
ATLAS_SIG_B_TOP100,6a92e7670262700013c4e5e9,ATLAS_SIG_B_TOP100,BRD-K78373679,Ro-3306,trt_cp,-4.0169134
ATLAS_SIG_B_TOP100,6a92e7670262700013c4e5e9,ATLAS_SIG_B_TOP100,BRD-K94830329,ataluren,trt_cp,-48.34629
ATLAS_SIG_B_TOP100,6a92e7670262700013c4e5e9,ATLAS_SIG_B_TOP100,BRD-A20239487,atenolol-(+/-),trt_cp,-9.315193
ATLAS_SIG_B_TOP100,6a92e7670262700013c4e5e9,ATLAS_SIG_B_TOP100,BRD-K70976396,cefoxitin,trt_cp,-18.23487
ATLAS_SIG_B_TOP100,6a92e7670262700013c4e5e9,ATLAS_SIG_B_TOP100,BRD-K10799896,clobetasol,trt_cp,74.08916
ATLAS_SIG_B_TOP100,6a92e7670262700013c4e5e9,ATLAS_SIG_B_TOP100,BRD-A25067867,benzatropine,trt_cp,7.827487
ATLAS_SIG_B_TOP100,6a92e7670262700013c4e5e9,ATLAS_SIG_B_TOP100,BRD-K38775274,dexamethasone,trt_cp,-14.158325
ATLAS_SIG_B_TOP100,6a92e7670262700013c4e5e9,ATLAS_SIG_B_TOP100,BRD-K54462405,doxepin,trt_cp,-19.363598
ATLAS_SIG_B_TOP100,6a92e7670262700013c4e5e9,ATLAS_SIG_B_TOP100,BRD-A88774919,doxycycline,trt_cp,-12.144654
ATLAS_SIG_B_TOP100,6a92e7670262700013c4e5e9,ATLAS_SIG_B_TOP100,BRD-A75479906,rimantadine,trt_cp,15.742655
ATLAS_SIG_B_TOP100,6a92e7670262700013c4e5e9,ATLAS_SIG_B_TOP100,BRD-K47869605,podophyllotoxin,trt_cp,27.912113
ATLAS_SIG_B_TOP100,6a92e7670262700013c4e5e9,ATLAS_SIG_B_TOP100,BRD-A13946108,sulindac,trt_cp,5.106444
ATLAS_SIG_B_TOP100,6a92e7670262700013c4e5e9,ATLAS_SIG_B_TOP100,BRD-K06335600,tizanidine,trt_cp,0.0
ATLAS_SIG_B_TOP100,6a92e7670262700013c4e5e9,ATLAS_SIG_B_TOP100,BRD-A76019558,ketoconazole,trt_cp,-45.663555
ATLAS_SIG_B_TOP100,6a92e7670262700013c4e5e9,ATLAS_SIG_B_TOP100,BRD-K02123250,JNJ-38877605,trt_cp,28.097673
ATLAS_SIG_B_TOP100,6a92e7670262700013c4e5e9,ATLAS_SIG_B_TOP100,BRD-K79131256,albendazole,trt_cp,-3.5158231
ATLAS_SIG_B_TOP100,6a92e7670262700013c4e5e9,ATLAS_SIG_B_TOP100,BRD-A16478930,amcinonide,trt_cp,28.906952
ATLAS_SIG_B_TOP100,6a92e7670262700013c4e5e9,ATLAS_SIG_B_TOP100,BRD-K32821942,azathioprine,trt_cp,-0.070472166
ATLAS_SIG_B_TOP100,6a92e7670262700013c4e5e9,ATLAS_SIG_B_TOP100,BRD-K23204545,busulfan,trt_cp,6.505018
ATLAS_SIG_B_TOP100,6a92e7670262700013c4e5e9,ATLAS_SIG_B_TOP100,BRD-A80638690,floxuridine,trt_cp,41.25501
ATLAS_SIG_B_TOP100,6a92e7670262700013c4e5e9,ATLAS_SIG_B_TOP100,BRD-K05977355,fluconazole,trt_cp,9.274193
ATLAS_SIG_B_TOP100,6a92e7670262700013c4e5e9,ATLAS_SIG_B_TOP100,BRD-K61250553,loperamide,trt_cp,16.706392
ATLAS_SIG_B_TOP100,6a92e7670262700013c4e5e9,ATLAS_SIG_B_TOP100,BRD-A64092382,mexiletine,trt_cp,-21.536064
ATLAS_SIG_B_TOP100,6a92e7670262700013c4e5e9,ATLAS_SIG_B_TOP100,BRD-K82381502,acetylcholine,trt_cp,44.275055
ATLAS_SIG_B_TOP100,6a92e7670262700013c4e5e9,ATLAS_SIG_B_TOP100,BRD-A87606379,nadolol,trt_cp,-13.381566
ATLAS_SIG_B_TOP100,6a92e7670262700013c4e5e9,ATLAS_SIG_B_TOP100,BRD-A24228527,ofloxacin,trt_cp,-58.85514
ATLAS_SIG_B_TOP100,6a92e7670262700013c4e5e9,ATLAS_SIG_B_TOP100,BRD-K77695569,tiabendazole,trt_cp,-26.844849
ATLAS_SIG_B_TOP100,6a92e7670262700013c4e5e9,ATLAS_SIG_B_TOP100,BRD-A94793051,gestrinone,trt_cp,-65.46309
ATLAS_SIG_B_TOP100,6a92e7670262700013c4e5e9,ATLAS_SIG_B_TOP100,BRD-K87555556,amiodarone,trt_cp,80.76068
ATLAS_SIG_B_TOP100,6a92e7670262700013c4e5e9,ATLAS_SIG_B_TOP100,BRD-K93433262,alfacalcidol,trt_cp,0.0
ATLAS_SIG_B_TOP100,6a92e7670262700013c4e5e9,ATLAS_SIG_B_TOP100,BRD-K29458283,chlorambucil,trt_cp,-1.5856236
ATLAS_SIG_B_TOP100,6a92e7670262700013c4e5e9,ATLAS_SIG_B_TOP100,BRD-A75368507,demeclocycline,trt_cp,23.045828
ATLAS_SIG_B_TOP100,6a92e7670262700013c4e5e9,ATLAS_SIG_B_TOP100,BRD-K63630713,etacrynic-acid,trt_cp,-0.45806906
ATLAS_SIG_B_TOP100,6a92e7670262700013c4e5e9,ATLAS_SIG_B_TOP100,BRD-K12219985,glipizide,trt_cp,16.699696
ATLAS_SIG_B_TOP100,6a92e7670262700013c4e5e9,ATLAS_SIG_B_TOP100,BRD-K15262564,mupirocin,trt_cp,-73.87024
ATLAS_SIG_B_TOP100,6a92e7670262700013c4e5e9,ATLAS_SIG_B_TOP100,BRD-K10995081,perphenazine,trt_cp,19.00262
ATLAS_SIG_B_TOP100,6a92e7670262700013c4e5e9,ATLAS_SIG_B_TOP100,BRD-K43887077,dopamine,trt_cp,-7.117415
ATLAS_SIG_B_TOP100,6a92e7670262700013c4e5e9,ATLAS_SIG_B_TOP100,BRD-A31800922,procyclidine,trt_cp,-24.923943
ATLAS_SIG_B_TOP100,6a92e7670262700013c4e5e9,ATLAS_SIG_B_TOP100,BRD-K77987382,mebendazole,trt_cp,26.602566
ATLAS_SIG_B_TOP100,6a92e7670262700013c4e5e9,ATLAS_SIG_B_TOP100,BRD-K21317336,phentolamine,trt_cp,-30.546143
ATLAS_SIG_B_TOP100,6a92e7670262700013c4e5e9,ATLAS_SIG_B_TOP100,BRD-A55815733,phylloquinone,trt_cp,-62.428043
ATLAS_SIG_B_TOP100,6a92e7670262700013c4e5e9,ATLAS_SIG_B_TOP100,BRD-A53952395,prilocaine,trt_cp,-28.609875
ATLAS_SIG_B_TOP100,6a92e7670262700013c4e5e9,ATLAS_SIG_B_TOP100,BRD-A84481105,thioridazine,trt_cp,3.531534
ATLAS_SIG_B_TOP100,6a92e7670262700013c4e5e9,ATLAS_SIG_B_TOP100,BRD-K91699951,benzonatate,trt_cp,22.151047
ATLAS_SIG_B_TOP100,6a92e7670262700013c4e5e9,ATLAS_SIG_B_TOP100,BRD-A78322124,dobutamine,trt_cp,-9.790035
ATLAS_SIG_B_TOP100,6a92e7670262700013c4e5e9,ATLAS_SIG_B_TOP100,BRD-K55127134,fluphenazine,trt_cp,58.431194
ATLAS_SIG_B_TOP100,6a92e7670262700013c4e5e9,ATLAS_SIG_B_TOP100,BRD-K06926592,tretinoin,trt_cp,62.202263
ATLAS_SIG_B_TOP100,6a92e7670262700013c4e5e9,ATLAS_SIG_B_TOP100,BRD-K20655524,mefexamide,trt_cp,2.3255813
ATLAS_SIG_B_TOP100,6a92e7670262700013c4e5e9,ATLAS_SIG_B_TOP100,BRD-K77641333,naphazoline,trt_cp,-55.244522
ATLAS_SIG_B_TOP100,6a92e7670262700013c4e5e9,ATLAS_SIG_B_TOP100,BRD-A97701745,pindolol,trt_cp,-5.8882055
ATLAS_SIG_B_TOP100,6a92e7670262700013c4e5e9,ATLAS_SIG_B_TOP100,BRD-A48430263,pioglitazone,trt_cp,-26.866491
ATLAS_SIG_B_TOP100,6a92e7670262700013c4e5e9,ATLAS_SIG_B_TOP100,BRD-K32318651,acyclovir,trt_cp,6.906272
ATLAS_SIG_B_TOP100,6a92e7670262700013c4e5e9,ATLAS_SIG_B_TOP100,BRD-A09056319,alfuzosin,trt_cp,-10.709094
ATLAS_SIG_B_TOP100,6a92e7670262700013c4e5e9,ATLAS_SIG_B_TOP100,BRD-K53737926,amitriptyline,trt_cp,41.02167
ATLAS_SIG_B_TOP100,6a92e7670262700013c4e5e9,ATLAS_SIG_B_TOP100,BRD-K55044200,amoxicillin,trt_cp,66.95651
ATLAS_SIG_B_TOP100,6a92e7670262700013c4e5e9,ATLAS_SIG_B_TOP100,BRD-K97061094,azacyclonol,trt_cp,-18.948906
ATLAS_SIG_B_TOP100,6a92e7670262700013c4e5e9,ATLAS_SIG_B_TOP100,BRD-A91008255,bepridil,trt_cp,0.02317248
ATLAS_SIG_B_TOP100,6a92e7670262700013c4e5e9,ATLAS_SIG_B_TOP100,BRD-A39230911,chlorphenesin-carbamate,trt_cp,2.7131784
ATLAS_SIG_B_TOP100,6a92e7670262700013c4e5e9,ATLAS_SIG_B_TOP100,BRD-A26384407,chlorthalidone,trt_cp,-3.1072183
ATLAS_SIG_B_TOP100,6a92e7670262700013c4e5e9,ATLAS_SIG_B_TOP100,BRD-K73109821,diazoxide,trt_cp,12.363295
ATLAS_SIG_B_TOP100,6a92e7670262700013c4e5e9,ATLAS_SIG_B_TOP100,BRD-K68507560,dicycloverine,trt_cp,-13.759909
ATLAS_SIG_B_TOP100,6a92e7670262700013c4e5e9,ATLAS_SIG_B_TOP100,BRD-K01663662,diphenidol,trt_cp,-47.119408
ATLAS_SIG_B_TOP100,6a92e7670262700013c4e5e9,ATLAS_SIG_B_TOP100,BRD-A44008656,doxylamine,trt_cp,-9.44327
ATLAS_SIG_B_TOP100,6a92e7670262700013c4e5e9,ATLAS_SIG_B_TOP100,BRD-K63550407,erythromycin,trt_cp,8.407635
ATLAS_SIG_B_TOP100,6a92e7670262700013c4e5e9,ATLAS_SIG_B_TOP100,BRD-K12513978,fenbufen,trt_cp,5.3271284
ATLAS_SIG_B_TOP100,6a92e7670262700013c4e5e9,ATLAS_SIG_B_TOP100,BRD-K50388907,fenofibrate,trt_cp,-32.965202
ATLAS_SIG_B_TOP100,6a92e7670262700013c4e5e9,ATLAS_SIG_B_TOP100,BRD-K47639036,flavoxate,trt_cp,0.5637773
ATLAS_SIG_B_TOP100,6a92e7670262700013c4e5e9,ATLAS_SIG_B_TOP100,BRD-A25234499,aminoglutethimide,trt_cp,-11.181035
ATLAS_SIG_B_TOP100,6a92e7670262700013c4e5e9,ATLAS_SIG_B_TOP100,BRD-A75552914,isoxicam,trt_cp,-69.17119
ATLAS_SIG_B_TOP100,6a92e7670262700013c4e5e9,ATLAS_SIG_B_TOP100,BRD-A97739905,ketoprofen,trt_cp,24.585886
ATLAS_SIG_B_TOP100,6a92e7670262700013c4e5e9,ATLAS_SIG_B_TOP100,BRD-K92778217,mefenamic-acid,trt_cp,-16.796932
ATLAS_SIG_B_TOP100,6a92e7670262700013c4e5e9,ATLAS_SIG_B_TOP100,BRD-K07237224,moclobemide,trt_cp,56.655605
ATLAS_SIG_B_TOP100,6a92e7670262700013c4e5e9,ATLAS_SIG_B_TOP100,BRD-A26711594,nicardipine,trt_cp,8.103273
ATLAS_SIG_B_TOP100,6a92e7670262700013c4e5e9,ATLAS_SIG_B_TOP100,BRD-K97752965,nicorandil,trt_cp,55.50248
ATLAS_SIG_B_TOP100,6a92e7670262700013c4e5e9,ATLAS_SIG_B_TOP100,BRD-K12539581,nocodazole,trt_cp,-25.553284
ATLAS_SIG_B_TOP100,6a92e7670262700013c4e5e9,ATLAS_SIG_B_TOP100,BRD-A42759514,ornidazole,trt_cp,-10.729706
ATLAS_SIG_B_TOP100,6a92e7670262700013c4e5e9,ATLAS_SIG_B_TOP100,BRD-A23072235,pheniramine,trt_cp,90.49514
ATLAS_SIG_B_TOP100,6a92e7670262700013c4e5e9,ATLAS_SIG_B_TOP100,BRD-A21858158,praziquantel,trt_cp,10.407311
ATLAS_SIG_B_TOP100,6a92e7670262700013c4e5e9,ATLAS_SIG_B_TOP100,BRD-K30816563,ranitidine,trt_cp,-5.7765346
ATLAS_SIG_B_TOP100,6a92e7670262700013c4e5e9,ATLAS_SIG_B_TOP100,BRD-K36616567,doxepin,trt_cp,3.8365734
ATLAS_SIG_B_TOP100,6a92e7670262700013c4e5e9,ATLAS_SIG_B_TOP100,BRD-A31521121,methocarbamol,trt_cp,66.04953
ATLAS_SIG_B_TOP100,6a92e7670262700013c4e5e9,ATLAS_SIG_B_TOP100,BRD-K91263825,nortriptyline,trt_cp,69.03569
ATLAS_SIG_B_TOP100,6a92e7670262700013c4e5e9,ATLAS_SIG_B_TOP100,BRD-K79425933,benperidol,trt_cp,25.958292
ATLAS_SIG_B_TOP100,6a92e7670262700013c4e5e9,ATLAS_SIG_B_TOP100,BRD-K66876909,linezolid,trt_cp,-80.61222
ATLAS_SIG_B_TOP100,6a92e7670262700013c4e5e9,ATLAS_SIG_B_TOP100,BRD-K35559145,levomepromazine,trt_cp,-63.420815
ATLAS_SIG_B_TOP100,6a92e7670262700013c4e5e9,ATLAS_SIG_B_TOP100,BRD-K28912512,nicotinamide,trt_cp,51.590622
ATLAS_SIG_B_TOP100,6a92e7670262700013c4e5e9,ATLAS_SIG_B_TOP100,BRD-K13571841,pepstatin,trt_cp,23.983522
ATLAS_SIG_B_TOP100,6a92e7670262700013c4e5e9,ATLAS_SIG_B_TOP100,BRD-K85090592,pilocarpine,trt_cp,-0.49330515
ATLAS_SIG_B_TOP100,6a92e7670262700013c4e5e9,ATLAS_SIG_B_TOP100,BRD-A08187463,racecadotril,trt_cp,-6.850915
ATLAS_SIG_B_TOP100,6a92e7670262700013c4e5e9,ATLAS_SIG_B_TOP100,BRD-K50938287,sumatriptan,trt_cp,-84.55716
ATLAS_SIG_B_TOP100,6a92e7670262700013c4e5e9,ATLAS_SIG_B_TOP100,BRD-K32164935,tolazamide,trt_cp,10.528284
ATLAS_SIG_B_TOP100,6a92e7670262700013c4e5e9,ATLAS_SIG_B_TOP100,BRD-A60197193,amisulpride,trt_cp,-9.104758
ATLAS_SIG_B_TOP100,6a92e7670262700013c4e5e9,ATLAS_SIG_B_TOP100,BRD-A68723818,brompheniramine,trt_cp,15.785031
ATLAS_SIG_B_TOP100,6a92e7670262700013c4e5e9,ATLAS_SIG_B_TOP100,BRD-K79145749,dibenzepin,trt_cp,5.637773
ATLAS_SIG_B_TOP100,6a92e7670262700013c4e5e9,ATLAS_SIG_B_TOP100,BRD-K93280214,gabazine,trt_cp,-24.899536
ATLAS_SIG_B_TOP100,6a92e7670262700013c4e5e9,ATLAS_SIG_B_TOP100,BRD-K76304753,phenazopyridine,trt_cp,9.151974
ATLAS_SIG_B_TOP100,6a92e7670262700013c4e5e9,ATLAS_SIG_B_TOP100,BRD-K15933101,ropinirole,trt_cp,-0.5285412
ATLAS_SIG_B_TOP100,6a92e7670262700013c4e5e9,ATLAS_SIG_B_TOP100,BRD-K86204871,terconazole,trt_cp,0.95137423
ATLAS_SIG_B_TOP100,6a92e7670262700013c4e5e9,ATLAS_SIG_B_TOP100,BRD-A46393198,tetramisole,trt_cp,21.295607
ATLAS_SIG_B_TOP100,6a92e7670262700013c4e5e9,ATLAS_SIG_B_TOP100,BRD-K72093121,vidarabine,trt_cp,-21.591793
ATLAS_SIG_B_TOP100,6a92e7670262700013c4e5e9,ATLAS_SIG_B_TOP100,BRD-A31159102,fluoxetine,trt_cp,41.754456
ATLAS_SIG_B_TOP100,6a92e7670262700013c4e5e9,ATLAS_SIG_B_TOP100,BRD-K77925998,quipazine,trt_cp,6.5802484
ATLAS_SIG_B_TOP100,6a92e7670262700013c4e5e9,ATLAS_SIG_B_TOP100,BRD-K19111024,clofibric-acid,trt_cp,-5.0352764
ATLAS_SIG_B_TOP100,6a92e7670262700013c4e5e9,ATLAS_SIG_B_TOP100,BRD-K38055836,etamivan,trt_cp,-60.31506
ATLAS_SIG_B_TOP100,6a92e7670262700013c4e5e9,ATLAS_SIG_B_TOP100,BRD-K63979671,etifenin,trt_cp,-8.261377
ATLAS_SIG_B_TOP100,6a92e7670262700013c4e5e9,ATLAS_SIG_B_TOP100,BRD-K35531059,molsidomine,trt_cp,-1.4446794
ATLAS_SIG_B_TOP100,6a92e7670262700013c4e5e9,ATLAS_SIG_B_TOP100,BRD-K14993104,bemegride,trt_cp,1.0570824
ATLAS_SIG_B_TOP100,6a92e7670262700013c4e5e9,ATLAS_SIG_B_TOP100,BRD-K21450440,benzthiazide,trt_cp,-27.125336
ATLAS_SIG_B_TOP100,6a92e7670262700013c4e5e9,ATLAS_SIG_B_TOP100,BRD-A29485665,bicalutamide,trt_cp,2.2903454
ATLAS_SIG_B_TOP100,6a92e7670262700013c4e5e9,ATLAS_SIG_B_TOP100,BRD-A77291778,cyclopentolate,trt_cp,1.8675123
ATLAS_SIG_B_TOP100,6a92e7670262700013c4e5e9,ATLAS_SIG_B_TOP100,BRD-K22193694,dioxybenzone,trt_cp,6.2720227
ATLAS_SIG_B_TOP100,6a92e7670262700013c4e5e9,ATLAS_SIG_B_TOP100,BRD-A16311756,profenamine,trt_cp,36.44782
ATLAS_SIG_B_TOP100,6a92e7670262700013c4e5e9,ATLAS_SIG_B_TOP100,BRD-A73368467,fexofenadine,trt_cp,-10.973228
ATLAS_SIG_B_TOP100,6a92e7670262700013c4e5e9,ATLAS_SIG_B_TOP100,BRD-A74980173,gatifloxacin,trt_cp,41.924606
ATLAS_SIG_B_TOP100,6a92e7670262700013c4e5e9,ATLAS_SIG_B_TOP100,BRD-K80396088,gliquidone,trt_cp,-21.724623
ATLAS_SIG_B_TOP100,6a92e7670262700013c4e5e9,ATLAS_SIG_B_TOP100,BRD-K46424862,hymecromone,trt_cp,22.675072
ATLAS_SIG_B_TOP100,6a92e7670262700013c4e5e9,ATLAS_SIG_B_TOP100,BRD-A44090213,indoprofen,trt_cp,-34.81919
ATLAS_SIG_B_TOP100,6a92e7670262700013c4e5e9,ATLAS_SIG_B_TOP100,BRD-A37492983,iocetamic-acid,trt_cp,14.796625
ATLAS_SIG_B_TOP100,6a92e7670262700013c4e5e9,ATLAS_SIG_B_TOP100,BRD-K67261995,adipiodone,trt_cp,-89.485275
ATLAS_SIG_B_TOP100,6a92e7670262700013c4e5e9,ATLAS_SIG_B_TOP100,BRD-A42628519,iopanoic-acid,trt_cp,-39.3869
ATLAS_SIG_B_TOP100,6a92e7670262700013c4e5e9,ATLAS_SIG_B_TOP100,BRD-K33453211,levocabastine,trt_cp,-73.715904
ATLAS_SIG_B_TOP100,6a92e7670262700013c4e5e9,ATLAS_SIG_B_TOP100,BRD-K89152108,liothyronine,trt_cp,-36.09951
ATLAS_SIG_B_TOP100,6a92e7670262700013c4e5e9,ATLAS_SIG_B_TOP100,BRD-A83937277,mephenytoin,trt_cp,-24.26775
ATLAS_SIG_B_TOP100,6a92e7670262700013c4e5e9,ATLAS_SIG_B_TOP100,BRD-K65417056,meprylcaine,trt_cp,-6.088875
ATLAS_SIG_B_TOP100,6a92e7670262700013c4e5e9,ATLAS_SIG_B_TOP100,BRD-K67080878,milrinone,trt_cp,-3.3121917
ATLAS_SIG_B_TOP100,6a92e7670262700013c4e5e9,ATLAS_SIG_B_TOP100,BRD-K66615216,moxifloxacin,trt_cp,-1.1275547
ATLAS_SIG_B_TOP100,6a92e7670262700013c4e5e9,ATLAS_SIG_B_TOP100,BRD-A58048407,nimodipine,trt_cp,12.572415
ATLAS_SIG_B_TOP100,6a92e7670262700013c4e5e9,ATLAS_SIG_B_TOP100,BRD-A02006392,nitrendipine,trt_cp,-0.845666
ATLAS_SIG_B_TOP100,6a92e7670262700013c4e5e9,ATLAS_SIG_B_TOP100,BRD-A36267905,buphenine,trt_cp,-87.35025
ATLAS_SIG_B_TOP100,6a92e7670262700013c4e5e9,ATLAS_SIG_B_TOP100,BRD-A33447119,oxfendazole,trt_cp,38.482113
ATLAS_SIG_B_TOP100,6a92e7670262700013c4e5e9,ATLAS_SIG_B_TOP100,BRD-K37991163,paroxetine,trt_cp,1.933878
ATLAS_SIG_B_TOP100,6a92e7670262700013c4e5e9,ATLAS_SIG_B_TOP100,BRD-A18043272,phensuximide,trt_cp,25.344864
ATLAS_SIG_B_TOP100,6a92e7670262700013c4e5e9,ATLAS_SIG_B_TOP100,BRD-K06388322,pramipexole,trt_cp,6.354453
ATLAS_SIG_B_TOP100,6a92e7670262700013c4e5e9,ATLAS_SIG_B_TOP100,BRD-K49111258,prazosin,trt_cp,8.654278
ATLAS_SIG_B_TOP100,6a92e7670262700013c4e5e9,ATLAS_SIG_B_TOP100,BRD-K13032584,procarbazine,trt_cp,-8.236534
ATLAS_SIG_B_TOP100,6a92e7670262700013c4e5e9,ATLAS_SIG_B_TOP100,BRD-K28183345,proguanil,trt_cp,-32.122334
ATLAS_SIG_B_TOP100,6a92e7670262700013c4e5e9,ATLAS_SIG_B_TOP100,BRD-A39390670,rabeprazole,trt_cp,-0.31712472
ATLAS_SIG_B_TOP100,6a92e7670262700013c4e5e9,ATLAS_SIG_B_TOP100,BRD-A07765530,epinephrine-(racemic),trt_cp,25.776709
ATLAS_SIG_B_TOP100,6a92e7670262700013c4e5e9,ATLAS_SIG_B_TOP100,BRD-K53857191,risperidone,trt_cp,0.3875969
ATLAS_SIG_B_TOP100,6a92e7670262700013c4e5e9,ATLAS_SIG_B_TOP100,BRD-K89923877,scopolamine,trt_cp,-30.219748
ATLAS_SIG_B_TOP100,6a92e7670262700013c4e5e9,ATLAS_SIG_B_TOP100,BRD-A95939040,sertaconazole,trt_cp,-18.393246
ATLAS_SIG_B_TOP100,6a92e7670262700013c4e5e9,ATLAS_SIG_B_TOP100,BRD-A92670106,tocainide,trt_cp,23.231556
ATLAS_SIG_B_TOP100,6a92e7670262700013c4e5e9,ATLAS_SIG_B_TOP100,BRD-K73196317,urapidil,trt_cp,9.824602
ATLAS_SIG_B_TOP100,6a92e7670262700013c4e5e9,ATLAS_SIG_B_TOP100,BRD-K50417881,eticlopride,trt_cp,-6.4062457
ATLAS_SIG_B_TOP100,6a92e7670262700013c4e5e9,ATLAS_SIG_B_TOP100,BRD-K52313696,tacedinaline,trt_cp,17.29165
ATLAS_SIG_B_TOP100,6a92e7670262700013c4e5e9,ATLAS_SIG_B_TOP100,BRD-K88742110,PCI-34051,trt_cp,-90.8338
ATLAS_SIG_B_TOP100,6a92e7670262700013c4e5e9,ATLAS_SIG_B_TOP100,BRD-K77908580,entinostat,trt_cp,72.988396
ATLAS_SIG_B_TOP100,6a92e7670262700013c4e5e9,ATLAS_SIG_B_TOP100,BRD-K85133207,HDAC1-selective,trt_cp,0.0
ATLAS_SIG_B_TOP100,6a92e7670262700013c4e5e9,ATLAS_SIG_B_TOP100,BRD-K29313308,HDAC3-selective,trt_cp,-0.035172656
ATLAS_SIG_B_TOP100,6a92e7670262700013c4e5e9,ATLAS_SIG_B_TOP100,BRD-K00627859,tubastatin-a,trt_cp,0.0
ATLAS_SIG_B_TOP100,6a92e7670262700013c4e5e9,ATLAS_SIG_B_TOP100,BRD-K09991945,GSK-3-inhibitor-II,trt_cp,-56.040085
ATLAS_SIG_B_TOP100,6a92e7670262700013c4e5e9,ATLAS_SIG_B_TOP100,BRD-K07691486,roscovitine,trt_cp,-18.553024
ATLAS_SIG_B_TOP100,6a92e7670262700013c4e5e9,ATLAS_SIG_B_TOP100,BRD-K57080016,selumetinib,trt_cp,-13.033357
ATLAS_SIG_B_TOP100,6a92e7670262700013c4e5e9,ATLAS_SIG_B_TOP100,BRD-K87909389,alvocidib,trt_cp,57.340576
ATLAS_SIG_B_TOP100,6a92e7670262700013c4e5e9,ATLAS_SIG_B_TOP100,BRD-K56343971,vemurafenib,trt_cp,-75.63464
ATLAS_SIG_B_TOP100,6a92e7670262700013c4e5e9,ATLAS_SIG_B_TOP100,BRD-K59369769,tozasertib,trt_cp,0.7399577
ATLAS_SIG_B_TOP100,6a92e7670262700013c4e5e9,ATLAS_SIG_B_TOP100,BRD-K93918653,quizartinib,trt_cp,23.451487
ATLAS_SIG_B_TOP100,6a92e7670262700013c4e5e9,ATLAS_SIG_B_TOP100,BRD-K68191783,ALW-II-38-3,trt_cp,-10.584691
ATLAS_SIG_B_TOP100,6a92e7670262700013c4e5e9,ATLAS_SIG_B_TOP100,BRD-K41895714,AS-605240,trt_cp,-35.727528
ATLAS_SIG_B_TOP100,6a92e7670262700013c4e5e9,ATLAS_SIG_B_TOP100,BRD-K19540840,saracatinib,trt_cp,24.973288
ATLAS_SIG_B_TOP100,6a92e7670262700013c4e5e9,ATLAS_SIG_B_TOP100,BRD-K46056750,AZD-7762,trt_cp,26.566002
ATLAS_SIG_B_TOP100,6a92e7670262700013c4e5e9,ATLAS_SIG_B_TOP100,BRD-K69932463,AZD-8055,trt_cp,0.0
ATLAS_SIG_B_TOP100,6a92e7670262700013c4e5e9,ATLAS_SIG_B_TOP100,BRD-K64890080,BI-2536,trt_cp,36.024345
ATLAS_SIG_B_TOP100,6a92e7670262700013c4e5e9,ATLAS_SIG_B_TOP100,BRD-K49669041,BX-912,trt_cp,14.611734
ATLAS_SIG_B_TOP100,6a92e7670262700013c4e5e9,ATLAS_SIG_B_TOP100,BRD-K15592317,CP-466722,trt_cp,7.6918035
ATLAS_SIG_B_TOP100,6a92e7670262700013c4e5e9,ATLAS_SIG_B_TOP100,BRD-K52911425,GDC-0941,trt_cp,-3.3970652
ATLAS_SIG_B_TOP100,6a92e7670262700013c4e5e9,ATLAS_SIG_B_TOP100,BRD-K36740062,GSK-1070916,trt_cp,-11.245047
ATLAS_SIG_B_TOP100,6a92e7670262700013c4e5e9,ATLAS_SIG_B_TOP100,BRD-A10523515,GSK-429286A,trt_cp,-13.516853
ATLAS_SIG_B_TOP100,6a92e7670262700013c4e5e9,ATLAS_SIG_B_TOP100,BRD-K92428232,GSK-461364,trt_cp,0.0
ATLAS_SIG_B_TOP100,6a92e7670262700013c4e5e9,ATLAS_SIG_B_TOP100,BRD-K68407802,KIN001-055,trt_cp,30.685087
ATLAS_SIG_B_TOP100,6a92e7670262700013c4e5e9,ATLAS_SIG_B_TOP100,BRD-K04887706,AKT-inhibitor-1-2,trt_cp,77.30549
ATLAS_SIG_B_TOP100,6a92e7670262700013c4e5e9,ATLAS_SIG_B_TOP100,BRD-A29901043,KIN001-127,trt_cp,20.934637
ATLAS_SIG_B_TOP100,6a92e7670262700013c4e5e9,ATLAS_SIG_B_TOP100,BRD-K53561341,aurora-a-inhibitor-i,trt_cp,-73.910484
ATLAS_SIG_B_TOP100,6a92e7670262700013c4e5e9,ATLAS_SIG_B_TOP100,BRD-K25311561,KU-55933,trt_cp,17.302792
ATLAS_SIG_B_TOP100,6a92e7670262700013c4e5e9,ATLAS_SIG_B_TOP100,BRD-K79404599,enzastaurin,trt_cp,-0.9866103
ATLAS_SIG_B_TOP100,6a92e7670262700013c4e5e9,ATLAS_SIG_B_TOP100,BRD-K83963101,MLN-8054,trt_cp,-68.58604
ATLAS_SIG_B_TOP100,6a92e7670262700013c4e5e9,ATLAS_SIG_B_TOP100,BRD-K94294671,OSI-027,trt_cp,30.265417
ATLAS_SIG_B_TOP100,6a92e7670262700013c4e5e9,ATLAS_SIG_B_TOP100,BRD-K51313569,palbociclib,trt_cp,-0.7399577
ATLAS_SIG_B_TOP100,6a92e7670262700013c4e5e9,ATLAS_SIG_B_TOP100,BRD-A79768653,sirolimus,trt_cp,-0.14094433
ATLAS_SIG_B_TOP100,6a92e7670262700013c4e5e9,ATLAS_SIG_B_TOP100,BRD-A45498368,WYE-125132,trt_cp,8.555202
ATLAS_SIG_B_TOP100,6a92e7670262700013c4e5e9,ATLAS_SIG_B_TOP100,BRD-K64052750,gefitinib,trt_cp,-23.987715
ATLAS_SIG_B_TOP100,6a92e7670262700013c4e5e9,ATLAS_SIG_B_TOP100,BRD-A85280935,quinpirole,trt_cp,15.736355
ATLAS_SIG_B_TOP100,6a92e7670262700013c4e5e9,ATLAS_SIG_B_TOP100,BRD-A07824748,flavanone,trt_cp,69.09259
ATLAS_SIG_B_TOP100,6a92e7670262700013c4e5e9,ATLAS_SIG_B_TOP100,BRD-K20482099,rutin,trt_cp,1.9732206
ATLAS_SIG_B_TOP100,6a92e7670262700013c4e5e9,ATLAS_SIG_B_TOP100,BRD-K62929068,6-benzylaminopurine,trt_cp,15.265034
ATLAS_SIG_B_TOP100,6a92e7670262700013c4e5e9,ATLAS_SIG_B_TOP100,BRD-K43405658,tyrphostin-AG-527,trt_cp,14.100627
ATLAS_SIG_B_TOP100,6a92e7670262700013c4e5e9,ATLAS_SIG_B_TOP100,BRD-K03670461,tyrphostin-AG-82,trt_cp,-40.5991
ATLAS_SIG_B_TOP100,6a92e7670262700013c4e5e9,ATLAS_SIG_B_TOP100,BRD-K36737713,AG-957,trt_cp,26.306644
ATLAS_SIG_B_TOP100,6a92e7670262700013c4e5e9,ATLAS_SIG_B_TOP100,BRD-K51223576,AG-99,trt_cp,-8.220812
ATLAS_SIG_B_TOP100,6a92e7670262700013c4e5e9,ATLAS_SIG_B_TOP100,BRD-A14966924,alaproclate,trt_cp,41.35958
ATLAS_SIG_B_TOP100,6a92e7670262700013c4e5e9,ATLAS_SIG_B_TOP100,BRD-A90131694,alclometasone,trt_cp,3.5076282
ATLAS_SIG_B_TOP100,6a92e7670262700013c4e5e9,ATLAS_SIG_B_TOP100,BRD-K30020243,aliskiren,trt_cp,0.3523608
ATLAS_SIG_B_TOP100,6a92e7670262700013c4e5e9,ATLAS_SIG_B_TOP100,BRD-A00993607,alprenolol,trt_cp,-25.744873
ATLAS_SIG_B_TOP100,6a92e7670262700013c4e5e9,ATLAS_SIG_B_TOP100,BRD-K35498378,alrestatin,trt_cp,-39.73407
ATLAS_SIG_B_TOP100,6a92e7670262700013c4e5e9,ATLAS_SIG_B_TOP100,BRD-A56675431,altizide,trt_cp,-50.562187
ATLAS_SIG_B_TOP100,6a92e7670262700013c4e5e9,ATLAS_SIG_B_TOP100,BRD-A27554692,altrenogest,trt_cp,-3.6937513
ATLAS_SIG_B_TOP100,6a92e7670262700013c4e5e9,ATLAS_SIG_B_TOP100,BRD-K53979406,ALX-5407,trt_cp,2.2538986
ATLAS_SIG_B_TOP100,6a92e7670262700013c4e5e9,ATLAS_SIG_B_TOP100,BRD-K59419204,AM-281,trt_cp,1.6208597
ATLAS_SIG_B_TOP100,6a92e7670262700013c4e5e9,ATLAS_SIG_B_TOP100,BRD-A10969569,ambelline,trt_cp,38.96639
ATLAS_SIG_B_TOP100,6a92e7670262700013c4e5e9,ATLAS_SIG_B_TOP100,BRD-A36010170,amcinonide,trt_cp,-74.5706
ATLAS_SIG_B_TOP100,6a92e7670262700013c4e5e9,ATLAS_SIG_B_TOP100,BRD-K43068349,AMG-9810,trt_cp,68.45221
ATLAS_SIG_B_TOP100,6a92e7670262700013c4e5e9,ATLAS_SIG_B_TOP100,BRD-K94512704,spiramide,trt_cp,27.20684
ATLAS_SIG_B_TOP100,6a92e7670262700013c4e5e9,ATLAS_SIG_B_TOP100,BRD-A69917777,aminopentamide,trt_cp,-17.044273
ATLAS_SIG_B_TOP100,6a92e7670262700013c4e5e9,ATLAS_SIG_B_TOP100,BRD-K17561142,amiodarone,trt_cp,66.41457
ATLAS_SIG_B_TOP100,6a92e7670262700013c4e5e9,ATLAS_SIG_B_TOP100,BRD-A22032524,amlodipine,trt_cp,-44.940056
ATLAS_SIG_B_TOP100,6a92e7670262700013c4e5e9,ATLAS_SIG_B_TOP100,BRD-K98490050,amsacrine,trt_cp,-1.2684989
ATLAS_SIG_B_TOP100,6a92e7670262700013c4e5e9,ATLAS_SIG_B_TOP100,BRD-K62200014,anagrelide,trt_cp,14.577089
ATLAS_SIG_B_TOP100,6a92e7670262700013c4e5e9,ATLAS_SIG_B_TOP100,BRD-K46937689,phenazone,trt_cp,-13.856799
ATLAS_SIG_B_TOP100,6a92e7670262700013c4e5e9,ATLAS_SIG_B_TOP100,BRD-K12057390,apigenin,trt_cp,1.1980268
ATLAS_SIG_B_TOP100,6a92e7670262700013c4e5e9,ATLAS_SIG_B_TOP100,BRD-K93188295,ARC-239,trt_cp,-86.81378
ATLAS_SIG_B_TOP100,6a92e7670262700013c4e5e9,ATLAS_SIG_B_TOP100,BRD-A72758037,asiatic-acid,trt_cp,22.45792
ATLAS_SIG_B_TOP100,6a92e7670262700013c4e5e9,ATLAS_SIG_B_TOP100,BRD-A65145453,ATPA,trt_cp,10.830395
ATLAS_SIG_B_TOP100,6a92e7670262700013c4e5e9,ATLAS_SIG_B_TOP100,BRD-K45861246,azaperone,trt_cp,36.972584
ATLAS_SIG_B_TOP100,6a92e7670262700013c4e5e9,ATLAS_SIG_B_TOP100,BRD-K93080877,Ala-Ala-Phe-CMK,trt_cp,73.53767
ATLAS_SIG_B_TOP100,6a92e7670262700013c4e5e9,ATLAS_SIG_B_TOP100,BRD-K41445866,alfaxalone,trt_cp,-16.301176
ATLAS_SIG_B_TOP100,6a92e7670262700013c4e5e9,ATLAS_SIG_B_TOP100,BRD-K56558538,ambroxol,trt_cp,-40.88928
ATLAS_SIG_B_TOP100,6a92e7670262700013c4e5e9,ATLAS_SIG_B_TOP100,BRD-K50214219,CS-1657,trt_cp,-5.8423367
ATLAS_SIG_B_TOP100,6a92e7670262700013c4e5e9,ATLAS_SIG_B_TOP100,BRD-K91290917,amodiaquine,trt_cp,4.5772305
ATLAS_SIG_B_TOP100,6a92e7670262700013c4e5e9,ATLAS_SIG_B_TOP100,BRD-K52397688,amperozide,trt_cp,23.452751
ATLAS_SIG_B_TOP100,6a92e7670262700013c4e5e9,ATLAS_SIG_B_TOP100,BRD-A09062839,amyleine,trt_cp,69.88505
ATLAS_SIG_B_TOP100,6a92e7670262700013c4e5e9,ATLAS_SIG_B_TOP100,BRD-K55424922,anpirtoline,trt_cp,-2.8419232
ATLAS_SIG_B_TOP100,6a92e7670262700013c4e5e9,ATLAS_SIG_B_TOP100,BRD-K72726508,arcyriaflavin-a,trt_cp,-14.720276
ATLAS_SIG_B_TOP100,6a92e7670262700013c4e5e9,ATLAS_SIG_B_TOP100,BRD-A70514680,articaine,trt_cp,26.148823
ATLAS_SIG_B_TOP100,6a92e7670262700013c4e5e9,ATLAS_SIG_B_TOP100,BRD-A66199457,asiaticoside,trt_cp,4.2900295
ATLAS_SIG_B_TOP100,6a92e7670262700013c4e5e9,ATLAS_SIG_B_TOP100,BRD-A84493640,atovaquone,trt_cp,-14.250115
ATLAS_SIG_B_TOP100,6a92e7670262700013c4e5e9,ATLAS_SIG_B_TOP100,BRD-K04877770,FTase-inhibitor-B581,trt_cp,27.0085
ATLAS_SIG_B_TOP100,6a92e7670262700013c4e5e9,ATLAS_SIG_B_TOP100,BRD-A16694057,BADGE,trt_cp,1.5189121
ATLAS_SIG_B_TOP100,6a92e7670262700013c4e5e9,ATLAS_SIG_B_TOP100,BRD-A80017228,bendroflumethiazide,trt_cp,-9.727403
ATLAS_SIG_B_TOP100,6a92e7670262700013c4e5e9,ATLAS_SIG_B_TOP100,BRD-K70327191,benzoxiquine,trt_cp,-0.1761804
ATLAS_SIG_B_TOP100,6a92e7670262700013c4e5e9,ATLAS_SIG_B_TOP100,BRD-A02180903,betamethasone,trt_cp,-59.548683
ATLAS_SIG_B_TOP100,6a92e7670262700013c4e5e9,ATLAS_SIG_B_TOP100,BRD-A92177080,betamethasone-acetate,trt_cp,-3.1333523
ATLAS_SIG_B_TOP100,6a92e7670262700013c4e5e9,ATLAS_SIG_B_TOP100,BRD-A71799696,BH3I-1,trt_cp,13.727761
ATLAS_SIG_B_TOP100,6a92e7670262700013c4e5e9,ATLAS_SIG_B_TOP100,BRD-K49294207,BIBU-1361,trt_cp,14.346761
ATLAS_SIG_B_TOP100,6a92e7670262700013c4e5e9,ATLAS_SIG_B_TOP100,BRD-K70914287,BIBX-1382,trt_cp,50.19882
ATLAS_SIG_B_TOP100,6a92e7670262700013c4e5e9,ATLAS_SIG_B_TOP100,BRD-A00546892,biperiden,trt_cp,8.828795
ATLAS_SIG_B_TOP100,6a92e7670262700013c4e5e9,ATLAS_SIG_B_TOP100,BRD-K39987650,bisacodyl,trt_cp,25.118816
ATLAS_SIG_B_TOP100,6a92e7670262700013c4e5e9,ATLAS_SIG_B_TOP100,BRD-A89175223,bisoprolol,trt_cp,-1.0570824
ATLAS_SIG_B_TOP100,6a92e7670262700013c4e5e9,ATLAS_SIG_B_TOP100,BRD-K39120595,bithionol,trt_cp,-5.2537875
ATLAS_SIG_B_TOP100,6a92e7670262700013c4e5e9,ATLAS_SIG_B_TOP100,BRD-K56509348,BMS-182874,trt_cp,-45.299522
ATLAS_SIG_B_TOP100,6a92e7670262700013c4e5e9,ATLAS_SIG_B_TOP100,BRD-K84895041,BMY-45778,trt_cp,-47.96483
ATLAS_SIG_B_TOP100,6a92e7670262700013c4e5e9,ATLAS_SIG_B_TOP100,BRD-A55484088,BNTX,trt_cp,32.381588
ATLAS_SIG_B_TOP100,6a92e7670262700013c4e5e9,ATLAS_SIG_B_TOP100,BRD-A83326220,brazilin,trt_cp,18.108025
ATLAS_SIG_B_TOP100,6a92e7670262700013c4e5e9,ATLAS_SIG_B_TOP100,BRD-A37347161,BRL-52537,trt_cp,-6.2053843
ATLAS_SIG_B_TOP100,6a92e7670262700013c4e5e9,ATLAS_SIG_B_TOP100,BRD-K47631482,bromhexine,trt_cp,29.4259
ATLAS_SIG_B_TOP100,6a92e7670262700013c4e5e9,ATLAS_SIG_B_TOP100,BRD-A80151636,bromocriptine,trt_cp,-25.077732
ATLAS_SIG_B_TOP100,6a92e7670262700013c4e5e9,ATLAS_SIG_B_TOP100,BRD-A41995253,brucine,trt_cp,-20.868662
ATLAS_SIG_B_TOP100,6a92e7670262700013c4e5e9,ATLAS_SIG_B_TOP100,BRD-K55344148,BU-224,trt_cp,10.624887
ATLAS_SIG_B_TOP100,6a92e7670262700013c4e5e9,ATLAS_SIG_B_TOP100,BRD-K56115039,BU-226,trt_cp,15.208289
ATLAS_SIG_B_TOP100,6a92e7670262700013c4e5e9,ATLAS_SIG_B_TOP100,BRD-A60571864,budesonide,trt_cp,-20.022762
ATLAS_SIG_B_TOP100,6a92e7670262700013c4e5e9,ATLAS_SIG_B_TOP100,BRD-A05186015,bupropion,trt_cp,3.3121917
ATLAS_SIG_B_TOP100,6a92e7670262700013c4e5e9,ATLAS_SIG_B_TOP100,BRD-K08287586,butyl-paraben,trt_cp,3.86905
ATLAS_SIG_B_TOP100,6a92e7670262700013c4e5e9,ATLAS_SIG_B_TOP100,BRD-A22713669,BVT-948,trt_cp,0.0
ATLAS_SIG_B_TOP100,6a92e7670262700013c4e5e9,ATLAS_SIG_B_TOP100,BRD-A55946879,BW-B70C,trt_cp,4.6159267
ATLAS_SIG_B_TOP100,6a92e7670262700013c4e5e9,ATLAS_SIG_B_TOP100,BRD-K43468059,byssochlamic-acid,trt_cp,24.786106
ATLAS_SIG_B_TOP100,6a92e7670262700013c4e5e9,ATLAS_SIG_B_TOP100,BRD-A15131297,benazepril,trt_cp,-0.88090205
ATLAS_SIG_B_TOP100,6a92e7670262700013c4e5e9,ATLAS_SIG_B_TOP100,BRD-K97688263,benzamil,trt_cp,-4.7672467
ATLAS_SIG_B_TOP100,6a92e7670262700013c4e5e9,ATLAS_SIG_B_TOP100,BRD-K14221570,benzopurpurin-4b,trt_cp,-0.31712472
ATLAS_SIG_B_TOP100,6a92e7670262700013c4e5e9,ATLAS_SIG_B_TOP100,BRD-A15034104,bergenin,trt_cp,17.943104
ATLAS_SIG_B_TOP100,6a92e7670262700013c4e5e9,ATLAS_SIG_B_TOP100,BRD-K49448285,bisindolylmaleimide,trt_cp,-3.1465945
ATLAS_SIG_B_TOP100,6a92e7670262700013c4e5e9,ATLAS_SIG_B_TOP100,BRD-A60274948,bromocriptine,trt_cp,1.3661181
ATLAS_SIG_B_TOP100,6a92e7670262700013c4e5e9,ATLAS_SIG_B_TOP100,BRD-A15070535,bucladesine,trt_cp,-48.35386
ATLAS_SIG_B_TOP100,6a92e7670262700013c4e5e9,ATLAS_SIG_B_TOP100,BRD-A82238138,budesonide,trt_cp,-51.70184
ATLAS_SIG_B_TOP100,6a92e7670262700013c4e5e9,ATLAS_SIG_B_TOP100,BRD-K41707108,ceramide,trt_cp,64.808716
ATLAS_SIG_B_TOP100,6a92e7670262700013c4e5e9,ATLAS_SIG_B_TOP100,BRD-A56020723,CA-074-Me,trt_cp,0.0
ATLAS_SIG_B_TOP100,6a92e7670262700013c4e5e9,ATLAS_SIG_B_TOP100,BRD-K02404261,caffeine,trt_cp,39.631496
ATLAS_SIG_B_TOP100,6a92e7670262700013c4e5e9,ATLAS_SIG_B_TOP100,BRD-A65671304,candesartan-cilextil,trt_cp,7.694764
ATLAS_SIG_B_TOP100,6a92e7670262700013c4e5e9,ATLAS_SIG_B_TOP100,BRD-A29322418,canrenoic-acid,trt_cp,-6.9015794
ATLAS_SIG_B_TOP100,6a92e7670262700013c4e5e9,ATLAS_SIG_B_TOP100,BRD-A29426959,carbinoxamine,trt_cp,-25.495083
ATLAS_SIG_B_TOP100,6a92e7670262700013c4e5e9,ATLAS_SIG_B_TOP100,BRD-A10977446,carvedilol,trt_cp,0.49330515
ATLAS_SIG_B_TOP100,6a92e7670262700013c4e5e9,ATLAS_SIG_B_TOP100,BRD-A55369275,CGP-54626,trt_cp,11.415748
ATLAS_SIG_B_TOP100,6a92e7670262700013c4e5e9,ATLAS_SIG_B_TOP100,BRD-K42500029,CGP-57380,trt_cp,15.860983
ATLAS_SIG_B_TOP100,6a92e7670262700013c4e5e9,ATLAS_SIG_B_TOP100,BRD-K49049886,CGS-15943,trt_cp,9.350251
ATLAS_SIG_B_TOP100,6a92e7670262700013c4e5e9,ATLAS_SIG_B_TOP100,BRD-A01593789,chlormadinone-acetate,trt_cp,45.785065
ATLAS_SIG_B_TOP100,6a92e7670262700013c4e5e9,ATLAS_SIG_B_TOP100,BRD-A91699651,chloroquine,trt_cp,-27.8126
ATLAS_SIG_B_TOP100,6a92e7670262700013c4e5e9,ATLAS_SIG_B_TOP100,BRD-K17075857,chloroxine,trt_cp,7.0696154
ATLAS_SIG_B_TOP100,6a92e7670262700013c4e5e9,ATLAS_SIG_B_TOP100,BRD-K89595132,chlorphenamine,trt_cp,8.947096
ATLAS_SIG_B_TOP100,6a92e7670262700013c4e5e9,ATLAS_SIG_B_TOP100,BRD-K59058766,chlorprothixene,trt_cp,15.823708
ATLAS_SIG_B_TOP100,6a92e7670262700013c4e5e9,ATLAS_SIG_B_TOP100,BRD-K67017579,cilostazol,trt_cp,-36.568356
ATLAS_SIG_B_TOP100,6a92e7670262700013c4e5e9,ATLAS_SIG_B_TOP100,BRD-K34157611,cimetidine,trt_cp,-12.151534
ATLAS_SIG_B_TOP100,6a92e7670262700013c4e5e9,ATLAS_SIG_B_TOP100,BRD-K40901640,cinanserin,trt_cp,-2.149401
ATLAS_SIG_B_TOP100,6a92e7670262700013c4e5e9,ATLAS_SIG_B_TOP100,BRD-K14693417,cinchonine,trt_cp,-6.1710615
ATLAS_SIG_B_TOP100,6a92e7670262700013c4e5e9,ATLAS_SIG_B_TOP100,BRD-K53263234,CITCO,trt_cp,40.102585
ATLAS_SIG_B_TOP100,6a92e7670262700013c4e5e9,ATLAS_SIG_B_TOP100,BRD-K30240666,clemastine,trt_cp,-4.4968233
ATLAS_SIG_B_TOP100,6a92e7670262700013c4e5e9,ATLAS_SIG_B_TOP100,BRD-A26095496,clobetasol,trt_cp,-7.836043
ATLAS_SIG_B_TOP100,6a92e7670262700013c4e5e9,ATLAS_SIG_B_TOP100,BRD-K45252063,clofibrate,trt_cp,-95.06695
ATLAS_SIG_B_TOP100,6a92e7670262700013c4e5e9,ATLAS_SIG_B_TOP100,BRD-K54095730,CMPD-1,trt_cp,25.964642
ATLAS_SIG_B_TOP100,6a92e7670262700013c4e5e9,ATLAS_SIG_B_TOP100,BRD-K53545112,CNQX,trt_cp,-41.653446
ATLAS_SIG_B_TOP100,6a92e7670262700013c4e5e9,ATLAS_SIG_B_TOP100,BRD-A55416093,colforsin,trt_cp,24.016464
ATLAS_SIG_B_TOP100,6a92e7670262700013c4e5e9,ATLAS_SIG_B_TOP100,BRD-A54487287,cortisone-acetate,trt_cp,17.520718
ATLAS_SIG_B_TOP100,6a92e7670262700013c4e5e9,ATLAS_SIG_B_TOP100,BRD-K23913458,coumarin,trt_cp,-73.187294
ATLAS_SIG_B_TOP100,6a92e7670262700013c4e5e9,ATLAS_SIG_B_TOP100,BRD-A64933752,CV-1808,trt_cp,35.901352
ATLAS_SIG_B_TOP100,6a92e7670262700013c4e5e9,ATLAS_SIG_B_TOP100,BRD-K40965114,cyanopindolol,trt_cp,-0.7751938
ATLAS_SIG_B_TOP100,6a92e7670262700013c4e5e9,ATLAS_SIG_B_TOP100,BRD-K36055864,cycloheximide,trt_cp,-48.75512
ATLAS_SIG_B_TOP100,6a92e7670262700013c4e5e9,ATLAS_SIG_B_TOP100,BRD-A26787626,cyclopiazonic-acid,trt_cp,-43.297382
ATLAS_SIG_B_TOP100,6a92e7670262700013c4e5e9,ATLAS_SIG_B_TOP100,BRD-A69815203,cyclosporin-a,trt_cp,-60.42428
ATLAS_SIG_B_TOP100,6a92e7670262700013c4e5e9,ATLAS_SIG_B_TOP100,BRD-K56429665,calcipotriol,trt_cp,15.431152
ATLAS_SIG_B_TOP100,6a92e7670262700013c4e5e9,ATLAS_SIG_B_TOP100,BRD-A53416814,ceramide,trt_cp,27.99633
ATLAS_SIG_B_TOP100,6a92e7670262700013c4e5e9,ATLAS_SIG_B_TOP100,BRD-K51290057,SA-792709,trt_cp,64.47392
ATLAS_SIG_B_TOP100,6a92e7670262700013c4e5e9,ATLAS_SIG_B_TOP100,BRD-K32828673,chelidonine,trt_cp,53.933807
ATLAS_SIG_B_TOP100,6a92e7670262700013c4e5e9,ATLAS_SIG_B_TOP100,BRD-A41555725,chlortetracycline,trt_cp,-38.53005
ATLAS_SIG_B_TOP100,6a92e7670262700013c4e5e9,ATLAS_SIG_B_TOP100,BRD-A83695761,chromanol,trt_cp,16.598587
ATLAS_SIG_B_TOP100,6a92e7670262700013c4e5e9,ATLAS_SIG_B_TOP100,BRD-A65440446,cimaterol,trt_cp,-19.553513
ATLAS_SIG_B_TOP100,6a92e7670262700013c4e5e9,ATLAS_SIG_B_TOP100,BRD-K06895174,cisapride,trt_cp,-5.179704
ATLAS_SIG_B_TOP100,6a92e7670262700013c4e5e9,ATLAS_SIG_B_TOP100,BRD-K59163477,cisapride,trt_cp,0.1761804
ATLAS_SIG_B_TOP100,6a92e7670262700013c4e5e9,ATLAS_SIG_B_TOP100,BRD-K17294426,clebopride,trt_cp,-27.415348
ATLAS_SIG_B_TOP100,6a92e7670262700013c4e5e9,ATLAS_SIG_B_TOP100,BRD-K09255212,clioquinol,trt_cp,-28.100351
ATLAS_SIG_B_TOP100,6a92e7670262700013c4e5e9,ATLAS_SIG_B_TOP100,BRD-K55677650,CO-101244,trt_cp,-3.5940804
ATLAS_SIG_B_TOP100,6a92e7670262700013c4e5e9,ATLAS_SIG_B_TOP100,BRD-K43736954,cortisone,trt_cp,6.6549177
ATLAS_SIG_B_TOP100,6a92e7670262700013c4e5e9,ATLAS_SIG_B_TOP100,BRD-K06467078,corynanthine,trt_cp,13.163929
ATLAS_SIG_B_TOP100,6a92e7670262700013c4e5e9,ATLAS_SIG_B_TOP100,BRD-A62184259,cycloheximide,trt_cp,-83.09422
ATLAS_SIG_B_TOP100,6a92e7670262700013c4e5e9,ATLAS_SIG_B_TOP100,BRD-A92537424,danazol,trt_cp,4.5026407
ATLAS_SIG_B_TOP100,6a92e7670262700013c4e5e9,ATLAS_SIG_B_TOP100,BRD-K43389675,daunorubicin,trt_cp,42.724716
ATLAS_SIG_B_TOP100,6a92e7670262700013c4e5e9,ATLAS_SIG_B_TOP100,BRD-A39255369,DCPIB,trt_cp,20.543547
ATLAS_SIG_B_TOP100,6a92e7670262700013c4e5e9,ATLAS_SIG_B_TOP100,BRD-A17819071,gedunin,trt_cp,-31.732721
ATLAS_SIG_B_TOP100,6a92e7670262700013c4e5e9,ATLAS_SIG_B_TOP100,BRD-K68558722,deracoxib,trt_cp,-65.361244
ATLAS_SIG_B_TOP100,6a92e7670262700013c4e5e9,ATLAS_SIG_B_TOP100,BRD-A49447682,desoximetasone,trt_cp,5.3911204
ATLAS_SIG_B_TOP100,6a92e7670262700013c4e5e9,ATLAS_SIG_B_TOP100,BRD-K13819402,desoxypeganine,trt_cp,-51.310387
ATLAS_SIG_B_TOP100,6a92e7670262700013c4e5e9,ATLAS_SIG_B_TOP100,BRD-A10188456,dexamethasone,trt_cp,-43.598267
ATLAS_SIG_B_TOP100,6a92e7670262700013c4e5e9,ATLAS_SIG_B_TOP100,BRD-A93424738,dexamethasone-acetate,trt_cp,-7.840644
ATLAS_SIG_B_TOP100,6a92e7670262700013c4e5e9,ATLAS_SIG_B_TOP100,BRD-A04553218,chlorphenamine,trt_cp,-0.45806906
ATLAS_SIG_B_TOP100,6a92e7670262700013c4e5e9,ATLAS_SIG_B_TOP100,BRD-K24053527,dextromethorphan,trt_cp,-18.38425
ATLAS_SIG_B_TOP100,6a92e7670262700013c4e5e9,ATLAS_SIG_B_TOP100,BRD-K01555864,dibenzoylmethane,trt_cp,-27.358181
ATLAS_SIG_B_TOP100,6a92e7670262700013c4e5e9,ATLAS_SIG_B_TOP100,BRD-K08252256,diclofenac,trt_cp,7.1037855
ATLAS_SIG_B_TOP100,6a92e7670262700013c4e5e9,ATLAS_SIG_B_TOP100,BRD-K95309561,dienestrol,trt_cp,-52.34147
ATLAS_SIG_B_TOP100,6a92e7670262700013c4e5e9,ATLAS_SIG_B_TOP100,BRD-K45542189,diethylcarbamazine,trt_cp,-27.474222
ATLAS_SIG_B_TOP100,6a92e7670262700013c4e5e9,ATLAS_SIG_B_TOP100,BRD-K45330754,diethylstilbestrol,trt_cp,0.0
ATLAS_SIG_B_TOP100,6a92e7670262700013c4e5e9,ATLAS_SIG_B_TOP100,BRD-A93236127,digitoxin,trt_cp,4.612554
ATLAS_SIG_B_TOP100,6a92e7670262700013c4e5e9,ATLAS_SIG_B_TOP100,BRD-A94756469,digoxin,trt_cp,-8.538326
ATLAS_SIG_B_TOP100,6a92e7670262700013c4e5e9,ATLAS_SIG_B_TOP100,BRD-K20152659,dihomo-gamma-linolenic-acid,trt_cp,-52.611137
ATLAS_SIG_B_TOP100,6a92e7670262700013c4e5e9,ATLAS_SIG_B_TOP100,BRD-A47144777,dihydro-7-desacetyldeoxygedunin,trt_cp,31.54475
ATLAS_SIG_B_TOP100,6a92e7670262700013c4e5e9,ATLAS_SIG_B_TOP100,BRD-A02713983,dihydrodeoxygedunin,trt_cp,65.27184
ATLAS_SIG_B_TOP100,6a92e7670262700013c4e5e9,ATLAS_SIG_B_TOP100,BRD-A65076780,dihydroergocristine,trt_cp,28.536114
ATLAS_SIG_B_TOP100,6a92e7670262700013c4e5e9,ATLAS_SIG_B_TOP100,BRD-K72166146,dihydroergotamine,trt_cp,-8.139535
ATLAS_SIG_B_TOP100,6a92e7670262700013c4e5e9,ATLAS_SIG_B_TOP100,BRD-K63945320,dihydrosamidin,trt_cp,-11.45994
ATLAS_SIG_B_TOP100,6a92e7670262700013c4e5e9,ATLAS_SIG_B_TOP100,BRD-K10974103,diloxanide,trt_cp,-4.115307
ATLAS_SIG_B_TOP100,6a92e7670262700013c4e5e9,ATLAS_SIG_B_TOP100,BRD-A69636825,diltiazem,trt_cp,-85.20731
ATLAS_SIG_B_TOP100,6a92e7670262700013c4e5e9,ATLAS_SIG_B_TOP100,BRD-K82577285,dipropyl-dopamine,trt_cp,45.38408
ATLAS_SIG_B_TOP100,6a92e7670262700013c4e5e9,ATLAS_SIG_B_TOP100,BRD-K86301799,dipyridamole,trt_cp,-28.443674
ATLAS_SIG_B_TOP100,6a92e7670262700013c4e5e9,ATLAS_SIG_B_TOP100,BRD-K96084870,DMBI,trt_cp,26.960697
ATLAS_SIG_B_TOP100,6a92e7670262700013c4e5e9,ATLAS_SIG_B_TOP100,BRD-K38305202,domperidone,trt_cp,9.202539
ATLAS_SIG_B_TOP100,6a92e7670262700013c4e5e9,ATLAS_SIG_B_TOP100,BRD-A49160188,donepezil,trt_cp,30.920664
ATLAS_SIG_B_TOP100,6a92e7670262700013c4e5e9,ATLAS_SIG_B_TOP100,BRD-K37694030,doxepin,trt_cp,26.801971
ATLAS_SIG_B_TOP100,6a92e7670262700013c4e5e9,ATLAS_SIG_B_TOP100,BRD-A52530684,doxorubicin,trt_cp,77.9602
ATLAS_SIG_B_TOP100,6a92e7670262700013c4e5e9,ATLAS_SIG_B_TOP100,BRD-K99922388,DPO-1,trt_cp,-0.66948557
ATLAS_SIG_B_TOP100,6a92e7670262700013c4e5e9,ATLAS_SIG_B_TOP100,BRD-K97158071,droperidol,trt_cp,5.0922103
ATLAS_SIG_B_TOP100,6a92e7670262700013c4e5e9,ATLAS_SIG_B_TOP100,BRD-K71103788,duloxetine,trt_cp,-8.550344
ATLAS_SIG_B_TOP100,6a92e7670262700013c4e5e9,ATLAS_SIG_B_TOP100,BRD-K60274257,dephostatin,trt_cp,-1.303735
ATLAS_SIG_B_TOP100,6a92e7670262700013c4e5e9,ATLAS_SIG_B_TOP100,BRD-K47635719,dexamethasone,trt_cp,-80.42497
ATLAS_SIG_B_TOP100,6a92e7670262700013c4e5e9,ATLAS_SIG_B_TOP100,BRD-A04706586,bucladesine,trt_cp,5.3525233
ATLAS_SIG_B_TOP100,6a92e7670262700013c4e5e9,ATLAS_SIG_B_TOP100,BRD-K18518344,digitoxigenin,trt_cp,10.503897
ATLAS_SIG_B_TOP100,6a92e7670262700013c4e5e9,ATLAS_SIG_B_TOP100,BRD-A99164655,dihydrexidine,trt_cp,-2.4732924
ATLAS_SIG_B_TOP100,6a92e7670262700013c4e5e9,ATLAS_SIG_B_TOP100,BRD-A44701612,dihydroergocristine,trt_cp,17.09669
ATLAS_SIG_B_TOP100,6a92e7670262700013c4e5e9,ATLAS_SIG_B_TOP100,BRD-A54845972,dihydroergotamine,trt_cp,15.537826
ATLAS_SIG_B_TOP100,6a92e7670262700013c4e5e9,ATLAS_SIG_B_TOP100,BRD-K48722258,dilazep,trt_cp,-4.0169134
ATLAS_SIG_B_TOP100,6a92e7670262700013c4e5e9,ATLAS_SIG_B_TOP100,BRD-K93441486,diphemanil,trt_cp,11.337261
ATLAS_SIG_B_TOP100,6a92e7670262700013c4e5e9,ATLAS_SIG_B_TOP100,BRD-K54233340,dorsomorphin,trt_cp,3.4178998
ATLAS_SIG_B_TOP100,6a92e7670262700013c4e5e9,ATLAS_SIG_B_TOP100,BRD-A76941896,doxorubicin,trt_cp,62.154015
ATLAS_SIG_B_TOP100,6a92e7670262700013c4e5e9,ATLAS_SIG_B_TOP100,BRD-A99571536,dubinidine,trt_cp,50.574936
ATLAS_SIG_B_TOP100,6a92e7670262700013c4e5e9,ATLAS_SIG_B_TOP100,BRD-K41713976,E-4031,trt_cp,-3.555204
ATLAS_SIG_B_TOP100,6a92e7670262700013c4e5e9,ATLAS_SIG_B_TOP100,BRD-K50464341,berbamine,trt_cp,48.73575
ATLAS_SIG_B_TOP100,6a92e7670262700013c4e5e9,ATLAS_SIG_B_TOP100,BRD-K80325895,eicosadienoic-acid,trt_cp,-27.599014
ATLAS_SIG_B_TOP100,6a92e7670262700013c4e5e9,ATLAS_SIG_B_TOP100,BRD-K47192521,icosapent,trt_cp,23.746574
ATLAS_SIG_B_TOP100,6a92e7670262700013c4e5e9,ATLAS_SIG_B_TOP100,BRD-K47659338,EMD-386088,trt_cp,-51.261566
ATLAS_SIG_B_TOP100,6a92e7670262700013c4e5e9,ATLAS_SIG_B_TOP100,BRD-A25687296,emetine,trt_cp,0.0
ATLAS_SIG_B_TOP100,6a92e7670262700013c4e5e9,ATLAS_SIG_B_TOP100,BRD-A98431941,ephedrine,trt_cp,-8.421424
ATLAS_SIG_B_TOP100,6a92e7670262700013c4e5e9,ATLAS_SIG_B_TOP100,BRD-K50660797,epicatechin-gallate-(-),trt_cp,28.631989
ATLAS_SIG_B_TOP100,6a92e7670262700013c4e5e9,ATLAS_SIG_B_TOP100,BRD-K04548931,epirubicin,trt_cp,34.555927
ATLAS_SIG_B_TOP100,6a92e7670262700013c4e5e9,ATLAS_SIG_B_TOP100,BRD-A88080608,equilin,trt_cp,56.91191
ATLAS_SIG_B_TOP100,6a92e7670262700013c4e5e9,ATLAS_SIG_B_TOP100,BRD-K39746403,erythromycin-estolate,trt_cp,-52.3122
ATLAS_SIG_B_TOP100,6a92e7670262700013c4e5e9,ATLAS_SIG_B_TOP100,BRD-K51677086,erythromycin-ethylsuccinate,trt_cp,23.576134
ATLAS_SIG_B_TOP100,6a92e7670262700013c4e5e9,ATLAS_SIG_B_TOP100,BRD-K14920963,erythrosine,trt_cp,88.42298
ATLAS_SIG_B_TOP100,6a92e7670262700013c4e5e9,ATLAS_SIG_B_TOP100,BRD-K70301876,escitalopram,trt_cp,-25.230179
ATLAS_SIG_B_TOP100,6a92e7670262700013c4e5e9,ATLAS_SIG_B_TOP100,BRD-A18917088,estradiol,trt_cp,8.09606
ATLAS_SIG_B_TOP100,6a92e7670262700013c4e5e9,ATLAS_SIG_B_TOP100,BRD-A36066264,estradiol-benzoate,trt_cp,-5.378908
ATLAS_SIG_B_TOP100,6a92e7670262700013c4e5e9,ATLAS_SIG_B_TOP100,BRD-A91452556,estradiol-cypionate,trt_cp,8.040208
ATLAS_SIG_B_TOP100,6a92e7670262700013c4e5e9,ATLAS_SIG_B_TOP100,BRD-A37959677,estrone,trt_cp,-91.267944
ATLAS_SIG_B_TOP100,6a92e7670262700013c4e5e9,ATLAS_SIG_B_TOP100,BRD-A22143024,estropipate,trt_cp,-5.620908
ATLAS_SIG_B_TOP100,6a92e7670262700013c4e5e9,ATLAS_SIG_B_TOP100,BRD-K08556791,ethoprop,trt_cp,0.0
ATLAS_SIG_B_TOP100,6a92e7670262700013c4e5e9,ATLAS_SIG_B_TOP100,BRD-A74667430,etodolac,trt_cp,-28.81624
ATLAS_SIG_B_TOP100,6a92e7670262700013c4e5e9,ATLAS_SIG_B_TOP100,BRD-A54880345,etomidate,trt_cp,21.867249
ATLAS_SIG_B_TOP100,6a92e7670262700013c4e5e9,ATLAS_SIG_B_TOP100,BRD-K32977963,eugenol,trt_cp,-44.93273
ATLAS_SIG_B_TOP100,6a92e7670262700013c4e5e9,ATLAS_SIG_B_TOP100,BRD-A73741725,exemestane,trt_cp,33.04706
ATLAS_SIG_B_TOP100,6a92e7670262700013c4e5e9,ATLAS_SIG_B_TOP100,BRD-A41519720,ezetimibe,trt_cp,38.159164
ATLAS_SIG_B_TOP100,6a92e7670262700013c4e5e9,ATLAS_SIG_B_TOP100,BRD-K40227168,vinburnine,trt_cp,-34.23519
ATLAS_SIG_B_TOP100,6a92e7670262700013c4e5e9,ATLAS_SIG_B_TOP100,BRD-K74212935,ergocryptine,trt_cp,4.844303
ATLAS_SIG_B_TOP100,6a92e7670262700013c4e5e9,ATLAS_SIG_B_TOP100,BRD-K51095933,estropipate,trt_cp,15.293856
ATLAS_SIG_B_TOP100,6a92e7670262700013c4e5e9,ATLAS_SIG_B_TOP100,BRD-K64755930,etazolate,trt_cp,-4.2416816
ATLAS_SIG_B_TOP100,6a92e7670262700013c4e5e9,ATLAS_SIG_B_TOP100,BRD-K45033733,famciclovir,trt_cp,3.1360114
ATLAS_SIG_B_TOP100,6a92e7670262700013c4e5e9,ATLAS_SIG_B_TOP100,BRD-A97104540,fenoterol,trt_cp,-35.289974
ATLAS_SIG_B_TOP100,6a92e7670262700013c4e5e9,ATLAS_SIG_B_TOP100,BRD-K66093087,FGIN-1-43,trt_cp,-29.967308
ATLAS_SIG_B_TOP100,6a92e7670262700013c4e5e9,ATLAS_SIG_B_TOP100,BRD-A50675702,fipronil,trt_cp,8.321911
ATLAS_SIG_B_TOP100,6a92e7670262700013c4e5e9,ATLAS_SIG_B_TOP100,BRD-A38749782,fludrocortisone-acetate,trt_cp,42.868484
ATLAS_SIG_B_TOP100,6a92e7670262700013c4e5e9,ATLAS_SIG_B_TOP100,BRD-K29582677,flunarizine,trt_cp,-33.007893
ATLAS_SIG_B_TOP100,6a92e7670262700013c4e5e9,ATLAS_SIG_B_TOP100,BRD-A77824596,fluocinolone,trt_cp,63.943527
ATLAS_SIG_B_TOP100,6a92e7670262700013c4e5e9,ATLAS_SIG_B_TOP100,BRD-A15297126,fluocinolone-acetonide,trt_cp,0.0
ATLAS_SIG_B_TOP100,6a92e7670262700013c4e5e9,ATLAS_SIG_B_TOP100,BRD-K28307902,flutamide,trt_cp,0.7047216
ATLAS_SIG_B_TOP100,6a92e7670262700013c4e5e9,ATLAS_SIG_B_TOP100,BRD-K66296774,fluvastatin,trt_cp,47.282696
ATLAS_SIG_B_TOP100,6a92e7670262700013c4e5e9,ATLAS_SIG_B_TOP100,BRD-K76587808,fraxetin,trt_cp,13.939706
ATLAS_SIG_B_TOP100,6a92e7670262700013c4e5e9,ATLAS_SIG_B_TOP100,BRD-K77947974,fluspirilene,trt_cp,42.797184
ATLAS_SIG_B_TOP100,6a92e7670262700013c4e5e9,ATLAS_SIG_B_TOP100,BRD-K09602097,forskolin,trt_cp,39.81607
ATLAS_SIG_B_TOP100,6a92e7670262700013c4e5e9,ATLAS_SIG_B_TOP100,BRD-A71157293,fursultiamine,trt_cp,-5.2543793
ATLAS_SIG_B_TOP100,6a92e7670262700013c4e5e9,ATLAS_SIG_B_TOP100,BRD-K31342827,bisindolylmaleimide,trt_cp,-3.6645525
ATLAS_SIG_B_TOP100,6a92e7670262700013c4e5e9,ATLAS_SIG_B_TOP100,BRD-A29082194,gitoxigenin,trt_cp,-20.355946
ATLAS_SIG_B_TOP100,6a92e7670262700013c4e5e9,ATLAS_SIG_B_TOP100,BRD-K51662849,ilomastat,trt_cp,1.8748778
ATLAS_SIG_B_TOP100,6a92e7670262700013c4e5e9,ATLAS_SIG_B_TOP100,BRD-A33084410,5'-guanidinonaltrindole,trt_cp,-0.45806906
ATLAS_SIG_B_TOP100,6a92e7670262700013c4e5e9,ATLAS_SIG_B_TOP100,BRD-K50891186,GR-103691,trt_cp,11.304185
ATLAS_SIG_B_TOP100,6a92e7670262700013c4e5e9,ATLAS_SIG_B_TOP100,BRD-K49945136,GR-113808,trt_cp,10.812928
ATLAS_SIG_B_TOP100,6a92e7670262700013c4e5e9,ATLAS_SIG_B_TOP100,BRD-K83023055,GR-135531,trt_cp,-15.657171
ATLAS_SIG_B_TOP100,6a92e7670262700013c4e5e9,ATLAS_SIG_B_TOP100,BRD-A90515964,guaifenesin,trt_cp,-33.734035
ATLAS_SIG_B_TOP100,6a92e7670262700013c4e5e9,ATLAS_SIG_B_TOP100,BRD-K56800335,guanabenz,trt_cp,10.055767
ATLAS_SIG_B_TOP100,6a92e7670262700013c4e5e9,ATLAS_SIG_B_TOP100,BRD-K32830106,guanfacine,trt_cp,-10.6348295
ATLAS_SIG_B_TOP100,6a92e7670262700013c4e5e9,ATLAS_SIG_B_TOP100,BRD-A15415227,GW-1929,trt_cp,54.90111
ATLAS_SIG_B_TOP100,6a92e7670262700013c4e5e9,ATLAS_SIG_B_TOP100,BRD-K33818169,GW-3965,trt_cp,-30.765442
ATLAS_SIG_B_TOP100,6a92e7670262700013c4e5e9,ATLAS_SIG_B_TOP100,BRD-K64245000,GW-4064,trt_cp,-37.294754
ATLAS_SIG_B_TOP100,6a92e7670262700013c4e5e9,ATLAS_SIG_B_TOP100,BRD-K39520573,GW-5074,trt_cp,-41.32254
ATLAS_SIG_B_TOP100,6a92e7670262700013c4e5e9,ATLAS_SIG_B_TOP100,BRD-K96263742,GW-7647,trt_cp,1.295768
ATLAS_SIG_B_TOP100,6a92e7670262700013c4e5e9,ATLAS_SIG_B_TOP100,BRD-A49148672,galantamine,trt_cp,14.867039
ATLAS_SIG_B_TOP100,6a92e7670262700013c4e5e9,ATLAS_SIG_B_TOP100,BRD-A17535965,gelsemine,trt_cp,55.84402
ATLAS_SIG_B_TOP100,6a92e7670262700013c4e5e9,ATLAS_SIG_B_TOP100,BRD-K54771420,glycocholic-acid,trt_cp,-5.830721
ATLAS_SIG_B_TOP100,6a92e7670262700013c4e5e9,ATLAS_SIG_B_TOP100,BRD-K62736196,guanaben-acetate,trt_cp,-28.191992
ATLAS_SIG_B_TOP100,6a92e7670262700013c4e5e9,ATLAS_SIG_B_TOP100,BRD-K67847053,guanabenz,trt_cp,28.669796
ATLAS_SIG_B_TOP100,6a92e7670262700013c4e5e9,ATLAS_SIG_B_TOP100,BRD-K77793136,hydroxyfasudil,trt_cp,-45.20728
ATLAS_SIG_B_TOP100,6a92e7670262700013c4e5e9,ATLAS_SIG_B_TOP100,BRD-K99946902,hexylresorcinol,trt_cp,6.6420984
ATLAS_SIG_B_TOP100,6a92e7670262700013c4e5e9,ATLAS_SIG_B_TOP100,BRD-A65767837,hydrocortisone-acetate,trt_cp,64.10828
ATLAS_SIG_B_TOP100,6a92e7670262700013c4e5e9,ATLAS_SIG_B_TOP100,BRD-A07000685,hydrocortisone-hemisuccinate,trt_cp,-13.6574745
ATLAS_SIG_B_TOP100,6a92e7670262700013c4e5e9,ATLAS_SIG_B_TOP100,BRD-A46186775,hydrocortisone-phosphate,trt_cp,-32.219177
ATLAS_SIG_B_TOP100,6a92e7670262700013c4e5e9,ATLAS_SIG_B_TOP100,BRD-K29673530,hypericin,trt_cp,-7.137075
ATLAS_SIG_B_TOP100,6a92e7670262700013c4e5e9,ATLAS_SIG_B_TOP100,BRD-A08709697,heliotrine,trt_cp,14.141226
ATLAS_SIG_B_TOP100,6a92e7670262700013c4e5e9,ATLAS_SIG_B_TOP100,BRD-A74975734,homatropine,trt_cp,1.5097046
ATLAS_SIG_B_TOP100,6a92e7670262700013c4e5e9,ATLAS_SIG_B_TOP100,BRD-A22769835,homochlorcyclizine,trt_cp,-8.586811
ATLAS_SIG_B_TOP100,6a92e7670262700013c4e5e9,ATLAS_SIG_B_TOP100,BRD-K37447567,hydrocotarnine,trt_cp,17.335594
ATLAS_SIG_B_TOP100,6a92e7670262700013c4e5e9,ATLAS_SIG_B_TOP100,BRD-A78295502,hydroquinine,trt_cp,45.684273
ATLAS_SIG_B_TOP100,6a92e7670262700013c4e5e9,ATLAS_SIG_B_TOP100,BRD-K35377380,I-OMe-AG-538,trt_cp,-3.2358718
ATLAS_SIG_B_TOP100,6a92e7670262700013c4e5e9,ATLAS_SIG_B_TOP100,BRD-A48809242,IB-MECA,trt_cp,-59.216393
ATLAS_SIG_B_TOP100,6a92e7670262700013c4e5e9,ATLAS_SIG_B_TOP100,BRD-K65639003,icariin,trt_cp,-3.6293163
ATLAS_SIG_B_TOP100,6a92e7670262700013c4e5e9,ATLAS_SIG_B_TOP100,BRD-K52219182,ICI-63197,trt_cp,-0.63424945
ATLAS_SIG_B_TOP100,6a92e7670262700013c4e5e9,ATLAS_SIG_B_TOP100,BRD-A78942461,ICI-118551,trt_cp,0.10570825
ATLAS_SIG_B_TOP100,6a92e7670262700013c4e5e9,ATLAS_SIG_B_TOP100,BRD-K33308633,INCA-6,trt_cp,52.671936
ATLAS_SIG_B_TOP100,6a92e7670262700013c4e5e9,ATLAS_SIG_B_TOP100,BRD-K17894950,indirubin,trt_cp,-5.8648887
ATLAS_SIG_B_TOP100,6a92e7670262700013c4e5e9,ATLAS_SIG_B_TOP100,BRD-K57222227,indometacin,trt_cp,-3.6293163
ATLAS_SIG_B_TOP100,6a92e7670262700013c4e5e9,ATLAS_SIG_B_TOP100,BRD-K60038276,irbesartan,trt_cp,26.721703
ATLAS_SIG_B_TOP100,6a92e7670262700013c4e5e9,ATLAS_SIG_B_TOP100,BRD-K48869804,icilin,trt_cp,1.1627907
ATLAS_SIG_B_TOP100,6a92e7670262700013c4e5e9,ATLAS_SIG_B_TOP100,BRD-A10903566,imiloxan,trt_cp,11.0139065
ATLAS_SIG_B_TOP100,6a92e7670262700013c4e5e9,ATLAS_SIG_B_TOP100,BRD-K49519092,immethridine,trt_cp,-81.91991
ATLAS_SIG_B_TOP100,6a92e7670262700013c4e5e9,ATLAS_SIG_B_TOP100,BRD-K53959060,indirubin,trt_cp,-80.276474
ATLAS_SIG_B_TOP100,6a92e7670262700013c4e5e9,ATLAS_SIG_B_TOP100,BRD-K19136521,indirubin-3-monoxime,trt_cp,-19.154495
ATLAS_SIG_B_TOP100,6a92e7670262700013c4e5e9,ATLAS_SIG_B_TOP100,BRD-A37432947,ipratropium,trt_cp,32.371407
ATLAS_SIG_B_TOP100,6a92e7670262700013c4e5e9,ATLAS_SIG_B_TOP100,BRD-K90574421,ipsapirone,trt_cp,16.806543
ATLAS_SIG_B_TOP100,6a92e7670262700013c4e5e9,ATLAS_SIG_B_TOP100,BRD-A90799790,isradipine,trt_cp,1.6560959
ATLAS_SIG_B_TOP100,6a92e7670262700013c4e5e9,ATLAS_SIG_B_TOP100,BRD-A40639672,ketorolac,trt_cp,-5.21494
ATLAS_SIG_B_TOP100,6a92e7670262700013c4e5e9,ATLAS_SIG_B_TOP100,BRD-K28936863,ketotifen,trt_cp,0.88090205
ATLAS_SIG_B_TOP100,6a92e7670262700013c4e5e9,ATLAS_SIG_B_TOP100,BRD-A43849199,karakoline,trt_cp,25.222265
ATLAS_SIG_B_TOP100,6a92e7670262700013c4e5e9,ATLAS_SIG_B_TOP100,BRD-K09497549,kawain,trt_cp,31.059578
ATLAS_SIG_B_TOP100,6a92e7670262700013c4e5e9,ATLAS_SIG_B_TOP100,BRD-K47150025,KI-8751,trt_cp,19.775532
ATLAS_SIG_B_TOP100,6a92e7670262700013c4e5e9,ATLAS_SIG_B_TOP100,BRD-K39733634,L-161982,trt_cp,18.628485
ATLAS_SIG_B_TOP100,6a92e7670262700013c4e5e9,ATLAS_SIG_B_TOP100,BRD-A85472596,L-670596,trt_cp,9.501084
ATLAS_SIG_B_TOP100,6a92e7670262700013c4e5e9,ATLAS_SIG_B_TOP100,BRD-A93206962,L-755507,trt_cp,-4.40451
ATLAS_SIG_B_TOP100,6a92e7670262700013c4e5e9,ATLAS_SIG_B_TOP100,BRD-K18036262,L-168049,trt_cp,2.0789287
ATLAS_SIG_B_TOP100,6a92e7670262700013c4e5e9,ATLAS_SIG_B_TOP100,BRD-A84389091,L-655708,trt_cp,-6.293643
ATLAS_SIG_B_TOP100,6a92e7670262700013c4e5e9,ATLAS_SIG_B_TOP100,BRD-K08109516,L-701324,trt_cp,-60.337547
ATLAS_SIG_B_TOP100,6a92e7670262700013c4e5e9,ATLAS_SIG_B_TOP100,BRD-A71203467,L-stepholidine,trt_cp,0.0
ATLAS_SIG_B_TOP100,6a92e7670262700013c4e5e9,ATLAS_SIG_B_TOP100,BRD-A72711497,lasalocid,trt_cp,35.326523
ATLAS_SIG_B_TOP100,6a92e7670262700013c4e5e9,ATLAS_SIG_B_TOP100,BRD-A32836748,leu-enkephalin,trt_cp,-60.088078
ATLAS_SIG_B_TOP100,6a92e7670262700013c4e5e9,ATLAS_SIG_B_TOP100,BRD-K08973992,linoleic-acid,trt_cp,2.0789287
ATLAS_SIG_B_TOP100,6a92e7670262700013c4e5e9,ATLAS_SIG_B_TOP100,BRD-K88849294,lobaric-acid,trt_cp,2.8291686
ATLAS_SIG_B_TOP100,6a92e7670262700013c4e5e9,ATLAS_SIG_B_TOP100,BRD-K15834839,lobendazole,trt_cp,0.422833
ATLAS_SIG_B_TOP100,6a92e7670262700013c4e5e9,ATLAS_SIG_B_TOP100,BRD-K39915878,loxapine,trt_cp,-8.951166
ATLAS_SIG_B_TOP100,6a92e7670262700013c4e5e9,ATLAS_SIG_B_TOP100,BRD-A92826379,lupanine,trt_cp,-39.71443
ATLAS_SIG_B_TOP100,6a92e7670262700013c4e5e9,ATLAS_SIG_B_TOP100,BRD-K95899059,LY-344864,trt_cp,0.0
ATLAS_SIG_B_TOP100,6a92e7670262700013c4e5e9,ATLAS_SIG_B_TOP100,BRD-K74765201,tomelukast,trt_cp,-68.07604
ATLAS_SIG_B_TOP100,6a92e7670262700013c4e5e9,ATLAS_SIG_B_TOP100,BRD-K27305650,LY-294002,trt_cp,-3.3402944
ATLAS_SIG_B_TOP100,6a92e7670262700013c4e5e9,ATLAS_SIG_B_TOP100,BRD-K62792802,LY-83583,trt_cp,52.807144
ATLAS_SIG_B_TOP100,6a92e7670262700013c4e5e9,ATLAS_SIG_B_TOP100,BRD-A24817035,laudanosine,trt_cp,1.4094433
ATLAS_SIG_B_TOP100,6a92e7670262700013c4e5e9,ATLAS_SIG_B_TOP100,BRD-K96119599,leucodin,trt_cp,-4.69934
ATLAS_SIG_B_TOP100,6a92e7670262700013c4e5e9,ATLAS_SIG_B_TOP100,BRD-K59332007,linopirdine,trt_cp,9.515232
ATLAS_SIG_B_TOP100,6a92e7670262700013c4e5e9,ATLAS_SIG_B_TOP100,BRD-K36377456,marmesin,trt_cp,5.0541506
ATLAS_SIG_B_TOP100,6a92e7670262700013c4e5e9,ATLAS_SIG_B_TOP100,BRD-K64746805,MBCQ,trt_cp,3.5951293
ATLAS_SIG_B_TOP100,6a92e7670262700013c4e5e9,ATLAS_SIG_B_TOP100,BRD-A62057054,MDL-11939,trt_cp,6.4236894
ATLAS_SIG_B_TOP100,6a92e7670262700013c4e5e9,ATLAS_SIG_B_TOP100,BRD-K59753853,MDL-29951,trt_cp,0.5285412
ATLAS_SIG_B_TOP100,6a92e7670262700013c4e5e9,ATLAS_SIG_B_TOP100,BRD-A09467419,mebeverine,trt_cp,-14.946643
ATLAS_SIG_B_TOP100,6a92e7670262700013c4e5e9,ATLAS_SIG_B_TOP100,BRD-A84174393,meloxicam,trt_cp,48.00567
ATLAS_SIG_B_TOP100,6a92e7670262700013c4e5e9,ATLAS_SIG_B_TOP100,BRD-K18194590,mephentermine,trt_cp,46.99604
ATLAS_SIG_B_TOP100,6a92e7670262700013c4e5e9,ATLAS_SIG_B_TOP100,BRD-K91336023,mesulergine,trt_cp,0.0
ATLAS_SIG_B_TOP100,6a92e7670262700013c4e5e9,ATLAS_SIG_B_TOP100,BRD-A02189320,met-leu-phe,trt_cp,-2.2198732
ATLAS_SIG_B_TOP100,6a92e7670262700013c4e5e9,ATLAS_SIG_B_TOP100,BRD-K34685430,methylergometrine,trt_cp,8.494244
ATLAS_SIG_B_TOP100,6a92e7670262700013c4e5e9,ATLAS_SIG_B_TOP100,BRD-K35941380,methysergide,trt_cp,-53.410583
ATLAS_SIG_B_TOP100,6a92e7670262700013c4e5e9,ATLAS_SIG_B_TOP100,BRD-A61793559,metolazone,trt_cp,-29.501705
ATLAS_SIG_B_TOP100,6a92e7670262700013c4e5e9,ATLAS_SIG_B_TOP100,BRD-A79981887,midodrine,trt_cp,-18.945356
ATLAS_SIG_B_TOP100,6a92e7670262700013c4e5e9,ATLAS_SIG_B_TOP100,BRD-A48237631,mitomycin-c,trt_cp,-14.9456
ATLAS_SIG_B_TOP100,6a92e7670262700013c4e5e9,ATLAS_SIG_B_TOP100,BRD-A31204924,mitotane,trt_cp,-8.799133
ATLAS_SIG_B_TOP100,6a92e7670262700013c4e5e9,ATLAS_SIG_B_TOP100,BRD-K19554809,MK-212,trt_cp,0.0
ATLAS_SIG_B_TOP100,6a92e7670262700013c4e5e9,ATLAS_SIG_B_TOP100,BRD-K68402494,ML-9,trt_cp,-0.95137423
ATLAS_SIG_B_TOP100,6a92e7670262700013c4e5e9,ATLAS_SIG_B_TOP100,BRD-A06784547,MRS-1334,trt_cp,-7.2173433
ATLAS_SIG_B_TOP100,6a92e7670262700013c4e5e9,ATLAS_SIG_B_TOP100,BRD-K03319035,maprotiline,trt_cp,-16.991045
ATLAS_SIG_B_TOP100,6a92e7670262700013c4e5e9,ATLAS_SIG_B_TOP100,BRD-A66563878,medetomidine,trt_cp,47.08821
ATLAS_SIG_B_TOP100,6a92e7670262700013c4e5e9,ATLAS_SIG_B_TOP100,BRD-K19507340,megestrol,trt_cp,-9.69026
ATLAS_SIG_B_TOP100,6a92e7670262700013c4e5e9,ATLAS_SIG_B_TOP100,BRD-A42346008,metanephrine,trt_cp,-37.53832
ATLAS_SIG_B_TOP100,6a92e7670262700013c4e5e9,ATLAS_SIG_B_TOP100,BRD-K88741031,"methyl-2,5-dihydroxycinnamate",trt_cp,-53.60879
ATLAS_SIG_B_TOP100,6a92e7670262700013c4e5e9,ATLAS_SIG_B_TOP100,BRD-A33711280,metixene,trt_cp,2.9499698
ATLAS_SIG_B_TOP100,6a92e7670262700013c4e5e9,ATLAS_SIG_B_TOP100,BRD-K46862739,metyrapone,trt_cp,-68.876465
ATLAS_SIG_B_TOP100,6a92e7670262700013c4e5e9,ATLAS_SIG_B_TOP100,BRD-A64977602,mirtazapine,trt_cp,4.9330516
ATLAS_SIG_B_TOP100,6a92e7670262700013c4e5e9,ATLAS_SIG_B_TOP100,BRD-K31542390,mycophenolic-acid,trt_cp,-6.129409
ATLAS_SIG_B_TOP100,6a92e7670262700013c4e5e9,ATLAS_SIG_B_TOP100,BRD-K51557114,BRD-K51557114,trt_cp,-59.698788
ATLAS_SIG_B_TOP100,6a92e7670262700013c4e5e9,ATLAS_SIG_B_TOP100,BRD-K98297262,BRD-K98297262,trt_cp,3.0217695
ATLAS_SIG_B_TOP100,6a92e7670262700013c4e5e9,ATLAS_SIG_B_TOP100,BRD-A61470182,N-formylmethionylalanine,trt_cp,12.796727
ATLAS_SIG_B_TOP100,6a92e7670262700013c4e5e9,ATLAS_SIG_B_TOP100,BRD-A85234536,N6-cyclopentyladenosine,trt_cp,-9.297014
ATLAS_SIG_B_TOP100,6a92e7670262700013c4e5e9,ATLAS_SIG_B_TOP100,BRD-K65146499,nabumetone,trt_cp,-41.073524
ATLAS_SIG_B_TOP100,6a92e7670262700013c4e5e9,ATLAS_SIG_B_TOP100,BRD-A67862938,naftidrofuryl,trt_cp,-21.86107
ATLAS_SIG_B_TOP100,6a92e7670262700013c4e5e9,ATLAS_SIG_B_TOP100,BRD-A66559694,naltrexone,trt_cp,-7.2093034
ATLAS_SIG_B_TOP100,6a92e7670262700013c4e5e9,ATLAS_SIG_B_TOP100,BRD-K34014345,naproxol,trt_cp,-3.488372
ATLAS_SIG_B_TOP100,6a92e7670262700013c4e5e9,ATLAS_SIG_B_TOP100,BRD-K47717570,NBQX,trt_cp,-5.914675
ATLAS_SIG_B_TOP100,6a92e7670262700013c4e5e9,ATLAS_SIG_B_TOP100,BRD-A85025557,NCS-382,trt_cp,-9.261505
ATLAS_SIG_B_TOP100,6a92e7670262700013c4e5e9,ATLAS_SIG_B_TOP100,BRD-K76810206,nicergoline,trt_cp,-23.31487
ATLAS_SIG_B_TOP100,6a92e7670262700013c4e5e9,ATLAS_SIG_B_TOP100,BRD-K79092138,nitrofural,trt_cp,38.420578
ATLAS_SIG_B_TOP100,6a92e7670262700013c4e5e9,ATLAS_SIG_B_TOP100,BRD-A09349126,norethindrone,trt_cp,1.7339053
ATLAS_SIG_B_TOP100,6a92e7670262700013c4e5e9,ATLAS_SIG_B_TOP100,BRD-A04756508,norgestimate,trt_cp,9.274813
ATLAS_SIG_B_TOP100,6a92e7670262700013c4e5e9,ATLAS_SIG_B_TOP100,BRD-K54210043,NS-1619,trt_cp,-34.515903
ATLAS_SIG_B_TOP100,6a92e7670262700013c4e5e9,ATLAS_SIG_B_TOP100,BRD-K59637651,NSC-119889,trt_cp,19.0641
ATLAS_SIG_B_TOP100,6a92e7670262700013c4e5e9,ATLAS_SIG_B_TOP100,BRD-K03109492,NSC-663284,trt_cp,40.55817
ATLAS_SIG_B_TOP100,6a92e7670262700013c4e5e9,ATLAS_SIG_B_TOP100,BRD-K09537769,NU-7026,trt_cp,16.836557
ATLAS_SIG_B_TOP100,6a92e7670262700013c4e5e9,ATLAS_SIG_B_TOP100,BRD-K50311478,tosyl-phenylalanyl-chloromethyl-ketone,trt_cp,-0.31712472
ATLAS_SIG_B_TOP100,6a92e7670262700013c4e5e9,ATLAS_SIG_B_TOP100,BRD-K66404838,nalbuphine,trt_cp,-1.0923185
ATLAS_SIG_B_TOP100,6a92e7670262700013c4e5e9,ATLAS_SIG_B_TOP100,BRD-A37541666,naloxone,trt_cp,9.654686
ATLAS_SIG_B_TOP100,6a92e7670262700013c4e5e9,ATLAS_SIG_B_TOP100,BRD-A83855350,naltrexone,trt_cp,-58.617447
ATLAS_SIG_B_TOP100,6a92e7670262700013c4e5e9,ATLAS_SIG_B_TOP100,BRD-A94669766,naringenin,trt_cp,28.995628
ATLAS_SIG_B_TOP100,6a92e7670262700013c4e5e9,ATLAS_SIG_B_TOP100,BRD-K02953697,naringin,trt_cp,-31.235346
ATLAS_SIG_B_TOP100,6a92e7670262700013c4e5e9,ATLAS_SIG_B_TOP100,BRD-K53123955,niridazole,trt_cp,-13.515702
ATLAS_SIG_B_TOP100,6a92e7670262700013c4e5e9,ATLAS_SIG_B_TOP100,BRD-K78485176,olmesartan-medoxomil,trt_cp,42.376686
ATLAS_SIG_B_TOP100,6a92e7670262700013c4e5e9,ATLAS_SIG_B_TOP100,BRD-A68930007,ouabain,trt_cp,0.9866103
ATLAS_SIG_B_TOP100,6a92e7670262700013c4e5e9,ATLAS_SIG_B_TOP100,BRD-K66019333,oxantel,trt_cp,-56.57779
ATLAS_SIG_B_TOP100,6a92e7670262700013c4e5e9,ATLAS_SIG_B_TOP100,BRD-K25394294,oxaprozin,trt_cp,1.5151515
ATLAS_SIG_B_TOP100,6a92e7670262700013c4e5e9,ATLAS_SIG_B_TOP100,BRD-K52075715,oxibendazole,trt_cp,22.593197
ATLAS_SIG_B_TOP100,6a92e7670262700013c4e5e9,ATLAS_SIG_B_TOP100,BRD-K21936341,oxotremorine-sesquifumarate,trt_cp,2.4704208
ATLAS_SIG_B_TOP100,6a92e7670262700013c4e5e9,ATLAS_SIG_B_TOP100,BRD-K31987754,oleylethanolamide,trt_cp,-1.3166595
ATLAS_SIG_B_TOP100,6a92e7670262700013c4e5e9,ATLAS_SIG_B_TOP100,BRD-A46747628,ouabain,trt_cp,23.201422
ATLAS_SIG_B_TOP100,6a92e7670262700013c4e5e9,ATLAS_SIG_B_TOP100,BRD-A43671941,oxprenolol,trt_cp,-4.0521493
ATLAS_SIG_B_TOP100,6a92e7670262700013c4e5e9,ATLAS_SIG_B_TOP100,BRD-K53061490,ozagrel,trt_cp,-3.5922055
ATLAS_SIG_B_TOP100,6a92e7670262700013c4e5e9,ATLAS_SIG_B_TOP100,BRD-A28746609,paclitaxel,trt_cp,11.114146
ATLAS_SIG_B_TOP100,6a92e7670262700013c4e5e9,ATLAS_SIG_B_TOP100,BRD-K48735772,PD-158780,trt_cp,-88.892075
ATLAS_SIG_B_TOP100,6a92e7670262700013c4e5e9,ATLAS_SIG_B_TOP100,BRD-A43150328,penicillic-acid,trt_cp,3.5940804
ATLAS_SIG_B_TOP100,6a92e7670262700013c4e5e9,ATLAS_SIG_B_TOP100,BRD-K55191674,benzylpenicillin,trt_cp,25.519897
ATLAS_SIG_B_TOP100,6a92e7670262700013c4e5e9,ATLAS_SIG_B_TOP100,BRD-K03842655,penitrem-a,trt_cp,0.9161381
ATLAS_SIG_B_TOP100,6a92e7670262700013c4e5e9,ATLAS_SIG_B_TOP100,BRD-A44448661,pentobarbital,trt_cp,40.79742
ATLAS_SIG_B_TOP100,6a92e7670262700013c4e5e9,ATLAS_SIG_B_TOP100,BRD-K60770992,pergolide,trt_cp,-4.9330516
ATLAS_SIG_B_TOP100,6a92e7670262700013c4e5e9,ATLAS_SIG_B_TOP100,BRD-K92731339,perindopril,trt_cp,-28.790184
ATLAS_SIG_B_TOP100,6a92e7670262700013c4e5e9,ATLAS_SIG_B_TOP100,BRD-A45333398,periplocymarin,trt_cp,-4.981249
ATLAS_SIG_B_TOP100,6a92e7670262700013c4e5e9,ATLAS_SIG_B_TOP100,BRD-A93477898,PETCM,trt_cp,0.31712472
ATLAS_SIG_B_TOP100,6a92e7670262700013c4e5e9,ATLAS_SIG_B_TOP100,BRD-A48257147,PHCCC,trt_cp,7.01198
ATLAS_SIG_B_TOP100,6a92e7670262700013c4e5e9,ATLAS_SIG_B_TOP100,BRD-K38323065,phenacetin,trt_cp,-9.10265
ATLAS_SIG_B_TOP100,6a92e7670262700013c4e5e9,ATLAS_SIG_B_TOP100,BRD-K21350491,phenamil,trt_cp,-11.485888
ATLAS_SIG_B_TOP100,6a92e7670262700013c4e5e9,ATLAS_SIG_B_TOP100,BRD-K19227686,phenolphthalein,trt_cp,31.524414
ATLAS_SIG_B_TOP100,6a92e7670262700013c4e5e9,ATLAS_SIG_B_TOP100,BRD-K96319534,phentermine,trt_cp,11.453251
ATLAS_SIG_B_TOP100,6a92e7670262700013c4e5e9,ATLAS_SIG_B_TOP100,BRD-K25650355,physostigmine,trt_cp,-45.902008
ATLAS_SIG_B_TOP100,6a92e7670262700013c4e5e9,ATLAS_SIG_B_TOP100,BRD-K14536225,piceid,trt_cp,24.817484
ATLAS_SIG_B_TOP100,6a92e7670262700013c4e5e9,ATLAS_SIG_B_TOP100,BRD-K26801045,pipamperone,trt_cp,75.97973
ATLAS_SIG_B_TOP100,6a92e7670262700013c4e5e9,ATLAS_SIG_B_TOP100,BRD-A97479839,piperidolate,trt_cp,-55.930256
ATLAS_SIG_B_TOP100,6a92e7670262700013c4e5e9,ATLAS_SIG_B_TOP100,BRD-K59522102,piperine,trt_cp,-13.437392
ATLAS_SIG_B_TOP100,6a92e7670262700013c4e5e9,ATLAS_SIG_B_TOP100,BRD-K24132293,piperlongumine,trt_cp,57.93308
ATLAS_SIG_B_TOP100,6a92e7670262700013c4e5e9,ATLAS_SIG_B_TOP100,BRD-K25224017,pirenperone,trt_cp,0.3523608
ATLAS_SIG_B_TOP100,6a92e7670262700013c4e5e9,ATLAS_SIG_B_TOP100,BRD-A57382968,piroxicam,trt_cp,5.7082453
ATLAS_SIG_B_TOP100,6a92e7670262700013c4e5e9,ATLAS_SIG_B_TOP100,BRD-K75958195,pizotifen,trt_cp,38.96756
ATLAS_SIG_B_TOP100,6a92e7670262700013c4e5e9,ATLAS_SIG_B_TOP100,BRD-K57304726,PRE-084,trt_cp,-24.12891
ATLAS_SIG_B_TOP100,6a92e7670262700013c4e5e9,ATLAS_SIG_B_TOP100,BRD-A27887842,prednisolone,trt_cp,-11.571449
ATLAS_SIG_B_TOP100,6a92e7670262700013c4e5e9,ATLAS_SIG_B_TOP100,BRD-A01643550,prednisolone-acetate,trt_cp,16.167042
ATLAS_SIG_B_TOP100,6a92e7670262700013c4e5e9,ATLAS_SIG_B_TOP100,BRD-A78391468,prednisolone-hemisuccinate,trt_cp,-29.831142
ATLAS_SIG_B_TOP100,6a92e7670262700013c4e5e9,ATLAS_SIG_B_TOP100,BRD-A62525898,prednisone,trt_cp,19.476194
ATLAS_SIG_B_TOP100,6a92e7670262700013c4e5e9,ATLAS_SIG_B_TOP100,BRD-A35912562,pregnenolone-succinate,trt_cp,51.992508
ATLAS_SIG_B_TOP100,6a92e7670262700013c4e5e9,ATLAS_SIG_B_TOP100,BRD-A55913614,primaquine,trt_cp,31.736462
ATLAS_SIG_B_TOP100,6a92e7670262700013c4e5e9,ATLAS_SIG_B_TOP100,BRD-K46317332,proadifen,trt_cp,-6.953239
ATLAS_SIG_B_TOP100,6a92e7670262700013c4e5e9,ATLAS_SIG_B_TOP100,BRD-K19352500,prochlorperazine,trt_cp,18.794338
ATLAS_SIG_B_TOP100,6a92e7670262700013c4e5e9,ATLAS_SIG_B_TOP100,BRD-A67479912,progesterone,trt_cp,3.4404144
ATLAS_SIG_B_TOP100,6a92e7670262700013c4e5e9,ATLAS_SIG_B_TOP100,BRD-K06980535,promazine,trt_cp,0.9161381
ATLAS_SIG_B_TOP100,6a92e7670262700013c4e5e9,ATLAS_SIG_B_TOP100,BRD-K59273480,propentofylline,trt_cp,-1.6208597
ATLAS_SIG_B_TOP100,6a92e7670262700013c4e5e9,ATLAS_SIG_B_TOP100,BRD-K42098891,protriptyline,trt_cp,-0.7751938
ATLAS_SIG_B_TOP100,6a92e7670262700013c4e5e9,ATLAS_SIG_B_TOP100,BRD-K71266197,PSB-06126,trt_cp,10.570825
ATLAS_SIG_B_TOP100,6a92e7670262700013c4e5e9,ATLAS_SIG_B_TOP100,BRD-K79366068,PSB-069,trt_cp,46.7405
ATLAS_SIG_B_TOP100,6a92e7670262700013c4e5e9,ATLAS_SIG_B_TOP100,BRD-K49027941,PSB-1115,trt_cp,-30.926748
ATLAS_SIG_B_TOP100,6a92e7670262700013c4e5e9,ATLAS_SIG_B_TOP100,BRD-K38251852,paxilline,trt_cp,2.673698
ATLAS_SIG_B_TOP100,6a92e7670262700013c4e5e9,ATLAS_SIG_B_TOP100,BRD-K96799727,pifithrin-mu,trt_cp,73.613304
ATLAS_SIG_B_TOP100,6a92e7670262700013c4e5e9,ATLAS_SIG_B_TOP100,BRD-K47936004,piribedil,trt_cp,7.766501
ATLAS_SIG_B_TOP100,6a92e7670262700013c4e5e9,ATLAS_SIG_B_TOP100,BRD-A54490543,pirlindole,trt_cp,-13.417249
ATLAS_SIG_B_TOP100,6a92e7670262700013c4e5e9,ATLAS_SIG_B_TOP100,BRD-K67100011,pivmecillinam,trt_cp,15.742853
ATLAS_SIG_B_TOP100,6a92e7670262700013c4e5e9,ATLAS_SIG_B_TOP100,BRD-A41304429,practolol,trt_cp,-28.03668
ATLAS_SIG_B_TOP100,6a92e7670262700013c4e5e9,ATLAS_SIG_B_TOP100,BRD-K46137903,prednicarbate,trt_cp,5.8618536
ATLAS_SIG_B_TOP100,6a92e7670262700013c4e5e9,ATLAS_SIG_B_TOP100,BRD-A34806832,proscillaridin,trt_cp,-23.883726
ATLAS_SIG_B_TOP100,6a92e7670262700013c4e5e9,ATLAS_SIG_B_TOP100,BRD-K02581333,protein-tyrosine-phosphatase-inhibitor-IV,trt_cp,21.180607
ATLAS_SIG_B_TOP100,6a92e7670262700013c4e5e9,ATLAS_SIG_B_TOP100,BRD-K83302049,protopine,trt_cp,2.1101472
ATLAS_SIG_B_TOP100,6a92e7670262700013c4e5e9,ATLAS_SIG_B_TOP100,BRD-K50836978,purvalanol-a,trt_cp,16.086313
ATLAS_SIG_B_TOP100,6a92e7670262700013c4e5e9,ATLAS_SIG_B_TOP100,BRD-K41564320,purvalanol-b,trt_cp,55.539505
ATLAS_SIG_B_TOP100,6a92e7670262700013c4e5e9,ATLAS_SIG_B_TOP100,BRD-K68867920,quetiapine,trt_cp,-20.120665
ATLAS_SIG_B_TOP100,6a92e7670262700013c4e5e9,ATLAS_SIG_B_TOP100,BRD-K72222507,quinapril,trt_cp,-18.01059
ATLAS_SIG_B_TOP100,6a92e7670262700013c4e5e9,ATLAS_SIG_B_TOP100,BRD-K40782193,QX-222,trt_cp,-58.220947
ATLAS_SIG_B_TOP100,6a92e7670262700013c4e5e9,ATLAS_SIG_B_TOP100,BRD-K54665485,R-59022,trt_cp,12.40317
ATLAS_SIG_B_TOP100,6a92e7670262700013c4e5e9,ATLAS_SIG_B_TOP100,BRD-K16604360,BRD-K16604360,trt_cp,-27.72072
ATLAS_SIG_B_TOP100,6a92e7670262700013c4e5e9,ATLAS_SIG_B_TOP100,BRD-K13544237,r(-)-propylnorapomorphine,trt_cp,8.672297
ATLAS_SIG_B_TOP100,6a92e7670262700013c4e5e9,ATLAS_SIG_B_TOP100,BRD-A54236247,ephedrine-(racemic),trt_cp,-2.9976053
ATLAS_SIG_B_TOP100,6a92e7670262700013c4e5e9,ATLAS_SIG_B_TOP100,BRD-K85603128,resorcinol,trt_cp,-80.63106
ATLAS_SIG_B_TOP100,6a92e7670262700013c4e5e9,ATLAS_SIG_B_TOP100,BRD-K37206356,rhamnetin,trt_cp,42.420124
ATLAS_SIG_B_TOP100,6a92e7670262700013c4e5e9,ATLAS_SIG_B_TOP100,BRD-K10098805,rhapontin,trt_cp,-22.798767
ATLAS_SIG_B_TOP100,6a92e7670262700013c4e5e9,ATLAS_SIG_B_TOP100,BRD-K13725475,rhodomyrtoxin,trt_cp,-58.177826
ATLAS_SIG_B_TOP100,6a92e7670262700013c4e5e9,ATLAS_SIG_B_TOP100,BRD-A08003242,rhodomyrtoxin-b,trt_cp,53.253437
ATLAS_SIG_B_TOP100,6a92e7670262700013c4e5e9,ATLAS_SIG_B_TOP100,BRD-K40887525,ritanserin,trt_cp,-22.351492
ATLAS_SIG_B_TOP100,6a92e7670262700013c4e5e9,ATLAS_SIG_B_TOP100,BRD-K75699339,rizatriptan,trt_cp,14.05217
ATLAS_SIG_B_TOP100,6a92e7670262700013c4e5e9,ATLAS_SIG_B_TOP100,BRD-A77349281,RK-682,trt_cp,-63.022438
ATLAS_SIG_B_TOP100,6a92e7670262700013c4e5e9,ATLAS_SIG_B_TOP100,BRD-K43796186,benzyl-quinazolin-4-yl-amine,trt_cp,-17.422342
ATLAS_SIG_B_TOP100,6a92e7670262700013c4e5e9,ATLAS_SIG_B_TOP100,BRD-K43290182,Ro-04-6790,trt_cp,16.050238
ATLAS_SIG_B_TOP100,6a92e7670262700013c4e5e9,ATLAS_SIG_B_TOP100,BRD-K54411430,robustic-acid,trt_cp,8.266013
ATLAS_SIG_B_TOP100,6a92e7670262700013c4e5e9,ATLAS_SIG_B_TOP100,BRD-K21733600,rofecoxib,trt_cp,-1.5151515
ATLAS_SIG_B_TOP100,6a92e7670262700013c4e5e9,ATLAS_SIG_B_TOP100,BRD-A34255068,rolipram,trt_cp,2.4897501
ATLAS_SIG_B_TOP100,6a92e7670262700013c4e5e9,ATLAS_SIG_B_TOP100,BRD-K82941592,rosuvastatin,trt_cp,2.60747
ATLAS_SIG_B_TOP100,6a92e7670262700013c4e5e9,ATLAS_SIG_B_TOP100,BRD-K83063356,RS-102895,trt_cp,-15.178069
ATLAS_SIG_B_TOP100,6a92e7670262700013c4e5e9,ATLAS_SIG_B_TOP100,BRD-K20742498,RS-39604,trt_cp,4.6926627
ATLAS_SIG_B_TOP100,6a92e7670262700013c4e5e9,ATLAS_SIG_B_TOP100,BRD-A65597028,RX-821002,trt_cp,-18.120504
ATLAS_SIG_B_TOP100,6a92e7670262700013c4e5e9,ATLAS_SIG_B_TOP100,BRD-K07859598,GW-5074,trt_cp,-14.430531
ATLAS_SIG_B_TOP100,6a92e7670262700013c4e5e9,ATLAS_SIG_B_TOP100,BRD-K82846253,repaglinide,trt_cp,-71.47201
ATLAS_SIG_B_TOP100,6a92e7670262700013c4e5e9,ATLAS_SIG_B_TOP100,BRD-A71765365,mepireserpate,trt_cp,0.4718389
ATLAS_SIG_B_TOP100,6a92e7670262700013c4e5e9,ATLAS_SIG_B_TOP100,BRD-A83431637,resmethrin,trt_cp,0.5990134
ATLAS_SIG_B_TOP100,6a92e7670262700013c4e5e9,ATLAS_SIG_B_TOP100,BRD-K42142750,retrorsine,trt_cp,1.5856236
ATLAS_SIG_B_TOP100,6a92e7670262700013c4e5e9,ATLAS_SIG_B_TOP100,BRD-K46678324,RHO-kinase-inhibitor-II,trt_cp,23.144753
ATLAS_SIG_B_TOP100,6a92e7670262700013c4e5e9,ATLAS_SIG_B_TOP100,BRD-K92760278,riboflavin,trt_cp,47.38653
ATLAS_SIG_B_TOP100,6a92e7670262700013c4e5e9,ATLAS_SIG_B_TOP100,BRD-K82561139,ricinine,trt_cp,67.300026
ATLAS_SIG_B_TOP100,6a92e7670262700013c4e5e9,ATLAS_SIG_B_TOP100,BRD-K51465424,ritodrine,trt_cp,11.560943
ATLAS_SIG_B_TOP100,6a92e7670262700013c4e5e9,ATLAS_SIG_B_TOP100,BRD-K51541829,Ro-25-6981,trt_cp,-11.657699
ATLAS_SIG_B_TOP100,6a92e7670262700013c4e5e9,ATLAS_SIG_B_TOP100,BRD-K06543683,bisindolylmaleimide-ix,trt_cp,38.073082
ATLAS_SIG_B_TOP100,6a92e7670262700013c4e5e9,ATLAS_SIG_B_TOP100,BRD-K58299615,Ro-90-7501,trt_cp,3.69729
ATLAS_SIG_B_TOP100,6a92e7670262700013c4e5e9,ATLAS_SIG_B_TOP100,BRD-K39256324,rottlerin,trt_cp,9.358685
ATLAS_SIG_B_TOP100,6a92e7670262700013c4e5e9,ATLAS_SIG_B_TOP100,BRD-K46766488,S-14506,trt_cp,-40.85456
ATLAS_SIG_B_TOP100,6a92e7670262700013c4e5e9,ATLAS_SIG_B_TOP100,BRD-K64614248,salicin,trt_cp,-2.6424134
ATLAS_SIG_B_TOP100,6a92e7670262700013c4e5e9,ATLAS_SIG_B_TOP100,BRD-K03557653,sappanone-a,trt_cp,-5.954838
ATLAS_SIG_B_TOP100,6a92e7670262700013c4e5e9,ATLAS_SIG_B_TOP100,BRD-K36395411,SB-206553,trt_cp,13.898315
ATLAS_SIG_B_TOP100,6a92e7670262700013c4e5e9,ATLAS_SIG_B_TOP100,BRD-K30867024,SB-216641,trt_cp,-0.14094433
ATLAS_SIG_B_TOP100,6a92e7670262700013c4e5e9,ATLAS_SIG_B_TOP100,BRD-A06352508,SB-218078,trt_cp,-33.465538
ATLAS_SIG_B_TOP100,6a92e7670262700013c4e5e9,ATLAS_SIG_B_TOP100,BRD-K80639402,SB-258585,trt_cp,51.033447
ATLAS_SIG_B_TOP100,6a92e7670262700013c4e5e9,ATLAS_SIG_B_TOP100,BRD-K52512893,SC-19220,trt_cp,-8.532842
ATLAS_SIG_B_TOP100,6a92e7670262700013c4e5e9,ATLAS_SIG_B_TOP100,BRD-A92161634,scopoline,trt_cp,11.8652
ATLAS_SIG_B_TOP100,6a92e7670262700013c4e5e9,ATLAS_SIG_B_TOP100,BRD-K91904471,SD-169,trt_cp,38.164906
ATLAS_SIG_B_TOP100,6a92e7670262700013c4e5e9,ATLAS_SIG_B_TOP100,BRD-A58564983,selamectin,trt_cp,-15.47992
ATLAS_SIG_B_TOP100,6a92e7670262700013c4e5e9,ATLAS_SIG_B_TOP100,BRD-K82036761,sertraline,trt_cp,65.32331
ATLAS_SIG_B_TOP100,6a92e7670262700013c4e5e9,ATLAS_SIG_B_TOP100,BRD-K67439147,SIB-1893,trt_cp,-52.95844
ATLAS_SIG_B_TOP100,6a92e7670262700013c4e5e9,ATLAS_SIG_B_TOP100,BRD-K79759585,sildenafil,trt_cp,-31.675108
ATLAS_SIG_B_TOP100,6a92e7670262700013c4e5e9,ATLAS_SIG_B_TOP100,BRD-K22134346,simvastatin,trt_cp,17.691837
ATLAS_SIG_B_TOP100,6a92e7670262700013c4e5e9,ATLAS_SIG_B_TOP100,BRD-A52588987,SKF-83566,trt_cp,-43.544106
ATLAS_SIG_B_TOP100,6a92e7670262700013c4e5e9,ATLAS_SIG_B_TOP100,BRD-A72703248,SKF-96365,trt_cp,-2.2320645
ATLAS_SIG_B_TOP100,6a92e7670262700013c4e5e9,ATLAS_SIG_B_TOP100,BRD-A64125466,dehydrocholate,trt_cp,16.225529
ATLAS_SIG_B_TOP100,6a92e7670262700013c4e5e9,ATLAS_SIG_B_TOP100,BRD-A54596827,solifenacin,trt_cp,-37.647472
ATLAS_SIG_B_TOP100,6a92e7670262700013c4e5e9,ATLAS_SIG_B_TOP100,BRD-K55468218,spiperone,trt_cp,-29.85449
ATLAS_SIG_B_TOP100,6a92e7670262700013c4e5e9,ATLAS_SIG_B_TOP100,BRD-A91866971,SQ-29548,trt_cp,1.1627907
ATLAS_SIG_B_TOP100,6a92e7670262700013c4e5e9,ATLAS_SIG_B_TOP100,BRD-A72066420,mifobate,trt_cp,11.324854
ATLAS_SIG_B_TOP100,6a92e7670262700013c4e5e9,ATLAS_SIG_B_TOP100,BRD-K79905821,gabazine,trt_cp,-4.619573
ATLAS_SIG_B_TOP100,6a92e7670262700013c4e5e9,ATLAS_SIG_B_TOP100,BRD-K51476772,ST-638,trt_cp,3.0103433
ATLAS_SIG_B_TOP100,6a92e7670262700013c4e5e9,ATLAS_SIG_B_TOP100,BRD-K99595596,salsolinol,trt_cp,22.523087
ATLAS_SIG_B_TOP100,6a92e7670262700013c4e5e9,ATLAS_SIG_B_TOP100,BRD-A77299732,salubrinal,trt_cp,-4.7219114
ATLAS_SIG_B_TOP100,6a92e7670262700013c4e5e9,ATLAS_SIG_B_TOP100,BRD-A81772229,simvastatin,trt_cp,36.132465
ATLAS_SIG_B_TOP100,6a92e7670262700013c4e5e9,ATLAS_SIG_B_TOP100,BRD-A33168282,sotalol,trt_cp,-2.4312897
ATLAS_SIG_B_TOP100,6a92e7670262700013c4e5e9,ATLAS_SIG_B_TOP100,BRD-A72483914,spiroxatrine,trt_cp,-4.1578574
ATLAS_SIG_B_TOP100,6a92e7670262700013c4e5e9,ATLAS_SIG_B_TOP100,BRD-K27710560,splitomycin,trt_cp,-0.95137423
ATLAS_SIG_B_TOP100,6a92e7670262700013c4e5e9,ATLAS_SIG_B_TOP100,BRD-K50495309,SRC-kinase-inhibitor-I,trt_cp,4.263772
ATLAS_SIG_B_TOP100,6a92e7670262700013c4e5e9,ATLAS_SIG_B_TOP100,BRD-K42635745,suloctidil,trt_cp,10.055542
ATLAS_SIG_B_TOP100,6a92e7670262700013c4e5e9,ATLAS_SIG_B_TOP100,BRD-K69608737,tacrolimus,trt_cp,9.900826
ATLAS_SIG_B_TOP100,6a92e7670262700013c4e5e9,ATLAS_SIG_B_TOP100,BRD-K93645900,tadalafil,trt_cp,13.665027
ATLAS_SIG_B_TOP100,6a92e7670262700013c4e5e9,ATLAS_SIG_B_TOP100,BRD-K55454768,TAS-301,trt_cp,-15.746198
ATLAS_SIG_B_TOP100,6a92e7670262700013c4e5e9,ATLAS_SIG_B_TOP100,BRD-K81376179,TCS-359,trt_cp,-7.917778
ATLAS_SIG_B_TOP100,6a92e7670262700013c4e5e9,ATLAS_SIG_B_TOP100,BRD-K34820100,tebuthiuron,trt_cp,28.539448
ATLAS_SIG_B_TOP100,6a92e7670262700013c4e5e9,ATLAS_SIG_B_TOP100,BRD-A22844106,tenoxicam,trt_cp,-9.191566
ATLAS_SIG_B_TOP100,6a92e7670262700013c4e5e9,ATLAS_SIG_B_TOP100,BRD-A06352418,terfenadine,trt_cp,36.542282
ATLAS_SIG_B_TOP100,6a92e7670262700013c4e5e9,ATLAS_SIG_B_TOP100,BRD-A42831637,tetrahydrocannabinol-7-oic-acid,trt_cp,6.1148186
ATLAS_SIG_B_TOP100,6a92e7670262700013c4e5e9,ATLAS_SIG_B_TOP100,BRD-A43940795,tetrahydropalmatine,trt_cp,11.024061
ATLAS_SIG_B_TOP100,6a92e7670262700013c4e5e9,ATLAS_SIG_B_TOP100,BRD-A28856712,tetrahydrozoline,trt_cp,-2.0084567
ATLAS_SIG_B_TOP100,6a92e7670262700013c4e5e9,ATLAS_SIG_B_TOP100,BRD-K69023402,thapsigargin,trt_cp,0.845666
ATLAS_SIG_B_TOP100,6a92e7670262700013c4e5e9,ATLAS_SIG_B_TOP100,BRD-K09631521,thiotepa,trt_cp,-6.2659287
ATLAS_SIG_B_TOP100,6a92e7670262700013c4e5e9,ATLAS_SIG_B_TOP100,BRD-K00603606,ticlopidine,trt_cp,31.589718
ATLAS_SIG_B_TOP100,6a92e7670262700013c4e5e9,ATLAS_SIG_B_TOP100,BRD-K82562631,tolmetin,trt_cp,28.17516
ATLAS_SIG_B_TOP100,6a92e7670262700013c4e5e9,ATLAS_SIG_B_TOP100,BRD-K64514229,toltrazuril,trt_cp,-18.241253
ATLAS_SIG_B_TOP100,6a92e7670262700013c4e5e9,ATLAS_SIG_B_TOP100,BRD-K51350053,toremifene,trt_cp,1.8167871
ATLAS_SIG_B_TOP100,6a92e7670262700013c4e5e9,ATLAS_SIG_B_TOP100,BRD-A43974575,tranylcypromine,trt_cp,-19.11801
ATLAS_SIG_B_TOP100,6a92e7670262700013c4e5e9,ATLAS_SIG_B_TOP100,BRD-K70778732,trazodone,trt_cp,-27.102394
ATLAS_SIG_B_TOP100,6a92e7670262700013c4e5e9,ATLAS_SIG_B_TOP100,BRD-A37780065,triamcinolone,trt_cp,-10.818613
ATLAS_SIG_B_TOP100,6a92e7670262700013c4e5e9,ATLAS_SIG_B_TOP100,BRD-A92439610,triamcinolone-acetonide,trt_cp,6.674655
ATLAS_SIG_B_TOP100,6a92e7670262700013c4e5e9,ATLAS_SIG_B_TOP100,BRD-K80431395,triciribine,trt_cp,-61.75574
ATLAS_SIG_B_TOP100,6a92e7670262700013c4e5e9,ATLAS_SIG_B_TOP100,BRD-A49225603,alimemazine,trt_cp,23.60683
ATLAS_SIG_B_TOP100,6a92e7670262700013c4e5e9,ATLAS_SIG_B_TOP100,BRD-K53220666,trimetozine,trt_cp,5.8339663
ATLAS_SIG_B_TOP100,6a92e7670262700013c4e5e9,ATLAS_SIG_B_TOP100,BRD-A10303790,talampicillin,trt_cp,-16.734034
ATLAS_SIG_B_TOP100,6a92e7670262700013c4e5e9,ATLAS_SIG_B_TOP100,BRD-K04210847,tamoxifen,trt_cp,17.207323
ATLAS_SIG_B_TOP100,6a92e7670262700013c4e5e9,ATLAS_SIG_B_TOP100,BRD-K95739795,tetrabenazine,trt_cp,-35.646782
ATLAS_SIG_B_TOP100,6a92e7670262700013c4e5e9,ATLAS_SIG_B_TOP100,BRD-A52660433,tetrindole,trt_cp,74.04714
ATLAS_SIG_B_TOP100,6a92e7670262700013c4e5e9,ATLAS_SIG_B_TOP100,BRD-K69600043,thiethylperazine,trt_cp,23.712795
ATLAS_SIG_B_TOP100,6a92e7670262700013c4e5e9,ATLAS_SIG_B_TOP100,BRD-A56012032,thiorphan,trt_cp,4.2828283
ATLAS_SIG_B_TOP100,6a92e7670262700013c4e5e9,ATLAS_SIG_B_TOP100,BRD-A53077924,tianeptine,trt_cp,69.54684
ATLAS_SIG_B_TOP100,6a92e7670262700013c4e5e9,ATLAS_SIG_B_TOP100,BRD-A72988804,tiaprofenic-acid,trt_cp,44.045547
ATLAS_SIG_B_TOP100,6a92e7670262700013c4e5e9,ATLAS_SIG_B_TOP100,BRD-K30480208,torasemide,trt_cp,-2.3157709
ATLAS_SIG_B_TOP100,6a92e7670262700013c4e5e9,ATLAS_SIG_B_TOP100,BRD-K84663978,trequinsin,trt_cp,17.900623
ATLAS_SIG_B_TOP100,6a92e7670262700013c4e5e9,ATLAS_SIG_B_TOP100,BRD-A60294240,tribenoside,trt_cp,8.33093
ATLAS_SIG_B_TOP100,6a92e7670262700013c4e5e9,ATLAS_SIG_B_TOP100,BRD-A79226577,tropisetron,trt_cp,-2.0789287
ATLAS_SIG_B_TOP100,6a92e7670262700013c4e5e9,ATLAS_SIG_B_TOP100,BRD-K20995441,U-54494A,trt_cp,-2.3960536
ATLAS_SIG_B_TOP100,6a92e7670262700013c4e5e9,ATLAS_SIG_B_TOP100,BRD-K51018020,VAMA-37,trt_cp,42.678246
ATLAS_SIG_B_TOP100,6a92e7670262700013c4e5e9,ATLAS_SIG_B_TOP100,BRD-K95655893,MAZ-51,trt_cp,-24.285587
ATLAS_SIG_B_TOP100,6a92e7670262700013c4e5e9,ATLAS_SIG_B_TOP100,BRD-M45964048,verteporfin,trt_cp,4.791438
ATLAS_SIG_B_TOP100,6a92e7670262700013c4e5e9,ATLAS_SIG_B_TOP100,BRD-K41868777,W-5,trt_cp,-20.939075
ATLAS_SIG_B_TOP100,6a92e7670262700013c4e5e9,ATLAS_SIG_B_TOP100,BRD-A62021152,WAY-161503,trt_cp,10.821315
ATLAS_SIG_B_TOP100,6a92e7670262700013c4e5e9,ATLAS_SIG_B_TOP100,BRD-K55430733,WAY-629,trt_cp,-78.02915
ATLAS_SIG_B_TOP100,6a92e7670262700013c4e5e9,ATLAS_SIG_B_TOP100,BRD-A11678676,wortmannin,trt_cp,10.106485
ATLAS_SIG_B_TOP100,6a92e7670262700013c4e5e9,ATLAS_SIG_B_TOP100,BRD-K42748308,XE-991,trt_cp,97.674416
ATLAS_SIG_B_TOP100,6a92e7670262700013c4e5e9,ATLAS_SIG_B_TOP100,BRD-K42679050,Y-27152,trt_cp,-25.646349
ATLAS_SIG_B_TOP100,6a92e7670262700013c4e5e9,ATLAS_SIG_B_TOP100,BRD-K44084986,Y-27632,trt_cp,-1.2332629
ATLAS_SIG_B_TOP100,6a92e7670262700013c4e5e9,ATLAS_SIG_B_TOP100,BRD-K48059230,YM-298198,trt_cp,-14.460903
ATLAS_SIG_B_TOP100,6a92e7670262700013c4e5e9,ATLAS_SIG_B_TOP100,BRD-K06712146,YM-90709,trt_cp,2.324317
ATLAS_SIG_B_TOP100,6a92e7670262700013c4e5e9,ATLAS_SIG_B_TOP100,BRD-A87445400,yohimbine,trt_cp,-15.291097
ATLAS_SIG_B_TOP100,6a92e7670262700013c4e5e9,ATLAS_SIG_B_TOP100,BRD-K35586044,yohimbine,trt_cp,7.1214485
ATLAS_SIG_B_TOP100,6a92e7670262700013c4e5e9,ATLAS_SIG_B_TOP100,BRD-K45296539,ZD-7114,trt_cp,3.6678023
ATLAS_SIG_B_TOP100,6a92e7670262700013c4e5e9,ATLAS_SIG_B_TOP100,BRD-K56403959,ZK-756326,trt_cp,19.950394
ATLAS_SIG_B_TOP100,6a92e7670262700013c4e5e9,ATLAS_SIG_B_TOP100,BRD-K40624912,ZM-39923,trt_cp,-24.799952
ATLAS_SIG_B_TOP100,6a92e7670262700013c4e5e9,ATLAS_SIG_B_TOP100,BRD-K66353228,zoxazolamine,trt_cp,16.430454
ATLAS_SIG_B_TOP100,6a92e7670262700013c4e5e9,ATLAS_SIG_B_TOP100,BRD-A65615053,zacopride,trt_cp,-31.032137
ATLAS_SIG_B_TOP100,6a92e7670262700013c4e5e9,ATLAS_SIG_B_TOP100,BRD-K80451230,zamifenacin,trt_cp,-10.398222
ATLAS_SIG_B_TOP100,6a92e7670262700013c4e5e9,ATLAS_SIG_B_TOP100,BRD-K48300629,zonisamide,trt_cp,-62.1969
ATLAS_SIG_B_TOP100,6a92e7670262700013c4e5e9,ATLAS_SIG_B_TOP100,BRD-K17110974,aristolochic-acid,trt_cp,-5.9569426
ATLAS_SIG_B_TOP100,6a92e7670262700013c4e5e9,ATLAS_SIG_B_TOP100,BRD-A78360835,cercosporin,trt_cp,19.849213
ATLAS_SIG_B_TOP100,6a92e7670262700013c4e5e9,ATLAS_SIG_B_TOP100,BRD-A39268308,epibatidine,trt_cp,-34.56698
ATLAS_SIG_B_TOP100,6a92e7670262700013c4e5e9,ATLAS_SIG_B_TOP100,BRD-K25836724,epitestosterone,trt_cp,35.54043
ATLAS_SIG_B_TOP100,6a92e7670262700013c4e5e9,ATLAS_SIG_B_TOP100,BRD-K77830450,forskolin,trt_cp,19.257961
ATLAS_SIG_B_TOP100,6a92e7670262700013c4e5e9,ATLAS_SIG_B_TOP100,BRD-A90490067,fulvestrant,trt_cp,-10.81646
ATLAS_SIG_B_TOP100,6a92e7670262700013c4e5e9,ATLAS_SIG_B_TOP100,BRD-K78599730,manumycin-a,trt_cp,5.3312855
ATLAS_SIG_B_TOP100,6a92e7670262700013c4e5e9,ATLAS_SIG_B_TOP100,BRD-A11135865,nor-binaltorphimine,trt_cp,1.9732206
ATLAS_SIG_B_TOP100,6a92e7670262700013c4e5e9,ATLAS_SIG_B_TOP100,BRD-K46384212,O-3M3FBS,trt_cp,16.305235
ATLAS_SIG_B_TOP100,6a92e7670262700013c4e5e9,ATLAS_SIG_B_TOP100,BRD-K87343924,wortmannin,trt_cp,37.05819
ATLAS_SIG_B_TOP100,6a92e7670262700013c4e5e9,ATLAS_SIG_B_TOP100,BRD-K26548821,quinpirol-(-),trt_cp,39.334263
ATLAS_SIG_B_TOP100,6a92e7670262700013c4e5e9,ATLAS_SIG_B_TOP100,BRD-A95445494,maackiain,trt_cp,33.417713
ATLAS_SIG_B_TOP100,6a92e7670262700013c4e5e9,ATLAS_SIG_B_TOP100,BRD-K05906022,limonin,trt_cp,14.552502
ATLAS_SIG_B_TOP100,6a92e7670262700013c4e5e9,ATLAS_SIG_B_TOP100,BRD-K78294846,osthol,trt_cp,-28.595976
ATLAS_SIG_B_TOP100,6a92e7670262700013c4e5e9,ATLAS_SIG_B_TOP100,BRD-K80348542,cephaeline,trt_cp,-7.716702
ATLAS_SIG_B_TOP100,6a92e7670262700013c4e5e9,ATLAS_SIG_B_TOP100,BRD-K87991767,umbelliferone,trt_cp,-17.899122
ATLAS_SIG_B_TOP100,6a92e7670262700013c4e5e9,ATLAS_SIG_B_TOP100,BRD-K94841585,emodic-acid,trt_cp,-21.892303
ATLAS_SIG_B_TOP100,6a92e7670262700013c4e5e9,ATLAS_SIG_B_TOP100,BRD-K49657628,tyrphostin-AG-18,trt_cp,-55.3295
ATLAS_SIG_B_TOP100,6a92e7670262700013c4e5e9,ATLAS_SIG_B_TOP100,BRD-K12357156,AG-490,trt_cp,9.362287
ATLAS_SIG_B_TOP100,6a92e7670262700013c4e5e9,ATLAS_SIG_B_TOP100,BRD-K34533029,tyrphostin-AG-494,trt_cp,20.00134
ATLAS_SIG_B_TOP100,6a92e7670262700013c4e5e9,ATLAS_SIG_B_TOP100,BRD-K81209512,AG-494,trt_cp,-10.79269
ATLAS_SIG_B_TOP100,6a92e7670262700013c4e5e9,ATLAS_SIG_B_TOP100,BRD-K07888196,tyrphostin-AG-538,trt_cp,-34.374477
ATLAS_SIG_B_TOP100,6a92e7670262700013c4e5e9,ATLAS_SIG_B_TOP100,BRD-K72783841,tyrphostin-AG-555,trt_cp,-1.4094433
ATLAS_SIG_B_TOP100,6a92e7670262700013c4e5e9,ATLAS_SIG_B_TOP100,BRD-K14441456,tyrphostin-AG-556,trt_cp,1.9027485
ATLAS_SIG_B_TOP100,6a92e7670262700013c4e5e9,ATLAS_SIG_B_TOP100,BRD-K89930444,AG-592,trt_cp,2.796832
ATLAS_SIG_B_TOP100,6a92e7670262700013c4e5e9,ATLAS_SIG_B_TOP100,BRD-K08132273,tyrphostin,trt_cp,-7.271594
ATLAS_SIG_B_TOP100,6a92e7670262700013c4e5e9,ATLAS_SIG_B_TOP100,BRD-K87919739,tyrphostin-AG-825,trt_cp,38.318466
ATLAS_SIG_B_TOP100,6a92e7670262700013c4e5e9,ATLAS_SIG_B_TOP100,BRD-K41996876,tyrphostin-1,trt_cp,4.721635
ATLAS_SIG_B_TOP100,6a92e7670262700013c4e5e9,ATLAS_SIG_B_TOP100,BRD-K76064317,tyrphostin-AG-1296,trt_cp,0.0
ATLAS_SIG_B_TOP100,6a92e7670262700013c4e5e9,ATLAS_SIG_B_TOP100,BRD-K68336408,tyrphostin-AG-1478,trt_cp,-71.827805
ATLAS_SIG_B_TOP100,6a92e7670262700013c4e5e9,ATLAS_SIG_B_TOP100,BRD-K33204703,AG-370,trt_cp,-46.256927
ATLAS_SIG_B_TOP100,6a92e7670262700013c4e5e9,ATLAS_SIG_B_TOP100,BRD-K47105409,AG-490,trt_cp,10.369073
ATLAS_SIG_B_TOP100,6a92e7670262700013c4e5e9,ATLAS_SIG_B_TOP100,BRD-K59469039,tyrphostin-AG-879,trt_cp,3.805497
ATLAS_SIG_B_TOP100,6a92e7670262700013c4e5e9,ATLAS_SIG_B_TOP100,BRD-K89055274,alverine,trt_cp,8.082001
ATLAS_SIG_B_TOP100,6a92e7670262700013c4e5e9,ATLAS_SIG_B_TOP100,BRD-K21667562,AM-404,trt_cp,0.3875969
ATLAS_SIG_B_TOP100,6a92e7670262700013c4e5e9,ATLAS_SIG_B_TOP100,BRD-K63533170,AM-630,trt_cp,-0.9161381
ATLAS_SIG_B_TOP100,6a92e7670262700013c4e5e9,ATLAS_SIG_B_TOP100,BRD-A11813248,AM-92016,trt_cp,20.692356
ATLAS_SIG_B_TOP100,6a92e7670262700013c4e5e9,ATLAS_SIG_B_TOP100,BRD-K06854232,AM-580,trt_cp,39.020077
ATLAS_SIG_B_TOP100,6a92e7670262700013c4e5e9,ATLAS_SIG_B_TOP100,BRD-K70330367,amantadine,trt_cp,1.3742071
ATLAS_SIG_B_TOP100,6a92e7670262700013c4e5e9,ATLAS_SIG_B_TOP100,BRD-K23335153,AMN-082,trt_cp,14.572271
ATLAS_SIG_B_TOP100,6a92e7670262700013c4e5e9,ATLAS_SIG_B_TOP100,BRD-A28318179,aminomethyltransferase,trt_cp,-58.428802
ATLAS_SIG_B_TOP100,6a92e7670262700013c4e5e9,ATLAS_SIG_B_TOP100,BRD-K87905482,anandamide,trt_cp,22.176859
ATLAS_SIG_B_TOP100,6a92e7670262700013c4e5e9,ATLAS_SIG_B_TOP100,BRD-K78280988,anandamide,trt_cp,-32.59797
ATLAS_SIG_B_TOP100,6a92e7670262700013c4e5e9,ATLAS_SIG_B_TOP100,BRD-A95513702,"androsta-1,4-dien-3,17-dione",trt_cp,2.2551093
ATLAS_SIG_B_TOP100,6a92e7670262700013c4e5e9,ATLAS_SIG_B_TOP100,BRD-A32349859,methyl-angolensate,trt_cp,55.13793
ATLAS_SIG_B_TOP100,6a92e7670262700013c4e5e9,ATLAS_SIG_B_TOP100,BRD-A42649439,triciribine,trt_cp,-10.105815
ATLAS_SIG_B_TOP100,6a92e7670262700013c4e5e9,ATLAS_SIG_B_TOP100,BRD-K81729199,AQ-RA741,trt_cp,0.9161381
ATLAS_SIG_B_TOP100,6a92e7670262700013c4e5e9,ATLAS_SIG_B_TOP100,BRD-K29555132,arachidonamide,trt_cp,48.21217
ATLAS_SIG_B_TOP100,6a92e7670262700013c4e5e9,ATLAS_SIG_B_TOP100,BRD-K73395020,ARP-101,trt_cp,3.8407328
ATLAS_SIG_B_TOP100,6a92e7670262700013c4e5e9,ATLAS_SIG_B_TOP100,BRD-K85013741,auraptene,trt_cp,-32.662632
ATLAS_SIG_B_TOP100,6a92e7670262700013c4e5e9,ATLAS_SIG_B_TOP100,BRD-K78838262,austricine,trt_cp,-78.11801
ATLAS_SIG_B_TOP100,6a92e7670262700013c4e5e9,ATLAS_SIG_B_TOP100,BRD-K03642198,AY-9944,trt_cp,-31.60103
ATLAS_SIG_B_TOP100,6a92e7670262700013c4e5e9,ATLAS_SIG_B_TOP100,BRD-K36258877,AZ-10417808,trt_cp,18.185295
ATLAS_SIG_B_TOP100,6a92e7670262700013c4e5e9,ATLAS_SIG_B_TOP100,BRD-K51751936,alfadolone-acetate,trt_cp,-29.176336
ATLAS_SIG_B_TOP100,6a92e7670262700013c4e5e9,ATLAS_SIG_B_TOP100,BRD-K51276371,aloisine,trt_cp,33.691708
ATLAS_SIG_B_TOP100,6a92e7670262700013c4e5e9,ATLAS_SIG_B_TOP100,BRD-K93658967,aloisine,trt_cp,-11.564771
ATLAS_SIG_B_TOP100,6a92e7670262700013c4e5e9,ATLAS_SIG_B_TOP100,BRD-K52459643,alprostadil,trt_cp,-26.074934
ATLAS_SIG_B_TOP100,6a92e7670262700013c4e5e9,ATLAS_SIG_B_TOP100,BRD-K00610438,altanserin,trt_cp,-24.189026
ATLAS_SIG_B_TOP100,6a92e7670262700013c4e5e9,ATLAS_SIG_B_TOP100,BRD-K97181089,amiloride,trt_cp,-21.814112
ATLAS_SIG_B_TOP100,6a92e7670262700013c4e5e9,ATLAS_SIG_B_TOP100,BRD-K04976539,aminogenistein,trt_cp,37.410923
ATLAS_SIG_B_TOP100,6a92e7670262700013c4e5e9,ATLAS_SIG_B_TOP100,BRD-K07762753,aminopurvalanol-a,trt_cp,4.5454545
ATLAS_SIG_B_TOP100,6a92e7670262700013c4e5e9,ATLAS_SIG_B_TOP100,BRD-K39670393,amthamine,trt_cp,8.520301
ATLAS_SIG_B_TOP100,6a92e7670262700013c4e5e9,ATLAS_SIG_B_TOP100,BRD-K36638830,anabasine,trt_cp,-28.719646
ATLAS_SIG_B_TOP100,6a92e7670262700013c4e5e9,ATLAS_SIG_B_TOP100,BRD-K08502430,angiogenesis-inhibitor,trt_cp,28.553223
ATLAS_SIG_B_TOP100,6a92e7670262700013c4e5e9,ATLAS_SIG_B_TOP100,BRD-K88611939,aniracetam,trt_cp,-2.4509544
ATLAS_SIG_B_TOP100,6a92e7670262700013c4e5e9,ATLAS_SIG_B_TOP100,BRD-K91370081,anisomycin,trt_cp,0.0
ATLAS_SIG_B_TOP100,6a92e7670262700013c4e5e9,ATLAS_SIG_B_TOP100,BRD-K15164005,apoptosis-activator-II,trt_cp,40.0951
ATLAS_SIG_B_TOP100,6a92e7670262700013c4e5e9,ATLAS_SIG_B_TOP100,BRD-K53523901,arctigenin,trt_cp,18.11746
ATLAS_SIG_B_TOP100,6a92e7670262700013c4e5e9,ATLAS_SIG_B_TOP100,BRD-K63792901,arecaidine-but-2-ynyl-ester,trt_cp,-7.1430287
ATLAS_SIG_B_TOP100,6a92e7670262700013c4e5e9,ATLAS_SIG_B_TOP100,BRD-K23922020,arecaidine-propargyl-ester,trt_cp,-13.829285
ATLAS_SIG_B_TOP100,6a92e7670262700013c4e5e9,ATLAS_SIG_B_TOP100,BRD-K34092021,arvanil,trt_cp,-2.184637
ATLAS_SIG_B_TOP100,6a92e7670262700013c4e5e9,ATLAS_SIG_B_TOP100,BRD-K64236792,austricine,trt_cp,-24.391335
ATLAS_SIG_B_TOP100,6a92e7670262700013c4e5e9,ATLAS_SIG_B_TOP100,BRD-K75615183,talipexole,trt_cp,0.3523608
ATLAS_SIG_B_TOP100,6a92e7670262700013c4e5e9,ATLAS_SIG_B_TOP100,BRD-A84189516,baccatin-III,trt_cp,22.662453
ATLAS_SIG_B_TOP100,6a92e7670262700013c4e5e9,ATLAS_SIG_B_TOP100,BRD-K40742111,baeomycesic-acid,trt_cp,-36.773888
ATLAS_SIG_B_TOP100,6a92e7670262700013c4e5e9,ATLAS_SIG_B_TOP100,BRD-K40919711,BAPTA-AM,trt_cp,6.400026
ATLAS_SIG_B_TOP100,6a92e7670262700013c4e5e9,ATLAS_SIG_B_TOP100,BRD-K54704028,BAY-36-7620,trt_cp,-0.7399577
ATLAS_SIG_B_TOP100,6a92e7670262700013c4e5e9,ATLAS_SIG_B_TOP100,BRD-K18799075,BAY-59-3074,trt_cp,5.502062
ATLAS_SIG_B_TOP100,6a92e7670262700013c4e5e9,ATLAS_SIG_B_TOP100,BRD-K17008822,BD-1008,trt_cp,-28.569162
ATLAS_SIG_B_TOP100,6a92e7670262700013c4e5e9,ATLAS_SIG_B_TOP100,BRD-K36864847,BD-1047,trt_cp,2.0084567
ATLAS_SIG_B_TOP100,6a92e7670262700013c4e5e9,ATLAS_SIG_B_TOP100,BRD-K29668683,BD-1063,trt_cp,27.610079
ATLAS_SIG_B_TOP100,6a92e7670262700013c4e5e9,ATLAS_SIG_B_TOP100,BRD-K87158025,benzamil,trt_cp,-0.28188866
ATLAS_SIG_B_TOP100,6a92e7670262700013c4e5e9,ATLAS_SIG_B_TOP100,BRD-K76872913,benzanthrone,trt_cp,15.971027
ATLAS_SIG_B_TOP100,6a92e7670262700013c4e5e9,ATLAS_SIG_B_TOP100,BRD-K09668667,benzo(a)pyrene,trt_cp,43.503998
ATLAS_SIG_B_TOP100,6a92e7670262700013c4e5e9,ATLAS_SIG_B_TOP100,BRD-K91315211,betahistine,trt_cp,-38.541985
ATLAS_SIG_B_TOP100,6a92e7670262700013c4e5e9,ATLAS_SIG_B_TOP100,BRD-K46018455,bezafibrate,trt_cp,32.36305
ATLAS_SIG_B_TOP100,6a92e7670262700013c4e5e9,ATLAS_SIG_B_TOP100,BRD-A38913120,BH3I-1,trt_cp,-42.117878
ATLAS_SIG_B_TOP100,6a92e7670262700013c4e5e9,ATLAS_SIG_B_TOP100,BRD-K28075147,biochanin-a,trt_cp,-3.8880074
ATLAS_SIG_B_TOP100,6a92e7670262700013c4e5e9,ATLAS_SIG_B_TOP100,BRD-K94379058,BML-190,trt_cp,-30.005325
ATLAS_SIG_B_TOP100,6a92e7670262700013c4e5e9,ATLAS_SIG_B_TOP100,BRD-K32584078,BML-257,trt_cp,-43.09183
ATLAS_SIG_B_TOP100,6a92e7670262700013c4e5e9,ATLAS_SIG_B_TOP100,BRD-A15435692,BMY-14802,trt_cp,-24.882069
ATLAS_SIG_B_TOP100,6a92e7670262700013c4e5e9,ATLAS_SIG_B_TOP100,BRD-K31054881,BMY-7378,trt_cp,-4.3340383
ATLAS_SIG_B_TOP100,6a92e7670262700013c4e5e9,ATLAS_SIG_B_TOP100,BRD-K45479396,BP-554,trt_cp,2.6427062
ATLAS_SIG_B_TOP100,6a92e7670262700013c4e5e9,ATLAS_SIG_B_TOP100,BRD-A51829654,BRL-15572,trt_cp,-5.573511
ATLAS_SIG_B_TOP100,6a92e7670262700013c4e5e9,ATLAS_SIG_B_TOP100,BRD-K07507905,BRL-37344,trt_cp,-50.6339
ATLAS_SIG_B_TOP100,6a92e7670262700013c4e5e9,ATLAS_SIG_B_TOP100,BRD-K84266862,BRL-50481,trt_cp,-49.73297
ATLAS_SIG_B_TOP100,6a92e7670262700013c4e5e9,ATLAS_SIG_B_TOP100,BRD-K17868609,BRL-54443,trt_cp,0.8104299
ATLAS_SIG_B_TOP100,6a92e7670262700013c4e5e9,ATLAS_SIG_B_TOP100,BRD-K11696279,BU-239,trt_cp,-15.061994
ATLAS_SIG_B_TOP100,6a92e7670262700013c4e5e9,ATLAS_SIG_B_TOP100,BRD-A15931911,bucladesine,trt_cp,43.986256
ATLAS_SIG_B_TOP100,6a92e7670262700013c4e5e9,ATLAS_SIG_B_TOP100,BRD-K25905511,buddleoflavonoloside,trt_cp,13.931736
ATLAS_SIG_B_TOP100,6a92e7670262700013c4e5e9,ATLAS_SIG_B_TOP100,BRD-A16665823,butoconazole,trt_cp,-50.78263
ATLAS_SIG_B_TOP100,6a92e7670262700013c4e5e9,ATLAS_SIG_B_TOP100,BRD-A17428743,BW-723C86,trt_cp,-7.559899
ATLAS_SIG_B_TOP100,6a92e7670262700013c4e5e9,ATLAS_SIG_B_TOP100,BRD-A68891053,BW-B70C,trt_cp,55.43662
ATLAS_SIG_B_TOP100,6a92e7670262700013c4e5e9,ATLAS_SIG_B_TOP100,BRD-K15025317,BAY-11-7082,trt_cp,9.516499
ATLAS_SIG_B_TOP100,6a92e7670262700013c4e5e9,ATLAS_SIG_B_TOP100,BRD-K39111395,BCL2-inhibitor,trt_cp,28.189686
ATLAS_SIG_B_TOP100,6a92e7670262700013c4e5e9,ATLAS_SIG_B_TOP100,BRD-K04185004,oxybuprocaine,trt_cp,6.437334
ATLAS_SIG_B_TOP100,6a92e7670262700013c4e5e9,ATLAS_SIG_B_TOP100,BRD-K59574735,ubenimex,trt_cp,14.808067
ATLAS_SIG_B_TOP100,6a92e7670262700013c4e5e9,ATLAS_SIG_B_TOP100,BRD-K39188321,betamethasone,trt_cp,3.2101922
ATLAS_SIG_B_TOP100,6a92e7670262700013c4e5e9,ATLAS_SIG_B_TOP100,BRD-A02759312,betaxolol,trt_cp,-7.713075
ATLAS_SIG_B_TOP100,6a92e7670262700013c4e5e9,ATLAS_SIG_B_TOP100,BRD-K18779551,bifemelane,trt_cp,57.376118
ATLAS_SIG_B_TOP100,6a92e7670262700013c4e5e9,ATLAS_SIG_B_TOP100,BRD-K89210380,biotin,trt_cp,-1.2332629
ATLAS_SIG_B_TOP100,6a92e7670262700013c4e5e9,ATLAS_SIG_B_TOP100,BRD-A36471396,biperiden,trt_cp,-6.548071
ATLAS_SIG_B_TOP100,6a92e7670262700013c4e5e9,ATLAS_SIG_B_TOP100,BRD-K32906660,bis-tyrphostin,trt_cp,35.497696
ATLAS_SIG_B_TOP100,6a92e7670262700013c4e5e9,ATLAS_SIG_B_TOP100,BRD-K03440695,boldine,trt_cp,1.7618041
ATLAS_SIG_B_TOP100,6a92e7670262700013c4e5e9,ATLAS_SIG_B_TOP100,BRD-A17065207,brefeldin-a,trt_cp,-69.44102
ATLAS_SIG_B_TOP100,6a92e7670262700013c4e5e9,ATLAS_SIG_B_TOP100,BRD-K74913225,brinzolamide,trt_cp,-25.046082
ATLAS_SIG_B_TOP100,6a92e7670262700013c4e5e9,ATLAS_SIG_B_TOP100,BRD-A69960130,bromocriptine,trt_cp,10.898674
ATLAS_SIG_B_TOP100,6a92e7670262700013c4e5e9,ATLAS_SIG_B_TOP100,BRD-A58157837,butabindide,trt_cp,-13.2571125
ATLAS_SIG_B_TOP100,6a92e7670262700013c4e5e9,ATLAS_SIG_B_TOP100,BRD-K17497770,butein,trt_cp,61.990746
ATLAS_SIG_B_TOP100,6a92e7670262700013c4e5e9,ATLAS_SIG_B_TOP100,BRD-K27499107,carbacyclin,trt_cp,-42.648
ATLAS_SIG_B_TOP100,6a92e7670262700013c4e5e9,ATLAS_SIG_B_TOP100,BRD-A98702003,carbenoxolone,trt_cp,-27.150024
ATLAS_SIG_B_TOP100,6a92e7670262700013c4e5e9,ATLAS_SIG_B_TOP100,BRD-K53570330,carbofuran,trt_cp,-40.464893
ATLAS_SIG_B_TOP100,6a92e7670262700013c4e5e9,ATLAS_SIG_B_TOP100,BRD-A17411484,carprofen,trt_cp,-41.67498
ATLAS_SIG_B_TOP100,6a92e7670262700013c4e5e9,ATLAS_SIG_B_TOP100,BRD-K03600606,catechin,trt_cp,12.88286
ATLAS_SIG_B_TOP100,6a92e7670262700013c4e5e9,ATLAS_SIG_B_TOP100,BRD-K15616905,CCCP,trt_cp,2.2903454
ATLAS_SIG_B_TOP100,6a92e7670262700013c4e5e9,ATLAS_SIG_B_TOP100,BRD-K06159959,CCMQ,trt_cp,-5.463077
ATLAS_SIG_B_TOP100,6a92e7670262700013c4e5e9,ATLAS_SIG_B_TOP100,BRD-K65503129,CCT-018159,trt_cp,8.788183
ATLAS_SIG_B_TOP100,6a92e7670262700013c4e5e9,ATLAS_SIG_B_TOP100,BRD-K10870738,CDC,trt_cp,23.822714
ATLAS_SIG_B_TOP100,6a92e7670262700013c4e5e9,ATLAS_SIG_B_TOP100,BRD-A08877921,cephalotaxine,trt_cp,23.168865
ATLAS_SIG_B_TOP100,6a92e7670262700013c4e5e9,ATLAS_SIG_B_TOP100,BRD-K64341947,CFM-1571,trt_cp,15.879404
ATLAS_SIG_B_TOP100,6a92e7670262700013c4e5e9,ATLAS_SIG_B_TOP100,BRD-A50737080,CGK-733,trt_cp,-57.767708
ATLAS_SIG_B_TOP100,6a92e7670262700013c4e5e9,ATLAS_SIG_B_TOP100,BRD-A34706053,CGP-12177,trt_cp,35.69864
ATLAS_SIG_B_TOP100,6a92e7670262700013c4e5e9,ATLAS_SIG_B_TOP100,BRD-K95851186,CGP-13501,trt_cp,47.166016
ATLAS_SIG_B_TOP100,6a92e7670262700013c4e5e9,ATLAS_SIG_B_TOP100,BRD-A31575449,CGP-20712,trt_cp,20.441652
ATLAS_SIG_B_TOP100,6a92e7670262700013c4e5e9,ATLAS_SIG_B_TOP100,BRD-A35623999,CGP-37157,trt_cp,-36.261013
ATLAS_SIG_B_TOP100,6a92e7670262700013c4e5e9,ATLAS_SIG_B_TOP100,BRD-A04668240,CGP-52432,trt_cp,-60.776894
ATLAS_SIG_B_TOP100,6a92e7670262700013c4e5e9,ATLAS_SIG_B_TOP100,BRD-K32292990,CGP-53353,trt_cp,-14.274622
ATLAS_SIG_B_TOP100,6a92e7670262700013c4e5e9,ATLAS_SIG_B_TOP100,BRD-A89672324,CGP-55845,trt_cp,-37.834663
ATLAS_SIG_B_TOP100,6a92e7670262700013c4e5e9,ATLAS_SIG_B_TOP100,BRD-K31912990,CGP-71683,trt_cp,10.294349
ATLAS_SIG_B_TOP100,6a92e7670262700013c4e5e9,ATLAS_SIG_B_TOP100,BRD-K65786282,CGP-7930,trt_cp,-38.21315
ATLAS_SIG_B_TOP100,6a92e7670262700013c4e5e9,ATLAS_SIG_B_TOP100,BRD-K18909381,CGS-12066B,trt_cp,48.352036
ATLAS_SIG_B_TOP100,6a92e7670262700013c4e5e9,ATLAS_SIG_B_TOP100,BRD-K68103045,CGS-20625,trt_cp,-19.064957
ATLAS_SIG_B_TOP100,6a92e7670262700013c4e5e9,ATLAS_SIG_B_TOP100,BRD-A81866333,CGS-21680,trt_cp,18.574574
ATLAS_SIG_B_TOP100,6a92e7670262700013c4e5e9,ATLAS_SIG_B_TOP100,BRD-A26032986,zaldaride,trt_cp,5.2458034
ATLAS_SIG_B_TOP100,6a92e7670262700013c4e5e9,ATLAS_SIG_B_TOP100,BRD-K67680372,CI-966,trt_cp,-1.7618041
ATLAS_SIG_B_TOP100,6a92e7670262700013c4e5e9,ATLAS_SIG_B_TOP100,BRD-A93000692,ciglitazone,trt_cp,19.144474
ATLAS_SIG_B_TOP100,6a92e7670262700013c4e5e9,ATLAS_SIG_B_TOP100,BRD-K00662280,CL-218872,trt_cp,-22.977943
ATLAS_SIG_B_TOP100,6a92e7670262700013c4e5e9,ATLAS_SIG_B_TOP100,BRD-K00675675,CL-82198,trt_cp,-15.564301
ATLAS_SIG_B_TOP100,6a92e7670262700013c4e5e9,ATLAS_SIG_B_TOP100,BRD-K13642330,cosmosiin,trt_cp,24.207909
ATLAS_SIG_B_TOP100,6a92e7670262700013c4e5e9,ATLAS_SIG_B_TOP100,BRD-K96271548,coumaric-acid,trt_cp,70.10993
ATLAS_SIG_B_TOP100,6a92e7670262700013c4e5e9,ATLAS_SIG_B_TOP100,BRD-A03816571,CP-55940,trt_cp,0.0
ATLAS_SIG_B_TOP100,6a92e7670262700013c4e5e9,ATLAS_SIG_B_TOP100,BRD-K81876028,CP-93129,trt_cp,29.590754
ATLAS_SIG_B_TOP100,6a92e7670262700013c4e5e9,ATLAS_SIG_B_TOP100,BRD-K33860217,CP-94253,trt_cp,-5.3881326
ATLAS_SIG_B_TOP100,6a92e7670262700013c4e5e9,ATLAS_SIG_B_TOP100,BRD-A18202423,CPCCOEt,trt_cp,21.323053
ATLAS_SIG_B_TOP100,6a92e7670262700013c4e5e9,ATLAS_SIG_B_TOP100,BRD-K08547377,irinotecan,trt_cp,-29.981533
ATLAS_SIG_B_TOP100,6a92e7670262700013c4e5e9,ATLAS_SIG_B_TOP100,BRD-K57179821,crotamiton,trt_cp,-66.877205
ATLAS_SIG_B_TOP100,6a92e7670262700013c4e5e9,ATLAS_SIG_B_TOP100,BRD-K79353516,indolophenanthridine,trt_cp,-7.057286
ATLAS_SIG_B_TOP100,6a92e7670262700013c4e5e9,ATLAS_SIG_B_TOP100,BRD-A71459254,cymarin,trt_cp,6.781769
ATLAS_SIG_B_TOP100,6a92e7670262700013c4e5e9,ATLAS_SIG_B_TOP100,BRD-A63043573,cabergoline,trt_cp,27.091068
ATLAS_SIG_B_TOP100,6a92e7670262700013c4e5e9,ATLAS_SIG_B_TOP100,BRD-K86882815,cabergoline,trt_cp,56.784164
ATLAS_SIG_B_TOP100,6a92e7670262700013c4e5e9,ATLAS_SIG_B_TOP100,BRD-K84709232,caffeic-acid,trt_cp,36.43856
ATLAS_SIG_B_TOP100,6a92e7670262700013c4e5e9,ATLAS_SIG_B_TOP100,BRD-K59851896,calycanthine,trt_cp,-25.316456
ATLAS_SIG_B_TOP100,6a92e7670262700013c4e5e9,ATLAS_SIG_B_TOP100,BRD-A30437061,camptothecin,trt_cp,57.69322
ATLAS_SIG_B_TOP100,6a92e7670262700013c4e5e9,ATLAS_SIG_B_TOP100,BRD-K46556543,potassium-canrenoate,trt_cp,27.124073
ATLAS_SIG_B_TOP100,6a92e7670262700013c4e5e9,ATLAS_SIG_B_TOP100,BRD-K44849676,capsazepine,trt_cp,9.481212
ATLAS_SIG_B_TOP100,6a92e7670262700013c4e5e9,ATLAS_SIG_B_TOP100,BRD-K12765235,carbenoxolone,trt_cp,-26.043976
ATLAS_SIG_B_TOP100,6a92e7670262700013c4e5e9,ATLAS_SIG_B_TOP100,BRD-K99174507,cardiogenol-c,trt_cp,-56.559334
ATLAS_SIG_B_TOP100,6a92e7670262700013c4e5e9,ATLAS_SIG_B_TOP100,BRD-K82484965,carmoxirole,trt_cp,-45.74634
ATLAS_SIG_B_TOP100,6a92e7670262700013c4e5e9,ATLAS_SIG_B_TOP100,BRD-A42167015,carteolol,trt_cp,24.60793
ATLAS_SIG_B_TOP100,6a92e7670262700013c4e5e9,ATLAS_SIG_B_TOP100,BRD-A61899133,catechin,trt_cp,6.3531103
ATLAS_SIG_B_TOP100,6a92e7670262700013c4e5e9,ATLAS_SIG_B_TOP100,BRD-K87932577,NSC-693868,trt_cp,-0.63424945
ATLAS_SIG_B_TOP100,6a92e7670262700013c4e5e9,ATLAS_SIG_B_TOP100,BRD-K71860425,CDK2-5-inhibitor,trt_cp,31.866623
ATLAS_SIG_B_TOP100,6a92e7670262700013c4e5e9,ATLAS_SIG_B_TOP100,BRD-K71059170,cefixime,trt_cp,73.130356
ATLAS_SIG_B_TOP100,6a92e7670262700013c4e5e9,ATLAS_SIG_B_TOP100,BRD-K37848908,ceforanide,trt_cp,-19.586256
ATLAS_SIG_B_TOP100,6a92e7670262700013c4e5e9,ATLAS_SIG_B_TOP100,BRD-K02275692,cefotiam,trt_cp,-11.874559
ATLAS_SIG_B_TOP100,6a92e7670262700013c4e5e9,ATLAS_SIG_B_TOP100,BRD-K50422030,clomethiazole,trt_cp,72.1483
ATLAS_SIG_B_TOP100,6a92e7670262700013c4e5e9,ATLAS_SIG_B_TOP100,BRD-A90311807,cilastatin,trt_cp,-40.759197
ATLAS_SIG_B_TOP100,6a92e7670262700013c4e5e9,ATLAS_SIG_B_TOP100,BRD-A07875874,cilnidipine,trt_cp,36.426334
ATLAS_SIG_B_TOP100,6a92e7670262700013c4e5e9,ATLAS_SIG_B_TOP100,BRD-K28578425,cilostamide,trt_cp,-3.6293163
ATLAS_SIG_B_TOP100,6a92e7670262700013c4e5e9,ATLAS_SIG_B_TOP100,BRD-K18618618,cimetidine,trt_cp,23.123081
ATLAS_SIG_B_TOP100,6a92e7670262700013c4e5e9,ATLAS_SIG_B_TOP100,BRD-K72816382,cinalukast,trt_cp,-59.528847
ATLAS_SIG_B_TOP100,6a92e7670262700013c4e5e9,ATLAS_SIG_B_TOP100,BRD-K15522385,cinanserin,trt_cp,-22.269226
ATLAS_SIG_B_TOP100,6a92e7670262700013c4e5e9,ATLAS_SIG_B_TOP100,BRD-K07220430,cinnarizine,trt_cp,-10.8071575
ATLAS_SIG_B_TOP100,6a92e7670262700013c4e5e9,ATLAS_SIG_B_TOP100,BRD-A49358627,ciprofibrate,trt_cp,-9.461025
ATLAS_SIG_B_TOP100,6a92e7670262700013c4e5e9,ATLAS_SIG_B_TOP100,BRD-K54142781,cirazoline,trt_cp,49.57051
ATLAS_SIG_B_TOP100,6a92e7670262700013c4e5e9,ATLAS_SIG_B_TOP100,BRD-K71430621,clobenpropit,trt_cp,-40.338066
ATLAS_SIG_B_TOP100,6a92e7670262700013c4e5e9,ATLAS_SIG_B_TOP100,BRD-A63894585,clobetasol,trt_cp,9.502671
ATLAS_SIG_B_TOP100,6a92e7670262700013c4e5e9,ATLAS_SIG_B_TOP100,BRD-K38003476,clocortolone-pivalate,trt_cp,-53.92564
ATLAS_SIG_B_TOP100,6a92e7670262700013c4e5e9,ATLAS_SIG_B_TOP100,BRD-A82371568,clofarabine,trt_cp,-2.38667
ATLAS_SIG_B_TOP100,6a92e7670262700013c4e5e9,ATLAS_SIG_B_TOP100,BRD-K04218075,clomifene,trt_cp,-10.192813
ATLAS_SIG_B_TOP100,6a92e7670262700013c4e5e9,ATLAS_SIG_B_TOP100,BRD-K52989797,clomipramine,trt_cp,38.948135
ATLAS_SIG_B_TOP100,6a92e7670262700013c4e5e9,ATLAS_SIG_B_TOP100,BRD-K08890269,CO-102862,trt_cp,34.669174
ATLAS_SIG_B_TOP100,6a92e7670262700013c4e5e9,ATLAS_SIG_B_TOP100,BRD-A76093993,cromakalim,trt_cp,-10.105508
ATLAS_SIG_B_TOP100,6a92e7670262700013c4e5e9,ATLAS_SIG_B_TOP100,BRD-A49680073,cucurbitacin-i,trt_cp,4.3340383
ATLAS_SIG_B_TOP100,6a92e7670262700013c4e5e9,ATLAS_SIG_B_TOP100,BRD-K89046952,ciclacillin,trt_cp,-66.9463
ATLAS_SIG_B_TOP100,6a92e7670262700013c4e5e9,ATLAS_SIG_B_TOP100,BRD-K95992530,cyclo-[Arg-Gly-Asp-D-Phe-Val],trt_cp,6.9717884
ATLAS_SIG_B_TOP100,6a92e7670262700013c4e5e9,ATLAS_SIG_B_TOP100,BRD-A41250306,cyclopenthiazide,trt_cp,-66.63342
ATLAS_SIG_B_TOP100,6a92e7670262700013c4e5e9,ATLAS_SIG_B_TOP100,BRD-A10420615,cyclopiazonic-acid,trt_cp,-13.317424
ATLAS_SIG_B_TOP100,6a92e7670262700013c4e5e9,ATLAS_SIG_B_TOP100,BRD-A64290322,cyclosporin-a,trt_cp,7.5816174
ATLAS_SIG_B_TOP100,6a92e7670262700013c4e5e9,ATLAS_SIG_B_TOP100,BRD-K13533483,cyclosporin-a,trt_cp,-9.13694
ATLAS_SIG_B_TOP100,6a92e7670262700013c4e5e9,ATLAS_SIG_B_TOP100,BRD-A39290993,cyproterone,trt_cp,40.79659
ATLAS_SIG_B_TOP100,6a92e7670262700013c4e5e9,ATLAS_SIG_B_TOP100,BRD-K09132007,D-4476,trt_cp,0.422833
ATLAS_SIG_B_TOP100,6a92e7670262700013c4e5e9,ATLAS_SIG_B_TOP100,BRD-K26997899,D-64131,trt_cp,1.6560959
ATLAS_SIG_B_TOP100,6a92e7670262700013c4e5e9,ATLAS_SIG_B_TOP100,BRD-A73909368,dactinomycin,trt_cp,50.69166
ATLAS_SIG_B_TOP100,6a92e7670262700013c4e5e9,ATLAS_SIG_B_TOP100,BRD-K10065684,dantron,trt_cp,87.92277
ATLAS_SIG_B_TOP100,6a92e7670262700013c4e5e9,ATLAS_SIG_B_TOP100,BRD-A68929948,DAPT-GSI-IX,trt_cp,5.9488955
ATLAS_SIG_B_TOP100,6a92e7670262700013c4e5e9,ATLAS_SIG_B_TOP100,BRD-K31633810,DAU-5884,trt_cp,21.09816
ATLAS_SIG_B_TOP100,6a92e7670262700013c4e5e9,ATLAS_SIG_B_TOP100,BRD-K74430258,"1,2-dichlorobenzene",trt_cp,-38.90431
ATLAS_SIG_B_TOP100,6a92e7670262700013c4e5e9,ATLAS_SIG_B_TOP100,BRD-K32526544,DCEBIO,trt_cp,9.654686
ATLAS_SIG_B_TOP100,6a92e7670262700013c4e5e9,ATLAS_SIG_B_TOP100,BRD-K61401890,deguelin,trt_cp,9.15543
ATLAS_SIG_B_TOP100,6a92e7670262700013c4e5e9,ATLAS_SIG_B_TOP100,BRD-A75402480,deoxycorticosterone-acetate,trt_cp,-4.193094
ATLAS_SIG_B_TOP100,6a92e7670262700013c4e5e9,ATLAS_SIG_B_TOP100,BRD-K23623876,decafluorobutane,trt_cp,-17.83717
ATLAS_SIG_B_TOP100,6a92e7670262700013c4e5e9,ATLAS_SIG_B_TOP100,BRD-K06014311,DH-97,trt_cp,12.31762
ATLAS_SIG_B_TOP100,6a92e7670262700013c4e5e9,ATLAS_SIG_B_TOP100,BRD-K76133116,benzydamine,trt_cp,18.643478
ATLAS_SIG_B_TOP100,6a92e7670262700013c4e5e9,ATLAS_SIG_B_TOP100,BRD-K16508793,diazepam,trt_cp,-68.46609
ATLAS_SIG_B_TOP100,6a92e7670262700013c4e5e9,ATLAS_SIG_B_TOP100,BRD-K12906962,dichlorobenzamil,trt_cp,17.536531
ATLAS_SIG_B_TOP100,6a92e7670262700013c4e5e9,ATLAS_SIG_B_TOP100,BRD-K29178788,dictamnine,trt_cp,31.123625
ATLAS_SIG_B_TOP100,6a92e7670262700013c4e5e9,ATLAS_SIG_B_TOP100,BRD-K81521265,dicyclohexylurea,trt_cp,14.822517
ATLAS_SIG_B_TOP100,6a92e7670262700013c4e5e9,ATLAS_SIG_B_TOP100,BRD-K94080537,diethyltoluamide,trt_cp,-8.973661
ATLAS_SIG_B_TOP100,6a92e7670262700013c4e5e9,ATLAS_SIG_B_TOP100,BRD-K96362535,tubaic-acid,trt_cp,67.65225
ATLAS_SIG_B_TOP100,6a92e7670262700013c4e5e9,ATLAS_SIG_B_TOP100,BRD-K32645441,dipropyl-5ct,trt_cp,-31.21155
ATLAS_SIG_B_TOP100,6a92e7670262700013c4e5e9,ATLAS_SIG_B_TOP100,BRD-K69032158,diprotin-a,trt_cp,-13.800956
ATLAS_SIG_B_TOP100,6a92e7670262700013c4e5e9,ATLAS_SIG_B_TOP100,BRD-K26573499,DMAB-anabaseine,trt_cp,1.5503876
ATLAS_SIG_B_TOP100,6a92e7670262700013c4e5e9,ATLAS_SIG_B_TOP100,BRD-K89274813,DMP-543,trt_cp,38.825626
ATLAS_SIG_B_TOP100,6a92e7670262700013c4e5e9,ATLAS_SIG_B_TOP100,BRD-K31699485,DMeOB,trt_cp,-7.233816
ATLAS_SIG_B_TOP100,6a92e7670262700013c4e5e9,ATLAS_SIG_B_TOP100,BRD-K85266041,DNQX,trt_cp,9.405815
ATLAS_SIG_B_TOP100,6a92e7670262700013c4e5e9,ATLAS_SIG_B_TOP100,BRD-K17378184,BP-897,trt_cp,0.9866103
ATLAS_SIG_B_TOP100,6a92e7670262700013c4e5e9,ATLAS_SIG_B_TOP100,BRD-K39965020,doconexent,trt_cp,-0.3875969
ATLAS_SIG_B_TOP100,6a92e7670262700013c4e5e9,ATLAS_SIG_B_TOP100,BRD-K01624546,docosatrienoic-acid,trt_cp,-53.90575
ATLAS_SIG_B_TOP100,6a92e7670262700013c4e5e9,ATLAS_SIG_B_TOP100,BRD-A27143604,diarylpropionitrile,trt_cp,-19.503342
ATLAS_SIG_B_TOP100,6a92e7670262700013c4e5e9,ATLAS_SIG_B_TOP100,BRD-K80315159,DPPE,trt_cp,12.475451
ATLAS_SIG_B_TOP100,6a92e7670262700013c4e5e9,ATLAS_SIG_B_TOP100,BRD-K94920105,DR-2313,trt_cp,-0.5285412
ATLAS_SIG_B_TOP100,6a92e7670262700013c4e5e9,ATLAS_SIG_B_TOP100,BRD-K33459542,ditolylguanidine,trt_cp,-5.7565956
ATLAS_SIG_B_TOP100,6a92e7670262700013c4e5e9,ATLAS_SIG_B_TOP100,BRD-K62353524,DY-131,trt_cp,16.494987
ATLAS_SIG_B_TOP100,6a92e7670262700013c4e5e9,ATLAS_SIG_B_TOP100,BRD-A20243730,danazol,trt_cp,40.43788
ATLAS_SIG_B_TOP100,6a92e7670262700013c4e5e9,ATLAS_SIG_B_TOP100,BRD-K48970916,danazol,trt_cp,-50.152992
ATLAS_SIG_B_TOP100,6a92e7670262700013c4e5e9,ATLAS_SIG_B_TOP100,BRD-A68009927,daunorubicin,trt_cp,46.737625
ATLAS_SIG_B_TOP100,6a92e7670262700013c4e5e9,ATLAS_SIG_B_TOP100,BRD-K96527333,dehydroisoandosterone,trt_cp,-1.4205756
ATLAS_SIG_B_TOP100,6a92e7670262700013c4e5e9,ATLAS_SIG_B_TOP100,BRD-A88282067,delcorine,trt_cp,-30.283558
ATLAS_SIG_B_TOP100,6a92e7670262700013c4e5e9,ATLAS_SIG_B_TOP100,BRD-A99177642,deltaline,trt_cp,-80.44774
ATLAS_SIG_B_TOP100,6a92e7670262700013c4e5e9,ATLAS_SIG_B_TOP100,BRD-K37792168,denbufylline,trt_cp,12.144382
ATLAS_SIG_B_TOP100,6a92e7670262700013c4e5e9,ATLAS_SIG_B_TOP100,BRD-K98521173,desoxycortone,trt_cp,-89.82852
ATLAS_SIG_B_TOP100,6a92e7670262700013c4e5e9,ATLAS_SIG_B_TOP100,BRD-K31238592,devazepide,trt_cp,20.478567
ATLAS_SIG_B_TOP100,6a92e7670262700013c4e5e9,ATLAS_SIG_B_TOP100,BRD-K33211335,dextromethorphan,trt_cp,-54.84937
ATLAS_SIG_B_TOP100,6a92e7670262700013c4e5e9,ATLAS_SIG_B_TOP100,BRD-K71499074,diclofenamide,trt_cp,-0.45806906
ATLAS_SIG_B_TOP100,6a92e7670262700013c4e5e9,ATLAS_SIG_B_TOP100,BRD-K17674993,diflorasone,trt_cp,72.055435
ATLAS_SIG_B_TOP100,6a92e7670262700013c4e5e9,ATLAS_SIG_B_TOP100,BRD-K18619710,digoxigenin,trt_cp,67.634796
ATLAS_SIG_B_TOP100,6a92e7670262700013c4e5e9,ATLAS_SIG_B_TOP100,BRD-K23478508,digoxin,trt_cp,0.0
ATLAS_SIG_B_TOP100,6a92e7670262700013c4e5e9,ATLAS_SIG_B_TOP100,BRD-K97440753,dihydroergocristine,trt_cp,-43.774242
ATLAS_SIG_B_TOP100,6a92e7670262700013c4e5e9,ATLAS_SIG_B_TOP100,BRD-K73391359,quinisocaine,trt_cp,36.590134
ATLAS_SIG_B_TOP100,6a92e7670262700013c4e5e9,ATLAS_SIG_B_TOP100,BRD-K65814004,diphenyleneiodonium,trt_cp,48.076763
ATLAS_SIG_B_TOP100,6a92e7670262700013c4e5e9,ATLAS_SIG_B_TOP100,BRD-K54759182,dosulepin,trt_cp,6.918182
ATLAS_SIG_B_TOP100,6a92e7670262700013c4e5e9,ATLAS_SIG_B_TOP100,BRD-K92093830,doxorubicin,trt_cp,4.1943583
ATLAS_SIG_B_TOP100,6a92e7670262700013c4e5e9,ATLAS_SIG_B_TOP100,BRD-K06221026,DUP-697,trt_cp,-5.1787686
ATLAS_SIG_B_TOP100,6a92e7670262700013c4e5e9,ATLAS_SIG_B_TOP100,BRD-K68620903,dydrogesterone,trt_cp,-1.0266981
ATLAS_SIG_B_TOP100,6a92e7670262700013c4e5e9,ATLAS_SIG_B_TOP100,BRD-A96485169,EBPC,trt_cp,-9.020437
ATLAS_SIG_B_TOP100,6a92e7670262700013c4e5e9,ATLAS_SIG_B_TOP100,BRD-K16233984,eriochrome-black-t,trt_cp,-17.544893
ATLAS_SIG_B_TOP100,6a92e7670262700013c4e5e9,ATLAS_SIG_B_TOP100,BRD-A51820102,econazole,trt_cp,-1.4874508
ATLAS_SIG_B_TOP100,6a92e7670262700013c4e5e9,ATLAS_SIG_B_TOP100,BRD-K27450477,EHNA,trt_cp,57.914307
ATLAS_SIG_B_TOP100,6a92e7670262700013c4e5e9,ATLAS_SIG_B_TOP100,BRD-K63913457,eicosatrienoic-acid,trt_cp,-0.845666
ATLAS_SIG_B_TOP100,6a92e7670262700013c4e5e9,ATLAS_SIG_B_TOP100,BRD-K88759641,EMD-66684,trt_cp,-0.422833
ATLAS_SIG_B_TOP100,6a92e7670262700013c4e5e9,ATLAS_SIG_B_TOP100,BRD-K57545991,enalapril,trt_cp,-46.14501
ATLAS_SIG_B_TOP100,6a92e7670262700013c4e5e9,ATLAS_SIG_B_TOP100,BRD-K76534306,enrofloxacin,trt_cp,16.339634
ATLAS_SIG_B_TOP100,6a92e7670262700013c4e5e9,ATLAS_SIG_B_TOP100,BRD-K42452249,EO-1428,trt_cp,11.965945
ATLAS_SIG_B_TOP100,6a92e7670262700013c4e5e9,ATLAS_SIG_B_TOP100,BRD-A53131506,epitestosterone,trt_cp,-12.111186
ATLAS_SIG_B_TOP100,6a92e7670262700013c4e5e9,ATLAS_SIG_B_TOP100,BRD-K11927976,ER-27319,trt_cp,84.900375
ATLAS_SIG_B_TOP100,6a92e7670262700013c4e5e9,ATLAS_SIG_B_TOP100,BRD-K19360254,ergocornine,trt_cp,-43.981503
ATLAS_SIG_B_TOP100,6a92e7670262700013c4e5e9,ATLAS_SIG_B_TOP100,BRD-A73581086,ergometrine,trt_cp,9.232933
ATLAS_SIG_B_TOP100,6a92e7670262700013c4e5e9,ATLAS_SIG_B_TOP100,BRD-A35033682,eriodictyol,trt_cp,14.297638
ATLAS_SIG_B_TOP100,6a92e7670262700013c4e5e9,ATLAS_SIG_B_TOP100,BRD-A23226398,estradiol,trt_cp,43.14553
ATLAS_SIG_B_TOP100,6a92e7670262700013c4e5e9,ATLAS_SIG_B_TOP100,BRD-A39747742,estradiol-valerate,trt_cp,-56.931046
ATLAS_SIG_B_TOP100,6a92e7670262700013c4e5e9,ATLAS_SIG_B_TOP100,BRD-A84205515,estriol,trt_cp,34.512085
ATLAS_SIG_B_TOP100,6a92e7670262700013c4e5e9,ATLAS_SIG_B_TOP100,BRD-K49061529,BRD-K49061529,trt_cp,51.7172
ATLAS_SIG_B_TOP100,6a92e7670262700013c4e5e9,ATLAS_SIG_B_TOP100,BRD-K15842202,eudesmic-acid,trt_cp,45.004253
ATLAS_SIG_B_TOP100,6a92e7670262700013c4e5e9,ATLAS_SIG_B_TOP100,BRD-K46068882,eugenitol,trt_cp,-70.06354
ATLAS_SIG_B_TOP100,6a92e7670262700013c4e5e9,ATLAS_SIG_B_TOP100,BRD-K86727142,embelin,trt_cp,-74.17098
ATLAS_SIG_B_TOP100,6a92e7670262700013c4e5e9,ATLAS_SIG_B_TOP100,BRD-K39339537,epirizole,trt_cp,-11.102435
ATLAS_SIG_B_TOP100,6a92e7670262700013c4e5e9,ATLAS_SIG_B_TOP100,BRD-A39969961,eplerenone,trt_cp,40.24677
ATLAS_SIG_B_TOP100,6a92e7670262700013c4e5e9,ATLAS_SIG_B_TOP100,BRD-K04046242,equilin,trt_cp,1.3389711
ATLAS_SIG_B_TOP100,6a92e7670262700013c4e5e9,ATLAS_SIG_B_TOP100,BRD-A99411506,esculin,trt_cp,21.987844
ATLAS_SIG_B_TOP100,6a92e7670262700013c4e5e9,ATLAS_SIG_B_TOP100,BRD-K17016787,estriol,trt_cp,0.14094433
ATLAS_SIG_B_TOP100,6a92e7670262700013c4e5e9,ATLAS_SIG_B_TOP100,BRD-K81839095,estrone,trt_cp,2.4312897
ATLAS_SIG_B_TOP100,6a92e7670262700013c4e5e9,ATLAS_SIG_B_TOP100,BRD-K03981224,ethisterone,trt_cp,31.177483
ATLAS_SIG_B_TOP100,6a92e7670262700013c4e5e9,ATLAS_SIG_B_TOP100,BRD-K31920458,mestranol,trt_cp,-15.287923
ATLAS_SIG_B_TOP100,6a92e7670262700013c4e5e9,ATLAS_SIG_B_TOP100,BRD-K47693913,evoxine,trt_cp,-55.430977
ATLAS_SIG_B_TOP100,6a92e7670262700013c4e5e9,ATLAS_SIG_B_TOP100,BRD-K78633253,EXO-1,trt_cp,-1.3389711
ATLAS_SIG_B_TOP100,6a92e7670262700013c4e5e9,ATLAS_SIG_B_TOP100,BRD-K63089472,farnesylthioacetic-acid,trt_cp,-30.30285
ATLAS_SIG_B_TOP100,6a92e7670262700013c4e5e9,ATLAS_SIG_B_TOP100,BRD-K14821540,FCCP,trt_cp,33.584778
ATLAS_SIG_B_TOP100,6a92e7670262700013c4e5e9,ATLAS_SIG_B_TOP100,BRD-K48367671,febuxostat,trt_cp,-17.332972
ATLAS_SIG_B_TOP100,6a92e7670262700013c4e5e9,ATLAS_SIG_B_TOP100,BRD-K51318897,fenbendazole,trt_cp,38.428055
ATLAS_SIG_B_TOP100,6a92e7670262700013c4e5e9,ATLAS_SIG_B_TOP100,BRD-A83081521,finasteride,trt_cp,-58.4018
ATLAS_SIG_B_TOP100,6a92e7670262700013c4e5e9,ATLAS_SIG_B_TOP100,BRD-K17896185,FIT,trt_cp,15.781613
ATLAS_SIG_B_TOP100,6a92e7670262700013c4e5e9,ATLAS_SIG_B_TOP100,BRD-K83508485,FK-888,trt_cp,1.4446794
ATLAS_SIG_B_TOP100,6a92e7670262700013c4e5e9,ATLAS_SIG_B_TOP100,BRD-K30296925,flavokavain-b,trt_cp,83.31077
ATLAS_SIG_B_TOP100,6a92e7670262700013c4e5e9,ATLAS_SIG_B_TOP100,BRD-K44067360,flufenamic-acid,trt_cp,68.269775
ATLAS_SIG_B_TOP100,6a92e7670262700013c4e5e9,ATLAS_SIG_B_TOP100,BRD-A01346607,flumetasone,trt_cp,17.646275
ATLAS_SIG_B_TOP100,6a92e7670262700013c4e5e9,ATLAS_SIG_B_TOP100,BRD-A65449987,flunisolide,trt_cp,-9.925619
ATLAS_SIG_B_TOP100,6a92e7670262700013c4e5e9,ATLAS_SIG_B_TOP100,BRD-K15715913,fluperlapine,trt_cp,6.156192
ATLAS_SIG_B_TOP100,6a92e7670262700013c4e5e9,ATLAS_SIG_B_TOP100,BRD-K31611373,fluprostenol,trt_cp,3.0253963
ATLAS_SIG_B_TOP100,6a92e7670262700013c4e5e9,ATLAS_SIG_B_TOP100,BRD-A49765801,fludroxycortide,trt_cp,19.830887
ATLAS_SIG_B_TOP100,6a92e7670262700013c4e5e9,ATLAS_SIG_B_TOP100,BRD-A96456596,FPL-55712,trt_cp,-29.043266
ATLAS_SIG_B_TOP100,6a92e7670262700013c4e5e9,ATLAS_SIG_B_TOP100,BRD-K30990140,FR-122047,trt_cp,-2.3960536
ATLAS_SIG_B_TOP100,6a92e7670262700013c4e5e9,ATLAS_SIG_B_TOP100,BRD-A80641450,FR-139317,trt_cp,-12.818225
ATLAS_SIG_B_TOP100,6a92e7670262700013c4e5e9,ATLAS_SIG_B_TOP100,BRD-K66944906,fraxidin,trt_cp,-2.2551093
ATLAS_SIG_B_TOP100,6a92e7670262700013c4e5e9,ATLAS_SIG_B_TOP100,BRD-K96402602,farnesylthiotriazole,trt_cp,50.08517
ATLAS_SIG_B_TOP100,6a92e7670262700013c4e5e9,ATLAS_SIG_B_TOP100,BRD-K08998509,fananserin,trt_cp,3.772024
ATLAS_SIG_B_TOP100,6a92e7670262700013c4e5e9,ATLAS_SIG_B_TOP100,BRD-K76617868,fasudil,trt_cp,57.818115
ATLAS_SIG_B_TOP100,6a92e7670262700013c4e5e9,ATLAS_SIG_B_TOP100,BRD-K99107520,felbamate,trt_cp,-84.81013
ATLAS_SIG_B_TOP100,6a92e7670262700013c4e5e9,ATLAS_SIG_B_TOP100,BRD-A30815329,felodipine,trt_cp,-76.98053
ATLAS_SIG_B_TOP100,6a92e7670262700013c4e5e9,ATLAS_SIG_B_TOP100,BRD-K41160163,fenobam,trt_cp,-69.89353
ATLAS_SIG_B_TOP100,6a92e7670262700013c4e5e9,ATLAS_SIG_B_TOP100,BRD-A50684349,fenoldopam,trt_cp,-9.446781
ATLAS_SIG_B_TOP100,6a92e7670262700013c4e5e9,ATLAS_SIG_B_TOP100,BRD-K28168037,fenretinide,trt_cp,-22.161076
ATLAS_SIG_B_TOP100,6a92e7670262700013c4e5e9,ATLAS_SIG_B_TOP100,BRD-K34170797,fexaramine,trt_cp,-3.5004375
ATLAS_SIG_B_TOP100,6a92e7670262700013c4e5e9,ATLAS_SIG_B_TOP100,BRD-K28667196,fillalbin,trt_cp,-44.741264
ATLAS_SIG_B_TOP100,6a92e7670262700013c4e5e9,ATLAS_SIG_B_TOP100,BRD-K01095011,finasteride,trt_cp,-10.893433
ATLAS_SIG_B_TOP100,6a92e7670262700013c4e5e9,ATLAS_SIG_B_TOP100,BRD-A13650332,flucloxacillin,trt_cp,30.072979
ATLAS_SIG_B_TOP100,6a92e7670262700013c4e5e9,ATLAS_SIG_B_TOP100,BRD-K98769987,flumazenil,trt_cp,-56.787212
ATLAS_SIG_B_TOP100,6a92e7670262700013c4e5e9,ATLAS_SIG_B_TOP100,BRD-K61496577,flumetasone,trt_cp,-62.43299
ATLAS_SIG_B_TOP100,6a92e7670262700013c4e5e9,ATLAS_SIG_B_TOP100,BRD-K12184470,flunarizine,trt_cp,3.7884169
ATLAS_SIG_B_TOP100,6a92e7670262700013c4e5e9,ATLAS_SIG_B_TOP100,BRD-K49577446,flunisolide,trt_cp,-6.57012
ATLAS_SIG_B_TOP100,6a92e7670262700013c4e5e9,ATLAS_SIG_B_TOP100,BRD-K53987533,fluphenazine,trt_cp,-11.075539
ATLAS_SIG_B_TOP100,6a92e7670262700013c4e5e9,ATLAS_SIG_B_TOP100,BRD-K00824317,fludroxycortide,trt_cp,-45.678276
ATLAS_SIG_B_TOP100,6a92e7670262700013c4e5e9,ATLAS_SIG_B_TOP100,BRD-K67445247,flurofamide,trt_cp,-37.272293
ATLAS_SIG_B_TOP100,6a92e7670262700013c4e5e9,ATLAS_SIG_B_TOP100,BRD-A59943784,fluticasone,trt_cp,17.262627
ATLAS_SIG_B_TOP100,6a92e7670262700013c4e5e9,ATLAS_SIG_B_TOP100,BRD-K62310379,fluticasone-propionate,trt_cp,-55.002747
ATLAS_SIG_B_TOP100,6a92e7670262700013c4e5e9,ATLAS_SIG_B_TOP100,BRD-K72676686,fluvoxamine,trt_cp,30.76774
ATLAS_SIG_B_TOP100,6a92e7670262700013c4e5e9,ATLAS_SIG_B_TOP100,BRD-A49734948,foliosidine,trt_cp,23.8959
ATLAS_SIG_B_TOP100,6a92e7670262700013c4e5e9,ATLAS_SIG_B_TOP100,BRD-M00539986,formoterol,trt_cp,-38.87361
ATLAS_SIG_B_TOP100,6a92e7670262700013c4e5e9,ATLAS_SIG_B_TOP100,BRD-K03015355,forskolin,trt_cp,-13.284973
ATLAS_SIG_B_TOP100,6a92e7670262700013c4e5e9,ATLAS_SIG_B_TOP100,BRD-K87049188,fusaric-acid,trt_cp,-1.9334626
ATLAS_SIG_B_TOP100,6a92e7670262700013c4e5e9,ATLAS_SIG_B_TOP100,BRD-K18059238,gamma-linolenic-acid,trt_cp,20.332584
ATLAS_SIG_B_TOP100,6a92e7670262700013c4e5e9,ATLAS_SIG_B_TOP100,BRD-K77998258,ganglioside,trt_cp,-60.84063
ATLAS_SIG_B_TOP100,6a92e7670262700013c4e5e9,ATLAS_SIG_B_TOP100,BRD-K92015269,GBR-12783,trt_cp,-0.5637773
ATLAS_SIG_B_TOP100,6a92e7670262700013c4e5e9,ATLAS_SIG_B_TOP100,BRD-K34034388,GBR-12783,trt_cp,16.859186
ATLAS_SIG_B_TOP100,6a92e7670262700013c4e5e9,ATLAS_SIG_B_TOP100,BRD-K32501161,vanoxerine,trt_cp,1.1980268
ATLAS_SIG_B_TOP100,6a92e7670262700013c4e5e9,ATLAS_SIG_B_TOP100,BRD-K50135270,GBR-12935,trt_cp,3.6130261
ATLAS_SIG_B_TOP100,6a92e7670262700013c4e5e9,ATLAS_SIG_B_TOP100,BRD-K92577649,GBR-13069,trt_cp,4.2652225
ATLAS_SIG_B_TOP100,6a92e7670262700013c4e5e9,ATLAS_SIG_B_TOP100,BRD-K11634954,GBR-13069,trt_cp,5.3701534
ATLAS_SIG_B_TOP100,6a92e7670262700013c4e5e9,ATLAS_SIG_B_TOP100,BRD-K65285700,GP-1a,trt_cp,-0.85304826
ATLAS_SIG_B_TOP100,6a92e7670262700013c4e5e9,ATLAS_SIG_B_TOP100,BRD-K34608650,GP-2a,trt_cp,2.8002005
ATLAS_SIG_B_TOP100,6a92e7670262700013c4e5e9,ATLAS_SIG_B_TOP100,BRD-K11911061,GR-127935,trt_cp,80.5063
ATLAS_SIG_B_TOP100,6a92e7670262700013c4e5e9,ATLAS_SIG_B_TOP100,BRD-K12120659,GR-144053,trt_cp,12.008192
ATLAS_SIG_B_TOP100,6a92e7670262700013c4e5e9,ATLAS_SIG_B_TOP100,BRD-K52394958,GR-159897,trt_cp,5.273268
ATLAS_SIG_B_TOP100,6a92e7670262700013c4e5e9,ATLAS_SIG_B_TOP100,BRD-K02283807,GR-32191,trt_cp,29.340416
ATLAS_SIG_B_TOP100,6a92e7670262700013c4e5e9,ATLAS_SIG_B_TOP100,BRD-K68190965,GR-46611,trt_cp,57.185673
ATLAS_SIG_B_TOP100,6a92e7670262700013c4e5e9,ATLAS_SIG_B_TOP100,BRD-K46441700,GR-55562,trt_cp,-85.61006
ATLAS_SIG_B_TOP100,6a92e7670262700013c4e5e9,ATLAS_SIG_B_TOP100,BRD-K40578143,GR-79236,trt_cp,-26.346745
ATLAS_SIG_B_TOP100,6a92e7670262700013c4e5e9,ATLAS_SIG_B_TOP100,BRD-A93659613,GR-89696,trt_cp,-28.49825
ATLAS_SIG_B_TOP100,6a92e7670262700013c4e5e9,ATLAS_SIG_B_TOP100,BRD-K75478907,GS-39783,trt_cp,-90.20446
ATLAS_SIG_B_TOP100,6a92e7670262700013c4e5e9,ATLAS_SIG_B_TOP100,BRD-K67860401,AR-A014418,trt_cp,66.17236
ATLAS_SIG_B_TOP100,6a92e7670262700013c4e5e9,ATLAS_SIG_B_TOP100,BRD-K16664969,GTP-14564,trt_cp,-23.005817
ATLAS_SIG_B_TOP100,6a92e7670262700013c4e5e9,ATLAS_SIG_B_TOP100,BRD-K82983861,GW-0742,trt_cp,53.031883
ATLAS_SIG_B_TOP100,6a92e7670262700013c4e5e9,ATLAS_SIG_B_TOP100,BRD-A38898897,GW-311616,trt_cp,-74.87172
ATLAS_SIG_B_TOP100,6a92e7670262700013c4e5e9,ATLAS_SIG_B_TOP100,BRD-K10705233,GW-405833,trt_cp,13.543598
ATLAS_SIG_B_TOP100,6a92e7670262700013c4e5e9,ATLAS_SIG_B_TOP100,BRD-K04146668,GW-441756,trt_cp,-58.31234
ATLAS_SIG_B_TOP100,6a92e7670262700013c4e5e9,ATLAS_SIG_B_TOP100,BRD-K79930101,GW-583340,trt_cp,-1.691332
ATLAS_SIG_B_TOP100,6a92e7670262700013c4e5e9,ATLAS_SIG_B_TOP100,BRD-A72596465,GW-6471,trt_cp,36.25432
ATLAS_SIG_B_TOP100,6a92e7670262700013c4e5e9,ATLAS_SIG_B_TOP100,BRD-K90382497,GW-843682X,trt_cp,-3.7702608
ATLAS_SIG_B_TOP100,6a92e7670262700013c4e5e9,ATLAS_SIG_B_TOP100,BRD-K71534238,GW-9508,trt_cp,2.2551093
ATLAS_SIG_B_TOP100,6a92e7670262700013c4e5e9,ATLAS_SIG_B_TOP100,BRD-K93258693,GW-9662,trt_cp,-25.939274
ATLAS_SIG_B_TOP100,6a92e7670262700013c4e5e9,ATLAS_SIG_B_TOP100,BRD-K24240364,GYKI-52466,trt_cp,-4.5963297
ATLAS_SIG_B_TOP100,6a92e7670262700013c4e5e9,ATLAS_SIG_B_TOP100,BRD-K59256312,gabexate,trt_cp,9.469586
ATLAS_SIG_B_TOP100,6a92e7670262700013c4e5e9,ATLAS_SIG_B_TOP100,BRD-K49890030,gavestinel,trt_cp,-1.0923185
ATLAS_SIG_B_TOP100,6a92e7670262700013c4e5e9,ATLAS_SIG_B_TOP100,BRD-A36151937,genistein,trt_cp,17.387342
ATLAS_SIG_B_TOP100,6a92e7670262700013c4e5e9,ATLAS_SIG_B_TOP100,BRD-K92758126,MD-920,trt_cp,34.781555
ATLAS_SIG_B_TOP100,6a92e7670262700013c4e5e9,ATLAS_SIG_B_TOP100,BRD-K34776109,glimepiride,trt_cp,0.070472166
ATLAS_SIG_B_TOP100,6a92e7670262700013c4e5e9,ATLAS_SIG_B_TOP100,BRD-K42693031,glimepiride,trt_cp,-4.792107
ATLAS_SIG_B_TOP100,6a92e7670262700013c4e5e9,ATLAS_SIG_B_TOP100,BRD-A86109770,guggulsterone,trt_cp,3.4229312
ATLAS_SIG_B_TOP100,6a92e7670262700013c4e5e9,ATLAS_SIG_B_TOP100,BRD-K27737647,H-89,trt_cp,59.354347
ATLAS_SIG_B_TOP100,6a92e7670262700013c4e5e9,ATLAS_SIG_B_TOP100,BRD-K18742343,H-8,trt_cp,4.726815
ATLAS_SIG_B_TOP100,6a92e7670262700013c4e5e9,ATLAS_SIG_B_TOP100,BRD-K70577657,H-9,trt_cp,4.8625793
ATLAS_SIG_B_TOP100,6a92e7670262700013c4e5e9,ATLAS_SIG_B_TOP100,BRD-K05434375,HA-1004,trt_cp,9.796562
ATLAS_SIG_B_TOP100,6a92e7670262700013c4e5e9,ATLAS_SIG_B_TOP100,BRD-A24429032,BE-2254,trt_cp,-17.184492
ATLAS_SIG_B_TOP100,6a92e7670262700013c4e5e9,ATLAS_SIG_B_TOP100,BRD-A00267231,hemado,trt_cp,1.9310524
ATLAS_SIG_B_TOP100,6a92e7670262700013c4e5e9,ATLAS_SIG_B_TOP100,BRD-K81209159,herniarin,trt_cp,32.177162
ATLAS_SIG_B_TOP100,6a92e7670262700013c4e5e9,ATLAS_SIG_B_TOP100,BRD-K95885906,quercetagetin,trt_cp,-51.11901
ATLAS_SIG_B_TOP100,6a92e7670262700013c4e5e9,ATLAS_SIG_B_TOP100,BRD-A34751532,homosalate,trt_cp,-63.235043
ATLAS_SIG_B_TOP100,6a92e7670262700013c4e5e9,ATLAS_SIG_B_TOP100,BRD-K02715688,"hydrastine-(1r,-9s)",trt_cp,-40.05471
ATLAS_SIG_B_TOP100,6a92e7670262700013c4e5e9,ATLAS_SIG_B_TOP100,BRD-A75172220,hydrocortisone,trt_cp,-29.49062
ATLAS_SIG_B_TOP100,6a92e7670262700013c4e5e9,ATLAS_SIG_B_TOP100,BRD-A25143711,hydrocortisone-valerate,trt_cp,-23.299532
ATLAS_SIG_B_TOP100,6a92e7670262700013c4e5e9,ATLAS_SIG_B_TOP100,BRD-A06390036,hydroquinidine,trt_cp,-40.102448
ATLAS_SIG_B_TOP100,6a92e7670262700013c4e5e9,ATLAS_SIG_B_TOP100,BRD-K81709173,halcinonide,trt_cp,-14.737691
ATLAS_SIG_B_TOP100,6a92e7670262700013c4e5e9,ATLAS_SIG_B_TOP100,BRD-K07996107,harpagoside,trt_cp,-73.27785
ATLAS_SIG_B_TOP100,6a92e7670262700013c4e5e9,ATLAS_SIG_B_TOP100,BRD-K38903228,hesperidin,trt_cp,-1.4024535
ATLAS_SIG_B_TOP100,6a92e7670262700013c4e5e9,ATLAS_SIG_B_TOP100,BRD-A97730597,hexylcaine,trt_cp,2.5862784
ATLAS_SIG_B_TOP100,6a92e7670262700013c4e5e9,ATLAS_SIG_B_TOP100,BRD-K37691127,hinokitiol,trt_cp,29.407684
ATLAS_SIG_B_TOP100,6a92e7670262700013c4e5e9,ATLAS_SIG_B_TOP100,BRD-K71003802,hippeastrine,trt_cp,-14.250825
ATLAS_SIG_B_TOP100,6a92e7670262700013c4e5e9,ATLAS_SIG_B_TOP100,BRD-K07325606,hispidin,trt_cp,8.650913
ATLAS_SIG_B_TOP100,6a92e7670262700013c4e5e9,ATLAS_SIG_B_TOP100,BRD-K08554278,bisbenzimide,trt_cp,0.0
ATLAS_SIG_B_TOP100,6a92e7670262700013c4e5e9,ATLAS_SIG_B_TOP100,BRD-K76674262,homoharringtonine,trt_cp,-44.295868
ATLAS_SIG_B_TOP100,6a92e7670262700013c4e5e9,ATLAS_SIG_B_TOP100,BRD-A77722753,hydralazine,trt_cp,-10.320614
ATLAS_SIG_B_TOP100,6a92e7670262700013c4e5e9,ATLAS_SIG_B_TOP100,BRD-K92726801,hydrastinine,trt_cp,-26.970486
ATLAS_SIG_B_TOP100,6a92e7670262700013c4e5e9,ATLAS_SIG_B_TOP100,BRD-K40530731,hyoscyamine,trt_cp,-60.860374
ATLAS_SIG_B_TOP100,6a92e7670262700013c4e5e9,ATLAS_SIG_B_TOP100,BRD-K85383046,IAA-94,trt_cp,-35.592094
ATLAS_SIG_B_TOP100,6a92e7670262700013c4e5e9,ATLAS_SIG_B_TOP100,BRD-A20527803,IB-MECA,trt_cp,-0.66948557
ATLAS_SIG_B_TOP100,6a92e7670262700013c4e5e9,ATLAS_SIG_B_TOP100,BRD-K15196155,IBC-293,trt_cp,9.174744
ATLAS_SIG_B_TOP100,6a92e7670262700013c4e5e9,ATLAS_SIG_B_TOP100,BRD-K09638361,IC-261,trt_cp,43.347572
ATLAS_SIG_B_TOP100,6a92e7670262700013c4e5e9,ATLAS_SIG_B_TOP100,BRD-A89208012,BRD-A89208012,trt_cp,20.249329
ATLAS_SIG_B_TOP100,6a92e7670262700013c4e5e9,ATLAS_SIG_B_TOP100,BRD-K66782112,ICI-162846,trt_cp,48.47451
ATLAS_SIG_B_TOP100,6a92e7670262700013c4e5e9,ATLAS_SIG_B_TOP100,BRD-A51929314,BRD-A51929314,trt_cp,69.0298
ATLAS_SIG_B_TOP100,6a92e7670262700013c4e5e9,ATLAS_SIG_B_TOP100,BRD-K73290745,ICI-199441,trt_cp,-22.577028
ATLAS_SIG_B_TOP100,6a92e7670262700013c4e5e9,ATLAS_SIG_B_TOP100,BRD-A03359064,ICI-89406,trt_cp,-15.774468
ATLAS_SIG_B_TOP100,6a92e7670262700013c4e5e9,ATLAS_SIG_B_TOP100,BRD-K14618467,IKK-16,trt_cp,5.7787175
ATLAS_SIG_B_TOP100,6a92e7670262700013c4e5e9,ATLAS_SIG_B_TOP100,BRD-K74305673,IKK-2-inhibitor-V,trt_cp,8.139535
ATLAS_SIG_B_TOP100,6a92e7670262700013c4e5e9,ATLAS_SIG_B_TOP100,BRD-K07117950,imperatorin,trt_cp,-13.379837
ATLAS_SIG_B_TOP100,6a92e7670262700013c4e5e9,ATLAS_SIG_B_TOP100,BRD-K01815685,indole-3-carbinol,trt_cp,9.259128
ATLAS_SIG_B_TOP100,6a92e7670262700013c4e5e9,ATLAS_SIG_B_TOP100,BRD-A07029265,ipratropium,trt_cp,-21.025028
ATLAS_SIG_B_TOP100,6a92e7670262700013c4e5e9,ATLAS_SIG_B_TOP100,BRD-K92678294,irilin-a,trt_cp,2.3608174
ATLAS_SIG_B_TOP100,6a92e7670262700013c4e5e9,ATLAS_SIG_B_TOP100,BRD-A54029483,IRL-2500,trt_cp,-88.94139
ATLAS_SIG_B_TOP100,6a92e7670262700013c4e5e9,ATLAS_SIG_B_TOP100,BRD-A26845397,isamoltane,trt_cp,-23.398657
ATLAS_SIG_B_TOP100,6a92e7670262700013c4e5e9,ATLAS_SIG_B_TOP100,BRD-K05737787,isoeugenol,trt_cp,39.598335
ATLAS_SIG_B_TOP100,6a92e7670262700013c4e5e9,ATLAS_SIG_B_TOP100,BRD-K37080523,isoreserpine,trt_cp,8.97473
ATLAS_SIG_B_TOP100,6a92e7670262700013c4e5e9,ATLAS_SIG_B_TOP100,BRD-K06198550,isorotenone,trt_cp,13.152031
ATLAS_SIG_B_TOP100,6a92e7670262700013c4e5e9,ATLAS_SIG_B_TOP100,BRD-K60298136,ITE,trt_cp,0.7399577
ATLAS_SIG_B_TOP100,6a92e7670262700013c4e5e9,ATLAS_SIG_B_TOP100,BRD-A48570745,ivermectin,trt_cp,-28.74226
ATLAS_SIG_B_TOP100,6a92e7670262700013c4e5e9,ATLAS_SIG_B_TOP100,BRD-K16444452,ibudilast,trt_cp,-18.393906
ATLAS_SIG_B_TOP100,6a92e7670262700013c4e5e9,ATLAS_SIG_B_TOP100,BRD-K25906698,immepip,trt_cp,17.659672
ATLAS_SIG_B_TOP100,6a92e7670262700013c4e5e9,ATLAS_SIG_B_TOP100,BRD-K43860855,iobenguane,trt_cp,3.5588443
ATLAS_SIG_B_TOP100,6a92e7670262700013c4e5e9,ATLAS_SIG_B_TOP100,BRD-K51918615,iodophenpropit,trt_cp,-21.826702
ATLAS_SIG_B_TOP100,6a92e7670262700013c4e5e9,ATLAS_SIG_B_TOP100,BRD-K79124250,ioxaglic-acid,trt_cp,11.801076
ATLAS_SIG_B_TOP100,6a92e7670262700013c4e5e9,ATLAS_SIG_B_TOP100,BRD-K74195153,irsogladine,trt_cp,-2.6427062
ATLAS_SIG_B_TOP100,6a92e7670262700013c4e5e9,ATLAS_SIG_B_TOP100,BRD-K93332168,isocarboxazid,trt_cp,20.7551
ATLAS_SIG_B_TOP100,6a92e7670262700013c4e5e9,ATLAS_SIG_B_TOP100,BRD-K29173907,isoflupredone-acetate,trt_cp,6.557756
ATLAS_SIG_B_TOP100,6a92e7670262700013c4e5e9,ATLAS_SIG_B_TOP100,BRD-A41722204,sulmazole,trt_cp,-23.565514
ATLAS_SIG_B_TOP100,6a92e7670262700013c4e5e9,ATLAS_SIG_B_TOP100,BRD-A74269027,isoxsuprine,trt_cp,-15.47002
ATLAS_SIG_B_TOP100,6a92e7670262700013c4e5e9,ATLAS_SIG_B_TOP100,BRD-K64402243,ivachtin,trt_cp,-20.589695
ATLAS_SIG_B_TOP100,6a92e7670262700013c4e5e9,ATLAS_SIG_B_TOP100,BRD-K26429091,J-104129,trt_cp,27.442513
ATLAS_SIG_B_TOP100,6a92e7670262700013c4e5e9,ATLAS_SIG_B_TOP100,BRD-K72541103,JAK3-inhibitor-I,trt_cp,-8.558803
ATLAS_SIG_B_TOP100,6a92e7670262700013c4e5e9,ATLAS_SIG_B_TOP100,BRD-K52850071,WHI-P154,trt_cp,23.437778
ATLAS_SIG_B_TOP100,6a92e7670262700013c4e5e9,ATLAS_SIG_B_TOP100,BRD-K95676198,JAK3-inhibitor-V,trt_cp,10.017557
ATLAS_SIG_B_TOP100,6a92e7670262700013c4e5e9,ATLAS_SIG_B_TOP100,BRD-K04546108,JAK3-inhibitor-VI,trt_cp,16.42498
ATLAS_SIG_B_TOP100,6a92e7670262700013c4e5e9,ATLAS_SIG_B_TOP100,BRD-K22010301,JLK-6,trt_cp,61.981873
ATLAS_SIG_B_TOP100,6a92e7670262700013c4e5e9,ATLAS_SIG_B_TOP100,BRD-K15086322,JNJ-10191584,trt_cp,31.815262
ATLAS_SIG_B_TOP100,6a92e7670262700013c4e5e9,ATLAS_SIG_B_TOP100,BRD-K64670467,JNJ-16259685,trt_cp,-2.0789287
ATLAS_SIG_B_TOP100,6a92e7670262700013c4e5e9,ATLAS_SIG_B_TOP100,BRD-K43330982,JTE-013,trt_cp,-4.746434
ATLAS_SIG_B_TOP100,6a92e7670262700013c4e5e9,ATLAS_SIG_B_TOP100,BRD-K63150726,JTE-907,trt_cp,-15.621337
ATLAS_SIG_B_TOP100,6a92e7670262700013c4e5e9,ATLAS_SIG_B_TOP100,BRD-K17796732,JWH-015,trt_cp,26.175533
ATLAS_SIG_B_TOP100,6a92e7670262700013c4e5e9,ATLAS_SIG_B_TOP100,BRD-K05464208,JX-401,trt_cp,-32.274944
ATLAS_SIG_B_TOP100,6a92e7670262700013c4e5e9,ATLAS_SIG_B_TOP100,BRD-A75455249,kavain,trt_cp,-14.973498
ATLAS_SIG_B_TOP100,6a92e7670262700013c4e5e9,ATLAS_SIG_B_TOP100,BRD-K17743697,KB-R7943,trt_cp,0.66948557
ATLAS_SIG_B_TOP100,6a92e7670262700013c4e5e9,ATLAS_SIG_B_TOP100,BRD-A54927599,KF-38789,trt_cp,35.19824
ATLAS_SIG_B_TOP100,6a92e7670262700013c4e5e9,ATLAS_SIG_B_TOP100,BRD-A81177136,KN-62,trt_cp,22.026028
ATLAS_SIG_B_TOP100,6a92e7670262700013c4e5e9,ATLAS_SIG_B_TOP100,BRD-K93480852,KN-93,trt_cp,44.96513
ATLAS_SIG_B_TOP100,6a92e7670262700013c4e5e9,ATLAS_SIG_B_TOP100,BRD-A38747044,KU-14R,trt_cp,23.145157
ATLAS_SIG_B_TOP100,6a92e7670262700013c4e5e9,ATLAS_SIG_B_TOP100,BRD-A31227688,kynuramine,trt_cp,-71.30246
ATLAS_SIG_B_TOP100,6a92e7670262700013c4e5e9,ATLAS_SIG_B_TOP100,BRD-K37312348,kenpaullone,trt_cp,-28.59041
ATLAS_SIG_B_TOP100,6a92e7670262700013c4e5e9,ATLAS_SIG_B_TOP100,BRD-K49671696,ketanserin,trt_cp,18.97176
ATLAS_SIG_B_TOP100,6a92e7670262700013c4e5e9,ATLAS_SIG_B_TOP100,BRD-A43930669,L-368899,trt_cp,-8.432404
ATLAS_SIG_B_TOP100,6a92e7670262700013c4e5e9,ATLAS_SIG_B_TOP100,BRD-K89402695,L-655240,trt_cp,10.513257
ATLAS_SIG_B_TOP100,6a92e7670262700013c4e5e9,ATLAS_SIG_B_TOP100,BRD-K14765469,vesamicol,trt_cp,1.3742071
ATLAS_SIG_B_TOP100,6a92e7670262700013c4e5e9,ATLAS_SIG_B_TOP100,BRD-A42553870,L-152804,trt_cp,-5.810164
ATLAS_SIG_B_TOP100,6a92e7670262700013c4e5e9,ATLAS_SIG_B_TOP100,BRD-K40656405,L-165041,trt_cp,41.728844
ATLAS_SIG_B_TOP100,6a92e7670262700013c4e5e9,ATLAS_SIG_B_TOP100,BRD-A28422058,L-689560,trt_cp,1.4446794
ATLAS_SIG_B_TOP100,6a92e7670262700013c4e5e9,ATLAS_SIG_B_TOP100,BRD-K74284736,L-689560,trt_cp,-29.140152
ATLAS_SIG_B_TOP100,6a92e7670262700013c4e5e9,ATLAS_SIG_B_TOP100,BRD-K70241288,L-692585,trt_cp,-14.556169
ATLAS_SIG_B_TOP100,6a92e7670262700013c4e5e9,ATLAS_SIG_B_TOP100,BRD-K83322645,L-693403,trt_cp,-43.357353
ATLAS_SIG_B_TOP100,6a92e7670262700013c4e5e9,ATLAS_SIG_B_TOP100,BRD-K18816859,L-694247,trt_cp,-13.702893
ATLAS_SIG_B_TOP100,6a92e7670262700013c4e5e9,ATLAS_SIG_B_TOP100,BRD-K10176267,L-701252,trt_cp,-19.549429
ATLAS_SIG_B_TOP100,6a92e7670262700013c4e5e9,ATLAS_SIG_B_TOP100,BRD-A96882008,L-732138,trt_cp,12.762732
ATLAS_SIG_B_TOP100,6a92e7670262700013c4e5e9,ATLAS_SIG_B_TOP100,BRD-K15791587,L-733060,trt_cp,0.49330515
ATLAS_SIG_B_TOP100,6a92e7670262700013c4e5e9,ATLAS_SIG_B_TOP100,BRD-K05181463,L-741626,trt_cp,1.4385477
ATLAS_SIG_B_TOP100,6a92e7670262700013c4e5e9,ATLAS_SIG_B_TOP100,BRD-K05528470,L-745870,trt_cp,1.4446794
ATLAS_SIG_B_TOP100,6a92e7670262700013c4e5e9,ATLAS_SIG_B_TOP100,BRD-K28806945,L-750667,trt_cp,28.798489
ATLAS_SIG_B_TOP100,6a92e7670262700013c4e5e9,ATLAS_SIG_B_TOP100,BRD-A35511923,L-803087,trt_cp,21.591911
ATLAS_SIG_B_TOP100,6a92e7670262700013c4e5e9,ATLAS_SIG_B_TOP100,BRD-K81029756,diltiazem,trt_cp,14.841866
ATLAS_SIG_B_TOP100,6a92e7670262700013c4e5e9,ATLAS_SIG_B_TOP100,BRD-K23583188,lavendustin-a,trt_cp,-0.5990134
ATLAS_SIG_B_TOP100,6a92e7670262700013c4e5e9,ATLAS_SIG_B_TOP100,BRD-K66707493,lawsone,trt_cp,12.771038
ATLAS_SIG_B_TOP100,6a92e7670262700013c4e5e9,ATLAS_SIG_B_TOP100,BRD-K01648091,LE-300,trt_cp,-25.405424
ATLAS_SIG_B_TOP100,6a92e7670262700013c4e5e9,ATLAS_SIG_B_TOP100,BRD-A44551378,LFM-A12,trt_cp,40.30264
ATLAS_SIG_B_TOP100,6a92e7670262700013c4e5e9,ATLAS_SIG_B_TOP100,BRD-A30655177,LFM-A13,trt_cp,32.559742
ATLAS_SIG_B_TOP100,6a92e7670262700013c4e5e9,ATLAS_SIG_B_TOP100,BRD-K52662033,lidocaine,trt_cp,-84.46893
ATLAS_SIG_B_TOP100,6a92e7670262700013c4e5e9,ATLAS_SIG_B_TOP100,BRD-K64044582,linoleamide,trt_cp,43.619278
ATLAS_SIG_B_TOP100,6a92e7670262700013c4e5e9,ATLAS_SIG_B_TOP100,BRD-K33396764,alpha-linolenic-acid,trt_cp,-25.443546
ATLAS_SIG_B_TOP100,6a92e7670262700013c4e5e9,ATLAS_SIG_B_TOP100,BRD-K96670504,lonidamine,trt_cp,-19.838577
ATLAS_SIG_B_TOP100,6a92e7670262700013c4e5e9,ATLAS_SIG_B_TOP100,BRD-K09416995,lovastatin,trt_cp,2.0436928
ATLAS_SIG_B_TOP100,6a92e7670262700013c4e5e9,ATLAS_SIG_B_TOP100,BRD-K33864865,LY-225910,trt_cp,-5.2110415
ATLAS_SIG_B_TOP100,6a92e7670262700013c4e5e9,ATLAS_SIG_B_TOP100,BRD-K24675965,LY-288513,trt_cp,-8.642786
ATLAS_SIG_B_TOP100,6a92e7670262700013c4e5e9,ATLAS_SIG_B_TOP100,BRD-K22385716,LY-303511,trt_cp,-72.03151
ATLAS_SIG_B_TOP100,6a92e7670262700013c4e5e9,ATLAS_SIG_B_TOP100,BRD-K78637815,LY-320135,trt_cp,2.0148978
ATLAS_SIG_B_TOP100,6a92e7670262700013c4e5e9,ATLAS_SIG_B_TOP100,BRD-K69763916,LY-341495,trt_cp,-5.8839583
ATLAS_SIG_B_TOP100,6a92e7670262700013c4e5e9,ATLAS_SIG_B_TOP100,BRD-K06234293,LY-364947,trt_cp,-47.234467
ATLAS_SIG_B_TOP100,6a92e7670262700013c4e5e9,ATLAS_SIG_B_TOP100,BRD-K13261168,quinelorane,trt_cp,27.417194
ATLAS_SIG_B_TOP100,6a92e7670262700013c4e5e9,ATLAS_SIG_B_TOP100,BRD-K14282469,LY-165163,trt_cp,-2.5248952
ATLAS_SIG_B_TOP100,6a92e7670262700013c4e5e9,ATLAS_SIG_B_TOP100,BRD-A12016240,LY-278584,trt_cp,-23.849854
ATLAS_SIG_B_TOP100,6a92e7670262700013c4e5e9,ATLAS_SIG_B_TOP100,BRD-K92492521,LY-255283,trt_cp,11.034178
ATLAS_SIG_B_TOP100,6a92e7670262700013c4e5e9,ATLAS_SIG_B_TOP100,BRD-K47328134,lysylphenylalanyl-tyrosine,trt_cp,-88.27896
ATLAS_SIG_B_TOP100,6a92e7670262700013c4e5e9,ATLAS_SIG_B_TOP100,BRD-K93460210,lamotrigine,trt_cp,1.0923185
ATLAS_SIG_B_TOP100,6a92e7670262700013c4e5e9,ATLAS_SIG_B_TOP100,BRD-K10207760,lasalocid,trt_cp,-25.181383
ATLAS_SIG_B_TOP100,6a92e7670262700013c4e5e9,ATLAS_SIG_B_TOP100,BRD-K78692225,leflunomide,trt_cp,92.74367
ATLAS_SIG_B_TOP100,6a92e7670262700013c4e5e9,ATLAS_SIG_B_TOP100,BRD-K24526313,levcromakalim,trt_cp,-1.303735
ATLAS_SIG_B_TOP100,6a92e7670262700013c4e5e9,ATLAS_SIG_B_TOP100,BRD-K62996583,lidoflazine,trt_cp,-0.7047216
ATLAS_SIG_B_TOP100,6a92e7670262700013c4e5e9,ATLAS_SIG_B_TOP100,BRD-K03384561,roquinimex,trt_cp,4.5454545
ATLAS_SIG_B_TOP100,6a92e7670262700013c4e5e9,ATLAS_SIG_B_TOP100,BRD-A59215453,lobelanidine,trt_cp,-26.498678
ATLAS_SIG_B_TOP100,6a92e7670262700013c4e5e9,ATLAS_SIG_B_TOP100,BRD-K28137194,loreclezole,trt_cp,-58.1252
ATLAS_SIG_B_TOP100,6a92e7670262700013c4e5e9,ATLAS_SIG_B_TOP100,BRD-K99411983,lumicolchicine,trt_cp,9.291586
ATLAS_SIG_B_TOP100,6a92e7670262700013c4e5e9,ATLAS_SIG_B_TOP100,BRD-K67013324,luzindole,trt_cp,-19.20387
ATLAS_SIG_B_TOP100,6a92e7670262700013c4e5e9,ATLAS_SIG_B_TOP100,BRD-K62289640,lylamine,trt_cp,16.607162
ATLAS_SIG_B_TOP100,6a92e7670262700013c4e5e9,ATLAS_SIG_B_TOP100,BRD-K27871032,lysergol,trt_cp,-1.1275547
ATLAS_SIG_B_TOP100,6a92e7670262700013c4e5e9,ATLAS_SIG_B_TOP100,BRD-K92138166,mammea-a,trt_cp,-0.7751938
ATLAS_SIG_B_TOP100,6a92e7670262700013c4e5e9,ATLAS_SIG_B_TOP100,BRD-K76274772,MAPP-D-erythro,trt_cp,29.302872
ATLAS_SIG_B_TOP100,6a92e7670262700013c4e5e9,ATLAS_SIG_B_TOP100,BRD-K09635134,L-erythro-MAPP,trt_cp,-18.328423
ATLAS_SIG_B_TOP100,6a92e7670262700013c4e5e9,ATLAS_SIG_B_TOP100,BRD-K25433859,maprotiline,trt_cp,21.942839
ATLAS_SIG_B_TOP100,6a92e7670262700013c4e5e9,ATLAS_SIG_B_TOP100,BRD-A85587465,bemesetron,trt_cp,1.7970402
ATLAS_SIG_B_TOP100,6a92e7670262700013c4e5e9,ATLAS_SIG_B_TOP100,BRD-A17453586,MDL-72832,trt_cp,15.680117
ATLAS_SIG_B_TOP100,6a92e7670262700013c4e5e9,ATLAS_SIG_B_TOP100,BRD-K43245338,MDL-28170,trt_cp,6.4447575
ATLAS_SIG_B_TOP100,6a92e7670262700013c4e5e9,ATLAS_SIG_B_TOP100,BRD-K84987553,MDM2-inhibitor,trt_cp,22.10353
ATLAS_SIG_B_TOP100,6a92e7670262700013c4e5e9,ATLAS_SIG_B_TOP100,BRD-K96144918,mead-acid,trt_cp,24.29583
ATLAS_SIG_B_TOP100,6a92e7670262700013c4e5e9,ATLAS_SIG_B_TOP100,BRD-K09764130,mead-ethanolamide,trt_cp,3.030303
ATLAS_SIG_B_TOP100,6a92e7670262700013c4e5e9,ATLAS_SIG_B_TOP100,BRD-A20126139,medrysone,trt_cp,1.6560959
ATLAS_SIG_B_TOP100,6a92e7670262700013c4e5e9,ATLAS_SIG_B_TOP100,BRD-A35989968,megestrol-acetate,trt_cp,37.87899
ATLAS_SIG_B_TOP100,6a92e7670262700013c4e5e9,ATLAS_SIG_B_TOP100,BRD-K12244279,MEK1-2-inhibitor,trt_cp,-29.543999
ATLAS_SIG_B_TOP100,6a92e7670262700013c4e5e9,ATLAS_SIG_B_TOP100,BRD-A14395271,mesoridazine,trt_cp,3.534175
ATLAS_SIG_B_TOP100,6a92e7670262700013c4e5e9,ATLAS_SIG_B_TOP100,BRD-A14798026,mestranol,trt_cp,2.8188865
ATLAS_SIG_B_TOP100,6a92e7670262700013c4e5e9,ATLAS_SIG_B_TOP100,BRD-A94709349,metaxalone,trt_cp,42.63596
ATLAS_SIG_B_TOP100,6a92e7670262700013c4e5e9,ATLAS_SIG_B_TOP100,BRD-A41145729,methoprene-acid,trt_cp,-9.909597
ATLAS_SIG_B_TOP100,6a92e7670262700013c4e5e9,ATLAS_SIG_B_TOP100,BRD-K14844937,BRD-K14844937,trt_cp,48.22891
ATLAS_SIG_B_TOP100,6a92e7670262700013c4e5e9,ATLAS_SIG_B_TOP100,BRD-K28680267,BRD-K28680267,trt_cp,-71.55618
ATLAS_SIG_B_TOP100,6a92e7670262700013c4e5e9,ATLAS_SIG_B_TOP100,BRD-K33193182,methylnorlichexanthone,trt_cp,-14.184134
ATLAS_SIG_B_TOP100,6a92e7670262700013c4e5e9,ATLAS_SIG_B_TOP100,BRD-K75641298,metoclopramide,trt_cp,5.0739956
ATLAS_SIG_B_TOP100,6a92e7670262700013c4e5e9,ATLAS_SIG_B_TOP100,BRD-A03623303,metoprolol,trt_cp,-2.2551093
ATLAS_SIG_B_TOP100,6a92e7670262700013c4e5e9,ATLAS_SIG_B_TOP100,BRD-K60230970,MG-132,trt_cp,57.64482
ATLAS_SIG_B_TOP100,6a92e7670262700013c4e5e9,ATLAS_SIG_B_TOP100,BRD-K06902185,minoxidil,trt_cp,-55.676
ATLAS_SIG_B_TOP100,6a92e7670262700013c4e5e9,ATLAS_SIG_B_TOP100,BRD-K95202259,ML-3163,trt_cp,-11.362823
ATLAS_SIG_B_TOP100,6a92e7670262700013c4e5e9,ATLAS_SIG_B_TOP100,BRD-K93201660,ML-7,trt_cp,28.20879
ATLAS_SIG_B_TOP100,6a92e7670262700013c4e5e9,ATLAS_SIG_B_TOP100,BRD-K53878242,MMPX,trt_cp,21.21707
ATLAS_SIG_B_TOP100,6a92e7670262700013c4e5e9,ATLAS_SIG_B_TOP100,BRD-K63151507,MNITMT,trt_cp,-6.5077696
ATLAS_SIG_B_TOP100,6a92e7670262700013c4e5e9,ATLAS_SIG_B_TOP100,BRD-A16332958,modafinil,trt_cp,6.758771
ATLAS_SIG_B_TOP100,6a92e7670262700013c4e5e9,ATLAS_SIG_B_TOP100,BRD-K87696786,LY-456236,trt_cp,-16.076168
ATLAS_SIG_B_TOP100,6a92e7670262700013c4e5e9,ATLAS_SIG_B_TOP100,BRD-A30590053,MR-16728,trt_cp,-34.16811
ATLAS_SIG_B_TOP100,6a92e7670262700013c4e5e9,ATLAS_SIG_B_TOP100,BRD-K37618799,MRS-1220,trt_cp,-43.39675
ATLAS_SIG_B_TOP100,6a92e7670262700013c4e5e9,ATLAS_SIG_B_TOP100,BRD-K72024482,MRS-1754,trt_cp,-23.59489
ATLAS_SIG_B_TOP100,6a92e7670262700013c4e5e9,ATLAS_SIG_B_TOP100,BRD-A32949107,MRS-1845,trt_cp,4.9682875
ATLAS_SIG_B_TOP100,6a92e7670262700013c4e5e9,ATLAS_SIG_B_TOP100,BRD-A99449986,MT-21,trt_cp,1.1453061
ATLAS_SIG_B_TOP100,6a92e7670262700013c4e5e9,ATLAS_SIG_B_TOP100,BRD-K90524085,MY-5445,trt_cp,3.020643
ATLAS_SIG_B_TOP100,6a92e7670262700013c4e5e9,ATLAS_SIG_B_TOP100,BRD-K92428153,mycophenolate-mofetil,trt_cp,-13.803356
ATLAS_SIG_B_TOP100,6a92e7670262700013c4e5e9,ATLAS_SIG_B_TOP100,BRD-K38477985,malonoben,trt_cp,-6.1497946
ATLAS_SIG_B_TOP100,6a92e7670262700013c4e5e9,ATLAS_SIG_B_TOP100,BRD-A45140972,meclocycline,trt_cp,3.3629298
ATLAS_SIG_B_TOP100,6a92e7670262700013c4e5e9,ATLAS_SIG_B_TOP100,BRD-K92984783,melperone,trt_cp,-62.51078
ATLAS_SIG_B_TOP100,6a92e7670262700013c4e5e9,ATLAS_SIG_B_TOP100,BRD-A02710418,meptazinol,trt_cp,-27.789557
ATLAS_SIG_B_TOP100,6a92e7670262700013c4e5e9,ATLAS_SIG_B_TOP100,BRD-K56699285,metergoline,trt_cp,35.7046
ATLAS_SIG_B_TOP100,6a92e7670262700013c4e5e9,ATLAS_SIG_B_TOP100,BRD-K09859624,methantheline,trt_cp,-93.90965
ATLAS_SIG_B_TOP100,6a92e7670262700013c4e5e9,ATLAS_SIG_B_TOP100,BRD-A63667919,methylergometrine,trt_cp,32.135044
ATLAS_SIG_B_TOP100,6a92e7670262700013c4e5e9,ATLAS_SIG_B_TOP100,BRD-A32164164,methyllycaconitine,trt_cp,-41.552067
ATLAS_SIG_B_TOP100,6a92e7670262700013c4e5e9,ATLAS_SIG_B_TOP100,BRD-A98725278,methysergide,trt_cp,-32.92247
ATLAS_SIG_B_TOP100,6a92e7670262700013c4e5e9,ATLAS_SIG_B_TOP100,BRD-K94441233,mevastatin,trt_cp,87.07694
ATLAS_SIG_B_TOP100,6a92e7670262700013c4e5e9,ATLAS_SIG_B_TOP100,BRD-A19661776,mianserin,trt_cp,-4.5401363
ATLAS_SIG_B_TOP100,6a92e7670262700013c4e5e9,ATLAS_SIG_B_TOP100,BRD-K09549677,mibefradil,trt_cp,54.71769
ATLAS_SIG_B_TOP100,6a92e7670262700013c4e5e9,ATLAS_SIG_B_TOP100,BRD-A44780397,mifepristone,trt_cp,23.898369
ATLAS_SIG_B_TOP100,6a92e7670262700013c4e5e9,ATLAS_SIG_B_TOP100,BRD-K37270826,mifepristone,trt_cp,-0.66948557
ATLAS_SIG_B_TOP100,6a92e7670262700013c4e5e9,ATLAS_SIG_B_TOP100,BRD-K34441861,moexipril,trt_cp,-46.457344
ATLAS_SIG_B_TOP100,6a92e7670262700013c4e5e9,ATLAS_SIG_B_TOP100,BRD-K60640630,mometasone,trt_cp,-9.345024
ATLAS_SIG_B_TOP100,6a92e7670262700013c4e5e9,ATLAS_SIG_B_TOP100,BRD-A78377521,monastrol,trt_cp,3.2533574
ATLAS_SIG_B_TOP100,6a92e7670262700013c4e5e9,ATLAS_SIG_B_TOP100,BRD-K77771411,moxonidine,trt_cp,15.254639
ATLAS_SIG_B_TOP100,6a92e7670262700013c4e5e9,ATLAS_SIG_B_TOP100,BRD-K40990712,hexamethyleneamiloride,trt_cp,0.0
ATLAS_SIG_B_TOP100,6a92e7670262700013c4e5e9,ATLAS_SIG_B_TOP100,BRD-K44899736,Ro-16-6941,trt_cp,1.524074
ATLAS_SIG_B_TOP100,6a92e7670262700013c4e5e9,ATLAS_SIG_B_TOP100,BRD-K06024458,N-arachidonyl-GABA,trt_cp,-36.093826
ATLAS_SIG_B_TOP100,6a92e7670262700013c4e5e9,ATLAS_SIG_B_TOP100,BRD-K10042277,desmethylclozapine,trt_cp,-2.3255813
ATLAS_SIG_B_TOP100,6a92e7670262700013c4e5e9,ATLAS_SIG_B_TOP100,BRD-K60060639,N-methyllidocaine-iodide,trt_cp,23.775366
ATLAS_SIG_B_TOP100,6a92e7670262700013c4e5e9,ATLAS_SIG_B_TOP100,BRD-K17693482,BRD-K17693482,trt_cp,-17.823586
ATLAS_SIG_B_TOP100,6a92e7670262700013c4e5e9,ATLAS_SIG_B_TOP100,BRD-K71726959,BRD-K71726959,trt_cp,-3.488372
ATLAS_SIG_B_TOP100,6a92e7670262700013c4e5e9,ATLAS_SIG_B_TOP100,BRD-A92651262,nalbuphine,trt_cp,-4.863027
ATLAS_SIG_B_TOP100,6a92e7670262700013c4e5e9,ATLAS_SIG_B_TOP100,BRD-A70461345,naloxone,trt_cp,-65.14291
ATLAS_SIG_B_TOP100,6a92e7670262700013c4e5e9,ATLAS_SIG_B_TOP100,BRD-K69195780,NAN-190,trt_cp,22.710325
ATLAS_SIG_B_TOP100,6a92e7670262700013c4e5e9,ATLAS_SIG_B_TOP100,BRD-A23683907,NAS-181,trt_cp,29.613285
ATLAS_SIG_B_TOP100,6a92e7670262700013c4e5e9,ATLAS_SIG_B_TOP100,BRD-K84658672,nateglinide,trt_cp,0.0
ATLAS_SIG_B_TOP100,6a92e7670262700013c4e5e9,ATLAS_SIG_B_TOP100,BRD-K61177364,NBI-27914,trt_cp,-2.3608174
ATLAS_SIG_B_TOP100,6a92e7670262700013c4e5e9,ATLAS_SIG_B_TOP100,BRD-A67433117,NCS-382,trt_cp,18.069992
ATLAS_SIG_B_TOP100,6a92e7670262700013c4e5e9,ATLAS_SIG_B_TOP100,BRD-A35338386,NECA,trt_cp,-55.805313
ATLAS_SIG_B_TOP100,6a92e7670262700013c4e5e9,ATLAS_SIG_B_TOP100,BRD-A78877355,nefopam,trt_cp,25.031006
ATLAS_SIG_B_TOP100,6a92e7670262700013c4e5e9,ATLAS_SIG_B_TOP100,BRD-K05181084,NGB-2904,trt_cp,16.099161
ATLAS_SIG_B_TOP100,6a92e7670262700013c4e5e9,ATLAS_SIG_B_TOP100,BRD-A62336480,niguldipine,trt_cp,15.248781
ATLAS_SIG_B_TOP100,6a92e7670262700013c4e5e9,ATLAS_SIG_B_TOP100,BRD-K23566484,nilutamide,trt_cp,-83.79942
ATLAS_SIG_B_TOP100,6a92e7670262700013c4e5e9,ATLAS_SIG_B_TOP100,BRD-K73589491,nizatidine,trt_cp,-86.64081
ATLAS_SIG_B_TOP100,6a92e7670262700013c4e5e9,ATLAS_SIG_B_TOP100,BRD-K85015012,NNC-05-2090,trt_cp,28.766262
ATLAS_SIG_B_TOP100,6a92e7670262700013c4e5e9,ATLAS_SIG_B_TOP100,BRD-K08438429,BRD-K08438429,trt_cp,35.975796
ATLAS_SIG_B_TOP100,6a92e7670262700013c4e5e9,ATLAS_SIG_B_TOP100,BRD-K78122587,NNC-55-0396,trt_cp,5.250164
ATLAS_SIG_B_TOP100,6a92e7670262700013c4e5e9,ATLAS_SIG_B_TOP100,BRD-K36009368,NNC-63-0532,trt_cp,-0.5637773
ATLAS_SIG_B_TOP100,6a92e7670262700013c4e5e9,ATLAS_SIG_B_TOP100,BRD-K42221274,NNC-711,trt_cp,47.07831
ATLAS_SIG_B_TOP100,6a92e7670262700013c4e5e9,ATLAS_SIG_B_TOP100,BRD-K06753942,nobiletin,trt_cp,-4.792107
ATLAS_SIG_B_TOP100,6a92e7670262700013c4e5e9,ATLAS_SIG_B_TOP100,BRD-A09161221,nomilin,trt_cp,13.490578
ATLAS_SIG_B_TOP100,6a92e7670262700013c4e5e9,ATLAS_SIG_B_TOP100,BRD-K88625236,nonoxynol-9,trt_cp,29.725544
ATLAS_SIG_B_TOP100,6a92e7670262700013c4e5e9,ATLAS_SIG_B_TOP100,BRD-K32696739,noreleagnine,trt_cp,-19.274137
ATLAS_SIG_B_TOP100,6a92e7670262700013c4e5e9,ATLAS_SIG_B_TOP100,BRD-A39415247,norethisterone,trt_cp,9.271772
ATLAS_SIG_B_TOP100,6a92e7670262700013c4e5e9,ATLAS_SIG_B_TOP100,BRD-A00758722,noretynodrel,trt_cp,90.240395
ATLAS_SIG_B_TOP100,6a92e7670262700013c4e5e9,ATLAS_SIG_B_TOP100,BRD-A50928468,norgestrel,trt_cp,14.51918
ATLAS_SIG_B_TOP100,6a92e7670262700013c4e5e9,ATLAS_SIG_B_TOP100,BRD-K91301684,noscapine,trt_cp,8.8229475
ATLAS_SIG_B_TOP100,6a92e7670262700013c4e5e9,ATLAS_SIG_B_TOP100,BRD-A47633927,NPC-15199,trt_cp,3.1551523
ATLAS_SIG_B_TOP100,6a92e7670262700013c4e5e9,ATLAS_SIG_B_TOP100,BRD-K13169950,NSC-3852,trt_cp,40.002457
ATLAS_SIG_B_TOP100,6a92e7670262700013c4e5e9,ATLAS_SIG_B_TOP100,BRD-K37392901,NSC-632839,trt_cp,22.122711
ATLAS_SIG_B_TOP100,6a92e7670262700013c4e5e9,ATLAS_SIG_B_TOP100,BRD-K31268420,NSC-693868,trt_cp,-8.627221
ATLAS_SIG_B_TOP100,6a92e7670262700013c4e5e9,ATLAS_SIG_B_TOP100,BRD-A94413429,NTNCB,trt_cp,6.5442204
ATLAS_SIG_B_TOP100,6a92e7670262700013c4e5e9,ATLAS_SIG_B_TOP100,BRD-K10136726,tosyllysyl-chloromethyl-ketone,trt_cp,-10.793091
ATLAS_SIG_B_TOP100,6a92e7670262700013c4e5e9,ATLAS_SIG_B_TOP100,BRD-A97454584,nadolol,trt_cp,-35.551544
ATLAS_SIG_B_TOP100,6a92e7670262700013c4e5e9,ATLAS_SIG_B_TOP100,BRD-A71262238,nafadotride,trt_cp,33.392452
ATLAS_SIG_B_TOP100,6a92e7670262700013c4e5e9,ATLAS_SIG_B_TOP100,BRD-K18574842,nafcillin,trt_cp,-13.832986
ATLAS_SIG_B_TOP100,6a92e7670262700013c4e5e9,ATLAS_SIG_B_TOP100,BRD-K74141488,naftifine,trt_cp,-4.5454545
ATLAS_SIG_B_TOP100,6a92e7670262700013c4e5e9,ATLAS_SIG_B_TOP100,BRD-A41833852,naloxone,trt_cp,43.69456
ATLAS_SIG_B_TOP100,6a92e7670262700013c4e5e9,ATLAS_SIG_B_TOP100,BRD-A21723284,naltriben,trt_cp,-0.7399577
ATLAS_SIG_B_TOP100,6a92e7670262700013c4e5e9,ATLAS_SIG_B_TOP100,BRD-A82656074,naltrindole,trt_cp,33.1075
ATLAS_SIG_B_TOP100,6a92e7670262700013c4e5e9,ATLAS_SIG_B_TOP100,BRD-A87719232,naproxen,trt_cp,4.580691
ATLAS_SIG_B_TOP100,6a92e7670262700013c4e5e9,ATLAS_SIG_B_TOP100,BRD-A36318220,necrostatin-1,trt_cp,-3.4035156
ATLAS_SIG_B_TOP100,6a92e7670262700013c4e5e9,ATLAS_SIG_B_TOP100,BRD-K90789829,nefazodone,trt_cp,13.676546
ATLAS_SIG_B_TOP100,6a92e7670262700013c4e5e9,ATLAS_SIG_B_TOP100,BRD-A66927094,nemonapride,trt_cp,42.245438
ATLAS_SIG_B_TOP100,6a92e7670262700013c4e5e9,ATLAS_SIG_B_TOP100,BRD-A00100033,nifurtimox,trt_cp,-11.371738
ATLAS_SIG_B_TOP100,6a92e7670262700013c4e5e9,ATLAS_SIG_B_TOP100,BRD-K76775527,nimesulide,trt_cp,40.446053
ATLAS_SIG_B_TOP100,6a92e7670262700013c4e5e9,ATLAS_SIG_B_TOP100,BRD-A95696066,nisoxetine,trt_cp,3.030303
ATLAS_SIG_B_TOP100,6a92e7670262700013c4e5e9,ATLAS_SIG_B_TOP100,BRD-K28453807,nitrocaramiphen,trt_cp,-2.995067
ATLAS_SIG_B_TOP100,6a92e7670262700013c4e5e9,ATLAS_SIG_B_TOP100,BRD-K46652470,nizatidine,trt_cp,-15.810411
ATLAS_SIG_B_TOP100,6a92e7670262700013c4e5e9,ATLAS_SIG_B_TOP100,BRD-K27351809,nomegestrol-acetate,trt_cp,-8.865608
ATLAS_SIG_B_TOP100,6a92e7670262700013c4e5e9,ATLAS_SIG_B_TOP100,BRD-K63165456,norcyclobenzaprine,trt_cp,0.6370741
ATLAS_SIG_B_TOP100,6a92e7670262700013c4e5e9,ATLAS_SIG_B_TOP100,BRD-K80334323,noretynodrel,trt_cp,40.532757
ATLAS_SIG_B_TOP100,6a92e7670262700013c4e5e9,ATLAS_SIG_B_TOP100,BRD-K35189033,levonorgestrel,trt_cp,34.390926
ATLAS_SIG_B_TOP100,6a92e7670262700013c4e5e9,ATLAS_SIG_B_TOP100,BRD-A10355991,norketamine,trt_cp,-3.1007752
ATLAS_SIG_B_TOP100,6a92e7670262700013c4e5e9,ATLAS_SIG_B_TOP100,BRD-A51393488,noscapine,trt_cp,-53.56192
ATLAS_SIG_B_TOP100,6a92e7670262700013c4e5e9,ATLAS_SIG_B_TOP100,BRD-K18316707,O-1918,trt_cp,16.15969
ATLAS_SIG_B_TOP100,6a92e7670262700013c4e5e9,ATLAS_SIG_B_TOP100,BRD-K02590140,O-2050,trt_cp,55.10707
ATLAS_SIG_B_TOP100,6a92e7670262700013c4e5e9,ATLAS_SIG_B_TOP100,BRD-K48029790,OBAA,trt_cp,28.556566
ATLAS_SIG_B_TOP100,6a92e7670262700013c4e5e9,ATLAS_SIG_B_TOP100,BRD-K85318537,OBAA,trt_cp,7.6814656
ATLAS_SIG_B_TOP100,6a92e7670262700013c4e5e9,ATLAS_SIG_B_TOP100,BRD-K26015241,ODQ,trt_cp,11.984414
ATLAS_SIG_B_TOP100,6a92e7670262700013c4e5e9,ATLAS_SIG_B_TOP100,BRD-A41112154,oleanolic-acid,trt_cp,16.599663
ATLAS_SIG_B_TOP100,6a92e7670262700013c4e5e9,ATLAS_SIG_B_TOP100,BRD-A39522003,OMDM-2,trt_cp,3.6921637
ATLAS_SIG_B_TOP100,6a92e7670262700013c4e5e9,ATLAS_SIG_B_TOP100,BRD-A55962179,omeprazole,trt_cp,-13.573585
ATLAS_SIG_B_TOP100,6a92e7670262700013c4e5e9,ATLAS_SIG_B_TOP100,BRD-A53576514,orphenadrine,trt_cp,16.132835
ATLAS_SIG_B_TOP100,6a92e7670262700013c4e5e9,ATLAS_SIG_B_TOP100,BRD-K59037100,oxybenzone,trt_cp,16.473131
ATLAS_SIG_B_TOP100,6a92e7670262700013c4e5e9,ATLAS_SIG_B_TOP100,BRD-K82731415,olomoucine,trt_cp,-41.275345
ATLAS_SIG_B_TOP100,6a92e7670262700013c4e5e9,ATLAS_SIG_B_TOP100,BRD-K86958018,olvanil,trt_cp,43.651615
ATLAS_SIG_B_TOP100,6a92e7670262700013c4e5e9,ATLAS_SIG_B_TOP100,BRD-K51816706,oxindole-I,trt_cp,25.253262
ATLAS_SIG_B_TOP100,6a92e7670262700013c4e5e9,ATLAS_SIG_B_TOP100,BRD-K16195444,oxymetazoline,trt_cp,-10.878237
ATLAS_SIG_B_TOP100,6a92e7670262700013c4e5e9,ATLAS_SIG_B_TOP100,BRD-K19525698,ozagrel,trt_cp,-57.99302
ATLAS_SIG_B_TOP100,6a92e7670262700013c4e5e9,ATLAS_SIG_B_TOP100,BRD-K00206590,P-1075,trt_cp,-28.362492
ATLAS_SIG_B_TOP100,6a92e7670262700013c4e5e9,ATLAS_SIG_B_TOP100,BRD-A22380646,pantoprazole,trt_cp,-83.76643
ATLAS_SIG_B_TOP100,6a92e7670262700013c4e5e9,ATLAS_SIG_B_TOP100,BRD-K15567136,papaverine,trt_cp,12.229342
ATLAS_SIG_B_TOP100,6a92e7670262700013c4e5e9,ATLAS_SIG_B_TOP100,BRD-K40992116,parachlorophenol,trt_cp,37.14048
ATLAS_SIG_B_TOP100,6a92e7670262700013c4e5e9,ATLAS_SIG_B_TOP100,BRD-K83597974,pargyline,trt_cp,-3.864361
ATLAS_SIG_B_TOP100,6a92e7670262700013c4e5e9,ATLAS_SIG_B_TOP100,BRD-A29289453,PCA-4248,trt_cp,-0.9161381
ATLAS_SIG_B_TOP100,6a92e7670262700013c4e5e9,ATLAS_SIG_B_TOP100,BRD-K52721684,PCO-400,trt_cp,-10.332004
ATLAS_SIG_B_TOP100,6a92e7670262700013c4e5e9,ATLAS_SIG_B_TOP100,BRD-A89337244,PD-102807,trt_cp,2.0570214
ATLAS_SIG_B_TOP100,6a92e7670262700013c4e5e9,ATLAS_SIG_B_TOP100,BRD-A63836183,PD-123319,trt_cp,-21.306643
ATLAS_SIG_B_TOP100,6a92e7670262700013c4e5e9,ATLAS_SIG_B_TOP100,BRD-K12079898,PD-160170,trt_cp,
ATLAS_SIG_B_TOP100,6a92e7670262700013c4e5e9,ATLAS_SIG_B_TOP100,BRD-A75478957,PD-166793,trt_cp,-4.580691
ATLAS_SIG_B_TOP100,6a92e7670262700013c4e5e9,ATLAS_SIG_B_TOP100,BRD-K77133231,PD-169316,trt_cp,-69.04251
ATLAS_SIG_B_TOP100,6a92e7670262700013c4e5e9,ATLAS_SIG_B_TOP100,BRD-K88677950,PD-198306,trt_cp,-72.456375
ATLAS_SIG_B_TOP100,6a92e7670262700013c4e5e9,ATLAS_SIG_B_TOP100,BRD-K82823804,PD-407824,trt_cp,5.561493
ATLAS_SIG_B_TOP100,6a92e7670262700013c4e5e9,ATLAS_SIG_B_TOP100,BRD-K27665173,D-64406,trt_cp,-11.862955
ATLAS_SIG_B_TOP100,6a92e7670262700013c4e5e9,ATLAS_SIG_B_TOP100,BRD-K15409150,penfluridol,trt_cp,5.179704
ATLAS_SIG_B_TOP100,6a92e7670262700013c4e5e9,ATLAS_SIG_B_TOP100,BRD-K57569181,pentoxifylline,trt_cp,-11.528463
ATLAS_SIG_B_TOP100,6a92e7670262700013c4e5e9,ATLAS_SIG_B_TOP100,BRD-K57718010,pentylenetetrazol,trt_cp,8.280479
ATLAS_SIG_B_TOP100,6a92e7670262700013c4e5e9,ATLAS_SIG_B_TOP100,BRD-K72034655,peucedanin,trt_cp,-21.231285
ATLAS_SIG_B_TOP100,6a92e7670262700013c4e5e9,ATLAS_SIG_B_TOP100,BRD-A70268693,PG-9,trt_cp,-11.596447
ATLAS_SIG_B_TOP100,6a92e7670262700013c4e5e9,ATLAS_SIG_B_TOP100,BRD-K95435023,PHA-665752,trt_cp,43.93414
ATLAS_SIG_B_TOP100,6a92e7670262700013c4e5e9,ATLAS_SIG_B_TOP100,BRD-K90333595,phentolamine,trt_cp,-12.187764
ATLAS_SIG_B_TOP100,6a92e7670262700013c4e5e9,ATLAS_SIG_B_TOP100,BRD-K74112339,acetohydroxamic-acid,trt_cp,7.0764832
ATLAS_SIG_B_TOP100,6a92e7670262700013c4e5e9,ATLAS_SIG_B_TOP100,BRD-K10843433,phenylbutazone,trt_cp,31.152353
ATLAS_SIG_B_TOP100,6a92e7670262700013c4e5e9,ATLAS_SIG_B_TOP100,BRD-K76568384,PHTPP,trt_cp,-40.98928
ATLAS_SIG_B_TOP100,6a92e7670262700013c4e5e9,ATLAS_SIG_B_TOP100,BRD-K97365803,PI-828,trt_cp,0.0
ATLAS_SIG_B_TOP100,6a92e7670262700013c4e5e9,ATLAS_SIG_B_TOP100,BRD-K91509126,piceatannol,trt_cp,9.983641
ATLAS_SIG_B_TOP100,6a92e7670262700013c4e5e9,ATLAS_SIG_B_TOP100,BRD-A43882281,pinacidil,trt_cp,16.732706
ATLAS_SIG_B_TOP100,6a92e7670262700013c4e5e9,ATLAS_SIG_B_TOP100,BRD-K94689771,pinocembrin,trt_cp,11.710216
ATLAS_SIG_B_TOP100,6a92e7670262700013c4e5e9,ATLAS_SIG_B_TOP100,BRD-K89375097,pirenzepine,trt_cp,20.851162
ATLAS_SIG_B_TOP100,6a92e7670262700013c4e5e9,ATLAS_SIG_B_TOP100,BRD-K43978949,PIT,trt_cp,-4.5027347
ATLAS_SIG_B_TOP100,6a92e7670262700013c4e5e9,ATLAS_SIG_B_TOP100,BRD-A41451487,PK-11195,trt_cp,-0.31712472
ATLAS_SIG_B_TOP100,6a92e7670262700013c4e5e9,ATLAS_SIG_B_TOP100,BRD-K13646352,midostaurin,trt_cp,12.392539
ATLAS_SIG_B_TOP100,6a92e7670262700013c4e5e9,ATLAS_SIG_B_TOP100,BRD-K71731651,PNU-120596,trt_cp,-13.077063
ATLAS_SIG_B_TOP100,6a92e7670262700013c4e5e9,ATLAS_SIG_B_TOP100,BRD-K16551401,PNU-22394,trt_cp,-43.88552
ATLAS_SIG_B_TOP100,6a92e7670262700013c4e5e9,ATLAS_SIG_B_TOP100,BRD-K28863208,PNU-282987,trt_cp,-6.5798984
ATLAS_SIG_B_TOP100,6a92e7670262700013c4e5e9,ATLAS_SIG_B_TOP100,BRD-A95096829,PNU-96415E,trt_cp,10.939663
ATLAS_SIG_B_TOP100,6a92e7670262700013c4e5e9,ATLAS_SIG_B_TOP100,BRD-K47598052,PP-1,trt_cp,1.0570824
ATLAS_SIG_B_TOP100,6a92e7670262700013c4e5e9,ATLAS_SIG_B_TOP100,BRD-K95785537,PP-2,trt_cp,-11.6041975
ATLAS_SIG_B_TOP100,6a92e7670262700013c4e5e9,ATLAS_SIG_B_TOP100,BRD-K16977723,PP-3,trt_cp,-17.984653
ATLAS_SIG_B_TOP100,6a92e7670262700013c4e5e9,ATLAS_SIG_B_TOP100,BRD-K00312224,PPT,trt_cp,-10.947301
ATLAS_SIG_B_TOP100,6a92e7670262700013c4e5e9,ATLAS_SIG_B_TOP100,BRD-K67537649,PQ-401,trt_cp,2.5369978
ATLAS_SIG_B_TOP100,6a92e7670262700013c4e5e9,ATLAS_SIG_B_TOP100,BRD-A71816415,pravastatin,trt_cp,22.766397
ATLAS_SIG_B_TOP100,6a92e7670262700013c4e5e9,ATLAS_SIG_B_TOP100,BRD-K72029282,probucol,trt_cp,15.73231
ATLAS_SIG_B_TOP100,6a92e7670262700013c4e5e9,ATLAS_SIG_B_TOP100,BRD-K99029477,prometon,trt_cp,0.5003574
ATLAS_SIG_B_TOP100,6a92e7670262700013c4e5e9,ATLAS_SIG_B_TOP100,BRD-A26334849,propafenone,trt_cp,10.894638
ATLAS_SIG_B_TOP100,6a92e7670262700013c4e5e9,ATLAS_SIG_B_TOP100,BRD-K82255054,propofol,trt_cp,-5.743481
ATLAS_SIG_B_TOP100,6a92e7670262700013c4e5e9,ATLAS_SIG_B_TOP100,BRD-K85242180,beta-CCP,trt_cp,12.073347
ATLAS_SIG_B_TOP100,6a92e7670262700013c4e5e9,ATLAS_SIG_B_TOP100,BRD-K04010869,prostaglandin-a1,trt_cp,-12.389999
ATLAS_SIG_B_TOP100,6a92e7670262700013c4e5e9,ATLAS_SIG_B_TOP100,BRD-K82865713,prostaglandin-b2,trt_cp,-35.39823
ATLAS_SIG_B_TOP100,6a92e7670262700013c4e5e9,ATLAS_SIG_B_TOP100,BRD-K97863768,prothionamide,trt_cp,34.05393
ATLAS_SIG_B_TOP100,6a92e7670262700013c4e5e9,ATLAS_SIG_B_TOP100,BRD-K57546357,prunetin,trt_cp,0.0
ATLAS_SIG_B_TOP100,6a92e7670262700013c4e5e9,ATLAS_SIG_B_TOP100,BRD-K10177585,PSB-11,trt_cp,46.00045
ATLAS_SIG_B_TOP100,6a92e7670262700013c4e5e9,ATLAS_SIG_B_TOP100,BRD-K84175871,pseudoephedrine,trt_cp,-18.180683
ATLAS_SIG_B_TOP100,6a92e7670262700013c4e5e9,ATLAS_SIG_B_TOP100,BRD-K04170657,psoromic-acid,trt_cp,-55.383244
ATLAS_SIG_B_TOP100,6a92e7670262700013c4e5e9,ATLAS_SIG_B_TOP100,BRD-A28970875,puromycin,trt_cp,3.3121917
ATLAS_SIG_B_TOP100,6a92e7670262700013c4e5e9,ATLAS_SIG_B_TOP100,BRD-K97564742,mepyramine,trt_cp,-12.441508
ATLAS_SIG_B_TOP100,6a92e7670262700013c4e5e9,ATLAS_SIG_B_TOP100,BRD-K88429204,pyrimethamine,trt_cp,-40.721493
ATLAS_SIG_B_TOP100,6a92e7670262700013c4e5e9,ATLAS_SIG_B_TOP100,BRD-K68095457,palmitoylethanolamide,trt_cp,-3.453136
ATLAS_SIG_B_TOP100,6a92e7670262700013c4e5e9,ATLAS_SIG_B_TOP100,BRD-K11163873,phenanthridone,trt_cp,-9.116441
ATLAS_SIG_B_TOP100,6a92e7670262700013c4e5e9,ATLAS_SIG_B_TOP100,BRD-K11399644,phenformin,trt_cp,-16.837622
ATLAS_SIG_B_TOP100,6a92e7670262700013c4e5e9,ATLAS_SIG_B_TOP100,BRD-K68873215,phosphodiesterase-V-inhibitor-II,trt_cp,44.286064
ATLAS_SIG_B_TOP100,6a92e7670262700013c4e5e9,ATLAS_SIG_B_TOP100,BRD-K26241953,piceatannol,trt_cp,20.962809
ATLAS_SIG_B_TOP100,6a92e7670262700013c4e5e9,ATLAS_SIG_B_TOP100,BRD-K67277431,picotamide,trt_cp,1.2684989
ATLAS_SIG_B_TOP100,6a92e7670262700013c4e5e9,ATLAS_SIG_B_TOP100,BRD-A37817666,picrotoxin,trt_cp,-64.13039
ATLAS_SIG_B_TOP100,6a92e7670262700013c4e5e9,ATLAS_SIG_B_TOP100,BRD-K66874953,pifithrin-alpha,trt_cp,6.3355036
ATLAS_SIG_B_TOP100,6a92e7670262700013c4e5e9,ATLAS_SIG_B_TOP100,BRD-K31792052,pifithrin,trt_cp,-39.911304
ATLAS_SIG_B_TOP100,6a92e7670262700013c4e5e9,ATLAS_SIG_B_TOP100,BRD-A58207013,pinacidil,trt_cp,2.2903454
ATLAS_SIG_B_TOP100,6a92e7670262700013c4e5e9,ATLAS_SIG_B_TOP100,BRD-K16277217,piperacetazine,trt_cp,6.2274017
ATLAS_SIG_B_TOP100,6a92e7670262700013c4e5e9,ATLAS_SIG_B_TOP100,BRD-K87990216,piretanide,trt_cp,-0.28188866
ATLAS_SIG_B_TOP100,6a92e7670262700013c4e5e9,ATLAS_SIG_B_TOP100,BRD-K96862998,pirfenidone,trt_cp,-23.281265
ATLAS_SIG_B_TOP100,6a92e7670262700013c4e5e9,ATLAS_SIG_B_TOP100,BRD-K60511616,pravastatin,trt_cp,-26.212505
ATLAS_SIG_B_TOP100,6a92e7670262700013c4e5e9,ATLAS_SIG_B_TOP100,BRD-K39356024,pregnenolone,trt_cp,6.0870266
ATLAS_SIG_B_TOP100,6a92e7670262700013c4e5e9,ATLAS_SIG_B_TOP100,BRD-A22684332,procaterol,trt_cp,27.817978
ATLAS_SIG_B_TOP100,6a92e7670262700013c4e5e9,ATLAS_SIG_B_TOP100,BRD-K64994968,progesterone,trt_cp,24.944958
ATLAS_SIG_B_TOP100,6a92e7670262700013c4e5e9,ATLAS_SIG_B_TOP100,BRD-K18250272,propoxycaine,trt_cp,-38.969124
ATLAS_SIG_B_TOP100,6a92e7670262700013c4e5e9,ATLAS_SIG_B_TOP100,BRD-K26521938,dinoprostone,trt_cp,-15.081528
ATLAS_SIG_B_TOP100,6a92e7670262700013c4e5e9,ATLAS_SIG_B_TOP100,BRD-K77171813,proxyfan,trt_cp,-50.090206
ATLAS_SIG_B_TOP100,6a92e7670262700013c4e5e9,ATLAS_SIG_B_TOP100,BRD-A19053259,pseudopelletierine,trt_cp,24.590504
ATLAS_SIG_B_TOP100,6a92e7670262700013c4e5e9,ATLAS_SIG_B_TOP100,BRD-K73397362,purmorphamine,trt_cp,0.5637773
ATLAS_SIG_B_TOP100,6a92e7670262700013c4e5e9,ATLAS_SIG_B_TOP100,BRD-K36007650,puromycin,trt_cp,-3.2639322
ATLAS_SIG_B_TOP100,6a92e7670262700013c4e5e9,ATLAS_SIG_B_TOP100,BRD-K80970344,pyrrolidine-dithiocarbamate,trt_cp,13.857103
ATLAS_SIG_B_TOP100,6a92e7670262700013c4e5e9,ATLAS_SIG_B_TOP100,BRD-K59632282,quinidine,trt_cp,-12.996459
ATLAS_SIG_B_TOP100,6a92e7670262700013c4e5e9,ATLAS_SIG_B_TOP100,BRD-K56596464,QX-314,trt_cp,-60.439064
ATLAS_SIG_B_TOP100,6a92e7670262700013c4e5e9,ATLAS_SIG_B_TOP100,BRD-K97399794,quercetin,trt_cp,-1.4723386
ATLAS_SIG_B_TOP100,6a92e7670262700013c4e5e9,ATLAS_SIG_B_TOP100,BRD-K70799801,quinidine,trt_cp,49.573475
ATLAS_SIG_B_TOP100,6a92e7670262700013c4e5e9,ATLAS_SIG_B_TOP100,BRD-K84421793,BRD-K84421793,trt_cp,0.5990134
ATLAS_SIG_B_TOP100,6a92e7670262700013c4e5e9,ATLAS_SIG_B_TOP100,BRD-K39187410,BRD-K39187410,trt_cp,-76.64527
ATLAS_SIG_B_TOP100,6a92e7670262700013c4e5e9,ATLAS_SIG_B_TOP100,BRD-K32412559,morphothebaine,trt_cp,-36.97666
ATLAS_SIG_B_TOP100,6a92e7670262700013c4e5e9,ATLAS_SIG_B_TOP100,BRD-K15588452,R-96544,trt_cp,-33.61164
ATLAS_SIG_B_TOP100,6a92e7670262700013c4e5e9,ATLAS_SIG_B_TOP100,BRD-K70505054,ranitidine,trt_cp,-2.5369978
ATLAS_SIG_B_TOP100,6a92e7670262700013c4e5e9,ATLAS_SIG_B_TOP100,BRD-A97674275,ranolazine,trt_cp,-12.796988
ATLAS_SIG_B_TOP100,6a92e7670262700013c4e5e9,ATLAS_SIG_B_TOP100,BRD-K95921201,reserpine,trt_cp,-40.84658
ATLAS_SIG_B_TOP100,6a92e7670262700013c4e5e9,ATLAS_SIG_B_TOP100,BRD-A68281735,REV-5901,trt_cp,0.0
ATLAS_SIG_B_TOP100,6a92e7670262700013c4e5e9,ATLAS_SIG_B_TOP100,BRD-K82688027,RG-13022,trt_cp,-10.321135
ATLAS_SIG_B_TOP100,6a92e7670262700013c4e5e9,ATLAS_SIG_B_TOP100,BRD-K21853356,RG-14620,trt_cp,42.38902
ATLAS_SIG_B_TOP100,6a92e7670262700013c4e5e9,ATLAS_SIG_B_TOP100,BRD-K56047318,RHC-80267,trt_cp,28.358309
ATLAS_SIG_B_TOP100,6a92e7670262700013c4e5e9,ATLAS_SIG_B_TOP100,BRD-A59174698,ritodrine,trt_cp,16.893036
ATLAS_SIG_B_TOP100,6a92e7670262700013c4e5e9,ATLAS_SIG_B_TOP100,BRD-K34330170,rotenonic-acid,trt_cp,19.191803
ATLAS_SIG_B_TOP100,6a92e7670262700013c4e5e9,ATLAS_SIG_B_TOP100,BRD-K08640512,RS-100329,trt_cp,-1.4446794
ATLAS_SIG_B_TOP100,6a92e7670262700013c4e5e9,ATLAS_SIG_B_TOP100,BRD-K87048468,RS-102221,trt_cp,-12.222409
ATLAS_SIG_B_TOP100,6a92e7670262700013c4e5e9,ATLAS_SIG_B_TOP100,BRD-K80725821,RS-16566,trt_cp,-54.284805
ATLAS_SIG_B_TOP100,6a92e7670262700013c4e5e9,ATLAS_SIG_B_TOP100,BRD-K76840893,RS-17053,trt_cp,55.98384
ATLAS_SIG_B_TOP100,6a92e7670262700013c4e5e9,ATLAS_SIG_B_TOP100,BRD-K26160755,RS-45041-190,trt_cp,-37.746723
ATLAS_SIG_B_TOP100,6a92e7670262700013c4e5e9,ATLAS_SIG_B_TOP100,BRD-K87510569,RS-504393,trt_cp,2.3211386
ATLAS_SIG_B_TOP100,6a92e7670262700013c4e5e9,ATLAS_SIG_B_TOP100,BRD-K20714604,RS-56812,trt_cp,2.0436928
ATLAS_SIG_B_TOP100,6a92e7670262700013c4e5e9,ATLAS_SIG_B_TOP100,BRD-K46142322,RS-67333,trt_cp,-65.3178
ATLAS_SIG_B_TOP100,6a92e7670262700013c4e5e9,ATLAS_SIG_B_TOP100,BRD-K50018155,RS-67506,trt_cp,-22.194489
ATLAS_SIG_B_TOP100,6a92e7670262700013c4e5e9,ATLAS_SIG_B_TOP100,BRD-A29437505,RWJ-21757,trt_cp,25.149075
ATLAS_SIG_B_TOP100,6a92e7670262700013c4e5e9,ATLAS_SIG_B_TOP100,BRD-K69556541,ryanodine,trt_cp,-21.66518
ATLAS_SIG_B_TOP100,6a92e7670262700013c4e5e9,ATLAS_SIG_B_TOP100,BRD-K04111260,raclopride,trt_cp,-2.386272
ATLAS_SIG_B_TOP100,6a92e7670262700013c4e5e9,ATLAS_SIG_B_TOP100,BRD-K14204120,ranitidine,trt_cp,-10.462521
ATLAS_SIG_B_TOP100,6a92e7670262700013c4e5e9,ATLAS_SIG_B_TOP100,BRD-A43974499,reboxetine,trt_cp,21.89494
ATLAS_SIG_B_TOP100,6a92e7670262700013c4e5e9,ATLAS_SIG_B_TOP100,BRD-K54094468,remoxipride,trt_cp,47.291836
ATLAS_SIG_B_TOP100,6a92e7670262700013c4e5e9,ATLAS_SIG_B_TOP100,BRD-K52930707,rescinnamine,trt_cp,-19.123558
ATLAS_SIG_B_TOP100,6a92e7670262700013c4e5e9,ATLAS_SIG_B_TOP100,BRD-K32755366,reserpic-acid,trt_cp,-1.1627907
ATLAS_SIG_B_TOP100,6a92e7670262700013c4e5e9,ATLAS_SIG_B_TOP100,BRD-K25591257,resveratrol,trt_cp,-8.473719
ATLAS_SIG_B_TOP100,6a92e7670262700013c4e5e9,ATLAS_SIG_B_TOP100,BRD-M62162320,rilmenidine,trt_cp,0.0
ATLAS_SIG_B_TOP100,6a92e7670262700013c4e5e9,ATLAS_SIG_B_TOP100,BRD-K21283037,riluzole,trt_cp,8.107633
ATLAS_SIG_B_TOP100,6a92e7670262700013c4e5e9,ATLAS_SIG_B_TOP100,BRD-A63346720,rimcazole,trt_cp,7.8821955
ATLAS_SIG_B_TOP100,6a92e7670262700013c4e5e9,ATLAS_SIG_B_TOP100,BRD-K31627533,rimexolone,trt_cp,-39.204544
ATLAS_SIG_B_TOP100,6a92e7670262700013c4e5e9,ATLAS_SIG_B_TOP100,BRD-A63546914,Ro-04-5595,trt_cp,57.985683
ATLAS_SIG_B_TOP100,6a92e7670262700013c4e5e9,ATLAS_SIG_B_TOP100,BRD-K00486786,Ro-08-2750,trt_cp,-4.4397464
ATLAS_SIG_B_TOP100,6a92e7670262700013c4e5e9,ATLAS_SIG_B_TOP100,BRD-K79684402,Ro-10-5824,trt_cp,5.2854123
ATLAS_SIG_B_TOP100,6a92e7670262700013c4e5e9,ATLAS_SIG_B_TOP100,BRD-K82823076,Ro-15-4513,trt_cp,-32.754883
ATLAS_SIG_B_TOP100,6a92e7670262700013c4e5e9,ATLAS_SIG_B_TOP100,BRD-K80778372,Ro-19-4605,trt_cp,-81.982765
ATLAS_SIG_B_TOP100,6a92e7670262700013c4e5e9,ATLAS_SIG_B_TOP100,BRD-A49370193,Ro-60-0175,trt_cp,-1.4446794
ATLAS_SIG_B_TOP100,6a92e7670262700013c4e5e9,ATLAS_SIG_B_TOP100,BRD-K20313525,rosmarinic-acid,trt_cp,-15.409084
ATLAS_SIG_B_TOP100,6a92e7670262700013c4e5e9,ATLAS_SIG_B_TOP100,BRD-K06426971,ryuvidine,trt_cp,78.33093
ATLAS_SIG_B_TOP100,6a92e7670262700013c4e5e9,ATLAS_SIG_B_TOP100,BRD-K05901394,terguride,trt_cp,-13.059826
ATLAS_SIG_B_TOP100,6a92e7670262700013c4e5e9,ATLAS_SIG_B_TOP100,BRD-K88871508,lisuride,trt_cp,-45.959305
ATLAS_SIG_B_TOP100,6a92e7670262700013c4e5e9,ATLAS_SIG_B_TOP100,BRD-K14965640,ibuprofen-(S),trt_cp,-44.16568
ATLAS_SIG_B_TOP100,6a92e7670262700013c4e5e9,ATLAS_SIG_B_TOP100,BRD-K19284129,salvinorin-a,trt_cp,70.740135
ATLAS_SIG_B_TOP100,6a92e7670262700013c4e5e9,ATLAS_SIG_B_TOP100,BRD-K83637872,SANT-1,trt_cp,7.699501
ATLAS_SIG_B_TOP100,6a92e7670262700013c4e5e9,ATLAS_SIG_B_TOP100,BRD-A89434049,sarmentogenin,trt_cp,-1.6850204
ATLAS_SIG_B_TOP100,6a92e7670262700013c4e5e9,ATLAS_SIG_B_TOP100,BRD-K77677632,SB-200646,trt_cp,12.889523
ATLAS_SIG_B_TOP100,6a92e7670262700013c4e5e9,ATLAS_SIG_B_TOP100,BRD-K54330070,SB-202190,trt_cp,-60.137074
ATLAS_SIG_B_TOP100,6a92e7670262700013c4e5e9,ATLAS_SIG_B_TOP100,BRD-A37704979,SB-203580,trt_cp,-13.9990835
ATLAS_SIG_B_TOP100,6a92e7670262700013c4e5e9,ATLAS_SIG_B_TOP100,BRD-A22707317,SB-205384,trt_cp,-1.7618041
ATLAS_SIG_B_TOP100,6a92e7670262700013c4e5e9,ATLAS_SIG_B_TOP100,BRD-A11609859,SB-205607,trt_cp,-2.8188865
ATLAS_SIG_B_TOP100,6a92e7670262700013c4e5e9,ATLAS_SIG_B_TOP100,BRD-K61097567,SB-218795,trt_cp,-18.610065
ATLAS_SIG_B_TOP100,6a92e7670262700013c4e5e9,ATLAS_SIG_B_TOP100,BRD-K14807180,SB-221284,trt_cp,-2.9735186
ATLAS_SIG_B_TOP100,6a92e7670262700013c4e5e9,ATLAS_SIG_B_TOP100,BRD-K04414442,SB-222200,trt_cp,0.3875969
ATLAS_SIG_B_TOP100,6a92e7670262700013c4e5e9,ATLAS_SIG_B_TOP100,BRD-K61323504,SB-225002,trt_cp,85.617256
ATLAS_SIG_B_TOP100,6a92e7670262700013c4e5e9,ATLAS_SIG_B_TOP100,BRD-K98143437,SB-239063,trt_cp,7.3615193
ATLAS_SIG_B_TOP100,6a92e7670262700013c4e5e9,ATLAS_SIG_B_TOP100,BRD-K24201553,SB-269970,trt_cp,58.171417
ATLAS_SIG_B_TOP100,6a92e7670262700013c4e5e9,ATLAS_SIG_B_TOP100,BRD-K41567364,SB-334867,trt_cp,33.532898
ATLAS_SIG_B_TOP100,6a92e7670262700013c4e5e9,ATLAS_SIG_B_TOP100,BRD-K59331372,SB-366791,trt_cp,66.02578
ATLAS_SIG_B_TOP100,6a92e7670262700013c4e5e9,ATLAS_SIG_B_TOP100,BRD-K53913732,SB-408124,trt_cp,16.670393
ATLAS_SIG_B_TOP100,6a92e7670262700013c4e5e9,ATLAS_SIG_B_TOP100,BRD-K76805682,SB-415286,trt_cp,1.6560959
ATLAS_SIG_B_TOP100,6a92e7670262700013c4e5e9,ATLAS_SIG_B_TOP100,BRD-K67298865,SB-431542,trt_cp,14.403412
ATLAS_SIG_B_TOP100,6a92e7670262700013c4e5e9,ATLAS_SIG_B_TOP100,BRD-K14767410,SC-560,trt_cp,-1.726568
ATLAS_SIG_B_TOP100,6a92e7670262700013c4e5e9,ATLAS_SIG_B_TOP100,BRD-K26373640,IKK-2-inhibitor,trt_cp,-19.180298
ATLAS_SIG_B_TOP100,6a92e7670262700013c4e5e9,ATLAS_SIG_B_TOP100,BRD-K85871428,SC-68376,trt_cp,25.374218
ATLAS_SIG_B_TOP100,6a92e7670262700013c4e5e9,ATLAS_SIG_B_TOP100,BRD-K25875056,SC-9,trt_cp,-8.954013
ATLAS_SIG_B_TOP100,6a92e7670262700013c4e5e9,ATLAS_SIG_B_TOP100,BRD-K81847782,scandenin,trt_cp,-0.85775554
ATLAS_SIG_B_TOP100,6a92e7670262700013c4e5e9,ATLAS_SIG_B_TOP100,BRD-K45435259,SCH-23390,trt_cp,14.56323
ATLAS_SIG_B_TOP100,6a92e7670262700013c4e5e9,ATLAS_SIG_B_TOP100,BRD-K94270326,ecopipam,trt_cp,-17.089115
ATLAS_SIG_B_TOP100,6a92e7670262700013c4e5e9,ATLAS_SIG_B_TOP100,BRD-K46469693,SCH-442416,trt_cp,58.703003
ATLAS_SIG_B_TOP100,6a92e7670262700013c4e5e9,ATLAS_SIG_B_TOP100,BRD-K81225797,SCH-58261,trt_cp,59.833057
ATLAS_SIG_B_TOP100,6a92e7670262700013c4e5e9,ATLAS_SIG_B_TOP100,BRD-A62035778,scopolamine,trt_cp,-69.300415
ATLAS_SIG_B_TOP100,6a92e7670262700013c4e5e9,ATLAS_SIG_B_TOP100,BRD-K15868788,SDZ-205-557,trt_cp,39.747826
ATLAS_SIG_B_TOP100,6a92e7670262700013c4e5e9,ATLAS_SIG_B_TOP100,BRD-A15530910,SDZ-21009,trt_cp,36.04365
ATLAS_SIG_B_TOP100,6a92e7670262700013c4e5e9,ATLAS_SIG_B_TOP100,BRD-A82590476,SDZ-NKT-343,trt_cp,16.659798
ATLAS_SIG_B_TOP100,6a92e7670262700013c4e5e9,ATLAS_SIG_B_TOP100,BRD-A31007383,SDZ-WAG-994,trt_cp,23.276615
ATLAS_SIG_B_TOP100,6a92e7670262700013c4e5e9,ATLAS_SIG_B_TOP100,BRD-K07212038,selinidin,trt_cp,65.60969
ATLAS_SIG_B_TOP100,6a92e7670262700013c4e5e9,ATLAS_SIG_B_TOP100,BRD-K15601958,SEW-2871,trt_cp,8.595952
ATLAS_SIG_B_TOP100,6a92e7670262700013c4e5e9,ATLAS_SIG_B_TOP100,BRD-K98157055,SIB-1757,trt_cp,72.51939
ATLAS_SIG_B_TOP100,6a92e7670262700013c4e5e9,ATLAS_SIG_B_TOP100,BRD-K84996949,sinensetin,trt_cp,-46.41908
ATLAS_SIG_B_TOP100,6a92e7670262700013c4e5e9,ATLAS_SIG_B_TOP100,BRD-K73824630,skatole,trt_cp,-30.488573
ATLAS_SIG_B_TOP100,6a92e7670262700013c4e5e9,ATLAS_SIG_B_TOP100,BRD-A64227845,SKF-77434,trt_cp,0.0
ATLAS_SIG_B_TOP100,6a92e7670262700013c4e5e9,ATLAS_SIG_B_TOP100,BRD-A09828896,SKF-81297,trt_cp,7.3073063
ATLAS_SIG_B_TOP100,6a92e7670262700013c4e5e9,ATLAS_SIG_B_TOP100,BRD-K96809896,SKF-86002,trt_cp,17.199095
ATLAS_SIG_B_TOP100,6a92e7670262700013c4e5e9,ATLAS_SIG_B_TOP100,BRD-A49046702,SKF-89976A,trt_cp,35.385418
ATLAS_SIG_B_TOP100,6a92e7670262700013c4e5e9,ATLAS_SIG_B_TOP100,BRD-K01567962,pyrazolanthrone,trt_cp,7.847188
ATLAS_SIG_B_TOP100,6a92e7670262700013c4e5e9,ATLAS_SIG_B_TOP100,BRD-A56987319,SQ-22536,trt_cp,-17.77659
ATLAS_SIG_B_TOP100,6a92e7670262700013c4e5e9,ATLAS_SIG_B_TOP100,BRD-K91243525,SR-142948,trt_cp,-14.385587
ATLAS_SIG_B_TOP100,6a92e7670262700013c4e5e9,ATLAS_SIG_B_TOP100,BRD-K35629949,SR-27897,trt_cp,-55.846756
ATLAS_SIG_B_TOP100,6a92e7670262700013c4e5e9,ATLAS_SIG_B_TOP100,BRD-K96720755,relcovaptan,trt_cp,33.042946
ATLAS_SIG_B_TOP100,6a92e7670262700013c4e5e9,ATLAS_SIG_B_TOP100,BRD-K09397065,SR-57227A,trt_cp,0.845666
ATLAS_SIG_B_TOP100,6a92e7670262700013c4e5e9,ATLAS_SIG_B_TOP100,BRD-K35430135,SR-59230A,trt_cp,-25.26017
ATLAS_SIG_B_TOP100,6a92e7670262700013c4e5e9,ATLAS_SIG_B_TOP100,BRD-K19309090,SR-95639A,trt_cp,14.771221
ATLAS_SIG_B_TOP100,6a92e7670262700013c4e5e9,ATLAS_SIG_B_TOP100,BRD-K72895815,SSR-69071,trt_cp,50.71467
ATLAS_SIG_B_TOP100,6a92e7670262700013c4e5e9,ATLAS_SIG_B_TOP100,BRD-K18905250,ST-91,trt_cp,-55.351
ATLAS_SIG_B_TOP100,6a92e7670262700013c4e5e9,ATLAS_SIG_B_TOP100,BRD-K52620403,STO-609,trt_cp,-70.18081
ATLAS_SIG_B_TOP100,6a92e7670262700013c4e5e9,ATLAS_SIG_B_TOP100,BRD-K20287671,SU-4312,trt_cp,-11.037466
ATLAS_SIG_B_TOP100,6a92e7670262700013c4e5e9,ATLAS_SIG_B_TOP100,BRD-K60487568,SU-4312,trt_cp,-10.012097
ATLAS_SIG_B_TOP100,6a92e7670262700013c4e5e9,ATLAS_SIG_B_TOP100,BRD-K63504947,semaxanib,trt_cp,63.44709
ATLAS_SIG_B_TOP100,6a92e7670262700013c4e5e9,ATLAS_SIG_B_TOP100,BRD-K34995470,SU-1498,trt_cp,-22.293472
ATLAS_SIG_B_TOP100,6a92e7670262700013c4e5e9,ATLAS_SIG_B_TOP100,BRD-K97354755,SU-6656,trt_cp,5.8970695
ATLAS_SIG_B_TOP100,6a92e7670262700013c4e5e9,ATLAS_SIG_B_TOP100,BRD-A70649075,sulconazole,trt_cp,22.770594
ATLAS_SIG_B_TOP100,6a92e7670262700013c4e5e9,ATLAS_SIG_B_TOP100,BRD-A10715913,sulpiride,trt_cp,56.824554
ATLAS_SIG_B_TOP100,6a92e7670262700013c4e5e9,ATLAS_SIG_B_TOP100,BRD-A24122750,saclofen,trt_cp,5.5830154
ATLAS_SIG_B_TOP100,6a92e7670262700013c4e5e9,ATLAS_SIG_B_TOP100,BRD-K09963420,saquinavir,trt_cp,63.90984
ATLAS_SIG_B_TOP100,6a92e7670262700013c4e5e9,ATLAS_SIG_B_TOP100,BRD-A49906757,scopolamine-n-oxide,trt_cp,2.69711
ATLAS_SIG_B_TOP100,6a92e7670262700013c4e5e9,ATLAS_SIG_B_TOP100,BRD-A14566392,scopolamine,trt_cp,-1.5503876
ATLAS_SIG_B_TOP100,6a92e7670262700013c4e5e9,ATLAS_SIG_B_TOP100,BRD-K62609077,scoulerine,trt_cp,-51.31062
ATLAS_SIG_B_TOP100,6a92e7670262700013c4e5e9,ATLAS_SIG_B_TOP100,BRD-K22503835,scriptaid,trt_cp,25.966024
ATLAS_SIG_B_TOP100,6a92e7670262700013c4e5e9,ATLAS_SIG_B_TOP100,BRD-A25775766,securinine,trt_cp,-14.203725
ATLAS_SIG_B_TOP100,6a92e7670262700013c4e5e9,ATLAS_SIG_B_TOP100,BRD-K38449220,seneciphylline,trt_cp,-25.412443
ATLAS_SIG_B_TOP100,6a92e7670262700013c4e5e9,ATLAS_SIG_B_TOP100,BRD-K25741894,skimmianine,trt_cp,0.0
ATLAS_SIG_B_TOP100,6a92e7670262700013c4e5e9,ATLAS_SIG_B_TOP100,BRD-K70881766,solanine,trt_cp,-5.9250283
ATLAS_SIG_B_TOP100,6a92e7670262700013c4e5e9,ATLAS_SIG_B_TOP100,BRD-K97330509,SRC-kinase-inhibitor-II,trt_cp,-49.818542
ATLAS_SIG_B_TOP100,6a92e7670262700013c4e5e9,ATLAS_SIG_B_TOP100,BRD-K68332390,ponalrestat,trt_cp,-9.385057
ATLAS_SIG_B_TOP100,6a92e7670262700013c4e5e9,ATLAS_SIG_B_TOP100,BRD-K84595254,strophanthidin,trt_cp,1.7970402
ATLAS_SIG_B_TOP100,6a92e7670262700013c4e5e9,ATLAS_SIG_B_TOP100,BRD-K35708212,ouabain,trt_cp,-9.840159
ATLAS_SIG_B_TOP100,6a92e7670262700013c4e5e9,ATLAS_SIG_B_TOP100,BRD-K30189597,SYK-inhibitor,trt_cp,-31.987823
ATLAS_SIG_B_TOP100,6a92e7670262700013c4e5e9,ATLAS_SIG_B_TOP100,BRD-K14200658,syrosingopine,trt_cp,-1.0570824
ATLAS_SIG_B_TOP100,6a92e7670262700013c4e5e9,ATLAS_SIG_B_TOP100,BRD-K31843556,T-0070907,trt_cp,10.493803
ATLAS_SIG_B_TOP100,6a92e7670262700013c4e5e9,ATLAS_SIG_B_TOP100,BRD-K63516691,T-0156,trt_cp,2.6427062
ATLAS_SIG_B_TOP100,6a92e7670262700013c4e5e9,ATLAS_SIG_B_TOP100,BRD-K23383398,T-0901317,trt_cp,9.161382
ATLAS_SIG_B_TOP100,6a92e7670262700013c4e5e9,ATLAS_SIG_B_TOP100,BRD-K62221994,T-98475,trt_cp,42.404224
ATLAS_SIG_B_TOP100,6a92e7670262700013c4e5e9,ATLAS_SIG_B_TOP100,BRD-K25186396,tangeritin,trt_cp,23.99772
ATLAS_SIG_B_TOP100,6a92e7670262700013c4e5e9,ATLAS_SIG_B_TOP100,BRD-K97118047,"4,5,6,7-tetrabromobenzotriazole",trt_cp,11.363092
ATLAS_SIG_B_TOP100,6a92e7670262700013c4e5e9,ATLAS_SIG_B_TOP100,BRD-K67352070,TC-2559,trt_cp,61.15995
ATLAS_SIG_B_TOP100,6a92e7670262700013c4e5e9,ATLAS_SIG_B_TOP100,BRD-A31195449,TCB2,trt_cp,40.419697
ATLAS_SIG_B_TOP100,6a92e7670262700013c4e5e9,ATLAS_SIG_B_TOP100,BRD-K73999723,telmisartan,trt_cp,13.195401
ATLAS_SIG_B_TOP100,6a92e7670262700013c4e5e9,ATLAS_SIG_B_TOP100,BRD-K51805276,temefos,trt_cp,6.221789
ATLAS_SIG_B_TOP100,6a92e7670262700013c4e5e9,ATLAS_SIG_B_TOP100,BRD-A33833419,TER-14687,trt_cp,-38.197998
ATLAS_SIG_B_TOP100,6a92e7670262700013c4e5e9,ATLAS_SIG_B_TOP100,BRD-A48720949,testosterone-propionate,trt_cp,16.664303
ATLAS_SIG_B_TOP100,6a92e7670262700013c4e5e9,ATLAS_SIG_B_TOP100,BRD-K97309399,thiothixene,trt_cp,36.159195
ATLAS_SIG_B_TOP100,6a92e7670262700013c4e5e9,ATLAS_SIG_B_TOP100,BRD-K12867552,PCI-24781,trt_cp,71.10031
ATLAS_SIG_B_TOP100,6a92e7670262700013c4e5e9,ATLAS_SIG_B_TOP100,BRD-K45988865,tetramethylsilane,trt_cp,61.32201
ATLAS_SIG_B_TOP100,6a92e7670262700013c4e5e9,ATLAS_SIG_B_TOP100,BRD-K51033547,tramadol,trt_cp,-19.17813
ATLAS_SIG_B_TOP100,6a92e7670262700013c4e5e9,ATLAS_SIG_B_TOP100,BRD-A01295252,7-hydroxy-PIPAT,trt_cp,-1.1275547
ATLAS_SIG_B_TOP100,6a92e7670262700013c4e5e9,ATLAS_SIG_B_TOP100,BRD-K34415467,trimethobenzamide,trt_cp,-47.280365
ATLAS_SIG_B_TOP100,6a92e7670262700013c4e5e9,ATLAS_SIG_B_TOP100,BRD-K54790157,trioxsalen,trt_cp,-22.244423
ATLAS_SIG_B_TOP100,6a92e7670262700013c4e5e9,ATLAS_SIG_B_TOP100,BRD-K57033106,tripelennamine,trt_cp,-68.27078
ATLAS_SIG_B_TOP100,6a92e7670262700013c4e5e9,ATLAS_SIG_B_TOP100,BRD-K00959089,thenoyltrifluoroacetone,trt_cp,-2.8561635
ATLAS_SIG_B_TOP100,6a92e7670262700013c4e5e9,ATLAS_SIG_B_TOP100,BRD-K68246049,TTNPB,trt_cp,-63.73111
ATLAS_SIG_B_TOP100,6a92e7670262700013c4e5e9,ATLAS_SIG_B_TOP100,BRD-A02176148,tubaic-acid,trt_cp,-5.9524717
ATLAS_SIG_B_TOP100,6a92e7670262700013c4e5e9,ATLAS_SIG_B_TOP100,BRD-K94176593,TWS-119,trt_cp,8.574074
ATLAS_SIG_B_TOP100,6a92e7670262700013c4e5e9,ATLAS_SIG_B_TOP100,BRD-K60184833,tyrphostin-AG-99,trt_cp,57.058846
ATLAS_SIG_B_TOP100,6a92e7670262700013c4e5e9,ATLAS_SIG_B_TOP100,BRD-K96778649,tyrphostin-47,trt_cp,43.007828
ATLAS_SIG_B_TOP100,6a92e7670262700013c4e5e9,ATLAS_SIG_B_TOP100,BRD-K11158509,tyrphostin-B44,trt_cp,-24.039783
ATLAS_SIG_B_TOP100,6a92e7670262700013c4e5e9,ATLAS_SIG_B_TOP100,BRD-A98378129,talniflumate,trt_cp,-36.3101
ATLAS_SIG_B_TOP100,6a92e7670262700013c4e5e9,ATLAS_SIG_B_TOP100,BRD-K43744935,tamoxifen,trt_cp,-2.501762
ATLAS_SIG_B_TOP100,6a92e7670262700013c4e5e9,ATLAS_SIG_B_TOP100,BRD-A23723433,paclitaxel,trt_cp,27.466272
ATLAS_SIG_B_TOP100,6a92e7670262700013c4e5e9,ATLAS_SIG_B_TOP100,BRD-K06147391,telenzepine,trt_cp,54.346073
ATLAS_SIG_B_TOP100,6a92e7670262700013c4e5e9,ATLAS_SIG_B_TOP100,BRD-A87479750,tenidap,trt_cp,34.645203
ATLAS_SIG_B_TOP100,6a92e7670262700013c4e5e9,ATLAS_SIG_B_TOP100,BRD-K90553655,testosterone,trt_cp,28.642746
ATLAS_SIG_B_TOP100,6a92e7670262700013c4e5e9,ATLAS_SIG_B_TOP100,BRD-A11605036,thiocolchicoside,trt_cp,25.63322
ATLAS_SIG_B_TOP100,6a92e7670262700013c4e5e9,ATLAS_SIG_B_TOP100,BRD-A85424553,thioperamide,trt_cp,-13.879182
ATLAS_SIG_B_TOP100,6a92e7670262700013c4e5e9,ATLAS_SIG_B_TOP100,BRD-K63874012,thioperamide,trt_cp,28.984268
ATLAS_SIG_B_TOP100,6a92e7670262700013c4e5e9,ATLAS_SIG_B_TOP100,BRD-K08619574,thioproperazine,trt_cp,3.4544368
ATLAS_SIG_B_TOP100,6a92e7670262700013c4e5e9,ATLAS_SIG_B_TOP100,BRD-K11107424,tiotidine,trt_cp,-58.090363
ATLAS_SIG_B_TOP100,6a92e7670262700013c4e5e9,ATLAS_SIG_B_TOP100,BRD-K20141153,atomoxetine,trt_cp,38.66896
ATLAS_SIG_B_TOP100,6a92e7670262700013c4e5e9,ATLAS_SIG_B_TOP100,BRD-K34154330,tracazolate,trt_cp,-4.580691
ATLAS_SIG_B_TOP100,6a92e7670262700013c4e5e9,ATLAS_SIG_B_TOP100,BRD-K19533706,tranilast,trt_cp,-48.171482
ATLAS_SIG_B_TOP100,6a92e7670262700013c4e5e9,ATLAS_SIG_B_TOP100,BRD-K69837166,trap-101,trt_cp,36.4955
ATLAS_SIG_B_TOP100,6a92e7670262700013c4e5e9,ATLAS_SIG_B_TOP100,BRD-K95763993,trapidil,trt_cp,14.959612
ATLAS_SIG_B_TOP100,6a92e7670262700013c4e5e9,ATLAS_SIG_B_TOP100,BRD-K08619838,tremorine,trt_cp,-48.21443
ATLAS_SIG_B_TOP100,6a92e7670262700013c4e5e9,ATLAS_SIG_B_TOP100,BRD-K77554836,triamcinolone,trt_cp,-58.44328
ATLAS_SIG_B_TOP100,6a92e7670262700013c4e5e9,ATLAS_SIG_B_TOP100,BRD-A84389633,"tropanyl-3,5-dimethylbenzoate",trt_cp,-43.808662
ATLAS_SIG_B_TOP100,6a92e7670262700013c4e5e9,ATLAS_SIG_B_TOP100,BRD-A83859836,tropisetron,trt_cp,-30.598743
ATLAS_SIG_B_TOP100,6a92e7670262700013c4e5e9,ATLAS_SIG_B_TOP100,BRD-K02607075,tubocurarine,trt_cp,-75.77972
ATLAS_SIG_B_TOP100,6a92e7670262700013c4e5e9,ATLAS_SIG_B_TOP100,BRD-K17415526,tyrphostin-AG-835,trt_cp,63.19808
ATLAS_SIG_B_TOP100,6a92e7670262700013c4e5e9,ATLAS_SIG_B_TOP100,BRD-A81795050,U-18666A,trt_cp,0.9161381
ATLAS_SIG_B_TOP100,6a92e7670262700013c4e5e9,ATLAS_SIG_B_TOP100,BRD-K70281171,U-99194,trt_cp,-2.501762
ATLAS_SIG_B_TOP100,6a92e7670262700013c4e5e9,ATLAS_SIG_B_TOP100,BRD-K18787491,U-0126,trt_cp,-20.46073
ATLAS_SIG_B_TOP100,6a92e7670262700013c4e5e9,ATLAS_SIG_B_TOP100,BRD-K18757346,U-46619,trt_cp,-28.23493
ATLAS_SIG_B_TOP100,6a92e7670262700013c4e5e9,ATLAS_SIG_B_TOP100,BRD-A96897502,U-74389F,trt_cp,-7.8025246
ATLAS_SIG_B_TOP100,6a92e7670262700013c4e5e9,ATLAS_SIG_B_TOP100,BRD-K46419649,U0126,trt_cp,-30.673542
ATLAS_SIG_B_TOP100,6a92e7670262700013c4e5e9,ATLAS_SIG_B_TOP100,BRD-A14574269,UB-165,trt_cp,63.158855
ATLAS_SIG_B_TOP100,6a92e7670262700013c4e5e9,ATLAS_SIG_B_TOP100,BRD-A45499626,UBP-302,trt_cp,0.9866103
ATLAS_SIG_B_TOP100,6a92e7670262700013c4e5e9,ATLAS_SIG_B_TOP100,BRD-K50325075,UCL-2077,trt_cp,-16.402695
ATLAS_SIG_B_TOP100,6a92e7670262700013c4e5e9,ATLAS_SIG_B_TOP100,BRD-K45158365,valsartan,trt_cp,5.240592
ATLAS_SIG_B_TOP100,6a92e7670262700013c4e5e9,ATLAS_SIG_B_TOP100,BRD-K13926615,vardenafil,trt_cp,-9.402133
ATLAS_SIG_B_TOP100,6a92e7670262700013c4e5e9,ATLAS_SIG_B_TOP100,BRD-K61737877,VEGF-receptor-2-kinase-inhibitor-IV,trt_cp,-19.329592
ATLAS_SIG_B_TOP100,6a92e7670262700013c4e5e9,ATLAS_SIG_B_TOP100,BRD-K60923938,veratridine,trt_cp,13.07847
ATLAS_SIG_B_TOP100,6a92e7670262700013c4e5e9,ATLAS_SIG_B_TOP100,BRD-A55594068,vinblastine,trt_cp,6.704825
ATLAS_SIG_B_TOP100,6a92e7670262700013c4e5e9,ATLAS_SIG_B_TOP100,BRD-A60414806,vincristine,trt_cp,-72.22496
ATLAS_SIG_B_TOP100,6a92e7670262700013c4e5e9,ATLAS_SIG_B_TOP100,BRD-K62206109,VUF-5681,trt_cp,-44.70848
ATLAS_SIG_B_TOP100,6a92e7670262700013c4e5e9,ATLAS_SIG_B_TOP100,BRD-A22783572,vinblastine,trt_cp,27.493158
ATLAS_SIG_B_TOP100,6a92e7670262700013c4e5e9,ATLAS_SIG_B_TOP100,BRD-K40902647,vincamine,trt_cp,10.232946
ATLAS_SIG_B_TOP100,6a92e7670262700013c4e5e9,ATLAS_SIG_B_TOP100,BRD-A76528577,vincristine,trt_cp,3.040012
ATLAS_SIG_B_TOP100,6a92e7670262700013c4e5e9,ATLAS_SIG_B_TOP100,BRD-A19374631,vinpocetine,trt_cp,5.249682
ATLAS_SIG_B_TOP100,6a92e7670262700013c4e5e9,ATLAS_SIG_B_TOP100,BRD-K53318339,vinpocetine,trt_cp,-11.458682
ATLAS_SIG_B_TOP100,6a92e7670262700013c4e5e9,ATLAS_SIG_B_TOP100,BRD-A41941932,vitexin,trt_cp,4.549715
ATLAS_SIG_B_TOP100,6a92e7670262700013c4e5e9,ATLAS_SIG_B_TOP100,BRD-K78084463,W-12,trt_cp,60.362274
ATLAS_SIG_B_TOP100,6a92e7670262700013c4e5e9,ATLAS_SIG_B_TOP100,BRD-K45068323,W-13,trt_cp,2.626482
ATLAS_SIG_B_TOP100,6a92e7670262700013c4e5e9,ATLAS_SIG_B_TOP100,BRD-K90259198,W-7,trt_cp,-0.5990134
ATLAS_SIG_B_TOP100,6a92e7670262700013c4e5e9,ATLAS_SIG_B_TOP100,BRD-K68341547,W-9,trt_cp,-13.177183
ATLAS_SIG_B_TOP100,6a92e7670262700013c4e5e9,ATLAS_SIG_B_TOP100,BRD-K36198571,WAY-170523,trt_cp,54.86725
ATLAS_SIG_B_TOP100,6a92e7670262700013c4e5e9,ATLAS_SIG_B_TOP100,BRD-A20968261,WAY-213613,trt_cp,-31.797865
ATLAS_SIG_B_TOP100,6a92e7670262700013c4e5e9,ATLAS_SIG_B_TOP100,BRD-K28115081,apafant,trt_cp,0.9161381
ATLAS_SIG_B_TOP100,6a92e7670262700013c4e5e9,ATLAS_SIG_B_TOP100,BRD-K26669427,WR-216174,trt_cp,0.0
ATLAS_SIG_B_TOP100,6a92e7670262700013c4e5e9,ATLAS_SIG_B_TOP100,BRD-K01902415,pirinixic-acid,trt_cp,-7.326778
ATLAS_SIG_B_TOP100,6a92e7670262700013c4e5e9,ATLAS_SIG_B_TOP100,BRD-K12260308,xanthoxyline,trt_cp,25.872019
ATLAS_SIG_B_TOP100,6a92e7670262700013c4e5e9,ATLAS_SIG_B_TOP100,BRD-K21565985,xylazine,trt_cp,-3.2430558
ATLAS_SIG_B_TOP100,6a92e7670262700013c4e5e9,ATLAS_SIG_B_TOP100,BRD-K88358234,xaliproden,trt_cp,2.7131784
ATLAS_SIG_B_TOP100,6a92e7670262700013c4e5e9,ATLAS_SIG_B_TOP100,BRD-K94832621,Y-134,trt_cp,8.886818
ATLAS_SIG_B_TOP100,6a92e7670262700013c4e5e9,ATLAS_SIG_B_TOP100,BRD-A44133049,azasetron,trt_cp,0.1761804
ATLAS_SIG_B_TOP100,6a92e7670262700013c4e5e9,ATLAS_SIG_B_TOP100,BRD-K60476892,YC-1,trt_cp,-81.12747
ATLAS_SIG_B_TOP100,6a92e7670262700013c4e5e9,ATLAS_SIG_B_TOP100,BRD-K59650319,YM-298198,trt_cp,-27.541283
ATLAS_SIG_B_TOP100,6a92e7670262700013c4e5e9,ATLAS_SIG_B_TOP100,BRD-K12932420,YM-976,trt_cp,-3.7612574
ATLAS_SIG_B_TOP100,6a92e7670262700013c4e5e9,ATLAS_SIG_B_TOP100,BRD-K06208435,YS-035,trt_cp,10.079624
ATLAS_SIG_B_TOP100,6a92e7670262700013c4e5e9,ATLAS_SIG_B_TOP100,BRD-A51410489,yohimbine,trt_cp,5.8526506
ATLAS_SIG_B_TOP100,6a92e7670262700013c4e5e9,ATLAS_SIG_B_TOP100,BRD-K15935639,z-leu3-VS,trt_cp,35.14887
ATLAS_SIG_B_TOP100,6a92e7670262700013c4e5e9,ATLAS_SIG_B_TOP100,BRD-K60174629,z-prolyl-prolinal,trt_cp,51.262604
ATLAS_SIG_B_TOP100,6a92e7670262700013c4e5e9,ATLAS_SIG_B_TOP100,BRD-K64157027,ZD-2079,trt_cp,9.121145
ATLAS_SIG_B_TOP100,6a92e7670262700013c4e5e9,ATLAS_SIG_B_TOP100,BRD-K11373525,ZD-7155,trt_cp,53.833214
ATLAS_SIG_B_TOP100,6a92e7670262700013c4e5e9,ATLAS_SIG_B_TOP100,BRD-K18678457,ZD-7288,trt_cp,-21.758482
ATLAS_SIG_B_TOP100,6a92e7670262700013c4e5e9,ATLAS_SIG_B_TOP100,BRD-K05151076,ZK-164015,trt_cp,-1.0952581
ATLAS_SIG_B_TOP100,6a92e7670262700013c4e5e9,ATLAS_SIG_B_TOP100,BRD-K33882852,ZK-93423,trt_cp,-3.2064834
ATLAS_SIG_B_TOP100,6a92e7670262700013c4e5e9,ATLAS_SIG_B_TOP100,BRD-K68392338,ZK-93426,trt_cp,35.628822
ATLAS_SIG_B_TOP100,6a92e7670262700013c4e5e9,ATLAS_SIG_B_TOP100,BRD-K19605405,ZM-241385,trt_cp,-21.482311
ATLAS_SIG_B_TOP100,6a92e7670262700013c4e5e9,ATLAS_SIG_B_TOP100,BRD-K41337261,ZM-306416,trt_cp,20.630163
ATLAS_SIG_B_TOP100,6a92e7670262700013c4e5e9,ATLAS_SIG_B_TOP100,BRD-K67831364,ZM-323881,trt_cp,-46.595947
ATLAS_SIG_B_TOP100,6a92e7670262700013c4e5e9,ATLAS_SIG_B_TOP100,BRD-K54314721,zolmitriptan,trt_cp,-31.314537
ATLAS_SIG_B_TOP100,6a92e7670262700013c4e5e9,ATLAS_SIG_B_TOP100,BRD-K12516989,zaprinast,trt_cp,28.331404
ATLAS_SIG_B_TOP100,6a92e7670262700013c4e5e9,ATLAS_SIG_B_TOP100,BRD-K37561857,zardaverine,trt_cp,20.345295
ATLAS_SIG_B_TOP100,6a92e7670262700013c4e5e9,ATLAS_SIG_B_TOP100,BRD-K92446736,zatebradine,trt_cp,2.9245949
ATLAS_SIG_B_TOP100,6a92e7670262700013c4e5e9,ATLAS_SIG_B_TOP100,BRD-K08996725,zolantidine,trt_cp,-54.92739
ATLAS_SIG_B_TOP100,6a92e7670262700013c4e5e9,ATLAS_SIG_B_TOP100,BRD-K28761384,zuclopenthixol,trt_cp,-1.303735
ATLAS_SIG_B_TOP100,6a92e7670262700013c4e5e9,ATLAS_SIG_B_TOP100,BRD-K45401373,betulinic-acid,trt_cp,33.74199
ATLAS_SIG_B_TOP100,6a92e7670262700013c4e5e9,ATLAS_SIG_B_TOP100,BRD-A41301928,bongkrek-acid,trt_cp,68.36153
ATLAS_SIG_B_TOP100,6a92e7670262700013c4e5e9,ATLAS_SIG_B_TOP100,BRD-K63606607,bufalin,trt_cp,-3.6293163
ATLAS_SIG_B_TOP100,6a92e7670262700013c4e5e9,ATLAS_SIG_B_TOP100,BRD-A26097136,bulleyaconitine-a,trt_cp,-7.95718
ATLAS_SIG_B_TOP100,6a92e7670262700013c4e5e9,ATLAS_SIG_B_TOP100,BRD-K26134695,calpeptin,trt_cp,37.268906
ATLAS_SIG_B_TOP100,6a92e7670262700013c4e5e9,ATLAS_SIG_B_TOP100,BRD-A80502530,cinobufagin,trt_cp,1.4094433
ATLAS_SIG_B_TOP100,6a92e7670262700013c4e5e9,ATLAS_SIG_B_TOP100,BRD-K70487031,flupentixol,trt_cp,22.08294
ATLAS_SIG_B_TOP100,6a92e7670262700013c4e5e9,ATLAS_SIG_B_TOP100,BRD-K97509413,coumestrol,trt_cp,53.961803
ATLAS_SIG_B_TOP100,6a92e7670262700013c4e5e9,ATLAS_SIG_B_TOP100,BRD-A82329351,cycloheximide,trt_cp,34.26722
ATLAS_SIG_B_TOP100,6a92e7670262700013c4e5e9,ATLAS_SIG_B_TOP100,BRD-K58938839,cyclopamine,trt_cp,47.283543
ATLAS_SIG_B_TOP100,6a92e7670262700013c4e5e9,ATLAS_SIG_B_TOP100,BRD-K93325701,damnacanthal,trt_cp,-34.37255
ATLAS_SIG_B_TOP100,6a92e7670262700013c4e5e9,ATLAS_SIG_B_TOP100,BRD-A94624445,bucladesine,trt_cp,36.21957
ATLAS_SIG_B_TOP100,6a92e7670262700013c4e5e9,ATLAS_SIG_B_TOP100,BRD-A06726973,dibutyrylcyclic-gmp,trt_cp,6.3417206
ATLAS_SIG_B_TOP100,6a92e7670262700013c4e5e9,ATLAS_SIG_B_TOP100,BRD-K18910433,estradiol,trt_cp,-4.645367
ATLAS_SIG_B_TOP100,6a92e7670262700013c4e5e9,ATLAS_SIG_B_TOP100,BRD-A31801025,formestane,trt_cp,15.034363
ATLAS_SIG_B_TOP100,6a92e7670262700013c4e5e9,ATLAS_SIG_B_TOP100,BRD-A65550283,ginsenoside,trt_cp,35.16913
ATLAS_SIG_B_TOP100,6a92e7670262700013c4e5e9,ATLAS_SIG_B_TOP100,BRD-A73605923,mocimycin,trt_cp,-41.482388
ATLAS_SIG_B_TOP100,6a92e7670262700013c4e5e9,ATLAS_SIG_B_TOP100,BRD-K09635314,m-3M3FBS,trt_cp,48.445404
ATLAS_SIG_B_TOP100,6a92e7670262700013c4e5e9,ATLAS_SIG_B_TOP100,BRD-K36965586,m-chlorophenylbiguanide,trt_cp,6.99123
ATLAS_SIG_B_TOP100,6a92e7670262700013c4e5e9,ATLAS_SIG_B_TOP100,BRD-K54708045,nTZDpa,trt_cp,-6.85211
ATLAS_SIG_B_TOP100,6a92e7670262700013c4e5e9,ATLAS_SIG_B_TOP100,BRD-A34907681,rutin,trt_cp,22.911823
ATLAS_SIG_B_TOP100,6a92e7670262700013c4e5e9,ATLAS_SIG_B_TOP100,BRD-A62071884,siguazodan,trt_cp,12.794786
ATLAS_SIG_B_TOP100,6a92e7670262700013c4e5e9,ATLAS_SIG_B_TOP100,BRD-A18579359,wiskostatin,trt_cp,-3.2064834
ATLAS_SIG_B_TOP100,6a92e7670262700013c4e5e9,ATLAS_SIG_B_TOP100,BRD-A34205397,suloctidil,trt_cp,39.9971
ATLAS_SIG_B_TOP100,6a92e7670262700013c4e5e9,ATLAS_SIG_B_TOP100,BRD-A60070924,alpha-estradiol,trt_cp,4.1578574
ATLAS_SIG_B_TOP100,6a92e7670262700013c4e5e9,ATLAS_SIG_B_TOP100,BRD-K43797669,genistein,trt_cp,-2.7034545
ATLAS_SIG_B_TOP100,6a92e7670262700013c4e5e9,ATLAS_SIG_B_TOP100,BRD-K71879491,tretinoin,trt_cp,27.304008
ATLAS_SIG_B_TOP100,6a92e7670262700013c4e5e9,ATLAS_SIG_B_TOP100,BRD-A13084692,troglitazone,trt_cp,-0.5637773
ATLAS_SIG_B_TOP100,6a92e7670262700013c4e5e9,ATLAS_SIG_B_TOP100,BRD-K41260949,valproic-acid,trt_cp,-77.66442
ATLAS_SIG_B_TOP100,6a92e7670262700013c4e5e9,ATLAS_SIG_B_TOP100,BRD-K17705806,JTC-801,trt_cp,-15.610649
ATLAS_SIG_B_TOP100,6a92e7670262700013c4e5e9,ATLAS_SIG_B_TOP100,BRD-K14329163,BAY-K-8644-(S)-(-),trt_cp,-30.917566
ATLAS_SIG_B_TOP100,6a92e7670262700013c4e5e9,ATLAS_SIG_B_TOP100,BRD-A34817987,itraconazole,trt_cp,19.185194
ATLAS_SIG_B_TOP100,6a92e7670262700013c4e5e9,ATLAS_SIG_B_TOP100,BRD-A36630025,SN-38,trt_cp,11.773972
ATLAS_SIG_B_TOP100,6a92e7670262700013c4e5e9,ATLAS_SIG_B_TOP100,BRD-A56359832,zileuton,trt_cp,-44.116383
ATLAS_SIG_B_TOP100,6a92e7670262700013c4e5e9,ATLAS_SIG_B_TOP100,BRD-A62809825,thapsigargin,trt_cp,0.0
ATLAS_SIG_B_TOP100,6a92e7670262700013c4e5e9,ATLAS_SIG_B_TOP100,BRD-K04430056,7-nitroindazole,trt_cp,0.9866103
ATLAS_SIG_B_TOP100,6a92e7670262700013c4e5e9,ATLAS_SIG_B_TOP100,BRD-K17140735,SCH-79797,trt_cp,30.835402
ATLAS_SIG_B_TOP100,6a92e7670262700013c4e5e9,ATLAS_SIG_B_TOP100,BRD-K28907958,CD-437,trt_cp,13.126314
ATLAS_SIG_B_TOP100,6a92e7670262700013c4e5e9,ATLAS_SIG_B_TOP100,BRD-K41859756,NVP-AUY922,trt_cp,-44.01989
ATLAS_SIG_B_TOP100,6a92e7670262700013c4e5e9,ATLAS_SIG_B_TOP100,BRD-K60219430,serdemetan,trt_cp,8.240465
ATLAS_SIG_B_TOP100,6a92e7670262700013c4e5e9,ATLAS_SIG_B_TOP100,BRD-K66792149,quinoclamine,trt_cp,-23.31473
ATLAS_SIG_B_TOP100,6a92e7670262700013c4e5e9,ATLAS_SIG_B_TOP100,BRD-K73319509,PF-04217903,trt_cp,61.831257
ATLAS_SIG_B_TOP100,6a92e7670262700013c4e5e9,ATLAS_SIG_B_TOP100,BRD-K92301463,"16,16-dimethylprostaglandin-e2",trt_cp,16.550428
ATLAS_SIG_B_TOP100,6a92e7670262700013c4e5e9,ATLAS_SIG_B_TOP100,BRD-K93095519,SJ-172550,trt_cp,-81.85003
ATLAS_SIG_B_TOP100,6a92e7670262700013c4e5e9,ATLAS_SIG_B_TOP100,BRD-K99696746,fatostatin,trt_cp,0.3875969
ATLAS_SIG_B_TOP100,6a92e7670262700013c4e5e9,ATLAS_SIG_B_TOP100,BRD-K86682249,BRD-K86682249,trt_cp,-18.802755
ATLAS_SIG_B_TOP100,6a92e7670262700013c4e5e9,ATLAS_SIG_B_TOP100,BRD-K14696368,"9-methyl-5H-6-thia-4,5-diaza-chrysene-6,6-dioxide",trt_cp,50.35176
ATLAS_SIG_B_TOP100,6a92e7670262700013c4e5e9,ATLAS_SIG_B_TOP100,BRD-K98404142,BRD-K98404142,trt_cp,33.072403
ATLAS_SIG_B_TOP100,6a92e7670262700013c4e5e9,ATLAS_SIG_B_TOP100,BRD-A20131130,"2',5'-dideoxyadenosine",trt_cp,-25.192337
ATLAS_SIG_B_TOP100,6a92e7670262700013c4e5e9,ATLAS_SIG_B_TOP100,BRD-K59962020,CHEMBL-374350,trt_cp,0.45806906
ATLAS_SIG_B_TOP100,6a92e7670262700013c4e5e9,ATLAS_SIG_B_TOP100,BRD-K61829047,7b-cis,trt_cp,58.29803
ATLAS_SIG_B_TOP100,6a92e7670262700013c4e5e9,ATLAS_SIG_B_TOP100,BRD-K87142802,veliparib,trt_cp,21.841423
ATLAS_SIG_B_TOP100,6a92e7670262700013c4e5e9,ATLAS_SIG_B_TOP100,BRD-K01192156,tyrphostin-AG-112,trt_cp,-0.9866103
ATLAS_SIG_B_TOP100,6a92e7670262700013c4e5e9,ATLAS_SIG_B_TOP100,BRD-K00615600,AG-14361,trt_cp,-4.0169134
ATLAS_SIG_B_TOP100,6a92e7670262700013c4e5e9,ATLAS_SIG_B_TOP100,BRD-K02113016,olaparib,trt_cp,4.8982725
ATLAS_SIG_B_TOP100,6a92e7670262700013c4e5e9,ATLAS_SIG_B_TOP100,BRD-K28296557,AKT-inhibitor-IV,trt_cp,20.310917
ATLAS_SIG_B_TOP100,6a92e7670262700013c4e5e9,ATLAS_SIG_B_TOP100,BRD-M86331534,pyrvinium-pamoate,trt_cp,-29.28641
ATLAS_SIG_B_TOP100,6a92e7670262700013c4e5e9,ATLAS_SIG_B_TOP100,BRD-K02950022,BMS-299897,trt_cp,34.0343
ATLAS_SIG_B_TOP100,6a92e7670262700013c4e5e9,ATLAS_SIG_B_TOP100,BRD-K34581968,BMS-536924,trt_cp,14.81501
ATLAS_SIG_B_TOP100,6a92e7670262700013c4e5e9,ATLAS_SIG_B_TOP100,BRD-K48923948,BMS-641988,trt_cp,-76.76162
ATLAS_SIG_B_TOP100,6a92e7670262700013c4e5e9,ATLAS_SIG_B_TOP100,BRD-K13049116,BMS-754807,trt_cp,43.913902
ATLAS_SIG_B_TOP100,6a92e7670262700013c4e5e9,ATLAS_SIG_B_TOP100,BRD-K83289131,CAY-10618,trt_cp,-19.009396
ATLAS_SIG_B_TOP100,6a92e7670262700013c4e5e9,ATLAS_SIG_B_TOP100,BRD-A84045418,calpeptin,trt_cp,-0.8104299
ATLAS_SIG_B_TOP100,6a92e7670262700013c4e5e9,ATLAS_SIG_B_TOP100,BRD-K01779529,fluoropyruvate,trt_cp,-82.97991
ATLAS_SIG_B_TOP100,6a92e7670262700013c4e5e9,ATLAS_SIG_B_TOP100,BRD-K74402642,NSC-632839,trt_cp,0.0
ATLAS_SIG_B_TOP100,6a92e7670262700013c4e5e9,ATLAS_SIG_B_TOP100,BRD-K40892394,AR-C133057XX,trt_cp,-71.732864
ATLAS_SIG_B_TOP100,6a92e7670262700013c4e5e9,ATLAS_SIG_B_TOP100,BRD-K80672993,M2-PK-activator,trt_cp,6.741989
ATLAS_SIG_B_TOP100,6a92e7670262700013c4e5e9,ATLAS_SIG_B_TOP100,BRD-K69690935,curcumin,trt_cp,-3.4722035
ATLAS_SIG_B_TOP100,6a92e7670262700013c4e5e9,ATLAS_SIG_B_TOP100,BRD-K86191271,cytosporone-b,trt_cp,19.324753
ATLAS_SIG_B_TOP100,6a92e7670262700013c4e5e9,ATLAS_SIG_B_TOP100,BRD-K75532464,FTI-276,trt_cp,14.88031
ATLAS_SIG_B_TOP100,6a92e7670262700013c4e5e9,ATLAS_SIG_B_TOP100,BRD-K64451768,GANT-58,trt_cp,40.60208
ATLAS_SIG_B_TOP100,6a92e7670262700013c4e5e9,ATLAS_SIG_B_TOP100,BRD-K69840642,ISOX,trt_cp,59.96517
ATLAS_SIG_B_TOP100,6a92e7670262700013c4e5e9,ATLAS_SIG_B_TOP100,BRD-K17349619,HLI-373,trt_cp,-45.57664
ATLAS_SIG_B_TOP100,6a92e7670262700013c4e5e9,ATLAS_SIG_B_TOP100,BRD-A02481876,importazole,trt_cp,-4.139232
ATLAS_SIG_B_TOP100,6a92e7670262700013c4e5e9,ATLAS_SIG_B_TOP100,BRD-A52650764,ingenol,trt_cp,55.17196
ATLAS_SIG_B_TOP100,6a92e7670262700013c4e5e9,ATLAS_SIG_B_TOP100,BRD-K45446451,JZL-184,trt_cp,-44.27649
ATLAS_SIG_B_TOP100,6a92e7670262700013c4e5e9,ATLAS_SIG_B_TOP100,BRD-A58955223,sulforaphane,trt_cp,0.0
ATLAS_SIG_B_TOP100,6a92e7670262700013c4e5e9,ATLAS_SIG_B_TOP100,BRD-K19796430,sonidegib,trt_cp,63.26108
ATLAS_SIG_B_TOP100,6a92e7670262700013c4e5e9,ATLAS_SIG_B_TOP100,BRD-A04352665,maraviroc,trt_cp,-36.880947
ATLAS_SIG_B_TOP100,6a92e7670262700013c4e5e9,ATLAS_SIG_B_TOP100,BRD-K16406336,methylene-blue,trt_cp,15.533035
ATLAS_SIG_B_TOP100,6a92e7670262700013c4e5e9,ATLAS_SIG_B_TOP100,BRD-K68065987,MK-2206,trt_cp,52.23795
ATLAS_SIG_B_TOP100,6a92e7670262700013c4e5e9,ATLAS_SIG_B_TOP100,BRD-K78659596,ixazomib,trt_cp,1.726568
ATLAS_SIG_B_TOP100,6a92e7670262700013c4e5e9,ATLAS_SIG_B_TOP100,BRD-K19894101,MST-312,trt_cp,-43.040028
ATLAS_SIG_B_TOP100,6a92e7670262700013c4e5e9,ATLAS_SIG_B_TOP100,BRD-K36324071,NF-449,trt_cp,-0.77954006
ATLAS_SIG_B_TOP100,6a92e7670262700013c4e5e9,ATLAS_SIG_B_TOP100,BRD-K06792661,narciclasine,trt_cp,0.0
ATLAS_SIG_B_TOP100,6a92e7670262700013c4e5e9,ATLAS_SIG_B_TOP100,BRD-K56700933,phenethyl-isothiocyanate,trt_cp,2.8541226
ATLAS_SIG_B_TOP100,6a92e7670262700013c4e5e9,ATLAS_SIG_B_TOP100,BRD-A19633847,perhexiline,trt_cp,32.51393
ATLAS_SIG_B_TOP100,6a92e7670262700013c4e5e9,ATLAS_SIG_B_TOP100,BRD-K68997413,PF-3845,trt_cp,5.918392
ATLAS_SIG_B_TOP100,6a92e7670262700013c4e5e9,ATLAS_SIG_B_TOP100,BRD-K67868012,PI-103,trt_cp,5.504835
ATLAS_SIG_B_TOP100,6a92e7670262700013c4e5e9,ATLAS_SIG_B_TOP100,BRD-K99818283,PIK-90,trt_cp,-12.302413
ATLAS_SIG_B_TOP100,6a92e7670262700013c4e5e9,ATLAS_SIG_B_TOP100,BRD-K89687904,PKCbeta-inhibitor,trt_cp,-90.70964
ATLAS_SIG_B_TOP100,6a92e7670262700013c4e5e9,ATLAS_SIG_B_TOP100,BRD-K30677119,PP-30,trt_cp,0.7047216
ATLAS_SIG_B_TOP100,6a92e7670262700013c4e5e9,ATLAS_SIG_B_TOP100,BRD-K49456190,prima-1-met,trt_cp,-10.859811
ATLAS_SIG_B_TOP100,6a92e7670262700013c4e5e9,ATLAS_SIG_B_TOP100,BRD-A73680854,PT-630,trt_cp,-61.37095
ATLAS_SIG_B_TOP100,6a92e7670262700013c4e5e9,ATLAS_SIG_B_TOP100,BRD-K59597909,phenothiazine,trt_cp,-59.962017
ATLAS_SIG_B_TOP100,6a92e7670262700013c4e5e9,ATLAS_SIG_B_TOP100,BRD-K02526760,QS-11,trt_cp,1.9660532
ATLAS_SIG_B_TOP100,6a92e7670262700013c4e5e9,ATLAS_SIG_B_TOP100,BRD-U94846492,quinine,trt_cp,-24.529684
ATLAS_SIG_B_TOP100,6a92e7670262700013c4e5e9,ATLAS_SIG_B_TOP100,BRD-K20285085,fostamatinib,trt_cp,-11.014312
ATLAS_SIG_B_TOP100,6a92e7670262700013c4e5e9,ATLAS_SIG_B_TOP100,BRD-A23770159,sirolimus,trt_cp,0.0
ATLAS_SIG_B_TOP100,6a92e7670262700013c4e5e9,ATLAS_SIG_B_TOP100,BRD-K08417745,SID-26681509,trt_cp,23.44221
ATLAS_SIG_B_TOP100,6a92e7670262700013c4e5e9,ATLAS_SIG_B_TOP100,BRD-K60623809,SU-11652,trt_cp,67.35304
ATLAS_SIG_B_TOP100,6a92e7670262700013c4e5e9,ATLAS_SIG_B_TOP100,BRD-K12502280,TG-101348,trt_cp,-5.211401
ATLAS_SIG_B_TOP100,6a92e7670262700013c4e5e9,ATLAS_SIG_B_TOP100,BRD-K32107296,temozolomide,trt_cp,-19.772045
ATLAS_SIG_B_TOP100,6a92e7670262700013c4e5e9,ATLAS_SIG_B_TOP100,BRD-K63195589,tipifarnib,trt_cp,-12.970555
ATLAS_SIG_B_TOP100,6a92e7670262700013c4e5e9,ATLAS_SIG_B_TOP100,BRD-K62965247,tipifarnib-P2,trt_cp,0.070472166
ATLAS_SIG_B_TOP100,6a92e7670262700013c4e5e9,ATLAS_SIG_B_TOP100,BRD-K57011718,UK-356618,trt_cp,72.10256
ATLAS_SIG_B_TOP100,6a92e7670262700013c4e5e9,ATLAS_SIG_B_TOP100,BRD-K32330832,VER-155008,trt_cp,-13.693678
ATLAS_SIG_B_TOP100,6a92e7670262700013c4e5e9,ATLAS_SIG_B_TOP100,BRD-A58280226,Y-27632,trt_cp,61.282734
ATLAS_SIG_B_TOP100,6a92e7670262700013c4e5e9,ATLAS_SIG_B_TOP100,BRD-A62182663,YK-4279,trt_cp,26.364023
ATLAS_SIG_B_TOP100,6a92e7670262700013c4e5e9,ATLAS_SIG_B_TOP100,BRD-A47829399,artesunate,trt_cp,1.826442
ATLAS_SIG_B_TOP100,6a92e7670262700013c4e5e9,ATLAS_SIG_B_TOP100,BRD-A79465854,auranofin,trt_cp,95.58729
ATLAS_SIG_B_TOP100,6a92e7670262700013c4e5e9,ATLAS_SIG_B_TOP100,BRD-A28105619,cucurbitacin-i,trt_cp,7.3060904
ATLAS_SIG_B_TOP100,6a92e7670262700013c4e5e9,ATLAS_SIG_B_TOP100,BRD-K61314889,endo-IWR-1,trt_cp,-40.875793
ATLAS_SIG_B_TOP100,6a92e7670262700013c4e5e9,ATLAS_SIG_B_TOP100,BRD-A70449690,forskolin,trt_cp,46.48454
ATLAS_SIG_B_TOP100,6a92e7670262700013c4e5e9,ATLAS_SIG_B_TOP100,BRD-A77216878,manumycin-a,trt_cp,57.949844
ATLAS_SIG_B_TOP100,6a92e7670262700013c4e5e9,ATLAS_SIG_B_TOP100,BRD-A76279427,myriocin,trt_cp,32.41291
ATLAS_SIG_B_TOP100,6a92e7670262700013c4e5e9,ATLAS_SIG_B_TOP100,BRD-A43331270,niguldipine,trt_cp,0.0
ATLAS_SIG_B_TOP100,6a92e7670262700013c4e5e9,ATLAS_SIG_B_TOP100,BRD-A15079084,phorbol-12-myristate-13-acetate,trt_cp,76.669716
ATLAS_SIG_B_TOP100,6a92e7670262700013c4e5e9,ATLAS_SIG_B_TOP100,BRD-A01145011,zebularine,trt_cp,-11.189899
ATLAS_SIG_B_TOP100,6a92e7670262700013c4e5e9,ATLAS_SIG_B_TOP100,BRD-K01638814,rilmenidine,trt_cp,-53.919815
ATLAS_SIG_B_TOP100,6a92e7670262700013c4e5e9,ATLAS_SIG_B_TOP100,BRD-A62025033,temsirolimus,trt_cp,0.9866103
ATLAS_SIG_B_TOP100,6a92e7670262700013c4e5e9,ATLAS_SIG_B_TOP100,BRD-K04853698,LDN-193189,trt_cp,-15.436676
ATLAS_SIG_B_TOP100,6a92e7670262700013c4e5e9,ATLAS_SIG_B_TOP100,BRD-K91691979,BRD-K91691979,trt_cp,-21.41692
ATLAS_SIG_B_TOP100,6a92e7670262700013c4e5e9,ATLAS_SIG_B_TOP100,BRD-K76425766,BRD-K76425766,trt_cp,-36.89001
ATLAS_SIG_B_TOP100,6a92e7670262700013c4e5e9,ATLAS_SIG_B_TOP100,BRD-K19059335,BRD-K19059335,trt_cp,0.0
ATLAS_SIG_B_TOP100,6a92e7670262700013c4e5e9,ATLAS_SIG_B_TOP100,BRD-K14609189,BRD-K14609189,trt_cp,2.9245949
ATLAS_SIG_B_TOP100,6a92e7670262700013c4e5e9,ATLAS_SIG_B_TOP100,BRD-K11717138,benzbromarone,trt_cp,2.149401
ATLAS_SIG_B_TOP100,6a92e7670262700013c4e5e9,ATLAS_SIG_B_TOP100,BRD-A28422330,BRD-A28422330,trt_cp,31.278278
ATLAS_SIG_B_TOP100,6a92e7670262700013c4e5e9,ATLAS_SIG_B_TOP100,BRD-A12633378,BRD-A12633378,trt_cp,81.92563
ATLAS_SIG_B_TOP100,6a92e7670262700013c4e5e9,ATLAS_SIG_B_TOP100,BRD-K77690805,BRD-K77690805,trt_cp,-52.50276
ATLAS_SIG_B_TOP100,6a92e7670262700013c4e5e9,ATLAS_SIG_B_TOP100,BRD-K58033748,BRD-K58033748,trt_cp,27.661644
ATLAS_SIG_B_TOP100,6a92e7670262700013c4e5e9,ATLAS_SIG_B_TOP100,BRD-K45031696,BRD-K45031696,trt_cp,3.7920747
ATLAS_SIG_B_TOP100,6a92e7670262700013c4e5e9,ATLAS_SIG_B_TOP100,BRD-K27074404,BRD-K27074404,trt_cp,-4.113632
ATLAS_SIG_B_TOP100,6a92e7670262700013c4e5e9,ATLAS_SIG_B_TOP100,BRD-A16820783,BRD-A16820783,trt_cp,8.44203
ATLAS_SIG_B_TOP100,6a92e7670262700013c4e5e9,ATLAS_SIG_B_TOP100,BRD-K00313977,BRD-K00313977,trt_cp,-13.046007
ATLAS_SIG_B_TOP100,6a92e7670262700013c4e5e9,ATLAS_SIG_B_TOP100,BRD-K07872006,BRD-K07872006,trt_cp,-6.900154
ATLAS_SIG_B_TOP100,6a92e7670262700013c4e5e9,ATLAS_SIG_B_TOP100,BRD-K11540476,EMF-BCA1-64,trt_cp,-15.317196
ATLAS_SIG_B_TOP100,6a92e7670262700013c4e5e9,ATLAS_SIG_B_TOP100,BRD-K11757396,BRD-K11757396,trt_cp,4.6511626
ATLAS_SIG_B_TOP100,6a92e7670262700013c4e5e9,ATLAS_SIG_B_TOP100,BRD-K12401458,BRD-K12401458,trt_cp,-10.469114
ATLAS_SIG_B_TOP100,6a92e7670262700013c4e5e9,ATLAS_SIG_B_TOP100,BRD-K14048378,BRD-K14048378,trt_cp,-16.62006
ATLAS_SIG_B_TOP100,6a92e7670262700013c4e5e9,ATLAS_SIG_B_TOP100,BRD-K14236372,BRD-K14236372,trt_cp,0.0
ATLAS_SIG_B_TOP100,6a92e7670262700013c4e5e9,ATLAS_SIG_B_TOP100,BRD-K16618170,BRD-K16618170,trt_cp,-65.60508
ATLAS_SIG_B_TOP100,6a92e7670262700013c4e5e9,ATLAS_SIG_B_TOP100,BRD-K24538644,KU-C104502N,trt_cp,-12.755462
ATLAS_SIG_B_TOP100,6a92e7670262700013c4e5e9,ATLAS_SIG_B_TOP100,BRD-K36038115,BRD-K36038115,trt_cp,0.0
ATLAS_SIG_B_TOP100,6a92e7670262700013c4e5e9,ATLAS_SIG_B_TOP100,BRD-K51302260,KU-C103871,trt_cp,0.9161381
ATLAS_SIG_B_TOP100,6a92e7670262700013c4e5e9,ATLAS_SIG_B_TOP100,BRD-K60218670,BRD-K60218670,trt_cp,-36.972008
ATLAS_SIG_B_TOP100,6a92e7670262700013c4e5e9,ATLAS_SIG_B_TOP100,BRD-K64314806,BRD-K64314806,trt_cp,28.232367
ATLAS_SIG_B_TOP100,6a92e7670262700013c4e5e9,ATLAS_SIG_B_TOP100,BRD-K64610608,EMF-BCA1-57,trt_cp,-17.123022
ATLAS_SIG_B_TOP100,6a92e7670262700013c4e5e9,ATLAS_SIG_B_TOP100,BRD-K68437527,EMF-BCA1-60,trt_cp,-1.726568
ATLAS_SIG_B_TOP100,6a92e7670262700013c4e5e9,ATLAS_SIG_B_TOP100,BRD-K72817452,BRD-K72817452,trt_cp,0.0
ATLAS_SIG_B_TOP100,6a92e7670262700013c4e5e9,ATLAS_SIG_B_TOP100,BRD-K73285375,BRD-K73285375,trt_cp,-56.528816
ATLAS_SIG_B_TOP100,6a92e7670262700013c4e5e9,ATLAS_SIG_B_TOP100,BRD-K94919853,10H-phenothiazin-10-yl)(p-tolyl)methanone,trt_cp,25.398825
ATLAS_SIG_B_TOP100,6a92e7670262700013c4e5e9,ATLAS_SIG_B_TOP100,BRD-A71657825,2-(biphenyl-4-ylsulfonamido)pentanedioic-acid,trt_cp,2.149401
ATLAS_SIG_B_TOP100,6a92e7670262700013c4e5e9,ATLAS_SIG_B_TOP100,BRD-K73709114,BRD-K73709114,trt_cp,28.895605
ATLAS_SIG_B_TOP100,6a92e7670262700013c4e5e9,ATLAS_SIG_B_TOP100,BRD-K77681376,BRD-K77681376,trt_cp,63.016926
ATLAS_SIG_B_TOP100,6a92e7670262700013c4e5e9,ATLAS_SIG_B_TOP100,BRD-K76211160,BRD-K76211160,trt_cp,52.176598
ATLAS_SIG_B_TOP100,6a92e7670262700013c4e5e9,ATLAS_SIG_B_TOP100,BRD-K08219523,5-nonyloxytryptamine,trt_cp,19.16597
ATLAS_SIG_B_TOP100,6a92e7670262700013c4e5e9,ATLAS_SIG_B_TOP100,BRD-K91442916,CAM-9-026,trt_cp,8.998069
ATLAS_SIG_B_TOP100,6a92e7670262700013c4e5e9,ATLAS_SIG_B_TOP100,BRD-K03067624,emetine,trt_cp,0.0
ATLAS_SIG_B_TOP100,6a92e7670262700013c4e5e9,ATLAS_SIG_B_TOP100,BRD-A82096673,KU-C103428N,trt_cp,-48.50032
ATLAS_SIG_B_TOP100,6a92e7670262700013c4e5e9,ATLAS_SIG_B_TOP100,BRD-A81402010,KU-C103443N,trt_cp,-0.63424945
ATLAS_SIG_B_TOP100,6a92e7670262700013c4e5e9,ATLAS_SIG_B_TOP100,BRD-K36153907,KU-C103885,trt_cp,27.461502
ATLAS_SIG_B_TOP100,6a92e7670262700013c4e5e9,ATLAS_SIG_B_TOP100,BRD-A53107311,BRD-A53107311,trt_cp,6.2015505
ATLAS_SIG_B_TOP100,6a92e7670262700013c4e5e9,ATLAS_SIG_B_TOP100,BRD-K48974000,BRD-K48974000,trt_cp,27.691181
ATLAS_SIG_B_TOP100,6a92e7670262700013c4e5e9,ATLAS_SIG_B_TOP100,BRD-A69470004,BRD-A69470004,trt_cp,6.02537
ATLAS_SIG_B_TOP100,6a92e7670262700013c4e5e9,ATLAS_SIG_B_TOP100,BRD-A05680309,BRD-A05680309,trt_cp,-20.738321
ATLAS_SIG_B_TOP100,6a92e7670262700013c4e5e9,ATLAS_SIG_B_TOP100,BRD-A97035593,BRD-A97035593,trt_cp,10.297086
ATLAS_SIG_B_TOP100,6a92e7670262700013c4e5e9,ATLAS_SIG_B_TOP100,BRD-K55186349,BRD-K55186349,trt_cp,8.707808
ATLAS_SIG_B_TOP100,6a92e7670262700013c4e5e9,ATLAS_SIG_B_TOP100,BRD-K43149758,myricetin,trt_cp,-43.03753
ATLAS_SIG_B_TOP100,6a92e7670262700013c4e5e9,ATLAS_SIG_B_TOP100,BRD-K53780220,BRD-K53780220,trt_cp,80.73074
ATLAS_SIG_B_TOP100,6a92e7670262700013c4e5e9,ATLAS_SIG_B_TOP100,BRD-K56658166,BRD-K56658166,trt_cp,-18.27004
ATLAS_SIG_B_TOP100,6a92e7670262700013c4e5e9,ATLAS_SIG_B_TOP100,BRD-K28452084,BRD-K28452084,trt_cp,32.071117
ATLAS_SIG_B_TOP100,6a92e7670262700013c4e5e9,ATLAS_SIG_B_TOP100,BRD-K97274161,BRD-K97274161,trt_cp,4.165455
ATLAS_SIG_B_TOP100,6a92e7670262700013c4e5e9,ATLAS_SIG_B_TOP100,BRD-K20401833,BRD-K20401833,trt_cp,53.849304
ATLAS_SIG_B_TOP100,6a92e7670262700013c4e5e9,ATLAS_SIG_B_TOP100,BRD-K70693222,BRD-K70693222,trt_cp,-43.522636
ATLAS_SIG_B_TOP100,6a92e7670262700013c4e5e9,ATLAS_SIG_B_TOP100,BRD-K55703048,latrepirdine,trt_cp,-61.06723
ATLAS_SIG_B_TOP100,6a92e7670262700013c4e5e9,ATLAS_SIG_B_TOP100,BRD-K73610817,BRD-K73610817,trt_cp,60.792492
ATLAS_SIG_B_TOP100,6a92e7670262700013c4e5e9,ATLAS_SIG_B_TOP100,BRD-K78883024,BRD-K78883024,trt_cp,14.921373
ATLAS_SIG_B_TOP100,6a92e7670262700013c4e5e9,ATLAS_SIG_B_TOP100,BRD-K30351863,BRD-K30351863,trt_cp,72.65944
ATLAS_SIG_B_TOP100,6a92e7670262700013c4e5e9,ATLAS_SIG_B_TOP100,BRD-K37940862,BRD-K37940862,trt_cp,12.843404
ATLAS_SIG_B_TOP100,6a92e7670262700013c4e5e9,ATLAS_SIG_B_TOP100,BRD-K68783079,BRD-K68783079,trt_cp,10.398253
ATLAS_SIG_B_TOP100,6a92e7670262700013c4e5e9,ATLAS_SIG_B_TOP100,BRD-K88761633,BRD-K88761633,trt_cp,-70.86825
ATLAS_SIG_B_TOP100,6a92e7670262700013c4e5e9,ATLAS_SIG_B_TOP100,BRD-K06956503,BRD-K06956503,trt_cp,7.491915
ATLAS_SIG_B_TOP100,6a92e7670262700013c4e5e9,ATLAS_SIG_B_TOP100,BRD-A32917072,BRD-A32917072,trt_cp,29.311213
ATLAS_SIG_B_TOP100,6a92e7670262700013c4e5e9,ATLAS_SIG_B_TOP100,BRD-A61599461,BRD-A61599461,trt_cp,-46.383034
ATLAS_SIG_B_TOP100,6a92e7670262700013c4e5e9,ATLAS_SIG_B_TOP100,BRD-A81377415,BRD-A81377415,trt_cp,48.95813
ATLAS_SIG_B_TOP100,6a92e7670262700013c4e5e9,ATLAS_SIG_B_TOP100,BRD-K89237706,noscapine,trt_cp,-29.520351
ATLAS_SIG_B_TOP100,6a92e7670262700013c4e5e9,ATLAS_SIG_B_TOP100,BRD-K40213712,SAL-1,trt_cp,-63.043133
ATLAS_SIG_B_TOP100,6a92e7670262700013c4e5e9,ATLAS_SIG_B_TOP100,BRD-A41630653,BRD-A41630653,trt_cp,-40.289722
ATLAS_SIG_B_TOP100,6a92e7670262700013c4e5e9,ATLAS_SIG_B_TOP100,BRD-A57457122,VU-0400071-3,trt_cp,-66.11276
ATLAS_SIG_B_TOP100,6a92e7670262700013c4e5e9,ATLAS_SIG_B_TOP100,BRD-K84141129,VU-0400193-3,trt_cp,-85.439865
ATLAS_SIG_B_TOP100,6a92e7670262700013c4e5e9,ATLAS_SIG_B_TOP100,BRD-K30570479,VU-0400195-3,trt_cp,-62.669506
ATLAS_SIG_B_TOP100,6a92e7670262700013c4e5e9,ATLAS_SIG_B_TOP100,BRD-A52172093,VU-0413807-2,trt_cp,0.0
ATLAS_SIG_B_TOP100,6a92e7670262700013c4e5e9,ATLAS_SIG_B_TOP100,BRD-K76907295,VU-0418947-2,trt_cp,19.384813
ATLAS_SIG_B_TOP100,6a92e7670262700013c4e5e9,ATLAS_SIG_B_TOP100,BRD-K59633790,VU-0420363-1,trt_cp,-12.442986
ATLAS_SIG_B_TOP100,6a92e7670262700013c4e5e9,ATLAS_SIG_B_TOP100,BRD-K92817986,BIX-02188,trt_cp,-5.7150655
ATLAS_SIG_B_TOP100,6a92e7670262700013c4e5e9,ATLAS_SIG_B_TOP100,BRD-A67981824,cefotaxime,trt_cp,-29.016073
ATLAS_SIG_B_TOP100,6a92e7670262700013c4e5e9,ATLAS_SIG_B_TOP100,BRD-A74500471,ethambutol,trt_cp,1.4446794
ATLAS_SIG_B_TOP100,6a92e7670262700013c4e5e9,ATLAS_SIG_B_TOP100,BRD-A10070317,propranolol,trt_cp,17.578682
ATLAS_SIG_B_TOP100,6a92e7670262700013c4e5e9,ATLAS_SIG_B_TOP100,BRD-K02992638,lamivudine,trt_cp,-3.6997886
ATLAS_SIG_B_TOP100,6a92e7670262700013c4e5e9,ATLAS_SIG_B_TOP100,BRD-K35240538,methylprednisolone,trt_cp,14.321532
ATLAS_SIG_B_TOP100,6a92e7670262700013c4e5e9,ATLAS_SIG_B_TOP100,BRD-A84702196,penicillin,trt_cp,4.0521493
ATLAS_SIG_B_TOP100,6a92e7670262700013c4e5e9,ATLAS_SIG_B_TOP100,BRD-K87024524,phenelzine,trt_cp,5.041535
ATLAS_SIG_B_TOP100,6a92e7670262700013c4e5e9,ATLAS_SIG_B_TOP100,BRD-A96255180,ribavirin,trt_cp,-23.48811
ATLAS_SIG_B_TOP100,6a92e7670262700013c4e5e9,ATLAS_SIG_B_TOP100,BRD-K28346421,rifapentine,trt_cp,-51.404182
ATLAS_SIG_B_TOP100,6a92e7670262700013c4e5e9,ATLAS_SIG_B_TOP100,BRD-K22878149,SB-205607,trt_cp,41.32544
ATLAS_SIG_B_TOP100,6a92e7670262700013c4e5e9,ATLAS_SIG_B_TOP100,BRD-A22256192,terazosin,trt_cp,-32.48725
ATLAS_SIG_B_TOP100,6a92e7670262700013c4e5e9,ATLAS_SIG_B_TOP100,BRD-K88304388,dextrorphan,trt_cp,52.795708
ATLAS_SIG_B_TOP100,6a92e7670262700013c4e5e9,ATLAS_SIG_B_TOP100,BRD-K94144010,cotinine,trt_cp,24.418194
ATLAS_SIG_B_TOP100,6a92e7670262700013c4e5e9,ATLAS_SIG_B_TOP100,BRD-A17664363,BRD-A17664363,trt_cp,20.401152
ATLAS_SIG_B_TOP100,6a92e7670262700013c4e5e9,ATLAS_SIG_B_TOP100,BRD-A54632525,BRD-A54632525,trt_cp,-12.376345
ATLAS_SIG_B_TOP100,6a92e7670262700013c4e5e9,ATLAS_SIG_B_TOP100,BRD-A61189834,BRD-A61189834,trt_cp,-42.7526
ATLAS_SIG_B_TOP100,6a92e7670262700013c4e5e9,ATLAS_SIG_B_TOP100,BRD-A71009679,KU-C103420N,trt_cp,-55.45828
ATLAS_SIG_B_TOP100,6a92e7670262700013c4e5e9,ATLAS_SIG_B_TOP100,BRD-A89049230,BRD-A89049230,trt_cp,-1.5440829
ATLAS_SIG_B_TOP100,6a92e7670262700013c4e5e9,ATLAS_SIG_B_TOP100,BRD-A93048969,BRD-A93048969,trt_cp,-41.836624
ATLAS_SIG_B_TOP100,6a92e7670262700013c4e5e9,ATLAS_SIG_B_TOP100,BRD-A94297859,BRD-A94297859,trt_cp,7.617457
ATLAS_SIG_B_TOP100,6a92e7670262700013c4e5e9,ATLAS_SIG_B_TOP100,BRD-K00256256,BRD-K00256256,trt_cp,4.686399
ATLAS_SIG_B_TOP100,6a92e7670262700013c4e5e9,ATLAS_SIG_B_TOP100,BRD-K01265221,BRD-K01265221,trt_cp,73.15111
ATLAS_SIG_B_TOP100,6a92e7670262700013c4e5e9,ATLAS_SIG_B_TOP100,BRD-K06217810,BRD-K06217810,trt_cp,1.9027485
ATLAS_SIG_B_TOP100,6a92e7670262700013c4e5e9,ATLAS_SIG_B_TOP100,BRD-K11663430,pyroxamide,trt_cp,79.023834
ATLAS_SIG_B_TOP100,6a92e7670262700013c4e5e9,ATLAS_SIG_B_TOP100,BRD-K13810148,givinostat,trt_cp,89.44319
ATLAS_SIG_B_TOP100,6a92e7670262700013c4e5e9,ATLAS_SIG_B_TOP100,BRD-K19985802,BRD-K19985802,trt_cp,7.5757575
ATLAS_SIG_B_TOP100,6a92e7670262700013c4e5e9,ATLAS_SIG_B_TOP100,BRD-K21009077,BRD-K21009077,trt_cp,-21.81854
ATLAS_SIG_B_TOP100,6a92e7670262700013c4e5e9,ATLAS_SIG_B_TOP100,BRD-K22828899,TUL-XXI039,trt_cp,-23.666769
ATLAS_SIG_B_TOP100,6a92e7670262700013c4e5e9,ATLAS_SIG_B_TOP100,BRD-K28143534,cyproheptadine,trt_cp,1.9379845
ATLAS_SIG_B_TOP100,6a92e7670262700013c4e5e9,ATLAS_SIG_B_TOP100,BRD-K29113274,ketoconazole,trt_cp,-38.17706
ATLAS_SIG_B_TOP100,6a92e7670262700013c4e5e9,ATLAS_SIG_B_TOP100,BRD-K32656671,BRD-K32656671,trt_cp,-2.8541226
ATLAS_SIG_B_TOP100,6a92e7670262700013c4e5e9,ATLAS_SIG_B_TOP100,BRD-K33106058,cytarabine,trt_cp,17.251162
ATLAS_SIG_B_TOP100,6a92e7670262700013c4e5e9,ATLAS_SIG_B_TOP100,BRD-K34508425,KU-C103898N,trt_cp,-3.911205
ATLAS_SIG_B_TOP100,6a92e7670262700013c4e5e9,ATLAS_SIG_B_TOP100,BRD-K37798499,etoposide,trt_cp,-9.760395
ATLAS_SIG_B_TOP100,6a92e7670262700013c4e5e9,ATLAS_SIG_B_TOP100,BRD-K47278471,diphenhydramine,trt_cp,-13.859527
ATLAS_SIG_B_TOP100,6a92e7670262700013c4e5e9,ATLAS_SIG_B_TOP100,BRD-K48115423,2-(4-methoxybenzylthio)-6-methylpyrimidin-4-ol,trt_cp,-37.311516
ATLAS_SIG_B_TOP100,6a92e7670262700013c4e5e9,ATLAS_SIG_B_TOP100,BRD-K48969316,BRD-K48969316,trt_cp,-2.8541226
ATLAS_SIG_B_TOP100,6a92e7670262700013c4e5e9,ATLAS_SIG_B_TOP100,BRD-K52080565,nandrolone,trt_cp,0.45806906
ATLAS_SIG_B_TOP100,6a92e7670262700013c4e5e9,ATLAS_SIG_B_TOP100,BRD-K61106942,BRD-K61106942,trt_cp,-71.33548
ATLAS_SIG_B_TOP100,6a92e7670262700013c4e5e9,ATLAS_SIG_B_TOP100,BRD-K61217870,N-(3-acetamidophenyl)-3-chlorobenzamide,trt_cp,-68.56732
ATLAS_SIG_B_TOP100,6a92e7670262700013c4e5e9,ATLAS_SIG_B_TOP100,BRD-K64606589,apicidin,trt_cp,87.976585
ATLAS_SIG_B_TOP100,6a92e7670262700013c4e5e9,ATLAS_SIG_B_TOP100,BRD-K64835161,ML-167,trt_cp,-49.800385
ATLAS_SIG_B_TOP100,6a92e7670262700013c4e5e9,ATLAS_SIG_B_TOP100,BRD-K65910366,KU-C103904N,trt_cp,-4.0521493
ATLAS_SIG_B_TOP100,6a92e7670262700013c4e5e9,ATLAS_SIG_B_TOP100,BRD-K70751730,BRD-K70751730,trt_cp,-44.232243
ATLAS_SIG_B_TOP100,6a92e7670262700013c4e5e9,ATLAS_SIG_B_TOP100,BRD-K72264770,QW-BI-011,trt_cp,-37.836708
ATLAS_SIG_B_TOP100,6a92e7670262700013c4e5e9,ATLAS_SIG_B_TOP100,BRD-K74761218,WT-171,trt_cp,0.0
ATLAS_SIG_B_TOP100,6a92e7670262700013c4e5e9,ATLAS_SIG_B_TOP100,BRD-K85853281,BRD-K85853281,trt_cp,71.64285
ATLAS_SIG_B_TOP100,6a92e7670262700013c4e5e9,ATLAS_SIG_B_TOP100,BRD-U37049823,HG-6-64-01,trt_cp,36.223755
ATLAS_SIG_B_TOP100,6a92e7670262700013c4e5e9,ATLAS_SIG_B_TOP100,BRD-U44700465,HG-5-88-01,trt_cp,-53.11589
ATLAS_SIG_B_TOP100,6a92e7670262700013c4e5e9,ATLAS_SIG_B_TOP100,BRD-U68942961,JW-7-24-1,trt_cp,16.6838
ATLAS_SIG_B_TOP100,6a92e7670262700013c4e5e9,ATLAS_SIG_B_TOP100,BRD-U82589721,HG-5-113-01,trt_cp,-6.871036
ATLAS_SIG_B_TOP100,6a92e7670262700013c4e5e9,ATLAS_SIG_B_TOP100,BRD-K26947839,BRD-K26947839,trt_cp,-5.6106744
ATLAS_SIG_B_TOP100,6a92e7670262700013c4e5e9,ATLAS_SIG_B_TOP100,BRD-K32795028,1-benzylimidazole,trt_cp,-80.62637
ATLAS_SIG_B_TOP100,6a92e7670262700013c4e5e9,ATLAS_SIG_B_TOP100,BRD-K78278890,NM-PP1,trt_cp,-3.370225
ATLAS_SIG_B_TOP100,6a92e7670262700013c4e5e9,ATLAS_SIG_B_TOP100,BRD-A15010982,HU-211,trt_cp,-19.786514
ATLAS_SIG_B_TOP100,6a92e7670262700013c4e5e9,ATLAS_SIG_B_TOP100,BRD-K87573634,propylpyrazole,trt_cp,2.0436928
ATLAS_SIG_B_TOP100,6a92e7670262700013c4e5e9,ATLAS_SIG_B_TOP100,BRD-K54987996,CAY-10578,trt_cp,-31.30797
ATLAS_SIG_B_TOP100,6a92e7670262700013c4e5e9,ATLAS_SIG_B_TOP100,BRD-A67438293,treprostinil,trt_cp,-45.901474
ATLAS_SIG_B_TOP100,6a92e7670262700013c4e5e9,ATLAS_SIG_B_TOP100,BRD-K40619305,larixinic-acid,trt_cp,-3.488372
ATLAS_SIG_B_TOP100,6a92e7670262700013c4e5e9,ATLAS_SIG_B_TOP100,BRD-K66896231,ipidacrine,trt_cp,-1.4799154
ATLAS_SIG_B_TOP100,6a92e7670262700013c4e5e9,ATLAS_SIG_B_TOP100,BRD-K55055802,BRD-K55055802,trt_cp,35.27373
ATLAS_SIG_B_TOP100,6a92e7670262700013c4e5e9,ATLAS_SIG_B_TOP100,BRD-K20168484,BRD-K20168484,trt_cp,-10.840423
ATLAS_SIG_B_TOP100,6a92e7670262700013c4e5e9,ATLAS_SIG_B_TOP100,BRD-K85925969,zalcitabine,trt_cp,-8.5609045
ATLAS_SIG_B_TOP100,6a92e7670262700013c4e5e9,ATLAS_SIG_B_TOP100,BRD-K99063460,didanosine,trt_cp,12.961865
ATLAS_SIG_B_TOP100,6a92e7670262700013c4e5e9,ATLAS_SIG_B_TOP100,BRD-K61993165,niacin,trt_cp,-8.392063
ATLAS_SIG_B_TOP100,6a92e7670262700013c4e5e9,ATLAS_SIG_B_TOP100,BRD-K79511609,BRD-K79511609,trt_cp,-59.437984
ATLAS_SIG_B_TOP100,6a92e7670262700013c4e5e9,ATLAS_SIG_B_TOP100,BRD-K51941867,LM-1685,trt_cp,-30.872517
ATLAS_SIG_B_TOP100,6a92e7670262700013c4e5e9,ATLAS_SIG_B_TOP100,BRD-K57954781,BRD-K57954781,trt_cp,9.44327
ATLAS_SIG_B_TOP100,6a92e7670262700013c4e5e9,ATLAS_SIG_B_TOP100,BRD-K06878038,deferiprone,trt_cp,-60.271294
ATLAS_SIG_B_TOP100,6a92e7670262700013c4e5e9,ATLAS_SIG_B_TOP100,BRD-K09485525,GANT-61,trt_cp,-18.975803
ATLAS_SIG_B_TOP100,6a92e7670262700013c4e5e9,ATLAS_SIG_B_TOP100,BRD-K92413528,thiazolidinecarboxylic-acid,trt_cp,62.35475
ATLAS_SIG_B_TOP100,6a92e7670262700013c4e5e9,ATLAS_SIG_B_TOP100,BRD-K28849549,mesalazine,trt_cp,45.50328
ATLAS_SIG_B_TOP100,6a92e7670262700013c4e5e9,ATLAS_SIG_B_TOP100,BRD-K34437622,5-FP,trt_cp,3.1007752
ATLAS_SIG_B_TOP100,6a92e7670262700013c4e5e9,ATLAS_SIG_B_TOP100,BRD-K82143716,flucytosine,trt_cp,-1.303735
ATLAS_SIG_B_TOP100,6a92e7670262700013c4e5e9,ATLAS_SIG_B_TOP100,BRD-K30197592,5-methoxytryptamine,trt_cp,-2.3608174
ATLAS_SIG_B_TOP100,6a92e7670262700013c4e5e9,ATLAS_SIG_B_TOP100,BRD-K55591206,epigallocatechin-gallate-(-),trt_cp,-80.946304
ATLAS_SIG_B_TOP100,6a92e7670262700013c4e5e9,ATLAS_SIG_B_TOP100,BRD-K89626439,sirolimus,trt_cp,-13.069743
ATLAS_SIG_B_TOP100,6a92e7670262700013c4e5e9,ATLAS_SIG_B_TOP100,BRD-K49372556,mofezolac,trt_cp,8.020924
ATLAS_SIG_B_TOP100,6a92e7670262700013c4e5e9,ATLAS_SIG_B_TOP100,BRD-K51066026,aminoindazole,trt_cp,4.298802
ATLAS_SIG_B_TOP100,6a92e7670262700013c4e5e9,ATLAS_SIG_B_TOP100,BRD-K56745457,azauridine,trt_cp,-3.7688155
ATLAS_SIG_B_TOP100,6a92e7670262700013c4e5e9,ATLAS_SIG_B_TOP100,BRD-K72238567,fludarabine,trt_cp,53.932022
ATLAS_SIG_B_TOP100,6a92e7670262700013c4e5e9,ATLAS_SIG_B_TOP100,BRD-A00520476,AF-DX-116,trt_cp,47.169907
ATLAS_SIG_B_TOP100,6a92e7670262700013c4e5e9,ATLAS_SIG_B_TOP100,BRD-A61858259,CAY-10415,trt_cp,-57.485313
ATLAS_SIG_B_TOP100,6a92e7670262700013c4e5e9,ATLAS_SIG_B_TOP100,BRD-K15107389,BRD-K15107389,trt_cp,18.47464
ATLAS_SIG_B_TOP100,6a92e7670262700013c4e5e9,ATLAS_SIG_B_TOP100,BRD-A74771556,nikkomycin,trt_cp,-38.02307
ATLAS_SIG_B_TOP100,6a92e7670262700013c4e5e9,ATLAS_SIG_B_TOP100,BRD-K63954456,BRD-K63954456,trt_cp,-6.0966434
ATLAS_SIG_B_TOP100,6a92e7670262700013c4e5e9,ATLAS_SIG_B_TOP100,BRD-K64310881,MW-STK33-3B,trt_cp,30.30152
ATLAS_SIG_B_TOP100,6a92e7670262700013c4e5e9,ATLAS_SIG_B_TOP100,BRD-A07614565,BRD-A07614565,trt_cp,-11.358015
ATLAS_SIG_B_TOP100,6a92e7670262700013c4e5e9,ATLAS_SIG_B_TOP100,BRD-K82357231,desloratadine,trt_cp,72.910324
ATLAS_SIG_B_TOP100,6a92e7670262700013c4e5e9,ATLAS_SIG_B_TOP100,BRD-K26863634,BIX-01338,trt_cp,-6.661896
ATLAS_SIG_B_TOP100,6a92e7670262700013c4e5e9,ATLAS_SIG_B_TOP100,BRD-A47706533,buthionine-sulfoximine,trt_cp,-32.15024
ATLAS_SIG_B_TOP100,6a92e7670262700013c4e5e9,ATLAS_SIG_B_TOP100,BRD-K14550461,doxercalciferol,trt_cp,-20.646107
ATLAS_SIG_B_TOP100,6a92e7670262700013c4e5e9,ATLAS_SIG_B_TOP100,BRD-K29359156,ebselen,trt_cp,0.05361423
ATLAS_SIG_B_TOP100,6a92e7670262700013c4e5e9,ATLAS_SIG_B_TOP100,BRD-K65261396,tacrolimus,trt_cp,1.2021992
ATLAS_SIG_B_TOP100,6a92e7670262700013c4e5e9,ATLAS_SIG_B_TOP100,BRD-K14791739,fluticasone,trt_cp,-29.090864
ATLAS_SIG_B_TOP100,6a92e7670262700013c4e5e9,ATLAS_SIG_B_TOP100,BRD-K15402119,huperzine-a,trt_cp,-75.77251
ATLAS_SIG_B_TOP100,6a92e7670262700013c4e5e9,ATLAS_SIG_B_TOP100,BRD-K49328571,dasatinib,trt_cp,63.485382
ATLAS_SIG_B_TOP100,6a92e7670262700013c4e5e9,ATLAS_SIG_B_TOP100,BRD-K76908866,CP-724714,trt_cp,-20.32433
ATLAS_SIG_B_TOP100,6a92e7670262700013c4e5e9,ATLAS_SIG_B_TOP100,BRD-K79090631,CGP-60474,trt_cp,75.82091
ATLAS_SIG_B_TOP100,6a92e7670262700013c4e5e9,ATLAS_SIG_B_TOP100,BRD-K13390322,AT-7519,trt_cp,38.39969
ATLAS_SIG_B_TOP100,6a92e7670262700013c4e5e9,ATLAS_SIG_B_TOP100,BRD-A19248578,latrunculin-b,trt_cp,70.630066
ATLAS_SIG_B_TOP100,6a92e7670262700013c4e5e9,ATLAS_SIG_B_TOP100,BRD-K54331210,BRD-K54331210,trt_cp,36.631283
ATLAS_SIG_B_TOP100,6a92e7670262700013c4e5e9,ATLAS_SIG_B_TOP100,BRD-K71427192,BRD-K71427192,trt_cp,78.26747
ATLAS_SIG_B_TOP100,6a92e7670262700013c4e5e9,ATLAS_SIG_B_TOP100,BRD-K91485395,BRD-K91485395,trt_cp,-11.923719
ATLAS_SIG_B_TOP100,6a92e7670262700013c4e5e9,ATLAS_SIG_B_TOP100,BRD-A77050075,heraclenol,trt_cp,51.611412
ATLAS_SIG_B_TOP100,6a92e7670262700013c4e5e9,ATLAS_SIG_B_TOP100,BRD-K52640952,BRD-K52640952,trt_cp,-33.94535
ATLAS_SIG_B_TOP100,6a92e7670262700013c4e5e9,ATLAS_SIG_B_TOP100,BRD-K97951054,BRD-K97951054,trt_cp,-41.229424
ATLAS_SIG_B_TOP100,6a92e7670262700013c4e5e9,ATLAS_SIG_B_TOP100,BRD-K21971034,OM-137,trt_cp,-39.54982
ATLAS_SIG_B_TOP100,6a92e7670262700013c4e5e9,ATLAS_SIG_B_TOP100,BRD-K47761761,PD-168077,trt_cp,-4.72563
ATLAS_SIG_B_TOP100,6a92e7670262700013c4e5e9,ATLAS_SIG_B_TOP100,BRD-K18855837,varenicline,trt_cp,59.00241
ATLAS_SIG_B_TOP100,6a92e7670262700013c4e5e9,ATLAS_SIG_B_TOP100,BRD-K28120222,parthenolide-(alternate-stereo),trt_cp,0.0
ATLAS_SIG_B_TOP100,6a92e7670262700013c4e5e9,ATLAS_SIG_B_TOP100,BRD-K35483542,alitretinoin,trt_cp,-4.580691
ATLAS_SIG_B_TOP100,6a92e7670262700013c4e5e9,ATLAS_SIG_B_TOP100,BRD-K49810818,sorafenib,trt_cp,-8.791127
ATLAS_SIG_B_TOP100,6a92e7670262700013c4e5e9,ATLAS_SIG_B_TOP100,BRD-K29905972,axitinib,trt_cp,-24.478056
ATLAS_SIG_B_TOP100,6a92e7670262700013c4e5e9,ATLAS_SIG_B_TOP100,BRD-K66175015,afatinib,trt_cp,14.486149
ATLAS_SIG_B_TOP100,6a92e7670262700013c4e5e9,ATLAS_SIG_B_TOP100,BRD-K05104363,PD-184352,trt_cp,-59.902153
ATLAS_SIG_B_TOP100,6a92e7670262700013c4e5e9,ATLAS_SIG_B_TOP100,BRD-M07438658,lapatinib,trt_cp,-31.599869
ATLAS_SIG_B_TOP100,6a92e7670262700013c4e5e9,ATLAS_SIG_B_TOP100,BRD-K05926469,lenalidomide,trt_cp,-78.98073
ATLAS_SIG_B_TOP100,6a92e7670262700013c4e5e9,ATLAS_SIG_B_TOP100,BRD-K99616396,motesanib,trt_cp,0.3523608
ATLAS_SIG_B_TOP100,6a92e7670262700013c4e5e9,ATLAS_SIG_B_TOP100,BRD-K23984367,sorafenib,trt_cp,-60.26159
ATLAS_SIG_B_TOP100,6a92e7670262700013c4e5e9,ATLAS_SIG_B_TOP100,BRD-K89162000,tandutinib,trt_cp,15.869639
ATLAS_SIG_B_TOP100,6a92e7670262700013c4e5e9,ATLAS_SIG_B_TOP100,BRD-K15600710,obatoclax,trt_cp,-4.792107
ATLAS_SIG_B_TOP100,6a92e7670262700013c4e5e9,ATLAS_SIG_B_TOP100,BRD-A13807286,HA-14-1,trt_cp,-29.018906
ATLAS_SIG_B_TOP100,6a92e7670262700013c4e5e9,ATLAS_SIG_B_TOP100,BRD-K04833372,GSK-1904529A,trt_cp,-49.071552
ATLAS_SIG_B_TOP100,6a92e7670262700013c4e5e9,ATLAS_SIG_B_TOP100,BRD-K24681473,YM-155,trt_cp,46.76599
ATLAS_SIG_B_TOP100,6a92e7670262700013c4e5e9,ATLAS_SIG_B_TOP100,BRD-K82164249,andarine,trt_cp,31.186853
ATLAS_SIG_B_TOP100,6a92e7670262700013c4e5e9,ATLAS_SIG_B_TOP100,BRD-K63923597,barasertib-HQPA,trt_cp,-13.783743
ATLAS_SIG_B_TOP100,6a92e7670262700013c4e5e9,ATLAS_SIG_B_TOP100,BRD-K42125900,docetaxel,trt_cp,-6.6243834
ATLAS_SIG_B_TOP100,6a92e7670262700013c4e5e9,ATLAS_SIG_B_TOP100,BRD-K61192372,capecitabine,trt_cp,-18.568151
ATLAS_SIG_B_TOP100,6a92e7670262700013c4e5e9,ATLAS_SIG_B_TOP100,BRD-K16621777,enobosarm,trt_cp,-64.93557
ATLAS_SIG_B_TOP100,6a92e7670262700013c4e5e9,ATLAS_SIG_B_TOP100,BRD-K51967704,BIIB-021,trt_cp,0.0
ATLAS_SIG_B_TOP100,6a92e7670262700013c4e5e9,ATLAS_SIG_B_TOP100,BRD-K17210248,daunorubicin,trt_cp,84.641556
ATLAS_SIG_B_TOP100,6a92e7670262700013c4e5e9,ATLAS_SIG_B_TOP100,BRD-K11636097,JNJ-7706621,trt_cp,29.370865
ATLAS_SIG_B_TOP100,6a92e7670262700013c4e5e9,ATLAS_SIG_B_TOP100,BRD-A25569250,KI-16425,trt_cp,23.375362
ATLAS_SIG_B_TOP100,6a92e7670262700013c4e5e9,ATLAS_SIG_B_TOP100,BRD-K64785675,TG-100115,trt_cp,-48.762486
ATLAS_SIG_B_TOP100,6a92e7670262700013c4e5e9,ATLAS_SIG_B_TOP100,BRD-K48935217,epothilone,trt_cp,-32.62359
ATLAS_SIG_B_TOP100,6a92e7670262700013c4e5e9,ATLAS_SIG_B_TOP100,BRD-K56334280,amonafide,trt_cp,-7.2586327
ATLAS_SIG_B_TOP100,6a92e7670262700013c4e5e9,ATLAS_SIG_B_TOP100,BRD-K62982419,cilomilast,trt_cp,-28.168953
ATLAS_SIG_B_TOP100,6a92e7670262700013c4e5e9,ATLAS_SIG_B_TOP100,BRD-K05658747,raltegravir,trt_cp,-69.030594
ATLAS_SIG_B_TOP100,6a92e7670262700013c4e5e9,ATLAS_SIG_B_TOP100,BRD-A59985574,topotecan,trt_cp,3.1360114
ATLAS_SIG_B_TOP100,6a92e7670262700013c4e5e9,ATLAS_SIG_B_TOP100,BRD-A20697603,thiostrepton,trt_cp,31.25325
ATLAS_SIG_B_TOP100,6a92e7670262700013c4e5e9,ATLAS_SIG_B_TOP100,BRD-K17849083,tranilast,trt_cp,38.764618
ATLAS_SIG_B_TOP100,6a92e7670262700013c4e5e9,ATLAS_SIG_B_TOP100,BRD-A16444946,acarbose,trt_cp,-28.852951
ATLAS_SIG_B_TOP100,6a92e7670262700013c4e5e9,ATLAS_SIG_B_TOP100,BRD-K33483813,actarit,trt_cp,-98.7315
ATLAS_SIG_B_TOP100,6a92e7670262700013c4e5e9,ATLAS_SIG_B_TOP100,BRD-A73929928,BRD-A73929928,trt_cp,6.5209756
ATLAS_SIG_B_TOP100,6a92e7670262700013c4e5e9,ATLAS_SIG_B_TOP100,BRD-K46742498,alosetron,trt_cp,31.845854
ATLAS_SIG_B_TOP100,6a92e7670262700013c4e5e9,ATLAS_SIG_B_TOP100,BRD-K32398298,alprazolam,trt_cp,-23.497576
ATLAS_SIG_B_TOP100,6a92e7670262700013c4e5e9,ATLAS_SIG_B_TOP100,BRD-K55462201,AM-404,trt_cp,-92.54888
ATLAS_SIG_B_TOP100,6a92e7670262700013c4e5e9,ATLAS_SIG_B_TOP100,BRD-K29530284,amlexanox,trt_cp,-37.85388
ATLAS_SIG_B_TOP100,6a92e7670262700013c4e5e9,ATLAS_SIG_B_TOP100,BRD-A64297288,amlodipine,trt_cp,67.39681
ATLAS_SIG_B_TOP100,6a92e7670262700013c4e5e9,ATLAS_SIG_B_TOP100,BRD-A39172021,ampiroxicam,trt_cp,32.596104
ATLAS_SIG_B_TOP100,6a92e7670262700013c4e5e9,ATLAS_SIG_B_TOP100,BRD-K52172416,anastrozole,trt_cp,5.3911204
ATLAS_SIG_B_TOP100,6a92e7670262700013c4e5e9,ATLAS_SIG_B_TOP100,BRD-A48261811,argatroban,trt_cp,-43.634808
ATLAS_SIG_B_TOP100,6a92e7670262700013c4e5e9,ATLAS_SIG_B_TOP100,BRD-K70358946,aripiprazole,trt_cp,1.8729384
ATLAS_SIG_B_TOP100,6a92e7670262700013c4e5e9,ATLAS_SIG_B_TOP100,BRD-K39621635,artemether,trt_cp,16.326223
ATLAS_SIG_B_TOP100,6a92e7670262700013c4e5e9,ATLAS_SIG_B_TOP100,BRD-K79759031,artesunate,trt_cp,-16.553577
ATLAS_SIG_B_TOP100,6a92e7670262700013c4e5e9,ATLAS_SIG_B_TOP100,BRD-A75935363,atracurium,trt_cp,45.24701
ATLAS_SIG_B_TOP100,6a92e7670262700013c4e5e9,ATLAS_SIG_B_TOP100,BRD-A68888262,azelastine,trt_cp,27.220627
ATLAS_SIG_B_TOP100,6a92e7670262700013c4e5e9,ATLAS_SIG_B_TOP100,BRD-A17448384,beclometasone,trt_cp,-66.75397
ATLAS_SIG_B_TOP100,6a92e7670262700013c4e5e9,ATLAS_SIG_B_TOP100,BRD-K85030058,benactyzine,trt_cp,9.253079
ATLAS_SIG_B_TOP100,6a92e7670262700013c4e5e9,ATLAS_SIG_B_TOP100,BRD-K49807096,benazepril,trt_cp,-33.011806
ATLAS_SIG_B_TOP100,6a92e7670262700013c4e5e9,ATLAS_SIG_B_TOP100,BRD-A35519318,benidipine,trt_cp,22.645687
ATLAS_SIG_B_TOP100,6a92e7670262700013c4e5e9,ATLAS_SIG_B_TOP100,BRD-A42423104,benproperine,trt_cp,47.343975
ATLAS_SIG_B_TOP100,6a92e7670262700013c4e5e9,ATLAS_SIG_B_TOP100,BRD-K31471398,dihydrexidine,trt_cp,25.245205
ATLAS_SIG_B_TOP100,6a92e7670262700013c4e5e9,ATLAS_SIG_B_TOP100,BRD-A94543220,bifonazole,trt_cp,-15.827907
ATLAS_SIG_B_TOP100,6a92e7670262700013c4e5e9,ATLAS_SIG_B_TOP100,BRD-K68077509,brucine,trt_cp,17.069628
ATLAS_SIG_B_TOP100,6a92e7670262700013c4e5e9,ATLAS_SIG_B_TOP100,BRD-K19462402,buflomedil,trt_cp,17.170555
ATLAS_SIG_B_TOP100,6a92e7670262700013c4e5e9,ATLAS_SIG_B_TOP100,BRD-K16336526,capsaicin,trt_cp,-3.5673401
ATLAS_SIG_B_TOP100,6a92e7670262700013c4e5e9,ATLAS_SIG_B_TOP100,BRD-K11630072,carmofur,trt_cp,33.228012
ATLAS_SIG_B_TOP100,6a92e7670262700013c4e5e9,ATLAS_SIG_B_TOP100,BRD-K20338176,cefaclor,trt_cp,14.077422
ATLAS_SIG_B_TOP100,6a92e7670262700013c4e5e9,ATLAS_SIG_B_TOP100,BRD-M47937986,cefatrizine,trt_cp,-60.511826
ATLAS_SIG_B_TOP100,6a92e7670262700013c4e5e9,ATLAS_SIG_B_TOP100,BRD-K52735702,cefdinir,trt_cp,38.776806
ATLAS_SIG_B_TOP100,6a92e7670262700013c4e5e9,ATLAS_SIG_B_TOP100,BRD-K04993501,cefixime,trt_cp,-6.9634404
ATLAS_SIG_B_TOP100,6a92e7670262700013c4e5e9,ATLAS_SIG_B_TOP100,BRD-A87387433,cefpodoxime,trt_cp,-16.166328
ATLAS_SIG_B_TOP100,6a92e7670262700013c4e5e9,ATLAS_SIG_B_TOP100,BRD-K90733503,cephalexin,trt_cp,-14.2624235
ATLAS_SIG_B_TOP100,6a92e7670262700013c4e5e9,ATLAS_SIG_B_TOP100,BRD-K81169441,cerivastatin,trt_cp,-4.2490215
ATLAS_SIG_B_TOP100,6a92e7670262700013c4e5e9,ATLAS_SIG_B_TOP100,BRD-K48932581,cetraxate,trt_cp,-3.730235
ATLAS_SIG_B_TOP100,6a92e7670262700013c4e5e9,ATLAS_SIG_B_TOP100,BRD-K86595100,chlordiazepoxide,trt_cp,11.59267
ATLAS_SIG_B_TOP100,6a92e7670262700013c4e5e9,ATLAS_SIG_B_TOP100,BRD-K85518562,cilastatin,trt_cp,28.218184
ATLAS_SIG_B_TOP100,6a92e7670262700013c4e5e9,ATLAS_SIG_B_TOP100,BRD-K49668410,clarithromycin,trt_cp,2.572234
ATLAS_SIG_B_TOP100,6a92e7670262700013c4e5e9,ATLAS_SIG_B_TOP100,BRD-K56614220,clofazimine,trt_cp,-2.1066644
ATLAS_SIG_B_TOP100,6a92e7670262700013c4e5e9,ATLAS_SIG_B_TOP100,BRD-K15916496,clotrimazole,trt_cp,-3.1007752
ATLAS_SIG_B_TOP100,6a92e7670262700013c4e5e9,ATLAS_SIG_B_TOP100,BRD-K73589401,corticosterone,trt_cp,12.983782
ATLAS_SIG_B_TOP100,6a92e7670262700013c4e5e9,ATLAS_SIG_B_TOP100,BRD-K70578146,dactinomycin,trt_cp,57.975548
ATLAS_SIG_B_TOP100,6a92e7670262700013c4e5e9,ATLAS_SIG_B_TOP100,BRD-K90976994,dehydrocholic-acid,trt_cp,64.951706
ATLAS_SIG_B_TOP100,6a92e7670262700013c4e5e9,ATLAS_SIG_B_TOP100,BRD-K30697463,desoximetasone,trt_cp,-1.9027485
ATLAS_SIG_B_TOP100,6a92e7670262700013c4e5e9,ATLAS_SIG_B_TOP100,BRD-K22947005,dexbrompheniramine,trt_cp,38.28309
ATLAS_SIG_B_TOP100,6a92e7670262700013c4e5e9,ATLAS_SIG_B_TOP100,BRD-K39462424,dexchlorpheniramine,trt_cp,53.740677
ATLAS_SIG_B_TOP100,6a92e7670262700013c4e5e9,ATLAS_SIG_B_TOP100,BRD-K13664374,dichloroacetic-acid,trt_cp,58.429615
ATLAS_SIG_B_TOP100,6a92e7670262700013c4e5e9,ATLAS_SIG_B_TOP100,BRD-K41903098,diphenoxylate,trt_cp,-0.845666
ATLAS_SIG_B_TOP100,6a92e7670262700013c4e5e9,ATLAS_SIG_B_TOP100,BRD-K51730347,diphencyprone,trt_cp,-21.77451
ATLAS_SIG_B_TOP100,6a92e7670262700013c4e5e9,ATLAS_SIG_B_TOP100,BRD-K63265447,docetaxel,trt_cp,90.311134
ATLAS_SIG_B_TOP100,6a92e7670262700013c4e5e9,ATLAS_SIG_B_TOP100,BRD-K86887724,dofetilide,trt_cp,3.3474278
ATLAS_SIG_B_TOP100,6a92e7670262700013c4e5e9,ATLAS_SIG_B_TOP100,BRD-K28029915,dolasetron,trt_cp,4.4397464
ATLAS_SIG_B_TOP100,6a92e7670262700013c4e5e9,ATLAS_SIG_B_TOP100,BRD-K40758068,efavirenz,trt_cp,-35.422207
ATLAS_SIG_B_TOP100,6a92e7670262700013c4e5e9,ATLAS_SIG_B_TOP100,BRD-K99447003,enalaprilat,trt_cp,-94.18632
ATLAS_SIG_B_TOP100,6a92e7670262700013c4e5e9,ATLAS_SIG_B_TOP100,BRD-A07395371,esmolol,trt_cp,-89.37271
ATLAS_SIG_B_TOP100,6a92e7670262700013c4e5e9,ATLAS_SIG_B_TOP100,BRD-A56892734,esomeprazole,trt_cp,-11.556303
ATLAS_SIG_B_TOP100,6a92e7670262700013c4e5e9,ATLAS_SIG_B_TOP100,BRD-K47448802,BRD-K47448802,trt_cp,8.6880045
ATLAS_SIG_B_TOP100,6a92e7670262700013c4e5e9,ATLAS_SIG_B_TOP100,BRD-K39391626,ethylestrenol,trt_cp,57.389397
ATLAS_SIG_B_TOP100,6a92e7670262700013c4e5e9,ATLAS_SIG_B_TOP100,BRD-K48195008,ethinylestradiol,trt_cp,32.364765
ATLAS_SIG_B_TOP100,6a92e7670262700013c4e5e9,ATLAS_SIG_B_TOP100,BRD-K33425534,exemestane,trt_cp,-83.68401
ATLAS_SIG_B_TOP100,6a92e7670262700013c4e5e9,ATLAS_SIG_B_TOP100,BRD-K42260897,ezetimibe,trt_cp,-15.270478
ATLAS_SIG_B_TOP100,6a92e7670262700013c4e5e9,ATLAS_SIG_B_TOP100,BRD-K00673382,famotidine,trt_cp,37.81446
ATLAS_SIG_B_TOP100,6a92e7670262700013c4e5e9,ATLAS_SIG_B_TOP100,BRD-K84566043,fenpiverinium,trt_cp,4.973015
ATLAS_SIG_B_TOP100,6a92e7670262700013c4e5e9,ATLAS_SIG_B_TOP100,BRD-K86003836,flubendazole,trt_cp,-9.055673
ATLAS_SIG_B_TOP100,6a92e7670262700013c4e5e9,ATLAS_SIG_B_TOP100,BRD-K31534764,fluvoxamine,trt_cp,19.815445
ATLAS_SIG_B_TOP100,6a92e7670262700013c4e5e9,ATLAS_SIG_B_TOP100,BRD-K54006094,formoterol,trt_cp,17.366077
ATLAS_SIG_B_TOP100,6a92e7670262700013c4e5e9,ATLAS_SIG_B_TOP100,BRD-A79903587,tegafur,trt_cp,-9.430094
ATLAS_SIG_B_TOP100,6a92e7670262700013c4e5e9,ATLAS_SIG_B_TOP100,BRD-K49481516,galantamine,trt_cp,60.861023
ATLAS_SIG_B_TOP100,6a92e7670262700013c4e5e9,ATLAS_SIG_B_TOP100,BRD-A62434282,goserelin,trt_cp,-21.244648
ATLAS_SIG_B_TOP100,6a92e7670262700013c4e5e9,ATLAS_SIG_B_TOP100,BRD-K10860596,granisetron,trt_cp,36.266327
ATLAS_SIG_B_TOP100,6a92e7670262700013c4e5e9,ATLAS_SIG_B_TOP100,BRD-K33312228,halometasone,trt_cp,60.65443
ATLAS_SIG_B_TOP100,6a92e7670262700013c4e5e9,ATLAS_SIG_B_TOP100,BRD-A24643465,homoharringtonine,trt_cp,-5.3558846
ATLAS_SIG_B_TOP100,6a92e7670262700013c4e5e9,ATLAS_SIG_B_TOP100,BRD-K59570838,homoveratrylamine,trt_cp,15.748413
ATLAS_SIG_B_TOP100,6a92e7670262700013c4e5e9,ATLAS_SIG_B_TOP100,BRD-K98493452,honokiol,trt_cp,24.787743
ATLAS_SIG_B_TOP100,6a92e7670262700013c4e5e9,ATLAS_SIG_B_TOP100,BRD-K45888792,huperzine-a,trt_cp,17.962029
ATLAS_SIG_B_TOP100,6a92e7670262700013c4e5e9,ATLAS_SIG_B_TOP100,BRD-K84955386,hyperoside,trt_cp,31.796364
ATLAS_SIG_B_TOP100,6a92e7670262700013c4e5e9,ATLAS_SIG_B_TOP100,BRD-K69650333,idarubicin,trt_cp,50.233715
ATLAS_SIG_B_TOP100,6a92e7670262700013c4e5e9,ATLAS_SIG_B_TOP100,BRD-K37516142,idebenone,trt_cp,-24.254623
ATLAS_SIG_B_TOP100,6a92e7670262700013c4e5e9,ATLAS_SIG_B_TOP100,BRD-A24191444,ifenprodil,trt_cp,2.3255813
ATLAS_SIG_B_TOP100,6a92e7670262700013c4e5e9,ATLAS_SIG_B_TOP100,BRD-K01649396,indatraline,trt_cp,-46.112965
ATLAS_SIG_B_TOP100,6a92e7670262700013c4e5e9,ATLAS_SIG_B_TOP100,BRD-K33226500,indinavir,trt_cp,55.034393
ATLAS_SIG_B_TOP100,6a92e7670262700013c4e5e9,ATLAS_SIG_B_TOP100,BRD-K93618743,ipriflavone,trt_cp,-25.286594
ATLAS_SIG_B_TOP100,6a92e7670262700013c4e5e9,ATLAS_SIG_B_TOP100,BRD-K73991644,isoquercetin,trt_cp,-6.934295
ATLAS_SIG_B_TOP100,6a92e7670262700013c4e5e9,ATLAS_SIG_B_TOP100,BRD-A69927616,isradipine,trt_cp,10.918882
ATLAS_SIG_B_TOP100,6a92e7670262700013c4e5e9,ATLAS_SIG_B_TOP100,BRD-K30097969,pitavastatin,trt_cp,52.474255
ATLAS_SIG_B_TOP100,6a92e7670262700013c4e5e9,ATLAS_SIG_B_TOP100,BRD-K96740444,itopride,trt_cp,47.85933
ATLAS_SIG_B_TOP100,6a92e7670262700013c4e5e9,ATLAS_SIG_B_TOP100,BRD-K96134740,kitasamycin,trt_cp,-64.56407
ATLAS_SIG_B_TOP100,6a92e7670262700013c4e5e9,ATLAS_SIG_B_TOP100,BRD-K59456551,methotrexate,trt_cp,8.526024
ATLAS_SIG_B_TOP100,6a92e7670262700013c4e5e9,ATLAS_SIG_B_TOP100,BRD-K22227508,targinine,trt_cp,62.088173
ATLAS_SIG_B_TOP100,6a92e7670262700013c4e5e9,ATLAS_SIG_B_TOP100,BRD-A52282606,lacidipine,trt_cp,-35.356766
ATLAS_SIG_B_TOP100,6a92e7670262700013c4e5e9,ATLAS_SIG_B_TOP100,BRD-A49172652,lansoprazole,trt_cp,-27.459686
ATLAS_SIG_B_TOP100,6a92e7670262700013c4e5e9,ATLAS_SIG_B_TOP100,BRD-K10961822,latanoprost,trt_cp,13.90675
ATLAS_SIG_B_TOP100,6a92e7670262700013c4e5e9,ATLAS_SIG_B_TOP100,BRD-K49404994,levetiracetam,trt_cp,37.524162
ATLAS_SIG_B_TOP100,6a92e7670262700013c4e5e9,ATLAS_SIG_B_TOP100,BRD-K27184429,levocetirizine,trt_cp,-9.796041
ATLAS_SIG_B_TOP100,6a92e7670262700013c4e5e9,ATLAS_SIG_B_TOP100,BRD-K09471561,levofloxacin,trt_cp,55.417133
ATLAS_SIG_B_TOP100,6a92e7670262700013c4e5e9,ATLAS_SIG_B_TOP100,BRD-K51671335,levosulpiride,trt_cp,36.242874
ATLAS_SIG_B_TOP100,6a92e7670262700013c4e5e9,ATLAS_SIG_B_TOP100,BRD-K66206289,lobeline,trt_cp,-56.985126
ATLAS_SIG_B_TOP100,6a92e7670262700013c4e5e9,ATLAS_SIG_B_TOP100,BRD-K82147103,lofepramine,trt_cp,50.831173
ATLAS_SIG_B_TOP100,6a92e7670262700013c4e5e9,ATLAS_SIG_B_TOP100,BRD-A02990301,lofexidine,trt_cp,2.9283485
ATLAS_SIG_B_TOP100,6a92e7670262700013c4e5e9,ATLAS_SIG_B_TOP100,BRD-K62858456,lomerizine,trt_cp,-21.42706
ATLAS_SIG_B_TOP100,6a92e7670262700013c4e5e9,ATLAS_SIG_B_TOP100,BRD-K82795137,loratadine,trt_cp,38.209892
ATLAS_SIG_B_TOP100,6a92e7670262700013c4e5e9,ATLAS_SIG_B_TOP100,BRD-A11990600,lorazepam,trt_cp,7.353171
ATLAS_SIG_B_TOP100,6a92e7670262700013c4e5e9,ATLAS_SIG_B_TOP100,BRD-K66198023,losartan,trt_cp,-3.1360114
ATLAS_SIG_B_TOP100,6a92e7670262700013c4e5e9,ATLAS_SIG_B_TOP100,BRD-K39983086,loteprednol,trt_cp,-6.8856583
ATLAS_SIG_B_TOP100,6a92e7670262700013c4e5e9,ATLAS_SIG_B_TOP100,BRD-A43082555,loxoprofen,trt_cp,15.316521
ATLAS_SIG_B_TOP100,6a92e7670262700013c4e5e9,ATLAS_SIG_B_TOP100,BRD-K41051431,mecillinam,trt_cp,-32.87681
ATLAS_SIG_B_TOP100,6a92e7670262700013c4e5e9,ATLAS_SIG_B_TOP100,BRD-K99615199,medroxyprogesterone,trt_cp,30.350113
ATLAS_SIG_B_TOP100,6a92e7670262700013c4e5e9,ATLAS_SIG_B_TOP100,BRD-K91938660,memantine,trt_cp,-6.765328
ATLAS_SIG_B_TOP100,6a92e7670262700013c4e5e9,ATLAS_SIG_B_TOP100,BRD-A03216249,mepivacaine,trt_cp,-8.787447
ATLAS_SIG_B_TOP100,6a92e7670262700013c4e5e9,ATLAS_SIG_B_TOP100,BRD-K18523449,mestanolone,trt_cp,61.526398
ATLAS_SIG_B_TOP100,6a92e7670262700013c4e5e9,ATLAS_SIG_B_TOP100,BRD-K88679075,methandriol,trt_cp,56.20533
ATLAS_SIG_B_TOP100,6a92e7670262700013c4e5e9,ATLAS_SIG_B_TOP100,BRD-K84036904,testosterone,trt_cp,60.88111
ATLAS_SIG_B_TOP100,6a92e7670262700013c4e5e9,ATLAS_SIG_B_TOP100,BRD-K52020312,metronidazole,trt_cp,60.542618
ATLAS_SIG_B_TOP100,6a92e7670262700013c4e5e9,ATLAS_SIG_B_TOP100,BRD-K00532621,midazolam,trt_cp,55.292656
ATLAS_SIG_B_TOP100,6a92e7670262700013c4e5e9,ATLAS_SIG_B_TOP100,BRD-K44779798,miglitol,trt_cp,-68.49797
ATLAS_SIG_B_TOP100,6a92e7670262700013c4e5e9,ATLAS_SIG_B_TOP100,BRD-K02227374,milnacipran,trt_cp,11.423858
ATLAS_SIG_B_TOP100,6a92e7670262700013c4e5e9,ATLAS_SIG_B_TOP100,BRD-K69470111,montelukast,trt_cp,-18.616861
ATLAS_SIG_B_TOP100,6a92e7670262700013c4e5e9,ATLAS_SIG_B_TOP100,BRD-A39052811,mosapride,trt_cp,41.994545
ATLAS_SIG_B_TOP100,6a92e7670262700013c4e5e9,ATLAS_SIG_B_TOP100,BRD-K04710043,hexamethylenebisacetamide,trt_cp,-9.75268
ATLAS_SIG_B_TOP100,6a92e7670262700013c4e5e9,ATLAS_SIG_B_TOP100,BRD-A01787639,naftopidil,trt_cp,-62.313675
ATLAS_SIG_B_TOP100,6a92e7670262700013c4e5e9,ATLAS_SIG_B_TOP100,BRD-A16934955,nalbuphine,trt_cp,73.28835
ATLAS_SIG_B_TOP100,6a92e7670262700013c4e5e9,ATLAS_SIG_B_TOP100,BRD-A47342814,naltrindole,trt_cp,23.69276
ATLAS_SIG_B_TOP100,6a92e7670262700013c4e5e9,ATLAS_SIG_B_TOP100,BRD-K59197931,naproxen,trt_cp,-2.6496599
ATLAS_SIG_B_TOP100,6a92e7670262700013c4e5e9,ATLAS_SIG_B_TOP100,BRD-K44353683,nateglinide,trt_cp,43.60772
ATLAS_SIG_B_TOP100,6a92e7670262700013c4e5e9,ATLAS_SIG_B_TOP100,BRD-K74117820,nelfinavir,trt_cp,-60.5012
ATLAS_SIG_B_TOP100,6a92e7670262700013c4e5e9,ATLAS_SIG_B_TOP100,BRD-A30977374,nifedipine,trt_cp,-63.485985
ATLAS_SIG_B_TOP100,6a92e7670262700013c4e5e9,ATLAS_SIG_B_TOP100,BRD-K32311154,nifekalant,trt_cp,-1.2332629
ATLAS_SIG_B_TOP100,6a92e7670262700013c4e5e9,ATLAS_SIG_B_TOP100,BRD-K70883034,nimetazepam,trt_cp,-15.535405
ATLAS_SIG_B_TOP100,6a92e7670262700013c4e5e9,ATLAS_SIG_B_TOP100,BRD-A24891640,nimodipine,trt_cp,10.439487
ATLAS_SIG_B_TOP100,6a92e7670262700013c4e5e9,ATLAS_SIG_B_TOP100,BRD-A96107863,nisoldipine,trt_cp,82.95749
ATLAS_SIG_B_TOP100,6a92e7670262700013c4e5e9,ATLAS_SIG_B_TOP100,BRD-K96471533,nitazoxanide,trt_cp,14.531941
ATLAS_SIG_B_TOP100,6a92e7670262700013c4e5e9,ATLAS_SIG_B_TOP100,BRD-K57930253,nitrazepam,trt_cp,-81.4769
ATLAS_SIG_B_TOP100,6a92e7670262700013c4e5e9,ATLAS_SIG_B_TOP100,BRD-A12560204,nitrendipine,trt_cp,18.238783
ATLAS_SIG_B_TOP100,6a92e7670262700013c4e5e9,ATLAS_SIG_B_TOP100,BRD-A24543851,nornicotine,trt_cp,25.67138
ATLAS_SIG_B_TOP100,6a92e7670262700013c4e5e9,ATLAS_SIG_B_TOP100,BRD-K18895904,olanzapine,trt_cp,-84.90932
ATLAS_SIG_B_TOP100,6a92e7670262700013c4e5e9,ATLAS_SIG_B_TOP100,BRD-K05350981,oligomycin-c,trt_cp,29.10857
ATLAS_SIG_B_TOP100,6a92e7670262700013c4e5e9,ATLAS_SIG_B_TOP100,BRD-K83144676,olmesartan,trt_cp,17.484539
ATLAS_SIG_B_TOP100,6a92e7670262700013c4e5e9,ATLAS_SIG_B_TOP100,BRD-K63343048,orlistat,trt_cp,27.96959
ATLAS_SIG_B_TOP100,6a92e7670262700013c4e5e9,ATLAS_SIG_B_TOP100,BRD-K25310650,ormetoprim,trt_cp,32.04693
ATLAS_SIG_B_TOP100,6a92e7670262700013c4e5e9,ATLAS_SIG_B_TOP100,BRD-K23369905,oxiconazole,trt_cp,-5.826497
ATLAS_SIG_B_TOP100,6a92e7670262700013c4e5e9,ATLAS_SIG_B_TOP100,BRD-A67552655,etomoxir,trt_cp,5.601227
ATLAS_SIG_B_TOP100,6a92e7670262700013c4e5e9,ATLAS_SIG_B_TOP100,BRD-A23637604,oxymetholone,trt_cp,-44.341537
ATLAS_SIG_B_TOP100,6a92e7670262700013c4e5e9,ATLAS_SIG_B_TOP100,BRD-A14208071,oxyphenonium,trt_cp,44.60012
ATLAS_SIG_B_TOP100,6a92e7670262700013c4e5e9,ATLAS_SIG_B_TOP100,BRD-K08924299,palonosetron,trt_cp,-57.43039
ATLAS_SIG_B_TOP100,6a92e7670262700013c4e5e9,ATLAS_SIG_B_TOP100,BRD-A84134924,pancuronium,trt_cp,13.502204
ATLAS_SIG_B_TOP100,6a92e7670262700013c4e5e9,ATLAS_SIG_B_TOP100,BRD-K13800121,parecoxib,trt_cp,74.2896
ATLAS_SIG_B_TOP100,6a92e7670262700013c4e5e9,ATLAS_SIG_B_TOP100,BRD-K19277754,paroxetine,trt_cp,-11.568109
ATLAS_SIG_B_TOP100,6a92e7670262700013c4e5e9,ATLAS_SIG_B_TOP100,BRD-K66412701,pazufloxacin,trt_cp,58.046295
ATLAS_SIG_B_TOP100,6a92e7670262700013c4e5e9,ATLAS_SIG_B_TOP100,BRD-K55034111,pefloxacin,trt_cp,-48.287518
ATLAS_SIG_B_TOP100,6a92e7670262700013c4e5e9,ATLAS_SIG_B_TOP100,BRD-K47780086,penciclovir,trt_cp,-17.100494
ATLAS_SIG_B_TOP100,6a92e7670262700013c4e5e9,ATLAS_SIG_B_TOP100,BRD-K85503079,perospirone,trt_cp,-35.25115
ATLAS_SIG_B_TOP100,6a92e7670262700013c4e5e9,ATLAS_SIG_B_TOP100,BRD-K22009844,phenprobamate,trt_cp,-70.626915
ATLAS_SIG_B_TOP100,6a92e7670262700013c4e5e9,ATLAS_SIG_B_TOP100,BRD-A37052580,physostigmine,trt_cp,40.62902
ATLAS_SIG_B_TOP100,6a92e7670262700013c4e5e9,ATLAS_SIG_B_TOP100,BRD-K43236057,polydatin,trt_cp,17.853268
ATLAS_SIG_B_TOP100,6a92e7670262700013c4e5e9,ATLAS_SIG_B_TOP100,BRD-M47793593,picrotoxin,trt_cp,77.41584
ATLAS_SIG_B_TOP100,6a92e7670262700013c4e5e9,ATLAS_SIG_B_TOP100,BRD-K44442813,pidotimod,trt_cp,-15.7680855
ATLAS_SIG_B_TOP100,6a92e7670262700013c4e5e9,ATLAS_SIG_B_TOP100,BRD-A22897758,pinacidil,trt_cp,19.847519
ATLAS_SIG_B_TOP100,6a92e7670262700013c4e5e9,ATLAS_SIG_B_TOP100,BRD-K92870997,pterostilbene,trt_cp,37.05586
ATLAS_SIG_B_TOP100,6a92e7670262700013c4e5e9,ATLAS_SIG_B_TOP100,BRD-A56245458,reichstein,trt_cp,-21.196735
ATLAS_SIG_B_TOP100,6a92e7670262700013c4e5e9,ATLAS_SIG_B_TOP100,BRD-K30563334,rifabutin,trt_cp,3.9827685
ATLAS_SIG_B_TOP100,6a92e7670262700013c4e5e9,ATLAS_SIG_B_TOP100,BRD-K55889443,rifapentine,trt_cp,-39.359016
ATLAS_SIG_B_TOP100,6a92e7670262700013c4e5e9,ATLAS_SIG_B_TOP100,BRD-K89708791,rifaximin,trt_cp,-57.855515
ATLAS_SIG_B_TOP100,6a92e7670262700013c4e5e9,ATLAS_SIG_B_TOP100,BRD-K70490179,rimcazole,trt_cp,76.49975
ATLAS_SIG_B_TOP100,6a92e7670262700013c4e5e9,ATLAS_SIG_B_TOP100,BRD-K51485625,ritonavir,trt_cp,-65.31005
ATLAS_SIG_B_TOP100,6a92e7670262700013c4e5e9,ATLAS_SIG_B_TOP100,BRD-A27489425,rolitetracycline,trt_cp,57.236206
ATLAS_SIG_B_TOP100,6a92e7670262700013c4e5e9,ATLAS_SIG_B_TOP100,BRD-K50938786,ropivacaine,trt_cp,4.1578574
ATLAS_SIG_B_TOP100,6a92e7670262700013c4e5e9,ATLAS_SIG_B_TOP100,BRD-K81855038,roxatidine-acetate,trt_cp,38.35021
ATLAS_SIG_B_TOP100,6a92e7670262700013c4e5e9,ATLAS_SIG_B_TOP100,BRD-K62374253,rufloxacin,trt_cp,51.66033
ATLAS_SIG_B_TOP100,6a92e7670262700013c4e5e9,ATLAS_SIG_B_TOP100,BRD-A88254928,salbutamol,trt_cp,15.619993
ATLAS_SIG_B_TOP100,6a92e7670262700013c4e5e9,ATLAS_SIG_B_TOP100,BRD-K91733562,secoisolariciresinol,trt_cp,-8.029334
ATLAS_SIG_B_TOP100,6a92e7670262700013c4e5e9,ATLAS_SIG_B_TOP100,BRD-A23359898,sibutramine,trt_cp,-13.056316
ATLAS_SIG_B_TOP100,6a92e7670262700013c4e5e9,ATLAS_SIG_B_TOP100,BRD-A72441487,stiripentol,trt_cp,-17.8194
ATLAS_SIG_B_TOP100,6a92e7670262700013c4e5e9,ATLAS_SIG_B_TOP100,BRD-K10670311,sulfasalazine,trt_cp,23.27678
ATLAS_SIG_B_TOP100,6a92e7670262700013c4e5e9,ATLAS_SIG_B_TOP100,BRD-A04327189,synephrine,trt_cp,-15.672896
ATLAS_SIG_B_TOP100,6a92e7670262700013c4e5e9,ATLAS_SIG_B_TOP100,BRD-K44094599,tacrolimus,trt_cp,-56.31352
ATLAS_SIG_B_TOP100,6a92e7670262700013c4e5e9,ATLAS_SIG_B_TOP100,BRD-K94649603,taxifolin,trt_cp,11.878001
ATLAS_SIG_B_TOP100,6a92e7670262700013c4e5e9,ATLAS_SIG_B_TOP100,BRD-K95808480,taxifolin,trt_cp,38.447426
ATLAS_SIG_B_TOP100,6a92e7670262700013c4e5e9,ATLAS_SIG_B_TOP100,BRD-K21806131,tegaserod,trt_cp,24.865685
ATLAS_SIG_B_TOP100,6a92e7670262700013c4e5e9,ATLAS_SIG_B_TOP100,BRD-K32744045,disulfiram,trt_cp,35.118332
ATLAS_SIG_B_TOP100,6a92e7670262700013c4e5e9,ATLAS_SIG_B_TOP100,BRD-K94887716,TFMPP,trt_cp,-12.006098
ATLAS_SIG_B_TOP100,6a92e7670262700013c4e5e9,ATLAS_SIG_B_TOP100,BRD-K60160658,tiagabine,trt_cp,7.4700494
ATLAS_SIG_B_TOP100,6a92e7670262700013c4e5e9,ATLAS_SIG_B_TOP100,BRD-K10467831,tibolone,trt_cp,59.725037
ATLAS_SIG_B_TOP100,6a92e7670262700013c4e5e9,ATLAS_SIG_B_TOP100,BRD-K89125793,tinidazole,trt_cp,13.437777
ATLAS_SIG_B_TOP100,6a92e7670262700013c4e5e9,ATLAS_SIG_B_TOP100,BRD-K54316499,tolterodine,trt_cp,-32.154175
ATLAS_SIG_B_TOP100,6a92e7670262700013c4e5e9,ATLAS_SIG_B_TOP100,BRD-K29653726,topiramate,trt_cp,31.76648
ATLAS_SIG_B_TOP100,6a92e7670262700013c4e5e9,ATLAS_SIG_B_TOP100,BRD-K55696337,topotecan,trt_cp,13.622478
ATLAS_SIG_B_TOP100,6a92e7670262700013c4e5e9,ATLAS_SIG_B_TOP100,BRD-A41450521,tosufloxacin,trt_cp,5.684049
ATLAS_SIG_B_TOP100,6a92e7670262700013c4e5e9,ATLAS_SIG_B_TOP100,BRD-K04412738,tramadol,trt_cp,10.500352
ATLAS_SIG_B_TOP100,6a92e7670262700013c4e5e9,ATLAS_SIG_B_TOP100,BRD-A61856038,tremulacin,trt_cp,7.5889435
ATLAS_SIG_B_TOP100,6a92e7670262700013c4e5e9,ATLAS_SIG_B_TOP100,BRD-K68202742,trichostatin-a,trt_cp,34.716125
ATLAS_SIG_B_TOP100,6a92e7670262700013c4e5e9,ATLAS_SIG_B_TOP100,BRD-K81916719,triclabendazole,trt_cp,-34.245327
ATLAS_SIG_B_TOP100,6a92e7670262700013c4e5e9,ATLAS_SIG_B_TOP100,BRD-K04196797,oxcarbazepine,trt_cp,-5.6533065
ATLAS_SIG_B_TOP100,6a92e7670262700013c4e5e9,ATLAS_SIG_B_TOP100,BRD-A92630576,trimebutine,trt_cp,19.273039
ATLAS_SIG_B_TOP100,6a92e7670262700013c4e5e9,ATLAS_SIG_B_TOP100,BRD-K39484304,triptolide,trt_cp,61.018906
ATLAS_SIG_B_TOP100,6a92e7670262700013c4e5e9,ATLAS_SIG_B_TOP100,BRD-K50866992,tropisetron,trt_cp,45.53177
ATLAS_SIG_B_TOP100,6a92e7670262700013c4e5e9,ATLAS_SIG_B_TOP100,BRD-A68589262,troxipide,trt_cp,17.465422
ATLAS_SIG_B_TOP100,6a92e7670262700013c4e5e9,ATLAS_SIG_B_TOP100,BRD-K46435977,valaciclovir,trt_cp,-19.488544
ATLAS_SIG_B_TOP100,6a92e7670262700013c4e5e9,ATLAS_SIG_B_TOP100,BRD-K20168442,vecuronium,trt_cp,4.9682875
ATLAS_SIG_B_TOP100,6a92e7670262700013c4e5e9,ATLAS_SIG_B_TOP100,BRD-K82109576,vincristine,trt_cp,-46.40745
ATLAS_SIG_B_TOP100,6a92e7670262700013c4e5e9,ATLAS_SIG_B_TOP100,BRD-K59753975,vindesine,trt_cp,-15.930811
ATLAS_SIG_B_TOP100,6a92e7670262700013c4e5e9,ATLAS_SIG_B_TOP100,BRD-K97514127,vinorelbine,trt_cp,-62.754456
ATLAS_SIG_B_TOP100,6a92e7670262700013c4e5e9,ATLAS_SIG_B_TOP100,BRD-K06557128,voriconazole,trt_cp,-0.7047216
ATLAS_SIG_B_TOP100,6a92e7670262700013c4e5e9,ATLAS_SIG_B_TOP100,BRD-A24381660,zeranol,trt_cp,-16.861103
ATLAS_SIG_B_TOP100,6a92e7670262700013c4e5e9,ATLAS_SIG_B_TOP100,BRD-K44876623,zolpidem,trt_cp,-42.208298
ATLAS_SIG_B_TOP100,6a92e7670262700013c4e5e9,ATLAS_SIG_B_TOP100,BRD-A60245366,AS-601245,trt_cp,30.072159
ATLAS_SIG_B_TOP100,6a92e7670262700013c4e5e9,ATLAS_SIG_B_TOP100,BRD-K01436366,XMD-1150,trt_cp,4.402099
ATLAS_SIG_B_TOP100,6a92e7670262700013c4e5e9,ATLAS_SIG_B_TOP100,BRD-K19220233,JNK-9L,trt_cp,57.53965
ATLAS_SIG_B_TOP100,6a92e7670262700013c4e5e9,ATLAS_SIG_B_TOP100,BRD-K24859147,KIN001-242,trt_cp,25.033672
ATLAS_SIG_B_TOP100,6a92e7670262700013c4e5e9,ATLAS_SIG_B_TOP100,BRD-K38615104,A-443644,trt_cp,54.662373
ATLAS_SIG_B_TOP100,6a92e7670262700013c4e5e9,ATLAS_SIG_B_TOP100,BRD-K40175214,torin-1,trt_cp,37.655632
ATLAS_SIG_B_TOP100,6a92e7670262700013c4e5e9,ATLAS_SIG_B_TOP100,BRD-K56957086,dacinostat,trt_cp,35.74433
ATLAS_SIG_B_TOP100,6a92e7670262700013c4e5e9,ATLAS_SIG_B_TOP100,BRD-K64857848,XMD-885,trt_cp,-23.223192
ATLAS_SIG_B_TOP100,6a92e7670262700013c4e5e9,ATLAS_SIG_B_TOP100,BRD-K68174511,torin-2,trt_cp,54.12212
ATLAS_SIG_B_TOP100,6a92e7670262700013c4e5e9,ATLAS_SIG_B_TOP100,BRD-K72420232,WZ-4002,trt_cp,1.0923185
ATLAS_SIG_B_TOP100,6a92e7670262700013c4e5e9,ATLAS_SIG_B_TOP100,BRD-K83972459,JWE-035,trt_cp,5.2195563
ATLAS_SIG_B_TOP100,6a92e7670262700013c4e5e9,ATLAS_SIG_B_TOP100,BRD-K84085265,CG-930,trt_cp,-21.909416
ATLAS_SIG_B_TOP100,6a92e7670262700013c4e5e9,ATLAS_SIG_B_TOP100,BRD-U25771771,WZ-4-145,trt_cp,5.9651003
ATLAS_SIG_B_TOP100,6a92e7670262700013c4e5e9,ATLAS_SIG_B_TOP100,BRD-U33728988,QL-X-138,trt_cp,-31.034119
ATLAS_SIG_B_TOP100,6a92e7670262700013c4e5e9,ATLAS_SIG_B_TOP100,BRD-U44618005,WH-4023,trt_cp,3.7465012
ATLAS_SIG_B_TOP100,6a92e7670262700013c4e5e9,ATLAS_SIG_B_TOP100,BRD-U51951544,ZG-10,trt_cp,59.27623
ATLAS_SIG_B_TOP100,6a92e7670262700013c4e5e9,ATLAS_SIG_B_TOP100,BRD-U73238814,QL-XI-92,trt_cp,-90.411026
ATLAS_SIG_B_TOP100,6a92e7670262700013c4e5e9,ATLAS_SIG_B_TOP100,BRD-U86922168,QL-XII-47,trt_cp,4.2283297
ATLAS_SIG_B_TOP100,6a92e7670262700013c4e5e9,ATLAS_SIG_B_TOP100,BRD-K14681867,somatostatin,trt_cp,7.2746496
ATLAS_SIG_B_TOP100,6a92e7670262700013c4e5e9,ATLAS_SIG_B_TOP100,BRD-K63915849,AS-604850,trt_cp,-47.437893
ATLAS_SIG_B_TOP100,6a92e7670262700013c4e5e9,ATLAS_SIG_B_TOP100,BRD-K88551539,CAY-10585,trt_cp,16.333302
ATLAS_SIG_B_TOP100,6a92e7670262700013c4e5e9,ATLAS_SIG_B_TOP100,BRD-K31484631,rifabutin,trt_cp,27.813566
ATLAS_SIG_B_TOP100,6a92e7670262700013c4e5e9,ATLAS_SIG_B_TOP100,BRD-K22631935,neurodazine,trt_cp,-7.01198
ATLAS_SIG_B_TOP100,6a92e7670262700013c4e5e9,ATLAS_SIG_B_TOP100,BRD-K76698671,HNHA,trt_cp,41.913692
ATLAS_SIG_B_TOP100,6a92e7670262700013c4e5e9,ATLAS_SIG_B_TOP100,BRD-A80574334,oxalomalic-acid,trt_cp,22.528044
ATLAS_SIG_B_TOP100,6a92e7670262700013c4e5e9,ATLAS_SIG_B_TOP100,BRD-A11702965,chromomycin-a3,trt_cp,39.135593
ATLAS_SIG_B_TOP100,6a92e7670262700013c4e5e9,ATLAS_SIG_B_TOP100,BRD-A52193669,withaferin-a,trt_cp,0.0
ATLAS_SIG_B_TOP100,6a92e7670262700013c4e5e9,ATLAS_SIG_B_TOP100,BRD-K04923131,GSK-3-inhibitor-IX,trt_cp,-7.1525717
ATLAS_SIG_B_TOP100,6a92e7670262700013c4e5e9,ATLAS_SIG_B_TOP100,BRD-A80960055,celastrol,trt_cp,55.90622
ATLAS_SIG_B_TOP100,6a92e7670262700013c4e5e9,ATLAS_SIG_B_TOP100,BRD-K39944607,ochratoxin-a,trt_cp,-4.7992325
ATLAS_SIG_B_TOP100,6a92e7670262700013c4e5e9,ATLAS_SIG_B_TOP100,BRD-K14880289,GW-501516,trt_cp,-36.660625
ATLAS_SIG_B_TOP100,6a92e7670262700013c4e5e9,ATLAS_SIG_B_TOP100,BRD-A31374339,fludarabine,trt_cp,5.6928225
ATLAS_SIG_B_TOP100,6a92e7670262700013c4e5e9,ATLAS_SIG_B_TOP100,BRD-K05977823,tenovin-1,trt_cp,0.0
ATLAS_SIG_B_TOP100,6a92e7670262700013c4e5e9,ATLAS_SIG_B_TOP100,BRD-K91701654,U-0126,trt_cp,-16.664555
ATLAS_SIG_B_TOP100,6a92e7670262700013c4e5e9,ATLAS_SIG_B_TOP100,BRD-A59808129,guggulsterone,trt_cp,-45.736454
ATLAS_SIG_B_TOP100,6a92e7670262700013c4e5e9,ATLAS_SIG_B_TOP100,BRD-A84327315,calcitriol,trt_cp,77.40919
ATLAS_SIG_B_TOP100,6a92e7670262700013c4e5e9,ATLAS_SIG_B_TOP100,BRD-K61341215,vecuronium,trt_cp,83.77407
ATLAS_SIG_B_TOP100,6a92e7670262700013c4e5e9,ATLAS_SIG_B_TOP100,BRD-A01317026,"7,8-dihydro-L-biopterin",trt_cp,6.976744
ATLAS_SIG_B_TOP100,6a92e7670262700013c4e5e9,ATLAS_SIG_B_TOP100,BRD-K84937637,sirolimus,trt_cp,5.5491223
ATLAS_SIG_B_TOP100,6a92e7670262700013c4e5e9,ATLAS_SIG_B_TOP100,BRD-K74733595,APHA-compound-8,trt_cp,60.820213
ATLAS_SIG_B_TOP100,6a92e7670262700013c4e5e9,ATLAS_SIG_B_TOP100,BRD-K01493881,apigenin,trt_cp,-5.08757
ATLAS_SIG_B_TOP100,6a92e7670262700013c4e5e9,ATLAS_SIG_B_TOP100,BRD-A52886023,antimycin-a,trt_cp,42.577377
ATLAS_SIG_B_TOP100,6a92e7670262700013c4e5e9,ATLAS_SIG_B_TOP100,BRD-K57926513,tyrphostin-AG-1295,trt_cp,-7.0790024
ATLAS_SIG_B_TOP100,6a92e7670262700013c4e5e9,ATLAS_SIG_B_TOP100,BRD-A50454580,PD-0325901,trt_cp,-92.34772
ATLAS_SIG_B_TOP100,6a92e7670262700013c4e5e9,ATLAS_SIG_B_TOP100,BRD-K73982490,BI-78D3,trt_cp,0.88090205
ATLAS_SIG_B_TOP100,6a92e7670262700013c4e5e9,ATLAS_SIG_B_TOP100,BRD-A11007541,BCI-hydrochloride,trt_cp,7.7252417
ATLAS_SIG_B_TOP100,6a92e7670262700013c4e5e9,ATLAS_SIG_B_TOP100,BRD-K22429181,retinol,trt_cp,-76.66814
ATLAS_SIG_B_TOP100,6a92e7670262700013c4e5e9,ATLAS_SIG_B_TOP100,BRD-K13927029,retinol,trt_cp,34.538708
ATLAS_SIG_B_TOP100,6a92e7670262700013c4e5e9,ATLAS_SIG_B_TOP100,BRD-K65331431,retinyl-acetate,trt_cp,34.044327
ATLAS_SIG_B_TOP100,6a92e7670262700013c4e5e9,ATLAS_SIG_B_TOP100,BRD-K43164539,cholic-acid,trt_cp,-63.466003
ATLAS_SIG_B_TOP100,6a92e7670262700013c4e5e9,ATLAS_SIG_B_TOP100,BRD-K41170226,deoxycholic-acid,trt_cp,3.934824
ATLAS_SIG_B_TOP100,6a92e7670262700013c4e5e9,ATLAS_SIG_B_TOP100,BRD-K18135438,chenodeoxycholic-acid,trt_cp,-18.583965
ATLAS_SIG_B_TOP100,6a92e7670262700013c4e5e9,ATLAS_SIG_B_TOP100,BRD-K68144790,glycodeoxycholic-acid,trt_cp,-17.64504
ATLAS_SIG_B_TOP100,6a92e7670262700013c4e5e9,ATLAS_SIG_B_TOP100,BRD-K81062487,taurocholic-acid,trt_cp,-22.325144
ATLAS_SIG_B_TOP100,6a92e7670262700013c4e5e9,ATLAS_SIG_B_TOP100,BRD-K33572481,taurodeoxycholic-acid,trt_cp,-32.67296
ATLAS_SIG_B_TOP100,6a92e7670262700013c4e5e9,ATLAS_SIG_B_TOP100,BRD-K30743633,TCPOBOP,trt_cp,18.446648
ATLAS_SIG_B_TOP100,6a92e7670262700013c4e5e9,ATLAS_SIG_B_TOP100,BRD-K20986251,lithocholic-acid,trt_cp,-20.823095
ATLAS_SIG_B_TOP100,6a92e7670262700013c4e5e9,ATLAS_SIG_B_TOP100,BRD-K24656285,farnesol,trt_cp,-57.9373
ATLAS_SIG_B_TOP100,6a92e7670262700013c4e5e9,ATLAS_SIG_B_TOP100,BRD-U66370498,androstanol,trt_cp,21.792953
ATLAS_SIG_B_TOP100,6a92e7670262700013c4e5e9,ATLAS_SIG_B_TOP100,BRD-K43880410,pregnenolone,trt_cp,-60.304565
ATLAS_SIG_B_TOP100,6a92e7670262700013c4e5e9,ATLAS_SIG_B_TOP100,BRD-K32610195,androstenedione,trt_cp,-1.3389711
ATLAS_SIG_B_TOP100,6a92e7670262700013c4e5e9,ATLAS_SIG_B_TOP100,BRD-A77118605,D-609,trt_cp,3.5674071
ATLAS_SIG_B_TOP100,6a92e7670262700013c4e5e9,ATLAS_SIG_B_TOP100,BRD-K35128472,2-aminopurine,trt_cp,16.172441
ATLAS_SIG_B_TOP100,6a92e7670262700013c4e5e9,ATLAS_SIG_B_TOP100,BRD-K53972329,ruxolitinib,trt_cp,-2.0182998
ATLAS_SIG_B_TOP100,6a92e7670262700013c4e5e9,ATLAS_SIG_B_TOP100,BRD-K13087974,CGP-52411,trt_cp,0.0
ATLAS_SIG_B_TOP100,6a92e7670262700013c4e5e9,ATLAS_SIG_B_TOP100,BRD-K64935403,ebelactone-b,trt_cp,-57.471878
ATLAS_SIG_B_TOP100,6a92e7670262700013c4e5e9,ATLAS_SIG_B_TOP100,BRD-K77625572,etomoxir,trt_cp,-52.31215
ATLAS_SIG_B_TOP100,6a92e7670262700013c4e5e9,ATLAS_SIG_B_TOP100,BRD-K85985071,ellipticine,trt_cp,40.07707
ATLAS_SIG_B_TOP100,6a92e7670262700013c4e5e9,ATLAS_SIG_B_TOP100,BRD-A55756846,H-7,trt_cp,-32.77042
ATLAS_SIG_B_TOP100,6a92e7670262700013c4e5e9,ATLAS_SIG_B_TOP100,BRD-K62959606,sphingosine,trt_cp,2.0532787
ATLAS_SIG_B_TOP100,6a92e7670262700013c4e5e9,ATLAS_SIG_B_TOP100,BRD-K70549064,staurosporine,trt_cp,40.11473
ATLAS_SIG_B_TOP100,6a92e7670262700013c4e5e9,ATLAS_SIG_B_TOP100,BRD-K47943470,tyrphostin-51,trt_cp,-46.91066
ATLAS_SIG_B_TOP100,6a92e7670262700013c4e5e9,ATLAS_SIG_B_TOP100,BRD-K09790412,H-9,trt_cp,10.60752
ATLAS_SIG_B_TOP100,6a92e7670262700013c4e5e9,ATLAS_SIG_B_TOP100,BRD-K43764301,dexketoprofen,trt_cp,-3.1268454
ATLAS_SIG_B_TOP100,6a92e7670262700013c4e5e9,ATLAS_SIG_B_TOP100,BRD-A74904029,EI-231,trt_cp,7.223397
ATLAS_SIG_B_TOP100,6a92e7670262700013c4e5e9,ATLAS_SIG_B_TOP100,BRD-K80725632,lavendustin-c,trt_cp,39.662354
ATLAS_SIG_B_TOP100,6a92e7670262700013c4e5e9,ATLAS_SIG_B_TOP100,BRD-K32710582,EI-247,trt_cp,2.1141648
ATLAS_SIG_B_TOP100,6a92e7670262700013c4e5e9,ATLAS_SIG_B_TOP100,BRD-K67506692,tyrphostin-AG-126,trt_cp,4.76854
ATLAS_SIG_B_TOP100,6a92e7670262700013c4e5e9,ATLAS_SIG_B_TOP100,BRD-K56064827,EI-273,trt_cp,0.0
ATLAS_SIG_B_TOP100,6a92e7670262700013c4e5e9,ATLAS_SIG_B_TOP100,BRD-K99291625,SB-203580,trt_cp,8.738548
ATLAS_SIG_B_TOP100,6a92e7670262700013c4e5e9,ATLAS_SIG_B_TOP100,BRD-A18497530,5-iodotubercidin,trt_cp,60.23395
ATLAS_SIG_B_TOP100,6a92e7670262700013c4e5e9,ATLAS_SIG_B_TOP100,BRD-A64228451,terreic-acid-(-),trt_cp,6.7016277
ATLAS_SIG_B_TOP100,6a92e7670262700013c4e5e9,ATLAS_SIG_B_TOP100,BRD-A11706664,triciribine,trt_cp,-45.460487
ATLAS_SIG_B_TOP100,6a92e7670262700013c4e5e9,ATLAS_SIG_B_TOP100,BRD-K08115555,tyrphostin-AG-1288,trt_cp,23.422817
ATLAS_SIG_B_TOP100,6a92e7670262700013c4e5e9,ATLAS_SIG_B_TOP100,BRD-U08759356,EI-346-erlotinib-analog,trt_cp,20.093979
ATLAS_SIG_B_TOP100,6a92e7670262700013c4e5e9,ATLAS_SIG_B_TOP100,BRD-K50720187,flupirtine,trt_cp,-64.430565
ATLAS_SIG_B_TOP100,6a92e7670262700013c4e5e9,ATLAS_SIG_B_TOP100,BRD-K79437791,acetyl-farnesyl-cysteine,trt_cp,-39.310402
ATLAS_SIG_B_TOP100,6a92e7670262700013c4e5e9,ATLAS_SIG_B_TOP100,BRD-K75181824,acetyl-geranygeranyl-cysteine,trt_cp,-29.757202
ATLAS_SIG_B_TOP100,6a92e7670262700013c4e5e9,ATLAS_SIG_B_TOP100,BRD-U01690642,acetyl-geranyl-cysteine,trt_cp,-12.54502
ATLAS_SIG_B_TOP100,6a92e7670262700013c4e5e9,ATLAS_SIG_B_TOP100,BRD-K95402279,geranylgeraniol,trt_cp,-5.2854123
ATLAS_SIG_B_TOP100,6a92e7670262700013c4e5e9,ATLAS_SIG_B_TOP100,BRD-K28178212,GW-441756,trt_cp,0.49330515
ATLAS_SIG_B_TOP100,6a92e7670262700013c4e5e9,ATLAS_SIG_B_TOP100,BRD-K98684188,GSK-0660,trt_cp,76.956406
ATLAS_SIG_B_TOP100,6a92e7670262700013c4e5e9,ATLAS_SIG_B_TOP100,BRD-K89085489,fenretinide,trt_cp,0.021274414
ATLAS_SIG_B_TOP100,6a92e7670262700013c4e5e9,ATLAS_SIG_B_TOP100,BRD-K49685476,TTNPB,trt_cp,-31.450481
ATLAS_SIG_B_TOP100,6a92e7670262700013c4e5e9,ATLAS_SIG_B_TOP100,BRD-K62012036,acitretin,trt_cp,12.714885
ATLAS_SIG_B_TOP100,6a92e7670262700013c4e5e9,ATLAS_SIG_B_TOP100,BRD-A96799240,4-hydroxyretinoic-acid,trt_cp,14.435719
ATLAS_SIG_B_TOP100,6a92e7670262700013c4e5e9,ATLAS_SIG_B_TOP100,BRD-K00184207,GR-206,trt_cp,45.73725
ATLAS_SIG_B_TOP100,6a92e7670262700013c4e5e9,ATLAS_SIG_B_TOP100,BRD-K37846922,"3,3'-diindolylmethane",trt_cp,-68.230576
ATLAS_SIG_B_TOP100,6a92e7670262700013c4e5e9,ATLAS_SIG_B_TOP100,BRD-A36707673,hydroxycholesterol,trt_cp,-7.6238756
ATLAS_SIG_B_TOP100,6a92e7670262700013c4e5e9,ATLAS_SIG_B_TOP100,BRD-K61480498,epoxycholesterol,trt_cp,-30.93436
ATLAS_SIG_B_TOP100,6a92e7670262700013c4e5e9,ATLAS_SIG_B_TOP100,BRD-K26674531,GR-235,trt_cp,6.4661145
ATLAS_SIG_B_TOP100,6a92e7670262700013c4e5e9,ATLAS_SIG_B_TOP100,BRD-K47539947,tetradecylthioacetic-acid,trt_cp,27.365318
ATLAS_SIG_B_TOP100,6a92e7670262700013c4e5e9,ATLAS_SIG_B_TOP100,BRD-A80775386,hyperforin,trt_cp,-33.40447
ATLAS_SIG_B_TOP100,6a92e7670262700013c4e5e9,ATLAS_SIG_B_TOP100,BRD-K61463582,BRD-K61463582,trt_cp,-16.121506
ATLAS_SIG_B_TOP100,6a92e7670262700013c4e5e9,ATLAS_SIG_B_TOP100,BRD-A39646320,HC-toxin,trt_cp,19.41987
ATLAS_SIG_B_TOP100,6a92e7670262700013c4e5e9,ATLAS_SIG_B_TOP100,BRD-K86465814,HO-013,trt_cp,10.236462
ATLAS_SIG_B_TOP100,6a92e7670262700013c4e5e9,ATLAS_SIG_B_TOP100,BRD-K81528515,nilotinib,trt_cp,-17.297497
ATLAS_SIG_B_TOP100,6a92e7670262700013c4e5e9,ATLAS_SIG_B_TOP100,BRD-K58772419,AZD-6482,trt_cp,-0.31712472
ATLAS_SIG_B_TOP100,6a92e7670262700013c4e5e9,ATLAS_SIG_B_TOP100,BRD-K52751261,TAK-715,trt_cp,12.309528
ATLAS_SIG_B_TOP100,6a92e7670262700013c4e5e9,ATLAS_SIG_B_TOP100,BRD-K99545815,PF-562271,trt_cp,33.05283
ATLAS_SIG_B_TOP100,6a92e7670262700013c4e5e9,ATLAS_SIG_B_TOP100,BRD-K13566078,BMS-345541,trt_cp,36.92301
ATLAS_SIG_B_TOP100,6a92e7670262700013c4e5e9,ATLAS_SIG_B_TOP100,BRD-K01253243,SB-590885,trt_cp,-1.6208597
ATLAS_SIG_B_TOP100,6a92e7670262700013c4e5e9,ATLAS_SIG_B_TOP100,BRD-K64800655,PHA-793887,trt_cp,72.046684
ATLAS_SIG_B_TOP100,6a92e7670262700013c4e5e9,ATLAS_SIG_B_TOP100,BRD-K05804044,AZ-628,trt_cp,-65.10859
ATLAS_SIG_B_TOP100,6a92e7670262700013c4e5e9,ATLAS_SIG_B_TOP100,BRD-K00337317,NU-7441,trt_cp,-31.649963
ATLAS_SIG_B_TOP100,6a92e7670262700013c4e5e9,ATLAS_SIG_B_TOP100,BRD-K82091397,SB-239063,trt_cp,-3.2842493
ATLAS_SIG_B_TOP100,6a92e7670262700013c4e5e9,ATLAS_SIG_B_TOP100,BRD-K78431006,crizotinib,trt_cp,42.71067
ATLAS_SIG_B_TOP100,6a92e7670262700013c4e5e9,ATLAS_SIG_B_TOP100,BRD-K70401845,erlotinib,trt_cp,-63.33068
ATLAS_SIG_B_TOP100,6a92e7670262700013c4e5e9,ATLAS_SIG_B_TOP100,BRD-K19687926,lapatinib,trt_cp,-29.981476
ATLAS_SIG_B_TOP100,6a92e7670262700013c4e5e9,ATLAS_SIG_B_TOP100,BRD-A67748489,K-858,trt_cp,14.270015
ATLAS_SIG_B_TOP100,6a92e7670262700013c4e5e9,ATLAS_SIG_B_TOP100,BRD-K23192422,lestaurtinib,trt_cp,0.0
ATLAS_SIG_B_TOP100,6a92e7670262700013c4e5e9,ATLAS_SIG_B_TOP100,BRD-K98372770,L-2167,trt_cp,-95.15143
ATLAS_SIG_B_TOP100,6a92e7670262700013c4e5e9,ATLAS_SIG_B_TOP100,BRD-K99451608,lopinavir,trt_cp,-64.13694
ATLAS_SIG_B_TOP100,6a92e7670262700013c4e5e9,ATLAS_SIG_B_TOP100,BRD-K55420858,mirin,trt_cp,-91.8324
ATLAS_SIG_B_TOP100,6a92e7670262700013c4e5e9,ATLAS_SIG_B_TOP100,BRD-K67258146,BRD-K67258146,trt_cp,13.461487
ATLAS_SIG_B_TOP100,6a92e7670262700013c4e5e9,ATLAS_SIG_B_TOP100,BRD-K36529613,PU-H71,trt_cp,-4.580691
ATLAS_SIG_B_TOP100,6a92e7670262700013c4e5e9,ATLAS_SIG_B_TOP100,BRD-K09436313,prostaglandin,trt_cp,-20.770996
ATLAS_SIG_B_TOP100,6a92e7670262700013c4e5e9,ATLAS_SIG_B_TOP100,BRD-K83794624,pirarubicin,trt_cp,13.143059
ATLAS_SIG_B_TOP100,6a92e7670262700013c4e5e9,ATLAS_SIG_B_TOP100,BRD-K46212057,voriconazole,trt_cp,35.12408
ATLAS_SIG_B_TOP100,6a92e7670262700013c4e5e9,ATLAS_SIG_B_TOP100,BRD-K60460488,nelfinavir,trt_cp,-1.6560959
ATLAS_SIG_B_TOP100,6a92e7670262700013c4e5e9,ATLAS_SIG_B_TOP100,BRD-K33551950,radicicol,trt_cp,0.0
ATLAS_SIG_B_TOP100,6a92e7670262700013c4e5e9,ATLAS_SIG_B_TOP100,BRD-K77286328,reversine,trt_cp,-1.2332629
ATLAS_SIG_B_TOP100,6a92e7670262700013c4e5e9,ATLAS_SIG_B_TOP100,BRD-K93331255,lypressin,trt_cp,74.90158
ATLAS_SIG_B_TOP100,6a92e7670262700013c4e5e9,ATLAS_SIG_B_TOP100,BRD-K99749624,linifanib,trt_cp,65.22121
ATLAS_SIG_B_TOP100,6a92e7670262700013c4e5e9,ATLAS_SIG_B_TOP100,BRD-K99964838,bosutinib,trt_cp,30.108177
ATLAS_SIG_B_TOP100,6a92e7670262700013c4e5e9,ATLAS_SIG_B_TOP100,BRD-K86930074,cediranib,trt_cp,-0.66948557
ATLAS_SIG_B_TOP100,6a92e7670262700013c4e5e9,ATLAS_SIG_B_TOP100,BRD-K85402309,dovitinib,trt_cp,-30.472153
ATLAS_SIG_B_TOP100,6a92e7670262700013c4e5e9,ATLAS_SIG_B_TOP100,BRD-K50168500,canertinib,trt_cp,45.03334
ATLAS_SIG_B_TOP100,6a92e7670262700013c4e5e9,ATLAS_SIG_B_TOP100,BRD-K74514084,pazopanib,trt_cp,-4.369274
ATLAS_SIG_B_TOP100,6a92e7670262700013c4e5e9,ATLAS_SIG_B_TOP100,BRD-K71035033,masitinib,trt_cp,12.936071
ATLAS_SIG_B_TOP100,6a92e7670262700013c4e5e9,ATLAS_SIG_B_TOP100,BRD-K02965346,SU-11274,trt_cp,-18.51052
ATLAS_SIG_B_TOP100,6a92e7670262700013c4e5e9,ATLAS_SIG_B_TOP100,BRD-K28428262,brivanib,trt_cp,-12.508809
ATLAS_SIG_B_TOP100,6a92e7670262700013c4e5e9,ATLAS_SIG_B_TOP100,BRD-K67578145,GDC-0879,trt_cp,10.866172
ATLAS_SIG_B_TOP100,6a92e7670262700013c4e5e9,ATLAS_SIG_B_TOP100,BRD-K95901403,XL-147,trt_cp,8.809493
ATLAS_SIG_B_TOP100,6a92e7670262700013c4e5e9,ATLAS_SIG_B_TOP100,BRD-K13514097,everolimus,trt_cp,21.952057
ATLAS_SIG_B_TOP100,6a92e7670262700013c4e5e9,ATLAS_SIG_B_TOP100,BRD-K16485616,mocetinostat,trt_cp,6.765328
ATLAS_SIG_B_TOP100,6a92e7670262700013c4e5e9,ATLAS_SIG_B_TOP100,BRD-A41692738,TGX-221,trt_cp,1.2684989
ATLAS_SIG_B_TOP100,6a92e7670262700013c4e5e9,ATLAS_SIG_B_TOP100,BRD-K73293050,WZ-3146,trt_cp,19.53498
ATLAS_SIG_B_TOP100,6a92e7670262700013c4e5e9,ATLAS_SIG_B_TOP100,BRD-K83837640,JNJ-26481585,trt_cp,2.6779423
ATLAS_SIG_B_TOP100,6a92e7670262700013c4e5e9,ATLAS_SIG_B_TOP100,BRD-K99498722,plinabulin,trt_cp,17.038511
ATLAS_SIG_B_TOP100,6a92e7670262700013c4e5e9,ATLAS_SIG_B_TOP100,BRD-K17306061,aprepitant,trt_cp,-1.3389711
ATLAS_SIG_B_TOP100,6a92e7670262700013c4e5e9,ATLAS_SIG_B_TOP100,BRD-M16762496,PIK-75,trt_cp,28.13897
ATLAS_SIG_B_TOP100,6a92e7670262700013c4e5e9,ATLAS_SIG_B_TOP100,BRD-K07265709,dexrazoxane,trt_cp,-35.518402
ATLAS_SIG_B_TOP100,6a92e7670262700013c4e5e9,ATLAS_SIG_B_TOP100,BRD-K73838513,cinacalcet,trt_cp,-12.868229
ATLAS_SIG_B_TOP100,6a92e7670262700013c4e5e9,ATLAS_SIG_B_TOP100,BRD-K99260425,etodolac,trt_cp,-44.321022
ATLAS_SIG_B_TOP100,6a92e7670262700013c4e5e9,ATLAS_SIG_B_TOP100,BRD-K91900765,VX-745,trt_cp,-50.10102
ATLAS_SIG_B_TOP100,6a92e7670262700013c4e5e9,ATLAS_SIG_B_TOP100,BRD-K91696562,orantinib,trt_cp,-24.911058
ATLAS_SIG_B_TOP100,6a92e7670262700013c4e5e9,ATLAS_SIG_B_TOP100,BRD-K84639753,safinamide,trt_cp,-67.80315
ATLAS_SIG_B_TOP100,6a92e7670262700013c4e5e9,ATLAS_SIG_B_TOP100,BRD-K89014967,AS-703026,trt_cp,-13.138687
ATLAS_SIG_B_TOP100,6a92e7670262700013c4e5e9,ATLAS_SIG_B_TOP100,BRD-K81783531,VX-222,trt_cp,-4.9279847
ATLAS_SIG_B_TOP100,6a92e7670262700013c4e5e9,ATLAS_SIG_B_TOP100,BRD-K70557564,zosuquidar,trt_cp,-11.002165
ATLAS_SIG_B_TOP100,6a92e7670262700013c4e5e9,ATLAS_SIG_B_TOP100,BRD-K48722833,iloperidone,trt_cp,-3.6997886
ATLAS_SIG_B_TOP100,6a92e7670262700013c4e5e9,ATLAS_SIG_B_TOP100,BRD-K70511574,HMN-214,trt_cp,14.458103
ATLAS_SIG_B_TOP100,6a92e7670262700013c4e5e9,ATLAS_SIG_B_TOP100,BRD-K10916986,vinorelbine,trt_cp,-9.126145
ATLAS_SIG_B_TOP100,6a92e7670262700013c4e5e9,ATLAS_SIG_B_TOP100,BRD-K54472332,elvitegravir,trt_cp,-70.96349
ATLAS_SIG_B_TOP100,6a92e7670262700013c4e5e9,ATLAS_SIG_B_TOP100,BRD-M72442222,vicriviroc,trt_cp,34.826065
ATLAS_SIG_B_TOP100,6a92e7670262700013c4e5e9,ATLAS_SIG_B_TOP100,BRD-K37130656,rivaroxaban,trt_cp,-25.94101
ATLAS_SIG_B_TOP100,6a92e7670262700013c4e5e9,ATLAS_SIG_B_TOP100,BRD-K07736136,VX-702,trt_cp,7.6255617
ATLAS_SIG_B_TOP100,6a92e7670262700013c4e5e9,ATLAS_SIG_B_TOP100,BRD-K37720887,SB-525334,trt_cp,-61.006596
ATLAS_SIG_B_TOP100,6a92e7670262700013c4e5e9,ATLAS_SIG_B_TOP100,BRD-K66956375,oleoylethanolamide,trt_cp,-1.5151515
ATLAS_SIG_B_TOP100,6a92e7670262700013c4e5e9,ATLAS_SIG_B_TOP100,BRD-K15891719,tenofovir,trt_cp,87.68556
ATLAS_SIG_B_TOP100,6a92e7670262700013c4e5e9,ATLAS_SIG_B_TOP100,BRD-U97083655,teicoplanin,trt_cp,-30.491318
ATLAS_SIG_B_TOP100,6a92e7670262700013c4e5e9,ATLAS_SIG_B_TOP100,BRD-K36627727,tamibarotene,trt_cp,30.08408
ATLAS_SIG_B_TOP100,6a92e7670262700013c4e5e9,ATLAS_SIG_B_TOP100,BRD-K25991148,warfarin,trt_cp,19.415348
ATLAS_SIG_B_TOP100,6a92e7670262700013c4e5e9,ATLAS_SIG_B_TOP100,BRD-M30523314,vinorelbine,trt_cp,41.089558
ATLAS_SIG_B_TOP100,6a92e7670262700013c4e5e9,ATLAS_SIG_B_TOP100,BRD-A26002865,verrucarin-a,trt_cp,0.0
ATLAS_SIG_B_TOP100,6a92e7670262700013c4e5e9,ATLAS_SIG_B_TOP100,BRD-K77390737,xanthohumol,trt_cp,-48.7802
ATLAS_SIG_B_TOP100,6a92e7670262700013c4e5e9,ATLAS_SIG_B_TOP100,BRD-K29582115,ziprasidone,trt_cp,-28.143295
ATLAS_SIG_B_TOP100,6a92e7670262700013c4e5e9,ATLAS_SIG_B_TOP100,BRD-A98283014,calmidazolium,trt_cp,-20.366596
ATLAS_SIG_B_TOP100,6a92e7670262700013c4e5e9,ATLAS_SIG_B_TOP100,BRD-A03323675,ritonavir,trt_cp,9.922263
ATLAS_SIG_B_TOP100,6a92e7670262700013c4e5e9,ATLAS_SIG_B_TOP100,BRD-A09495397,bicuculline,trt_cp,63.596382
ATLAS_SIG_B_TOP100,6a92e7670262700013c4e5e9,ATLAS_SIG_B_TOP100,BRD-A11170096,pravastatin,trt_cp,-4.40451
ATLAS_SIG_B_TOP100,6a92e7670262700013c4e5e9,ATLAS_SIG_B_TOP100,BRD-A14792000,valsartan,trt_cp,16.8374
ATLAS_SIG_B_TOP100,6a92e7670262700013c4e5e9,ATLAS_SIG_B_TOP100,BRD-A14985772,L-ascorbyl-6-palmitate,trt_cp,-77.96875
ATLAS_SIG_B_TOP100,6a92e7670262700013c4e5e9,ATLAS_SIG_B_TOP100,BRD-A15914070,4-hydroxy-2-nonenal,trt_cp,4.8889093
ATLAS_SIG_B_TOP100,6a92e7670262700013c4e5e9,ATLAS_SIG_B_TOP100,BRD-A20589515,dihydroxyphenylglycine,trt_cp,-61.77539
ATLAS_SIG_B_TOP100,6a92e7670262700013c4e5e9,ATLAS_SIG_B_TOP100,BRD-A29731977,17-hydroxyprogesterone-caproate,trt_cp,-33.954266
ATLAS_SIG_B_TOP100,6a92e7670262700013c4e5e9,ATLAS_SIG_B_TOP100,BRD-A62890442,3-methyl-GABA,trt_cp,-57.62864
ATLAS_SIG_B_TOP100,6a92e7670262700013c4e5e9,ATLAS_SIG_B_TOP100,BRD-A79314293,cephalosporanic-acid,trt_cp,-13.107523
ATLAS_SIG_B_TOP100,6a92e7670262700013c4e5e9,ATLAS_SIG_B_TOP100,BRD-A80383043,4-carboxy-3-hydroxyphenylglycine-(RS),trt_cp,-26.860548
ATLAS_SIG_B_TOP100,6a92e7670262700013c4e5e9,ATLAS_SIG_B_TOP100,BRD-A80928489,1-monopalmitin,trt_cp,16.072855
ATLAS_SIG_B_TOP100,6a92e7670262700013c4e5e9,ATLAS_SIG_B_TOP100,BRD-A83892713,rifampicin,trt_cp,9.488653
ATLAS_SIG_B_TOP100,6a92e7670262700013c4e5e9,ATLAS_SIG_B_TOP100,BRD-A87125127,3-matida,trt_cp,10.702262
ATLAS_SIG_B_TOP100,6a92e7670262700013c4e5e9,ATLAS_SIG_B_TOP100,BRD-A95696820,acadesine,trt_cp,16.007347
ATLAS_SIG_B_TOP100,6a92e7670262700013c4e5e9,ATLAS_SIG_B_TOP100,BRD-K04466929,Merck60,trt_cp,10.851343
ATLAS_SIG_B_TOP100,6a92e7670262700013c4e5e9,ATLAS_SIG_B_TOP100,BRD-K06750613,GSK-1059615,trt_cp,34.42126
ATLAS_SIG_B_TOP100,6a92e7670262700013c4e5e9,ATLAS_SIG_B_TOP100,BRD-K06817181,"1,2,3,4,5,6-hexabromocyclohexane",trt_cp,-19.706755
ATLAS_SIG_B_TOP100,6a92e7670262700013c4e5e9,ATLAS_SIG_B_TOP100,BRD-K13872703,BRD-K13872703,trt_cp,-26.296307
ATLAS_SIG_B_TOP100,6a92e7670262700013c4e5e9,ATLAS_SIG_B_TOP100,BRD-K14643723,4-(2-amino-ethyl)-benzenesulfonamide,trt_cp,-35.12152
ATLAS_SIG_B_TOP100,6a92e7670262700013c4e5e9,ATLAS_SIG_B_TOP100,BRD-K15519488,CS-110266,trt_cp,42.73992
ATLAS_SIG_B_TOP100,6a92e7670262700013c4e5e9,ATLAS_SIG_B_TOP100,BRD-K17953061,staurosporine,trt_cp,9.846878
ATLAS_SIG_B_TOP100,6a92e7670262700013c4e5e9,ATLAS_SIG_B_TOP100,BRD-K20197062,SA-94315,trt_cp,9.507614
ATLAS_SIG_B_TOP100,6a92e7670262700013c4e5e9,ATLAS_SIG_B_TOP100,BRD-K31491153,1-phenylbiguanide,trt_cp,86.59928
ATLAS_SIG_B_TOP100,6a92e7670262700013c4e5e9,ATLAS_SIG_B_TOP100,BRD-K37814297,acepromazine,trt_cp,3.5191073
ATLAS_SIG_B_TOP100,6a92e7670262700013c4e5e9,ATLAS_SIG_B_TOP100,BRD-K50384076,"7,4'-dihydroxyflavone",trt_cp,7.384945
ATLAS_SIG_B_TOP100,6a92e7670262700013c4e5e9,ATLAS_SIG_B_TOP100,BRD-K56450366,NSC-94258,trt_cp,-52.920273
ATLAS_SIG_B_TOP100,6a92e7670262700013c4e5e9,ATLAS_SIG_B_TOP100,BRD-K60690191,MPEP,trt_cp,-76.639565
ATLAS_SIG_B_TOP100,6a92e7670262700013c4e5e9,ATLAS_SIG_B_TOP100,BRD-K63784565,10-hydroxycamptothecin,trt_cp,0.0
ATLAS_SIG_B_TOP100,6a92e7670262700013c4e5e9,ATLAS_SIG_B_TOP100,BRD-K67977190,eprosartan,trt_cp,14.688194
ATLAS_SIG_B_TOP100,6a92e7670262700013c4e5e9,ATLAS_SIG_B_TOP100,BRD-K83636919,entacapone,trt_cp,-53.776943
ATLAS_SIG_B_TOP100,6a92e7670262700013c4e5e9,ATLAS_SIG_B_TOP100,BRD-K88701661,dimercaptosuccinic-acid,trt_cp,8.776311
ATLAS_SIG_B_TOP100,6a92e7670262700013c4e5e9,ATLAS_SIG_B_TOP100,BRD-K90864987,cobalt(II)-chloride,trt_cp,32.23508
ATLAS_SIG_B_TOP100,6a92e7670262700013c4e5e9,ATLAS_SIG_B_TOP100,BRD-K91145395,prostratin,trt_cp,37.80751
ATLAS_SIG_B_TOP100,6a92e7670262700013c4e5e9,ATLAS_SIG_B_TOP100,BRD-K91781484,BRD-K91781484,trt_cp,-8.247793
ATLAS_SIG_B_TOP100,6a92e7670262700013c4e5e9,ATLAS_SIG_B_TOP100,BRD-K98824517,BRD-K98824517,trt_cp,53.335857
ATLAS_SIG_B_TOP100,6a92e7670262700013c4e5e9,ATLAS_SIG_B_TOP100,BRD-M41783010,acamprosate,trt_cp,-6.3008585
ATLAS_SIG_B_TOP100,6a92e7670262700013c4e5e9,ATLAS_SIG_B_TOP100,BRD-K66766661,17-beta-estradiol,trt_cp,-47.582447
ATLAS_SIG_B_TOP100,6a92e7670262700013c4e5e9,ATLAS_SIG_B_TOP100,BRD-K54529596,captopril,trt_cp,-59.514263
ATLAS_SIG_B_TOP100,6a92e7670262700013c4e5e9,ATLAS_SIG_B_TOP100,BRD-A63445921,nicardipine,trt_cp,-23.158182
ATLAS_SIG_B_TOP100,6a92e7670262700013c4e5e9,ATLAS_SIG_B_TOP100,BRD-A51182606,chloramphenicol,trt_cp,31.579964
ATLAS_SIG_B_TOP100,6a92e7670262700013c4e5e9,ATLAS_SIG_B_TOP100,BRD-K94070024,depomedrol,trt_cp,-74.27258
ATLAS_SIG_B_TOP100,6a92e7670262700013c4e5e9,ATLAS_SIG_B_TOP100,BRD-A75144621,digoxin,trt_cp,10.358066
ATLAS_SIG_B_TOP100,6a92e7670262700013c4e5e9,ATLAS_SIG_B_TOP100,BRD-K82216340,medroxyprogesterone,trt_cp,63.88046
ATLAS_SIG_B_TOP100,6a92e7670262700013c4e5e9,ATLAS_SIG_B_TOP100,BRD-K13356952,methazolamide,trt_cp,-95.77167
ATLAS_SIG_B_TOP100,6a92e7670262700013c4e5e9,ATLAS_SIG_B_TOP100,BRD-K54416256,methimazole,trt_cp,-20.664387
ATLAS_SIG_B_TOP100,6a92e7670262700013c4e5e9,ATLAS_SIG_B_TOP100,BRD-K86873305,piperacillin,trt_cp,-90.123634
ATLAS_SIG_B_TOP100,6a92e7670262700013c4e5e9,ATLAS_SIG_B_TOP100,BRD-K28667793,pyrazinamide,trt_cp,-4.731605
ATLAS_SIG_B_TOP100,6a92e7670262700013c4e5e9,ATLAS_SIG_B_TOP100,BRD-A15493168,tetracycline,trt_cp,-45.202026
ATLAS_SIG_B_TOP100,6a92e7670262700013c4e5e9,ATLAS_SIG_B_TOP100,BRD-K97799481,theophylline,trt_cp,1.2332629
ATLAS_SIG_B_TOP100,6a92e7670262700013c4e5e9,ATLAS_SIG_B_TOP100,BRD-K69688083,mestinon,trt_cp,21.434187
ATLAS_SIG_B_TOP100,6a92e7670262700013c4e5e9,ATLAS_SIG_B_TOP100,BRD-K59773493,benzohydroxamic-acid,trt_cp,0.0
ATLAS_SIG_B_TOP100,6a92e7670262700013c4e5e9,ATLAS_SIG_B_TOP100,BRD-K39569857,avrainvillamide-analog-3,trt_cp,-17.7158
ATLAS_SIG_B_TOP100,6a92e7670262700013c4e5e9,ATLAS_SIG_B_TOP100,BRD-A70731303,avrainvillamide-analog-5,trt_cp,16.523315
ATLAS_SIG_B_TOP100,6a92e7670262700013c4e5e9,ATLAS_SIG_B_TOP100,BRD-A83237092,fulvestrant,trt_cp,10.301386
ATLAS_SIG_B_TOP100,6a92e7670262700013c4e5e9,ATLAS_SIG_B_TOP100,BRD-K68488863,ENMD-2076,trt_cp,14.781677
ATLAS_SIG_B_TOP100,6a92e7670262700013c4e5e9,ATLAS_SIG_B_TOP100,BRD-A74907996,equol,trt_cp,-5.1926413
ATLAS_SIG_B_TOP100,6a92e7670262700013c4e5e9,ATLAS_SIG_B_TOP100,BRD-K98948170,BRD-K98948170,trt_cp,-13.201563
ATLAS_SIG_B_TOP100,6a92e7670262700013c4e5e9,ATLAS_SIG_B_TOP100,BRD-K42573370,avrainvillamide-analog-2,trt_cp,9.554572
ATLAS_SIG_B_TOP100,6a92e7670262700013c4e5e9,ATLAS_SIG_B_TOP100,BRD-K61691971,avrainvillamide-analog-1,trt_cp,-8.85436
ATLAS_SIG_B_TOP100,6a92e7670262700013c4e5e9,ATLAS_SIG_B_TOP100,BRD-K25079130,avrainvillamide-analog-4,trt_cp,1.8675123
ATLAS_SIG_B_TOP100,6a92e7670262700013c4e5e9,ATLAS_SIG_B_TOP100,BRD-K50324045,avrainvillamide-analog-6,trt_cp,1.5618863
ATLAS_SIG_B_TOP100,6a92e7670262700013c4e5e9,ATLAS_SIG_B_TOP100,BRD-K79877282,PF-543,trt_cp,7.01198
ATLAS_SIG_B_TOP100,6a92e7670262700013c4e5e9,ATLAS_SIG_B_TOP100,BRD-K24576554,AT-9283,trt_cp,-66.24715
ATLAS_SIG_B_TOP100,6a92e7670262700013c4e5e9,ATLAS_SIG_B_TOP100,BRD-K53665955,MK-5108,trt_cp,-3.9464412
ATLAS_SIG_B_TOP100,6a92e7670262700013c4e5e9,ATLAS_SIG_B_TOP100,BRD-K67174588,toremifene,trt_cp,0.845666
ATLAS_SIG_B_TOP100,6a92e7670262700013c4e5e9,ATLAS_SIG_B_TOP100,BRD-K75295174,alisertib,trt_cp,-16.137636
ATLAS_SIG_B_TOP100,6a92e7670262700013c4e5e9,ATLAS_SIG_B_TOP100,BRD-K10466330,AVA,trt_cp,2.149401
ATLAS_SIG_B_TOP150,6a92f7a00262700013c4e5f1,ATLAS_SIG_B_TOP150,BRD-A09094913,strychnine,trt_cp,35.983467
ATLAS_SIG_B_TOP150,6a92f7a00262700013c4e5f1,ATLAS_SIG_B_TOP150,BRD-A55393291,testosterone,trt_cp,-30.35864
ATLAS_SIG_B_TOP150,6a92f7a00262700013c4e5f1,ATLAS_SIG_B_TOP150,BRD-A93255169,thalidomide,trt_cp,-24.280853
ATLAS_SIG_B_TOP150,6a92f7a00262700013c4e5f1,ATLAS_SIG_B_TOP150,BRD-K41731458,triclosan,trt_cp,20.60982
ATLAS_SIG_B_TOP150,6a92f7a00262700013c4e5f1,ATLAS_SIG_B_TOP150,BRD-K63675182,triflupromazine,trt_cp,88.01393
ATLAS_SIG_B_TOP150,6a92f7a00262700013c4e5f1,ATLAS_SIG_B_TOP150,BRD-A19195498,trimipramine,trt_cp,-50.759808
ATLAS_SIG_B_TOP150,6a92f7a00262700013c4e5f1,ATLAS_SIG_B_TOP150,BRD-K99621550,tubocurarine,trt_cp,-7.7102513
ATLAS_SIG_B_TOP150,6a92f7a00262700013c4e5f1,ATLAS_SIG_B_TOP150,BRD-A51714012,venlafaxine,trt_cp,-2.4852953
ATLAS_SIG_B_TOP150,6a92f7a00262700013c4e5f1,ATLAS_SIG_B_TOP150,BRD-K45117373,Y-26763,trt_cp,20.260792
ATLAS_SIG_B_TOP150,6a92f7a00262700013c4e5f1,ATLAS_SIG_B_TOP150,BRD-K42095107,daidzein,trt_cp,7.2577386
ATLAS_SIG_B_TOP150,6a92f7a00262700013c4e5f1,ATLAS_SIG_B_TOP150,BRD-K61269089,daphnetin,trt_cp,-40.86435
ATLAS_SIG_B_TOP150,6a92f7a00262700013c4e5f1,ATLAS_SIG_B_TOP150,BRD-A47494775,dipivefrine,trt_cp,0.0
ATLAS_SIG_B_TOP150,6a92f7a00262700013c4e5f1,ATLAS_SIG_B_TOP150,BRD-A18620900,estriol,trt_cp,-22.592964
ATLAS_SIG_B_TOP150,6a92f7a00262700013c4e5f1,ATLAS_SIG_B_TOP150,BRD-A02367930,ethinyl-estradiol,trt_cp,18.735981
ATLAS_SIG_B_TOP150,6a92f7a00262700013c4e5f1,ATLAS_SIG_B_TOP150,BRD-A61392169,eliprodil,trt_cp,6.946306
ATLAS_SIG_B_TOP150,6a92f7a00262700013c4e5f1,ATLAS_SIG_B_TOP150,BRD-A30205217,ethotoin,trt_cp,21.222618
ATLAS_SIG_B_TOP150,6a92f7a00262700013c4e5f1,ATLAS_SIG_B_TOP150,BRD-A09925278,etilefrine,trt_cp,6.4135356
ATLAS_SIG_B_TOP150,6a92f7a00262700013c4e5f1,ATLAS_SIG_B_TOP150,BRD-A18419789,etoposide,trt_cp,-15.641444
ATLAS_SIG_B_TOP150,6a92f7a00262700013c4e5f1,ATLAS_SIG_B_TOP150,BRD-K61951118,FG-7142,trt_cp,-10.595472
ATLAS_SIG_B_TOP150,6a92f7a00262700013c4e5f1,ATLAS_SIG_B_TOP150,BRD-A13133631,fluorometholone,trt_cp,-86.329124
ATLAS_SIG_B_TOP150,6a92f7a00262700013c4e5f1,ATLAS_SIG_B_TOP150,BRD-K11129031,gemfibrozil,trt_cp,2.2903454
ATLAS_SIG_B_TOP150,6a92f7a00262700013c4e5f1,ATLAS_SIG_B_TOP150,BRD-K26117720,gingerol,trt_cp,-9.654686
ATLAS_SIG_B_TOP150,6a92f7a00262700013c4e5f1,ATLAS_SIG_B_TOP150,BRD-A73859745,glycodeoxycholic-acid,trt_cp,7.8969064
ATLAS_SIG_B_TOP150,6a92f7a00262700013c4e5f1,ATLAS_SIG_B_TOP150,BRD-A09539288,homatropine,trt_cp,58.395443
ATLAS_SIG_B_TOP150,6a92f7a00262700013c4e5f1,ATLAS_SIG_B_TOP150,BRD-A78303415,hyoscyamine,trt_cp,-14.947844
ATLAS_SIG_B_TOP150,6a92f7a00262700013c4e5f1,ATLAS_SIG_B_TOP150,BRD-A63998256,helveticoside,trt_cp,21.640308
ATLAS_SIG_B_TOP150,6a92f7a00262700013c4e5f1,ATLAS_SIG_B_TOP150,BRD-A47065382,huperzine-a,trt_cp,5.482964
ATLAS_SIG_B_TOP150,6a92f7a00262700013c4e5f1,ATLAS_SIG_B_TOP150,BRD-A98299281,"hydroxytacrine-maleate-(r,s)",trt_cp,6.8057747
ATLAS_SIG_B_TOP150,6a92f7a00262700013c4e5f1,ATLAS_SIG_B_TOP150,BRD-A37776212,ICI-204448,trt_cp,-21.284191
ATLAS_SIG_B_TOP150,6a92f7a00262700013c4e5f1,ATLAS_SIG_B_TOP150,BRD-K38436528,imipramine,trt_cp,0.14094433
ATLAS_SIG_B_TOP150,6a92f7a00262700013c4e5f1,ATLAS_SIG_B_TOP150,BRD-A95869247,indapamide,trt_cp,21.393606
ATLAS_SIG_B_TOP150,6a92f7a00262700013c4e5f1,ATLAS_SIG_B_TOP150,BRD-K86509404,iso-olomoucine,trt_cp,9.471339
ATLAS_SIG_B_TOP150,6a92f7a00262700013c4e5f1,ATLAS_SIG_B_TOP150,BRD-A52326238,isogedunin,trt_cp,-6.8778954
ATLAS_SIG_B_TOP150,6a92f7a00262700013c4e5f1,ATLAS_SIG_B_TOP150,BRD-A16700644,isoxsuprine,trt_cp,6.906272
ATLAS_SIG_B_TOP150,6a92f7a00262700013c4e5f1,ATLAS_SIG_B_TOP150,BRD-K13211965,L-741742,trt_cp,1.8322762
ATLAS_SIG_B_TOP150,6a92f7a00262700013c4e5f1,ATLAS_SIG_B_TOP150,BRD-A68039575,liquiritigenin,trt_cp,37.63937
ATLAS_SIG_B_TOP150,6a92f7a00262700013c4e5f1,ATLAS_SIG_B_TOP150,BRD-K88789588,letrozole,trt_cp,18.776482
ATLAS_SIG_B_TOP150,6a92f7a00262700013c4e5f1,ATLAS_SIG_B_TOP150,BRD-A50764878,MDL-73005EF,trt_cp,3.579327
ATLAS_SIG_B_TOP150,6a92f7a00262700013c4e5f1,ATLAS_SIG_B_TOP150,BRD-K02867583,minaprine,trt_cp,10.23058
ATLAS_SIG_B_TOP150,6a92f7a00262700013c4e5f1,ATLAS_SIG_B_TOP150,BRD-A30435184,metergoline,trt_cp,73.95355
ATLAS_SIG_B_TOP150,6a92f7a00262700013c4e5f1,ATLAS_SIG_B_TOP150,BRD-A45543382,metrizamide,trt_cp,1.9027485
ATLAS_SIG_B_TOP150,6a92f7a00262700013c4e5f1,ATLAS_SIG_B_TOP150,BRD-A65280694,molindone,trt_cp,-37.763702
ATLAS_SIG_B_TOP150,6a92f7a00262700013c4e5f1,ATLAS_SIG_B_TOP150,BRD-K21548250,moracizine,trt_cp,38.59937
ATLAS_SIG_B_TOP150,6a92f7a00262700013c4e5f1,ATLAS_SIG_B_TOP150,BRD-K62056274,N-methylquipazine,trt_cp,-3.8407328
ATLAS_SIG_B_TOP150,6a92f7a00262700013c4e5f1,ATLAS_SIG_B_TOP150,BRD-K41143549,N20C,trt_cp,-41.83525
ATLAS_SIG_B_TOP150,6a92f7a00262700013c4e5f1,ATLAS_SIG_B_TOP150,BRD-K26979635,NS-3694,trt_cp,-15.185964
ATLAS_SIG_B_TOP150,6a92f7a00262700013c4e5f1,ATLAS_SIG_B_TOP150,BRD-A80213327,NSC-23766,trt_cp,27.91861
ATLAS_SIG_B_TOP150,6a92f7a00262700013c4e5f1,ATLAS_SIG_B_TOP150,BRD-K88172511,naltrexone,trt_cp,-7.020775
ATLAS_SIG_B_TOP150,6a92f7a00262700013c4e5f1,ATLAS_SIG_B_TOP150,BRD-A19736161,ondansetron,trt_cp,6.3636017
ATLAS_SIG_B_TOP150,6a92f7a00262700013c4e5f1,ATLAS_SIG_B_TOP150,BRD-K50841342,PAC-1,trt_cp,-1.8782935
ATLAS_SIG_B_TOP150,6a92f7a00262700013c4e5f1,ATLAS_SIG_B_TOP150,BRD-A70407468,PSB-36,trt_cp,22.764338
ATLAS_SIG_B_TOP150,6a92f7a00262700013c4e5f1,ATLAS_SIG_B_TOP150,BRD-A59303141,quinethazone,trt_cp,12.031386
ATLAS_SIG_B_TOP150,6a92f7a00262700013c4e5f1,ATLAS_SIG_B_TOP150,BRD-K86600316,RS-79948,trt_cp,3.3121917
ATLAS_SIG_B_TOP150,6a92f7a00262700013c4e5f1,ATLAS_SIG_B_TOP150,BRD-A92585442,RU-28318,trt_cp,1.8675123
ATLAS_SIG_B_TOP150,6a92f7a00262700013c4e5f1,ATLAS_SIG_B_TOP150,BRD-A65739223,ramipril,trt_cp,-50.957882
ATLAS_SIG_B_TOP150,6a92f7a00262700013c4e5f1,ATLAS_SIG_B_TOP150,BRD-K27141178,SB-203186,trt_cp,-8.168635
ATLAS_SIG_B_TOP150,6a92f7a00262700013c4e5f1,ATLAS_SIG_B_TOP150,BRD-K55748775,SCH-28080,trt_cp,-3.10847
ATLAS_SIG_B_TOP150,6a92f7a00262700013c4e5f1,ATLAS_SIG_B_TOP150,BRD-A91992993,siguazodan,trt_cp,13.60601
ATLAS_SIG_B_TOP150,6a92f7a00262700013c4e5f1,ATLAS_SIG_B_TOP150,BRD-K46211610,tolazoline,trt_cp,3.030303
ATLAS_SIG_B_TOP150,6a92f7a00262700013c4e5f1,ATLAS_SIG_B_TOP150,BRD-A30717181,triamcinolone,trt_cp,12.664019
ATLAS_SIG_B_TOP150,6a92f7a00262700013c4e5f1,ATLAS_SIG_B_TOP150,BRD-K11742128,triprolidine,trt_cp,-32.13557
ATLAS_SIG_B_TOP150,6a92f7a00262700013c4e5f1,ATLAS_SIG_B_TOP150,BRD-A79672927,tropicamide,trt_cp,-0.3875969
ATLAS_SIG_B_TOP150,6a92f7a00262700013c4e5f1,ATLAS_SIG_B_TOP150,BRD-K48427617,U-0124,trt_cp,-71.94356
ATLAS_SIG_B_TOP150,6a92f7a00262700013c4e5f1,ATLAS_SIG_B_TOP150,BRD-K47207162,zimelidine,trt_cp,-6.500937
ATLAS_SIG_B_TOP150,6a92f7a00262700013c4e5f1,ATLAS_SIG_B_TOP150,BRD-A47513740,calyculin,trt_cp,98.46695
ATLAS_SIG_B_TOP150,6a92f7a00262700013c4e5f1,ATLAS_SIG_B_TOP150,BRD-K56231354,triprolidine,trt_cp,-10.601351
ATLAS_SIG_B_TOP150,6a92f7a00262700013c4e5f1,ATLAS_SIG_B_TOP150,BRD-K89732114,trifluoperazine,trt_cp,20.481512
ATLAS_SIG_B_TOP150,6a92f7a00262700013c4e5f1,ATLAS_SIG_B_TOP150,BRD-A18763547,BAX-channel-blocker,trt_cp,52.638233
ATLAS_SIG_B_TOP150,6a92f7a00262700013c4e5f1,ATLAS_SIG_B_TOP150,BRD-A83255679,BRD-A83255679,trt_cp,6.819906
ATLAS_SIG_B_TOP150,6a92f7a00262700013c4e5f1,ATLAS_SIG_B_TOP150,BRD-K00317371,RITA,trt_cp,-41.05004
ATLAS_SIG_B_TOP150,6a92f7a00262700013c4e5f1,ATLAS_SIG_B_TOP150,BRD-K06593056,LE-135,trt_cp,-1.1275547
ATLAS_SIG_B_TOP150,6a92f7a00262700013c4e5f1,ATLAS_SIG_B_TOP150,BRD-K12184916,NVP-BEZ235,trt_cp,0.0
ATLAS_SIG_B_TOP150,6a92f7a00262700013c4e5f1,ATLAS_SIG_B_TOP150,BRD-K15563106,phloretin,trt_cp,-36.24877
ATLAS_SIG_B_TOP150,6a92f7a00262700013c4e5f1,ATLAS_SIG_B_TOP150,BRD-K19295594,gossypol,trt_cp,-36.674946
ATLAS_SIG_B_TOP150,6a92f7a00262700013c4e5f1,ATLAS_SIG_B_TOP150,BRD-K20755323,SKI-II,trt_cp,2.977932
ATLAS_SIG_B_TOP150,6a92f7a00262700013c4e5f1,ATLAS_SIG_B_TOP150,BRD-K26664453,cytochalasin-b,trt_cp,0.5990134
ATLAS_SIG_B_TOP150,6a92f7a00262700013c4e5f1,ATLAS_SIG_B_TOP150,BRD-K32536677,AGK-2,trt_cp,-0.66948557
ATLAS_SIG_B_TOP150,6a92f7a00262700013c4e5f1,ATLAS_SIG_B_TOP150,BRD-K36927236,glibenclamide,trt_cp,2.149401
ATLAS_SIG_B_TOP150,6a92f7a00262700013c4e5f1,ATLAS_SIG_B_TOP150,BRD-K53414658,tivozanib,trt_cp,6.7300916
ATLAS_SIG_B_TOP150,6a92f7a00262700013c4e5f1,ATLAS_SIG_B_TOP150,BRD-K54256913,MK-1775,trt_cp,49.436317
ATLAS_SIG_B_TOP150,6a92f7a00262700013c4e5f1,ATLAS_SIG_B_TOP150,BRD-K68143200,NSC-95397,trt_cp,38.749996
ATLAS_SIG_B_TOP150,6a92f7a00262700013c4e5f1,ATLAS_SIG_B_TOP150,BRD-K93176058,AC-55649,trt_cp,-37.437927
ATLAS_SIG_B_TOP150,6a92f7a00262700013c4e5f1,ATLAS_SIG_B_TOP150,BRD-K94325918,kinetin-riboside,trt_cp,1.8322762
ATLAS_SIG_B_TOP150,6a92f7a00262700013c4e5f1,ATLAS_SIG_B_TOP150,BRD-K95609758,BMS-191011,trt_cp,-33.57843
ATLAS_SIG_B_TOP150,6a92f7a00262700013c4e5f1,ATLAS_SIG_B_TOP150,BRD-K96354014,nifedipine,trt_cp,-75.309105
ATLAS_SIG_B_TOP150,6a92f7a00262700013c4e5f1,ATLAS_SIG_B_TOP150,BRD-K30064966,BRD-K30064966,trt_cp,9.525723
ATLAS_SIG_B_TOP150,6a92f7a00262700013c4e5f1,ATLAS_SIG_B_TOP150,BRD-K56301217,ABT-737,trt_cp,-32.86671
ATLAS_SIG_B_TOP150,6a92f7a00262700013c4e5f1,ATLAS_SIG_B_TOP150,BRD-K82746043,navitoclax,trt_cp,-6.8734674
ATLAS_SIG_B_TOP150,6a92f7a00262700013c4e5f1,ATLAS_SIG_B_TOP150,BRD-A67373739,AICA-ribonucleotide,trt_cp,-14.009844
ATLAS_SIG_B_TOP150,6a92f7a00262700013c4e5f1,ATLAS_SIG_B_TOP150,BRD-K47983010,BX-795,trt_cp,25.334702
ATLAS_SIG_B_TOP150,6a92f7a00262700013c4e5f1,ATLAS_SIG_B_TOP150,BRD-K05653692,DL-PDMP,trt_cp,52.931732
ATLAS_SIG_B_TOP150,6a92f7a00262700013c4e5f1,ATLAS_SIG_B_TOP150,BRD-K01976263,emetine,trt_cp,-91.63395
ATLAS_SIG_B_TOP150,6a92f7a00262700013c4e5f1,ATLAS_SIG_B_TOP150,BRD-A68631409,evodiamine,trt_cp,4.7045326
ATLAS_SIG_B_TOP150,6a92f7a00262700013c4e5f1,ATLAS_SIG_B_TOP150,BRD-K09778810,FGIN-1-27,trt_cp,-0.28188866
ATLAS_SIG_B_TOP150,6a92f7a00262700013c4e5f1,ATLAS_SIG_B_TOP150,BRD-K85606544,neratinib,trt_cp,24.7464
ATLAS_SIG_B_TOP150,6a92f7a00262700013c4e5f1,ATLAS_SIG_B_TOP150,BRD-K33583600,isoliquiritigenin,trt_cp,53.638332
ATLAS_SIG_B_TOP150,6a92f7a00262700013c4e5f1,ATLAS_SIG_B_TOP150,BRD-K67566344,KU-0063794,trt_cp,0.0
ATLAS_SIG_B_TOP150,6a92f7a00262700013c4e5f1,ATLAS_SIG_B_TOP150,BRD-K37865504,LY-2183240,trt_cp,5.1296864
ATLAS_SIG_B_TOP150,6a92f7a00262700013c4e5f1,ATLAS_SIG_B_TOP150,BRD-K35960502,niclosamide,trt_cp,49.623245
ATLAS_SIG_B_TOP150,6a92f7a00262700013c4e5f1,ATLAS_SIG_B_TOP150,BRD-K48692744,NU-1025,trt_cp,-10.676533
ATLAS_SIG_B_TOP150,6a92f7a00262700013c4e5f1,ATLAS_SIG_B_TOP150,BRD-K08589866,linsitinib,trt_cp,-39.34259
ATLAS_SIG_B_TOP150,6a92f7a00262700013c4e5f1,ATLAS_SIG_B_TOP150,BRD-K92991072,PAC-1,trt_cp,-1.0218464
ATLAS_SIG_B_TOP150,6a92f7a00262700013c4e5f1,ATLAS_SIG_B_TOP150,BRD-K11853856,PJ-34,trt_cp,35.732113
ATLAS_SIG_B_TOP150,6a92f7a00262700013c4e5f1,ATLAS_SIG_B_TOP150,BRD-K16554956,PTB1,trt_cp,-17.302746
ATLAS_SIG_B_TOP150,6a92f7a00262700013c4e5f1,ATLAS_SIG_B_TOP150,BRD-K02407574,parbendazole,trt_cp,97.78013
ATLAS_SIG_B_TOP150,6a92f7a00262700013c4e5f1,ATLAS_SIG_B_TOP150,BRD-K98548675,parthenolide,trt_cp,94.80408
ATLAS_SIG_B_TOP150,6a92f7a00262700013c4e5f1,ATLAS_SIG_B_TOP150,BRD-K01292756,pimozide,trt_cp,11.167043
ATLAS_SIG_B_TOP150,6a92f7a00262700013c4e5f1,ATLAS_SIG_B_TOP150,BRD-A45889380,mepacrine,trt_cp,95.35372
ATLAS_SIG_B_TOP150,6a92f7a00262700013c4e5f1,ATLAS_SIG_B_TOP150,BRD-K21672174,Ro-28-1675,trt_cp,-21.937473
ATLAS_SIG_B_TOP150,6a92f7a00262700013c4e5f1,ATLAS_SIG_B_TOP150,BRD-A97437073,rosiglitazone,trt_cp,-0.31712472
ATLAS_SIG_B_TOP150,6a92f7a00262700013c4e5f1,ATLAS_SIG_B_TOP150,BRD-K03816923,rottlerin,trt_cp,5.3427486
ATLAS_SIG_B_TOP150,6a92f7a00262700013c4e5f1,ATLAS_SIG_B_TOP150,BRD-K53855319,SRT-1720,trt_cp,20.400454
ATLAS_SIG_B_TOP150,6a92f7a00262700013c4e5f1,ATLAS_SIG_B_TOP150,BRD-A35588707,teniposide,trt_cp,-31.638176
ATLAS_SIG_B_TOP150,6a92f7a00262700013c4e5f1,ATLAS_SIG_B_TOP150,BRD-K51575138,TPCA-1,trt_cp,-41.93349
ATLAS_SIG_B_TOP150,6a92f7a00262700013c4e5f1,ATLAS_SIG_B_TOP150,BRD-K80527266,triacsin-c,trt_cp,-80.58071
ATLAS_SIG_B_TOP150,6a92f7a00262700013c4e5f1,ATLAS_SIG_B_TOP150,BRD-K74236984,UNC-0321,trt_cp,-91.15531
ATLAS_SIG_B_TOP150,6a92f7a00262700013c4e5f1,ATLAS_SIG_B_TOP150,BRD-K87947369,tozasertib,trt_cp,-10.030971
ATLAS_SIG_B_TOP150,6a92f7a00262700013c4e5f1,ATLAS_SIG_B_TOP150,BRD-K12994359,valdecoxib,trt_cp,-2.904627
ATLAS_SIG_B_TOP150,6a92f7a00262700013c4e5f1,ATLAS_SIG_B_TOP150,BRD-K71799949,carbamazepine,trt_cp,1.6560959
ATLAS_SIG_B_TOP150,6a92f7a00262700013c4e5f1,ATLAS_SIG_B_TOP150,BRD-A85860691,chaetocin,trt_cp,0.95137423
ATLAS_SIG_B_TOP150,6a92f7a00262700013c4e5f1,ATLAS_SIG_B_TOP150,BRD-A38030642,cyclosporin-a,trt_cp,-21.0208
ATLAS_SIG_B_TOP150,6a92f7a00262700013c4e5f1,ATLAS_SIG_B_TOP150,BRD-K35723520,darinaparsin,trt_cp,-10.510445
ATLAS_SIG_B_TOP150,6a92f7a00262700013c4e5f1,ATLAS_SIG_B_TOP150,BRD-K82135108,elesclomol,trt_cp,25.013382
ATLAS_SIG_B_TOP150,6a92f7a00262700013c4e5f1,ATLAS_SIG_B_TOP150,BRD-K14888893,minoxidil,trt_cp,11.816105
ATLAS_SIG_B_TOP150,6a92f7a00262700013c4e5f1,ATLAS_SIG_B_TOP150,BRD-A75517195,thiazolopyrimidine,trt_cp,-26.256615
ATLAS_SIG_B_TOP150,6a92f7a00262700013c4e5f1,ATLAS_SIG_B_TOP150,BRD-A75409952,wortmannin,trt_cp,0.422833
ATLAS_SIG_B_TOP150,6a92f7a00262700013c4e5f1,ATLAS_SIG_B_TOP150,BRD-A81541225,oligomycin-a,trt_cp,-97.53348
ATLAS_SIG_B_TOP150,6a92f7a00262700013c4e5f1,ATLAS_SIG_B_TOP150,BRD-K81418486,vorinostat,trt_cp,21.468718
ATLAS_SIG_B_TOP150,6a92f7a00262700013c4e5f1,ATLAS_SIG_B_TOP150,BRD-K61033289,15-delta-prostaglandin-j2,trt_cp,34.091026
ATLAS_SIG_B_TOP150,6a92f7a00262700013c4e5f1,ATLAS_SIG_B_TOP150,BRD-K88560311,rucaparib,trt_cp,-5.343648
ATLAS_SIG_B_TOP150,6a92f7a00262700013c4e5f1,ATLAS_SIG_B_TOP150,BRD-K08703257,3-amino-benzamide,trt_cp,-13.528574
ATLAS_SIG_B_TOP150,6a92f7a00262700013c4e5f1,ATLAS_SIG_B_TOP150,BRD-K09907482,PRL-3-inhibitor-I,trt_cp,-56.150528
ATLAS_SIG_B_TOP150,6a92f7a00262700013c4e5f1,ATLAS_SIG_B_TOP150,BRD-K59184148,SB-216763,trt_cp,-82.6257
ATLAS_SIG_B_TOP150,6a92f7a00262700013c4e5f1,ATLAS_SIG_B_TOP150,BRD-K12762134,XAV-939,trt_cp,13.758066
ATLAS_SIG_B_TOP150,6a92f7a00262700013c4e5f1,ATLAS_SIG_B_TOP150,BRD-K26657438,imiquimod,trt_cp,8.121692
ATLAS_SIG_B_TOP150,6a92f7a00262700013c4e5f1,ATLAS_SIG_B_TOP150,BRD-K93754473,tamoxifen,trt_cp,-8.258219
ATLAS_SIG_B_TOP150,6a92f7a00262700013c4e5f1,ATLAS_SIG_B_TOP150,BRD-K27316855,calcitriol,trt_cp,1.1980268
ATLAS_SIG_B_TOP150,6a92f7a00262700013c4e5f1,ATLAS_SIG_B_TOP150,BRD-A13122391,triptolide,trt_cp,49.05194
ATLAS_SIG_B_TOP150,6a92f7a00262700013c4e5f1,ATLAS_SIG_B_TOP150,BRD-A71390734,idarubicin,trt_cp,1.726568
ATLAS_SIG_B_TOP150,6a92f7a00262700013c4e5f1,ATLAS_SIG_B_TOP150,BRD-K91623615,ABT-751,trt_cp,52.570045
ATLAS_SIG_B_TOP150,6a92f7a00262700013c4e5f1,ATLAS_SIG_B_TOP150,BRD-K07303502,arachidonyl-trifluoro-methane,trt_cp,30.138954
ATLAS_SIG_B_TOP150,6a92f7a00262700013c4e5f1,ATLAS_SIG_B_TOP150,BRD-K78959463,FPL-64176,trt_cp,-7.9657497
ATLAS_SIG_B_TOP150,6a92f7a00262700013c4e5f1,ATLAS_SIG_B_TOP150,BRD-K09499853,KU-0060648,trt_cp,56.02308
ATLAS_SIG_B_TOP150,6a92f7a00262700013c4e5f1,ATLAS_SIG_B_TOP150,BRD-K28470988,L-690330,trt_cp,-14.887165
ATLAS_SIG_B_TOP150,6a92f7a00262700013c4e5f1,ATLAS_SIG_B_TOP150,BRD-K69328504,L-690488,trt_cp,-6.0915756
ATLAS_SIG_B_TOP150,6a92f7a00262700013c4e5f1,ATLAS_SIG_B_TOP150,BRD-K76205745,losartan,trt_cp,-18.4168
ATLAS_SIG_B_TOP150,6a92f7a00262700013c4e5f1,ATLAS_SIG_B_TOP150,BRD-K78126613,menadione,trt_cp,2.5258563
ATLAS_SIG_B_TOP150,6a92f7a00262700013c4e5f1,ATLAS_SIG_B_TOP150,BRD-K67844266,pevonedistat,trt_cp,57.302345
ATLAS_SIG_B_TOP150,6a92f7a00262700013c4e5f1,ATLAS_SIG_B_TOP150,BRD-K62810658,PD-98059,trt_cp,-25.21904
ATLAS_SIG_B_TOP150,6a92f7a00262700013c4e5f1,ATLAS_SIG_B_TOP150,BRD-K80738081,resveratrol,trt_cp,-1.303735
ATLAS_SIG_B_TOP150,6a92f7a00262700013c4e5f1,ATLAS_SIG_B_TOP150,BRD-K23875128,RHO-kinase-inhibitor-III[rockout],trt_cp,-82.66164
ATLAS_SIG_B_TOP150,6a92f7a00262700013c4e5f1,ATLAS_SIG_B_TOP150,BRD-K50128260,sildenafil,trt_cp,-35.802013
ATLAS_SIG_B_TOP150,6a92f7a00262700013c4e5f1,ATLAS_SIG_B_TOP150,BRD-K28360340,TW-37,trt_cp,-1.105732
ATLAS_SIG_B_TOP150,6a92f7a00262700013c4e5f1,ATLAS_SIG_B_TOP150,BRD-A09533288,verapamil,trt_cp,-56.672924
ATLAS_SIG_B_TOP150,6a92f7a00262700013c4e5f1,ATLAS_SIG_B_TOP150,BRD-U88459701,atorvastatin,trt_cp,-0.45806906
ATLAS_SIG_B_TOP150,6a92f7a00262700013c4e5f1,ATLAS_SIG_B_TOP150,BRD-A69951442,dexamethasone,trt_cp,-63.26328
ATLAS_SIG_B_TOP150,6a92f7a00262700013c4e5f1,ATLAS_SIG_B_TOP150,BRD-A25004090,erastin,trt_cp,-4.535961
ATLAS_SIG_B_TOP150,6a92f7a00262700013c4e5f1,ATLAS_SIG_B_TOP150,BRD-K15108141,gemcitabine,trt_cp,31.457869
ATLAS_SIG_B_TOP150,6a92f7a00262700013c4e5f1,ATLAS_SIG_B_TOP150,BRD-K59222562,BRD-K59222562,trt_cp,-86.78305
ATLAS_SIG_B_TOP150,6a92f7a00262700013c4e5f1,ATLAS_SIG_B_TOP150,BRD-A18279961,BRD-A18279961,trt_cp,29.655003
ATLAS_SIG_B_TOP150,6a92f7a00262700013c4e5f1,ATLAS_SIG_B_TOP150,BRD-A38793261,BRD-A38793261,trt_cp,-12.730184
ATLAS_SIG_B_TOP150,6a92f7a00262700013c4e5f1,ATLAS_SIG_B_TOP150,BRD-K37456065,VU-0365114-2,trt_cp,-29.919231
ATLAS_SIG_B_TOP150,6a92f7a00262700013c4e5f1,ATLAS_SIG_B_TOP150,BRD-K44432556,VU-0418946-1,trt_cp,29.23923
ATLAS_SIG_B_TOP150,6a92f7a00262700013c4e5f1,ATLAS_SIG_B_TOP150,BRD-A19500257,geldanamycin,trt_cp,29.283958
ATLAS_SIG_B_TOP150,6a92f7a00262700013c4e5f1,ATLAS_SIG_B_TOP150,BRD-K24127443,BRD-K24127443,trt_cp,7.6814656
ATLAS_SIG_B_TOP150,6a92f7a00262700013c4e5f1,ATLAS_SIG_B_TOP150,BRD-K35133769,BRD-K35133769,trt_cp,26.339914
ATLAS_SIG_B_TOP150,6a92f7a00262700013c4e5f1,ATLAS_SIG_B_TOP150,BRD-K68756823,FR-180204,trt_cp,-46.726696
ATLAS_SIG_B_TOP150,6a92f7a00262700013c4e5f1,ATLAS_SIG_B_TOP150,BRD-K30649484,mafenide,trt_cp,31.209343
ATLAS_SIG_B_TOP150,6a92f7a00262700013c4e5f1,ATLAS_SIG_B_TOP150,BRD-K39823328,VU-0366037-2,trt_cp,18.770794
ATLAS_SIG_B_TOP150,6a92f7a00262700013c4e5f1,ATLAS_SIG_B_TOP150,BRD-A34208323,VU-0404997-2,trt_cp,2.3960536
ATLAS_SIG_B_TOP150,6a92f7a00262700013c4e5f1,ATLAS_SIG_B_TOP150,BRD-K83010055,VU-0415374-1,trt_cp,-16.890469
ATLAS_SIG_B_TOP150,6a92f7a00262700013c4e5f1,ATLAS_SIG_B_TOP150,BRD-K74501079,azithromycin,trt_cp,2.3960536
ATLAS_SIG_B_TOP150,6a92f7a00262700013c4e5f1,ATLAS_SIG_B_TOP150,BRD-A35108200,dexamethasone,trt_cp,-68.558846
ATLAS_SIG_B_TOP150,6a92f7a00262700013c4e5f1,ATLAS_SIG_B_TOP150,BRD-A69512159,carbidopa,trt_cp,12.61379
ATLAS_SIG_B_TOP150,6a92f7a00262700013c4e5f1,ATLAS_SIG_B_TOP150,BRD-K02637541,celecoxib,trt_cp,5.6737146
ATLAS_SIG_B_TOP150,6a92f7a00262700013c4e5f1,ATLAS_SIG_B_TOP150,BRD-A42571354,cetirizine,trt_cp,-11.020118
ATLAS_SIG_B_TOP150,6a92f7a00262700013c4e5f1,ATLAS_SIG_B_TOP150,BRD-A47598013,citalopram,trt_cp,37.24602
ATLAS_SIG_B_TOP150,6a92f7a00262700013c4e5f1,ATLAS_SIG_B_TOP150,BRD-K27721098,clopidogrel,trt_cp,23.243567
ATLAS_SIG_B_TOP150,6a92f7a00262700013c4e5f1,ATLAS_SIG_B_TOP150,BRD-K05673000,dicloxacillin,trt_cp,-80.40938
ATLAS_SIG_B_TOP150,6a92f7a00262700013c4e5f1,ATLAS_SIG_B_TOP150,BRD-A16998493,etodolac,trt_cp,65.27373
ATLAS_SIG_B_TOP150,6a92f7a00262700013c4e5f1,ATLAS_SIG_B_TOP150,BRD-A81233518,glycopyrrolate,trt_cp,9.764156
ATLAS_SIG_B_TOP150,6a92f7a00262700013c4e5f1,ATLAS_SIG_B_TOP150,BRD-A01320529,salmeterol,trt_cp,20.848051
ATLAS_SIG_B_TOP150,6a92f7a00262700013c4e5f1,ATLAS_SIG_B_TOP150,BRD-K55070890,thiothixene,trt_cp,37.01032
ATLAS_SIG_B_TOP150,6a92f7a00262700013c4e5f1,ATLAS_SIG_B_TOP150,BRD-K92000912,AM-251,trt_cp,0.49330515
ATLAS_SIG_B_TOP150,6a92f7a00262700013c4e5f1,ATLAS_SIG_B_TOP150,BRD-K41410256,balsalazide,trt_cp,55.62613
ATLAS_SIG_B_TOP150,6a92f7a00262700013c4e5f1,ATLAS_SIG_B_TOP150,BRD-A46179541,doxapram,trt_cp,-15.051449
ATLAS_SIG_B_TOP150,6a92f7a00262700013c4e5f1,ATLAS_SIG_B_TOP150,BRD-K67783091,haloperidol,trt_cp,0.7047216
ATLAS_SIG_B_TOP150,6a92f7a00262700013c4e5f1,ATLAS_SIG_B_TOP150,BRD-A66435872,HTMT,trt_cp,0.5285412
ATLAS_SIG_B_TOP150,6a92f7a00262700013c4e5f1,ATLAS_SIG_B_TOP150,BRD-K12102668,nialamide,trt_cp,-20.932888
ATLAS_SIG_B_TOP150,6a92f7a00262700013c4e5f1,ATLAS_SIG_B_TOP150,BRD-K67637637,olopatadine,trt_cp,15.416548
ATLAS_SIG_B_TOP150,6a92f7a00262700013c4e5f1,ATLAS_SIG_B_TOP150,BRD-K00234327,RU-24969,trt_cp,13.716144
ATLAS_SIG_B_TOP150,6a92f7a00262700013c4e5f1,ATLAS_SIG_B_TOP150,BRD-A75769826,SDM-25N,trt_cp,-1.1057891
ATLAS_SIG_B_TOP150,6a92f7a00262700013c4e5f1,ATLAS_SIG_B_TOP150,BRD-A01826957,xanthinol,trt_cp,9.125843
ATLAS_SIG_B_TOP150,6a92f7a00262700013c4e5f1,ATLAS_SIG_B_TOP150,BRD-A70083328,secnidazole,trt_cp,-29.795912
ATLAS_SIG_B_TOP150,6a92f7a00262700013c4e5f1,ATLAS_SIG_B_TOP150,BRD-K98530306,clonidine,trt_cp,12.191541
ATLAS_SIG_B_TOP150,6a92f7a00262700013c4e5f1,ATLAS_SIG_B_TOP150,BRD-A36074203,remacemide,trt_cp,35.31112
ATLAS_SIG_B_TOP150,6a92f7a00262700013c4e5f1,ATLAS_SIG_B_TOP150,BRD-K02130563,panobinostat,trt_cp,3.5236082
ATLAS_SIG_B_TOP150,6a92f7a00262700013c4e5f1,ATLAS_SIG_B_TOP150,BRD-K26818574,BIX-01294,trt_cp,5.8139534
ATLAS_SIG_B_TOP150,6a92f7a00262700013c4e5f1,ATLAS_SIG_B_TOP150,BRD-K07403598,CAY-10470,trt_cp,3.1360114
ATLAS_SIG_B_TOP150,6a92f7a00262700013c4e5f1,ATLAS_SIG_B_TOP150,BRD-K05396879,15-delta-prostaglandin-j2,trt_cp,-5.0945263
ATLAS_SIG_B_TOP150,6a92f7a00262700013c4e5f1,ATLAS_SIG_B_TOP150,BRD-K00656370,6-aminochrysene,trt_cp,-1.1980268
ATLAS_SIG_B_TOP150,6a92f7a00262700013c4e5f1,ATLAS_SIG_B_TOP150,BRD-K56001384,antimycin-a,trt_cp,2.7131784
ATLAS_SIG_B_TOP150,6a92f7a00262700013c4e5f1,ATLAS_SIG_B_TOP150,BRD-K10573841,tunicamycin,trt_cp,-38.23943
ATLAS_SIG_B_TOP150,6a92f7a00262700013c4e5f1,ATLAS_SIG_B_TOP150,BRD-A19037878,trichostatin-a,trt_cp,0.7751938
ATLAS_SIG_B_TOP150,6a92f7a00262700013c4e5f1,ATLAS_SIG_B_TOP150,BRD-K87426499,BRD-K87426499,trt_cp,-89.502975
ATLAS_SIG_B_TOP150,6a92f7a00262700013c4e5f1,ATLAS_SIG_B_TOP150,BRD-A66395008,parthenolide,trt_cp,-33.34642
ATLAS_SIG_B_TOP150,6a92f7a00262700013c4e5f1,ATLAS_SIG_B_TOP150,BRD-K79254416,decitabine,trt_cp,0.5637773
ATLAS_SIG_B_TOP150,6a92f7a00262700013c4e5f1,ATLAS_SIG_B_TOP150,BRD-K25504083,cytochalasin-d,trt_cp,35.91369
ATLAS_SIG_B_TOP150,6a92f7a00262700013c4e5f1,ATLAS_SIG_B_TOP150,BRD-K97056771,GNF-2,trt_cp,11.649716
ATLAS_SIG_B_TOP150,6a92f7a00262700013c4e5f1,ATLAS_SIG_B_TOP150,BRD-K29733039,deforolimus,trt_cp,-22.7766
ATLAS_SIG_B_TOP150,6a92f7a00262700013c4e5f1,ATLAS_SIG_B_TOP150,BRD-K07881437,danusertib,trt_cp,31.223194
ATLAS_SIG_B_TOP150,6a92f7a00262700013c4e5f1,ATLAS_SIG_B_TOP150,BRD-K16478699,PLX-4720,trt_cp,6.8747635
ATLAS_SIG_B_TOP150,6a92f7a00262700013c4e5f1,ATLAS_SIG_B_TOP150,BRD-K71823332,epothilone-a,trt_cp,31.674988
ATLAS_SIG_B_TOP150,6a92f7a00262700013c4e5f1,ATLAS_SIG_B_TOP150,BRD-K47832606,floxuridine,trt_cp,35.955414
ATLAS_SIG_B_TOP150,6a92f7a00262700013c4e5f1,ATLAS_SIG_B_TOP150,BRD-K35687265,ON-01910,trt_cp,0.0
ATLAS_SIG_B_TOP150,6a92f7a00262700013c4e5f1,ATLAS_SIG_B_TOP150,BRD-K64881305,ispinesib,trt_cp,-2.6427062
ATLAS_SIG_B_TOP150,6a92f7a00262700013c4e5f1,ATLAS_SIG_B_TOP150,BRD-K31553034,zibotentan,trt_cp,-16.992252
ATLAS_SIG_B_TOP150,6a92f7a00262700013c4e5f1,ATLAS_SIG_B_TOP150,BRD-K19416115,sitagliptin,trt_cp,-92.97872
ATLAS_SIG_B_TOP150,6a92f7a00262700013c4e5f1,ATLAS_SIG_B_TOP150,BRD-K31283835,tofacitinib,trt_cp,-14.974871
ATLAS_SIG_B_TOP150,6a92f7a00262700013c4e5f1,ATLAS_SIG_B_TOP150,BRD-K22096725,ALW-II-49-7,trt_cp,-84.463036
ATLAS_SIG_B_TOP150,6a92f7a00262700013c4e5f1,ATLAS_SIG_B_TOP150,BRD-A45664787,iloprost,trt_cp,18.063007
ATLAS_SIG_B_TOP150,6a92f7a00262700013c4e5f1,ATLAS_SIG_B_TOP150,BRD-K74133369,oligomycin-a,trt_cp,-1.2684989
ATLAS_SIG_B_TOP150,6a92f7a00262700013c4e5f1,ATLAS_SIG_B_TOP150,BRD-K55991774,BAS-09104376,trt_cp,-76.458496
ATLAS_SIG_B_TOP150,6a92f7a00262700013c4e5f1,ATLAS_SIG_B_TOP150,BRD-A02333338,cyclopamine,trt_cp,0.0
ATLAS_SIG_B_TOP150,6a92f7a00262700013c4e5f1,ATLAS_SIG_B_TOP150,BRD-K07888107,depudecin,trt_cp,23.709393
ATLAS_SIG_B_TOP150,6a92f7a00262700013c4e5f1,ATLAS_SIG_B_TOP150,BRD-A32161980,carbetocin,trt_cp,-56.606857
ATLAS_SIG_B_TOP150,6a92f7a00262700013c4e5f1,ATLAS_SIG_B_TOP150,BRD-K50140147,NVP-TAE684,trt_cp,5.318636
ATLAS_SIG_B_TOP150,6a92f7a00262700013c4e5f1,ATLAS_SIG_B_TOP150,BRD-K92723993,imatinib,trt_cp,1.7970402
ATLAS_SIG_B_TOP150,6a92f7a00262700013c4e5f1,ATLAS_SIG_B_TOP150,BRD-K49865102,PD-0325901,trt_cp,-69.95741
ATLAS_SIG_B_TOP150,6a92f7a00262700013c4e5f1,ATLAS_SIG_B_TOP150,BRD-K63068307,ZSTK-474,trt_cp,10.285748
ATLAS_SIG_B_TOP150,6a92f7a00262700013c4e5f1,ATLAS_SIG_B_TOP150,BRD-K17743125,belinostat,trt_cp,48.166763
ATLAS_SIG_B_TOP150,6a92f7a00262700013c4e5f1,ATLAS_SIG_B_TOP150,BRD-K71512533,SNS-314,trt_cp,46.91878
ATLAS_SIG_B_TOP150,6a92f7a00262700013c4e5f1,ATLAS_SIG_B_TOP150,BRD-K89839824,raltitrexed,trt_cp,23.238321
ATLAS_SIG_B_TOP150,6a92f7a00262700013c4e5f1,ATLAS_SIG_B_TOP150,BRD-K77175907,calcifediol,trt_cp,27.312576
ATLAS_SIG_B_TOP150,6a92f7a00262700013c4e5f1,ATLAS_SIG_B_TOP150,BRD-K50387473,XMD-892,trt_cp,-49.97589
ATLAS_SIG_B_TOP150,6a92f7a00262700013c4e5f1,ATLAS_SIG_B_TOP150,BRD-K32836707,CAY-10577,trt_cp,8.085797
ATLAS_SIG_B_TOP150,6a92f7a00262700013c4e5f1,ATLAS_SIG_B_TOP150,BRD-K24994810,androstenol,trt_cp,-33.631954
ATLAS_SIG_B_TOP150,6a92f7a00262700013c4e5f1,ATLAS_SIG_B_TOP150,BRD-K40255344,tyrphostin-A9,trt_cp,2.2903454
ATLAS_SIG_B_TOP150,6a92f7a00262700013c4e5f1,ATLAS_SIG_B_TOP150,BRD-K06080977,eicosatetraynoic-acid,trt_cp,-12.276879
ATLAS_SIG_B_TOP150,6a92f7a00262700013c4e5f1,ATLAS_SIG_B_TOP150,BRD-K72703948,ZM-447439,trt_cp,67.938255
ATLAS_SIG_B_TOP150,6a92f7a00262700013c4e5f1,ATLAS_SIG_B_TOP150,BRD-K97764662,PD-173074,trt_cp,-63.5877
ATLAS_SIG_B_TOP150,6a92f7a00262700013c4e5f1,ATLAS_SIG_B_TOP150,BRD-K99369265,sirolimus,trt_cp,0.63424945
ATLAS_SIG_B_TOP150,6a92f7a00262700013c4e5f1,ATLAS_SIG_B_TOP150,BRD-M64432851,sunitinib,trt_cp,-66.35164
ATLAS_SIG_B_TOP150,6a92f7a00262700013c4e5f1,ATLAS_SIG_B_TOP150,BRD-K83988098,alvespimycin,trt_cp,25.456871
ATLAS_SIG_B_TOP150,6a92f7a00262700013c4e5f1,ATLAS_SIG_B_TOP150,BRD-K17823458,danoprevir,trt_cp,-4.0932655
ATLAS_SIG_B_TOP150,6a92f7a00262700013c4e5f1,ATLAS_SIG_B_TOP150,BRD-K08206212,entecavir,trt_cp,18.06755
ATLAS_SIG_B_TOP150,6a92f7a00262700013c4e5f1,ATLAS_SIG_B_TOP150,BRD-K77008974,WYE-354,trt_cp,-0.9866103
ATLAS_SIG_B_TOP150,6a92f7a00262700013c4e5f1,ATLAS_SIG_B_TOP150,BRD-K09186807,KIN001-244,trt_cp,-1.1980268
ATLAS_SIG_B_TOP150,6a92f7a00262700013c4e5f1,ATLAS_SIG_B_TOP150,BRD-A26199074,calmidazolium,trt_cp,-17.101383
ATLAS_SIG_B_TOP150,6a92f7a00262700013c4e5f1,ATLAS_SIG_B_TOP150,BRD-A37837077,cyclazosin,trt_cp,-14.538468
ATLAS_SIG_B_TOP150,6a92f7a00262700013c4e5f1,ATLAS_SIG_B_TOP150,BRD-K98426715,tubacin,trt_cp,-61.754417
ATLAS_SIG_B_TOP150,6a92f7a00262700013c4e5f1,ATLAS_SIG_B_TOP150,BRD-A25576662,streptozotocin,trt_cp,-25.219866
ATLAS_SIG_B_TOP150,6a92f7a00262700013c4e5f1,ATLAS_SIG_B_TOP150,BRD-A29644307,nomifensine,trt_cp,-1.9209359
ATLAS_SIG_B_TOP150,6a92f7a00262700013c4e5f1,ATLAS_SIG_B_TOP150,BRD-A64479082,quinidine,trt_cp,-23.444118
ATLAS_SIG_B_TOP150,6a92f7a00262700013c4e5f1,ATLAS_SIG_B_TOP150,BRD-A80793822,pemoline,trt_cp,-8.332139
ATLAS_SIG_B_TOP150,6a92f7a00262700013c4e5f1,ATLAS_SIG_B_TOP150,BRD-A82307304,atorvastatin,trt_cp,-54.71139
ATLAS_SIG_B_TOP150,6a92f7a00262700013c4e5f1,ATLAS_SIG_B_TOP150,BRD-K04389336,labetalol,trt_cp,11.238604
ATLAS_SIG_B_TOP150,6a92f7a00262700013c4e5f1,ATLAS_SIG_B_TOP150,BRD-K10852020,tolcapone,trt_cp,-10.5523615
ATLAS_SIG_B_TOP150,6a92f7a00262700013c4e5f1,ATLAS_SIG_B_TOP150,BRD-K15502390,nevirapine,trt_cp,-4.8405886
ATLAS_SIG_B_TOP150,6a92f7a00262700013c4e5f1,ATLAS_SIG_B_TOP150,BRD-K34098590,tienilic-acid,trt_cp,-54.838802
ATLAS_SIG_B_TOP150,6a92f7a00262700013c4e5f1,ATLAS_SIG_B_TOP150,BRD-K35573744,erbstatin-analog,trt_cp,65.2514
ATLAS_SIG_B_TOP150,6a92f7a00262700013c4e5f1,ATLAS_SIG_B_TOP150,BRD-K37194137,III606050,trt_cp,26.879295
ATLAS_SIG_B_TOP150,6a92f7a00262700013c4e5f1,ATLAS_SIG_B_TOP150,BRD-K44276885,acarbose,trt_cp,1.8675123
ATLAS_SIG_B_TOP150,6a92f7a00262700013c4e5f1,ATLAS_SIG_B_TOP150,BRD-K47679368,bromfenac,trt_cp,3.211668
ATLAS_SIG_B_TOP150,6a92f7a00262700013c4e5f1,ATLAS_SIG_B_TOP150,BRD-K55301415,abiraterone,trt_cp,0.0
ATLAS_SIG_B_TOP150,6a92f7a00262700013c4e5f1,ATLAS_SIG_B_TOP150,BRD-K64517075,heliomycin,trt_cp,25.152992
ATLAS_SIG_B_TOP150,6a92f7a00262700013c4e5f1,ATLAS_SIG_B_TOP150,BRD-K66043364,noscapine,trt_cp,0.0
ATLAS_SIG_B_TOP150,6a92f7a00262700013c4e5f1,ATLAS_SIG_B_TOP150,BRD-K66788707,fludarabine,trt_cp,8.738548
ATLAS_SIG_B_TOP150,6a92f7a00262700013c4e5f1,ATLAS_SIG_B_TOP150,BRD-K71926323,marbofloxacin,trt_cp,-7.146494
ATLAS_SIG_B_TOP150,6a92f7a00262700013c4e5f1,ATLAS_SIG_B_TOP150,BRD-K79602928,metformin,trt_cp,53.16973
ATLAS_SIG_B_TOP150,6a92f7a00262700013c4e5f1,ATLAS_SIG_B_TOP150,BRD-K81473089,tacrine,trt_cp,-1.8322762
ATLAS_SIG_B_TOP150,6a92f7a00262700013c4e5f1,ATLAS_SIG_B_TOP150,BRD-K93034159,cladribine,trt_cp,-15.133574
ATLAS_SIG_B_TOP150,6a92f7a00262700013c4e5f1,ATLAS_SIG_B_TOP150,BRD-K98763141,niflumic-acid,trt_cp,-20.082914
ATLAS_SIG_B_TOP150,6a92f7a00262700013c4e5f1,ATLAS_SIG_B_TOP150,BRD-K03406345,azacitidine,trt_cp,-66.73277
ATLAS_SIG_B_TOP150,6a92f7a00262700013c4e5f1,ATLAS_SIG_B_TOP150,BRD-A29260609,acebutolol,trt_cp,-4.1578574
ATLAS_SIG_B_TOP150,6a92f7a00262700013c4e5f1,ATLAS_SIG_B_TOP150,BRD-A16754160,ampicillin,trt_cp,-40.28773
ATLAS_SIG_B_TOP150,6a92f7a00262700013c4e5f1,ATLAS_SIG_B_TOP150,BRD-K68264559,brimonidine,trt_cp,-0.9161381
ATLAS_SIG_B_TOP150,6a92f7a00262700013c4e5f1,ATLAS_SIG_B_TOP150,BRD-A34299591,budesonide,trt_cp,-4.843541
ATLAS_SIG_B_TOP150,6a92f7a00262700013c4e5f1,ATLAS_SIG_B_TOP150,BRD-K93461745,buspirone,trt_cp,-18.959198
ATLAS_SIG_B_TOP150,6a92f7a00262700013c4e5f1,ATLAS_SIG_B_TOP150,BRD-K63641886,cefuroxime,trt_cp,7.0824523
ATLAS_SIG_B_TOP150,6a92f7a00262700013c4e5f1,ATLAS_SIG_B_TOP150,BRD-K37289225,clozapine,trt_cp,-1.0570824
ATLAS_SIG_B_TOP150,6a92f7a00262700013c4e5f1,ATLAS_SIG_B_TOP150,BRD-K20920669,cromoglicic-acid,trt_cp,-5.179704
ATLAS_SIG_B_TOP150,6a92f7a00262700013c4e5f1,ATLAS_SIG_B_TOP150,BRD-A09722536,cyclophosphamide,trt_cp,58.8147
ATLAS_SIG_B_TOP150,6a92f7a00262700013c4e5f1,ATLAS_SIG_B_TOP150,BRD-K87226815,cycloserine-(d),trt_cp,-80.090904
ATLAS_SIG_B_TOP150,6a92f7a00262700013c4e5f1,ATLAS_SIG_B_TOP150,BRD-K62363391,dapsone,trt_cp,2.8182042
ATLAS_SIG_B_TOP150,6a92f7a00262700013c4e5f1,ATLAS_SIG_B_TOP150,BRD-K81128206,edrophonium,trt_cp,1.3742071
ATLAS_SIG_B_TOP150,6a92f7a00262700013c4e5f1,ATLAS_SIG_B_TOP150,BRD-K63828191,raloxifene,trt_cp,-0.49330515
ATLAS_SIG_B_TOP150,6a92f7a00262700013c4e5f1,ATLAS_SIG_B_TOP150,BRD-A09472452,flecainide,trt_cp,-21.387756
ATLAS_SIG_B_TOP150,6a92f7a00262700013c4e5f1,ATLAS_SIG_B_TOP150,BRD-K22662435,ganciclovir,trt_cp,60.86766
ATLAS_SIG_B_TOP150,6a92f7a00262700013c4e5f1,ATLAS_SIG_B_TOP150,BRD-A17655518,ibuprofen,trt_cp,-3.4611382
ATLAS_SIG_B_TOP150,6a92f7a00262700013c4e5f1,ATLAS_SIG_B_TOP150,BRD-K76723084,isotretinoin,trt_cp,9.921036
ATLAS_SIG_B_TOP150,6a92f7a00262700013c4e5f1,ATLAS_SIG_B_TOP150,BRD-A07440155,labetalol,trt_cp,-8.260821
ATLAS_SIG_B_TOP150,6a92f7a00262700013c4e5f1,ATLAS_SIG_B_TOP150,BRD-K91601245,mercaptopurine,trt_cp,-19.204388
ATLAS_SIG_B_TOP150,6a92f7a00262700013c4e5f1,ATLAS_SIG_B_TOP150,BRD-M40783228,mesna,trt_cp,69.19203
ATLAS_SIG_B_TOP150,6a92f7a00262700013c4e5f1,ATLAS_SIG_B_TOP150,BRD-A07780951,orciprenaline,trt_cp,-1.8675123
ATLAS_SIG_B_TOP150,6a92f7a00262700013c4e5f1,ATLAS_SIG_B_TOP150,BRD-K63430059,methoxsalen,trt_cp,6.02537
ATLAS_SIG_B_TOP150,6a92f7a00262700013c4e5f1,ATLAS_SIG_B_TOP150,BRD-K21680192,mitoxantrone,trt_cp,92.12927
ATLAS_SIG_B_TOP150,6a92f7a00262700013c4e5f1,ATLAS_SIG_B_TOP150,BRD-A29734509,disopyramide,trt_cp,31.362164
ATLAS_SIG_B_TOP150,6a92f7a00262700013c4e5f1,ATLAS_SIG_B_TOP150,BRD-A65013509,oxybutynin,trt_cp,23.367517
ATLAS_SIG_B_TOP150,6a92f7a00262700013c4e5f1,ATLAS_SIG_B_TOP150,BRD-A62326914,paroxetine,trt_cp,47.442825
ATLAS_SIG_B_TOP150,6a92f7a00262700013c4e5f1,ATLAS_SIG_B_TOP150,BRD-K01507359,rifampicin,trt_cp,-14.030865
ATLAS_SIG_B_TOP150,6a92f7a00262700013c4e5f1,ATLAS_SIG_B_TOP150,BRD-A50157456,terbutaline,trt_cp,-33.100636
ATLAS_SIG_B_TOP150,6a92f7a00262700013c4e5f1,ATLAS_SIG_B_TOP150,BRD-A79479878,testosterone,trt_cp,12.024352
ATLAS_SIG_B_TOP150,6a92f7a00262700013c4e5f1,ATLAS_SIG_B_TOP150,BRD-A24514565,warfarin,trt_cp,1.0218464
ATLAS_SIG_B_TOP150,6a92f7a00262700013c4e5f1,ATLAS_SIG_B_TOP150,BRD-A23290232,westcort,trt_cp,-6.6092205
ATLAS_SIG_B_TOP150,6a92f7a00262700013c4e5f1,ATLAS_SIG_B_TOP150,BRD-K24023109,diltiazem,trt_cp,-0.845666
ATLAS_SIG_B_TOP150,6a92f7a00262700013c4e5f1,ATLAS_SIG_B_TOP150,BRD-K38197229,bumetanide,trt_cp,-7.1022077
ATLAS_SIG_B_TOP150,6a92f7a00262700013c4e5f1,ATLAS_SIG_B_TOP150,BRD-K55930204,phenytoin,trt_cp,-43.43479
ATLAS_SIG_B_TOP150,6a92f7a00262700013c4e5f1,ATLAS_SIG_B_TOP150,BRD-A44827100,erythromycin,trt_cp,-21.181591
ATLAS_SIG_B_TOP150,6a92f7a00262700013c4e5f1,ATLAS_SIG_B_TOP150,BRD-K94353609,fluocinolone,trt_cp,-63.414906
ATLAS_SIG_B_TOP150,6a92f7a00262700013c4e5f1,ATLAS_SIG_B_TOP150,BRD-K48168960,propylthiouracil,trt_cp,-49.48116
ATLAS_SIG_B_TOP150,6a92f7a00262700013c4e5f1,ATLAS_SIG_B_TOP150,BRD-K89997465,chlorpromazine,trt_cp,1.7942153
ATLAS_SIG_B_TOP150,6a92f7a00262700013c4e5f1,ATLAS_SIG_B_TOP150,BRD-K21520694,sulfacetamide,trt_cp,-19.333723
ATLAS_SIG_B_TOP150,6a92f7a00262700013c4e5f1,ATLAS_SIG_B_TOP150,BRD-A48631911,mibefradil,trt_cp,62.945217
ATLAS_SIG_B_TOP150,6a92f7a00262700013c4e5f1,ATLAS_SIG_B_TOP150,BRD-K11801786,trimidox,trt_cp,14.039751
ATLAS_SIG_B_TOP150,6a92f7a00262700013c4e5f1,ATLAS_SIG_B_TOP150,BRD-K68132782,terbinafine,trt_cp,2.0084567
ATLAS_SIG_B_TOP150,6a92f7a00262700013c4e5f1,ATLAS_SIG_B_TOP150,BRD-K57886322,fluocinonide,trt_cp,-56.89367
ATLAS_SIG_B_TOP150,6a92f7a00262700013c4e5f1,ATLAS_SIG_B_TOP150,BRD-K40645748,mefloquine,trt_cp,13.60511
ATLAS_SIG_B_TOP150,6a92f7a00262700013c4e5f1,ATLAS_SIG_B_TOP150,BRD-K10016611,pyridine-2-aldoxime,trt_cp,5.3911204
ATLAS_SIG_B_TOP150,6a92f7a00262700013c4e5f1,ATLAS_SIG_B_TOP150,BRD-K53790871,triamcinolone,trt_cp,41.163406
ATLAS_SIG_B_TOP150,6a92f7a00262700013c4e5f1,ATLAS_SIG_B_TOP150,BRD-K92073408,norethisterone,trt_cp,4.7972803
ATLAS_SIG_B_TOP150,6a92f7a00262700013c4e5f1,ATLAS_SIG_B_TOP150,BRD-K02265150,amoxapine,trt_cp,-18.027267
ATLAS_SIG_B_TOP150,6a92f7a00262700013c4e5f1,ATLAS_SIG_B_TOP150,BRD-K86434416,selegiline,trt_cp,-13.389711
ATLAS_SIG_B_TOP150,6a92f7a00262700013c4e5f1,ATLAS_SIG_B_TOP150,BRD-A67799922,phenoxybenzamine,trt_cp,-5.410268
ATLAS_SIG_B_TOP150,6a92f7a00262700013c4e5f1,ATLAS_SIG_B_TOP150,BRD-K36862742,hydroflumethiazide,trt_cp,18.746283
ATLAS_SIG_B_TOP150,6a92f7a00262700013c4e5f1,ATLAS_SIG_B_TOP150,BRD-K95237249,probenecid,trt_cp,-26.968525
ATLAS_SIG_B_TOP150,6a92f7a00262700013c4e5f1,ATLAS_SIG_B_TOP150,BRD-K79116891,proxymetacaine,trt_cp,-0.9976287
ATLAS_SIG_B_TOP150,6a92f7a00262700013c4e5f1,ATLAS_SIG_B_TOP150,BRD-K50859149,sulfafurazole,trt_cp,-25.700289
ATLAS_SIG_B_TOP150,6a92f7a00262700013c4e5f1,ATLAS_SIG_B_TOP150,BRD-K92049597,triamterene,trt_cp,-38.992195
ATLAS_SIG_B_TOP150,6a92f7a00262700013c4e5f1,ATLAS_SIG_B_TOP150,BRD-A91555231,norepinephrine,trt_cp,-86.315674
ATLAS_SIG_B_TOP150,6a92f7a00262700013c4e5f1,ATLAS_SIG_B_TOP150,BRD-A31312900,montelukast,trt_cp,0.0
ATLAS_SIG_B_TOP150,6a92f7a00262700013c4e5f1,ATLAS_SIG_B_TOP150,BRD-A67605442,tetrahydrobiopterin,trt_cp,18.203184
ATLAS_SIG_B_TOP150,6a92f7a00262700013c4e5f1,ATLAS_SIG_B_TOP150,BRD-A79237180,ascorbic-acid,trt_cp,38.7843
ATLAS_SIG_B_TOP150,6a92f7a00262700013c4e5f1,ATLAS_SIG_B_TOP150,BRD-K47323024,methapyrilene,trt_cp,43.67891
ATLAS_SIG_B_TOP150,6a92f7a00262700013c4e5f1,ATLAS_SIG_B_TOP150,BRD-K88568253,iproniazid,trt_cp,-4.298802
ATLAS_SIG_B_TOP150,6a92f7a00262700013c4e5f1,ATLAS_SIG_B_TOP150,BRD-K90543092,levonorgestrel,trt_cp,13.945006
ATLAS_SIG_B_TOP150,6a92f7a00262700013c4e5f1,ATLAS_SIG_B_TOP150,BRD-K96037667,norethindrone,trt_cp,-9.732609
ATLAS_SIG_B_TOP150,6a92f7a00262700013c4e5f1,ATLAS_SIG_B_TOP150,BRD-K97810537,beclomethasone-dipropionate,trt_cp,-48.801193
ATLAS_SIG_B_TOP150,6a92f7a00262700013c4e5f1,ATLAS_SIG_B_TOP150,BRD-A65282128,cefazolin,trt_cp,67.22236
ATLAS_SIG_B_TOP150,6a92f7a00262700013c4e5f1,ATLAS_SIG_B_TOP150,BRD-K29950728,clomifene,trt_cp,12.365902
ATLAS_SIG_B_TOP150,6a92f7a00262700013c4e5f1,ATLAS_SIG_B_TOP150,BRD-K86161929,cortisone,trt_cp,35.366722
ATLAS_SIG_B_TOP150,6a92f7a00262700013c4e5f1,ATLAS_SIG_B_TOP150,BRD-A86044036,flurbiprofen-(+/-),trt_cp,22.076534
ATLAS_SIG_B_TOP150,6a92f7a00262700013c4e5f1,ATLAS_SIG_B_TOP150,BRD-K73978287,hydrocortisone,trt_cp,-5.074331
ATLAS_SIG_B_TOP150,6a92f7a00262700013c4e5f1,ATLAS_SIG_B_TOP150,BRD-K93568044,hydrocortisone,trt_cp,-68.59779
ATLAS_SIG_B_TOP150,6a92f7a00262700013c4e5f1,ATLAS_SIG_B_TOP150,BRD-K67511046,naloxone,trt_cp,-7.4802704
ATLAS_SIG_B_TOP150,6a92f7a00262700013c4e5f1,ATLAS_SIG_B_TOP150,BRD-K32247306,primidone,trt_cp,-13.406431
ATLAS_SIG_B_TOP150,6a92f7a00262700013c4e5f1,ATLAS_SIG_B_TOP150,BRD-K90885812,propantheline,trt_cp,-92.48811
ATLAS_SIG_B_TOP150,6a92f7a00262700013c4e5f1,ATLAS_SIG_B_TOP150,BRD-K75089421,procainamide,trt_cp,-7.133111
ATLAS_SIG_B_TOP150,6a92f7a00262700013c4e5f1,ATLAS_SIG_B_TOP150,BRD-K11905747,spectinomycin,trt_cp,-82.52674
ATLAS_SIG_B_TOP150,6a92f7a00262700013c4e5f1,ATLAS_SIG_B_TOP150,BRD-K90027355,spironolactone,trt_cp,44.49994
ATLAS_SIG_B_TOP150,6a92f7a00262700013c4e5f1,ATLAS_SIG_B_TOP150,BRD-K93880783,stavudine,trt_cp,12.265597
ATLAS_SIG_B_TOP150,6a92f7a00262700013c4e5f1,ATLAS_SIG_B_TOP150,BRD-A36217750,sulfinpyrazone,trt_cp,17.111385
ATLAS_SIG_B_TOP150,6a92f7a00262700013c4e5f1,ATLAS_SIG_B_TOP150,BRD-A87848830,bimatoprost,trt_cp,26.398552
ATLAS_SIG_B_TOP150,6a92f7a00262700013c4e5f1,ATLAS_SIG_B_TOP150,BRD-K11558771,droxinostat,trt_cp,0.0
ATLAS_SIG_B_TOP150,6a92f7a00262700013c4e5f1,ATLAS_SIG_B_TOP150,BRD-K12002134,megestrol,trt_cp,-18.963047
ATLAS_SIG_B_TOP150,6a92f7a00262700013c4e5f1,ATLAS_SIG_B_TOP150,BRD-K35458079,edaravone,trt_cp,-56.4553
ATLAS_SIG_B_TOP150,6a92f7a00262700013c4e5f1,ATLAS_SIG_B_TOP150,BRD-K49519144,LY-2140023,trt_cp,-49.418
ATLAS_SIG_B_TOP150,6a92f7a00262700013c4e5f1,ATLAS_SIG_B_TOP150,BRD-K71289571,zafirlukast,trt_cp,-32.971027
ATLAS_SIG_B_TOP150,6a92f7a00262700013c4e5f1,ATLAS_SIG_B_TOP150,BRD-K75430629,BRD-K75430629,trt_cp,-18.581253
ATLAS_SIG_B_TOP150,6a92f7a00262700013c4e5f1,ATLAS_SIG_B_TOP150,BRD-K88868628,iodoacetic-acid,trt_cp,73.75662
ATLAS_SIG_B_TOP150,6a92f7a00262700013c4e5f1,ATLAS_SIG_B_TOP150,BRD-K81272440,dantrolene,trt_cp,8.910502
ATLAS_SIG_B_TOP150,6a92f7a00262700013c4e5f1,ATLAS_SIG_B_TOP150,BRD-K22031190,diflunisal,trt_cp,42.310024
ATLAS_SIG_B_TOP150,6a92f7a00262700013c4e5f1,ATLAS_SIG_B_TOP150,BRD-A13188892,doxazosin,trt_cp,-18.23037
ATLAS_SIG_B_TOP150,6a92f7a00262700013c4e5f1,ATLAS_SIG_B_TOP150,BRD-K44497846,enalapril,trt_cp,0.0
ATLAS_SIG_B_TOP150,6a92f7a00262700013c4e5f1,ATLAS_SIG_B_TOP150,BRD-K08273968,griseofulvin,trt_cp,-56.20597
ATLAS_SIG_B_TOP150,6a92f7a00262700013c4e5f1,ATLAS_SIG_B_TOP150,BRD-A05352148,ipratropium,trt_cp,14.830925
ATLAS_SIG_B_TOP150,6a92f7a00262700013c4e5f1,ATLAS_SIG_B_TOP150,BRD-A79803969,memantine,trt_cp,-54.834747
ATLAS_SIG_B_TOP150,6a92f7a00262700013c4e5f1,ATLAS_SIG_B_TOP150,BRD-K83153774,mirtazapine,trt_cp,-19.57811
ATLAS_SIG_B_TOP150,6a92f7a00262700013c4e5f1,ATLAS_SIG_B_TOP150,BRD-K89348303,ramipril,trt_cp,3.3472624
ATLAS_SIG_B_TOP150,6a92f7a00262700013c4e5f1,ATLAS_SIG_B_TOP150,BRD-K08806317,timolol,trt_cp,-47.8649
ATLAS_SIG_B_TOP150,6a92f7a00262700013c4e5f1,ATLAS_SIG_B_TOP150,BRD-K85119730,tolbutamide,trt_cp,-14.863995
ATLAS_SIG_B_TOP150,6a92f7a00262700013c4e5f1,ATLAS_SIG_B_TOP150,BRD-K11433652,aspirin,trt_cp,0.0
ATLAS_SIG_B_TOP150,6a92f7a00262700013c4e5f1,ATLAS_SIG_B_TOP150,BRD-K51418664,mitomycin-c,trt_cp,22.159222
ATLAS_SIG_B_TOP150,6a92f7a00262700013c4e5f1,ATLAS_SIG_B_TOP150,BRD-K67102207,phenylbutyrate,trt_cp,20.306532
ATLAS_SIG_B_TOP150,6a92f7a00262700013c4e5f1,ATLAS_SIG_B_TOP150,BRD-K56515112,medrysone,trt_cp,-2.075737
ATLAS_SIG_B_TOP150,6a92f7a00262700013c4e5f1,ATLAS_SIG_B_TOP150,BRD-K67043667,altretamine,trt_cp,-1.9027485
ATLAS_SIG_B_TOP150,6a92f7a00262700013c4e5f1,ATLAS_SIG_B_TOP150,BRD-K57631554,5-aminolevulinic-acid,trt_cp,-8.016703
ATLAS_SIG_B_TOP150,6a92f7a00262700013c4e5f1,ATLAS_SIG_B_TOP150,BRD-A50311610,meclizine,trt_cp,71.99507
ATLAS_SIG_B_TOP150,6a92f7a00262700013c4e5f1,ATLAS_SIG_B_TOP150,BRD-K50398167,meclofenamic-acid,trt_cp,3.6631675
ATLAS_SIG_B_TOP150,6a92f7a00262700013c4e5f1,ATLAS_SIG_B_TOP150,BRD-K05395900,nicotine,trt_cp,-33.410217
ATLAS_SIG_B_TOP150,6a92f7a00262700013c4e5f1,ATLAS_SIG_B_TOP150,BRD-K60762818,desipramine,trt_cp,25.700409
ATLAS_SIG_B_TOP150,6a92f7a00262700013c4e5f1,ATLAS_SIG_B_TOP150,BRD-A99833829,bethanechol,trt_cp,50.412178
ATLAS_SIG_B_TOP150,6a92f7a00262700013c4e5f1,ATLAS_SIG_B_TOP150,BRD-K72903603,zidovudine,trt_cp,-0.8104299
ATLAS_SIG_B_TOP150,6a92f7a00262700013c4e5f1,ATLAS_SIG_B_TOP150,BRD-A04308630,genipin,trt_cp,11.544519
ATLAS_SIG_B_TOP150,6a92f7a00262700013c4e5f1,ATLAS_SIG_B_TOP150,BRD-A51382177,fosinopril,trt_cp,4.263566
ATLAS_SIG_B_TOP150,6a92f7a00262700013c4e5f1,ATLAS_SIG_B_TOP150,BRD-K01612348,meropenem,trt_cp,-43.405518
ATLAS_SIG_B_TOP150,6a92f7a00262700013c4e5f1,ATLAS_SIG_B_TOP150,BRD-K09900591,caffeic-acid,trt_cp,-14.783591
ATLAS_SIG_B_TOP150,6a92f7a00262700013c4e5f1,ATLAS_SIG_B_TOP150,BRD-K52522949,NCH-51,trt_cp,51.267677
ATLAS_SIG_B_TOP150,6a92f7a00262700013c4e5f1,ATLAS_SIG_B_TOP150,BRD-K74763371,bosentan,trt_cp,-41.29679
ATLAS_SIG_B_TOP150,6a92f7a00262700013c4e5f1,ATLAS_SIG_B_TOP150,BRD-K78373679,Ro-3306,trt_cp,-93.164406
ATLAS_SIG_B_TOP150,6a92f7a00262700013c4e5f1,ATLAS_SIG_B_TOP150,BRD-K94830329,ataluren,trt_cp,-66.52366
ATLAS_SIG_B_TOP150,6a92f7a00262700013c4e5f1,ATLAS_SIG_B_TOP150,BRD-A20239487,atenolol-(+/-),trt_cp,-19.777353
ATLAS_SIG_B_TOP150,6a92f7a00262700013c4e5f1,ATLAS_SIG_B_TOP150,BRD-K70976396,cefoxitin,trt_cp,-1.7808928
ATLAS_SIG_B_TOP150,6a92f7a00262700013c4e5f1,ATLAS_SIG_B_TOP150,BRD-K10799896,clobetasol,trt_cp,55.767002
ATLAS_SIG_B_TOP150,6a92f7a00262700013c4e5f1,ATLAS_SIG_B_TOP150,BRD-A25067867,benzatropine,trt_cp,20.66395
ATLAS_SIG_B_TOP150,6a92f7a00262700013c4e5f1,ATLAS_SIG_B_TOP150,BRD-K38775274,dexamethasone,trt_cp,-24.61594
ATLAS_SIG_B_TOP150,6a92f7a00262700013c4e5f1,ATLAS_SIG_B_TOP150,BRD-K54462405,doxepin,trt_cp,-9.923738
ATLAS_SIG_B_TOP150,6a92f7a00262700013c4e5f1,ATLAS_SIG_B_TOP150,BRD-A88774919,doxycycline,trt_cp,0.0
ATLAS_SIG_B_TOP150,6a92f7a00262700013c4e5f1,ATLAS_SIG_B_TOP150,BRD-A75479906,rimantadine,trt_cp,42.89591
ATLAS_SIG_B_TOP150,6a92f7a00262700013c4e5f1,ATLAS_SIG_B_TOP150,BRD-K47869605,podophyllotoxin,trt_cp,84.50772
ATLAS_SIG_B_TOP150,6a92f7a00262700013c4e5f1,ATLAS_SIG_B_TOP150,BRD-A13946108,sulindac,trt_cp,3.6293163
ATLAS_SIG_B_TOP150,6a92f7a00262700013c4e5f1,ATLAS_SIG_B_TOP150,BRD-K06335600,tizanidine,trt_cp,-47.141476
ATLAS_SIG_B_TOP150,6a92f7a00262700013c4e5f1,ATLAS_SIG_B_TOP150,BRD-A76019558,ketoconazole,trt_cp,-51.068428
ATLAS_SIG_B_TOP150,6a92f7a00262700013c4e5f1,ATLAS_SIG_B_TOP150,BRD-K02123250,JNJ-38877605,trt_cp,5.5783772
ATLAS_SIG_B_TOP150,6a92f7a00262700013c4e5f1,ATLAS_SIG_B_TOP150,BRD-K79131256,albendazole,trt_cp,2.8746548
ATLAS_SIG_B_TOP150,6a92f7a00262700013c4e5f1,ATLAS_SIG_B_TOP150,BRD-A16478930,amcinonide,trt_cp,16.068089
ATLAS_SIG_B_TOP150,6a92f7a00262700013c4e5f1,ATLAS_SIG_B_TOP150,BRD-K32821942,azathioprine,trt_cp,-0.10570825
ATLAS_SIG_B_TOP150,6a92f7a00262700013c4e5f1,ATLAS_SIG_B_TOP150,BRD-K23204545,busulfan,trt_cp,0.0
ATLAS_SIG_B_TOP150,6a92f7a00262700013c4e5f1,ATLAS_SIG_B_TOP150,BRD-A80638690,floxuridine,trt_cp,0.0
ATLAS_SIG_B_TOP150,6a92f7a00262700013c4e5f1,ATLAS_SIG_B_TOP150,BRD-K05977355,fluconazole,trt_cp,10.009171
ATLAS_SIG_B_TOP150,6a92f7a00262700013c4e5f1,ATLAS_SIG_B_TOP150,BRD-K61250553,loperamide,trt_cp,15.525991
ATLAS_SIG_B_TOP150,6a92f7a00262700013c4e5f1,ATLAS_SIG_B_TOP150,BRD-A64092382,mexiletine,trt_cp,-26.785965
ATLAS_SIG_B_TOP150,6a92f7a00262700013c4e5f1,ATLAS_SIG_B_TOP150,BRD-K82381502,acetylcholine,trt_cp,47.287334
ATLAS_SIG_B_TOP150,6a92f7a00262700013c4e5f1,ATLAS_SIG_B_TOP150,BRD-A87606379,nadolol,trt_cp,-12.836651
ATLAS_SIG_B_TOP150,6a92f7a00262700013c4e5f1,ATLAS_SIG_B_TOP150,BRD-A24228527,ofloxacin,trt_cp,-37.287704
ATLAS_SIG_B_TOP150,6a92f7a00262700013c4e5f1,ATLAS_SIG_B_TOP150,BRD-K77695569,tiabendazole,trt_cp,-10.157458
ATLAS_SIG_B_TOP150,6a92f7a00262700013c4e5f1,ATLAS_SIG_B_TOP150,BRD-A94793051,gestrinone,trt_cp,-73.0588
ATLAS_SIG_B_TOP150,6a92f7a00262700013c4e5f1,ATLAS_SIG_B_TOP150,BRD-K87555556,amiodarone,trt_cp,85.225945
ATLAS_SIG_B_TOP150,6a92f7a00262700013c4e5f1,ATLAS_SIG_B_TOP150,BRD-K93433262,alfacalcidol,trt_cp,2.2198732
ATLAS_SIG_B_TOP150,6a92f7a00262700013c4e5f1,ATLAS_SIG_B_TOP150,BRD-K29458283,chlorambucil,trt_cp,0.24665257
ATLAS_SIG_B_TOP150,6a92f7a00262700013c4e5f1,ATLAS_SIG_B_TOP150,BRD-A75368507,demeclocycline,trt_cp,6.79477
ATLAS_SIG_B_TOP150,6a92f7a00262700013c4e5f1,ATLAS_SIG_B_TOP150,BRD-K63630713,etacrynic-acid,trt_cp,-11.71606
ATLAS_SIG_B_TOP150,6a92f7a00262700013c4e5f1,ATLAS_SIG_B_TOP150,BRD-K12219985,glipizide,trt_cp,15.158441
ATLAS_SIG_B_TOP150,6a92f7a00262700013c4e5f1,ATLAS_SIG_B_TOP150,BRD-K15262564,mupirocin,trt_cp,-75.70762
ATLAS_SIG_B_TOP150,6a92f7a00262700013c4e5f1,ATLAS_SIG_B_TOP150,BRD-K10995081,perphenazine,trt_cp,7.9004164
ATLAS_SIG_B_TOP150,6a92f7a00262700013c4e5f1,ATLAS_SIG_B_TOP150,BRD-K43887077,dopamine,trt_cp,-24.478298
ATLAS_SIG_B_TOP150,6a92f7a00262700013c4e5f1,ATLAS_SIG_B_TOP150,BRD-A31800922,procyclidine,trt_cp,-27.465975
ATLAS_SIG_B_TOP150,6a92f7a00262700013c4e5f1,ATLAS_SIG_B_TOP150,BRD-K77987382,mebendazole,trt_cp,93.55389
ATLAS_SIG_B_TOP150,6a92f7a00262700013c4e5f1,ATLAS_SIG_B_TOP150,BRD-K21317336,phentolamine,trt_cp,-24.894548
ATLAS_SIG_B_TOP150,6a92f7a00262700013c4e5f1,ATLAS_SIG_B_TOP150,BRD-A55815733,phylloquinone,trt_cp,-75.40692
ATLAS_SIG_B_TOP150,6a92f7a00262700013c4e5f1,ATLAS_SIG_B_TOP150,BRD-A53952395,prilocaine,trt_cp,-51.230255
ATLAS_SIG_B_TOP150,6a92f7a00262700013c4e5f1,ATLAS_SIG_B_TOP150,BRD-A84481105,thioridazine,trt_cp,2.764931
ATLAS_SIG_B_TOP150,6a92f7a00262700013c4e5f1,ATLAS_SIG_B_TOP150,BRD-K91699951,benzonatate,trt_cp,7.5965486
ATLAS_SIG_B_TOP150,6a92f7a00262700013c4e5f1,ATLAS_SIG_B_TOP150,BRD-A78322124,dobutamine,trt_cp,-2.3960536
ATLAS_SIG_B_TOP150,6a92f7a00262700013c4e5f1,ATLAS_SIG_B_TOP150,BRD-K55127134,fluphenazine,trt_cp,43.97201
ATLAS_SIG_B_TOP150,6a92f7a00262700013c4e5f1,ATLAS_SIG_B_TOP150,BRD-K06926592,tretinoin,trt_cp,29.525717
ATLAS_SIG_B_TOP150,6a92f7a00262700013c4e5f1,ATLAS_SIG_B_TOP150,BRD-K20655524,mefexamide,trt_cp,75.60055
ATLAS_SIG_B_TOP150,6a92f7a00262700013c4e5f1,ATLAS_SIG_B_TOP150,BRD-K77641333,naphazoline,trt_cp,-52.098797
ATLAS_SIG_B_TOP150,6a92f7a00262700013c4e5f1,ATLAS_SIG_B_TOP150,BRD-A97701745,pindolol,trt_cp,-2.2551093
ATLAS_SIG_B_TOP150,6a92f7a00262700013c4e5f1,ATLAS_SIG_B_TOP150,BRD-A48430263,pioglitazone,trt_cp,-36.784634
ATLAS_SIG_B_TOP150,6a92f7a00262700013c4e5f1,ATLAS_SIG_B_TOP150,BRD-K32318651,acyclovir,trt_cp,6.8470016
ATLAS_SIG_B_TOP150,6a92f7a00262700013c4e5f1,ATLAS_SIG_B_TOP150,BRD-A09056319,alfuzosin,trt_cp,-10.162656
ATLAS_SIG_B_TOP150,6a92f7a00262700013c4e5f1,ATLAS_SIG_B_TOP150,BRD-K53737926,amitriptyline,trt_cp,39.474823
ATLAS_SIG_B_TOP150,6a92f7a00262700013c4e5f1,ATLAS_SIG_B_TOP150,BRD-K55044200,amoxicillin,trt_cp,48.32206
ATLAS_SIG_B_TOP150,6a92f7a00262700013c4e5f1,ATLAS_SIG_B_TOP150,BRD-K97061094,azacyclonol,trt_cp,-5.6947384
ATLAS_SIG_B_TOP150,6a92f7a00262700013c4e5f1,ATLAS_SIG_B_TOP150,BRD-A91008255,bepridil,trt_cp,4.694442
ATLAS_SIG_B_TOP150,6a92f7a00262700013c4e5f1,ATLAS_SIG_B_TOP150,BRD-A39230911,chlorphenesin-carbamate,trt_cp,6.2367864
ATLAS_SIG_B_TOP150,6a92f7a00262700013c4e5f1,ATLAS_SIG_B_TOP150,BRD-A26384407,chlorthalidone,trt_cp,-3.5422423
ATLAS_SIG_B_TOP150,6a92f7a00262700013c4e5f1,ATLAS_SIG_B_TOP150,BRD-K73109821,diazoxide,trt_cp,3.3492296
ATLAS_SIG_B_TOP150,6a92f7a00262700013c4e5f1,ATLAS_SIG_B_TOP150,BRD-K68507560,dicycloverine,trt_cp,-34.653595
ATLAS_SIG_B_TOP150,6a92f7a00262700013c4e5f1,ATLAS_SIG_B_TOP150,BRD-K01663662,diphenidol,trt_cp,-25.006779
ATLAS_SIG_B_TOP150,6a92f7a00262700013c4e5f1,ATLAS_SIG_B_TOP150,BRD-A44008656,doxylamine,trt_cp,-26.018879
ATLAS_SIG_B_TOP150,6a92f7a00262700013c4e5f1,ATLAS_SIG_B_TOP150,BRD-K63550407,erythromycin,trt_cp,10.15201
ATLAS_SIG_B_TOP150,6a92f7a00262700013c4e5f1,ATLAS_SIG_B_TOP150,BRD-K12513978,fenbufen,trt_cp,2.7131784
ATLAS_SIG_B_TOP150,6a92f7a00262700013c4e5f1,ATLAS_SIG_B_TOP150,BRD-K50388907,fenofibrate,trt_cp,-26.33311
ATLAS_SIG_B_TOP150,6a92f7a00262700013c4e5f1,ATLAS_SIG_B_TOP150,BRD-K47639036,flavoxate,trt_cp,0.7399577
ATLAS_SIG_B_TOP150,6a92f7a00262700013c4e5f1,ATLAS_SIG_B_TOP150,BRD-A25234499,aminoglutethimide,trt_cp,-9.845786
ATLAS_SIG_B_TOP150,6a92f7a00262700013c4e5f1,ATLAS_SIG_B_TOP150,BRD-A75552914,isoxicam,trt_cp,-41.748665
ATLAS_SIG_B_TOP150,6a92f7a00262700013c4e5f1,ATLAS_SIG_B_TOP150,BRD-A97739905,ketoprofen,trt_cp,-43.990623
ATLAS_SIG_B_TOP150,6a92f7a00262700013c4e5f1,ATLAS_SIG_B_TOP150,BRD-K92778217,mefenamic-acid,trt_cp,-5.4990582
ATLAS_SIG_B_TOP150,6a92f7a00262700013c4e5f1,ATLAS_SIG_B_TOP150,BRD-K07237224,moclobemide,trt_cp,63.5897
ATLAS_SIG_B_TOP150,6a92f7a00262700013c4e5f1,ATLAS_SIG_B_TOP150,BRD-A26711594,nicardipine,trt_cp,42.39753
ATLAS_SIG_B_TOP150,6a92f7a00262700013c4e5f1,ATLAS_SIG_B_TOP150,BRD-K97752965,nicorandil,trt_cp,55.00505
ATLAS_SIG_B_TOP150,6a92f7a00262700013c4e5f1,ATLAS_SIG_B_TOP150,BRD-K12539581,nocodazole,trt_cp,50.827618
ATLAS_SIG_B_TOP150,6a92f7a00262700013c4e5f1,ATLAS_SIG_B_TOP150,BRD-A42759514,ornidazole,trt_cp,-17.330334
ATLAS_SIG_B_TOP150,6a92f7a00262700013c4e5f1,ATLAS_SIG_B_TOP150,BRD-A23072235,pheniramine,trt_cp,87.628876
ATLAS_SIG_B_TOP150,6a92f7a00262700013c4e5f1,ATLAS_SIG_B_TOP150,BRD-A21858158,praziquantel,trt_cp,23.162243
ATLAS_SIG_B_TOP150,6a92f7a00262700013c4e5f1,ATLAS_SIG_B_TOP150,BRD-K30816563,ranitidine,trt_cp,-7.864151
ATLAS_SIG_B_TOP150,6a92f7a00262700013c4e5f1,ATLAS_SIG_B_TOP150,BRD-K36616567,doxepin,trt_cp,11.322802
ATLAS_SIG_B_TOP150,6a92f7a00262700013c4e5f1,ATLAS_SIG_B_TOP150,BRD-A31521121,methocarbamol,trt_cp,45.760956
ATLAS_SIG_B_TOP150,6a92f7a00262700013c4e5f1,ATLAS_SIG_B_TOP150,BRD-K91263825,nortriptyline,trt_cp,49.70608
ATLAS_SIG_B_TOP150,6a92f7a00262700013c4e5f1,ATLAS_SIG_B_TOP150,BRD-K79425933,benperidol,trt_cp,-1.3389711
ATLAS_SIG_B_TOP150,6a92f7a00262700013c4e5f1,ATLAS_SIG_B_TOP150,BRD-K66876909,linezolid,trt_cp,-86.923904
ATLAS_SIG_B_TOP150,6a92f7a00262700013c4e5f1,ATLAS_SIG_B_TOP150,BRD-K35559145,levomepromazine,trt_cp,-55.351845
ATLAS_SIG_B_TOP150,6a92f7a00262700013c4e5f1,ATLAS_SIG_B_TOP150,BRD-K28912512,nicotinamide,trt_cp,92.17759
ATLAS_SIG_B_TOP150,6a92f7a00262700013c4e5f1,ATLAS_SIG_B_TOP150,BRD-K13571841,pepstatin,trt_cp,-2.9598308
ATLAS_SIG_B_TOP150,6a92f7a00262700013c4e5f1,ATLAS_SIG_B_TOP150,BRD-K85090592,pilocarpine,trt_cp,-75.36759
ATLAS_SIG_B_TOP150,6a92f7a00262700013c4e5f1,ATLAS_SIG_B_TOP150,BRD-A08187463,racecadotril,trt_cp,11.382301
ATLAS_SIG_B_TOP150,6a92f7a00262700013c4e5f1,ATLAS_SIG_B_TOP150,BRD-K50938287,sumatriptan,trt_cp,-82.21489
ATLAS_SIG_B_TOP150,6a92f7a00262700013c4e5f1,ATLAS_SIG_B_TOP150,BRD-K32164935,tolazamide,trt_cp,11.641811
ATLAS_SIG_B_TOP150,6a92f7a00262700013c4e5f1,ATLAS_SIG_B_TOP150,BRD-A60197193,amisulpride,trt_cp,-9.054271
ATLAS_SIG_B_TOP150,6a92f7a00262700013c4e5f1,ATLAS_SIG_B_TOP150,BRD-A68723818,brompheniramine,trt_cp,11.779338
ATLAS_SIG_B_TOP150,6a92f7a00262700013c4e5f1,ATLAS_SIG_B_TOP150,BRD-K79145749,dibenzepin,trt_cp,2.0789287
ATLAS_SIG_B_TOP150,6a92f7a00262700013c4e5f1,ATLAS_SIG_B_TOP150,BRD-K93280214,gabazine,trt_cp,-12.670221
ATLAS_SIG_B_TOP150,6a92f7a00262700013c4e5f1,ATLAS_SIG_B_TOP150,BRD-K76304753,phenazopyridine,trt_cp,8.402851
ATLAS_SIG_B_TOP150,6a92f7a00262700013c4e5f1,ATLAS_SIG_B_TOP150,BRD-K15933101,ropinirole,trt_cp,-9.82851
ATLAS_SIG_B_TOP150,6a92f7a00262700013c4e5f1,ATLAS_SIG_B_TOP150,BRD-K86204871,terconazole,trt_cp,0.3523608
ATLAS_SIG_B_TOP150,6a92f7a00262700013c4e5f1,ATLAS_SIG_B_TOP150,BRD-A46393198,tetramisole,trt_cp,14.200731
ATLAS_SIG_B_TOP150,6a92f7a00262700013c4e5f1,ATLAS_SIG_B_TOP150,BRD-K72093121,vidarabine,trt_cp,-32.55997
ATLAS_SIG_B_TOP150,6a92f7a00262700013c4e5f1,ATLAS_SIG_B_TOP150,BRD-A31159102,fluoxetine,trt_cp,59.70188
ATLAS_SIG_B_TOP150,6a92f7a00262700013c4e5f1,ATLAS_SIG_B_TOP150,BRD-K77925998,quipazine,trt_cp,6.0379725
ATLAS_SIG_B_TOP150,6a92f7a00262700013c4e5f1,ATLAS_SIG_B_TOP150,BRD-K19111024,clofibric-acid,trt_cp,-9.326733
ATLAS_SIG_B_TOP150,6a92f7a00262700013c4e5f1,ATLAS_SIG_B_TOP150,BRD-K38055836,etamivan,trt_cp,-59.146484
ATLAS_SIG_B_TOP150,6a92f7a00262700013c4e5f1,ATLAS_SIG_B_TOP150,BRD-K63979671,etifenin,trt_cp,15.170153
ATLAS_SIG_B_TOP150,6a92f7a00262700013c4e5f1,ATLAS_SIG_B_TOP150,BRD-K35531059,molsidomine,trt_cp,1.4094433
ATLAS_SIG_B_TOP150,6a92f7a00262700013c4e5f1,ATLAS_SIG_B_TOP150,BRD-K14993104,bemegride,trt_cp,-25.421564
ATLAS_SIG_B_TOP150,6a92f7a00262700013c4e5f1,ATLAS_SIG_B_TOP150,BRD-K21450440,benzthiazide,trt_cp,-8.960535
ATLAS_SIG_B_TOP150,6a92f7a00262700013c4e5f1,ATLAS_SIG_B_TOP150,BRD-A29485665,bicalutamide,trt_cp,3.6997886
ATLAS_SIG_B_TOP150,6a92f7a00262700013c4e5f1,ATLAS_SIG_B_TOP150,BRD-A77291778,cyclopentolate,trt_cp,-1.5856236
ATLAS_SIG_B_TOP150,6a92f7a00262700013c4e5f1,ATLAS_SIG_B_TOP150,BRD-K22193694,dioxybenzone,trt_cp,-6.150755
ATLAS_SIG_B_TOP150,6a92f7a00262700013c4e5f1,ATLAS_SIG_B_TOP150,BRD-A16311756,profenamine,trt_cp,20.844536
ATLAS_SIG_B_TOP150,6a92f7a00262700013c4e5f1,ATLAS_SIG_B_TOP150,BRD-A73368467,fexofenadine,trt_cp,-11.514895
ATLAS_SIG_B_TOP150,6a92f7a00262700013c4e5f1,ATLAS_SIG_B_TOP150,BRD-A74980173,gatifloxacin,trt_cp,15.999308
ATLAS_SIG_B_TOP150,6a92f7a00262700013c4e5f1,ATLAS_SIG_B_TOP150,BRD-K80396088,gliquidone,trt_cp,-30.7157
ATLAS_SIG_B_TOP150,6a92f7a00262700013c4e5f1,ATLAS_SIG_B_TOP150,BRD-K46424862,hymecromone,trt_cp,5.968782
ATLAS_SIG_B_TOP150,6a92f7a00262700013c4e5f1,ATLAS_SIG_B_TOP150,BRD-A44090213,indoprofen,trt_cp,-14.352799
ATLAS_SIG_B_TOP150,6a92f7a00262700013c4e5f1,ATLAS_SIG_B_TOP150,BRD-A37492983,iocetamic-acid,trt_cp,22.002594
ATLAS_SIG_B_TOP150,6a92f7a00262700013c4e5f1,ATLAS_SIG_B_TOP150,BRD-K67261995,adipiodone,trt_cp,-26.708424
ATLAS_SIG_B_TOP150,6a92f7a00262700013c4e5f1,ATLAS_SIG_B_TOP150,BRD-A42628519,iopanoic-acid,trt_cp,-39.32174
ATLAS_SIG_B_TOP150,6a92f7a00262700013c4e5f1,ATLAS_SIG_B_TOP150,BRD-K33453211,levocabastine,trt_cp,-60.01484
ATLAS_SIG_B_TOP150,6a92f7a00262700013c4e5f1,ATLAS_SIG_B_TOP150,BRD-K89152108,liothyronine,trt_cp,-53.624916
ATLAS_SIG_B_TOP150,6a92f7a00262700013c4e5f1,ATLAS_SIG_B_TOP150,BRD-A83937277,mephenytoin,trt_cp,-29.380884
ATLAS_SIG_B_TOP150,6a92f7a00262700013c4e5f1,ATLAS_SIG_B_TOP150,BRD-K65417056,meprylcaine,trt_cp,1.7618041
ATLAS_SIG_B_TOP150,6a92f7a00262700013c4e5f1,ATLAS_SIG_B_TOP150,BRD-K67080878,milrinone,trt_cp,1.3389711
ATLAS_SIG_B_TOP150,6a92f7a00262700013c4e5f1,ATLAS_SIG_B_TOP150,BRD-K66615216,moxifloxacin,trt_cp,4.686399
ATLAS_SIG_B_TOP150,6a92f7a00262700013c4e5f1,ATLAS_SIG_B_TOP150,BRD-A58048407,nimodipine,trt_cp,27.16492
ATLAS_SIG_B_TOP150,6a92f7a00262700013c4e5f1,ATLAS_SIG_B_TOP150,BRD-A02006392,nitrendipine,trt_cp,-1.726568
ATLAS_SIG_B_TOP150,6a92f7a00262700013c4e5f1,ATLAS_SIG_B_TOP150,BRD-A36267905,buphenine,trt_cp,-7.6814656
ATLAS_SIG_B_TOP150,6a92f7a00262700013c4e5f1,ATLAS_SIG_B_TOP150,BRD-A33447119,oxfendazole,trt_cp,57.218803
ATLAS_SIG_B_TOP150,6a92f7a00262700013c4e5f1,ATLAS_SIG_B_TOP150,BRD-K37991163,paroxetine,trt_cp,1.5856236
ATLAS_SIG_B_TOP150,6a92f7a00262700013c4e5f1,ATLAS_SIG_B_TOP150,BRD-A18043272,phensuximide,trt_cp,29.64455
ATLAS_SIG_B_TOP150,6a92f7a00262700013c4e5f1,ATLAS_SIG_B_TOP150,BRD-K06388322,pramipexole,trt_cp,6.4688725
ATLAS_SIG_B_TOP150,6a92f7a00262700013c4e5f1,ATLAS_SIG_B_TOP150,BRD-K49111258,prazosin,trt_cp,20.581604
ATLAS_SIG_B_TOP150,6a92f7a00262700013c4e5f1,ATLAS_SIG_B_TOP150,BRD-K13032584,procarbazine,trt_cp,-2.2198732
ATLAS_SIG_B_TOP150,6a92f7a00262700013c4e5f1,ATLAS_SIG_B_TOP150,BRD-K28183345,proguanil,trt_cp,-27.257803
ATLAS_SIG_B_TOP150,6a92f7a00262700013c4e5f1,ATLAS_SIG_B_TOP150,BRD-A39390670,rabeprazole,trt_cp,-0.33320355
ATLAS_SIG_B_TOP150,6a92f7a00262700013c4e5f1,ATLAS_SIG_B_TOP150,BRD-A07765530,epinephrine-(racemic),trt_cp,16.760141
ATLAS_SIG_B_TOP150,6a92f7a00262700013c4e5f1,ATLAS_SIG_B_TOP150,BRD-K53857191,risperidone,trt_cp,0.63424945
ATLAS_SIG_B_TOP150,6a92f7a00262700013c4e5f1,ATLAS_SIG_B_TOP150,BRD-K89923877,scopolamine,trt_cp,-9.397966
ATLAS_SIG_B_TOP150,6a92f7a00262700013c4e5f1,ATLAS_SIG_B_TOP150,BRD-A95939040,sertaconazole,trt_cp,-8.602415
ATLAS_SIG_B_TOP150,6a92f7a00262700013c4e5f1,ATLAS_SIG_B_TOP150,BRD-A92670106,tocainide,trt_cp,23.493755
ATLAS_SIG_B_TOP150,6a92f7a00262700013c4e5f1,ATLAS_SIG_B_TOP150,BRD-K73196317,urapidil,trt_cp,18.610956
ATLAS_SIG_B_TOP150,6a92f7a00262700013c4e5f1,ATLAS_SIG_B_TOP150,BRD-K50417881,eticlopride,trt_cp,-19.224092
ATLAS_SIG_B_TOP150,6a92f7a00262700013c4e5f1,ATLAS_SIG_B_TOP150,BRD-K52313696,tacedinaline,trt_cp,44.18508
ATLAS_SIG_B_TOP150,6a92f7a00262700013c4e5f1,ATLAS_SIG_B_TOP150,BRD-K88742110,PCI-34051,trt_cp,-49.909546
ATLAS_SIG_B_TOP150,6a92f7a00262700013c4e5f1,ATLAS_SIG_B_TOP150,BRD-K77908580,entinostat,trt_cp,90.94064
ATLAS_SIG_B_TOP150,6a92f7a00262700013c4e5f1,ATLAS_SIG_B_TOP150,BRD-K85133207,HDAC1-selective,trt_cp,15.803427
ATLAS_SIG_B_TOP150,6a92f7a00262700013c4e5f1,ATLAS_SIG_B_TOP150,BRD-K29313308,HDAC3-selective,trt_cp,0.5637773
ATLAS_SIG_B_TOP150,6a92f7a00262700013c4e5f1,ATLAS_SIG_B_TOP150,BRD-K00627859,tubastatin-a,trt_cp,-2.184637
ATLAS_SIG_B_TOP150,6a92f7a00262700013c4e5f1,ATLAS_SIG_B_TOP150,BRD-K09991945,GSK-3-inhibitor-II,trt_cp,-53.212753
ATLAS_SIG_B_TOP150,6a92f7a00262700013c4e5f1,ATLAS_SIG_B_TOP150,BRD-K07691486,roscovitine,trt_cp,-21.83921
ATLAS_SIG_B_TOP150,6a92f7a00262700013c4e5f1,ATLAS_SIG_B_TOP150,BRD-K57080016,selumetinib,trt_cp,-26.820774
ATLAS_SIG_B_TOP150,6a92f7a00262700013c4e5f1,ATLAS_SIG_B_TOP150,BRD-K87909389,alvocidib,trt_cp,67.11193
ATLAS_SIG_B_TOP150,6a92f7a00262700013c4e5f1,ATLAS_SIG_B_TOP150,BRD-K56343971,vemurafenib,trt_cp,-75.79654
ATLAS_SIG_B_TOP150,6a92f7a00262700013c4e5f1,ATLAS_SIG_B_TOP150,BRD-K59369769,tozasertib,trt_cp,8.298092
ATLAS_SIG_B_TOP150,6a92f7a00262700013c4e5f1,ATLAS_SIG_B_TOP150,BRD-K93918653,quizartinib,trt_cp,21.460558
ATLAS_SIG_B_TOP150,6a92f7a00262700013c4e5f1,ATLAS_SIG_B_TOP150,BRD-K68191783,ALW-II-38-3,trt_cp,-4.4397464
ATLAS_SIG_B_TOP150,6a92f7a00262700013c4e5f1,ATLAS_SIG_B_TOP150,BRD-K41895714,AS-605240,trt_cp,-42.651196
ATLAS_SIG_B_TOP150,6a92f7a00262700013c4e5f1,ATLAS_SIG_B_TOP150,BRD-K19540840,saracatinib,trt_cp,19.39624
ATLAS_SIG_B_TOP150,6a92f7a00262700013c4e5f1,ATLAS_SIG_B_TOP150,BRD-K46056750,AZD-7762,trt_cp,36.51469
ATLAS_SIG_B_TOP150,6a92f7a00262700013c4e5f1,ATLAS_SIG_B_TOP150,BRD-K69932463,AZD-8055,trt_cp,0.0
ATLAS_SIG_B_TOP150,6a92f7a00262700013c4e5f1,ATLAS_SIG_B_TOP150,BRD-K64890080,BI-2536,trt_cp,63.69525
ATLAS_SIG_B_TOP150,6a92f7a00262700013c4e5f1,ATLAS_SIG_B_TOP150,BRD-K49669041,BX-912,trt_cp,52.754795
ATLAS_SIG_B_TOP150,6a92f7a00262700013c4e5f1,ATLAS_SIG_B_TOP150,BRD-K15592317,CP-466722,trt_cp,17.729229
ATLAS_SIG_B_TOP150,6a92f7a00262700013c4e5f1,ATLAS_SIG_B_TOP150,BRD-K52911425,GDC-0941,trt_cp,-11.372345
ATLAS_SIG_B_TOP150,6a92f7a00262700013c4e5f1,ATLAS_SIG_B_TOP150,BRD-K36740062,GSK-1070916,trt_cp,-2.3255813
ATLAS_SIG_B_TOP150,6a92f7a00262700013c4e5f1,ATLAS_SIG_B_TOP150,BRD-A10523515,GSK-429286A,trt_cp,-14.32178
ATLAS_SIG_B_TOP150,6a92f7a00262700013c4e5f1,ATLAS_SIG_B_TOP150,BRD-K92428232,GSK-461364,trt_cp,-4.634404
ATLAS_SIG_B_TOP150,6a92f7a00262700013c4e5f1,ATLAS_SIG_B_TOP150,BRD-K68407802,KIN001-055,trt_cp,10.04559
ATLAS_SIG_B_TOP150,6a92f7a00262700013c4e5f1,ATLAS_SIG_B_TOP150,BRD-K04887706,AKT-inhibitor-1-2,trt_cp,55.073036
ATLAS_SIG_B_TOP150,6a92f7a00262700013c4e5f1,ATLAS_SIG_B_TOP150,BRD-A29901043,KIN001-127,trt_cp,2.8893588
ATLAS_SIG_B_TOP150,6a92f7a00262700013c4e5f1,ATLAS_SIG_B_TOP150,BRD-K53561341,aurora-a-inhibitor-i,trt_cp,-62.767788
ATLAS_SIG_B_TOP150,6a92f7a00262700013c4e5f1,ATLAS_SIG_B_TOP150,BRD-K25311561,KU-55933,trt_cp,-9.392183
ATLAS_SIG_B_TOP150,6a92f7a00262700013c4e5f1,ATLAS_SIG_B_TOP150,BRD-K79404599,enzastaurin,trt_cp,-9.495766
ATLAS_SIG_B_TOP150,6a92f7a00262700013c4e5f1,ATLAS_SIG_B_TOP150,BRD-K83963101,MLN-8054,trt_cp,-54.645096
ATLAS_SIG_B_TOP150,6a92f7a00262700013c4e5f1,ATLAS_SIG_B_TOP150,BRD-K94294671,OSI-027,trt_cp,3.9816773
ATLAS_SIG_B_TOP150,6a92f7a00262700013c4e5f1,ATLAS_SIG_B_TOP150,BRD-K51313569,palbociclib,trt_cp,-0.1761804
ATLAS_SIG_B_TOP150,6a92f7a00262700013c4e5f1,ATLAS_SIG_B_TOP150,BRD-A79768653,sirolimus,trt_cp,-0.66948557
ATLAS_SIG_B_TOP150,6a92f7a00262700013c4e5f1,ATLAS_SIG_B_TOP150,BRD-A45498368,WYE-125132,trt_cp,0.0
ATLAS_SIG_B_TOP150,6a92f7a00262700013c4e5f1,ATLAS_SIG_B_TOP150,BRD-K64052750,gefitinib,trt_cp,-28.309679
ATLAS_SIG_B_TOP150,6a92f7a00262700013c4e5f1,ATLAS_SIG_B_TOP150,BRD-A85280935,quinpirole,trt_cp,43.85018
ATLAS_SIG_B_TOP150,6a92f7a00262700013c4e5f1,ATLAS_SIG_B_TOP150,BRD-A07824748,flavanone,trt_cp,32.02774
ATLAS_SIG_B_TOP150,6a92f7a00262700013c4e5f1,ATLAS_SIG_B_TOP150,BRD-K20482099,rutin,trt_cp,4.138956
ATLAS_SIG_B_TOP150,6a92f7a00262700013c4e5f1,ATLAS_SIG_B_TOP150,BRD-K62929068,6-benzylaminopurine,trt_cp,-1.7618041
ATLAS_SIG_B_TOP150,6a92f7a00262700013c4e5f1,ATLAS_SIG_B_TOP150,BRD-K43405658,tyrphostin-AG-527,trt_cp,42.847748
ATLAS_SIG_B_TOP150,6a92f7a00262700013c4e5f1,ATLAS_SIG_B_TOP150,BRD-K03670461,tyrphostin-AG-82,trt_cp,-22.547417
ATLAS_SIG_B_TOP150,6a92f7a00262700013c4e5f1,ATLAS_SIG_B_TOP150,BRD-K36737713,AG-957,trt_cp,9.717491
ATLAS_SIG_B_TOP150,6a92f7a00262700013c4e5f1,ATLAS_SIG_B_TOP150,BRD-K51223576,AG-99,trt_cp,8.15779
ATLAS_SIG_B_TOP150,6a92f7a00262700013c4e5f1,ATLAS_SIG_B_TOP150,BRD-A14966924,alaproclate,trt_cp,52.881683
ATLAS_SIG_B_TOP150,6a92f7a00262700013c4e5f1,ATLAS_SIG_B_TOP150,BRD-A90131694,alclometasone,trt_cp,-16.333324
ATLAS_SIG_B_TOP150,6a92f7a00262700013c4e5f1,ATLAS_SIG_B_TOP150,BRD-K30020243,aliskiren,trt_cp,5.0072665
ATLAS_SIG_B_TOP150,6a92f7a00262700013c4e5f1,ATLAS_SIG_B_TOP150,BRD-A00993607,alprenolol,trt_cp,-21.190912
ATLAS_SIG_B_TOP150,6a92f7a00262700013c4e5f1,ATLAS_SIG_B_TOP150,BRD-K35498378,alrestatin,trt_cp,-24.017761
ATLAS_SIG_B_TOP150,6a92f7a00262700013c4e5f1,ATLAS_SIG_B_TOP150,BRD-A56675431,altizide,trt_cp,24.034266
ATLAS_SIG_B_TOP150,6a92f7a00262700013c4e5f1,ATLAS_SIG_B_TOP150,BRD-A27554692,altrenogest,trt_cp,15.592332
ATLAS_SIG_B_TOP150,6a92f7a00262700013c4e5f1,ATLAS_SIG_B_TOP150,BRD-K53979406,ALX-5407,trt_cp,-0.5990134
ATLAS_SIG_B_TOP150,6a92f7a00262700013c4e5f1,ATLAS_SIG_B_TOP150,BRD-K59419204,AM-281,trt_cp,0.7751938
ATLAS_SIG_B_TOP150,6a92f7a00262700013c4e5f1,ATLAS_SIG_B_TOP150,BRD-A10969569,ambelline,trt_cp,11.330087
ATLAS_SIG_B_TOP150,6a92f7a00262700013c4e5f1,ATLAS_SIG_B_TOP150,BRD-A36010170,amcinonide,trt_cp,-80.699104
ATLAS_SIG_B_TOP150,6a92f7a00262700013c4e5f1,ATLAS_SIG_B_TOP150,BRD-K43068349,AMG-9810,trt_cp,65.170746
ATLAS_SIG_B_TOP150,6a92f7a00262700013c4e5f1,ATLAS_SIG_B_TOP150,BRD-K94512704,spiramide,trt_cp,7.567044
ATLAS_SIG_B_TOP150,6a92f7a00262700013c4e5f1,ATLAS_SIG_B_TOP150,BRD-A69917777,aminopentamide,trt_cp,-15.264025
ATLAS_SIG_B_TOP150,6a92f7a00262700013c4e5f1,ATLAS_SIG_B_TOP150,BRD-K17561142,amiodarone,trt_cp,67.02039
ATLAS_SIG_B_TOP150,6a92f7a00262700013c4e5f1,ATLAS_SIG_B_TOP150,BRD-A22032524,amlodipine,trt_cp,-23.941702
ATLAS_SIG_B_TOP150,6a92f7a00262700013c4e5f1,ATLAS_SIG_B_TOP150,BRD-K98490050,amsacrine,trt_cp,-1.0570824
ATLAS_SIG_B_TOP150,6a92f7a00262700013c4e5f1,ATLAS_SIG_B_TOP150,BRD-K62200014,anagrelide,trt_cp,3.6942794
ATLAS_SIG_B_TOP150,6a92f7a00262700013c4e5f1,ATLAS_SIG_B_TOP150,BRD-K46937689,phenazone,trt_cp,-3.0291233
ATLAS_SIG_B_TOP150,6a92f7a00262700013c4e5f1,ATLAS_SIG_B_TOP150,BRD-K12057390,apigenin,trt_cp,-1.303735
ATLAS_SIG_B_TOP150,6a92f7a00262700013c4e5f1,ATLAS_SIG_B_TOP150,BRD-K93188295,ARC-239,trt_cp,-89.50576
ATLAS_SIG_B_TOP150,6a92f7a00262700013c4e5f1,ATLAS_SIG_B_TOP150,BRD-A72758037,asiatic-acid,trt_cp,18.140451
ATLAS_SIG_B_TOP150,6a92f7a00262700013c4e5f1,ATLAS_SIG_B_TOP150,BRD-A65145453,ATPA,trt_cp,33.370804
ATLAS_SIG_B_TOP150,6a92f7a00262700013c4e5f1,ATLAS_SIG_B_TOP150,BRD-K45861246,azaperone,trt_cp,35.78033
ATLAS_SIG_B_TOP150,6a92f7a00262700013c4e5f1,ATLAS_SIG_B_TOP150,BRD-K93080877,Ala-Ala-Phe-CMK,trt_cp,-25.772346
ATLAS_SIG_B_TOP150,6a92f7a00262700013c4e5f1,ATLAS_SIG_B_TOP150,BRD-K41445866,alfaxalone,trt_cp,-22.055264
ATLAS_SIG_B_TOP150,6a92f7a00262700013c4e5f1,ATLAS_SIG_B_TOP150,BRD-K56558538,ambroxol,trt_cp,-25.43344
ATLAS_SIG_B_TOP150,6a92f7a00262700013c4e5f1,ATLAS_SIG_B_TOP150,BRD-K50214219,CS-1657,trt_cp,-9.308505
ATLAS_SIG_B_TOP150,6a92f7a00262700013c4e5f1,ATLAS_SIG_B_TOP150,BRD-K91290917,amodiaquine,trt_cp,3.6035757
ATLAS_SIG_B_TOP150,6a92f7a00262700013c4e5f1,ATLAS_SIG_B_TOP150,BRD-K52397688,amperozide,trt_cp,42.840332
ATLAS_SIG_B_TOP150,6a92f7a00262700013c4e5f1,ATLAS_SIG_B_TOP150,BRD-A09062839,amyleine,trt_cp,65.83961
ATLAS_SIG_B_TOP150,6a92f7a00262700013c4e5f1,ATLAS_SIG_B_TOP150,BRD-K55424922,anpirtoline,trt_cp,2.6779423
ATLAS_SIG_B_TOP150,6a92f7a00262700013c4e5f1,ATLAS_SIG_B_TOP150,BRD-K72726508,arcyriaflavin-a,trt_cp,-18.317348
ATLAS_SIG_B_TOP150,6a92f7a00262700013c4e5f1,ATLAS_SIG_B_TOP150,BRD-A70514680,articaine,trt_cp,26.620474
ATLAS_SIG_B_TOP150,6a92f7a00262700013c4e5f1,ATLAS_SIG_B_TOP150,BRD-A66199457,asiaticoside,trt_cp,4.487447
ATLAS_SIG_B_TOP150,6a92f7a00262700013c4e5f1,ATLAS_SIG_B_TOP150,BRD-A84493640,atovaquone,trt_cp,-55.526512
ATLAS_SIG_B_TOP150,6a92f7a00262700013c4e5f1,ATLAS_SIG_B_TOP150,BRD-K04877770,FTase-inhibitor-B581,trt_cp,26.509722
ATLAS_SIG_B_TOP150,6a92f7a00262700013c4e5f1,ATLAS_SIG_B_TOP150,BRD-A16694057,BADGE,trt_cp,0.028034905
ATLAS_SIG_B_TOP150,6a92f7a00262700013c4e5f1,ATLAS_SIG_B_TOP150,BRD-A80017228,bendroflumethiazide,trt_cp,-4.8625793
ATLAS_SIG_B_TOP150,6a92f7a00262700013c4e5f1,ATLAS_SIG_B_TOP150,BRD-K70327191,benzoxiquine,trt_cp,0.3523608
ATLAS_SIG_B_TOP150,6a92f7a00262700013c4e5f1,ATLAS_SIG_B_TOP150,BRD-A02180903,betamethasone,trt_cp,-63.418858
ATLAS_SIG_B_TOP150,6a92f7a00262700013c4e5f1,ATLAS_SIG_B_TOP150,BRD-A92177080,betamethasone-acetate,trt_cp,-12.839499
ATLAS_SIG_B_TOP150,6a92f7a00262700013c4e5f1,ATLAS_SIG_B_TOP150,BRD-A71799696,BH3I-1,trt_cp,6.606406
ATLAS_SIG_B_TOP150,6a92f7a00262700013c4e5f1,ATLAS_SIG_B_TOP150,BRD-K49294207,BIBU-1361,trt_cp,-19.40258
ATLAS_SIG_B_TOP150,6a92f7a00262700013c4e5f1,ATLAS_SIG_B_TOP150,BRD-K70914287,BIBX-1382,trt_cp,26.16556
ATLAS_SIG_B_TOP150,6a92f7a00262700013c4e5f1,ATLAS_SIG_B_TOP150,BRD-A00546892,biperiden,trt_cp,5.906744
ATLAS_SIG_B_TOP150,6a92f7a00262700013c4e5f1,ATLAS_SIG_B_TOP150,BRD-K39987650,bisacodyl,trt_cp,48.3824
ATLAS_SIG_B_TOP150,6a92f7a00262700013c4e5f1,ATLAS_SIG_B_TOP150,BRD-A89175223,bisoprolol,trt_cp,15.8905735
ATLAS_SIG_B_TOP150,6a92f7a00262700013c4e5f1,ATLAS_SIG_B_TOP150,BRD-K39120595,bithionol,trt_cp,-5.925996
ATLAS_SIG_B_TOP150,6a92f7a00262700013c4e5f1,ATLAS_SIG_B_TOP150,BRD-K56509348,BMS-182874,trt_cp,-40.85988
ATLAS_SIG_B_TOP150,6a92f7a00262700013c4e5f1,ATLAS_SIG_B_TOP150,BRD-K84895041,BMY-45778,trt_cp,-47.346344
ATLAS_SIG_B_TOP150,6a92f7a00262700013c4e5f1,ATLAS_SIG_B_TOP150,BRD-A55484088,BNTX,trt_cp,68.89264
ATLAS_SIG_B_TOP150,6a92f7a00262700013c4e5f1,ATLAS_SIG_B_TOP150,BRD-A83326220,brazilin,trt_cp,10.791745
ATLAS_SIG_B_TOP150,6a92f7a00262700013c4e5f1,ATLAS_SIG_B_TOP150,BRD-A37347161,BRL-52537,trt_cp,1.3777854
ATLAS_SIG_B_TOP150,6a92f7a00262700013c4e5f1,ATLAS_SIG_B_TOP150,BRD-K47631482,bromhexine,trt_cp,20.626564
ATLAS_SIG_B_TOP150,6a92f7a00262700013c4e5f1,ATLAS_SIG_B_TOP150,BRD-A80151636,bromocriptine,trt_cp,-18.926039
ATLAS_SIG_B_TOP150,6a92f7a00262700013c4e5f1,ATLAS_SIG_B_TOP150,BRD-A41995253,brucine,trt_cp,-9.475518
ATLAS_SIG_B_TOP150,6a92f7a00262700013c4e5f1,ATLAS_SIG_B_TOP150,BRD-K55344148,BU-224,trt_cp,-1.1627907
ATLAS_SIG_B_TOP150,6a92f7a00262700013c4e5f1,ATLAS_SIG_B_TOP150,BRD-K56115039,BU-226,trt_cp,10.217274
ATLAS_SIG_B_TOP150,6a92f7a00262700013c4e5f1,ATLAS_SIG_B_TOP150,BRD-A60571864,budesonide,trt_cp,-6.076979
ATLAS_SIG_B_TOP150,6a92f7a00262700013c4e5f1,ATLAS_SIG_B_TOP150,BRD-A05186015,bupropion,trt_cp,-2.4665258
ATLAS_SIG_B_TOP150,6a92f7a00262700013c4e5f1,ATLAS_SIG_B_TOP150,BRD-K08287586,butyl-paraben,trt_cp,8.733033
ATLAS_SIG_B_TOP150,6a92f7a00262700013c4e5f1,ATLAS_SIG_B_TOP150,BRD-A22713669,BVT-948,trt_cp,7.811948
ATLAS_SIG_B_TOP150,6a92f7a00262700013c4e5f1,ATLAS_SIG_B_TOP150,BRD-A55946879,BW-B70C,trt_cp,61.26202
ATLAS_SIG_B_TOP150,6a92f7a00262700013c4e5f1,ATLAS_SIG_B_TOP150,BRD-K43468059,byssochlamic-acid,trt_cp,23.6614
ATLAS_SIG_B_TOP150,6a92f7a00262700013c4e5f1,ATLAS_SIG_B_TOP150,BRD-A15131297,benazepril,trt_cp,-12.41252
ATLAS_SIG_B_TOP150,6a92f7a00262700013c4e5f1,ATLAS_SIG_B_TOP150,BRD-K97688263,benzamil,trt_cp,-1.9379845
ATLAS_SIG_B_TOP150,6a92f7a00262700013c4e5f1,ATLAS_SIG_B_TOP150,BRD-K14221570,benzopurpurin-4b,trt_cp,1.1485797
ATLAS_SIG_B_TOP150,6a92f7a00262700013c4e5f1,ATLAS_SIG_B_TOP150,BRD-A15034104,bergenin,trt_cp,28.851027
ATLAS_SIG_B_TOP150,6a92f7a00262700013c4e5f1,ATLAS_SIG_B_TOP150,BRD-K49448285,bisindolylmaleimide,trt_cp,-4.1578574
ATLAS_SIG_B_TOP150,6a92f7a00262700013c4e5f1,ATLAS_SIG_B_TOP150,BRD-A60274948,bromocriptine,trt_cp,29.717703
ATLAS_SIG_B_TOP150,6a92f7a00262700013c4e5f1,ATLAS_SIG_B_TOP150,BRD-A15070535,bucladesine,trt_cp,-24.015038
ATLAS_SIG_B_TOP150,6a92f7a00262700013c4e5f1,ATLAS_SIG_B_TOP150,BRD-A82238138,budesonide,trt_cp,-93.93091
ATLAS_SIG_B_TOP150,6a92f7a00262700013c4e5f1,ATLAS_SIG_B_TOP150,BRD-K41707108,ceramide,trt_cp,41.233006
ATLAS_SIG_B_TOP150,6a92f7a00262700013c4e5f1,ATLAS_SIG_B_TOP150,BRD-A56020723,CA-074-Me,trt_cp,1.7970402
ATLAS_SIG_B_TOP150,6a92f7a00262700013c4e5f1,ATLAS_SIG_B_TOP150,BRD-K02404261,caffeine,trt_cp,11.526891
ATLAS_SIG_B_TOP150,6a92f7a00262700013c4e5f1,ATLAS_SIG_B_TOP150,BRD-A65671304,candesartan-cilextil,trt_cp,-2.1141648
ATLAS_SIG_B_TOP150,6a92f7a00262700013c4e5f1,ATLAS_SIG_B_TOP150,BRD-A29322418,canrenoic-acid,trt_cp,56.14383
ATLAS_SIG_B_TOP150,6a92f7a00262700013c4e5f1,ATLAS_SIG_B_TOP150,BRD-A29426959,carbinoxamine,trt_cp,-51.29238
ATLAS_SIG_B_TOP150,6a92f7a00262700013c4e5f1,ATLAS_SIG_B_TOP150,BRD-A10977446,carvedilol,trt_cp,-3.488372
ATLAS_SIG_B_TOP150,6a92f7a00262700013c4e5f1,ATLAS_SIG_B_TOP150,BRD-A55369275,CGP-54626,trt_cp,58.37391
ATLAS_SIG_B_TOP150,6a92f7a00262700013c4e5f1,ATLAS_SIG_B_TOP150,BRD-K42500029,CGP-57380,trt_cp,13.909897
ATLAS_SIG_B_TOP150,6a92f7a00262700013c4e5f1,ATLAS_SIG_B_TOP150,BRD-K49049886,CGS-15943,trt_cp,29.4056
ATLAS_SIG_B_TOP150,6a92f7a00262700013c4e5f1,ATLAS_SIG_B_TOP150,BRD-A01593789,chlormadinone-acetate,trt_cp,10.611432
ATLAS_SIG_B_TOP150,6a92f7a00262700013c4e5f1,ATLAS_SIG_B_TOP150,BRD-A91699651,chloroquine,trt_cp,-29.676746
ATLAS_SIG_B_TOP150,6a92f7a00262700013c4e5f1,ATLAS_SIG_B_TOP150,BRD-K17075857,chloroxine,trt_cp,16.698763
ATLAS_SIG_B_TOP150,6a92f7a00262700013c4e5f1,ATLAS_SIG_B_TOP150,BRD-K89595132,chlorphenamine,trt_cp,9.417028
ATLAS_SIG_B_TOP150,6a92f7a00262700013c4e5f1,ATLAS_SIG_B_TOP150,BRD-K59058766,chlorprothixene,trt_cp,12.525014
ATLAS_SIG_B_TOP150,6a92f7a00262700013c4e5f1,ATLAS_SIG_B_TOP150,BRD-K67017579,cilostazol,trt_cp,-22.95176
ATLAS_SIG_B_TOP150,6a92f7a00262700013c4e5f1,ATLAS_SIG_B_TOP150,BRD-K34157611,cimetidine,trt_cp,-27.200666
ATLAS_SIG_B_TOP150,6a92f7a00262700013c4e5f1,ATLAS_SIG_B_TOP150,BRD-K40901640,cinanserin,trt_cp,-12.168979
ATLAS_SIG_B_TOP150,6a92f7a00262700013c4e5f1,ATLAS_SIG_B_TOP150,BRD-K14693417,cinchonine,trt_cp,11.487403
ATLAS_SIG_B_TOP150,6a92f7a00262700013c4e5f1,ATLAS_SIG_B_TOP150,BRD-K53263234,CITCO,trt_cp,5.2636156
ATLAS_SIG_B_TOP150,6a92f7a00262700013c4e5f1,ATLAS_SIG_B_TOP150,BRD-K30240666,clemastine,trt_cp,-5.17559
ATLAS_SIG_B_TOP150,6a92f7a00262700013c4e5f1,ATLAS_SIG_B_TOP150,BRD-A26095496,clobetasol,trt_cp,15.141375
ATLAS_SIG_B_TOP150,6a92f7a00262700013c4e5f1,ATLAS_SIG_B_TOP150,BRD-K45252063,clofibrate,trt_cp,-93.31658
ATLAS_SIG_B_TOP150,6a92f7a00262700013c4e5f1,ATLAS_SIG_B_TOP150,BRD-K54095730,CMPD-1,trt_cp,59.75937
ATLAS_SIG_B_TOP150,6a92f7a00262700013c4e5f1,ATLAS_SIG_B_TOP150,BRD-K53545112,CNQX,trt_cp,-46.32024
ATLAS_SIG_B_TOP150,6a92f7a00262700013c4e5f1,ATLAS_SIG_B_TOP150,BRD-A55416093,colforsin,trt_cp,60.296413
ATLAS_SIG_B_TOP150,6a92f7a00262700013c4e5f1,ATLAS_SIG_B_TOP150,BRD-A54487287,cortisone-acetate,trt_cp,12.414333
ATLAS_SIG_B_TOP150,6a92f7a00262700013c4e5f1,ATLAS_SIG_B_TOP150,BRD-K23913458,coumarin,trt_cp,-54.808727
ATLAS_SIG_B_TOP150,6a92f7a00262700013c4e5f1,ATLAS_SIG_B_TOP150,BRD-A64933752,CV-1808,trt_cp,11.297619
ATLAS_SIG_B_TOP150,6a92f7a00262700013c4e5f1,ATLAS_SIG_B_TOP150,BRD-K40965114,cyanopindolol,trt_cp,-0.79220057
ATLAS_SIG_B_TOP150,6a92f7a00262700013c4e5f1,ATLAS_SIG_B_TOP150,BRD-K36055864,cycloheximide,trt_cp,-67.59605
ATLAS_SIG_B_TOP150,6a92f7a00262700013c4e5f1,ATLAS_SIG_B_TOP150,BRD-A26787626,cyclopiazonic-acid,trt_cp,-61.329903
ATLAS_SIG_B_TOP150,6a92f7a00262700013c4e5f1,ATLAS_SIG_B_TOP150,BRD-A69815203,cyclosporin-a,trt_cp,-17.577848
ATLAS_SIG_B_TOP150,6a92f7a00262700013c4e5f1,ATLAS_SIG_B_TOP150,BRD-K56429665,calcipotriol,trt_cp,46.43157
ATLAS_SIG_B_TOP150,6a92f7a00262700013c4e5f1,ATLAS_SIG_B_TOP150,BRD-A53416814,ceramide,trt_cp,29.408339
ATLAS_SIG_B_TOP150,6a92f7a00262700013c4e5f1,ATLAS_SIG_B_TOP150,BRD-K51290057,SA-792709,trt_cp,75.6234
ATLAS_SIG_B_TOP150,6a92f7a00262700013c4e5f1,ATLAS_SIG_B_TOP150,BRD-K32828673,chelidonine,trt_cp,76.12396
ATLAS_SIG_B_TOP150,6a92f7a00262700013c4e5f1,ATLAS_SIG_B_TOP150,BRD-A41555725,chlortetracycline,trt_cp,-9.942385
ATLAS_SIG_B_TOP150,6a92f7a00262700013c4e5f1,ATLAS_SIG_B_TOP150,BRD-A83695761,chromanol,trt_cp,25.112171
ATLAS_SIG_B_TOP150,6a92f7a00262700013c4e5f1,ATLAS_SIG_B_TOP150,BRD-A65440446,cimaterol,trt_cp,-45.703537
ATLAS_SIG_B_TOP150,6a92f7a00262700013c4e5f1,ATLAS_SIG_B_TOP150,BRD-K06895174,cisapride,trt_cp,-7.223397
ATLAS_SIG_B_TOP150,6a92f7a00262700013c4e5f1,ATLAS_SIG_B_TOP150,BRD-K59163477,cisapride,trt_cp,-20.092932
ATLAS_SIG_B_TOP150,6a92f7a00262700013c4e5f1,ATLAS_SIG_B_TOP150,BRD-K17294426,clebopride,trt_cp,-53.37422
ATLAS_SIG_B_TOP150,6a92f7a00262700013c4e5f1,ATLAS_SIG_B_TOP150,BRD-K09255212,clioquinol,trt_cp,-0.24665257
ATLAS_SIG_B_TOP150,6a92f7a00262700013c4e5f1,ATLAS_SIG_B_TOP150,BRD-K55677650,CO-101244,trt_cp,-3.614581
ATLAS_SIG_B_TOP150,6a92f7a00262700013c4e5f1,ATLAS_SIG_B_TOP150,BRD-K43736954,cortisone,trt_cp,35.193195
ATLAS_SIG_B_TOP150,6a92f7a00262700013c4e5f1,ATLAS_SIG_B_TOP150,BRD-K06467078,corynanthine,trt_cp,23.559547
ATLAS_SIG_B_TOP150,6a92f7a00262700013c4e5f1,ATLAS_SIG_B_TOP150,BRD-A62184259,cycloheximide,trt_cp,-63.263805
ATLAS_SIG_B_TOP150,6a92f7a00262700013c4e5f1,ATLAS_SIG_B_TOP150,BRD-A92537424,danazol,trt_cp,21.571112
ATLAS_SIG_B_TOP150,6a92f7a00262700013c4e5f1,ATLAS_SIG_B_TOP150,BRD-K43389675,daunorubicin,trt_cp,67.089035
ATLAS_SIG_B_TOP150,6a92f7a00262700013c4e5f1,ATLAS_SIG_B_TOP150,BRD-A39255369,DCPIB,trt_cp,26.892788
ATLAS_SIG_B_TOP150,6a92f7a00262700013c4e5f1,ATLAS_SIG_B_TOP150,BRD-A17819071,gedunin,trt_cp,-33.6379
ATLAS_SIG_B_TOP150,6a92f7a00262700013c4e5f1,ATLAS_SIG_B_TOP150,BRD-K68558722,deracoxib,trt_cp,-67.60476
ATLAS_SIG_B_TOP150,6a92f7a00262700013c4e5f1,ATLAS_SIG_B_TOP150,BRD-A49447682,desoximetasone,trt_cp,6.63369
ATLAS_SIG_B_TOP150,6a92f7a00262700013c4e5f1,ATLAS_SIG_B_TOP150,BRD-K13819402,desoxypeganine,trt_cp,-34.381584
ATLAS_SIG_B_TOP150,6a92f7a00262700013c4e5f1,ATLAS_SIG_B_TOP150,BRD-A10188456,dexamethasone,trt_cp,-87.66998
ATLAS_SIG_B_TOP150,6a92f7a00262700013c4e5f1,ATLAS_SIG_B_TOP150,BRD-A93424738,dexamethasone-acetate,trt_cp,-28.511934
ATLAS_SIG_B_TOP150,6a92f7a00262700013c4e5f1,ATLAS_SIG_B_TOP150,BRD-A04553218,chlorphenamine,trt_cp,1.726568
ATLAS_SIG_B_TOP150,6a92f7a00262700013c4e5f1,ATLAS_SIG_B_TOP150,BRD-K24053527,dextromethorphan,trt_cp,-1.9027485
ATLAS_SIG_B_TOP150,6a92f7a00262700013c4e5f1,ATLAS_SIG_B_TOP150,BRD-K01555864,dibenzoylmethane,trt_cp,-39.31601
ATLAS_SIG_B_TOP150,6a92f7a00262700013c4e5f1,ATLAS_SIG_B_TOP150,BRD-K08252256,diclofenac,trt_cp,-3.7350247
ATLAS_SIG_B_TOP150,6a92f7a00262700013c4e5f1,ATLAS_SIG_B_TOP150,BRD-K95309561,dienestrol,trt_cp,-25.26136
ATLAS_SIG_B_TOP150,6a92f7a00262700013c4e5f1,ATLAS_SIG_B_TOP150,BRD-K45542189,diethylcarbamazine,trt_cp,-35.812645
ATLAS_SIG_B_TOP150,6a92f7a00262700013c4e5f1,ATLAS_SIG_B_TOP150,BRD-K45330754,diethylstilbestrol,trt_cp,19.074158
ATLAS_SIG_B_TOP150,6a92f7a00262700013c4e5f1,ATLAS_SIG_B_TOP150,BRD-A93236127,digitoxin,trt_cp,0.0
ATLAS_SIG_B_TOP150,6a92f7a00262700013c4e5f1,ATLAS_SIG_B_TOP150,BRD-A94756469,digoxin,trt_cp,-0.9161381
ATLAS_SIG_B_TOP150,6a92f7a00262700013c4e5f1,ATLAS_SIG_B_TOP150,BRD-K20152659,dihomo-gamma-linolenic-acid,trt_cp,-50.31524
ATLAS_SIG_B_TOP150,6a92f7a00262700013c4e5f1,ATLAS_SIG_B_TOP150,BRD-A47144777,dihydro-7-desacetyldeoxygedunin,trt_cp,58.436493
ATLAS_SIG_B_TOP150,6a92f7a00262700013c4e5f1,ATLAS_SIG_B_TOP150,BRD-A02713983,dihydrodeoxygedunin,trt_cp,69.88979
ATLAS_SIG_B_TOP150,6a92f7a00262700013c4e5f1,ATLAS_SIG_B_TOP150,BRD-A65076780,dihydroergocristine,trt_cp,28.437954
ATLAS_SIG_B_TOP150,6a92f7a00262700013c4e5f1,ATLAS_SIG_B_TOP150,BRD-K72166146,dihydroergotamine,trt_cp,-10.059464
ATLAS_SIG_B_TOP150,6a92f7a00262700013c4e5f1,ATLAS_SIG_B_TOP150,BRD-K63945320,dihydrosamidin,trt_cp,-6.2975035
ATLAS_SIG_B_TOP150,6a92f7a00262700013c4e5f1,ATLAS_SIG_B_TOP150,BRD-K10974103,diloxanide,trt_cp,17.118458
ATLAS_SIG_B_TOP150,6a92f7a00262700013c4e5f1,ATLAS_SIG_B_TOP150,BRD-A69636825,diltiazem,trt_cp,-71.527115
ATLAS_SIG_B_TOP150,6a92f7a00262700013c4e5f1,ATLAS_SIG_B_TOP150,BRD-K82577285,dipropyl-dopamine,trt_cp,32.89939
ATLAS_SIG_B_TOP150,6a92f7a00262700013c4e5f1,ATLAS_SIG_B_TOP150,BRD-K86301799,dipyridamole,trt_cp,-32.105556
ATLAS_SIG_B_TOP150,6a92f7a00262700013c4e5f1,ATLAS_SIG_B_TOP150,BRD-K96084870,DMBI,trt_cp,14.963331
ATLAS_SIG_B_TOP150,6a92f7a00262700013c4e5f1,ATLAS_SIG_B_TOP150,BRD-K38305202,domperidone,trt_cp,-12.029796
ATLAS_SIG_B_TOP150,6a92f7a00262700013c4e5f1,ATLAS_SIG_B_TOP150,BRD-A49160188,donepezil,trt_cp,37.12596
ATLAS_SIG_B_TOP150,6a92f7a00262700013c4e5f1,ATLAS_SIG_B_TOP150,BRD-K37694030,doxepin,trt_cp,5.7102785
ATLAS_SIG_B_TOP150,6a92f7a00262700013c4e5f1,ATLAS_SIG_B_TOP150,BRD-A52530684,doxorubicin,trt_cp,76.806816
ATLAS_SIG_B_TOP150,6a92f7a00262700013c4e5f1,ATLAS_SIG_B_TOP150,BRD-K99922388,DPO-1,trt_cp,0.31712472
ATLAS_SIG_B_TOP150,6a92f7a00262700013c4e5f1,ATLAS_SIG_B_TOP150,BRD-K97158071,droperidol,trt_cp,2.184637
ATLAS_SIG_B_TOP150,6a92f7a00262700013c4e5f1,ATLAS_SIG_B_TOP150,BRD-K71103788,duloxetine,trt_cp,-8.56672
ATLAS_SIG_B_TOP150,6a92f7a00262700013c4e5f1,ATLAS_SIG_B_TOP150,BRD-K60274257,dephostatin,trt_cp,-1.303735
ATLAS_SIG_B_TOP150,6a92f7a00262700013c4e5f1,ATLAS_SIG_B_TOP150,BRD-K47635719,dexamethasone,trt_cp,-76.488884
ATLAS_SIG_B_TOP150,6a92f7a00262700013c4e5f1,ATLAS_SIG_B_TOP150,BRD-A04706586,bucladesine,trt_cp,3.6293163
ATLAS_SIG_B_TOP150,6a92f7a00262700013c4e5f1,ATLAS_SIG_B_TOP150,BRD-K18518344,digitoxigenin,trt_cp,14.763021
ATLAS_SIG_B_TOP150,6a92f7a00262700013c4e5f1,ATLAS_SIG_B_TOP150,BRD-A99164655,dihydrexidine,trt_cp,-2.3960536
ATLAS_SIG_B_TOP150,6a92f7a00262700013c4e5f1,ATLAS_SIG_B_TOP150,BRD-A44701612,dihydroergocristine,trt_cp,76.64067
ATLAS_SIG_B_TOP150,6a92f7a00262700013c4e5f1,ATLAS_SIG_B_TOP150,BRD-A54845972,dihydroergotamine,trt_cp,24.866623
ATLAS_SIG_B_TOP150,6a92f7a00262700013c4e5f1,ATLAS_SIG_B_TOP150,BRD-K48722258,dilazep,trt_cp,-28.312067
ATLAS_SIG_B_TOP150,6a92f7a00262700013c4e5f1,ATLAS_SIG_B_TOP150,BRD-K93441486,diphemanil,trt_cp,15.227807
ATLAS_SIG_B_TOP150,6a92f7a00262700013c4e5f1,ATLAS_SIG_B_TOP150,BRD-K54233340,dorsomorphin,trt_cp,27.376562
ATLAS_SIG_B_TOP150,6a92f7a00262700013c4e5f1,ATLAS_SIG_B_TOP150,BRD-A76941896,doxorubicin,trt_cp,55.398754
ATLAS_SIG_B_TOP150,6a92f7a00262700013c4e5f1,ATLAS_SIG_B_TOP150,BRD-A99571536,dubinidine,trt_cp,33.479343
ATLAS_SIG_B_TOP150,6a92f7a00262700013c4e5f1,ATLAS_SIG_B_TOP150,BRD-K41713976,E-4031,trt_cp,9.656804
ATLAS_SIG_B_TOP150,6a92f7a00262700013c4e5f1,ATLAS_SIG_B_TOP150,BRD-K50464341,berbamine,trt_cp,21.85891
ATLAS_SIG_B_TOP150,6a92f7a00262700013c4e5f1,ATLAS_SIG_B_TOP150,BRD-K80325895,eicosadienoic-acid,trt_cp,0.0
ATLAS_SIG_B_TOP150,6a92f7a00262700013c4e5f1,ATLAS_SIG_B_TOP150,BRD-K47192521,icosapent,trt_cp,20.953571
ATLAS_SIG_B_TOP150,6a92f7a00262700013c4e5f1,ATLAS_SIG_B_TOP150,BRD-K47659338,EMD-386088,trt_cp,-52.884872
ATLAS_SIG_B_TOP150,6a92f7a00262700013c4e5f1,ATLAS_SIG_B_TOP150,BRD-A25687296,emetine,trt_cp,0.0
ATLAS_SIG_B_TOP150,6a92f7a00262700013c4e5f1,ATLAS_SIG_B_TOP150,BRD-A98431941,ephedrine,trt_cp,16.065302
ATLAS_SIG_B_TOP150,6a92f7a00262700013c4e5f1,ATLAS_SIG_B_TOP150,BRD-K50660797,epicatechin-gallate-(-),trt_cp,22.418797
ATLAS_SIG_B_TOP150,6a92f7a00262700013c4e5f1,ATLAS_SIG_B_TOP150,BRD-K04548931,epirubicin,trt_cp,39.28154
ATLAS_SIG_B_TOP150,6a92f7a00262700013c4e5f1,ATLAS_SIG_B_TOP150,BRD-A88080608,equilin,trt_cp,42.187737
ATLAS_SIG_B_TOP150,6a92f7a00262700013c4e5f1,ATLAS_SIG_B_TOP150,BRD-K39746403,erythromycin-estolate,trt_cp,-65.40538
ATLAS_SIG_B_TOP150,6a92f7a00262700013c4e5f1,ATLAS_SIG_B_TOP150,BRD-K51677086,erythromycin-ethylsuccinate,trt_cp,36.27632
ATLAS_SIG_B_TOP150,6a92f7a00262700013c4e5f1,ATLAS_SIG_B_TOP150,BRD-K14920963,erythrosine,trt_cp,66.32125
ATLAS_SIG_B_TOP150,6a92f7a00262700013c4e5f1,ATLAS_SIG_B_TOP150,BRD-K70301876,escitalopram,trt_cp,-38.13542
ATLAS_SIG_B_TOP150,6a92f7a00262700013c4e5f1,ATLAS_SIG_B_TOP150,BRD-A18917088,estradiol,trt_cp,0.3523608
ATLAS_SIG_B_TOP150,6a92f7a00262700013c4e5f1,ATLAS_SIG_B_TOP150,BRD-A36066264,estradiol-benzoate,trt_cp,5.2169075
ATLAS_SIG_B_TOP150,6a92f7a00262700013c4e5f1,ATLAS_SIG_B_TOP150,BRD-A91452556,estradiol-cypionate,trt_cp,15.364005
ATLAS_SIG_B_TOP150,6a92f7a00262700013c4e5f1,ATLAS_SIG_B_TOP150,BRD-A37959677,estrone,trt_cp,-45.062786
ATLAS_SIG_B_TOP150,6a92f7a00262700013c4e5f1,ATLAS_SIG_B_TOP150,BRD-A22143024,estropipate,trt_cp,0.7047216
ATLAS_SIG_B_TOP150,6a92f7a00262700013c4e5f1,ATLAS_SIG_B_TOP150,BRD-K08556791,ethoprop,trt_cp,-3.5605764
ATLAS_SIG_B_TOP150,6a92f7a00262700013c4e5f1,ATLAS_SIG_B_TOP150,BRD-A74667430,etodolac,trt_cp,-34.381855
ATLAS_SIG_B_TOP150,6a92f7a00262700013c4e5f1,ATLAS_SIG_B_TOP150,BRD-A54880345,etomidate,trt_cp,19.128286
ATLAS_SIG_B_TOP150,6a92f7a00262700013c4e5f1,ATLAS_SIG_B_TOP150,BRD-K32977963,eugenol,trt_cp,-61.269627
ATLAS_SIG_B_TOP150,6a92f7a00262700013c4e5f1,ATLAS_SIG_B_TOP150,BRD-A73741725,exemestane,trt_cp,11.917196
ATLAS_SIG_B_TOP150,6a92f7a00262700013c4e5f1,ATLAS_SIG_B_TOP150,BRD-A41519720,ezetimibe,trt_cp,46.811096
ATLAS_SIG_B_TOP150,6a92f7a00262700013c4e5f1,ATLAS_SIG_B_TOP150,BRD-K40227168,vinburnine,trt_cp,-8.549786
ATLAS_SIG_B_TOP150,6a92f7a00262700013c4e5f1,ATLAS_SIG_B_TOP150,BRD-K74212935,ergocryptine,trt_cp,13.746068
ATLAS_SIG_B_TOP150,6a92f7a00262700013c4e5f1,ATLAS_SIG_B_TOP150,BRD-K51095933,estropipate,trt_cp,2.265141
ATLAS_SIG_B_TOP150,6a92f7a00262700013c4e5f1,ATLAS_SIG_B_TOP150,BRD-K64755930,etazolate,trt_cp,5.128186
ATLAS_SIG_B_TOP150,6a92f7a00262700013c4e5f1,ATLAS_SIG_B_TOP150,BRD-K45033733,famciclovir,trt_cp,-2.0084567
ATLAS_SIG_B_TOP150,6a92f7a00262700013c4e5f1,ATLAS_SIG_B_TOP150,BRD-A97104540,fenoterol,trt_cp,-15.978283
ATLAS_SIG_B_TOP150,6a92f7a00262700013c4e5f1,ATLAS_SIG_B_TOP150,BRD-K66093087,FGIN-1-43,trt_cp,-18.738186
ATLAS_SIG_B_TOP150,6a92f7a00262700013c4e5f1,ATLAS_SIG_B_TOP150,BRD-A50675702,fipronil,trt_cp,10.486761
ATLAS_SIG_B_TOP150,6a92f7a00262700013c4e5f1,ATLAS_SIG_B_TOP150,BRD-A38749782,fludrocortisone-acetate,trt_cp,43.01774
ATLAS_SIG_B_TOP150,6a92f7a00262700013c4e5f1,ATLAS_SIG_B_TOP150,BRD-K29582677,flunarizine,trt_cp,-14.531105
ATLAS_SIG_B_TOP150,6a92f7a00262700013c4e5f1,ATLAS_SIG_B_TOP150,BRD-A77824596,fluocinolone,trt_cp,-17.44262
ATLAS_SIG_B_TOP150,6a92f7a00262700013c4e5f1,ATLAS_SIG_B_TOP150,BRD-A15297126,fluocinolone-acetonide,trt_cp,-15.768276
ATLAS_SIG_B_TOP150,6a92f7a00262700013c4e5f1,ATLAS_SIG_B_TOP150,BRD-K28307902,flutamide,trt_cp,-3.3474278
ATLAS_SIG_B_TOP150,6a92f7a00262700013c4e5f1,ATLAS_SIG_B_TOP150,BRD-K66296774,fluvastatin,trt_cp,11.614955
ATLAS_SIG_B_TOP150,6a92f7a00262700013c4e5f1,ATLAS_SIG_B_TOP150,BRD-K76587808,fraxetin,trt_cp,24.678932
ATLAS_SIG_B_TOP150,6a92f7a00262700013c4e5f1,ATLAS_SIG_B_TOP150,BRD-K77947974,fluspirilene,trt_cp,26.043875
ATLAS_SIG_B_TOP150,6a92f7a00262700013c4e5f1,ATLAS_SIG_B_TOP150,BRD-K09602097,forskolin,trt_cp,29.536346
ATLAS_SIG_B_TOP150,6a92f7a00262700013c4e5f1,ATLAS_SIG_B_TOP150,BRD-A71157293,fursultiamine,trt_cp,-13.954142
ATLAS_SIG_B_TOP150,6a92f7a00262700013c4e5f1,ATLAS_SIG_B_TOP150,BRD-K31342827,bisindolylmaleimide,trt_cp,-76.46043
ATLAS_SIG_B_TOP150,6a92f7a00262700013c4e5f1,ATLAS_SIG_B_TOP150,BRD-A29082194,gitoxigenin,trt_cp,3.6645525
ATLAS_SIG_B_TOP150,6a92f7a00262700013c4e5f1,ATLAS_SIG_B_TOP150,BRD-K51662849,ilomastat,trt_cp,6.23484
ATLAS_SIG_B_TOP150,6a92f7a00262700013c4e5f1,ATLAS_SIG_B_TOP150,BRD-A33084410,5'-guanidinonaltrindole,trt_cp,-10.804523
ATLAS_SIG_B_TOP150,6a92f7a00262700013c4e5f1,ATLAS_SIG_B_TOP150,BRD-K50891186,GR-103691,trt_cp,8.97419
ATLAS_SIG_B_TOP150,6a92f7a00262700013c4e5f1,ATLAS_SIG_B_TOP150,BRD-K49945136,GR-113808,trt_cp,8.467024
ATLAS_SIG_B_TOP150,6a92f7a00262700013c4e5f1,ATLAS_SIG_B_TOP150,BRD-K83023055,GR-135531,trt_cp,-7.351453
ATLAS_SIG_B_TOP150,6a92f7a00262700013c4e5f1,ATLAS_SIG_B_TOP150,BRD-A90515964,guaifenesin,trt_cp,-28.507076
ATLAS_SIG_B_TOP150,6a92f7a00262700013c4e5f1,ATLAS_SIG_B_TOP150,BRD-K56800335,guanabenz,trt_cp,6.7366834
ATLAS_SIG_B_TOP150,6a92f7a00262700013c4e5f1,ATLAS_SIG_B_TOP150,BRD-K32830106,guanfacine,trt_cp,-14.916371
ATLAS_SIG_B_TOP150,6a92f7a00262700013c4e5f1,ATLAS_SIG_B_TOP150,BRD-A15415227,GW-1929,trt_cp,22.31579
ATLAS_SIG_B_TOP150,6a92f7a00262700013c4e5f1,ATLAS_SIG_B_TOP150,BRD-K33818169,GW-3965,trt_cp,-79.12559
ATLAS_SIG_B_TOP150,6a92f7a00262700013c4e5f1,ATLAS_SIG_B_TOP150,BRD-K64245000,GW-4064,trt_cp,-41.28787
ATLAS_SIG_B_TOP150,6a92f7a00262700013c4e5f1,ATLAS_SIG_B_TOP150,BRD-K39520573,GW-5074,trt_cp,-15.574613
ATLAS_SIG_B_TOP150,6a92f7a00262700013c4e5f1,ATLAS_SIG_B_TOP150,BRD-K96263742,GW-7647,trt_cp,-2.149401
ATLAS_SIG_B_TOP150,6a92f7a00262700013c4e5f1,ATLAS_SIG_B_TOP150,BRD-A49148672,galantamine,trt_cp,-7.306522
ATLAS_SIG_B_TOP150,6a92f7a00262700013c4e5f1,ATLAS_SIG_B_TOP150,BRD-A17535965,gelsemine,trt_cp,20.339787
ATLAS_SIG_B_TOP150,6a92f7a00262700013c4e5f1,ATLAS_SIG_B_TOP150,BRD-K54771420,glycocholic-acid,trt_cp,7.168631
ATLAS_SIG_B_TOP150,6a92f7a00262700013c4e5f1,ATLAS_SIG_B_TOP150,BRD-K62736196,guanaben-acetate,trt_cp,-32.845947
ATLAS_SIG_B_TOP150,6a92f7a00262700013c4e5f1,ATLAS_SIG_B_TOP150,BRD-K67847053,guanabenz,trt_cp,51.249187
ATLAS_SIG_B_TOP150,6a92f7a00262700013c4e5f1,ATLAS_SIG_B_TOP150,BRD-K77793136,hydroxyfasudil,trt_cp,-15.369286
ATLAS_SIG_B_TOP150,6a92f7a00262700013c4e5f1,ATLAS_SIG_B_TOP150,BRD-K99946902,hexylresorcinol,trt_cp,10.40821
ATLAS_SIG_B_TOP150,6a92f7a00262700013c4e5f1,ATLAS_SIG_B_TOP150,BRD-A65767837,hydrocortisone-acetate,trt_cp,56.3393
ATLAS_SIG_B_TOP150,6a92f7a00262700013c4e5f1,ATLAS_SIG_B_TOP150,BRD-A07000685,hydrocortisone-hemisuccinate,trt_cp,-21.510254
ATLAS_SIG_B_TOP150,6a92f7a00262700013c4e5f1,ATLAS_SIG_B_TOP150,BRD-A46186775,hydrocortisone-phosphate,trt_cp,-42.112267
ATLAS_SIG_B_TOP150,6a92f7a00262700013c4e5f1,ATLAS_SIG_B_TOP150,BRD-K29673530,hypericin,trt_cp,29.471272
ATLAS_SIG_B_TOP150,6a92f7a00262700013c4e5f1,ATLAS_SIG_B_TOP150,BRD-A08709697,heliotrine,trt_cp,27.5596
ATLAS_SIG_B_TOP150,6a92f7a00262700013c4e5f1,ATLAS_SIG_B_TOP150,BRD-A74975734,homatropine,trt_cp,20.31471
ATLAS_SIG_B_TOP150,6a92f7a00262700013c4e5f1,ATLAS_SIG_B_TOP150,BRD-A22769835,homochlorcyclizine,trt_cp,-38.98709
ATLAS_SIG_B_TOP150,6a92f7a00262700013c4e5f1,ATLAS_SIG_B_TOP150,BRD-K37447567,hydrocotarnine,trt_cp,16.668015
ATLAS_SIG_B_TOP150,6a92f7a00262700013c4e5f1,ATLAS_SIG_B_TOP150,BRD-A78295502,hydroquinine,trt_cp,26.186907
ATLAS_SIG_B_TOP150,6a92f7a00262700013c4e5f1,ATLAS_SIG_B_TOP150,BRD-K35377380,I-OMe-AG-538,trt_cp,-28.822933
ATLAS_SIG_B_TOP150,6a92f7a00262700013c4e5f1,ATLAS_SIG_B_TOP150,BRD-A48809242,IB-MECA,trt_cp,-80.35489
ATLAS_SIG_B_TOP150,6a92f7a00262700013c4e5f1,ATLAS_SIG_B_TOP150,BRD-K65639003,icariin,trt_cp,3.4178998
ATLAS_SIG_B_TOP150,6a92f7a00262700013c4e5f1,ATLAS_SIG_B_TOP150,BRD-K52219182,ICI-63197,trt_cp,-1.0218464
ATLAS_SIG_B_TOP150,6a92f7a00262700013c4e5f1,ATLAS_SIG_B_TOP150,BRD-A78942461,ICI-118551,trt_cp,1.4094433
ATLAS_SIG_B_TOP150,6a92f7a00262700013c4e5f1,ATLAS_SIG_B_TOP150,BRD-K33308633,INCA-6,trt_cp,31.86119
ATLAS_SIG_B_TOP150,6a92f7a00262700013c4e5f1,ATLAS_SIG_B_TOP150,BRD-K17894950,indirubin,trt_cp,-2.6750872
ATLAS_SIG_B_TOP150,6a92f7a00262700013c4e5f1,ATLAS_SIG_B_TOP150,BRD-K57222227,indometacin,trt_cp,-6.7307205
ATLAS_SIG_B_TOP150,6a92f7a00262700013c4e5f1,ATLAS_SIG_B_TOP150,BRD-K60038276,irbesartan,trt_cp,31.549843
ATLAS_SIG_B_TOP150,6a92f7a00262700013c4e5f1,ATLAS_SIG_B_TOP150,BRD-K48869804,icilin,trt_cp,-9.346495
ATLAS_SIG_B_TOP150,6a92f7a00262700013c4e5f1,ATLAS_SIG_B_TOP150,BRD-A10903566,imiloxan,trt_cp,10.519499
ATLAS_SIG_B_TOP150,6a92f7a00262700013c4e5f1,ATLAS_SIG_B_TOP150,BRD-K49519092,immethridine,trt_cp,-69.51242
ATLAS_SIG_B_TOP150,6a92f7a00262700013c4e5f1,ATLAS_SIG_B_TOP150,BRD-K53959060,indirubin,trt_cp,-78.74434
ATLAS_SIG_B_TOP150,6a92f7a00262700013c4e5f1,ATLAS_SIG_B_TOP150,BRD-K19136521,indirubin-3-monoxime,trt_cp,-10.780946
ATLAS_SIG_B_TOP150,6a92f7a00262700013c4e5f1,ATLAS_SIG_B_TOP150,BRD-A37432947,ipratropium,trt_cp,21.485788
ATLAS_SIG_B_TOP150,6a92f7a00262700013c4e5f1,ATLAS_SIG_B_TOP150,BRD-K90574421,ipsapirone,trt_cp,15.574663
ATLAS_SIG_B_TOP150,6a92f7a00262700013c4e5f1,ATLAS_SIG_B_TOP150,BRD-A90799790,isradipine,trt_cp,1.7970402
ATLAS_SIG_B_TOP150,6a92f7a00262700013c4e5f1,ATLAS_SIG_B_TOP150,BRD-A40639672,ketorolac,trt_cp,2.1141648
ATLAS_SIG_B_TOP150,6a92f7a00262700013c4e5f1,ATLAS_SIG_B_TOP150,BRD-K28936863,ketotifen,trt_cp,0.14094433
ATLAS_SIG_B_TOP150,6a92f7a00262700013c4e5f1,ATLAS_SIG_B_TOP150,BRD-A43849199,karakoline,trt_cp,-21.997152
ATLAS_SIG_B_TOP150,6a92f7a00262700013c4e5f1,ATLAS_SIG_B_TOP150,BRD-K09497549,kawain,trt_cp,61.987915
ATLAS_SIG_B_TOP150,6a92f7a00262700013c4e5f1,ATLAS_SIG_B_TOP150,BRD-K47150025,KI-8751,trt_cp,32.973537
ATLAS_SIG_B_TOP150,6a92f7a00262700013c4e5f1,ATLAS_SIG_B_TOP150,BRD-K39733634,L-161982,trt_cp,28.451365
ATLAS_SIG_B_TOP150,6a92f7a00262700013c4e5f1,ATLAS_SIG_B_TOP150,BRD-A85472596,L-670596,trt_cp,38.792145
ATLAS_SIG_B_TOP150,6a92f7a00262700013c4e5f1,ATLAS_SIG_B_TOP150,BRD-A93206962,L-755507,trt_cp,-1.6396842
ATLAS_SIG_B_TOP150,6a92f7a00262700013c4e5f1,ATLAS_SIG_B_TOP150,BRD-K18036262,L-168049,trt_cp,23.616587
ATLAS_SIG_B_TOP150,6a92f7a00262700013c4e5f1,ATLAS_SIG_B_TOP150,BRD-A84389091,L-655708,trt_cp,-2.4665258
ATLAS_SIG_B_TOP150,6a92f7a00262700013c4e5f1,ATLAS_SIG_B_TOP150,BRD-K08109516,L-701324,trt_cp,-56.637703
ATLAS_SIG_B_TOP150,6a92f7a00262700013c4e5f1,ATLAS_SIG_B_TOP150,BRD-A71203467,L-stepholidine,trt_cp,11.912037
ATLAS_SIG_B_TOP150,6a92f7a00262700013c4e5f1,ATLAS_SIG_B_TOP150,BRD-A72711497,lasalocid,trt_cp,17.475483
ATLAS_SIG_B_TOP150,6a92f7a00262700013c4e5f1,ATLAS_SIG_B_TOP150,BRD-A32836748,leu-enkephalin,trt_cp,-66.97293
ATLAS_SIG_B_TOP150,6a92f7a00262700013c4e5f1,ATLAS_SIG_B_TOP150,BRD-K08973992,linoleic-acid,trt_cp,9.196828
ATLAS_SIG_B_TOP150,6a92f7a00262700013c4e5f1,ATLAS_SIG_B_TOP150,BRD-K88849294,lobaric-acid,trt_cp,-8.181967
ATLAS_SIG_B_TOP150,6a92f7a00262700013c4e5f1,ATLAS_SIG_B_TOP150,BRD-K15834839,lobendazole,trt_cp,-2.184637
ATLAS_SIG_B_TOP150,6a92f7a00262700013c4e5f1,ATLAS_SIG_B_TOP150,BRD-K39915878,loxapine,trt_cp,-34.779903
ATLAS_SIG_B_TOP150,6a92f7a00262700013c4e5f1,ATLAS_SIG_B_TOP150,BRD-A92826379,lupanine,trt_cp,-55.89727
ATLAS_SIG_B_TOP150,6a92f7a00262700013c4e5f1,ATLAS_SIG_B_TOP150,BRD-K95899059,LY-344864,trt_cp,25.323082
ATLAS_SIG_B_TOP150,6a92f7a00262700013c4e5f1,ATLAS_SIG_B_TOP150,BRD-K74765201,tomelukast,trt_cp,-67.01769
ATLAS_SIG_B_TOP150,6a92f7a00262700013c4e5f1,ATLAS_SIG_B_TOP150,BRD-K27305650,LY-294002,trt_cp,-5.9837275
ATLAS_SIG_B_TOP150,6a92f7a00262700013c4e5f1,ATLAS_SIG_B_TOP150,BRD-K62792802,LY-83583,trt_cp,80.22398
ATLAS_SIG_B_TOP150,6a92f7a00262700013c4e5f1,ATLAS_SIG_B_TOP150,BRD-A24817035,laudanosine,trt_cp,1.3742071
ATLAS_SIG_B_TOP150,6a92f7a00262700013c4e5f1,ATLAS_SIG_B_TOP150,BRD-K96119599,leucodin,trt_cp,-5.8076706
ATLAS_SIG_B_TOP150,6a92f7a00262700013c4e5f1,ATLAS_SIG_B_TOP150,BRD-K59332007,linopirdine,trt_cp,14.303114
ATLAS_SIG_B_TOP150,6a92f7a00262700013c4e5f1,ATLAS_SIG_B_TOP150,BRD-K36377456,marmesin,trt_cp,22.81272
ATLAS_SIG_B_TOP150,6a92f7a00262700013c4e5f1,ATLAS_SIG_B_TOP150,BRD-K64746805,MBCQ,trt_cp,12.267022
ATLAS_SIG_B_TOP150,6a92f7a00262700013c4e5f1,ATLAS_SIG_B_TOP150,BRD-A62057054,MDL-11939,trt_cp,5.5261235
ATLAS_SIG_B_TOP150,6a92f7a00262700013c4e5f1,ATLAS_SIG_B_TOP150,BRD-K59753853,MDL-29951,trt_cp,4.9606576
ATLAS_SIG_B_TOP150,6a92f7a00262700013c4e5f1,ATLAS_SIG_B_TOP150,BRD-A09467419,mebeverine,trt_cp,18.102985
ATLAS_SIG_B_TOP150,6a92f7a00262700013c4e5f1,ATLAS_SIG_B_TOP150,BRD-A84174393,meloxicam,trt_cp,36.538174
ATLAS_SIG_B_TOP150,6a92f7a00262700013c4e5f1,ATLAS_SIG_B_TOP150,BRD-K18194590,mephentermine,trt_cp,63.995434
ATLAS_SIG_B_TOP150,6a92f7a00262700013c4e5f1,ATLAS_SIG_B_TOP150,BRD-K91336023,mesulergine,trt_cp,-2.1373773
ATLAS_SIG_B_TOP150,6a92f7a00262700013c4e5f1,ATLAS_SIG_B_TOP150,BRD-A02189320,met-leu-phe,trt_cp,-11.35884
ATLAS_SIG_B_TOP150,6a92f7a00262700013c4e5f1,ATLAS_SIG_B_TOP150,BRD-K34685430,methylergometrine,trt_cp,17.462566
ATLAS_SIG_B_TOP150,6a92f7a00262700013c4e5f1,ATLAS_SIG_B_TOP150,BRD-K35941380,methysergide,trt_cp,-10.147991
ATLAS_SIG_B_TOP150,6a92f7a00262700013c4e5f1,ATLAS_SIG_B_TOP150,BRD-A61793559,metolazone,trt_cp,-0.7751938
ATLAS_SIG_B_TOP150,6a92f7a00262700013c4e5f1,ATLAS_SIG_B_TOP150,BRD-A79981887,midodrine,trt_cp,-7.577555
ATLAS_SIG_B_TOP150,6a92f7a00262700013c4e5f1,ATLAS_SIG_B_TOP150,BRD-A48237631,mitomycin-c,trt_cp,-90.27484
ATLAS_SIG_B_TOP150,6a92f7a00262700013c4e5f1,ATLAS_SIG_B_TOP150,BRD-A31204924,mitotane,trt_cp,-6.7391787
ATLAS_SIG_B_TOP150,6a92f7a00262700013c4e5f1,ATLAS_SIG_B_TOP150,BRD-K19554809,MK-212,trt_cp,23.620235
ATLAS_SIG_B_TOP150,6a92f7a00262700013c4e5f1,ATLAS_SIG_B_TOP150,BRD-K68402494,ML-9,trt_cp,-3.9791877
ATLAS_SIG_B_TOP150,6a92f7a00262700013c4e5f1,ATLAS_SIG_B_TOP150,BRD-A06784547,MRS-1334,trt_cp,1.9737113
ATLAS_SIG_B_TOP150,6a92f7a00262700013c4e5f1,ATLAS_SIG_B_TOP150,BRD-K03319035,maprotiline,trt_cp,-1.6208597
ATLAS_SIG_B_TOP150,6a92f7a00262700013c4e5f1,ATLAS_SIG_B_TOP150,BRD-A66563878,medetomidine,trt_cp,48.590767
ATLAS_SIG_B_TOP150,6a92f7a00262700013c4e5f1,ATLAS_SIG_B_TOP150,BRD-K19507340,megestrol,trt_cp,-21.06377
ATLAS_SIG_B_TOP150,6a92f7a00262700013c4e5f1,ATLAS_SIG_B_TOP150,BRD-A42346008,metanephrine,trt_cp,-68.01175
ATLAS_SIG_B_TOP150,6a92f7a00262700013c4e5f1,ATLAS_SIG_B_TOP150,BRD-K88741031,"methyl-2,5-dihydroxycinnamate",trt_cp,-28.986156
ATLAS_SIG_B_TOP150,6a92f7a00262700013c4e5f1,ATLAS_SIG_B_TOP150,BRD-A33711280,metixene,trt_cp,0.0
ATLAS_SIG_B_TOP150,6a92f7a00262700013c4e5f1,ATLAS_SIG_B_TOP150,BRD-K46862739,metyrapone,trt_cp,-77.82456
ATLAS_SIG_B_TOP150,6a92f7a00262700013c4e5f1,ATLAS_SIG_B_TOP150,BRD-A64977602,mirtazapine,trt_cp,6.4018764
ATLAS_SIG_B_TOP150,6a92f7a00262700013c4e5f1,ATLAS_SIG_B_TOP150,BRD-K31542390,mycophenolic-acid,trt_cp,-0.3875969
ATLAS_SIG_B_TOP150,6a92f7a00262700013c4e5f1,ATLAS_SIG_B_TOP150,BRD-K51557114,BRD-K51557114,trt_cp,-31.666016
ATLAS_SIG_B_TOP150,6a92f7a00262700013c4e5f1,ATLAS_SIG_B_TOP150,BRD-K98297262,BRD-K98297262,trt_cp,10.172036
ATLAS_SIG_B_TOP150,6a92f7a00262700013c4e5f1,ATLAS_SIG_B_TOP150,BRD-A61470182,N-formylmethionylalanine,trt_cp,10.774214
ATLAS_SIG_B_TOP150,6a92f7a00262700013c4e5f1,ATLAS_SIG_B_TOP150,BRD-A85234536,N6-cyclopentyladenosine,trt_cp,-6.6190286
ATLAS_SIG_B_TOP150,6a92f7a00262700013c4e5f1,ATLAS_SIG_B_TOP150,BRD-K65146499,nabumetone,trt_cp,7.6570063
ATLAS_SIG_B_TOP150,6a92f7a00262700013c4e5f1,ATLAS_SIG_B_TOP150,BRD-A67862938,naftidrofuryl,trt_cp,-20.998476
ATLAS_SIG_B_TOP150,6a92f7a00262700013c4e5f1,ATLAS_SIG_B_TOP150,BRD-A66559694,naltrexone,trt_cp,-53.8453
ATLAS_SIG_B_TOP150,6a92f7a00262700013c4e5f1,ATLAS_SIG_B_TOP150,BRD-K34014345,naproxol,trt_cp,-6.9066243
ATLAS_SIG_B_TOP150,6a92f7a00262700013c4e5f1,ATLAS_SIG_B_TOP150,BRD-K47717570,NBQX,trt_cp,-17.20404
ATLAS_SIG_B_TOP150,6a92f7a00262700013c4e5f1,ATLAS_SIG_B_TOP150,BRD-A85025557,NCS-382,trt_cp,-8.409338
ATLAS_SIG_B_TOP150,6a92f7a00262700013c4e5f1,ATLAS_SIG_B_TOP150,BRD-K76810206,nicergoline,trt_cp,-34.18498
ATLAS_SIG_B_TOP150,6a92f7a00262700013c4e5f1,ATLAS_SIG_B_TOP150,BRD-K79092138,nitrofural,trt_cp,86.52485
ATLAS_SIG_B_TOP150,6a92f7a00262700013c4e5f1,ATLAS_SIG_B_TOP150,BRD-A09349126,norethindrone,trt_cp,14.968223
ATLAS_SIG_B_TOP150,6a92f7a00262700013c4e5f1,ATLAS_SIG_B_TOP150,BRD-A04756508,norgestimate,trt_cp,15.97827
ATLAS_SIG_B_TOP150,6a92f7a00262700013c4e5f1,ATLAS_SIG_B_TOP150,BRD-K54210043,NS-1619,trt_cp,-18.887526
ATLAS_SIG_B_TOP150,6a92f7a00262700013c4e5f1,ATLAS_SIG_B_TOP150,BRD-K59637651,NSC-119889,trt_cp,45.83288
ATLAS_SIG_B_TOP150,6a92f7a00262700013c4e5f1,ATLAS_SIG_B_TOP150,BRD-K03109492,NSC-663284,trt_cp,-28.849209
ATLAS_SIG_B_TOP150,6a92f7a00262700013c4e5f1,ATLAS_SIG_B_TOP150,BRD-K09537769,NU-7026,trt_cp,6.800564
ATLAS_SIG_B_TOP150,6a92f7a00262700013c4e5f1,ATLAS_SIG_B_TOP150,BRD-K50311478,tosyl-phenylalanyl-chloromethyl-ketone,trt_cp,-45.972115
ATLAS_SIG_B_TOP150,6a92f7a00262700013c4e5f1,ATLAS_SIG_B_TOP150,BRD-K66404838,nalbuphine,trt_cp,-0.5990134
ATLAS_SIG_B_TOP150,6a92f7a00262700013c4e5f1,ATLAS_SIG_B_TOP150,BRD-A37541666,naloxone,trt_cp,20.003086
ATLAS_SIG_B_TOP150,6a92f7a00262700013c4e5f1,ATLAS_SIG_B_TOP150,BRD-A83855350,naltrexone,trt_cp,-76.01295
ATLAS_SIG_B_TOP150,6a92f7a00262700013c4e5f1,ATLAS_SIG_B_TOP150,BRD-A94669766,naringenin,trt_cp,19.1946
ATLAS_SIG_B_TOP150,6a92f7a00262700013c4e5f1,ATLAS_SIG_B_TOP150,BRD-K02953697,naringin,trt_cp,-25.480282
ATLAS_SIG_B_TOP150,6a92f7a00262700013c4e5f1,ATLAS_SIG_B_TOP150,BRD-K53123955,niridazole,trt_cp,-2.3608174
ATLAS_SIG_B_TOP150,6a92f7a00262700013c4e5f1,ATLAS_SIG_B_TOP150,BRD-K78485176,olmesartan-medoxomil,trt_cp,31.140839
ATLAS_SIG_B_TOP150,6a92f7a00262700013c4e5f1,ATLAS_SIG_B_TOP150,BRD-A68930007,ouabain,trt_cp,0.0
ATLAS_SIG_B_TOP150,6a92f7a00262700013c4e5f1,ATLAS_SIG_B_TOP150,BRD-K66019333,oxantel,trt_cp,-22.064173
ATLAS_SIG_B_TOP150,6a92f7a00262700013c4e5f1,ATLAS_SIG_B_TOP150,BRD-K25394294,oxaprozin,trt_cp,2.501762
ATLAS_SIG_B_TOP150,6a92f7a00262700013c4e5f1,ATLAS_SIG_B_TOP150,BRD-K52075715,oxibendazole,trt_cp,41.856216
ATLAS_SIG_B_TOP150,6a92f7a00262700013c4e5f1,ATLAS_SIG_B_TOP150,BRD-K21936341,oxotremorine-sesquifumarate,trt_cp,5.16508
ATLAS_SIG_B_TOP150,6a92f7a00262700013c4e5f1,ATLAS_SIG_B_TOP150,BRD-K31987754,oleylethanolamide,trt_cp,14.602722
ATLAS_SIG_B_TOP150,6a92f7a00262700013c4e5f1,ATLAS_SIG_B_TOP150,BRD-A46747628,ouabain,trt_cp,19.430412
ATLAS_SIG_B_TOP150,6a92f7a00262700013c4e5f1,ATLAS_SIG_B_TOP150,BRD-A43671941,oxprenolol,trt_cp,-18.1259
ATLAS_SIG_B_TOP150,6a92f7a00262700013c4e5f1,ATLAS_SIG_B_TOP150,BRD-K53061490,ozagrel,trt_cp,-26.293758
ATLAS_SIG_B_TOP150,6a92f7a00262700013c4e5f1,ATLAS_SIG_B_TOP150,BRD-A28746609,paclitaxel,trt_cp,55.251007
ATLAS_SIG_B_TOP150,6a92f7a00262700013c4e5f1,ATLAS_SIG_B_TOP150,BRD-K48735772,PD-158780,trt_cp,-72.68061
ATLAS_SIG_B_TOP150,6a92f7a00262700013c4e5f1,ATLAS_SIG_B_TOP150,BRD-A43150328,penicillic-acid,trt_cp,0.0
ATLAS_SIG_B_TOP150,6a92f7a00262700013c4e5f1,ATLAS_SIG_B_TOP150,BRD-K55191674,benzylpenicillin,trt_cp,13.714516
ATLAS_SIG_B_TOP150,6a92f7a00262700013c4e5f1,ATLAS_SIG_B_TOP150,BRD-K03842655,penitrem-a,trt_cp,0.9161381
ATLAS_SIG_B_TOP150,6a92f7a00262700013c4e5f1,ATLAS_SIG_B_TOP150,BRD-A44448661,pentobarbital,trt_cp,5.573604
ATLAS_SIG_B_TOP150,6a92f7a00262700013c4e5f1,ATLAS_SIG_B_TOP150,BRD-K60770992,pergolide,trt_cp,5.2041225
ATLAS_SIG_B_TOP150,6a92f7a00262700013c4e5f1,ATLAS_SIG_B_TOP150,BRD-K92731339,perindopril,trt_cp,-31.557276
ATLAS_SIG_B_TOP150,6a92f7a00262700013c4e5f1,ATLAS_SIG_B_TOP150,BRD-A45333398,periplocymarin,trt_cp,3.3550084
ATLAS_SIG_B_TOP150,6a92f7a00262700013c4e5f1,ATLAS_SIG_B_TOP150,BRD-A93477898,PETCM,trt_cp,1.486616
ATLAS_SIG_B_TOP150,6a92f7a00262700013c4e5f1,ATLAS_SIG_B_TOP150,BRD-A48257147,PHCCC,trt_cp,35.563725
ATLAS_SIG_B_TOP150,6a92f7a00262700013c4e5f1,ATLAS_SIG_B_TOP150,BRD-K38323065,phenacetin,trt_cp,-9.307935
ATLAS_SIG_B_TOP150,6a92f7a00262700013c4e5f1,ATLAS_SIG_B_TOP150,BRD-K21350491,phenamil,trt_cp,0.0
ATLAS_SIG_B_TOP150,6a92f7a00262700013c4e5f1,ATLAS_SIG_B_TOP150,BRD-K19227686,phenolphthalein,trt_cp,39.703682
ATLAS_SIG_B_TOP150,6a92f7a00262700013c4e5f1,ATLAS_SIG_B_TOP150,BRD-K96319534,phentermine,trt_cp,4.845601
ATLAS_SIG_B_TOP150,6a92f7a00262700013c4e5f1,ATLAS_SIG_B_TOP150,BRD-K25650355,physostigmine,trt_cp,-41.340645
ATLAS_SIG_B_TOP150,6a92f7a00262700013c4e5f1,ATLAS_SIG_B_TOP150,BRD-K14536225,piceid,trt_cp,24.655449
ATLAS_SIG_B_TOP150,6a92f7a00262700013c4e5f1,ATLAS_SIG_B_TOP150,BRD-K26801045,pipamperone,trt_cp,67.01099
ATLAS_SIG_B_TOP150,6a92f7a00262700013c4e5f1,ATLAS_SIG_B_TOP150,BRD-A97479839,piperidolate,trt_cp,-12.989431
ATLAS_SIG_B_TOP150,6a92f7a00262700013c4e5f1,ATLAS_SIG_B_TOP150,BRD-K59522102,piperine,trt_cp,13.33863
ATLAS_SIG_B_TOP150,6a92f7a00262700013c4e5f1,ATLAS_SIG_B_TOP150,BRD-K24132293,piperlongumine,trt_cp,2.5369978
ATLAS_SIG_B_TOP150,6a92f7a00262700013c4e5f1,ATLAS_SIG_B_TOP150,BRD-K25224017,pirenperone,trt_cp,3.3474278
ATLAS_SIG_B_TOP150,6a92f7a00262700013c4e5f1,ATLAS_SIG_B_TOP150,BRD-A57382968,piroxicam,trt_cp,-9.739006
ATLAS_SIG_B_TOP150,6a92f7a00262700013c4e5f1,ATLAS_SIG_B_TOP150,BRD-K75958195,pizotifen,trt_cp,61.2168
ATLAS_SIG_B_TOP150,6a92f7a00262700013c4e5f1,ATLAS_SIG_B_TOP150,BRD-K57304726,PRE-084,trt_cp,-19.416977
ATLAS_SIG_B_TOP150,6a92f7a00262700013c4e5f1,ATLAS_SIG_B_TOP150,BRD-A27887842,prednisolone,trt_cp,-10.235664
ATLAS_SIG_B_TOP150,6a92f7a00262700013c4e5f1,ATLAS_SIG_B_TOP150,BRD-A01643550,prednisolone-acetate,trt_cp,8.469791
ATLAS_SIG_B_TOP150,6a92f7a00262700013c4e5f1,ATLAS_SIG_B_TOP150,BRD-A78391468,prednisolone-hemisuccinate,trt_cp,-46.899296
ATLAS_SIG_B_TOP150,6a92f7a00262700013c4e5f1,ATLAS_SIG_B_TOP150,BRD-A62525898,prednisone,trt_cp,5.9828763
ATLAS_SIG_B_TOP150,6a92f7a00262700013c4e5f1,ATLAS_SIG_B_TOP150,BRD-A35912562,pregnenolone-succinate,trt_cp,18.734486
ATLAS_SIG_B_TOP150,6a92f7a00262700013c4e5f1,ATLAS_SIG_B_TOP150,BRD-A55913614,primaquine,trt_cp,30.321348
ATLAS_SIG_B_TOP150,6a92f7a00262700013c4e5f1,ATLAS_SIG_B_TOP150,BRD-K46317332,proadifen,trt_cp,-5.56356
ATLAS_SIG_B_TOP150,6a92f7a00262700013c4e5f1,ATLAS_SIG_B_TOP150,BRD-K19352500,prochlorperazine,trt_cp,17.015745
ATLAS_SIG_B_TOP150,6a92f7a00262700013c4e5f1,ATLAS_SIG_B_TOP150,BRD-A67479912,progesterone,trt_cp,4.5847845
ATLAS_SIG_B_TOP150,6a92f7a00262700013c4e5f1,ATLAS_SIG_B_TOP150,BRD-K06980535,promazine,trt_cp,3.6737003
ATLAS_SIG_B_TOP150,6a92f7a00262700013c4e5f1,ATLAS_SIG_B_TOP150,BRD-K59273480,propentofylline,trt_cp,0.66948557
ATLAS_SIG_B_TOP150,6a92f7a00262700013c4e5f1,ATLAS_SIG_B_TOP150,BRD-K42098891,protriptyline,trt_cp,-3.8407328
ATLAS_SIG_B_TOP150,6a92f7a00262700013c4e5f1,ATLAS_SIG_B_TOP150,BRD-K71266197,PSB-06126,trt_cp,13.319239
ATLAS_SIG_B_TOP150,6a92f7a00262700013c4e5f1,ATLAS_SIG_B_TOP150,BRD-K79366068,PSB-069,trt_cp,25.371883
ATLAS_SIG_B_TOP150,6a92f7a00262700013c4e5f1,ATLAS_SIG_B_TOP150,BRD-K49027941,PSB-1115,trt_cp,-20.696781
ATLAS_SIG_B_TOP150,6a92f7a00262700013c4e5f1,ATLAS_SIG_B_TOP150,BRD-K38251852,paxilline,trt_cp,16.18848
ATLAS_SIG_B_TOP150,6a92f7a00262700013c4e5f1,ATLAS_SIG_B_TOP150,BRD-K96799727,pifithrin-mu,trt_cp,53.005363
ATLAS_SIG_B_TOP150,6a92f7a00262700013c4e5f1,ATLAS_SIG_B_TOP150,BRD-K47936004,piribedil,trt_cp,29.173136
ATLAS_SIG_B_TOP150,6a92f7a00262700013c4e5f1,ATLAS_SIG_B_TOP150,BRD-A54490543,pirlindole,trt_cp,-2.2018385
ATLAS_SIG_B_TOP150,6a92f7a00262700013c4e5f1,ATLAS_SIG_B_TOP150,BRD-K67100011,pivmecillinam,trt_cp,14.486671
ATLAS_SIG_B_TOP150,6a92f7a00262700013c4e5f1,ATLAS_SIG_B_TOP150,BRD-A41304429,practolol,trt_cp,-3.5244172
ATLAS_SIG_B_TOP150,6a92f7a00262700013c4e5f1,ATLAS_SIG_B_TOP150,BRD-K46137903,prednicarbate,trt_cp,-5.04175
ATLAS_SIG_B_TOP150,6a92f7a00262700013c4e5f1,ATLAS_SIG_B_TOP150,BRD-A34806832,proscillaridin,trt_cp,0.0
ATLAS_SIG_B_TOP150,6a92f7a00262700013c4e5f1,ATLAS_SIG_B_TOP150,BRD-K02581333,protein-tyrosine-phosphatase-inhibitor-IV,trt_cp,-45.259373
ATLAS_SIG_B_TOP150,6a92f7a00262700013c4e5f1,ATLAS_SIG_B_TOP150,BRD-K83302049,protopine,trt_cp,7.0506535
ATLAS_SIG_B_TOP150,6a92f7a00262700013c4e5f1,ATLAS_SIG_B_TOP150,BRD-K50836978,purvalanol-a,trt_cp,-8.572708
ATLAS_SIG_B_TOP150,6a92f7a00262700013c4e5f1,ATLAS_SIG_B_TOP150,BRD-K41564320,purvalanol-b,trt_cp,61.35643
ATLAS_SIG_B_TOP150,6a92f7a00262700013c4e5f1,ATLAS_SIG_B_TOP150,BRD-K68867920,quetiapine,trt_cp,-15.8738785
ATLAS_SIG_B_TOP150,6a92f7a00262700013c4e5f1,ATLAS_SIG_B_TOP150,BRD-K72222507,quinapril,trt_cp,-11.448687
ATLAS_SIG_B_TOP150,6a92f7a00262700013c4e5f1,ATLAS_SIG_B_TOP150,BRD-K40782193,QX-222,trt_cp,-63.14115
ATLAS_SIG_B_TOP150,6a92f7a00262700013c4e5f1,ATLAS_SIG_B_TOP150,BRD-K54665485,R-59022,trt_cp,5.992589
ATLAS_SIG_B_TOP150,6a92f7a00262700013c4e5f1,ATLAS_SIG_B_TOP150,BRD-K16604360,BRD-K16604360,trt_cp,-16.837446
ATLAS_SIG_B_TOP150,6a92f7a00262700013c4e5f1,ATLAS_SIG_B_TOP150,BRD-K13544237,r(-)-propylnorapomorphine,trt_cp,23.23481
ATLAS_SIG_B_TOP150,6a92f7a00262700013c4e5f1,ATLAS_SIG_B_TOP150,BRD-A54236247,ephedrine-(racemic),trt_cp,-6.3181486
ATLAS_SIG_B_TOP150,6a92f7a00262700013c4e5f1,ATLAS_SIG_B_TOP150,BRD-K85603128,resorcinol,trt_cp,-70.198425
ATLAS_SIG_B_TOP150,6a92f7a00262700013c4e5f1,ATLAS_SIG_B_TOP150,BRD-K37206356,rhamnetin,trt_cp,52.157814
ATLAS_SIG_B_TOP150,6a92f7a00262700013c4e5f1,ATLAS_SIG_B_TOP150,BRD-K10098805,rhapontin,trt_cp,-19.577702
ATLAS_SIG_B_TOP150,6a92f7a00262700013c4e5f1,ATLAS_SIG_B_TOP150,BRD-K13725475,rhodomyrtoxin,trt_cp,-53.618755
ATLAS_SIG_B_TOP150,6a92f7a00262700013c4e5f1,ATLAS_SIG_B_TOP150,BRD-A08003242,rhodomyrtoxin-b,trt_cp,30.115345
ATLAS_SIG_B_TOP150,6a92f7a00262700013c4e5f1,ATLAS_SIG_B_TOP150,BRD-K40887525,ritanserin,trt_cp,-8.80945
ATLAS_SIG_B_TOP150,6a92f7a00262700013c4e5f1,ATLAS_SIG_B_TOP150,BRD-K75699339,rizatriptan,trt_cp,-9.935852
ATLAS_SIG_B_TOP150,6a92f7a00262700013c4e5f1,ATLAS_SIG_B_TOP150,BRD-A77349281,RK-682,trt_cp,-54.574436
ATLAS_SIG_B_TOP150,6a92f7a00262700013c4e5f1,ATLAS_SIG_B_TOP150,BRD-K43796186,benzyl-quinazolin-4-yl-amine,trt_cp,-26.949821
ATLAS_SIG_B_TOP150,6a92f7a00262700013c4e5f1,ATLAS_SIG_B_TOP150,BRD-K43290182,Ro-04-6790,trt_cp,15.398993
ATLAS_SIG_B_TOP150,6a92f7a00262700013c4e5f1,ATLAS_SIG_B_TOP150,BRD-K54411430,robustic-acid,trt_cp,8.967132
ATLAS_SIG_B_TOP150,6a92f7a00262700013c4e5f1,ATLAS_SIG_B_TOP150,BRD-K21733600,rofecoxib,trt_cp,-0.66948557
ATLAS_SIG_B_TOP150,6a92f7a00262700013c4e5f1,ATLAS_SIG_B_TOP150,BRD-A34255068,rolipram,trt_cp,4.40451
ATLAS_SIG_B_TOP150,6a92f7a00262700013c4e5f1,ATLAS_SIG_B_TOP150,BRD-K82941592,rosuvastatin,trt_cp,-0.95137423
ATLAS_SIG_B_TOP150,6a92f7a00262700013c4e5f1,ATLAS_SIG_B_TOP150,BRD-K83063356,RS-102895,trt_cp,-8.597604
ATLAS_SIG_B_TOP150,6a92f7a00262700013c4e5f1,ATLAS_SIG_B_TOP150,BRD-K20742498,RS-39604,trt_cp,9.818887
ATLAS_SIG_B_TOP150,6a92f7a00262700013c4e5f1,ATLAS_SIG_B_TOP150,BRD-A65597028,RX-821002,trt_cp,-34.73388
ATLAS_SIG_B_TOP150,6a92f7a00262700013c4e5f1,ATLAS_SIG_B_TOP150,BRD-K07859598,GW-5074,trt_cp,-25.599953
ATLAS_SIG_B_TOP150,6a92f7a00262700013c4e5f1,ATLAS_SIG_B_TOP150,BRD-K82846253,repaglinide,trt_cp,-64.0328
ATLAS_SIG_B_TOP150,6a92f7a00262700013c4e5f1,ATLAS_SIG_B_TOP150,BRD-A71765365,mepireserpate,trt_cp,-9.014459
ATLAS_SIG_B_TOP150,6a92f7a00262700013c4e5f1,ATLAS_SIG_B_TOP150,BRD-A83431637,resmethrin,trt_cp,2.8893588
ATLAS_SIG_B_TOP150,6a92f7a00262700013c4e5f1,ATLAS_SIG_B_TOP150,BRD-K42142750,retrorsine,trt_cp,0.7751938
ATLAS_SIG_B_TOP150,6a92f7a00262700013c4e5f1,ATLAS_SIG_B_TOP150,BRD-K46678324,RHO-kinase-inhibitor-II,trt_cp,8.98619
ATLAS_SIG_B_TOP150,6a92f7a00262700013c4e5f1,ATLAS_SIG_B_TOP150,BRD-K92760278,riboflavin,trt_cp,35.48153
ATLAS_SIG_B_TOP150,6a92f7a00262700013c4e5f1,ATLAS_SIG_B_TOP150,BRD-K82561139,ricinine,trt_cp,65.53657
ATLAS_SIG_B_TOP150,6a92f7a00262700013c4e5f1,ATLAS_SIG_B_TOP150,BRD-K51465424,ritodrine,trt_cp,17.240185
ATLAS_SIG_B_TOP150,6a92f7a00262700013c4e5f1,ATLAS_SIG_B_TOP150,BRD-K51541829,Ro-25-6981,trt_cp,9.071819
ATLAS_SIG_B_TOP150,6a92f7a00262700013c4e5f1,ATLAS_SIG_B_TOP150,BRD-K06543683,bisindolylmaleimide-ix,trt_cp,45.18746
ATLAS_SIG_B_TOP150,6a92f7a00262700013c4e5f1,ATLAS_SIG_B_TOP150,BRD-K58299615,Ro-90-7501,trt_cp,20.168285
ATLAS_SIG_B_TOP150,6a92f7a00262700013c4e5f1,ATLAS_SIG_B_TOP150,BRD-K39256324,rottlerin,trt_cp,-5.517729
ATLAS_SIG_B_TOP150,6a92f7a00262700013c4e5f1,ATLAS_SIG_B_TOP150,BRD-K46766488,S-14506,trt_cp,-38.57939
ATLAS_SIG_B_TOP150,6a92f7a00262700013c4e5f1,ATLAS_SIG_B_TOP150,BRD-K64614248,salicin,trt_cp,-6.9479933
ATLAS_SIG_B_TOP150,6a92f7a00262700013c4e5f1,ATLAS_SIG_B_TOP150,BRD-K03557653,sappanone-a,trt_cp,-2.501762
ATLAS_SIG_B_TOP150,6a92f7a00262700013c4e5f1,ATLAS_SIG_B_TOP150,BRD-K36395411,SB-206553,trt_cp,13.399918
ATLAS_SIG_B_TOP150,6a92f7a00262700013c4e5f1,ATLAS_SIG_B_TOP150,BRD-K30867024,SB-216641,trt_cp,-0.95137423
ATLAS_SIG_B_TOP150,6a92f7a00262700013c4e5f1,ATLAS_SIG_B_TOP150,BRD-A06352508,SB-218078,trt_cp,-92.21864
ATLAS_SIG_B_TOP150,6a92f7a00262700013c4e5f1,ATLAS_SIG_B_TOP150,BRD-K80639402,SB-258585,trt_cp,51.905678
ATLAS_SIG_B_TOP150,6a92f7a00262700013c4e5f1,ATLAS_SIG_B_TOP150,BRD-K52512893,SC-19220,trt_cp,-27.02893
ATLAS_SIG_B_TOP150,6a92f7a00262700013c4e5f1,ATLAS_SIG_B_TOP150,BRD-A92161634,scopoline,trt_cp,5.5198593
ATLAS_SIG_B_TOP150,6a92f7a00262700013c4e5f1,ATLAS_SIG_B_TOP150,BRD-K91904471,SD-169,trt_cp,10.35578
ATLAS_SIG_B_TOP150,6a92f7a00262700013c4e5f1,ATLAS_SIG_B_TOP150,BRD-A58564983,selamectin,trt_cp,32.699722
ATLAS_SIG_B_TOP150,6a92f7a00262700013c4e5f1,ATLAS_SIG_B_TOP150,BRD-K82036761,sertraline,trt_cp,50.49288
ATLAS_SIG_B_TOP150,6a92f7a00262700013c4e5f1,ATLAS_SIG_B_TOP150,BRD-K67439147,SIB-1893,trt_cp,-41.334583
ATLAS_SIG_B_TOP150,6a92f7a00262700013c4e5f1,ATLAS_SIG_B_TOP150,BRD-K79759585,sildenafil,trt_cp,-41.7917
ATLAS_SIG_B_TOP150,6a92f7a00262700013c4e5f1,ATLAS_SIG_B_TOP150,BRD-K22134346,simvastatin,trt_cp,12.283853
ATLAS_SIG_B_TOP150,6a92f7a00262700013c4e5f1,ATLAS_SIG_B_TOP150,BRD-A52588987,SKF-83566,trt_cp,3.875969
ATLAS_SIG_B_TOP150,6a92f7a00262700013c4e5f1,ATLAS_SIG_B_TOP150,BRD-A72703248,SKF-96365,trt_cp,6.9599085
ATLAS_SIG_B_TOP150,6a92f7a00262700013c4e5f1,ATLAS_SIG_B_TOP150,BRD-A64125466,dehydrocholate,trt_cp,24.145565
ATLAS_SIG_B_TOP150,6a92f7a00262700013c4e5f1,ATLAS_SIG_B_TOP150,BRD-A54596827,solifenacin,trt_cp,26.137053
ATLAS_SIG_B_TOP150,6a92f7a00262700013c4e5f1,ATLAS_SIG_B_TOP150,BRD-K55468218,spiperone,trt_cp,-9.332719
ATLAS_SIG_B_TOP150,6a92f7a00262700013c4e5f1,ATLAS_SIG_B_TOP150,BRD-A91866971,SQ-29548,trt_cp,7.143198
ATLAS_SIG_B_TOP150,6a92f7a00262700013c4e5f1,ATLAS_SIG_B_TOP150,BRD-A72066420,mifobate,trt_cp,10.861681
ATLAS_SIG_B_TOP150,6a92f7a00262700013c4e5f1,ATLAS_SIG_B_TOP150,BRD-K79905821,gabazine,trt_cp,7.82241
ATLAS_SIG_B_TOP150,6a92f7a00262700013c4e5f1,ATLAS_SIG_B_TOP150,BRD-K51476772,ST-638,trt_cp,16.033287
ATLAS_SIG_B_TOP150,6a92f7a00262700013c4e5f1,ATLAS_SIG_B_TOP150,BRD-K99595596,salsolinol,trt_cp,-2.7484143
ATLAS_SIG_B_TOP150,6a92f7a00262700013c4e5f1,ATLAS_SIG_B_TOP150,BRD-A77299732,salubrinal,trt_cp,-13.145877
ATLAS_SIG_B_TOP150,6a92f7a00262700013c4e5f1,ATLAS_SIG_B_TOP150,BRD-A81772229,simvastatin,trt_cp,21.074911
ATLAS_SIG_B_TOP150,6a92f7a00262700013c4e5f1,ATLAS_SIG_B_TOP150,BRD-A33168282,sotalol,trt_cp,-3.2841856
ATLAS_SIG_B_TOP150,6a92f7a00262700013c4e5f1,ATLAS_SIG_B_TOP150,BRD-A72483914,spiroxatrine,trt_cp,-16.937197
ATLAS_SIG_B_TOP150,6a92f7a00262700013c4e5f1,ATLAS_SIG_B_TOP150,BRD-K27710560,splitomycin,trt_cp,-10.855337
ATLAS_SIG_B_TOP150,6a92f7a00262700013c4e5f1,ATLAS_SIG_B_TOP150,BRD-K50495309,SRC-kinase-inhibitor-I,trt_cp,8.854163
ATLAS_SIG_B_TOP150,6a92f7a00262700013c4e5f1,ATLAS_SIG_B_TOP150,BRD-K42635745,suloctidil,trt_cp,5.230939
ATLAS_SIG_B_TOP150,6a92f7a00262700013c4e5f1,ATLAS_SIG_B_TOP150,BRD-K69608737,tacrolimus,trt_cp,13.785427
ATLAS_SIG_B_TOP150,6a92f7a00262700013c4e5f1,ATLAS_SIG_B_TOP150,BRD-K93645900,tadalafil,trt_cp,32.108902
ATLAS_SIG_B_TOP150,6a92f7a00262700013c4e5f1,ATLAS_SIG_B_TOP150,BRD-K55454768,TAS-301,trt_cp,-7.4273167
ATLAS_SIG_B_TOP150,6a92f7a00262700013c4e5f1,ATLAS_SIG_B_TOP150,BRD-K81376179,TCS-359,trt_cp,-9.784957
ATLAS_SIG_B_TOP150,6a92f7a00262700013c4e5f1,ATLAS_SIG_B_TOP150,BRD-K34820100,tebuthiuron,trt_cp,29.031998
ATLAS_SIG_B_TOP150,6a92f7a00262700013c4e5f1,ATLAS_SIG_B_TOP150,BRD-A22844106,tenoxicam,trt_cp,-19.377579
ATLAS_SIG_B_TOP150,6a92f7a00262700013c4e5f1,ATLAS_SIG_B_TOP150,BRD-A06352418,terfenadine,trt_cp,35.600143
ATLAS_SIG_B_TOP150,6a92f7a00262700013c4e5f1,ATLAS_SIG_B_TOP150,BRD-A42831637,tetrahydrocannabinol-7-oic-acid,trt_cp,8.74241
ATLAS_SIG_B_TOP150,6a92f7a00262700013c4e5f1,ATLAS_SIG_B_TOP150,BRD-A43940795,tetrahydropalmatine,trt_cp,7.1097484
ATLAS_SIG_B_TOP150,6a92f7a00262700013c4e5f1,ATLAS_SIG_B_TOP150,BRD-A28856712,tetrahydrozoline,trt_cp,-24.070486
ATLAS_SIG_B_TOP150,6a92f7a00262700013c4e5f1,ATLAS_SIG_B_TOP150,BRD-K69023402,thapsigargin,trt_cp,1.857027
ATLAS_SIG_B_TOP150,6a92f7a00262700013c4e5f1,ATLAS_SIG_B_TOP150,BRD-K09631521,thiotepa,trt_cp,2.60747
ATLAS_SIG_B_TOP150,6a92f7a00262700013c4e5f1,ATLAS_SIG_B_TOP150,BRD-K00603606,ticlopidine,trt_cp,55.432835
ATLAS_SIG_B_TOP150,6a92f7a00262700013c4e5f1,ATLAS_SIG_B_TOP150,BRD-K82562631,tolmetin,trt_cp,-2.7131784
ATLAS_SIG_B_TOP150,6a92f7a00262700013c4e5f1,ATLAS_SIG_B_TOP150,BRD-K64514229,toltrazuril,trt_cp,-23.031767
ATLAS_SIG_B_TOP150,6a92f7a00262700013c4e5f1,ATLAS_SIG_B_TOP150,BRD-K51350053,toremifene,trt_cp,6.9335003
ATLAS_SIG_B_TOP150,6a92f7a00262700013c4e5f1,ATLAS_SIG_B_TOP150,BRD-A43974575,tranylcypromine,trt_cp,1.8322762
ATLAS_SIG_B_TOP150,6a92f7a00262700013c4e5f1,ATLAS_SIG_B_TOP150,BRD-K70778732,trazodone,trt_cp,-33.449554
ATLAS_SIG_B_TOP150,6a92f7a00262700013c4e5f1,ATLAS_SIG_B_TOP150,BRD-A37780065,triamcinolone,trt_cp,-34.330254
ATLAS_SIG_B_TOP150,6a92f7a00262700013c4e5f1,ATLAS_SIG_B_TOP150,BRD-A92439610,triamcinolone-acetonide,trt_cp,-4.298802
ATLAS_SIG_B_TOP150,6a92f7a00262700013c4e5f1,ATLAS_SIG_B_TOP150,BRD-K80431395,triciribine,trt_cp,-4.897815
ATLAS_SIG_B_TOP150,6a92f7a00262700013c4e5f1,ATLAS_SIG_B_TOP150,BRD-A49225603,alimemazine,trt_cp,43.087605
ATLAS_SIG_B_TOP150,6a92f7a00262700013c4e5f1,ATLAS_SIG_B_TOP150,BRD-K53220666,trimetozine,trt_cp,10.595135
ATLAS_SIG_B_TOP150,6a92f7a00262700013c4e5f1,ATLAS_SIG_B_TOP150,BRD-A10303790,talampicillin,trt_cp,-23.00366
ATLAS_SIG_B_TOP150,6a92f7a00262700013c4e5f1,ATLAS_SIG_B_TOP150,BRD-K04210847,tamoxifen,trt_cp,3.7350247
ATLAS_SIG_B_TOP150,6a92f7a00262700013c4e5f1,ATLAS_SIG_B_TOP150,BRD-K95739795,tetrabenazine,trt_cp,-19.934326
ATLAS_SIG_B_TOP150,6a92f7a00262700013c4e5f1,ATLAS_SIG_B_TOP150,BRD-A52660433,tetrindole,trt_cp,68.93288
ATLAS_SIG_B_TOP150,6a92f7a00262700013c4e5f1,ATLAS_SIG_B_TOP150,BRD-K69600043,thiethylperazine,trt_cp,60.67911
ATLAS_SIG_B_TOP150,6a92f7a00262700013c4e5f1,ATLAS_SIG_B_TOP150,BRD-A56012032,thiorphan,trt_cp,10.709205
ATLAS_SIG_B_TOP150,6a92f7a00262700013c4e5f1,ATLAS_SIG_B_TOP150,BRD-A53077924,tianeptine,trt_cp,65.44693
ATLAS_SIG_B_TOP150,6a92f7a00262700013c4e5f1,ATLAS_SIG_B_TOP150,BRD-A72988804,tiaprofenic-acid,trt_cp,36.625763
ATLAS_SIG_B_TOP150,6a92f7a00262700013c4e5f1,ATLAS_SIG_B_TOP150,BRD-K30480208,torasemide,trt_cp,1.3742071
ATLAS_SIG_B_TOP150,6a92f7a00262700013c4e5f1,ATLAS_SIG_B_TOP150,BRD-K84663978,trequinsin,trt_cp,-5.118864
ATLAS_SIG_B_TOP150,6a92f7a00262700013c4e5f1,ATLAS_SIG_B_TOP150,BRD-A60294240,tribenoside,trt_cp,18.722786
ATLAS_SIG_B_TOP150,6a92f7a00262700013c4e5f1,ATLAS_SIG_B_TOP150,BRD-A79226577,tropisetron,trt_cp,14.39794
ATLAS_SIG_B_TOP150,6a92f7a00262700013c4e5f1,ATLAS_SIG_B_TOP150,BRD-K20995441,U-54494A,trt_cp,1.8371845
ATLAS_SIG_B_TOP150,6a92f7a00262700013c4e5f1,ATLAS_SIG_B_TOP150,BRD-K51018020,VAMA-37,trt_cp,26.542694
ATLAS_SIG_B_TOP150,6a92f7a00262700013c4e5f1,ATLAS_SIG_B_TOP150,BRD-K95655893,MAZ-51,trt_cp,28.259035
ATLAS_SIG_B_TOP150,6a92f7a00262700013c4e5f1,ATLAS_SIG_B_TOP150,BRD-M45964048,verteporfin,trt_cp,14.410336
ATLAS_SIG_B_TOP150,6a92f7a00262700013c4e5f1,ATLAS_SIG_B_TOP150,BRD-K41868777,W-5,trt_cp,11.580974
ATLAS_SIG_B_TOP150,6a92f7a00262700013c4e5f1,ATLAS_SIG_B_TOP150,BRD-A62021152,WAY-161503,trt_cp,27.131733
ATLAS_SIG_B_TOP150,6a92f7a00262700013c4e5f1,ATLAS_SIG_B_TOP150,BRD-K55430733,WAY-629,trt_cp,-58.294052
ATLAS_SIG_B_TOP150,6a92f7a00262700013c4e5f1,ATLAS_SIG_B_TOP150,BRD-A11678676,wortmannin,trt_cp,17.472982
ATLAS_SIG_B_TOP150,6a92f7a00262700013c4e5f1,ATLAS_SIG_B_TOP150,BRD-K42748308,XE-991,trt_cp,86.82207
ATLAS_SIG_B_TOP150,6a92f7a00262700013c4e5f1,ATLAS_SIG_B_TOP150,BRD-K42679050,Y-27152,trt_cp,9.35172
ATLAS_SIG_B_TOP150,6a92f7a00262700013c4e5f1,ATLAS_SIG_B_TOP150,BRD-K44084986,Y-27632,trt_cp,-7.3534327
ATLAS_SIG_B_TOP150,6a92f7a00262700013c4e5f1,ATLAS_SIG_B_TOP150,BRD-K48059230,YM-298198,trt_cp,-13.347243
ATLAS_SIG_B_TOP150,6a92f7a00262700013c4e5f1,ATLAS_SIG_B_TOP150,BRD-K06712146,YM-90709,trt_cp,5.7749863
ATLAS_SIG_B_TOP150,6a92f7a00262700013c4e5f1,ATLAS_SIG_B_TOP150,BRD-A87445400,yohimbine,trt_cp,-0.7751938
ATLAS_SIG_B_TOP150,6a92f7a00262700013c4e5f1,ATLAS_SIG_B_TOP150,BRD-K35586044,yohimbine,trt_cp,-55.19639
ATLAS_SIG_B_TOP150,6a92f7a00262700013c4e5f1,ATLAS_SIG_B_TOP150,BRD-K45296539,ZD-7114,trt_cp,7.053278
ATLAS_SIG_B_TOP150,6a92f7a00262700013c4e5f1,ATLAS_SIG_B_TOP150,BRD-K56403959,ZK-756326,trt_cp,54.534687
ATLAS_SIG_B_TOP150,6a92f7a00262700013c4e5f1,ATLAS_SIG_B_TOP150,BRD-K40624912,ZM-39923,trt_cp,-1.1980268
ATLAS_SIG_B_TOP150,6a92f7a00262700013c4e5f1,ATLAS_SIG_B_TOP150,BRD-K66353228,zoxazolamine,trt_cp,7.551014
ATLAS_SIG_B_TOP150,6a92f7a00262700013c4e5f1,ATLAS_SIG_B_TOP150,BRD-A65615053,zacopride,trt_cp,-37.04361
ATLAS_SIG_B_TOP150,6a92f7a00262700013c4e5f1,ATLAS_SIG_B_TOP150,BRD-K80451230,zamifenacin,trt_cp,-33.45562
ATLAS_SIG_B_TOP150,6a92f7a00262700013c4e5f1,ATLAS_SIG_B_TOP150,BRD-K48300629,zonisamide,trt_cp,-51.886986
ATLAS_SIG_B_TOP150,6a92f7a00262700013c4e5f1,ATLAS_SIG_B_TOP150,BRD-K17110974,aristolochic-acid,trt_cp,-7.371377
ATLAS_SIG_B_TOP150,6a92f7a00262700013c4e5f1,ATLAS_SIG_B_TOP150,BRD-A78360835,cercosporin,trt_cp,-21.199854
ATLAS_SIG_B_TOP150,6a92f7a00262700013c4e5f1,ATLAS_SIG_B_TOP150,BRD-A39268308,epibatidine,trt_cp,-39.197807
ATLAS_SIG_B_TOP150,6a92f7a00262700013c4e5f1,ATLAS_SIG_B_TOP150,BRD-K25836724,epitestosterone,trt_cp,65.65698
ATLAS_SIG_B_TOP150,6a92f7a00262700013c4e5f1,ATLAS_SIG_B_TOP150,BRD-K77830450,forskolin,trt_cp,20.938223
ATLAS_SIG_B_TOP150,6a92f7a00262700013c4e5f1,ATLAS_SIG_B_TOP150,BRD-A90490067,fulvestrant,trt_cp,0.63424945
ATLAS_SIG_B_TOP150,6a92f7a00262700013c4e5f1,ATLAS_SIG_B_TOP150,BRD-K78599730,manumycin-a,trt_cp,31.520851
ATLAS_SIG_B_TOP150,6a92f7a00262700013c4e5f1,ATLAS_SIG_B_TOP150,BRD-A11135865,nor-binaltorphimine,trt_cp,4.8837895
ATLAS_SIG_B_TOP150,6a92f7a00262700013c4e5f1,ATLAS_SIG_B_TOP150,BRD-K46384212,O-3M3FBS,trt_cp,14.518171
ATLAS_SIG_B_TOP150,6a92f7a00262700013c4e5f1,ATLAS_SIG_B_TOP150,BRD-K87343924,wortmannin,trt_cp,45.25393
ATLAS_SIG_B_TOP150,6a92f7a00262700013c4e5f1,ATLAS_SIG_B_TOP150,BRD-K26548821,quinpirol-(-),trt_cp,16.349844
ATLAS_SIG_B_TOP150,6a92f7a00262700013c4e5f1,ATLAS_SIG_B_TOP150,BRD-A95445494,maackiain,trt_cp,17.649006
ATLAS_SIG_B_TOP150,6a92f7a00262700013c4e5f1,ATLAS_SIG_B_TOP150,BRD-K05906022,limonin,trt_cp,-3.2420578
ATLAS_SIG_B_TOP150,6a92f7a00262700013c4e5f1,ATLAS_SIG_B_TOP150,BRD-K78294846,osthol,trt_cp,4.6114798
ATLAS_SIG_B_TOP150,6a92f7a00262700013c4e5f1,ATLAS_SIG_B_TOP150,BRD-K80348542,cephaeline,trt_cp,0.0
ATLAS_SIG_B_TOP150,6a92f7a00262700013c4e5f1,ATLAS_SIG_B_TOP150,BRD-K87991767,umbelliferone,trt_cp,-35.4062
ATLAS_SIG_B_TOP150,6a92f7a00262700013c4e5f1,ATLAS_SIG_B_TOP150,BRD-K94841585,emodic-acid,trt_cp,-72.56107
ATLAS_SIG_B_TOP150,6a92f7a00262700013c4e5f1,ATLAS_SIG_B_TOP150,BRD-K49657628,tyrphostin-AG-18,trt_cp,-39.462765
ATLAS_SIG_B_TOP150,6a92f7a00262700013c4e5f1,ATLAS_SIG_B_TOP150,BRD-K12357156,AG-490,trt_cp,0.63424945
ATLAS_SIG_B_TOP150,6a92f7a00262700013c4e5f1,ATLAS_SIG_B_TOP150,BRD-K34533029,tyrphostin-AG-494,trt_cp,20.935797
ATLAS_SIG_B_TOP150,6a92f7a00262700013c4e5f1,ATLAS_SIG_B_TOP150,BRD-K81209512,AG-494,trt_cp,-3.4178998
ATLAS_SIG_B_TOP150,6a92f7a00262700013c4e5f1,ATLAS_SIG_B_TOP150,BRD-K07888196,tyrphostin-AG-538,trt_cp,-58.618176
ATLAS_SIG_B_TOP150,6a92f7a00262700013c4e5f1,ATLAS_SIG_B_TOP150,BRD-K72783841,tyrphostin-AG-555,trt_cp,8.488855
ATLAS_SIG_B_TOP150,6a92f7a00262700013c4e5f1,ATLAS_SIG_B_TOP150,BRD-K14441456,tyrphostin-AG-556,trt_cp,3.2769556
ATLAS_SIG_B_TOP150,6a92f7a00262700013c4e5f1,ATLAS_SIG_B_TOP150,BRD-K89930444,AG-592,trt_cp,10.199604
ATLAS_SIG_B_TOP150,6a92f7a00262700013c4e5f1,ATLAS_SIG_B_TOP150,BRD-K08132273,tyrphostin,trt_cp,15.7849865
ATLAS_SIG_B_TOP150,6a92f7a00262700013c4e5f1,ATLAS_SIG_B_TOP150,BRD-K87919739,tyrphostin-AG-825,trt_cp,5.6789446
ATLAS_SIG_B_TOP150,6a92f7a00262700013c4e5f1,ATLAS_SIG_B_TOP150,BRD-K41996876,tyrphostin-1,trt_cp,7.223203
ATLAS_SIG_B_TOP150,6a92f7a00262700013c4e5f1,ATLAS_SIG_B_TOP150,BRD-K76064317,tyrphostin-AG-1296,trt_cp,-61.42364
ATLAS_SIG_B_TOP150,6a92f7a00262700013c4e5f1,ATLAS_SIG_B_TOP150,BRD-K68336408,tyrphostin-AG-1478,trt_cp,-62.043922
ATLAS_SIG_B_TOP150,6a92f7a00262700013c4e5f1,ATLAS_SIG_B_TOP150,BRD-K33204703,AG-370,trt_cp,-52.133236
ATLAS_SIG_B_TOP150,6a92f7a00262700013c4e5f1,ATLAS_SIG_B_TOP150,BRD-K47105409,AG-490,trt_cp,47.16039
ATLAS_SIG_B_TOP150,6a92f7a00262700013c4e5f1,ATLAS_SIG_B_TOP150,BRD-K59469039,tyrphostin-AG-879,trt_cp,2.8893588
ATLAS_SIG_B_TOP150,6a92f7a00262700013c4e5f1,ATLAS_SIG_B_TOP150,BRD-K89055274,alverine,trt_cp,2.0084567
ATLAS_SIG_B_TOP150,6a92f7a00262700013c4e5f1,ATLAS_SIG_B_TOP150,BRD-K21667562,AM-404,trt_cp,8.371761
ATLAS_SIG_B_TOP150,6a92f7a00262700013c4e5f1,ATLAS_SIG_B_TOP150,BRD-K63533170,AM-630,trt_cp,3.362163
ATLAS_SIG_B_TOP150,6a92f7a00262700013c4e5f1,ATLAS_SIG_B_TOP150,BRD-A11813248,AM-92016,trt_cp,21.875866
ATLAS_SIG_B_TOP150,6a92f7a00262700013c4e5f1,ATLAS_SIG_B_TOP150,BRD-K06854232,AM-580,trt_cp,53.730106
ATLAS_SIG_B_TOP150,6a92f7a00262700013c4e5f1,ATLAS_SIG_B_TOP150,BRD-K70330367,amantadine,trt_cp,1.7618041
ATLAS_SIG_B_TOP150,6a92f7a00262700013c4e5f1,ATLAS_SIG_B_TOP150,BRD-K23335153,AMN-082,trt_cp,37.257282
ATLAS_SIG_B_TOP150,6a92f7a00262700013c4e5f1,ATLAS_SIG_B_TOP150,BRD-A28318179,aminomethyltransferase,trt_cp,-33.192497
ATLAS_SIG_B_TOP150,6a92f7a00262700013c4e5f1,ATLAS_SIG_B_TOP150,BRD-K87905482,anandamide,trt_cp,50.030907
ATLAS_SIG_B_TOP150,6a92f7a00262700013c4e5f1,ATLAS_SIG_B_TOP150,BRD-K78280988,anandamide,trt_cp,-22.611767
ATLAS_SIG_B_TOP150,6a92f7a00262700013c4e5f1,ATLAS_SIG_B_TOP150,BRD-A95513702,"androsta-1,4-dien-3,17-dione",trt_cp,0.422833
ATLAS_SIG_B_TOP150,6a92f7a00262700013c4e5f1,ATLAS_SIG_B_TOP150,BRD-A32349859,methyl-angolensate,trt_cp,-4.8963547
ATLAS_SIG_B_TOP150,6a92f7a00262700013c4e5f1,ATLAS_SIG_B_TOP150,BRD-A42649439,triciribine,trt_cp,28.101902
ATLAS_SIG_B_TOP150,6a92f7a00262700013c4e5f1,ATLAS_SIG_B_TOP150,BRD-K81729199,AQ-RA741,trt_cp,4.091643
ATLAS_SIG_B_TOP150,6a92f7a00262700013c4e5f1,ATLAS_SIG_B_TOP150,BRD-K29555132,arachidonamide,trt_cp,24.680027
ATLAS_SIG_B_TOP150,6a92f7a00262700013c4e5f1,ATLAS_SIG_B_TOP150,BRD-K73395020,ARP-101,trt_cp,24.047375
ATLAS_SIG_B_TOP150,6a92f7a00262700013c4e5f1,ATLAS_SIG_B_TOP150,BRD-K85013741,auraptene,trt_cp,11.109852
ATLAS_SIG_B_TOP150,6a92f7a00262700013c4e5f1,ATLAS_SIG_B_TOP150,BRD-K78838262,austricine,trt_cp,-59.665684
ATLAS_SIG_B_TOP150,6a92f7a00262700013c4e5f1,ATLAS_SIG_B_TOP150,BRD-K03642198,AY-9944,trt_cp,-34.168293
ATLAS_SIG_B_TOP150,6a92f7a00262700013c4e5f1,ATLAS_SIG_B_TOP150,BRD-K36258877,AZ-10417808,trt_cp,2.6131704
ATLAS_SIG_B_TOP150,6a92f7a00262700013c4e5f1,ATLAS_SIG_B_TOP150,BRD-K51751936,alfadolone-acetate,trt_cp,-22.785673
ATLAS_SIG_B_TOP150,6a92f7a00262700013c4e5f1,ATLAS_SIG_B_TOP150,BRD-K51276371,aloisine,trt_cp,5.602537
ATLAS_SIG_B_TOP150,6a92f7a00262700013c4e5f1,ATLAS_SIG_B_TOP150,BRD-K93658967,aloisine,trt_cp,-5.320648
ATLAS_SIG_B_TOP150,6a92f7a00262700013c4e5f1,ATLAS_SIG_B_TOP150,BRD-K52459643,alprostadil,trt_cp,-2.8188865
ATLAS_SIG_B_TOP150,6a92f7a00262700013c4e5f1,ATLAS_SIG_B_TOP150,BRD-K00610438,altanserin,trt_cp,-29.787619
ATLAS_SIG_B_TOP150,6a92f7a00262700013c4e5f1,ATLAS_SIG_B_TOP150,BRD-K97181089,amiloride,trt_cp,-25.152254
ATLAS_SIG_B_TOP150,6a92f7a00262700013c4e5f1,ATLAS_SIG_B_TOP150,BRD-K04976539,aminogenistein,trt_cp,28.546148
ATLAS_SIG_B_TOP150,6a92f7a00262700013c4e5f1,ATLAS_SIG_B_TOP150,BRD-K07762753,aminopurvalanol-a,trt_cp,5.426357
ATLAS_SIG_B_TOP150,6a92f7a00262700013c4e5f1,ATLAS_SIG_B_TOP150,BRD-K39670393,amthamine,trt_cp,14.5913315
ATLAS_SIG_B_TOP150,6a92f7a00262700013c4e5f1,ATLAS_SIG_B_TOP150,BRD-K36638830,anabasine,trt_cp,-2.0789287
ATLAS_SIG_B_TOP150,6a92f7a00262700013c4e5f1,ATLAS_SIG_B_TOP150,BRD-K08502430,angiogenesis-inhibitor,trt_cp,15.764408
ATLAS_SIG_B_TOP150,6a92f7a00262700013c4e5f1,ATLAS_SIG_B_TOP150,BRD-K88611939,aniracetam,trt_cp,2.3960536
ATLAS_SIG_B_TOP150,6a92f7a00262700013c4e5f1,ATLAS_SIG_B_TOP150,BRD-K91370081,anisomycin,trt_cp,-10.332731
ATLAS_SIG_B_TOP150,6a92f7a00262700013c4e5f1,ATLAS_SIG_B_TOP150,BRD-K15164005,apoptosis-activator-II,trt_cp,49.16418
ATLAS_SIG_B_TOP150,6a92f7a00262700013c4e5f1,ATLAS_SIG_B_TOP150,BRD-K53523901,arctigenin,trt_cp,13.550684
ATLAS_SIG_B_TOP150,6a92f7a00262700013c4e5f1,ATLAS_SIG_B_TOP150,BRD-K63792901,arecaidine-but-2-ynyl-ester,trt_cp,-4.515727
ATLAS_SIG_B_TOP150,6a92f7a00262700013c4e5f1,ATLAS_SIG_B_TOP150,BRD-K23922020,arecaidine-propargyl-ester,trt_cp,-48.35083
ATLAS_SIG_B_TOP150,6a92f7a00262700013c4e5f1,ATLAS_SIG_B_TOP150,BRD-K34092021,arvanil,trt_cp,21.746637
ATLAS_SIG_B_TOP150,6a92f7a00262700013c4e5f1,ATLAS_SIG_B_TOP150,BRD-K64236792,austricine,trt_cp,-14.414523
ATLAS_SIG_B_TOP150,6a92f7a00262700013c4e5f1,ATLAS_SIG_B_TOP150,BRD-K75615183,talipexole,trt_cp,-0.3523608
ATLAS_SIG_B_TOP150,6a92f7a00262700013c4e5f1,ATLAS_SIG_B_TOP150,BRD-A84189516,baccatin-III,trt_cp,9.330641
ATLAS_SIG_B_TOP150,6a92f7a00262700013c4e5f1,ATLAS_SIG_B_TOP150,BRD-K40742111,baeomycesic-acid,trt_cp,20.886703
ATLAS_SIG_B_TOP150,6a92f7a00262700013c4e5f1,ATLAS_SIG_B_TOP150,BRD-K40919711,BAPTA-AM,trt_cp,7.9066176
ATLAS_SIG_B_TOP150,6a92f7a00262700013c4e5f1,ATLAS_SIG_B_TOP150,BRD-K54704028,BAY-36-7620,trt_cp,0.7047216
ATLAS_SIG_B_TOP150,6a92f7a00262700013c4e5f1,ATLAS_SIG_B_TOP150,BRD-K18799075,BAY-59-3074,trt_cp,5.897625
ATLAS_SIG_B_TOP150,6a92f7a00262700013c4e5f1,ATLAS_SIG_B_TOP150,BRD-K17008822,BD-1008,trt_cp,0.7399577
ATLAS_SIG_B_TOP150,6a92f7a00262700013c4e5f1,ATLAS_SIG_B_TOP150,BRD-K36864847,BD-1047,trt_cp,1.5856236
ATLAS_SIG_B_TOP150,6a92f7a00262700013c4e5f1,ATLAS_SIG_B_TOP150,BRD-K29668683,BD-1063,trt_cp,37.998585
ATLAS_SIG_B_TOP150,6a92f7a00262700013c4e5f1,ATLAS_SIG_B_TOP150,BRD-K87158025,benzamil,trt_cp,-0.95137423
ATLAS_SIG_B_TOP150,6a92f7a00262700013c4e5f1,ATLAS_SIG_B_TOP150,BRD-K76872913,benzanthrone,trt_cp,-0.7111643
ATLAS_SIG_B_TOP150,6a92f7a00262700013c4e5f1,ATLAS_SIG_B_TOP150,BRD-K09668667,benzo(a)pyrene,trt_cp,63.52314
ATLAS_SIG_B_TOP150,6a92f7a00262700013c4e5f1,ATLAS_SIG_B_TOP150,BRD-K91315211,betahistine,trt_cp,-12.270323
ATLAS_SIG_B_TOP150,6a92f7a00262700013c4e5f1,ATLAS_SIG_B_TOP150,BRD-K46018455,bezafibrate,trt_cp,27.882353
ATLAS_SIG_B_TOP150,6a92f7a00262700013c4e5f1,ATLAS_SIG_B_TOP150,BRD-A38913120,BH3I-1,trt_cp,-38.170883
ATLAS_SIG_B_TOP150,6a92f7a00262700013c4e5f1,ATLAS_SIG_B_TOP150,BRD-K28075147,biochanin-a,trt_cp,3.488372
ATLAS_SIG_B_TOP150,6a92f7a00262700013c4e5f1,ATLAS_SIG_B_TOP150,BRD-K94379058,BML-190,trt_cp,-45.187325
ATLAS_SIG_B_TOP150,6a92f7a00262700013c4e5f1,ATLAS_SIG_B_TOP150,BRD-K32584078,BML-257,trt_cp,-43.41781
ATLAS_SIG_B_TOP150,6a92f7a00262700013c4e5f1,ATLAS_SIG_B_TOP150,BRD-A15435692,BMY-14802,trt_cp,-2.501762
ATLAS_SIG_B_TOP150,6a92f7a00262700013c4e5f1,ATLAS_SIG_B_TOP150,BRD-K31054881,BMY-7378,trt_cp,-23.435852
ATLAS_SIG_B_TOP150,6a92f7a00262700013c4e5f1,ATLAS_SIG_B_TOP150,BRD-K45479396,BP-554,trt_cp,-9.418017
ATLAS_SIG_B_TOP150,6a92f7a00262700013c4e5f1,ATLAS_SIG_B_TOP150,BRD-A51829654,BRL-15572,trt_cp,-0.5285412
ATLAS_SIG_B_TOP150,6a92f7a00262700013c4e5f1,ATLAS_SIG_B_TOP150,BRD-K07507905,BRL-37344,trt_cp,-29.76096
ATLAS_SIG_B_TOP150,6a92f7a00262700013c4e5f1,ATLAS_SIG_B_TOP150,BRD-K84266862,BRL-50481,trt_cp,-72.24362
ATLAS_SIG_B_TOP150,6a92f7a00262700013c4e5f1,ATLAS_SIG_B_TOP150,BRD-K17868609,BRL-54443,trt_cp,-15.675509
ATLAS_SIG_B_TOP150,6a92f7a00262700013c4e5f1,ATLAS_SIG_B_TOP150,BRD-K11696279,BU-239,trt_cp,12.123436
ATLAS_SIG_B_TOP150,6a92f7a00262700013c4e5f1,ATLAS_SIG_B_TOP150,BRD-A15931911,bucladesine,trt_cp,45.511875
ATLAS_SIG_B_TOP150,6a92f7a00262700013c4e5f1,ATLAS_SIG_B_TOP150,BRD-K25905511,buddleoflavonoloside,trt_cp,26.356754
ATLAS_SIG_B_TOP150,6a92f7a00262700013c4e5f1,ATLAS_SIG_B_TOP150,BRD-A16665823,butoconazole,trt_cp,-32.632442
ATLAS_SIG_B_TOP150,6a92f7a00262700013c4e5f1,ATLAS_SIG_B_TOP150,BRD-A17428743,BW-723C86,trt_cp,5.9196615
ATLAS_SIG_B_TOP150,6a92f7a00262700013c4e5f1,ATLAS_SIG_B_TOP150,BRD-A68891053,BW-B70C,trt_cp,58.638718
ATLAS_SIG_B_TOP150,6a92f7a00262700013c4e5f1,ATLAS_SIG_B_TOP150,BRD-K15025317,BAY-11-7082,trt_cp,18.015219
ATLAS_SIG_B_TOP150,6a92f7a00262700013c4e5f1,ATLAS_SIG_B_TOP150,BRD-K39111395,BCL2-inhibitor,trt_cp,66.88221
ATLAS_SIG_B_TOP150,6a92f7a00262700013c4e5f1,ATLAS_SIG_B_TOP150,BRD-K04185004,oxybuprocaine,trt_cp,57.1738
ATLAS_SIG_B_TOP150,6a92f7a00262700013c4e5f1,ATLAS_SIG_B_TOP150,BRD-K59574735,ubenimex,trt_cp,7.4175043
ATLAS_SIG_B_TOP150,6a92f7a00262700013c4e5f1,ATLAS_SIG_B_TOP150,BRD-K39188321,betamethasone,trt_cp,-12.594698
ATLAS_SIG_B_TOP150,6a92f7a00262700013c4e5f1,ATLAS_SIG_B_TOP150,BRD-A02759312,betaxolol,trt_cp,-3.6997886
ATLAS_SIG_B_TOP150,6a92f7a00262700013c4e5f1,ATLAS_SIG_B_TOP150,BRD-K18779551,bifemelane,trt_cp,35.303783
ATLAS_SIG_B_TOP150,6a92f7a00262700013c4e5f1,ATLAS_SIG_B_TOP150,BRD-K89210380,biotin,trt_cp,-1.0218464
ATLAS_SIG_B_TOP150,6a92f7a00262700013c4e5f1,ATLAS_SIG_B_TOP150,BRD-A36471396,biperiden,trt_cp,25.57633
ATLAS_SIG_B_TOP150,6a92f7a00262700013c4e5f1,ATLAS_SIG_B_TOP150,BRD-K32906660,bis-tyrphostin,trt_cp,13.7739525
ATLAS_SIG_B_TOP150,6a92f7a00262700013c4e5f1,ATLAS_SIG_B_TOP150,BRD-K03440695,boldine,trt_cp,-21.518246
ATLAS_SIG_B_TOP150,6a92f7a00262700013c4e5f1,ATLAS_SIG_B_TOP150,BRD-A17065207,brefeldin-a,trt_cp,-74.413345
ATLAS_SIG_B_TOP150,6a92f7a00262700013c4e5f1,ATLAS_SIG_B_TOP150,BRD-K74913225,brinzolamide,trt_cp,-27.541878
ATLAS_SIG_B_TOP150,6a92f7a00262700013c4e5f1,ATLAS_SIG_B_TOP150,BRD-A69960130,bromocriptine,trt_cp,2.8614855
ATLAS_SIG_B_TOP150,6a92f7a00262700013c4e5f1,ATLAS_SIG_B_TOP150,BRD-A58157837,butabindide,trt_cp,-32.791344
ATLAS_SIG_B_TOP150,6a92f7a00262700013c4e5f1,ATLAS_SIG_B_TOP150,BRD-K17497770,butein,trt_cp,47.37285
ATLAS_SIG_B_TOP150,6a92f7a00262700013c4e5f1,ATLAS_SIG_B_TOP150,BRD-K27499107,carbacyclin,trt_cp,-38.385857
ATLAS_SIG_B_TOP150,6a92f7a00262700013c4e5f1,ATLAS_SIG_B_TOP150,BRD-A98702003,carbenoxolone,trt_cp,-33.81108
ATLAS_SIG_B_TOP150,6a92f7a00262700013c4e5f1,ATLAS_SIG_B_TOP150,BRD-K53570330,carbofuran,trt_cp,-35.344093
ATLAS_SIG_B_TOP150,6a92f7a00262700013c4e5f1,ATLAS_SIG_B_TOP150,BRD-A17411484,carprofen,trt_cp,-42.43245
ATLAS_SIG_B_TOP150,6a92f7a00262700013c4e5f1,ATLAS_SIG_B_TOP150,BRD-K03600606,catechin,trt_cp,15.04174
ATLAS_SIG_B_TOP150,6a92f7a00262700013c4e5f1,ATLAS_SIG_B_TOP150,BRD-K15616905,CCCP,trt_cp,2.3960536
ATLAS_SIG_B_TOP150,6a92f7a00262700013c4e5f1,ATLAS_SIG_B_TOP150,BRD-K06159959,CCMQ,trt_cp,0.49330515
ATLAS_SIG_B_TOP150,6a92f7a00262700013c4e5f1,ATLAS_SIG_B_TOP150,BRD-K65503129,CCT-018159,trt_cp,6.333356
ATLAS_SIG_B_TOP150,6a92f7a00262700013c4e5f1,ATLAS_SIG_B_TOP150,BRD-K10870738,CDC,trt_cp,20.170815
ATLAS_SIG_B_TOP150,6a92f7a00262700013c4e5f1,ATLAS_SIG_B_TOP150,BRD-A08877921,cephalotaxine,trt_cp,24.49177
ATLAS_SIG_B_TOP150,6a92f7a00262700013c4e5f1,ATLAS_SIG_B_TOP150,BRD-K64341947,CFM-1571,trt_cp,32.86023
ATLAS_SIG_B_TOP150,6a92f7a00262700013c4e5f1,ATLAS_SIG_B_TOP150,BRD-A50737080,CGK-733,trt_cp,-44.329273
ATLAS_SIG_B_TOP150,6a92f7a00262700013c4e5f1,ATLAS_SIG_B_TOP150,BRD-A34706053,CGP-12177,trt_cp,36.151325
ATLAS_SIG_B_TOP150,6a92f7a00262700013c4e5f1,ATLAS_SIG_B_TOP150,BRD-K95851186,CGP-13501,trt_cp,26.581577
ATLAS_SIG_B_TOP150,6a92f7a00262700013c4e5f1,ATLAS_SIG_B_TOP150,BRD-A31575449,CGP-20712,trt_cp,39.587105
ATLAS_SIG_B_TOP150,6a92f7a00262700013c4e5f1,ATLAS_SIG_B_TOP150,BRD-A35623999,CGP-37157,trt_cp,-35.42973
ATLAS_SIG_B_TOP150,6a92f7a00262700013c4e5f1,ATLAS_SIG_B_TOP150,BRD-A04668240,CGP-52432,trt_cp,-48.040817
ATLAS_SIG_B_TOP150,6a92f7a00262700013c4e5f1,ATLAS_SIG_B_TOP150,BRD-K32292990,CGP-53353,trt_cp,-26.929258
ATLAS_SIG_B_TOP150,6a92f7a00262700013c4e5f1,ATLAS_SIG_B_TOP150,BRD-A89672324,CGP-55845,trt_cp,-30.683111
ATLAS_SIG_B_TOP150,6a92f7a00262700013c4e5f1,ATLAS_SIG_B_TOP150,BRD-K31912990,CGP-71683,trt_cp,10.572676
ATLAS_SIG_B_TOP150,6a92f7a00262700013c4e5f1,ATLAS_SIG_B_TOP150,BRD-K65786282,CGP-7930,trt_cp,-27.210901
ATLAS_SIG_B_TOP150,6a92f7a00262700013c4e5f1,ATLAS_SIG_B_TOP150,BRD-K18909381,CGS-12066B,trt_cp,29.430264
ATLAS_SIG_B_TOP150,6a92f7a00262700013c4e5f1,ATLAS_SIG_B_TOP150,BRD-K68103045,CGS-20625,trt_cp,-23.834904
ATLAS_SIG_B_TOP150,6a92f7a00262700013c4e5f1,ATLAS_SIG_B_TOP150,BRD-A81866333,CGS-21680,trt_cp,50.711933
ATLAS_SIG_B_TOP150,6a92f7a00262700013c4e5f1,ATLAS_SIG_B_TOP150,BRD-A26032986,zaldaride,trt_cp,10.970252
ATLAS_SIG_B_TOP150,6a92f7a00262700013c4e5f1,ATLAS_SIG_B_TOP150,BRD-K67680372,CI-966,trt_cp,-21.526545
ATLAS_SIG_B_TOP150,6a92f7a00262700013c4e5f1,ATLAS_SIG_B_TOP150,BRD-A93000692,ciglitazone,trt_cp,21.262869
ATLAS_SIG_B_TOP150,6a92f7a00262700013c4e5f1,ATLAS_SIG_B_TOP150,BRD-K00662280,CL-218872,trt_cp,-18.940166
ATLAS_SIG_B_TOP150,6a92f7a00262700013c4e5f1,ATLAS_SIG_B_TOP150,BRD-K00675675,CL-82198,trt_cp,-2.7484143
ATLAS_SIG_B_TOP150,6a92f7a00262700013c4e5f1,ATLAS_SIG_B_TOP150,BRD-K13642330,cosmosiin,trt_cp,14.526484
ATLAS_SIG_B_TOP150,6a92f7a00262700013c4e5f1,ATLAS_SIG_B_TOP150,BRD-K96271548,coumaric-acid,trt_cp,50.069565
ATLAS_SIG_B_TOP150,6a92f7a00262700013c4e5f1,ATLAS_SIG_B_TOP150,BRD-A03816571,CP-55940,trt_cp,0.89246607
ATLAS_SIG_B_TOP150,6a92f7a00262700013c4e5f1,ATLAS_SIG_B_TOP150,BRD-K81876028,CP-93129,trt_cp,31.22208
ATLAS_SIG_B_TOP150,6a92f7a00262700013c4e5f1,ATLAS_SIG_B_TOP150,BRD-K33860217,CP-94253,trt_cp,-14.690035
ATLAS_SIG_B_TOP150,6a92f7a00262700013c4e5f1,ATLAS_SIG_B_TOP150,BRD-A18202423,CPCCOEt,trt_cp,37.30477
ATLAS_SIG_B_TOP150,6a92f7a00262700013c4e5f1,ATLAS_SIG_B_TOP150,BRD-K08547377,irinotecan,trt_cp,-58.411037
ATLAS_SIG_B_TOP150,6a92f7a00262700013c4e5f1,ATLAS_SIG_B_TOP150,BRD-K57179821,crotamiton,trt_cp,-58.276802
ATLAS_SIG_B_TOP150,6a92f7a00262700013c4e5f1,ATLAS_SIG_B_TOP150,BRD-K79353516,indolophenanthridine,trt_cp,-3.9464412
ATLAS_SIG_B_TOP150,6a92f7a00262700013c4e5f1,ATLAS_SIG_B_TOP150,BRD-A71459254,cymarin,trt_cp,8.069063
ATLAS_SIG_B_TOP150,6a92f7a00262700013c4e5f1,ATLAS_SIG_B_TOP150,BRD-A63043573,cabergoline,trt_cp,43.674107
ATLAS_SIG_B_TOP150,6a92f7a00262700013c4e5f1,ATLAS_SIG_B_TOP150,BRD-K86882815,cabergoline,trt_cp,50.347084
ATLAS_SIG_B_TOP150,6a92f7a00262700013c4e5f1,ATLAS_SIG_B_TOP150,BRD-K84709232,caffeic-acid,trt_cp,0.845666
ATLAS_SIG_B_TOP150,6a92f7a00262700013c4e5f1,ATLAS_SIG_B_TOP150,BRD-K59851896,calycanthine,trt_cp,-17.68875
ATLAS_SIG_B_TOP150,6a92f7a00262700013c4e5f1,ATLAS_SIG_B_TOP150,BRD-A30437061,camptothecin,trt_cp,32.82563
ATLAS_SIG_B_TOP150,6a92f7a00262700013c4e5f1,ATLAS_SIG_B_TOP150,BRD-K46556543,potassium-canrenoate,trt_cp,14.202645
ATLAS_SIG_B_TOP150,6a92f7a00262700013c4e5f1,ATLAS_SIG_B_TOP150,BRD-K44849676,capsazepine,trt_cp,1.4094433
ATLAS_SIG_B_TOP150,6a92f7a00262700013c4e5f1,ATLAS_SIG_B_TOP150,BRD-K12765235,carbenoxolone,trt_cp,9.156394
ATLAS_SIG_B_TOP150,6a92f7a00262700013c4e5f1,ATLAS_SIG_B_TOP150,BRD-K99174507,cardiogenol-c,trt_cp,-9.33963
ATLAS_SIG_B_TOP150,6a92f7a00262700013c4e5f1,ATLAS_SIG_B_TOP150,BRD-K82484965,carmoxirole,trt_cp,-27.207825
ATLAS_SIG_B_TOP150,6a92f7a00262700013c4e5f1,ATLAS_SIG_B_TOP150,BRD-A42167015,carteolol,trt_cp,19.473322
ATLAS_SIG_B_TOP150,6a92f7a00262700013c4e5f1,ATLAS_SIG_B_TOP150,BRD-A61899133,catechin,trt_cp,8.961661
ATLAS_SIG_B_TOP150,6a92f7a00262700013c4e5f1,ATLAS_SIG_B_TOP150,BRD-K87932577,NSC-693868,trt_cp,-34.703968
ATLAS_SIG_B_TOP150,6a92f7a00262700013c4e5f1,ATLAS_SIG_B_TOP150,BRD-K71860425,CDK2-5-inhibitor,trt_cp,51.73242
ATLAS_SIG_B_TOP150,6a92f7a00262700013c4e5f1,ATLAS_SIG_B_TOP150,BRD-K71059170,cefixime,trt_cp,64.99361
ATLAS_SIG_B_TOP150,6a92f7a00262700013c4e5f1,ATLAS_SIG_B_TOP150,BRD-K37848908,ceforanide,trt_cp,-27.51432
ATLAS_SIG_B_TOP150,6a92f7a00262700013c4e5f1,ATLAS_SIG_B_TOP150,BRD-K02275692,cefotiam,trt_cp,-13.973709
ATLAS_SIG_B_TOP150,6a92f7a00262700013c4e5f1,ATLAS_SIG_B_TOP150,BRD-K50422030,clomethiazole,trt_cp,86.18872
ATLAS_SIG_B_TOP150,6a92f7a00262700013c4e5f1,ATLAS_SIG_B_TOP150,BRD-A90311807,cilastatin,trt_cp,-63.78868
ATLAS_SIG_B_TOP150,6a92f7a00262700013c4e5f1,ATLAS_SIG_B_TOP150,BRD-A07875874,cilnidipine,trt_cp,16.05637
ATLAS_SIG_B_TOP150,6a92f7a00262700013c4e5f1,ATLAS_SIG_B_TOP150,BRD-K28578425,cilostamide,trt_cp,-1.0570824
ATLAS_SIG_B_TOP150,6a92f7a00262700013c4e5f1,ATLAS_SIG_B_TOP150,BRD-K18618618,cimetidine,trt_cp,26.586086
ATLAS_SIG_B_TOP150,6a92f7a00262700013c4e5f1,ATLAS_SIG_B_TOP150,BRD-K72816382,cinalukast,trt_cp,-63.2611
ATLAS_SIG_B_TOP150,6a92f7a00262700013c4e5f1,ATLAS_SIG_B_TOP150,BRD-K15522385,cinanserin,trt_cp,-26.44158
ATLAS_SIG_B_TOP150,6a92f7a00262700013c4e5f1,ATLAS_SIG_B_TOP150,BRD-K07220430,cinnarizine,trt_cp,-17.29418
ATLAS_SIG_B_TOP150,6a92f7a00262700013c4e5f1,ATLAS_SIG_B_TOP150,BRD-A49358627,ciprofibrate,trt_cp,3.7702608
ATLAS_SIG_B_TOP150,6a92f7a00262700013c4e5f1,ATLAS_SIG_B_TOP150,BRD-K54142781,cirazoline,trt_cp,37.114555
ATLAS_SIG_B_TOP150,6a92f7a00262700013c4e5f1,ATLAS_SIG_B_TOP150,BRD-K71430621,clobenpropit,trt_cp,-6.109602
ATLAS_SIG_B_TOP150,6a92f7a00262700013c4e5f1,ATLAS_SIG_B_TOP150,BRD-A63894585,clobetasol,trt_cp,-1.4799154
ATLAS_SIG_B_TOP150,6a92f7a00262700013c4e5f1,ATLAS_SIG_B_TOP150,BRD-K38003476,clocortolone-pivalate,trt_cp,-58.941776
ATLAS_SIG_B_TOP150,6a92f7a00262700013c4e5f1,ATLAS_SIG_B_TOP150,BRD-A82371568,clofarabine,trt_cp,14.868993
ATLAS_SIG_B_TOP150,6a92f7a00262700013c4e5f1,ATLAS_SIG_B_TOP150,BRD-K04218075,clomifene,trt_cp,-18.766533
ATLAS_SIG_B_TOP150,6a92f7a00262700013c4e5f1,ATLAS_SIG_B_TOP150,BRD-K52989797,clomipramine,trt_cp,13.984621
ATLAS_SIG_B_TOP150,6a92f7a00262700013c4e5f1,ATLAS_SIG_B_TOP150,BRD-K08890269,CO-102862,trt_cp,17.081451
ATLAS_SIG_B_TOP150,6a92f7a00262700013c4e5f1,ATLAS_SIG_B_TOP150,BRD-A76093993,cromakalim,trt_cp,8.386188
ATLAS_SIG_B_TOP150,6a92f7a00262700013c4e5f1,ATLAS_SIG_B_TOP150,BRD-A49680073,cucurbitacin-i,trt_cp,56.521946
ATLAS_SIG_B_TOP150,6a92f7a00262700013c4e5f1,ATLAS_SIG_B_TOP150,BRD-K89046952,ciclacillin,trt_cp,-78.14059
ATLAS_SIG_B_TOP150,6a92f7a00262700013c4e5f1,ATLAS_SIG_B_TOP150,BRD-K95992530,cyclo-[Arg-Gly-Asp-D-Phe-Val],trt_cp,-3.875969
ATLAS_SIG_B_TOP150,6a92f7a00262700013c4e5f1,ATLAS_SIG_B_TOP150,BRD-A41250306,cyclopenthiazide,trt_cp,11.899538
ATLAS_SIG_B_TOP150,6a92f7a00262700013c4e5f1,ATLAS_SIG_B_TOP150,BRD-A10420615,cyclopiazonic-acid,trt_cp,-5.855055
ATLAS_SIG_B_TOP150,6a92f7a00262700013c4e5f1,ATLAS_SIG_B_TOP150,BRD-A64290322,cyclosporin-a,trt_cp,18.45812
ATLAS_SIG_B_TOP150,6a92f7a00262700013c4e5f1,ATLAS_SIG_B_TOP150,BRD-K13533483,cyclosporin-a,trt_cp,-11.416927
ATLAS_SIG_B_TOP150,6a92f7a00262700013c4e5f1,ATLAS_SIG_B_TOP150,BRD-A39290993,cyproterone,trt_cp,-15.237556
ATLAS_SIG_B_TOP150,6a92f7a00262700013c4e5f1,ATLAS_SIG_B_TOP150,BRD-K09132007,D-4476,trt_cp,4.90416
ATLAS_SIG_B_TOP150,6a92f7a00262700013c4e5f1,ATLAS_SIG_B_TOP150,BRD-K26997899,D-64131,trt_cp,39.698338
ATLAS_SIG_B_TOP150,6a92f7a00262700013c4e5f1,ATLAS_SIG_B_TOP150,BRD-A73909368,dactinomycin,trt_cp,75.0051
ATLAS_SIG_B_TOP150,6a92f7a00262700013c4e5f1,ATLAS_SIG_B_TOP150,BRD-K10065684,dantron,trt_cp,13.408682
ATLAS_SIG_B_TOP150,6a92f7a00262700013c4e5f1,ATLAS_SIG_B_TOP150,BRD-A68929948,DAPT-GSI-IX,trt_cp,-1.2080815
ATLAS_SIG_B_TOP150,6a92f7a00262700013c4e5f1,ATLAS_SIG_B_TOP150,BRD-K31633810,DAU-5884,trt_cp,28.095625
ATLAS_SIG_B_TOP150,6a92f7a00262700013c4e5f1,ATLAS_SIG_B_TOP150,BRD-K74430258,"1,2-dichlorobenzene",trt_cp,-29.80742
ATLAS_SIG_B_TOP150,6a92f7a00262700013c4e5f1,ATLAS_SIG_B_TOP150,BRD-K32526544,DCEBIO,trt_cp,-4.7291613
ATLAS_SIG_B_TOP150,6a92f7a00262700013c4e5f1,ATLAS_SIG_B_TOP150,BRD-K61401890,deguelin,trt_cp,30.846525
ATLAS_SIG_B_TOP150,6a92f7a00262700013c4e5f1,ATLAS_SIG_B_TOP150,BRD-A75402480,deoxycorticosterone-acetate,trt_cp,2.1173642
ATLAS_SIG_B_TOP150,6a92f7a00262700013c4e5f1,ATLAS_SIG_B_TOP150,BRD-K23623876,decafluorobutane,trt_cp,-2.1141648
ATLAS_SIG_B_TOP150,6a92f7a00262700013c4e5f1,ATLAS_SIG_B_TOP150,BRD-K06014311,DH-97,trt_cp,26.421768
ATLAS_SIG_B_TOP150,6a92f7a00262700013c4e5f1,ATLAS_SIG_B_TOP150,BRD-K76133116,benzydamine,trt_cp,17.807243
ATLAS_SIG_B_TOP150,6a92f7a00262700013c4e5f1,ATLAS_SIG_B_TOP150,BRD-K16508793,diazepam,trt_cp,-76.20201
ATLAS_SIG_B_TOP150,6a92f7a00262700013c4e5f1,ATLAS_SIG_B_TOP150,BRD-K12906962,dichlorobenzamil,trt_cp,35.060284
ATLAS_SIG_B_TOP150,6a92f7a00262700013c4e5f1,ATLAS_SIG_B_TOP150,BRD-K29178788,dictamnine,trt_cp,31.48638
ATLAS_SIG_B_TOP150,6a92f7a00262700013c4e5f1,ATLAS_SIG_B_TOP150,BRD-K81521265,dicyclohexylurea,trt_cp,6.5692406
ATLAS_SIG_B_TOP150,6a92f7a00262700013c4e5f1,ATLAS_SIG_B_TOP150,BRD-K94080537,diethyltoluamide,trt_cp,-13.4954195
ATLAS_SIG_B_TOP150,6a92f7a00262700013c4e5f1,ATLAS_SIG_B_TOP150,BRD-K96362535,tubaic-acid,trt_cp,78.89177
ATLAS_SIG_B_TOP150,6a92f7a00262700013c4e5f1,ATLAS_SIG_B_TOP150,BRD-K32645441,dipropyl-5ct,trt_cp,13.196514
ATLAS_SIG_B_TOP150,6a92f7a00262700013c4e5f1,ATLAS_SIG_B_TOP150,BRD-K69032158,diprotin-a,trt_cp,-22.88823
ATLAS_SIG_B_TOP150,6a92f7a00262700013c4e5f1,ATLAS_SIG_B_TOP150,BRD-K26573499,DMAB-anabaseine,trt_cp,7.293869
ATLAS_SIG_B_TOP150,6a92f7a00262700013c4e5f1,ATLAS_SIG_B_TOP150,BRD-K89274813,DMP-543,trt_cp,30.867706
ATLAS_SIG_B_TOP150,6a92f7a00262700013c4e5f1,ATLAS_SIG_B_TOP150,BRD-K31699485,DMeOB,trt_cp,7.2405586
ATLAS_SIG_B_TOP150,6a92f7a00262700013c4e5f1,ATLAS_SIG_B_TOP150,BRD-K85266041,DNQX,trt_cp,-2.0084567
ATLAS_SIG_B_TOP150,6a92f7a00262700013c4e5f1,ATLAS_SIG_B_TOP150,BRD-K17378184,BP-897,trt_cp,0.88090205
ATLAS_SIG_B_TOP150,6a92f7a00262700013c4e5f1,ATLAS_SIG_B_TOP150,BRD-K39965020,doconexent,trt_cp,0.31712472
ATLAS_SIG_B_TOP150,6a92f7a00262700013c4e5f1,ATLAS_SIG_B_TOP150,BRD-K01624546,docosatrienoic-acid,trt_cp,-39.821594
ATLAS_SIG_B_TOP150,6a92f7a00262700013c4e5f1,ATLAS_SIG_B_TOP150,BRD-A27143604,diarylpropionitrile,trt_cp,18.581745
ATLAS_SIG_B_TOP150,6a92f7a00262700013c4e5f1,ATLAS_SIG_B_TOP150,BRD-K80315159,DPPE,trt_cp,-10.883019
ATLAS_SIG_B_TOP150,6a92f7a00262700013c4e5f1,ATLAS_SIG_B_TOP150,BRD-K94920105,DR-2313,trt_cp,3.7702608
ATLAS_SIG_B_TOP150,6a92f7a00262700013c4e5f1,ATLAS_SIG_B_TOP150,BRD-K33459542,ditolylguanidine,trt_cp,-1.8322762
ATLAS_SIG_B_TOP150,6a92f7a00262700013c4e5f1,ATLAS_SIG_B_TOP150,BRD-K62353524,DY-131,trt_cp,24.461958
ATLAS_SIG_B_TOP150,6a92f7a00262700013c4e5f1,ATLAS_SIG_B_TOP150,BRD-A20243730,danazol,trt_cp,28.011053
ATLAS_SIG_B_TOP150,6a92f7a00262700013c4e5f1,ATLAS_SIG_B_TOP150,BRD-K48970916,danazol,trt_cp,-47.451973
ATLAS_SIG_B_TOP150,6a92f7a00262700013c4e5f1,ATLAS_SIG_B_TOP150,BRD-A68009927,daunorubicin,trt_cp,75.55767
ATLAS_SIG_B_TOP150,6a92f7a00262700013c4e5f1,ATLAS_SIG_B_TOP150,BRD-K96527333,dehydroisoandosterone,trt_cp,0.0
ATLAS_SIG_B_TOP150,6a92f7a00262700013c4e5f1,ATLAS_SIG_B_TOP150,BRD-A88282067,delcorine,trt_cp,-31.832285
ATLAS_SIG_B_TOP150,6a92f7a00262700013c4e5f1,ATLAS_SIG_B_TOP150,BRD-A99177642,deltaline,trt_cp,-88.888916
ATLAS_SIG_B_TOP150,6a92f7a00262700013c4e5f1,ATLAS_SIG_B_TOP150,BRD-K37792168,denbufylline,trt_cp,8.435085
ATLAS_SIG_B_TOP150,6a92f7a00262700013c4e5f1,ATLAS_SIG_B_TOP150,BRD-K98521173,desoxycortone,trt_cp,-82.72086
ATLAS_SIG_B_TOP150,6a92f7a00262700013c4e5f1,ATLAS_SIG_B_TOP150,BRD-K31238592,devazepide,trt_cp,32.096806
ATLAS_SIG_B_TOP150,6a92f7a00262700013c4e5f1,ATLAS_SIG_B_TOP150,BRD-K33211335,dextromethorphan,trt_cp,-61.59202
ATLAS_SIG_B_TOP150,6a92f7a00262700013c4e5f1,ATLAS_SIG_B_TOP150,BRD-K71499074,diclofenamide,trt_cp,1.3346252
ATLAS_SIG_B_TOP150,6a92f7a00262700013c4e5f1,ATLAS_SIG_B_TOP150,BRD-K17674993,diflorasone,trt_cp,36.63674
ATLAS_SIG_B_TOP150,6a92f7a00262700013c4e5f1,ATLAS_SIG_B_TOP150,BRD-K18619710,digoxigenin,trt_cp,65.91796
ATLAS_SIG_B_TOP150,6a92f7a00262700013c4e5f1,ATLAS_SIG_B_TOP150,BRD-K23478508,digoxin,trt_cp,-2.3608174
ATLAS_SIG_B_TOP150,6a92f7a00262700013c4e5f1,ATLAS_SIG_B_TOP150,BRD-K97440753,dihydroergocristine,trt_cp,-20.19911
ATLAS_SIG_B_TOP150,6a92f7a00262700013c4e5f1,ATLAS_SIG_B_TOP150,BRD-K73391359,quinisocaine,trt_cp,2.3255813
ATLAS_SIG_B_TOP150,6a92f7a00262700013c4e5f1,ATLAS_SIG_B_TOP150,BRD-K65814004,diphenyleneiodonium,trt_cp,47.86284
ATLAS_SIG_B_TOP150,6a92f7a00262700013c4e5f1,ATLAS_SIG_B_TOP150,BRD-K54759182,dosulepin,trt_cp,6.1530323
ATLAS_SIG_B_TOP150,6a92f7a00262700013c4e5f1,ATLAS_SIG_B_TOP150,BRD-K92093830,doxorubicin,trt_cp,28.594736
ATLAS_SIG_B_TOP150,6a92f7a00262700013c4e5f1,ATLAS_SIG_B_TOP150,BRD-K06221026,DUP-697,trt_cp,-3.4037938
ATLAS_SIG_B_TOP150,6a92f7a00262700013c4e5f1,ATLAS_SIG_B_TOP150,BRD-K68620903,dydrogesterone,trt_cp,-1.1980268
ATLAS_SIG_B_TOP150,6a92f7a00262700013c4e5f1,ATLAS_SIG_B_TOP150,BRD-A96485169,EBPC,trt_cp,35.502323
ATLAS_SIG_B_TOP150,6a92f7a00262700013c4e5f1,ATLAS_SIG_B_TOP150,BRD-K16233984,eriochrome-black-t,trt_cp,-28.73814
ATLAS_SIG_B_TOP150,6a92f7a00262700013c4e5f1,ATLAS_SIG_B_TOP150,BRD-A51820102,econazole,trt_cp,-28.704649
ATLAS_SIG_B_TOP150,6a92f7a00262700013c4e5f1,ATLAS_SIG_B_TOP150,BRD-K27450477,EHNA,trt_cp,77.270355
ATLAS_SIG_B_TOP150,6a92f7a00262700013c4e5f1,ATLAS_SIG_B_TOP150,BRD-K63913457,eicosatrienoic-acid,trt_cp,-1.3742071
ATLAS_SIG_B_TOP150,6a92f7a00262700013c4e5f1,ATLAS_SIG_B_TOP150,BRD-K88759641,EMD-66684,trt_cp,3.9259367
ATLAS_SIG_B_TOP150,6a92f7a00262700013c4e5f1,ATLAS_SIG_B_TOP150,BRD-K57545991,enalapril,trt_cp,-23.03291
ATLAS_SIG_B_TOP150,6a92f7a00262700013c4e5f1,ATLAS_SIG_B_TOP150,BRD-K76534306,enrofloxacin,trt_cp,-5.592599
ATLAS_SIG_B_TOP150,6a92f7a00262700013c4e5f1,ATLAS_SIG_B_TOP150,BRD-K42452249,EO-1428,trt_cp,21.055408
ATLAS_SIG_B_TOP150,6a92f7a00262700013c4e5f1,ATLAS_SIG_B_TOP150,BRD-A53131506,epitestosterone,trt_cp,-24.843056
ATLAS_SIG_B_TOP150,6a92f7a00262700013c4e5f1,ATLAS_SIG_B_TOP150,BRD-K11927976,ER-27319,trt_cp,82.876854
ATLAS_SIG_B_TOP150,6a92f7a00262700013c4e5f1,ATLAS_SIG_B_TOP150,BRD-K19360254,ergocornine,trt_cp,-24.1478
ATLAS_SIG_B_TOP150,6a92f7a00262700013c4e5f1,ATLAS_SIG_B_TOP150,BRD-A73581086,ergometrine,trt_cp,-7.223397
ATLAS_SIG_B_TOP150,6a92f7a00262700013c4e5f1,ATLAS_SIG_B_TOP150,BRD-A35033682,eriodictyol,trt_cp,16.470598
ATLAS_SIG_B_TOP150,6a92f7a00262700013c4e5f1,ATLAS_SIG_B_TOP150,BRD-A23226398,estradiol,trt_cp,25.538311
ATLAS_SIG_B_TOP150,6a92f7a00262700013c4e5f1,ATLAS_SIG_B_TOP150,BRD-A39747742,estradiol-valerate,trt_cp,58.23778
ATLAS_SIG_B_TOP150,6a92f7a00262700013c4e5f1,ATLAS_SIG_B_TOP150,BRD-A84205515,estriol,trt_cp,22.308643
ATLAS_SIG_B_TOP150,6a92f7a00262700013c4e5f1,ATLAS_SIG_B_TOP150,BRD-K49061529,BRD-K49061529,trt_cp,37.79799
ATLAS_SIG_B_TOP150,6a92f7a00262700013c4e5f1,ATLAS_SIG_B_TOP150,BRD-K15842202,eudesmic-acid,trt_cp,45.759937
ATLAS_SIG_B_TOP150,6a92f7a00262700013c4e5f1,ATLAS_SIG_B_TOP150,BRD-K46068882,eugenitol,trt_cp,-59.25184
ATLAS_SIG_B_TOP150,6a92f7a00262700013c4e5f1,ATLAS_SIG_B_TOP150,BRD-K86727142,embelin,trt_cp,-60.749107
ATLAS_SIG_B_TOP150,6a92f7a00262700013c4e5f1,ATLAS_SIG_B_TOP150,BRD-K39339537,epirizole,trt_cp,-3.1360114
ATLAS_SIG_B_TOP150,6a92f7a00262700013c4e5f1,ATLAS_SIG_B_TOP150,BRD-A39969961,eplerenone,trt_cp,28.939577
ATLAS_SIG_B_TOP150,6a92f7a00262700013c4e5f1,ATLAS_SIG_B_TOP150,BRD-K04046242,equilin,trt_cp,0.3875969
ATLAS_SIG_B_TOP150,6a92f7a00262700013c4e5f1,ATLAS_SIG_B_TOP150,BRD-A99411506,esculin,trt_cp,34.38175
ATLAS_SIG_B_TOP150,6a92f7a00262700013c4e5f1,ATLAS_SIG_B_TOP150,BRD-K17016787,estriol,trt_cp,0.0
ATLAS_SIG_B_TOP150,6a92f7a00262700013c4e5f1,ATLAS_SIG_B_TOP150,BRD-K81839095,estrone,trt_cp,14.428568
ATLAS_SIG_B_TOP150,6a92f7a00262700013c4e5f1,ATLAS_SIG_B_TOP150,BRD-K03981224,ethisterone,trt_cp,14.451266
ATLAS_SIG_B_TOP150,6a92f7a00262700013c4e5f1,ATLAS_SIG_B_TOP150,BRD-K31920458,mestranol,trt_cp,-10.28235
ATLAS_SIG_B_TOP150,6a92f7a00262700013c4e5f1,ATLAS_SIG_B_TOP150,BRD-K47693913,evoxine,trt_cp,-26.826473
ATLAS_SIG_B_TOP150,6a92f7a00262700013c4e5f1,ATLAS_SIG_B_TOP150,BRD-K78633253,EXO-1,trt_cp,1.726568
ATLAS_SIG_B_TOP150,6a92f7a00262700013c4e5f1,ATLAS_SIG_B_TOP150,BRD-K63089472,farnesylthioacetic-acid,trt_cp,-34.17785
ATLAS_SIG_B_TOP150,6a92f7a00262700013c4e5f1,ATLAS_SIG_B_TOP150,BRD-K14821540,FCCP,trt_cp,62.630486
ATLAS_SIG_B_TOP150,6a92f7a00262700013c4e5f1,ATLAS_SIG_B_TOP150,BRD-K48367671,febuxostat,trt_cp,-10.775507
ATLAS_SIG_B_TOP150,6a92f7a00262700013c4e5f1,ATLAS_SIG_B_TOP150,BRD-K51318897,fenbendazole,trt_cp,49.361137
ATLAS_SIG_B_TOP150,6a92f7a00262700013c4e5f1,ATLAS_SIG_B_TOP150,BRD-A83081521,finasteride,trt_cp,-14.556753
ATLAS_SIG_B_TOP150,6a92f7a00262700013c4e5f1,ATLAS_SIG_B_TOP150,BRD-K17896185,FIT,trt_cp,20.78626
ATLAS_SIG_B_TOP150,6a92f7a00262700013c4e5f1,ATLAS_SIG_B_TOP150,BRD-K83508485,FK-888,trt_cp,11.559284
ATLAS_SIG_B_TOP150,6a92f7a00262700013c4e5f1,ATLAS_SIG_B_TOP150,BRD-K30296925,flavokavain-b,trt_cp,69.97223
ATLAS_SIG_B_TOP150,6a92f7a00262700013c4e5f1,ATLAS_SIG_B_TOP150,BRD-K44067360,flufenamic-acid,trt_cp,9.196617
ATLAS_SIG_B_TOP150,6a92f7a00262700013c4e5f1,ATLAS_SIG_B_TOP150,BRD-A01346607,flumetasone,trt_cp,-13.700762
ATLAS_SIG_B_TOP150,6a92f7a00262700013c4e5f1,ATLAS_SIG_B_TOP150,BRD-A65449987,flunisolide,trt_cp,-39.384895
ATLAS_SIG_B_TOP150,6a92f7a00262700013c4e5f1,ATLAS_SIG_B_TOP150,BRD-K15715913,fluperlapine,trt_cp,10.134911
ATLAS_SIG_B_TOP150,6a92f7a00262700013c4e5f1,ATLAS_SIG_B_TOP150,BRD-K31611373,fluprostenol,trt_cp,-8.573758
ATLAS_SIG_B_TOP150,6a92f7a00262700013c4e5f1,ATLAS_SIG_B_TOP150,BRD-A49765801,fludroxycortide,trt_cp,-73.84587
ATLAS_SIG_B_TOP150,6a92f7a00262700013c4e5f1,ATLAS_SIG_B_TOP150,BRD-A96456596,FPL-55712,trt_cp,4.001588
ATLAS_SIG_B_TOP150,6a92f7a00262700013c4e5f1,ATLAS_SIG_B_TOP150,BRD-K30990140,FR-122047,trt_cp,-37.095238
ATLAS_SIG_B_TOP150,6a92f7a00262700013c4e5f1,ATLAS_SIG_B_TOP150,BRD-A80641450,FR-139317,trt_cp,-21.881973
ATLAS_SIG_B_TOP150,6a92f7a00262700013c4e5f1,ATLAS_SIG_B_TOP150,BRD-K66944906,fraxidin,trt_cp,6.098737
ATLAS_SIG_B_TOP150,6a92f7a00262700013c4e5f1,ATLAS_SIG_B_TOP150,BRD-K96402602,farnesylthiotriazole,trt_cp,68.38031
ATLAS_SIG_B_TOP150,6a92f7a00262700013c4e5f1,ATLAS_SIG_B_TOP150,BRD-K08998509,fananserin,trt_cp,-5.26124
ATLAS_SIG_B_TOP150,6a92f7a00262700013c4e5f1,ATLAS_SIG_B_TOP150,BRD-K76617868,fasudil,trt_cp,54.451694
ATLAS_SIG_B_TOP150,6a92f7a00262700013c4e5f1,ATLAS_SIG_B_TOP150,BRD-K99107520,felbamate,trt_cp,-56.04811
ATLAS_SIG_B_TOP150,6a92f7a00262700013c4e5f1,ATLAS_SIG_B_TOP150,BRD-A30815329,felodipine,trt_cp,-48.651047
ATLAS_SIG_B_TOP150,6a92f7a00262700013c4e5f1,ATLAS_SIG_B_TOP150,BRD-K41160163,fenobam,trt_cp,-72.971214
ATLAS_SIG_B_TOP150,6a92f7a00262700013c4e5f1,ATLAS_SIG_B_TOP150,BRD-A50684349,fenoldopam,trt_cp,-18.401314
ATLAS_SIG_B_TOP150,6a92f7a00262700013c4e5f1,ATLAS_SIG_B_TOP150,BRD-K28168037,fenretinide,trt_cp,-1.7970402
ATLAS_SIG_B_TOP150,6a92f7a00262700013c4e5f1,ATLAS_SIG_B_TOP150,BRD-K34170797,fexaramine,trt_cp,-8.290119
ATLAS_SIG_B_TOP150,6a92f7a00262700013c4e5f1,ATLAS_SIG_B_TOP150,BRD-K28667196,fillalbin,trt_cp,-57.704254
ATLAS_SIG_B_TOP150,6a92f7a00262700013c4e5f1,ATLAS_SIG_B_TOP150,BRD-K01095011,finasteride,trt_cp,-19.367464
ATLAS_SIG_B_TOP150,6a92f7a00262700013c4e5f1,ATLAS_SIG_B_TOP150,BRD-A13650332,flucloxacillin,trt_cp,45.028427
ATLAS_SIG_B_TOP150,6a92f7a00262700013c4e5f1,ATLAS_SIG_B_TOP150,BRD-K98769987,flumazenil,trt_cp,-50.033222
ATLAS_SIG_B_TOP150,6a92f7a00262700013c4e5f1,ATLAS_SIG_B_TOP150,BRD-K61496577,flumetasone,trt_cp,-40.765182
ATLAS_SIG_B_TOP150,6a92f7a00262700013c4e5f1,ATLAS_SIG_B_TOP150,BRD-K12184470,flunarizine,trt_cp,6.060606
ATLAS_SIG_B_TOP150,6a92f7a00262700013c4e5f1,ATLAS_SIG_B_TOP150,BRD-K49577446,flunisolide,trt_cp,-8.007929
ATLAS_SIG_B_TOP150,6a92f7a00262700013c4e5f1,ATLAS_SIG_B_TOP150,BRD-K53987533,fluphenazine,trt_cp,-3.9547615
ATLAS_SIG_B_TOP150,6a92f7a00262700013c4e5f1,ATLAS_SIG_B_TOP150,BRD-K00824317,fludroxycortide,trt_cp,-68.371895
ATLAS_SIG_B_TOP150,6a92f7a00262700013c4e5f1,ATLAS_SIG_B_TOP150,BRD-K67445247,flurofamide,trt_cp,7.435053
ATLAS_SIG_B_TOP150,6a92f7a00262700013c4e5f1,ATLAS_SIG_B_TOP150,BRD-A59943784,fluticasone,trt_cp,-6.572033
ATLAS_SIG_B_TOP150,6a92f7a00262700013c4e5f1,ATLAS_SIG_B_TOP150,BRD-K62310379,fluticasone-propionate,trt_cp,-86.08621
ATLAS_SIG_B_TOP150,6a92f7a00262700013c4e5f1,ATLAS_SIG_B_TOP150,BRD-K72676686,fluvoxamine,trt_cp,7.323392
ATLAS_SIG_B_TOP150,6a92f7a00262700013c4e5f1,ATLAS_SIG_B_TOP150,BRD-A49734948,foliosidine,trt_cp,16.106739
ATLAS_SIG_B_TOP150,6a92f7a00262700013c4e5f1,ATLAS_SIG_B_TOP150,BRD-M00539986,formoterol,trt_cp,-12.556725
ATLAS_SIG_B_TOP150,6a92f7a00262700013c4e5f1,ATLAS_SIG_B_TOP150,BRD-K03015355,forskolin,trt_cp,-16.13271
ATLAS_SIG_B_TOP150,6a92f7a00262700013c4e5f1,ATLAS_SIG_B_TOP150,BRD-K87049188,fusaric-acid,trt_cp,-1.3389711
ATLAS_SIG_B_TOP150,6a92f7a00262700013c4e5f1,ATLAS_SIG_B_TOP150,BRD-K18059238,gamma-linolenic-acid,trt_cp,23.056313
ATLAS_SIG_B_TOP150,6a92f7a00262700013c4e5f1,ATLAS_SIG_B_TOP150,BRD-K77998258,ganglioside,trt_cp,-79.385666
ATLAS_SIG_B_TOP150,6a92f7a00262700013c4e5f1,ATLAS_SIG_B_TOP150,BRD-K92015269,GBR-12783,trt_cp,-2.3178394
ATLAS_SIG_B_TOP150,6a92f7a00262700013c4e5f1,ATLAS_SIG_B_TOP150,BRD-K34034388,GBR-12783,trt_cp,37.370792
ATLAS_SIG_B_TOP150,6a92f7a00262700013c4e5f1,ATLAS_SIG_B_TOP150,BRD-K32501161,vanoxerine,trt_cp,2.6779423
ATLAS_SIG_B_TOP150,6a92f7a00262700013c4e5f1,ATLAS_SIG_B_TOP150,BRD-K50135270,GBR-12935,trt_cp,-0.7399577
ATLAS_SIG_B_TOP150,6a92f7a00262700013c4e5f1,ATLAS_SIG_B_TOP150,BRD-K92577649,GBR-13069,trt_cp,8.211285
ATLAS_SIG_B_TOP150,6a92f7a00262700013c4e5f1,ATLAS_SIG_B_TOP150,BRD-K11634954,GBR-13069,trt_cp,-6.0958424
ATLAS_SIG_B_TOP150,6a92f7a00262700013c4e5f1,ATLAS_SIG_B_TOP150,BRD-K65285700,GP-1a,trt_cp,-27.417057
ATLAS_SIG_B_TOP150,6a92f7a00262700013c4e5f1,ATLAS_SIG_B_TOP150,BRD-K34608650,GP-2a,trt_cp,-43.700348
ATLAS_SIG_B_TOP150,6a92f7a00262700013c4e5f1,ATLAS_SIG_B_TOP150,BRD-K11911061,GR-127935,trt_cp,70.278694
ATLAS_SIG_B_TOP150,6a92f7a00262700013c4e5f1,ATLAS_SIG_B_TOP150,BRD-K12120659,GR-144053,trt_cp,-17.891901
ATLAS_SIG_B_TOP150,6a92f7a00262700013c4e5f1,ATLAS_SIG_B_TOP150,BRD-K52394958,GR-159897,trt_cp,10.295852
ATLAS_SIG_B_TOP150,6a92f7a00262700013c4e5f1,ATLAS_SIG_B_TOP150,BRD-K02283807,GR-32191,trt_cp,27.514273
ATLAS_SIG_B_TOP150,6a92f7a00262700013c4e5f1,ATLAS_SIG_B_TOP150,BRD-K68190965,GR-46611,trt_cp,27.874939
ATLAS_SIG_B_TOP150,6a92f7a00262700013c4e5f1,ATLAS_SIG_B_TOP150,BRD-K46441700,GR-55562,trt_cp,-60.974052
ATLAS_SIG_B_TOP150,6a92f7a00262700013c4e5f1,ATLAS_SIG_B_TOP150,BRD-K40578143,GR-79236,trt_cp,-24.50085
ATLAS_SIG_B_TOP150,6a92f7a00262700013c4e5f1,ATLAS_SIG_B_TOP150,BRD-A93659613,GR-89696,trt_cp,-23.491217
ATLAS_SIG_B_TOP150,6a92f7a00262700013c4e5f1,ATLAS_SIG_B_TOP150,BRD-K75478907,GS-39783,trt_cp,-31.642422
ATLAS_SIG_B_TOP150,6a92f7a00262700013c4e5f1,ATLAS_SIG_B_TOP150,BRD-K67860401,AR-A014418,trt_cp,41.175797
ATLAS_SIG_B_TOP150,6a92f7a00262700013c4e5f1,ATLAS_SIG_B_TOP150,BRD-K16664969,GTP-14564,trt_cp,-0.422833
ATLAS_SIG_B_TOP150,6a92f7a00262700013c4e5f1,ATLAS_SIG_B_TOP150,BRD-K82983861,GW-0742,trt_cp,47.467728
ATLAS_SIG_B_TOP150,6a92f7a00262700013c4e5f1,ATLAS_SIG_B_TOP150,BRD-A38898897,GW-311616,trt_cp,-46.099236
ATLAS_SIG_B_TOP150,6a92f7a00262700013c4e5f1,ATLAS_SIG_B_TOP150,BRD-K10705233,GW-405833,trt_cp,22.058529
ATLAS_SIG_B_TOP150,6a92f7a00262700013c4e5f1,ATLAS_SIG_B_TOP150,BRD-K04146668,GW-441756,trt_cp,-41.390285
ATLAS_SIG_B_TOP150,6a92f7a00262700013c4e5f1,ATLAS_SIG_B_TOP150,BRD-K79930101,GW-583340,trt_cp,1.3809949
ATLAS_SIG_B_TOP150,6a92f7a00262700013c4e5f1,ATLAS_SIG_B_TOP150,BRD-A72596465,GW-6471,trt_cp,1.8322762
ATLAS_SIG_B_TOP150,6a92f7a00262700013c4e5f1,ATLAS_SIG_B_TOP150,BRD-K90382497,GW-843682X,trt_cp,36.643784
ATLAS_SIG_B_TOP150,6a92f7a00262700013c4e5f1,ATLAS_SIG_B_TOP150,BRD-K71534238,GW-9508,trt_cp,1.2332629
ATLAS_SIG_B_TOP150,6a92f7a00262700013c4e5f1,ATLAS_SIG_B_TOP150,BRD-K93258693,GW-9662,trt_cp,-19.525488
ATLAS_SIG_B_TOP150,6a92f7a00262700013c4e5f1,ATLAS_SIG_B_TOP150,BRD-K24240364,GYKI-52466,trt_cp,1.1980268
ATLAS_SIG_B_TOP150,6a92f7a00262700013c4e5f1,ATLAS_SIG_B_TOP150,BRD-K59256312,gabexate,trt_cp,2.6779423
ATLAS_SIG_B_TOP150,6a92f7a00262700013c4e5f1,ATLAS_SIG_B_TOP150,BRD-K49890030,gavestinel,trt_cp,-4.298802
ATLAS_SIG_B_TOP150,6a92f7a00262700013c4e5f1,ATLAS_SIG_B_TOP150,BRD-A36151937,genistein,trt_cp,38.43474
ATLAS_SIG_B_TOP150,6a92f7a00262700013c4e5f1,ATLAS_SIG_B_TOP150,BRD-K92758126,MD-920,trt_cp,-16.468128
ATLAS_SIG_B_TOP150,6a92f7a00262700013c4e5f1,ATLAS_SIG_B_TOP150,BRD-K34776109,glimepiride,trt_cp,-0.14094433
ATLAS_SIG_B_TOP150,6a92f7a00262700013c4e5f1,ATLAS_SIG_B_TOP150,BRD-K42693031,glimepiride,trt_cp,9.252043
ATLAS_SIG_B_TOP150,6a92f7a00262700013c4e5f1,ATLAS_SIG_B_TOP150,BRD-A86109770,guggulsterone,trt_cp,11.156237
ATLAS_SIG_B_TOP150,6a92f7a00262700013c4e5f1,ATLAS_SIG_B_TOP150,BRD-K27737647,H-89,trt_cp,32.65953
ATLAS_SIG_B_TOP150,6a92f7a00262700013c4e5f1,ATLAS_SIG_B_TOP150,BRD-K18742343,H-8,trt_cp,6.3931565
ATLAS_SIG_B_TOP150,6a92f7a00262700013c4e5f1,ATLAS_SIG_B_TOP150,BRD-K70577657,H-9,trt_cp,34.392494
ATLAS_SIG_B_TOP150,6a92f7a00262700013c4e5f1,ATLAS_SIG_B_TOP150,BRD-K05434375,HA-1004,trt_cp,22.410633
ATLAS_SIG_B_TOP150,6a92f7a00262700013c4e5f1,ATLAS_SIG_B_TOP150,BRD-A24429032,BE-2254,trt_cp,-23.67169
ATLAS_SIG_B_TOP150,6a92f7a00262700013c4e5f1,ATLAS_SIG_B_TOP150,BRD-A00267231,hemado,trt_cp,13.842238
ATLAS_SIG_B_TOP150,6a92f7a00262700013c4e5f1,ATLAS_SIG_B_TOP150,BRD-K81209159,herniarin,trt_cp,21.68166
ATLAS_SIG_B_TOP150,6a92f7a00262700013c4e5f1,ATLAS_SIG_B_TOP150,BRD-K95885906,quercetagetin,trt_cp,-48.827953
ATLAS_SIG_B_TOP150,6a92f7a00262700013c4e5f1,ATLAS_SIG_B_TOP150,BRD-A34751532,homosalate,trt_cp,-5.877579
ATLAS_SIG_B_TOP150,6a92f7a00262700013c4e5f1,ATLAS_SIG_B_TOP150,BRD-K02715688,"hydrastine-(1r,-9s)",trt_cp,-42.078842
ATLAS_SIG_B_TOP150,6a92f7a00262700013c4e5f1,ATLAS_SIG_B_TOP150,BRD-A75172220,hydrocortisone,trt_cp,25.171673
ATLAS_SIG_B_TOP150,6a92f7a00262700013c4e5f1,ATLAS_SIG_B_TOP150,BRD-A25143711,hydrocortisone-valerate,trt_cp,-16.54372
ATLAS_SIG_B_TOP150,6a92f7a00262700013c4e5f1,ATLAS_SIG_B_TOP150,BRD-A06390036,hydroquinidine,trt_cp,-64.49429
ATLAS_SIG_B_TOP150,6a92f7a00262700013c4e5f1,ATLAS_SIG_B_TOP150,BRD-K81709173,halcinonide,trt_cp,-46.60878
ATLAS_SIG_B_TOP150,6a92f7a00262700013c4e5f1,ATLAS_SIG_B_TOP150,BRD-K07996107,harpagoside,trt_cp,-69.95901
ATLAS_SIG_B_TOP150,6a92f7a00262700013c4e5f1,ATLAS_SIG_B_TOP150,BRD-K38903228,hesperidin,trt_cp,-6.0912676
ATLAS_SIG_B_TOP150,6a92f7a00262700013c4e5f1,ATLAS_SIG_B_TOP150,BRD-A97730597,hexylcaine,trt_cp,14.031971
ATLAS_SIG_B_TOP150,6a92f7a00262700013c4e5f1,ATLAS_SIG_B_TOP150,BRD-K37691127,hinokitiol,trt_cp,41.52153
ATLAS_SIG_B_TOP150,6a92f7a00262700013c4e5f1,ATLAS_SIG_B_TOP150,BRD-K71003802,hippeastrine,trt_cp,14.591217
ATLAS_SIG_B_TOP150,6a92f7a00262700013c4e5f1,ATLAS_SIG_B_TOP150,BRD-K07325606,hispidin,trt_cp,14.153927
ATLAS_SIG_B_TOP150,6a92f7a00262700013c4e5f1,ATLAS_SIG_B_TOP150,BRD-K08554278,bisbenzimide,trt_cp,3.453136
ATLAS_SIG_B_TOP150,6a92f7a00262700013c4e5f1,ATLAS_SIG_B_TOP150,BRD-K76674262,homoharringtonine,trt_cp,-13.042637
ATLAS_SIG_B_TOP150,6a92f7a00262700013c4e5f1,ATLAS_SIG_B_TOP150,BRD-A77722753,hydralazine,trt_cp,15.8059635
ATLAS_SIG_B_TOP150,6a92f7a00262700013c4e5f1,ATLAS_SIG_B_TOP150,BRD-K92726801,hydrastinine,trt_cp,7.9614143
ATLAS_SIG_B_TOP150,6a92f7a00262700013c4e5f1,ATLAS_SIG_B_TOP150,BRD-K40530731,hyoscyamine,trt_cp,-47.63303
ATLAS_SIG_B_TOP150,6a92f7a00262700013c4e5f1,ATLAS_SIG_B_TOP150,BRD-K85383046,IAA-94,trt_cp,-46.634995
ATLAS_SIG_B_TOP150,6a92f7a00262700013c4e5f1,ATLAS_SIG_B_TOP150,BRD-A20527803,IB-MECA,trt_cp,-0.845666
ATLAS_SIG_B_TOP150,6a92f7a00262700013c4e5f1,ATLAS_SIG_B_TOP150,BRD-K15196155,IBC-293,trt_cp,21.811392
ATLAS_SIG_B_TOP150,6a92f7a00262700013c4e5f1,ATLAS_SIG_B_TOP150,BRD-K09638361,IC-261,trt_cp,71.83464
ATLAS_SIG_B_TOP150,6a92f7a00262700013c4e5f1,ATLAS_SIG_B_TOP150,BRD-A89208012,BRD-A89208012,trt_cp,24.777205
ATLAS_SIG_B_TOP150,6a92f7a00262700013c4e5f1,ATLAS_SIG_B_TOP150,BRD-K66782112,ICI-162846,trt_cp,66.20334
ATLAS_SIG_B_TOP150,6a92f7a00262700013c4e5f1,ATLAS_SIG_B_TOP150,BRD-A51929314,BRD-A51929314,trt_cp,64.06331
ATLAS_SIG_B_TOP150,6a92f7a00262700013c4e5f1,ATLAS_SIG_B_TOP150,BRD-K73290745,ICI-199441,trt_cp,-2.2198732
ATLAS_SIG_B_TOP150,6a92f7a00262700013c4e5f1,ATLAS_SIG_B_TOP150,BRD-A03359064,ICI-89406,trt_cp,-14.047446
ATLAS_SIG_B_TOP150,6a92f7a00262700013c4e5f1,ATLAS_SIG_B_TOP150,BRD-K14618467,IKK-16,trt_cp,-2.0084567
ATLAS_SIG_B_TOP150,6a92f7a00262700013c4e5f1,ATLAS_SIG_B_TOP150,BRD-K74305673,IKK-2-inhibitor-V,trt_cp,72.34358
ATLAS_SIG_B_TOP150,6a92f7a00262700013c4e5f1,ATLAS_SIG_B_TOP150,BRD-K07117950,imperatorin,trt_cp,-6.0958424
ATLAS_SIG_B_TOP150,6a92f7a00262700013c4e5f1,ATLAS_SIG_B_TOP150,BRD-K01815685,indole-3-carbinol,trt_cp,-12.775708
ATLAS_SIG_B_TOP150,6a92f7a00262700013c4e5f1,ATLAS_SIG_B_TOP150,BRD-A07029265,ipratropium,trt_cp,18.084084
ATLAS_SIG_B_TOP150,6a92f7a00262700013c4e5f1,ATLAS_SIG_B_TOP150,BRD-K92678294,irilin-a,trt_cp,10.041836
ATLAS_SIG_B_TOP150,6a92f7a00262700013c4e5f1,ATLAS_SIG_B_TOP150,BRD-A54029483,IRL-2500,trt_cp,31.475494
ATLAS_SIG_B_TOP150,6a92f7a00262700013c4e5f1,ATLAS_SIG_B_TOP150,BRD-A26845397,isamoltane,trt_cp,-14.201612
ATLAS_SIG_B_TOP150,6a92f7a00262700013c4e5f1,ATLAS_SIG_B_TOP150,BRD-K05737787,isoeugenol,trt_cp,47.44443
ATLAS_SIG_B_TOP150,6a92f7a00262700013c4e5f1,ATLAS_SIG_B_TOP150,BRD-K37080523,isoreserpine,trt_cp,18.47395
ATLAS_SIG_B_TOP150,6a92f7a00262700013c4e5f1,ATLAS_SIG_B_TOP150,BRD-K06198550,isorotenone,trt_cp,1.4799154
ATLAS_SIG_B_TOP150,6a92f7a00262700013c4e5f1,ATLAS_SIG_B_TOP150,BRD-K60298136,ITE,trt_cp,21.903006
ATLAS_SIG_B_TOP150,6a92f7a00262700013c4e5f1,ATLAS_SIG_B_TOP150,BRD-A48570745,ivermectin,trt_cp,-28.262648
ATLAS_SIG_B_TOP150,6a92f7a00262700013c4e5f1,ATLAS_SIG_B_TOP150,BRD-K16444452,ibudilast,trt_cp,-48.76956
ATLAS_SIG_B_TOP150,6a92f7a00262700013c4e5f1,ATLAS_SIG_B_TOP150,BRD-K25906698,immepip,trt_cp,72.878006
ATLAS_SIG_B_TOP150,6a92f7a00262700013c4e5f1,ATLAS_SIG_B_TOP150,BRD-K43860855,iobenguane,trt_cp,-29.17883
ATLAS_SIG_B_TOP150,6a92f7a00262700013c4e5f1,ATLAS_SIG_B_TOP150,BRD-K51918615,iodophenpropit,trt_cp,9.993526
ATLAS_SIG_B_TOP150,6a92f7a00262700013c4e5f1,ATLAS_SIG_B_TOP150,BRD-K79124250,ioxaglic-acid,trt_cp,-8.280089
ATLAS_SIG_B_TOP150,6a92f7a00262700013c4e5f1,ATLAS_SIG_B_TOP150,BRD-K74195153,irsogladine,trt_cp,-7.310138
ATLAS_SIG_B_TOP150,6a92f7a00262700013c4e5f1,ATLAS_SIG_B_TOP150,BRD-K93332168,isocarboxazid,trt_cp,7.760642
ATLAS_SIG_B_TOP150,6a92f7a00262700013c4e5f1,ATLAS_SIG_B_TOP150,BRD-K29173907,isoflupredone-acetate,trt_cp,11.169838
ATLAS_SIG_B_TOP150,6a92f7a00262700013c4e5f1,ATLAS_SIG_B_TOP150,BRD-A41722204,sulmazole,trt_cp,-3.5526938
ATLAS_SIG_B_TOP150,6a92f7a00262700013c4e5f1,ATLAS_SIG_B_TOP150,BRD-A74269027,isoxsuprine,trt_cp,-16.242676
ATLAS_SIG_B_TOP150,6a92f7a00262700013c4e5f1,ATLAS_SIG_B_TOP150,BRD-K64402243,ivachtin,trt_cp,-37.96886
ATLAS_SIG_B_TOP150,6a92f7a00262700013c4e5f1,ATLAS_SIG_B_TOP150,BRD-K26429091,J-104129,trt_cp,56.798412
ATLAS_SIG_B_TOP150,6a92f7a00262700013c4e5f1,ATLAS_SIG_B_TOP150,BRD-K72541103,JAK3-inhibitor-I,trt_cp,-18.52075
ATLAS_SIG_B_TOP150,6a92f7a00262700013c4e5f1,ATLAS_SIG_B_TOP150,BRD-K52850071,WHI-P154,trt_cp,7.82775
ATLAS_SIG_B_TOP150,6a92f7a00262700013c4e5f1,ATLAS_SIG_B_TOP150,BRD-K95676198,JAK3-inhibitor-V,trt_cp,50.49244
ATLAS_SIG_B_TOP150,6a92f7a00262700013c4e5f1,ATLAS_SIG_B_TOP150,BRD-K04546108,JAK3-inhibitor-VI,trt_cp,-1.9027485
ATLAS_SIG_B_TOP150,6a92f7a00262700013c4e5f1,ATLAS_SIG_B_TOP150,BRD-K22010301,JLK-6,trt_cp,27.102676
ATLAS_SIG_B_TOP150,6a92f7a00262700013c4e5f1,ATLAS_SIG_B_TOP150,BRD-K15086322,JNJ-10191584,trt_cp,33.06463
ATLAS_SIG_B_TOP150,6a92f7a00262700013c4e5f1,ATLAS_SIG_B_TOP150,BRD-K64670467,JNJ-16259685,trt_cp,13.485433
ATLAS_SIG_B_TOP150,6a92f7a00262700013c4e5f1,ATLAS_SIG_B_TOP150,BRD-K43330982,JTE-013,trt_cp,-13.510237
ATLAS_SIG_B_TOP150,6a92f7a00262700013c4e5f1,ATLAS_SIG_B_TOP150,BRD-K63150726,JTE-907,trt_cp,-26.52841
ATLAS_SIG_B_TOP150,6a92f7a00262700013c4e5f1,ATLAS_SIG_B_TOP150,BRD-K17796732,JWH-015,trt_cp,33.621597
ATLAS_SIG_B_TOP150,6a92f7a00262700013c4e5f1,ATLAS_SIG_B_TOP150,BRD-K05464208,JX-401,trt_cp,-53.875427
ATLAS_SIG_B_TOP150,6a92f7a00262700013c4e5f1,ATLAS_SIG_B_TOP150,BRD-A75455249,kavain,trt_cp,-16.929043
ATLAS_SIG_B_TOP150,6a92f7a00262700013c4e5f1,ATLAS_SIG_B_TOP150,BRD-K17743697,KB-R7943,trt_cp,11.852521
ATLAS_SIG_B_TOP150,6a92f7a00262700013c4e5f1,ATLAS_SIG_B_TOP150,BRD-A54927599,KF-38789,trt_cp,72.368866
ATLAS_SIG_B_TOP150,6a92f7a00262700013c4e5f1,ATLAS_SIG_B_TOP150,BRD-A81177136,KN-62,trt_cp,31.418154
ATLAS_SIG_B_TOP150,6a92f7a00262700013c4e5f1,ATLAS_SIG_B_TOP150,BRD-K93480852,KN-93,trt_cp,34.728737
ATLAS_SIG_B_TOP150,6a92f7a00262700013c4e5f1,ATLAS_SIG_B_TOP150,BRD-A38747044,KU-14R,trt_cp,44.09362
ATLAS_SIG_B_TOP150,6a92f7a00262700013c4e5f1,ATLAS_SIG_B_TOP150,BRD-A31227688,kynuramine,trt_cp,-2.184637
ATLAS_SIG_B_TOP150,6a92f7a00262700013c4e5f1,ATLAS_SIG_B_TOP150,BRD-K37312348,kenpaullone,trt_cp,-35.7255
ATLAS_SIG_B_TOP150,6a92f7a00262700013c4e5f1,ATLAS_SIG_B_TOP150,BRD-K49671696,ketanserin,trt_cp,18.106203
ATLAS_SIG_B_TOP150,6a92f7a00262700013c4e5f1,ATLAS_SIG_B_TOP150,BRD-A43930669,L-368899,trt_cp,-15.223749
ATLAS_SIG_B_TOP150,6a92f7a00262700013c4e5f1,ATLAS_SIG_B_TOP150,BRD-K89402695,L-655240,trt_cp,19.494234
ATLAS_SIG_B_TOP150,6a92f7a00262700013c4e5f1,ATLAS_SIG_B_TOP150,BRD-K14765469,vesamicol,trt_cp,24.460804
ATLAS_SIG_B_TOP150,6a92f7a00262700013c4e5f1,ATLAS_SIG_B_TOP150,BRD-A42553870,L-152804,trt_cp,0.0
ATLAS_SIG_B_TOP150,6a92f7a00262700013c4e5f1,ATLAS_SIG_B_TOP150,BRD-K40656405,L-165041,trt_cp,48.914513
ATLAS_SIG_B_TOP150,6a92f7a00262700013c4e5f1,ATLAS_SIG_B_TOP150,BRD-A28422058,L-689560,trt_cp,12.750671
ATLAS_SIG_B_TOP150,6a92f7a00262700013c4e5f1,ATLAS_SIG_B_TOP150,BRD-K74284736,L-689560,trt_cp,-48.108566
ATLAS_SIG_B_TOP150,6a92f7a00262700013c4e5f1,ATLAS_SIG_B_TOP150,BRD-K70241288,L-692585,trt_cp,-15.408955
ATLAS_SIG_B_TOP150,6a92f7a00262700013c4e5f1,ATLAS_SIG_B_TOP150,BRD-K83322645,L-693403,trt_cp,-24.734047
ATLAS_SIG_B_TOP150,6a92f7a00262700013c4e5f1,ATLAS_SIG_B_TOP150,BRD-K18816859,L-694247,trt_cp,-36.244717
ATLAS_SIG_B_TOP150,6a92f7a00262700013c4e5f1,ATLAS_SIG_B_TOP150,BRD-K10176267,L-701252,trt_cp,-19.975279
ATLAS_SIG_B_TOP150,6a92f7a00262700013c4e5f1,ATLAS_SIG_B_TOP150,BRD-A96882008,L-732138,trt_cp,28.852169
ATLAS_SIG_B_TOP150,6a92f7a00262700013c4e5f1,ATLAS_SIG_B_TOP150,BRD-K15791587,L-733060,trt_cp,0.95137423
ATLAS_SIG_B_TOP150,6a92f7a00262700013c4e5f1,ATLAS_SIG_B_TOP150,BRD-K05181463,L-741626,trt_cp,-19.207468
ATLAS_SIG_B_TOP150,6a92f7a00262700013c4e5f1,ATLAS_SIG_B_TOP150,BRD-K05528470,L-745870,trt_cp,0.88090205
ATLAS_SIG_B_TOP150,6a92f7a00262700013c4e5f1,ATLAS_SIG_B_TOP150,BRD-K28806945,L-750667,trt_cp,13.622721
ATLAS_SIG_B_TOP150,6a92f7a00262700013c4e5f1,ATLAS_SIG_B_TOP150,BRD-A35511923,L-803087,trt_cp,12.683347
ATLAS_SIG_B_TOP150,6a92f7a00262700013c4e5f1,ATLAS_SIG_B_TOP150,BRD-K81029756,diltiazem,trt_cp,5.4615927
ATLAS_SIG_B_TOP150,6a92f7a00262700013c4e5f1,ATLAS_SIG_B_TOP150,BRD-K23583188,lavendustin-a,trt_cp,-1.2332629
ATLAS_SIG_B_TOP150,6a92f7a00262700013c4e5f1,ATLAS_SIG_B_TOP150,BRD-K66707493,lawsone,trt_cp,1.2684989
ATLAS_SIG_B_TOP150,6a92f7a00262700013c4e5f1,ATLAS_SIG_B_TOP150,BRD-K01648091,LE-300,trt_cp,13.370713
ATLAS_SIG_B_TOP150,6a92f7a00262700013c4e5f1,ATLAS_SIG_B_TOP150,BRD-A44551378,LFM-A12,trt_cp,59.787674
ATLAS_SIG_B_TOP150,6a92f7a00262700013c4e5f1,ATLAS_SIG_B_TOP150,BRD-A30655177,LFM-A13,trt_cp,2.2551093
ATLAS_SIG_B_TOP150,6a92f7a00262700013c4e5f1,ATLAS_SIG_B_TOP150,BRD-K52662033,lidocaine,trt_cp,-85.993546
ATLAS_SIG_B_TOP150,6a92f7a00262700013c4e5f1,ATLAS_SIG_B_TOP150,BRD-K64044582,linoleamide,trt_cp,25.174986
ATLAS_SIG_B_TOP150,6a92f7a00262700013c4e5f1,ATLAS_SIG_B_TOP150,BRD-K33396764,alpha-linolenic-acid,trt_cp,-46.210857
ATLAS_SIG_B_TOP150,6a92f7a00262700013c4e5f1,ATLAS_SIG_B_TOP150,BRD-K96670504,lonidamine,trt_cp,-2.3960536
ATLAS_SIG_B_TOP150,6a92f7a00262700013c4e5f1,ATLAS_SIG_B_TOP150,BRD-K09416995,lovastatin,trt_cp,-9.760395
ATLAS_SIG_B_TOP150,6a92f7a00262700013c4e5f1,ATLAS_SIG_B_TOP150,BRD-K33864865,LY-225910,trt_cp,0.7047216
ATLAS_SIG_B_TOP150,6a92f7a00262700013c4e5f1,ATLAS_SIG_B_TOP150,BRD-K24675965,LY-288513,trt_cp,-16.45525
ATLAS_SIG_B_TOP150,6a92f7a00262700013c4e5f1,ATLAS_SIG_B_TOP150,BRD-K22385716,LY-303511,trt_cp,-29.74118
ATLAS_SIG_B_TOP150,6a92f7a00262700013c4e5f1,ATLAS_SIG_B_TOP150,BRD-K78637815,LY-320135,trt_cp,2.3255813
ATLAS_SIG_B_TOP150,6a92f7a00262700013c4e5f1,ATLAS_SIG_B_TOP150,BRD-K69763916,LY-341495,trt_cp,-5.240237
ATLAS_SIG_B_TOP150,6a92f7a00262700013c4e5f1,ATLAS_SIG_B_TOP150,BRD-K06234293,LY-364947,trt_cp,-57.26573
ATLAS_SIG_B_TOP150,6a92f7a00262700013c4e5f1,ATLAS_SIG_B_TOP150,BRD-K13261168,quinelorane,trt_cp,25.308043
ATLAS_SIG_B_TOP150,6a92f7a00262700013c4e5f1,ATLAS_SIG_B_TOP150,BRD-K14282469,LY-165163,trt_cp,31.634846
ATLAS_SIG_B_TOP150,6a92f7a00262700013c4e5f1,ATLAS_SIG_B_TOP150,BRD-A12016240,LY-278584,trt_cp,-11.232839
ATLAS_SIG_B_TOP150,6a92f7a00262700013c4e5f1,ATLAS_SIG_B_TOP150,BRD-K92492521,LY-255283,trt_cp,1.6560959
ATLAS_SIG_B_TOP150,6a92f7a00262700013c4e5f1,ATLAS_SIG_B_TOP150,BRD-K47328134,lysylphenylalanyl-tyrosine,trt_cp,-79.22655
ATLAS_SIG_B_TOP150,6a92f7a00262700013c4e5f1,ATLAS_SIG_B_TOP150,BRD-K93460210,lamotrigine,trt_cp,28.744604
ATLAS_SIG_B_TOP150,6a92f7a00262700013c4e5f1,ATLAS_SIG_B_TOP150,BRD-K10207760,lasalocid,trt_cp,-12.824053
ATLAS_SIG_B_TOP150,6a92f7a00262700013c4e5f1,ATLAS_SIG_B_TOP150,BRD-K78692225,leflunomide,trt_cp,71.79326
ATLAS_SIG_B_TOP150,6a92f7a00262700013c4e5f1,ATLAS_SIG_B_TOP150,BRD-K24526313,levcromakalim,trt_cp,-1.4094433
ATLAS_SIG_B_TOP150,6a92f7a00262700013c4e5f1,ATLAS_SIG_B_TOP150,BRD-K62996583,lidoflazine,trt_cp,10.291354
ATLAS_SIG_B_TOP150,6a92f7a00262700013c4e5f1,ATLAS_SIG_B_TOP150,BRD-K03384561,roquinimex,trt_cp,-1.8675123
ATLAS_SIG_B_TOP150,6a92f7a00262700013c4e5f1,ATLAS_SIG_B_TOP150,BRD-A59215453,lobelanidine,trt_cp,29.525944
ATLAS_SIG_B_TOP150,6a92f7a00262700013c4e5f1,ATLAS_SIG_B_TOP150,BRD-K28137194,loreclezole,trt_cp,-48.364
ATLAS_SIG_B_TOP150,6a92f7a00262700013c4e5f1,ATLAS_SIG_B_TOP150,BRD-K99411983,lumicolchicine,trt_cp,-9.763454
ATLAS_SIG_B_TOP150,6a92f7a00262700013c4e5f1,ATLAS_SIG_B_TOP150,BRD-K67013324,luzindole,trt_cp,-20.814861
ATLAS_SIG_B_TOP150,6a92f7a00262700013c4e5f1,ATLAS_SIG_B_TOP150,BRD-K62289640,lylamine,trt_cp,35.198723
ATLAS_SIG_B_TOP150,6a92f7a00262700013c4e5f1,ATLAS_SIG_B_TOP150,BRD-K27871032,lysergol,trt_cp,0.7047216
ATLAS_SIG_B_TOP150,6a92f7a00262700013c4e5f1,ATLAS_SIG_B_TOP150,BRD-K92138166,mammea-a,trt_cp,-18.354614
ATLAS_SIG_B_TOP150,6a92f7a00262700013c4e5f1,ATLAS_SIG_B_TOP150,BRD-K76274772,MAPP-D-erythro,trt_cp,20.732368
ATLAS_SIG_B_TOP150,6a92f7a00262700013c4e5f1,ATLAS_SIG_B_TOP150,BRD-K09635134,L-erythro-MAPP,trt_cp,-9.127342
ATLAS_SIG_B_TOP150,6a92f7a00262700013c4e5f1,ATLAS_SIG_B_TOP150,BRD-K25433859,maprotiline,trt_cp,22.049114
ATLAS_SIG_B_TOP150,6a92f7a00262700013c4e5f1,ATLAS_SIG_B_TOP150,BRD-A85587465,bemesetron,trt_cp,-12.109798
ATLAS_SIG_B_TOP150,6a92f7a00262700013c4e5f1,ATLAS_SIG_B_TOP150,BRD-A17453586,MDL-72832,trt_cp,23.006649
ATLAS_SIG_B_TOP150,6a92f7a00262700013c4e5f1,ATLAS_SIG_B_TOP150,BRD-K43245338,MDL-28170,trt_cp,10.221064
ATLAS_SIG_B_TOP150,6a92f7a00262700013c4e5f1,ATLAS_SIG_B_TOP150,BRD-K84987553,MDM2-inhibitor,trt_cp,23.193111
ATLAS_SIG_B_TOP150,6a92f7a00262700013c4e5f1,ATLAS_SIG_B_TOP150,BRD-K96144918,mead-acid,trt_cp,26.795027
ATLAS_SIG_B_TOP150,6a92f7a00262700013c4e5f1,ATLAS_SIG_B_TOP150,BRD-K09764130,mead-ethanolamide,trt_cp,24.203766
ATLAS_SIG_B_TOP150,6a92f7a00262700013c4e5f1,ATLAS_SIG_B_TOP150,BRD-A20126139,medrysone,trt_cp,0.95137423
ATLAS_SIG_B_TOP150,6a92f7a00262700013c4e5f1,ATLAS_SIG_B_TOP150,BRD-A35989968,megestrol-acetate,trt_cp,35.351738
ATLAS_SIG_B_TOP150,6a92f7a00262700013c4e5f1,ATLAS_SIG_B_TOP150,BRD-K12244279,MEK1-2-inhibitor,trt_cp,-61.76171
ATLAS_SIG_B_TOP150,6a92f7a00262700013c4e5f1,ATLAS_SIG_B_TOP150,BRD-A14395271,mesoridazine,trt_cp,-0.5990134
ATLAS_SIG_B_TOP150,6a92f7a00262700013c4e5f1,ATLAS_SIG_B_TOP150,BRD-A14798026,mestranol,trt_cp,0.0
ATLAS_SIG_B_TOP150,6a92f7a00262700013c4e5f1,ATLAS_SIG_B_TOP150,BRD-A94709349,metaxalone,trt_cp,11.681047
ATLAS_SIG_B_TOP150,6a92f7a00262700013c4e5f1,ATLAS_SIG_B_TOP150,BRD-A41145729,methoprene-acid,trt_cp,-15.044142
ATLAS_SIG_B_TOP150,6a92f7a00262700013c4e5f1,ATLAS_SIG_B_TOP150,BRD-K14844937,BRD-K14844937,trt_cp,10.25505
ATLAS_SIG_B_TOP150,6a92f7a00262700013c4e5f1,ATLAS_SIG_B_TOP150,BRD-K28680267,BRD-K28680267,trt_cp,-42.157875
ATLAS_SIG_B_TOP150,6a92f7a00262700013c4e5f1,ATLAS_SIG_B_TOP150,BRD-K33193182,methylnorlichexanthone,trt_cp,-13.678592
ATLAS_SIG_B_TOP150,6a92f7a00262700013c4e5f1,ATLAS_SIG_B_TOP150,BRD-K75641298,metoclopramide,trt_cp,8.229088
ATLAS_SIG_B_TOP150,6a92f7a00262700013c4e5f1,ATLAS_SIG_B_TOP150,BRD-A03623303,metoprolol,trt_cp,10.059532
ATLAS_SIG_B_TOP150,6a92f7a00262700013c4e5f1,ATLAS_SIG_B_TOP150,BRD-K60230970,MG-132,trt_cp,64.90923
ATLAS_SIG_B_TOP150,6a92f7a00262700013c4e5f1,ATLAS_SIG_B_TOP150,BRD-K06902185,minoxidil,trt_cp,-47.861732
ATLAS_SIG_B_TOP150,6a92f7a00262700013c4e5f1,ATLAS_SIG_B_TOP150,BRD-K95202259,ML-3163,trt_cp,-16.963062
ATLAS_SIG_B_TOP150,6a92f7a00262700013c4e5f1,ATLAS_SIG_B_TOP150,BRD-K93201660,ML-7,trt_cp,3.382664
ATLAS_SIG_B_TOP150,6a92f7a00262700013c4e5f1,ATLAS_SIG_B_TOP150,BRD-K53878242,MMPX,trt_cp,-15.204228
ATLAS_SIG_B_TOP150,6a92f7a00262700013c4e5f1,ATLAS_SIG_B_TOP150,BRD-K63151507,MNITMT,trt_cp,-5.9464455
ATLAS_SIG_B_TOP150,6a92f7a00262700013c4e5f1,ATLAS_SIG_B_TOP150,BRD-A16332958,modafinil,trt_cp,5.4968286
ATLAS_SIG_B_TOP150,6a92f7a00262700013c4e5f1,ATLAS_SIG_B_TOP150,BRD-K87696786,LY-456236,trt_cp,-32.94461
ATLAS_SIG_B_TOP150,6a92f7a00262700013c4e5f1,ATLAS_SIG_B_TOP150,BRD-A30590053,MR-16728,trt_cp,-9.710159
ATLAS_SIG_B_TOP150,6a92f7a00262700013c4e5f1,ATLAS_SIG_B_TOP150,BRD-K37618799,MRS-1220,trt_cp,19.890015
ATLAS_SIG_B_TOP150,6a92f7a00262700013c4e5f1,ATLAS_SIG_B_TOP150,BRD-K72024482,MRS-1754,trt_cp,-19.559725
ATLAS_SIG_B_TOP150,6a92f7a00262700013c4e5f1,ATLAS_SIG_B_TOP150,BRD-A32949107,MRS-1845,trt_cp,-15.36798
ATLAS_SIG_B_TOP150,6a92f7a00262700013c4e5f1,ATLAS_SIG_B_TOP150,BRD-A99449986,MT-21,trt_cp,0.49330515
ATLAS_SIG_B_TOP150,6a92f7a00262700013c4e5f1,ATLAS_SIG_B_TOP150,BRD-K90524085,MY-5445,trt_cp,5.0380974
ATLAS_SIG_B_TOP150,6a92f7a00262700013c4e5f1,ATLAS_SIG_B_TOP150,BRD-K92428153,mycophenolate-mofetil,trt_cp,-34.606598
ATLAS_SIG_B_TOP150,6a92f7a00262700013c4e5f1,ATLAS_SIG_B_TOP150,BRD-K38477985,malonoben,trt_cp,25.728806
ATLAS_SIG_B_TOP150,6a92f7a00262700013c4e5f1,ATLAS_SIG_B_TOP150,BRD-A45140972,meclocycline,trt_cp,7.326838
ATLAS_SIG_B_TOP150,6a92f7a00262700013c4e5f1,ATLAS_SIG_B_TOP150,BRD-K92984783,melperone,trt_cp,-53.639404
ATLAS_SIG_B_TOP150,6a92f7a00262700013c4e5f1,ATLAS_SIG_B_TOP150,BRD-A02710418,meptazinol,trt_cp,-38.478477
ATLAS_SIG_B_TOP150,6a92f7a00262700013c4e5f1,ATLAS_SIG_B_TOP150,BRD-K56699285,metergoline,trt_cp,32.51693
ATLAS_SIG_B_TOP150,6a92f7a00262700013c4e5f1,ATLAS_SIG_B_TOP150,BRD-K09859624,methantheline,trt_cp,-83.34844
ATLAS_SIG_B_TOP150,6a92f7a00262700013c4e5f1,ATLAS_SIG_B_TOP150,BRD-A63667919,methylergometrine,trt_cp,35.987957
ATLAS_SIG_B_TOP150,6a92f7a00262700013c4e5f1,ATLAS_SIG_B_TOP150,BRD-A32164164,methyllycaconitine,trt_cp,-43.47993
ATLAS_SIG_B_TOP150,6a92f7a00262700013c4e5f1,ATLAS_SIG_B_TOP150,BRD-A98725278,methysergide,trt_cp,-49.065937
ATLAS_SIG_B_TOP150,6a92f7a00262700013c4e5f1,ATLAS_SIG_B_TOP150,BRD-K94441233,mevastatin,trt_cp,74.645134
ATLAS_SIG_B_TOP150,6a92f7a00262700013c4e5f1,ATLAS_SIG_B_TOP150,BRD-A19661776,mianserin,trt_cp,-4.298802
ATLAS_SIG_B_TOP150,6a92f7a00262700013c4e5f1,ATLAS_SIG_B_TOP150,BRD-K09549677,mibefradil,trt_cp,54.3914
ATLAS_SIG_B_TOP150,6a92f7a00262700013c4e5f1,ATLAS_SIG_B_TOP150,BRD-A44780397,mifepristone,trt_cp,23.07482
ATLAS_SIG_B_TOP150,6a92f7a00262700013c4e5f1,ATLAS_SIG_B_TOP150,BRD-K37270826,mifepristone,trt_cp,4.7439117
ATLAS_SIG_B_TOP150,6a92f7a00262700013c4e5f1,ATLAS_SIG_B_TOP150,BRD-K34441861,moexipril,trt_cp,-32.428318
ATLAS_SIG_B_TOP150,6a92f7a00262700013c4e5f1,ATLAS_SIG_B_TOP150,BRD-K60640630,mometasone,trt_cp,-21.013996
ATLAS_SIG_B_TOP150,6a92f7a00262700013c4e5f1,ATLAS_SIG_B_TOP150,BRD-A78377521,monastrol,trt_cp,0.0
ATLAS_SIG_B_TOP150,6a92f7a00262700013c4e5f1,ATLAS_SIG_B_TOP150,BRD-K77771411,moxonidine,trt_cp,8.399403
ATLAS_SIG_B_TOP150,6a92f7a00262700013c4e5f1,ATLAS_SIG_B_TOP150,BRD-K40990712,hexamethyleneamiloride,trt_cp,3.1712472
ATLAS_SIG_B_TOP150,6a92f7a00262700013c4e5f1,ATLAS_SIG_B_TOP150,BRD-K44899736,Ro-16-6941,trt_cp,31.674149
ATLAS_SIG_B_TOP150,6a92f7a00262700013c4e5f1,ATLAS_SIG_B_TOP150,BRD-K06024458,N-arachidonyl-GABA,trt_cp,-50.313255
ATLAS_SIG_B_TOP150,6a92f7a00262700013c4e5f1,ATLAS_SIG_B_TOP150,BRD-K10042277,desmethylclozapine,trt_cp,-3.9452667
ATLAS_SIG_B_TOP150,6a92f7a00262700013c4e5f1,ATLAS_SIG_B_TOP150,BRD-K60060639,N-methyllidocaine-iodide,trt_cp,41.862755
ATLAS_SIG_B_TOP150,6a92f7a00262700013c4e5f1,ATLAS_SIG_B_TOP150,BRD-K17693482,BRD-K17693482,trt_cp,-14.120054
ATLAS_SIG_B_TOP150,6a92f7a00262700013c4e5f1,ATLAS_SIG_B_TOP150,BRD-K71726959,BRD-K71726959,trt_cp,-0.66948557
ATLAS_SIG_B_TOP150,6a92f7a00262700013c4e5f1,ATLAS_SIG_B_TOP150,BRD-A92651262,nalbuphine,trt_cp,-4.9146776
ATLAS_SIG_B_TOP150,6a92f7a00262700013c4e5f1,ATLAS_SIG_B_TOP150,BRD-A70461345,naloxone,trt_cp,-42.27452
ATLAS_SIG_B_TOP150,6a92f7a00262700013c4e5f1,ATLAS_SIG_B_TOP150,BRD-K69195780,NAN-190,trt_cp,19.88521
ATLAS_SIG_B_TOP150,6a92f7a00262700013c4e5f1,ATLAS_SIG_B_TOP150,BRD-A23683907,NAS-181,trt_cp,45.85035
ATLAS_SIG_B_TOP150,6a92f7a00262700013c4e5f1,ATLAS_SIG_B_TOP150,BRD-K84658672,nateglinide,trt_cp,28.742188
ATLAS_SIG_B_TOP150,6a92f7a00262700013c4e5f1,ATLAS_SIG_B_TOP150,BRD-K61177364,NBI-27914,trt_cp,-14.545511
ATLAS_SIG_B_TOP150,6a92f7a00262700013c4e5f1,ATLAS_SIG_B_TOP150,BRD-A67433117,NCS-382,trt_cp,10.947028
ATLAS_SIG_B_TOP150,6a92f7a00262700013c4e5f1,ATLAS_SIG_B_TOP150,BRD-A35338386,NECA,trt_cp,-43.045013
ATLAS_SIG_B_TOP150,6a92f7a00262700013c4e5f1,ATLAS_SIG_B_TOP150,BRD-A78877355,nefopam,trt_cp,20.345894
ATLAS_SIG_B_TOP150,6a92f7a00262700013c4e5f1,ATLAS_SIG_B_TOP150,BRD-K05181084,NGB-2904,trt_cp,18.027254
ATLAS_SIG_B_TOP150,6a92f7a00262700013c4e5f1,ATLAS_SIG_B_TOP150,BRD-A62336480,niguldipine,trt_cp,8.331911
ATLAS_SIG_B_TOP150,6a92f7a00262700013c4e5f1,ATLAS_SIG_B_TOP150,BRD-K23566484,nilutamide,trt_cp,-50.825092
ATLAS_SIG_B_TOP150,6a92f7a00262700013c4e5f1,ATLAS_SIG_B_TOP150,BRD-K73589491,nizatidine,trt_cp,-27.410349
ATLAS_SIG_B_TOP150,6a92f7a00262700013c4e5f1,ATLAS_SIG_B_TOP150,BRD-K85015012,NNC-05-2090,trt_cp,11.14949
ATLAS_SIG_B_TOP150,6a92f7a00262700013c4e5f1,ATLAS_SIG_B_TOP150,BRD-K08438429,BRD-K08438429,trt_cp,42.788357
ATLAS_SIG_B_TOP150,6a92f7a00262700013c4e5f1,ATLAS_SIG_B_TOP150,BRD-K78122587,NNC-55-0396,trt_cp,15.677635
ATLAS_SIG_B_TOP150,6a92f7a00262700013c4e5f1,ATLAS_SIG_B_TOP150,BRD-K36009368,NNC-63-0532,trt_cp,1.2332629
ATLAS_SIG_B_TOP150,6a92f7a00262700013c4e5f1,ATLAS_SIG_B_TOP150,BRD-K42221274,NNC-711,trt_cp,29.229618
ATLAS_SIG_B_TOP150,6a92f7a00262700013c4e5f1,ATLAS_SIG_B_TOP150,BRD-K06753942,nobiletin,trt_cp,-4.686399
ATLAS_SIG_B_TOP150,6a92f7a00262700013c4e5f1,ATLAS_SIG_B_TOP150,BRD-A09161221,nomilin,trt_cp,47.405334
ATLAS_SIG_B_TOP150,6a92f7a00262700013c4e5f1,ATLAS_SIG_B_TOP150,BRD-K88625236,nonoxynol-9,trt_cp,30.84146
ATLAS_SIG_B_TOP150,6a92f7a00262700013c4e5f1,ATLAS_SIG_B_TOP150,BRD-K32696739,noreleagnine,trt_cp,-10.416553
ATLAS_SIG_B_TOP150,6a92f7a00262700013c4e5f1,ATLAS_SIG_B_TOP150,BRD-A39415247,norethisterone,trt_cp,0.845666
ATLAS_SIG_B_TOP150,6a92f7a00262700013c4e5f1,ATLAS_SIG_B_TOP150,BRD-A00758722,noretynodrel,trt_cp,65.20123
ATLAS_SIG_B_TOP150,6a92f7a00262700013c4e5f1,ATLAS_SIG_B_TOP150,BRD-A50928468,norgestrel,trt_cp,12.902239
ATLAS_SIG_B_TOP150,6a92f7a00262700013c4e5f1,ATLAS_SIG_B_TOP150,BRD-K91301684,noscapine,trt_cp,19.01582
ATLAS_SIG_B_TOP150,6a92f7a00262700013c4e5f1,ATLAS_SIG_B_TOP150,BRD-A47633927,NPC-15199,trt_cp,-0.7399577
ATLAS_SIG_B_TOP150,6a92f7a00262700013c4e5f1,ATLAS_SIG_B_TOP150,BRD-K13169950,NSC-3852,trt_cp,54.98889
ATLAS_SIG_B_TOP150,6a92f7a00262700013c4e5f1,ATLAS_SIG_B_TOP150,BRD-K37392901,NSC-632839,trt_cp,26.96328
ATLAS_SIG_B_TOP150,6a92f7a00262700013c4e5f1,ATLAS_SIG_B_TOP150,BRD-K31268420,NSC-693868,trt_cp,-29.141724
ATLAS_SIG_B_TOP150,6a92f7a00262700013c4e5f1,ATLAS_SIG_B_TOP150,BRD-A94413429,NTNCB,trt_cp,-14.868956
ATLAS_SIG_B_TOP150,6a92f7a00262700013c4e5f1,ATLAS_SIG_B_TOP150,BRD-K10136726,tosyllysyl-chloromethyl-ketone,trt_cp,-17.156162
ATLAS_SIG_B_TOP150,6a92f7a00262700013c4e5f1,ATLAS_SIG_B_TOP150,BRD-A97454584,nadolol,trt_cp,-25.962315
ATLAS_SIG_B_TOP150,6a92f7a00262700013c4e5f1,ATLAS_SIG_B_TOP150,BRD-A71262238,nafadotride,trt_cp,22.36901
ATLAS_SIG_B_TOP150,6a92f7a00262700013c4e5f1,ATLAS_SIG_B_TOP150,BRD-K18574842,nafcillin,trt_cp,22.352463
ATLAS_SIG_B_TOP150,6a92f7a00262700013c4e5f1,ATLAS_SIG_B_TOP150,BRD-K74141488,naftifine,trt_cp,36.061462
ATLAS_SIG_B_TOP150,6a92f7a00262700013c4e5f1,ATLAS_SIG_B_TOP150,BRD-A41833852,naloxone,trt_cp,46.41698
ATLAS_SIG_B_TOP150,6a92f7a00262700013c4e5f1,ATLAS_SIG_B_TOP150,BRD-A21723284,naltriben,trt_cp,0.0
ATLAS_SIG_B_TOP150,6a92f7a00262700013c4e5f1,ATLAS_SIG_B_TOP150,BRD-A82656074,naltrindole,trt_cp,9.8006735
ATLAS_SIG_B_TOP150,6a92f7a00262700013c4e5f1,ATLAS_SIG_B_TOP150,BRD-A87719232,naproxen,trt_cp,8.108566
ATLAS_SIG_B_TOP150,6a92f7a00262700013c4e5f1,ATLAS_SIG_B_TOP150,BRD-A36318220,necrostatin-1,trt_cp,-13.795343
ATLAS_SIG_B_TOP150,6a92f7a00262700013c4e5f1,ATLAS_SIG_B_TOP150,BRD-K90789829,nefazodone,trt_cp,34.565945
ATLAS_SIG_B_TOP150,6a92f7a00262700013c4e5f1,ATLAS_SIG_B_TOP150,BRD-A66927094,nemonapride,trt_cp,25.863031
ATLAS_SIG_B_TOP150,6a92f7a00262700013c4e5f1,ATLAS_SIG_B_TOP150,BRD-A00100033,nifurtimox,trt_cp,-10.807934
ATLAS_SIG_B_TOP150,6a92f7a00262700013c4e5f1,ATLAS_SIG_B_TOP150,BRD-K76775527,nimesulide,trt_cp,19.399591
ATLAS_SIG_B_TOP150,6a92f7a00262700013c4e5f1,ATLAS_SIG_B_TOP150,BRD-A95696066,nisoxetine,trt_cp,26.1403
ATLAS_SIG_B_TOP150,6a92f7a00262700013c4e5f1,ATLAS_SIG_B_TOP150,BRD-K28453807,nitrocaramiphen,trt_cp,3.4578629
ATLAS_SIG_B_TOP150,6a92f7a00262700013c4e5f1,ATLAS_SIG_B_TOP150,BRD-K46652470,nizatidine,trt_cp,-26.80111
ATLAS_SIG_B_TOP150,6a92f7a00262700013c4e5f1,ATLAS_SIG_B_TOP150,BRD-K27351809,nomegestrol-acetate,trt_cp,-14.262863
ATLAS_SIG_B_TOP150,6a92f7a00262700013c4e5f1,ATLAS_SIG_B_TOP150,BRD-K63165456,norcyclobenzaprine,trt_cp,0.5990134
ATLAS_SIG_B_TOP150,6a92f7a00262700013c4e5f1,ATLAS_SIG_B_TOP150,BRD-K80334323,noretynodrel,trt_cp,48.311447
ATLAS_SIG_B_TOP150,6a92f7a00262700013c4e5f1,ATLAS_SIG_B_TOP150,BRD-K35189033,levonorgestrel,trt_cp,31.572594
ATLAS_SIG_B_TOP150,6a92f7a00262700013c4e5f1,ATLAS_SIG_B_TOP150,BRD-A10355991,norketamine,trt_cp,1.9732206
ATLAS_SIG_B_TOP150,6a92f7a00262700013c4e5f1,ATLAS_SIG_B_TOP150,BRD-A51393488,noscapine,trt_cp,-30.12564
ATLAS_SIG_B_TOP150,6a92f7a00262700013c4e5f1,ATLAS_SIG_B_TOP150,BRD-K18316707,O-1918,trt_cp,44.52531
ATLAS_SIG_B_TOP150,6a92f7a00262700013c4e5f1,ATLAS_SIG_B_TOP150,BRD-K02590140,O-2050,trt_cp,25.65986
ATLAS_SIG_B_TOP150,6a92f7a00262700013c4e5f1,ATLAS_SIG_B_TOP150,BRD-K48029790,OBAA,trt_cp,22.916094
ATLAS_SIG_B_TOP150,6a92f7a00262700013c4e5f1,ATLAS_SIG_B_TOP150,BRD-K85318537,OBAA,trt_cp,0.845666
ATLAS_SIG_B_TOP150,6a92f7a00262700013c4e5f1,ATLAS_SIG_B_TOP150,BRD-K26015241,ODQ,trt_cp,4.721635
ATLAS_SIG_B_TOP150,6a92f7a00262700013c4e5f1,ATLAS_SIG_B_TOP150,BRD-A41112154,oleanolic-acid,trt_cp,34.006023
ATLAS_SIG_B_TOP150,6a92f7a00262700013c4e5f1,ATLAS_SIG_B_TOP150,BRD-A39522003,OMDM-2,trt_cp,19.634848
ATLAS_SIG_B_TOP150,6a92f7a00262700013c4e5f1,ATLAS_SIG_B_TOP150,BRD-A55962179,omeprazole,trt_cp,-7.751406
ATLAS_SIG_B_TOP150,6a92f7a00262700013c4e5f1,ATLAS_SIG_B_TOP150,BRD-A53576514,orphenadrine,trt_cp,1.0923185
ATLAS_SIG_B_TOP150,6a92f7a00262700013c4e5f1,ATLAS_SIG_B_TOP150,BRD-K59037100,oxybenzone,trt_cp,-4.1226215
ATLAS_SIG_B_TOP150,6a92f7a00262700013c4e5f1,ATLAS_SIG_B_TOP150,BRD-K82731415,olomoucine,trt_cp,-37.943428
ATLAS_SIG_B_TOP150,6a92f7a00262700013c4e5f1,ATLAS_SIG_B_TOP150,BRD-K86958018,olvanil,trt_cp,58.84725
ATLAS_SIG_B_TOP150,6a92f7a00262700013c4e5f1,ATLAS_SIG_B_TOP150,BRD-K51816706,oxindole-I,trt_cp,37.657135
ATLAS_SIG_B_TOP150,6a92f7a00262700013c4e5f1,ATLAS_SIG_B_TOP150,BRD-K16195444,oxymetazoline,trt_cp,-10.941659
ATLAS_SIG_B_TOP150,6a92f7a00262700013c4e5f1,ATLAS_SIG_B_TOP150,BRD-K19525698,ozagrel,trt_cp,-43.884445
ATLAS_SIG_B_TOP150,6a92f7a00262700013c4e5f1,ATLAS_SIG_B_TOP150,BRD-K00206590,P-1075,trt_cp,-34.816856
ATLAS_SIG_B_TOP150,6a92f7a00262700013c4e5f1,ATLAS_SIG_B_TOP150,BRD-A22380646,pantoprazole,trt_cp,-71.78507
ATLAS_SIG_B_TOP150,6a92f7a00262700013c4e5f1,ATLAS_SIG_B_TOP150,BRD-K15567136,papaverine,trt_cp,12.228021
ATLAS_SIG_B_TOP150,6a92f7a00262700013c4e5f1,ATLAS_SIG_B_TOP150,BRD-K40992116,parachlorophenol,trt_cp,32.178497
ATLAS_SIG_B_TOP150,6a92f7a00262700013c4e5f1,ATLAS_SIG_B_TOP150,BRD-K83597974,pargyline,trt_cp,-18.930563
ATLAS_SIG_B_TOP150,6a92f7a00262700013c4e5f1,ATLAS_SIG_B_TOP150,BRD-A29289453,PCA-4248,trt_cp,-0.9161381
ATLAS_SIG_B_TOP150,6a92f7a00262700013c4e5f1,ATLAS_SIG_B_TOP150,BRD-K52721684,PCO-400,trt_cp,14.084675
ATLAS_SIG_B_TOP150,6a92f7a00262700013c4e5f1,ATLAS_SIG_B_TOP150,BRD-A89337244,PD-102807,trt_cp,1.8322762
ATLAS_SIG_B_TOP150,6a92f7a00262700013c4e5f1,ATLAS_SIG_B_TOP150,BRD-A63836183,PD-123319,trt_cp,-2.1141648
ATLAS_SIG_B_TOP150,6a92f7a00262700013c4e5f1,ATLAS_SIG_B_TOP150,BRD-K12079898,PD-160170,trt_cp,-3.5847335
ATLAS_SIG_B_TOP150,6a92f7a00262700013c4e5f1,ATLAS_SIG_B_TOP150,BRD-A75478957,PD-166793,trt_cp,-14.769991
ATLAS_SIG_B_TOP150,6a92f7a00262700013c4e5f1,ATLAS_SIG_B_TOP150,BRD-K77133231,PD-169316,trt_cp,-57.065178
ATLAS_SIG_B_TOP150,6a92f7a00262700013c4e5f1,ATLAS_SIG_B_TOP150,BRD-K88677950,PD-198306,trt_cp,-75.62855
ATLAS_SIG_B_TOP150,6a92f7a00262700013c4e5f1,ATLAS_SIG_B_TOP150,BRD-K82823804,PD-407824,trt_cp,-19.673882
ATLAS_SIG_B_TOP150,6a92f7a00262700013c4e5f1,ATLAS_SIG_B_TOP150,BRD-K27665173,D-64406,trt_cp,-40.03432
ATLAS_SIG_B_TOP150,6a92f7a00262700013c4e5f1,ATLAS_SIG_B_TOP150,BRD-K15409150,penfluridol,trt_cp,46.675278
ATLAS_SIG_B_TOP150,6a92f7a00262700013c4e5f1,ATLAS_SIG_B_TOP150,BRD-K57569181,pentoxifylline,trt_cp,-18.548008
ATLAS_SIG_B_TOP150,6a92f7a00262700013c4e5f1,ATLAS_SIG_B_TOP150,BRD-K57718010,pentylenetetrazol,trt_cp,2.7484143
ATLAS_SIG_B_TOP150,6a92f7a00262700013c4e5f1,ATLAS_SIG_B_TOP150,BRD-K72034655,peucedanin,trt_cp,17.945147
ATLAS_SIG_B_TOP150,6a92f7a00262700013c4e5f1,ATLAS_SIG_B_TOP150,BRD-A70268693,PG-9,trt_cp,-1.0923185
ATLAS_SIG_B_TOP150,6a92f7a00262700013c4e5f1,ATLAS_SIG_B_TOP150,BRD-K95435023,PHA-665752,trt_cp,38.579002
ATLAS_SIG_B_TOP150,6a92f7a00262700013c4e5f1,ATLAS_SIG_B_TOP150,BRD-K90333595,phentolamine,trt_cp,-2.501762
ATLAS_SIG_B_TOP150,6a92f7a00262700013c4e5f1,ATLAS_SIG_B_TOP150,BRD-K74112339,acetohydroxamic-acid,trt_cp,10.812138
ATLAS_SIG_B_TOP150,6a92f7a00262700013c4e5f1,ATLAS_SIG_B_TOP150,BRD-K10843433,phenylbutazone,trt_cp,28.15208
ATLAS_SIG_B_TOP150,6a92f7a00262700013c4e5f1,ATLAS_SIG_B_TOP150,BRD-K76568384,PHTPP,trt_cp,-29.790054
ATLAS_SIG_B_TOP150,6a92f7a00262700013c4e5f1,ATLAS_SIG_B_TOP150,BRD-K97365803,PI-828,trt_cp,-1.0218464
ATLAS_SIG_B_TOP150,6a92f7a00262700013c4e5f1,ATLAS_SIG_B_TOP150,BRD-K91509126,piceatannol,trt_cp,9.936575
ATLAS_SIG_B_TOP150,6a92f7a00262700013c4e5f1,ATLAS_SIG_B_TOP150,BRD-A43882281,pinacidil,trt_cp,-0.9161381
ATLAS_SIG_B_TOP150,6a92f7a00262700013c4e5f1,ATLAS_SIG_B_TOP150,BRD-K94689771,pinocembrin,trt_cp,32.775505
ATLAS_SIG_B_TOP150,6a92f7a00262700013c4e5f1,ATLAS_SIG_B_TOP150,BRD-K89375097,pirenzepine,trt_cp,-20.026236
ATLAS_SIG_B_TOP150,6a92f7a00262700013c4e5f1,ATLAS_SIG_B_TOP150,BRD-K43978949,PIT,trt_cp,3.1712472
ATLAS_SIG_B_TOP150,6a92f7a00262700013c4e5f1,ATLAS_SIG_B_TOP150,BRD-A41451487,PK-11195,trt_cp,-0.422833
ATLAS_SIG_B_TOP150,6a92f7a00262700013c4e5f1,ATLAS_SIG_B_TOP150,BRD-K13646352,midostaurin,trt_cp,1.303735
ATLAS_SIG_B_TOP150,6a92f7a00262700013c4e5f1,ATLAS_SIG_B_TOP150,BRD-K71731651,PNU-120596,trt_cp,-23.132885
ATLAS_SIG_B_TOP150,6a92f7a00262700013c4e5f1,ATLAS_SIG_B_TOP150,BRD-K16551401,PNU-22394,trt_cp,-60.601
ATLAS_SIG_B_TOP150,6a92f7a00262700013c4e5f1,ATLAS_SIG_B_TOP150,BRD-K28863208,PNU-282987,trt_cp,-6.5975933
ATLAS_SIG_B_TOP150,6a92f7a00262700013c4e5f1,ATLAS_SIG_B_TOP150,BRD-A95096829,PNU-96415E,trt_cp,9.431959
ATLAS_SIG_B_TOP150,6a92f7a00262700013c4e5f1,ATLAS_SIG_B_TOP150,BRD-K47598052,PP-1,trt_cp,-1.2820866
ATLAS_SIG_B_TOP150,6a92f7a00262700013c4e5f1,ATLAS_SIG_B_TOP150,BRD-K95785537,PP-2,trt_cp,-7.701603
ATLAS_SIG_B_TOP150,6a92f7a00262700013c4e5f1,ATLAS_SIG_B_TOP150,BRD-K16977723,PP-3,trt_cp,-6.3447356
ATLAS_SIG_B_TOP150,6a92f7a00262700013c4e5f1,ATLAS_SIG_B_TOP150,BRD-K00312224,PPT,trt_cp,8.394334
ATLAS_SIG_B_TOP150,6a92f7a00262700013c4e5f1,ATLAS_SIG_B_TOP150,BRD-K67537649,PQ-401,trt_cp,-2.0008805
ATLAS_SIG_B_TOP150,6a92f7a00262700013c4e5f1,ATLAS_SIG_B_TOP150,BRD-A71816415,pravastatin,trt_cp,21.797745
ATLAS_SIG_B_TOP150,6a92f7a00262700013c4e5f1,ATLAS_SIG_B_TOP150,BRD-K72029282,probucol,trt_cp,11.457611
ATLAS_SIG_B_TOP150,6a92f7a00262700013c4e5f1,ATLAS_SIG_B_TOP150,BRD-K99029477,prometon,trt_cp,0.5360972
ATLAS_SIG_B_TOP150,6a92f7a00262700013c4e5f1,ATLAS_SIG_B_TOP150,BRD-A26334849,propafenone,trt_cp,17.444935
ATLAS_SIG_B_TOP150,6a92f7a00262700013c4e5f1,ATLAS_SIG_B_TOP150,BRD-K82255054,propofol,trt_cp,-3.5588443
ATLAS_SIG_B_TOP150,6a92f7a00262700013c4e5f1,ATLAS_SIG_B_TOP150,BRD-K85242180,beta-CCP,trt_cp,2.2903454
ATLAS_SIG_B_TOP150,6a92f7a00262700013c4e5f1,ATLAS_SIG_B_TOP150,BRD-K04010869,prostaglandin-a1,trt_cp,-28.559423
ATLAS_SIG_B_TOP150,6a92f7a00262700013c4e5f1,ATLAS_SIG_B_TOP150,BRD-K82865713,prostaglandin-b2,trt_cp,-45.28096
ATLAS_SIG_B_TOP150,6a92f7a00262700013c4e5f1,ATLAS_SIG_B_TOP150,BRD-K97863768,prothionamide,trt_cp,35.913204
ATLAS_SIG_B_TOP150,6a92f7a00262700013c4e5f1,ATLAS_SIG_B_TOP150,BRD-K57546357,prunetin,trt_cp,-8.930297
ATLAS_SIG_B_TOP150,6a92f7a00262700013c4e5f1,ATLAS_SIG_B_TOP150,BRD-K10177585,PSB-11,trt_cp,-14.307788
ATLAS_SIG_B_TOP150,6a92f7a00262700013c4e5f1,ATLAS_SIG_B_TOP150,BRD-K84175871,pseudoephedrine,trt_cp,-29.181225
ATLAS_SIG_B_TOP150,6a92f7a00262700013c4e5f1,ATLAS_SIG_B_TOP150,BRD-K04170657,psoromic-acid,trt_cp,-53.66938
ATLAS_SIG_B_TOP150,6a92f7a00262700013c4e5f1,ATLAS_SIG_B_TOP150,BRD-A28970875,puromycin,trt_cp,0.0
ATLAS_SIG_B_TOP150,6a92f7a00262700013c4e5f1,ATLAS_SIG_B_TOP150,BRD-K97564742,mepyramine,trt_cp,3.2417195
ATLAS_SIG_B_TOP150,6a92f7a00262700013c4e5f1,ATLAS_SIG_B_TOP150,BRD-K88429204,pyrimethamine,trt_cp,-22.6157
ATLAS_SIG_B_TOP150,6a92f7a00262700013c4e5f1,ATLAS_SIG_B_TOP150,BRD-K68095457,palmitoylethanolamide,trt_cp,2.5621996
ATLAS_SIG_B_TOP150,6a92f7a00262700013c4e5f1,ATLAS_SIG_B_TOP150,BRD-K11163873,phenanthridone,trt_cp,-24.720982
ATLAS_SIG_B_TOP150,6a92f7a00262700013c4e5f1,ATLAS_SIG_B_TOP150,BRD-K11399644,phenformin,trt_cp,-10.67389
ATLAS_SIG_B_TOP150,6a92f7a00262700013c4e5f1,ATLAS_SIG_B_TOP150,BRD-K68873215,phosphodiesterase-V-inhibitor-II,trt_cp,26.593737
ATLAS_SIG_B_TOP150,6a92f7a00262700013c4e5f1,ATLAS_SIG_B_TOP150,BRD-K26241953,piceatannol,trt_cp,21.652721
ATLAS_SIG_B_TOP150,6a92f7a00262700013c4e5f1,ATLAS_SIG_B_TOP150,BRD-K67277431,picotamide,trt_cp,69.012886
ATLAS_SIG_B_TOP150,6a92f7a00262700013c4e5f1,ATLAS_SIG_B_TOP150,BRD-A37817666,picrotoxin,trt_cp,-46.148685
ATLAS_SIG_B_TOP150,6a92f7a00262700013c4e5f1,ATLAS_SIG_B_TOP150,BRD-K66874953,pifithrin-alpha,trt_cp,14.413806
ATLAS_SIG_B_TOP150,6a92f7a00262700013c4e5f1,ATLAS_SIG_B_TOP150,BRD-K31792052,pifithrin,trt_cp,-0.845666
ATLAS_SIG_B_TOP150,6a92f7a00262700013c4e5f1,ATLAS_SIG_B_TOP150,BRD-A58207013,pinacidil,trt_cp,40.05106
ATLAS_SIG_B_TOP150,6a92f7a00262700013c4e5f1,ATLAS_SIG_B_TOP150,BRD-K16277217,piperacetazine,trt_cp,0.5285412
ATLAS_SIG_B_TOP150,6a92f7a00262700013c4e5f1,ATLAS_SIG_B_TOP150,BRD-K87990216,piretanide,trt_cp,2.0084567
ATLAS_SIG_B_TOP150,6a92f7a00262700013c4e5f1,ATLAS_SIG_B_TOP150,BRD-K96862998,pirfenidone,trt_cp,-5.48267
ATLAS_SIG_B_TOP150,6a92f7a00262700013c4e5f1,ATLAS_SIG_B_TOP150,BRD-K60511616,pravastatin,trt_cp,-4.4749823
ATLAS_SIG_B_TOP150,6a92f7a00262700013c4e5f1,ATLAS_SIG_B_TOP150,BRD-K39356024,pregnenolone,trt_cp,11.961181
ATLAS_SIG_B_TOP150,6a92f7a00262700013c4e5f1,ATLAS_SIG_B_TOP150,BRD-A22684332,procaterol,trt_cp,40.51239
ATLAS_SIG_B_TOP150,6a92f7a00262700013c4e5f1,ATLAS_SIG_B_TOP150,BRD-K64994968,progesterone,trt_cp,15.534517
ATLAS_SIG_B_TOP150,6a92f7a00262700013c4e5f1,ATLAS_SIG_B_TOP150,BRD-K18250272,propoxycaine,trt_cp,-27.952797
ATLAS_SIG_B_TOP150,6a92f7a00262700013c4e5f1,ATLAS_SIG_B_TOP150,BRD-K26521938,dinoprostone,trt_cp,-29.005198
ATLAS_SIG_B_TOP150,6a92f7a00262700013c4e5f1,ATLAS_SIG_B_TOP150,BRD-K77171813,proxyfan,trt_cp,-26.502
ATLAS_SIG_B_TOP150,6a92f7a00262700013c4e5f1,ATLAS_SIG_B_TOP150,BRD-A19053259,pseudopelletierine,trt_cp,15.223869
ATLAS_SIG_B_TOP150,6a92f7a00262700013c4e5f1,ATLAS_SIG_B_TOP150,BRD-K73397362,purmorphamine,trt_cp,3.8643992
ATLAS_SIG_B_TOP150,6a92f7a00262700013c4e5f1,ATLAS_SIG_B_TOP150,BRD-K36007650,puromycin,trt_cp,-2.0436928
ATLAS_SIG_B_TOP150,6a92f7a00262700013c4e5f1,ATLAS_SIG_B_TOP150,BRD-K80970344,pyrrolidine-dithiocarbamate,trt_cp,-1.6570648
ATLAS_SIG_B_TOP150,6a92f7a00262700013c4e5f1,ATLAS_SIG_B_TOP150,BRD-K59632282,quinidine,trt_cp,5.567301
ATLAS_SIG_B_TOP150,6a92f7a00262700013c4e5f1,ATLAS_SIG_B_TOP150,BRD-K56596464,QX-314,trt_cp,-48.51338
ATLAS_SIG_B_TOP150,6a92f7a00262700013c4e5f1,ATLAS_SIG_B_TOP150,BRD-K97399794,quercetin,trt_cp,-4.897815
ATLAS_SIG_B_TOP150,6a92f7a00262700013c4e5f1,ATLAS_SIG_B_TOP150,BRD-K70799801,quinidine,trt_cp,52.124054
ATLAS_SIG_B_TOP150,6a92f7a00262700013c4e5f1,ATLAS_SIG_B_TOP150,BRD-K84421793,BRD-K84421793,trt_cp,0.0
ATLAS_SIG_B_TOP150,6a92f7a00262700013c4e5f1,ATLAS_SIG_B_TOP150,BRD-K39187410,BRD-K39187410,trt_cp,-95.22302
ATLAS_SIG_B_TOP150,6a92f7a00262700013c4e5f1,ATLAS_SIG_B_TOP150,BRD-K32412559,morphothebaine,trt_cp,-23.855549
ATLAS_SIG_B_TOP150,6a92f7a00262700013c4e5f1,ATLAS_SIG_B_TOP150,BRD-K15588452,R-96544,trt_cp,-28.266857
ATLAS_SIG_B_TOP150,6a92f7a00262700013c4e5f1,ATLAS_SIG_B_TOP150,BRD-K70505054,ranitidine,trt_cp,-27.52135
ATLAS_SIG_B_TOP150,6a92f7a00262700013c4e5f1,ATLAS_SIG_B_TOP150,BRD-A97674275,ranolazine,trt_cp,-16.434448
ATLAS_SIG_B_TOP150,6a92f7a00262700013c4e5f1,ATLAS_SIG_B_TOP150,BRD-K95921201,reserpine,trt_cp,-50.60897
ATLAS_SIG_B_TOP150,6a92f7a00262700013c4e5f1,ATLAS_SIG_B_TOP150,BRD-A68281735,REV-5901,trt_cp,0.52328295
ATLAS_SIG_B_TOP150,6a92f7a00262700013c4e5f1,ATLAS_SIG_B_TOP150,BRD-K82688027,RG-13022,trt_cp,2.5369978
ATLAS_SIG_B_TOP150,6a92f7a00262700013c4e5f1,ATLAS_SIG_B_TOP150,BRD-K21853356,RG-14620,trt_cp,19.950294
ATLAS_SIG_B_TOP150,6a92f7a00262700013c4e5f1,ATLAS_SIG_B_TOP150,BRD-K56047318,RHC-80267,trt_cp,57.831142
ATLAS_SIG_B_TOP150,6a92f7a00262700013c4e5f1,ATLAS_SIG_B_TOP150,BRD-A59174698,ritodrine,trt_cp,12.454613
ATLAS_SIG_B_TOP150,6a92f7a00262700013c4e5f1,ATLAS_SIG_B_TOP150,BRD-K34330170,rotenonic-acid,trt_cp,18.55668
ATLAS_SIG_B_TOP150,6a92f7a00262700013c4e5f1,ATLAS_SIG_B_TOP150,BRD-K08640512,RS-100329,trt_cp,-1.1376113
ATLAS_SIG_B_TOP150,6a92f7a00262700013c4e5f1,ATLAS_SIG_B_TOP150,BRD-K87048468,RS-102221,trt_cp,-1.2332629
ATLAS_SIG_B_TOP150,6a92f7a00262700013c4e5f1,ATLAS_SIG_B_TOP150,BRD-K80725821,RS-16566,trt_cp,-53.37038
ATLAS_SIG_B_TOP150,6a92f7a00262700013c4e5f1,ATLAS_SIG_B_TOP150,BRD-K76840893,RS-17053,trt_cp,53.262234
ATLAS_SIG_B_TOP150,6a92f7a00262700013c4e5f1,ATLAS_SIG_B_TOP150,BRD-K26160755,RS-45041-190,trt_cp,-43.400898
ATLAS_SIG_B_TOP150,6a92f7a00262700013c4e5f1,ATLAS_SIG_B_TOP150,BRD-K87510569,RS-504393,trt_cp,8.985201
ATLAS_SIG_B_TOP150,6a92f7a00262700013c4e5f1,ATLAS_SIG_B_TOP150,BRD-K20714604,RS-56812,trt_cp,-55.611603
ATLAS_SIG_B_TOP150,6a92f7a00262700013c4e5f1,ATLAS_SIG_B_TOP150,BRD-K46142322,RS-67333,trt_cp,-53.303467
ATLAS_SIG_B_TOP150,6a92f7a00262700013c4e5f1,ATLAS_SIG_B_TOP150,BRD-K50018155,RS-67506,trt_cp,-38.662086
ATLAS_SIG_B_TOP150,6a92f7a00262700013c4e5f1,ATLAS_SIG_B_TOP150,BRD-A29437505,RWJ-21757,trt_cp,16.193756
ATLAS_SIG_B_TOP150,6a92f7a00262700013c4e5f1,ATLAS_SIG_B_TOP150,BRD-K69556541,ryanodine,trt_cp,-7.555829
ATLAS_SIG_B_TOP150,6a92f7a00262700013c4e5f1,ATLAS_SIG_B_TOP150,BRD-K04111260,raclopride,trt_cp,-5.810175
ATLAS_SIG_B_TOP150,6a92f7a00262700013c4e5f1,ATLAS_SIG_B_TOP150,BRD-K14204120,ranitidine,trt_cp,-11.990046
ATLAS_SIG_B_TOP150,6a92f7a00262700013c4e5f1,ATLAS_SIG_B_TOP150,BRD-A43974499,reboxetine,trt_cp,7.1529245
ATLAS_SIG_B_TOP150,6a92f7a00262700013c4e5f1,ATLAS_SIG_B_TOP150,BRD-K54094468,remoxipride,trt_cp,30.352407
ATLAS_SIG_B_TOP150,6a92f7a00262700013c4e5f1,ATLAS_SIG_B_TOP150,BRD-K52930707,rescinnamine,trt_cp,-6.1870775
ATLAS_SIG_B_TOP150,6a92f7a00262700013c4e5f1,ATLAS_SIG_B_TOP150,BRD-K32755366,reserpic-acid,trt_cp,-25.63343
ATLAS_SIG_B_TOP150,6a92f7a00262700013c4e5f1,ATLAS_SIG_B_TOP150,BRD-K25591257,resveratrol,trt_cp,3.8407328
ATLAS_SIG_B_TOP150,6a92f7a00262700013c4e5f1,ATLAS_SIG_B_TOP150,BRD-M62162320,rilmenidine,trt_cp,-1.726568
ATLAS_SIG_B_TOP150,6a92f7a00262700013c4e5f1,ATLAS_SIG_B_TOP150,BRD-K21283037,riluzole,trt_cp,16.472849
ATLAS_SIG_B_TOP150,6a92f7a00262700013c4e5f1,ATLAS_SIG_B_TOP150,BRD-A63346720,rimcazole,trt_cp,8.333829
ATLAS_SIG_B_TOP150,6a92f7a00262700013c4e5f1,ATLAS_SIG_B_TOP150,BRD-K31627533,rimexolone,trt_cp,-37.072025
ATLAS_SIG_B_TOP150,6a92f7a00262700013c4e5f1,ATLAS_SIG_B_TOP150,BRD-A63546914,Ro-04-5595,trt_cp,58.009308
ATLAS_SIG_B_TOP150,6a92f7a00262700013c4e5f1,ATLAS_SIG_B_TOP150,BRD-K00486786,Ro-08-2750,trt_cp,0.7751938
ATLAS_SIG_B_TOP150,6a92f7a00262700013c4e5f1,ATLAS_SIG_B_TOP150,BRD-K79684402,Ro-10-5824,trt_cp,9.751098
ATLAS_SIG_B_TOP150,6a92f7a00262700013c4e5f1,ATLAS_SIG_B_TOP150,BRD-K82823076,Ro-15-4513,trt_cp,-28.827978
ATLAS_SIG_B_TOP150,6a92f7a00262700013c4e5f1,ATLAS_SIG_B_TOP150,BRD-K80778372,Ro-19-4605,trt_cp,-57.59342
ATLAS_SIG_B_TOP150,6a92f7a00262700013c4e5f1,ATLAS_SIG_B_TOP150,BRD-A49370193,Ro-60-0175,trt_cp,0.0
ATLAS_SIG_B_TOP150,6a92f7a00262700013c4e5f1,ATLAS_SIG_B_TOP150,BRD-K20313525,rosmarinic-acid,trt_cp,-27.93029
ATLAS_SIG_B_TOP150,6a92f7a00262700013c4e5f1,ATLAS_SIG_B_TOP150,BRD-K06426971,ryuvidine,trt_cp,48.26262
ATLAS_SIG_B_TOP150,6a92f7a00262700013c4e5f1,ATLAS_SIG_B_TOP150,BRD-K05901394,terguride,trt_cp,7.6302624
ATLAS_SIG_B_TOP150,6a92f7a00262700013c4e5f1,ATLAS_SIG_B_TOP150,BRD-K88871508,lisuride,trt_cp,-36.301353
ATLAS_SIG_B_TOP150,6a92f7a00262700013c4e5f1,ATLAS_SIG_B_TOP150,BRD-K14965640,ibuprofen-(S),trt_cp,-4.0345683
ATLAS_SIG_B_TOP150,6a92f7a00262700013c4e5f1,ATLAS_SIG_B_TOP150,BRD-K19284129,salvinorin-a,trt_cp,5.3558846
ATLAS_SIG_B_TOP150,6a92f7a00262700013c4e5f1,ATLAS_SIG_B_TOP150,BRD-K83637872,SANT-1,trt_cp,7.266215
ATLAS_SIG_B_TOP150,6a92f7a00262700013c4e5f1,ATLAS_SIG_B_TOP150,BRD-A89434049,sarmentogenin,trt_cp,-1.1794139
ATLAS_SIG_B_TOP150,6a92f7a00262700013c4e5f1,ATLAS_SIG_B_TOP150,BRD-K77677632,SB-200646,trt_cp,41.10712
ATLAS_SIG_B_TOP150,6a92f7a00262700013c4e5f1,ATLAS_SIG_B_TOP150,BRD-K54330070,SB-202190,trt_cp,-68.49746
ATLAS_SIG_B_TOP150,6a92f7a00262700013c4e5f1,ATLAS_SIG_B_TOP150,BRD-A37704979,SB-203580,trt_cp,-34.745995
ATLAS_SIG_B_TOP150,6a92f7a00262700013c4e5f1,ATLAS_SIG_B_TOP150,BRD-A22707317,SB-205384,trt_cp,-2.2551093
ATLAS_SIG_B_TOP150,6a92f7a00262700013c4e5f1,ATLAS_SIG_B_TOP150,BRD-A11609859,SB-205607,trt_cp,13.762253
ATLAS_SIG_B_TOP150,6a92f7a00262700013c4e5f1,ATLAS_SIG_B_TOP150,BRD-K61097567,SB-218795,trt_cp,-15.247704
ATLAS_SIG_B_TOP150,6a92f7a00262700013c4e5f1,ATLAS_SIG_B_TOP150,BRD-K14807180,SB-221284,trt_cp,-9.247992
ATLAS_SIG_B_TOP150,6a92f7a00262700013c4e5f1,ATLAS_SIG_B_TOP150,BRD-K04414442,SB-222200,trt_cp,-7.2272153
ATLAS_SIG_B_TOP150,6a92f7a00262700013c4e5f1,ATLAS_SIG_B_TOP150,BRD-K61323504,SB-225002,trt_cp,91.15628
ATLAS_SIG_B_TOP150,6a92f7a00262700013c4e5f1,ATLAS_SIG_B_TOP150,BRD-K98143437,SB-239063,trt_cp,13.776866
ATLAS_SIG_B_TOP150,6a92f7a00262700013c4e5f1,ATLAS_SIG_B_TOP150,BRD-K24201553,SB-269970,trt_cp,63.949596
ATLAS_SIG_B_TOP150,6a92f7a00262700013c4e5f1,ATLAS_SIG_B_TOP150,BRD-K41567364,SB-334867,trt_cp,6.2528987
ATLAS_SIG_B_TOP150,6a92f7a00262700013c4e5f1,ATLAS_SIG_B_TOP150,BRD-K59331372,SB-366791,trt_cp,23.308455
ATLAS_SIG_B_TOP150,6a92f7a00262700013c4e5f1,ATLAS_SIG_B_TOP150,BRD-K53913732,SB-408124,trt_cp,1.9732206
ATLAS_SIG_B_TOP150,6a92f7a00262700013c4e5f1,ATLAS_SIG_B_TOP150,BRD-K76805682,SB-415286,trt_cp,-9.444998
ATLAS_SIG_B_TOP150,6a92f7a00262700013c4e5f1,ATLAS_SIG_B_TOP150,BRD-K67298865,SB-431542,trt_cp,-13.470146
ATLAS_SIG_B_TOP150,6a92f7a00262700013c4e5f1,ATLAS_SIG_B_TOP150,BRD-K14767410,SC-560,trt_cp,1.4446794
ATLAS_SIG_B_TOP150,6a92f7a00262700013c4e5f1,ATLAS_SIG_B_TOP150,BRD-K26373640,IKK-2-inhibitor,trt_cp,-33.437637
ATLAS_SIG_B_TOP150,6a92f7a00262700013c4e5f1,ATLAS_SIG_B_TOP150,BRD-K85871428,SC-68376,trt_cp,19.802511
ATLAS_SIG_B_TOP150,6a92f7a00262700013c4e5f1,ATLAS_SIG_B_TOP150,BRD-K25875056,SC-9,trt_cp,3.805497
ATLAS_SIG_B_TOP150,6a92f7a00262700013c4e5f1,ATLAS_SIG_B_TOP150,BRD-K81847782,scandenin,trt_cp,-46.65755
ATLAS_SIG_B_TOP150,6a92f7a00262700013c4e5f1,ATLAS_SIG_B_TOP150,BRD-K45435259,SCH-23390,trt_cp,10.399864
ATLAS_SIG_B_TOP150,6a92f7a00262700013c4e5f1,ATLAS_SIG_B_TOP150,BRD-K94270326,ecopipam,trt_cp,44.737328
ATLAS_SIG_B_TOP150,6a92f7a00262700013c4e5f1,ATLAS_SIG_B_TOP150,BRD-K46469693,SCH-442416,trt_cp,29.654886
ATLAS_SIG_B_TOP150,6a92f7a00262700013c4e5f1,ATLAS_SIG_B_TOP150,BRD-K81225797,SCH-58261,trt_cp,43.39619
ATLAS_SIG_B_TOP150,6a92f7a00262700013c4e5f1,ATLAS_SIG_B_TOP150,BRD-A62035778,scopolamine,trt_cp,-60.806587
ATLAS_SIG_B_TOP150,6a92f7a00262700013c4e5f1,ATLAS_SIG_B_TOP150,BRD-K15868788,SDZ-205-557,trt_cp,31.496952
ATLAS_SIG_B_TOP150,6a92f7a00262700013c4e5f1,ATLAS_SIG_B_TOP150,BRD-A15530910,SDZ-21009,trt_cp,20.298985
ATLAS_SIG_B_TOP150,6a92f7a00262700013c4e5f1,ATLAS_SIG_B_TOP150,BRD-A82590476,SDZ-NKT-343,trt_cp,-20.749454
ATLAS_SIG_B_TOP150,6a92f7a00262700013c4e5f1,ATLAS_SIG_B_TOP150,BRD-A31007383,SDZ-WAG-994,trt_cp,27.532036
ATLAS_SIG_B_TOP150,6a92f7a00262700013c4e5f1,ATLAS_SIG_B_TOP150,BRD-K07212038,selinidin,trt_cp,65.910286
ATLAS_SIG_B_TOP150,6a92f7a00262700013c4e5f1,ATLAS_SIG_B_TOP150,BRD-K15601958,SEW-2871,trt_cp,1.7618041
ATLAS_SIG_B_TOP150,6a92f7a00262700013c4e5f1,ATLAS_SIG_B_TOP150,BRD-K98157055,SIB-1757,trt_cp,31.657177
ATLAS_SIG_B_TOP150,6a92f7a00262700013c4e5f1,ATLAS_SIG_B_TOP150,BRD-K84996949,sinensetin,trt_cp,-54.82087
ATLAS_SIG_B_TOP150,6a92f7a00262700013c4e5f1,ATLAS_SIG_B_TOP150,BRD-K73824630,skatole,trt_cp,-35.980846
ATLAS_SIG_B_TOP150,6a92f7a00262700013c4e5f1,ATLAS_SIG_B_TOP150,BRD-A64227845,SKF-77434,trt_cp,-44.31501
ATLAS_SIG_B_TOP150,6a92f7a00262700013c4e5f1,ATLAS_SIG_B_TOP150,BRD-A09828896,SKF-81297,trt_cp,12.476924
ATLAS_SIG_B_TOP150,6a92f7a00262700013c4e5f1,ATLAS_SIG_B_TOP150,BRD-K96809896,SKF-86002,trt_cp,4.5560064
ATLAS_SIG_B_TOP150,6a92f7a00262700013c4e5f1,ATLAS_SIG_B_TOP150,BRD-A49046702,SKF-89976A,trt_cp,-37.121017
ATLAS_SIG_B_TOP150,6a92f7a00262700013c4e5f1,ATLAS_SIG_B_TOP150,BRD-K01567962,pyrazolanthrone,trt_cp,1.2684989
ATLAS_SIG_B_TOP150,6a92f7a00262700013c4e5f1,ATLAS_SIG_B_TOP150,BRD-A56987319,SQ-22536,trt_cp,-14.076845
ATLAS_SIG_B_TOP150,6a92f7a00262700013c4e5f1,ATLAS_SIG_B_TOP150,BRD-K91243525,SR-142948,trt_cp,-42.23343
ATLAS_SIG_B_TOP150,6a92f7a00262700013c4e5f1,ATLAS_SIG_B_TOP150,BRD-K35629949,SR-27897,trt_cp,-72.5287
ATLAS_SIG_B_TOP150,6a92f7a00262700013c4e5f1,ATLAS_SIG_B_TOP150,BRD-K96720755,relcovaptan,trt_cp,20.433174
ATLAS_SIG_B_TOP150,6a92f7a00262700013c4e5f1,ATLAS_SIG_B_TOP150,BRD-K09397065,SR-57227A,trt_cp,6.4291024
ATLAS_SIG_B_TOP150,6a92f7a00262700013c4e5f1,ATLAS_SIG_B_TOP150,BRD-K35430135,SR-59230A,trt_cp,-1.3389711
ATLAS_SIG_B_TOP150,6a92f7a00262700013c4e5f1,ATLAS_SIG_B_TOP150,BRD-K19309090,SR-95639A,trt_cp,3.2769556
ATLAS_SIG_B_TOP150,6a92f7a00262700013c4e5f1,ATLAS_SIG_B_TOP150,BRD-K72895815,SSR-69071,trt_cp,47.41066
ATLAS_SIG_B_TOP150,6a92f7a00262700013c4e5f1,ATLAS_SIG_B_TOP150,BRD-K18905250,ST-91,trt_cp,-41.50965
ATLAS_SIG_B_TOP150,6a92f7a00262700013c4e5f1,ATLAS_SIG_B_TOP150,BRD-K52620403,STO-609,trt_cp,-47.466537
ATLAS_SIG_B_TOP150,6a92f7a00262700013c4e5f1,ATLAS_SIG_B_TOP150,BRD-K20287671,SU-4312,trt_cp,-9.921326
ATLAS_SIG_B_TOP150,6a92f7a00262700013c4e5f1,ATLAS_SIG_B_TOP150,BRD-K60487568,SU-4312,trt_cp,-51.043995
ATLAS_SIG_B_TOP150,6a92f7a00262700013c4e5f1,ATLAS_SIG_B_TOP150,BRD-K63504947,semaxanib,trt_cp,45.588737
ATLAS_SIG_B_TOP150,6a92f7a00262700013c4e5f1,ATLAS_SIG_B_TOP150,BRD-K34995470,SU-1498,trt_cp,-42.485855
ATLAS_SIG_B_TOP150,6a92f7a00262700013c4e5f1,ATLAS_SIG_B_TOP150,BRD-K97354755,SU-6656,trt_cp,51.657227
ATLAS_SIG_B_TOP150,6a92f7a00262700013c4e5f1,ATLAS_SIG_B_TOP150,BRD-A70649075,sulconazole,trt_cp,18.841688
ATLAS_SIG_B_TOP150,6a92f7a00262700013c4e5f1,ATLAS_SIG_B_TOP150,BRD-A10715913,sulpiride,trt_cp,45.304245
ATLAS_SIG_B_TOP150,6a92f7a00262700013c4e5f1,ATLAS_SIG_B_TOP150,BRD-A24122750,saclofen,trt_cp,2.9245949
ATLAS_SIG_B_TOP150,6a92f7a00262700013c4e5f1,ATLAS_SIG_B_TOP150,BRD-K09963420,saquinavir,trt_cp,47.08953
ATLAS_SIG_B_TOP150,6a92f7a00262700013c4e5f1,ATLAS_SIG_B_TOP150,BRD-A49906757,scopolamine-n-oxide,trt_cp,-2.2198732
ATLAS_SIG_B_TOP150,6a92f7a00262700013c4e5f1,ATLAS_SIG_B_TOP150,BRD-A14566392,scopolamine,trt_cp,0.0
ATLAS_SIG_B_TOP150,6a92f7a00262700013c4e5f1,ATLAS_SIG_B_TOP150,BRD-K62609077,scoulerine,trt_cp,33.472237
ATLAS_SIG_B_TOP150,6a92f7a00262700013c4e5f1,ATLAS_SIG_B_TOP150,BRD-K22503835,scriptaid,trt_cp,7.9664598
ATLAS_SIG_B_TOP150,6a92f7a00262700013c4e5f1,ATLAS_SIG_B_TOP150,BRD-A25775766,securinine,trt_cp,-1.4446794
ATLAS_SIG_B_TOP150,6a92f7a00262700013c4e5f1,ATLAS_SIG_B_TOP150,BRD-K38449220,seneciphylline,trt_cp,-35.879913
ATLAS_SIG_B_TOP150,6a92f7a00262700013c4e5f1,ATLAS_SIG_B_TOP150,BRD-K25741894,skimmianine,trt_cp,-13.6139965
ATLAS_SIG_B_TOP150,6a92f7a00262700013c4e5f1,ATLAS_SIG_B_TOP150,BRD-K70881766,solanine,trt_cp,-4.6511626
ATLAS_SIG_B_TOP150,6a92f7a00262700013c4e5f1,ATLAS_SIG_B_TOP150,BRD-K97330509,SRC-kinase-inhibitor-II,trt_cp,-38.740005
ATLAS_SIG_B_TOP150,6a92f7a00262700013c4e5f1,ATLAS_SIG_B_TOP150,BRD-K68332390,ponalrestat,trt_cp,-1.4094433
ATLAS_SIG_B_TOP150,6a92f7a00262700013c4e5f1,ATLAS_SIG_B_TOP150,BRD-K84595254,strophanthidin,trt_cp,0.0
ATLAS_SIG_B_TOP150,6a92f7a00262700013c4e5f1,ATLAS_SIG_B_TOP150,BRD-K35708212,ouabain,trt_cp,-11.511603
ATLAS_SIG_B_TOP150,6a92f7a00262700013c4e5f1,ATLAS_SIG_B_TOP150,BRD-K30189597,SYK-inhibitor,trt_cp,-10.815294
ATLAS_SIG_B_TOP150,6a92f7a00262700013c4e5f1,ATLAS_SIG_B_TOP150,BRD-K14200658,syrosingopine,trt_cp,0.9161381
ATLAS_SIG_B_TOP150,6a92f7a00262700013c4e5f1,ATLAS_SIG_B_TOP150,BRD-K31843556,T-0070907,trt_cp,11.813171
ATLAS_SIG_B_TOP150,6a92f7a00262700013c4e5f1,ATLAS_SIG_B_TOP150,BRD-K63516691,T-0156,trt_cp,64.631
ATLAS_SIG_B_TOP150,6a92f7a00262700013c4e5f1,ATLAS_SIG_B_TOP150,BRD-K23383398,T-0901317,trt_cp,49.728386
ATLAS_SIG_B_TOP150,6a92f7a00262700013c4e5f1,ATLAS_SIG_B_TOP150,BRD-K62221994,T-98475,trt_cp,27.384722
ATLAS_SIG_B_TOP150,6a92f7a00262700013c4e5f1,ATLAS_SIG_B_TOP150,BRD-K25186396,tangeritin,trt_cp,-1.9903765
ATLAS_SIG_B_TOP150,6a92f7a00262700013c4e5f1,ATLAS_SIG_B_TOP150,BRD-K97118047,"4,5,6,7-tetrabromobenzotriazole",trt_cp,-20.2664
ATLAS_SIG_B_TOP150,6a92f7a00262700013c4e5f1,ATLAS_SIG_B_TOP150,BRD-K67352070,TC-2559,trt_cp,29.610247
ATLAS_SIG_B_TOP150,6a92f7a00262700013c4e5f1,ATLAS_SIG_B_TOP150,BRD-A31195449,TCB2,trt_cp,18.882484
ATLAS_SIG_B_TOP150,6a92f7a00262700013c4e5f1,ATLAS_SIG_B_TOP150,BRD-K73999723,telmisartan,trt_cp,12.813435
ATLAS_SIG_B_TOP150,6a92f7a00262700013c4e5f1,ATLAS_SIG_B_TOP150,BRD-K51805276,temefos,trt_cp,9.43323
ATLAS_SIG_B_TOP150,6a92f7a00262700013c4e5f1,ATLAS_SIG_B_TOP150,BRD-A33833419,TER-14687,trt_cp,-24.588995
ATLAS_SIG_B_TOP150,6a92f7a00262700013c4e5f1,ATLAS_SIG_B_TOP150,BRD-A48720949,testosterone-propionate,trt_cp,33.90596
ATLAS_SIG_B_TOP150,6a92f7a00262700013c4e5f1,ATLAS_SIG_B_TOP150,BRD-K97309399,thiothixene,trt_cp,30.479935
ATLAS_SIG_B_TOP150,6a92f7a00262700013c4e5f1,ATLAS_SIG_B_TOP150,BRD-K12867552,PCI-24781,trt_cp,19.461924
ATLAS_SIG_B_TOP150,6a92f7a00262700013c4e5f1,ATLAS_SIG_B_TOP150,BRD-K45988865,tetramethylsilane,trt_cp,84.82816
ATLAS_SIG_B_TOP150,6a92f7a00262700013c4e5f1,ATLAS_SIG_B_TOP150,BRD-K51033547,tramadol,trt_cp,-25.932953
ATLAS_SIG_B_TOP150,6a92f7a00262700013c4e5f1,ATLAS_SIG_B_TOP150,BRD-A01295252,7-hydroxy-PIPAT,trt_cp,1.6208597
ATLAS_SIG_B_TOP150,6a92f7a00262700013c4e5f1,ATLAS_SIG_B_TOP150,BRD-K34415467,trimethobenzamide,trt_cp,-23.11701
ATLAS_SIG_B_TOP150,6a92f7a00262700013c4e5f1,ATLAS_SIG_B_TOP150,BRD-K54790157,trioxsalen,trt_cp,-15.280796
ATLAS_SIG_B_TOP150,6a92f7a00262700013c4e5f1,ATLAS_SIG_B_TOP150,BRD-K57033106,tripelennamine,trt_cp,-40.512016
ATLAS_SIG_B_TOP150,6a92f7a00262700013c4e5f1,ATLAS_SIG_B_TOP150,BRD-K00959089,thenoyltrifluoroacetone,trt_cp,-2.7484143
ATLAS_SIG_B_TOP150,6a92f7a00262700013c4e5f1,ATLAS_SIG_B_TOP150,BRD-K68246049,TTNPB,trt_cp,-42.60437
ATLAS_SIG_B_TOP150,6a92f7a00262700013c4e5f1,ATLAS_SIG_B_TOP150,BRD-A02176148,tubaic-acid,trt_cp,-0.3523608
ATLAS_SIG_B_TOP150,6a92f7a00262700013c4e5f1,ATLAS_SIG_B_TOP150,BRD-K94176593,TWS-119,trt_cp,-45.03969
ATLAS_SIG_B_TOP150,6a92f7a00262700013c4e5f1,ATLAS_SIG_B_TOP150,BRD-K60184833,tyrphostin-AG-99,trt_cp,57.160896
ATLAS_SIG_B_TOP150,6a92f7a00262700013c4e5f1,ATLAS_SIG_B_TOP150,BRD-K96778649,tyrphostin-47,trt_cp,26.112772
ATLAS_SIG_B_TOP150,6a92f7a00262700013c4e5f1,ATLAS_SIG_B_TOP150,BRD-K11158509,tyrphostin-B44,trt_cp,-2.6427062
ATLAS_SIG_B_TOP150,6a92f7a00262700013c4e5f1,ATLAS_SIG_B_TOP150,BRD-A98378129,talniflumate,trt_cp,-36.302643
ATLAS_SIG_B_TOP150,6a92f7a00262700013c4e5f1,ATLAS_SIG_B_TOP150,BRD-K43744935,tamoxifen,trt_cp,8.129708
ATLAS_SIG_B_TOP150,6a92f7a00262700013c4e5f1,ATLAS_SIG_B_TOP150,BRD-A23723433,paclitaxel,trt_cp,36.655823
ATLAS_SIG_B_TOP150,6a92f7a00262700013c4e5f1,ATLAS_SIG_B_TOP150,BRD-K06147391,telenzepine,trt_cp,69.35807
ATLAS_SIG_B_TOP150,6a92f7a00262700013c4e5f1,ATLAS_SIG_B_TOP150,BRD-A87479750,tenidap,trt_cp,26.161
ATLAS_SIG_B_TOP150,6a92f7a00262700013c4e5f1,ATLAS_SIG_B_TOP150,BRD-K90553655,testosterone,trt_cp,19.636036
ATLAS_SIG_B_TOP150,6a92f7a00262700013c4e5f1,ATLAS_SIG_B_TOP150,BRD-A11605036,thiocolchicoside,trt_cp,37.96743
ATLAS_SIG_B_TOP150,6a92f7a00262700013c4e5f1,ATLAS_SIG_B_TOP150,BRD-A85424553,thioperamide,trt_cp,-0.3894005
ATLAS_SIG_B_TOP150,6a92f7a00262700013c4e5f1,ATLAS_SIG_B_TOP150,BRD-K63874012,thioperamide,trt_cp,45.44644
ATLAS_SIG_B_TOP150,6a92f7a00262700013c4e5f1,ATLAS_SIG_B_TOP150,BRD-K08619574,thioproperazine,trt_cp,5.1245055
ATLAS_SIG_B_TOP150,6a92f7a00262700013c4e5f1,ATLAS_SIG_B_TOP150,BRD-K11107424,tiotidine,trt_cp,-64.5474
ATLAS_SIG_B_TOP150,6a92f7a00262700013c4e5f1,ATLAS_SIG_B_TOP150,BRD-K20141153,atomoxetine,trt_cp,22.509142
ATLAS_SIG_B_TOP150,6a92f7a00262700013c4e5f1,ATLAS_SIG_B_TOP150,BRD-K34154330,tracazolate,trt_cp,-64.170815
ATLAS_SIG_B_TOP150,6a92f7a00262700013c4e5f1,ATLAS_SIG_B_TOP150,BRD-K19533706,tranilast,trt_cp,-36.17969
ATLAS_SIG_B_TOP150,6a92f7a00262700013c4e5f1,ATLAS_SIG_B_TOP150,BRD-K69837166,trap-101,trt_cp,14.4678545
ATLAS_SIG_B_TOP150,6a92f7a00262700013c4e5f1,ATLAS_SIG_B_TOP150,BRD-K95763993,trapidil,trt_cp,-24.174675
ATLAS_SIG_B_TOP150,6a92f7a00262700013c4e5f1,ATLAS_SIG_B_TOP150,BRD-K08619838,tremorine,trt_cp,-49.423393
ATLAS_SIG_B_TOP150,6a92f7a00262700013c4e5f1,ATLAS_SIG_B_TOP150,BRD-K77554836,triamcinolone,trt_cp,-26.611897
ATLAS_SIG_B_TOP150,6a92f7a00262700013c4e5f1,ATLAS_SIG_B_TOP150,BRD-A84389633,"tropanyl-3,5-dimethylbenzoate",trt_cp,-30.150549
ATLAS_SIG_B_TOP150,6a92f7a00262700013c4e5f1,ATLAS_SIG_B_TOP150,BRD-A83859836,tropisetron,trt_cp,-34.943005
ATLAS_SIG_B_TOP150,6a92f7a00262700013c4e5f1,ATLAS_SIG_B_TOP150,BRD-K02607075,tubocurarine,trt_cp,-58.916065
ATLAS_SIG_B_TOP150,6a92f7a00262700013c4e5f1,ATLAS_SIG_B_TOP150,BRD-K17415526,tyrphostin-AG-835,trt_cp,32.167557
ATLAS_SIG_B_TOP150,6a92f7a00262700013c4e5f1,ATLAS_SIG_B_TOP150,BRD-A81795050,U-18666A,trt_cp,0.0
ATLAS_SIG_B_TOP150,6a92f7a00262700013c4e5f1,ATLAS_SIG_B_TOP150,BRD-K70281171,U-99194,trt_cp,-6.648811
ATLAS_SIG_B_TOP150,6a92f7a00262700013c4e5f1,ATLAS_SIG_B_TOP150,BRD-K18787491,U-0126,trt_cp,-21.814728
ATLAS_SIG_B_TOP150,6a92f7a00262700013c4e5f1,ATLAS_SIG_B_TOP150,BRD-K18757346,U-46619,trt_cp,-33.373863
ATLAS_SIG_B_TOP150,6a92f7a00262700013c4e5f1,ATLAS_SIG_B_TOP150,BRD-A96897502,U-74389F,trt_cp,-12.17273
ATLAS_SIG_B_TOP150,6a92f7a00262700013c4e5f1,ATLAS_SIG_B_TOP150,BRD-K46419649,U0126,trt_cp,-49.501297
ATLAS_SIG_B_TOP150,6a92f7a00262700013c4e5f1,ATLAS_SIG_B_TOP150,BRD-A14574269,UB-165,trt_cp,3.2769556
ATLAS_SIG_B_TOP150,6a92f7a00262700013c4e5f1,ATLAS_SIG_B_TOP150,BRD-A45499626,UBP-302,trt_cp,1.1275547
ATLAS_SIG_B_TOP150,6a92f7a00262700013c4e5f1,ATLAS_SIG_B_TOP150,BRD-K50325075,UCL-2077,trt_cp,21.926882
ATLAS_SIG_B_TOP150,6a92f7a00262700013c4e5f1,ATLAS_SIG_B_TOP150,BRD-K45158365,valsartan,trt_cp,-6.4127226
ATLAS_SIG_B_TOP150,6a92f7a00262700013c4e5f1,ATLAS_SIG_B_TOP150,BRD-K13926615,vardenafil,trt_cp,1.0661073
ATLAS_SIG_B_TOP150,6a92f7a00262700013c4e5f1,ATLAS_SIG_B_TOP150,BRD-K61737877,VEGF-receptor-2-kinase-inhibitor-IV,trt_cp,-15.621565
ATLAS_SIG_B_TOP150,6a92f7a00262700013c4e5f1,ATLAS_SIG_B_TOP150,BRD-K60923938,veratridine,trt_cp,-8.185023
ATLAS_SIG_B_TOP150,6a92f7a00262700013c4e5f1,ATLAS_SIG_B_TOP150,BRD-A55594068,vinblastine,trt_cp,36.473885
ATLAS_SIG_B_TOP150,6a92f7a00262700013c4e5f1,ATLAS_SIG_B_TOP150,BRD-A60414806,vincristine,trt_cp,58.87433
ATLAS_SIG_B_TOP150,6a92f7a00262700013c4e5f1,ATLAS_SIG_B_TOP150,BRD-K62206109,VUF-5681,trt_cp,-28.024551
ATLAS_SIG_B_TOP150,6a92f7a00262700013c4e5f1,ATLAS_SIG_B_TOP150,BRD-A22783572,vinblastine,trt_cp,48.223587
ATLAS_SIG_B_TOP150,6a92f7a00262700013c4e5f1,ATLAS_SIG_B_TOP150,BRD-K40902647,vincamine,trt_cp,65.17173
ATLAS_SIG_B_TOP150,6a92f7a00262700013c4e5f1,ATLAS_SIG_B_TOP150,BRD-A76528577,vincristine,trt_cp,39.256058
ATLAS_SIG_B_TOP150,6a92f7a00262700013c4e5f1,ATLAS_SIG_B_TOP150,BRD-A19374631,vinpocetine,trt_cp,6.355629
ATLAS_SIG_B_TOP150,6a92f7a00262700013c4e5f1,ATLAS_SIG_B_TOP150,BRD-K53318339,vinpocetine,trt_cp,-17.596035
ATLAS_SIG_B_TOP150,6a92f7a00262700013c4e5f1,ATLAS_SIG_B_TOP150,BRD-A41941932,vitexin,trt_cp,7.056826
ATLAS_SIG_B_TOP150,6a92f7a00262700013c4e5f1,ATLAS_SIG_B_TOP150,BRD-K78084463,W-12,trt_cp,46.5343
ATLAS_SIG_B_TOP150,6a92f7a00262700013c4e5f1,ATLAS_SIG_B_TOP150,BRD-K45068323,W-13,trt_cp,5.2720566
ATLAS_SIG_B_TOP150,6a92f7a00262700013c4e5f1,ATLAS_SIG_B_TOP150,BRD-K90259198,W-7,trt_cp,13.335202
ATLAS_SIG_B_TOP150,6a92f7a00262700013c4e5f1,ATLAS_SIG_B_TOP150,BRD-K68341547,W-9,trt_cp,-48.258358
ATLAS_SIG_B_TOP150,6a92f7a00262700013c4e5f1,ATLAS_SIG_B_TOP150,BRD-K36198571,WAY-170523,trt_cp,36.141132
ATLAS_SIG_B_TOP150,6a92f7a00262700013c4e5f1,ATLAS_SIG_B_TOP150,BRD-A20968261,WAY-213613,trt_cp,-16.754532
ATLAS_SIG_B_TOP150,6a92f7a00262700013c4e5f1,ATLAS_SIG_B_TOP150,BRD-K28115081,apafant,trt_cp,2.2551093
ATLAS_SIG_B_TOP150,6a92f7a00262700013c4e5f1,ATLAS_SIG_B_TOP150,BRD-K26669427,WR-216174,trt_cp,0.0
ATLAS_SIG_B_TOP150,6a92f7a00262700013c4e5f1,ATLAS_SIG_B_TOP150,BRD-K01902415,pirinixic-acid,trt_cp,-10.330202
ATLAS_SIG_B_TOP150,6a92f7a00262700013c4e5f1,ATLAS_SIG_B_TOP150,BRD-K12260308,xanthoxyline,trt_cp,26.309813
ATLAS_SIG_B_TOP150,6a92f7a00262700013c4e5f1,ATLAS_SIG_B_TOP150,BRD-K21565985,xylazine,trt_cp,-41.327095
ATLAS_SIG_B_TOP150,6a92f7a00262700013c4e5f1,ATLAS_SIG_B_TOP150,BRD-K88358234,xaliproden,trt_cp,33.88437
ATLAS_SIG_B_TOP150,6a92f7a00262700013c4e5f1,ATLAS_SIG_B_TOP150,BRD-K94832621,Y-134,trt_cp,-18.271442
ATLAS_SIG_B_TOP150,6a92f7a00262700013c4e5f1,ATLAS_SIG_B_TOP150,BRD-A44133049,azasetron,trt_cp,-0.17899895
ATLAS_SIG_B_TOP150,6a92f7a00262700013c4e5f1,ATLAS_SIG_B_TOP150,BRD-K60476892,YC-1,trt_cp,-50.677475
ATLAS_SIG_B_TOP150,6a92f7a00262700013c4e5f1,ATLAS_SIG_B_TOP150,BRD-K59650319,YM-298198,trt_cp,-21.123638
ATLAS_SIG_B_TOP150,6a92f7a00262700013c4e5f1,ATLAS_SIG_B_TOP150,BRD-K12932420,YM-976,trt_cp,-3.030303
ATLAS_SIG_B_TOP150,6a92f7a00262700013c4e5f1,ATLAS_SIG_B_TOP150,BRD-K06208435,YS-035,trt_cp,0.3523608
ATLAS_SIG_B_TOP150,6a92f7a00262700013c4e5f1,ATLAS_SIG_B_TOP150,BRD-A51410489,yohimbine,trt_cp,9.664948
ATLAS_SIG_B_TOP150,6a92f7a00262700013c4e5f1,ATLAS_SIG_B_TOP150,BRD-K15935639,z-leu3-VS,trt_cp,24.497974
ATLAS_SIG_B_TOP150,6a92f7a00262700013c4e5f1,ATLAS_SIG_B_TOP150,BRD-K60174629,z-prolyl-prolinal,trt_cp,20.276764
ATLAS_SIG_B_TOP150,6a92f7a00262700013c4e5f1,ATLAS_SIG_B_TOP150,BRD-K64157027,ZD-2079,trt_cp,14.818721
ATLAS_SIG_B_TOP150,6a92f7a00262700013c4e5f1,ATLAS_SIG_B_TOP150,BRD-K11373525,ZD-7155,trt_cp,48.27485
ATLAS_SIG_B_TOP150,6a92f7a00262700013c4e5f1,ATLAS_SIG_B_TOP150,BRD-K18678457,ZD-7288,trt_cp,-2.1141648
ATLAS_SIG_B_TOP150,6a92f7a00262700013c4e5f1,ATLAS_SIG_B_TOP150,BRD-K05151076,ZK-164015,trt_cp,23.379616
ATLAS_SIG_B_TOP150,6a92f7a00262700013c4e5f1,ATLAS_SIG_B_TOP150,BRD-K33882852,ZK-93423,trt_cp,0.95137423
ATLAS_SIG_B_TOP150,6a92f7a00262700013c4e5f1,ATLAS_SIG_B_TOP150,BRD-K68392338,ZK-93426,trt_cp,37.91644
ATLAS_SIG_B_TOP150,6a92f7a00262700013c4e5f1,ATLAS_SIG_B_TOP150,BRD-K19605405,ZM-241385,trt_cp,-1.0570824
ATLAS_SIG_B_TOP150,6a92f7a00262700013c4e5f1,ATLAS_SIG_B_TOP150,BRD-K41337261,ZM-306416,trt_cp,20.005981
ATLAS_SIG_B_TOP150,6a92f7a00262700013c4e5f1,ATLAS_SIG_B_TOP150,BRD-K67831364,ZM-323881,trt_cp,-41.590137
ATLAS_SIG_B_TOP150,6a92f7a00262700013c4e5f1,ATLAS_SIG_B_TOP150,BRD-K54314721,zolmitriptan,trt_cp,-17.543356
ATLAS_SIG_B_TOP150,6a92f7a00262700013c4e5f1,ATLAS_SIG_B_TOP150,BRD-K12516989,zaprinast,trt_cp,-26.394028
ATLAS_SIG_B_TOP150,6a92f7a00262700013c4e5f1,ATLAS_SIG_B_TOP150,BRD-K37561857,zardaverine,trt_cp,12.481403
ATLAS_SIG_B_TOP150,6a92f7a00262700013c4e5f1,ATLAS_SIG_B_TOP150,BRD-K92446736,zatebradine,trt_cp,4.912778
ATLAS_SIG_B_TOP150,6a92f7a00262700013c4e5f1,ATLAS_SIG_B_TOP150,BRD-K08996725,zolantidine,trt_cp,-74.507706
ATLAS_SIG_B_TOP150,6a92f7a00262700013c4e5f1,ATLAS_SIG_B_TOP150,BRD-K28761384,zuclopenthixol,trt_cp,-76.90491
ATLAS_SIG_B_TOP150,6a92f7a00262700013c4e5f1,ATLAS_SIG_B_TOP150,BRD-K45401373,betulinic-acid,trt_cp,22.851097
ATLAS_SIG_B_TOP150,6a92f7a00262700013c4e5f1,ATLAS_SIG_B_TOP150,BRD-A41301928,bongkrek-acid,trt_cp,71.93161
ATLAS_SIG_B_TOP150,6a92f7a00262700013c4e5f1,ATLAS_SIG_B_TOP150,BRD-K63606607,bufalin,trt_cp,0.0
ATLAS_SIG_B_TOP150,6a92f7a00262700013c4e5f1,ATLAS_SIG_B_TOP150,BRD-A26097136,bulleyaconitine-a,trt_cp,16.671694
ATLAS_SIG_B_TOP150,6a92f7a00262700013c4e5f1,ATLAS_SIG_B_TOP150,BRD-K26134695,calpeptin,trt_cp,22.658072
ATLAS_SIG_B_TOP150,6a92f7a00262700013c4e5f1,ATLAS_SIG_B_TOP150,BRD-A80502530,cinobufagin,trt_cp,1.7970402
ATLAS_SIG_B_TOP150,6a92f7a00262700013c4e5f1,ATLAS_SIG_B_TOP150,BRD-K70487031,flupentixol,trt_cp,29.263689
ATLAS_SIG_B_TOP150,6a92f7a00262700013c4e5f1,ATLAS_SIG_B_TOP150,BRD-K97509413,coumestrol,trt_cp,59.86252
ATLAS_SIG_B_TOP150,6a92f7a00262700013c4e5f1,ATLAS_SIG_B_TOP150,BRD-A82329351,cycloheximide,trt_cp,21.980352
ATLAS_SIG_B_TOP150,6a92f7a00262700013c4e5f1,ATLAS_SIG_B_TOP150,BRD-K58938839,cyclopamine,trt_cp,38.989403
ATLAS_SIG_B_TOP150,6a92f7a00262700013c4e5f1,ATLAS_SIG_B_TOP150,BRD-K93325701,damnacanthal,trt_cp,-15.11413
ATLAS_SIG_B_TOP150,6a92f7a00262700013c4e5f1,ATLAS_SIG_B_TOP150,BRD-A94624445,bucladesine,trt_cp,48.20308
ATLAS_SIG_B_TOP150,6a92f7a00262700013c4e5f1,ATLAS_SIG_B_TOP150,BRD-A06726973,dibutyrylcyclic-gmp,trt_cp,19.94204
ATLAS_SIG_B_TOP150,6a92f7a00262700013c4e5f1,ATLAS_SIG_B_TOP150,BRD-K18910433,estradiol,trt_cp,6.794089
ATLAS_SIG_B_TOP150,6a92f7a00262700013c4e5f1,ATLAS_SIG_B_TOP150,BRD-A31801025,formestane,trt_cp,0.845666
ATLAS_SIG_B_TOP150,6a92f7a00262700013c4e5f1,ATLAS_SIG_B_TOP150,BRD-A65550283,ginsenoside,trt_cp,27.360039
ATLAS_SIG_B_TOP150,6a92f7a00262700013c4e5f1,ATLAS_SIG_B_TOP150,BRD-A73605923,mocimycin,trt_cp,33.452866
ATLAS_SIG_B_TOP150,6a92f7a00262700013c4e5f1,ATLAS_SIG_B_TOP150,BRD-K09635314,m-3M3FBS,trt_cp,53.773438
ATLAS_SIG_B_TOP150,6a92f7a00262700013c4e5f1,ATLAS_SIG_B_TOP150,BRD-K36965586,m-chlorophenylbiguanide,trt_cp,8.300879
ATLAS_SIG_B_TOP150,6a92f7a00262700013c4e5f1,ATLAS_SIG_B_TOP150,BRD-K54708045,nTZDpa,trt_cp,-0.7399577
ATLAS_SIG_B_TOP150,6a92f7a00262700013c4e5f1,ATLAS_SIG_B_TOP150,BRD-A34907681,rutin,trt_cp,17.76458
ATLAS_SIG_B_TOP150,6a92f7a00262700013c4e5f1,ATLAS_SIG_B_TOP150,BRD-A62071884,siguazodan,trt_cp,1.1980268
ATLAS_SIG_B_TOP150,6a92f7a00262700013c4e5f1,ATLAS_SIG_B_TOP150,BRD-A18579359,wiskostatin,trt_cp,27.808485
ATLAS_SIG_B_TOP150,6a92f7a00262700013c4e5f1,ATLAS_SIG_B_TOP150,BRD-A34205397,suloctidil,trt_cp,40.34892
ATLAS_SIG_B_TOP150,6a92f7a00262700013c4e5f1,ATLAS_SIG_B_TOP150,BRD-A60070924,alpha-estradiol,trt_cp,-14.103032
ATLAS_SIG_B_TOP150,6a92f7a00262700013c4e5f1,ATLAS_SIG_B_TOP150,BRD-K43797669,genistein,trt_cp,-4.879854
ATLAS_SIG_B_TOP150,6a92f7a00262700013c4e5f1,ATLAS_SIG_B_TOP150,BRD-K71879491,tretinoin,trt_cp,27.842655
ATLAS_SIG_B_TOP150,6a92f7a00262700013c4e5f1,ATLAS_SIG_B_TOP150,BRD-A13084692,troglitazone,trt_cp,-3.6043563
ATLAS_SIG_B_TOP150,6a92f7a00262700013c4e5f1,ATLAS_SIG_B_TOP150,BRD-K41260949,valproic-acid,trt_cp,-59.89779
ATLAS_SIG_B_TOP150,6a92f7a00262700013c4e5f1,ATLAS_SIG_B_TOP150,BRD-K17705806,JTC-801,trt_cp,7.957203
ATLAS_SIG_B_TOP150,6a92f7a00262700013c4e5f1,ATLAS_SIG_B_TOP150,BRD-K14329163,BAY-K-8644-(S)-(-),trt_cp,-41.347267
ATLAS_SIG_B_TOP150,6a92f7a00262700013c4e5f1,ATLAS_SIG_B_TOP150,BRD-A34817987,itraconazole,trt_cp,1.1359524
ATLAS_SIG_B_TOP150,6a92f7a00262700013c4e5f1,ATLAS_SIG_B_TOP150,BRD-A36630025,SN-38,trt_cp,-42.718292
ATLAS_SIG_B_TOP150,6a92f7a00262700013c4e5f1,ATLAS_SIG_B_TOP150,BRD-A56359832,zileuton,trt_cp,-48.836212
ATLAS_SIG_B_TOP150,6a92f7a00262700013c4e5f1,ATLAS_SIG_B_TOP150,BRD-A62809825,thapsigargin,trt_cp,-0.74767697
ATLAS_SIG_B_TOP150,6a92f7a00262700013c4e5f1,ATLAS_SIG_B_TOP150,BRD-K04430056,7-nitroindazole,trt_cp,3.382664
ATLAS_SIG_B_TOP150,6a92f7a00262700013c4e5f1,ATLAS_SIG_B_TOP150,BRD-K17140735,SCH-79797,trt_cp,27.277504
ATLAS_SIG_B_TOP150,6a92f7a00262700013c4e5f1,ATLAS_SIG_B_TOP150,BRD-K28907958,CD-437,trt_cp,-38.764996
ATLAS_SIG_B_TOP150,6a92f7a00262700013c4e5f1,ATLAS_SIG_B_TOP150,BRD-K41859756,NVP-AUY922,trt_cp,-5.7644224
ATLAS_SIG_B_TOP150,6a92f7a00262700013c4e5f1,ATLAS_SIG_B_TOP150,BRD-K60219430,serdemetan,trt_cp,-4.8166523
ATLAS_SIG_B_TOP150,6a92f7a00262700013c4e5f1,ATLAS_SIG_B_TOP150,BRD-K66792149,quinoclamine,trt_cp,21.656153
ATLAS_SIG_B_TOP150,6a92f7a00262700013c4e5f1,ATLAS_SIG_B_TOP150,BRD-K73319509,PF-04217903,trt_cp,67.24396
ATLAS_SIG_B_TOP150,6a92f7a00262700013c4e5f1,ATLAS_SIG_B_TOP150,BRD-K92301463,"16,16-dimethylprostaglandin-e2",trt_cp,28.628891
ATLAS_SIG_B_TOP150,6a92f7a00262700013c4e5f1,ATLAS_SIG_B_TOP150,BRD-K93095519,SJ-172550,trt_cp,-88.01236
ATLAS_SIG_B_TOP150,6a92f7a00262700013c4e5f1,ATLAS_SIG_B_TOP150,BRD-K99696746,fatostatin,trt_cp,17.46209
ATLAS_SIG_B_TOP150,6a92f7a00262700013c4e5f1,ATLAS_SIG_B_TOP150,BRD-K86682249,BRD-K86682249,trt_cp,-18.120808
ATLAS_SIG_B_TOP150,6a92f7a00262700013c4e5f1,ATLAS_SIG_B_TOP150,BRD-K14696368,"9-methyl-5H-6-thia-4,5-diaza-chrysene-6,6-dioxide",trt_cp,55.747868
ATLAS_SIG_B_TOP150,6a92f7a00262700013c4e5f1,ATLAS_SIG_B_TOP150,BRD-K98404142,BRD-K98404142,trt_cp,49.32389
ATLAS_SIG_B_TOP150,6a92f7a00262700013c4e5f1,ATLAS_SIG_B_TOP150,BRD-A20131130,"2',5'-dideoxyadenosine",trt_cp,-11.648531
ATLAS_SIG_B_TOP150,6a92f7a00262700013c4e5f1,ATLAS_SIG_B_TOP150,BRD-K59962020,CHEMBL-374350,trt_cp,-2.320288
ATLAS_SIG_B_TOP150,6a92f7a00262700013c4e5f1,ATLAS_SIG_B_TOP150,BRD-K61829047,7b-cis,trt_cp,80.21269
ATLAS_SIG_B_TOP150,6a92f7a00262700013c4e5f1,ATLAS_SIG_B_TOP150,BRD-K87142802,veliparib,trt_cp,21.333496
ATLAS_SIG_B_TOP150,6a92f7a00262700013c4e5f1,ATLAS_SIG_B_TOP150,BRD-K01192156,tyrphostin-AG-112,trt_cp,-0.97095114
ATLAS_SIG_B_TOP150,6a92f7a00262700013c4e5f1,ATLAS_SIG_B_TOP150,BRD-K00615600,AG-14361,trt_cp,1.7618041
ATLAS_SIG_B_TOP150,6a92f7a00262700013c4e5f1,ATLAS_SIG_B_TOP150,BRD-K02113016,olaparib,trt_cp,-55.336323
ATLAS_SIG_B_TOP150,6a92f7a00262700013c4e5f1,ATLAS_SIG_B_TOP150,BRD-K28296557,AKT-inhibitor-IV,trt_cp,31.16027
ATLAS_SIG_B_TOP150,6a92f7a00262700013c4e5f1,ATLAS_SIG_B_TOP150,BRD-M86331534,pyrvinium-pamoate,trt_cp,3.4178998
ATLAS_SIG_B_TOP150,6a92f7a00262700013c4e5f1,ATLAS_SIG_B_TOP150,BRD-K02950022,BMS-299897,trt_cp,14.954399
ATLAS_SIG_B_TOP150,6a92f7a00262700013c4e5f1,ATLAS_SIG_B_TOP150,BRD-K34581968,BMS-536924,trt_cp,12.92066
ATLAS_SIG_B_TOP150,6a92f7a00262700013c4e5f1,ATLAS_SIG_B_TOP150,BRD-K48923948,BMS-641988,trt_cp,-71.08273
ATLAS_SIG_B_TOP150,6a92f7a00262700013c4e5f1,ATLAS_SIG_B_TOP150,BRD-K13049116,BMS-754807,trt_cp,23.8187
ATLAS_SIG_B_TOP150,6a92f7a00262700013c4e5f1,ATLAS_SIG_B_TOP150,BRD-K83289131,CAY-10618,trt_cp,-53.057034
ATLAS_SIG_B_TOP150,6a92f7a00262700013c4e5f1,ATLAS_SIG_B_TOP150,BRD-A84045418,calpeptin,trt_cp,-1.0919881
ATLAS_SIG_B_TOP150,6a92f7a00262700013c4e5f1,ATLAS_SIG_B_TOP150,BRD-K01779529,fluoropyruvate,trt_cp,-67.92009
ATLAS_SIG_B_TOP150,6a92f7a00262700013c4e5f1,ATLAS_SIG_B_TOP150,BRD-K74402642,NSC-632839,trt_cp,35.107445
ATLAS_SIG_B_TOP150,6a92f7a00262700013c4e5f1,ATLAS_SIG_B_TOP150,BRD-K40892394,AR-C133057XX,trt_cp,-45.36782
ATLAS_SIG_B_TOP150,6a92f7a00262700013c4e5f1,ATLAS_SIG_B_TOP150,BRD-K80672993,M2-PK-activator,trt_cp,-25.700344
ATLAS_SIG_B_TOP150,6a92f7a00262700013c4e5f1,ATLAS_SIG_B_TOP150,BRD-K69690935,curcumin,trt_cp,-0.3875969
ATLAS_SIG_B_TOP150,6a92f7a00262700013c4e5f1,ATLAS_SIG_B_TOP150,BRD-K86191271,cytosporone-b,trt_cp,26.027359
ATLAS_SIG_B_TOP150,6a92f7a00262700013c4e5f1,ATLAS_SIG_B_TOP150,BRD-K75532464,FTI-276,trt_cp,13.117397
ATLAS_SIG_B_TOP150,6a92f7a00262700013c4e5f1,ATLAS_SIG_B_TOP150,BRD-K64451768,GANT-58,trt_cp,-56.19536
ATLAS_SIG_B_TOP150,6a92f7a00262700013c4e5f1,ATLAS_SIG_B_TOP150,BRD-K69840642,ISOX,trt_cp,16.061916
ATLAS_SIG_B_TOP150,6a92f7a00262700013c4e5f1,ATLAS_SIG_B_TOP150,BRD-K17349619,HLI-373,trt_cp,-59.431763
ATLAS_SIG_B_TOP150,6a92f7a00262700013c4e5f1,ATLAS_SIG_B_TOP150,BRD-A02481876,importazole,trt_cp,-75.04911
ATLAS_SIG_B_TOP150,6a92f7a00262700013c4e5f1,ATLAS_SIG_B_TOP150,BRD-A52650764,ingenol,trt_cp,87.72128
ATLAS_SIG_B_TOP150,6a92f7a00262700013c4e5f1,ATLAS_SIG_B_TOP150,BRD-K45446451,JZL-184,trt_cp,-72.79177
ATLAS_SIG_B_TOP150,6a92f7a00262700013c4e5f1,ATLAS_SIG_B_TOP150,BRD-A58955223,sulforaphane,trt_cp,0.8104299
ATLAS_SIG_B_TOP150,6a92f7a00262700013c4e5f1,ATLAS_SIG_B_TOP150,BRD-K19796430,sonidegib,trt_cp,-29.971554
ATLAS_SIG_B_TOP150,6a92f7a00262700013c4e5f1,ATLAS_SIG_B_TOP150,BRD-A04352665,maraviroc,trt_cp,-40.240036
ATLAS_SIG_B_TOP150,6a92f7a00262700013c4e5f1,ATLAS_SIG_B_TOP150,BRD-K16406336,methylene-blue,trt_cp,28.931732
ATLAS_SIG_B_TOP150,6a92f7a00262700013c4e5f1,ATLAS_SIG_B_TOP150,BRD-K68065987,MK-2206,trt_cp,13.323818
ATLAS_SIG_B_TOP150,6a92f7a00262700013c4e5f1,ATLAS_SIG_B_TOP150,BRD-K78659596,ixazomib,trt_cp,0.0
ATLAS_SIG_B_TOP150,6a92f7a00262700013c4e5f1,ATLAS_SIG_B_TOP150,BRD-K19894101,MST-312,trt_cp,-28.781364
ATLAS_SIG_B_TOP150,6a92f7a00262700013c4e5f1,ATLAS_SIG_B_TOP150,BRD-K36324071,NF-449,trt_cp,0.7049396
ATLAS_SIG_B_TOP150,6a92f7a00262700013c4e5f1,ATLAS_SIG_B_TOP150,BRD-K06792661,narciclasine,trt_cp,3.7350247
ATLAS_SIG_B_TOP150,6a92f7a00262700013c4e5f1,ATLAS_SIG_B_TOP150,BRD-K56700933,phenethyl-isothiocyanate,trt_cp,12.634958
ATLAS_SIG_B_TOP150,6a92f7a00262700013c4e5f1,ATLAS_SIG_B_TOP150,BRD-A19633847,perhexiline,trt_cp,19.480455
ATLAS_SIG_B_TOP150,6a92f7a00262700013c4e5f1,ATLAS_SIG_B_TOP150,BRD-K68997413,PF-3845,trt_cp,39.902653
ATLAS_SIG_B_TOP150,6a92f7a00262700013c4e5f1,ATLAS_SIG_B_TOP150,BRD-K67868012,PI-103,trt_cp,8.629813
ATLAS_SIG_B_TOP150,6a92f7a00262700013c4e5f1,ATLAS_SIG_B_TOP150,BRD-K99818283,PIK-90,trt_cp,-15.883277
ATLAS_SIG_B_TOP150,6a92f7a00262700013c4e5f1,ATLAS_SIG_B_TOP150,BRD-K89687904,PKCbeta-inhibitor,trt_cp,-97.77263
ATLAS_SIG_B_TOP150,6a92f7a00262700013c4e5f1,ATLAS_SIG_B_TOP150,BRD-K30677119,PP-30,trt_cp,0.7399577
ATLAS_SIG_B_TOP150,6a92f7a00262700013c4e5f1,ATLAS_SIG_B_TOP150,BRD-K49456190,prima-1-met,trt_cp,-10.217801
ATLAS_SIG_B_TOP150,6a92f7a00262700013c4e5f1,ATLAS_SIG_B_TOP150,BRD-A73680854,PT-630,trt_cp,-29.17036
ATLAS_SIG_B_TOP150,6a92f7a00262700013c4e5f1,ATLAS_SIG_B_TOP150,BRD-K59597909,phenothiazine,trt_cp,-31.325861
ATLAS_SIG_B_TOP150,6a92f7a00262700013c4e5f1,ATLAS_SIG_B_TOP150,BRD-K02526760,QS-11,trt_cp,87.24665
ATLAS_SIG_B_TOP150,6a92f7a00262700013c4e5f1,ATLAS_SIG_B_TOP150,BRD-U94846492,quinine,trt_cp,-35.65258
ATLAS_SIG_B_TOP150,6a92f7a00262700013c4e5f1,ATLAS_SIG_B_TOP150,BRD-K20285085,fostamatinib,trt_cp,-21.788822
ATLAS_SIG_B_TOP150,6a92f7a00262700013c4e5f1,ATLAS_SIG_B_TOP150,BRD-A23770159,sirolimus,trt_cp,0.0
ATLAS_SIG_B_TOP150,6a92f7a00262700013c4e5f1,ATLAS_SIG_B_TOP150,BRD-K08417745,SID-26681509,trt_cp,15.451294
ATLAS_SIG_B_TOP150,6a92f7a00262700013c4e5f1,ATLAS_SIG_B_TOP150,BRD-K60623809,SU-11652,trt_cp,59.01114
ATLAS_SIG_B_TOP150,6a92f7a00262700013c4e5f1,ATLAS_SIG_B_TOP150,BRD-K12502280,TG-101348,trt_cp,14.692788
ATLAS_SIG_B_TOP150,6a92f7a00262700013c4e5f1,ATLAS_SIG_B_TOP150,BRD-K32107296,temozolomide,trt_cp,-34.350536
ATLAS_SIG_B_TOP150,6a92f7a00262700013c4e5f1,ATLAS_SIG_B_TOP150,BRD-K63195589,tipifarnib,trt_cp,-84.84892
ATLAS_SIG_B_TOP150,6a92f7a00262700013c4e5f1,ATLAS_SIG_B_TOP150,BRD-K62965247,tipifarnib-P2,trt_cp,0.24665257
ATLAS_SIG_B_TOP150,6a92f7a00262700013c4e5f1,ATLAS_SIG_B_TOP150,BRD-K57011718,UK-356618,trt_cp,85.31046
ATLAS_SIG_B_TOP150,6a92f7a00262700013c4e5f1,ATLAS_SIG_B_TOP150,BRD-K32330832,VER-155008,trt_cp,-59.729347
ATLAS_SIG_B_TOP150,6a92f7a00262700013c4e5f1,ATLAS_SIG_B_TOP150,BRD-A58280226,Y-27632,trt_cp,43.640068
ATLAS_SIG_B_TOP150,6a92f7a00262700013c4e5f1,ATLAS_SIG_B_TOP150,BRD-A62182663,YK-4279,trt_cp,41.6995
ATLAS_SIG_B_TOP150,6a92f7a00262700013c4e5f1,ATLAS_SIG_B_TOP150,BRD-A47829399,artesunate,trt_cp,1.8434193
ATLAS_SIG_B_TOP150,6a92f7a00262700013c4e5f1,ATLAS_SIG_B_TOP150,BRD-A79465854,auranofin,trt_cp,77.39146
ATLAS_SIG_B_TOP150,6a92f7a00262700013c4e5f1,ATLAS_SIG_B_TOP150,BRD-A28105619,cucurbitacin-i,trt_cp,46.053097
ATLAS_SIG_B_TOP150,6a92f7a00262700013c4e5f1,ATLAS_SIG_B_TOP150,BRD-K61314889,endo-IWR-1,trt_cp,-9.937066
ATLAS_SIG_B_TOP150,6a92f7a00262700013c4e5f1,ATLAS_SIG_B_TOP150,BRD-A70449690,forskolin,trt_cp,13.878733
ATLAS_SIG_B_TOP150,6a92f7a00262700013c4e5f1,ATLAS_SIG_B_TOP150,BRD-A77216878,manumycin-a,trt_cp,78.80775
ATLAS_SIG_B_TOP150,6a92f7a00262700013c4e5f1,ATLAS_SIG_B_TOP150,BRD-A76279427,myriocin,trt_cp,14.202031
ATLAS_SIG_B_TOP150,6a92f7a00262700013c4e5f1,ATLAS_SIG_B_TOP150,BRD-A43331270,niguldipine,trt_cp,-0.6373
ATLAS_SIG_B_TOP150,6a92f7a00262700013c4e5f1,ATLAS_SIG_B_TOP150,BRD-A15079084,phorbol-12-myristate-13-acetate,trt_cp,88.58351
ATLAS_SIG_B_TOP150,6a92f7a00262700013c4e5f1,ATLAS_SIG_B_TOP150,BRD-A01145011,zebularine,trt_cp,-1.1275547
ATLAS_SIG_B_TOP150,6a92f7a00262700013c4e5f1,ATLAS_SIG_B_TOP150,BRD-K01638814,rilmenidine,trt_cp,-65.84115
ATLAS_SIG_B_TOP150,6a92f7a00262700013c4e5f1,ATLAS_SIG_B_TOP150,BRD-A62025033,temsirolimus,trt_cp,1.303735
ATLAS_SIG_B_TOP150,6a92f7a00262700013c4e5f1,ATLAS_SIG_B_TOP150,BRD-K04853698,LDN-193189,trt_cp,-11.193589
ATLAS_SIG_B_TOP150,6a92f7a00262700013c4e5f1,ATLAS_SIG_B_TOP150,BRD-K91691979,BRD-K91691979,trt_cp,-3.0655391
ATLAS_SIG_B_TOP150,6a92f7a00262700013c4e5f1,ATLAS_SIG_B_TOP150,BRD-K76425766,BRD-K76425766,trt_cp,-45.3842
ATLAS_SIG_B_TOP150,6a92f7a00262700013c4e5f1,ATLAS_SIG_B_TOP150,BRD-K19059335,BRD-K19059335,trt_cp,0.0
ATLAS_SIG_B_TOP150,6a92f7a00262700013c4e5f1,ATLAS_SIG_B_TOP150,BRD-K14609189,BRD-K14609189,trt_cp,0.0
ATLAS_SIG_B_TOP150,6a92f7a00262700013c4e5f1,ATLAS_SIG_B_TOP150,BRD-K11717138,benzbromarone,trt_cp,1.5503876
ATLAS_SIG_B_TOP150,6a92f7a00262700013c4e5f1,ATLAS_SIG_B_TOP150,BRD-A28422330,BRD-A28422330,trt_cp,8.660421
ATLAS_SIG_B_TOP150,6a92f7a00262700013c4e5f1,ATLAS_SIG_B_TOP150,BRD-A12633378,BRD-A12633378,trt_cp,58.280712
ATLAS_SIG_B_TOP150,6a92f7a00262700013c4e5f1,ATLAS_SIG_B_TOP150,BRD-K77690805,BRD-K77690805,trt_cp,-25.4292
ATLAS_SIG_B_TOP150,6a92f7a00262700013c4e5f1,ATLAS_SIG_B_TOP150,BRD-K58033748,BRD-K58033748,trt_cp,-11.028691
ATLAS_SIG_B_TOP150,6a92f7a00262700013c4e5f1,ATLAS_SIG_B_TOP150,BRD-K45031696,BRD-K45031696,trt_cp,2.995067
ATLAS_SIG_B_TOP150,6a92f7a00262700013c4e5f1,ATLAS_SIG_B_TOP150,BRD-K27074404,BRD-K27074404,trt_cp,16.96518
ATLAS_SIG_B_TOP150,6a92f7a00262700013c4e5f1,ATLAS_SIG_B_TOP150,BRD-A16820783,BRD-A16820783,trt_cp,25.70578
ATLAS_SIG_B_TOP150,6a92f7a00262700013c4e5f1,ATLAS_SIG_B_TOP150,BRD-K00313977,BRD-K00313977,trt_cp,-15.8487425
ATLAS_SIG_B_TOP150,6a92f7a00262700013c4e5f1,ATLAS_SIG_B_TOP150,BRD-K07872006,BRD-K07872006,trt_cp,-82.79512
ATLAS_SIG_B_TOP150,6a92f7a00262700013c4e5f1,ATLAS_SIG_B_TOP150,BRD-K11540476,EMF-BCA1-64,trt_cp,-3.5588443
ATLAS_SIG_B_TOP150,6a92f7a00262700013c4e5f1,ATLAS_SIG_B_TOP150,BRD-K11757396,BRD-K11757396,trt_cp,5.1597967
ATLAS_SIG_B_TOP150,6a92f7a00262700013c4e5f1,ATLAS_SIG_B_TOP150,BRD-K12401458,BRD-K12401458,trt_cp,12.295811
ATLAS_SIG_B_TOP150,6a92f7a00262700013c4e5f1,ATLAS_SIG_B_TOP150,BRD-K14048378,BRD-K14048378,trt_cp,-11.949454
ATLAS_SIG_B_TOP150,6a92f7a00262700013c4e5f1,ATLAS_SIG_B_TOP150,BRD-K14236372,BRD-K14236372,trt_cp,-8.856493
ATLAS_SIG_B_TOP150,6a92f7a00262700013c4e5f1,ATLAS_SIG_B_TOP150,BRD-K16618170,BRD-K16618170,trt_cp,-62.531555
ATLAS_SIG_B_TOP150,6a92f7a00262700013c4e5f1,ATLAS_SIG_B_TOP150,BRD-K24538644,KU-C104502N,trt_cp,-18.196653
ATLAS_SIG_B_TOP150,6a92f7a00262700013c4e5f1,ATLAS_SIG_B_TOP150,BRD-K36038115,BRD-K36038115,trt_cp,0.0
ATLAS_SIG_B_TOP150,6a92f7a00262700013c4e5f1,ATLAS_SIG_B_TOP150,BRD-K51302260,KU-C103871,trt_cp,17.970297
ATLAS_SIG_B_TOP150,6a92f7a00262700013c4e5f1,ATLAS_SIG_B_TOP150,BRD-K60218670,BRD-K60218670,trt_cp,-56.505604
ATLAS_SIG_B_TOP150,6a92f7a00262700013c4e5f1,ATLAS_SIG_B_TOP150,BRD-K64314806,BRD-K64314806,trt_cp,-27.075842
ATLAS_SIG_B_TOP150,6a92f7a00262700013c4e5f1,ATLAS_SIG_B_TOP150,BRD-K64610608,EMF-BCA1-57,trt_cp,-30.978567
ATLAS_SIG_B_TOP150,6a92f7a00262700013c4e5f1,ATLAS_SIG_B_TOP150,BRD-K68437527,EMF-BCA1-60,trt_cp,21.967512
ATLAS_SIG_B_TOP150,6a92f7a00262700013c4e5f1,ATLAS_SIG_B_TOP150,BRD-K72817452,BRD-K72817452,trt_cp,-2.6779423
ATLAS_SIG_B_TOP150,6a92f7a00262700013c4e5f1,ATLAS_SIG_B_TOP150,BRD-K73285375,BRD-K73285375,trt_cp,-24.497684
ATLAS_SIG_B_TOP150,6a92f7a00262700013c4e5f1,ATLAS_SIG_B_TOP150,BRD-K94919853,10H-phenothiazin-10-yl)(p-tolyl)methanone,trt_cp,20.279013
ATLAS_SIG_B_TOP150,6a92f7a00262700013c4e5f1,ATLAS_SIG_B_TOP150,BRD-A71657825,2-(biphenyl-4-ylsulfonamido)pentanedioic-acid,trt_cp,15.3095455
ATLAS_SIG_B_TOP150,6a92f7a00262700013c4e5f1,ATLAS_SIG_B_TOP150,BRD-K73709114,BRD-K73709114,trt_cp,8.334577
ATLAS_SIG_B_TOP150,6a92f7a00262700013c4e5f1,ATLAS_SIG_B_TOP150,BRD-K77681376,BRD-K77681376,trt_cp,36.047035
ATLAS_SIG_B_TOP150,6a92f7a00262700013c4e5f1,ATLAS_SIG_B_TOP150,BRD-K76211160,BRD-K76211160,trt_cp,47.20233
ATLAS_SIG_B_TOP150,6a92f7a00262700013c4e5f1,ATLAS_SIG_B_TOP150,BRD-K08219523,5-nonyloxytryptamine,trt_cp,12.718841
ATLAS_SIG_B_TOP150,6a92f7a00262700013c4e5f1,ATLAS_SIG_B_TOP150,BRD-K91442916,CAM-9-026,trt_cp,3.8870704
ATLAS_SIG_B_TOP150,6a92f7a00262700013c4e5f1,ATLAS_SIG_B_TOP150,BRD-K03067624,emetine,trt_cp,0.0
ATLAS_SIG_B_TOP150,6a92f7a00262700013c4e5f1,ATLAS_SIG_B_TOP150,BRD-A82096673,KU-C103428N,trt_cp,-45.783127
ATLAS_SIG_B_TOP150,6a92f7a00262700013c4e5f1,ATLAS_SIG_B_TOP150,BRD-A81402010,KU-C103443N,trt_cp,-6.6289964
ATLAS_SIG_B_TOP150,6a92f7a00262700013c4e5f1,ATLAS_SIG_B_TOP150,BRD-K36153907,KU-C103885,trt_cp,4.906114
ATLAS_SIG_B_TOP150,6a92f7a00262700013c4e5f1,ATLAS_SIG_B_TOP150,BRD-A53107311,BRD-A53107311,trt_cp,30.186543
ATLAS_SIG_B_TOP150,6a92f7a00262700013c4e5f1,ATLAS_SIG_B_TOP150,BRD-K48974000,BRD-K48974000,trt_cp,17.56328
ATLAS_SIG_B_TOP150,6a92f7a00262700013c4e5f1,ATLAS_SIG_B_TOP150,BRD-A69470004,BRD-A69470004,trt_cp,0.0
ATLAS_SIG_B_TOP150,6a92f7a00262700013c4e5f1,ATLAS_SIG_B_TOP150,BRD-A05680309,BRD-A05680309,trt_cp,-28.278618
ATLAS_SIG_B_TOP150,6a92f7a00262700013c4e5f1,ATLAS_SIG_B_TOP150,BRD-A97035593,BRD-A97035593,trt_cp,4.706517
ATLAS_SIG_B_TOP150,6a92f7a00262700013c4e5f1,ATLAS_SIG_B_TOP150,BRD-K55186349,BRD-K55186349,trt_cp,27.200695
ATLAS_SIG_B_TOP150,6a92f7a00262700013c4e5f1,ATLAS_SIG_B_TOP150,BRD-K43149758,myricetin,trt_cp,-35.27192
ATLAS_SIG_B_TOP150,6a92f7a00262700013c4e5f1,ATLAS_SIG_B_TOP150,BRD-K53780220,BRD-K53780220,trt_cp,63.501102
ATLAS_SIG_B_TOP150,6a92f7a00262700013c4e5f1,ATLAS_SIG_B_TOP150,BRD-K56658166,BRD-K56658166,trt_cp,-21.80874
ATLAS_SIG_B_TOP150,6a92f7a00262700013c4e5f1,ATLAS_SIG_B_TOP150,BRD-K28452084,BRD-K28452084,trt_cp,-21.079924
ATLAS_SIG_B_TOP150,6a92f7a00262700013c4e5f1,ATLAS_SIG_B_TOP150,BRD-K97274161,BRD-K97274161,trt_cp,0.0
ATLAS_SIG_B_TOP150,6a92f7a00262700013c4e5f1,ATLAS_SIG_B_TOP150,BRD-K20401833,BRD-K20401833,trt_cp,14.30636
ATLAS_SIG_B_TOP150,6a92f7a00262700013c4e5f1,ATLAS_SIG_B_TOP150,BRD-K70693222,BRD-K70693222,trt_cp,-27.844193
ATLAS_SIG_B_TOP150,6a92f7a00262700013c4e5f1,ATLAS_SIG_B_TOP150,BRD-K55703048,latrepirdine,trt_cp,-42.907585
ATLAS_SIG_B_TOP150,6a92f7a00262700013c4e5f1,ATLAS_SIG_B_TOP150,BRD-K73610817,BRD-K73610817,trt_cp,48.57946
ATLAS_SIG_B_TOP150,6a92f7a00262700013c4e5f1,ATLAS_SIG_B_TOP150,BRD-K78883024,BRD-K78883024,trt_cp,-37.777657
ATLAS_SIG_B_TOP150,6a92f7a00262700013c4e5f1,ATLAS_SIG_B_TOP150,BRD-K30351863,BRD-K30351863,trt_cp,25.448948
ATLAS_SIG_B_TOP150,6a92f7a00262700013c4e5f1,ATLAS_SIG_B_TOP150,BRD-K37940862,BRD-K37940862,trt_cp,16.288763
ATLAS_SIG_B_TOP150,6a92f7a00262700013c4e5f1,ATLAS_SIG_B_TOP150,BRD-K68783079,BRD-K68783079,trt_cp,10.676533
ATLAS_SIG_B_TOP150,6a92f7a00262700013c4e5f1,ATLAS_SIG_B_TOP150,BRD-K88761633,BRD-K88761633,trt_cp,-24.5089
ATLAS_SIG_B_TOP150,6a92f7a00262700013c4e5f1,ATLAS_SIG_B_TOP150,BRD-K06956503,BRD-K06956503,trt_cp,39.416668
ATLAS_SIG_B_TOP150,6a92f7a00262700013c4e5f1,ATLAS_SIG_B_TOP150,BRD-A32917072,BRD-A32917072,trt_cp,26.267818
ATLAS_SIG_B_TOP150,6a92f7a00262700013c4e5f1,ATLAS_SIG_B_TOP150,BRD-A61599461,BRD-A61599461,trt_cp,0.0
ATLAS_SIG_B_TOP150,6a92f7a00262700013c4e5f1,ATLAS_SIG_B_TOP150,BRD-A81377415,BRD-A81377415,trt_cp,32.62109
ATLAS_SIG_B_TOP150,6a92f7a00262700013c4e5f1,ATLAS_SIG_B_TOP150,BRD-K89237706,noscapine,trt_cp,-19.943844
ATLAS_SIG_B_TOP150,6a92f7a00262700013c4e5f1,ATLAS_SIG_B_TOP150,BRD-K40213712,SAL-1,trt_cp,-60.775375
ATLAS_SIG_B_TOP150,6a92f7a00262700013c4e5f1,ATLAS_SIG_B_TOP150,BRD-A41630653,BRD-A41630653,trt_cp,-13.717612
ATLAS_SIG_B_TOP150,6a92f7a00262700013c4e5f1,ATLAS_SIG_B_TOP150,BRD-A57457122,VU-0400071-3,trt_cp,-59.71516
ATLAS_SIG_B_TOP150,6a92f7a00262700013c4e5f1,ATLAS_SIG_B_TOP150,BRD-K84141129,VU-0400193-3,trt_cp,-81.856476
ATLAS_SIG_B_TOP150,6a92f7a00262700013c4e5f1,ATLAS_SIG_B_TOP150,BRD-K30570479,VU-0400195-3,trt_cp,-44.594543
ATLAS_SIG_B_TOP150,6a92f7a00262700013c4e5f1,ATLAS_SIG_B_TOP150,BRD-A52172093,VU-0413807-2,trt_cp,4.1578574
ATLAS_SIG_B_TOP150,6a92f7a00262700013c4e5f1,ATLAS_SIG_B_TOP150,BRD-K76907295,VU-0418947-2,trt_cp,20.05854
ATLAS_SIG_B_TOP150,6a92f7a00262700013c4e5f1,ATLAS_SIG_B_TOP150,BRD-K59633790,VU-0420363-1,trt_cp,0.0
ATLAS_SIG_B_TOP150,6a92f7a00262700013c4e5f1,ATLAS_SIG_B_TOP150,BRD-K92817986,BIX-02188,trt_cp,-38.28283
ATLAS_SIG_B_TOP150,6a92f7a00262700013c4e5f1,ATLAS_SIG_B_TOP150,BRD-A67981824,cefotaxime,trt_cp,-5.0711637
ATLAS_SIG_B_TOP150,6a92f7a00262700013c4e5f1,ATLAS_SIG_B_TOP150,BRD-A74500471,ethambutol,trt_cp,-2.8737097
ATLAS_SIG_B_TOP150,6a92f7a00262700013c4e5f1,ATLAS_SIG_B_TOP150,BRD-A10070317,propranolol,trt_cp,-38.996674
ATLAS_SIG_B_TOP150,6a92f7a00262700013c4e5f1,ATLAS_SIG_B_TOP150,BRD-K02992638,lamivudine,trt_cp,3.6018515
ATLAS_SIG_B_TOP150,6a92f7a00262700013c4e5f1,ATLAS_SIG_B_TOP150,BRD-K35240538,methylprednisolone,trt_cp,-7.189413
ATLAS_SIG_B_TOP150,6a92f7a00262700013c4e5f1,ATLAS_SIG_B_TOP150,BRD-A84702196,penicillin,trt_cp,2.2929032
ATLAS_SIG_B_TOP150,6a92f7a00262700013c4e5f1,ATLAS_SIG_B_TOP150,BRD-K87024524,phenelzine,trt_cp,10.808001
ATLAS_SIG_B_TOP150,6a92f7a00262700013c4e5f1,ATLAS_SIG_B_TOP150,BRD-A96255180,ribavirin,trt_cp,-10.245821
ATLAS_SIG_B_TOP150,6a92f7a00262700013c4e5f1,ATLAS_SIG_B_TOP150,BRD-K28346421,rifapentine,trt_cp,0.49330515
ATLAS_SIG_B_TOP150,6a92f7a00262700013c4e5f1,ATLAS_SIG_B_TOP150,BRD-K22878149,SB-205607,trt_cp,61.36093
ATLAS_SIG_B_TOP150,6a92f7a00262700013c4e5f1,ATLAS_SIG_B_TOP150,BRD-A22256192,terazosin,trt_cp,-25.293695
ATLAS_SIG_B_TOP150,6a92f7a00262700013c4e5f1,ATLAS_SIG_B_TOP150,BRD-K88304388,dextrorphan,trt_cp,44.232956
ATLAS_SIG_B_TOP150,6a92f7a00262700013c4e5f1,ATLAS_SIG_B_TOP150,BRD-K94144010,cotinine,trt_cp,20.001677
ATLAS_SIG_B_TOP150,6a92f7a00262700013c4e5f1,ATLAS_SIG_B_TOP150,BRD-A17664363,BRD-A17664363,trt_cp,38.315376
ATLAS_SIG_B_TOP150,6a92f7a00262700013c4e5f1,ATLAS_SIG_B_TOP150,BRD-A54632525,BRD-A54632525,trt_cp,-2.3960536
ATLAS_SIG_B_TOP150,6a92f7a00262700013c4e5f1,ATLAS_SIG_B_TOP150,BRD-A61189834,BRD-A61189834,trt_cp,-10.2537
ATLAS_SIG_B_TOP150,6a92f7a00262700013c4e5f1,ATLAS_SIG_B_TOP150,BRD-A71009679,KU-C103420N,trt_cp,-25.51225
ATLAS_SIG_B_TOP150,6a92f7a00262700013c4e5f1,ATLAS_SIG_B_TOP150,BRD-A89049230,BRD-A89049230,trt_cp,-12.487419
ATLAS_SIG_B_TOP150,6a92f7a00262700013c4e5f1,ATLAS_SIG_B_TOP150,BRD-A93048969,BRD-A93048969,trt_cp,-42.373035
ATLAS_SIG_B_TOP150,6a92f7a00262700013c4e5f1,ATLAS_SIG_B_TOP150,BRD-A94297859,BRD-A94297859,trt_cp,20.577824
ATLAS_SIG_B_TOP150,6a92f7a00262700013c4e5f1,ATLAS_SIG_B_TOP150,BRD-K00256256,BRD-K00256256,trt_cp,-13.323057
ATLAS_SIG_B_TOP150,6a92f7a00262700013c4e5f1,ATLAS_SIG_B_TOP150,BRD-K01265221,BRD-K01265221,trt_cp,35.743286
ATLAS_SIG_B_TOP150,6a92f7a00262700013c4e5f1,ATLAS_SIG_B_TOP150,BRD-K06217810,BRD-K06217810,trt_cp,-3.9464412
ATLAS_SIG_B_TOP150,6a92f7a00262700013c4e5f1,ATLAS_SIG_B_TOP150,BRD-K11663430,pyroxamide,trt_cp,61.275818
ATLAS_SIG_B_TOP150,6a92f7a00262700013c4e5f1,ATLAS_SIG_B_TOP150,BRD-K13810148,givinostat,trt_cp,74.15989
ATLAS_SIG_B_TOP150,6a92f7a00262700013c4e5f1,ATLAS_SIG_B_TOP150,BRD-K19985802,BRD-K19985802,trt_cp,-5.2777014
ATLAS_SIG_B_TOP150,6a92f7a00262700013c4e5f1,ATLAS_SIG_B_TOP150,BRD-K21009077,BRD-K21009077,trt_cp,-17.008041
ATLAS_SIG_B_TOP150,6a92f7a00262700013c4e5f1,ATLAS_SIG_B_TOP150,BRD-K22828899,TUL-XXI039,trt_cp,-11.90316
ATLAS_SIG_B_TOP150,6a92f7a00262700013c4e5f1,ATLAS_SIG_B_TOP150,BRD-K28143534,cyproheptadine,trt_cp,11.756312
ATLAS_SIG_B_TOP150,6a92f7a00262700013c4e5f1,ATLAS_SIG_B_TOP150,BRD-K29113274,ketoconazole,trt_cp,-51.334213
ATLAS_SIG_B_TOP150,6a92f7a00262700013c4e5f1,ATLAS_SIG_B_TOP150,BRD-K32656671,BRD-K32656671,trt_cp,-16.834316
ATLAS_SIG_B_TOP150,6a92f7a00262700013c4e5f1,ATLAS_SIG_B_TOP150,BRD-K33106058,cytarabine,trt_cp,21.04071
ATLAS_SIG_B_TOP150,6a92f7a00262700013c4e5f1,ATLAS_SIG_B_TOP150,BRD-K34508425,KU-C103898N,trt_cp,24.148716
ATLAS_SIG_B_TOP150,6a92f7a00262700013c4e5f1,ATLAS_SIG_B_TOP150,BRD-K37798499,etoposide,trt_cp,0.9650176
ATLAS_SIG_B_TOP150,6a92f7a00262700013c4e5f1,ATLAS_SIG_B_TOP150,BRD-K47278471,diphenhydramine,trt_cp,21.993477
ATLAS_SIG_B_TOP150,6a92f7a00262700013c4e5f1,ATLAS_SIG_B_TOP150,BRD-K48115423,2-(4-methoxybenzylthio)-6-methylpyrimidin-4-ol,trt_cp,-14.541876
ATLAS_SIG_B_TOP150,6a92f7a00262700013c4e5f1,ATLAS_SIG_B_TOP150,BRD-K48969316,BRD-K48969316,trt_cp,19.453611
ATLAS_SIG_B_TOP150,6a92f7a00262700013c4e5f1,ATLAS_SIG_B_TOP150,BRD-K52080565,nandrolone,trt_cp,-0.1761804
ATLAS_SIG_B_TOP150,6a92f7a00262700013c4e5f1,ATLAS_SIG_B_TOP150,BRD-K61106942,BRD-K61106942,trt_cp,-33.97148
ATLAS_SIG_B_TOP150,6a92f7a00262700013c4e5f1,ATLAS_SIG_B_TOP150,BRD-K61217870,N-(3-acetamidophenyl)-3-chlorobenzamide,trt_cp,-50.3071
ATLAS_SIG_B_TOP150,6a92f7a00262700013c4e5f1,ATLAS_SIG_B_TOP150,BRD-K64606589,apicidin,trt_cp,57.021664
ATLAS_SIG_B_TOP150,6a92f7a00262700013c4e5f1,ATLAS_SIG_B_TOP150,BRD-K64835161,ML-167,trt_cp,-30.28062
ATLAS_SIG_B_TOP150,6a92f7a00262700013c4e5f1,ATLAS_SIG_B_TOP150,BRD-K65910366,KU-C103904N,trt_cp,-2.5194318
ATLAS_SIG_B_TOP150,6a92f7a00262700013c4e5f1,ATLAS_SIG_B_TOP150,BRD-K70751730,BRD-K70751730,trt_cp,-5.426357
ATLAS_SIG_B_TOP150,6a92f7a00262700013c4e5f1,ATLAS_SIG_B_TOP150,BRD-K72264770,QW-BI-011,trt_cp,-74.16712
ATLAS_SIG_B_TOP150,6a92f7a00262700013c4e5f1,ATLAS_SIG_B_TOP150,BRD-K74761218,WT-171,trt_cp,0.0
ATLAS_SIG_B_TOP150,6a92f7a00262700013c4e5f1,ATLAS_SIG_B_TOP150,BRD-K85853281,BRD-K85853281,trt_cp,70.21961
ATLAS_SIG_B_TOP150,6a92f7a00262700013c4e5f1,ATLAS_SIG_B_TOP150,BRD-U37049823,HG-6-64-01,trt_cp,16.717087
ATLAS_SIG_B_TOP150,6a92f7a00262700013c4e5f1,ATLAS_SIG_B_TOP150,BRD-U44700465,HG-5-88-01,trt_cp,-40.75677
ATLAS_SIG_B_TOP150,6a92f7a00262700013c4e5f1,ATLAS_SIG_B_TOP150,BRD-U68942961,JW-7-24-1,trt_cp,18.443277
ATLAS_SIG_B_TOP150,6a92f7a00262700013c4e5f1,ATLAS_SIG_B_TOP150,BRD-U82589721,HG-5-113-01,trt_cp,-3.9507098
ATLAS_SIG_B_TOP150,6a92f7a00262700013c4e5f1,ATLAS_SIG_B_TOP150,BRD-K26947839,BRD-K26947839,trt_cp,4.0603466
ATLAS_SIG_B_TOP150,6a92f7a00262700013c4e5f1,ATLAS_SIG_B_TOP150,BRD-K32795028,1-benzylimidazole,trt_cp,-4.712332
ATLAS_SIG_B_TOP150,6a92f7a00262700013c4e5f1,ATLAS_SIG_B_TOP150,BRD-K78278890,NM-PP1,trt_cp,-3.911205
ATLAS_SIG_B_TOP150,6a92f7a00262700013c4e5f1,ATLAS_SIG_B_TOP150,BRD-A15010982,HU-211,trt_cp,23.766071
ATLAS_SIG_B_TOP150,6a92f7a00262700013c4e5f1,ATLAS_SIG_B_TOP150,BRD-K87573634,propylpyrazole,trt_cp,3.6293163
ATLAS_SIG_B_TOP150,6a92f7a00262700013c4e5f1,ATLAS_SIG_B_TOP150,BRD-K54987996,CAY-10578,trt_cp,33.192955
ATLAS_SIG_B_TOP150,6a92f7a00262700013c4e5f1,ATLAS_SIG_B_TOP150,BRD-A67438293,treprostinil,trt_cp,-62.502026
ATLAS_SIG_B_TOP150,6a92f7a00262700013c4e5f1,ATLAS_SIG_B_TOP150,BRD-K40619305,larixinic-acid,trt_cp,11.176847
ATLAS_SIG_B_TOP150,6a92f7a00262700013c4e5f1,ATLAS_SIG_B_TOP150,BRD-K66896231,ipidacrine,trt_cp,-1.3742071
ATLAS_SIG_B_TOP150,6a92f7a00262700013c4e5f1,ATLAS_SIG_B_TOP150,BRD-K55055802,BRD-K55055802,trt_cp,32.090084
ATLAS_SIG_B_TOP150,6a92f7a00262700013c4e5f1,ATLAS_SIG_B_TOP150,BRD-K20168484,BRD-K20168484,trt_cp,19.762638
ATLAS_SIG_B_TOP150,6a92f7a00262700013c4e5f1,ATLAS_SIG_B_TOP150,BRD-K85925969,zalcitabine,trt_cp,14.442003
ATLAS_SIG_B_TOP150,6a92f7a00262700013c4e5f1,ATLAS_SIG_B_TOP150,BRD-K99063460,didanosine,trt_cp,6.600071
ATLAS_SIG_B_TOP150,6a92f7a00262700013c4e5f1,ATLAS_SIG_B_TOP150,BRD-K61993165,niacin,trt_cp,-22.355474
ATLAS_SIG_B_TOP150,6a92f7a00262700013c4e5f1,ATLAS_SIG_B_TOP150,BRD-K79511609,BRD-K79511609,trt_cp,-67.01202
ATLAS_SIG_B_TOP150,6a92f7a00262700013c4e5f1,ATLAS_SIG_B_TOP150,BRD-K51941867,LM-1685,trt_cp,-16.454449
ATLAS_SIG_B_TOP150,6a92f7a00262700013c4e5f1,ATLAS_SIG_B_TOP150,BRD-K57954781,BRD-K57954781,trt_cp,9.760395
ATLAS_SIG_B_TOP150,6a92f7a00262700013c4e5f1,ATLAS_SIG_B_TOP150,BRD-K06878038,deferiprone,trt_cp,-57.334846
ATLAS_SIG_B_TOP150,6a92f7a00262700013c4e5f1,ATLAS_SIG_B_TOP150,BRD-K09485525,GANT-61,trt_cp,-1.0218464
ATLAS_SIG_B_TOP150,6a92f7a00262700013c4e5f1,ATLAS_SIG_B_TOP150,BRD-K92413528,thiazolidinecarboxylic-acid,trt_cp,84.73652
ATLAS_SIG_B_TOP150,6a92f7a00262700013c4e5f1,ATLAS_SIG_B_TOP150,BRD-K28849549,mesalazine,trt_cp,44.559437
ATLAS_SIG_B_TOP150,6a92f7a00262700013c4e5f1,ATLAS_SIG_B_TOP150,BRD-K34437622,5-FP,trt_cp,0.8594791
ATLAS_SIG_B_TOP150,6a92f7a00262700013c4e5f1,ATLAS_SIG_B_TOP150,BRD-K82143716,flucytosine,trt_cp,-83.53966
ATLAS_SIG_B_TOP150,6a92f7a00262700013c4e5f1,ATLAS_SIG_B_TOP150,BRD-K30197592,5-methoxytryptamine,trt_cp,-19.323694
ATLAS_SIG_B_TOP150,6a92f7a00262700013c4e5f1,ATLAS_SIG_B_TOP150,BRD-K55591206,epigallocatechin-gallate-(-),trt_cp,-64.109695
ATLAS_SIG_B_TOP150,6a92f7a00262700013c4e5f1,ATLAS_SIG_B_TOP150,BRD-K89626439,sirolimus,trt_cp,-4.160033
ATLAS_SIG_B_TOP150,6a92f7a00262700013c4e5f1,ATLAS_SIG_B_TOP150,BRD-K49372556,mofezolac,trt_cp,16.293716
ATLAS_SIG_B_TOP150,6a92f7a00262700013c4e5f1,ATLAS_SIG_B_TOP150,BRD-K51066026,aminoindazole,trt_cp,10.278231
ATLAS_SIG_B_TOP150,6a92f7a00262700013c4e5f1,ATLAS_SIG_B_TOP150,BRD-K56745457,azauridine,trt_cp,0.63424945
ATLAS_SIG_B_TOP150,6a92f7a00262700013c4e5f1,ATLAS_SIG_B_TOP150,BRD-K72238567,fludarabine,trt_cp,63.888092
ATLAS_SIG_B_TOP150,6a92f7a00262700013c4e5f1,ATLAS_SIG_B_TOP150,BRD-A00520476,AF-DX-116,trt_cp,49.766632
ATLAS_SIG_B_TOP150,6a92f7a00262700013c4e5f1,ATLAS_SIG_B_TOP150,BRD-A61858259,CAY-10415,trt_cp,-66.52255
ATLAS_SIG_B_TOP150,6a92f7a00262700013c4e5f1,ATLAS_SIG_B_TOP150,BRD-K15107389,BRD-K15107389,trt_cp,71.23752
ATLAS_SIG_B_TOP150,6a92f7a00262700013c4e5f1,ATLAS_SIG_B_TOP150,BRD-A74771556,nikkomycin,trt_cp,-39.525238
ATLAS_SIG_B_TOP150,6a92f7a00262700013c4e5f1,ATLAS_SIG_B_TOP150,BRD-K63954456,BRD-K63954456,trt_cp,-12.342458
ATLAS_SIG_B_TOP150,6a92f7a00262700013c4e5f1,ATLAS_SIG_B_TOP150,BRD-K64310881,MW-STK33-3B,trt_cp,18.474524
ATLAS_SIG_B_TOP150,6a92f7a00262700013c4e5f1,ATLAS_SIG_B_TOP150,BRD-A07614565,BRD-A07614565,trt_cp,0.0
ATLAS_SIG_B_TOP150,6a92f7a00262700013c4e5f1,ATLAS_SIG_B_TOP150,BRD-K82357231,desloratadine,trt_cp,-37.398373
ATLAS_SIG_B_TOP150,6a92f7a00262700013c4e5f1,ATLAS_SIG_B_TOP150,BRD-K26863634,BIX-01338,trt_cp,0.9866103
ATLAS_SIG_B_TOP150,6a92f7a00262700013c4e5f1,ATLAS_SIG_B_TOP150,BRD-A47706533,buthionine-sulfoximine,trt_cp,-40.63105
ATLAS_SIG_B_TOP150,6a92f7a00262700013c4e5f1,ATLAS_SIG_B_TOP150,BRD-K14550461,doxercalciferol,trt_cp,-10.4105
ATLAS_SIG_B_TOP150,6a92f7a00262700013c4e5f1,ATLAS_SIG_B_TOP150,BRD-K29359156,ebselen,trt_cp,1.8675123
ATLAS_SIG_B_TOP150,6a92f7a00262700013c4e5f1,ATLAS_SIG_B_TOP150,BRD-K65261396,tacrolimus,trt_cp,-0.63424945
ATLAS_SIG_B_TOP150,6a92f7a00262700013c4e5f1,ATLAS_SIG_B_TOP150,BRD-K14791739,fluticasone,trt_cp,-43.501984
ATLAS_SIG_B_TOP150,6a92f7a00262700013c4e5f1,ATLAS_SIG_B_TOP150,BRD-K15402119,huperzine-a,trt_cp,-52.409527
ATLAS_SIG_B_TOP150,6a92f7a00262700013c4e5f1,ATLAS_SIG_B_TOP150,BRD-K49328571,dasatinib,trt_cp,71.5273
ATLAS_SIG_B_TOP150,6a92f7a00262700013c4e5f1,ATLAS_SIG_B_TOP150,BRD-K76908866,CP-724714,trt_cp,-6.6948557
ATLAS_SIG_B_TOP150,6a92f7a00262700013c4e5f1,ATLAS_SIG_B_TOP150,BRD-K79090631,CGP-60474,trt_cp,58.33893
ATLAS_SIG_B_TOP150,6a92f7a00262700013c4e5f1,ATLAS_SIG_B_TOP150,BRD-K13390322,AT-7519,trt_cp,56.35066
ATLAS_SIG_B_TOP150,6a92f7a00262700013c4e5f1,ATLAS_SIG_B_TOP150,BRD-A19248578,latrunculin-b,trt_cp,61.268646
ATLAS_SIG_B_TOP150,6a92f7a00262700013c4e5f1,ATLAS_SIG_B_TOP150,BRD-K54331210,BRD-K54331210,trt_cp,44.53131
ATLAS_SIG_B_TOP150,6a92f7a00262700013c4e5f1,ATLAS_SIG_B_TOP150,BRD-K71427192,BRD-K71427192,trt_cp,41.158493
ATLAS_SIG_B_TOP150,6a92f7a00262700013c4e5f1,ATLAS_SIG_B_TOP150,BRD-K91485395,BRD-K91485395,trt_cp,-12.533664
ATLAS_SIG_B_TOP150,6a92f7a00262700013c4e5f1,ATLAS_SIG_B_TOP150,BRD-A77050075,heraclenol,trt_cp,43.02903
ATLAS_SIG_B_TOP150,6a92f7a00262700013c4e5f1,ATLAS_SIG_B_TOP150,BRD-K52640952,BRD-K52640952,trt_cp,-28.508207
ATLAS_SIG_B_TOP150,6a92f7a00262700013c4e5f1,ATLAS_SIG_B_TOP150,BRD-K97951054,BRD-K97951054,trt_cp,-17.49596
ATLAS_SIG_B_TOP150,6a92f7a00262700013c4e5f1,ATLAS_SIG_B_TOP150,BRD-K21971034,OM-137,trt_cp,-31.160496
ATLAS_SIG_B_TOP150,6a92f7a00262700013c4e5f1,ATLAS_SIG_B_TOP150,BRD-K47761761,PD-168077,trt_cp,0.0
ATLAS_SIG_B_TOP150,6a92f7a00262700013c4e5f1,ATLAS_SIG_B_TOP150,BRD-K18855837,varenicline,trt_cp,57.074436
ATLAS_SIG_B_TOP150,6a92f7a00262700013c4e5f1,ATLAS_SIG_B_TOP150,BRD-K28120222,parthenolide-(alternate-stereo),trt_cp,0.0
ATLAS_SIG_B_TOP150,6a92f7a00262700013c4e5f1,ATLAS_SIG_B_TOP150,BRD-K35483542,alitretinoin,trt_cp,14.611232
ATLAS_SIG_B_TOP150,6a92f7a00262700013c4e5f1,ATLAS_SIG_B_TOP150,BRD-K49810818,sorafenib,trt_cp,2.995067
ATLAS_SIG_B_TOP150,6a92f7a00262700013c4e5f1,ATLAS_SIG_B_TOP150,BRD-K29905972,axitinib,trt_cp,-15.838995
ATLAS_SIG_B_TOP150,6a92f7a00262700013c4e5f1,ATLAS_SIG_B_TOP150,BRD-K66175015,afatinib,trt_cp,1.5856236
ATLAS_SIG_B_TOP150,6a92f7a00262700013c4e5f1,ATLAS_SIG_B_TOP150,BRD-K05104363,PD-184352,trt_cp,-53.916405
ATLAS_SIG_B_TOP150,6a92f7a00262700013c4e5f1,ATLAS_SIG_B_TOP150,BRD-M07438658,lapatinib,trt_cp,-17.663248
ATLAS_SIG_B_TOP150,6a92f7a00262700013c4e5f1,ATLAS_SIG_B_TOP150,BRD-K05926469,lenalidomide,trt_cp,-68.32484
ATLAS_SIG_B_TOP150,6a92f7a00262700013c4e5f1,ATLAS_SIG_B_TOP150,BRD-K99616396,motesanib,trt_cp,26.551605
ATLAS_SIG_B_TOP150,6a92f7a00262700013c4e5f1,ATLAS_SIG_B_TOP150,BRD-K23984367,sorafenib,trt_cp,-50.119583
ATLAS_SIG_B_TOP150,6a92f7a00262700013c4e5f1,ATLAS_SIG_B_TOP150,BRD-K89162000,tandutinib,trt_cp,24.585335
ATLAS_SIG_B_TOP150,6a92f7a00262700013c4e5f1,ATLAS_SIG_B_TOP150,BRD-K15600710,obatoclax,trt_cp,67.09188
ATLAS_SIG_B_TOP150,6a92f7a00262700013c4e5f1,ATLAS_SIG_B_TOP150,BRD-A13807286,HA-14-1,trt_cp,-39.85208
ATLAS_SIG_B_TOP150,6a92f7a00262700013c4e5f1,ATLAS_SIG_B_TOP150,BRD-K04833372,GSK-1904529A,trt_cp,-39.54657
ATLAS_SIG_B_TOP150,6a92f7a00262700013c4e5f1,ATLAS_SIG_B_TOP150,BRD-K24681473,YM-155,trt_cp,6.785016
ATLAS_SIG_B_TOP150,6a92f7a00262700013c4e5f1,ATLAS_SIG_B_TOP150,BRD-K82164249,andarine,trt_cp,1.3742071
ATLAS_SIG_B_TOP150,6a92f7a00262700013c4e5f1,ATLAS_SIG_B_TOP150,BRD-K63923597,barasertib-HQPA,trt_cp,-7.72109
ATLAS_SIG_B_TOP150,6a92f7a00262700013c4e5f1,ATLAS_SIG_B_TOP150,BRD-K42125900,docetaxel,trt_cp,26.095554
ATLAS_SIG_B_TOP150,6a92f7a00262700013c4e5f1,ATLAS_SIG_B_TOP150,BRD-K61192372,capecitabine,trt_cp,-25.382187
ATLAS_SIG_B_TOP150,6a92f7a00262700013c4e5f1,ATLAS_SIG_B_TOP150,BRD-K16621777,enobosarm,trt_cp,-48.973648
ATLAS_SIG_B_TOP150,6a92f7a00262700013c4e5f1,ATLAS_SIG_B_TOP150,BRD-K51967704,BIIB-021,trt_cp,2.7484143
ATLAS_SIG_B_TOP150,6a92f7a00262700013c4e5f1,ATLAS_SIG_B_TOP150,BRD-K17210248,daunorubicin,trt_cp,87.508835
ATLAS_SIG_B_TOP150,6a92f7a00262700013c4e5f1,ATLAS_SIG_B_TOP150,BRD-K11636097,JNJ-7706621,trt_cp,31.969986
ATLAS_SIG_B_TOP150,6a92f7a00262700013c4e5f1,ATLAS_SIG_B_TOP150,BRD-A25569250,KI-16425,trt_cp,15.088423
ATLAS_SIG_B_TOP150,6a92f7a00262700013c4e5f1,ATLAS_SIG_B_TOP150,BRD-K64785675,TG-100115,trt_cp,-29.358997
ATLAS_SIG_B_TOP150,6a92f7a00262700013c4e5f1,ATLAS_SIG_B_TOP150,BRD-K48935217,epothilone,trt_cp,45.984657
ATLAS_SIG_B_TOP150,6a92f7a00262700013c4e5f1,ATLAS_SIG_B_TOP150,BRD-K56334280,amonafide,trt_cp,-6.3056936
ATLAS_SIG_B_TOP150,6a92f7a00262700013c4e5f1,ATLAS_SIG_B_TOP150,BRD-K62982419,cilomilast,trt_cp,-49.001534
ATLAS_SIG_B_TOP150,6a92f7a00262700013c4e5f1,ATLAS_SIG_B_TOP150,BRD-K05658747,raltegravir,trt_cp,-54.236267
ATLAS_SIG_B_TOP150,6a92f7a00262700013c4e5f1,ATLAS_SIG_B_TOP150,BRD-A59985574,topotecan,trt_cp,0.0
ATLAS_SIG_B_TOP150,6a92f7a00262700013c4e5f1,ATLAS_SIG_B_TOP150,BRD-A20697603,thiostrepton,trt_cp,0.7709904
ATLAS_SIG_B_TOP150,6a92f7a00262700013c4e5f1,ATLAS_SIG_B_TOP150,BRD-K17849083,tranilast,trt_cp,50.698814
ATLAS_SIG_B_TOP150,6a92f7a00262700013c4e5f1,ATLAS_SIG_B_TOP150,BRD-A16444946,acarbose,trt_cp,-7.731301
ATLAS_SIG_B_TOP150,6a92f7a00262700013c4e5f1,ATLAS_SIG_B_TOP150,BRD-K33483813,actarit,trt_cp,-94.041336
ATLAS_SIG_B_TOP150,6a92f7a00262700013c4e5f1,ATLAS_SIG_B_TOP150,BRD-A73929928,BRD-A73929928,trt_cp,16.917522
ATLAS_SIG_B_TOP150,6a92f7a00262700013c4e5f1,ATLAS_SIG_B_TOP150,BRD-K46742498,alosetron,trt_cp,26.65968
ATLAS_SIG_B_TOP150,6a92f7a00262700013c4e5f1,ATLAS_SIG_B_TOP150,BRD-K32398298,alprazolam,trt_cp,-4.5749693
ATLAS_SIG_B_TOP150,6a92f7a00262700013c4e5f1,ATLAS_SIG_B_TOP150,BRD-K55462201,AM-404,trt_cp,-70.69331
ATLAS_SIG_B_TOP150,6a92f7a00262700013c4e5f1,ATLAS_SIG_B_TOP150,BRD-K29530284,amlexanox,trt_cp,-56.696934
ATLAS_SIG_B_TOP150,6a92f7a00262700013c4e5f1,ATLAS_SIG_B_TOP150,BRD-A64297288,amlodipine,trt_cp,75.02437
ATLAS_SIG_B_TOP150,6a92f7a00262700013c4e5f1,ATLAS_SIG_B_TOP150,BRD-A39172021,ampiroxicam,trt_cp,22.38772
ATLAS_SIG_B_TOP150,6a92f7a00262700013c4e5f1,ATLAS_SIG_B_TOP150,BRD-K52172416,anastrozole,trt_cp,15.749781
ATLAS_SIG_B_TOP150,6a92f7a00262700013c4e5f1,ATLAS_SIG_B_TOP150,BRD-A48261811,argatroban,trt_cp,-44.706135
ATLAS_SIG_B_TOP150,6a92f7a00262700013c4e5f1,ATLAS_SIG_B_TOP150,BRD-K70358946,aripiprazole,trt_cp,12.584383
ATLAS_SIG_B_TOP150,6a92f7a00262700013c4e5f1,ATLAS_SIG_B_TOP150,BRD-K39621635,artemether,trt_cp,10.228869
ATLAS_SIG_B_TOP150,6a92f7a00262700013c4e5f1,ATLAS_SIG_B_TOP150,BRD-K79759031,artesunate,trt_cp,-4.054787
ATLAS_SIG_B_TOP150,6a92f7a00262700013c4e5f1,ATLAS_SIG_B_TOP150,BRD-A75935363,atracurium,trt_cp,29.564772
ATLAS_SIG_B_TOP150,6a92f7a00262700013c4e5f1,ATLAS_SIG_B_TOP150,BRD-A68888262,azelastine,trt_cp,43.026344
ATLAS_SIG_B_TOP150,6a92f7a00262700013c4e5f1,ATLAS_SIG_B_TOP150,BRD-A17448384,beclometasone,trt_cp,-69.12497
ATLAS_SIG_B_TOP150,6a92f7a00262700013c4e5f1,ATLAS_SIG_B_TOP150,BRD-K85030058,benactyzine,trt_cp,-2.0111806
ATLAS_SIG_B_TOP150,6a92f7a00262700013c4e5f1,ATLAS_SIG_B_TOP150,BRD-K49807096,benazepril,trt_cp,-36.454567
ATLAS_SIG_B_TOP150,6a92f7a00262700013c4e5f1,ATLAS_SIG_B_TOP150,BRD-A35519318,benidipine,trt_cp,-22.200499
ATLAS_SIG_B_TOP150,6a92f7a00262700013c4e5f1,ATLAS_SIG_B_TOP150,BRD-A42423104,benproperine,trt_cp,25.225695
ATLAS_SIG_B_TOP150,6a92f7a00262700013c4e5f1,ATLAS_SIG_B_TOP150,BRD-K31471398,dihydrexidine,trt_cp,14.339298
ATLAS_SIG_B_TOP150,6a92f7a00262700013c4e5f1,ATLAS_SIG_B_TOP150,BRD-A94543220,bifonazole,trt_cp,-1.5151515
ATLAS_SIG_B_TOP150,6a92f7a00262700013c4e5f1,ATLAS_SIG_B_TOP150,BRD-K68077509,brucine,trt_cp,2.4653158
ATLAS_SIG_B_TOP150,6a92f7a00262700013c4e5f1,ATLAS_SIG_B_TOP150,BRD-K19462402,buflomedil,trt_cp,82.605835
ATLAS_SIG_B_TOP150,6a92f7a00262700013c4e5f1,ATLAS_SIG_B_TOP150,BRD-K16336526,capsaicin,trt_cp,15.606114
ATLAS_SIG_B_TOP150,6a92f7a00262700013c4e5f1,ATLAS_SIG_B_TOP150,BRD-K11630072,carmofur,trt_cp,80.548386
ATLAS_SIG_B_TOP150,6a92f7a00262700013c4e5f1,ATLAS_SIG_B_TOP150,BRD-K20338176,cefaclor,trt_cp,-2.8541226
ATLAS_SIG_B_TOP150,6a92f7a00262700013c4e5f1,ATLAS_SIG_B_TOP150,BRD-M47937986,cefatrizine,trt_cp,-62.38571
ATLAS_SIG_B_TOP150,6a92f7a00262700013c4e5f1,ATLAS_SIG_B_TOP150,BRD-K52735702,cefdinir,trt_cp,41.938744
ATLAS_SIG_B_TOP150,6a92f7a00262700013c4e5f1,ATLAS_SIG_B_TOP150,BRD-K04993501,cefixime,trt_cp,-9.121727
ATLAS_SIG_B_TOP150,6a92f7a00262700013c4e5f1,ATLAS_SIG_B_TOP150,BRD-A87387433,cefpodoxime,trt_cp,-8.87668
ATLAS_SIG_B_TOP150,6a92f7a00262700013c4e5f1,ATLAS_SIG_B_TOP150,BRD-K90733503,cephalexin,trt_cp,16.591412
ATLAS_SIG_B_TOP150,6a92f7a00262700013c4e5f1,ATLAS_SIG_B_TOP150,BRD-K81169441,cerivastatin,trt_cp,-5.6730094
ATLAS_SIG_B_TOP150,6a92f7a00262700013c4e5f1,ATLAS_SIG_B_TOP150,BRD-K48932581,cetraxate,trt_cp,-6.5454307
ATLAS_SIG_B_TOP150,6a92f7a00262700013c4e5f1,ATLAS_SIG_B_TOP150,BRD-K86595100,chlordiazepoxide,trt_cp,9.4503145
ATLAS_SIG_B_TOP150,6a92f7a00262700013c4e5f1,ATLAS_SIG_B_TOP150,BRD-K85518562,cilastatin,trt_cp,-6.8678164
ATLAS_SIG_B_TOP150,6a92f7a00262700013c4e5f1,ATLAS_SIG_B_TOP150,BRD-K49668410,clarithromycin,trt_cp,30.808802
ATLAS_SIG_B_TOP150,6a92f7a00262700013c4e5f1,ATLAS_SIG_B_TOP150,BRD-K56614220,clofazimine,trt_cp,-1.9027485
ATLAS_SIG_B_TOP150,6a92f7a00262700013c4e5f1,ATLAS_SIG_B_TOP150,BRD-K15916496,clotrimazole,trt_cp,11.00839
ATLAS_SIG_B_TOP150,6a92f7a00262700013c4e5f1,ATLAS_SIG_B_TOP150,BRD-K73589401,corticosterone,trt_cp,14.911485
ATLAS_SIG_B_TOP150,6a92f7a00262700013c4e5f1,ATLAS_SIG_B_TOP150,BRD-K70578146,dactinomycin,trt_cp,64.38791
ATLAS_SIG_B_TOP150,6a92f7a00262700013c4e5f1,ATLAS_SIG_B_TOP150,BRD-K90976994,dehydrocholic-acid,trt_cp,63.559387
ATLAS_SIG_B_TOP150,6a92f7a00262700013c4e5f1,ATLAS_SIG_B_TOP150,BRD-K30697463,desoximetasone,trt_cp,-2.3255813
ATLAS_SIG_B_TOP150,6a92f7a00262700013c4e5f1,ATLAS_SIG_B_TOP150,BRD-K22947005,dexbrompheniramine,trt_cp,27.153336
ATLAS_SIG_B_TOP150,6a92f7a00262700013c4e5f1,ATLAS_SIG_B_TOP150,BRD-K39462424,dexchlorpheniramine,trt_cp,28.775536
ATLAS_SIG_B_TOP150,6a92f7a00262700013c4e5f1,ATLAS_SIG_B_TOP150,BRD-K13664374,dichloroacetic-acid,trt_cp,55.18654
ATLAS_SIG_B_TOP150,6a92f7a00262700013c4e5f1,ATLAS_SIG_B_TOP150,BRD-K41903098,diphenoxylate,trt_cp,-8.045177
ATLAS_SIG_B_TOP150,6a92f7a00262700013c4e5f1,ATLAS_SIG_B_TOP150,BRD-K51730347,diphencyprone,trt_cp,-16.552792
ATLAS_SIG_B_TOP150,6a92f7a00262700013c4e5f1,ATLAS_SIG_B_TOP150,BRD-K63265447,docetaxel,trt_cp,90.0972
ATLAS_SIG_B_TOP150,6a92f7a00262700013c4e5f1,ATLAS_SIG_B_TOP150,BRD-K86887724,dofetilide,trt_cp,-8.950165
ATLAS_SIG_B_TOP150,6a92f7a00262700013c4e5f1,ATLAS_SIG_B_TOP150,BRD-K28029915,dolasetron,trt_cp,2.1141648
ATLAS_SIG_B_TOP150,6a92f7a00262700013c4e5f1,ATLAS_SIG_B_TOP150,BRD-K40758068,efavirenz,trt_cp,-22.94809
ATLAS_SIG_B_TOP150,6a92f7a00262700013c4e5f1,ATLAS_SIG_B_TOP150,BRD-K99447003,enalaprilat,trt_cp,-95.63698
ATLAS_SIG_B_TOP150,6a92f7a00262700013c4e5f1,ATLAS_SIG_B_TOP150,BRD-A07395371,esmolol,trt_cp,-32.521656
ATLAS_SIG_B_TOP150,6a92f7a00262700013c4e5f1,ATLAS_SIG_B_TOP150,BRD-A56892734,esomeprazole,trt_cp,-2.0436928
ATLAS_SIG_B_TOP150,6a92f7a00262700013c4e5f1,ATLAS_SIG_B_TOP150,BRD-K47448802,BRD-K47448802,trt_cp,22.311932
ATLAS_SIG_B_TOP150,6a92f7a00262700013c4e5f1,ATLAS_SIG_B_TOP150,BRD-K39391626,ethylestrenol,trt_cp,67.32376
ATLAS_SIG_B_TOP150,6a92f7a00262700013c4e5f1,ATLAS_SIG_B_TOP150,BRD-K48195008,ethinylestradiol,trt_cp,22.667675
ATLAS_SIG_B_TOP150,6a92f7a00262700013c4e5f1,ATLAS_SIG_B_TOP150,BRD-K33425534,exemestane,trt_cp,-59.854805
ATLAS_SIG_B_TOP150,6a92f7a00262700013c4e5f1,ATLAS_SIG_B_TOP150,BRD-K42260897,ezetimibe,trt_cp,-16.500273
ATLAS_SIG_B_TOP150,6a92f7a00262700013c4e5f1,ATLAS_SIG_B_TOP150,BRD-K00673382,famotidine,trt_cp,21.972363
ATLAS_SIG_B_TOP150,6a92f7a00262700013c4e5f1,ATLAS_SIG_B_TOP150,BRD-K84566043,fenpiverinium,trt_cp,-49.265152
ATLAS_SIG_B_TOP150,6a92f7a00262700013c4e5f1,ATLAS_SIG_B_TOP150,BRD-K86003836,flubendazole,trt_cp,86.73811
ATLAS_SIG_B_TOP150,6a92f7a00262700013c4e5f1,ATLAS_SIG_B_TOP150,BRD-K31534764,fluvoxamine,trt_cp,1.303735
ATLAS_SIG_B_TOP150,6a92f7a00262700013c4e5f1,ATLAS_SIG_B_TOP150,BRD-K54006094,formoterol,trt_cp,42.886658
ATLAS_SIG_B_TOP150,6a92f7a00262700013c4e5f1,ATLAS_SIG_B_TOP150,BRD-A79903587,tegafur,trt_cp,-16.941366
ATLAS_SIG_B_TOP150,6a92f7a00262700013c4e5f1,ATLAS_SIG_B_TOP150,BRD-K49481516,galantamine,trt_cp,54.036293
ATLAS_SIG_B_TOP150,6a92f7a00262700013c4e5f1,ATLAS_SIG_B_TOP150,BRD-A62434282,goserelin,trt_cp,-38.874107
ATLAS_SIG_B_TOP150,6a92f7a00262700013c4e5f1,ATLAS_SIG_B_TOP150,BRD-K10860596,granisetron,trt_cp,43.949684
ATLAS_SIG_B_TOP150,6a92f7a00262700013c4e5f1,ATLAS_SIG_B_TOP150,BRD-K33312228,halometasone,trt_cp,63.362175
ATLAS_SIG_B_TOP150,6a92f7a00262700013c4e5f1,ATLAS_SIG_B_TOP150,BRD-A24643465,homoharringtonine,trt_cp,-5.426357
ATLAS_SIG_B_TOP150,6a92f7a00262700013c4e5f1,ATLAS_SIG_B_TOP150,BRD-K59570838,homoveratrylamine,trt_cp,18.933659
ATLAS_SIG_B_TOP150,6a92f7a00262700013c4e5f1,ATLAS_SIG_B_TOP150,BRD-K98493452,honokiol,trt_cp,44.890263
ATLAS_SIG_B_TOP150,6a92f7a00262700013c4e5f1,ATLAS_SIG_B_TOP150,BRD-K45888792,huperzine-a,trt_cp,0.7399577
ATLAS_SIG_B_TOP150,6a92f7a00262700013c4e5f1,ATLAS_SIG_B_TOP150,BRD-K84955386,hyperoside,trt_cp,46.100464
ATLAS_SIG_B_TOP150,6a92f7a00262700013c4e5f1,ATLAS_SIG_B_TOP150,BRD-K69650333,idarubicin,trt_cp,44.909477
ATLAS_SIG_B_TOP150,6a92f7a00262700013c4e5f1,ATLAS_SIG_B_TOP150,BRD-K37516142,idebenone,trt_cp,13.823753
ATLAS_SIG_B_TOP150,6a92f7a00262700013c4e5f1,ATLAS_SIG_B_TOP150,BRD-A24191444,ifenprodil,trt_cp,1.5856236
ATLAS_SIG_B_TOP150,6a92f7a00262700013c4e5f1,ATLAS_SIG_B_TOP150,BRD-K01649396,indatraline,trt_cp,-46.786606
ATLAS_SIG_B_TOP150,6a92f7a00262700013c4e5f1,ATLAS_SIG_B_TOP150,BRD-K33226500,indinavir,trt_cp,22.079716
ATLAS_SIG_B_TOP150,6a92f7a00262700013c4e5f1,ATLAS_SIG_B_TOP150,BRD-K93618743,ipriflavone,trt_cp,-21.760155
ATLAS_SIG_B_TOP150,6a92f7a00262700013c4e5f1,ATLAS_SIG_B_TOP150,BRD-K73991644,isoquercetin,trt_cp,-9.167049
ATLAS_SIG_B_TOP150,6a92f7a00262700013c4e5f1,ATLAS_SIG_B_TOP150,BRD-A69927616,isradipine,trt_cp,7.82241
ATLAS_SIG_B_TOP150,6a92f7a00262700013c4e5f1,ATLAS_SIG_B_TOP150,BRD-K30097969,pitavastatin,trt_cp,28.440287
ATLAS_SIG_B_TOP150,6a92f7a00262700013c4e5f1,ATLAS_SIG_B_TOP150,BRD-K96740444,itopride,trt_cp,-39.72514
ATLAS_SIG_B_TOP150,6a92f7a00262700013c4e5f1,ATLAS_SIG_B_TOP150,BRD-K96134740,kitasamycin,trt_cp,-36.09861
ATLAS_SIG_B_TOP150,6a92f7a00262700013c4e5f1,ATLAS_SIG_B_TOP150,BRD-K59456551,methotrexate,trt_cp,4.7321506
ATLAS_SIG_B_TOP150,6a92f7a00262700013c4e5f1,ATLAS_SIG_B_TOP150,BRD-K22227508,targinine,trt_cp,62.81429
ATLAS_SIG_B_TOP150,6a92f7a00262700013c4e5f1,ATLAS_SIG_B_TOP150,BRD-A52282606,lacidipine,trt_cp,-37.658325
ATLAS_SIG_B_TOP150,6a92f7a00262700013c4e5f1,ATLAS_SIG_B_TOP150,BRD-A49172652,lansoprazole,trt_cp,-3.3474278
ATLAS_SIG_B_TOP150,6a92f7a00262700013c4e5f1,ATLAS_SIG_B_TOP150,BRD-K10961822,latanoprost,trt_cp,36.0585
ATLAS_SIG_B_TOP150,6a92f7a00262700013c4e5f1,ATLAS_SIG_B_TOP150,BRD-K49404994,levetiracetam,trt_cp,-26.915934
ATLAS_SIG_B_TOP150,6a92f7a00262700013c4e5f1,ATLAS_SIG_B_TOP150,BRD-K27184429,levocetirizine,trt_cp,15.839487
ATLAS_SIG_B_TOP150,6a92f7a00262700013c4e5f1,ATLAS_SIG_B_TOP150,BRD-K09471561,levofloxacin,trt_cp,72.82313
ATLAS_SIG_B_TOP150,6a92f7a00262700013c4e5f1,ATLAS_SIG_B_TOP150,BRD-K51671335,levosulpiride,trt_cp,39.38873
ATLAS_SIG_B_TOP150,6a92f7a00262700013c4e5f1,ATLAS_SIG_B_TOP150,BRD-K66206289,lobeline,trt_cp,-31.288265
ATLAS_SIG_B_TOP150,6a92f7a00262700013c4e5f1,ATLAS_SIG_B_TOP150,BRD-K82147103,lofepramine,trt_cp,72.85835
ATLAS_SIG_B_TOP150,6a92f7a00262700013c4e5f1,ATLAS_SIG_B_TOP150,BRD-A02990301,lofexidine,trt_cp,3.030303
ATLAS_SIG_B_TOP150,6a92f7a00262700013c4e5f1,ATLAS_SIG_B_TOP150,BRD-K62858456,lomerizine,trt_cp,18.577541
ATLAS_SIG_B_TOP150,6a92f7a00262700013c4e5f1,ATLAS_SIG_B_TOP150,BRD-K82795137,loratadine,trt_cp,23.469002
ATLAS_SIG_B_TOP150,6a92f7a00262700013c4e5f1,ATLAS_SIG_B_TOP150,BRD-A11990600,lorazepam,trt_cp,17.351986
ATLAS_SIG_B_TOP150,6a92f7a00262700013c4e5f1,ATLAS_SIG_B_TOP150,BRD-K66198023,losartan,trt_cp,0.9907381
ATLAS_SIG_B_TOP150,6a92f7a00262700013c4e5f1,ATLAS_SIG_B_TOP150,BRD-K39983086,loteprednol,trt_cp,-29.205853
ATLAS_SIG_B_TOP150,6a92f7a00262700013c4e5f1,ATLAS_SIG_B_TOP150,BRD-A43082555,loxoprofen,trt_cp,65.66629
ATLAS_SIG_B_TOP150,6a92f7a00262700013c4e5f1,ATLAS_SIG_B_TOP150,BRD-K41051431,mecillinam,trt_cp,-16.024307
ATLAS_SIG_B_TOP150,6a92f7a00262700013c4e5f1,ATLAS_SIG_B_TOP150,BRD-K99615199,medroxyprogesterone,trt_cp,-14.250969
ATLAS_SIG_B_TOP150,6a92f7a00262700013c4e5f1,ATLAS_SIG_B_TOP150,BRD-K91938660,memantine,trt_cp,10.157125
ATLAS_SIG_B_TOP150,6a92f7a00262700013c4e5f1,ATLAS_SIG_B_TOP150,BRD-A03216249,mepivacaine,trt_cp,-1.130045
ATLAS_SIG_B_TOP150,6a92f7a00262700013c4e5f1,ATLAS_SIG_B_TOP150,BRD-K18523449,mestanolone,trt_cp,50.297123
ATLAS_SIG_B_TOP150,6a92f7a00262700013c4e5f1,ATLAS_SIG_B_TOP150,BRD-K88679075,methandriol,trt_cp,32.434967
ATLAS_SIG_B_TOP150,6a92f7a00262700013c4e5f1,ATLAS_SIG_B_TOP150,BRD-K84036904,testosterone,trt_cp,74.727516
ATLAS_SIG_B_TOP150,6a92f7a00262700013c4e5f1,ATLAS_SIG_B_TOP150,BRD-K52020312,metronidazole,trt_cp,53.32742
ATLAS_SIG_B_TOP150,6a92f7a00262700013c4e5f1,ATLAS_SIG_B_TOP150,BRD-K00532621,midazolam,trt_cp,14.604107
ATLAS_SIG_B_TOP150,6a92f7a00262700013c4e5f1,ATLAS_SIG_B_TOP150,BRD-K44779798,miglitol,trt_cp,-83.87938
ATLAS_SIG_B_TOP150,6a92f7a00262700013c4e5f1,ATLAS_SIG_B_TOP150,BRD-K02227374,milnacipran,trt_cp,14.5658
ATLAS_SIG_B_TOP150,6a92f7a00262700013c4e5f1,ATLAS_SIG_B_TOP150,BRD-K69470111,montelukast,trt_cp,-22.124363
ATLAS_SIG_B_TOP150,6a92f7a00262700013c4e5f1,ATLAS_SIG_B_TOP150,BRD-A39052811,mosapride,trt_cp,18.321957
ATLAS_SIG_B_TOP150,6a92f7a00262700013c4e5f1,ATLAS_SIG_B_TOP150,BRD-K04710043,hexamethylenebisacetamide,trt_cp,-23.044321
ATLAS_SIG_B_TOP150,6a92f7a00262700013c4e5f1,ATLAS_SIG_B_TOP150,BRD-A01787639,naftopidil,trt_cp,-47.10041
ATLAS_SIG_B_TOP150,6a92f7a00262700013c4e5f1,ATLAS_SIG_B_TOP150,BRD-A16934955,nalbuphine,trt_cp,68.93245
ATLAS_SIG_B_TOP150,6a92f7a00262700013c4e5f1,ATLAS_SIG_B_TOP150,BRD-A47342814,naltrindole,trt_cp,18.042425
ATLAS_SIG_B_TOP150,6a92f7a00262700013c4e5f1,ATLAS_SIG_B_TOP150,BRD-K59197931,naproxen,trt_cp,-3.453136
ATLAS_SIG_B_TOP150,6a92f7a00262700013c4e5f1,ATLAS_SIG_B_TOP150,BRD-K44353683,nateglinide,trt_cp,21.604546
ATLAS_SIG_B_TOP150,6a92f7a00262700013c4e5f1,ATLAS_SIG_B_TOP150,BRD-K74117820,nelfinavir,trt_cp,-44.47025
ATLAS_SIG_B_TOP150,6a92f7a00262700013c4e5f1,ATLAS_SIG_B_TOP150,BRD-A30977374,nifedipine,trt_cp,-92.370224
ATLAS_SIG_B_TOP150,6a92f7a00262700013c4e5f1,ATLAS_SIG_B_TOP150,BRD-K32311154,nifekalant,trt_cp,-22.51782
ATLAS_SIG_B_TOP150,6a92f7a00262700013c4e5f1,ATLAS_SIG_B_TOP150,BRD-K70883034,nimetazepam,trt_cp,-56.939976
ATLAS_SIG_B_TOP150,6a92f7a00262700013c4e5f1,ATLAS_SIG_B_TOP150,BRD-A24891640,nimodipine,trt_cp,-6.002799
ATLAS_SIG_B_TOP150,6a92f7a00262700013c4e5f1,ATLAS_SIG_B_TOP150,BRD-A96107863,nisoldipine,trt_cp,77.86868
ATLAS_SIG_B_TOP150,6a92f7a00262700013c4e5f1,ATLAS_SIG_B_TOP150,BRD-K96471533,nitazoxanide,trt_cp,19.09576
ATLAS_SIG_B_TOP150,6a92f7a00262700013c4e5f1,ATLAS_SIG_B_TOP150,BRD-K57930253,nitrazepam,trt_cp,-45.404686
ATLAS_SIG_B_TOP150,6a92f7a00262700013c4e5f1,ATLAS_SIG_B_TOP150,BRD-A12560204,nitrendipine,trt_cp,26.515198
ATLAS_SIG_B_TOP150,6a92f7a00262700013c4e5f1,ATLAS_SIG_B_TOP150,BRD-A24543851,nornicotine,trt_cp,29.538645
ATLAS_SIG_B_TOP150,6a92f7a00262700013c4e5f1,ATLAS_SIG_B_TOP150,BRD-K18895904,olanzapine,trt_cp,-89.40762
ATLAS_SIG_B_TOP150,6a92f7a00262700013c4e5f1,ATLAS_SIG_B_TOP150,BRD-K05350981,oligomycin-c,trt_cp,14.121645
ATLAS_SIG_B_TOP150,6a92f7a00262700013c4e5f1,ATLAS_SIG_B_TOP150,BRD-K83144676,olmesartan,trt_cp,22.582598
ATLAS_SIG_B_TOP150,6a92f7a00262700013c4e5f1,ATLAS_SIG_B_TOP150,BRD-K63343048,orlistat,trt_cp,31.927025
ATLAS_SIG_B_TOP150,6a92f7a00262700013c4e5f1,ATLAS_SIG_B_TOP150,BRD-K25310650,ormetoprim,trt_cp,28.1123
ATLAS_SIG_B_TOP150,6a92f7a00262700013c4e5f1,ATLAS_SIG_B_TOP150,BRD-K23369905,oxiconazole,trt_cp,-18.39021
ATLAS_SIG_B_TOP150,6a92f7a00262700013c4e5f1,ATLAS_SIG_B_TOP150,BRD-A67552655,etomoxir,trt_cp,3.5060034
ATLAS_SIG_B_TOP150,6a92f7a00262700013c4e5f1,ATLAS_SIG_B_TOP150,BRD-A23637604,oxymetholone,trt_cp,-64.54993
ATLAS_SIG_B_TOP150,6a92f7a00262700013c4e5f1,ATLAS_SIG_B_TOP150,BRD-A14208071,oxyphenonium,trt_cp,34.517994
ATLAS_SIG_B_TOP150,6a92f7a00262700013c4e5f1,ATLAS_SIG_B_TOP150,BRD-K08924299,palonosetron,trt_cp,-52.88507
ATLAS_SIG_B_TOP150,6a92f7a00262700013c4e5f1,ATLAS_SIG_B_TOP150,BRD-A84134924,pancuronium,trt_cp,22.106478
ATLAS_SIG_B_TOP150,6a92f7a00262700013c4e5f1,ATLAS_SIG_B_TOP150,BRD-K13800121,parecoxib,trt_cp,43.43706
ATLAS_SIG_B_TOP150,6a92f7a00262700013c4e5f1,ATLAS_SIG_B_TOP150,BRD-K19277754,paroxetine,trt_cp,-7.912635
ATLAS_SIG_B_TOP150,6a92f7a00262700013c4e5f1,ATLAS_SIG_B_TOP150,BRD-K66412701,pazufloxacin,trt_cp,33.848537
ATLAS_SIG_B_TOP150,6a92f7a00262700013c4e5f1,ATLAS_SIG_B_TOP150,BRD-K55034111,pefloxacin,trt_cp,-68.91559
ATLAS_SIG_B_TOP150,6a92f7a00262700013c4e5f1,ATLAS_SIG_B_TOP150,BRD-K47780086,penciclovir,trt_cp,27.62483
ATLAS_SIG_B_TOP150,6a92f7a00262700013c4e5f1,ATLAS_SIG_B_TOP150,BRD-K85503079,perospirone,trt_cp,-52.13971
ATLAS_SIG_B_TOP150,6a92f7a00262700013c4e5f1,ATLAS_SIG_B_TOP150,BRD-K22009844,phenprobamate,trt_cp,-74.363754
ATLAS_SIG_B_TOP150,6a92f7a00262700013c4e5f1,ATLAS_SIG_B_TOP150,BRD-A37052580,physostigmine,trt_cp,22.63443
ATLAS_SIG_B_TOP150,6a92f7a00262700013c4e5f1,ATLAS_SIG_B_TOP150,BRD-K43236057,polydatin,trt_cp,23.60543
ATLAS_SIG_B_TOP150,6a92f7a00262700013c4e5f1,ATLAS_SIG_B_TOP150,BRD-M47793593,picrotoxin,trt_cp,53.19919
ATLAS_SIG_B_TOP150,6a92f7a00262700013c4e5f1,ATLAS_SIG_B_TOP150,BRD-K44442813,pidotimod,trt_cp,-0.95137423
ATLAS_SIG_B_TOP150,6a92f7a00262700013c4e5f1,ATLAS_SIG_B_TOP150,BRD-A22897758,pinacidil,trt_cp,-14.424997
ATLAS_SIG_B_TOP150,6a92f7a00262700013c4e5f1,ATLAS_SIG_B_TOP150,BRD-K92870997,pterostilbene,trt_cp,32.834164
ATLAS_SIG_B_TOP150,6a92f7a00262700013c4e5f1,ATLAS_SIG_B_TOP150,BRD-A56245458,reichstein,trt_cp,-15.324914
ATLAS_SIG_B_TOP150,6a92f7a00262700013c4e5f1,ATLAS_SIG_B_TOP150,BRD-K30563334,rifabutin,trt_cp,5.5774617
ATLAS_SIG_B_TOP150,6a92f7a00262700013c4e5f1,ATLAS_SIG_B_TOP150,BRD-K55889443,rifapentine,trt_cp,-6.507782
ATLAS_SIG_B_TOP150,6a92f7a00262700013c4e5f1,ATLAS_SIG_B_TOP150,BRD-K89708791,rifaximin,trt_cp,-79.764694
ATLAS_SIG_B_TOP150,6a92f7a00262700013c4e5f1,ATLAS_SIG_B_TOP150,BRD-K70490179,rimcazole,trt_cp,34.48031
ATLAS_SIG_B_TOP150,6a92f7a00262700013c4e5f1,ATLAS_SIG_B_TOP150,BRD-K51485625,ritonavir,trt_cp,-72.67488
ATLAS_SIG_B_TOP150,6a92f7a00262700013c4e5f1,ATLAS_SIG_B_TOP150,BRD-A27489425,rolitetracycline,trt_cp,40.31866
ATLAS_SIG_B_TOP150,6a92f7a00262700013c4e5f1,ATLAS_SIG_B_TOP150,BRD-K50938786,ropivacaine,trt_cp,14.694408
ATLAS_SIG_B_TOP150,6a92f7a00262700013c4e5f1,ATLAS_SIG_B_TOP150,BRD-K81855038,roxatidine-acetate,trt_cp,42.67948
ATLAS_SIG_B_TOP150,6a92f7a00262700013c4e5f1,ATLAS_SIG_B_TOP150,BRD-K62374253,rufloxacin,trt_cp,47.184032
ATLAS_SIG_B_TOP150,6a92f7a00262700013c4e5f1,ATLAS_SIG_B_TOP150,BRD-A88254928,salbutamol,trt_cp,1.4094433
ATLAS_SIG_B_TOP150,6a92f7a00262700013c4e5f1,ATLAS_SIG_B_TOP150,BRD-K91733562,secoisolariciresinol,trt_cp,-19.182842
ATLAS_SIG_B_TOP150,6a92f7a00262700013c4e5f1,ATLAS_SIG_B_TOP150,BRD-A23359898,sibutramine,trt_cp,-18.219818
ATLAS_SIG_B_TOP150,6a92f7a00262700013c4e5f1,ATLAS_SIG_B_TOP150,BRD-A72441487,stiripentol,trt_cp,-1.6208597
ATLAS_SIG_B_TOP150,6a92f7a00262700013c4e5f1,ATLAS_SIG_B_TOP150,BRD-K10670311,sulfasalazine,trt_cp,-13.740946
ATLAS_SIG_B_TOP150,6a92f7a00262700013c4e5f1,ATLAS_SIG_B_TOP150,BRD-A04327189,synephrine,trt_cp,-8.274401
ATLAS_SIG_B_TOP150,6a92f7a00262700013c4e5f1,ATLAS_SIG_B_TOP150,BRD-K44094599,tacrolimus,trt_cp,-49.776443
ATLAS_SIG_B_TOP150,6a92f7a00262700013c4e5f1,ATLAS_SIG_B_TOP150,BRD-K94649603,taxifolin,trt_cp,27.868143
ATLAS_SIG_B_TOP150,6a92f7a00262700013c4e5f1,ATLAS_SIG_B_TOP150,BRD-K95808480,taxifolin,trt_cp,21.32764
ATLAS_SIG_B_TOP150,6a92f7a00262700013c4e5f1,ATLAS_SIG_B_TOP150,BRD-K21806131,tegaserod,trt_cp,12.823234
ATLAS_SIG_B_TOP150,6a92f7a00262700013c4e5f1,ATLAS_SIG_B_TOP150,BRD-K32744045,disulfiram,trt_cp,37.65939
ATLAS_SIG_B_TOP150,6a92f7a00262700013c4e5f1,ATLAS_SIG_B_TOP150,BRD-K94887716,TFMPP,trt_cp,10.902482
ATLAS_SIG_B_TOP150,6a92f7a00262700013c4e5f1,ATLAS_SIG_B_TOP150,BRD-K60160658,tiagabine,trt_cp,26.866642
ATLAS_SIG_B_TOP150,6a92f7a00262700013c4e5f1,ATLAS_SIG_B_TOP150,BRD-K10467831,tibolone,trt_cp,58.38355
ATLAS_SIG_B_TOP150,6a92f7a00262700013c4e5f1,ATLAS_SIG_B_TOP150,BRD-K89125793,tinidazole,trt_cp,0.8104299
ATLAS_SIG_B_TOP150,6a92f7a00262700013c4e5f1,ATLAS_SIG_B_TOP150,BRD-K54316499,tolterodine,trt_cp,-63.32261
ATLAS_SIG_B_TOP150,6a92f7a00262700013c4e5f1,ATLAS_SIG_B_TOP150,BRD-K29653726,topiramate,trt_cp,33.231846
ATLAS_SIG_B_TOP150,6a92f7a00262700013c4e5f1,ATLAS_SIG_B_TOP150,BRD-K55696337,topotecan,trt_cp,19.16903
ATLAS_SIG_B_TOP150,6a92f7a00262700013c4e5f1,ATLAS_SIG_B_TOP150,BRD-A41450521,tosufloxacin,trt_cp,12.35308
ATLAS_SIG_B_TOP150,6a92f7a00262700013c4e5f1,ATLAS_SIG_B_TOP150,BRD-K04412738,tramadol,trt_cp,13.54158
ATLAS_SIG_B_TOP150,6a92f7a00262700013c4e5f1,ATLAS_SIG_B_TOP150,BRD-A61856038,tremulacin,trt_cp,9.113768
ATLAS_SIG_B_TOP150,6a92f7a00262700013c4e5f1,ATLAS_SIG_B_TOP150,BRD-K68202742,trichostatin-a,trt_cp,2.9245949
ATLAS_SIG_B_TOP150,6a92f7a00262700013c4e5f1,ATLAS_SIG_B_TOP150,BRD-K81916719,triclabendazole,trt_cp,-10.443499
ATLAS_SIG_B_TOP150,6a92f7a00262700013c4e5f1,ATLAS_SIG_B_TOP150,BRD-K04196797,oxcarbazepine,trt_cp,21.87501
ATLAS_SIG_B_TOP150,6a92f7a00262700013c4e5f1,ATLAS_SIG_B_TOP150,BRD-A92630576,trimebutine,trt_cp,61.62024
ATLAS_SIG_B_TOP150,6a92f7a00262700013c4e5f1,ATLAS_SIG_B_TOP150,BRD-K39484304,triptolide,trt_cp,54.64859
ATLAS_SIG_B_TOP150,6a92f7a00262700013c4e5f1,ATLAS_SIG_B_TOP150,BRD-K50866992,tropisetron,trt_cp,70.79553
ATLAS_SIG_B_TOP150,6a92f7a00262700013c4e5f1,ATLAS_SIG_B_TOP150,BRD-A68589262,troxipide,trt_cp,10.888752
ATLAS_SIG_B_TOP150,6a92f7a00262700013c4e5f1,ATLAS_SIG_B_TOP150,BRD-K46435977,valaciclovir,trt_cp,-33.78816
ATLAS_SIG_B_TOP150,6a92f7a00262700013c4e5f1,ATLAS_SIG_B_TOP150,BRD-K20168442,vecuronium,trt_cp,47.003574
ATLAS_SIG_B_TOP150,6a92f7a00262700013c4e5f1,ATLAS_SIG_B_TOP150,BRD-K82109576,vincristine,trt_cp,-36.34063
ATLAS_SIG_B_TOP150,6a92f7a00262700013c4e5f1,ATLAS_SIG_B_TOP150,BRD-K59753975,vindesine,trt_cp,60.44947
ATLAS_SIG_B_TOP150,6a92f7a00262700013c4e5f1,ATLAS_SIG_B_TOP150,BRD-K97514127,vinorelbine,trt_cp,2.7021058
ATLAS_SIG_B_TOP150,6a92f7a00262700013c4e5f1,ATLAS_SIG_B_TOP150,BRD-K06557128,voriconazole,trt_cp,-18.405712
ATLAS_SIG_B_TOP150,6a92f7a00262700013c4e5f1,ATLAS_SIG_B_TOP150,BRD-A24381660,zeranol,trt_cp,11.337461
ATLAS_SIG_B_TOP150,6a92f7a00262700013c4e5f1,ATLAS_SIG_B_TOP150,BRD-K44876623,zolpidem,trt_cp,-17.248924
ATLAS_SIG_B_TOP150,6a92f7a00262700013c4e5f1,ATLAS_SIG_B_TOP150,BRD-A60245366,AS-601245,trt_cp,31.681864
ATLAS_SIG_B_TOP150,6a92f7a00262700013c4e5f1,ATLAS_SIG_B_TOP150,BRD-K01436366,XMD-1150,trt_cp,-31.397861
ATLAS_SIG_B_TOP150,6a92f7a00262700013c4e5f1,ATLAS_SIG_B_TOP150,BRD-K19220233,JNK-9L,trt_cp,48.774864
ATLAS_SIG_B_TOP150,6a92f7a00262700013c4e5f1,ATLAS_SIG_B_TOP150,BRD-K24859147,KIN001-242,trt_cp,83.55045
ATLAS_SIG_B_TOP150,6a92f7a00262700013c4e5f1,ATLAS_SIG_B_TOP150,BRD-K38615104,A-443644,trt_cp,59.361485
ATLAS_SIG_B_TOP150,6a92f7a00262700013c4e5f1,ATLAS_SIG_B_TOP150,BRD-K40175214,torin-1,trt_cp,39.65434
ATLAS_SIG_B_TOP150,6a92f7a00262700013c4e5f1,ATLAS_SIG_B_TOP150,BRD-K56957086,dacinostat,trt_cp,6.380984
ATLAS_SIG_B_TOP150,6a92f7a00262700013c4e5f1,ATLAS_SIG_B_TOP150,BRD-K64857848,XMD-885,trt_cp,-11.512903
ATLAS_SIG_B_TOP150,6a92f7a00262700013c4e5f1,ATLAS_SIG_B_TOP150,BRD-K68174511,torin-2,trt_cp,23.411777
ATLAS_SIG_B_TOP150,6a92f7a00262700013c4e5f1,ATLAS_SIG_B_TOP150,BRD-K72420232,WZ-4002,trt_cp,4.686399
ATLAS_SIG_B_TOP150,6a92f7a00262700013c4e5f1,ATLAS_SIG_B_TOP150,BRD-K83972459,JWE-035,trt_cp,19.319172
ATLAS_SIG_B_TOP150,6a92f7a00262700013c4e5f1,ATLAS_SIG_B_TOP150,BRD-K84085265,CG-930,trt_cp,-26.433435
ATLAS_SIG_B_TOP150,6a92f7a00262700013c4e5f1,ATLAS_SIG_B_TOP150,BRD-U25771771,WZ-4-145,trt_cp,-29.281155
ATLAS_SIG_B_TOP150,6a92f7a00262700013c4e5f1,ATLAS_SIG_B_TOP150,BRD-U33728988,QL-X-138,trt_cp,-47.547672
ATLAS_SIG_B_TOP150,6a92f7a00262700013c4e5f1,ATLAS_SIG_B_TOP150,BRD-U44618005,WH-4023,trt_cp,-3.1007752
ATLAS_SIG_B_TOP150,6a92f7a00262700013c4e5f1,ATLAS_SIG_B_TOP150,BRD-U51951544,ZG-10,trt_cp,52.645027
ATLAS_SIG_B_TOP150,6a92f7a00262700013c4e5f1,ATLAS_SIG_B_TOP150,BRD-U73238814,QL-XI-92,trt_cp,-59.894768
ATLAS_SIG_B_TOP150,6a92f7a00262700013c4e5f1,ATLAS_SIG_B_TOP150,BRD-U86922168,QL-XII-47,trt_cp,0.0
ATLAS_SIG_B_TOP150,6a92f7a00262700013c4e5f1,ATLAS_SIG_B_TOP150,BRD-K14681867,somatostatin,trt_cp,2.0436928
ATLAS_SIG_B_TOP150,6a92f7a00262700013c4e5f1,ATLAS_SIG_B_TOP150,BRD-K63915849,AS-604850,trt_cp,-68.0728
ATLAS_SIG_B_TOP150,6a92f7a00262700013c4e5f1,ATLAS_SIG_B_TOP150,BRD-K88551539,CAY-10585,trt_cp,0.0
ATLAS_SIG_B_TOP150,6a92f7a00262700013c4e5f1,ATLAS_SIG_B_TOP150,BRD-K31484631,rifabutin,trt_cp,41.58505
ATLAS_SIG_B_TOP150,6a92f7a00262700013c4e5f1,ATLAS_SIG_B_TOP150,BRD-K22631935,neurodazine,trt_cp,-45.818382
ATLAS_SIG_B_TOP150,6a92f7a00262700013c4e5f1,ATLAS_SIG_B_TOP150,BRD-K76698671,HNHA,trt_cp,6.8723354
ATLAS_SIG_B_TOP150,6a92f7a00262700013c4e5f1,ATLAS_SIG_B_TOP150,BRD-A80574334,oxalomalic-acid,trt_cp,0.0
ATLAS_SIG_B_TOP150,6a92f7a00262700013c4e5f1,ATLAS_SIG_B_TOP150,BRD-A11702965,chromomycin-a3,trt_cp,60.785397
ATLAS_SIG_B_TOP150,6a92f7a00262700013c4e5f1,ATLAS_SIG_B_TOP150,BRD-A52193669,withaferin-a,trt_cp,0.0
ATLAS_SIG_B_TOP150,6a92f7a00262700013c4e5f1,ATLAS_SIG_B_TOP150,BRD-K04923131,GSK-3-inhibitor-IX,trt_cp,-73.118454
ATLAS_SIG_B_TOP150,6a92f7a00262700013c4e5f1,ATLAS_SIG_B_TOP150,BRD-A80960055,celastrol,trt_cp,0.0
ATLAS_SIG_B_TOP150,6a92f7a00262700013c4e5f1,ATLAS_SIG_B_TOP150,BRD-K39944607,ochratoxin-a,trt_cp,-19.05093
ATLAS_SIG_B_TOP150,6a92f7a00262700013c4e5f1,ATLAS_SIG_B_TOP150,BRD-K14880289,GW-501516,trt_cp,-44.85285
ATLAS_SIG_B_TOP150,6a92f7a00262700013c4e5f1,ATLAS_SIG_B_TOP150,BRD-A31374339,fludarabine,trt_cp,8.5196085
ATLAS_SIG_B_TOP150,6a92f7a00262700013c4e5f1,ATLAS_SIG_B_TOP150,BRD-K05977823,tenovin-1,trt_cp,2.4665258
ATLAS_SIG_B_TOP150,6a92f7a00262700013c4e5f1,ATLAS_SIG_B_TOP150,BRD-K91701654,U-0126,trt_cp,-13.887339
ATLAS_SIG_B_TOP150,6a92f7a00262700013c4e5f1,ATLAS_SIG_B_TOP150,BRD-A59808129,guggulsterone,trt_cp,-65.7562
ATLAS_SIG_B_TOP150,6a92f7a00262700013c4e5f1,ATLAS_SIG_B_TOP150,BRD-A84327315,calcitriol,trt_cp,49.16577
ATLAS_SIG_B_TOP150,6a92f7a00262700013c4e5f1,ATLAS_SIG_B_TOP150,BRD-K61341215,vecuronium,trt_cp,59.627186
ATLAS_SIG_B_TOP150,6a92f7a00262700013c4e5f1,ATLAS_SIG_B_TOP150,BRD-A01317026,"7,8-dihydro-L-biopterin",trt_cp,51.080055
ATLAS_SIG_B_TOP150,6a92f7a00262700013c4e5f1,ATLAS_SIG_B_TOP150,BRD-K84937637,sirolimus,trt_cp,23.188276
ATLAS_SIG_B_TOP150,6a92f7a00262700013c4e5f1,ATLAS_SIG_B_TOP150,BRD-K74733595,APHA-compound-8,trt_cp,30.21852
ATLAS_SIG_B_TOP150,6a92f7a00262700013c4e5f1,ATLAS_SIG_B_TOP150,BRD-K01493881,apigenin,trt_cp,-38.93454
ATLAS_SIG_B_TOP150,6a92f7a00262700013c4e5f1,ATLAS_SIG_B_TOP150,BRD-A52886023,antimycin-a,trt_cp,15.620332
ATLAS_SIG_B_TOP150,6a92f7a00262700013c4e5f1,ATLAS_SIG_B_TOP150,BRD-K57926513,tyrphostin-AG-1295,trt_cp,-45.03331
ATLAS_SIG_B_TOP150,6a92f7a00262700013c4e5f1,ATLAS_SIG_B_TOP150,BRD-A50454580,PD-0325901,trt_cp,-88.82858
ATLAS_SIG_B_TOP150,6a92f7a00262700013c4e5f1,ATLAS_SIG_B_TOP150,BRD-K73982490,BI-78D3,trt_cp,0.63424945
ATLAS_SIG_B_TOP150,6a92f7a00262700013c4e5f1,ATLAS_SIG_B_TOP150,BRD-A11007541,BCI-hydrochloride,trt_cp,16.318913
ATLAS_SIG_B_TOP150,6a92f7a00262700013c4e5f1,ATLAS_SIG_B_TOP150,BRD-K22429181,retinol,trt_cp,-74.16357
ATLAS_SIG_B_TOP150,6a92f7a00262700013c4e5f1,ATLAS_SIG_B_TOP150,BRD-K13927029,retinol,trt_cp,3.3474278
ATLAS_SIG_B_TOP150,6a92f7a00262700013c4e5f1,ATLAS_SIG_B_TOP150,BRD-K65331431,retinyl-acetate,trt_cp,-2.501762
ATLAS_SIG_B_TOP150,6a92f7a00262700013c4e5f1,ATLAS_SIG_B_TOP150,BRD-K43164539,cholic-acid,trt_cp,-66.27359
ATLAS_SIG_B_TOP150,6a92f7a00262700013c4e5f1,ATLAS_SIG_B_TOP150,BRD-K41170226,deoxycholic-acid,trt_cp,4.4813533
ATLAS_SIG_B_TOP150,6a92f7a00262700013c4e5f1,ATLAS_SIG_B_TOP150,BRD-K18135438,chenodeoxycholic-acid,trt_cp,-2.9598308
ATLAS_SIG_B_TOP150,6a92f7a00262700013c4e5f1,ATLAS_SIG_B_TOP150,BRD-K68144790,glycodeoxycholic-acid,trt_cp,-20.719955
ATLAS_SIG_B_TOP150,6a92f7a00262700013c4e5f1,ATLAS_SIG_B_TOP150,BRD-K81062487,taurocholic-acid,trt_cp,-13.774456
ATLAS_SIG_B_TOP150,6a92f7a00262700013c4e5f1,ATLAS_SIG_B_TOP150,BRD-K33572481,taurodeoxycholic-acid,trt_cp,-3.3474278
ATLAS_SIG_B_TOP150,6a92f7a00262700013c4e5f1,ATLAS_SIG_B_TOP150,BRD-K30743633,TCPOBOP,trt_cp,3.030303
ATLAS_SIG_B_TOP150,6a92f7a00262700013c4e5f1,ATLAS_SIG_B_TOP150,BRD-K20986251,lithocholic-acid,trt_cp,-1.8421285
ATLAS_SIG_B_TOP150,6a92f7a00262700013c4e5f1,ATLAS_SIG_B_TOP150,BRD-K24656285,farnesol,trt_cp,-61.99803
ATLAS_SIG_B_TOP150,6a92f7a00262700013c4e5f1,ATLAS_SIG_B_TOP150,BRD-U66370498,androstanol,trt_cp,5.7697678
ATLAS_SIG_B_TOP150,6a92f7a00262700013c4e5f1,ATLAS_SIG_B_TOP150,BRD-K43880410,pregnenolone,trt_cp,-15.854885
ATLAS_SIG_B_TOP150,6a92f7a00262700013c4e5f1,ATLAS_SIG_B_TOP150,BRD-K32610195,androstenedione,trt_cp,-8.91474
ATLAS_SIG_B_TOP150,6a92f7a00262700013c4e5f1,ATLAS_SIG_B_TOP150,BRD-A77118605,D-609,trt_cp,0.0
ATLAS_SIG_B_TOP150,6a92f7a00262700013c4e5f1,ATLAS_SIG_B_TOP150,BRD-K35128472,2-aminopurine,trt_cp,54.450466
ATLAS_SIG_B_TOP150,6a92f7a00262700013c4e5f1,ATLAS_SIG_B_TOP150,BRD-K53972329,ruxolitinib,trt_cp,-2.4568594
ATLAS_SIG_B_TOP150,6a92f7a00262700013c4e5f1,ATLAS_SIG_B_TOP150,BRD-K13087974,CGP-52411,trt_cp,16.354334
ATLAS_SIG_B_TOP150,6a92f7a00262700013c4e5f1,ATLAS_SIG_B_TOP150,BRD-K64935403,ebelactone-b,trt_cp,-25.305063
ATLAS_SIG_B_TOP150,6a92f7a00262700013c4e5f1,ATLAS_SIG_B_TOP150,BRD-K77625572,etomoxir,trt_cp,-38.2183
ATLAS_SIG_B_TOP150,6a92f7a00262700013c4e5f1,ATLAS_SIG_B_TOP150,BRD-K85985071,ellipticine,trt_cp,72.18695
ATLAS_SIG_B_TOP150,6a92f7a00262700013c4e5f1,ATLAS_SIG_B_TOP150,BRD-A55756846,H-7,trt_cp,-15.438509
ATLAS_SIG_B_TOP150,6a92f7a00262700013c4e5f1,ATLAS_SIG_B_TOP150,BRD-K62959606,sphingosine,trt_cp,2.4742994
ATLAS_SIG_B_TOP150,6a92f7a00262700013c4e5f1,ATLAS_SIG_B_TOP150,BRD-K70549064,staurosporine,trt_cp,43.62818
ATLAS_SIG_B_TOP150,6a92f7a00262700013c4e5f1,ATLAS_SIG_B_TOP150,BRD-K47943470,tyrphostin-51,trt_cp,-46.95275
ATLAS_SIG_B_TOP150,6a92f7a00262700013c4e5f1,ATLAS_SIG_B_TOP150,BRD-K09790412,H-9,trt_cp,40.05979
ATLAS_SIG_B_TOP150,6a92f7a00262700013c4e5f1,ATLAS_SIG_B_TOP150,BRD-K43764301,dexketoprofen,trt_cp,-15.281195
ATLAS_SIG_B_TOP150,6a92f7a00262700013c4e5f1,ATLAS_SIG_B_TOP150,BRD-A74904029,EI-231,trt_cp,-19.456318
ATLAS_SIG_B_TOP150,6a92f7a00262700013c4e5f1,ATLAS_SIG_B_TOP150,BRD-K80725632,lavendustin-c,trt_cp,45.328896
ATLAS_SIG_B_TOP150,6a92f7a00262700013c4e5f1,ATLAS_SIG_B_TOP150,BRD-K32710582,EI-247,trt_cp,-4.3887324
ATLAS_SIG_B_TOP150,6a92f7a00262700013c4e5f1,ATLAS_SIG_B_TOP150,BRD-K67506692,tyrphostin-AG-126,trt_cp,1.8675123
ATLAS_SIG_B_TOP150,6a92f7a00262700013c4e5f1,ATLAS_SIG_B_TOP150,BRD-K56064827,EI-273,trt_cp,0.0
ATLAS_SIG_B_TOP150,6a92f7a00262700013c4e5f1,ATLAS_SIG_B_TOP150,BRD-K99291625,SB-203580,trt_cp,0.0
ATLAS_SIG_B_TOP150,6a92f7a00262700013c4e5f1,ATLAS_SIG_B_TOP150,BRD-A18497530,5-iodotubercidin,trt_cp,55.267487
ATLAS_SIG_B_TOP150,6a92f7a00262700013c4e5f1,ATLAS_SIG_B_TOP150,BRD-A64228451,terreic-acid-(-),trt_cp,9.233387
ATLAS_SIG_B_TOP150,6a92f7a00262700013c4e5f1,ATLAS_SIG_B_TOP150,BRD-A11706664,triciribine,trt_cp,-3.5236082
ATLAS_SIG_B_TOP150,6a92f7a00262700013c4e5f1,ATLAS_SIG_B_TOP150,BRD-K08115555,tyrphostin-AG-1288,trt_cp,29.38482
ATLAS_SIG_B_TOP150,6a92f7a00262700013c4e5f1,ATLAS_SIG_B_TOP150,BRD-U08759356,EI-346-erlotinib-analog,trt_cp,-3.0655391
ATLAS_SIG_B_TOP150,6a92f7a00262700013c4e5f1,ATLAS_SIG_B_TOP150,BRD-K50720187,flupirtine,trt_cp,-42.167107
ATLAS_SIG_B_TOP150,6a92f7a00262700013c4e5f1,ATLAS_SIG_B_TOP150,BRD-K79437791,acetyl-farnesyl-cysteine,trt_cp,-42.336433
ATLAS_SIG_B_TOP150,6a92f7a00262700013c4e5f1,ATLAS_SIG_B_TOP150,BRD-K75181824,acetyl-geranygeranyl-cysteine,trt_cp,-49.91794
ATLAS_SIG_B_TOP150,6a92f7a00262700013c4e5f1,ATLAS_SIG_B_TOP150,BRD-U01690642,acetyl-geranyl-cysteine,trt_cp,-2.2903454
ATLAS_SIG_B_TOP150,6a92f7a00262700013c4e5f1,ATLAS_SIG_B_TOP150,BRD-K95402279,geranylgeraniol,trt_cp,-23.317547
ATLAS_SIG_B_TOP150,6a92f7a00262700013c4e5f1,ATLAS_SIG_B_TOP150,BRD-K28178212,GW-441756,trt_cp,0.45806906
ATLAS_SIG_B_TOP150,6a92f7a00262700013c4e5f1,ATLAS_SIG_B_TOP150,BRD-K98684188,GSK-0660,trt_cp,80.73525
ATLAS_SIG_B_TOP150,6a92f7a00262700013c4e5f1,ATLAS_SIG_B_TOP150,BRD-K89085489,fenretinide,trt_cp,40.101185
ATLAS_SIG_B_TOP150,6a92f7a00262700013c4e5f1,ATLAS_SIG_B_TOP150,BRD-K49685476,TTNPB,trt_cp,-63.046185
ATLAS_SIG_B_TOP150,6a92f7a00262700013c4e5f1,ATLAS_SIG_B_TOP150,BRD-K62012036,acitretin,trt_cp,4.0521493
ATLAS_SIG_B_TOP150,6a92f7a00262700013c4e5f1,ATLAS_SIG_B_TOP150,BRD-A96799240,4-hydroxyretinoic-acid,trt_cp,38.537193
ATLAS_SIG_B_TOP150,6a92f7a00262700013c4e5f1,ATLAS_SIG_B_TOP150,BRD-K00184207,GR-206,trt_cp,40.642754
ATLAS_SIG_B_TOP150,6a92f7a00262700013c4e5f1,ATLAS_SIG_B_TOP150,BRD-K37846922,"3,3'-diindolylmethane",trt_cp,-61.381847
ATLAS_SIG_B_TOP150,6a92f7a00262700013c4e5f1,ATLAS_SIG_B_TOP150,BRD-A36707673,hydroxycholesterol,trt_cp,-5.144468
ATLAS_SIG_B_TOP150,6a92f7a00262700013c4e5f1,ATLAS_SIG_B_TOP150,BRD-K61480498,epoxycholesterol,trt_cp,-26.252424
ATLAS_SIG_B_TOP150,6a92f7a00262700013c4e5f1,ATLAS_SIG_B_TOP150,BRD-K26674531,GR-235,trt_cp,4.1226215
ATLAS_SIG_B_TOP150,6a92f7a00262700013c4e5f1,ATLAS_SIG_B_TOP150,BRD-K47539947,tetradecylthioacetic-acid,trt_cp,66.95614
ATLAS_SIG_B_TOP150,6a92f7a00262700013c4e5f1,ATLAS_SIG_B_TOP150,BRD-A80775386,hyperforin,trt_cp,-29.564384
ATLAS_SIG_B_TOP150,6a92f7a00262700013c4e5f1,ATLAS_SIG_B_TOP150,BRD-K61463582,BRD-K61463582,trt_cp,0.0
ATLAS_SIG_B_TOP150,6a92f7a00262700013c4e5f1,ATLAS_SIG_B_TOP150,BRD-A39646320,HC-toxin,trt_cp,0.0
ATLAS_SIG_B_TOP150,6a92f7a00262700013c4e5f1,ATLAS_SIG_B_TOP150,BRD-K86465814,HO-013,trt_cp,2.8831482
ATLAS_SIG_B_TOP150,6a92f7a00262700013c4e5f1,ATLAS_SIG_B_TOP150,BRD-K81528515,nilotinib,trt_cp,5.989209
ATLAS_SIG_B_TOP150,6a92f7a00262700013c4e5f1,ATLAS_SIG_B_TOP150,BRD-K58772419,AZD-6482,trt_cp,10.838478
ATLAS_SIG_B_TOP150,6a92f7a00262700013c4e5f1,ATLAS_SIG_B_TOP150,BRD-K52751261,TAK-715,trt_cp,5.179704
ATLAS_SIG_B_TOP150,6a92f7a00262700013c4e5f1,ATLAS_SIG_B_TOP150,BRD-K99545815,PF-562271,trt_cp,48.927208
ATLAS_SIG_B_TOP150,6a92f7a00262700013c4e5f1,ATLAS_SIG_B_TOP150,BRD-K13566078,BMS-345541,trt_cp,67.22132
ATLAS_SIG_B_TOP150,6a92f7a00262700013c4e5f1,ATLAS_SIG_B_TOP150,BRD-K01253243,SB-590885,trt_cp,-2.6811109
ATLAS_SIG_B_TOP150,6a92f7a00262700013c4e5f1,ATLAS_SIG_B_TOP150,BRD-K64800655,PHA-793887,trt_cp,30.448696
ATLAS_SIG_B_TOP150,6a92f7a00262700013c4e5f1,ATLAS_SIG_B_TOP150,BRD-K05804044,AZ-628,trt_cp,-57.72351
ATLAS_SIG_B_TOP150,6a92f7a00262700013c4e5f1,ATLAS_SIG_B_TOP150,BRD-K00337317,NU-7441,trt_cp,-31.00857
ATLAS_SIG_B_TOP150,6a92f7a00262700013c4e5f1,ATLAS_SIG_B_TOP150,BRD-K82091397,SB-239063,trt_cp,4.369274
ATLAS_SIG_B_TOP150,6a92f7a00262700013c4e5f1,ATLAS_SIG_B_TOP150,BRD-K78431006,crizotinib,trt_cp,-4.0169134
ATLAS_SIG_B_TOP150,6a92f7a00262700013c4e5f1,ATLAS_SIG_B_TOP150,BRD-K70401845,erlotinib,trt_cp,-67.6588
ATLAS_SIG_B_TOP150,6a92f7a00262700013c4e5f1,ATLAS_SIG_B_TOP150,BRD-K19687926,lapatinib,trt_cp,-33.70385
ATLAS_SIG_B_TOP150,6a92f7a00262700013c4e5f1,ATLAS_SIG_B_TOP150,BRD-A67748489,K-858,trt_cp,40.99079
ATLAS_SIG_B_TOP150,6a92f7a00262700013c4e5f1,ATLAS_SIG_B_TOP150,BRD-K23192422,lestaurtinib,trt_cp,-75.02449
ATLAS_SIG_B_TOP150,6a92f7a00262700013c4e5f1,ATLAS_SIG_B_TOP150,BRD-K98372770,L-2167,trt_cp,-85.649376
ATLAS_SIG_B_TOP150,6a92f7a00262700013c4e5f1,ATLAS_SIG_B_TOP150,BRD-K99451608,lopinavir,trt_cp,-5.8844256
ATLAS_SIG_B_TOP150,6a92f7a00262700013c4e5f1,ATLAS_SIG_B_TOP150,BRD-K55420858,mirin,trt_cp,-80.71886
ATLAS_SIG_B_TOP150,6a92f7a00262700013c4e5f1,ATLAS_SIG_B_TOP150,BRD-K67258146,BRD-K67258146,trt_cp,34.964558
ATLAS_SIG_B_TOP150,6a92f7a00262700013c4e5f1,ATLAS_SIG_B_TOP150,BRD-K36529613,PU-H71,trt_cp,-2.2903454
ATLAS_SIG_B_TOP150,6a92f7a00262700013c4e5f1,ATLAS_SIG_B_TOP150,BRD-K09436313,prostaglandin,trt_cp,-5.532065
ATLAS_SIG_B_TOP150,6a92f7a00262700013c4e5f1,ATLAS_SIG_B_TOP150,BRD-K83794624,pirarubicin,trt_cp,7.1526227
ATLAS_SIG_B_TOP150,6a92f7a00262700013c4e5f1,ATLAS_SIG_B_TOP150,BRD-K46212057,voriconazole,trt_cp,30.996048
ATLAS_SIG_B_TOP150,6a92f7a00262700013c4e5f1,ATLAS_SIG_B_TOP150,BRD-K60460488,nelfinavir,trt_cp,9.631897
ATLAS_SIG_B_TOP150,6a92f7a00262700013c4e5f1,ATLAS_SIG_B_TOP150,BRD-K33551950,radicicol,trt_cp,5.003524
ATLAS_SIG_B_TOP150,6a92f7a00262700013c4e5f1,ATLAS_SIG_B_TOP150,BRD-K77286328,reversine,trt_cp,-1.1275547
ATLAS_SIG_B_TOP150,6a92f7a00262700013c4e5f1,ATLAS_SIG_B_TOP150,BRD-K93331255,lypressin,trt_cp,50.510452
ATLAS_SIG_B_TOP150,6a92f7a00262700013c4e5f1,ATLAS_SIG_B_TOP150,BRD-K99749624,linifanib,trt_cp,5.2607937
ATLAS_SIG_B_TOP150,6a92f7a00262700013c4e5f1,ATLAS_SIG_B_TOP150,BRD-K99964838,bosutinib,trt_cp,38.07024
ATLAS_SIG_B_TOP150,6a92f7a00262700013c4e5f1,ATLAS_SIG_B_TOP150,BRD-K86930074,cediranib,trt_cp,-54.262344
ATLAS_SIG_B_TOP150,6a92f7a00262700013c4e5f1,ATLAS_SIG_B_TOP150,BRD-K85402309,dovitinib,trt_cp,-23.390799
ATLAS_SIG_B_TOP150,6a92f7a00262700013c4e5f1,ATLAS_SIG_B_TOP150,BRD-K50168500,canertinib,trt_cp,0.0
ATLAS_SIG_B_TOP150,6a92f7a00262700013c4e5f1,ATLAS_SIG_B_TOP150,BRD-K74514084,pazopanib,trt_cp,0.0
ATLAS_SIG_B_TOP150,6a92f7a00262700013c4e5f1,ATLAS_SIG_B_TOP150,BRD-K71035033,masitinib,trt_cp,23.30698
ATLAS_SIG_B_TOP150,6a92f7a00262700013c4e5f1,ATLAS_SIG_B_TOP150,BRD-K02965346,SU-11274,trt_cp,-48.262688
ATLAS_SIG_B_TOP150,6a92f7a00262700013c4e5f1,ATLAS_SIG_B_TOP150,BRD-K28428262,brivanib,trt_cp,-39.60622
ATLAS_SIG_B_TOP150,6a92f7a00262700013c4e5f1,ATLAS_SIG_B_TOP150,BRD-K67578145,GDC-0879,trt_cp,-1.303735
ATLAS_SIG_B_TOP150,6a92f7a00262700013c4e5f1,ATLAS_SIG_B_TOP150,BRD-K95901403,XL-147,trt_cp,8.138752
ATLAS_SIG_B_TOP150,6a92f7a00262700013c4e5f1,ATLAS_SIG_B_TOP150,BRD-K13514097,everolimus,trt_cp,17.717686
ATLAS_SIG_B_TOP150,6a92f7a00262700013c4e5f1,ATLAS_SIG_B_TOP150,BRD-K16485616,mocetinostat,trt_cp,5.9577575
ATLAS_SIG_B_TOP150,6a92f7a00262700013c4e5f1,ATLAS_SIG_B_TOP150,BRD-A41692738,TGX-221,trt_cp,18.473728
ATLAS_SIG_B_TOP150,6a92f7a00262700013c4e5f1,ATLAS_SIG_B_TOP150,BRD-K73293050,WZ-3146,trt_cp,2.572234
ATLAS_SIG_B_TOP150,6a92f7a00262700013c4e5f1,ATLAS_SIG_B_TOP150,BRD-K83837640,JNJ-26481585,trt_cp,11.260572
ATLAS_SIG_B_TOP150,6a92f7a00262700013c4e5f1,ATLAS_SIG_B_TOP150,BRD-K99498722,plinabulin,trt_cp,52.378117
ATLAS_SIG_B_TOP150,6a92f7a00262700013c4e5f1,ATLAS_SIG_B_TOP150,BRD-K17306061,aprepitant,trt_cp,0.0
ATLAS_SIG_B_TOP150,6a92f7a00262700013c4e5f1,ATLAS_SIG_B_TOP150,BRD-M16762496,PIK-75,trt_cp,23.105862
ATLAS_SIG_B_TOP150,6a92f7a00262700013c4e5f1,ATLAS_SIG_B_TOP150,BRD-K07265709,dexrazoxane,trt_cp,-48.658905
ATLAS_SIG_B_TOP150,6a92f7a00262700013c4e5f1,ATLAS_SIG_B_TOP150,BRD-K73838513,cinacalcet,trt_cp,-7.6284113
ATLAS_SIG_B_TOP150,6a92f7a00262700013c4e5f1,ATLAS_SIG_B_TOP150,BRD-K99260425,etodolac,trt_cp,-85.11563
ATLAS_SIG_B_TOP150,6a92f7a00262700013c4e5f1,ATLAS_SIG_B_TOP150,BRD-K91900765,VX-745,trt_cp,-23.50739
ATLAS_SIG_B_TOP150,6a92f7a00262700013c4e5f1,ATLAS_SIG_B_TOP150,BRD-K91696562,orantinib,trt_cp,-70.38097
ATLAS_SIG_B_TOP150,6a92f7a00262700013c4e5f1,ATLAS_SIG_B_TOP150,BRD-K84639753,safinamide,trt_cp,-47.3245
ATLAS_SIG_B_TOP150,6a92f7a00262700013c4e5f1,ATLAS_SIG_B_TOP150,BRD-K89014967,AS-703026,trt_cp,-30.193052
ATLAS_SIG_B_TOP150,6a92f7a00262700013c4e5f1,ATLAS_SIG_B_TOP150,BRD-K81783531,VX-222,trt_cp,-5.4968286
ATLAS_SIG_B_TOP150,6a92f7a00262700013c4e5f1,ATLAS_SIG_B_TOP150,BRD-K70557564,zosuquidar,trt_cp,-6.94589
ATLAS_SIG_B_TOP150,6a92f7a00262700013c4e5f1,ATLAS_SIG_B_TOP150,BRD-K48722833,iloperidone,trt_cp,-31.774687
ATLAS_SIG_B_TOP150,6a92f7a00262700013c4e5f1,ATLAS_SIG_B_TOP150,BRD-K70511574,HMN-214,trt_cp,38.412903
ATLAS_SIG_B_TOP150,6a92f7a00262700013c4e5f1,ATLAS_SIG_B_TOP150,BRD-K10916986,vinorelbine,trt_cp,8.386188
ATLAS_SIG_B_TOP150,6a92f7a00262700013c4e5f1,ATLAS_SIG_B_TOP150,BRD-K54472332,elvitegravir,trt_cp,-43.57873
ATLAS_SIG_B_TOP150,6a92f7a00262700013c4e5f1,ATLAS_SIG_B_TOP150,BRD-M72442222,vicriviroc,trt_cp,21.020443
ATLAS_SIG_B_TOP150,6a92f7a00262700013c4e5f1,ATLAS_SIG_B_TOP150,BRD-K37130656,rivaroxaban,trt_cp,-26.29311
ATLAS_SIG_B_TOP150,6a92f7a00262700013c4e5f1,ATLAS_SIG_B_TOP150,BRD-K07736136,VX-702,trt_cp,10.217174
ATLAS_SIG_B_TOP150,6a92f7a00262700013c4e5f1,ATLAS_SIG_B_TOP150,BRD-K37720887,SB-525334,trt_cp,-52.9802
ATLAS_SIG_B_TOP150,6a92f7a00262700013c4e5f1,ATLAS_SIG_B_TOP150,BRD-K66956375,oleoylethanolamide,trt_cp,1.9027485
ATLAS_SIG_B_TOP150,6a92f7a00262700013c4e5f1,ATLAS_SIG_B_TOP150,BRD-K15891719,tenofovir,trt_cp,80.60115
ATLAS_SIG_B_TOP150,6a92f7a00262700013c4e5f1,ATLAS_SIG_B_TOP150,BRD-U97083655,teicoplanin,trt_cp,-19.261986
ATLAS_SIG_B_TOP150,6a92f7a00262700013c4e5f1,ATLAS_SIG_B_TOP150,BRD-K36627727,tamibarotene,trt_cp,44.86005
ATLAS_SIG_B_TOP150,6a92f7a00262700013c4e5f1,ATLAS_SIG_B_TOP150,BRD-K25991148,warfarin,trt_cp,27.213917
ATLAS_SIG_B_TOP150,6a92f7a00262700013c4e5f1,ATLAS_SIG_B_TOP150,BRD-M30523314,vinorelbine,trt_cp,56.03482
ATLAS_SIG_B_TOP150,6a92f7a00262700013c4e5f1,ATLAS_SIG_B_TOP150,BRD-A26002865,verrucarin-a,trt_cp,0.0
ATLAS_SIG_B_TOP150,6a92f7a00262700013c4e5f1,ATLAS_SIG_B_TOP150,BRD-K77390737,xanthohumol,trt_cp,-14.538889
ATLAS_SIG_B_TOP150,6a92f7a00262700013c4e5f1,ATLAS_SIG_B_TOP150,BRD-K29582115,ziprasidone,trt_cp,-7.836301
ATLAS_SIG_B_TOP150,6a92f7a00262700013c4e5f1,ATLAS_SIG_B_TOP150,BRD-A98283014,calmidazolium,trt_cp,59.963444
ATLAS_SIG_B_TOP150,6a92f7a00262700013c4e5f1,ATLAS_SIG_B_TOP150,BRD-A03323675,ritonavir,trt_cp,10.163307
ATLAS_SIG_B_TOP150,6a92f7a00262700013c4e5f1,ATLAS_SIG_B_TOP150,BRD-A09495397,bicuculline,trt_cp,61.135883
ATLAS_SIG_B_TOP150,6a92f7a00262700013c4e5f1,ATLAS_SIG_B_TOP150,BRD-A11170096,pravastatin,trt_cp,-18.381556
ATLAS_SIG_B_TOP150,6a92f7a00262700013c4e5f1,ATLAS_SIG_B_TOP150,BRD-A14792000,valsartan,trt_cp,-34.725483
ATLAS_SIG_B_TOP150,6a92f7a00262700013c4e5f1,ATLAS_SIG_B_TOP150,BRD-A14985772,L-ascorbyl-6-palmitate,trt_cp,-83.93753
ATLAS_SIG_B_TOP150,6a92f7a00262700013c4e5f1,ATLAS_SIG_B_TOP150,BRD-A15914070,4-hydroxy-2-nonenal,trt_cp,0.0
ATLAS_SIG_B_TOP150,6a92f7a00262700013c4e5f1,ATLAS_SIG_B_TOP150,BRD-A20589515,dihydroxyphenylglycine,trt_cp,-36.63794
ATLAS_SIG_B_TOP150,6a92f7a00262700013c4e5f1,ATLAS_SIG_B_TOP150,BRD-A29731977,17-hydroxyprogesterone-caproate,trt_cp,-37.235554
ATLAS_SIG_B_TOP150,6a92f7a00262700013c4e5f1,ATLAS_SIG_B_TOP150,BRD-A62890442,3-methyl-GABA,trt_cp,-34.085876
ATLAS_SIG_B_TOP150,6a92f7a00262700013c4e5f1,ATLAS_SIG_B_TOP150,BRD-A79314293,cephalosporanic-acid,trt_cp,-44.045406
ATLAS_SIG_B_TOP150,6a92f7a00262700013c4e5f1,ATLAS_SIG_B_TOP150,BRD-A80383043,4-carboxy-3-hydroxyphenylglycine-(RS),trt_cp,-13.612007
ATLAS_SIG_B_TOP150,6a92f7a00262700013c4e5f1,ATLAS_SIG_B_TOP150,BRD-A80928489,1-monopalmitin,trt_cp,6.457367
ATLAS_SIG_B_TOP150,6a92f7a00262700013c4e5f1,ATLAS_SIG_B_TOP150,BRD-A83892713,rifampicin,trt_cp,0.0
ATLAS_SIG_B_TOP150,6a92f7a00262700013c4e5f1,ATLAS_SIG_B_TOP150,BRD-A87125127,3-matida,trt_cp,13.040359
ATLAS_SIG_B_TOP150,6a92f7a00262700013c4e5f1,ATLAS_SIG_B_TOP150,BRD-A95696820,acadesine,trt_cp,0.0
ATLAS_SIG_B_TOP150,6a92f7a00262700013c4e5f1,ATLAS_SIG_B_TOP150,BRD-K04466929,Merck60,trt_cp,0.7751938
ATLAS_SIG_B_TOP150,6a92f7a00262700013c4e5f1,ATLAS_SIG_B_TOP150,BRD-K06750613,GSK-1059615,trt_cp,32.67235
ATLAS_SIG_B_TOP150,6a92f7a00262700013c4e5f1,ATLAS_SIG_B_TOP150,BRD-K06817181,"1,2,3,4,5,6-hexabromocyclohexane",trt_cp,-30.655073
ATLAS_SIG_B_TOP150,6a92f7a00262700013c4e5f1,ATLAS_SIG_B_TOP150,BRD-K13872703,BRD-K13872703,trt_cp,-12.425304
ATLAS_SIG_B_TOP150,6a92f7a00262700013c4e5f1,ATLAS_SIG_B_TOP150,BRD-K14643723,4-(2-amino-ethyl)-benzenesulfonamide,trt_cp,-29.435863
ATLAS_SIG_B_TOP150,6a92f7a00262700013c4e5f1,ATLAS_SIG_B_TOP150,BRD-K15519488,CS-110266,trt_cp,40.894646
ATLAS_SIG_B_TOP150,6a92f7a00262700013c4e5f1,ATLAS_SIG_B_TOP150,BRD-K17953061,staurosporine,trt_cp,17.936674
ATLAS_SIG_B_TOP150,6a92f7a00262700013c4e5f1,ATLAS_SIG_B_TOP150,BRD-K20197062,SA-94315,trt_cp,12.001201
ATLAS_SIG_B_TOP150,6a92f7a00262700013c4e5f1,ATLAS_SIG_B_TOP150,BRD-K31491153,1-phenylbiguanide,trt_cp,0.0
ATLAS_SIG_B_TOP150,6a92f7a00262700013c4e5f1,ATLAS_SIG_B_TOP150,BRD-K37814297,acepromazine,trt_cp,-1.1627907
ATLAS_SIG_B_TOP150,6a92f7a00262700013c4e5f1,ATLAS_SIG_B_TOP150,BRD-K50384076,"7,4'-dihydroxyflavone",trt_cp,-7.554082
ATLAS_SIG_B_TOP150,6a92f7a00262700013c4e5f1,ATLAS_SIG_B_TOP150,BRD-K56450366,NSC-94258,trt_cp,-79.57135
ATLAS_SIG_B_TOP150,6a92f7a00262700013c4e5f1,ATLAS_SIG_B_TOP150,BRD-K60690191,MPEP,trt_cp,-15.162719
ATLAS_SIG_B_TOP150,6a92f7a00262700013c4e5f1,ATLAS_SIG_B_TOP150,BRD-K63784565,10-hydroxycamptothecin,trt_cp,-60.796387
ATLAS_SIG_B_TOP150,6a92f7a00262700013c4e5f1,ATLAS_SIG_B_TOP150,BRD-K67977190,eprosartan,trt_cp,38.30212
ATLAS_SIG_B_TOP150,6a92f7a00262700013c4e5f1,ATLAS_SIG_B_TOP150,BRD-K83636919,entacapone,trt_cp,-47.76239
ATLAS_SIG_B_TOP150,6a92f7a00262700013c4e5f1,ATLAS_SIG_B_TOP150,BRD-K88701661,dimercaptosuccinic-acid,trt_cp,-49.015205
ATLAS_SIG_B_TOP150,6a92f7a00262700013c4e5f1,ATLAS_SIG_B_TOP150,BRD-K90864987,cobalt(II)-chloride,trt_cp,34.95722
ATLAS_SIG_B_TOP150,6a92f7a00262700013c4e5f1,ATLAS_SIG_B_TOP150,BRD-K91145395,prostratin,trt_cp,91.28156
ATLAS_SIG_B_TOP150,6a92f7a00262700013c4e5f1,ATLAS_SIG_B_TOP150,BRD-K91781484,BRD-K91781484,trt_cp,16.295135
ATLAS_SIG_B_TOP150,6a92f7a00262700013c4e5f1,ATLAS_SIG_B_TOP150,BRD-K98824517,BRD-K98824517,trt_cp,0.0
ATLAS_SIG_B_TOP150,6a92f7a00262700013c4e5f1,ATLAS_SIG_B_TOP150,BRD-M41783010,acamprosate,trt_cp,-59.03692
ATLAS_SIG_B_TOP150,6a92f7a00262700013c4e5f1,ATLAS_SIG_B_TOP150,BRD-K66766661,17-beta-estradiol,trt_cp,-20.95212
ATLAS_SIG_B_TOP150,6a92f7a00262700013c4e5f1,ATLAS_SIG_B_TOP150,BRD-K54529596,captopril,trt_cp,-54.21976
ATLAS_SIG_B_TOP150,6a92f7a00262700013c4e5f1,ATLAS_SIG_B_TOP150,BRD-A63445921,nicardipine,trt_cp,9.4721985
ATLAS_SIG_B_TOP150,6a92f7a00262700013c4e5f1,ATLAS_SIG_B_TOP150,BRD-A51182606,chloramphenicol,trt_cp,22.171104
ATLAS_SIG_B_TOP150,6a92f7a00262700013c4e5f1,ATLAS_SIG_B_TOP150,BRD-K94070024,depomedrol,trt_cp,-88.007034
ATLAS_SIG_B_TOP150,6a92f7a00262700013c4e5f1,ATLAS_SIG_B_TOP150,BRD-A75144621,digoxin,trt_cp,0.0
ATLAS_SIG_B_TOP150,6a92f7a00262700013c4e5f1,ATLAS_SIG_B_TOP150,BRD-K82216340,medroxyprogesterone,trt_cp,42.624596
ATLAS_SIG_B_TOP150,6a92f7a00262700013c4e5f1,ATLAS_SIG_B_TOP150,BRD-K13356952,methazolamide,trt_cp,-85.611694
ATLAS_SIG_B_TOP150,6a92f7a00262700013c4e5f1,ATLAS_SIG_B_TOP150,BRD-K54416256,methimazole,trt_cp,-19.17357
ATLAS_SIG_B_TOP150,6a92f7a00262700013c4e5f1,ATLAS_SIG_B_TOP150,BRD-K86873305,piperacillin,trt_cp,-70.28016
ATLAS_SIG_B_TOP150,6a92f7a00262700013c4e5f1,ATLAS_SIG_B_TOP150,BRD-K28667793,pyrazinamide,trt_cp,1.7201465
ATLAS_SIG_B_TOP150,6a92f7a00262700013c4e5f1,ATLAS_SIG_B_TOP150,BRD-A15493168,tetracycline,trt_cp,-40.327312
ATLAS_SIG_B_TOP150,6a92f7a00262700013c4e5f1,ATLAS_SIG_B_TOP150,BRD-K97799481,theophylline,trt_cp,-1.691332
ATLAS_SIG_B_TOP150,6a92f7a00262700013c4e5f1,ATLAS_SIG_B_TOP150,BRD-K69688083,mestinon,trt_cp,19.06272
ATLAS_SIG_B_TOP150,6a92f7a00262700013c4e5f1,ATLAS_SIG_B_TOP150,BRD-K59773493,benzohydroxamic-acid,trt_cp,-1.3885007
ATLAS_SIG_B_TOP150,6a92f7a00262700013c4e5f1,ATLAS_SIG_B_TOP150,BRD-K39569857,avrainvillamide-analog-3,trt_cp,-7.610994
ATLAS_SIG_B_TOP150,6a92f7a00262700013c4e5f1,ATLAS_SIG_B_TOP150,BRD-A70731303,avrainvillamide-analog-5,trt_cp,4.507023
ATLAS_SIG_B_TOP150,6a92f7a00262700013c4e5f1,ATLAS_SIG_B_TOP150,BRD-A83237092,fulvestrant,trt_cp,0.5990134
ATLAS_SIG_B_TOP150,6a92f7a00262700013c4e5f1,ATLAS_SIG_B_TOP150,BRD-K68488863,ENMD-2076,trt_cp,26.387947
ATLAS_SIG_B_TOP150,6a92f7a00262700013c4e5f1,ATLAS_SIG_B_TOP150,BRD-A74907996,equol,trt_cp,12.438337
ATLAS_SIG_B_TOP150,6a92f7a00262700013c4e5f1,ATLAS_SIG_B_TOP150,BRD-K98948170,BRD-K98948170,trt_cp,1.4094433
ATLAS_SIG_B_TOP150,6a92f7a00262700013c4e5f1,ATLAS_SIG_B_TOP150,BRD-K42573370,avrainvillamide-analog-2,trt_cp,0.7399577
ATLAS_SIG_B_TOP150,6a92f7a00262700013c4e5f1,ATLAS_SIG_B_TOP150,BRD-K61691971,avrainvillamide-analog-1,trt_cp,-4.8625793
ATLAS_SIG_B_TOP150,6a92f7a00262700013c4e5f1,ATLAS_SIG_B_TOP150,BRD-K25079130,avrainvillamide-analog-4,trt_cp,11.064423
ATLAS_SIG_B_TOP150,6a92f7a00262700013c4e5f1,ATLAS_SIG_B_TOP150,BRD-K50324045,avrainvillamide-analog-6,trt_cp,3.5588443
ATLAS_SIG_B_TOP150,6a92f7a00262700013c4e5f1,ATLAS_SIG_B_TOP150,BRD-K79877282,PF-543,trt_cp,-19.178053
ATLAS_SIG_B_TOP150,6a92f7a00262700013c4e5f1,ATLAS_SIG_B_TOP150,BRD-K24576554,AT-9283,trt_cp,35.5039
ATLAS_SIG_B_TOP150,6a92f7a00262700013c4e5f1,ATLAS_SIG_B_TOP150,BRD-K53665955,MK-5108,trt_cp,64.75247
ATLAS_SIG_B_TOP150,6a92f7a00262700013c4e5f1,ATLAS_SIG_B_TOP150,BRD-K67174588,toremifene,trt_cp,3.5940804
ATLAS_SIG_B_TOP150,6a92f7a00262700013c4e5f1,ATLAS_SIG_B_TOP150,BRD-K75295174,alisertib,trt_cp,39.169834
ATLAS_SIG_B_TOP150,6a92f7a00262700013c4e5f1,ATLAS_SIG_B_TOP150,BRD-K10466330,AVA,trt_cp,3.083015
ATLAS_SIG_A_TOP150,6a92f7a109168d001496ada7,ATLAS_SIG_A_TOP150,BRD-A09094913,strychnine,trt_cp,13.925956
ATLAS_SIG_A_TOP150,6a92f7a109168d001496ada7,ATLAS_SIG_A_TOP150,BRD-A55393291,testosterone,trt_cp,-11.373262
ATLAS_SIG_A_TOP150,6a92f7a109168d001496ada7,ATLAS_SIG_A_TOP150,BRD-A93255169,thalidomide,trt_cp,0.0
ATLAS_SIG_A_TOP150,6a92f7a109168d001496ada7,ATLAS_SIG_A_TOP150,BRD-K41731458,triclosan,trt_cp,0.31712472
ATLAS_SIG_A_TOP150,6a92f7a109168d001496ada7,ATLAS_SIG_A_TOP150,BRD-K63675182,triflupromazine,trt_cp,0.0
ATLAS_SIG_A_TOP150,6a92f7a109168d001496ada7,ATLAS_SIG_A_TOP150,BRD-A19195498,trimipramine,trt_cp,-0.070472166
ATLAS_SIG_A_TOP150,6a92f7a109168d001496ada7,ATLAS_SIG_A_TOP150,BRD-K99621550,tubocurarine,trt_cp,0.0
ATLAS_SIG_A_TOP150,6a92f7a109168d001496ada7,ATLAS_SIG_A_TOP150,BRD-A51714012,venlafaxine,trt_cp,-9.251589
ATLAS_SIG_A_TOP150,6a92f7a109168d001496ada7,ATLAS_SIG_A_TOP150,BRD-K45117373,Y-26763,trt_cp,0.0
ATLAS_SIG_A_TOP150,6a92f7a109168d001496ada7,ATLAS_SIG_A_TOP150,BRD-K42095107,daidzein,trt_cp,-6.45162
ATLAS_SIG_A_TOP150,6a92f7a109168d001496ada7,ATLAS_SIG_A_TOP150,BRD-K61269089,daphnetin,trt_cp,-12.690028
ATLAS_SIG_A_TOP150,6a92f7a109168d001496ada7,ATLAS_SIG_A_TOP150,BRD-A47494775,dipivefrine,trt_cp,0.0
ATLAS_SIG_A_TOP150,6a92f7a109168d001496ada7,ATLAS_SIG_A_TOP150,BRD-A18620900,estriol,trt_cp,-3.95382
ATLAS_SIG_A_TOP150,6a92f7a109168d001496ada7,ATLAS_SIG_A_TOP150,BRD-A02367930,ethinyl-estradiol,trt_cp,0.9866103
ATLAS_SIG_A_TOP150,6a92f7a109168d001496ada7,ATLAS_SIG_A_TOP150,BRD-A61392169,eliprodil,trt_cp,-3.8106995
ATLAS_SIG_A_TOP150,6a92f7a109168d001496ada7,ATLAS_SIG_A_TOP150,BRD-A30205217,ethotoin,trt_cp,0.0
ATLAS_SIG_A_TOP150,6a92f7a109168d001496ada7,ATLAS_SIG_A_TOP150,BRD-A09925278,etilefrine,trt_cp,-15.675967
ATLAS_SIG_A_TOP150,6a92f7a109168d001496ada7,ATLAS_SIG_A_TOP150,BRD-A18419789,etoposide,trt_cp,0.0
ATLAS_SIG_A_TOP150,6a92f7a109168d001496ada7,ATLAS_SIG_A_TOP150,BRD-K61951118,FG-7142,trt_cp,21.262249
ATLAS_SIG_A_TOP150,6a92f7a109168d001496ada7,ATLAS_SIG_A_TOP150,BRD-A13133631,fluorometholone,trt_cp,-3.382664
ATLAS_SIG_A_TOP150,6a92f7a109168d001496ada7,ATLAS_SIG_A_TOP150,BRD-K11129031,gemfibrozil,trt_cp,-0.5637773
ATLAS_SIG_A_TOP150,6a92f7a109168d001496ada7,ATLAS_SIG_A_TOP150,BRD-K26117720,gingerol,trt_cp,0.0
ATLAS_SIG_A_TOP150,6a92f7a109168d001496ada7,ATLAS_SIG_A_TOP150,BRD-A73859745,glycodeoxycholic-acid,trt_cp,0.0
ATLAS_SIG_A_TOP150,6a92f7a109168d001496ada7,ATLAS_SIG_A_TOP150,BRD-A09539288,homatropine,trt_cp,4.1578574
ATLAS_SIG_A_TOP150,6a92f7a109168d001496ada7,ATLAS_SIG_A_TOP150,BRD-A78303415,hyoscyamine,trt_cp,-11.666001
ATLAS_SIG_A_TOP150,6a92f7a109168d001496ada7,ATLAS_SIG_A_TOP150,BRD-A63998256,helveticoside,trt_cp,-4.569541
ATLAS_SIG_A_TOP150,6a92f7a109168d001496ada7,ATLAS_SIG_A_TOP150,BRD-A47065382,huperzine-a,trt_cp,0.0
ATLAS_SIG_A_TOP150,6a92f7a109168d001496ada7,ATLAS_SIG_A_TOP150,BRD-A98299281,"hydroxytacrine-maleate-(r,s)",trt_cp,5.3523436
ATLAS_SIG_A_TOP150,6a92f7a109168d001496ada7,ATLAS_SIG_A_TOP150,BRD-A37776212,ICI-204448,trt_cp,0.0
ATLAS_SIG_A_TOP150,6a92f7a109168d001496ada7,ATLAS_SIG_A_TOP150,BRD-K38436528,imipramine,trt_cp,1.1151311
ATLAS_SIG_A_TOP150,6a92f7a109168d001496ada7,ATLAS_SIG_A_TOP150,BRD-A95869247,indapamide,trt_cp,0.0
ATLAS_SIG_A_TOP150,6a92f7a109168d001496ada7,ATLAS_SIG_A_TOP150,BRD-K86509404,iso-olomoucine,trt_cp,1.9732206
ATLAS_SIG_A_TOP150,6a92f7a109168d001496ada7,ATLAS_SIG_A_TOP150,BRD-A52326238,isogedunin,trt_cp,0.0
ATLAS_SIG_A_TOP150,6a92f7a109168d001496ada7,ATLAS_SIG_A_TOP150,BRD-A16700644,isoxsuprine,trt_cp,26.346317
ATLAS_SIG_A_TOP150,6a92f7a109168d001496ada7,ATLAS_SIG_A_TOP150,BRD-K13211965,L-741742,trt_cp,0.0
ATLAS_SIG_A_TOP150,6a92f7a109168d001496ada7,ATLAS_SIG_A_TOP150,BRD-A68039575,liquiritigenin,trt_cp,0.0
ATLAS_SIG_A_TOP150,6a92f7a109168d001496ada7,ATLAS_SIG_A_TOP150,BRD-K88789588,letrozole,trt_cp,0.0
ATLAS_SIG_A_TOP150,6a92f7a109168d001496ada7,ATLAS_SIG_A_TOP150,BRD-A50764878,MDL-73005EF,trt_cp,-0.95137423
ATLAS_SIG_A_TOP150,6a92f7a109168d001496ada7,ATLAS_SIG_A_TOP150,BRD-K02867583,minaprine,trt_cp,0.0
ATLAS_SIG_A_TOP150,6a92f7a109168d001496ada7,ATLAS_SIG_A_TOP150,BRD-A30435184,metergoline,trt_cp,5.0739956
ATLAS_SIG_A_TOP150,6a92f7a109168d001496ada7,ATLAS_SIG_A_TOP150,BRD-A45543382,metrizamide,trt_cp,-26.399998
ATLAS_SIG_A_TOP150,6a92f7a109168d001496ada7,ATLAS_SIG_A_TOP150,BRD-A65280694,molindone,trt_cp,0.58680415
ATLAS_SIG_A_TOP150,6a92f7a109168d001496ada7,ATLAS_SIG_A_TOP150,BRD-K21548250,moracizine,trt_cp,-27.150051
ATLAS_SIG_A_TOP150,6a92f7a109168d001496ada7,ATLAS_SIG_A_TOP150,BRD-K62056274,N-methylquipazine,trt_cp,0.0
ATLAS_SIG_A_TOP150,6a92f7a109168d001496ada7,ATLAS_SIG_A_TOP150,BRD-K41143549,N20C,trt_cp,15.728773
ATLAS_SIG_A_TOP150,6a92f7a109168d001496ada7,ATLAS_SIG_A_TOP150,BRD-K26979635,NS-3694,trt_cp,0.0
ATLAS_SIG_A_TOP150,6a92f7a109168d001496ada7,ATLAS_SIG_A_TOP150,BRD-A80213327,NSC-23766,trt_cp,2.501762
ATLAS_SIG_A_TOP150,6a92f7a109168d001496ada7,ATLAS_SIG_A_TOP150,BRD-K88172511,naltrexone,trt_cp,0.028894123
ATLAS_SIG_A_TOP150,6a92f7a109168d001496ada7,ATLAS_SIG_A_TOP150,BRD-A19736161,ondansetron,trt_cp,0.0
ATLAS_SIG_A_TOP150,6a92f7a109168d001496ada7,ATLAS_SIG_A_TOP150,BRD-K50841342,PAC-1,trt_cp,-1.8578088
ATLAS_SIG_A_TOP150,6a92f7a109168d001496ada7,ATLAS_SIG_A_TOP150,BRD-A70407468,PSB-36,trt_cp,0.0
ATLAS_SIG_A_TOP150,6a92f7a109168d001496ada7,ATLAS_SIG_A_TOP150,BRD-A59303141,quinethazone,trt_cp,-0.422833
ATLAS_SIG_A_TOP150,6a92f7a109168d001496ada7,ATLAS_SIG_A_TOP150,BRD-K86600316,RS-79948,trt_cp,-1.5856236
ATLAS_SIG_A_TOP150,6a92f7a109168d001496ada7,ATLAS_SIG_A_TOP150,BRD-A92585442,RU-28318,trt_cp,0.0
ATLAS_SIG_A_TOP150,6a92f7a109168d001496ada7,ATLAS_SIG_A_TOP150,BRD-A65739223,ramipril,trt_cp,-3.5236082
ATLAS_SIG_A_TOP150,6a92f7a109168d001496ada7,ATLAS_SIG_A_TOP150,BRD-K27141178,SB-203186,trt_cp,0.0
ATLAS_SIG_A_TOP150,6a92f7a109168d001496ada7,ATLAS_SIG_A_TOP150,BRD-K55748775,SCH-28080,trt_cp,0.0
ATLAS_SIG_A_TOP150,6a92f7a109168d001496ada7,ATLAS_SIG_A_TOP150,BRD-A91992993,siguazodan,trt_cp,1.311996
ATLAS_SIG_A_TOP150,6a92f7a109168d001496ada7,ATLAS_SIG_A_TOP150,BRD-K46211610,tolazoline,trt_cp,-2.0789287
ATLAS_SIG_A_TOP150,6a92f7a109168d001496ada7,ATLAS_SIG_A_TOP150,BRD-A30717181,triamcinolone,trt_cp,0.9866103
ATLAS_SIG_A_TOP150,6a92f7a109168d001496ada7,ATLAS_SIG_A_TOP150,BRD-K11742128,triprolidine,trt_cp,0.0
ATLAS_SIG_A_TOP150,6a92f7a109168d001496ada7,ATLAS_SIG_A_TOP150,BRD-A79672927,tropicamide,trt_cp,0.070472166
ATLAS_SIG_A_TOP150,6a92f7a109168d001496ada7,ATLAS_SIG_A_TOP150,BRD-K48427617,U-0124,trt_cp,0.0
ATLAS_SIG_A_TOP150,6a92f7a109168d001496ada7,ATLAS_SIG_A_TOP150,BRD-K47207162,zimelidine,trt_cp,5.1429224
ATLAS_SIG_A_TOP150,6a92f7a109168d001496ada7,ATLAS_SIG_A_TOP150,BRD-A47513740,calyculin,trt_cp,1.303735
ATLAS_SIG_A_TOP150,6a92f7a109168d001496ada7,ATLAS_SIG_A_TOP150,BRD-K56231354,triprolidine,trt_cp,0.0
ATLAS_SIG_A_TOP150,6a92f7a109168d001496ada7,ATLAS_SIG_A_TOP150,BRD-K89732114,trifluoperazine,trt_cp,0.0
ATLAS_SIG_A_TOP150,6a92f7a109168d001496ada7,ATLAS_SIG_A_TOP150,BRD-A18763547,BAX-channel-blocker,trt_cp,7.4590573
ATLAS_SIG_A_TOP150,6a92f7a109168d001496ada7,ATLAS_SIG_A_TOP150,BRD-A83255679,BRD-A83255679,trt_cp,1.4446794
ATLAS_SIG_A_TOP150,6a92f7a109168d001496ada7,ATLAS_SIG_A_TOP150,BRD-K00317371,RITA,trt_cp,0.0
ATLAS_SIG_A_TOP150,6a92f7a109168d001496ada7,ATLAS_SIG_A_TOP150,BRD-K06593056,LE-135,trt_cp,0.033283167
ATLAS_SIG_A_TOP150,6a92f7a109168d001496ada7,ATLAS_SIG_A_TOP150,BRD-K12184916,NVP-BEZ235,trt_cp,37.820183
ATLAS_SIG_A_TOP150,6a92f7a109168d001496ada7,ATLAS_SIG_A_TOP150,BRD-K15563106,phloretin,trt_cp,0.0
ATLAS_SIG_A_TOP150,6a92f7a109168d001496ada7,ATLAS_SIG_A_TOP150,BRD-K19295594,gossypol,trt_cp,-0.7751938
ATLAS_SIG_A_TOP150,6a92f7a109168d001496ada7,ATLAS_SIG_A_TOP150,BRD-K20755323,SKI-II,trt_cp,-0.070472166
ATLAS_SIG_A_TOP150,6a92f7a109168d001496ada7,ATLAS_SIG_A_TOP150,BRD-K26664453,cytochalasin-b,trt_cp,0.24665257
ATLAS_SIG_A_TOP150,6a92f7a109168d001496ada7,ATLAS_SIG_A_TOP150,BRD-K32536677,AGK-2,trt_cp,-21.816803
ATLAS_SIG_A_TOP150,6a92f7a109168d001496ada7,ATLAS_SIG_A_TOP150,BRD-K36927236,glibenclamide,trt_cp,-0.061927624
ATLAS_SIG_A_TOP150,6a92f7a109168d001496ada7,ATLAS_SIG_A_TOP150,BRD-K53414658,tivozanib,trt_cp,-1.2332629
ATLAS_SIG_A_TOP150,6a92f7a109168d001496ada7,ATLAS_SIG_A_TOP150,BRD-K54256913,MK-1775,trt_cp,0.0
ATLAS_SIG_A_TOP150,6a92f7a109168d001496ada7,ATLAS_SIG_A_TOP150,BRD-K68143200,NSC-95397,trt_cp,-0.015615135
ATLAS_SIG_A_TOP150,6a92f7a109168d001496ada7,ATLAS_SIG_A_TOP150,BRD-K93176058,AC-55649,trt_cp,0.0
ATLAS_SIG_A_TOP150,6a92f7a109168d001496ada7,ATLAS_SIG_A_TOP150,BRD-K94325918,kinetin-riboside,trt_cp,0.0
ATLAS_SIG_A_TOP150,6a92f7a109168d001496ada7,ATLAS_SIG_A_TOP150,BRD-K95609758,BMS-191011,trt_cp,-1.1627907
ATLAS_SIG_A_TOP150,6a92f7a109168d001496ada7,ATLAS_SIG_A_TOP150,BRD-K96354014,nifedipine,trt_cp,-0.1761804
ATLAS_SIG_A_TOP150,6a92f7a109168d001496ada7,ATLAS_SIG_A_TOP150,BRD-K30064966,BRD-K30064966,trt_cp,0.5285412
ATLAS_SIG_A_TOP150,6a92f7a109168d001496ada7,ATLAS_SIG_A_TOP150,BRD-K56301217,ABT-737,trt_cp,-0.422833
ATLAS_SIG_A_TOP150,6a92f7a109168d001496ada7,ATLAS_SIG_A_TOP150,BRD-K82746043,navitoclax,trt_cp,-0.5637773
ATLAS_SIG_A_TOP150,6a92f7a109168d001496ada7,ATLAS_SIG_A_TOP150,BRD-A67373739,AICA-ribonucleotide,trt_cp,-0.9161381
ATLAS_SIG_A_TOP150,6a92f7a109168d001496ada7,ATLAS_SIG_A_TOP150,BRD-K47983010,BX-795,trt_cp,-0.3523608
ATLAS_SIG_A_TOP150,6a92f7a109168d001496ada7,ATLAS_SIG_A_TOP150,BRD-K05653692,DL-PDMP,trt_cp,0.88090205
ATLAS_SIG_A_TOP150,6a92f7a109168d001496ada7,ATLAS_SIG_A_TOP150,BRD-K01976263,emetine,trt_cp,0.0
ATLAS_SIG_A_TOP150,6a92f7a109168d001496ada7,ATLAS_SIG_A_TOP150,BRD-A68631409,evodiamine,trt_cp,0.3875969
ATLAS_SIG_A_TOP150,6a92f7a109168d001496ada7,ATLAS_SIG_A_TOP150,BRD-K09778810,FGIN-1-27,trt_cp,0.035236083
ATLAS_SIG_A_TOP150,6a92f7a109168d001496ada7,ATLAS_SIG_A_TOP150,BRD-K85606544,neratinib,trt_cp,34.183453
ATLAS_SIG_A_TOP150,6a92f7a109168d001496ada7,ATLAS_SIG_A_TOP150,BRD-K33583600,isoliquiritigenin,trt_cp,1.0923185
ATLAS_SIG_A_TOP150,6a92f7a109168d001496ada7,ATLAS_SIG_A_TOP150,BRD-K67566344,KU-0063794,trt_cp,0.0
ATLAS_SIG_A_TOP150,6a92f7a109168d001496ada7,ATLAS_SIG_A_TOP150,BRD-K37865504,LY-2183240,trt_cp,0.3875969
ATLAS_SIG_A_TOP150,6a92f7a109168d001496ada7,ATLAS_SIG_A_TOP150,BRD-K35960502,niclosamide,trt_cp,10.544546
ATLAS_SIG_A_TOP150,6a92f7a109168d001496ada7,ATLAS_SIG_A_TOP150,BRD-K48692744,NU-1025,trt_cp,-9.885911
ATLAS_SIG_A_TOP150,6a92f7a109168d001496ada7,ATLAS_SIG_A_TOP150,BRD-K08589866,linsitinib,trt_cp,0.0
ATLAS_SIG_A_TOP150,6a92f7a109168d001496ada7,ATLAS_SIG_A_TOP150,BRD-K92991072,PAC-1,trt_cp,0.0
ATLAS_SIG_A_TOP150,6a92f7a109168d001496ada7,ATLAS_SIG_A_TOP150,BRD-K11853856,PJ-34,trt_cp,-1.2684989
ATLAS_SIG_A_TOP150,6a92f7a109168d001496ada7,ATLAS_SIG_A_TOP150,BRD-K16554956,PTB1,trt_cp,-0.95137423
ATLAS_SIG_A_TOP150,6a92f7a109168d001496ada7,ATLAS_SIG_A_TOP150,BRD-K02407574,parbendazole,trt_cp,0.0
ATLAS_SIG_A_TOP150,6a92f7a109168d001496ada7,ATLAS_SIG_A_TOP150,BRD-K98548675,parthenolide,trt_cp,87.99896
ATLAS_SIG_A_TOP150,6a92f7a109168d001496ada7,ATLAS_SIG_A_TOP150,BRD-K01292756,pimozide,trt_cp,1.3742071
ATLAS_SIG_A_TOP150,6a92f7a109168d001496ada7,ATLAS_SIG_A_TOP150,BRD-A45889380,mepacrine,trt_cp,0.0
ATLAS_SIG_A_TOP150,6a92f7a109168d001496ada7,ATLAS_SIG_A_TOP150,BRD-K21672174,Ro-28-1675,trt_cp,0.0
ATLAS_SIG_A_TOP150,6a92f7a109168d001496ada7,ATLAS_SIG_A_TOP150,BRD-A97437073,rosiglitazone,trt_cp,0.0
ATLAS_SIG_A_TOP150,6a92f7a109168d001496ada7,ATLAS_SIG_A_TOP150,BRD-K03816923,rottlerin,trt_cp,0.0
ATLAS_SIG_A_TOP150,6a92f7a109168d001496ada7,ATLAS_SIG_A_TOP150,BRD-K53855319,SRT-1720,trt_cp,0.0
ATLAS_SIG_A_TOP150,6a92f7a109168d001496ada7,ATLAS_SIG_A_TOP150,BRD-A35588707,teniposide,trt_cp,-0.1761804
ATLAS_SIG_A_TOP150,6a92f7a109168d001496ada7,ATLAS_SIG_A_TOP150,BRD-K51575138,TPCA-1,trt_cp,-12.225554
ATLAS_SIG_A_TOP150,6a92f7a109168d001496ada7,ATLAS_SIG_A_TOP150,BRD-K80527266,triacsin-c,trt_cp,0.0
ATLAS_SIG_A_TOP150,6a92f7a109168d001496ada7,ATLAS_SIG_A_TOP150,BRD-K74236984,UNC-0321,trt_cp,-16.522942
ATLAS_SIG_A_TOP150,6a92f7a109168d001496ada7,ATLAS_SIG_A_TOP150,BRD-K87947369,tozasertib,trt_cp,0.3875969
ATLAS_SIG_A_TOP150,6a92f7a109168d001496ada7,ATLAS_SIG_A_TOP150,BRD-K12994359,valdecoxib,trt_cp,0.3523608
ATLAS_SIG_A_TOP150,6a92f7a109168d001496ada7,ATLAS_SIG_A_TOP150,BRD-K71799949,carbamazepine,trt_cp,0.0
ATLAS_SIG_A_TOP150,6a92f7a109168d001496ada7,ATLAS_SIG_A_TOP150,BRD-A85860691,chaetocin,trt_cp,0.5990134
ATLAS_SIG_A_TOP150,6a92f7a109168d001496ada7,ATLAS_SIG_A_TOP150,BRD-A38030642,cyclosporin-a,trt_cp,8.785809
ATLAS_SIG_A_TOP150,6a92f7a109168d001496ada7,ATLAS_SIG_A_TOP150,BRD-K35723520,darinaparsin,trt_cp,-0.1901769
ATLAS_SIG_A_TOP150,6a92f7a109168d001496ada7,ATLAS_SIG_A_TOP150,BRD-K82135108,elesclomol,trt_cp,-0.14094433
ATLAS_SIG_A_TOP150,6a92f7a109168d001496ada7,ATLAS_SIG_A_TOP150,BRD-K14888893,minoxidil,trt_cp,-0.5990134
ATLAS_SIG_A_TOP150,6a92f7a109168d001496ada7,ATLAS_SIG_A_TOP150,BRD-A75517195,thiazolopyrimidine,trt_cp,-15.152716
ATLAS_SIG_A_TOP150,6a92f7a109168d001496ada7,ATLAS_SIG_A_TOP150,BRD-A75409952,wortmannin,trt_cp,0.0
ATLAS_SIG_A_TOP150,6a92f7a109168d001496ada7,ATLAS_SIG_A_TOP150,BRD-A81541225,oligomycin-a,trt_cp,-31.808538
ATLAS_SIG_A_TOP150,6a92f7a109168d001496ada7,ATLAS_SIG_A_TOP150,BRD-K81418486,vorinostat,trt_cp,0.0
ATLAS_SIG_A_TOP150,6a92f7a109168d001496ada7,ATLAS_SIG_A_TOP150,BRD-K61033289,15-delta-prostaglandin-j2,trt_cp,74.267105
ATLAS_SIG_A_TOP150,6a92f7a109168d001496ada7,ATLAS_SIG_A_TOP150,BRD-K88560311,rucaparib,trt_cp,-15.364149
ATLAS_SIG_A_TOP150,6a92f7a109168d001496ada7,ATLAS_SIG_A_TOP150,BRD-K08703257,3-amino-benzamide,trt_cp,0.0
ATLAS_SIG_A_TOP150,6a92f7a109168d001496ada7,ATLAS_SIG_A_TOP150,BRD-K09907482,PRL-3-inhibitor-I,trt_cp,0.0
ATLAS_SIG_A_TOP150,6a92f7a109168d001496ada7,ATLAS_SIG_A_TOP150,BRD-K59184148,SB-216763,trt_cp,-46.452076
ATLAS_SIG_A_TOP150,6a92f7a109168d001496ada7,ATLAS_SIG_A_TOP150,BRD-K12762134,XAV-939,trt_cp,1.3993413
ATLAS_SIG_A_TOP150,6a92f7a109168d001496ada7,ATLAS_SIG_A_TOP150,BRD-K26657438,imiquimod,trt_cp,-0.45806906
ATLAS_SIG_A_TOP150,6a92f7a109168d001496ada7,ATLAS_SIG_A_TOP150,BRD-K93754473,tamoxifen,trt_cp,0.0
ATLAS_SIG_A_TOP150,6a92f7a109168d001496ada7,ATLAS_SIG_A_TOP150,BRD-K27316855,calcitriol,trt_cp,-2.0554433
ATLAS_SIG_A_TOP150,6a92f7a109168d001496ada7,ATLAS_SIG_A_TOP150,BRD-A13122391,triptolide,trt_cp,0.0
ATLAS_SIG_A_TOP150,6a92f7a109168d001496ada7,ATLAS_SIG_A_TOP150,BRD-A71390734,idarubicin,trt_cp,0.0
ATLAS_SIG_A_TOP150,6a92f7a109168d001496ada7,ATLAS_SIG_A_TOP150,BRD-K91623615,ABT-751,trt_cp,0.0
ATLAS_SIG_A_TOP150,6a92f7a109168d001496ada7,ATLAS_SIG_A_TOP150,BRD-K07303502,arachidonyl-trifluoro-methane,trt_cp,-0.28188866
ATLAS_SIG_A_TOP150,6a92f7a109168d001496ada7,ATLAS_SIG_A_TOP150,BRD-K78959463,FPL-64176,trt_cp,-1.3694363
ATLAS_SIG_A_TOP150,6a92f7a109168d001496ada7,ATLAS_SIG_A_TOP150,BRD-K09499853,KU-0060648,trt_cp,1.0218464
ATLAS_SIG_A_TOP150,6a92f7a109168d001496ada7,ATLAS_SIG_A_TOP150,BRD-K28470988,L-690330,trt_cp,0.0
ATLAS_SIG_A_TOP150,6a92f7a109168d001496ada7,ATLAS_SIG_A_TOP150,BRD-K69328504,L-690488,trt_cp,5.1932173
ATLAS_SIG_A_TOP150,6a92f7a109168d001496ada7,ATLAS_SIG_A_TOP150,BRD-K76205745,losartan,trt_cp,-0.14094433
ATLAS_SIG_A_TOP150,6a92f7a109168d001496ada7,ATLAS_SIG_A_TOP150,BRD-K78126613,menadione,trt_cp,-0.070472166
ATLAS_SIG_A_TOP150,6a92f7a109168d001496ada7,ATLAS_SIG_A_TOP150,BRD-K67844266,pevonedistat,trt_cp,-1.0570824
ATLAS_SIG_A_TOP150,6a92f7a109168d001496ada7,ATLAS_SIG_A_TOP150,BRD-K62810658,PD-98059,trt_cp,-0.422833
ATLAS_SIG_A_TOP150,6a92f7a109168d001496ada7,ATLAS_SIG_A_TOP150,BRD-K80738081,resveratrol,trt_cp,-0.8756906
ATLAS_SIG_A_TOP150,6a92f7a109168d001496ada7,ATLAS_SIG_A_TOP150,BRD-K23875128,RHO-kinase-inhibitor-III[rockout],trt_cp,-39.11566
ATLAS_SIG_A_TOP150,6a92f7a109168d001496ada7,ATLAS_SIG_A_TOP150,BRD-K50128260,sildenafil,trt_cp,-30.81438
ATLAS_SIG_A_TOP150,6a92f7a109168d001496ada7,ATLAS_SIG_A_TOP150,BRD-K28360340,TW-37,trt_cp,1.3742071
ATLAS_SIG_A_TOP150,6a92f7a109168d001496ada7,ATLAS_SIG_A_TOP150,BRD-A09533288,verapamil,trt_cp,-1.4799154
ATLAS_SIG_A_TOP150,6a92f7a109168d001496ada7,ATLAS_SIG_A_TOP150,BRD-U88459701,atorvastatin,trt_cp,0.0
ATLAS_SIG_A_TOP150,6a92f7a109168d001496ada7,ATLAS_SIG_A_TOP150,BRD-A69951442,dexamethasone,trt_cp,-1.5187182
ATLAS_SIG_A_TOP150,6a92f7a109168d001496ada7,ATLAS_SIG_A_TOP150,BRD-A25004090,erastin,trt_cp,4.0873857
ATLAS_SIG_A_TOP150,6a92f7a109168d001496ada7,ATLAS_SIG_A_TOP150,BRD-K15108141,gemcitabine,trt_cp,-0.04165677
ATLAS_SIG_A_TOP150,6a92f7a109168d001496ada7,ATLAS_SIG_A_TOP150,BRD-K59222562,BRD-K59222562,trt_cp,-22.267956
ATLAS_SIG_A_TOP150,6a92f7a109168d001496ada7,ATLAS_SIG_A_TOP150,BRD-A18279961,BRD-A18279961,trt_cp,6.3081026
ATLAS_SIG_A_TOP150,6a92f7a109168d001496ada7,ATLAS_SIG_A_TOP150,BRD-A38793261,BRD-A38793261,trt_cp,0.0
ATLAS_SIG_A_TOP150,6a92f7a109168d001496ada7,ATLAS_SIG_A_TOP150,BRD-K37456065,VU-0365114-2,trt_cp,0.0
ATLAS_SIG_A_TOP150,6a92f7a109168d001496ada7,ATLAS_SIG_A_TOP150,BRD-K44432556,VU-0418946-1,trt_cp,2.7484143
ATLAS_SIG_A_TOP150,6a92f7a109168d001496ada7,ATLAS_SIG_A_TOP150,BRD-A19500257,geldanamycin,trt_cp,0.0
ATLAS_SIG_A_TOP150,6a92f7a109168d001496ada7,ATLAS_SIG_A_TOP150,BRD-K24127443,BRD-K24127443,trt_cp,-11.951841
ATLAS_SIG_A_TOP150,6a92f7a109168d001496ada7,ATLAS_SIG_A_TOP150,BRD-K35133769,BRD-K35133769,trt_cp,0.0
ATLAS_SIG_A_TOP150,6a92f7a109168d001496ada7,ATLAS_SIG_A_TOP150,BRD-K68756823,FR-180204,trt_cp,0.0
ATLAS_SIG_A_TOP150,6a92f7a109168d001496ada7,ATLAS_SIG_A_TOP150,BRD-K30649484,mafenide,trt_cp,0.0
ATLAS_SIG_A_TOP150,6a92f7a109168d001496ada7,ATLAS_SIG_A_TOP150,BRD-K39823328,VU-0366037-2,trt_cp,0.0
ATLAS_SIG_A_TOP150,6a92f7a109168d001496ada7,ATLAS_SIG_A_TOP150,BRD-A34208323,VU-0404997-2,trt_cp,-62.027798
ATLAS_SIG_A_TOP150,6a92f7a109168d001496ada7,ATLAS_SIG_A_TOP150,BRD-K83010055,VU-0415374-1,trt_cp,-42.71572
ATLAS_SIG_A_TOP150,6a92f7a109168d001496ada7,ATLAS_SIG_A_TOP150,BRD-K74501079,azithromycin,trt_cp,-1.1247779
ATLAS_SIG_A_TOP150,6a92f7a109168d001496ada7,ATLAS_SIG_A_TOP150,BRD-A35108200,dexamethasone,trt_cp,-5.0387597
ATLAS_SIG_A_TOP150,6a92f7a109168d001496ada7,ATLAS_SIG_A_TOP150,BRD-A69512159,carbidopa,trt_cp,-3.0904856
ATLAS_SIG_A_TOP150,6a92f7a109168d001496ada7,ATLAS_SIG_A_TOP150,BRD-K02637541,celecoxib,trt_cp,-0.070472166
ATLAS_SIG_A_TOP150,6a92f7a109168d001496ada7,ATLAS_SIG_A_TOP150,BRD-A42571354,cetirizine,trt_cp,-0.070472166
ATLAS_SIG_A_TOP150,6a92f7a109168d001496ada7,ATLAS_SIG_A_TOP150,BRD-A47598013,citalopram,trt_cp,1.5151515
ATLAS_SIG_A_TOP150,6a92f7a109168d001496ada7,ATLAS_SIG_A_TOP150,BRD-K27721098,clopidogrel,trt_cp,66.030754
ATLAS_SIG_A_TOP150,6a92f7a109168d001496ada7,ATLAS_SIG_A_TOP150,BRD-K05673000,dicloxacillin,trt_cp,0.0
ATLAS_SIG_A_TOP150,6a92f7a109168d001496ada7,ATLAS_SIG_A_TOP150,BRD-A16998493,etodolac,trt_cp,0.0
ATLAS_SIG_A_TOP150,6a92f7a109168d001496ada7,ATLAS_SIG_A_TOP150,BRD-A81233518,glycopyrrolate,trt_cp,1.726568
ATLAS_SIG_A_TOP150,6a92f7a109168d001496ada7,ATLAS_SIG_A_TOP150,BRD-A01320529,salmeterol,trt_cp,0.0
ATLAS_SIG_A_TOP150,6a92f7a109168d001496ada7,ATLAS_SIG_A_TOP150,BRD-K55070890,thiothixene,trt_cp,0.0
ATLAS_SIG_A_TOP150,6a92f7a109168d001496ada7,ATLAS_SIG_A_TOP150,BRD-K92000912,AM-251,trt_cp,0.026141396
ATLAS_SIG_A_TOP150,6a92f7a109168d001496ada7,ATLAS_SIG_A_TOP150,BRD-K41410256,balsalazide,trt_cp,0.0
ATLAS_SIG_A_TOP150,6a92f7a109168d001496ada7,ATLAS_SIG_A_TOP150,BRD-A46179541,doxapram,trt_cp,-1.8322762
ATLAS_SIG_A_TOP150,6a92f7a109168d001496ada7,ATLAS_SIG_A_TOP150,BRD-K67783091,haloperidol,trt_cp,0.24665257
ATLAS_SIG_A_TOP150,6a92f7a109168d001496ada7,ATLAS_SIG_A_TOP150,BRD-A66435872,HTMT,trt_cp,-0.5637773
ATLAS_SIG_A_TOP150,6a92f7a109168d001496ada7,ATLAS_SIG_A_TOP150,BRD-K12102668,nialamide,trt_cp,-0.3875969
ATLAS_SIG_A_TOP150,6a92f7a109168d001496ada7,ATLAS_SIG_A_TOP150,BRD-K67637637,olopatadine,trt_cp,0.0
ATLAS_SIG_A_TOP150,6a92f7a109168d001496ada7,ATLAS_SIG_A_TOP150,BRD-K00234327,RU-24969,trt_cp,-3.911205
ATLAS_SIG_A_TOP150,6a92f7a109168d001496ada7,ATLAS_SIG_A_TOP150,BRD-A75769826,SDM-25N,trt_cp,0.023043022
ATLAS_SIG_A_TOP150,6a92f7a109168d001496ada7,ATLAS_SIG_A_TOP150,BRD-A01826957,xanthinol,trt_cp,-3.1007752
ATLAS_SIG_A_TOP150,6a92f7a109168d001496ada7,ATLAS_SIG_A_TOP150,BRD-A70083328,secnidazole,trt_cp,-2.0436928
ATLAS_SIG_A_TOP150,6a92f7a109168d001496ada7,ATLAS_SIG_A_TOP150,BRD-K98530306,clonidine,trt_cp,-2.3608174
ATLAS_SIG_A_TOP150,6a92f7a109168d001496ada7,ATLAS_SIG_A_TOP150,BRD-A36074203,remacemide,trt_cp,0.10570825
ATLAS_SIG_A_TOP150,6a92f7a109168d001496ada7,ATLAS_SIG_A_TOP150,BRD-K02130563,panobinostat,trt_cp,-0.1597027
ATLAS_SIG_A_TOP150,6a92f7a109168d001496ada7,ATLAS_SIG_A_TOP150,BRD-K26818574,BIX-01294,trt_cp,0.0
ATLAS_SIG_A_TOP150,6a92f7a109168d001496ada7,ATLAS_SIG_A_TOP150,BRD-K07403598,CAY-10470,trt_cp,0.0
ATLAS_SIG_A_TOP150,6a92f7a109168d001496ada7,ATLAS_SIG_A_TOP150,BRD-K05396879,15-delta-prostaglandin-j2,trt_cp,0.14094433
ATLAS_SIG_A_TOP150,6a92f7a109168d001496ada7,ATLAS_SIG_A_TOP150,BRD-K00656370,6-aminochrysene,trt_cp,0.0
ATLAS_SIG_A_TOP150,6a92f7a109168d001496ada7,ATLAS_SIG_A_TOP150,BRD-K56001384,antimycin-a,trt_cp,0.0
ATLAS_SIG_A_TOP150,6a92f7a109168d001496ada7,ATLAS_SIG_A_TOP150,BRD-K10573841,tunicamycin,trt_cp,12.512357
ATLAS_SIG_A_TOP150,6a92f7a109168d001496ada7,ATLAS_SIG_A_TOP150,BRD-A19037878,trichostatin-a,trt_cp,0.0
ATLAS_SIG_A_TOP150,6a92f7a109168d001496ada7,ATLAS_SIG_A_TOP150,BRD-K87426499,BRD-K87426499,trt_cp,0.0
ATLAS_SIG_A_TOP150,6a92f7a109168d001496ada7,ATLAS_SIG_A_TOP150,BRD-A66395008,parthenolide,trt_cp,0.0
ATLAS_SIG_A_TOP150,6a92f7a109168d001496ada7,ATLAS_SIG_A_TOP150,BRD-K79254416,decitabine,trt_cp,-6.9178514
ATLAS_SIG_A_TOP150,6a92f7a109168d001496ada7,ATLAS_SIG_A_TOP150,BRD-K25504083,cytochalasin-d,trt_cp,0.0
ATLAS_SIG_A_TOP150,6a92f7a109168d001496ada7,ATLAS_SIG_A_TOP150,BRD-K97056771,GNF-2,trt_cp,0.0
ATLAS_SIG_A_TOP150,6a92f7a109168d001496ada7,ATLAS_SIG_A_TOP150,BRD-K29733039,deforolimus,trt_cp,0.0
ATLAS_SIG_A_TOP150,6a92f7a109168d001496ada7,ATLAS_SIG_A_TOP150,BRD-K07881437,danusertib,trt_cp,0.0
ATLAS_SIG_A_TOP150,6a92f7a109168d001496ada7,ATLAS_SIG_A_TOP150,BRD-K16478699,PLX-4720,trt_cp,0.0
ATLAS_SIG_A_TOP150,6a92f7a109168d001496ada7,ATLAS_SIG_A_TOP150,BRD-K71823332,epothilone-a,trt_cp,0.0
ATLAS_SIG_A_TOP150,6a92f7a109168d001496ada7,ATLAS_SIG_A_TOP150,BRD-K47832606,floxuridine,trt_cp,1.726568
ATLAS_SIG_A_TOP150,6a92f7a109168d001496ada7,ATLAS_SIG_A_TOP150,BRD-K35687265,ON-01910,trt_cp,0.0
ATLAS_SIG_A_TOP150,6a92f7a109168d001496ada7,ATLAS_SIG_A_TOP150,BRD-K64881305,ispinesib,trt_cp,13.520575
ATLAS_SIG_A_TOP150,6a92f7a109168d001496ada7,ATLAS_SIG_A_TOP150,BRD-K31553034,zibotentan,trt_cp,1.303735
ATLAS_SIG_A_TOP150,6a92f7a109168d001496ada7,ATLAS_SIG_A_TOP150,BRD-K19416115,sitagliptin,trt_cp,0.0
ATLAS_SIG_A_TOP150,6a92f7a109168d001496ada7,ATLAS_SIG_A_TOP150,BRD-K31283835,tofacitinib,trt_cp,4.5454545
ATLAS_SIG_A_TOP150,6a92f7a109168d001496ada7,ATLAS_SIG_A_TOP150,BRD-K22096725,ALW-II-49-7,trt_cp,-30.964382
ATLAS_SIG_A_TOP150,6a92f7a109168d001496ada7,ATLAS_SIG_A_TOP150,BRD-A45664787,iloprost,trt_cp,0.0
ATLAS_SIG_A_TOP150,6a92f7a109168d001496ada7,ATLAS_SIG_A_TOP150,BRD-K74133369,oligomycin-a,trt_cp,-7.4572997
ATLAS_SIG_A_TOP150,6a92f7a109168d001496ada7,ATLAS_SIG_A_TOP150,BRD-K55991774,BAS-09104376,trt_cp,0.0
ATLAS_SIG_A_TOP150,6a92f7a109168d001496ada7,ATLAS_SIG_A_TOP150,BRD-A02333338,cyclopamine,trt_cp,0.0
ATLAS_SIG_A_TOP150,6a92f7a109168d001496ada7,ATLAS_SIG_A_TOP150,BRD-K07888107,depudecin,trt_cp,0.0
ATLAS_SIG_A_TOP150,6a92f7a109168d001496ada7,ATLAS_SIG_A_TOP150,BRD-A32161980,carbetocin,trt_cp,0.0
ATLAS_SIG_A_TOP150,6a92f7a109168d001496ada7,ATLAS_SIG_A_TOP150,BRD-K50140147,NVP-TAE684,trt_cp,0.0
ATLAS_SIG_A_TOP150,6a92f7a109168d001496ada7,ATLAS_SIG_A_TOP150,BRD-K92723993,imatinib,trt_cp,7.988336
ATLAS_SIG_A_TOP150,6a92f7a109168d001496ada7,ATLAS_SIG_A_TOP150,BRD-K49865102,PD-0325901,trt_cp,-0.070472166
ATLAS_SIG_A_TOP150,6a92f7a109168d001496ada7,ATLAS_SIG_A_TOP150,BRD-K63068307,ZSTK-474,trt_cp,2.709104
ATLAS_SIG_A_TOP150,6a92f7a109168d001496ada7,ATLAS_SIG_A_TOP150,BRD-K17743125,belinostat,trt_cp,12.893725
ATLAS_SIG_A_TOP150,6a92f7a109168d001496ada7,ATLAS_SIG_A_TOP150,BRD-K71512533,SNS-314,trt_cp,41.28943
ATLAS_SIG_A_TOP150,6a92f7a109168d001496ada7,ATLAS_SIG_A_TOP150,BRD-K89839824,raltitrexed,trt_cp,-0.2114165
ATLAS_SIG_A_TOP150,6a92f7a109168d001496ada7,ATLAS_SIG_A_TOP150,BRD-K77175907,calcifediol,trt_cp,1.9089117
ATLAS_SIG_A_TOP150,6a92f7a109168d001496ada7,ATLAS_SIG_A_TOP150,BRD-K50387473,XMD-892,trt_cp,0.0
ATLAS_SIG_A_TOP150,6a92f7a109168d001496ada7,ATLAS_SIG_A_TOP150,BRD-K32836707,CAY-10577,trt_cp,0.0
ATLAS_SIG_A_TOP150,6a92f7a109168d001496ada7,ATLAS_SIG_A_TOP150,BRD-K24994810,androstenol,trt_cp,0.0
ATLAS_SIG_A_TOP150,6a92f7a109168d001496ada7,ATLAS_SIG_A_TOP150,BRD-K40255344,tyrphostin-A9,trt_cp,3.0655391
ATLAS_SIG_A_TOP150,6a92f7a109168d001496ada7,ATLAS_SIG_A_TOP150,BRD-K06080977,eicosatetraynoic-acid,trt_cp,0.0
ATLAS_SIG_A_TOP150,6a92f7a109168d001496ada7,ATLAS_SIG_A_TOP150,BRD-K72703948,ZM-447439,trt_cp,0.0
ATLAS_SIG_A_TOP150,6a92f7a109168d001496ada7,ATLAS_SIG_A_TOP150,BRD-K97764662,PD-173074,trt_cp,0.033184495
ATLAS_SIG_A_TOP150,6a92f7a109168d001496ada7,ATLAS_SIG_A_TOP150,BRD-K99369265,sirolimus,trt_cp,0.0
ATLAS_SIG_A_TOP150,6a92f7a109168d001496ada7,ATLAS_SIG_A_TOP150,BRD-M64432851,sunitinib,trt_cp,0.0
ATLAS_SIG_A_TOP150,6a92f7a109168d001496ada7,ATLAS_SIG_A_TOP150,BRD-K83988098,alvespimycin,trt_cp,0.0
ATLAS_SIG_A_TOP150,6a92f7a109168d001496ada7,ATLAS_SIG_A_TOP150,BRD-K17823458,danoprevir,trt_cp,-8.511022
ATLAS_SIG_A_TOP150,6a92f7a109168d001496ada7,ATLAS_SIG_A_TOP150,BRD-K08206212,entecavir,trt_cp,4.18042
ATLAS_SIG_A_TOP150,6a92f7a109168d001496ada7,ATLAS_SIG_A_TOP150,BRD-K77008974,WYE-354,trt_cp,2.60747
ATLAS_SIG_A_TOP150,6a92f7a109168d001496ada7,ATLAS_SIG_A_TOP150,BRD-K09186807,KIN001-244,trt_cp,0.0
ATLAS_SIG_A_TOP150,6a92f7a109168d001496ada7,ATLAS_SIG_A_TOP150,BRD-A26199074,calmidazolium,trt_cp,3.000068
ATLAS_SIG_A_TOP150,6a92f7a109168d001496ada7,ATLAS_SIG_A_TOP150,BRD-A37837077,cyclazosin,trt_cp,-13.009496
ATLAS_SIG_A_TOP150,6a92f7a109168d001496ada7,ATLAS_SIG_A_TOP150,BRD-K98426715,tubacin,trt_cp,0.0
ATLAS_SIG_A_TOP150,6a92f7a109168d001496ada7,ATLAS_SIG_A_TOP150,BRD-A25576662,streptozotocin,trt_cp,5.910544
ATLAS_SIG_A_TOP150,6a92f7a109168d001496ada7,ATLAS_SIG_A_TOP150,BRD-A29644307,nomifensine,trt_cp,-2.4325125
ATLAS_SIG_A_TOP150,6a92f7a109168d001496ada7,ATLAS_SIG_A_TOP150,BRD-A64479082,quinidine,trt_cp,2.4312897
ATLAS_SIG_A_TOP150,6a92f7a109168d001496ada7,ATLAS_SIG_A_TOP150,BRD-A80793822,pemoline,trt_cp,-1.7618041
ATLAS_SIG_A_TOP150,6a92f7a109168d001496ada7,ATLAS_SIG_A_TOP150,BRD-A82307304,atorvastatin,trt_cp,-6.1602507
ATLAS_SIG_A_TOP150,6a92f7a109168d001496ada7,ATLAS_SIG_A_TOP150,BRD-K04389336,labetalol,trt_cp,0.0
ATLAS_SIG_A_TOP150,6a92f7a109168d001496ada7,ATLAS_SIG_A_TOP150,BRD-K10852020,tolcapone,trt_cp,0.0
ATLAS_SIG_A_TOP150,6a92f7a109168d001496ada7,ATLAS_SIG_A_TOP150,BRD-K15502390,nevirapine,trt_cp,-6.714054
ATLAS_SIG_A_TOP150,6a92f7a109168d001496ada7,ATLAS_SIG_A_TOP150,BRD-K34098590,tienilic-acid,trt_cp,-25.508522
ATLAS_SIG_A_TOP150,6a92f7a109168d001496ada7,ATLAS_SIG_A_TOP150,BRD-K35573744,erbstatin-analog,trt_cp,0.0
ATLAS_SIG_A_TOP150,6a92f7a109168d001496ada7,ATLAS_SIG_A_TOP150,BRD-K37194137,III606050,trt_cp,0.0
ATLAS_SIG_A_TOP150,6a92f7a109168d001496ada7,ATLAS_SIG_A_TOP150,BRD-K44276885,acarbose,trt_cp,0.0
ATLAS_SIG_A_TOP150,6a92f7a109168d001496ada7,ATLAS_SIG_A_TOP150,BRD-K47679368,bromfenac,trt_cp,3.7702608
ATLAS_SIG_A_TOP150,6a92f7a109168d001496ada7,ATLAS_SIG_A_TOP150,BRD-K55301415,abiraterone,trt_cp,-11.327005
ATLAS_SIG_A_TOP150,6a92f7a109168d001496ada7,ATLAS_SIG_A_TOP150,BRD-K64517075,heliomycin,trt_cp,-7.6089473
ATLAS_SIG_A_TOP150,6a92f7a109168d001496ada7,ATLAS_SIG_A_TOP150,BRD-K66043364,noscapine,trt_cp,0.0
ATLAS_SIG_A_TOP150,6a92f7a109168d001496ada7,ATLAS_SIG_A_TOP150,BRD-K66788707,fludarabine,trt_cp,-15.436663
ATLAS_SIG_A_TOP150,6a92f7a109168d001496ada7,ATLAS_SIG_A_TOP150,BRD-K71926323,marbofloxacin,trt_cp,0.0
ATLAS_SIG_A_TOP150,6a92f7a109168d001496ada7,ATLAS_SIG_A_TOP150,BRD-K79602928,metformin,trt_cp,0.0
ATLAS_SIG_A_TOP150,6a92f7a109168d001496ada7,ATLAS_SIG_A_TOP150,BRD-K81473089,tacrine,trt_cp,0.66948557
ATLAS_SIG_A_TOP150,6a92f7a109168d001496ada7,ATLAS_SIG_A_TOP150,BRD-K93034159,cladribine,trt_cp,-2.0436928
ATLAS_SIG_A_TOP150,6a92f7a109168d001496ada7,ATLAS_SIG_A_TOP150,BRD-K98763141,niflumic-acid,trt_cp,-2.2551093
ATLAS_SIG_A_TOP150,6a92f7a109168d001496ada7,ATLAS_SIG_A_TOP150,BRD-K03406345,azacitidine,trt_cp,-10.888996
ATLAS_SIG_A_TOP150,6a92f7a109168d001496ada7,ATLAS_SIG_A_TOP150,BRD-A29260609,acebutolol,trt_cp,0.0
ATLAS_SIG_A_TOP150,6a92f7a109168d001496ada7,ATLAS_SIG_A_TOP150,BRD-A16754160,ampicillin,trt_cp,0.0
ATLAS_SIG_A_TOP150,6a92f7a109168d001496ada7,ATLAS_SIG_A_TOP150,BRD-K68264559,brimonidine,trt_cp,0.7008634
ATLAS_SIG_A_TOP150,6a92f7a109168d001496ada7,ATLAS_SIG_A_TOP150,BRD-A34299591,budesonide,trt_cp,0.017249273
ATLAS_SIG_A_TOP150,6a92f7a109168d001496ada7,ATLAS_SIG_A_TOP150,BRD-K93461745,buspirone,trt_cp,0.63424945
ATLAS_SIG_A_TOP150,6a92f7a109168d001496ada7,ATLAS_SIG_A_TOP150,BRD-K63641886,cefuroxime,trt_cp,0.0
ATLAS_SIG_A_TOP150,6a92f7a109168d001496ada7,ATLAS_SIG_A_TOP150,BRD-K37289225,clozapine,trt_cp,0.0
ATLAS_SIG_A_TOP150,6a92f7a109168d001496ada7,ATLAS_SIG_A_TOP150,BRD-K20920669,cromoglicic-acid,trt_cp,0.0
ATLAS_SIG_A_TOP150,6a92f7a109168d001496ada7,ATLAS_SIG_A_TOP150,BRD-A09722536,cyclophosphamide,trt_cp,0.0
ATLAS_SIG_A_TOP150,6a92f7a109168d001496ada7,ATLAS_SIG_A_TOP150,BRD-K87226815,cycloserine-(d),trt_cp,-38.19686
ATLAS_SIG_A_TOP150,6a92f7a109168d001496ada7,ATLAS_SIG_A_TOP150,BRD-K62363391,dapsone,trt_cp,-3.594334
ATLAS_SIG_A_TOP150,6a92f7a109168d001496ada7,ATLAS_SIG_A_TOP150,BRD-K81128206,edrophonium,trt_cp,0.0
ATLAS_SIG_A_TOP150,6a92f7a109168d001496ada7,ATLAS_SIG_A_TOP150,BRD-K63828191,raloxifene,trt_cp,0.0
ATLAS_SIG_A_TOP150,6a92f7a109168d001496ada7,ATLAS_SIG_A_TOP150,BRD-A09472452,flecainide,trt_cp,0.0
ATLAS_SIG_A_TOP150,6a92f7a109168d001496ada7,ATLAS_SIG_A_TOP150,BRD-K22662435,ganciclovir,trt_cp,0.0
ATLAS_SIG_A_TOP150,6a92f7a109168d001496ada7,ATLAS_SIG_A_TOP150,BRD-A17655518,ibuprofen,trt_cp,-0.5285412
ATLAS_SIG_A_TOP150,6a92f7a109168d001496ada7,ATLAS_SIG_A_TOP150,BRD-K76723084,isotretinoin,trt_cp,0.03102199
ATLAS_SIG_A_TOP150,6a92f7a109168d001496ada7,ATLAS_SIG_A_TOP150,BRD-A07440155,labetalol,trt_cp,-0.028737428
ATLAS_SIG_A_TOP150,6a92f7a109168d001496ada7,ATLAS_SIG_A_TOP150,BRD-K91601245,mercaptopurine,trt_cp,0.0
ATLAS_SIG_A_TOP150,6a92f7a109168d001496ada7,ATLAS_SIG_A_TOP150,BRD-M40783228,mesna,trt_cp,4.298802
ATLAS_SIG_A_TOP150,6a92f7a109168d001496ada7,ATLAS_SIG_A_TOP150,BRD-A07780951,orciprenaline,trt_cp,0.0
ATLAS_SIG_A_TOP150,6a92f7a109168d001496ada7,ATLAS_SIG_A_TOP150,BRD-K63430059,methoxsalen,trt_cp,2.8541226
ATLAS_SIG_A_TOP150,6a92f7a109168d001496ada7,ATLAS_SIG_A_TOP150,BRD-K21680192,mitoxantrone,trt_cp,0.0
ATLAS_SIG_A_TOP150,6a92f7a109168d001496ada7,ATLAS_SIG_A_TOP150,BRD-A29734509,disopyramide,trt_cp,0.24665257
ATLAS_SIG_A_TOP150,6a92f7a109168d001496ada7,ATLAS_SIG_A_TOP150,BRD-A65013509,oxybutynin,trt_cp,13.106832
ATLAS_SIG_A_TOP150,6a92f7a109168d001496ada7,ATLAS_SIG_A_TOP150,BRD-A62326914,paroxetine,trt_cp,0.0
ATLAS_SIG_A_TOP150,6a92f7a109168d001496ada7,ATLAS_SIG_A_TOP150,BRD-K01507359,rifampicin,trt_cp,-5.8491898
ATLAS_SIG_A_TOP150,6a92f7a109168d001496ada7,ATLAS_SIG_A_TOP150,BRD-A50157456,terbutaline,trt_cp,0.0
ATLAS_SIG_A_TOP150,6a92f7a109168d001496ada7,ATLAS_SIG_A_TOP150,BRD-A79479878,testosterone,trt_cp,0.0
ATLAS_SIG_A_TOP150,6a92f7a109168d001496ada7,ATLAS_SIG_A_TOP150,BRD-A24514565,warfarin,trt_cp,-3.5588443
ATLAS_SIG_A_TOP150,6a92f7a109168d001496ada7,ATLAS_SIG_A_TOP150,BRD-A23290232,westcort,trt_cp,-14.501814
ATLAS_SIG_A_TOP150,6a92f7a109168d001496ada7,ATLAS_SIG_A_TOP150,BRD-K24023109,diltiazem,trt_cp,0.2114165
ATLAS_SIG_A_TOP150,6a92f7a109168d001496ada7,ATLAS_SIG_A_TOP150,BRD-K38197229,bumetanide,trt_cp,0.0
ATLAS_SIG_A_TOP150,6a92f7a109168d001496ada7,ATLAS_SIG_A_TOP150,BRD-K55930204,phenytoin,trt_cp,-37.665825
ATLAS_SIG_A_TOP150,6a92f7a109168d001496ada7,ATLAS_SIG_A_TOP150,BRD-A44827100,erythromycin,trt_cp,0.0
ATLAS_SIG_A_TOP150,6a92f7a109168d001496ada7,ATLAS_SIG_A_TOP150,BRD-K94353609,fluocinolone,trt_cp,-77.6904
ATLAS_SIG_A_TOP150,6a92f7a109168d001496ada7,ATLAS_SIG_A_TOP150,BRD-K48168960,propylthiouracil,trt_cp,-3.1952057
ATLAS_SIG_A_TOP150,6a92f7a109168d001496ada7,ATLAS_SIG_A_TOP150,BRD-K89997465,chlorpromazine,trt_cp,0.10570825
ATLAS_SIG_A_TOP150,6a92f7a109168d001496ada7,ATLAS_SIG_A_TOP150,BRD-K21520694,sulfacetamide,trt_cp,0.0
ATLAS_SIG_A_TOP150,6a92f7a109168d001496ada7,ATLAS_SIG_A_TOP150,BRD-A48631911,mibefradil,trt_cp,0.0
ATLAS_SIG_A_TOP150,6a92f7a109168d001496ada7,ATLAS_SIG_A_TOP150,BRD-K11801786,trimidox,trt_cp,0.0
ATLAS_SIG_A_TOP150,6a92f7a109168d001496ada7,ATLAS_SIG_A_TOP150,BRD-K68132782,terbinafine,trt_cp,0.0
ATLAS_SIG_A_TOP150,6a92f7a109168d001496ada7,ATLAS_SIG_A_TOP150,BRD-K57886322,fluocinonide,trt_cp,14.823251
ATLAS_SIG_A_TOP150,6a92f7a109168d001496ada7,ATLAS_SIG_A_TOP150,BRD-K40645748,mefloquine,trt_cp,1.4446794
ATLAS_SIG_A_TOP150,6a92f7a109168d001496ada7,ATLAS_SIG_A_TOP150,BRD-K10016611,pyridine-2-aldoxime,trt_cp,0.0
ATLAS_SIG_A_TOP150,6a92f7a109168d001496ada7,ATLAS_SIG_A_TOP150,BRD-K53790871,triamcinolone,trt_cp,0.0
ATLAS_SIG_A_TOP150,6a92f7a109168d001496ada7,ATLAS_SIG_A_TOP150,BRD-K92073408,norethisterone,trt_cp,2.60747
ATLAS_SIG_A_TOP150,6a92f7a109168d001496ada7,ATLAS_SIG_A_TOP150,BRD-K02265150,amoxapine,trt_cp,-0.070472166
ATLAS_SIG_A_TOP150,6a92f7a109168d001496ada7,ATLAS_SIG_A_TOP150,BRD-K86434416,selegiline,trt_cp,-1.0923185
ATLAS_SIG_A_TOP150,6a92f7a109168d001496ada7,ATLAS_SIG_A_TOP150,BRD-A67799922,phenoxybenzamine,trt_cp,-0.029156819
ATLAS_SIG_A_TOP150,6a92f7a109168d001496ada7,ATLAS_SIG_A_TOP150,BRD-K36862742,hydroflumethiazide,trt_cp,-7.9515285
ATLAS_SIG_A_TOP150,6a92f7a109168d001496ada7,ATLAS_SIG_A_TOP150,BRD-K95237249,probenecid,trt_cp,0.0
ATLAS_SIG_A_TOP150,6a92f7a109168d001496ada7,ATLAS_SIG_A_TOP150,BRD-K79116891,proxymetacaine,trt_cp,-0.88090205
ATLAS_SIG_A_TOP150,6a92f7a109168d001496ada7,ATLAS_SIG_A_TOP150,BRD-K50859149,sulfafurazole,trt_cp,0.0
ATLAS_SIG_A_TOP150,6a92f7a109168d001496ada7,ATLAS_SIG_A_TOP150,BRD-K92049597,triamterene,trt_cp,-0.3875969
ATLAS_SIG_A_TOP150,6a92f7a109168d001496ada7,ATLAS_SIG_A_TOP150,BRD-A91555231,norepinephrine,trt_cp,0.0
ATLAS_SIG_A_TOP150,6a92f7a109168d001496ada7,ATLAS_SIG_A_TOP150,BRD-A31312900,montelukast,trt_cp,0.0
ATLAS_SIG_A_TOP150,6a92f7a109168d001496ada7,ATLAS_SIG_A_TOP150,BRD-A67605442,tetrahydrobiopterin,trt_cp,0.0
ATLAS_SIG_A_TOP150,6a92f7a109168d001496ada7,ATLAS_SIG_A_TOP150,BRD-A79237180,ascorbic-acid,trt_cp,-10.8325405
ATLAS_SIG_A_TOP150,6a92f7a109168d001496ada7,ATLAS_SIG_A_TOP150,BRD-K47323024,methapyrilene,trt_cp,0.0
ATLAS_SIG_A_TOP150,6a92f7a109168d001496ada7,ATLAS_SIG_A_TOP150,BRD-K88568253,iproniazid,trt_cp,-2.3525982
ATLAS_SIG_A_TOP150,6a92f7a109168d001496ada7,ATLAS_SIG_A_TOP150,BRD-K90543092,levonorgestrel,trt_cp,0.0
ATLAS_SIG_A_TOP150,6a92f7a109168d001496ada7,ATLAS_SIG_A_TOP150,BRD-K96037667,norethindrone,trt_cp,0.0
ATLAS_SIG_A_TOP150,6a92f7a109168d001496ada7,ATLAS_SIG_A_TOP150,BRD-K97810537,beclomethasone-dipropionate,trt_cp,-0.10570825
ATLAS_SIG_A_TOP150,6a92f7a109168d001496ada7,ATLAS_SIG_A_TOP150,BRD-A65282128,cefazolin,trt_cp,50.04444
ATLAS_SIG_A_TOP150,6a92f7a109168d001496ada7,ATLAS_SIG_A_TOP150,BRD-K29950728,clomifene,trt_cp,-0.070472166
ATLAS_SIG_A_TOP150,6a92f7a109168d001496ada7,ATLAS_SIG_A_TOP150,BRD-K86161929,cortisone,trt_cp,0.0
ATLAS_SIG_A_TOP150,6a92f7a109168d001496ada7,ATLAS_SIG_A_TOP150,BRD-A86044036,flurbiprofen-(+/-),trt_cp,2.184637
ATLAS_SIG_A_TOP150,6a92f7a109168d001496ada7,ATLAS_SIG_A_TOP150,BRD-K73978287,hydrocortisone,trt_cp,0.0
ATLAS_SIG_A_TOP150,6a92f7a109168d001496ada7,ATLAS_SIG_A_TOP150,BRD-K93568044,hydrocortisone,trt_cp,0.0
ATLAS_SIG_A_TOP150,6a92f7a109168d001496ada7,ATLAS_SIG_A_TOP150,BRD-K67511046,naloxone,trt_cp,-0.14094433
ATLAS_SIG_A_TOP150,6a92f7a109168d001496ada7,ATLAS_SIG_A_TOP150,BRD-K32247306,primidone,trt_cp,-1.4845446
ATLAS_SIG_A_TOP150,6a92f7a109168d001496ada7,ATLAS_SIG_A_TOP150,BRD-K90885812,propantheline,trt_cp,0.0
ATLAS_SIG_A_TOP150,6a92f7a109168d001496ada7,ATLAS_SIG_A_TOP150,BRD-K75089421,procainamide,trt_cp,-0.035236083
ATLAS_SIG_A_TOP150,6a92f7a109168d001496ada7,ATLAS_SIG_A_TOP150,BRD-K11905747,spectinomycin,trt_cp,0.0
ATLAS_SIG_A_TOP150,6a92f7a109168d001496ada7,ATLAS_SIG_A_TOP150,BRD-K90027355,spironolactone,trt_cp,-0.5637773
ATLAS_SIG_A_TOP150,6a92f7a109168d001496ada7,ATLAS_SIG_A_TOP150,BRD-K93880783,stavudine,trt_cp,0.0
ATLAS_SIG_A_TOP150,6a92f7a109168d001496ada7,ATLAS_SIG_A_TOP150,BRD-A36217750,sulfinpyrazone,trt_cp,-2.8893588
ATLAS_SIG_A_TOP150,6a92f7a109168d001496ada7,ATLAS_SIG_A_TOP150,BRD-A87848830,bimatoprost,trt_cp,0.0
ATLAS_SIG_A_TOP150,6a92f7a109168d001496ada7,ATLAS_SIG_A_TOP150,BRD-K11558771,droxinostat,trt_cp,0.0
ATLAS_SIG_A_TOP150,6a92f7a109168d001496ada7,ATLAS_SIG_A_TOP150,BRD-K12002134,megestrol,trt_cp,0.0
ATLAS_SIG_A_TOP150,6a92f7a109168d001496ada7,ATLAS_SIG_A_TOP150,BRD-K35458079,edaravone,trt_cp,0.0
ATLAS_SIG_A_TOP150,6a92f7a109168d001496ada7,ATLAS_SIG_A_TOP150,BRD-K49519144,LY-2140023,trt_cp,0.0
ATLAS_SIG_A_TOP150,6a92f7a109168d001496ada7,ATLAS_SIG_A_TOP150,BRD-K71289571,zafirlukast,trt_cp,-0.2114165
ATLAS_SIG_A_TOP150,6a92f7a109168d001496ada7,ATLAS_SIG_A_TOP150,BRD-K75430629,BRD-K75430629,trt_cp,0.0
ATLAS_SIG_A_TOP150,6a92f7a109168d001496ada7,ATLAS_SIG_A_TOP150,BRD-K88868628,iodoacetic-acid,trt_cp,0.0
ATLAS_SIG_A_TOP150,6a92f7a109168d001496ada7,ATLAS_SIG_A_TOP150,BRD-K81272440,dantrolene,trt_cp,-0.7047216
ATLAS_SIG_A_TOP150,6a92f7a109168d001496ada7,ATLAS_SIG_A_TOP150,BRD-K22031190,diflunisal,trt_cp,-0.017206639
ATLAS_SIG_A_TOP150,6a92f7a109168d001496ada7,ATLAS_SIG_A_TOP150,BRD-A13188892,doxazosin,trt_cp,0.0
ATLAS_SIG_A_TOP150,6a92f7a109168d001496ada7,ATLAS_SIG_A_TOP150,BRD-K44497846,enalapril,trt_cp,0.0
ATLAS_SIG_A_TOP150,6a92f7a109168d001496ada7,ATLAS_SIG_A_TOP150,BRD-K08273968,griseofulvin,trt_cp,-7.751938
ATLAS_SIG_A_TOP150,6a92f7a109168d001496ada7,ATLAS_SIG_A_TOP150,BRD-A05352148,ipratropium,trt_cp,0.0
ATLAS_SIG_A_TOP150,6a92f7a109168d001496ada7,ATLAS_SIG_A_TOP150,BRD-A79803969,memantine,trt_cp,0.0
ATLAS_SIG_A_TOP150,6a92f7a109168d001496ada7,ATLAS_SIG_A_TOP150,BRD-K83153774,mirtazapine,trt_cp,12.717055
ATLAS_SIG_A_TOP150,6a92f7a109168d001496ada7,ATLAS_SIG_A_TOP150,BRD-K89348303,ramipril,trt_cp,0.070472166
ATLAS_SIG_A_TOP150,6a92f7a109168d001496ada7,ATLAS_SIG_A_TOP150,BRD-K08806317,timolol,trt_cp,0.0
ATLAS_SIG_A_TOP150,6a92f7a109168d001496ada7,ATLAS_SIG_A_TOP150,BRD-K85119730,tolbutamide,trt_cp,0.0
ATLAS_SIG_A_TOP150,6a92f7a109168d001496ada7,ATLAS_SIG_A_TOP150,BRD-K11433652,aspirin,trt_cp,-16.641079
ATLAS_SIG_A_TOP150,6a92f7a109168d001496ada7,ATLAS_SIG_A_TOP150,BRD-K51418664,mitomycin-c,trt_cp,0.0
ATLAS_SIG_A_TOP150,6a92f7a109168d001496ada7,ATLAS_SIG_A_TOP150,BRD-K67102207,phenylbutyrate,trt_cp,13.367212
ATLAS_SIG_A_TOP150,6a92f7a109168d001496ada7,ATLAS_SIG_A_TOP150,BRD-K56515112,medrysone,trt_cp,0.02957816
ATLAS_SIG_A_TOP150,6a92f7a109168d001496ada7,ATLAS_SIG_A_TOP150,BRD-K67043667,altretamine,trt_cp,-0.3523608
ATLAS_SIG_A_TOP150,6a92f7a109168d001496ada7,ATLAS_SIG_A_TOP150,BRD-K57631554,5-aminolevulinic-acid,trt_cp,0.0
ATLAS_SIG_A_TOP150,6a92f7a109168d001496ada7,ATLAS_SIG_A_TOP150,BRD-A50311610,meclizine,trt_cp,-0.31712472
ATLAS_SIG_A_TOP150,6a92f7a109168d001496ada7,ATLAS_SIG_A_TOP150,BRD-K50398167,meclofenamic-acid,trt_cp,0.0
ATLAS_SIG_A_TOP150,6a92f7a109168d001496ada7,ATLAS_SIG_A_TOP150,BRD-K05395900,nicotine,trt_cp,0.0
ATLAS_SIG_A_TOP150,6a92f7a109168d001496ada7,ATLAS_SIG_A_TOP150,BRD-K60762818,desipramine,trt_cp,0.3875969
ATLAS_SIG_A_TOP150,6a92f7a109168d001496ada7,ATLAS_SIG_A_TOP150,BRD-A99833829,bethanechol,trt_cp,-2.3255813
ATLAS_SIG_A_TOP150,6a92f7a109168d001496ada7,ATLAS_SIG_A_TOP150,BRD-K72903603,zidovudine,trt_cp,0.0
ATLAS_SIG_A_TOP150,6a92f7a109168d001496ada7,ATLAS_SIG_A_TOP150,BRD-A04308630,genipin,trt_cp,0.0
ATLAS_SIG_A_TOP150,6a92f7a109168d001496ada7,ATLAS_SIG_A_TOP150,BRD-A51382177,fosinopril,trt_cp,0.0
ATLAS_SIG_A_TOP150,6a92f7a109168d001496ada7,ATLAS_SIG_A_TOP150,BRD-K01612348,meropenem,trt_cp,1.0903685
ATLAS_SIG_A_TOP150,6a92f7a109168d001496ada7,ATLAS_SIG_A_TOP150,BRD-K09900591,caffeic-acid,trt_cp,0.0
ATLAS_SIG_A_TOP150,6a92f7a109168d001496ada7,ATLAS_SIG_A_TOP150,BRD-K52522949,NCH-51,trt_cp,0.0
ATLAS_SIG_A_TOP150,6a92f7a109168d001496ada7,ATLAS_SIG_A_TOP150,BRD-K74763371,bosentan,trt_cp,0.0
ATLAS_SIG_A_TOP150,6a92f7a109168d001496ada7,ATLAS_SIG_A_TOP150,BRD-K78373679,Ro-3306,trt_cp,0.0
ATLAS_SIG_A_TOP150,6a92f7a109168d001496ada7,ATLAS_SIG_A_TOP150,BRD-K94830329,ataluren,trt_cp,0.0
ATLAS_SIG_A_TOP150,6a92f7a109168d001496ada7,ATLAS_SIG_A_TOP150,BRD-A20239487,atenolol-(+/-),trt_cp,-18.498348
ATLAS_SIG_A_TOP150,6a92f7a109168d001496ada7,ATLAS_SIG_A_TOP150,BRD-K70976396,cefoxitin,trt_cp,0.0
ATLAS_SIG_A_TOP150,6a92f7a109168d001496ada7,ATLAS_SIG_A_TOP150,BRD-K10799896,clobetasol,trt_cp,0.0
ATLAS_SIG_A_TOP150,6a92f7a109168d001496ada7,ATLAS_SIG_A_TOP150,BRD-A25067867,benzatropine,trt_cp,4.4397464
ATLAS_SIG_A_TOP150,6a92f7a109168d001496ada7,ATLAS_SIG_A_TOP150,BRD-K38775274,dexamethasone,trt_cp,0.035236083
ATLAS_SIG_A_TOP150,6a92f7a109168d001496ada7,ATLAS_SIG_A_TOP150,BRD-K54462405,doxepin,trt_cp,-0.24665257
ATLAS_SIG_A_TOP150,6a92f7a109168d001496ada7,ATLAS_SIG_A_TOP150,BRD-A88774919,doxycycline,trt_cp,0.0
ATLAS_SIG_A_TOP150,6a92f7a109168d001496ada7,ATLAS_SIG_A_TOP150,BRD-A75479906,rimantadine,trt_cp,3.5236082
ATLAS_SIG_A_TOP150,6a92f7a109168d001496ada7,ATLAS_SIG_A_TOP150,BRD-K47869605,podophyllotoxin,trt_cp,-0.10570825
ATLAS_SIG_A_TOP150,6a92f7a109168d001496ada7,ATLAS_SIG_A_TOP150,BRD-A13946108,sulindac,trt_cp,-2.3608174
ATLAS_SIG_A_TOP150,6a92f7a109168d001496ada7,ATLAS_SIG_A_TOP150,BRD-K06335600,tizanidine,trt_cp,0.0
ATLAS_SIG_A_TOP150,6a92f7a109168d001496ada7,ATLAS_SIG_A_TOP150,BRD-A76019558,ketoconazole,trt_cp,14.486939
ATLAS_SIG_A_TOP150,6a92f7a109168d001496ada7,ATLAS_SIG_A_TOP150,BRD-K02123250,JNJ-38877605,trt_cp,0.0
ATLAS_SIG_A_TOP150,6a92f7a109168d001496ada7,ATLAS_SIG_A_TOP150,BRD-K79131256,albendazole,trt_cp,
ATLAS_SIG_A_TOP150,6a92f7a109168d001496ada7,ATLAS_SIG_A_TOP150,BRD-A16478930,amcinonide,trt_cp,0.0
ATLAS_SIG_A_TOP150,6a92f7a109168d001496ada7,ATLAS_SIG_A_TOP150,BRD-K32821942,azathioprine,trt_cp,0.029706802
ATLAS_SIG_A_TOP150,6a92f7a109168d001496ada7,ATLAS_SIG_A_TOP150,BRD-K23204545,busulfan,trt_cp,0.0
ATLAS_SIG_A_TOP150,6a92f7a109168d001496ada7,ATLAS_SIG_A_TOP150,BRD-A80638690,floxuridine,trt_cp,0.0
ATLAS_SIG_A_TOP150,6a92f7a109168d001496ada7,ATLAS_SIG_A_TOP150,BRD-K05977355,fluconazole,trt_cp,0.1761804
ATLAS_SIG_A_TOP150,6a92f7a109168d001496ada7,ATLAS_SIG_A_TOP150,BRD-K61250553,loperamide,trt_cp,3.7736568
ATLAS_SIG_A_TOP150,6a92f7a109168d001496ada7,ATLAS_SIG_A_TOP150,BRD-A64092382,mexiletine,trt_cp,-0.02661923
ATLAS_SIG_A_TOP150,6a92f7a109168d001496ada7,ATLAS_SIG_A_TOP150,BRD-K82381502,acetylcholine,trt_cp,0.0
ATLAS_SIG_A_TOP150,6a92f7a109168d001496ada7,ATLAS_SIG_A_TOP150,BRD-A87606379,nadolol,trt_cp,-2.5369978
ATLAS_SIG_A_TOP150,6a92f7a109168d001496ada7,ATLAS_SIG_A_TOP150,BRD-A24228527,ofloxacin,trt_cp,4.5454545
ATLAS_SIG_A_TOP150,6a92f7a109168d001496ada7,ATLAS_SIG_A_TOP150,BRD-K77695569,tiabendazole,trt_cp,-0.28188866
ATLAS_SIG_A_TOP150,6a92f7a109168d001496ada7,ATLAS_SIG_A_TOP150,BRD-A94793051,gestrinone,trt_cp,-12.377667
ATLAS_SIG_A_TOP150,6a92f7a109168d001496ada7,ATLAS_SIG_A_TOP150,BRD-K87555556,amiodarone,trt_cp,0.0
ATLAS_SIG_A_TOP150,6a92f7a109168d001496ada7,ATLAS_SIG_A_TOP150,BRD-K93433262,alfacalcidol,trt_cp,-8.822728
ATLAS_SIG_A_TOP150,6a92f7a109168d001496ada7,ATLAS_SIG_A_TOP150,BRD-K29458283,chlorambucil,trt_cp,0.025376057
ATLAS_SIG_A_TOP150,6a92f7a109168d001496ada7,ATLAS_SIG_A_TOP150,BRD-A75368507,demeclocycline,trt_cp,-19.300869
ATLAS_SIG_A_TOP150,6a92f7a109168d001496ada7,ATLAS_SIG_A_TOP150,BRD-K63630713,etacrynic-acid,trt_cp,1.0570824
ATLAS_SIG_A_TOP150,6a92f7a109168d001496ada7,ATLAS_SIG_A_TOP150,BRD-K12219985,glipizide,trt_cp,-0.10570825
ATLAS_SIG_A_TOP150,6a92f7a109168d001496ada7,ATLAS_SIG_A_TOP150,BRD-K15262564,mupirocin,trt_cp,0.0
ATLAS_SIG_A_TOP150,6a92f7a109168d001496ada7,ATLAS_SIG_A_TOP150,BRD-K10995081,perphenazine,trt_cp,0.10570825
ATLAS_SIG_A_TOP150,6a92f7a109168d001496ada7,ATLAS_SIG_A_TOP150,BRD-K43887077,dopamine,trt_cp,-2.7836504
ATLAS_SIG_A_TOP150,6a92f7a109168d001496ada7,ATLAS_SIG_A_TOP150,BRD-A31800922,procyclidine,trt_cp,-37.51771
ATLAS_SIG_A_TOP150,6a92f7a109168d001496ada7,ATLAS_SIG_A_TOP150,BRD-K77987382,mebendazole,trt_cp,0.0
ATLAS_SIG_A_TOP150,6a92f7a109168d001496ada7,ATLAS_SIG_A_TOP150,BRD-K21317336,phentolamine,trt_cp,0.0
ATLAS_SIG_A_TOP150,6a92f7a109168d001496ada7,ATLAS_SIG_A_TOP150,BRD-A55815733,phylloquinone,trt_cp,0.0
ATLAS_SIG_A_TOP150,6a92f7a109168d001496ada7,ATLAS_SIG_A_TOP150,BRD-A53952395,prilocaine,trt_cp,-28.468613
ATLAS_SIG_A_TOP150,6a92f7a109168d001496ada7,ATLAS_SIG_A_TOP150,BRD-A84481105,thioridazine,trt_cp,0.035236083
ATLAS_SIG_A_TOP150,6a92f7a109168d001496ada7,ATLAS_SIG_A_TOP150,BRD-K91699951,benzonatate,trt_cp,0.0
ATLAS_SIG_A_TOP150,6a92f7a109168d001496ada7,ATLAS_SIG_A_TOP150,BRD-A78322124,dobutamine,trt_cp,3.6618319
ATLAS_SIG_A_TOP150,6a92f7a109168d001496ada7,ATLAS_SIG_A_TOP150,BRD-K55127134,fluphenazine,trt_cp,0.03326209
ATLAS_SIG_A_TOP150,6a92f7a109168d001496ada7,ATLAS_SIG_A_TOP150,BRD-K06926592,tretinoin,trt_cp,-0.95137423
ATLAS_SIG_A_TOP150,6a92f7a109168d001496ada7,ATLAS_SIG_A_TOP150,BRD-K20655524,mefexamide,trt_cp,8.585411
ATLAS_SIG_A_TOP150,6a92f7a109168d001496ada7,ATLAS_SIG_A_TOP150,BRD-K77641333,naphazoline,trt_cp,0.0
ATLAS_SIG_A_TOP150,6a92f7a109168d001496ada7,ATLAS_SIG_A_TOP150,BRD-A97701745,pindolol,trt_cp,0.0
ATLAS_SIG_A_TOP150,6a92f7a109168d001496ada7,ATLAS_SIG_A_TOP150,BRD-A48430263,pioglitazone,trt_cp,-0.01986131
ATLAS_SIG_A_TOP150,6a92f7a109168d001496ada7,ATLAS_SIG_A_TOP150,BRD-K32318651,acyclovir,trt_cp,1.4446794
ATLAS_SIG_A_TOP150,6a92f7a109168d001496ada7,ATLAS_SIG_A_TOP150,BRD-A09056319,alfuzosin,trt_cp,0.2114165
ATLAS_SIG_A_TOP150,6a92f7a109168d001496ada7,ATLAS_SIG_A_TOP150,BRD-K53737926,amitriptyline,trt_cp,-0.5637773
ATLAS_SIG_A_TOP150,6a92f7a109168d001496ada7,ATLAS_SIG_A_TOP150,BRD-K55044200,amoxicillin,trt_cp,0.0
ATLAS_SIG_A_TOP150,6a92f7a109168d001496ada7,ATLAS_SIG_A_TOP150,BRD-K97061094,azacyclonol,trt_cp,-0.95137423
ATLAS_SIG_A_TOP150,6a92f7a109168d001496ada7,ATLAS_SIG_A_TOP150,BRD-A91008255,bepridil,trt_cp,-7.007206
ATLAS_SIG_A_TOP150,6a92f7a109168d001496ada7,ATLAS_SIG_A_TOP150,BRD-A39230911,chlorphenesin-carbamate,trt_cp,0.0
ATLAS_SIG_A_TOP150,6a92f7a109168d001496ada7,ATLAS_SIG_A_TOP150,BRD-A26384407,chlorthalidone,trt_cp,-0.10570825
ATLAS_SIG_A_TOP150,6a92f7a109168d001496ada7,ATLAS_SIG_A_TOP150,BRD-K73109821,diazoxide,trt_cp,1.6208597
ATLAS_SIG_A_TOP150,6a92f7a109168d001496ada7,ATLAS_SIG_A_TOP150,BRD-K68507560,dicycloverine,trt_cp,-8.949965
ATLAS_SIG_A_TOP150,6a92f7a109168d001496ada7,ATLAS_SIG_A_TOP150,BRD-K01663662,diphenidol,trt_cp,2.871008
ATLAS_SIG_A_TOP150,6a92f7a109168d001496ada7,ATLAS_SIG_A_TOP150,BRD-A44008656,doxylamine,trt_cp,0.0
ATLAS_SIG_A_TOP150,6a92f7a109168d001496ada7,ATLAS_SIG_A_TOP150,BRD-K63550407,erythromycin,trt_cp,0.0
ATLAS_SIG_A_TOP150,6a92f7a109168d001496ada7,ATLAS_SIG_A_TOP150,BRD-K12513978,fenbufen,trt_cp,0.0
ATLAS_SIG_A_TOP150,6a92f7a109168d001496ada7,ATLAS_SIG_A_TOP150,BRD-K50388907,fenofibrate,trt_cp,-73.48956
ATLAS_SIG_A_TOP150,6a92f7a109168d001496ada7,ATLAS_SIG_A_TOP150,BRD-K47639036,flavoxate,trt_cp,-0.7047216
ATLAS_SIG_A_TOP150,6a92f7a109168d001496ada7,ATLAS_SIG_A_TOP150,BRD-A25234499,aminoglutethimide,trt_cp,0.0
ATLAS_SIG_A_TOP150,6a92f7a109168d001496ada7,ATLAS_SIG_A_TOP150,BRD-A75552914,isoxicam,trt_cp,1.4094433
ATLAS_SIG_A_TOP150,6a92f7a109168d001496ada7,ATLAS_SIG_A_TOP150,BRD-A97739905,ketoprofen,trt_cp,-2.3459797
ATLAS_SIG_A_TOP150,6a92f7a109168d001496ada7,ATLAS_SIG_A_TOP150,BRD-K92778217,mefenamic-acid,trt_cp,0.5637773
ATLAS_SIG_A_TOP150,6a92f7a109168d001496ada7,ATLAS_SIG_A_TOP150,BRD-K07237224,moclobemide,trt_cp,0.6705823
ATLAS_SIG_A_TOP150,6a92f7a109168d001496ada7,ATLAS_SIG_A_TOP150,BRD-A26711594,nicardipine,trt_cp,0.035236083
ATLAS_SIG_A_TOP150,6a92f7a109168d001496ada7,ATLAS_SIG_A_TOP150,BRD-K97752965,nicorandil,trt_cp,0.0
ATLAS_SIG_A_TOP150,6a92f7a109168d001496ada7,ATLAS_SIG_A_TOP150,BRD-K12539581,nocodazole,trt_cp,0.0
ATLAS_SIG_A_TOP150,6a92f7a109168d001496ada7,ATLAS_SIG_A_TOP150,BRD-A42759514,ornidazole,trt_cp,-0.070472166
ATLAS_SIG_A_TOP150,6a92f7a109168d001496ada7,ATLAS_SIG_A_TOP150,BRD-A23072235,pheniramine,trt_cp,-56.701927
ATLAS_SIG_A_TOP150,6a92f7a109168d001496ada7,ATLAS_SIG_A_TOP150,BRD-A21858158,praziquantel,trt_cp,0.0
ATLAS_SIG_A_TOP150,6a92f7a109168d001496ada7,ATLAS_SIG_A_TOP150,BRD-K30816563,ranitidine,trt_cp,12.604802
ATLAS_SIG_A_TOP150,6a92f7a109168d001496ada7,ATLAS_SIG_A_TOP150,BRD-K36616567,doxepin,trt_cp,0.10570825
ATLAS_SIG_A_TOP150,6a92f7a109168d001496ada7,ATLAS_SIG_A_TOP150,BRD-A31521121,methocarbamol,trt_cp,-1.7970402
ATLAS_SIG_A_TOP150,6a92f7a109168d001496ada7,ATLAS_SIG_A_TOP150,BRD-K91263825,nortriptyline,trt_cp,3.5458405
ATLAS_SIG_A_TOP150,6a92f7a109168d001496ada7,ATLAS_SIG_A_TOP150,BRD-K79425933,benperidol,trt_cp,-0.1761804
ATLAS_SIG_A_TOP150,6a92f7a109168d001496ada7,ATLAS_SIG_A_TOP150,BRD-K66876909,linezolid,trt_cp,0.0
ATLAS_SIG_A_TOP150,6a92f7a109168d001496ada7,ATLAS_SIG_A_TOP150,BRD-K35559145,levomepromazine,trt_cp,0.0
ATLAS_SIG_A_TOP150,6a92f7a109168d001496ada7,ATLAS_SIG_A_TOP150,BRD-K28912512,nicotinamide,trt_cp,0.0
ATLAS_SIG_A_TOP150,6a92f7a109168d001496ada7,ATLAS_SIG_A_TOP150,BRD-K13571841,pepstatin,trt_cp,0.0
ATLAS_SIG_A_TOP150,6a92f7a109168d001496ada7,ATLAS_SIG_A_TOP150,BRD-K85090592,pilocarpine,trt_cp,0.422833
ATLAS_SIG_A_TOP150,6a92f7a109168d001496ada7,ATLAS_SIG_A_TOP150,BRD-A08187463,racecadotril,trt_cp,0.0
ATLAS_SIG_A_TOP150,6a92f7a109168d001496ada7,ATLAS_SIG_A_TOP150,BRD-K50938287,sumatriptan,trt_cp,0.25645813
ATLAS_SIG_A_TOP150,6a92f7a109168d001496ada7,ATLAS_SIG_A_TOP150,BRD-K32164935,tolazamide,trt_cp,-6.3666553
ATLAS_SIG_A_TOP150,6a92f7a109168d001496ada7,ATLAS_SIG_A_TOP150,BRD-A60197193,amisulpride,trt_cp,-7.1529245
ATLAS_SIG_A_TOP150,6a92f7a109168d001496ada7,ATLAS_SIG_A_TOP150,BRD-A68723818,brompheniramine,trt_cp,3.323206
ATLAS_SIG_A_TOP150,6a92f7a109168d001496ada7,ATLAS_SIG_A_TOP150,BRD-K79145749,dibenzepin,trt_cp,0.0
ATLAS_SIG_A_TOP150,6a92f7a109168d001496ada7,ATLAS_SIG_A_TOP150,BRD-K93280214,gabazine,trt_cp,0.0
ATLAS_SIG_A_TOP150,6a92f7a109168d001496ada7,ATLAS_SIG_A_TOP150,BRD-K76304753,phenazopyridine,trt_cp,1.5503876
ATLAS_SIG_A_TOP150,6a92f7a109168d001496ada7,ATLAS_SIG_A_TOP150,BRD-K15933101,ropinirole,trt_cp,0.0
ATLAS_SIG_A_TOP150,6a92f7a109168d001496ada7,ATLAS_SIG_A_TOP150,BRD-K86204871,terconazole,trt_cp,-0.66948557
ATLAS_SIG_A_TOP150,6a92f7a109168d001496ada7,ATLAS_SIG_A_TOP150,BRD-A46393198,tetramisole,trt_cp,0.3523608
ATLAS_SIG_A_TOP150,6a92f7a109168d001496ada7,ATLAS_SIG_A_TOP150,BRD-K72093121,vidarabine,trt_cp,-53.22731
ATLAS_SIG_A_TOP150,6a92f7a109168d001496ada7,ATLAS_SIG_A_TOP150,BRD-A31159102,fluoxetine,trt_cp,0.1761804
ATLAS_SIG_A_TOP150,6a92f7a109168d001496ada7,ATLAS_SIG_A_TOP150,BRD-K77925998,quipazine,trt_cp,-0.09235572
ATLAS_SIG_A_TOP150,6a92f7a109168d001496ada7,ATLAS_SIG_A_TOP150,BRD-K19111024,clofibric-acid,trt_cp,0.0
ATLAS_SIG_A_TOP150,6a92f7a109168d001496ada7,ATLAS_SIG_A_TOP150,BRD-K38055836,etamivan,trt_cp,0.0
ATLAS_SIG_A_TOP150,6a92f7a109168d001496ada7,ATLAS_SIG_A_TOP150,BRD-K63979671,etifenin,trt_cp,-0.10570825
ATLAS_SIG_A_TOP150,6a92f7a109168d001496ada7,ATLAS_SIG_A_TOP150,BRD-K35531059,molsidomine,trt_cp,-0.10570825
ATLAS_SIG_A_TOP150,6a92f7a109168d001496ada7,ATLAS_SIG_A_TOP150,BRD-K14993104,bemegride,trt_cp,1.6375189
ATLAS_SIG_A_TOP150,6a92f7a109168d001496ada7,ATLAS_SIG_A_TOP150,BRD-K21450440,benzthiazide,trt_cp,-0.14016254
ATLAS_SIG_A_TOP150,6a92f7a109168d001496ada7,ATLAS_SIG_A_TOP150,BRD-A29485665,bicalutamide,trt_cp,0.0
ATLAS_SIG_A_TOP150,6a92f7a109168d001496ada7,ATLAS_SIG_A_TOP150,BRD-A77291778,cyclopentolate,trt_cp,-0.5637773
ATLAS_SIG_A_TOP150,6a92f7a109168d001496ada7,ATLAS_SIG_A_TOP150,BRD-K22193694,dioxybenzone,trt_cp,0.0
ATLAS_SIG_A_TOP150,6a92f7a109168d001496ada7,ATLAS_SIG_A_TOP150,BRD-A16311756,profenamine,trt_cp,-0.14094433
ATLAS_SIG_A_TOP150,6a92f7a109168d001496ada7,ATLAS_SIG_A_TOP150,BRD-A73368467,fexofenadine,trt_cp,-0.28188866
ATLAS_SIG_A_TOP150,6a92f7a109168d001496ada7,ATLAS_SIG_A_TOP150,BRD-A74980173,gatifloxacin,trt_cp,0.0
ATLAS_SIG_A_TOP150,6a92f7a109168d001496ada7,ATLAS_SIG_A_TOP150,BRD-K80396088,gliquidone,trt_cp,0.0
ATLAS_SIG_A_TOP150,6a92f7a109168d001496ada7,ATLAS_SIG_A_TOP150,BRD-K46424862,hymecromone,trt_cp,0.0
ATLAS_SIG_A_TOP150,6a92f7a109168d001496ada7,ATLAS_SIG_A_TOP150,BRD-A44090213,indoprofen,trt_cp,0.0
ATLAS_SIG_A_TOP150,6a92f7a109168d001496ada7,ATLAS_SIG_A_TOP150,BRD-A37492983,iocetamic-acid,trt_cp,-41.05834
ATLAS_SIG_A_TOP150,6a92f7a109168d001496ada7,ATLAS_SIG_A_TOP150,BRD-K67261995,adipiodone,trt_cp,-0.24665257
ATLAS_SIG_A_TOP150,6a92f7a109168d001496ada7,ATLAS_SIG_A_TOP150,BRD-A42628519,iopanoic-acid,trt_cp,-11.715203
ATLAS_SIG_A_TOP150,6a92f7a109168d001496ada7,ATLAS_SIG_A_TOP150,BRD-K33453211,levocabastine,trt_cp,0.3523608
ATLAS_SIG_A_TOP150,6a92f7a109168d001496ada7,ATLAS_SIG_A_TOP150,BRD-K89152108,liothyronine,trt_cp,0.0
ATLAS_SIG_A_TOP150,6a92f7a109168d001496ada7,ATLAS_SIG_A_TOP150,BRD-A83937277,mephenytoin,trt_cp,-42.435665
ATLAS_SIG_A_TOP150,6a92f7a109168d001496ada7,ATLAS_SIG_A_TOP150,BRD-K65417056,meprylcaine,trt_cp,0.0
ATLAS_SIG_A_TOP150,6a92f7a109168d001496ada7,ATLAS_SIG_A_TOP150,BRD-K67080878,milrinone,trt_cp,-3.487742
ATLAS_SIG_A_TOP150,6a92f7a109168d001496ada7,ATLAS_SIG_A_TOP150,BRD-K66615216,moxifloxacin,trt_cp,-0.95137423
ATLAS_SIG_A_TOP150,6a92f7a109168d001496ada7,ATLAS_SIG_A_TOP150,BRD-A58048407,nimodipine,trt_cp,-0.5285412
ATLAS_SIG_A_TOP150,6a92f7a109168d001496ada7,ATLAS_SIG_A_TOP150,BRD-A02006392,nitrendipine,trt_cp,-0.1761804
ATLAS_SIG_A_TOP150,6a92f7a109168d001496ada7,ATLAS_SIG_A_TOP150,BRD-A36267905,buphenine,trt_cp,3.453136
ATLAS_SIG_A_TOP150,6a92f7a109168d001496ada7,ATLAS_SIG_A_TOP150,BRD-A33447119,oxfendazole,trt_cp,0.63424945
ATLAS_SIG_A_TOP150,6a92f7a109168d001496ada7,ATLAS_SIG_A_TOP150,BRD-K37991163,paroxetine,trt_cp,3.488372
ATLAS_SIG_A_TOP150,6a92f7a109168d001496ada7,ATLAS_SIG_A_TOP150,BRD-A18043272,phensuximide,trt_cp,0.0
ATLAS_SIG_A_TOP150,6a92f7a109168d001496ada7,ATLAS_SIG_A_TOP150,BRD-K06388322,pramipexole,trt_cp,0.0
ATLAS_SIG_A_TOP150,6a92f7a109168d001496ada7,ATLAS_SIG_A_TOP150,BRD-K49111258,prazosin,trt_cp,-0.0075403387
ATLAS_SIG_A_TOP150,6a92f7a109168d001496ada7,ATLAS_SIG_A_TOP150,BRD-K13032584,procarbazine,trt_cp,-0.009606802
ATLAS_SIG_A_TOP150,6a92f7a109168d001496ada7,ATLAS_SIG_A_TOP150,BRD-K28183345,proguanil,trt_cp,-0.24665257
ATLAS_SIG_A_TOP150,6a92f7a109168d001496ada7,ATLAS_SIG_A_TOP150,BRD-A39390670,rabeprazole,trt_cp,0.7751938
ATLAS_SIG_A_TOP150,6a92f7a109168d001496ada7,ATLAS_SIG_A_TOP150,BRD-A07765530,epinephrine-(racemic),trt_cp,0.0
ATLAS_SIG_A_TOP150,6a92f7a109168d001496ada7,ATLAS_SIG_A_TOP150,BRD-K53857191,risperidone,trt_cp,0.14094433
ATLAS_SIG_A_TOP150,6a92f7a109168d001496ada7,ATLAS_SIG_A_TOP150,BRD-K89923877,scopolamine,trt_cp,-0.10570825
ATLAS_SIG_A_TOP150,6a92f7a109168d001496ada7,ATLAS_SIG_A_TOP150,BRD-A95939040,sertaconazole,trt_cp,0.0
ATLAS_SIG_A_TOP150,6a92f7a109168d001496ada7,ATLAS_SIG_A_TOP150,BRD-A92670106,tocainide,trt_cp,1.6208597
ATLAS_SIG_A_TOP150,6a92f7a109168d001496ada7,ATLAS_SIG_A_TOP150,BRD-K73196317,urapidil,trt_cp,0.24665257
ATLAS_SIG_A_TOP150,6a92f7a109168d001496ada7,ATLAS_SIG_A_TOP150,BRD-K50417881,eticlopride,trt_cp,0.7751938
ATLAS_SIG_A_TOP150,6a92f7a109168d001496ada7,ATLAS_SIG_A_TOP150,BRD-K52313696,tacedinaline,trt_cp,0.0
ATLAS_SIG_A_TOP150,6a92f7a109168d001496ada7,ATLAS_SIG_A_TOP150,BRD-K88742110,PCI-34051,trt_cp,0.0
ATLAS_SIG_A_TOP150,6a92f7a109168d001496ada7,ATLAS_SIG_A_TOP150,BRD-K77908580,entinostat,trt_cp,0.0
ATLAS_SIG_A_TOP150,6a92f7a109168d001496ada7,ATLAS_SIG_A_TOP150,BRD-K85133207,HDAC1-selective,trt_cp,0.0
ATLAS_SIG_A_TOP150,6a92f7a109168d001496ada7,ATLAS_SIG_A_TOP150,BRD-K29313308,HDAC3-selective,trt_cp,0.0
ATLAS_SIG_A_TOP150,6a92f7a109168d001496ada7,ATLAS_SIG_A_TOP150,BRD-K00627859,tubastatin-a,trt_cp,-0.070472166
ATLAS_SIG_A_TOP150,6a92f7a109168d001496ada7,ATLAS_SIG_A_TOP150,BRD-K09991945,GSK-3-inhibitor-II,trt_cp,-13.116282
ATLAS_SIG_A_TOP150,6a92f7a109168d001496ada7,ATLAS_SIG_A_TOP150,BRD-K07691486,roscovitine,trt_cp,-1.1980268
ATLAS_SIG_A_TOP150,6a92f7a109168d001496ada7,ATLAS_SIG_A_TOP150,BRD-K57080016,selumetinib,trt_cp,-0.9866103
ATLAS_SIG_A_TOP150,6a92f7a109168d001496ada7,ATLAS_SIG_A_TOP150,BRD-K87909389,alvocidib,trt_cp,0.0
ATLAS_SIG_A_TOP150,6a92f7a109168d001496ada7,ATLAS_SIG_A_TOP150,BRD-K56343971,vemurafenib,trt_cp,-0.45806906
ATLAS_SIG_A_TOP150,6a92f7a109168d001496ada7,ATLAS_SIG_A_TOP150,BRD-K59369769,tozasertib,trt_cp,0.0
ATLAS_SIG_A_TOP150,6a92f7a109168d001496ada7,ATLAS_SIG_A_TOP150,BRD-K93918653,quizartinib,trt_cp,2.0789287
ATLAS_SIG_A_TOP150,6a92f7a109168d001496ada7,ATLAS_SIG_A_TOP150,BRD-K68191783,ALW-II-38-3,trt_cp,0.0
ATLAS_SIG_A_TOP150,6a92f7a109168d001496ada7,ATLAS_SIG_A_TOP150,BRD-K41895714,AS-605240,trt_cp,0.0
ATLAS_SIG_A_TOP150,6a92f7a109168d001496ada7,ATLAS_SIG_A_TOP150,BRD-K19540840,saracatinib,trt_cp,1.1980268
ATLAS_SIG_A_TOP150,6a92f7a109168d001496ada7,ATLAS_SIG_A_TOP150,BRD-K46056750,AZD-7762,trt_cp,0.0
ATLAS_SIG_A_TOP150,6a92f7a109168d001496ada7,ATLAS_SIG_A_TOP150,BRD-K69932463,AZD-8055,trt_cp,35.866825
ATLAS_SIG_A_TOP150,6a92f7a109168d001496ada7,ATLAS_SIG_A_TOP150,BRD-K64890080,BI-2536,trt_cp,1.0218464
ATLAS_SIG_A_TOP150,6a92f7a109168d001496ada7,ATLAS_SIG_A_TOP150,BRD-K49669041,BX-912,trt_cp,38.612137
ATLAS_SIG_A_TOP150,6a92f7a109168d001496ada7,ATLAS_SIG_A_TOP150,BRD-K15592317,CP-466722,trt_cp,0.0
ATLAS_SIG_A_TOP150,6a92f7a109168d001496ada7,ATLAS_SIG_A_TOP150,BRD-K52911425,GDC-0941,trt_cp,54.355186
ATLAS_SIG_A_TOP150,6a92f7a109168d001496ada7,ATLAS_SIG_A_TOP150,BRD-K36740062,GSK-1070916,trt_cp,0.0
ATLAS_SIG_A_TOP150,6a92f7a109168d001496ada7,ATLAS_SIG_A_TOP150,BRD-A10523515,GSK-429286A,trt_cp,-34.72551
ATLAS_SIG_A_TOP150,6a92f7a109168d001496ada7,ATLAS_SIG_A_TOP150,BRD-K92428232,GSK-461364,trt_cp,0.0
ATLAS_SIG_A_TOP150,6a92f7a109168d001496ada7,ATLAS_SIG_A_TOP150,BRD-K68407802,KIN001-055,trt_cp,10.1391
ATLAS_SIG_A_TOP150,6a92f7a109168d001496ada7,ATLAS_SIG_A_TOP150,BRD-K04887706,AKT-inhibitor-1-2,trt_cp,0.0
ATLAS_SIG_A_TOP150,6a92f7a109168d001496ada7,ATLAS_SIG_A_TOP150,BRD-A29901043,KIN001-127,trt_cp,-1.3749247
ATLAS_SIG_A_TOP150,6a92f7a109168d001496ada7,ATLAS_SIG_A_TOP150,BRD-K53561341,aurora-a-inhibitor-i,trt_cp,0.0
ATLAS_SIG_A_TOP150,6a92f7a109168d001496ada7,ATLAS_SIG_A_TOP150,BRD-K25311561,KU-55933,trt_cp,41.19262
ATLAS_SIG_A_TOP150,6a92f7a109168d001496ada7,ATLAS_SIG_A_TOP150,BRD-K79404599,enzastaurin,trt_cp,0.027748503
ATLAS_SIG_A_TOP150,6a92f7a109168d001496ada7,ATLAS_SIG_A_TOP150,BRD-K83963101,MLN-8054,trt_cp,0.0
ATLAS_SIG_A_TOP150,6a92f7a109168d001496ada7,ATLAS_SIG_A_TOP150,BRD-K94294671,OSI-027,trt_cp,21.70594
ATLAS_SIG_A_TOP150,6a92f7a109168d001496ada7,ATLAS_SIG_A_TOP150,BRD-K51313569,palbociclib,trt_cp,0.0
ATLAS_SIG_A_TOP150,6a92f7a109168d001496ada7,ATLAS_SIG_A_TOP150,BRD-A79768653,sirolimus,trt_cp,0.070472166
ATLAS_SIG_A_TOP150,6a92f7a109168d001496ada7,ATLAS_SIG_A_TOP150,BRD-A45498368,WYE-125132,trt_cp,12.162828
ATLAS_SIG_A_TOP150,6a92f7a109168d001496ada7,ATLAS_SIG_A_TOP150,BRD-K64052750,gefitinib,trt_cp,-0.24665257
ATLAS_SIG_A_TOP150,6a92f7a109168d001496ada7,ATLAS_SIG_A_TOP150,BRD-A85280935,quinpirole,trt_cp,4.49371
ATLAS_SIG_A_TOP150,6a92f7a109168d001496ada7,ATLAS_SIG_A_TOP150,BRD-A07824748,flavanone,trt_cp,30.143421
ATLAS_SIG_A_TOP150,6a92f7a109168d001496ada7,ATLAS_SIG_A_TOP150,BRD-K20482099,rutin,trt_cp,0.33991802
ATLAS_SIG_A_TOP150,6a92f7a109168d001496ada7,ATLAS_SIG_A_TOP150,BRD-K62929068,6-benzylaminopurine,trt_cp,-0.845666
ATLAS_SIG_A_TOP150,6a92f7a109168d001496ada7,ATLAS_SIG_A_TOP150,BRD-K43405658,tyrphostin-AG-527,trt_cp,0.0
ATLAS_SIG_A_TOP150,6a92f7a109168d001496ada7,ATLAS_SIG_A_TOP150,BRD-K03670461,tyrphostin-AG-82,trt_cp,0.0
ATLAS_SIG_A_TOP150,6a92f7a109168d001496ada7,ATLAS_SIG_A_TOP150,BRD-K36737713,AG-957,trt_cp,17.201424
ATLAS_SIG_A_TOP150,6a92f7a109168d001496ada7,ATLAS_SIG_A_TOP150,BRD-K51223576,AG-99,trt_cp,0.0
ATLAS_SIG_A_TOP150,6a92f7a109168d001496ada7,ATLAS_SIG_A_TOP150,BRD-A14966924,alaproclate,trt_cp,0.0
ATLAS_SIG_A_TOP150,6a92f7a109168d001496ada7,ATLAS_SIG_A_TOP150,BRD-A90131694,alclometasone,trt_cp,0.0
ATLAS_SIG_A_TOP150,6a92f7a109168d001496ada7,ATLAS_SIG_A_TOP150,BRD-K30020243,aliskiren,trt_cp,-5.6304493
ATLAS_SIG_A_TOP150,6a92f7a109168d001496ada7,ATLAS_SIG_A_TOP150,BRD-A00993607,alprenolol,trt_cp,-6.438649
ATLAS_SIG_A_TOP150,6a92f7a109168d001496ada7,ATLAS_SIG_A_TOP150,BRD-K35498378,alrestatin,trt_cp,0.0
ATLAS_SIG_A_TOP150,6a92f7a109168d001496ada7,ATLAS_SIG_A_TOP150,BRD-A56675431,altizide,trt_cp,-3.7721343
ATLAS_SIG_A_TOP150,6a92f7a109168d001496ada7,ATLAS_SIG_A_TOP150,BRD-A27554692,altrenogest,trt_cp,-7.06463
ATLAS_SIG_A_TOP150,6a92f7a109168d001496ada7,ATLAS_SIG_A_TOP150,BRD-K53979406,ALX-5407,trt_cp,3.5013025
ATLAS_SIG_A_TOP150,6a92f7a109168d001496ada7,ATLAS_SIG_A_TOP150,BRD-K59419204,AM-281,trt_cp,0.0
ATLAS_SIG_A_TOP150,6a92f7a109168d001496ada7,ATLAS_SIG_A_TOP150,BRD-A10969569,ambelline,trt_cp,0.0
ATLAS_SIG_A_TOP150,6a92f7a109168d001496ada7,ATLAS_SIG_A_TOP150,BRD-A36010170,amcinonide,trt_cp,-4.827343
ATLAS_SIG_A_TOP150,6a92f7a109168d001496ada7,ATLAS_SIG_A_TOP150,BRD-K43068349,AMG-9810,trt_cp,-0.070472166
ATLAS_SIG_A_TOP150,6a92f7a109168d001496ada7,ATLAS_SIG_A_TOP150,BRD-K94512704,spiramide,trt_cp,10.002397
ATLAS_SIG_A_TOP150,6a92f7a109168d001496ada7,ATLAS_SIG_A_TOP150,BRD-A69917777,aminopentamide,trt_cp,-13.492756
ATLAS_SIG_A_TOP150,6a92f7a109168d001496ada7,ATLAS_SIG_A_TOP150,BRD-K17561142,amiodarone,trt_cp,2.2198732
ATLAS_SIG_A_TOP150,6a92f7a109168d001496ada7,ATLAS_SIG_A_TOP150,BRD-A22032524,amlodipine,trt_cp,0.28188866
ATLAS_SIG_A_TOP150,6a92f7a109168d001496ada7,ATLAS_SIG_A_TOP150,BRD-K98490050,amsacrine,trt_cp,-19.3234
ATLAS_SIG_A_TOP150,6a92f7a109168d001496ada7,ATLAS_SIG_A_TOP150,BRD-K62200014,anagrelide,trt_cp,0.7399577
ATLAS_SIG_A_TOP150,6a92f7a109168d001496ada7,ATLAS_SIG_A_TOP150,BRD-K46937689,phenazone,trt_cp,-0.28188866
ATLAS_SIG_A_TOP150,6a92f7a109168d001496ada7,ATLAS_SIG_A_TOP150,BRD-K12057390,apigenin,trt_cp,0.0
ATLAS_SIG_A_TOP150,6a92f7a109168d001496ada7,ATLAS_SIG_A_TOP150,BRD-K93188295,ARC-239,trt_cp,-3.6230693
ATLAS_SIG_A_TOP150,6a92f7a109168d001496ada7,ATLAS_SIG_A_TOP150,BRD-A72758037,asiatic-acid,trt_cp,-0.24665257
ATLAS_SIG_A_TOP150,6a92f7a109168d001496ada7,ATLAS_SIG_A_TOP150,BRD-A65145453,ATPA,trt_cp,27.919746
ATLAS_SIG_A_TOP150,6a92f7a109168d001496ada7,ATLAS_SIG_A_TOP150,BRD-K45861246,azaperone,trt_cp,1.5503876
ATLAS_SIG_A_TOP150,6a92f7a109168d001496ada7,ATLAS_SIG_A_TOP150,BRD-K93080877,Ala-Ala-Phe-CMK,trt_cp,15.89094
ATLAS_SIG_A_TOP150,6a92f7a109168d001496ada7,ATLAS_SIG_A_TOP150,BRD-K41445866,alfaxalone,trt_cp,-11.669247
ATLAS_SIG_A_TOP150,6a92f7a109168d001496ada7,ATLAS_SIG_A_TOP150,BRD-K56558538,ambroxol,trt_cp,0.0
ATLAS_SIG_A_TOP150,6a92f7a109168d001496ada7,ATLAS_SIG_A_TOP150,BRD-K50214219,CS-1657,trt_cp,-18.957315
ATLAS_SIG_A_TOP150,6a92f7a109168d001496ada7,ATLAS_SIG_A_TOP150,BRD-K91290917,amodiaquine,trt_cp,0.070472166
ATLAS_SIG_A_TOP150,6a92f7a109168d001496ada7,ATLAS_SIG_A_TOP150,BRD-K52397688,amperozide,trt_cp,0.31712472
ATLAS_SIG_A_TOP150,6a92f7a109168d001496ada7,ATLAS_SIG_A_TOP150,BRD-A09062839,amyleine,trt_cp,4.699171
ATLAS_SIG_A_TOP150,6a92f7a109168d001496ada7,ATLAS_SIG_A_TOP150,BRD-K55424922,anpirtoline,trt_cp,-2.717679
ATLAS_SIG_A_TOP150,6a92f7a109168d001496ada7,ATLAS_SIG_A_TOP150,BRD-K72726508,arcyriaflavin-a,trt_cp,-7.379813
ATLAS_SIG_A_TOP150,6a92f7a109168d001496ada7,ATLAS_SIG_A_TOP150,BRD-A70514680,articaine,trt_cp,9.335952
ATLAS_SIG_A_TOP150,6a92f7a109168d001496ada7,ATLAS_SIG_A_TOP150,BRD-A66199457,asiaticoside,trt_cp,-0.88090205
ATLAS_SIG_A_TOP150,6a92f7a109168d001496ada7,ATLAS_SIG_A_TOP150,BRD-A84493640,atovaquone,trt_cp,56.658783
ATLAS_SIG_A_TOP150,6a92f7a109168d001496ada7,ATLAS_SIG_A_TOP150,BRD-K04877770,FTase-inhibitor-B581,trt_cp,-0.422833
ATLAS_SIG_A_TOP150,6a92f7a109168d001496ada7,ATLAS_SIG_A_TOP150,BRD-A16694057,BADGE,trt_cp,0.021866672
ATLAS_SIG_A_TOP150,6a92f7a109168d001496ada7,ATLAS_SIG_A_TOP150,BRD-A80017228,bendroflumethiazide,trt_cp,-0.02847998
ATLAS_SIG_A_TOP150,6a92f7a109168d001496ada7,ATLAS_SIG_A_TOP150,BRD-K70327191,benzoxiquine,trt_cp,6.1756544
ATLAS_SIG_A_TOP150,6a92f7a109168d001496ada7,ATLAS_SIG_A_TOP150,BRD-A02180903,betamethasone,trt_cp,-1.2332629
ATLAS_SIG_A_TOP150,6a92f7a109168d001496ada7,ATLAS_SIG_A_TOP150,BRD-A92177080,betamethasone-acetate,trt_cp,0.0
ATLAS_SIG_A_TOP150,6a92f7a109168d001496ada7,ATLAS_SIG_A_TOP150,BRD-A71799696,BH3I-1,trt_cp,9.790655
ATLAS_SIG_A_TOP150,6a92f7a109168d001496ada7,ATLAS_SIG_A_TOP150,BRD-K49294207,BIBU-1361,trt_cp,0.0
ATLAS_SIG_A_TOP150,6a92f7a109168d001496ada7,ATLAS_SIG_A_TOP150,BRD-K70914287,BIBX-1382,trt_cp,0.49330515
ATLAS_SIG_A_TOP150,6a92f7a109168d001496ada7,ATLAS_SIG_A_TOP150,BRD-A00546892,biperiden,trt_cp,0.027327051
ATLAS_SIG_A_TOP150,6a92f7a109168d001496ada7,ATLAS_SIG_A_TOP150,BRD-K39987650,bisacodyl,trt_cp,0.035236083
ATLAS_SIG_A_TOP150,6a92f7a109168d001496ada7,ATLAS_SIG_A_TOP150,BRD-A89175223,bisoprolol,trt_cp,0.070472166
ATLAS_SIG_A_TOP150,6a92f7a109168d001496ada7,ATLAS_SIG_A_TOP150,BRD-K39120595,bithionol,trt_cp,16.275806
ATLAS_SIG_A_TOP150,6a92f7a109168d001496ada7,ATLAS_SIG_A_TOP150,BRD-K56509348,BMS-182874,trt_cp,-4.455877
ATLAS_SIG_A_TOP150,6a92f7a109168d001496ada7,ATLAS_SIG_A_TOP150,BRD-K84895041,BMY-45778,trt_cp,-27.080841
ATLAS_SIG_A_TOP150,6a92f7a109168d001496ada7,ATLAS_SIG_A_TOP150,BRD-A55484088,BNTX,trt_cp,76.24519
ATLAS_SIG_A_TOP150,6a92f7a109168d001496ada7,ATLAS_SIG_A_TOP150,BRD-A83326220,brazilin,trt_cp,14.6446295
ATLAS_SIG_A_TOP150,6a92f7a109168d001496ada7,ATLAS_SIG_A_TOP150,BRD-A37347161,BRL-52537,trt_cp,7.442082
ATLAS_SIG_A_TOP150,6a92f7a109168d001496ada7,ATLAS_SIG_A_TOP150,BRD-K47631482,bromhexine,trt_cp,0.0
ATLAS_SIG_A_TOP150,6a92f7a109168d001496ada7,ATLAS_SIG_A_TOP150,BRD-A80151636,bromocriptine,trt_cp,-0.45806906
ATLAS_SIG_A_TOP150,6a92f7a109168d001496ada7,ATLAS_SIG_A_TOP150,BRD-A41995253,brucine,trt_cp,-0.3523608
ATLAS_SIG_A_TOP150,6a92f7a109168d001496ada7,ATLAS_SIG_A_TOP150,BRD-K55344148,BU-224,trt_cp,-62.95745
ATLAS_SIG_A_TOP150,6a92f7a109168d001496ada7,ATLAS_SIG_A_TOP150,BRD-K56115039,BU-226,trt_cp,0.88090205
ATLAS_SIG_A_TOP150,6a92f7a109168d001496ada7,ATLAS_SIG_A_TOP150,BRD-A60571864,budesonide,trt_cp,-0.10570825
ATLAS_SIG_A_TOP150,6a92f7a109168d001496ada7,ATLAS_SIG_A_TOP150,BRD-A05186015,bupropion,trt_cp,-0.17464876
ATLAS_SIG_A_TOP150,6a92f7a109168d001496ada7,ATLAS_SIG_A_TOP150,BRD-K08287586,butyl-paraben,trt_cp,-0.845666
ATLAS_SIG_A_TOP150,6a92f7a109168d001496ada7,ATLAS_SIG_A_TOP150,BRD-A22713669,BVT-948,trt_cp,0.0
ATLAS_SIG_A_TOP150,6a92f7a109168d001496ada7,ATLAS_SIG_A_TOP150,BRD-A55946879,BW-B70C,trt_cp,0.40094906
ATLAS_SIG_A_TOP150,6a92f7a109168d001496ada7,ATLAS_SIG_A_TOP150,BRD-K43468059,byssochlamic-acid,trt_cp,-1.8322762
ATLAS_SIG_A_TOP150,6a92f7a109168d001496ada7,ATLAS_SIG_A_TOP150,BRD-A15131297,benazepril,trt_cp,-0.422833
ATLAS_SIG_A_TOP150,6a92f7a109168d001496ada7,ATLAS_SIG_A_TOP150,BRD-K97688263,benzamil,trt_cp,0.0
ATLAS_SIG_A_TOP150,6a92f7a109168d001496ada7,ATLAS_SIG_A_TOP150,BRD-K14221570,benzopurpurin-4b,trt_cp,0.10570825
ATLAS_SIG_A_TOP150,6a92f7a109168d001496ada7,ATLAS_SIG_A_TOP150,BRD-A15034104,bergenin,trt_cp,0.0
ATLAS_SIG_A_TOP150,6a92f7a109168d001496ada7,ATLAS_SIG_A_TOP150,BRD-K49448285,bisindolylmaleimide,trt_cp,0.0
ATLAS_SIG_A_TOP150,6a92f7a109168d001496ada7,ATLAS_SIG_A_TOP150,BRD-A60274948,bromocriptine,trt_cp,-6.3084555
ATLAS_SIG_A_TOP150,6a92f7a109168d001496ada7,ATLAS_SIG_A_TOP150,BRD-A15070535,bucladesine,trt_cp,-8.866414
ATLAS_SIG_A_TOP150,6a92f7a109168d001496ada7,ATLAS_SIG_A_TOP150,BRD-A82238138,budesonide,trt_cp,-2.0436928
ATLAS_SIG_A_TOP150,6a92f7a109168d001496ada7,ATLAS_SIG_A_TOP150,BRD-K41707108,ceramide,trt_cp,0.0
ATLAS_SIG_A_TOP150,6a92f7a109168d001496ada7,ATLAS_SIG_A_TOP150,BRD-A56020723,CA-074-Me,trt_cp,5.797606
ATLAS_SIG_A_TOP150,6a92f7a109168d001496ada7,ATLAS_SIG_A_TOP150,BRD-K02404261,caffeine,trt_cp,1.691332
ATLAS_SIG_A_TOP150,6a92f7a109168d001496ada7,ATLAS_SIG_A_TOP150,BRD-A65671304,candesartan-cilextil,trt_cp,1.1627907
ATLAS_SIG_A_TOP150,6a92f7a109168d001496ada7,ATLAS_SIG_A_TOP150,BRD-A29322418,canrenoic-acid,trt_cp,0.14094433
ATLAS_SIG_A_TOP150,6a92f7a109168d001496ada7,ATLAS_SIG_A_TOP150,BRD-A29426959,carbinoxamine,trt_cp,-0.5637773
ATLAS_SIG_A_TOP150,6a92f7a109168d001496ada7,ATLAS_SIG_A_TOP150,BRD-A10977446,carvedilol,trt_cp,0.0
ATLAS_SIG_A_TOP150,6a92f7a109168d001496ada7,ATLAS_SIG_A_TOP150,BRD-A55369275,CGP-54626,trt_cp,2.60747
ATLAS_SIG_A_TOP150,6a92f7a109168d001496ada7,ATLAS_SIG_A_TOP150,BRD-K42500029,CGP-57380,trt_cp,0.0
ATLAS_SIG_A_TOP150,6a92f7a109168d001496ada7,ATLAS_SIG_A_TOP150,BRD-K49049886,CGS-15943,trt_cp,0.1761804
ATLAS_SIG_A_TOP150,6a92f7a109168d001496ada7,ATLAS_SIG_A_TOP150,BRD-A01593789,chlormadinone-acetate,trt_cp,3.5940804
ATLAS_SIG_A_TOP150,6a92f7a109168d001496ada7,ATLAS_SIG_A_TOP150,BRD-A91699651,chloroquine,trt_cp,-1.1980268
ATLAS_SIG_A_TOP150,6a92f7a109168d001496ada7,ATLAS_SIG_A_TOP150,BRD-K17075857,chloroxine,trt_cp,-0.28188866
ATLAS_SIG_A_TOP150,6a92f7a109168d001496ada7,ATLAS_SIG_A_TOP150,BRD-K89595132,chlorphenamine,trt_cp,-2.4312897
ATLAS_SIG_A_TOP150,6a92f7a109168d001496ada7,ATLAS_SIG_A_TOP150,BRD-K59058766,chlorprothixene,trt_cp,18.58715
ATLAS_SIG_A_TOP150,6a92f7a109168d001496ada7,ATLAS_SIG_A_TOP150,BRD-K67017579,cilostazol,trt_cp,-0.2114165
ATLAS_SIG_A_TOP150,6a92f7a109168d001496ada7,ATLAS_SIG_A_TOP150,BRD-K34157611,cimetidine,trt_cp,-17.354698
ATLAS_SIG_A_TOP150,6a92f7a109168d001496ada7,ATLAS_SIG_A_TOP150,BRD-K40901640,cinanserin,trt_cp,-0.24665257
ATLAS_SIG_A_TOP150,6a92f7a109168d001496ada7,ATLAS_SIG_A_TOP150,BRD-K14693417,cinchonine,trt_cp,0.0
ATLAS_SIG_A_TOP150,6a92f7a109168d001496ada7,ATLAS_SIG_A_TOP150,BRD-K53263234,CITCO,trt_cp,2.2903454
ATLAS_SIG_A_TOP150,6a92f7a109168d001496ada7,ATLAS_SIG_A_TOP150,BRD-K30240666,clemastine,trt_cp,-0.1761804
ATLAS_SIG_A_TOP150,6a92f7a109168d001496ada7,ATLAS_SIG_A_TOP150,BRD-A26095496,clobetasol,trt_cp,-0.24665257
ATLAS_SIG_A_TOP150,6a92f7a109168d001496ada7,ATLAS_SIG_A_TOP150,BRD-K45252063,clofibrate,trt_cp,0.0
ATLAS_SIG_A_TOP150,6a92f7a109168d001496ada7,ATLAS_SIG_A_TOP150,BRD-K54095730,CMPD-1,trt_cp,12.12863
ATLAS_SIG_A_TOP150,6a92f7a109168d001496ada7,ATLAS_SIG_A_TOP150,BRD-K53545112,CNQX,trt_cp,-3.2594924
ATLAS_SIG_A_TOP150,6a92f7a109168d001496ada7,ATLAS_SIG_A_TOP150,BRD-A55416093,colforsin,trt_cp,0.0
ATLAS_SIG_A_TOP150,6a92f7a109168d001496ada7,ATLAS_SIG_A_TOP150,BRD-A54487287,cortisone-acetate,trt_cp,-1.0570824
ATLAS_SIG_A_TOP150,6a92f7a109168d001496ada7,ATLAS_SIG_A_TOP150,BRD-K23913458,coumarin,trt_cp,0.0
ATLAS_SIG_A_TOP150,6a92f7a109168d001496ada7,ATLAS_SIG_A_TOP150,BRD-A64933752,CV-1808,trt_cp,4.426875
ATLAS_SIG_A_TOP150,6a92f7a109168d001496ada7,ATLAS_SIG_A_TOP150,BRD-K40965114,cyanopindolol,trt_cp,5.402758
ATLAS_SIG_A_TOP150,6a92f7a109168d001496ada7,ATLAS_SIG_A_TOP150,BRD-K36055864,cycloheximide,trt_cp,0.0
ATLAS_SIG_A_TOP150,6a92f7a109168d001496ada7,ATLAS_SIG_A_TOP150,BRD-A26787626,cyclopiazonic-acid,trt_cp,0.0
ATLAS_SIG_A_TOP150,6a92f7a109168d001496ada7,ATLAS_SIG_A_TOP150,BRD-A69815203,cyclosporin-a,trt_cp,-5.9640465
ATLAS_SIG_A_TOP150,6a92f7a109168d001496ada7,ATLAS_SIG_A_TOP150,BRD-K56429665,calcipotriol,trt_cp,-0.030148637
ATLAS_SIG_A_TOP150,6a92f7a109168d001496ada7,ATLAS_SIG_A_TOP150,BRD-A53416814,ceramide,trt_cp,-0.63424945
ATLAS_SIG_A_TOP150,6a92f7a109168d001496ada7,ATLAS_SIG_A_TOP150,BRD-K51290057,SA-792709,trt_cp,58.47524
ATLAS_SIG_A_TOP150,6a92f7a109168d001496ada7,ATLAS_SIG_A_TOP150,BRD-K32828673,chelidonine,trt_cp,50.806225
ATLAS_SIG_A_TOP150,6a92f7a109168d001496ada7,ATLAS_SIG_A_TOP150,BRD-A41555725,chlortetracycline,trt_cp,0.0
ATLAS_SIG_A_TOP150,6a92f7a109168d001496ada7,ATLAS_SIG_A_TOP150,BRD-A83695761,chromanol,trt_cp,0.0
ATLAS_SIG_A_TOP150,6a92f7a109168d001496ada7,ATLAS_SIG_A_TOP150,BRD-A65440446,cimaterol,trt_cp,-9.597921
ATLAS_SIG_A_TOP150,6a92f7a109168d001496ada7,ATLAS_SIG_A_TOP150,BRD-K06895174,cisapride,trt_cp,0.029015154
ATLAS_SIG_A_TOP150,6a92f7a109168d001496ada7,ATLAS_SIG_A_TOP150,BRD-K59163477,cisapride,trt_cp,1.8322762
ATLAS_SIG_A_TOP150,6a92f7a109168d001496ada7,ATLAS_SIG_A_TOP150,BRD-K17294426,clebopride,trt_cp,0.0
ATLAS_SIG_A_TOP150,6a92f7a109168d001496ada7,ATLAS_SIG_A_TOP150,BRD-K09255212,clioquinol,trt_cp,-20.524092
ATLAS_SIG_A_TOP150,6a92f7a109168d001496ada7,ATLAS_SIG_A_TOP150,BRD-K55677650,CO-101244,trt_cp,0.0
ATLAS_SIG_A_TOP150,6a92f7a109168d001496ada7,ATLAS_SIG_A_TOP150,BRD-K43736954,cortisone,trt_cp,0.69225764
ATLAS_SIG_A_TOP150,6a92f7a109168d001496ada7,ATLAS_SIG_A_TOP150,BRD-K06467078,corynanthine,trt_cp,20.909513
ATLAS_SIG_A_TOP150,6a92f7a109168d001496ada7,ATLAS_SIG_A_TOP150,BRD-A62184259,cycloheximide,trt_cp,-5.144468
ATLAS_SIG_A_TOP150,6a92f7a109168d001496ada7,ATLAS_SIG_A_TOP150,BRD-A92537424,danazol,trt_cp,0.5285412
ATLAS_SIG_A_TOP150,6a92f7a109168d001496ada7,ATLAS_SIG_A_TOP150,BRD-K43389675,daunorubicin,trt_cp,0.0
ATLAS_SIG_A_TOP150,6a92f7a109168d001496ada7,ATLAS_SIG_A_TOP150,BRD-A39255369,DCPIB,trt_cp,0.5637773
ATLAS_SIG_A_TOP150,6a92f7a109168d001496ada7,ATLAS_SIG_A_TOP150,BRD-A17819071,gedunin,trt_cp,0.0
ATLAS_SIG_A_TOP150,6a92f7a109168d001496ada7,ATLAS_SIG_A_TOP150,BRD-K68558722,deracoxib,trt_cp,-0.10570825
ATLAS_SIG_A_TOP150,6a92f7a109168d001496ada7,ATLAS_SIG_A_TOP150,BRD-A49447682,desoximetasone,trt_cp,0.0
ATLAS_SIG_A_TOP150,6a92f7a109168d001496ada7,ATLAS_SIG_A_TOP150,BRD-K13819402,desoxypeganine,trt_cp,0.0
ATLAS_SIG_A_TOP150,6a92f7a109168d001496ada7,ATLAS_SIG_A_TOP150,BRD-A10188456,dexamethasone,trt_cp,-18.115908
ATLAS_SIG_A_TOP150,6a92f7a109168d001496ada7,ATLAS_SIG_A_TOP150,BRD-A93424738,dexamethasone-acetate,trt_cp,17.49228
ATLAS_SIG_A_TOP150,6a92f7a109168d001496ada7,ATLAS_SIG_A_TOP150,BRD-A04553218,chlorphenamine,trt_cp,-0.28188866
ATLAS_SIG_A_TOP150,6a92f7a109168d001496ada7,ATLAS_SIG_A_TOP150,BRD-K24053527,dextromethorphan,trt_cp,0.0
ATLAS_SIG_A_TOP150,6a92f7a109168d001496ada7,ATLAS_SIG_A_TOP150,BRD-K01555864,dibenzoylmethane,trt_cp,0.0
ATLAS_SIG_A_TOP150,6a92f7a109168d001496ada7,ATLAS_SIG_A_TOP150,BRD-K08252256,diclofenac,trt_cp,-0.0
ATLAS_SIG_A_TOP150,6a92f7a109168d001496ada7,ATLAS_SIG_A_TOP150,BRD-K95309561,dienestrol,trt_cp,0.0
ATLAS_SIG_A_TOP150,6a92f7a109168d001496ada7,ATLAS_SIG_A_TOP150,BRD-K45542189,diethylcarbamazine,trt_cp,0.0
ATLAS_SIG_A_TOP150,6a92f7a109168d001496ada7,ATLAS_SIG_A_TOP150,BRD-K45330754,diethylstilbestrol,trt_cp,0.0
ATLAS_SIG_A_TOP150,6a92f7a109168d001496ada7,ATLAS_SIG_A_TOP150,BRD-A93236127,digitoxin,trt_cp,5.0387597
ATLAS_SIG_A_TOP150,6a92f7a109168d001496ada7,ATLAS_SIG_A_TOP150,BRD-A94756469,digoxin,trt_cp,-2.4916177
ATLAS_SIG_A_TOP150,6a92f7a109168d001496ada7,ATLAS_SIG_A_TOP150,BRD-K20152659,dihomo-gamma-linolenic-acid,trt_cp,3.8881712
ATLAS_SIG_A_TOP150,6a92f7a109168d001496ada7,ATLAS_SIG_A_TOP150,BRD-A47144777,dihydro-7-desacetyldeoxygedunin,trt_cp,41.368496
ATLAS_SIG_A_TOP150,6a92f7a109168d001496ada7,ATLAS_SIG_A_TOP150,BRD-A02713983,dihydrodeoxygedunin,trt_cp,-2.3255813
ATLAS_SIG_A_TOP150,6a92f7a109168d001496ada7,ATLAS_SIG_A_TOP150,BRD-A65076780,dihydroergocristine,trt_cp,0.0
ATLAS_SIG_A_TOP150,6a92f7a109168d001496ada7,ATLAS_SIG_A_TOP150,BRD-K72166146,dihydroergotamine,trt_cp,2.1646338
ATLAS_SIG_A_TOP150,6a92f7a109168d001496ada7,ATLAS_SIG_A_TOP150,BRD-K63945320,dihydrosamidin,trt_cp,-61.922634
ATLAS_SIG_A_TOP150,6a92f7a109168d001496ada7,ATLAS_SIG_A_TOP150,BRD-K10974103,diloxanide,trt_cp,16.703625
ATLAS_SIG_A_TOP150,6a92f7a109168d001496ada7,ATLAS_SIG_A_TOP150,BRD-A69636825,diltiazem,trt_cp,0.3875969
ATLAS_SIG_A_TOP150,6a92f7a109168d001496ada7,ATLAS_SIG_A_TOP150,BRD-K82577285,dipropyl-dopamine,trt_cp,14.6050205
ATLAS_SIG_A_TOP150,6a92f7a109168d001496ada7,ATLAS_SIG_A_TOP150,BRD-K86301799,dipyridamole,trt_cp,-12.494594
ATLAS_SIG_A_TOP150,6a92f7a109168d001496ada7,ATLAS_SIG_A_TOP150,BRD-K96084870,DMBI,trt_cp,-0.14094433
ATLAS_SIG_A_TOP150,6a92f7a109168d001496ada7,ATLAS_SIG_A_TOP150,BRD-K38305202,domperidone,trt_cp,-8.208561
ATLAS_SIG_A_TOP150,6a92f7a109168d001496ada7,ATLAS_SIG_A_TOP150,BRD-A49160188,donepezil,trt_cp,0.026977347
ATLAS_SIG_A_TOP150,6a92f7a109168d001496ada7,ATLAS_SIG_A_TOP150,BRD-K37694030,doxepin,trt_cp,0.1761804
ATLAS_SIG_A_TOP150,6a92f7a109168d001496ada7,ATLAS_SIG_A_TOP150,BRD-A52530684,doxorubicin,trt_cp,0.0
ATLAS_SIG_A_TOP150,6a92f7a109168d001496ada7,ATLAS_SIG_A_TOP150,BRD-K99922388,DPO-1,trt_cp,1.2907493
ATLAS_SIG_A_TOP150,6a92f7a109168d001496ada7,ATLAS_SIG_A_TOP150,BRD-K97158071,droperidol,trt_cp,0.0
ATLAS_SIG_A_TOP150,6a92f7a109168d001496ada7,ATLAS_SIG_A_TOP150,BRD-K71103788,duloxetine,trt_cp,
ATLAS_SIG_A_TOP150,6a92f7a109168d001496ada7,ATLAS_SIG_A_TOP150,BRD-K60274257,dephostatin,trt_cp,-0.14094433
ATLAS_SIG_A_TOP150,6a92f7a109168d001496ada7,ATLAS_SIG_A_TOP150,BRD-K47635719,dexamethasone,trt_cp,0.0
ATLAS_SIG_A_TOP150,6a92f7a109168d001496ada7,ATLAS_SIG_A_TOP150,BRD-A04706586,bucladesine,trt_cp,-0.031849213
ATLAS_SIG_A_TOP150,6a92f7a109168d001496ada7,ATLAS_SIG_A_TOP150,BRD-K18518344,digitoxigenin,trt_cp,4.744958
ATLAS_SIG_A_TOP150,6a92f7a109168d001496ada7,ATLAS_SIG_A_TOP150,BRD-A99164655,dihydrexidine,trt_cp,0.0
ATLAS_SIG_A_TOP150,6a92f7a109168d001496ada7,ATLAS_SIG_A_TOP150,BRD-A44701612,dihydroergocristine,trt_cp,5.780776
ATLAS_SIG_A_TOP150,6a92f7a109168d001496ada7,ATLAS_SIG_A_TOP150,BRD-A54845972,dihydroergotamine,trt_cp,0.45806906
ATLAS_SIG_A_TOP150,6a92f7a109168d001496ada7,ATLAS_SIG_A_TOP150,BRD-K48722258,dilazep,trt_cp,0.0
ATLAS_SIG_A_TOP150,6a92f7a109168d001496ada7,ATLAS_SIG_A_TOP150,BRD-K93441486,diphemanil,trt_cp,0.24665257
ATLAS_SIG_A_TOP150,6a92f7a109168d001496ada7,ATLAS_SIG_A_TOP150,BRD-K54233340,dorsomorphin,trt_cp,0.0
ATLAS_SIG_A_TOP150,6a92f7a109168d001496ada7,ATLAS_SIG_A_TOP150,BRD-A76941896,doxorubicin,trt_cp,0.0
ATLAS_SIG_A_TOP150,6a92f7a109168d001496ada7,ATLAS_SIG_A_TOP150,BRD-A99571536,dubinidine,trt_cp,0.0
ATLAS_SIG_A_TOP150,6a92f7a109168d001496ada7,ATLAS_SIG_A_TOP150,BRD-K41713976,E-4031,trt_cp,0.0
ATLAS_SIG_A_TOP150,6a92f7a109168d001496ada7,ATLAS_SIG_A_TOP150,BRD-K50464341,berbamine,trt_cp,0.0
ATLAS_SIG_A_TOP150,6a92f7a109168d001496ada7,ATLAS_SIG_A_TOP150,BRD-K80325895,eicosadienoic-acid,trt_cp,0.0
ATLAS_SIG_A_TOP150,6a92f7a109168d001496ada7,ATLAS_SIG_A_TOP150,BRD-K47192521,icosapent,trt_cp,-5.901442
ATLAS_SIG_A_TOP150,6a92f7a109168d001496ada7,ATLAS_SIG_A_TOP150,BRD-K47659338,EMD-386088,trt_cp,0.0
ATLAS_SIG_A_TOP150,6a92f7a109168d001496ada7,ATLAS_SIG_A_TOP150,BRD-A25687296,emetine,trt_cp,0.0
ATLAS_SIG_A_TOP150,6a92f7a109168d001496ada7,ATLAS_SIG_A_TOP150,BRD-A98431941,ephedrine,trt_cp,1.1894162
ATLAS_SIG_A_TOP150,6a92f7a109168d001496ada7,ATLAS_SIG_A_TOP150,BRD-K50660797,epicatechin-gallate-(-),trt_cp,-3.6293163
ATLAS_SIG_A_TOP150,6a92f7a109168d001496ada7,ATLAS_SIG_A_TOP150,BRD-K04548931,epirubicin,trt_cp,0.0
ATLAS_SIG_A_TOP150,6a92f7a109168d001496ada7,ATLAS_SIG_A_TOP150,BRD-A88080608,equilin,trt_cp,0.0
ATLAS_SIG_A_TOP150,6a92f7a109168d001496ada7,ATLAS_SIG_A_TOP150,BRD-K39746403,erythromycin-estolate,trt_cp,0.0
ATLAS_SIG_A_TOP150,6a92f7a109168d001496ada7,ATLAS_SIG_A_TOP150,BRD-K51677086,erythromycin-ethylsuccinate,trt_cp,0.2114165
ATLAS_SIG_A_TOP150,6a92f7a109168d001496ada7,ATLAS_SIG_A_TOP150,BRD-K14920963,erythrosine,trt_cp,0.0
ATLAS_SIG_A_TOP150,6a92f7a109168d001496ada7,ATLAS_SIG_A_TOP150,BRD-K70301876,escitalopram,trt_cp,0.49330515
ATLAS_SIG_A_TOP150,6a92f7a109168d001496ada7,ATLAS_SIG_A_TOP150,BRD-A18917088,estradiol,trt_cp,10.325998
ATLAS_SIG_A_TOP150,6a92f7a109168d001496ada7,ATLAS_SIG_A_TOP150,BRD-A36066264,estradiol-benzoate,trt_cp,0.0
ATLAS_SIG_A_TOP150,6a92f7a109168d001496ada7,ATLAS_SIG_A_TOP150,BRD-A91452556,estradiol-cypionate,trt_cp,0.023745548
ATLAS_SIG_A_TOP150,6a92f7a109168d001496ada7,ATLAS_SIG_A_TOP150,BRD-A37959677,estrone,trt_cp,0.0
ATLAS_SIG_A_TOP150,6a92f7a109168d001496ada7,ATLAS_SIG_A_TOP150,BRD-A22143024,estropipate,trt_cp,-14.700025
ATLAS_SIG_A_TOP150,6a92f7a109168d001496ada7,ATLAS_SIG_A_TOP150,BRD-K08556791,ethoprop,trt_cp,1.8322762
ATLAS_SIG_A_TOP150,6a92f7a109168d001496ada7,ATLAS_SIG_A_TOP150,BRD-A74667430,etodolac,trt_cp,0.0
ATLAS_SIG_A_TOP150,6a92f7a109168d001496ada7,ATLAS_SIG_A_TOP150,BRD-A54880345,etomidate,trt_cp,-1.6281624
ATLAS_SIG_A_TOP150,6a92f7a109168d001496ada7,ATLAS_SIG_A_TOP150,BRD-K32977963,eugenol,trt_cp,3.8407328
ATLAS_SIG_A_TOP150,6a92f7a109168d001496ada7,ATLAS_SIG_A_TOP150,BRD-A73741725,exemestane,trt_cp,35.183647
ATLAS_SIG_A_TOP150,6a92f7a109168d001496ada7,ATLAS_SIG_A_TOP150,BRD-A41519720,ezetimibe,trt_cp,0.0
ATLAS_SIG_A_TOP150,6a92f7a109168d001496ada7,ATLAS_SIG_A_TOP150,BRD-K40227168,vinburnine,trt_cp,0.0
ATLAS_SIG_A_TOP150,6a92f7a109168d001496ada7,ATLAS_SIG_A_TOP150,BRD-K74212935,ergocryptine,trt_cp,-11.137169
ATLAS_SIG_A_TOP150,6a92f7a109168d001496ada7,ATLAS_SIG_A_TOP150,BRD-K51095933,estropipate,trt_cp,21.439283
ATLAS_SIG_A_TOP150,6a92f7a109168d001496ada7,ATLAS_SIG_A_TOP150,BRD-K64755930,etazolate,trt_cp,-4.786626
ATLAS_SIG_A_TOP150,6a92f7a109168d001496ada7,ATLAS_SIG_A_TOP150,BRD-K45033733,famciclovir,trt_cp,-0.14094433
ATLAS_SIG_A_TOP150,6a92f7a109168d001496ada7,ATLAS_SIG_A_TOP150,BRD-A97104540,fenoterol,trt_cp,0.0
ATLAS_SIG_A_TOP150,6a92f7a109168d001496ada7,ATLAS_SIG_A_TOP150,BRD-K66093087,FGIN-1-43,trt_cp,-6.880393
ATLAS_SIG_A_TOP150,6a92f7a109168d001496ada7,ATLAS_SIG_A_TOP150,BRD-A50675702,fipronil,trt_cp,2.3255813
ATLAS_SIG_A_TOP150,6a92f7a109168d001496ada7,ATLAS_SIG_A_TOP150,BRD-A38749782,fludrocortisone-acetate,trt_cp,0.0
ATLAS_SIG_A_TOP150,6a92f7a109168d001496ada7,ATLAS_SIG_A_TOP150,BRD-K29582677,flunarizine,trt_cp,-2.6683009
ATLAS_SIG_A_TOP150,6a92f7a109168d001496ada7,ATLAS_SIG_A_TOP150,BRD-A77824596,fluocinolone,trt_cp,36.24107
ATLAS_SIG_A_TOP150,6a92f7a109168d001496ada7,ATLAS_SIG_A_TOP150,BRD-A15297126,fluocinolone-acetonide,trt_cp,1.5131282
ATLAS_SIG_A_TOP150,6a92f7a109168d001496ada7,ATLAS_SIG_A_TOP150,BRD-K28307902,flutamide,trt_cp,0.0
ATLAS_SIG_A_TOP150,6a92f7a109168d001496ada7,ATLAS_SIG_A_TOP150,BRD-K66296774,fluvastatin,trt_cp,0.0
ATLAS_SIG_A_TOP150,6a92f7a109168d001496ada7,ATLAS_SIG_A_TOP150,BRD-K76587808,fraxetin,trt_cp,-6.317528
ATLAS_SIG_A_TOP150,6a92f7a109168d001496ada7,ATLAS_SIG_A_TOP150,BRD-K77947974,fluspirilene,trt_cp,-0.18147317
ATLAS_SIG_A_TOP150,6a92f7a109168d001496ada7,ATLAS_SIG_A_TOP150,BRD-K09602097,forskolin,trt_cp,-13.096307
ATLAS_SIG_A_TOP150,6a92f7a109168d001496ada7,ATLAS_SIG_A_TOP150,BRD-A71157293,fursultiamine,trt_cp,-9.957019
ATLAS_SIG_A_TOP150,6a92f7a109168d001496ada7,ATLAS_SIG_A_TOP150,BRD-K31342827,bisindolylmaleimide,trt_cp,-15.214352
ATLAS_SIG_A_TOP150,6a92f7a109168d001496ada7,ATLAS_SIG_A_TOP150,BRD-A29082194,gitoxigenin,trt_cp,-0.95137423
ATLAS_SIG_A_TOP150,6a92f7a109168d001496ada7,ATLAS_SIG_A_TOP150,BRD-K51662849,ilomastat,trt_cp,0.0
ATLAS_SIG_A_TOP150,6a92f7a109168d001496ada7,ATLAS_SIG_A_TOP150,BRD-A33084410,5'-guanidinonaltrindole,trt_cp,-26.713211
ATLAS_SIG_A_TOP150,6a92f7a109168d001496ada7,ATLAS_SIG_A_TOP150,BRD-K50891186,GR-103691,trt_cp,1.5856236
ATLAS_SIG_A_TOP150,6a92f7a109168d001496ada7,ATLAS_SIG_A_TOP150,BRD-K49945136,GR-113808,trt_cp,0.0
ATLAS_SIG_A_TOP150,6a92f7a109168d001496ada7,ATLAS_SIG_A_TOP150,BRD-K83023055,GR-135531,trt_cp,0.0
ATLAS_SIG_A_TOP150,6a92f7a109168d001496ada7,ATLAS_SIG_A_TOP150,BRD-A90515964,guaifenesin,trt_cp,5.2854123
ATLAS_SIG_A_TOP150,6a92f7a109168d001496ada7,ATLAS_SIG_A_TOP150,BRD-K56800335,guanabenz,trt_cp,62.72162
ATLAS_SIG_A_TOP150,6a92f7a109168d001496ada7,ATLAS_SIG_A_TOP150,BRD-K32830106,guanfacine,trt_cp,28.840813
ATLAS_SIG_A_TOP150,6a92f7a109168d001496ada7,ATLAS_SIG_A_TOP150,BRD-A15415227,GW-1929,trt_cp,0.0
ATLAS_SIG_A_TOP150,6a92f7a109168d001496ada7,ATLAS_SIG_A_TOP150,BRD-K33818169,GW-3965,trt_cp,0.0
ATLAS_SIG_A_TOP150,6a92f7a109168d001496ada7,ATLAS_SIG_A_TOP150,BRD-K64245000,GW-4064,trt_cp,0.0
ATLAS_SIG_A_TOP150,6a92f7a109168d001496ada7,ATLAS_SIG_A_TOP150,BRD-K39520573,GW-5074,trt_cp,2.2903454
ATLAS_SIG_A_TOP150,6a92f7a109168d001496ada7,ATLAS_SIG_A_TOP150,BRD-K96263742,GW-7647,trt_cp,36.352184
ATLAS_SIG_A_TOP150,6a92f7a109168d001496ada7,ATLAS_SIG_A_TOP150,BRD-A49148672,galantamine,trt_cp,-45.564526
ATLAS_SIG_A_TOP150,6a92f7a109168d001496ada7,ATLAS_SIG_A_TOP150,BRD-A17535965,gelsemine,trt_cp,0.0
ATLAS_SIG_A_TOP150,6a92f7a109168d001496ada7,ATLAS_SIG_A_TOP150,BRD-K54771420,glycocholic-acid,trt_cp,0.10570825
ATLAS_SIG_A_TOP150,6a92f7a109168d001496ada7,ATLAS_SIG_A_TOP150,BRD-K62736196,guanaben-acetate,trt_cp,1.4799154
ATLAS_SIG_A_TOP150,6a92f7a109168d001496ada7,ATLAS_SIG_A_TOP150,BRD-K67847053,guanabenz,trt_cp,0.63424945
ATLAS_SIG_A_TOP150,6a92f7a109168d001496ada7,ATLAS_SIG_A_TOP150,BRD-K77793136,hydroxyfasudil,trt_cp,0.0
ATLAS_SIG_A_TOP150,6a92f7a109168d001496ada7,ATLAS_SIG_A_TOP150,BRD-K99946902,hexylresorcinol,trt_cp,0.0
ATLAS_SIG_A_TOP150,6a92f7a109168d001496ada7,ATLAS_SIG_A_TOP150,BRD-A65767837,hydrocortisone-acetate,trt_cp,9.826978
ATLAS_SIG_A_TOP150,6a92f7a109168d001496ada7,ATLAS_SIG_A_TOP150,BRD-A07000685,hydrocortisone-hemisuccinate,trt_cp,0.0
ATLAS_SIG_A_TOP150,6a92f7a109168d001496ada7,ATLAS_SIG_A_TOP150,BRD-A46186775,hydrocortisone-phosphate,trt_cp,-1.4094433
ATLAS_SIG_A_TOP150,6a92f7a109168d001496ada7,ATLAS_SIG_A_TOP150,BRD-K29673530,hypericin,trt_cp,0.0
ATLAS_SIG_A_TOP150,6a92f7a109168d001496ada7,ATLAS_SIG_A_TOP150,BRD-A08709697,heliotrine,trt_cp,-1.0923185
ATLAS_SIG_A_TOP150,6a92f7a109168d001496ada7,ATLAS_SIG_A_TOP150,BRD-A74975734,homatropine,trt_cp,-2.8059072
ATLAS_SIG_A_TOP150,6a92f7a109168d001496ada7,ATLAS_SIG_A_TOP150,BRD-A22769835,homochlorcyclizine,trt_cp,0.49330515
ATLAS_SIG_A_TOP150,6a92f7a109168d001496ada7,ATLAS_SIG_A_TOP150,BRD-K37447567,hydrocotarnine,trt_cp,27.211527
ATLAS_SIG_A_TOP150,6a92f7a109168d001496ada7,ATLAS_SIG_A_TOP150,BRD-A78295502,hydroquinine,trt_cp,1.8675123
ATLAS_SIG_A_TOP150,6a92f7a109168d001496ada7,ATLAS_SIG_A_TOP150,BRD-K35377380,I-OMe-AG-538,trt_cp,-20.67119
ATLAS_SIG_A_TOP150,6a92f7a109168d001496ada7,ATLAS_SIG_A_TOP150,BRD-A48809242,IB-MECA,trt_cp,54.51072
ATLAS_SIG_A_TOP150,6a92f7a109168d001496ada7,ATLAS_SIG_A_TOP150,BRD-K65639003,icariin,trt_cp,0.63424945
ATLAS_SIG_A_TOP150,6a92f7a109168d001496ada7,ATLAS_SIG_A_TOP150,BRD-K52219182,ICI-63197,trt_cp,-0.49330515
ATLAS_SIG_A_TOP150,6a92f7a109168d001496ada7,ATLAS_SIG_A_TOP150,BRD-A78942461,ICI-118551,trt_cp,-0.05369778
ATLAS_SIG_A_TOP150,6a92f7a109168d001496ada7,ATLAS_SIG_A_TOP150,BRD-K33308633,INCA-6,trt_cp,0.0
ATLAS_SIG_A_TOP150,6a92f7a109168d001496ada7,ATLAS_SIG_A_TOP150,BRD-K17894950,indirubin,trt_cp,-0.5990134
ATLAS_SIG_A_TOP150,6a92f7a109168d001496ada7,ATLAS_SIG_A_TOP150,BRD-K57222227,indometacin,trt_cp,0.0
ATLAS_SIG_A_TOP150,6a92f7a109168d001496ada7,ATLAS_SIG_A_TOP150,BRD-K60038276,irbesartan,trt_cp,-0.7047216
ATLAS_SIG_A_TOP150,6a92f7a109168d001496ada7,ATLAS_SIG_A_TOP150,BRD-K48869804,icilin,trt_cp,0.28188866
ATLAS_SIG_A_TOP150,6a92f7a109168d001496ada7,ATLAS_SIG_A_TOP150,BRD-A10903566,imiloxan,trt_cp,0.0
ATLAS_SIG_A_TOP150,6a92f7a109168d001496ada7,ATLAS_SIG_A_TOP150,BRD-K49519092,immethridine,trt_cp,0.422833
ATLAS_SIG_A_TOP150,6a92f7a109168d001496ada7,ATLAS_SIG_A_TOP150,BRD-K53959060,indirubin,trt_cp,0.0
ATLAS_SIG_A_TOP150,6a92f7a109168d001496ada7,ATLAS_SIG_A_TOP150,BRD-K19136521,indirubin-3-monoxime,trt_cp,-0.49851298
ATLAS_SIG_A_TOP150,6a92f7a109168d001496ada7,ATLAS_SIG_A_TOP150,BRD-A37432947,ipratropium,trt_cp,0.63424945
ATLAS_SIG_A_TOP150,6a92f7a109168d001496ada7,ATLAS_SIG_A_TOP150,BRD-K90574421,ipsapirone,trt_cp,0.0
ATLAS_SIG_A_TOP150,6a92f7a109168d001496ada7,ATLAS_SIG_A_TOP150,BRD-A90799790,isradipine,trt_cp,2.6779423
ATLAS_SIG_A_TOP150,6a92f7a109168d001496ada7,ATLAS_SIG_A_TOP150,BRD-A40639672,ketorolac,trt_cp,0.95137423
ATLAS_SIG_A_TOP150,6a92f7a109168d001496ada7,ATLAS_SIG_A_TOP150,BRD-K28936863,ketotifen,trt_cp,0.03007664
ATLAS_SIG_A_TOP150,6a92f7a109168d001496ada7,ATLAS_SIG_A_TOP150,BRD-A43849199,karakoline,trt_cp,-16.167942
ATLAS_SIG_A_TOP150,6a92f7a109168d001496ada7,ATLAS_SIG_A_TOP150,BRD-K09497549,kawain,trt_cp,0.0
ATLAS_SIG_A_TOP150,6a92f7a109168d001496ada7,ATLAS_SIG_A_TOP150,BRD-K47150025,KI-8751,trt_cp,0.0
ATLAS_SIG_A_TOP150,6a92f7a109168d001496ada7,ATLAS_SIG_A_TOP150,BRD-K39733634,L-161982,trt_cp,1.4446794
ATLAS_SIG_A_TOP150,6a92f7a109168d001496ada7,ATLAS_SIG_A_TOP150,BRD-A85472596,L-670596,trt_cp,-4.1226215
ATLAS_SIG_A_TOP150,6a92f7a109168d001496ada7,ATLAS_SIG_A_TOP150,BRD-A93206962,L-755507,trt_cp,11.804602
ATLAS_SIG_A_TOP150,6a92f7a109168d001496ada7,ATLAS_SIG_A_TOP150,BRD-K18036262,L-168049,trt_cp,0.63424945
ATLAS_SIG_A_TOP150,6a92f7a109168d001496ada7,ATLAS_SIG_A_TOP150,BRD-A84389091,L-655708,trt_cp,0.0
ATLAS_SIG_A_TOP150,6a92f7a109168d001496ada7,ATLAS_SIG_A_TOP150,BRD-K08109516,L-701324,trt_cp,-11.2837715
ATLAS_SIG_A_TOP150,6a92f7a109168d001496ada7,ATLAS_SIG_A_TOP150,BRD-A71203467,L-stepholidine,trt_cp,0.0
ATLAS_SIG_A_TOP150,6a92f7a109168d001496ada7,ATLAS_SIG_A_TOP150,BRD-A72711497,lasalocid,trt_cp,54.782303
ATLAS_SIG_A_TOP150,6a92f7a109168d001496ada7,ATLAS_SIG_A_TOP150,BRD-A32836748,leu-enkephalin,trt_cp,0.0
ATLAS_SIG_A_TOP150,6a92f7a109168d001496ada7,ATLAS_SIG_A_TOP150,BRD-K08973992,linoleic-acid,trt_cp,-72.10065
ATLAS_SIG_A_TOP150,6a92f7a109168d001496ada7,ATLAS_SIG_A_TOP150,BRD-K88849294,lobaric-acid,trt_cp,-10.111149
ATLAS_SIG_A_TOP150,6a92f7a109168d001496ada7,ATLAS_SIG_A_TOP150,BRD-K15834839,lobendazole,trt_cp,0.0
ATLAS_SIG_A_TOP150,6a92f7a109168d001496ada7,ATLAS_SIG_A_TOP150,BRD-K39915878,loxapine,trt_cp,-0.31712472
ATLAS_SIG_A_TOP150,6a92f7a109168d001496ada7,ATLAS_SIG_A_TOP150,BRD-A92826379,lupanine,trt_cp,-7.2639766
ATLAS_SIG_A_TOP150,6a92f7a109168d001496ada7,ATLAS_SIG_A_TOP150,BRD-K95899059,LY-344864,trt_cp,-8.948322
ATLAS_SIG_A_TOP150,6a92f7a109168d001496ada7,ATLAS_SIG_A_TOP150,BRD-K74765201,tomelukast,trt_cp,2.7131784
ATLAS_SIG_A_TOP150,6a92f7a109168d001496ada7,ATLAS_SIG_A_TOP150,BRD-K27305650,LY-294002,trt_cp,0.0
ATLAS_SIG_A_TOP150,6a92f7a109168d001496ada7,ATLAS_SIG_A_TOP150,BRD-K62792802,LY-83583,trt_cp,0.0
ATLAS_SIG_A_TOP150,6a92f7a109168d001496ada7,ATLAS_SIG_A_TOP150,BRD-A24817035,laudanosine,trt_cp,0.0
ATLAS_SIG_A_TOP150,6a92f7a109168d001496ada7,ATLAS_SIG_A_TOP150,BRD-K96119599,leucodin,trt_cp,0.0
ATLAS_SIG_A_TOP150,6a92f7a109168d001496ada7,ATLAS_SIG_A_TOP150,BRD-K59332007,linopirdine,trt_cp,0.0
ATLAS_SIG_A_TOP150,6a92f7a109168d001496ada7,ATLAS_SIG_A_TOP150,BRD-K36377456,marmesin,trt_cp,0.0
ATLAS_SIG_A_TOP150,6a92f7a109168d001496ada7,ATLAS_SIG_A_TOP150,BRD-K64746805,MBCQ,trt_cp,-5.625511
ATLAS_SIG_A_TOP150,6a92f7a109168d001496ada7,ATLAS_SIG_A_TOP150,BRD-A62057054,MDL-11939,trt_cp,0.0
ATLAS_SIG_A_TOP150,6a92f7a109168d001496ada7,ATLAS_SIG_A_TOP150,BRD-K59753853,MDL-29951,trt_cp,-6.8487206
ATLAS_SIG_A_TOP150,6a92f7a109168d001496ada7,ATLAS_SIG_A_TOP150,BRD-A09467419,mebeverine,trt_cp,0.28188866
ATLAS_SIG_A_TOP150,6a92f7a109168d001496ada7,ATLAS_SIG_A_TOP150,BRD-A84174393,meloxicam,trt_cp,-2.9711525
ATLAS_SIG_A_TOP150,6a92f7a109168d001496ada7,ATLAS_SIG_A_TOP150,BRD-K18194590,mephentermine,trt_cp,1.0923185
ATLAS_SIG_A_TOP150,6a92f7a109168d001496ada7,ATLAS_SIG_A_TOP150,BRD-K91336023,mesulergine,trt_cp,0.0
ATLAS_SIG_A_TOP150,6a92f7a109168d001496ada7,ATLAS_SIG_A_TOP150,BRD-A02189320,met-leu-phe,trt_cp,2.0084567
ATLAS_SIG_A_TOP150,6a92f7a109168d001496ada7,ATLAS_SIG_A_TOP150,BRD-K34685430,methylergometrine,trt_cp,0.0
ATLAS_SIG_A_TOP150,6a92f7a109168d001496ada7,ATLAS_SIG_A_TOP150,BRD-K35941380,methysergide,trt_cp,0.0
ATLAS_SIG_A_TOP150,6a92f7a109168d001496ada7,ATLAS_SIG_A_TOP150,BRD-A61793559,metolazone,trt_cp,0.0
ATLAS_SIG_A_TOP150,6a92f7a109168d001496ada7,ATLAS_SIG_A_TOP150,BRD-A79981887,midodrine,trt_cp,-0.10570825
ATLAS_SIG_A_TOP150,6a92f7a109168d001496ada7,ATLAS_SIG_A_TOP150,BRD-A48237631,mitomycin-c,trt_cp,-68.17052
ATLAS_SIG_A_TOP150,6a92f7a109168d001496ada7,ATLAS_SIG_A_TOP150,BRD-A31204924,mitotane,trt_cp,0.0
ATLAS_SIG_A_TOP150,6a92f7a109168d001496ada7,ATLAS_SIG_A_TOP150,BRD-K19554809,MK-212,trt_cp,0.0
ATLAS_SIG_A_TOP150,6a92f7a109168d001496ada7,ATLAS_SIG_A_TOP150,BRD-K68402494,ML-9,trt_cp,2.0436928
ATLAS_SIG_A_TOP150,6a92f7a109168d001496ada7,ATLAS_SIG_A_TOP150,BRD-A06784547,MRS-1334,trt_cp,6.1421313
ATLAS_SIG_A_TOP150,6a92f7a109168d001496ada7,ATLAS_SIG_A_TOP150,BRD-K03319035,maprotiline,trt_cp,-0.845666
ATLAS_SIG_A_TOP150,6a92f7a109168d001496ada7,ATLAS_SIG_A_TOP150,BRD-A66563878,medetomidine,trt_cp,16.179522
ATLAS_SIG_A_TOP150,6a92f7a109168d001496ada7,ATLAS_SIG_A_TOP150,BRD-K19507340,megestrol,trt_cp,0.017834315
ATLAS_SIG_A_TOP150,6a92f7a109168d001496ada7,ATLAS_SIG_A_TOP150,BRD-A42346008,metanephrine,trt_cp,0.0
ATLAS_SIG_A_TOP150,6a92f7a109168d001496ada7,ATLAS_SIG_A_TOP150,BRD-K88741031,"methyl-2,5-dihydroxycinnamate",trt_cp,-0.28188866
ATLAS_SIG_A_TOP150,6a92f7a109168d001496ada7,ATLAS_SIG_A_TOP150,BRD-A33711280,metixene,trt_cp,0.24665257
ATLAS_SIG_A_TOP150,6a92f7a109168d001496ada7,ATLAS_SIG_A_TOP150,BRD-K46862739,metyrapone,trt_cp,0.0
ATLAS_SIG_A_TOP150,6a92f7a109168d001496ada7,ATLAS_SIG_A_TOP150,BRD-A64977602,mirtazapine,trt_cp,-1.2684989
ATLAS_SIG_A_TOP150,6a92f7a109168d001496ada7,ATLAS_SIG_A_TOP150,BRD-K31542390,mycophenolic-acid,trt_cp,-0.31712472
ATLAS_SIG_A_TOP150,6a92f7a109168d001496ada7,ATLAS_SIG_A_TOP150,BRD-K51557114,BRD-K51557114,trt_cp,0.0
ATLAS_SIG_A_TOP150,6a92f7a109168d001496ada7,ATLAS_SIG_A_TOP150,BRD-K98297262,BRD-K98297262,trt_cp,0.0
ATLAS_SIG_A_TOP150,6a92f7a109168d001496ada7,ATLAS_SIG_A_TOP150,BRD-A61470182,N-formylmethionylalanine,trt_cp,0.0
ATLAS_SIG_A_TOP150,6a92f7a109168d001496ada7,ATLAS_SIG_A_TOP150,BRD-A85234536,N6-cyclopentyladenosine,trt_cp,21.928629
ATLAS_SIG_A_TOP150,6a92f7a109168d001496ada7,ATLAS_SIG_A_TOP150,BRD-K65146499,nabumetone,trt_cp,-4.193094
ATLAS_SIG_A_TOP150,6a92f7a109168d001496ada7,ATLAS_SIG_A_TOP150,BRD-A67862938,naftidrofuryl,trt_cp,-0.24665257
ATLAS_SIG_A_TOP150,6a92f7a109168d001496ada7,ATLAS_SIG_A_TOP150,BRD-A66559694,naltrexone,trt_cp,0.0
ATLAS_SIG_A_TOP150,6a92f7a109168d001496ada7,ATLAS_SIG_A_TOP150,BRD-K34014345,naproxol,trt_cp,0.0
ATLAS_SIG_A_TOP150,6a92f7a109168d001496ada7,ATLAS_SIG_A_TOP150,BRD-K47717570,NBQX,trt_cp,-24.72257
ATLAS_SIG_A_TOP150,6a92f7a109168d001496ada7,ATLAS_SIG_A_TOP150,BRD-A85025557,NCS-382,trt_cp,-2.3960536
ATLAS_SIG_A_TOP150,6a92f7a109168d001496ada7,ATLAS_SIG_A_TOP150,BRD-K76810206,nicergoline,trt_cp,-0.3523608
ATLAS_SIG_A_TOP150,6a92f7a109168d001496ada7,ATLAS_SIG_A_TOP150,BRD-K79092138,nitrofural,trt_cp,6.2367864
ATLAS_SIG_A_TOP150,6a92f7a109168d001496ada7,ATLAS_SIG_A_TOP150,BRD-A09349126,norethindrone,trt_cp,46.93509
ATLAS_SIG_A_TOP150,6a92f7a109168d001496ada7,ATLAS_SIG_A_TOP150,BRD-A04756508,norgestimate,trt_cp,0.0
ATLAS_SIG_A_TOP150,6a92f7a109168d001496ada7,ATLAS_SIG_A_TOP150,BRD-K54210043,NS-1619,trt_cp,0.0
ATLAS_SIG_A_TOP150,6a92f7a109168d001496ada7,ATLAS_SIG_A_TOP150,BRD-K59637651,NSC-119889,trt_cp,0.0
ATLAS_SIG_A_TOP150,6a92f7a109168d001496ada7,ATLAS_SIG_A_TOP150,BRD-K03109492,NSC-663284,trt_cp,0.9161381
ATLAS_SIG_A_TOP150,6a92f7a109168d001496ada7,ATLAS_SIG_A_TOP150,BRD-K09537769,NU-7026,trt_cp,0.5285412
ATLAS_SIG_A_TOP150,6a92f7a109168d001496ada7,ATLAS_SIG_A_TOP150,BRD-K50311478,tosyl-phenylalanyl-chloromethyl-ketone,trt_cp,-0.2114165
ATLAS_SIG_A_TOP150,6a92f7a109168d001496ada7,ATLAS_SIG_A_TOP150,BRD-K66404838,nalbuphine,trt_cp,12.236267
ATLAS_SIG_A_TOP150,6a92f7a109168d001496ada7,ATLAS_SIG_A_TOP150,BRD-A37541666,naloxone,trt_cp,0.0
ATLAS_SIG_A_TOP150,6a92f7a109168d001496ada7,ATLAS_SIG_A_TOP150,BRD-A83855350,naltrexone,trt_cp,2.4199862
ATLAS_SIG_A_TOP150,6a92f7a109168d001496ada7,ATLAS_SIG_A_TOP150,BRD-A94669766,naringenin,trt_cp,0.0
ATLAS_SIG_A_TOP150,6a92f7a109168d001496ada7,ATLAS_SIG_A_TOP150,BRD-K02953697,naringin,trt_cp,-22.209127
ATLAS_SIG_A_TOP150,6a92f7a109168d001496ada7,ATLAS_SIG_A_TOP150,BRD-K53123955,niridazole,trt_cp,-0.3875969
ATLAS_SIG_A_TOP150,6a92f7a109168d001496ada7,ATLAS_SIG_A_TOP150,BRD-K78485176,olmesartan-medoxomil,trt_cp,-1.3742071
ATLAS_SIG_A_TOP150,6a92f7a109168d001496ada7,ATLAS_SIG_A_TOP150,BRD-A68930007,ouabain,trt_cp,12.2601185
ATLAS_SIG_A_TOP150,6a92f7a109168d001496ada7,ATLAS_SIG_A_TOP150,BRD-K66019333,oxantel,trt_cp,-0.63424945
ATLAS_SIG_A_TOP150,6a92f7a109168d001496ada7,ATLAS_SIG_A_TOP150,BRD-K25394294,oxaprozin,trt_cp,0.0
ATLAS_SIG_A_TOP150,6a92f7a109168d001496ada7,ATLAS_SIG_A_TOP150,BRD-K52075715,oxibendazole,trt_cp,-2.6321058
ATLAS_SIG_A_TOP150,6a92f7a109168d001496ada7,ATLAS_SIG_A_TOP150,BRD-K21936341,oxotremorine-sesquifumarate,trt_cp,-20.19683
ATLAS_SIG_A_TOP150,6a92f7a109168d001496ada7,ATLAS_SIG_A_TOP150,BRD-K31987754,oleylethanolamide,trt_cp,-20.368584
ATLAS_SIG_A_TOP150,6a92f7a109168d001496ada7,ATLAS_SIG_A_TOP150,BRD-A46747628,ouabain,trt_cp,-0.95137423
ATLAS_SIG_A_TOP150,6a92f7a109168d001496ada7,ATLAS_SIG_A_TOP150,BRD-A43671941,oxprenolol,trt_cp,0.0
ATLAS_SIG_A_TOP150,6a92f7a109168d001496ada7,ATLAS_SIG_A_TOP150,BRD-K53061490,ozagrel,trt_cp,-0.028286561
ATLAS_SIG_A_TOP150,6a92f7a109168d001496ada7,ATLAS_SIG_A_TOP150,BRD-A28746609,paclitaxel,trt_cp,0.5285412
ATLAS_SIG_A_TOP150,6a92f7a109168d001496ada7,ATLAS_SIG_A_TOP150,BRD-K48735772,PD-158780,trt_cp,-37.132057
ATLAS_SIG_A_TOP150,6a92f7a109168d001496ada7,ATLAS_SIG_A_TOP150,BRD-A43150328,penicillic-acid,trt_cp,13.410781
ATLAS_SIG_A_TOP150,6a92f7a109168d001496ada7,ATLAS_SIG_A_TOP150,BRD-K55191674,benzylpenicillin,trt_cp,-1.3389711
ATLAS_SIG_A_TOP150,6a92f7a109168d001496ada7,ATLAS_SIG_A_TOP150,BRD-K03842655,penitrem-a,trt_cp,0.03182086
ATLAS_SIG_A_TOP150,6a92f7a109168d001496ada7,ATLAS_SIG_A_TOP150,BRD-A44448661,pentobarbital,trt_cp,-0.10570825
ATLAS_SIG_A_TOP150,6a92f7a109168d001496ada7,ATLAS_SIG_A_TOP150,BRD-K60770992,pergolide,trt_cp,-0.31712472
ATLAS_SIG_A_TOP150,6a92f7a109168d001496ada7,ATLAS_SIG_A_TOP150,BRD-K92731339,perindopril,trt_cp,0.0
ATLAS_SIG_A_TOP150,6a92f7a109168d001496ada7,ATLAS_SIG_A_TOP150,BRD-A45333398,periplocymarin,trt_cp,-1.0218464
ATLAS_SIG_A_TOP150,6a92f7a109168d001496ada7,ATLAS_SIG_A_TOP150,BRD-A93477898,PETCM,trt_cp,11.346019
ATLAS_SIG_A_TOP150,6a92f7a109168d001496ada7,ATLAS_SIG_A_TOP150,BRD-A48257147,PHCCC,trt_cp,0.0
ATLAS_SIG_A_TOP150,6a92f7a109168d001496ada7,ATLAS_SIG_A_TOP150,BRD-K38323065,phenacetin,trt_cp,-31.631142
ATLAS_SIG_A_TOP150,6a92f7a109168d001496ada7,ATLAS_SIG_A_TOP150,BRD-K21350491,phenamil,trt_cp,-33.413185
ATLAS_SIG_A_TOP150,6a92f7a109168d001496ada7,ATLAS_SIG_A_TOP150,BRD-K19227686,phenolphthalein,trt_cp,0.0
ATLAS_SIG_A_TOP150,6a92f7a109168d001496ada7,ATLAS_SIG_A_TOP150,BRD-K96319534,phentermine,trt_cp,0.2114165
ATLAS_SIG_A_TOP150,6a92f7a109168d001496ada7,ATLAS_SIG_A_TOP150,BRD-K25650355,physostigmine,trt_cp,-1.5151515
ATLAS_SIG_A_TOP150,6a92f7a109168d001496ada7,ATLAS_SIG_A_TOP150,BRD-K14536225,piceid,trt_cp,12.3141165
ATLAS_SIG_A_TOP150,6a92f7a109168d001496ada7,ATLAS_SIG_A_TOP150,BRD-K26801045,pipamperone,trt_cp,-0.5285412
ATLAS_SIG_A_TOP150,6a92f7a109168d001496ada7,ATLAS_SIG_A_TOP150,BRD-A97479839,piperidolate,trt_cp,-14.39036
ATLAS_SIG_A_TOP150,6a92f7a109168d001496ada7,ATLAS_SIG_A_TOP150,BRD-K59522102,piperine,trt_cp,-2.184637
ATLAS_SIG_A_TOP150,6a92f7a109168d001496ada7,ATLAS_SIG_A_TOP150,BRD-K24132293,piperlongumine,trt_cp,0.2114165
ATLAS_SIG_A_TOP150,6a92f7a109168d001496ada7,ATLAS_SIG_A_TOP150,BRD-K25224017,pirenperone,trt_cp,0.10570825
ATLAS_SIG_A_TOP150,6a92f7a109168d001496ada7,ATLAS_SIG_A_TOP150,BRD-A57382968,piroxicam,trt_cp,-0.14094433
ATLAS_SIG_A_TOP150,6a92f7a109168d001496ada7,ATLAS_SIG_A_TOP150,BRD-K75958195,pizotifen,trt_cp,1.691332
ATLAS_SIG_A_TOP150,6a92f7a109168d001496ada7,ATLAS_SIG_A_TOP150,BRD-K57304726,PRE-084,trt_cp,-32.05543
ATLAS_SIG_A_TOP150,6a92f7a109168d001496ada7,ATLAS_SIG_A_TOP150,BRD-A27887842,prednisolone,trt_cp,-0.3523608
ATLAS_SIG_A_TOP150,6a92f7a109168d001496ada7,ATLAS_SIG_A_TOP150,BRD-A01643550,prednisolone-acetate,trt_cp,1.9027485
ATLAS_SIG_A_TOP150,6a92f7a109168d001496ada7,ATLAS_SIG_A_TOP150,BRD-A78391468,prednisolone-hemisuccinate,trt_cp,-0.31712472
ATLAS_SIG_A_TOP150,6a92f7a109168d001496ada7,ATLAS_SIG_A_TOP150,BRD-A62525898,prednisone,trt_cp,0.45806906
ATLAS_SIG_A_TOP150,6a92f7a109168d001496ada7,ATLAS_SIG_A_TOP150,BRD-A35912562,pregnenolone-succinate,trt_cp,9.619451
ATLAS_SIG_A_TOP150,6a92f7a109168d001496ada7,ATLAS_SIG_A_TOP150,BRD-A55913614,primaquine,trt_cp,-0.023410248
ATLAS_SIG_A_TOP150,6a92f7a109168d001496ada7,ATLAS_SIG_A_TOP150,BRD-K46317332,proadifen,trt_cp,0.0
ATLAS_SIG_A_TOP150,6a92f7a109168d001496ada7,ATLAS_SIG_A_TOP150,BRD-K19352500,prochlorperazine,trt_cp,0.02667226
ATLAS_SIG_A_TOP150,6a92f7a109168d001496ada7,ATLAS_SIG_A_TOP150,BRD-A67479912,progesterone,trt_cp,0.0
ATLAS_SIG_A_TOP150,6a92f7a109168d001496ada7,ATLAS_SIG_A_TOP150,BRD-K06980535,promazine,trt_cp,0.070472166
ATLAS_SIG_A_TOP150,6a92f7a109168d001496ada7,ATLAS_SIG_A_TOP150,BRD-K59273480,propentofylline,trt_cp,0.45559672
ATLAS_SIG_A_TOP150,6a92f7a109168d001496ada7,ATLAS_SIG_A_TOP150,BRD-K42098891,protriptyline,trt_cp,0.0
ATLAS_SIG_A_TOP150,6a92f7a109168d001496ada7,ATLAS_SIG_A_TOP150,BRD-K71266197,PSB-06126,trt_cp,0.0
ATLAS_SIG_A_TOP150,6a92f7a109168d001496ada7,ATLAS_SIG_A_TOP150,BRD-K79366068,PSB-069,trt_cp,-0.49330515
ATLAS_SIG_A_TOP150,6a92f7a109168d001496ada7,ATLAS_SIG_A_TOP150,BRD-K49027941,PSB-1115,trt_cp,0.0
ATLAS_SIG_A_TOP150,6a92f7a109168d001496ada7,ATLAS_SIG_A_TOP150,BRD-K38251852,paxilline,trt_cp,0.0
ATLAS_SIG_A_TOP150,6a92f7a109168d001496ada7,ATLAS_SIG_A_TOP150,BRD-K96799727,pifithrin-mu,trt_cp,1.693259
ATLAS_SIG_A_TOP150,6a92f7a109168d001496ada7,ATLAS_SIG_A_TOP150,BRD-K47936004,piribedil,trt_cp,0.022506041
ATLAS_SIG_A_TOP150,6a92f7a109168d001496ada7,ATLAS_SIG_A_TOP150,BRD-A54490543,pirlindole,trt_cp,0.0
ATLAS_SIG_A_TOP150,6a92f7a109168d001496ada7,ATLAS_SIG_A_TOP150,BRD-K67100011,pivmecillinam,trt_cp,0.0
ATLAS_SIG_A_TOP150,6a92f7a109168d001496ada7,ATLAS_SIG_A_TOP150,BRD-A41304429,practolol,trt_cp,-0.5285412
ATLAS_SIG_A_TOP150,6a92f7a109168d001496ada7,ATLAS_SIG_A_TOP150,BRD-K46137903,prednicarbate,trt_cp,0.0
ATLAS_SIG_A_TOP150,6a92f7a109168d001496ada7,ATLAS_SIG_A_TOP150,BRD-A34806832,proscillaridin,trt_cp,-0.3875969
ATLAS_SIG_A_TOP150,6a92f7a109168d001496ada7,ATLAS_SIG_A_TOP150,BRD-K02581333,protein-tyrosine-phosphatase-inhibitor-IV,trt_cp,0.0
ATLAS_SIG_A_TOP150,6a92f7a109168d001496ada7,ATLAS_SIG_A_TOP150,BRD-K83302049,protopine,trt_cp,0.0
ATLAS_SIG_A_TOP150,6a92f7a109168d001496ada7,ATLAS_SIG_A_TOP150,BRD-K50836978,purvalanol-a,trt_cp,0.0
ATLAS_SIG_A_TOP150,6a92f7a109168d001496ada7,ATLAS_SIG_A_TOP150,BRD-K41564320,purvalanol-b,trt_cp,-62.721394
ATLAS_SIG_A_TOP150,6a92f7a109168d001496ada7,ATLAS_SIG_A_TOP150,BRD-K68867920,quetiapine,trt_cp,0.023232747
ATLAS_SIG_A_TOP150,6a92f7a109168d001496ada7,ATLAS_SIG_A_TOP150,BRD-K72222507,quinapril,trt_cp,0.9161381
ATLAS_SIG_A_TOP150,6a92f7a109168d001496ada7,ATLAS_SIG_A_TOP150,BRD-K40782193,QX-222,trt_cp,0.0
ATLAS_SIG_A_TOP150,6a92f7a109168d001496ada7,ATLAS_SIG_A_TOP150,BRD-K54665485,R-59022,trt_cp,-19.13116
ATLAS_SIG_A_TOP150,6a92f7a109168d001496ada7,ATLAS_SIG_A_TOP150,BRD-K16604360,BRD-K16604360,trt_cp,0.15738124
ATLAS_SIG_A_TOP150,6a92f7a109168d001496ada7,ATLAS_SIG_A_TOP150,BRD-K13544237,r(-)-propylnorapomorphine,trt_cp,-0.070472166
ATLAS_SIG_A_TOP150,6a92f7a109168d001496ada7,ATLAS_SIG_A_TOP150,BRD-A54236247,ephedrine-(racemic),trt_cp,-4.729257
ATLAS_SIG_A_TOP150,6a92f7a109168d001496ada7,ATLAS_SIG_A_TOP150,BRD-K85603128,resorcinol,trt_cp,-1.1275547
ATLAS_SIG_A_TOP150,6a92f7a109168d001496ada7,ATLAS_SIG_A_TOP150,BRD-K37206356,rhamnetin,trt_cp,0.0
ATLAS_SIG_A_TOP150,6a92f7a109168d001496ada7,ATLAS_SIG_A_TOP150,BRD-K10098805,rhapontin,trt_cp,-9.2516985
ATLAS_SIG_A_TOP150,6a92f7a109168d001496ada7,ATLAS_SIG_A_TOP150,BRD-K13725475,rhodomyrtoxin,trt_cp,0.0
ATLAS_SIG_A_TOP150,6a92f7a109168d001496ada7,ATLAS_SIG_A_TOP150,BRD-A08003242,rhodomyrtoxin-b,trt_cp,13.440849
ATLAS_SIG_A_TOP150,6a92f7a109168d001496ada7,ATLAS_SIG_A_TOP150,BRD-K40887525,ritanserin,trt_cp,0.0
ATLAS_SIG_A_TOP150,6a92f7a109168d001496ada7,ATLAS_SIG_A_TOP150,BRD-K75699339,rizatriptan,trt_cp,0.070472166
ATLAS_SIG_A_TOP150,6a92f7a109168d001496ada7,ATLAS_SIG_A_TOP150,BRD-A77349281,RK-682,trt_cp,-14.212652
ATLAS_SIG_A_TOP150,6a92f7a109168d001496ada7,ATLAS_SIG_A_TOP150,BRD-K43796186,benzyl-quinazolin-4-yl-amine,trt_cp,-15.994439
ATLAS_SIG_A_TOP150,6a92f7a109168d001496ada7,ATLAS_SIG_A_TOP150,BRD-K43290182,Ro-04-6790,trt_cp,1.1275547
ATLAS_SIG_A_TOP150,6a92f7a109168d001496ada7,ATLAS_SIG_A_TOP150,BRD-K54411430,robustic-acid,trt_cp,0.0
ATLAS_SIG_A_TOP150,6a92f7a109168d001496ada7,ATLAS_SIG_A_TOP150,BRD-K21733600,rofecoxib,trt_cp,-0.3667346
ATLAS_SIG_A_TOP150,6a92f7a109168d001496ada7,ATLAS_SIG_A_TOP150,BRD-A34255068,rolipram,trt_cp,0.0
ATLAS_SIG_A_TOP150,6a92f7a109168d001496ada7,ATLAS_SIG_A_TOP150,BRD-K82941592,rosuvastatin,trt_cp,-6.448203
ATLAS_SIG_A_TOP150,6a92f7a109168d001496ada7,ATLAS_SIG_A_TOP150,BRD-K83063356,RS-102895,trt_cp,0.0
ATLAS_SIG_A_TOP150,6a92f7a109168d001496ada7,ATLAS_SIG_A_TOP150,BRD-K20742498,RS-39604,trt_cp,0.0
ATLAS_SIG_A_TOP150,6a92f7a109168d001496ada7,ATLAS_SIG_A_TOP150,BRD-A65597028,RX-821002,trt_cp,0.0
ATLAS_SIG_A_TOP150,6a92f7a109168d001496ada7,ATLAS_SIG_A_TOP150,BRD-K07859598,GW-5074,trt_cp,0.0
ATLAS_SIG_A_TOP150,6a92f7a109168d001496ada7,ATLAS_SIG_A_TOP150,BRD-K82846253,repaglinide,trt_cp,0.0
ATLAS_SIG_A_TOP150,6a92f7a109168d001496ada7,ATLAS_SIG_A_TOP150,BRD-A71765365,mepireserpate,trt_cp,0.0
ATLAS_SIG_A_TOP150,6a92f7a109168d001496ada7,ATLAS_SIG_A_TOP150,BRD-A83431637,resmethrin,trt_cp,0.0
ATLAS_SIG_A_TOP150,6a92f7a109168d001496ada7,ATLAS_SIG_A_TOP150,BRD-K42142750,retrorsine,trt_cp,0.0
ATLAS_SIG_A_TOP150,6a92f7a109168d001496ada7,ATLAS_SIG_A_TOP150,BRD-K46678324,RHO-kinase-inhibitor-II,trt_cp,-5.6730094
ATLAS_SIG_A_TOP150,6a92f7a109168d001496ada7,ATLAS_SIG_A_TOP150,BRD-K92760278,riboflavin,trt_cp,0.2114165
ATLAS_SIG_A_TOP150,6a92f7a109168d001496ada7,ATLAS_SIG_A_TOP150,BRD-K82561139,ricinine,trt_cp,-5.0739956
ATLAS_SIG_A_TOP150,6a92f7a109168d001496ada7,ATLAS_SIG_A_TOP150,BRD-K51465424,ritodrine,trt_cp,-3.829783
ATLAS_SIG_A_TOP150,6a92f7a109168d001496ada7,ATLAS_SIG_A_TOP150,BRD-K51541829,Ro-25-6981,trt_cp,-4.6511626
ATLAS_SIG_A_TOP150,6a92f7a109168d001496ada7,ATLAS_SIG_A_TOP150,BRD-K06543683,bisindolylmaleimide-ix,trt_cp,0.0
ATLAS_SIG_A_TOP150,6a92f7a109168d001496ada7,ATLAS_SIG_A_TOP150,BRD-K58299615,Ro-90-7501,trt_cp,0.0
ATLAS_SIG_A_TOP150,6a92f7a109168d001496ada7,ATLAS_SIG_A_TOP150,BRD-K39256324,rottlerin,trt_cp,0.3875969
ATLAS_SIG_A_TOP150,6a92f7a109168d001496ada7,ATLAS_SIG_A_TOP150,BRD-K46766488,S-14506,trt_cp,-26.859728
ATLAS_SIG_A_TOP150,6a92f7a109168d001496ada7,ATLAS_SIG_A_TOP150,BRD-K64614248,salicin,trt_cp,0.0
ATLAS_SIG_A_TOP150,6a92f7a109168d001496ada7,ATLAS_SIG_A_TOP150,BRD-K03557653,sappanone-a,trt_cp,-0.7751938
ATLAS_SIG_A_TOP150,6a92f7a109168d001496ada7,ATLAS_SIG_A_TOP150,BRD-K36395411,SB-206553,trt_cp,0.0
ATLAS_SIG_A_TOP150,6a92f7a109168d001496ada7,ATLAS_SIG_A_TOP150,BRD-K30867024,SB-216641,trt_cp,-0.24704206
ATLAS_SIG_A_TOP150,6a92f7a109168d001496ada7,ATLAS_SIG_A_TOP150,BRD-A06352508,SB-218078,trt_cp,-2.3960536
ATLAS_SIG_A_TOP150,6a92f7a109168d001496ada7,ATLAS_SIG_A_TOP150,BRD-K80639402,SB-258585,trt_cp,0.0
ATLAS_SIG_A_TOP150,6a92f7a109168d001496ada7,ATLAS_SIG_A_TOP150,BRD-K52512893,SC-19220,trt_cp,0.0
ATLAS_SIG_A_TOP150,6a92f7a109168d001496ada7,ATLAS_SIG_A_TOP150,BRD-A92161634,scopoline,trt_cp,0.0
ATLAS_SIG_A_TOP150,6a92f7a109168d001496ada7,ATLAS_SIG_A_TOP150,BRD-K91904471,SD-169,trt_cp,22.112572
ATLAS_SIG_A_TOP150,6a92f7a109168d001496ada7,ATLAS_SIG_A_TOP150,BRD-A58564983,selamectin,trt_cp,0.0
ATLAS_SIG_A_TOP150,6a92f7a109168d001496ada7,ATLAS_SIG_A_TOP150,BRD-K82036761,sertraline,trt_cp,0.070472166
ATLAS_SIG_A_TOP150,6a92f7a109168d001496ada7,ATLAS_SIG_A_TOP150,BRD-K67439147,SIB-1893,trt_cp,-63.677235
ATLAS_SIG_A_TOP150,6a92f7a109168d001496ada7,ATLAS_SIG_A_TOP150,BRD-K79759585,sildenafil,trt_cp,0.0
ATLAS_SIG_A_TOP150,6a92f7a109168d001496ada7,ATLAS_SIG_A_TOP150,BRD-K22134346,simvastatin,trt_cp,0.016501501
ATLAS_SIG_A_TOP150,6a92f7a109168d001496ada7,ATLAS_SIG_A_TOP150,BRD-A52588987,SKF-83566,trt_cp,0.0
ATLAS_SIG_A_TOP150,6a92f7a109168d001496ada7,ATLAS_SIG_A_TOP150,BRD-A72703248,SKF-96365,trt_cp,7.799859
ATLAS_SIG_A_TOP150,6a92f7a109168d001496ada7,ATLAS_SIG_A_TOP150,BRD-A64125466,dehydrocholate,trt_cp,0.0
ATLAS_SIG_A_TOP150,6a92f7a109168d001496ada7,ATLAS_SIG_A_TOP150,BRD-A54596827,solifenacin,trt_cp,0.0
ATLAS_SIG_A_TOP150,6a92f7a109168d001496ada7,ATLAS_SIG_A_TOP150,BRD-K55468218,spiperone,trt_cp,-0.28188866
ATLAS_SIG_A_TOP150,6a92f7a109168d001496ada7,ATLAS_SIG_A_TOP150,BRD-A91866971,SQ-29548,trt_cp,0.0
ATLAS_SIG_A_TOP150,6a92f7a109168d001496ada7,ATLAS_SIG_A_TOP150,BRD-A72066420,mifobate,trt_cp,43.54059
ATLAS_SIG_A_TOP150,6a92f7a109168d001496ada7,ATLAS_SIG_A_TOP150,BRD-K79905821,gabazine,trt_cp,-6.800564
ATLAS_SIG_A_TOP150,6a92f7a109168d001496ada7,ATLAS_SIG_A_TOP150,BRD-K51476772,ST-638,trt_cp,0.0
ATLAS_SIG_A_TOP150,6a92f7a109168d001496ada7,ATLAS_SIG_A_TOP150,BRD-K99595596,salsolinol,trt_cp,0.0
ATLAS_SIG_A_TOP150,6a92f7a109168d001496ada7,ATLAS_SIG_A_TOP150,BRD-A77299732,salubrinal,trt_cp,-2.149401
ATLAS_SIG_A_TOP150,6a92f7a109168d001496ada7,ATLAS_SIG_A_TOP150,BRD-A81772229,simvastatin,trt_cp,1.8322762
ATLAS_SIG_A_TOP150,6a92f7a109168d001496ada7,ATLAS_SIG_A_TOP150,BRD-A33168282,sotalol,trt_cp,-0.422833
ATLAS_SIG_A_TOP150,6a92f7a109168d001496ada7,ATLAS_SIG_A_TOP150,BRD-A72483914,spiroxatrine,trt_cp,40.94004
ATLAS_SIG_A_TOP150,6a92f7a109168d001496ada7,ATLAS_SIG_A_TOP150,BRD-K27710560,splitomycin,trt_cp,0.0
ATLAS_SIG_A_TOP150,6a92f7a109168d001496ada7,ATLAS_SIG_A_TOP150,BRD-K50495309,SRC-kinase-inhibitor-I,trt_cp,0.0
ATLAS_SIG_A_TOP150,6a92f7a109168d001496ada7,ATLAS_SIG_A_TOP150,BRD-K42635745,suloctidil,trt_cp,0.45806906
ATLAS_SIG_A_TOP150,6a92f7a109168d001496ada7,ATLAS_SIG_A_TOP150,BRD-K69608737,tacrolimus,trt_cp,0.95137423
ATLAS_SIG_A_TOP150,6a92f7a109168d001496ada7,ATLAS_SIG_A_TOP150,BRD-K93645900,tadalafil,trt_cp,0.1761804
ATLAS_SIG_A_TOP150,6a92f7a109168d001496ada7,ATLAS_SIG_A_TOP150,BRD-K55454768,TAS-301,trt_cp,0.0
ATLAS_SIG_A_TOP150,6a92f7a109168d001496ada7,ATLAS_SIG_A_TOP150,BRD-K81376179,TCS-359,trt_cp,0.0
ATLAS_SIG_A_TOP150,6a92f7a109168d001496ada7,ATLAS_SIG_A_TOP150,BRD-K34820100,tebuthiuron,trt_cp,0.0
ATLAS_SIG_A_TOP150,6a92f7a109168d001496ada7,ATLAS_SIG_A_TOP150,BRD-A22844106,tenoxicam,trt_cp,0.0
ATLAS_SIG_A_TOP150,6a92f7a109168d001496ada7,ATLAS_SIG_A_TOP150,BRD-A06352418,terfenadine,trt_cp,0.0
ATLAS_SIG_A_TOP150,6a92f7a109168d001496ada7,ATLAS_SIG_A_TOP150,BRD-A42831637,tetrahydrocannabinol-7-oic-acid,trt_cp,-2.626916
ATLAS_SIG_A_TOP150,6a92f7a109168d001496ada7,ATLAS_SIG_A_TOP150,BRD-A43940795,tetrahydropalmatine,trt_cp,2.69138
ATLAS_SIG_A_TOP150,6a92f7a109168d001496ada7,ATLAS_SIG_A_TOP150,BRD-A28856712,tetrahydrozoline,trt_cp,-0.88090205
ATLAS_SIG_A_TOP150,6a92f7a109168d001496ada7,ATLAS_SIG_A_TOP150,BRD-K69023402,thapsigargin,trt_cp,0.0
ATLAS_SIG_A_TOP150,6a92f7a109168d001496ada7,ATLAS_SIG_A_TOP150,BRD-K09631521,thiotepa,trt_cp,-7.9352837
ATLAS_SIG_A_TOP150,6a92f7a109168d001496ada7,ATLAS_SIG_A_TOP150,BRD-K00603606,ticlopidine,trt_cp,0.4492798
ATLAS_SIG_A_TOP150,6a92f7a109168d001496ada7,ATLAS_SIG_A_TOP150,BRD-K82562631,tolmetin,trt_cp,-0.5990134
ATLAS_SIG_A_TOP150,6a92f7a109168d001496ada7,ATLAS_SIG_A_TOP150,BRD-K64514229,toltrazuril,trt_cp,-0.03565624
ATLAS_SIG_A_TOP150,6a92f7a109168d001496ada7,ATLAS_SIG_A_TOP150,BRD-K51350053,toremifene,trt_cp,-0.020472659
ATLAS_SIG_A_TOP150,6a92f7a109168d001496ada7,ATLAS_SIG_A_TOP150,BRD-A43974575,tranylcypromine,trt_cp,0.0
ATLAS_SIG_A_TOP150,6a92f7a109168d001496ada7,ATLAS_SIG_A_TOP150,BRD-K70778732,trazodone,trt_cp,0.0
ATLAS_SIG_A_TOP150,6a92f7a109168d001496ada7,ATLAS_SIG_A_TOP150,BRD-A37780065,triamcinolone,trt_cp,3.6550078
ATLAS_SIG_A_TOP150,6a92f7a109168d001496ada7,ATLAS_SIG_A_TOP150,BRD-A92439610,triamcinolone-acetonide,trt_cp,1.691332
ATLAS_SIG_A_TOP150,6a92f7a109168d001496ada7,ATLAS_SIG_A_TOP150,BRD-K80431395,triciribine,trt_cp,0.3875969
ATLAS_SIG_A_TOP150,6a92f7a109168d001496ada7,ATLAS_SIG_A_TOP150,BRD-A49225603,alimemazine,trt_cp,26.413204
ATLAS_SIG_A_TOP150,6a92f7a109168d001496ada7,ATLAS_SIG_A_TOP150,BRD-K53220666,trimetozine,trt_cp,0.0
ATLAS_SIG_A_TOP150,6a92f7a109168d001496ada7,ATLAS_SIG_A_TOP150,BRD-A10303790,talampicillin,trt_cp,0.0
ATLAS_SIG_A_TOP150,6a92f7a109168d001496ada7,ATLAS_SIG_A_TOP150,BRD-K04210847,tamoxifen,trt_cp,0.0
ATLAS_SIG_A_TOP150,6a92f7a109168d001496ada7,ATLAS_SIG_A_TOP150,BRD-K95739795,tetrabenazine,trt_cp,0.0
ATLAS_SIG_A_TOP150,6a92f7a109168d001496ada7,ATLAS_SIG_A_TOP150,BRD-A52660433,tetrindole,trt_cp,1.3389711
ATLAS_SIG_A_TOP150,6a92f7a109168d001496ada7,ATLAS_SIG_A_TOP150,BRD-K69600043,thiethylperazine,trt_cp,0.0
ATLAS_SIG_A_TOP150,6a92f7a109168d001496ada7,ATLAS_SIG_A_TOP150,BRD-A56012032,thiorphan,trt_cp,-5.736207
ATLAS_SIG_A_TOP150,6a92f7a109168d001496ada7,ATLAS_SIG_A_TOP150,BRD-A53077924,tianeptine,trt_cp,0.0
ATLAS_SIG_A_TOP150,6a92f7a109168d001496ada7,ATLAS_SIG_A_TOP150,BRD-A72988804,tiaprofenic-acid,trt_cp,-3.2158742
ATLAS_SIG_A_TOP150,6a92f7a109168d001496ada7,ATLAS_SIG_A_TOP150,BRD-K30480208,torasemide,trt_cp,-0.035236083
ATLAS_SIG_A_TOP150,6a92f7a109168d001496ada7,ATLAS_SIG_A_TOP150,BRD-K84663978,trequinsin,trt_cp,0.0
ATLAS_SIG_A_TOP150,6a92f7a109168d001496ada7,ATLAS_SIG_A_TOP150,BRD-A60294240,tribenoside,trt_cp,0.0
ATLAS_SIG_A_TOP150,6a92f7a109168d001496ada7,ATLAS_SIG_A_TOP150,BRD-A79226577,tropisetron,trt_cp,0.7047216
ATLAS_SIG_A_TOP150,6a92f7a109168d001496ada7,ATLAS_SIG_A_TOP150,BRD-K20995441,U-54494A,trt_cp,24.196705
ATLAS_SIG_A_TOP150,6a92f7a109168d001496ada7,ATLAS_SIG_A_TOP150,BRD-K51018020,VAMA-37,trt_cp,0.0
ATLAS_SIG_A_TOP150,6a92f7a109168d001496ada7,ATLAS_SIG_A_TOP150,BRD-K95655893,MAZ-51,trt_cp,0.0
ATLAS_SIG_A_TOP150,6a92f7a109168d001496ada7,ATLAS_SIG_A_TOP150,BRD-M45964048,verteporfin,trt_cp,-0.2114165
ATLAS_SIG_A_TOP150,6a92f7a109168d001496ada7,ATLAS_SIG_A_TOP150,BRD-K41868777,W-5,trt_cp,7.5144367
ATLAS_SIG_A_TOP150,6a92f7a109168d001496ada7,ATLAS_SIG_A_TOP150,BRD-A62021152,WAY-161503,trt_cp,-0.6276579
ATLAS_SIG_A_TOP150,6a92f7a109168d001496ada7,ATLAS_SIG_A_TOP150,BRD-K55430733,WAY-629,trt_cp,0.0
ATLAS_SIG_A_TOP150,6a92f7a109168d001496ada7,ATLAS_SIG_A_TOP150,BRD-A11678676,wortmannin,trt_cp,0.14094433
ATLAS_SIG_A_TOP150,6a92f7a109168d001496ada7,ATLAS_SIG_A_TOP150,BRD-K42748308,XE-991,trt_cp,5.652911
ATLAS_SIG_A_TOP150,6a92f7a109168d001496ada7,ATLAS_SIG_A_TOP150,BRD-K42679050,Y-27152,trt_cp,-3.4457667
ATLAS_SIG_A_TOP150,6a92f7a109168d001496ada7,ATLAS_SIG_A_TOP150,BRD-K44084986,Y-27632,trt_cp,0.0
ATLAS_SIG_A_TOP150,6a92f7a109168d001496ada7,ATLAS_SIG_A_TOP150,BRD-K48059230,YM-298198,trt_cp,-11.752985
ATLAS_SIG_A_TOP150,6a92f7a109168d001496ada7,ATLAS_SIG_A_TOP150,BRD-K06712146,YM-90709,trt_cp,-0.10570825
ATLAS_SIG_A_TOP150,6a92f7a109168d001496ada7,ATLAS_SIG_A_TOP150,BRD-A87445400,yohimbine,trt_cp,0.0
ATLAS_SIG_A_TOP150,6a92f7a109168d001496ada7,ATLAS_SIG_A_TOP150,BRD-K35586044,yohimbine,trt_cp,-29.571936
ATLAS_SIG_A_TOP150,6a92f7a109168d001496ada7,ATLAS_SIG_A_TOP150,BRD-K45296539,ZD-7114,trt_cp,-3.574963
ATLAS_SIG_A_TOP150,6a92f7a109168d001496ada7,ATLAS_SIG_A_TOP150,BRD-K56403959,ZK-756326,trt_cp,11.995482
ATLAS_SIG_A_TOP150,6a92f7a109168d001496ada7,ATLAS_SIG_A_TOP150,BRD-K40624912,ZM-39923,trt_cp,-1.3389711
ATLAS_SIG_A_TOP150,6a92f7a109168d001496ada7,ATLAS_SIG_A_TOP150,BRD-K66353228,zoxazolamine,trt_cp,0.0
ATLAS_SIG_A_TOP150,6a92f7a109168d001496ada7,ATLAS_SIG_A_TOP150,BRD-A65615053,zacopride,trt_cp,0.0
ATLAS_SIG_A_TOP150,6a92f7a109168d001496ada7,ATLAS_SIG_A_TOP150,BRD-K80451230,zamifenacin,trt_cp,-3.3368616
ATLAS_SIG_A_TOP150,6a92f7a109168d001496ada7,ATLAS_SIG_A_TOP150,BRD-K48300629,zonisamide,trt_cp,
ATLAS_SIG_A_TOP150,6a92f7a109168d001496ada7,ATLAS_SIG_A_TOP150,BRD-K17110974,aristolochic-acid,trt_cp,-0.5285412
ATLAS_SIG_A_TOP150,6a92f7a109168d001496ada7,ATLAS_SIG_A_TOP150,BRD-A78360835,cercosporin,trt_cp,0.0
ATLAS_SIG_A_TOP150,6a92f7a109168d001496ada7,ATLAS_SIG_A_TOP150,BRD-A39268308,epibatidine,trt_cp,12.256795
ATLAS_SIG_A_TOP150,6a92f7a109168d001496ada7,ATLAS_SIG_A_TOP150,BRD-K25836724,epitestosterone,trt_cp,3.1712472
ATLAS_SIG_A_TOP150,6a92f7a109168d001496ada7,ATLAS_SIG_A_TOP150,BRD-K77830450,forskolin,trt_cp,-2.570825
ATLAS_SIG_A_TOP150,6a92f7a109168d001496ada7,ATLAS_SIG_A_TOP150,BRD-A90490067,fulvestrant,trt_cp,5.4323974
ATLAS_SIG_A_TOP150,6a92f7a109168d001496ada7,ATLAS_SIG_A_TOP150,BRD-K78599730,manumycin-a,trt_cp,1.9379845
ATLAS_SIG_A_TOP150,6a92f7a109168d001496ada7,ATLAS_SIG_A_TOP150,BRD-A11135865,nor-binaltorphimine,trt_cp,0.0
ATLAS_SIG_A_TOP150,6a92f7a109168d001496ada7,ATLAS_SIG_A_TOP150,BRD-K46384212,O-3M3FBS,trt_cp,0.24665257
ATLAS_SIG_A_TOP150,6a92f7a109168d001496ada7,ATLAS_SIG_A_TOP150,BRD-K87343924,wortmannin,trt_cp,4.0710597
ATLAS_SIG_A_TOP150,6a92f7a109168d001496ada7,ATLAS_SIG_A_TOP150,BRD-K26548821,quinpirol-(-),trt_cp,-7.434813
ATLAS_SIG_A_TOP150,6a92f7a109168d001496ada7,ATLAS_SIG_A_TOP150,BRD-A95445494,maackiain,trt_cp,0.0
ATLAS_SIG_A_TOP150,6a92f7a109168d001496ada7,ATLAS_SIG_A_TOP150,BRD-K05906022,limonin,trt_cp,0.0
ATLAS_SIG_A_TOP150,6a92f7a109168d001496ada7,ATLAS_SIG_A_TOP150,BRD-K78294846,osthol,trt_cp,-0.5990134
ATLAS_SIG_A_TOP150,6a92f7a109168d001496ada7,ATLAS_SIG_A_TOP150,BRD-K80348542,cephaeline,trt_cp,-9.126145
ATLAS_SIG_A_TOP150,6a92f7a109168d001496ada7,ATLAS_SIG_A_TOP150,BRD-K87991767,umbelliferone,trt_cp,-2.0436928
ATLAS_SIG_A_TOP150,6a92f7a109168d001496ada7,ATLAS_SIG_A_TOP150,BRD-K94841585,emodic-acid,trt_cp,-42.155396
ATLAS_SIG_A_TOP150,6a92f7a109168d001496ada7,ATLAS_SIG_A_TOP150,BRD-K49657628,tyrphostin-AG-18,trt_cp,-0.5637773
ATLAS_SIG_A_TOP150,6a92f7a109168d001496ada7,ATLAS_SIG_A_TOP150,BRD-K12357156,AG-490,trt_cp,0.0
ATLAS_SIG_A_TOP150,6a92f7a109168d001496ada7,ATLAS_SIG_A_TOP150,BRD-K34533029,tyrphostin-AG-494,trt_cp,0.0
ATLAS_SIG_A_TOP150,6a92f7a109168d001496ada7,ATLAS_SIG_A_TOP150,BRD-K81209512,AG-494,trt_cp,-4.4343553
ATLAS_SIG_A_TOP150,6a92f7a109168d001496ada7,ATLAS_SIG_A_TOP150,BRD-K07888196,tyrphostin-AG-538,trt_cp,-23.730103
ATLAS_SIG_A_TOP150,6a92f7a109168d001496ada7,ATLAS_SIG_A_TOP150,BRD-K72783841,tyrphostin-AG-555,trt_cp,1.3742071
ATLAS_SIG_A_TOP150,6a92f7a109168d001496ada7,ATLAS_SIG_A_TOP150,BRD-K14441456,tyrphostin-AG-556,trt_cp,0.0
ATLAS_SIG_A_TOP150,6a92f7a109168d001496ada7,ATLAS_SIG_A_TOP150,BRD-K89930444,AG-592,trt_cp,25.41811
ATLAS_SIG_A_TOP150,6a92f7a109168d001496ada7,ATLAS_SIG_A_TOP150,BRD-K08132273,tyrphostin,trt_cp,0.0
ATLAS_SIG_A_TOP150,6a92f7a109168d001496ada7,ATLAS_SIG_A_TOP150,BRD-K87919739,tyrphostin-AG-825,trt_cp,0.0
ATLAS_SIG_A_TOP150,6a92f7a109168d001496ada7,ATLAS_SIG_A_TOP150,BRD-K41996876,tyrphostin-1,trt_cp,-0.14094433
ATLAS_SIG_A_TOP150,6a92f7a109168d001496ada7,ATLAS_SIG_A_TOP150,BRD-K76064317,tyrphostin-AG-1296,trt_cp,-2.1141648
ATLAS_SIG_A_TOP150,6a92f7a109168d001496ada7,ATLAS_SIG_A_TOP150,BRD-K68336408,tyrphostin-AG-1478,trt_cp,0.5637773
ATLAS_SIG_A_TOP150,6a92f7a109168d001496ada7,ATLAS_SIG_A_TOP150,BRD-K33204703,AG-370,trt_cp,0.0
ATLAS_SIG_A_TOP150,6a92f7a109168d001496ada7,ATLAS_SIG_A_TOP150,BRD-K47105409,AG-490,trt_cp,-0.2114165
ATLAS_SIG_A_TOP150,6a92f7a109168d001496ada7,ATLAS_SIG_A_TOP150,BRD-K59469039,tyrphostin-AG-879,trt_cp,13.759688
ATLAS_SIG_A_TOP150,6a92f7a109168d001496ada7,ATLAS_SIG_A_TOP150,BRD-K89055274,alverine,trt_cp,-4.216251
ATLAS_SIG_A_TOP150,6a92f7a109168d001496ada7,ATLAS_SIG_A_TOP150,BRD-K21667562,AM-404,trt_cp,0.0
ATLAS_SIG_A_TOP150,6a92f7a109168d001496ada7,ATLAS_SIG_A_TOP150,BRD-K63533170,AM-630,trt_cp,-1.5856236
ATLAS_SIG_A_TOP150,6a92f7a109168d001496ada7,ATLAS_SIG_A_TOP150,BRD-A11813248,AM-92016,trt_cp,0.0
ATLAS_SIG_A_TOP150,6a92f7a109168d001496ada7,ATLAS_SIG_A_TOP150,BRD-K06854232,AM-580,trt_cp,-0.3875969
ATLAS_SIG_A_TOP150,6a92f7a109168d001496ada7,ATLAS_SIG_A_TOP150,BRD-K70330367,amantadine,trt_cp,1.8322762
ATLAS_SIG_A_TOP150,6a92f7a109168d001496ada7,ATLAS_SIG_A_TOP150,BRD-K23335153,AMN-082,trt_cp,0.0
ATLAS_SIG_A_TOP150,6a92f7a109168d001496ada7,ATLAS_SIG_A_TOP150,BRD-A28318179,aminomethyltransferase,trt_cp,0.0
ATLAS_SIG_A_TOP150,6a92f7a109168d001496ada7,ATLAS_SIG_A_TOP150,BRD-K87905482,anandamide,trt_cp,-2.8188865
ATLAS_SIG_A_TOP150,6a92f7a109168d001496ada7,ATLAS_SIG_A_TOP150,BRD-K78280988,anandamide,trt_cp,0.0
ATLAS_SIG_A_TOP150,6a92f7a109168d001496ada7,ATLAS_SIG_A_TOP150,BRD-A95513702,"androsta-1,4-dien-3,17-dione",trt_cp,0.7047216
ATLAS_SIG_A_TOP150,6a92f7a109168d001496ada7,ATLAS_SIG_A_TOP150,BRD-A32349859,methyl-angolensate,trt_cp,11.709373
ATLAS_SIG_A_TOP150,6a92f7a109168d001496ada7,ATLAS_SIG_A_TOP150,BRD-A42649439,triciribine,trt_cp,1.726568
ATLAS_SIG_A_TOP150,6a92f7a109168d001496ada7,ATLAS_SIG_A_TOP150,BRD-K81729199,AQ-RA741,trt_cp,-0.45806906
ATLAS_SIG_A_TOP150,6a92f7a109168d001496ada7,ATLAS_SIG_A_TOP150,BRD-K29555132,arachidonamide,trt_cp,0.0
ATLAS_SIG_A_TOP150,6a92f7a109168d001496ada7,ATLAS_SIG_A_TOP150,BRD-K73395020,ARP-101,trt_cp,1.9732206
ATLAS_SIG_A_TOP150,6a92f7a109168d001496ada7,ATLAS_SIG_A_TOP150,BRD-K85013741,auraptene,trt_cp,0.0
ATLAS_SIG_A_TOP150,6a92f7a109168d001496ada7,ATLAS_SIG_A_TOP150,BRD-K78838262,austricine,trt_cp,-0.8953151
ATLAS_SIG_A_TOP150,6a92f7a109168d001496ada7,ATLAS_SIG_A_TOP150,BRD-K03642198,AY-9944,trt_cp,-1.6101211
ATLAS_SIG_A_TOP150,6a92f7a109168d001496ada7,ATLAS_SIG_A_TOP150,BRD-K36258877,AZ-10417808,trt_cp,-2.8541226
ATLAS_SIG_A_TOP150,6a92f7a109168d001496ada7,ATLAS_SIG_A_TOP150,BRD-K51751936,alfadolone-acetate,trt_cp,-35.844765
ATLAS_SIG_A_TOP150,6a92f7a109168d001496ada7,ATLAS_SIG_A_TOP150,BRD-K51276371,aloisine,trt_cp,-1.7618041
ATLAS_SIG_A_TOP150,6a92f7a109168d001496ada7,ATLAS_SIG_A_TOP150,BRD-K93658967,aloisine,trt_cp,-9.308266
ATLAS_SIG_A_TOP150,6a92f7a109168d001496ada7,ATLAS_SIG_A_TOP150,BRD-K52459643,alprostadil,trt_cp,0.0
ATLAS_SIG_A_TOP150,6a92f7a109168d001496ada7,ATLAS_SIG_A_TOP150,BRD-K00610438,altanserin,trt_cp,-1.2684989
ATLAS_SIG_A_TOP150,6a92f7a109168d001496ada7,ATLAS_SIG_A_TOP150,BRD-K97181089,amiloride,trt_cp,-0.2114165
ATLAS_SIG_A_TOP150,6a92f7a109168d001496ada7,ATLAS_SIG_A_TOP150,BRD-K04976539,aminogenistein,trt_cp,0.0
ATLAS_SIG_A_TOP150,6a92f7a109168d001496ada7,ATLAS_SIG_A_TOP150,BRD-K07762753,aminopurvalanol-a,trt_cp,0.0
ATLAS_SIG_A_TOP150,6a92f7a109168d001496ada7,ATLAS_SIG_A_TOP150,BRD-K39670393,amthamine,trt_cp,0.0
ATLAS_SIG_A_TOP150,6a92f7a109168d001496ada7,ATLAS_SIG_A_TOP150,BRD-K36638830,anabasine,trt_cp,-1.6560959
ATLAS_SIG_A_TOP150,6a92f7a109168d001496ada7,ATLAS_SIG_A_TOP150,BRD-K08502430,angiogenesis-inhibitor,trt_cp,0.0
ATLAS_SIG_A_TOP150,6a92f7a109168d001496ada7,ATLAS_SIG_A_TOP150,BRD-K88611939,aniracetam,trt_cp,0.0
ATLAS_SIG_A_TOP150,6a92f7a109168d001496ada7,ATLAS_SIG_A_TOP150,BRD-K91370081,anisomycin,trt_cp,0.0
ATLAS_SIG_A_TOP150,6a92f7a109168d001496ada7,ATLAS_SIG_A_TOP150,BRD-K15164005,apoptosis-activator-II,trt_cp,0.0
ATLAS_SIG_A_TOP150,6a92f7a109168d001496ada7,ATLAS_SIG_A_TOP150,BRD-K53523901,arctigenin,trt_cp,1.0705506
ATLAS_SIG_A_TOP150,6a92f7a109168d001496ada7,ATLAS_SIG_A_TOP150,BRD-K63792901,arecaidine-but-2-ynyl-ester,trt_cp,0.0
ATLAS_SIG_A_TOP150,6a92f7a109168d001496ada7,ATLAS_SIG_A_TOP150,BRD-K23922020,arecaidine-propargyl-ester,trt_cp,-2.60747
ATLAS_SIG_A_TOP150,6a92f7a109168d001496ada7,ATLAS_SIG_A_TOP150,BRD-K34092021,arvanil,trt_cp,0.0
ATLAS_SIG_A_TOP150,6a92f7a109168d001496ada7,ATLAS_SIG_A_TOP150,BRD-K64236792,austricine,trt_cp,-8.745742
ATLAS_SIG_A_TOP150,6a92f7a109168d001496ada7,ATLAS_SIG_A_TOP150,BRD-K75615183,talipexole,trt_cp,0.0
ATLAS_SIG_A_TOP150,6a92f7a109168d001496ada7,ATLAS_SIG_A_TOP150,BRD-A84189516,baccatin-III,trt_cp,-0.3875969
ATLAS_SIG_A_TOP150,6a92f7a109168d001496ada7,ATLAS_SIG_A_TOP150,BRD-K40742111,baeomycesic-acid,trt_cp,-14.007999
ATLAS_SIG_A_TOP150,6a92f7a109168d001496ada7,ATLAS_SIG_A_TOP150,BRD-K40919711,BAPTA-AM,trt_cp,-0.66948557
ATLAS_SIG_A_TOP150,6a92f7a109168d001496ada7,ATLAS_SIG_A_TOP150,BRD-K54704028,BAY-36-7620,trt_cp,-13.59857
ATLAS_SIG_A_TOP150,6a92f7a109168d001496ada7,ATLAS_SIG_A_TOP150,BRD-K18799075,BAY-59-3074,trt_cp,-1.7099358
ATLAS_SIG_A_TOP150,6a92f7a109168d001496ada7,ATLAS_SIG_A_TOP150,BRD-K17008822,BD-1008,trt_cp,-2.184637
ATLAS_SIG_A_TOP150,6a92f7a109168d001496ada7,ATLAS_SIG_A_TOP150,BRD-K36864847,BD-1047,trt_cp,1.7429101
ATLAS_SIG_A_TOP150,6a92f7a109168d001496ada7,ATLAS_SIG_A_TOP150,BRD-K29668683,BD-1063,trt_cp,0.0
ATLAS_SIG_A_TOP150,6a92f7a109168d001496ada7,ATLAS_SIG_A_TOP150,BRD-K87158025,benzamil,trt_cp,0.0
ATLAS_SIG_A_TOP150,6a92f7a109168d001496ada7,ATLAS_SIG_A_TOP150,BRD-K76872913,benzanthrone,trt_cp,-1.8584703
ATLAS_SIG_A_TOP150,6a92f7a109168d001496ada7,ATLAS_SIG_A_TOP150,BRD-K09668667,benzo(a)pyrene,trt_cp,-0.41958225
ATLAS_SIG_A_TOP150,6a92f7a109168d001496ada7,ATLAS_SIG_A_TOP150,BRD-K91315211,betahistine,trt_cp,0.0
ATLAS_SIG_A_TOP150,6a92f7a109168d001496ada7,ATLAS_SIG_A_TOP150,BRD-K46018455,bezafibrate,trt_cp,0.0
ATLAS_SIG_A_TOP150,6a92f7a109168d001496ada7,ATLAS_SIG_A_TOP150,BRD-A38913120,BH3I-1,trt_cp,0.0
ATLAS_SIG_A_TOP150,6a92f7a109168d001496ada7,ATLAS_SIG_A_TOP150,BRD-K28075147,biochanin-a,trt_cp,-4.5535297
ATLAS_SIG_A_TOP150,6a92f7a109168d001496ada7,ATLAS_SIG_A_TOP150,BRD-K94379058,BML-190,trt_cp,0.0
ATLAS_SIG_A_TOP150,6a92f7a109168d001496ada7,ATLAS_SIG_A_TOP150,BRD-K32584078,BML-257,trt_cp,-3.9464412
ATLAS_SIG_A_TOP150,6a92f7a109168d001496ada7,ATLAS_SIG_A_TOP150,BRD-A15435692,BMY-14802,trt_cp,2.501762
ATLAS_SIG_A_TOP150,6a92f7a109168d001496ada7,ATLAS_SIG_A_TOP150,BRD-K31054881,BMY-7378,trt_cp,1.4446794
ATLAS_SIG_A_TOP150,6a92f7a109168d001496ada7,ATLAS_SIG_A_TOP150,BRD-K45479396,BP-554,trt_cp,0.0
ATLAS_SIG_A_TOP150,6a92f7a109168d001496ada7,ATLAS_SIG_A_TOP150,BRD-A51829654,BRL-15572,trt_cp,0.0
ATLAS_SIG_A_TOP150,6a92f7a109168d001496ada7,ATLAS_SIG_A_TOP150,BRD-K07507905,BRL-37344,trt_cp,2.1390076
ATLAS_SIG_A_TOP150,6a92f7a109168d001496ada7,ATLAS_SIG_A_TOP150,BRD-K84266862,BRL-50481,trt_cp,-4.5102186
ATLAS_SIG_A_TOP150,6a92f7a109168d001496ada7,ATLAS_SIG_A_TOP150,BRD-K17868609,BRL-54443,trt_cp,0.0
ATLAS_SIG_A_TOP150,6a92f7a109168d001496ada7,ATLAS_SIG_A_TOP150,BRD-K11696279,BU-239,trt_cp,0.0
ATLAS_SIG_A_TOP150,6a92f7a109168d001496ada7,ATLAS_SIG_A_TOP150,BRD-A15931911,bucladesine,trt_cp,0.071479626
ATLAS_SIG_A_TOP150,6a92f7a109168d001496ada7,ATLAS_SIG_A_TOP150,BRD-K25905511,buddleoflavonoloside,trt_cp,5.0073986
ATLAS_SIG_A_TOP150,6a92f7a109168d001496ada7,ATLAS_SIG_A_TOP150,BRD-A16665823,butoconazole,trt_cp,0.0
ATLAS_SIG_A_TOP150,6a92f7a109168d001496ada7,ATLAS_SIG_A_TOP150,BRD-A17428743,BW-723C86,trt_cp,0.0
ATLAS_SIG_A_TOP150,6a92f7a109168d001496ada7,ATLAS_SIG_A_TOP150,BRD-A68891053,BW-B70C,trt_cp,0.0
ATLAS_SIG_A_TOP150,6a92f7a109168d001496ada7,ATLAS_SIG_A_TOP150,BRD-K15025317,BAY-11-7082,trt_cp,0.5285412
ATLAS_SIG_A_TOP150,6a92f7a109168d001496ada7,ATLAS_SIG_A_TOP150,BRD-K39111395,BCL2-inhibitor,trt_cp,12.236105
ATLAS_SIG_A_TOP150,6a92f7a109168d001496ada7,ATLAS_SIG_A_TOP150,BRD-K04185004,oxybuprocaine,trt_cp,17.090696
ATLAS_SIG_A_TOP150,6a92f7a109168d001496ada7,ATLAS_SIG_A_TOP150,BRD-K59574735,ubenimex,trt_cp,0.0
ATLAS_SIG_A_TOP150,6a92f7a109168d001496ada7,ATLAS_SIG_A_TOP150,BRD-K39188321,betamethasone,trt_cp,0.66948557
ATLAS_SIG_A_TOP150,6a92f7a109168d001496ada7,ATLAS_SIG_A_TOP150,BRD-A02759312,betaxolol,trt_cp,-1.9027485
ATLAS_SIG_A_TOP150,6a92f7a109168d001496ada7,ATLAS_SIG_A_TOP150,BRD-K18779551,bifemelane,trt_cp,-0.45806906
ATLAS_SIG_A_TOP150,6a92f7a109168d001496ada7,ATLAS_SIG_A_TOP150,BRD-K89210380,biotin,trt_cp,-0.845666
ATLAS_SIG_A_TOP150,6a92f7a109168d001496ada7,ATLAS_SIG_A_TOP150,BRD-A36471396,biperiden,trt_cp,13.322994
ATLAS_SIG_A_TOP150,6a92f7a109168d001496ada7,ATLAS_SIG_A_TOP150,BRD-K32906660,bis-tyrphostin,trt_cp,-1.9027485
ATLAS_SIG_A_TOP150,6a92f7a109168d001496ada7,ATLAS_SIG_A_TOP150,BRD-K03440695,boldine,trt_cp,0.0
ATLAS_SIG_A_TOP150,6a92f7a109168d001496ada7,ATLAS_SIG_A_TOP150,BRD-A17065207,brefeldin-a,trt_cp,1.726568
ATLAS_SIG_A_TOP150,6a92f7a109168d001496ada7,ATLAS_SIG_A_TOP150,BRD-K74913225,brinzolamide,trt_cp,-0.31712472
ATLAS_SIG_A_TOP150,6a92f7a109168d001496ada7,ATLAS_SIG_A_TOP150,BRD-A69960130,bromocriptine,trt_cp,0.0
ATLAS_SIG_A_TOP150,6a92f7a109168d001496ada7,ATLAS_SIG_A_TOP150,BRD-A58157837,butabindide,trt_cp,0.0
ATLAS_SIG_A_TOP150,6a92f7a109168d001496ada7,ATLAS_SIG_A_TOP150,BRD-K17497770,butein,trt_cp,23.656824
ATLAS_SIG_A_TOP150,6a92f7a109168d001496ada7,ATLAS_SIG_A_TOP150,BRD-K27499107,carbacyclin,trt_cp,0.0
ATLAS_SIG_A_TOP150,6a92f7a109168d001496ada7,ATLAS_SIG_A_TOP150,BRD-A98702003,carbenoxolone,trt_cp,-2.0084567
ATLAS_SIG_A_TOP150,6a92f7a109168d001496ada7,ATLAS_SIG_A_TOP150,BRD-K53570330,carbofuran,trt_cp,-1.691332
ATLAS_SIG_A_TOP150,6a92f7a109168d001496ada7,ATLAS_SIG_A_TOP150,BRD-A17411484,carprofen,trt_cp,-2.5192642
ATLAS_SIG_A_TOP150,6a92f7a109168d001496ada7,ATLAS_SIG_A_TOP150,BRD-K03600606,catechin,trt_cp,1.2684989
ATLAS_SIG_A_TOP150,6a92f7a109168d001496ada7,ATLAS_SIG_A_TOP150,BRD-K15616905,CCCP,trt_cp,0.0
ATLAS_SIG_A_TOP150,6a92f7a109168d001496ada7,ATLAS_SIG_A_TOP150,BRD-K06159959,CCMQ,trt_cp,2.4312897
ATLAS_SIG_A_TOP150,6a92f7a109168d001496ada7,ATLAS_SIG_A_TOP150,BRD-K65503129,CCT-018159,trt_cp,0.0
ATLAS_SIG_A_TOP150,6a92f7a109168d001496ada7,ATLAS_SIG_A_TOP150,BRD-K10870738,CDC,trt_cp,1.1627907
ATLAS_SIG_A_TOP150,6a92f7a109168d001496ada7,ATLAS_SIG_A_TOP150,BRD-A08877921,cephalotaxine,trt_cp,19.83883
ATLAS_SIG_A_TOP150,6a92f7a109168d001496ada7,ATLAS_SIG_A_TOP150,BRD-K64341947,CFM-1571,trt_cp,0.0
ATLAS_SIG_A_TOP150,6a92f7a109168d001496ada7,ATLAS_SIG_A_TOP150,BRD-A50737080,CGK-733,trt_cp,2.0084567
ATLAS_SIG_A_TOP150,6a92f7a109168d001496ada7,ATLAS_SIG_A_TOP150,BRD-A34706053,CGP-12177,trt_cp,-1.8675123
ATLAS_SIG_A_TOP150,6a92f7a109168d001496ada7,ATLAS_SIG_A_TOP150,BRD-K95851186,CGP-13501,trt_cp,-16.340078
ATLAS_SIG_A_TOP150,6a92f7a109168d001496ada7,ATLAS_SIG_A_TOP150,BRD-A31575449,CGP-20712,trt_cp,0.2114165
ATLAS_SIG_A_TOP150,6a92f7a109168d001496ada7,ATLAS_SIG_A_TOP150,BRD-A35623999,CGP-37157,trt_cp,0.0
ATLAS_SIG_A_TOP150,6a92f7a109168d001496ada7,ATLAS_SIG_A_TOP150,BRD-A04668240,CGP-52432,trt_cp,0.0
ATLAS_SIG_A_TOP150,6a92f7a109168d001496ada7,ATLAS_SIG_A_TOP150,BRD-K32292990,CGP-53353,trt_cp,5.667893
ATLAS_SIG_A_TOP150,6a92f7a109168d001496ada7,ATLAS_SIG_A_TOP150,BRD-A89672324,CGP-55845,trt_cp,2.4660928
ATLAS_SIG_A_TOP150,6a92f7a109168d001496ada7,ATLAS_SIG_A_TOP150,BRD-K31912990,CGP-71683,trt_cp,19.298763
ATLAS_SIG_A_TOP150,6a92f7a109168d001496ada7,ATLAS_SIG_A_TOP150,BRD-K65786282,CGP-7930,trt_cp,-2.3960536
ATLAS_SIG_A_TOP150,6a92f7a109168d001496ada7,ATLAS_SIG_A_TOP150,BRD-K18909381,CGS-12066B,trt_cp,0.14094433
ATLAS_SIG_A_TOP150,6a92f7a109168d001496ada7,ATLAS_SIG_A_TOP150,BRD-K68103045,CGS-20625,trt_cp,-1.4094433
ATLAS_SIG_A_TOP150,6a92f7a109168d001496ada7,ATLAS_SIG_A_TOP150,BRD-A81866333,CGS-21680,trt_cp,1.0923185
ATLAS_SIG_A_TOP150,6a92f7a109168d001496ada7,ATLAS_SIG_A_TOP150,BRD-A26032986,zaldaride,trt_cp,0.28188866
ATLAS_SIG_A_TOP150,6a92f7a109168d001496ada7,ATLAS_SIG_A_TOP150,BRD-K67680372,CI-966,trt_cp,1.2332629
ATLAS_SIG_A_TOP150,6a92f7a109168d001496ada7,ATLAS_SIG_A_TOP150,BRD-A93000692,ciglitazone,trt_cp,0.0
ATLAS_SIG_A_TOP150,6a92f7a109168d001496ada7,ATLAS_SIG_A_TOP150,BRD-K00662280,CL-218872,trt_cp,0.0
ATLAS_SIG_A_TOP150,6a92f7a109168d001496ada7,ATLAS_SIG_A_TOP150,BRD-K00675675,CL-82198,trt_cp,0.0
ATLAS_SIG_A_TOP150,6a92f7a109168d001496ada7,ATLAS_SIG_A_TOP150,BRD-K13642330,cosmosiin,trt_cp,1.725097
ATLAS_SIG_A_TOP150,6a92f7a109168d001496ada7,ATLAS_SIG_A_TOP150,BRD-K96271548,coumaric-acid,trt_cp,15.539374
ATLAS_SIG_A_TOP150,6a92f7a109168d001496ada7,ATLAS_SIG_A_TOP150,BRD-A03816571,CP-55940,trt_cp,-0.7751938
ATLAS_SIG_A_TOP150,6a92f7a109168d001496ada7,ATLAS_SIG_A_TOP150,BRD-K81876028,CP-93129,trt_cp,0.0
ATLAS_SIG_A_TOP150,6a92f7a109168d001496ada7,ATLAS_SIG_A_TOP150,BRD-K33860217,CP-94253,trt_cp,0.0
ATLAS_SIG_A_TOP150,6a92f7a109168d001496ada7,ATLAS_SIG_A_TOP150,BRD-A18202423,CPCCOEt,trt_cp,0.0
ATLAS_SIG_A_TOP150,6a92f7a109168d001496ada7,ATLAS_SIG_A_TOP150,BRD-K08547377,irinotecan,trt_cp,-24.767004
ATLAS_SIG_A_TOP150,6a92f7a109168d001496ada7,ATLAS_SIG_A_TOP150,BRD-K57179821,crotamiton,trt_cp,0.0
ATLAS_SIG_A_TOP150,6a92f7a109168d001496ada7,ATLAS_SIG_A_TOP150,BRD-K79353516,indolophenanthridine,trt_cp,0.0
ATLAS_SIG_A_TOP150,6a92f7a109168d001496ada7,ATLAS_SIG_A_TOP150,BRD-A71459254,cymarin,trt_cp,2.2551093
ATLAS_SIG_A_TOP150,6a92f7a109168d001496ada7,ATLAS_SIG_A_TOP150,BRD-A63043573,cabergoline,trt_cp,-0.422833
ATLAS_SIG_A_TOP150,6a92f7a109168d001496ada7,ATLAS_SIG_A_TOP150,BRD-K86882815,cabergoline,trt_cp,0.63424945
ATLAS_SIG_A_TOP150,6a92f7a109168d001496ada7,ATLAS_SIG_A_TOP150,BRD-K84709232,caffeic-acid,trt_cp,3.030303
ATLAS_SIG_A_TOP150,6a92f7a109168d001496ada7,ATLAS_SIG_A_TOP150,BRD-K59851896,calycanthine,trt_cp,0.0
ATLAS_SIG_A_TOP150,6a92f7a109168d001496ada7,ATLAS_SIG_A_TOP150,BRD-A30437061,camptothecin,trt_cp,0.0
ATLAS_SIG_A_TOP150,6a92f7a109168d001496ada7,ATLAS_SIG_A_TOP150,BRD-K46556543,potassium-canrenoate,trt_cp,0.0
ATLAS_SIG_A_TOP150,6a92f7a109168d001496ada7,ATLAS_SIG_A_TOP150,BRD-K44849676,capsazepine,trt_cp,1.303735
ATLAS_SIG_A_TOP150,6a92f7a109168d001496ada7,ATLAS_SIG_A_TOP150,BRD-K12765235,carbenoxolone,trt_cp,0.0
ATLAS_SIG_A_TOP150,6a92f7a109168d001496ada7,ATLAS_SIG_A_TOP150,BRD-K99174507,cardiogenol-c,trt_cp,-1.691332
ATLAS_SIG_A_TOP150,6a92f7a109168d001496ada7,ATLAS_SIG_A_TOP150,BRD-K82484965,carmoxirole,trt_cp,0.0
ATLAS_SIG_A_TOP150,6a92f7a109168d001496ada7,ATLAS_SIG_A_TOP150,BRD-A42167015,carteolol,trt_cp,0.3523608
ATLAS_SIG_A_TOP150,6a92f7a109168d001496ada7,ATLAS_SIG_A_TOP150,BRD-A61899133,catechin,trt_cp,-61.24913
ATLAS_SIG_A_TOP150,6a92f7a109168d001496ada7,ATLAS_SIG_A_TOP150,BRD-K87932577,NSC-693868,trt_cp,0.0
ATLAS_SIG_A_TOP150,6a92f7a109168d001496ada7,ATLAS_SIG_A_TOP150,BRD-K71860425,CDK2-5-inhibitor,trt_cp,-9.2758
ATLAS_SIG_A_TOP150,6a92f7a109168d001496ada7,ATLAS_SIG_A_TOP150,BRD-K71059170,cefixime,trt_cp,0.0
ATLAS_SIG_A_TOP150,6a92f7a109168d001496ada7,ATLAS_SIG_A_TOP150,BRD-K37848908,ceforanide,trt_cp,-8.058926
ATLAS_SIG_A_TOP150,6a92f7a109168d001496ada7,ATLAS_SIG_A_TOP150,BRD-K02275692,cefotiam,trt_cp,1.2332629
ATLAS_SIG_A_TOP150,6a92f7a109168d001496ada7,ATLAS_SIG_A_TOP150,BRD-K50422030,clomethiazole,trt_cp,0.0
ATLAS_SIG_A_TOP150,6a92f7a109168d001496ada7,ATLAS_SIG_A_TOP150,BRD-A90311807,cilastatin,trt_cp,0.0
ATLAS_SIG_A_TOP150,6a92f7a109168d001496ada7,ATLAS_SIG_A_TOP150,BRD-A07875874,cilnidipine,trt_cp,0.49330515
ATLAS_SIG_A_TOP150,6a92f7a109168d001496ada7,ATLAS_SIG_A_TOP150,BRD-K28578425,cilostamide,trt_cp,1.4094433
ATLAS_SIG_A_TOP150,6a92f7a109168d001496ada7,ATLAS_SIG_A_TOP150,BRD-K18618618,cimetidine,trt_cp,3.5469942
ATLAS_SIG_A_TOP150,6a92f7a109168d001496ada7,ATLAS_SIG_A_TOP150,BRD-K72816382,cinalukast,trt_cp,-2.3960536
ATLAS_SIG_A_TOP150,6a92f7a109168d001496ada7,ATLAS_SIG_A_TOP150,BRD-K15522385,cinanserin,trt_cp,0.0
ATLAS_SIG_A_TOP150,6a92f7a109168d001496ada7,ATLAS_SIG_A_TOP150,BRD-K07220430,cinnarizine,trt_cp,-37.458992
ATLAS_SIG_A_TOP150,6a92f7a109168d001496ada7,ATLAS_SIG_A_TOP150,BRD-A49358627,ciprofibrate,trt_cp,0.0
ATLAS_SIG_A_TOP150,6a92f7a109168d001496ada7,ATLAS_SIG_A_TOP150,BRD-K54142781,cirazoline,trt_cp,1.6818881
ATLAS_SIG_A_TOP150,6a92f7a109168d001496ada7,ATLAS_SIG_A_TOP150,BRD-K71430621,clobenpropit,trt_cp,-0.033664297
ATLAS_SIG_A_TOP150,6a92f7a109168d001496ada7,ATLAS_SIG_A_TOP150,BRD-A63894585,clobetasol,trt_cp,-1.3742071
ATLAS_SIG_A_TOP150,6a92f7a109168d001496ada7,ATLAS_SIG_A_TOP150,BRD-K38003476,clocortolone-pivalate,trt_cp,0.0
ATLAS_SIG_A_TOP150,6a92f7a109168d001496ada7,ATLAS_SIG_A_TOP150,BRD-A82371568,clofarabine,trt_cp,0.0
ATLAS_SIG_A_TOP150,6a92f7a109168d001496ada7,ATLAS_SIG_A_TOP150,BRD-K04218075,clomifene,trt_cp,-0.070472166
ATLAS_SIG_A_TOP150,6a92f7a109168d001496ada7,ATLAS_SIG_A_TOP150,BRD-K52989797,clomipramine,trt_cp,-0.2114165
ATLAS_SIG_A_TOP150,6a92f7a109168d001496ada7,ATLAS_SIG_A_TOP150,BRD-K08890269,CO-102862,trt_cp,-0.5285412
ATLAS_SIG_A_TOP150,6a92f7a109168d001496ada7,ATLAS_SIG_A_TOP150,BRD-A76093993,cromakalim,trt_cp,0.0
ATLAS_SIG_A_TOP150,6a92f7a109168d001496ada7,ATLAS_SIG_A_TOP150,BRD-A49680073,cucurbitacin-i,trt_cp,40.81031
ATLAS_SIG_A_TOP150,6a92f7a109168d001496ada7,ATLAS_SIG_A_TOP150,BRD-K89046952,ciclacillin,trt_cp,-2.4312897
ATLAS_SIG_A_TOP150,6a92f7a109168d001496ada7,ATLAS_SIG_A_TOP150,BRD-K95992530,cyclo-[Arg-Gly-Asp-D-Phe-Val],trt_cp,0.0
ATLAS_SIG_A_TOP150,6a92f7a109168d001496ada7,ATLAS_SIG_A_TOP150,BRD-A41250306,cyclopenthiazide,trt_cp,0.0
ATLAS_SIG_A_TOP150,6a92f7a109168d001496ada7,ATLAS_SIG_A_TOP150,BRD-A10420615,cyclopiazonic-acid,trt_cp,0.0
ATLAS_SIG_A_TOP150,6a92f7a109168d001496ada7,ATLAS_SIG_A_TOP150,BRD-A64290322,cyclosporin-a,trt_cp,0.0
ATLAS_SIG_A_TOP150,6a92f7a109168d001496ada7,ATLAS_SIG_A_TOP150,BRD-K13533483,cyclosporin-a,trt_cp,0.0
ATLAS_SIG_A_TOP150,6a92f7a109168d001496ada7,ATLAS_SIG_A_TOP150,BRD-A39290993,cyproterone,trt_cp,1.5978577
ATLAS_SIG_A_TOP150,6a92f7a109168d001496ada7,ATLAS_SIG_A_TOP150,BRD-K09132007,D-4476,trt_cp,-8.431952
ATLAS_SIG_A_TOP150,6a92f7a109168d001496ada7,ATLAS_SIG_A_TOP150,BRD-K26997899,D-64131,trt_cp,0.0
ATLAS_SIG_A_TOP150,6a92f7a109168d001496ada7,ATLAS_SIG_A_TOP150,BRD-A73909368,dactinomycin,trt_cp,0.0
ATLAS_SIG_A_TOP150,6a92f7a109168d001496ada7,ATLAS_SIG_A_TOP150,BRD-K10065684,dantron,trt_cp,0.0
ATLAS_SIG_A_TOP150,6a92f7a109168d001496ada7,ATLAS_SIG_A_TOP150,BRD-A68929948,DAPT-GSI-IX,trt_cp,-54.058712
ATLAS_SIG_A_TOP150,6a92f7a109168d001496ada7,ATLAS_SIG_A_TOP150,BRD-K31633810,DAU-5884,trt_cp,7.4253836
ATLAS_SIG_A_TOP150,6a92f7a109168d001496ada7,ATLAS_SIG_A_TOP150,BRD-K74430258,"1,2-dichlorobenzene",trt_cp,-3.3201575
ATLAS_SIG_A_TOP150,6a92f7a109168d001496ada7,ATLAS_SIG_A_TOP150,BRD-K32526544,DCEBIO,trt_cp,0.0
ATLAS_SIG_A_TOP150,6a92f7a109168d001496ada7,ATLAS_SIG_A_TOP150,BRD-K61401890,deguelin,trt_cp,0.0
ATLAS_SIG_A_TOP150,6a92f7a109168d001496ada7,ATLAS_SIG_A_TOP150,BRD-A75402480,deoxycorticosterone-acetate,trt_cp,0.63424945
ATLAS_SIG_A_TOP150,6a92f7a109168d001496ada7,ATLAS_SIG_A_TOP150,BRD-K23623876,decafluorobutane,trt_cp,0.0
ATLAS_SIG_A_TOP150,6a92f7a109168d001496ada7,ATLAS_SIG_A_TOP150,BRD-K06014311,DH-97,trt_cp,15.157543
ATLAS_SIG_A_TOP150,6a92f7a109168d001496ada7,ATLAS_SIG_A_TOP150,BRD-K76133116,benzydamine,trt_cp,-10.579682
ATLAS_SIG_A_TOP150,6a92f7a109168d001496ada7,ATLAS_SIG_A_TOP150,BRD-K16508793,diazepam,trt_cp,-18.38874
ATLAS_SIG_A_TOP150,6a92f7a109168d001496ada7,ATLAS_SIG_A_TOP150,BRD-K12906962,dichlorobenzamil,trt_cp,0.0
ATLAS_SIG_A_TOP150,6a92f7a109168d001496ada7,ATLAS_SIG_A_TOP150,BRD-K29178788,dictamnine,trt_cp,7.2761135
ATLAS_SIG_A_TOP150,6a92f7a109168d001496ada7,ATLAS_SIG_A_TOP150,BRD-K81521265,dicyclohexylurea,trt_cp,0.0
ATLAS_SIG_A_TOP150,6a92f7a109168d001496ada7,ATLAS_SIG_A_TOP150,BRD-K94080537,diethyltoluamide,trt_cp,0.0
ATLAS_SIG_A_TOP150,6a92f7a109168d001496ada7,ATLAS_SIG_A_TOP150,BRD-K96362535,tubaic-acid,trt_cp,1.92995
ATLAS_SIG_A_TOP150,6a92f7a109168d001496ada7,ATLAS_SIG_A_TOP150,BRD-K32645441,dipropyl-5ct,trt_cp,-1.0570824
ATLAS_SIG_A_TOP150,6a92f7a109168d001496ada7,ATLAS_SIG_A_TOP150,BRD-K69032158,diprotin-a,trt_cp,-54.488186
ATLAS_SIG_A_TOP150,6a92f7a109168d001496ada7,ATLAS_SIG_A_TOP150,BRD-K26573499,DMAB-anabaseine,trt_cp,0.0
ATLAS_SIG_A_TOP150,6a92f7a109168d001496ada7,ATLAS_SIG_A_TOP150,BRD-K89274813,DMP-543,trt_cp,0.0
ATLAS_SIG_A_TOP150,6a92f7a109168d001496ada7,ATLAS_SIG_A_TOP150,BRD-K31699485,DMeOB,trt_cp,0.0
ATLAS_SIG_A_TOP150,6a92f7a109168d001496ada7,ATLAS_SIG_A_TOP150,BRD-K85266041,DNQX,trt_cp,0.0
ATLAS_SIG_A_TOP150,6a92f7a109168d001496ada7,ATLAS_SIG_A_TOP150,BRD-K17378184,BP-897,trt_cp,0.28188866
ATLAS_SIG_A_TOP150,6a92f7a109168d001496ada7,ATLAS_SIG_A_TOP150,BRD-K39965020,doconexent,trt_cp,0.422833
ATLAS_SIG_A_TOP150,6a92f7a109168d001496ada7,ATLAS_SIG_A_TOP150,BRD-K01624546,docosatrienoic-acid,trt_cp,-1.3389711
ATLAS_SIG_A_TOP150,6a92f7a109168d001496ada7,ATLAS_SIG_A_TOP150,BRD-A27143604,diarylpropionitrile,trt_cp,1.8322762
ATLAS_SIG_A_TOP150,6a92f7a109168d001496ada7,ATLAS_SIG_A_TOP150,BRD-K80315159,DPPE,trt_cp,20.195004
ATLAS_SIG_A_TOP150,6a92f7a109168d001496ada7,ATLAS_SIG_A_TOP150,BRD-K94920105,DR-2313,trt_cp,0.0
ATLAS_SIG_A_TOP150,6a92f7a109168d001496ada7,ATLAS_SIG_A_TOP150,BRD-K33459542,ditolylguanidine,trt_cp,0.0
ATLAS_SIG_A_TOP150,6a92f7a109168d001496ada7,ATLAS_SIG_A_TOP150,BRD-K62353524,DY-131,trt_cp,-4.6922846
ATLAS_SIG_A_TOP150,6a92f7a109168d001496ada7,ATLAS_SIG_A_TOP150,BRD-A20243730,danazol,trt_cp,0.0
ATLAS_SIG_A_TOP150,6a92f7a109168d001496ada7,ATLAS_SIG_A_TOP150,BRD-K48970916,danazol,trt_cp,-0.24665257
ATLAS_SIG_A_TOP150,6a92f7a109168d001496ada7,ATLAS_SIG_A_TOP150,BRD-A68009927,daunorubicin,trt_cp,0.0
ATLAS_SIG_A_TOP150,6a92f7a109168d001496ada7,ATLAS_SIG_A_TOP150,BRD-K96527333,dehydroisoandosterone,trt_cp,0.0
ATLAS_SIG_A_TOP150,6a92f7a109168d001496ada7,ATLAS_SIG_A_TOP150,BRD-A88282067,delcorine,trt_cp,0.0
ATLAS_SIG_A_TOP150,6a92f7a109168d001496ada7,ATLAS_SIG_A_TOP150,BRD-A99177642,deltaline,trt_cp,2.0436928
ATLAS_SIG_A_TOP150,6a92f7a109168d001496ada7,ATLAS_SIG_A_TOP150,BRD-K37792168,denbufylline,trt_cp,0.0
ATLAS_SIG_A_TOP150,6a92f7a109168d001496ada7,ATLAS_SIG_A_TOP150,BRD-K98521173,desoxycortone,trt_cp,0.0
ATLAS_SIG_A_TOP150,6a92f7a109168d001496ada7,ATLAS_SIG_A_TOP150,BRD-K31238592,devazepide,trt_cp,-1.6208597
ATLAS_SIG_A_TOP150,6a92f7a109168d001496ada7,ATLAS_SIG_A_TOP150,BRD-K33211335,dextromethorphan,trt_cp,-3.2064834
ATLAS_SIG_A_TOP150,6a92f7a109168d001496ada7,ATLAS_SIG_A_TOP150,BRD-K71499074,diclofenamide,trt_cp,-0.31712472
ATLAS_SIG_A_TOP150,6a92f7a109168d001496ada7,ATLAS_SIG_A_TOP150,BRD-K17674993,diflorasone,trt_cp,1.7625754
ATLAS_SIG_A_TOP150,6a92f7a109168d001496ada7,ATLAS_SIG_A_TOP150,BRD-K18619710,digoxigenin,trt_cp,0.0
ATLAS_SIG_A_TOP150,6a92f7a109168d001496ada7,ATLAS_SIG_A_TOP150,BRD-K23478508,digoxin,trt_cp,0.0
ATLAS_SIG_A_TOP150,6a92f7a109168d001496ada7,ATLAS_SIG_A_TOP150,BRD-K97440753,dihydroergocristine,trt_cp,-6.1310782
ATLAS_SIG_A_TOP150,6a92f7a109168d001496ada7,ATLAS_SIG_A_TOP150,BRD-K73391359,quinisocaine,trt_cp,-34.91609
ATLAS_SIG_A_TOP150,6a92f7a109168d001496ada7,ATLAS_SIG_A_TOP150,BRD-K65814004,diphenyleneiodonium,trt_cp,0.0
ATLAS_SIG_A_TOP150,6a92f7a109168d001496ada7,ATLAS_SIG_A_TOP150,BRD-K54759182,dosulepin,trt_cp,0.0
ATLAS_SIG_A_TOP150,6a92f7a109168d001496ada7,ATLAS_SIG_A_TOP150,BRD-K92093830,doxorubicin,trt_cp,0.0
ATLAS_SIG_A_TOP150,6a92f7a109168d001496ada7,ATLAS_SIG_A_TOP150,BRD-K06221026,DUP-697,trt_cp,-1.9379845
ATLAS_SIG_A_TOP150,6a92f7a109168d001496ada7,ATLAS_SIG_A_TOP150,BRD-K68620903,dydrogesterone,trt_cp,11.834037
ATLAS_SIG_A_TOP150,6a92f7a109168d001496ada7,ATLAS_SIG_A_TOP150,BRD-A96485169,EBPC,trt_cp,0.0
ATLAS_SIG_A_TOP150,6a92f7a109168d001496ada7,ATLAS_SIG_A_TOP150,BRD-K16233984,eriochrome-black-t,trt_cp,0.0
ATLAS_SIG_A_TOP150,6a92f7a109168d001496ada7,ATLAS_SIG_A_TOP150,BRD-A51820102,econazole,trt_cp,0.0
ATLAS_SIG_A_TOP150,6a92f7a109168d001496ada7,ATLAS_SIG_A_TOP150,BRD-K27450477,EHNA,trt_cp,-20.541193
ATLAS_SIG_A_TOP150,6a92f7a109168d001496ada7,ATLAS_SIG_A_TOP150,BRD-K63913457,eicosatrienoic-acid,trt_cp,-12.478835
ATLAS_SIG_A_TOP150,6a92f7a109168d001496ada7,ATLAS_SIG_A_TOP150,BRD-K88759641,EMD-66684,trt_cp,-11.14558
ATLAS_SIG_A_TOP150,6a92f7a109168d001496ada7,ATLAS_SIG_A_TOP150,BRD-K57545991,enalapril,trt_cp,0.0
ATLAS_SIG_A_TOP150,6a92f7a109168d001496ada7,ATLAS_SIG_A_TOP150,BRD-K76534306,enrofloxacin,trt_cp,0.0
ATLAS_SIG_A_TOP150,6a92f7a109168d001496ada7,ATLAS_SIG_A_TOP150,BRD-K42452249,EO-1428,trt_cp,0.0
ATLAS_SIG_A_TOP150,6a92f7a109168d001496ada7,ATLAS_SIG_A_TOP150,BRD-A53131506,epitestosterone,trt_cp,0.0
ATLAS_SIG_A_TOP150,6a92f7a109168d001496ada7,ATLAS_SIG_A_TOP150,BRD-K11927976,ER-27319,trt_cp,0.0
ATLAS_SIG_A_TOP150,6a92f7a109168d001496ada7,ATLAS_SIG_A_TOP150,BRD-K19360254,ergocornine,trt_cp,-2.8893588
ATLAS_SIG_A_TOP150,6a92f7a109168d001496ada7,ATLAS_SIG_A_TOP150,BRD-A73581086,ergometrine,trt_cp,-1.2684989
ATLAS_SIG_A_TOP150,6a92f7a109168d001496ada7,ATLAS_SIG_A_TOP150,BRD-A35033682,eriodictyol,trt_cp,0.0
ATLAS_SIG_A_TOP150,6a92f7a109168d001496ada7,ATLAS_SIG_A_TOP150,BRD-A23226398,estradiol,trt_cp,-2.5722222
ATLAS_SIG_A_TOP150,6a92f7a109168d001496ada7,ATLAS_SIG_A_TOP150,BRD-A39747742,estradiol-valerate,trt_cp,2.0368533
ATLAS_SIG_A_TOP150,6a92f7a109168d001496ada7,ATLAS_SIG_A_TOP150,BRD-A84205515,estriol,trt_cp,0.0
ATLAS_SIG_A_TOP150,6a92f7a109168d001496ada7,ATLAS_SIG_A_TOP150,BRD-K49061529,BRD-K49061529,trt_cp,8.765838
ATLAS_SIG_A_TOP150,6a92f7a109168d001496ada7,ATLAS_SIG_A_TOP150,BRD-K15842202,eudesmic-acid,trt_cp,6.9609504
ATLAS_SIG_A_TOP150,6a92f7a109168d001496ada7,ATLAS_SIG_A_TOP150,BRD-K46068882,eugenitol,trt_cp,0.0
ATLAS_SIG_A_TOP150,6a92f7a109168d001496ada7,ATLAS_SIG_A_TOP150,BRD-K86727142,embelin,trt_cp,-0.9866103
ATLAS_SIG_A_TOP150,6a92f7a109168d001496ada7,ATLAS_SIG_A_TOP150,BRD-K39339537,epirizole,trt_cp,0.0
ATLAS_SIG_A_TOP150,6a92f7a109168d001496ada7,ATLAS_SIG_A_TOP150,BRD-A39969961,eplerenone,trt_cp,0.0
ATLAS_SIG_A_TOP150,6a92f7a109168d001496ada7,ATLAS_SIG_A_TOP150,BRD-K04046242,equilin,trt_cp,-0.070472166
ATLAS_SIG_A_TOP150,6a92f7a109168d001496ada7,ATLAS_SIG_A_TOP150,BRD-A99411506,esculin,trt_cp,0.0
ATLAS_SIG_A_TOP150,6a92f7a109168d001496ada7,ATLAS_SIG_A_TOP150,BRD-K17016787,estriol,trt_cp,0.0
ATLAS_SIG_A_TOP150,6a92f7a109168d001496ada7,ATLAS_SIG_A_TOP150,BRD-K81839095,estrone,trt_cp,0.0
ATLAS_SIG_A_TOP150,6a92f7a109168d001496ada7,ATLAS_SIG_A_TOP150,BRD-K03981224,ethisterone,trt_cp,-29.872257
ATLAS_SIG_A_TOP150,6a92f7a109168d001496ada7,ATLAS_SIG_A_TOP150,BRD-K31920458,mestranol,trt_cp,-0.19920047
ATLAS_SIG_A_TOP150,6a92f7a109168d001496ada7,ATLAS_SIG_A_TOP150,BRD-K47693913,evoxine,trt_cp,8.851402
ATLAS_SIG_A_TOP150,6a92f7a109168d001496ada7,ATLAS_SIG_A_TOP150,BRD-K78633253,EXO-1,trt_cp,6.9311814
ATLAS_SIG_A_TOP150,6a92f7a109168d001496ada7,ATLAS_SIG_A_TOP150,BRD-K63089472,farnesylthioacetic-acid,trt_cp,-5.0739956
ATLAS_SIG_A_TOP150,6a92f7a109168d001496ada7,ATLAS_SIG_A_TOP150,BRD-K14821540,FCCP,trt_cp,34.404778
ATLAS_SIG_A_TOP150,6a92f7a109168d001496ada7,ATLAS_SIG_A_TOP150,BRD-K48367671,febuxostat,trt_cp,0.0
ATLAS_SIG_A_TOP150,6a92f7a109168d001496ada7,ATLAS_SIG_A_TOP150,BRD-K51318897,fenbendazole,trt_cp,2.0084567
ATLAS_SIG_A_TOP150,6a92f7a109168d001496ada7,ATLAS_SIG_A_TOP150,BRD-A83081521,finasteride,trt_cp,0.0
ATLAS_SIG_A_TOP150,6a92f7a109168d001496ada7,ATLAS_SIG_A_TOP150,BRD-K17896185,FIT,trt_cp,2.2198732
ATLAS_SIG_A_TOP150,6a92f7a109168d001496ada7,ATLAS_SIG_A_TOP150,BRD-K83508485,FK-888,trt_cp,0.0
ATLAS_SIG_A_TOP150,6a92f7a109168d001496ada7,ATLAS_SIG_A_TOP150,BRD-K30296925,flavokavain-b,trt_cp,26.481457
ATLAS_SIG_A_TOP150,6a92f7a109168d001496ada7,ATLAS_SIG_A_TOP150,BRD-K44067360,flufenamic-acid,trt_cp,3.382664
ATLAS_SIG_A_TOP150,6a92f7a109168d001496ada7,ATLAS_SIG_A_TOP150,BRD-A01346607,flumetasone,trt_cp,0.0
ATLAS_SIG_A_TOP150,6a92f7a109168d001496ada7,ATLAS_SIG_A_TOP150,BRD-A65449987,flunisolide,trt_cp,-1.8322762
ATLAS_SIG_A_TOP150,6a92f7a109168d001496ada7,ATLAS_SIG_A_TOP150,BRD-K15715913,fluperlapine,trt_cp,-0.070472166
ATLAS_SIG_A_TOP150,6a92f7a109168d001496ada7,ATLAS_SIG_A_TOP150,BRD-K31611373,fluprostenol,trt_cp,-27.469269
ATLAS_SIG_A_TOP150,6a92f7a109168d001496ada7,ATLAS_SIG_A_TOP150,BRD-A49765801,fludroxycortide,trt_cp,-32.036926
ATLAS_SIG_A_TOP150,6a92f7a109168d001496ada7,ATLAS_SIG_A_TOP150,BRD-A96456596,FPL-55712,trt_cp,-0.9866103
ATLAS_SIG_A_TOP150,6a92f7a109168d001496ada7,ATLAS_SIG_A_TOP150,BRD-K30990140,FR-122047,trt_cp,1.9027485
ATLAS_SIG_A_TOP150,6a92f7a109168d001496ada7,ATLAS_SIG_A_TOP150,BRD-A80641450,FR-139317,trt_cp,-0.845666
ATLAS_SIG_A_TOP150,6a92f7a109168d001496ada7,ATLAS_SIG_A_TOP150,BRD-K66944906,fraxidin,trt_cp,0.0
ATLAS_SIG_A_TOP150,6a92f7a109168d001496ada7,ATLAS_SIG_A_TOP150,BRD-K96402602,farnesylthiotriazole,trt_cp,4.121147
ATLAS_SIG_A_TOP150,6a92f7a109168d001496ada7,ATLAS_SIG_A_TOP150,BRD-K08998509,fananserin,trt_cp,0.0
ATLAS_SIG_A_TOP150,6a92f7a109168d001496ada7,ATLAS_SIG_A_TOP150,BRD-K76617868,fasudil,trt_cp,0.0
ATLAS_SIG_A_TOP150,6a92f7a109168d001496ada7,ATLAS_SIG_A_TOP150,BRD-K99107520,felbamate,trt_cp,-1.3389711
ATLAS_SIG_A_TOP150,6a92f7a109168d001496ada7,ATLAS_SIG_A_TOP150,BRD-A30815329,felodipine,trt_cp,-8.23768
ATLAS_SIG_A_TOP150,6a92f7a109168d001496ada7,ATLAS_SIG_A_TOP150,BRD-K41160163,fenobam,trt_cp,0.0
ATLAS_SIG_A_TOP150,6a92f7a109168d001496ada7,ATLAS_SIG_A_TOP150,BRD-A50684349,fenoldopam,trt_cp,-0.45806906
ATLAS_SIG_A_TOP150,6a92f7a109168d001496ada7,ATLAS_SIG_A_TOP150,BRD-K28168037,fenretinide,trt_cp,66.003525
ATLAS_SIG_A_TOP150,6a92f7a109168d001496ada7,ATLAS_SIG_A_TOP150,BRD-K34170797,fexaramine,trt_cp,0.0
ATLAS_SIG_A_TOP150,6a92f7a109168d001496ada7,ATLAS_SIG_A_TOP150,BRD-K28667196,fillalbin,trt_cp,0.0
ATLAS_SIG_A_TOP150,6a92f7a109168d001496ada7,ATLAS_SIG_A_TOP150,BRD-K01095011,finasteride,trt_cp,0.49330515
ATLAS_SIG_A_TOP150,6a92f7a109168d001496ada7,ATLAS_SIG_A_TOP150,BRD-A13650332,flucloxacillin,trt_cp,0.0
ATLAS_SIG_A_TOP150,6a92f7a109168d001496ada7,ATLAS_SIG_A_TOP150,BRD-K98769987,flumazenil,trt_cp,-1.0570824
ATLAS_SIG_A_TOP150,6a92f7a109168d001496ada7,ATLAS_SIG_A_TOP150,BRD-K61496577,flumetasone,trt_cp,-0.5637773
ATLAS_SIG_A_TOP150,6a92f7a109168d001496ada7,ATLAS_SIG_A_TOP150,BRD-K12184470,flunarizine,trt_cp,0.0
ATLAS_SIG_A_TOP150,6a92f7a109168d001496ada7,ATLAS_SIG_A_TOP150,BRD-K49577446,flunisolide,trt_cp,-0.30507714
ATLAS_SIG_A_TOP150,6a92f7a109168d001496ada7,ATLAS_SIG_A_TOP150,BRD-K53987533,fluphenazine,trt_cp,0.0
ATLAS_SIG_A_TOP150,6a92f7a109168d001496ada7,ATLAS_SIG_A_TOP150,BRD-K00824317,fludroxycortide,trt_cp,0.0
ATLAS_SIG_A_TOP150,6a92f7a109168d001496ada7,ATLAS_SIG_A_TOP150,BRD-K67445247,flurofamide,trt_cp,-1.7970402
ATLAS_SIG_A_TOP150,6a92f7a109168d001496ada7,ATLAS_SIG_A_TOP150,BRD-A59943784,fluticasone,trt_cp,0.0
ATLAS_SIG_A_TOP150,6a92f7a109168d001496ada7,ATLAS_SIG_A_TOP150,BRD-K62310379,fluticasone-propionate,trt_cp,-0.66948557
ATLAS_SIG_A_TOP150,6a92f7a109168d001496ada7,ATLAS_SIG_A_TOP150,BRD-K72676686,fluvoxamine,trt_cp,0.0
ATLAS_SIG_A_TOP150,6a92f7a109168d001496ada7,ATLAS_SIG_A_TOP150,BRD-A49734948,foliosidine,trt_cp,0.0
ATLAS_SIG_A_TOP150,6a92f7a109168d001496ada7,ATLAS_SIG_A_TOP150,BRD-M00539986,formoterol,trt_cp,0.7751938
ATLAS_SIG_A_TOP150,6a92f7a109168d001496ada7,ATLAS_SIG_A_TOP150,BRD-K03015355,forskolin,trt_cp,0.0
ATLAS_SIG_A_TOP150,6a92f7a109168d001496ada7,ATLAS_SIG_A_TOP150,BRD-K87049188,fusaric-acid,trt_cp,-19.109642
ATLAS_SIG_A_TOP150,6a92f7a109168d001496ada7,ATLAS_SIG_A_TOP150,BRD-K18059238,gamma-linolenic-acid,trt_cp,0.0
ATLAS_SIG_A_TOP150,6a92f7a109168d001496ada7,ATLAS_SIG_A_TOP150,BRD-K77998258,ganglioside,trt_cp,-2.3255813
ATLAS_SIG_A_TOP150,6a92f7a109168d001496ada7,ATLAS_SIG_A_TOP150,BRD-K92015269,GBR-12783,trt_cp,0.28188866
ATLAS_SIG_A_TOP150,6a92f7a109168d001496ada7,ATLAS_SIG_A_TOP150,BRD-K34034388,GBR-12783,trt_cp,0.0
ATLAS_SIG_A_TOP150,6a92f7a109168d001496ada7,ATLAS_SIG_A_TOP150,BRD-K32501161,vanoxerine,trt_cp,-0.023364667
ATLAS_SIG_A_TOP150,6a92f7a109168d001496ada7,ATLAS_SIG_A_TOP150,BRD-K50135270,GBR-12935,trt_cp,-3.7350247
ATLAS_SIG_A_TOP150,6a92f7a109168d001496ada7,ATLAS_SIG_A_TOP150,BRD-K92577649,GBR-13069,trt_cp,4.955063
ATLAS_SIG_A_TOP150,6a92f7a109168d001496ada7,ATLAS_SIG_A_TOP150,BRD-K11634954,GBR-13069,trt_cp,-38.927418
ATLAS_SIG_A_TOP150,6a92f7a109168d001496ada7,ATLAS_SIG_A_TOP150,BRD-K65285700,GP-1a,trt_cp,-0.7395559
ATLAS_SIG_A_TOP150,6a92f7a109168d001496ada7,ATLAS_SIG_A_TOP150,BRD-K34608650,GP-2a,trt_cp,-1.9732206
ATLAS_SIG_A_TOP150,6a92f7a109168d001496ada7,ATLAS_SIG_A_TOP150,BRD-K11911061,GR-127935,trt_cp,0.0
ATLAS_SIG_A_TOP150,6a92f7a109168d001496ada7,ATLAS_SIG_A_TOP150,BRD-K12120659,GR-144053,trt_cp,0.0
ATLAS_SIG_A_TOP150,6a92f7a109168d001496ada7,ATLAS_SIG_A_TOP150,BRD-K52394958,GR-159897,trt_cp,0.0
ATLAS_SIG_A_TOP150,6a92f7a109168d001496ada7,ATLAS_SIG_A_TOP150,BRD-K02283807,GR-32191,trt_cp,2.9598308
ATLAS_SIG_A_TOP150,6a92f7a109168d001496ada7,ATLAS_SIG_A_TOP150,BRD-K68190965,GR-46611,trt_cp,-5.414308
ATLAS_SIG_A_TOP150,6a92f7a109168d001496ada7,ATLAS_SIG_A_TOP150,BRD-K46441700,GR-55562,trt_cp,-12.65922
ATLAS_SIG_A_TOP150,6a92f7a109168d001496ada7,ATLAS_SIG_A_TOP150,BRD-K40578143,GR-79236,trt_cp,0.0
ATLAS_SIG_A_TOP150,6a92f7a109168d001496ada7,ATLAS_SIG_A_TOP150,BRD-A93659613,GR-89696,trt_cp,-0.1761804
ATLAS_SIG_A_TOP150,6a92f7a109168d001496ada7,ATLAS_SIG_A_TOP150,BRD-K75478907,GS-39783,trt_cp,1.3742071
ATLAS_SIG_A_TOP150,6a92f7a109168d001496ada7,ATLAS_SIG_A_TOP150,BRD-K67860401,AR-A014418,trt_cp,-3.1360114
ATLAS_SIG_A_TOP150,6a92f7a109168d001496ada7,ATLAS_SIG_A_TOP150,BRD-K16664969,GTP-14564,trt_cp,0.0
ATLAS_SIG_A_TOP150,6a92f7a109168d001496ada7,ATLAS_SIG_A_TOP150,BRD-K82983861,GW-0742,trt_cp,0.0
ATLAS_SIG_A_TOP150,6a92f7a109168d001496ada7,ATLAS_SIG_A_TOP150,BRD-A38898897,GW-311616,trt_cp,-23.70439
ATLAS_SIG_A_TOP150,6a92f7a109168d001496ada7,ATLAS_SIG_A_TOP150,BRD-K10705233,GW-405833,trt_cp,0.7047216
ATLAS_SIG_A_TOP150,6a92f7a109168d001496ada7,ATLAS_SIG_A_TOP150,BRD-K04146668,GW-441756,trt_cp,0.0
ATLAS_SIG_A_TOP150,6a92f7a109168d001496ada7,ATLAS_SIG_A_TOP150,BRD-K79930101,GW-583340,trt_cp,0.0
ATLAS_SIG_A_TOP150,6a92f7a109168d001496ada7,ATLAS_SIG_A_TOP150,BRD-A72596465,GW-6471,trt_cp,1.0218464
ATLAS_SIG_A_TOP150,6a92f7a109168d001496ada7,ATLAS_SIG_A_TOP150,BRD-K90382497,GW-843682X,trt_cp,0.0191405
ATLAS_SIG_A_TOP150,6a92f7a109168d001496ada7,ATLAS_SIG_A_TOP150,BRD-K71534238,GW-9508,trt_cp,-0.5990134
ATLAS_SIG_A_TOP150,6a92f7a109168d001496ada7,ATLAS_SIG_A_TOP150,BRD-K93258693,GW-9662,trt_cp,0.0
ATLAS_SIG_A_TOP150,6a92f7a109168d001496ada7,ATLAS_SIG_A_TOP150,BRD-K24240364,GYKI-52466,trt_cp,0.0
ATLAS_SIG_A_TOP150,6a92f7a109168d001496ada7,ATLAS_SIG_A_TOP150,BRD-K59256312,gabexate,trt_cp,-0.88090205
ATLAS_SIG_A_TOP150,6a92f7a109168d001496ada7,ATLAS_SIG_A_TOP150,BRD-K49890030,gavestinel,trt_cp,0.0
ATLAS_SIG_A_TOP150,6a92f7a109168d001496ada7,ATLAS_SIG_A_TOP150,BRD-A36151937,genistein,trt_cp,-0.7399577
ATLAS_SIG_A_TOP150,6a92f7a109168d001496ada7,ATLAS_SIG_A_TOP150,BRD-K92758126,MD-920,trt_cp,-20.548977
ATLAS_SIG_A_TOP150,6a92f7a109168d001496ada7,ATLAS_SIG_A_TOP150,BRD-K34776109,glimepiride,trt_cp,0.0
ATLAS_SIG_A_TOP150,6a92f7a109168d001496ada7,ATLAS_SIG_A_TOP150,BRD-K42693031,glimepiride,trt_cp,-2.501762
ATLAS_SIG_A_TOP150,6a92f7a109168d001496ada7,ATLAS_SIG_A_TOP150,BRD-A86109770,guggulsterone,trt_cp,0.7751938
ATLAS_SIG_A_TOP150,6a92f7a109168d001496ada7,ATLAS_SIG_A_TOP150,BRD-K27737647,H-89,trt_cp,0.0
ATLAS_SIG_A_TOP150,6a92f7a109168d001496ada7,ATLAS_SIG_A_TOP150,BRD-K18742343,H-8,trt_cp,-0.31712472
ATLAS_SIG_A_TOP150,6a92f7a109168d001496ada7,ATLAS_SIG_A_TOP150,BRD-K70577657,H-9,trt_cp,-59.453632
ATLAS_SIG_A_TOP150,6a92f7a109168d001496ada7,ATLAS_SIG_A_TOP150,BRD-K05434375,HA-1004,trt_cp,0.0
ATLAS_SIG_A_TOP150,6a92f7a109168d001496ada7,ATLAS_SIG_A_TOP150,BRD-A24429032,BE-2254,trt_cp,-1.2684989
ATLAS_SIG_A_TOP150,6a92f7a109168d001496ada7,ATLAS_SIG_A_TOP150,BRD-A00267231,hemado,trt_cp,0.0
ATLAS_SIG_A_TOP150,6a92f7a109168d001496ada7,ATLAS_SIG_A_TOP150,BRD-K81209159,herniarin,trt_cp,0.0
ATLAS_SIG_A_TOP150,6a92f7a109168d001496ada7,ATLAS_SIG_A_TOP150,BRD-K95885906,quercetagetin,trt_cp,-17.259623
ATLAS_SIG_A_TOP150,6a92f7a109168d001496ada7,ATLAS_SIG_A_TOP150,BRD-A34751532,homosalate,trt_cp,-6.6948557
ATLAS_SIG_A_TOP150,6a92f7a109168d001496ada7,ATLAS_SIG_A_TOP150,BRD-K02715688,"hydrastine-(1r,-9s)",trt_cp,0.0
ATLAS_SIG_A_TOP150,6a92f7a109168d001496ada7,ATLAS_SIG_A_TOP150,BRD-A75172220,hydrocortisone,trt_cp,-1.7618041
ATLAS_SIG_A_TOP150,6a92f7a109168d001496ada7,ATLAS_SIG_A_TOP150,BRD-A25143711,hydrocortisone-valerate,trt_cp,0.0
ATLAS_SIG_A_TOP150,6a92f7a109168d001496ada7,ATLAS_SIG_A_TOP150,BRD-A06390036,hydroquinidine,trt_cp,0.0
ATLAS_SIG_A_TOP150,6a92f7a109168d001496ada7,ATLAS_SIG_A_TOP150,BRD-K81709173,halcinonide,trt_cp,1.2684989
ATLAS_SIG_A_TOP150,6a92f7a109168d001496ada7,ATLAS_SIG_A_TOP150,BRD-K07996107,harpagoside,trt_cp,0.0
ATLAS_SIG_A_TOP150,6a92f7a109168d001496ada7,ATLAS_SIG_A_TOP150,BRD-K38903228,hesperidin,trt_cp,0.0
ATLAS_SIG_A_TOP150,6a92f7a109168d001496ada7,ATLAS_SIG_A_TOP150,BRD-A97730597,hexylcaine,trt_cp,0.1761804
ATLAS_SIG_A_TOP150,6a92f7a109168d001496ada7,ATLAS_SIG_A_TOP150,BRD-K37691127,hinokitiol,trt_cp,16.335846
ATLAS_SIG_A_TOP150,6a92f7a109168d001496ada7,ATLAS_SIG_A_TOP150,BRD-K71003802,hippeastrine,trt_cp,-1.9379845
ATLAS_SIG_A_TOP150,6a92f7a109168d001496ada7,ATLAS_SIG_A_TOP150,BRD-K07325606,hispidin,trt_cp,-1.1627907
ATLAS_SIG_A_TOP150,6a92f7a109168d001496ada7,ATLAS_SIG_A_TOP150,BRD-K08554278,bisbenzimide,trt_cp,-4.298802
ATLAS_SIG_A_TOP150,6a92f7a109168d001496ada7,ATLAS_SIG_A_TOP150,BRD-K76674262,homoharringtonine,trt_cp,0.0
ATLAS_SIG_A_TOP150,6a92f7a109168d001496ada7,ATLAS_SIG_A_TOP150,BRD-A77722753,hydralazine,trt_cp,-6.087437
ATLAS_SIG_A_TOP150,6a92f7a109168d001496ada7,ATLAS_SIG_A_TOP150,BRD-K92726801,hydrastinine,trt_cp,0.0
ATLAS_SIG_A_TOP150,6a92f7a109168d001496ada7,ATLAS_SIG_A_TOP150,BRD-K40530731,hyoscyamine,trt_cp,0.0
ATLAS_SIG_A_TOP150,6a92f7a109168d001496ada7,ATLAS_SIG_A_TOP150,BRD-K85383046,IAA-94,trt_cp,-10.394644
ATLAS_SIG_A_TOP150,6a92f7a109168d001496ada7,ATLAS_SIG_A_TOP150,BRD-A20527803,IB-MECA,trt_cp,-9.279743
ATLAS_SIG_A_TOP150,6a92f7a109168d001496ada7,ATLAS_SIG_A_TOP150,BRD-K15196155,IBC-293,trt_cp,0.0
ATLAS_SIG_A_TOP150,6a92f7a109168d001496ada7,ATLAS_SIG_A_TOP150,BRD-K09638361,IC-261,trt_cp,46.556927
ATLAS_SIG_A_TOP150,6a92f7a109168d001496ada7,ATLAS_SIG_A_TOP150,BRD-A89208012,BRD-A89208012,trt_cp,10.007319
ATLAS_SIG_A_TOP150,6a92f7a109168d001496ada7,ATLAS_SIG_A_TOP150,BRD-K66782112,ICI-162846,trt_cp,0.0
ATLAS_SIG_A_TOP150,6a92f7a109168d001496ada7,ATLAS_SIG_A_TOP150,BRD-A51929314,BRD-A51929314,trt_cp,0.0
ATLAS_SIG_A_TOP150,6a92f7a109168d001496ada7,ATLAS_SIG_A_TOP150,BRD-K73290745,ICI-199441,trt_cp,-29.123062
ATLAS_SIG_A_TOP150,6a92f7a109168d001496ada7,ATLAS_SIG_A_TOP150,BRD-A03359064,ICI-89406,trt_cp,-24.370798
ATLAS_SIG_A_TOP150,6a92f7a109168d001496ada7,ATLAS_SIG_A_TOP150,BRD-K14618467,IKK-16,trt_cp,0.0
ATLAS_SIG_A_TOP150,6a92f7a109168d001496ada7,ATLAS_SIG_A_TOP150,BRD-K74305673,IKK-2-inhibitor-V,trt_cp,6.2367864
ATLAS_SIG_A_TOP150,6a92f7a109168d001496ada7,ATLAS_SIG_A_TOP150,BRD-K07117950,imperatorin,trt_cp,-4.5454545
ATLAS_SIG_A_TOP150,6a92f7a109168d001496ada7,ATLAS_SIG_A_TOP150,BRD-K01815685,indole-3-carbinol,trt_cp,0.0
ATLAS_SIG_A_TOP150,6a92f7a109168d001496ada7,ATLAS_SIG_A_TOP150,BRD-A07029265,ipratropium,trt_cp,0.0
ATLAS_SIG_A_TOP150,6a92f7a109168d001496ada7,ATLAS_SIG_A_TOP150,BRD-K92678294,irilin-a,trt_cp,1.9027485
ATLAS_SIG_A_TOP150,6a92f7a109168d001496ada7,ATLAS_SIG_A_TOP150,BRD-A54029483,IRL-2500,trt_cp,-3.6293163
ATLAS_SIG_A_TOP150,6a92f7a109168d001496ada7,ATLAS_SIG_A_TOP150,BRD-A26845397,isamoltane,trt_cp,-22.871426
ATLAS_SIG_A_TOP150,6a92f7a109168d001496ada7,ATLAS_SIG_A_TOP150,BRD-K05737787,isoeugenol,trt_cp,0.0
ATLAS_SIG_A_TOP150,6a92f7a109168d001496ada7,ATLAS_SIG_A_TOP150,BRD-K37080523,isoreserpine,trt_cp,0.0
ATLAS_SIG_A_TOP150,6a92f7a109168d001496ada7,ATLAS_SIG_A_TOP150,BRD-K06198550,isorotenone,trt_cp,0.0
ATLAS_SIG_A_TOP150,6a92f7a109168d001496ada7,ATLAS_SIG_A_TOP150,BRD-K60298136,ITE,trt_cp,0.0
ATLAS_SIG_A_TOP150,6a92f7a109168d001496ada7,ATLAS_SIG_A_TOP150,BRD-A48570745,ivermectin,trt_cp,-29.96163
ATLAS_SIG_A_TOP150,6a92f7a109168d001496ada7,ATLAS_SIG_A_TOP150,BRD-K16444452,ibudilast,trt_cp,-3.1007752
ATLAS_SIG_A_TOP150,6a92f7a109168d001496ada7,ATLAS_SIG_A_TOP150,BRD-K25906698,immepip,trt_cp,0.0
ATLAS_SIG_A_TOP150,6a92f7a109168d001496ada7,ATLAS_SIG_A_TOP150,BRD-K43860855,iobenguane,trt_cp,3.911205
ATLAS_SIG_A_TOP150,6a92f7a109168d001496ada7,ATLAS_SIG_A_TOP150,BRD-K51918615,iodophenpropit,trt_cp,0.0
ATLAS_SIG_A_TOP150,6a92f7a109168d001496ada7,ATLAS_SIG_A_TOP150,BRD-K79124250,ioxaglic-acid,trt_cp,-17.67019
ATLAS_SIG_A_TOP150,6a92f7a109168d001496ada7,ATLAS_SIG_A_TOP150,BRD-K74195153,irsogladine,trt_cp,0.0
ATLAS_SIG_A_TOP150,6a92f7a109168d001496ada7,ATLAS_SIG_A_TOP150,BRD-K93332168,isocarboxazid,trt_cp,-1.6208597
ATLAS_SIG_A_TOP150,6a92f7a109168d001496ada7,ATLAS_SIG_A_TOP150,BRD-K29173907,isoflupredone-acetate,trt_cp,0.0
ATLAS_SIG_A_TOP150,6a92f7a109168d001496ada7,ATLAS_SIG_A_TOP150,BRD-A41722204,sulmazole,trt_cp,0.0
ATLAS_SIG_A_TOP150,6a92f7a109168d001496ada7,ATLAS_SIG_A_TOP150,BRD-A74269027,isoxsuprine,trt_cp,0.0
ATLAS_SIG_A_TOP150,6a92f7a109168d001496ada7,ATLAS_SIG_A_TOP150,BRD-K64402243,ivachtin,trt_cp,-12.131063
ATLAS_SIG_A_TOP150,6a92f7a109168d001496ada7,ATLAS_SIG_A_TOP150,BRD-K26429091,J-104129,trt_cp,0.422833
ATLAS_SIG_A_TOP150,6a92f7a109168d001496ada7,ATLAS_SIG_A_TOP150,BRD-K72541103,JAK3-inhibitor-I,trt_cp,7.1754246
ATLAS_SIG_A_TOP150,6a92f7a109168d001496ada7,ATLAS_SIG_A_TOP150,BRD-K52850071,WHI-P154,trt_cp,0.0
ATLAS_SIG_A_TOP150,6a92f7a109168d001496ada7,ATLAS_SIG_A_TOP150,BRD-K95676198,JAK3-inhibitor-V,trt_cp,0.0
ATLAS_SIG_A_TOP150,6a92f7a109168d001496ada7,ATLAS_SIG_A_TOP150,BRD-K04546108,JAK3-inhibitor-VI,trt_cp,-3.2702901
ATLAS_SIG_A_TOP150,6a92f7a109168d001496ada7,ATLAS_SIG_A_TOP150,BRD-K22010301,JLK-6,trt_cp,0.5990134
ATLAS_SIG_A_TOP150,6a92f7a109168d001496ada7,ATLAS_SIG_A_TOP150,BRD-K15086322,JNJ-10191584,trt_cp,0.0
ATLAS_SIG_A_TOP150,6a92f7a109168d001496ada7,ATLAS_SIG_A_TOP150,BRD-K64670467,JNJ-16259685,trt_cp,0.0
ATLAS_SIG_A_TOP150,6a92f7a109168d001496ada7,ATLAS_SIG_A_TOP150,BRD-K43330982,JTE-013,trt_cp,0.0
ATLAS_SIG_A_TOP150,6a92f7a109168d001496ada7,ATLAS_SIG_A_TOP150,BRD-K63150726,JTE-907,trt_cp,-15.62177
ATLAS_SIG_A_TOP150,6a92f7a109168d001496ada7,ATLAS_SIG_A_TOP150,BRD-K17796732,JWH-015,trt_cp,10.073575
ATLAS_SIG_A_TOP150,6a92f7a109168d001496ada7,ATLAS_SIG_A_TOP150,BRD-K05464208,JX-401,trt_cp,1.5856236
ATLAS_SIG_A_TOP150,6a92f7a109168d001496ada7,ATLAS_SIG_A_TOP150,BRD-A75455249,kavain,trt_cp,0.0
ATLAS_SIG_A_TOP150,6a92f7a109168d001496ada7,ATLAS_SIG_A_TOP150,BRD-K17743697,KB-R7943,trt_cp,0.0
ATLAS_SIG_A_TOP150,6a92f7a109168d001496ada7,ATLAS_SIG_A_TOP150,BRD-A54927599,KF-38789,trt_cp,0.0
ATLAS_SIG_A_TOP150,6a92f7a109168d001496ada7,ATLAS_SIG_A_TOP150,BRD-A81177136,KN-62,trt_cp,-0.34760916
ATLAS_SIG_A_TOP150,6a92f7a109168d001496ada7,ATLAS_SIG_A_TOP150,BRD-K93480852,KN-93,trt_cp,7.12372
ATLAS_SIG_A_TOP150,6a92f7a109168d001496ada7,ATLAS_SIG_A_TOP150,BRD-A38747044,KU-14R,trt_cp,0.0
ATLAS_SIG_A_TOP150,6a92f7a109168d001496ada7,ATLAS_SIG_A_TOP150,BRD-A31227688,kynuramine,trt_cp,-1.726568
ATLAS_SIG_A_TOP150,6a92f7a109168d001496ada7,ATLAS_SIG_A_TOP150,BRD-K37312348,kenpaullone,trt_cp,-2.3255813
ATLAS_SIG_A_TOP150,6a92f7a109168d001496ada7,ATLAS_SIG_A_TOP150,BRD-K49671696,ketanserin,trt_cp,1.4446794
ATLAS_SIG_A_TOP150,6a92f7a109168d001496ada7,ATLAS_SIG_A_TOP150,BRD-A43930669,L-368899,trt_cp,0.0
ATLAS_SIG_A_TOP150,6a92f7a109168d001496ada7,ATLAS_SIG_A_TOP150,BRD-K89402695,L-655240,trt_cp,-0.66948557
ATLAS_SIG_A_TOP150,6a92f7a109168d001496ada7,ATLAS_SIG_A_TOP150,BRD-K14765469,vesamicol,trt_cp,0.0
ATLAS_SIG_A_TOP150,6a92f7a109168d001496ada7,ATLAS_SIG_A_TOP150,BRD-A42553870,L-152804,trt_cp,0.0
ATLAS_SIG_A_TOP150,6a92f7a109168d001496ada7,ATLAS_SIG_A_TOP150,BRD-K40656405,L-165041,trt_cp,0.0
ATLAS_SIG_A_TOP150,6a92f7a109168d001496ada7,ATLAS_SIG_A_TOP150,BRD-A28422058,L-689560,trt_cp,1.4446794
ATLAS_SIG_A_TOP150,6a92f7a109168d001496ada7,ATLAS_SIG_A_TOP150,BRD-K74284736,L-689560,trt_cp,0.0
ATLAS_SIG_A_TOP150,6a92f7a109168d001496ada7,ATLAS_SIG_A_TOP150,BRD-K70241288,L-692585,trt_cp,-1.284729
ATLAS_SIG_A_TOP150,6a92f7a109168d001496ada7,ATLAS_SIG_A_TOP150,BRD-K83322645,L-693403,trt_cp,-20.509268
ATLAS_SIG_A_TOP150,6a92f7a109168d001496ada7,ATLAS_SIG_A_TOP150,BRD-K18816859,L-694247,trt_cp,-0.10570825
ATLAS_SIG_A_TOP150,6a92f7a109168d001496ada7,ATLAS_SIG_A_TOP150,BRD-K10176267,L-701252,trt_cp,2.8689618
ATLAS_SIG_A_TOP150,6a92f7a109168d001496ada7,ATLAS_SIG_A_TOP150,BRD-A96882008,L-732138,trt_cp,-3.2417195
ATLAS_SIG_A_TOP150,6a92f7a109168d001496ada7,ATLAS_SIG_A_TOP150,BRD-K15791587,L-733060,trt_cp,0.0
ATLAS_SIG_A_TOP150,6a92f7a109168d001496ada7,ATLAS_SIG_A_TOP150,BRD-K05181463,L-741626,trt_cp,0.0
ATLAS_SIG_A_TOP150,6a92f7a109168d001496ada7,ATLAS_SIG_A_TOP150,BRD-K05528470,L-745870,trt_cp,19.778788
ATLAS_SIG_A_TOP150,6a92f7a109168d001496ada7,ATLAS_SIG_A_TOP150,BRD-K28806945,L-750667,trt_cp,0.0
ATLAS_SIG_A_TOP150,6a92f7a109168d001496ada7,ATLAS_SIG_A_TOP150,BRD-A35511923,L-803087,trt_cp,0.422833
ATLAS_SIG_A_TOP150,6a92f7a109168d001496ada7,ATLAS_SIG_A_TOP150,BRD-K81029756,diltiazem,trt_cp,0.0
ATLAS_SIG_A_TOP150,6a92f7a109168d001496ada7,ATLAS_SIG_A_TOP150,BRD-K23583188,lavendustin-a,trt_cp,-1.4799154
ATLAS_SIG_A_TOP150,6a92f7a109168d001496ada7,ATLAS_SIG_A_TOP150,BRD-K66707493,lawsone,trt_cp,0.0
ATLAS_SIG_A_TOP150,6a92f7a109168d001496ada7,ATLAS_SIG_A_TOP150,BRD-K01648091,LE-300,trt_cp,0.0
ATLAS_SIG_A_TOP150,6a92f7a109168d001496ada7,ATLAS_SIG_A_TOP150,BRD-A44551378,LFM-A12,trt_cp,0.21443889
ATLAS_SIG_A_TOP150,6a92f7a109168d001496ada7,ATLAS_SIG_A_TOP150,BRD-A30655177,LFM-A13,trt_cp,0.0
ATLAS_SIG_A_TOP150,6a92f7a109168d001496ada7,ATLAS_SIG_A_TOP150,BRD-K52662033,lidocaine,trt_cp,-18.033361
ATLAS_SIG_A_TOP150,6a92f7a109168d001496ada7,ATLAS_SIG_A_TOP150,BRD-K64044582,linoleamide,trt_cp,0.0
ATLAS_SIG_A_TOP150,6a92f7a109168d001496ada7,ATLAS_SIG_A_TOP150,BRD-K33396764,alpha-linolenic-acid,trt_cp,-1.8882304
ATLAS_SIG_A_TOP150,6a92f7a109168d001496ada7,ATLAS_SIG_A_TOP150,BRD-K96670504,lonidamine,trt_cp,1.9027485
ATLAS_SIG_A_TOP150,6a92f7a109168d001496ada7,ATLAS_SIG_A_TOP150,BRD-K09416995,lovastatin,trt_cp,-0.14094433
ATLAS_SIG_A_TOP150,6a92f7a109168d001496ada7,ATLAS_SIG_A_TOP150,BRD-K33864865,LY-225910,trt_cp,0.0
ATLAS_SIG_A_TOP150,6a92f7a109168d001496ada7,ATLAS_SIG_A_TOP150,BRD-K24675965,LY-288513,trt_cp,1.1275547
ATLAS_SIG_A_TOP150,6a92f7a109168d001496ada7,ATLAS_SIG_A_TOP150,BRD-K22385716,LY-303511,trt_cp,-12.634334
ATLAS_SIG_A_TOP150,6a92f7a109168d001496ada7,ATLAS_SIG_A_TOP150,BRD-K78637815,LY-320135,trt_cp,-2.0789287
ATLAS_SIG_A_TOP150,6a92f7a109168d001496ada7,ATLAS_SIG_A_TOP150,BRD-K69763916,LY-341495,trt_cp,-0.45806906
ATLAS_SIG_A_TOP150,6a92f7a109168d001496ada7,ATLAS_SIG_A_TOP150,BRD-K06234293,LY-364947,trt_cp,-27.714294
ATLAS_SIG_A_TOP150,6a92f7a109168d001496ada7,ATLAS_SIG_A_TOP150,BRD-K13261168,quinelorane,trt_cp,5.8437605
ATLAS_SIG_A_TOP150,6a92f7a109168d001496ada7,ATLAS_SIG_A_TOP150,BRD-K14282469,LY-165163,trt_cp,-1.9732206
ATLAS_SIG_A_TOP150,6a92f7a109168d001496ada7,ATLAS_SIG_A_TOP150,BRD-A12016240,LY-278584,trt_cp,-1.1627907
ATLAS_SIG_A_TOP150,6a92f7a109168d001496ada7,ATLAS_SIG_A_TOP150,BRD-K92492521,LY-255283,trt_cp,-3.3121917
ATLAS_SIG_A_TOP150,6a92f7a109168d001496ada7,ATLAS_SIG_A_TOP150,BRD-K47328134,lysylphenylalanyl-tyrosine,trt_cp,0.0
ATLAS_SIG_A_TOP150,6a92f7a109168d001496ada7,ATLAS_SIG_A_TOP150,BRD-K93460210,lamotrigine,trt_cp,-1.0570824
ATLAS_SIG_A_TOP150,6a92f7a109168d001496ada7,ATLAS_SIG_A_TOP150,BRD-K10207760,lasalocid,trt_cp,8.822428
ATLAS_SIG_A_TOP150,6a92f7a109168d001496ada7,ATLAS_SIG_A_TOP150,BRD-K78692225,leflunomide,trt_cp,0.0
ATLAS_SIG_A_TOP150,6a92f7a109168d001496ada7,ATLAS_SIG_A_TOP150,BRD-K24526313,levcromakalim,trt_cp,0.0
ATLAS_SIG_A_TOP150,6a92f7a109168d001496ada7,ATLAS_SIG_A_TOP150,BRD-K62996583,lidoflazine,trt_cp,0.2114165
ATLAS_SIG_A_TOP150,6a92f7a109168d001496ada7,ATLAS_SIG_A_TOP150,BRD-K03384561,roquinimex,trt_cp,1.2684989
ATLAS_SIG_A_TOP150,6a92f7a109168d001496ada7,ATLAS_SIG_A_TOP150,BRD-A59215453,lobelanidine,trt_cp,0.0
ATLAS_SIG_A_TOP150,6a92f7a109168d001496ada7,ATLAS_SIG_A_TOP150,BRD-K28137194,loreclezole,trt_cp,-65.61892
ATLAS_SIG_A_TOP150,6a92f7a109168d001496ada7,ATLAS_SIG_A_TOP150,BRD-K99411983,lumicolchicine,trt_cp,0.0
ATLAS_SIG_A_TOP150,6a92f7a109168d001496ada7,ATLAS_SIG_A_TOP150,BRD-K67013324,luzindole,trt_cp,1.726568
ATLAS_SIG_A_TOP150,6a92f7a109168d001496ada7,ATLAS_SIG_A_TOP150,BRD-K62289640,lylamine,trt_cp,19.031397
ATLAS_SIG_A_TOP150,6a92f7a109168d001496ada7,ATLAS_SIG_A_TOP150,BRD-K27871032,lysergol,trt_cp,0.0
ATLAS_SIG_A_TOP150,6a92f7a109168d001496ada7,ATLAS_SIG_A_TOP150,BRD-K92138166,mammea-a,trt_cp,-6.6945834
ATLAS_SIG_A_TOP150,6a92f7a109168d001496ada7,ATLAS_SIG_A_TOP150,BRD-K76274772,MAPP-D-erythro,trt_cp,0.0
ATLAS_SIG_A_TOP150,6a92f7a109168d001496ada7,ATLAS_SIG_A_TOP150,BRD-K09635134,L-erythro-MAPP,trt_cp,-1.6247948
ATLAS_SIG_A_TOP150,6a92f7a109168d001496ada7,ATLAS_SIG_A_TOP150,BRD-K25433859,maprotiline,trt_cp,-0.01768322
ATLAS_SIG_A_TOP150,6a92f7a109168d001496ada7,ATLAS_SIG_A_TOP150,BRD-A85587465,bemesetron,trt_cp,0.0
ATLAS_SIG_A_TOP150,6a92f7a109168d001496ada7,ATLAS_SIG_A_TOP150,BRD-A17453586,MDL-72832,trt_cp,1.3742071
ATLAS_SIG_A_TOP150,6a92f7a109168d001496ada7,ATLAS_SIG_A_TOP150,BRD-K43245338,MDL-28170,trt_cp,0.0
ATLAS_SIG_A_TOP150,6a92f7a109168d001496ada7,ATLAS_SIG_A_TOP150,BRD-K84987553,MDM2-inhibitor,trt_cp,1.5856236
ATLAS_SIG_A_TOP150,6a92f7a109168d001496ada7,ATLAS_SIG_A_TOP150,BRD-K96144918,mead-acid,trt_cp,0.0
ATLAS_SIG_A_TOP150,6a92f7a109168d001496ada7,ATLAS_SIG_A_TOP150,BRD-K09764130,mead-ethanolamide,trt_cp,0.0
ATLAS_SIG_A_TOP150,6a92f7a109168d001496ada7,ATLAS_SIG_A_TOP150,BRD-A20126139,medrysone,trt_cp,0.0
ATLAS_SIG_A_TOP150,6a92f7a109168d001496ada7,ATLAS_SIG_A_TOP150,BRD-A35989968,megestrol-acetate,trt_cp,0.46382856
ATLAS_SIG_A_TOP150,6a92f7a109168d001496ada7,ATLAS_SIG_A_TOP150,BRD-K12244279,MEK1-2-inhibitor,trt_cp,-0.9161381
ATLAS_SIG_A_TOP150,6a92f7a109168d001496ada7,ATLAS_SIG_A_TOP150,BRD-A14395271,mesoridazine,trt_cp,-0.5285412
ATLAS_SIG_A_TOP150,6a92f7a109168d001496ada7,ATLAS_SIG_A_TOP150,BRD-A14798026,mestranol,trt_cp,1.1980268
ATLAS_SIG_A_TOP150,6a92f7a109168d001496ada7,ATLAS_SIG_A_TOP150,BRD-A94709349,metaxalone,trt_cp,0.0
ATLAS_SIG_A_TOP150,6a92f7a109168d001496ada7,ATLAS_SIG_A_TOP150,BRD-A41145729,methoprene-acid,trt_cp,0.0
ATLAS_SIG_A_TOP150,6a92f7a109168d001496ada7,ATLAS_SIG_A_TOP150,BRD-K14844937,BRD-K14844937,trt_cp,0.0
ATLAS_SIG_A_TOP150,6a92f7a109168d001496ada7,ATLAS_SIG_A_TOP150,BRD-K28680267,BRD-K28680267,trt_cp,-1.3173995
ATLAS_SIG_A_TOP150,6a92f7a109168d001496ada7,ATLAS_SIG_A_TOP150,BRD-K33193182,methylnorlichexanthone,trt_cp,-0.4641988
ATLAS_SIG_A_TOP150,6a92f7a109168d001496ada7,ATLAS_SIG_A_TOP150,BRD-K75641298,metoclopramide,trt_cp,-18.738724
ATLAS_SIG_A_TOP150,6a92f7a109168d001496ada7,ATLAS_SIG_A_TOP150,BRD-A03623303,metoprolol,trt_cp,0.0
ATLAS_SIG_A_TOP150,6a92f7a109168d001496ada7,ATLAS_SIG_A_TOP150,BRD-K60230970,MG-132,trt_cp,1.3389711
ATLAS_SIG_A_TOP150,6a92f7a109168d001496ada7,ATLAS_SIG_A_TOP150,BRD-K06902185,minoxidil,trt_cp,-13.948819
ATLAS_SIG_A_TOP150,6a92f7a109168d001496ada7,ATLAS_SIG_A_TOP150,BRD-K95202259,ML-3163,trt_cp,0.0
ATLAS_SIG_A_TOP150,6a92f7a109168d001496ada7,ATLAS_SIG_A_TOP150,BRD-K93201660,ML-7,trt_cp,0.0
ATLAS_SIG_A_TOP150,6a92f7a109168d001496ada7,ATLAS_SIG_A_TOP150,BRD-K53878242,MMPX,trt_cp,0.0
ATLAS_SIG_A_TOP150,6a92f7a109168d001496ada7,ATLAS_SIG_A_TOP150,BRD-K63151507,MNITMT,trt_cp,-0.95137423
ATLAS_SIG_A_TOP150,6a92f7a109168d001496ada7,ATLAS_SIG_A_TOP150,BRD-A16332958,modafinil,trt_cp,0.0
ATLAS_SIG_A_TOP150,6a92f7a109168d001496ada7,ATLAS_SIG_A_TOP150,BRD-K87696786,LY-456236,trt_cp,-1.4446794
ATLAS_SIG_A_TOP150,6a92f7a109168d001496ada7,ATLAS_SIG_A_TOP150,BRD-A30590053,MR-16728,trt_cp,-0.7050806
ATLAS_SIG_A_TOP150,6a92f7a109168d001496ada7,ATLAS_SIG_A_TOP150,BRD-K37618799,MRS-1220,trt_cp,0.0
ATLAS_SIG_A_TOP150,6a92f7a109168d001496ada7,ATLAS_SIG_A_TOP150,BRD-K72024482,MRS-1754,trt_cp,-14.682419
ATLAS_SIG_A_TOP150,6a92f7a109168d001496ada7,ATLAS_SIG_A_TOP150,BRD-A32949107,MRS-1845,trt_cp,-1.0218464
ATLAS_SIG_A_TOP150,6a92f7a109168d001496ada7,ATLAS_SIG_A_TOP150,BRD-A99449986,MT-21,trt_cp,0.0
ATLAS_SIG_A_TOP150,6a92f7a109168d001496ada7,ATLAS_SIG_A_TOP150,BRD-K90524085,MY-5445,trt_cp,0.0
ATLAS_SIG_A_TOP150,6a92f7a109168d001496ada7,ATLAS_SIG_A_TOP150,BRD-K92428153,mycophenolate-mofetil,trt_cp,-1.1666999
ATLAS_SIG_A_TOP150,6a92f7a109168d001496ada7,ATLAS_SIG_A_TOP150,BRD-K38477985,malonoben,trt_cp,54.099434
ATLAS_SIG_A_TOP150,6a92f7a109168d001496ada7,ATLAS_SIG_A_TOP150,BRD-A45140972,meclocycline,trt_cp,-1.2332629
ATLAS_SIG_A_TOP150,6a92f7a109168d001496ada7,ATLAS_SIG_A_TOP150,BRD-K92984783,melperone,trt_cp,0.0
ATLAS_SIG_A_TOP150,6a92f7a109168d001496ada7,ATLAS_SIG_A_TOP150,BRD-A02710418,meptazinol,trt_cp,-10.324172
ATLAS_SIG_A_TOP150,6a92f7a109168d001496ada7,ATLAS_SIG_A_TOP150,BRD-K56699285,metergoline,trt_cp,0.0
ATLAS_SIG_A_TOP150,6a92f7a109168d001496ada7,ATLAS_SIG_A_TOP150,BRD-K09859624,methantheline,trt_cp,-5.637197
ATLAS_SIG_A_TOP150,6a92f7a109168d001496ada7,ATLAS_SIG_A_TOP150,BRD-A63667919,methylergometrine,trt_cp,0.7751938
ATLAS_SIG_A_TOP150,6a92f7a109168d001496ada7,ATLAS_SIG_A_TOP150,BRD-A32164164,methyllycaconitine,trt_cp,0.0
ATLAS_SIG_A_TOP150,6a92f7a109168d001496ada7,ATLAS_SIG_A_TOP150,BRD-A98725278,methysergide,trt_cp,1.0218464
ATLAS_SIG_A_TOP150,6a92f7a109168d001496ada7,ATLAS_SIG_A_TOP150,BRD-K94441233,mevastatin,trt_cp,0.40007102
ATLAS_SIG_A_TOP150,6a92f7a109168d001496ada7,ATLAS_SIG_A_TOP150,BRD-A19661776,mianserin,trt_cp,0.0
ATLAS_SIG_A_TOP150,6a92f7a109168d001496ada7,ATLAS_SIG_A_TOP150,BRD-K09549677,mibefradil,trt_cp,-1.1627907
ATLAS_SIG_A_TOP150,6a92f7a109168d001496ada7,ATLAS_SIG_A_TOP150,BRD-A44780397,mifepristone,trt_cp,18.840454
ATLAS_SIG_A_TOP150,6a92f7a109168d001496ada7,ATLAS_SIG_A_TOP150,BRD-K37270826,mifepristone,trt_cp,-2.149401
ATLAS_SIG_A_TOP150,6a92f7a109168d001496ada7,ATLAS_SIG_A_TOP150,BRD-K34441861,moexipril,trt_cp,-3.7350247
ATLAS_SIG_A_TOP150,6a92f7a109168d001496ada7,ATLAS_SIG_A_TOP150,BRD-K60640630,mometasone,trt_cp,5.351136
ATLAS_SIG_A_TOP150,6a92f7a109168d001496ada7,ATLAS_SIG_A_TOP150,BRD-A78377521,monastrol,trt_cp,0.0
ATLAS_SIG_A_TOP150,6a92f7a109168d001496ada7,ATLAS_SIG_A_TOP150,BRD-K77771411,moxonidine,trt_cp,-0.066403314
ATLAS_SIG_A_TOP150,6a92f7a109168d001496ada7,ATLAS_SIG_A_TOP150,BRD-K40990712,hexamethyleneamiloride,trt_cp,0.0
ATLAS_SIG_A_TOP150,6a92f7a109168d001496ada7,ATLAS_SIG_A_TOP150,BRD-K44899736,Ro-16-6941,trt_cp,0.0
ATLAS_SIG_A_TOP150,6a92f7a109168d001496ada7,ATLAS_SIG_A_TOP150,BRD-K06024458,N-arachidonyl-GABA,trt_cp,0.0
ATLAS_SIG_A_TOP150,6a92f7a109168d001496ada7,ATLAS_SIG_A_TOP150,BRD-K10042277,desmethylclozapine,trt_cp,-0.7047216
ATLAS_SIG_A_TOP150,6a92f7a109168d001496ada7,ATLAS_SIG_A_TOP150,BRD-K60060639,N-methyllidocaine-iodide,trt_cp,-0.422833
ATLAS_SIG_A_TOP150,6a92f7a109168d001496ada7,ATLAS_SIG_A_TOP150,BRD-K17693482,BRD-K17693482,trt_cp,0.0
ATLAS_SIG_A_TOP150,6a92f7a109168d001496ada7,ATLAS_SIG_A_TOP150,BRD-K71726959,BRD-K71726959,trt_cp,-0.10570825
ATLAS_SIG_A_TOP150,6a92f7a109168d001496ada7,ATLAS_SIG_A_TOP150,BRD-A92651262,nalbuphine,trt_cp,0.0
ATLAS_SIG_A_TOP150,6a92f7a109168d001496ada7,ATLAS_SIG_A_TOP150,BRD-A70461345,naloxone,trt_cp,0.0
ATLAS_SIG_A_TOP150,6a92f7a109168d001496ada7,ATLAS_SIG_A_TOP150,BRD-K69195780,NAN-190,trt_cp,0.0
ATLAS_SIG_A_TOP150,6a92f7a109168d001496ada7,ATLAS_SIG_A_TOP150,BRD-A23683907,NAS-181,trt_cp,0.0
ATLAS_SIG_A_TOP150,6a92f7a109168d001496ada7,ATLAS_SIG_A_TOP150,BRD-K84658672,nateglinide,trt_cp,-36.924232
ATLAS_SIG_A_TOP150,6a92f7a109168d001496ada7,ATLAS_SIG_A_TOP150,BRD-K61177364,NBI-27914,trt_cp,-17.473166
ATLAS_SIG_A_TOP150,6a92f7a109168d001496ada7,ATLAS_SIG_A_TOP150,BRD-A67433117,NCS-382,trt_cp,8.415266
ATLAS_SIG_A_TOP150,6a92f7a109168d001496ada7,ATLAS_SIG_A_TOP150,BRD-A35338386,NECA,trt_cp,3.1673129
ATLAS_SIG_A_TOP150,6a92f7a109168d001496ada7,ATLAS_SIG_A_TOP150,BRD-A78877355,nefopam,trt_cp,0.3875969
ATLAS_SIG_A_TOP150,6a92f7a109168d001496ada7,ATLAS_SIG_A_TOP150,BRD-K05181084,NGB-2904,trt_cp,1.6208597
ATLAS_SIG_A_TOP150,6a92f7a109168d001496ada7,ATLAS_SIG_A_TOP150,BRD-A62336480,niguldipine,trt_cp,0.0
ATLAS_SIG_A_TOP150,6a92f7a109168d001496ada7,ATLAS_SIG_A_TOP150,BRD-K23566484,nilutamide,trt_cp,-2.8188865
ATLAS_SIG_A_TOP150,6a92f7a109168d001496ada7,ATLAS_SIG_A_TOP150,BRD-K73589491,nizatidine,trt_cp,-0.28188866
ATLAS_SIG_A_TOP150,6a92f7a109168d001496ada7,ATLAS_SIG_A_TOP150,BRD-K85015012,NNC-05-2090,trt_cp,2.1141648
ATLAS_SIG_A_TOP150,6a92f7a109168d001496ada7,ATLAS_SIG_A_TOP150,BRD-K08438429,BRD-K08438429,trt_cp,0.011062119
ATLAS_SIG_A_TOP150,6a92f7a109168d001496ada7,ATLAS_SIG_A_TOP150,BRD-K78122587,NNC-55-0396,trt_cp,20.345915
ATLAS_SIG_A_TOP150,6a92f7a109168d001496ada7,ATLAS_SIG_A_TOP150,BRD-K36009368,NNC-63-0532,trt_cp,11.975333
ATLAS_SIG_A_TOP150,6a92f7a109168d001496ada7,ATLAS_SIG_A_TOP150,BRD-K42221274,NNC-711,trt_cp,0.0
ATLAS_SIG_A_TOP150,6a92f7a109168d001496ada7,ATLAS_SIG_A_TOP150,BRD-K06753942,nobiletin,trt_cp,0.0
ATLAS_SIG_A_TOP150,6a92f7a109168d001496ada7,ATLAS_SIG_A_TOP150,BRD-A09161221,nomilin,trt_cp,35.527737
ATLAS_SIG_A_TOP150,6a92f7a109168d001496ada7,ATLAS_SIG_A_TOP150,BRD-K88625236,nonoxynol-9,trt_cp,1.1716691
ATLAS_SIG_A_TOP150,6a92f7a109168d001496ada7,ATLAS_SIG_A_TOP150,BRD-K32696739,noreleagnine,trt_cp,-0.63424945
ATLAS_SIG_A_TOP150,6a92f7a109168d001496ada7,ATLAS_SIG_A_TOP150,BRD-A39415247,norethisterone,trt_cp,-0.7399577
ATLAS_SIG_A_TOP150,6a92f7a109168d001496ada7,ATLAS_SIG_A_TOP150,BRD-A00758722,noretynodrel,trt_cp,0.0
ATLAS_SIG_A_TOP150,6a92f7a109168d001496ada7,ATLAS_SIG_A_TOP150,BRD-A50928468,norgestrel,trt_cp,0.0
ATLAS_SIG_A_TOP150,6a92f7a109168d001496ada7,ATLAS_SIG_A_TOP150,BRD-K91301684,noscapine,trt_cp,-21.073896
ATLAS_SIG_A_TOP150,6a92f7a109168d001496ada7,ATLAS_SIG_A_TOP150,BRD-A47633927,NPC-15199,trt_cp,0.0
ATLAS_SIG_A_TOP150,6a92f7a109168d001496ada7,ATLAS_SIG_A_TOP150,BRD-K13169950,NSC-3852,trt_cp,13.5671625
ATLAS_SIG_A_TOP150,6a92f7a109168d001496ada7,ATLAS_SIG_A_TOP150,BRD-K37392901,NSC-632839,trt_cp,27.50748
ATLAS_SIG_A_TOP150,6a92f7a109168d001496ada7,ATLAS_SIG_A_TOP150,BRD-K31268420,NSC-693868,trt_cp,0.0
ATLAS_SIG_A_TOP150,6a92f7a109168d001496ada7,ATLAS_SIG_A_TOP150,BRD-A94413429,NTNCB,trt_cp,-1.5503876
ATLAS_SIG_A_TOP150,6a92f7a109168d001496ada7,ATLAS_SIG_A_TOP150,BRD-K10136726,tosyllysyl-chloromethyl-ketone,trt_cp,0.7399577
ATLAS_SIG_A_TOP150,6a92f7a109168d001496ada7,ATLAS_SIG_A_TOP150,BRD-A97454584,nadolol,trt_cp,-8.067474
ATLAS_SIG_A_TOP150,6a92f7a109168d001496ada7,ATLAS_SIG_A_TOP150,BRD-A71262238,nafadotride,trt_cp,0.845666
ATLAS_SIG_A_TOP150,6a92f7a109168d001496ada7,ATLAS_SIG_A_TOP150,BRD-K18574842,nafcillin,trt_cp,-0.10570825
ATLAS_SIG_A_TOP150,6a92f7a109168d001496ada7,ATLAS_SIG_A_TOP150,BRD-K74141488,naftifine,trt_cp,1.5503876
ATLAS_SIG_A_TOP150,6a92f7a109168d001496ada7,ATLAS_SIG_A_TOP150,BRD-A41833852,naloxone,trt_cp,0.0
ATLAS_SIG_A_TOP150,6a92f7a109168d001496ada7,ATLAS_SIG_A_TOP150,BRD-A21723284,naltriben,trt_cp,0.0
ATLAS_SIG_A_TOP150,6a92f7a109168d001496ada7,ATLAS_SIG_A_TOP150,BRD-A82656074,naltrindole,trt_cp,0.0
ATLAS_SIG_A_TOP150,6a92f7a109168d001496ada7,ATLAS_SIG_A_TOP150,BRD-A87719232,naproxen,trt_cp,-0.3523608
ATLAS_SIG_A_TOP150,6a92f7a109168d001496ada7,ATLAS_SIG_A_TOP150,BRD-A36318220,necrostatin-1,trt_cp,-10.57648
ATLAS_SIG_A_TOP150,6a92f7a109168d001496ada7,ATLAS_SIG_A_TOP150,BRD-K90789829,nefazodone,trt_cp,0.0
ATLAS_SIG_A_TOP150,6a92f7a109168d001496ada7,ATLAS_SIG_A_TOP150,BRD-A66927094,nemonapride,trt_cp,0.0
ATLAS_SIG_A_TOP150,6a92f7a109168d001496ada7,ATLAS_SIG_A_TOP150,BRD-A00100033,nifurtimox,trt_cp,1.3652892
ATLAS_SIG_A_TOP150,6a92f7a109168d001496ada7,ATLAS_SIG_A_TOP150,BRD-K76775527,nimesulide,trt_cp,0.0
ATLAS_SIG_A_TOP150,6a92f7a109168d001496ada7,ATLAS_SIG_A_TOP150,BRD-A95696066,nisoxetine,trt_cp,0.0
ATLAS_SIG_A_TOP150,6a92f7a109168d001496ada7,ATLAS_SIG_A_TOP150,BRD-K28453807,nitrocaramiphen,trt_cp,-3.910301
ATLAS_SIG_A_TOP150,6a92f7a109168d001496ada7,ATLAS_SIG_A_TOP150,BRD-K46652470,nizatidine,trt_cp,0.0
ATLAS_SIG_A_TOP150,6a92f7a109168d001496ada7,ATLAS_SIG_A_TOP150,BRD-K27351809,nomegestrol-acetate,trt_cp,-1.7405757
ATLAS_SIG_A_TOP150,6a92f7a109168d001496ada7,ATLAS_SIG_A_TOP150,BRD-K63165456,norcyclobenzaprine,trt_cp,-0.45806906
ATLAS_SIG_A_TOP150,6a92f7a109168d001496ada7,ATLAS_SIG_A_TOP150,BRD-K80334323,noretynodrel,trt_cp,0.0
ATLAS_SIG_A_TOP150,6a92f7a109168d001496ada7,ATLAS_SIG_A_TOP150,BRD-K35189033,levonorgestrel,trt_cp,0.14094433
ATLAS_SIG_A_TOP150,6a92f7a109168d001496ada7,ATLAS_SIG_A_TOP150,BRD-A10355991,norketamine,trt_cp,0.0
ATLAS_SIG_A_TOP150,6a92f7a109168d001496ada7,ATLAS_SIG_A_TOP150,BRD-A51393488,noscapine,trt_cp,-19.657667
ATLAS_SIG_A_TOP150,6a92f7a109168d001496ada7,ATLAS_SIG_A_TOP150,BRD-K18316707,O-1918,trt_cp,0.0
ATLAS_SIG_A_TOP150,6a92f7a109168d001496ada7,ATLAS_SIG_A_TOP150,BRD-K02590140,O-2050,trt_cp,0.0
ATLAS_SIG_A_TOP150,6a92f7a109168d001496ada7,ATLAS_SIG_A_TOP150,BRD-K48029790,OBAA,trt_cp,0.0
ATLAS_SIG_A_TOP150,6a92f7a109168d001496ada7,ATLAS_SIG_A_TOP150,BRD-K85318537,OBAA,trt_cp,0.0
ATLAS_SIG_A_TOP150,6a92f7a109168d001496ada7,ATLAS_SIG_A_TOP150,BRD-K26015241,ODQ,trt_cp,0.0
ATLAS_SIG_A_TOP150,6a92f7a109168d001496ada7,ATLAS_SIG_A_TOP150,BRD-A41112154,oleanolic-acid,trt_cp,0.42887777
ATLAS_SIG_A_TOP150,6a92f7a109168d001496ada7,ATLAS_SIG_A_TOP150,BRD-A39522003,OMDM-2,trt_cp,-1.1067486
ATLAS_SIG_A_TOP150,6a92f7a109168d001496ada7,ATLAS_SIG_A_TOP150,BRD-A55962179,omeprazole,trt_cp,0.45806906
ATLAS_SIG_A_TOP150,6a92f7a109168d001496ada7,ATLAS_SIG_A_TOP150,BRD-A53576514,orphenadrine,trt_cp,0.31712472
ATLAS_SIG_A_TOP150,6a92f7a109168d001496ada7,ATLAS_SIG_A_TOP150,BRD-K59037100,oxybenzone,trt_cp,2.0933492
ATLAS_SIG_A_TOP150,6a92f7a109168d001496ada7,ATLAS_SIG_A_TOP150,BRD-K82731415,olomoucine,trt_cp,2.0084567
ATLAS_SIG_A_TOP150,6a92f7a109168d001496ada7,ATLAS_SIG_A_TOP150,BRD-K86958018,olvanil,trt_cp,-0.28188866
ATLAS_SIG_A_TOP150,6a92f7a109168d001496ada7,ATLAS_SIG_A_TOP150,BRD-K51816706,oxindole-I,trt_cp,-0.63424945
ATLAS_SIG_A_TOP150,6a92f7a109168d001496ada7,ATLAS_SIG_A_TOP150,BRD-K16195444,oxymetazoline,trt_cp,-1.9379845
ATLAS_SIG_A_TOP150,6a92f7a109168d001496ada7,ATLAS_SIG_A_TOP150,BRD-K19525698,ozagrel,trt_cp,-5.250176
ATLAS_SIG_A_TOP150,6a92f7a109168d001496ada7,ATLAS_SIG_A_TOP150,BRD-K00206590,P-1075,trt_cp,-2.0789287
ATLAS_SIG_A_TOP150,6a92f7a109168d001496ada7,ATLAS_SIG_A_TOP150,BRD-A22380646,pantoprazole,trt_cp,-7.7232695
ATLAS_SIG_A_TOP150,6a92f7a109168d001496ada7,ATLAS_SIG_A_TOP150,BRD-K15567136,papaverine,trt_cp,41.201607
ATLAS_SIG_A_TOP150,6a92f7a109168d001496ada7,ATLAS_SIG_A_TOP150,BRD-K40992116,parachlorophenol,trt_cp,-0.2114165
ATLAS_SIG_A_TOP150,6a92f7a109168d001496ada7,ATLAS_SIG_A_TOP150,BRD-K83597974,pargyline,trt_cp,-1.8292297
ATLAS_SIG_A_TOP150,6a92f7a109168d001496ada7,ATLAS_SIG_A_TOP150,BRD-A29289453,PCA-4248,trt_cp,0.0
ATLAS_SIG_A_TOP150,6a92f7a109168d001496ada7,ATLAS_SIG_A_TOP150,BRD-K52721684,PCO-400,trt_cp,0.0
ATLAS_SIG_A_TOP150,6a92f7a109168d001496ada7,ATLAS_SIG_A_TOP150,BRD-A89337244,PD-102807,trt_cp,0.0
ATLAS_SIG_A_TOP150,6a92f7a109168d001496ada7,ATLAS_SIG_A_TOP150,BRD-A63836183,PD-123319,trt_cp,0.0
ATLAS_SIG_A_TOP150,6a92f7a109168d001496ada7,ATLAS_SIG_A_TOP150,BRD-K12079898,PD-160170,trt_cp,1.1224453
ATLAS_SIG_A_TOP150,6a92f7a109168d001496ada7,ATLAS_SIG_A_TOP150,BRD-A75478957,PD-166793,trt_cp,-6.3497577
ATLAS_SIG_A_TOP150,6a92f7a109168d001496ada7,ATLAS_SIG_A_TOP150,BRD-K77133231,PD-169316,trt_cp,-26.292255
ATLAS_SIG_A_TOP150,6a92f7a109168d001496ada7,ATLAS_SIG_A_TOP150,BRD-K88677950,PD-198306,trt_cp,-2.60747
ATLAS_SIG_A_TOP150,6a92f7a109168d001496ada7,ATLAS_SIG_A_TOP150,BRD-K82823804,PD-407824,trt_cp,0.7246126
ATLAS_SIG_A_TOP150,6a92f7a109168d001496ada7,ATLAS_SIG_A_TOP150,BRD-K27665173,D-64406,trt_cp,0.5637773
ATLAS_SIG_A_TOP150,6a92f7a109168d001496ada7,ATLAS_SIG_A_TOP150,BRD-K15409150,penfluridol,trt_cp,8.210261
ATLAS_SIG_A_TOP150,6a92f7a109168d001496ada7,ATLAS_SIG_A_TOP150,BRD-K57569181,pentoxifylline,trt_cp,0.0
ATLAS_SIG_A_TOP150,6a92f7a109168d001496ada7,ATLAS_SIG_A_TOP150,BRD-K57718010,pentylenetetrazol,trt_cp,-0.13865657
ATLAS_SIG_A_TOP150,6a92f7a109168d001496ada7,ATLAS_SIG_A_TOP150,BRD-K72034655,peucedanin,trt_cp,0.8428601
ATLAS_SIG_A_TOP150,6a92f7a109168d001496ada7,ATLAS_SIG_A_TOP150,BRD-A70268693,PG-9,trt_cp,-1.1627907
ATLAS_SIG_A_TOP150,6a92f7a109168d001496ada7,ATLAS_SIG_A_TOP150,BRD-K95435023,PHA-665752,trt_cp,0.0
ATLAS_SIG_A_TOP150,6a92f7a109168d001496ada7,ATLAS_SIG_A_TOP150,BRD-K90333595,phentolamine,trt_cp,-0.24665257
ATLAS_SIG_A_TOP150,6a92f7a109168d001496ada7,ATLAS_SIG_A_TOP150,BRD-K74112339,acetohydroxamic-acid,trt_cp,17.530846
ATLAS_SIG_A_TOP150,6a92f7a109168d001496ada7,ATLAS_SIG_A_TOP150,BRD-K10843433,phenylbutazone,trt_cp,0.0
ATLAS_SIG_A_TOP150,6a92f7a109168d001496ada7,ATLAS_SIG_A_TOP150,BRD-K76568384,PHTPP,trt_cp,0.0
ATLAS_SIG_A_TOP150,6a92f7a109168d001496ada7,ATLAS_SIG_A_TOP150,BRD-K97365803,PI-828,trt_cp,0.0
ATLAS_SIG_A_TOP150,6a92f7a109168d001496ada7,ATLAS_SIG_A_TOP150,BRD-K91509126,piceatannol,trt_cp,0.1761804
ATLAS_SIG_A_TOP150,6a92f7a109168d001496ada7,ATLAS_SIG_A_TOP150,BRD-A43882281,pinacidil,trt_cp,-1.6272126
ATLAS_SIG_A_TOP150,6a92f7a109168d001496ada7,ATLAS_SIG_A_TOP150,BRD-K94689771,pinocembrin,trt_cp,0.0
ATLAS_SIG_A_TOP150,6a92f7a109168d001496ada7,ATLAS_SIG_A_TOP150,BRD-K89375097,pirenzepine,trt_cp,-1.3389711
ATLAS_SIG_A_TOP150,6a92f7a109168d001496ada7,ATLAS_SIG_A_TOP150,BRD-K43978949,PIT,trt_cp,2.5369978
ATLAS_SIG_A_TOP150,6a92f7a109168d001496ada7,ATLAS_SIG_A_TOP150,BRD-A41451487,PK-11195,trt_cp,-0.070472166
ATLAS_SIG_A_TOP150,6a92f7a109168d001496ada7,ATLAS_SIG_A_TOP150,BRD-K13646352,midostaurin,trt_cp,0.0
ATLAS_SIG_A_TOP150,6a92f7a109168d001496ada7,ATLAS_SIG_A_TOP150,BRD-K71731651,PNU-120596,trt_cp,-3.875969
ATLAS_SIG_A_TOP150,6a92f7a109168d001496ada7,ATLAS_SIG_A_TOP150,BRD-K16551401,PNU-22394,trt_cp,0.0
ATLAS_SIG_A_TOP150,6a92f7a109168d001496ada7,ATLAS_SIG_A_TOP150,BRD-K28863208,PNU-282987,trt_cp,1.5856236
ATLAS_SIG_A_TOP150,6a92f7a109168d001496ada7,ATLAS_SIG_A_TOP150,BRD-A95096829,PNU-96415E,trt_cp,0.0
ATLAS_SIG_A_TOP150,6a92f7a109168d001496ada7,ATLAS_SIG_A_TOP150,BRD-K47598052,PP-1,trt_cp,0.0
ATLAS_SIG_A_TOP150,6a92f7a109168d001496ada7,ATLAS_SIG_A_TOP150,BRD-K95785537,PP-2,trt_cp,0.0
ATLAS_SIG_A_TOP150,6a92f7a109168d001496ada7,ATLAS_SIG_A_TOP150,BRD-K16977723,PP-3,trt_cp,-16.185818
ATLAS_SIG_A_TOP150,6a92f7a109168d001496ada7,ATLAS_SIG_A_TOP150,BRD-K00312224,PPT,trt_cp,1.1627907
ATLAS_SIG_A_TOP150,6a92f7a109168d001496ada7,ATLAS_SIG_A_TOP150,BRD-K67537649,PQ-401,trt_cp,0.3523608
ATLAS_SIG_A_TOP150,6a92f7a109168d001496ada7,ATLAS_SIG_A_TOP150,BRD-A71816415,pravastatin,trt_cp,0.0
ATLAS_SIG_A_TOP150,6a92f7a109168d001496ada7,ATLAS_SIG_A_TOP150,BRD-K72029282,probucol,trt_cp,0.0
ATLAS_SIG_A_TOP150,6a92f7a109168d001496ada7,ATLAS_SIG_A_TOP150,BRD-K99029477,prometon,trt_cp,0.10721944
ATLAS_SIG_A_TOP150,6a92f7a109168d001496ada7,ATLAS_SIG_A_TOP150,BRD-A26334849,propafenone,trt_cp,0.31712472
ATLAS_SIG_A_TOP150,6a92f7a109168d001496ada7,ATLAS_SIG_A_TOP150,BRD-K82255054,propofol,trt_cp,0.0
ATLAS_SIG_A_TOP150,6a92f7a109168d001496ada7,ATLAS_SIG_A_TOP150,BRD-K85242180,beta-CCP,trt_cp,0.0
ATLAS_SIG_A_TOP150,6a92f7a109168d001496ada7,ATLAS_SIG_A_TOP150,BRD-K04010869,prostaglandin-a1,trt_cp,-1.1275547
ATLAS_SIG_A_TOP150,6a92f7a109168d001496ada7,ATLAS_SIG_A_TOP150,BRD-K82865713,prostaglandin-b2,trt_cp,-7.2854033
ATLAS_SIG_A_TOP150,6a92f7a109168d001496ada7,ATLAS_SIG_A_TOP150,BRD-K97863768,prothionamide,trt_cp,0.0
ATLAS_SIG_A_TOP150,6a92f7a109168d001496ada7,ATLAS_SIG_A_TOP150,BRD-K57546357,prunetin,trt_cp,9.076706
ATLAS_SIG_A_TOP150,6a92f7a109168d001496ada7,ATLAS_SIG_A_TOP150,BRD-K10177585,PSB-11,trt_cp,-40.056114
ATLAS_SIG_A_TOP150,6a92f7a109168d001496ada7,ATLAS_SIG_A_TOP150,BRD-K84175871,pseudoephedrine,trt_cp,0.0
ATLAS_SIG_A_TOP150,6a92f7a109168d001496ada7,ATLAS_SIG_A_TOP150,BRD-K04170657,psoromic-acid,trt_cp,-29.686283
ATLAS_SIG_A_TOP150,6a92f7a109168d001496ada7,ATLAS_SIG_A_TOP150,BRD-A28970875,puromycin,trt_cp,0.0
ATLAS_SIG_A_TOP150,6a92f7a109168d001496ada7,ATLAS_SIG_A_TOP150,BRD-K97564742,mepyramine,trt_cp,-2.7429223
ATLAS_SIG_A_TOP150,6a92f7a109168d001496ada7,ATLAS_SIG_A_TOP150,BRD-K88429204,pyrimethamine,trt_cp,-0.8104299
ATLAS_SIG_A_TOP150,6a92f7a109168d001496ada7,ATLAS_SIG_A_TOP150,BRD-K68095457,palmitoylethanolamide,trt_cp,-3.5940804
ATLAS_SIG_A_TOP150,6a92f7a109168d001496ada7,ATLAS_SIG_A_TOP150,BRD-K11163873,phenanthridone,trt_cp,0.0
ATLAS_SIG_A_TOP150,6a92f7a109168d001496ada7,ATLAS_SIG_A_TOP150,BRD-K11399644,phenformin,trt_cp,0.0
ATLAS_SIG_A_TOP150,6a92f7a109168d001496ada7,ATLAS_SIG_A_TOP150,BRD-K68873215,phosphodiesterase-V-inhibitor-II,trt_cp,-0.9161381
ATLAS_SIG_A_TOP150,6a92f7a109168d001496ada7,ATLAS_SIG_A_TOP150,BRD-K26241953,piceatannol,trt_cp,-1.7179899
ATLAS_SIG_A_TOP150,6a92f7a109168d001496ada7,ATLAS_SIG_A_TOP150,BRD-K67277431,picotamide,trt_cp,7.0454817
ATLAS_SIG_A_TOP150,6a92f7a109168d001496ada7,ATLAS_SIG_A_TOP150,BRD-A37817666,picrotoxin,trt_cp,0.0
ATLAS_SIG_A_TOP150,6a92f7a109168d001496ada7,ATLAS_SIG_A_TOP150,BRD-K66874953,pifithrin-alpha,trt_cp,-0.020076472
ATLAS_SIG_A_TOP150,6a92f7a109168d001496ada7,ATLAS_SIG_A_TOP150,BRD-K31792052,pifithrin,trt_cp,-1.303735
ATLAS_SIG_A_TOP150,6a92f7a109168d001496ada7,ATLAS_SIG_A_TOP150,BRD-A58207013,pinacidil,trt_cp,2.0084567
ATLAS_SIG_A_TOP150,6a92f7a109168d001496ada7,ATLAS_SIG_A_TOP150,BRD-K16277217,piperacetazine,trt_cp,0.7399577
ATLAS_SIG_A_TOP150,6a92f7a109168d001496ada7,ATLAS_SIG_A_TOP150,BRD-K87990216,piretanide,trt_cp,-1.8498223
ATLAS_SIG_A_TOP150,6a92f7a109168d001496ada7,ATLAS_SIG_A_TOP150,BRD-K96862998,pirfenidone,trt_cp,0.0
ATLAS_SIG_A_TOP150,6a92f7a109168d001496ada7,ATLAS_SIG_A_TOP150,BRD-K60511616,pravastatin,trt_cp,-0.31712472
ATLAS_SIG_A_TOP150,6a92f7a109168d001496ada7,ATLAS_SIG_A_TOP150,BRD-K39356024,pregnenolone,trt_cp,0.0
ATLAS_SIG_A_TOP150,6a92f7a109168d001496ada7,ATLAS_SIG_A_TOP150,BRD-A22684332,procaterol,trt_cp,-1.0218464
ATLAS_SIG_A_TOP150,6a92f7a109168d001496ada7,ATLAS_SIG_A_TOP150,BRD-K64994968,progesterone,trt_cp,-0.7751938
ATLAS_SIG_A_TOP150,6a92f7a109168d001496ada7,ATLAS_SIG_A_TOP150,BRD-K18250272,propoxycaine,trt_cp,-10.503379
ATLAS_SIG_A_TOP150,6a92f7a109168d001496ada7,ATLAS_SIG_A_TOP150,BRD-K26521938,dinoprostone,trt_cp,0.0
ATLAS_SIG_A_TOP150,6a92f7a109168d001496ada7,ATLAS_SIG_A_TOP150,BRD-K77171813,proxyfan,trt_cp,-0.7751938
ATLAS_SIG_A_TOP150,6a92f7a109168d001496ada7,ATLAS_SIG_A_TOP150,BRD-A19053259,pseudopelletierine,trt_cp,40.111786
ATLAS_SIG_A_TOP150,6a92f7a109168d001496ada7,ATLAS_SIG_A_TOP150,BRD-K73397362,purmorphamine,trt_cp,-0.02534677
ATLAS_SIG_A_TOP150,6a92f7a109168d001496ada7,ATLAS_SIG_A_TOP150,BRD-K36007650,puromycin,trt_cp,0.0
ATLAS_SIG_A_TOP150,6a92f7a109168d001496ada7,ATLAS_SIG_A_TOP150,BRD-K80970344,pyrrolidine-dithiocarbamate,trt_cp,65.93393
ATLAS_SIG_A_TOP150,6a92f7a109168d001496ada7,ATLAS_SIG_A_TOP150,BRD-K59632282,quinidine,trt_cp,0.0
ATLAS_SIG_A_TOP150,6a92f7a109168d001496ada7,ATLAS_SIG_A_TOP150,BRD-K56596464,QX-314,trt_cp,-22.732267
ATLAS_SIG_A_TOP150,6a92f7a109168d001496ada7,ATLAS_SIG_A_TOP150,BRD-K97399794,quercetin,trt_cp,0.0
ATLAS_SIG_A_TOP150,6a92f7a109168d001496ada7,ATLAS_SIG_A_TOP150,BRD-K70799801,quinidine,trt_cp,0.0
ATLAS_SIG_A_TOP150,6a92f7a109168d001496ada7,ATLAS_SIG_A_TOP150,BRD-K84421793,BRD-K84421793,trt_cp,-0.7399577
ATLAS_SIG_A_TOP150,6a92f7a109168d001496ada7,ATLAS_SIG_A_TOP150,BRD-K39187410,BRD-K39187410,trt_cp,0.7399577
ATLAS_SIG_A_TOP150,6a92f7a109168d001496ada7,ATLAS_SIG_A_TOP150,BRD-K32412559,morphothebaine,trt_cp,-12.646565
ATLAS_SIG_A_TOP150,6a92f7a109168d001496ada7,ATLAS_SIG_A_TOP150,BRD-K15588452,R-96544,trt_cp,0.0
ATLAS_SIG_A_TOP150,6a92f7a109168d001496ada7,ATLAS_SIG_A_TOP150,BRD-K70505054,ranitidine,trt_cp,0.0
ATLAS_SIG_A_TOP150,6a92f7a109168d001496ada7,ATLAS_SIG_A_TOP150,BRD-A97674275,ranolazine,trt_cp,-18.882723
ATLAS_SIG_A_TOP150,6a92f7a109168d001496ada7,ATLAS_SIG_A_TOP150,BRD-K95921201,reserpine,trt_cp,-1.2684989
ATLAS_SIG_A_TOP150,6a92f7a109168d001496ada7,ATLAS_SIG_A_TOP150,BRD-A68281735,REV-5901,trt_cp,6.872229
ATLAS_SIG_A_TOP150,6a92f7a109168d001496ada7,ATLAS_SIG_A_TOP150,BRD-K82688027,RG-13022,trt_cp,-10.681366
ATLAS_SIG_A_TOP150,6a92f7a109168d001496ada7,ATLAS_SIG_A_TOP150,BRD-K21853356,RG-14620,trt_cp,0.0
ATLAS_SIG_A_TOP150,6a92f7a109168d001496ada7,ATLAS_SIG_A_TOP150,BRD-K56047318,RHC-80267,trt_cp,34.876343
ATLAS_SIG_A_TOP150,6a92f7a109168d001496ada7,ATLAS_SIG_A_TOP150,BRD-A59174698,ritodrine,trt_cp,0.0
ATLAS_SIG_A_TOP150,6a92f7a109168d001496ada7,ATLAS_SIG_A_TOP150,BRD-K34330170,rotenonic-acid,trt_cp,0.7751938
ATLAS_SIG_A_TOP150,6a92f7a109168d001496ada7,ATLAS_SIG_A_TOP150,BRD-K08640512,RS-100329,trt_cp,0.0
ATLAS_SIG_A_TOP150,6a92f7a109168d001496ada7,ATLAS_SIG_A_TOP150,BRD-K87048468,RS-102221,trt_cp,-25.745722
ATLAS_SIG_A_TOP150,6a92f7a109168d001496ada7,ATLAS_SIG_A_TOP150,BRD-K80725821,RS-16566,trt_cp,0.0
ATLAS_SIG_A_TOP150,6a92f7a109168d001496ada7,ATLAS_SIG_A_TOP150,BRD-K76840893,RS-17053,trt_cp,33.562664
ATLAS_SIG_A_TOP150,6a92f7a109168d001496ada7,ATLAS_SIG_A_TOP150,BRD-K26160755,RS-45041-190,trt_cp,-1.1275547
ATLAS_SIG_A_TOP150,6a92f7a109168d001496ada7,ATLAS_SIG_A_TOP150,BRD-K87510569,RS-504393,trt_cp,-2.708972
ATLAS_SIG_A_TOP150,6a92f7a109168d001496ada7,ATLAS_SIG_A_TOP150,BRD-K20714604,RS-56812,trt_cp,-1.8893793
ATLAS_SIG_A_TOP150,6a92f7a109168d001496ada7,ATLAS_SIG_A_TOP150,BRD-K46142322,RS-67333,trt_cp,0.9161381
ATLAS_SIG_A_TOP150,6a92f7a109168d001496ada7,ATLAS_SIG_A_TOP150,BRD-K50018155,RS-67506,trt_cp,1.9732206
ATLAS_SIG_A_TOP150,6a92f7a109168d001496ada7,ATLAS_SIG_A_TOP150,BRD-A29437505,RWJ-21757,trt_cp,0.0
ATLAS_SIG_A_TOP150,6a92f7a109168d001496ada7,ATLAS_SIG_A_TOP150,BRD-K69556541,ryanodine,trt_cp,0.0
ATLAS_SIG_A_TOP150,6a92f7a109168d001496ada7,ATLAS_SIG_A_TOP150,BRD-K04111260,raclopride,trt_cp,-0.1761804
ATLAS_SIG_A_TOP150,6a92f7a109168d001496ada7,ATLAS_SIG_A_TOP150,BRD-K14204120,ranitidine,trt_cp,-1.5503876
ATLAS_SIG_A_TOP150,6a92f7a109168d001496ada7,ATLAS_SIG_A_TOP150,BRD-A43974499,reboxetine,trt_cp,-1.6208597
ATLAS_SIG_A_TOP150,6a92f7a109168d001496ada7,ATLAS_SIG_A_TOP150,BRD-K54094468,remoxipride,trt_cp,0.0
ATLAS_SIG_A_TOP150,6a92f7a109168d001496ada7,ATLAS_SIG_A_TOP150,BRD-K52930707,rescinnamine,trt_cp,0.0
ATLAS_SIG_A_TOP150,6a92f7a109168d001496ada7,ATLAS_SIG_A_TOP150,BRD-K32755366,reserpic-acid,trt_cp,1.4688609
ATLAS_SIG_A_TOP150,6a92f7a109168d001496ada7,ATLAS_SIG_A_TOP150,BRD-K25591257,resveratrol,trt_cp,-19.068016
ATLAS_SIG_A_TOP150,6a92f7a109168d001496ada7,ATLAS_SIG_A_TOP150,BRD-M62162320,rilmenidine,trt_cp,0.0
ATLAS_SIG_A_TOP150,6a92f7a109168d001496ada7,ATLAS_SIG_A_TOP150,BRD-K21283037,riluzole,trt_cp,-0.9866103
ATLAS_SIG_A_TOP150,6a92f7a109168d001496ada7,ATLAS_SIG_A_TOP150,BRD-A63346720,rimcazole,trt_cp,-16.512949
ATLAS_SIG_A_TOP150,6a92f7a109168d001496ada7,ATLAS_SIG_A_TOP150,BRD-K31627533,rimexolone,trt_cp,0.0
ATLAS_SIG_A_TOP150,6a92f7a109168d001496ada7,ATLAS_SIG_A_TOP150,BRD-A63546914,Ro-04-5595,trt_cp,1.4094433
ATLAS_SIG_A_TOP150,6a92f7a109168d001496ada7,ATLAS_SIG_A_TOP150,BRD-K00486786,Ro-08-2750,trt_cp,-0.9866103
ATLAS_SIG_A_TOP150,6a92f7a109168d001496ada7,ATLAS_SIG_A_TOP150,BRD-K79684402,Ro-10-5824,trt_cp,0.0
ATLAS_SIG_A_TOP150,6a92f7a109168d001496ada7,ATLAS_SIG_A_TOP150,BRD-K82823076,Ro-15-4513,trt_cp,0.0
ATLAS_SIG_A_TOP150,6a92f7a109168d001496ada7,ATLAS_SIG_A_TOP150,BRD-K80778372,Ro-19-4605,trt_cp,0.0
ATLAS_SIG_A_TOP150,6a92f7a109168d001496ada7,ATLAS_SIG_A_TOP150,BRD-A49370193,Ro-60-0175,trt_cp,-5.1356792
ATLAS_SIG_A_TOP150,6a92f7a109168d001496ada7,ATLAS_SIG_A_TOP150,BRD-K20313525,rosmarinic-acid,trt_cp,0.0
ATLAS_SIG_A_TOP150,6a92f7a109168d001496ada7,ATLAS_SIG_A_TOP150,BRD-K06426971,ryuvidine,trt_cp,0.0
ATLAS_SIG_A_TOP150,6a92f7a109168d001496ada7,ATLAS_SIG_A_TOP150,BRD-K05901394,terguride,trt_cp,1.791849
ATLAS_SIG_A_TOP150,6a92f7a109168d001496ada7,ATLAS_SIG_A_TOP150,BRD-K88871508,lisuride,trt_cp,-26.793684
ATLAS_SIG_A_TOP150,6a92f7a109168d001496ada7,ATLAS_SIG_A_TOP150,BRD-K14965640,ibuprofen-(S),trt_cp,-0.90526456
ATLAS_SIG_A_TOP150,6a92f7a109168d001496ada7,ATLAS_SIG_A_TOP150,BRD-K19284129,salvinorin-a,trt_cp,0.0
ATLAS_SIG_A_TOP150,6a92f7a109168d001496ada7,ATLAS_SIG_A_TOP150,BRD-K83637872,SANT-1,trt_cp,0.0
ATLAS_SIG_A_TOP150,6a92f7a109168d001496ada7,ATLAS_SIG_A_TOP150,BRD-A89434049,sarmentogenin,trt_cp,0.964975
ATLAS_SIG_A_TOP150,6a92f7a109168d001496ada7,ATLAS_SIG_A_TOP150,BRD-K77677632,SB-200646,trt_cp,0.0
ATLAS_SIG_A_TOP150,6a92f7a109168d001496ada7,ATLAS_SIG_A_TOP150,BRD-K54330070,SB-202190,trt_cp,-2.1141648
ATLAS_SIG_A_TOP150,6a92f7a109168d001496ada7,ATLAS_SIG_A_TOP150,BRD-A37704979,SB-203580,trt_cp,-0.5637773
ATLAS_SIG_A_TOP150,6a92f7a109168d001496ada7,ATLAS_SIG_A_TOP150,BRD-A22707317,SB-205384,trt_cp,-1.9432124
ATLAS_SIG_A_TOP150,6a92f7a109168d001496ada7,ATLAS_SIG_A_TOP150,BRD-A11609859,SB-205607,trt_cp,0.0
ATLAS_SIG_A_TOP150,6a92f7a109168d001496ada7,ATLAS_SIG_A_TOP150,BRD-K61097567,SB-218795,trt_cp,0.0
ATLAS_SIG_A_TOP150,6a92f7a109168d001496ada7,ATLAS_SIG_A_TOP150,BRD-K14807180,SB-221284,trt_cp,0.0
ATLAS_SIG_A_TOP150,6a92f7a109168d001496ada7,ATLAS_SIG_A_TOP150,BRD-K04414442,SB-222200,trt_cp,0.3523608
ATLAS_SIG_A_TOP150,6a92f7a109168d001496ada7,ATLAS_SIG_A_TOP150,BRD-K61323504,SB-225002,trt_cp,0.020236773
ATLAS_SIG_A_TOP150,6a92f7a109168d001496ada7,ATLAS_SIG_A_TOP150,BRD-K98143437,SB-239063,trt_cp,-3.9464412
ATLAS_SIG_A_TOP150,6a92f7a109168d001496ada7,ATLAS_SIG_A_TOP150,BRD-K24201553,SB-269970,trt_cp,7.840895
ATLAS_SIG_A_TOP150,6a92f7a109168d001496ada7,ATLAS_SIG_A_TOP150,BRD-K41567364,SB-334867,trt_cp,1.2684989
ATLAS_SIG_A_TOP150,6a92f7a109168d001496ada7,ATLAS_SIG_A_TOP150,BRD-K59331372,SB-366791,trt_cp,-32.259193
ATLAS_SIG_A_TOP150,6a92f7a109168d001496ada7,ATLAS_SIG_A_TOP150,BRD-K53913732,SB-408124,trt_cp,-1.9732206
ATLAS_SIG_A_TOP150,6a92f7a109168d001496ada7,ATLAS_SIG_A_TOP150,BRD-K76805682,SB-415286,trt_cp,-14.662604
ATLAS_SIG_A_TOP150,6a92f7a109168d001496ada7,ATLAS_SIG_A_TOP150,BRD-K67298865,SB-431542,trt_cp,-17.43371
ATLAS_SIG_A_TOP150,6a92f7a109168d001496ada7,ATLAS_SIG_A_TOP150,BRD-K14767410,SC-560,trt_cp,0.0
ATLAS_SIG_A_TOP150,6a92f7a109168d001496ada7,ATLAS_SIG_A_TOP150,BRD-K26373640,IKK-2-inhibitor,trt_cp,0.0
ATLAS_SIG_A_TOP150,6a92f7a109168d001496ada7,ATLAS_SIG_A_TOP150,BRD-K85871428,SC-68376,trt_cp,28.039785
ATLAS_SIG_A_TOP150,6a92f7a109168d001496ada7,ATLAS_SIG_A_TOP150,BRD-K25875056,SC-9,trt_cp,0.0
ATLAS_SIG_A_TOP150,6a92f7a109168d001496ada7,ATLAS_SIG_A_TOP150,BRD-K81847782,scandenin,trt_cp,35.51419
ATLAS_SIG_A_TOP150,6a92f7a109168d001496ada7,ATLAS_SIG_A_TOP150,BRD-K45435259,SCH-23390,trt_cp,0.0
ATLAS_SIG_A_TOP150,6a92f7a109168d001496ada7,ATLAS_SIG_A_TOP150,BRD-K94270326,ecopipam,trt_cp,0.0
ATLAS_SIG_A_TOP150,6a92f7a109168d001496ada7,ATLAS_SIG_A_TOP150,BRD-K46469693,SCH-442416,trt_cp,0.9161381
ATLAS_SIG_A_TOP150,6a92f7a109168d001496ada7,ATLAS_SIG_A_TOP150,BRD-K81225797,SCH-58261,trt_cp,0.0
ATLAS_SIG_A_TOP150,6a92f7a109168d001496ada7,ATLAS_SIG_A_TOP150,BRD-A62035778,scopolamine,trt_cp,0.0
ATLAS_SIG_A_TOP150,6a92f7a109168d001496ada7,ATLAS_SIG_A_TOP150,BRD-K15868788,SDZ-205-557,trt_cp,17.906368
ATLAS_SIG_A_TOP150,6a92f7a109168d001496ada7,ATLAS_SIG_A_TOP150,BRD-A15530910,SDZ-21009,trt_cp,-0.66948557
ATLAS_SIG_A_TOP150,6a92f7a109168d001496ada7,ATLAS_SIG_A_TOP150,BRD-A82590476,SDZ-NKT-343,trt_cp,-1.1980268
ATLAS_SIG_A_TOP150,6a92f7a109168d001496ada7,ATLAS_SIG_A_TOP150,BRD-A31007383,SDZ-WAG-994,trt_cp,0.45806906
ATLAS_SIG_A_TOP150,6a92f7a109168d001496ada7,ATLAS_SIG_A_TOP150,BRD-K07212038,selinidin,trt_cp,43.86224
ATLAS_SIG_A_TOP150,6a92f7a109168d001496ada7,ATLAS_SIG_A_TOP150,BRD-K15601958,SEW-2871,trt_cp,0.0
ATLAS_SIG_A_TOP150,6a92f7a109168d001496ada7,ATLAS_SIG_A_TOP150,BRD-K98157055,SIB-1757,trt_cp,0.0
ATLAS_SIG_A_TOP150,6a92f7a109168d001496ada7,ATLAS_SIG_A_TOP150,BRD-K84996949,sinensetin,trt_cp,-1.5856236
ATLAS_SIG_A_TOP150,6a92f7a109168d001496ada7,ATLAS_SIG_A_TOP150,BRD-K73824630,skatole,trt_cp,2.3255813
ATLAS_SIG_A_TOP150,6a92f7a109168d001496ada7,ATLAS_SIG_A_TOP150,BRD-A64227845,SKF-77434,trt_cp,-2.7399004
ATLAS_SIG_A_TOP150,6a92f7a109168d001496ada7,ATLAS_SIG_A_TOP150,BRD-A09828896,SKF-81297,trt_cp,0.0
ATLAS_SIG_A_TOP150,6a92f7a109168d001496ada7,ATLAS_SIG_A_TOP150,BRD-K96809896,SKF-86002,trt_cp,-0.95137423
ATLAS_SIG_A_TOP150,6a92f7a109168d001496ada7,ATLAS_SIG_A_TOP150,BRD-A49046702,SKF-89976A,trt_cp,-2.3608174
ATLAS_SIG_A_TOP150,6a92f7a109168d001496ada7,ATLAS_SIG_A_TOP150,BRD-K01567962,pyrazolanthrone,trt_cp,-1.4446794
ATLAS_SIG_A_TOP150,6a92f7a109168d001496ada7,ATLAS_SIG_A_TOP150,BRD-A56987319,SQ-22536,trt_cp,0.0
ATLAS_SIG_A_TOP150,6a92f7a109168d001496ada7,ATLAS_SIG_A_TOP150,BRD-K91243525,SR-142948,trt_cp,-0.9866103
ATLAS_SIG_A_TOP150,6a92f7a109168d001496ada7,ATLAS_SIG_A_TOP150,BRD-K35629949,SR-27897,trt_cp,-16.35113
ATLAS_SIG_A_TOP150,6a92f7a109168d001496ada7,ATLAS_SIG_A_TOP150,BRD-K96720755,relcovaptan,trt_cp,1.103288
ATLAS_SIG_A_TOP150,6a92f7a109168d001496ada7,ATLAS_SIG_A_TOP150,BRD-K09397065,SR-57227A,trt_cp,-0.031076647
ATLAS_SIG_A_TOP150,6a92f7a109168d001496ada7,ATLAS_SIG_A_TOP150,BRD-K35430135,SR-59230A,trt_cp,-12.853776
ATLAS_SIG_A_TOP150,6a92f7a109168d001496ada7,ATLAS_SIG_A_TOP150,BRD-K19309090,SR-95639A,trt_cp,-1.4799154
ATLAS_SIG_A_TOP150,6a92f7a109168d001496ada7,ATLAS_SIG_A_TOP150,BRD-K72895815,SSR-69071,trt_cp,0.0
ATLAS_SIG_A_TOP150,6a92f7a109168d001496ada7,ATLAS_SIG_A_TOP150,BRD-K18905250,ST-91,trt_cp,0.0
ATLAS_SIG_A_TOP150,6a92f7a109168d001496ada7,ATLAS_SIG_A_TOP150,BRD-K52620403,STO-609,trt_cp,0.0
ATLAS_SIG_A_TOP150,6a92f7a109168d001496ada7,ATLAS_SIG_A_TOP150,BRD-K20287671,SU-4312,trt_cp,-14.358621
ATLAS_SIG_A_TOP150,6a92f7a109168d001496ada7,ATLAS_SIG_A_TOP150,BRD-K60487568,SU-4312,trt_cp,0.0
ATLAS_SIG_A_TOP150,6a92f7a109168d001496ada7,ATLAS_SIG_A_TOP150,BRD-K63504947,semaxanib,trt_cp,-0.7047216
ATLAS_SIG_A_TOP150,6a92f7a109168d001496ada7,ATLAS_SIG_A_TOP150,BRD-K34995470,SU-1498,trt_cp,-13.426502
ATLAS_SIG_A_TOP150,6a92f7a109168d001496ada7,ATLAS_SIG_A_TOP150,BRD-K97354755,SU-6656,trt_cp,0.0
ATLAS_SIG_A_TOP150,6a92f7a109168d001496ada7,ATLAS_SIG_A_TOP150,BRD-A70649075,sulconazole,trt_cp,0.026427206
ATLAS_SIG_A_TOP150,6a92f7a109168d001496ada7,ATLAS_SIG_A_TOP150,BRD-A10715913,sulpiride,trt_cp,21.212912
ATLAS_SIG_A_TOP150,6a92f7a109168d001496ada7,ATLAS_SIG_A_TOP150,BRD-A24122750,saclofen,trt_cp,0.0
ATLAS_SIG_A_TOP150,6a92f7a109168d001496ada7,ATLAS_SIG_A_TOP150,BRD-K09963420,saquinavir,trt_cp,0.28188866
ATLAS_SIG_A_TOP150,6a92f7a109168d001496ada7,ATLAS_SIG_A_TOP150,BRD-A49906757,scopolamine-n-oxide,trt_cp,0.0
ATLAS_SIG_A_TOP150,6a92f7a109168d001496ada7,ATLAS_SIG_A_TOP150,BRD-A14566392,scopolamine,trt_cp,1.0923185
ATLAS_SIG_A_TOP150,6a92f7a109168d001496ada7,ATLAS_SIG_A_TOP150,BRD-K62609077,scoulerine,trt_cp,0.0
ATLAS_SIG_A_TOP150,6a92f7a109168d001496ada7,ATLAS_SIG_A_TOP150,BRD-K22503835,scriptaid,trt_cp,0.0
ATLAS_SIG_A_TOP150,6a92f7a109168d001496ada7,ATLAS_SIG_A_TOP150,BRD-A25775766,securinine,trt_cp,2.3608174
ATLAS_SIG_A_TOP150,6a92f7a109168d001496ada7,ATLAS_SIG_A_TOP150,BRD-K38449220,seneciphylline,trt_cp,0.0
ATLAS_SIG_A_TOP150,6a92f7a109168d001496ada7,ATLAS_SIG_A_TOP150,BRD-K25741894,skimmianine,trt_cp,0.0
ATLAS_SIG_A_TOP150,6a92f7a109168d001496ada7,ATLAS_SIG_A_TOP150,BRD-K70881766,solanine,trt_cp,0.0
ATLAS_SIG_A_TOP150,6a92f7a109168d001496ada7,ATLAS_SIG_A_TOP150,BRD-K97330509,SRC-kinase-inhibitor-II,trt_cp,0.0
ATLAS_SIG_A_TOP150,6a92f7a109168d001496ada7,ATLAS_SIG_A_TOP150,BRD-K68332390,ponalrestat,trt_cp,-33.503174
ATLAS_SIG_A_TOP150,6a92f7a109168d001496ada7,ATLAS_SIG_A_TOP150,BRD-K84595254,strophanthidin,trt_cp,-1.0923185
ATLAS_SIG_A_TOP150,6a92f7a109168d001496ada7,ATLAS_SIG_A_TOP150,BRD-K35708212,ouabain,trt_cp,0.0
ATLAS_SIG_A_TOP150,6a92f7a109168d001496ada7,ATLAS_SIG_A_TOP150,BRD-K30189597,SYK-inhibitor,trt_cp,0.0
ATLAS_SIG_A_TOP150,6a92f7a109168d001496ada7,ATLAS_SIG_A_TOP150,BRD-K14200658,syrosingopine,trt_cp,0.0
ATLAS_SIG_A_TOP150,6a92f7a109168d001496ada7,ATLAS_SIG_A_TOP150,BRD-K31843556,T-0070907,trt_cp,1.1857046
ATLAS_SIG_A_TOP150,6a92f7a109168d001496ada7,ATLAS_SIG_A_TOP150,BRD-K63516691,T-0156,trt_cp,0.0
ATLAS_SIG_A_TOP150,6a92f7a109168d001496ada7,ATLAS_SIG_A_TOP150,BRD-K23383398,T-0901317,trt_cp,-0.02110169
ATLAS_SIG_A_TOP150,6a92f7a109168d001496ada7,ATLAS_SIG_A_TOP150,BRD-K62221994,T-98475,trt_cp,0.0
ATLAS_SIG_A_TOP150,6a92f7a109168d001496ada7,ATLAS_SIG_A_TOP150,BRD-K25186396,tangeritin,trt_cp,-11.364012
ATLAS_SIG_A_TOP150,6a92f7a109168d001496ada7,ATLAS_SIG_A_TOP150,BRD-K97118047,"4,5,6,7-tetrabromobenzotriazole",trt_cp,-7.35221
ATLAS_SIG_A_TOP150,6a92f7a109168d001496ada7,ATLAS_SIG_A_TOP150,BRD-K67352070,TC-2559,trt_cp,0.0
ATLAS_SIG_A_TOP150,6a92f7a109168d001496ada7,ATLAS_SIG_A_TOP150,BRD-A31195449,TCB2,trt_cp,1.0392723
ATLAS_SIG_A_TOP150,6a92f7a109168d001496ada7,ATLAS_SIG_A_TOP150,BRD-K73999723,telmisartan,trt_cp,0.0
ATLAS_SIG_A_TOP150,6a92f7a109168d001496ada7,ATLAS_SIG_A_TOP150,BRD-K51805276,temefos,trt_cp,0.0
ATLAS_SIG_A_TOP150,6a92f7a109168d001496ada7,ATLAS_SIG_A_TOP150,BRD-A33833419,TER-14687,trt_cp,2.0436928
ATLAS_SIG_A_TOP150,6a92f7a109168d001496ada7,ATLAS_SIG_A_TOP150,BRD-A48720949,testosterone-propionate,trt_cp,26.802254
ATLAS_SIG_A_TOP150,6a92f7a109168d001496ada7,ATLAS_SIG_A_TOP150,BRD-K97309399,thiothixene,trt_cp,-20.796995
ATLAS_SIG_A_TOP150,6a92f7a109168d001496ada7,ATLAS_SIG_A_TOP150,BRD-K12867552,PCI-24781,trt_cp,-1.0311748
ATLAS_SIG_A_TOP150,6a92f7a109168d001496ada7,ATLAS_SIG_A_TOP150,BRD-K45988865,tetramethylsilane,trt_cp,0.845666
ATLAS_SIG_A_TOP150,6a92f7a109168d001496ada7,ATLAS_SIG_A_TOP150,BRD-K51033547,tramadol,trt_cp,0.0
ATLAS_SIG_A_TOP150,6a92f7a109168d001496ada7,ATLAS_SIG_A_TOP150,BRD-A01295252,7-hydroxy-PIPAT,trt_cp,30.245632
ATLAS_SIG_A_TOP150,6a92f7a109168d001496ada7,ATLAS_SIG_A_TOP150,BRD-K34415467,trimethobenzamide,trt_cp,-0.7399577
ATLAS_SIG_A_TOP150,6a92f7a109168d001496ada7,ATLAS_SIG_A_TOP150,BRD-K54790157,trioxsalen,trt_cp,0.0
ATLAS_SIG_A_TOP150,6a92f7a109168d001496ada7,ATLAS_SIG_A_TOP150,BRD-K57033106,tripelennamine,trt_cp,-0.07080476
ATLAS_SIG_A_TOP150,6a92f7a109168d001496ada7,ATLAS_SIG_A_TOP150,BRD-K00959089,thenoyltrifluoroacetone,trt_cp,7.937413
ATLAS_SIG_A_TOP150,6a92f7a109168d001496ada7,ATLAS_SIG_A_TOP150,BRD-K68246049,TTNPB,trt_cp,0.0
ATLAS_SIG_A_TOP150,6a92f7a109168d001496ada7,ATLAS_SIG_A_TOP150,BRD-A02176148,tubaic-acid,trt_cp,0.0
ATLAS_SIG_A_TOP150,6a92f7a109168d001496ada7,ATLAS_SIG_A_TOP150,BRD-K94176593,TWS-119,trt_cp,-2.572234
ATLAS_SIG_A_TOP150,6a92f7a109168d001496ada7,ATLAS_SIG_A_TOP150,BRD-K60184833,tyrphostin-AG-99,trt_cp,-2.149401
ATLAS_SIG_A_TOP150,6a92f7a109168d001496ada7,ATLAS_SIG_A_TOP150,BRD-K96778649,tyrphostin-47,trt_cp,40.106136
ATLAS_SIG_A_TOP150,6a92f7a109168d001496ada7,ATLAS_SIG_A_TOP150,BRD-K11158509,tyrphostin-B44,trt_cp,-42.0651
ATLAS_SIG_A_TOP150,6a92f7a109168d001496ada7,ATLAS_SIG_A_TOP150,BRD-A98378129,talniflumate,trt_cp,0.0
ATLAS_SIG_A_TOP150,6a92f7a109168d001496ada7,ATLAS_SIG_A_TOP150,BRD-K43744935,tamoxifen,trt_cp,0.0
ATLAS_SIG_A_TOP150,6a92f7a109168d001496ada7,ATLAS_SIG_A_TOP150,BRD-A23723433,paclitaxel,trt_cp,1.6560959
ATLAS_SIG_A_TOP150,6a92f7a109168d001496ada7,ATLAS_SIG_A_TOP150,BRD-K06147391,telenzepine,trt_cp,0.0
ATLAS_SIG_A_TOP150,6a92f7a109168d001496ada7,ATLAS_SIG_A_TOP150,BRD-A87479750,tenidap,trt_cp,0.0
ATLAS_SIG_A_TOP150,6a92f7a109168d001496ada7,ATLAS_SIG_A_TOP150,BRD-K90553655,testosterone,trt_cp,2.8893588
ATLAS_SIG_A_TOP150,6a92f7a109168d001496ada7,ATLAS_SIG_A_TOP150,BRD-A11605036,thiocolchicoside,trt_cp,-12.430315
ATLAS_SIG_A_TOP150,6a92f7a109168d001496ada7,ATLAS_SIG_A_TOP150,BRD-A85424553,thioperamide,trt_cp,0.0
ATLAS_SIG_A_TOP150,6a92f7a109168d001496ada7,ATLAS_SIG_A_TOP150,BRD-K63874012,thioperamide,trt_cp,0.45806906
ATLAS_SIG_A_TOP150,6a92f7a109168d001496ada7,ATLAS_SIG_A_TOP150,BRD-K08619574,thioproperazine,trt_cp,-0.5285412
ATLAS_SIG_A_TOP150,6a92f7a109168d001496ada7,ATLAS_SIG_A_TOP150,BRD-K11107424,tiotidine,trt_cp,-3.488372
ATLAS_SIG_A_TOP150,6a92f7a109168d001496ada7,ATLAS_SIG_A_TOP150,BRD-K20141153,atomoxetine,trt_cp,-0.10570825
ATLAS_SIG_A_TOP150,6a92f7a109168d001496ada7,ATLAS_SIG_A_TOP150,BRD-K34154330,tracazolate,trt_cp,0.3875969
ATLAS_SIG_A_TOP150,6a92f7a109168d001496ada7,ATLAS_SIG_A_TOP150,BRD-K19533706,tranilast,trt_cp,0.0
ATLAS_SIG_A_TOP150,6a92f7a109168d001496ada7,ATLAS_SIG_A_TOP150,BRD-K69837166,trap-101,trt_cp,0.0
ATLAS_SIG_A_TOP150,6a92f7a109168d001496ada7,ATLAS_SIG_A_TOP150,BRD-K95763993,trapidil,trt_cp,0.0
ATLAS_SIG_A_TOP150,6a92f7a109168d001496ada7,ATLAS_SIG_A_TOP150,BRD-K08619838,tremorine,trt_cp,-0.7047216
ATLAS_SIG_A_TOP150,6a92f7a109168d001496ada7,ATLAS_SIG_A_TOP150,BRD-K77554836,triamcinolone,trt_cp,0.0
ATLAS_SIG_A_TOP150,6a92f7a109168d001496ada7,ATLAS_SIG_A_TOP150,BRD-A84389633,"tropanyl-3,5-dimethylbenzoate",trt_cp,0.0
ATLAS_SIG_A_TOP150,6a92f7a109168d001496ada7,ATLAS_SIG_A_TOP150,BRD-A83859836,tropisetron,trt_cp,0.0
ATLAS_SIG_A_TOP150,6a92f7a109168d001496ada7,ATLAS_SIG_A_TOP150,BRD-K02607075,tubocurarine,trt_cp,-2.7131784
ATLAS_SIG_A_TOP150,6a92f7a109168d001496ada7,ATLAS_SIG_A_TOP150,BRD-K17415526,tyrphostin-AG-835,trt_cp,-1.0218464
ATLAS_SIG_A_TOP150,6a92f7a109168d001496ada7,ATLAS_SIG_A_TOP150,BRD-A81795050,U-18666A,trt_cp,-8.504855
ATLAS_SIG_A_TOP150,6a92f7a109168d001496ada7,ATLAS_SIG_A_TOP150,BRD-K70281171,U-99194,trt_cp,1.4094433
ATLAS_SIG_A_TOP150,6a92f7a109168d001496ada7,ATLAS_SIG_A_TOP150,BRD-K18787491,U-0126,trt_cp,0.0
ATLAS_SIG_A_TOP150,6a92f7a109168d001496ada7,ATLAS_SIG_A_TOP150,BRD-K18757346,U-46619,trt_cp,-1.303735
ATLAS_SIG_A_TOP150,6a92f7a109168d001496ada7,ATLAS_SIG_A_TOP150,BRD-A96897502,U-74389F,trt_cp,0.0
ATLAS_SIG_A_TOP150,6a92f7a109168d001496ada7,ATLAS_SIG_A_TOP150,BRD-K46419649,U0126,trt_cp,0.0
ATLAS_SIG_A_TOP150,6a92f7a109168d001496ada7,ATLAS_SIG_A_TOP150,BRD-A14574269,UB-165,trt_cp,0.0
ATLAS_SIG_A_TOP150,6a92f7a109168d001496ada7,ATLAS_SIG_A_TOP150,BRD-A45499626,UBP-302,trt_cp,-4.0132084
ATLAS_SIG_A_TOP150,6a92f7a109168d001496ada7,ATLAS_SIG_A_TOP150,BRD-K50325075,UCL-2077,trt_cp,-0.99948114
ATLAS_SIG_A_TOP150,6a92f7a109168d001496ada7,ATLAS_SIG_A_TOP150,BRD-K45158365,valsartan,trt_cp,0.0
ATLAS_SIG_A_TOP150,6a92f7a109168d001496ada7,ATLAS_SIG_A_TOP150,BRD-K13926615,vardenafil,trt_cp,1.7970402
ATLAS_SIG_A_TOP150,6a92f7a109168d001496ada7,ATLAS_SIG_A_TOP150,BRD-K61737877,VEGF-receptor-2-kinase-inhibitor-IV,trt_cp,-41.095596
ATLAS_SIG_A_TOP150,6a92f7a109168d001496ada7,ATLAS_SIG_A_TOP150,BRD-K60923938,veratridine,trt_cp,-4.0169134
ATLAS_SIG_A_TOP150,6a92f7a109168d001496ada7,ATLAS_SIG_A_TOP150,BRD-A55594068,vinblastine,trt_cp,24.615194
ATLAS_SIG_A_TOP150,6a92f7a109168d001496ada7,ATLAS_SIG_A_TOP150,BRD-A60414806,vincristine,trt_cp,-1.4799154
ATLAS_SIG_A_TOP150,6a92f7a109168d001496ada7,ATLAS_SIG_A_TOP150,BRD-K62206109,VUF-5681,trt_cp,0.0
ATLAS_SIG_A_TOP150,6a92f7a109168d001496ada7,ATLAS_SIG_A_TOP150,BRD-A22783572,vinblastine,trt_cp,0.0
ATLAS_SIG_A_TOP150,6a92f7a109168d001496ada7,ATLAS_SIG_A_TOP150,BRD-K40902647,vincamine,trt_cp,0.0
ATLAS_SIG_A_TOP150,6a92f7a109168d001496ada7,ATLAS_SIG_A_TOP150,BRD-A76528577,vincristine,trt_cp,0.0
ATLAS_SIG_A_TOP150,6a92f7a109168d001496ada7,ATLAS_SIG_A_TOP150,BRD-A19374631,vinpocetine,trt_cp,0.0
ATLAS_SIG_A_TOP150,6a92f7a109168d001496ada7,ATLAS_SIG_A_TOP150,BRD-K53318339,vinpocetine,trt_cp,0.0
ATLAS_SIG_A_TOP150,6a92f7a109168d001496ada7,ATLAS_SIG_A_TOP150,BRD-A41941932,vitexin,trt_cp,0.0
ATLAS_SIG_A_TOP150,6a92f7a109168d001496ada7,ATLAS_SIG_A_TOP150,BRD-K78084463,W-12,trt_cp,41.289978
ATLAS_SIG_A_TOP150,6a92f7a109168d001496ada7,ATLAS_SIG_A_TOP150,BRD-K45068323,W-13,trt_cp,0.0
ATLAS_SIG_A_TOP150,6a92f7a109168d001496ada7,ATLAS_SIG_A_TOP150,BRD-K90259198,W-7,trt_cp,0.0
ATLAS_SIG_A_TOP150,6a92f7a109168d001496ada7,ATLAS_SIG_A_TOP150,BRD-K68341547,W-9,trt_cp,-0.9866103
ATLAS_SIG_A_TOP150,6a92f7a109168d001496ada7,ATLAS_SIG_A_TOP150,BRD-K36198571,WAY-170523,trt_cp,0.0
ATLAS_SIG_A_TOP150,6a92f7a109168d001496ada7,ATLAS_SIG_A_TOP150,BRD-A20968261,WAY-213613,trt_cp,-2.0436928
ATLAS_SIG_A_TOP150,6a92f7a109168d001496ada7,ATLAS_SIG_A_TOP150,BRD-K28115081,apafant,trt_cp,-1.1980268
ATLAS_SIG_A_TOP150,6a92f7a109168d001496ada7,ATLAS_SIG_A_TOP150,BRD-K26669427,WR-216174,trt_cp,29.35844
ATLAS_SIG_A_TOP150,6a92f7a109168d001496ada7,ATLAS_SIG_A_TOP150,BRD-K01902415,pirinixic-acid,trt_cp,1.4094433
ATLAS_SIG_A_TOP150,6a92f7a109168d001496ada7,ATLAS_SIG_A_TOP150,BRD-K12260308,xanthoxyline,trt_cp,2.6571307
ATLAS_SIG_A_TOP150,6a92f7a109168d001496ada7,ATLAS_SIG_A_TOP150,BRD-K21565985,xylazine,trt_cp,-1.691332
ATLAS_SIG_A_TOP150,6a92f7a109168d001496ada7,ATLAS_SIG_A_TOP150,BRD-K88358234,xaliproden,trt_cp,0.0
ATLAS_SIG_A_TOP150,6a92f7a109168d001496ada7,ATLAS_SIG_A_TOP150,BRD-K94832621,Y-134,trt_cp,-2.3608174
ATLAS_SIG_A_TOP150,6a92f7a109168d001496ada7,ATLAS_SIG_A_TOP150,BRD-A44133049,azasetron,trt_cp,0.070472166
ATLAS_SIG_A_TOP150,6a92f7a109168d001496ada7,ATLAS_SIG_A_TOP150,BRD-K60476892,YC-1,trt_cp,-4.0492387
ATLAS_SIG_A_TOP150,6a92f7a109168d001496ada7,ATLAS_SIG_A_TOP150,BRD-K59650319,YM-298198,trt_cp,-2.6427062
ATLAS_SIG_A_TOP150,6a92f7a109168d001496ada7,ATLAS_SIG_A_TOP150,BRD-K12932420,YM-976,trt_cp,-1.5464957
ATLAS_SIG_A_TOP150,6a92f7a109168d001496ada7,ATLAS_SIG_A_TOP150,BRD-K06208435,YS-035,trt_cp,-0.49330515
ATLAS_SIG_A_TOP150,6a92f7a109168d001496ada7,ATLAS_SIG_A_TOP150,BRD-A51410489,yohimbine,trt_cp,0.49330515
ATLAS_SIG_A_TOP150,6a92f7a109168d001496ada7,ATLAS_SIG_A_TOP150,BRD-K15935639,z-leu3-VS,trt_cp,24.249306
ATLAS_SIG_A_TOP150,6a92f7a109168d001496ada7,ATLAS_SIG_A_TOP150,BRD-K60174629,z-prolyl-prolinal,trt_cp,1.9027485
ATLAS_SIG_A_TOP150,6a92f7a109168d001496ada7,ATLAS_SIG_A_TOP150,BRD-K64157027,ZD-2079,trt_cp,-2.3608174
ATLAS_SIG_A_TOP150,6a92f7a109168d001496ada7,ATLAS_SIG_A_TOP150,BRD-K11373525,ZD-7155,trt_cp,0.0
ATLAS_SIG_A_TOP150,6a92f7a109168d001496ada7,ATLAS_SIG_A_TOP150,BRD-K18678457,ZD-7288,trt_cp,-9.230704
ATLAS_SIG_A_TOP150,6a92f7a109168d001496ada7,ATLAS_SIG_A_TOP150,BRD-K05151076,ZK-164015,trt_cp,-19.451313
ATLAS_SIG_A_TOP150,6a92f7a109168d001496ada7,ATLAS_SIG_A_TOP150,BRD-K33882852,ZK-93423,trt_cp,4.193094
ATLAS_SIG_A_TOP150,6a92f7a109168d001496ada7,ATLAS_SIG_A_TOP150,BRD-K68392338,ZK-93426,trt_cp,0.0
ATLAS_SIG_A_TOP150,6a92f7a109168d001496ada7,ATLAS_SIG_A_TOP150,BRD-K19605405,ZM-241385,trt_cp,0.66948557
ATLAS_SIG_A_TOP150,6a92f7a109168d001496ada7,ATLAS_SIG_A_TOP150,BRD-K41337261,ZM-306416,trt_cp,-2.2903454
ATLAS_SIG_A_TOP150,6a92f7a109168d001496ada7,ATLAS_SIG_A_TOP150,BRD-K67831364,ZM-323881,trt_cp,1.1627907
ATLAS_SIG_A_TOP150,6a92f7a109168d001496ada7,ATLAS_SIG_A_TOP150,BRD-K54314721,zolmitriptan,trt_cp,0.022398632
ATLAS_SIG_A_TOP150,6a92f7a109168d001496ada7,ATLAS_SIG_A_TOP150,BRD-K12516989,zaprinast,trt_cp,-25.771702
ATLAS_SIG_A_TOP150,6a92f7a109168d001496ada7,ATLAS_SIG_A_TOP150,BRD-K37561857,zardaverine,trt_cp,-0.7047216
ATLAS_SIG_A_TOP150,6a92f7a109168d001496ada7,ATLAS_SIG_A_TOP150,BRD-K92446736,zatebradine,trt_cp,3.5217028
ATLAS_SIG_A_TOP150,6a92f7a109168d001496ada7,ATLAS_SIG_A_TOP150,BRD-K08996725,zolantidine,trt_cp,-0.49330515
ATLAS_SIG_A_TOP150,6a92f7a109168d001496ada7,ATLAS_SIG_A_TOP150,BRD-K28761384,zuclopenthixol,trt_cp,0.0
ATLAS_SIG_A_TOP150,6a92f7a109168d001496ada7,ATLAS_SIG_A_TOP150,BRD-K45401373,betulinic-acid,trt_cp,-0.5637773
ATLAS_SIG_A_TOP150,6a92f7a109168d001496ada7,ATLAS_SIG_A_TOP150,BRD-A41301928,bongkrek-acid,trt_cp,0.0
ATLAS_SIG_A_TOP150,6a92f7a109168d001496ada7,ATLAS_SIG_A_TOP150,BRD-K63606607,bufalin,trt_cp,-4.580691
ATLAS_SIG_A_TOP150,6a92f7a109168d001496ada7,ATLAS_SIG_A_TOP150,BRD-A26097136,bulleyaconitine-a,trt_cp,0.0
ATLAS_SIG_A_TOP150,6a92f7a109168d001496ada7,ATLAS_SIG_A_TOP150,BRD-K26134695,calpeptin,trt_cp,0.0
ATLAS_SIG_A_TOP150,6a92f7a109168d001496ada7,ATLAS_SIG_A_TOP150,BRD-A80502530,cinobufagin,trt_cp,0.0
ATLAS_SIG_A_TOP150,6a92f7a109168d001496ada7,ATLAS_SIG_A_TOP150,BRD-K70487031,flupentixol,trt_cp,0.0
ATLAS_SIG_A_TOP150,6a92f7a109168d001496ada7,ATLAS_SIG_A_TOP150,BRD-K97509413,coumestrol,trt_cp,-2.2791584
ATLAS_SIG_A_TOP150,6a92f7a109168d001496ada7,ATLAS_SIG_A_TOP150,BRD-A82329351,cycloheximide,trt_cp,0.0
ATLAS_SIG_A_TOP150,6a92f7a109168d001496ada7,ATLAS_SIG_A_TOP150,BRD-K58938839,cyclopamine,trt_cp,1.0923185
ATLAS_SIG_A_TOP150,6a92f7a109168d001496ada7,ATLAS_SIG_A_TOP150,BRD-K93325701,damnacanthal,trt_cp,-2.9664047
ATLAS_SIG_A_TOP150,6a92f7a109168d001496ada7,ATLAS_SIG_A_TOP150,BRD-A94624445,bucladesine,trt_cp,0.0
ATLAS_SIG_A_TOP150,6a92f7a109168d001496ada7,ATLAS_SIG_A_TOP150,BRD-A06726973,dibutyrylcyclic-gmp,trt_cp,-0.7399577
ATLAS_SIG_A_TOP150,6a92f7a109168d001496ada7,ATLAS_SIG_A_TOP150,BRD-K18910433,estradiol,trt_cp,0.0
ATLAS_SIG_A_TOP150,6a92f7a109168d001496ada7,ATLAS_SIG_A_TOP150,BRD-A31801025,formestane,trt_cp,0.0
ATLAS_SIG_A_TOP150,6a92f7a109168d001496ada7,ATLAS_SIG_A_TOP150,BRD-A65550283,ginsenoside,trt_cp,-24.6241
ATLAS_SIG_A_TOP150,6a92f7a109168d001496ada7,ATLAS_SIG_A_TOP150,BRD-A73605923,mocimycin,trt_cp,0.0
ATLAS_SIG_A_TOP150,6a92f7a109168d001496ada7,ATLAS_SIG_A_TOP150,BRD-K09635314,m-3M3FBS,trt_cp,1.0923185
ATLAS_SIG_A_TOP150,6a92f7a109168d001496ada7,ATLAS_SIG_A_TOP150,BRD-K36965586,m-chlorophenylbiguanide,trt_cp,-15.503474
ATLAS_SIG_A_TOP150,6a92f7a109168d001496ada7,ATLAS_SIG_A_TOP150,BRD-K54708045,nTZDpa,trt_cp,0.0
ATLAS_SIG_A_TOP150,6a92f7a109168d001496ada7,ATLAS_SIG_A_TOP150,BRD-A34907681,rutin,trt_cp,2.572234
ATLAS_SIG_A_TOP150,6a92f7a109168d001496ada7,ATLAS_SIG_A_TOP150,BRD-A62071884,siguazodan,trt_cp,0.0
ATLAS_SIG_A_TOP150,6a92f7a109168d001496ada7,ATLAS_SIG_A_TOP150,BRD-A18579359,wiskostatin,trt_cp,-0.8451484
ATLAS_SIG_A_TOP150,6a92f7a109168d001496ada7,ATLAS_SIG_A_TOP150,BRD-A34205397,suloctidil,trt_cp,47.505615
ATLAS_SIG_A_TOP150,6a92f7a109168d001496ada7,ATLAS_SIG_A_TOP150,BRD-A60070924,alpha-estradiol,trt_cp,0.0
ATLAS_SIG_A_TOP150,6a92f7a109168d001496ada7,ATLAS_SIG_A_TOP150,BRD-K43797669,genistein,trt_cp,0.0
ATLAS_SIG_A_TOP150,6a92f7a109168d001496ada7,ATLAS_SIG_A_TOP150,BRD-K71879491,tretinoin,trt_cp,0.0
ATLAS_SIG_A_TOP150,6a92f7a109168d001496ada7,ATLAS_SIG_A_TOP150,BRD-A13084692,troglitazone,trt_cp,-0.9866103
ATLAS_SIG_A_TOP150,6a92f7a109168d001496ada7,ATLAS_SIG_A_TOP150,BRD-K41260949,valproic-acid,trt_cp,-2.2551093
ATLAS_SIG_A_TOP150,6a92f7a109168d001496ada7,ATLAS_SIG_A_TOP150,BRD-K17705806,JTC-801,trt_cp,0.0
ATLAS_SIG_A_TOP150,6a92f7a109168d001496ada7,ATLAS_SIG_A_TOP150,BRD-K14329163,BAY-K-8644-(S)-(-),trt_cp,-16.649986
ATLAS_SIG_A_TOP150,6a92f7a109168d001496ada7,ATLAS_SIG_A_TOP150,BRD-A34817987,itraconazole,trt_cp,-0.025692388
ATLAS_SIG_A_TOP150,6a92f7a109168d001496ada7,ATLAS_SIG_A_TOP150,BRD-A36630025,SN-38,trt_cp,0.0
ATLAS_SIG_A_TOP150,6a92f7a109168d001496ada7,ATLAS_SIG_A_TOP150,BRD-A56359832,zileuton,trt_cp,0.2114165
ATLAS_SIG_A_TOP150,6a92f7a109168d001496ada7,ATLAS_SIG_A_TOP150,BRD-A62809825,thapsigargin,trt_cp,0.88090205
ATLAS_SIG_A_TOP150,6a92f7a109168d001496ada7,ATLAS_SIG_A_TOP150,BRD-K04430056,7-nitroindazole,trt_cp,-1.2684989
ATLAS_SIG_A_TOP150,6a92f7a109168d001496ada7,ATLAS_SIG_A_TOP150,BRD-K17140735,SCH-79797,trt_cp,0.0
ATLAS_SIG_A_TOP150,6a92f7a109168d001496ada7,ATLAS_SIG_A_TOP150,BRD-K28907958,CD-437,trt_cp,0.0
ATLAS_SIG_A_TOP150,6a92f7a109168d001496ada7,ATLAS_SIG_A_TOP150,BRD-K41859756,NVP-AUY922,trt_cp,0.0
ATLAS_SIG_A_TOP150,6a92f7a109168d001496ada7,ATLAS_SIG_A_TOP150,BRD-K60219430,serdemetan,trt_cp,0.0
ATLAS_SIG_A_TOP150,6a92f7a109168d001496ada7,ATLAS_SIG_A_TOP150,BRD-K66792149,quinoclamine,trt_cp,-2.0549753
ATLAS_SIG_A_TOP150,6a92f7a109168d001496ada7,ATLAS_SIG_A_TOP150,BRD-K73319509,PF-04217903,trt_cp,-13.52685
ATLAS_SIG_A_TOP150,6a92f7a109168d001496ada7,ATLAS_SIG_A_TOP150,BRD-K92301463,"16,16-dimethylprostaglandin-e2",trt_cp,21.230251
ATLAS_SIG_A_TOP150,6a92f7a109168d001496ada7,ATLAS_SIG_A_TOP150,BRD-K93095519,SJ-172550,trt_cp,-1.5386872
ATLAS_SIG_A_TOP150,6a92f7a109168d001496ada7,ATLAS_SIG_A_TOP150,BRD-K99696746,fatostatin,trt_cp,-14.161438
ATLAS_SIG_A_TOP150,6a92f7a109168d001496ada7,ATLAS_SIG_A_TOP150,BRD-K86682249,BRD-K86682249,trt_cp,0.023748787
ATLAS_SIG_A_TOP150,6a92f7a109168d001496ada7,ATLAS_SIG_A_TOP150,BRD-K14696368,"9-methyl-5H-6-thia-4,5-diaza-chrysene-6,6-dioxide",trt_cp,-1.2684989
ATLAS_SIG_A_TOP150,6a92f7a109168d001496ada7,ATLAS_SIG_A_TOP150,BRD-K98404142,BRD-K98404142,trt_cp,-23.297195
ATLAS_SIG_A_TOP150,6a92f7a109168d001496ada7,ATLAS_SIG_A_TOP150,BRD-A20131130,"2',5'-dideoxyadenosine",trt_cp,-26.151047
ATLAS_SIG_A_TOP150,6a92f7a109168d001496ada7,ATLAS_SIG_A_TOP150,BRD-K59962020,CHEMBL-374350,trt_cp,-0.035236083
ATLAS_SIG_A_TOP150,6a92f7a109168d001496ada7,ATLAS_SIG_A_TOP150,BRD-K61829047,7b-cis,trt_cp,4.5101557
ATLAS_SIG_A_TOP150,6a92f7a109168d001496ada7,ATLAS_SIG_A_TOP150,BRD-K87142802,veliparib,trt_cp,1.9732206
ATLAS_SIG_A_TOP150,6a92f7a109168d001496ada7,ATLAS_SIG_A_TOP150,BRD-K01192156,tyrphostin-AG-112,trt_cp,-72.90695
ATLAS_SIG_A_TOP150,6a92f7a109168d001496ada7,ATLAS_SIG_A_TOP150,BRD-K00615600,AG-14361,trt_cp,-0.1761804
ATLAS_SIG_A_TOP150,6a92f7a109168d001496ada7,ATLAS_SIG_A_TOP150,BRD-K02113016,olaparib,trt_cp,0.2114165
ATLAS_SIG_A_TOP150,6a92f7a109168d001496ada7,ATLAS_SIG_A_TOP150,BRD-K28296557,AKT-inhibitor-IV,trt_cp,0.0
ATLAS_SIG_A_TOP150,6a92f7a109168d001496ada7,ATLAS_SIG_A_TOP150,BRD-M86331534,pyrvinium-pamoate,trt_cp,0.0
ATLAS_SIG_A_TOP150,6a92f7a109168d001496ada7,ATLAS_SIG_A_TOP150,BRD-K02950022,BMS-299897,trt_cp,1.1980268
ATLAS_SIG_A_TOP150,6a92f7a109168d001496ada7,ATLAS_SIG_A_TOP150,BRD-K34581968,BMS-536924,trt_cp,0.0
ATLAS_SIG_A_TOP150,6a92f7a109168d001496ada7,ATLAS_SIG_A_TOP150,BRD-K48923948,BMS-641988,trt_cp,-1.5856236
ATLAS_SIG_A_TOP150,6a92f7a109168d001496ada7,ATLAS_SIG_A_TOP150,BRD-K13049116,BMS-754807,trt_cp,-0.3900948
ATLAS_SIG_A_TOP150,6a92f7a109168d001496ada7,ATLAS_SIG_A_TOP150,BRD-K83289131,CAY-10618,trt_cp,1.7618041
ATLAS_SIG_A_TOP150,6a92f7a109168d001496ada7,ATLAS_SIG_A_TOP150,BRD-A84045418,calpeptin,trt_cp,-3.1800141
ATLAS_SIG_A_TOP150,6a92f7a109168d001496ada7,ATLAS_SIG_A_TOP150,BRD-K01779529,fluoropyruvate,trt_cp,0.0
ATLAS_SIG_A_TOP150,6a92f7a109168d001496ada7,ATLAS_SIG_A_TOP150,BRD-K74402642,NSC-632839,trt_cp,4.4063997
ATLAS_SIG_A_TOP150,6a92f7a109168d001496ada7,ATLAS_SIG_A_TOP150,BRD-K40892394,AR-C133057XX,trt_cp,0.0
ATLAS_SIG_A_TOP150,6a92f7a109168d001496ada7,ATLAS_SIG_A_TOP150,BRD-K80672993,M2-PK-activator,trt_cp,-2.4312897
ATLAS_SIG_A_TOP150,6a92f7a109168d001496ada7,ATLAS_SIG_A_TOP150,BRD-K69690935,curcumin,trt_cp,-1.1980268
ATLAS_SIG_A_TOP150,6a92f7a109168d001496ada7,ATLAS_SIG_A_TOP150,BRD-K86191271,cytosporone-b,trt_cp,-0.3875969
ATLAS_SIG_A_TOP150,6a92f7a109168d001496ada7,ATLAS_SIG_A_TOP150,BRD-K75532464,FTI-276,trt_cp,-1.4446794
ATLAS_SIG_A_TOP150,6a92f7a109168d001496ada7,ATLAS_SIG_A_TOP150,BRD-K64451768,GANT-58,trt_cp,-40.37555
ATLAS_SIG_A_TOP150,6a92f7a109168d001496ada7,ATLAS_SIG_A_TOP150,BRD-K69840642,ISOX,trt_cp,0.0
ATLAS_SIG_A_TOP150,6a92f7a109168d001496ada7,ATLAS_SIG_A_TOP150,BRD-K17349619,HLI-373,trt_cp,1.5503876
ATLAS_SIG_A_TOP150,6a92f7a109168d001496ada7,ATLAS_SIG_A_TOP150,BRD-A02481876,importazole,trt_cp,0.0
ATLAS_SIG_A_TOP150,6a92f7a109168d001496ada7,ATLAS_SIG_A_TOP150,BRD-A52650764,ingenol,trt_cp,1.6586024
ATLAS_SIG_A_TOP150,6a92f7a109168d001496ada7,ATLAS_SIG_A_TOP150,BRD-K45446451,JZL-184,trt_cp,-48.52777
ATLAS_SIG_A_TOP150,6a92f7a109168d001496ada7,ATLAS_SIG_A_TOP150,BRD-A58955223,sulforaphane,trt_cp,0.7047216
ATLAS_SIG_A_TOP150,6a92f7a109168d001496ada7,ATLAS_SIG_A_TOP150,BRD-K19796430,sonidegib,trt_cp,0.0
ATLAS_SIG_A_TOP150,6a92f7a109168d001496ada7,ATLAS_SIG_A_TOP150,BRD-A04352665,maraviroc,trt_cp,-16.223822
ATLAS_SIG_A_TOP150,6a92f7a109168d001496ada7,ATLAS_SIG_A_TOP150,BRD-K16406336,methylene-blue,trt_cp,0.0
ATLAS_SIG_A_TOP150,6a92f7a109168d001496ada7,ATLAS_SIG_A_TOP150,BRD-K68065987,MK-2206,trt_cp,0.0
ATLAS_SIG_A_TOP150,6a92f7a109168d001496ada7,ATLAS_SIG_A_TOP150,BRD-K78659596,ixazomib,trt_cp,7.885877
ATLAS_SIG_A_TOP150,6a92f7a109168d001496ada7,ATLAS_SIG_A_TOP150,BRD-K19894101,MST-312,trt_cp,-25.640945
ATLAS_SIG_A_TOP150,6a92f7a109168d001496ada7,ATLAS_SIG_A_TOP150,BRD-K36324071,NF-449,trt_cp,0.0
ATLAS_SIG_A_TOP150,6a92f7a109168d001496ada7,ATLAS_SIG_A_TOP150,BRD-K06792661,narciclasine,trt_cp,0.0
ATLAS_SIG_A_TOP150,6a92f7a109168d001496ada7,ATLAS_SIG_A_TOP150,BRD-K56700933,phenethyl-isothiocyanate,trt_cp,8.907646
ATLAS_SIG_A_TOP150,6a92f7a109168d001496ada7,ATLAS_SIG_A_TOP150,BRD-A19633847,perhexiline,trt_cp,1.5151515
ATLAS_SIG_A_TOP150,6a92f7a109168d001496ada7,ATLAS_SIG_A_TOP150,BRD-K68997413,PF-3845,trt_cp,0.422833
ATLAS_SIG_A_TOP150,6a92f7a109168d001496ada7,ATLAS_SIG_A_TOP150,BRD-K67868012,PI-103,trt_cp,0.0
ATLAS_SIG_A_TOP150,6a92f7a109168d001496ada7,ATLAS_SIG_A_TOP150,BRD-K99818283,PIK-90,trt_cp,-1.2684989
ATLAS_SIG_A_TOP150,6a92f7a109168d001496ada7,ATLAS_SIG_A_TOP150,BRD-K89687904,PKCbeta-inhibitor,trt_cp,-24.4503
ATLAS_SIG_A_TOP150,6a92f7a109168d001496ada7,ATLAS_SIG_A_TOP150,BRD-K30677119,PP-30,trt_cp,0.0
ATLAS_SIG_A_TOP150,6a92f7a109168d001496ada7,ATLAS_SIG_A_TOP150,BRD-K49456190,prima-1-met,trt_cp,-1.9027485
ATLAS_SIG_A_TOP150,6a92f7a109168d001496ada7,ATLAS_SIG_A_TOP150,BRD-A73680854,PT-630,trt_cp,0.0
ATLAS_SIG_A_TOP150,6a92f7a109168d001496ada7,ATLAS_SIG_A_TOP150,BRD-K59597909,phenothiazine,trt_cp,-2.501762
ATLAS_SIG_A_TOP150,6a92f7a109168d001496ada7,ATLAS_SIG_A_TOP150,BRD-K02526760,QS-11,trt_cp,-0.45806906
ATLAS_SIG_A_TOP150,6a92f7a109168d001496ada7,ATLAS_SIG_A_TOP150,BRD-U94846492,quinine,trt_cp,0.0
ATLAS_SIG_A_TOP150,6a92f7a109168d001496ada7,ATLAS_SIG_A_TOP150,BRD-K20285085,fostamatinib,trt_cp,-0.7751938
ATLAS_SIG_A_TOP150,6a92f7a109168d001496ada7,ATLAS_SIG_A_TOP150,BRD-A23770159,sirolimus,trt_cp,-12.264396
ATLAS_SIG_A_TOP150,6a92f7a109168d001496ada7,ATLAS_SIG_A_TOP150,BRD-K08417745,SID-26681509,trt_cp,0.070472166
ATLAS_SIG_A_TOP150,6a92f7a109168d001496ada7,ATLAS_SIG_A_TOP150,BRD-K60623809,SU-11652,trt_cp,0.0
ATLAS_SIG_A_TOP150,6a92f7a109168d001496ada7,ATLAS_SIG_A_TOP150,BRD-K12502280,TG-101348,trt_cp,2.3608174
ATLAS_SIG_A_TOP150,6a92f7a109168d001496ada7,ATLAS_SIG_A_TOP150,BRD-K32107296,temozolomide,trt_cp,-2.501762
ATLAS_SIG_A_TOP150,6a92f7a109168d001496ada7,ATLAS_SIG_A_TOP150,BRD-K63195589,tipifarnib,trt_cp,46.665398
ATLAS_SIG_A_TOP150,6a92f7a109168d001496ada7,ATLAS_SIG_A_TOP150,BRD-K62965247,tipifarnib-P2,trt_cp,21.844427
ATLAS_SIG_A_TOP150,6a92f7a109168d001496ada7,ATLAS_SIG_A_TOP150,BRD-K57011718,UK-356618,trt_cp,2.071475
ATLAS_SIG_A_TOP150,6a92f7a109168d001496ada7,ATLAS_SIG_A_TOP150,BRD-K32330832,VER-155008,trt_cp,-30.576506
ATLAS_SIG_A_TOP150,6a92f7a109168d001496ada7,ATLAS_SIG_A_TOP150,BRD-A58280226,Y-27632,trt_cp,1.5503876
ATLAS_SIG_A_TOP150,6a92f7a109168d001496ada7,ATLAS_SIG_A_TOP150,BRD-A62182663,YK-4279,trt_cp,60.35702
ATLAS_SIG_A_TOP150,6a92f7a109168d001496ada7,ATLAS_SIG_A_TOP150,BRD-A47829399,artesunate,trt_cp,0.0
ATLAS_SIG_A_TOP150,6a92f7a109168d001496ada7,ATLAS_SIG_A_TOP150,BRD-A79465854,auranofin,trt_cp,1.0218464
ATLAS_SIG_A_TOP150,6a92f7a109168d001496ada7,ATLAS_SIG_A_TOP150,BRD-A28105619,cucurbitacin-i,trt_cp,0.8104299
ATLAS_SIG_A_TOP150,6a92f7a109168d001496ada7,ATLAS_SIG_A_TOP150,BRD-K61314889,endo-IWR-1,trt_cp,10.029966
ATLAS_SIG_A_TOP150,6a92f7a109168d001496ada7,ATLAS_SIG_A_TOP150,BRD-A70449690,forskolin,trt_cp,-32.30391
ATLAS_SIG_A_TOP150,6a92f7a109168d001496ada7,ATLAS_SIG_A_TOP150,BRD-A77216878,manumycin-a,trt_cp,0.9866103
ATLAS_SIG_A_TOP150,6a92f7a109168d001496ada7,ATLAS_SIG_A_TOP150,BRD-A76279427,myriocin,trt_cp,0.0
ATLAS_SIG_A_TOP150,6a92f7a109168d001496ada7,ATLAS_SIG_A_TOP150,BRD-A43331270,niguldipine,trt_cp,0.0
ATLAS_SIG_A_TOP150,6a92f7a109168d001496ada7,ATLAS_SIG_A_TOP150,BRD-A15079084,phorbol-12-myristate-13-acetate,trt_cp,1.2684989
ATLAS_SIG_A_TOP150,6a92f7a109168d001496ada7,ATLAS_SIG_A_TOP150,BRD-A01145011,zebularine,trt_cp,0.0
ATLAS_SIG_A_TOP150,6a92f7a109168d001496ada7,ATLAS_SIG_A_TOP150,BRD-K01638814,rilmenidine,trt_cp,-22.415075
ATLAS_SIG_A_TOP150,6a92f7a109168d001496ada7,ATLAS_SIG_A_TOP150,BRD-A62025033,temsirolimus,trt_cp,0.0
ATLAS_SIG_A_TOP150,6a92f7a109168d001496ada7,ATLAS_SIG_A_TOP150,BRD-K04853698,LDN-193189,trt_cp,-0.07746257
ATLAS_SIG_A_TOP150,6a92f7a109168d001496ada7,ATLAS_SIG_A_TOP150,BRD-K91691979,BRD-K91691979,trt_cp,-23.076328
ATLAS_SIG_A_TOP150,6a92f7a109168d001496ada7,ATLAS_SIG_A_TOP150,BRD-K76425766,BRD-K76425766,trt_cp,-52.625637
ATLAS_SIG_A_TOP150,6a92f7a109168d001496ada7,ATLAS_SIG_A_TOP150,BRD-K19059335,BRD-K19059335,trt_cp,0.0
ATLAS_SIG_A_TOP150,6a92f7a109168d001496ada7,ATLAS_SIG_A_TOP150,BRD-K14609189,BRD-K14609189,trt_cp,-12.863323
ATLAS_SIG_A_TOP150,6a92f7a109168d001496ada7,ATLAS_SIG_A_TOP150,BRD-K11717138,benzbromarone,trt_cp,0.10570825
ATLAS_SIG_A_TOP150,6a92f7a109168d001496ada7,ATLAS_SIG_A_TOP150,BRD-A28422330,BRD-A28422330,trt_cp,0.845666
ATLAS_SIG_A_TOP150,6a92f7a109168d001496ada7,ATLAS_SIG_A_TOP150,BRD-A12633378,BRD-A12633378,trt_cp,6.6596193
ATLAS_SIG_A_TOP150,6a92f7a109168d001496ada7,ATLAS_SIG_A_TOP150,BRD-K77690805,BRD-K77690805,trt_cp,-1.726568
ATLAS_SIG_A_TOP150,6a92f7a109168d001496ada7,ATLAS_SIG_A_TOP150,BRD-K58033748,BRD-K58033748,trt_cp,0.0
ATLAS_SIG_A_TOP150,6a92f7a109168d001496ada7,ATLAS_SIG_A_TOP150,BRD-K45031696,BRD-K45031696,trt_cp,2.9245949
ATLAS_SIG_A_TOP150,6a92f7a109168d001496ada7,ATLAS_SIG_A_TOP150,BRD-K27074404,BRD-K27074404,trt_cp,-4.042503
ATLAS_SIG_A_TOP150,6a92f7a109168d001496ada7,ATLAS_SIG_A_TOP150,BRD-A16820783,BRD-A16820783,trt_cp,2.1239161
ATLAS_SIG_A_TOP150,6a92f7a109168d001496ada7,ATLAS_SIG_A_TOP150,BRD-K00313977,BRD-K00313977,trt_cp,-3.2203789
ATLAS_SIG_A_TOP150,6a92f7a109168d001496ada7,ATLAS_SIG_A_TOP150,BRD-K07872006,BRD-K07872006,trt_cp,-51.266876
ATLAS_SIG_A_TOP150,6a92f7a109168d001496ada7,ATLAS_SIG_A_TOP150,BRD-K11540476,EMF-BCA1-64,trt_cp,-0.7751938
ATLAS_SIG_A_TOP150,6a92f7a109168d001496ada7,ATLAS_SIG_A_TOP150,BRD-K11757396,BRD-K11757396,trt_cp,0.0
ATLAS_SIG_A_TOP150,6a92f7a109168d001496ada7,ATLAS_SIG_A_TOP150,BRD-K12401458,BRD-K12401458,trt_cp,-40.3065
ATLAS_SIG_A_TOP150,6a92f7a109168d001496ada7,ATLAS_SIG_A_TOP150,BRD-K14048378,BRD-K14048378,trt_cp,0.0
ATLAS_SIG_A_TOP150,6a92f7a109168d001496ada7,ATLAS_SIG_A_TOP150,BRD-K14236372,BRD-K14236372,trt_cp,0.0
ATLAS_SIG_A_TOP150,6a92f7a109168d001496ada7,ATLAS_SIG_A_TOP150,BRD-K16618170,BRD-K16618170,trt_cp,0.0
ATLAS_SIG_A_TOP150,6a92f7a109168d001496ada7,ATLAS_SIG_A_TOP150,BRD-K24538644,KU-C104502N,trt_cp,-45.365192
ATLAS_SIG_A_TOP150,6a92f7a109168d001496ada7,ATLAS_SIG_A_TOP150,BRD-K36038115,BRD-K36038115,trt_cp,0.57035697
ATLAS_SIG_A_TOP150,6a92f7a109168d001496ada7,ATLAS_SIG_A_TOP150,BRD-K51302260,KU-C103871,trt_cp,0.0
ATLAS_SIG_A_TOP150,6a92f7a109168d001496ada7,ATLAS_SIG_A_TOP150,BRD-K60218670,BRD-K60218670,trt_cp,-4.369274
ATLAS_SIG_A_TOP150,6a92f7a109168d001496ada7,ATLAS_SIG_A_TOP150,BRD-K64314806,BRD-K64314806,trt_cp,5.6730094
ATLAS_SIG_A_TOP150,6a92f7a109168d001496ada7,ATLAS_SIG_A_TOP150,BRD-K64610608,EMF-BCA1-57,trt_cp,0.5285412
ATLAS_SIG_A_TOP150,6a92f7a109168d001496ada7,ATLAS_SIG_A_TOP150,BRD-K68437527,EMF-BCA1-60,trt_cp,0.7047216
ATLAS_SIG_A_TOP150,6a92f7a109168d001496ada7,ATLAS_SIG_A_TOP150,BRD-K72817452,BRD-K72817452,trt_cp,0.0
ATLAS_SIG_A_TOP150,6a92f7a109168d001496ada7,ATLAS_SIG_A_TOP150,BRD-K73285375,BRD-K73285375,trt_cp,-2.60747
ATLAS_SIG_A_TOP150,6a92f7a109168d001496ada7,ATLAS_SIG_A_TOP150,BRD-K94919853,10H-phenothiazin-10-yl)(p-tolyl)methanone,trt_cp,-15.768282
ATLAS_SIG_A_TOP150,6a92f7a109168d001496ada7,ATLAS_SIG_A_TOP150,BRD-A71657825,2-(biphenyl-4-ylsulfonamido)pentanedioic-acid,trt_cp,0.0
ATLAS_SIG_A_TOP150,6a92f7a109168d001496ada7,ATLAS_SIG_A_TOP150,BRD-K73709114,BRD-K73709114,trt_cp,0.5637773
ATLAS_SIG_A_TOP150,6a92f7a109168d001496ada7,ATLAS_SIG_A_TOP150,BRD-K77681376,BRD-K77681376,trt_cp,0.0
ATLAS_SIG_A_TOP150,6a92f7a109168d001496ada7,ATLAS_SIG_A_TOP150,BRD-K76211160,BRD-K76211160,trt_cp,-17.091843
ATLAS_SIG_A_TOP150,6a92f7a109168d001496ada7,ATLAS_SIG_A_TOP150,BRD-K08219523,5-nonyloxytryptamine,trt_cp,13.13075
ATLAS_SIG_A_TOP150,6a92f7a109168d001496ada7,ATLAS_SIG_A_TOP150,BRD-K91442916,CAM-9-026,trt_cp,0.0
ATLAS_SIG_A_TOP150,6a92f7a109168d001496ada7,ATLAS_SIG_A_TOP150,BRD-K03067624,emetine,trt_cp,0.0
ATLAS_SIG_A_TOP150,6a92f7a109168d001496ada7,ATLAS_SIG_A_TOP150,BRD-A82096673,KU-C103428N,trt_cp,-36.451416
ATLAS_SIG_A_TOP150,6a92f7a109168d001496ada7,ATLAS_SIG_A_TOP150,BRD-A81402010,KU-C103443N,trt_cp,0.0
ATLAS_SIG_A_TOP150,6a92f7a109168d001496ada7,ATLAS_SIG_A_TOP150,BRD-K36153907,KU-C103885,trt_cp,0.0
ATLAS_SIG_A_TOP150,6a92f7a109168d001496ada7,ATLAS_SIG_A_TOP150,BRD-A53107311,BRD-A53107311,trt_cp,0.0
ATLAS_SIG_A_TOP150,6a92f7a109168d001496ada7,ATLAS_SIG_A_TOP150,BRD-K48974000,BRD-K48974000,trt_cp,2.669724
ATLAS_SIG_A_TOP150,6a92f7a109168d001496ada7,ATLAS_SIG_A_TOP150,BRD-A69470004,BRD-A69470004,trt_cp,3.805497
ATLAS_SIG_A_TOP150,6a92f7a109168d001496ada7,ATLAS_SIG_A_TOP150,BRD-A05680309,BRD-A05680309,trt_cp,0.0
ATLAS_SIG_A_TOP150,6a92f7a109168d001496ada7,ATLAS_SIG_A_TOP150,BRD-A97035593,BRD-A97035593,trt_cp,0.0
ATLAS_SIG_A_TOP150,6a92f7a109168d001496ada7,ATLAS_SIG_A_TOP150,BRD-K55186349,BRD-K55186349,trt_cp,36.92393
ATLAS_SIG_A_TOP150,6a92f7a109168d001496ada7,ATLAS_SIG_A_TOP150,BRD-K43149758,myricetin,trt_cp,0.0
ATLAS_SIG_A_TOP150,6a92f7a109168d001496ada7,ATLAS_SIG_A_TOP150,BRD-K53780220,BRD-K53780220,trt_cp,0.0
ATLAS_SIG_A_TOP150,6a92f7a109168d001496ada7,ATLAS_SIG_A_TOP150,BRD-K56658166,BRD-K56658166,trt_cp,82.4526
ATLAS_SIG_A_TOP150,6a92f7a109168d001496ada7,ATLAS_SIG_A_TOP150,BRD-K28452084,BRD-K28452084,trt_cp,-22.119246
ATLAS_SIG_A_TOP150,6a92f7a109168d001496ada7,ATLAS_SIG_A_TOP150,BRD-K97274161,BRD-K97274161,trt_cp,3.3213072
ATLAS_SIG_A_TOP150,6a92f7a109168d001496ada7,ATLAS_SIG_A_TOP150,BRD-K20401833,BRD-K20401833,trt_cp,0.0
ATLAS_SIG_A_TOP150,6a92f7a109168d001496ada7,ATLAS_SIG_A_TOP150,BRD-K70693222,BRD-K70693222,trt_cp,-1.1339885
ATLAS_SIG_A_TOP150,6a92f7a109168d001496ada7,ATLAS_SIG_A_TOP150,BRD-K55703048,latrepirdine,trt_cp,0.0
ATLAS_SIG_A_TOP150,6a92f7a109168d001496ada7,ATLAS_SIG_A_TOP150,BRD-K73610817,BRD-K73610817,trt_cp,27.830301
ATLAS_SIG_A_TOP150,6a92f7a109168d001496ada7,ATLAS_SIG_A_TOP150,BRD-K78883024,BRD-K78883024,trt_cp,-2.5369978
ATLAS_SIG_A_TOP150,6a92f7a109168d001496ada7,ATLAS_SIG_A_TOP150,BRD-K30351863,BRD-K30351863,trt_cp,-8.922538
ATLAS_SIG_A_TOP150,6a92f7a109168d001496ada7,ATLAS_SIG_A_TOP150,BRD-K37940862,BRD-K37940862,trt_cp,0.0
ATLAS_SIG_A_TOP150,6a92f7a109168d001496ada7,ATLAS_SIG_A_TOP150,BRD-K68783079,BRD-K68783079,trt_cp,0.0
ATLAS_SIG_A_TOP150,6a92f7a109168d001496ada7,ATLAS_SIG_A_TOP150,BRD-K88761633,BRD-K88761633,trt_cp,-16.914759
ATLAS_SIG_A_TOP150,6a92f7a109168d001496ada7,ATLAS_SIG_A_TOP150,BRD-K06956503,BRD-K06956503,trt_cp,14.600909
ATLAS_SIG_A_TOP150,6a92f7a109168d001496ada7,ATLAS_SIG_A_TOP150,BRD-A32917072,BRD-A32917072,trt_cp,0.0
ATLAS_SIG_A_TOP150,6a92f7a109168d001496ada7,ATLAS_SIG_A_TOP150,BRD-A61599461,BRD-A61599461,trt_cp,0.0
ATLAS_SIG_A_TOP150,6a92f7a109168d001496ada7,ATLAS_SIG_A_TOP150,BRD-A81377415,BRD-A81377415,trt_cp,0.0
ATLAS_SIG_A_TOP150,6a92f7a109168d001496ada7,ATLAS_SIG_A_TOP150,BRD-K89237706,noscapine,trt_cp,-11.301954
ATLAS_SIG_A_TOP150,6a92f7a109168d001496ada7,ATLAS_SIG_A_TOP150,BRD-K40213712,SAL-1,trt_cp,-3.8884003
ATLAS_SIG_A_TOP150,6a92f7a109168d001496ada7,ATLAS_SIG_A_TOP150,BRD-A41630653,BRD-A41630653,trt_cp,0.0
ATLAS_SIG_A_TOP150,6a92f7a109168d001496ada7,ATLAS_SIG_A_TOP150,BRD-A57457122,VU-0400071-3,trt_cp,-4.1578574
ATLAS_SIG_A_TOP150,6a92f7a109168d001496ada7,ATLAS_SIG_A_TOP150,BRD-K84141129,VU-0400193-3,trt_cp,-75.5129
ATLAS_SIG_A_TOP150,6a92f7a109168d001496ada7,ATLAS_SIG_A_TOP150,BRD-K30570479,VU-0400195-3,trt_cp,0.0
ATLAS_SIG_A_TOP150,6a92f7a109168d001496ada7,ATLAS_SIG_A_TOP150,BRD-A52172093,VU-0413807-2,trt_cp,7.710417
ATLAS_SIG_A_TOP150,6a92f7a109168d001496ada7,ATLAS_SIG_A_TOP150,BRD-K76907295,VU-0418947-2,trt_cp,23.397352
ATLAS_SIG_A_TOP150,6a92f7a109168d001496ada7,ATLAS_SIG_A_TOP150,BRD-K59633790,VU-0420363-1,trt_cp,0.0
ATLAS_SIG_A_TOP150,6a92f7a109168d001496ada7,ATLAS_SIG_A_TOP150,BRD-K92817986,BIX-02188,trt_cp,2.60747
ATLAS_SIG_A_TOP150,6a92f7a109168d001496ada7,ATLAS_SIG_A_TOP150,BRD-A67981824,cefotaxime,trt_cp,3.2769556
ATLAS_SIG_A_TOP150,6a92f7a109168d001496ada7,ATLAS_SIG_A_TOP150,BRD-A74500471,ethambutol,trt_cp,0.0
ATLAS_SIG_A_TOP150,6a92f7a109168d001496ada7,ATLAS_SIG_A_TOP150,BRD-A10070317,propranolol,trt_cp,0.0
ATLAS_SIG_A_TOP150,6a92f7a109168d001496ada7,ATLAS_SIG_A_TOP150,BRD-K02992638,lamivudine,trt_cp,0.0
ATLAS_SIG_A_TOP150,6a92f7a109168d001496ada7,ATLAS_SIG_A_TOP150,BRD-K35240538,methylprednisolone,trt_cp,-8.862278
ATLAS_SIG_A_TOP150,6a92f7a109168d001496ada7,ATLAS_SIG_A_TOP150,BRD-A84702196,penicillin,trt_cp,4.0169134
ATLAS_SIG_A_TOP150,6a92f7a109168d001496ada7,ATLAS_SIG_A_TOP150,BRD-K87024524,phenelzine,trt_cp,-0.3523608
ATLAS_SIG_A_TOP150,6a92f7a109168d001496ada7,ATLAS_SIG_A_TOP150,BRD-A96255180,ribavirin,trt_cp,0.0
ATLAS_SIG_A_TOP150,6a92f7a109168d001496ada7,ATLAS_SIG_A_TOP150,BRD-K28346421,rifapentine,trt_cp,16.168526
ATLAS_SIG_A_TOP150,6a92f7a109168d001496ada7,ATLAS_SIG_A_TOP150,BRD-K22878149,SB-205607,trt_cp,0.0
ATLAS_SIG_A_TOP150,6a92f7a109168d001496ada7,ATLAS_SIG_A_TOP150,BRD-A22256192,terazosin,trt_cp,-1.8322762
ATLAS_SIG_A_TOP150,6a92f7a109168d001496ada7,ATLAS_SIG_A_TOP150,BRD-K88304388,dextrorphan,trt_cp,0.8234345
ATLAS_SIG_A_TOP150,6a92f7a109168d001496ada7,ATLAS_SIG_A_TOP150,BRD-K94144010,cotinine,trt_cp,0.0
ATLAS_SIG_A_TOP150,6a92f7a109168d001496ada7,ATLAS_SIG_A_TOP150,BRD-A17664363,BRD-A17664363,trt_cp,-1.7618041
ATLAS_SIG_A_TOP150,6a92f7a109168d001496ada7,ATLAS_SIG_A_TOP150,BRD-A54632525,BRD-A54632525,trt_cp,0.0
ATLAS_SIG_A_TOP150,6a92f7a109168d001496ada7,ATLAS_SIG_A_TOP150,BRD-A61189834,BRD-A61189834,trt_cp,-53.654625
ATLAS_SIG_A_TOP150,6a92f7a109168d001496ada7,ATLAS_SIG_A_TOP150,BRD-A71009679,KU-C103420N,trt_cp,0.0
ATLAS_SIG_A_TOP150,6a92f7a109168d001496ada7,ATLAS_SIG_A_TOP150,BRD-A89049230,BRD-A89049230,trt_cp,0.0
ATLAS_SIG_A_TOP150,6a92f7a109168d001496ada7,ATLAS_SIG_A_TOP150,BRD-A93048969,BRD-A93048969,trt_cp,0.0
ATLAS_SIG_A_TOP150,6a92f7a109168d001496ada7,ATLAS_SIG_A_TOP150,BRD-A94297859,BRD-A94297859,trt_cp,23.640594
ATLAS_SIG_A_TOP150,6a92f7a109168d001496ada7,ATLAS_SIG_A_TOP150,BRD-K00256256,BRD-K00256256,trt_cp,-1.330936
ATLAS_SIG_A_TOP150,6a92f7a109168d001496ada7,ATLAS_SIG_A_TOP150,BRD-K01265221,BRD-K01265221,trt_cp,2.3678997
ATLAS_SIG_A_TOP150,6a92f7a109168d001496ada7,ATLAS_SIG_A_TOP150,BRD-K06217810,BRD-K06217810,trt_cp,0.0
ATLAS_SIG_A_TOP150,6a92f7a109168d001496ada7,ATLAS_SIG_A_TOP150,BRD-K11663430,pyroxamide,trt_cp,0.0
ATLAS_SIG_A_TOP150,6a92f7a109168d001496ada7,ATLAS_SIG_A_TOP150,BRD-K13810148,givinostat,trt_cp,0.0
ATLAS_SIG_A_TOP150,6a92f7a109168d001496ada7,ATLAS_SIG_A_TOP150,BRD-K19985802,BRD-K19985802,trt_cp,0.0
ATLAS_SIG_A_TOP150,6a92f7a109168d001496ada7,ATLAS_SIG_A_TOP150,BRD-K21009077,BRD-K21009077,trt_cp,0.0
ATLAS_SIG_A_TOP150,6a92f7a109168d001496ada7,ATLAS_SIG_A_TOP150,BRD-K22828899,TUL-XXI039,trt_cp,-9.114861
ATLAS_SIG_A_TOP150,6a92f7a109168d001496ada7,ATLAS_SIG_A_TOP150,BRD-K28143534,cyproheptadine,trt_cp,-27.62635
ATLAS_SIG_A_TOP150,6a92f7a109168d001496ada7,ATLAS_SIG_A_TOP150,BRD-K29113274,ketoconazole,trt_cp,0.0
ATLAS_SIG_A_TOP150,6a92f7a109168d001496ada7,ATLAS_SIG_A_TOP150,BRD-K32656671,BRD-K32656671,trt_cp,0.0
ATLAS_SIG_A_TOP150,6a92f7a109168d001496ada7,ATLAS_SIG_A_TOP150,BRD-K33106058,cytarabine,trt_cp,
ATLAS_SIG_A_TOP150,6a92f7a109168d001496ada7,ATLAS_SIG_A_TOP150,BRD-K34508425,KU-C103898N,trt_cp,0.0
ATLAS_SIG_A_TOP150,6a92f7a109168d001496ada7,ATLAS_SIG_A_TOP150,BRD-K37798499,etoposide,trt_cp,-3.8068323
ATLAS_SIG_A_TOP150,6a92f7a109168d001496ada7,ATLAS_SIG_A_TOP150,BRD-K47278471,diphenhydramine,trt_cp,0.0
ATLAS_SIG_A_TOP150,6a92f7a109168d001496ada7,ATLAS_SIG_A_TOP150,BRD-K48115423,2-(4-methoxybenzylthio)-6-methylpyrimidin-4-ol,trt_cp,0.0
ATLAS_SIG_A_TOP150,6a92f7a109168d001496ada7,ATLAS_SIG_A_TOP150,BRD-K48969316,BRD-K48969316,trt_cp,0.0
ATLAS_SIG_A_TOP150,6a92f7a109168d001496ada7,ATLAS_SIG_A_TOP150,BRD-K52080565,nandrolone,trt_cp,-0.5990134
ATLAS_SIG_A_TOP150,6a92f7a109168d001496ada7,ATLAS_SIG_A_TOP150,BRD-K61106942,BRD-K61106942,trt_cp,-42.60853
ATLAS_SIG_A_TOP150,6a92f7a109168d001496ada7,ATLAS_SIG_A_TOP150,BRD-K61217870,N-(3-acetamidophenyl)-3-chlorobenzamide,trt_cp,-3.2064834
ATLAS_SIG_A_TOP150,6a92f7a109168d001496ada7,ATLAS_SIG_A_TOP150,BRD-K64606589,apicidin,trt_cp,2.4665258
ATLAS_SIG_A_TOP150,6a92f7a109168d001496ada7,ATLAS_SIG_A_TOP150,BRD-K64835161,ML-167,trt_cp,-54.915535
ATLAS_SIG_A_TOP150,6a92f7a109168d001496ada7,ATLAS_SIG_A_TOP150,BRD-K65910366,KU-C103904N,trt_cp,33.283127
ATLAS_SIG_A_TOP150,6a92f7a109168d001496ada7,ATLAS_SIG_A_TOP150,BRD-K70751730,BRD-K70751730,trt_cp,0.0
ATLAS_SIG_A_TOP150,6a92f7a109168d001496ada7,ATLAS_SIG_A_TOP150,BRD-K72264770,QW-BI-011,trt_cp,0.0
ATLAS_SIG_A_TOP150,6a92f7a109168d001496ada7,ATLAS_SIG_A_TOP150,BRD-K74761218,WT-171,trt_cp,0.0
ATLAS_SIG_A_TOP150,6a92f7a109168d001496ada7,ATLAS_SIG_A_TOP150,BRD-K85853281,BRD-K85853281,trt_cp,0.0
ATLAS_SIG_A_TOP150,6a92f7a109168d001496ada7,ATLAS_SIG_A_TOP150,BRD-U37049823,HG-6-64-01,trt_cp,0.0
ATLAS_SIG_A_TOP150,6a92f7a109168d001496ada7,ATLAS_SIG_A_TOP150,BRD-U44700465,HG-5-88-01,trt_cp,-7.883725
ATLAS_SIG_A_TOP150,6a92f7a109168d001496ada7,ATLAS_SIG_A_TOP150,BRD-U68942961,JW-7-24-1,trt_cp,3.2064834
ATLAS_SIG_A_TOP150,6a92f7a109168d001496ada7,ATLAS_SIG_A_TOP150,BRD-U82589721,HG-5-113-01,trt_cp,-3.0231955
ATLAS_SIG_A_TOP150,6a92f7a109168d001496ada7,ATLAS_SIG_A_TOP150,BRD-K26947839,BRD-K26947839,trt_cp,-59.578117
ATLAS_SIG_A_TOP150,6a92f7a109168d001496ada7,ATLAS_SIG_A_TOP150,BRD-K32795028,1-benzylimidazole,trt_cp,-0.88090205
ATLAS_SIG_A_TOP150,6a92f7a109168d001496ada7,ATLAS_SIG_A_TOP150,BRD-K78278890,NM-PP1,trt_cp,-2.3412263
ATLAS_SIG_A_TOP150,6a92f7a109168d001496ada7,ATLAS_SIG_A_TOP150,BRD-A15010982,HU-211,trt_cp,6.3820233
ATLAS_SIG_A_TOP150,6a92f7a109168d001496ada7,ATLAS_SIG_A_TOP150,BRD-K87573634,propylpyrazole,trt_cp,0.0
ATLAS_SIG_A_TOP150,6a92f7a109168d001496ada7,ATLAS_SIG_A_TOP150,BRD-K54987996,CAY-10578,trt_cp,7.804648
ATLAS_SIG_A_TOP150,6a92f7a109168d001496ada7,ATLAS_SIG_A_TOP150,BRD-A67438293,treprostinil,trt_cp,-2.8188865
ATLAS_SIG_A_TOP150,6a92f7a109168d001496ada7,ATLAS_SIG_A_TOP150,BRD-K40619305,larixinic-acid,trt_cp,0.0
ATLAS_SIG_A_TOP150,6a92f7a109168d001496ada7,ATLAS_SIG_A_TOP150,BRD-K66896231,ipidacrine,trt_cp,0.0
ATLAS_SIG_A_TOP150,6a92f7a109168d001496ada7,ATLAS_SIG_A_TOP150,BRD-K55055802,BRD-K55055802,trt_cp,0.845666
ATLAS_SIG_A_TOP150,6a92f7a109168d001496ada7,ATLAS_SIG_A_TOP150,BRD-K20168484,BRD-K20168484,trt_cp,0.5285412
ATLAS_SIG_A_TOP150,6a92f7a109168d001496ada7,ATLAS_SIG_A_TOP150,BRD-K85925969,zalcitabine,trt_cp,-4.252274
ATLAS_SIG_A_TOP150,6a92f7a109168d001496ada7,ATLAS_SIG_A_TOP150,BRD-K99063460,didanosine,trt_cp,-2.7484143
ATLAS_SIG_A_TOP150,6a92f7a109168d001496ada7,ATLAS_SIG_A_TOP150,BRD-K61993165,niacin,trt_cp,2.4569733
ATLAS_SIG_A_TOP150,6a92f7a109168d001496ada7,ATLAS_SIG_A_TOP150,BRD-K79511609,BRD-K79511609,trt_cp,-42.073154
ATLAS_SIG_A_TOP150,6a92f7a109168d001496ada7,ATLAS_SIG_A_TOP150,BRD-K51941867,LM-1685,trt_cp,0.0
ATLAS_SIG_A_TOP150,6a92f7a109168d001496ada7,ATLAS_SIG_A_TOP150,BRD-K57954781,BRD-K57954781,trt_cp,0.0
ATLAS_SIG_A_TOP150,6a92f7a109168d001496ada7,ATLAS_SIG_A_TOP150,BRD-K06878038,deferiprone,trt_cp,-4.7209826
ATLAS_SIG_A_TOP150,6a92f7a109168d001496ada7,ATLAS_SIG_A_TOP150,BRD-K09485525,GANT-61,trt_cp,47.77711
ATLAS_SIG_A_TOP150,6a92f7a109168d001496ada7,ATLAS_SIG_A_TOP150,BRD-K92413528,thiazolidinecarboxylic-acid,trt_cp,0.0
ATLAS_SIG_A_TOP150,6a92f7a109168d001496ada7,ATLAS_SIG_A_TOP150,BRD-K28849549,mesalazine,trt_cp,0.1761804
ATLAS_SIG_A_TOP150,6a92f7a109168d001496ada7,ATLAS_SIG_A_TOP150,BRD-K34437622,5-FP,trt_cp,9.1383095
ATLAS_SIG_A_TOP150,6a92f7a109168d001496ada7,ATLAS_SIG_A_TOP150,BRD-K82143716,flucytosine,trt_cp,-62.447453
ATLAS_SIG_A_TOP150,6a92f7a109168d001496ada7,ATLAS_SIG_A_TOP150,BRD-K30197592,5-methoxytryptamine,trt_cp,-4.0169134
ATLAS_SIG_A_TOP150,6a92f7a109168d001496ada7,ATLAS_SIG_A_TOP150,BRD-K55591206,epigallocatechin-gallate-(-),trt_cp,-0.9161381
ATLAS_SIG_A_TOP150,6a92f7a109168d001496ada7,ATLAS_SIG_A_TOP150,BRD-K89626439,sirolimus,trt_cp,0.0
ATLAS_SIG_A_TOP150,6a92f7a109168d001496ada7,ATLAS_SIG_A_TOP150,BRD-K49372556,mofezolac,trt_cp,0.0
ATLAS_SIG_A_TOP150,6a92f7a109168d001496ada7,ATLAS_SIG_A_TOP150,BRD-K51066026,aminoindazole,trt_cp,0.0
ATLAS_SIG_A_TOP150,6a92f7a109168d001496ada7,ATLAS_SIG_A_TOP150,BRD-K56745457,azauridine,trt_cp,-0.95137423
ATLAS_SIG_A_TOP150,6a92f7a109168d001496ada7,ATLAS_SIG_A_TOP150,BRD-K72238567,fludarabine,trt_cp,0.0
ATLAS_SIG_A_TOP150,6a92f7a109168d001496ada7,ATLAS_SIG_A_TOP150,BRD-A00520476,AF-DX-116,trt_cp,0.0
ATLAS_SIG_A_TOP150,6a92f7a109168d001496ada7,ATLAS_SIG_A_TOP150,BRD-A61858259,CAY-10415,trt_cp,0.0
ATLAS_SIG_A_TOP150,6a92f7a109168d001496ada7,ATLAS_SIG_A_TOP150,BRD-K15107389,BRD-K15107389,trt_cp,-2.6659064
ATLAS_SIG_A_TOP150,6a92f7a109168d001496ada7,ATLAS_SIG_A_TOP150,BRD-A74771556,nikkomycin,trt_cp,-38.985767
ATLAS_SIG_A_TOP150,6a92f7a109168d001496ada7,ATLAS_SIG_A_TOP150,BRD-K63954456,BRD-K63954456,trt_cp,-14.61913
ATLAS_SIG_A_TOP150,6a92f7a109168d001496ada7,ATLAS_SIG_A_TOP150,BRD-K64310881,MW-STK33-3B,trt_cp,0.0
ATLAS_SIG_A_TOP150,6a92f7a109168d001496ada7,ATLAS_SIG_A_TOP150,BRD-A07614565,BRD-A07614565,trt_cp,0.0
ATLAS_SIG_A_TOP150,6a92f7a109168d001496ada7,ATLAS_SIG_A_TOP150,BRD-K82357231,desloratadine,trt_cp,0.0
ATLAS_SIG_A_TOP150,6a92f7a109168d001496ada7,ATLAS_SIG_A_TOP150,BRD-K26863634,BIX-01338,trt_cp,0.0
ATLAS_SIG_A_TOP150,6a92f7a109168d001496ada7,ATLAS_SIG_A_TOP150,BRD-A47706533,buthionine-sulfoximine,trt_cp,3.3474278
ATLAS_SIG_A_TOP150,6a92f7a109168d001496ada7,ATLAS_SIG_A_TOP150,BRD-K14550461,doxercalciferol,trt_cp,0.0
ATLAS_SIG_A_TOP150,6a92f7a109168d001496ada7,ATLAS_SIG_A_TOP150,BRD-K29359156,ebselen,trt_cp,-1.6208597
ATLAS_SIG_A_TOP150,6a92f7a109168d001496ada7,ATLAS_SIG_A_TOP150,BRD-K65261396,tacrolimus,trt_cp,0.0
ATLAS_SIG_A_TOP150,6a92f7a109168d001496ada7,ATLAS_SIG_A_TOP150,BRD-K14791739,fluticasone,trt_cp,-5.817693
ATLAS_SIG_A_TOP150,6a92f7a109168d001496ada7,ATLAS_SIG_A_TOP150,BRD-K15402119,huperzine-a,trt_cp,0.0
ATLAS_SIG_A_TOP150,6a92f7a109168d001496ada7,ATLAS_SIG_A_TOP150,BRD-K49328571,dasatinib,trt_cp,0.0
ATLAS_SIG_A_TOP150,6a92f7a109168d001496ada7,ATLAS_SIG_A_TOP150,BRD-K76908866,CP-724714,trt_cp,-0.028026469
ATLAS_SIG_A_TOP150,6a92f7a109168d001496ada7,ATLAS_SIG_A_TOP150,BRD-K79090631,CGP-60474,trt_cp,0.0
ATLAS_SIG_A_TOP150,6a92f7a109168d001496ada7,ATLAS_SIG_A_TOP150,BRD-K13390322,AT-7519,trt_cp,0.0
ATLAS_SIG_A_TOP150,6a92f7a109168d001496ada7,ATLAS_SIG_A_TOP150,BRD-A19248578,latrunculin-b,trt_cp,0.0
ATLAS_SIG_A_TOP150,6a92f7a109168d001496ada7,ATLAS_SIG_A_TOP150,BRD-K54331210,BRD-K54331210,trt_cp,-5.109232
ATLAS_SIG_A_TOP150,6a92f7a109168d001496ada7,ATLAS_SIG_A_TOP150,BRD-K71427192,BRD-K71427192,trt_cp,0.0
ATLAS_SIG_A_TOP150,6a92f7a109168d001496ada7,ATLAS_SIG_A_TOP150,BRD-K91485395,BRD-K91485395,trt_cp,0.0
ATLAS_SIG_A_TOP150,6a92f7a109168d001496ada7,ATLAS_SIG_A_TOP150,BRD-A77050075,heraclenol,trt_cp,0.0
ATLAS_SIG_A_TOP150,6a92f7a109168d001496ada7,ATLAS_SIG_A_TOP150,BRD-K52640952,BRD-K52640952,trt_cp,-48.07389
ATLAS_SIG_A_TOP150,6a92f7a109168d001496ada7,ATLAS_SIG_A_TOP150,BRD-K97951054,BRD-K97951054,trt_cp,-3.9816773
ATLAS_SIG_A_TOP150,6a92f7a109168d001496ada7,ATLAS_SIG_A_TOP150,BRD-K21971034,OM-137,trt_cp,0.0
ATLAS_SIG_A_TOP150,6a92f7a109168d001496ada7,ATLAS_SIG_A_TOP150,BRD-K47761761,PD-168077,trt_cp,7.4169436
ATLAS_SIG_A_TOP150,6a92f7a109168d001496ada7,ATLAS_SIG_A_TOP150,BRD-K18855837,varenicline,trt_cp,-23.891748
ATLAS_SIG_A_TOP150,6a92f7a109168d001496ada7,ATLAS_SIG_A_TOP150,BRD-K28120222,parthenolide-(alternate-stereo),trt_cp,0.0
ATLAS_SIG_A_TOP150,6a92f7a109168d001496ada7,ATLAS_SIG_A_TOP150,BRD-K35483542,alitretinoin,trt_cp,-0.49330515
ATLAS_SIG_A_TOP150,6a92f7a109168d001496ada7,ATLAS_SIG_A_TOP150,BRD-K49810818,sorafenib,trt_cp,0.0
ATLAS_SIG_A_TOP150,6a92f7a109168d001496ada7,ATLAS_SIG_A_TOP150,BRD-K29905972,axitinib,trt_cp,-23.636223
ATLAS_SIG_A_TOP150,6a92f7a109168d001496ada7,ATLAS_SIG_A_TOP150,BRD-K66175015,afatinib,trt_cp,2.2852066
ATLAS_SIG_A_TOP150,6a92f7a109168d001496ada7,ATLAS_SIG_A_TOP150,BRD-K05104363,PD-184352,trt_cp,-0.10570825
ATLAS_SIG_A_TOP150,6a92f7a109168d001496ada7,ATLAS_SIG_A_TOP150,BRD-M07438658,lapatinib,trt_cp,0.0
ATLAS_SIG_A_TOP150,6a92f7a109168d001496ada7,ATLAS_SIG_A_TOP150,BRD-K05926469,lenalidomide,trt_cp,0.0
ATLAS_SIG_A_TOP150,6a92f7a109168d001496ada7,ATLAS_SIG_A_TOP150,BRD-K99616396,motesanib,trt_cp,-3.4178998
ATLAS_SIG_A_TOP150,6a92f7a109168d001496ada7,ATLAS_SIG_A_TOP150,BRD-K23984367,sorafenib,trt_cp,-2.9274807
ATLAS_SIG_A_TOP150,6a92f7a109168d001496ada7,ATLAS_SIG_A_TOP150,BRD-K89162000,tandutinib,trt_cp,-17.12805
ATLAS_SIG_A_TOP150,6a92f7a109168d001496ada7,ATLAS_SIG_A_TOP150,BRD-K15600710,obatoclax,trt_cp,0.0
ATLAS_SIG_A_TOP150,6a92f7a109168d001496ada7,ATLAS_SIG_A_TOP150,BRD-A13807286,HA-14-1,trt_cp,0.0
ATLAS_SIG_A_TOP150,6a92f7a109168d001496ada7,ATLAS_SIG_A_TOP150,BRD-K04833372,GSK-1904529A,trt_cp,0.0
ATLAS_SIG_A_TOP150,6a92f7a109168d001496ada7,ATLAS_SIG_A_TOP150,BRD-K24681473,YM-155,trt_cp,0.0
ATLAS_SIG_A_TOP150,6a92f7a109168d001496ada7,ATLAS_SIG_A_TOP150,BRD-K82164249,andarine,trt_cp,-1.7618041
ATLAS_SIG_A_TOP150,6a92f7a109168d001496ada7,ATLAS_SIG_A_TOP150,BRD-K63923597,barasertib-HQPA,trt_cp,-0.042677406
ATLAS_SIG_A_TOP150,6a92f7a109168d001496ada7,ATLAS_SIG_A_TOP150,BRD-K42125900,docetaxel,trt_cp,28.38426
ATLAS_SIG_A_TOP150,6a92f7a109168d001496ada7,ATLAS_SIG_A_TOP150,BRD-K61192372,capecitabine,trt_cp,-20.72733
ATLAS_SIG_A_TOP150,6a92f7a109168d001496ada7,ATLAS_SIG_A_TOP150,BRD-K16621777,enobosarm,trt_cp,-30.569885
ATLAS_SIG_A_TOP150,6a92f7a109168d001496ada7,ATLAS_SIG_A_TOP150,BRD-K51967704,BIIB-021,trt_cp,0.0
ATLAS_SIG_A_TOP150,6a92f7a109168d001496ada7,ATLAS_SIG_A_TOP150,BRD-K17210248,daunorubicin,trt_cp,0.0
ATLAS_SIG_A_TOP150,6a92f7a109168d001496ada7,ATLAS_SIG_A_TOP150,BRD-K11636097,JNJ-7706621,trt_cp,0.0
ATLAS_SIG_A_TOP150,6a92f7a109168d001496ada7,ATLAS_SIG_A_TOP150,BRD-A25569250,KI-16425,trt_cp,0.0
ATLAS_SIG_A_TOP150,6a92f7a109168d001496ada7,ATLAS_SIG_A_TOP150,BRD-K64785675,TG-100115,trt_cp,-4.8193192
ATLAS_SIG_A_TOP150,6a92f7a109168d001496ada7,ATLAS_SIG_A_TOP150,BRD-K48935217,epothilone,trt_cp,0.0
ATLAS_SIG_A_TOP150,6a92f7a109168d001496ada7,ATLAS_SIG_A_TOP150,BRD-K56334280,amonafide,trt_cp,0.0
ATLAS_SIG_A_TOP150,6a92f7a109168d001496ada7,ATLAS_SIG_A_TOP150,BRD-K62982419,cilomilast,trt_cp,0.0
ATLAS_SIG_A_TOP150,6a92f7a109168d001496ada7,ATLAS_SIG_A_TOP150,BRD-K05658747,raltegravir,trt_cp,0.0
ATLAS_SIG_A_TOP150,6a92f7a109168d001496ada7,ATLAS_SIG_A_TOP150,BRD-A59985574,topotecan,trt_cp,0.0
ATLAS_SIG_A_TOP150,6a92f7a109168d001496ada7,ATLAS_SIG_A_TOP150,BRD-A20697603,thiostrepton,trt_cp,5.0739956
ATLAS_SIG_A_TOP150,6a92f7a109168d001496ada7,ATLAS_SIG_A_TOP150,BRD-K17849083,tranilast,trt_cp,0.10570825
ATLAS_SIG_A_TOP150,6a92f7a109168d001496ada7,ATLAS_SIG_A_TOP150,BRD-A16444946,acarbose,trt_cp,-0.7047216
ATLAS_SIG_A_TOP150,6a92f7a109168d001496ada7,ATLAS_SIG_A_TOP150,BRD-K33483813,actarit,trt_cp,0.0
ATLAS_SIG_A_TOP150,6a92f7a109168d001496ada7,ATLAS_SIG_A_TOP150,BRD-A73929928,BRD-A73929928,trt_cp,0.5285412
ATLAS_SIG_A_TOP150,6a92f7a109168d001496ada7,ATLAS_SIG_A_TOP150,BRD-K46742498,alosetron,trt_cp,1.8675123
ATLAS_SIG_A_TOP150,6a92f7a109168d001496ada7,ATLAS_SIG_A_TOP150,BRD-K32398298,alprazolam,trt_cp,-4.0305347
ATLAS_SIG_A_TOP150,6a92f7a109168d001496ada7,ATLAS_SIG_A_TOP150,BRD-K55462201,AM-404,trt_cp,0.0
ATLAS_SIG_A_TOP150,6a92f7a109168d001496ada7,ATLAS_SIG_A_TOP150,BRD-K29530284,amlexanox,trt_cp,-1.0923185
ATLAS_SIG_A_TOP150,6a92f7a109168d001496ada7,ATLAS_SIG_A_TOP150,BRD-A64297288,amlodipine,trt_cp,35.00661
ATLAS_SIG_A_TOP150,6a92f7a109168d001496ada7,ATLAS_SIG_A_TOP150,BRD-A39172021,ampiroxicam,trt_cp,0.031964682
ATLAS_SIG_A_TOP150,6a92f7a109168d001496ada7,ATLAS_SIG_A_TOP150,BRD-K52172416,anastrozole,trt_cp,0.0
ATLAS_SIG_A_TOP150,6a92f7a109168d001496ada7,ATLAS_SIG_A_TOP150,BRD-A48261811,argatroban,trt_cp,0.14094433
ATLAS_SIG_A_TOP150,6a92f7a109168d001496ada7,ATLAS_SIG_A_TOP150,BRD-K70358946,aripiprazole,trt_cp,-0.2114165
ATLAS_SIG_A_TOP150,6a92f7a109168d001496ada7,ATLAS_SIG_A_TOP150,BRD-K39621635,artemether,trt_cp,-0.8104299
ATLAS_SIG_A_TOP150,6a92f7a109168d001496ada7,ATLAS_SIG_A_TOP150,BRD-K79759031,artesunate,trt_cp,0.14094433
ATLAS_SIG_A_TOP150,6a92f7a109168d001496ada7,ATLAS_SIG_A_TOP150,BRD-A75935363,atracurium,trt_cp,5.1281843
ATLAS_SIG_A_TOP150,6a92f7a109168d001496ada7,ATLAS_SIG_A_TOP150,BRD-A68888262,azelastine,trt_cp,0.0
ATLAS_SIG_A_TOP150,6a92f7a109168d001496ada7,ATLAS_SIG_A_TOP150,BRD-A17448384,beclometasone,trt_cp,-25.780113
ATLAS_SIG_A_TOP150,6a92f7a109168d001496ada7,ATLAS_SIG_A_TOP150,BRD-K85030058,benactyzine,trt_cp,0.0
ATLAS_SIG_A_TOP150,6a92f7a109168d001496ada7,ATLAS_SIG_A_TOP150,BRD-K49807096,benazepril,trt_cp,0.0
ATLAS_SIG_A_TOP150,6a92f7a109168d001496ada7,ATLAS_SIG_A_TOP150,BRD-A35519318,benidipine,trt_cp,-0.28188866
ATLAS_SIG_A_TOP150,6a92f7a109168d001496ada7,ATLAS_SIG_A_TOP150,BRD-A42423104,benproperine,trt_cp,0.0
ATLAS_SIG_A_TOP150,6a92f7a109168d001496ada7,ATLAS_SIG_A_TOP150,BRD-K31471398,dihydrexidine,trt_cp,0.0
ATLAS_SIG_A_TOP150,6a92f7a109168d001496ada7,ATLAS_SIG_A_TOP150,BRD-A94543220,bifonazole,trt_cp,0.8427571
ATLAS_SIG_A_TOP150,6a92f7a109168d001496ada7,ATLAS_SIG_A_TOP150,BRD-K68077509,brucine,trt_cp,18.02315
ATLAS_SIG_A_TOP150,6a92f7a109168d001496ada7,ATLAS_SIG_A_TOP150,BRD-K19462402,buflomedil,trt_cp,24.923111
ATLAS_SIG_A_TOP150,6a92f7a109168d001496ada7,ATLAS_SIG_A_TOP150,BRD-K16336526,capsaicin,trt_cp,7.865531
ATLAS_SIG_A_TOP150,6a92f7a109168d001496ada7,ATLAS_SIG_A_TOP150,BRD-K11630072,carmofur,trt_cp,45.153156
ATLAS_SIG_A_TOP150,6a92f7a109168d001496ada7,ATLAS_SIG_A_TOP150,BRD-K20338176,cefaclor,trt_cp,-19.047373
ATLAS_SIG_A_TOP150,6a92f7a109168d001496ada7,ATLAS_SIG_A_TOP150,BRD-M47937986,cefatrizine,trt_cp,2.185104
ATLAS_SIG_A_TOP150,6a92f7a109168d001496ada7,ATLAS_SIG_A_TOP150,BRD-K52735702,cefdinir,trt_cp,0.0
ATLAS_SIG_A_TOP150,6a92f7a109168d001496ada7,ATLAS_SIG_A_TOP150,BRD-K04993501,cefixime,trt_cp,2.4665258
ATLAS_SIG_A_TOP150,6a92f7a109168d001496ada7,ATLAS_SIG_A_TOP150,BRD-A87387433,cefpodoxime,trt_cp,-0.7399577
ATLAS_SIG_A_TOP150,6a92f7a109168d001496ada7,ATLAS_SIG_A_TOP150,BRD-K90733503,cephalexin,trt_cp,-0.24665257
ATLAS_SIG_A_TOP150,6a92f7a109168d001496ada7,ATLAS_SIG_A_TOP150,BRD-K81169441,cerivastatin,trt_cp,-7.339175
ATLAS_SIG_A_TOP150,6a92f7a109168d001496ada7,ATLAS_SIG_A_TOP150,BRD-K48932581,cetraxate,trt_cp,0.0
ATLAS_SIG_A_TOP150,6a92f7a109168d001496ada7,ATLAS_SIG_A_TOP150,BRD-K86595100,chlordiazepoxide,trt_cp,0.0
ATLAS_SIG_A_TOP150,6a92f7a109168d001496ada7,ATLAS_SIG_A_TOP150,BRD-K85518562,cilastatin,trt_cp,2.1303225
ATLAS_SIG_A_TOP150,6a92f7a109168d001496ada7,ATLAS_SIG_A_TOP150,BRD-K49668410,clarithromycin,trt_cp,1.1275547
ATLAS_SIG_A_TOP150,6a92f7a109168d001496ada7,ATLAS_SIG_A_TOP150,BRD-K56614220,clofazimine,trt_cp,-0.070472166
ATLAS_SIG_A_TOP150,6a92f7a109168d001496ada7,ATLAS_SIG_A_TOP150,BRD-K15916496,clotrimazole,trt_cp,0.01622242
ATLAS_SIG_A_TOP150,6a92f7a109168d001496ada7,ATLAS_SIG_A_TOP150,BRD-K73589401,corticosterone,trt_cp,-2.2551093
ATLAS_SIG_A_TOP150,6a92f7a109168d001496ada7,ATLAS_SIG_A_TOP150,BRD-K70578146,dactinomycin,trt_cp,0.0
ATLAS_SIG_A_TOP150,6a92f7a109168d001496ada7,ATLAS_SIG_A_TOP150,BRD-K90976994,dehydrocholic-acid,trt_cp,0.0
ATLAS_SIG_A_TOP150,6a92f7a109168d001496ada7,ATLAS_SIG_A_TOP150,BRD-K30697463,desoximetasone,trt_cp,0.0
ATLAS_SIG_A_TOP150,6a92f7a109168d001496ada7,ATLAS_SIG_A_TOP150,BRD-K22947005,dexbrompheniramine,trt_cp,0.0
ATLAS_SIG_A_TOP150,6a92f7a109168d001496ada7,ATLAS_SIG_A_TOP150,BRD-K39462424,dexchlorpheniramine,trt_cp,-0.9161381
ATLAS_SIG_A_TOP150,6a92f7a109168d001496ada7,ATLAS_SIG_A_TOP150,BRD-K13664374,dichloroacetic-acid,trt_cp,2.5850685
ATLAS_SIG_A_TOP150,6a92f7a109168d001496ada7,ATLAS_SIG_A_TOP150,BRD-K41903098,diphenoxylate,trt_cp,28.521622
ATLAS_SIG_A_TOP150,6a92f7a109168d001496ada7,ATLAS_SIG_A_TOP150,BRD-K51730347,diphencyprone,trt_cp,0.96141523
ATLAS_SIG_A_TOP150,6a92f7a109168d001496ada7,ATLAS_SIG_A_TOP150,BRD-K63265447,docetaxel,trt_cp,4.4105697
ATLAS_SIG_A_TOP150,6a92f7a109168d001496ada7,ATLAS_SIG_A_TOP150,BRD-K86887724,dofetilide,trt_cp,0.0
ATLAS_SIG_A_TOP150,6a92f7a109168d001496ada7,ATLAS_SIG_A_TOP150,BRD-K28029915,dolasetron,trt_cp,-26.302773
ATLAS_SIG_A_TOP150,6a92f7a109168d001496ada7,ATLAS_SIG_A_TOP150,BRD-K40758068,efavirenz,trt_cp,-0.10570825
ATLAS_SIG_A_TOP150,6a92f7a109168d001496ada7,ATLAS_SIG_A_TOP150,BRD-K99447003,enalaprilat,trt_cp,-2.2494793
ATLAS_SIG_A_TOP150,6a92f7a109168d001496ada7,ATLAS_SIG_A_TOP150,BRD-A07395371,esmolol,trt_cp,-1.6803665
ATLAS_SIG_A_TOP150,6a92f7a109168d001496ada7,ATLAS_SIG_A_TOP150,BRD-A56892734,esomeprazole,trt_cp,-54.60684
ATLAS_SIG_A_TOP150,6a92f7a109168d001496ada7,ATLAS_SIG_A_TOP150,BRD-K47448802,BRD-K47448802,trt_cp,0.0
ATLAS_SIG_A_TOP150,6a92f7a109168d001496ada7,ATLAS_SIG_A_TOP150,BRD-K39391626,ethylestrenol,trt_cp,1.0570824
ATLAS_SIG_A_TOP150,6a92f7a109168d001496ada7,ATLAS_SIG_A_TOP150,BRD-K48195008,ethinylestradiol,trt_cp,-1.1430006
ATLAS_SIG_A_TOP150,6a92f7a109168d001496ada7,ATLAS_SIG_A_TOP150,BRD-K33425534,exemestane,trt_cp,-2.8600109
ATLAS_SIG_A_TOP150,6a92f7a109168d001496ada7,ATLAS_SIG_A_TOP150,BRD-K42260897,ezetimibe,trt_cp,-0.31712472
ATLAS_SIG_A_TOP150,6a92f7a109168d001496ada7,ATLAS_SIG_A_TOP150,BRD-K00673382,famotidine,trt_cp,0.0
ATLAS_SIG_A_TOP150,6a92f7a109168d001496ada7,ATLAS_SIG_A_TOP150,BRD-K84566043,fenpiverinium,trt_cp,-9.161382
ATLAS_SIG_A_TOP150,6a92f7a109168d001496ada7,ATLAS_SIG_A_TOP150,BRD-K86003836,flubendazole,trt_cp,6.9792514
ATLAS_SIG_A_TOP150,6a92f7a109168d001496ada7,ATLAS_SIG_A_TOP150,BRD-K31534764,fluvoxamine,trt_cp,0.5990134
ATLAS_SIG_A_TOP150,6a92f7a109168d001496ada7,ATLAS_SIG_A_TOP150,BRD-K54006094,formoterol,trt_cp,0.3523608
ATLAS_SIG_A_TOP150,6a92f7a109168d001496ada7,ATLAS_SIG_A_TOP150,BRD-A79903587,tegafur,trt_cp,0.0
ATLAS_SIG_A_TOP150,6a92f7a109168d001496ada7,ATLAS_SIG_A_TOP150,BRD-K49481516,galantamine,trt_cp,0.45806906
ATLAS_SIG_A_TOP150,6a92f7a109168d001496ada7,ATLAS_SIG_A_TOP150,BRD-A62434282,goserelin,trt_cp,-2.3960536
ATLAS_SIG_A_TOP150,6a92f7a109168d001496ada7,ATLAS_SIG_A_TOP150,BRD-K10860596,granisetron,trt_cp,3.382664
ATLAS_SIG_A_TOP150,6a92f7a109168d001496ada7,ATLAS_SIG_A_TOP150,BRD-K33312228,halometasone,trt_cp,-1.2684989
ATLAS_SIG_A_TOP150,6a92f7a109168d001496ada7,ATLAS_SIG_A_TOP150,BRD-A24643465,homoharringtonine,trt_cp,0.0
ATLAS_SIG_A_TOP150,6a92f7a109168d001496ada7,ATLAS_SIG_A_TOP150,BRD-K59570838,homoveratrylamine,trt_cp,4.2283297
ATLAS_SIG_A_TOP150,6a92f7a109168d001496ada7,ATLAS_SIG_A_TOP150,BRD-K98493452,honokiol,trt_cp,-8.657137
ATLAS_SIG_A_TOP150,6a92f7a109168d001496ada7,ATLAS_SIG_A_TOP150,BRD-K45888792,huperzine-a,trt_cp,31.598354
ATLAS_SIG_A_TOP150,6a92f7a109168d001496ada7,ATLAS_SIG_A_TOP150,BRD-K84955386,hyperoside,trt_cp,0.0
ATLAS_SIG_A_TOP150,6a92f7a109168d001496ada7,ATLAS_SIG_A_TOP150,BRD-K69650333,idarubicin,trt_cp,0.0
ATLAS_SIG_A_TOP150,6a92f7a109168d001496ada7,ATLAS_SIG_A_TOP150,BRD-K37516142,idebenone,trt_cp,2.8893588
ATLAS_SIG_A_TOP150,6a92f7a109168d001496ada7,ATLAS_SIG_A_TOP150,BRD-A24191444,ifenprodil,trt_cp,0.2152644
ATLAS_SIG_A_TOP150,6a92f7a109168d001496ada7,ATLAS_SIG_A_TOP150,BRD-K01649396,indatraline,trt_cp,36.00622
ATLAS_SIG_A_TOP150,6a92f7a109168d001496ada7,ATLAS_SIG_A_TOP150,BRD-K33226500,indinavir,trt_cp,3.754615
ATLAS_SIG_A_TOP150,6a92f7a109168d001496ada7,ATLAS_SIG_A_TOP150,BRD-K93618743,ipriflavone,trt_cp,0.0
ATLAS_SIG_A_TOP150,6a92f7a109168d001496ada7,ATLAS_SIG_A_TOP150,BRD-K73991644,isoquercetin,trt_cp,0.0
ATLAS_SIG_A_TOP150,6a92f7a109168d001496ada7,ATLAS_SIG_A_TOP150,BRD-A69927616,isradipine,trt_cp,0.0
ATLAS_SIG_A_TOP150,6a92f7a109168d001496ada7,ATLAS_SIG_A_TOP150,BRD-K30097969,pitavastatin,trt_cp,0.0
ATLAS_SIG_A_TOP150,6a92f7a109168d001496ada7,ATLAS_SIG_A_TOP150,BRD-K96740444,itopride,trt_cp,-2.561871
ATLAS_SIG_A_TOP150,6a92f7a109168d001496ada7,ATLAS_SIG_A_TOP150,BRD-K96134740,kitasamycin,trt_cp,-13.241172
ATLAS_SIG_A_TOP150,6a92f7a109168d001496ada7,ATLAS_SIG_A_TOP150,BRD-K59456551,methotrexate,trt_cp,0.0
ATLAS_SIG_A_TOP150,6a92f7a109168d001496ada7,ATLAS_SIG_A_TOP150,BRD-K22227508,targinine,trt_cp,1.4723835
ATLAS_SIG_A_TOP150,6a92f7a109168d001496ada7,ATLAS_SIG_A_TOP150,BRD-A52282606,lacidipine,trt_cp,-0.6587423
ATLAS_SIG_A_TOP150,6a92f7a109168d001496ada7,ATLAS_SIG_A_TOP150,BRD-A49172652,lansoprazole,trt_cp,-0.06524698
ATLAS_SIG_A_TOP150,6a92f7a109168d001496ada7,ATLAS_SIG_A_TOP150,BRD-K10961822,latanoprost,trt_cp,0.0
ATLAS_SIG_A_TOP150,6a92f7a109168d001496ada7,ATLAS_SIG_A_TOP150,BRD-K49404994,levetiracetam,trt_cp,-39.240078
ATLAS_SIG_A_TOP150,6a92f7a109168d001496ada7,ATLAS_SIG_A_TOP150,BRD-K27184429,levocetirizine,trt_cp,2.4353337
ATLAS_SIG_A_TOP150,6a92f7a109168d001496ada7,ATLAS_SIG_A_TOP150,BRD-K09471561,levofloxacin,trt_cp,82.75049
ATLAS_SIG_A_TOP150,6a92f7a109168d001496ada7,ATLAS_SIG_A_TOP150,BRD-K51671335,levosulpiride,trt_cp,0.0
ATLAS_SIG_A_TOP150,6a92f7a109168d001496ada7,ATLAS_SIG_A_TOP150,BRD-K66206289,lobeline,trt_cp,0.0
ATLAS_SIG_A_TOP150,6a92f7a109168d001496ada7,ATLAS_SIG_A_TOP150,BRD-K82147103,lofepramine,trt_cp,0.45806906
ATLAS_SIG_A_TOP150,6a92f7a109168d001496ada7,ATLAS_SIG_A_TOP150,BRD-A02990301,lofexidine,trt_cp,45.15809
ATLAS_SIG_A_TOP150,6a92f7a109168d001496ada7,ATLAS_SIG_A_TOP150,BRD-K62858456,lomerizine,trt_cp,1.3389711
ATLAS_SIG_A_TOP150,6a92f7a109168d001496ada7,ATLAS_SIG_A_TOP150,BRD-K82795137,loratadine,trt_cp,1.7618041
ATLAS_SIG_A_TOP150,6a92f7a109168d001496ada7,ATLAS_SIG_A_TOP150,BRD-A11990600,lorazepam,trt_cp,0.5817635
ATLAS_SIG_A_TOP150,6a92f7a109168d001496ada7,ATLAS_SIG_A_TOP150,BRD-K66198023,losartan,trt_cp,-0.51832235
ATLAS_SIG_A_TOP150,6a92f7a109168d001496ada7,ATLAS_SIG_A_TOP150,BRD-K39983086,loteprednol,trt_cp,-0.63424945
ATLAS_SIG_A_TOP150,6a92f7a109168d001496ada7,ATLAS_SIG_A_TOP150,BRD-A43082555,loxoprofen,trt_cp,0.0
ATLAS_SIG_A_TOP150,6a92f7a109168d001496ada7,ATLAS_SIG_A_TOP150,BRD-K41051431,mecillinam,trt_cp,2.7131784
ATLAS_SIG_A_TOP150,6a92f7a109168d001496ada7,ATLAS_SIG_A_TOP150,BRD-K99615199,medroxyprogesterone,trt_cp,1.116081
ATLAS_SIG_A_TOP150,6a92f7a109168d001496ada7,ATLAS_SIG_A_TOP150,BRD-K91938660,memantine,trt_cp,0.0
ATLAS_SIG_A_TOP150,6a92f7a109168d001496ada7,ATLAS_SIG_A_TOP150,BRD-A03216249,mepivacaine,trt_cp,-4.2283297
ATLAS_SIG_A_TOP150,6a92f7a109168d001496ada7,ATLAS_SIG_A_TOP150,BRD-K18523449,mestanolone,trt_cp,0.3875969
ATLAS_SIG_A_TOP150,6a92f7a109168d001496ada7,ATLAS_SIG_A_TOP150,BRD-K88679075,methandriol,trt_cp,0.0
ATLAS_SIG_A_TOP150,6a92f7a109168d001496ada7,ATLAS_SIG_A_TOP150,BRD-K84036904,testosterone,trt_cp,3.6196442
ATLAS_SIG_A_TOP150,6a92f7a109168d001496ada7,ATLAS_SIG_A_TOP150,BRD-K52020312,metronidazole,trt_cp,42.523083
ATLAS_SIG_A_TOP150,6a92f7a109168d001496ada7,ATLAS_SIG_A_TOP150,BRD-K00532621,midazolam,trt_cp,-0.422833
ATLAS_SIG_A_TOP150,6a92f7a109168d001496ada7,ATLAS_SIG_A_TOP150,BRD-K44779798,miglitol,trt_cp,0.0
ATLAS_SIG_A_TOP150,6a92f7a109168d001496ada7,ATLAS_SIG_A_TOP150,BRD-K02227374,milnacipran,trt_cp,0.9161381
ATLAS_SIG_A_TOP150,6a92f7a109168d001496ada7,ATLAS_SIG_A_TOP150,BRD-K69470111,montelukast,trt_cp,-57.38608
ATLAS_SIG_A_TOP150,6a92f7a109168d001496ada7,ATLAS_SIG_A_TOP150,BRD-A39052811,mosapride,trt_cp,0.0
ATLAS_SIG_A_TOP150,6a92f7a109168d001496ada7,ATLAS_SIG_A_TOP150,BRD-K04710043,hexamethylenebisacetamide,trt_cp,-0.86324817
ATLAS_SIG_A_TOP150,6a92f7a109168d001496ada7,ATLAS_SIG_A_TOP150,BRD-A01787639,naftopidil,trt_cp,0.0
ATLAS_SIG_A_TOP150,6a92f7a109168d001496ada7,ATLAS_SIG_A_TOP150,BRD-A16934955,nalbuphine,trt_cp,0.8104299
ATLAS_SIG_A_TOP150,6a92f7a109168d001496ada7,ATLAS_SIG_A_TOP150,BRD-A47342814,naltrindole,trt_cp,22.182222
ATLAS_SIG_A_TOP150,6a92f7a109168d001496ada7,ATLAS_SIG_A_TOP150,BRD-K59197931,naproxen,trt_cp,-15.772676
ATLAS_SIG_A_TOP150,6a92f7a109168d001496ada7,ATLAS_SIG_A_TOP150,BRD-K44353683,nateglinide,trt_cp,-0.28188866
ATLAS_SIG_A_TOP150,6a92f7a109168d001496ada7,ATLAS_SIG_A_TOP150,BRD-K74117820,nelfinavir,trt_cp,-1.7618041
ATLAS_SIG_A_TOP150,6a92f7a109168d001496ada7,ATLAS_SIG_A_TOP150,BRD-A30977374,nifedipine,trt_cp,-7.0824523
ATLAS_SIG_A_TOP150,6a92f7a109168d001496ada7,ATLAS_SIG_A_TOP150,BRD-K32311154,nifekalant,trt_cp,0.0
ATLAS_SIG_A_TOP150,6a92f7a109168d001496ada7,ATLAS_SIG_A_TOP150,BRD-K70883034,nimetazepam,trt_cp,0.0
ATLAS_SIG_A_TOP150,6a92f7a109168d001496ada7,ATLAS_SIG_A_TOP150,BRD-A24891640,nimodipine,trt_cp,0.0
ATLAS_SIG_A_TOP150,6a92f7a109168d001496ada7,ATLAS_SIG_A_TOP150,BRD-A96107863,nisoldipine,trt_cp,0.845666
ATLAS_SIG_A_TOP150,6a92f7a109168d001496ada7,ATLAS_SIG_A_TOP150,BRD-K96471533,nitazoxanide,trt_cp,0.75850916
ATLAS_SIG_A_TOP150,6a92f7a109168d001496ada7,ATLAS_SIG_A_TOP150,BRD-K57930253,nitrazepam,trt_cp,0.0
ATLAS_SIG_A_TOP150,6a92f7a109168d001496ada7,ATLAS_SIG_A_TOP150,BRD-A12560204,nitrendipine,trt_cp,35.18237
ATLAS_SIG_A_TOP150,6a92f7a109168d001496ada7,ATLAS_SIG_A_TOP150,BRD-A24543851,nornicotine,trt_cp,-2.2754767
ATLAS_SIG_A_TOP150,6a92f7a109168d001496ada7,ATLAS_SIG_A_TOP150,BRD-K18895904,olanzapine,trt_cp,0.74206495
ATLAS_SIG_A_TOP150,6a92f7a109168d001496ada7,ATLAS_SIG_A_TOP150,BRD-K05350981,oligomycin-c,trt_cp,0.45806906
ATLAS_SIG_A_TOP150,6a92f7a109168d001496ada7,ATLAS_SIG_A_TOP150,BRD-K83144676,olmesartan,trt_cp,0.0
ATLAS_SIG_A_TOP150,6a92f7a109168d001496ada7,ATLAS_SIG_A_TOP150,BRD-K63343048,orlistat,trt_cp,1.2692028
ATLAS_SIG_A_TOP150,6a92f7a109168d001496ada7,ATLAS_SIG_A_TOP150,BRD-K25310650,ormetoprim,trt_cp,18.465914
ATLAS_SIG_A_TOP150,6a92f7a109168d001496ada7,ATLAS_SIG_A_TOP150,BRD-K23369905,oxiconazole,trt_cp,-1.5819561
ATLAS_SIG_A_TOP150,6a92f7a109168d001496ada7,ATLAS_SIG_A_TOP150,BRD-A67552655,etomoxir,trt_cp,3.4187922
ATLAS_SIG_A_TOP150,6a92f7a109168d001496ada7,ATLAS_SIG_A_TOP150,BRD-A23637604,oxymetholone,trt_cp,-3.6340642
ATLAS_SIG_A_TOP150,6a92f7a109168d001496ada7,ATLAS_SIG_A_TOP150,BRD-A14208071,oxyphenonium,trt_cp,0.0
ATLAS_SIG_A_TOP150,6a92f7a109168d001496ada7,ATLAS_SIG_A_TOP150,BRD-K08924299,palonosetron,trt_cp,-30.217133
ATLAS_SIG_A_TOP150,6a92f7a109168d001496ada7,ATLAS_SIG_A_TOP150,BRD-A84134924,pancuronium,trt_cp,2.3255813
ATLAS_SIG_A_TOP150,6a92f7a109168d001496ada7,ATLAS_SIG_A_TOP150,BRD-K13800121,parecoxib,trt_cp,36.998558
ATLAS_SIG_A_TOP150,6a92f7a109168d001496ada7,ATLAS_SIG_A_TOP150,BRD-K19277754,paroxetine,trt_cp,-0.2114165
ATLAS_SIG_A_TOP150,6a92f7a109168d001496ada7,ATLAS_SIG_A_TOP150,BRD-K66412701,pazufloxacin,trt_cp,3.030303
ATLAS_SIG_A_TOP150,6a92f7a109168d001496ada7,ATLAS_SIG_A_TOP150,BRD-K55034111,pefloxacin,trt_cp,-7.6584454
ATLAS_SIG_A_TOP150,6a92f7a109168d001496ada7,ATLAS_SIG_A_TOP150,BRD-K47780086,penciclovir,trt_cp,0.070472166
ATLAS_SIG_A_TOP150,6a92f7a109168d001496ada7,ATLAS_SIG_A_TOP150,BRD-K85503079,perospirone,trt_cp,-16.530361
ATLAS_SIG_A_TOP150,6a92f7a109168d001496ada7,ATLAS_SIG_A_TOP150,BRD-K22009844,phenprobamate,trt_cp,-1.5856236
ATLAS_SIG_A_TOP150,6a92f7a109168d001496ada7,ATLAS_SIG_A_TOP150,BRD-A37052580,physostigmine,trt_cp,-66.55178
ATLAS_SIG_A_TOP150,6a92f7a109168d001496ada7,ATLAS_SIG_A_TOP150,BRD-K43236057,polydatin,trt_cp,0.0
ATLAS_SIG_A_TOP150,6a92f7a109168d001496ada7,ATLAS_SIG_A_TOP150,BRD-M47793593,picrotoxin,trt_cp,0.0
ATLAS_SIG_A_TOP150,6a92f7a109168d001496ada7,ATLAS_SIG_A_TOP150,BRD-K44442813,pidotimod,trt_cp,-0.8165735
ATLAS_SIG_A_TOP150,6a92f7a109168d001496ada7,ATLAS_SIG_A_TOP150,BRD-A22897758,pinacidil,trt_cp,-2.8893588
ATLAS_SIG_A_TOP150,6a92f7a109168d001496ada7,ATLAS_SIG_A_TOP150,BRD-K92870997,pterostilbene,trt_cp,0.31712472
ATLAS_SIG_A_TOP150,6a92f7a109168d001496ada7,ATLAS_SIG_A_TOP150,BRD-A56245458,reichstein,trt_cp,0.0
ATLAS_SIG_A_TOP150,6a92f7a109168d001496ada7,ATLAS_SIG_A_TOP150,BRD-K30563334,rifabutin,trt_cp,-1.3742071
ATLAS_SIG_A_TOP150,6a92f7a109168d001496ada7,ATLAS_SIG_A_TOP150,BRD-K55889443,rifapentine,trt_cp,-20.363806
ATLAS_SIG_A_TOP150,6a92f7a109168d001496ada7,ATLAS_SIG_A_TOP150,BRD-K89708791,rifaximin,trt_cp,-4.756871
ATLAS_SIG_A_TOP150,6a92f7a109168d001496ada7,ATLAS_SIG_A_TOP150,BRD-K70490179,rimcazole,trt_cp,0.0
ATLAS_SIG_A_TOP150,6a92f7a109168d001496ada7,ATLAS_SIG_A_TOP150,BRD-K51485625,ritonavir,trt_cp,0.0
ATLAS_SIG_A_TOP150,6a92f7a109168d001496ada7,ATLAS_SIG_A_TOP150,BRD-A27489425,rolitetracycline,trt_cp,0.0
ATLAS_SIG_A_TOP150,6a92f7a109168d001496ada7,ATLAS_SIG_A_TOP150,BRD-K50938786,ropivacaine,trt_cp,0.49330515
ATLAS_SIG_A_TOP150,6a92f7a109168d001496ada7,ATLAS_SIG_A_TOP150,BRD-K81855038,roxatidine-acetate,trt_cp,
ATLAS_SIG_A_TOP150,6a92f7a109168d001496ada7,ATLAS_SIG_A_TOP150,BRD-K62374253,rufloxacin,trt_cp,0.02941881
ATLAS_SIG_A_TOP150,6a92f7a109168d001496ada7,ATLAS_SIG_A_TOP150,BRD-A88254928,salbutamol,trt_cp,-0.66948557
ATLAS_SIG_A_TOP150,6a92f7a109168d001496ada7,ATLAS_SIG_A_TOP150,BRD-K91733562,secoisolariciresinol,trt_cp,-2.184637
ATLAS_SIG_A_TOP150,6a92f7a109168d001496ada7,ATLAS_SIG_A_TOP150,BRD-A23359898,sibutramine,trt_cp,1.8322762
ATLAS_SIG_A_TOP150,6a92f7a109168d001496ada7,ATLAS_SIG_A_TOP150,BRD-A72441487,stiripentol,trt_cp,0.0
ATLAS_SIG_A_TOP150,6a92f7a109168d001496ada7,ATLAS_SIG_A_TOP150,BRD-K10670311,sulfasalazine,trt_cp,-18.050606
ATLAS_SIG_A_TOP150,6a92f7a109168d001496ada7,ATLAS_SIG_A_TOP150,BRD-A04327189,synephrine,trt_cp,0.0
ATLAS_SIG_A_TOP150,6a92f7a109168d001496ada7,ATLAS_SIG_A_TOP150,BRD-K44094599,tacrolimus,trt_cp,-29.489483
ATLAS_SIG_A_TOP150,6a92f7a109168d001496ada7,ATLAS_SIG_A_TOP150,BRD-K94649603,taxifolin,trt_cp,14.281706
ATLAS_SIG_A_TOP150,6a92f7a109168d001496ada7,ATLAS_SIG_A_TOP150,BRD-K95808480,taxifolin,trt_cp,2.9598308
ATLAS_SIG_A_TOP150,6a92f7a109168d001496ada7,ATLAS_SIG_A_TOP150,BRD-K21806131,tegaserod,trt_cp,0.0
ATLAS_SIG_A_TOP150,6a92f7a109168d001496ada7,ATLAS_SIG_A_TOP150,BRD-K32744045,disulfiram,trt_cp,0.5285412
ATLAS_SIG_A_TOP150,6a92f7a109168d001496ada7,ATLAS_SIG_A_TOP150,BRD-K94887716,TFMPP,trt_cp,25.562857
ATLAS_SIG_A_TOP150,6a92f7a109168d001496ada7,ATLAS_SIG_A_TOP150,BRD-K60160658,tiagabine,trt_cp,0.0
ATLAS_SIG_A_TOP150,6a92f7a109168d001496ada7,ATLAS_SIG_A_TOP150,BRD-K10467831,tibolone,trt_cp,0.0
ATLAS_SIG_A_TOP150,6a92f7a109168d001496ada7,ATLAS_SIG_A_TOP150,BRD-K89125793,tinidazole,trt_cp,-0.24665257
ATLAS_SIG_A_TOP150,6a92f7a109168d001496ada7,ATLAS_SIG_A_TOP150,BRD-K54316499,tolterodine,trt_cp,-3.1007752
ATLAS_SIG_A_TOP150,6a92f7a109168d001496ada7,ATLAS_SIG_A_TOP150,BRD-K29653726,topiramate,trt_cp,0.2840713
ATLAS_SIG_A_TOP150,6a92f7a109168d001496ada7,ATLAS_SIG_A_TOP150,BRD-K55696337,topotecan,trt_cp,0.0
ATLAS_SIG_A_TOP150,6a92f7a109168d001496ada7,ATLAS_SIG_A_TOP150,BRD-A41450521,tosufloxacin,trt_cp,-0.007384878
ATLAS_SIG_A_TOP150,6a92f7a109168d001496ada7,ATLAS_SIG_A_TOP150,BRD-K04412738,tramadol,trt_cp,2.4665258
ATLAS_SIG_A_TOP150,6a92f7a109168d001496ada7,ATLAS_SIG_A_TOP150,BRD-A61856038,tremulacin,trt_cp,-1.4799154
ATLAS_SIG_A_TOP150,6a92f7a109168d001496ada7,ATLAS_SIG_A_TOP150,BRD-K68202742,trichostatin-a,trt_cp,0.0
ATLAS_SIG_A_TOP150,6a92f7a109168d001496ada7,ATLAS_SIG_A_TOP150,BRD-K81916719,triclabendazole,trt_cp,-2.5369978
ATLAS_SIG_A_TOP150,6a92f7a109168d001496ada7,ATLAS_SIG_A_TOP150,BRD-K04196797,oxcarbazepine,trt_cp,0.10570825
ATLAS_SIG_A_TOP150,6a92f7a109168d001496ada7,ATLAS_SIG_A_TOP150,BRD-A92630576,trimebutine,trt_cp,3.9816773
ATLAS_SIG_A_TOP150,6a92f7a109168d001496ada7,ATLAS_SIG_A_TOP150,BRD-K39484304,triptolide,trt_cp,0.0
ATLAS_SIG_A_TOP150,6a92f7a109168d001496ada7,ATLAS_SIG_A_TOP150,BRD-K50866992,tropisetron,trt_cp,1.6485641
ATLAS_SIG_A_TOP150,6a92f7a109168d001496ada7,ATLAS_SIG_A_TOP150,BRD-A68589262,troxipide,trt_cp,2.8545475
ATLAS_SIG_A_TOP150,6a92f7a109168d001496ada7,ATLAS_SIG_A_TOP150,BRD-K46435977,valaciclovir,trt_cp,-0.032528594
ATLAS_SIG_A_TOP150,6a92f7a109168d001496ada7,ATLAS_SIG_A_TOP150,BRD-K20168442,vecuronium,trt_cp,-4.0169134
ATLAS_SIG_A_TOP150,6a92f7a109168d001496ada7,ATLAS_SIG_A_TOP150,BRD-K82109576,vincristine,trt_cp,-1.0570824
ATLAS_SIG_A_TOP150,6a92f7a109168d001496ada7,ATLAS_SIG_A_TOP150,BRD-K59753975,vindesine,trt_cp,0.0
ATLAS_SIG_A_TOP150,6a92f7a109168d001496ada7,ATLAS_SIG_A_TOP150,BRD-K97514127,vinorelbine,trt_cp,6.6311197
ATLAS_SIG_A_TOP150,6a92f7a109168d001496ada7,ATLAS_SIG_A_TOP150,BRD-K06557128,voriconazole,trt_cp,0.0
ATLAS_SIG_A_TOP150,6a92f7a109168d001496ada7,ATLAS_SIG_A_TOP150,BRD-A24381660,zeranol,trt_cp,0.0
ATLAS_SIG_A_TOP150,6a92f7a109168d001496ada7,ATLAS_SIG_A_TOP150,BRD-K44876623,zolpidem,trt_cp,-3.5940804
ATLAS_SIG_A_TOP150,6a92f7a109168d001496ada7,ATLAS_SIG_A_TOP150,BRD-A60245366,AS-601245,trt_cp,0.0
ATLAS_SIG_A_TOP150,6a92f7a109168d001496ada7,ATLAS_SIG_A_TOP150,BRD-K01436366,XMD-1150,trt_cp,3.7350247
ATLAS_SIG_A_TOP150,6a92f7a109168d001496ada7,ATLAS_SIG_A_TOP150,BRD-K19220233,JNK-9L,trt_cp,0.0
ATLAS_SIG_A_TOP150,6a92f7a109168d001496ada7,ATLAS_SIG_A_TOP150,BRD-K24859147,KIN001-242,trt_cp,0.0
ATLAS_SIG_A_TOP150,6a92f7a109168d001496ada7,ATLAS_SIG_A_TOP150,BRD-K38615104,A-443644,trt_cp,0.0
ATLAS_SIG_A_TOP150,6a92f7a109168d001496ada7,ATLAS_SIG_A_TOP150,BRD-K40175214,torin-1,trt_cp,0.40218097
ATLAS_SIG_A_TOP150,6a92f7a109168d001496ada7,ATLAS_SIG_A_TOP150,BRD-K56957086,dacinostat,trt_cp,0.2114165
ATLAS_SIG_A_TOP150,6a92f7a109168d001496ada7,ATLAS_SIG_A_TOP150,BRD-K64857848,XMD-885,trt_cp,0.0
ATLAS_SIG_A_TOP150,6a92f7a109168d001496ada7,ATLAS_SIG_A_TOP150,BRD-K68174511,torin-2,trt_cp,17.345041
ATLAS_SIG_A_TOP150,6a92f7a109168d001496ada7,ATLAS_SIG_A_TOP150,BRD-K72420232,WZ-4002,trt_cp,0.028702788
ATLAS_SIG_A_TOP150,6a92f7a109168d001496ada7,ATLAS_SIG_A_TOP150,BRD-K83972459,JWE-035,trt_cp,0.0
ATLAS_SIG_A_TOP150,6a92f7a109168d001496ada7,ATLAS_SIG_A_TOP150,BRD-K84085265,CG-930,trt_cp,0.0
ATLAS_SIG_A_TOP150,6a92f7a109168d001496ada7,ATLAS_SIG_A_TOP150,BRD-U25771771,WZ-4-145,trt_cp,0.0
ATLAS_SIG_A_TOP150,6a92f7a109168d001496ada7,ATLAS_SIG_A_TOP150,BRD-U33728988,QL-X-138,trt_cp,-20.95063
ATLAS_SIG_A_TOP150,6a92f7a109168d001496ada7,ATLAS_SIG_A_TOP150,BRD-U44618005,WH-4023,trt_cp,-6.044242
ATLAS_SIG_A_TOP150,6a92f7a109168d001496ada7,ATLAS_SIG_A_TOP150,BRD-U51951544,ZG-10,trt_cp,0.0
ATLAS_SIG_A_TOP150,6a92f7a109168d001496ada7,ATLAS_SIG_A_TOP150,BRD-U73238814,QL-XI-92,trt_cp,-1.1730272
ATLAS_SIG_A_TOP150,6a92f7a109168d001496ada7,ATLAS_SIG_A_TOP150,BRD-U86922168,QL-XII-47,trt_cp,0.0
ATLAS_SIG_A_TOP150,6a92f7a109168d001496ada7,ATLAS_SIG_A_TOP150,BRD-K14681867,somatostatin,trt_cp,0.0
ATLAS_SIG_A_TOP150,6a92f7a109168d001496ada7,ATLAS_SIG_A_TOP150,BRD-K63915849,AS-604850,trt_cp,0.0
ATLAS_SIG_A_TOP150,6a92f7a109168d001496ada7,ATLAS_SIG_A_TOP150,BRD-K88551539,CAY-10585,trt_cp,0.0
ATLAS_SIG_A_TOP150,6a92f7a109168d001496ada7,ATLAS_SIG_A_TOP150,BRD-K31484631,rifabutin,trt_cp,0.0
ATLAS_SIG_A_TOP150,6a92f7a109168d001496ada7,ATLAS_SIG_A_TOP150,BRD-K22631935,neurodazine,trt_cp,0.0
ATLAS_SIG_A_TOP150,6a92f7a109168d001496ada7,ATLAS_SIG_A_TOP150,BRD-K76698671,HNHA,trt_cp,0.0
ATLAS_SIG_A_TOP150,6a92f7a109168d001496ada7,ATLAS_SIG_A_TOP150,BRD-A80574334,oxalomalic-acid,trt_cp,49.27864
ATLAS_SIG_A_TOP150,6a92f7a109168d001496ada7,ATLAS_SIG_A_TOP150,BRD-A11702965,chromomycin-a3,trt_cp,0.0
ATLAS_SIG_A_TOP150,6a92f7a109168d001496ada7,ATLAS_SIG_A_TOP150,BRD-A52193669,withaferin-a,trt_cp,31.113937
ATLAS_SIG_A_TOP150,6a92f7a109168d001496ada7,ATLAS_SIG_A_TOP150,BRD-K04923131,GSK-3-inhibitor-IX,trt_cp,30.897125
ATLAS_SIG_A_TOP150,6a92f7a109168d001496ada7,ATLAS_SIG_A_TOP150,BRD-A80960055,celastrol,trt_cp,0.0
ATLAS_SIG_A_TOP150,6a92f7a109168d001496ada7,ATLAS_SIG_A_TOP150,BRD-K39944607,ochratoxin-a,trt_cp,0.0
ATLAS_SIG_A_TOP150,6a92f7a109168d001496ada7,ATLAS_SIG_A_TOP150,BRD-K14880289,GW-501516,trt_cp,2.9598308
ATLAS_SIG_A_TOP150,6a92f7a109168d001496ada7,ATLAS_SIG_A_TOP150,BRD-A31374339,fludarabine,trt_cp,0.0
ATLAS_SIG_A_TOP150,6a92f7a109168d001496ada7,ATLAS_SIG_A_TOP150,BRD-K05977823,tenovin-1,trt_cp,-11.64688
ATLAS_SIG_A_TOP150,6a92f7a109168d001496ada7,ATLAS_SIG_A_TOP150,BRD-K91701654,U-0126,trt_cp,0.7047216
ATLAS_SIG_A_TOP150,6a92f7a109168d001496ada7,ATLAS_SIG_A_TOP150,BRD-A59808129,guggulsterone,trt_cp,0.0
ATLAS_SIG_A_TOP150,6a92f7a109168d001496ada7,ATLAS_SIG_A_TOP150,BRD-A84327315,calcitriol,trt_cp,0.0
ATLAS_SIG_A_TOP150,6a92f7a109168d001496ada7,ATLAS_SIG_A_TOP150,BRD-K61341215,vecuronium,trt_cp,0.0
ATLAS_SIG_A_TOP150,6a92f7a109168d001496ada7,ATLAS_SIG_A_TOP150,BRD-A01317026,"7,8-dihydro-L-biopterin",trt_cp,0.0
ATLAS_SIG_A_TOP150,6a92f7a109168d001496ada7,ATLAS_SIG_A_TOP150,BRD-K84937637,sirolimus,trt_cp,0.0
ATLAS_SIG_A_TOP150,6a92f7a109168d001496ada7,ATLAS_SIG_A_TOP150,BRD-K74733595,APHA-compound-8,trt_cp,0.5637773
ATLAS_SIG_A_TOP150,6a92f7a109168d001496ada7,ATLAS_SIG_A_TOP150,BRD-K01493881,apigenin,trt_cp,-20.269176
ATLAS_SIG_A_TOP150,6a92f7a109168d001496ada7,ATLAS_SIG_A_TOP150,BRD-A52886023,antimycin-a,trt_cp,0.0
ATLAS_SIG_A_TOP150,6a92f7a109168d001496ada7,ATLAS_SIG_A_TOP150,BRD-K57926513,tyrphostin-AG-1295,trt_cp,0.0
ATLAS_SIG_A_TOP150,6a92f7a109168d001496ada7,ATLAS_SIG_A_TOP150,BRD-A50454580,PD-0325901,trt_cp,0.0
ATLAS_SIG_A_TOP150,6a92f7a109168d001496ada7,ATLAS_SIG_A_TOP150,BRD-K73982490,BI-78D3,trt_cp,0.7751938
ATLAS_SIG_A_TOP150,6a92f7a109168d001496ada7,ATLAS_SIG_A_TOP150,BRD-A11007541,BCI-hydrochloride,trt_cp,24.78654
ATLAS_SIG_A_TOP150,6a92f7a109168d001496ada7,ATLAS_SIG_A_TOP150,BRD-K22429181,retinol,trt_cp,0.0
ATLAS_SIG_A_TOP150,6a92f7a109168d001496ada7,ATLAS_SIG_A_TOP150,BRD-K13927029,retinol,trt_cp,38.94508
ATLAS_SIG_A_TOP150,6a92f7a109168d001496ada7,ATLAS_SIG_A_TOP150,BRD-K65331431,retinyl-acetate,trt_cp,0.0
ATLAS_SIG_A_TOP150,6a92f7a109168d001496ada7,ATLAS_SIG_A_TOP150,BRD-K43164539,cholic-acid,trt_cp,-6.0025463
ATLAS_SIG_A_TOP150,6a92f7a109168d001496ada7,ATLAS_SIG_A_TOP150,BRD-K41170226,deoxycholic-acid,trt_cp,0.0
ATLAS_SIG_A_TOP150,6a92f7a109168d001496ada7,ATLAS_SIG_A_TOP150,BRD-K18135438,chenodeoxycholic-acid,trt_cp,-12.403101
ATLAS_SIG_A_TOP150,6a92f7a109168d001496ada7,ATLAS_SIG_A_TOP150,BRD-K68144790,glycodeoxycholic-acid,trt_cp,-16.21664
ATLAS_SIG_A_TOP150,6a92f7a109168d001496ada7,ATLAS_SIG_A_TOP150,BRD-K81062487,taurocholic-acid,trt_cp,4.580691
ATLAS_SIG_A_TOP150,6a92f7a109168d001496ada7,ATLAS_SIG_A_TOP150,BRD-K33572481,taurodeoxycholic-acid,trt_cp,-5.5729113
ATLAS_SIG_A_TOP150,6a92f7a109168d001496ada7,ATLAS_SIG_A_TOP150,BRD-K30743633,TCPOBOP,trt_cp,-4.4397464
ATLAS_SIG_A_TOP150,6a92f7a109168d001496ada7,ATLAS_SIG_A_TOP150,BRD-K20986251,lithocholic-acid,trt_cp,0.0
ATLAS_SIG_A_TOP150,6a92f7a109168d001496ada7,ATLAS_SIG_A_TOP150,BRD-K24656285,farnesol,trt_cp,0.0
ATLAS_SIG_A_TOP150,6a92f7a109168d001496ada7,ATLAS_SIG_A_TOP150,BRD-U66370498,androstanol,trt_cp,3.7373343
ATLAS_SIG_A_TOP150,6a92f7a109168d001496ada7,ATLAS_SIG_A_TOP150,BRD-K43880410,pregnenolone,trt_cp,0.0
ATLAS_SIG_A_TOP150,6a92f7a109168d001496ada7,ATLAS_SIG_A_TOP150,BRD-K32610195,androstenedione,trt_cp,0.0
ATLAS_SIG_A_TOP150,6a92f7a109168d001496ada7,ATLAS_SIG_A_TOP150,BRD-A77118605,D-609,trt_cp,0.0
ATLAS_SIG_A_TOP150,6a92f7a109168d001496ada7,ATLAS_SIG_A_TOP150,BRD-K35128472,2-aminopurine,trt_cp,0.0
ATLAS_SIG_A_TOP150,6a92f7a109168d001496ada7,ATLAS_SIG_A_TOP150,BRD-K53972329,ruxolitinib,trt_cp,-0.422833
ATLAS_SIG_A_TOP150,6a92f7a109168d001496ada7,ATLAS_SIG_A_TOP150,BRD-K13087974,CGP-52411,trt_cp,0.0
ATLAS_SIG_A_TOP150,6a92f7a109168d001496ada7,ATLAS_SIG_A_TOP150,BRD-K64935403,ebelactone-b,trt_cp,0.0
ATLAS_SIG_A_TOP150,6a92f7a109168d001496ada7,ATLAS_SIG_A_TOP150,BRD-K77625572,etomoxir,trt_cp,0.0
ATLAS_SIG_A_TOP150,6a92f7a109168d001496ada7,ATLAS_SIG_A_TOP150,BRD-K85985071,ellipticine,trt_cp,-28.449997
ATLAS_SIG_A_TOP150,6a92f7a109168d001496ada7,ATLAS_SIG_A_TOP150,BRD-A55756846,H-7,trt_cp,0.0
ATLAS_SIG_A_TOP150,6a92f7a109168d001496ada7,ATLAS_SIG_A_TOP150,BRD-K62959606,sphingosine,trt_cp,0.0
ATLAS_SIG_A_TOP150,6a92f7a109168d001496ada7,ATLAS_SIG_A_TOP150,BRD-K70549064,staurosporine,trt_cp,0.0
ATLAS_SIG_A_TOP150,6a92f7a109168d001496ada7,ATLAS_SIG_A_TOP150,BRD-K47943470,tyrphostin-51,trt_cp,0.0
ATLAS_SIG_A_TOP150,6a92f7a109168d001496ada7,ATLAS_SIG_A_TOP150,BRD-K09790412,H-9,trt_cp,-22.359806
ATLAS_SIG_A_TOP150,6a92f7a109168d001496ada7,ATLAS_SIG_A_TOP150,BRD-K43764301,dexketoprofen,trt_cp,-2.8188865
ATLAS_SIG_A_TOP150,6a92f7a109168d001496ada7,ATLAS_SIG_A_TOP150,BRD-A74904029,EI-231,trt_cp,0.0
ATLAS_SIG_A_TOP150,6a92f7a109168d001496ada7,ATLAS_SIG_A_TOP150,BRD-K80725632,lavendustin-c,trt_cp,0.0
ATLAS_SIG_A_TOP150,6a92f7a109168d001496ada7,ATLAS_SIG_A_TOP150,BRD-K32710582,EI-247,trt_cp,0.0
ATLAS_SIG_A_TOP150,6a92f7a109168d001496ada7,ATLAS_SIG_A_TOP150,BRD-K67506692,tyrphostin-AG-126,trt_cp,0.0
ATLAS_SIG_A_TOP150,6a92f7a109168d001496ada7,ATLAS_SIG_A_TOP150,BRD-K56064827,EI-273,trt_cp,0.0
ATLAS_SIG_A_TOP150,6a92f7a109168d001496ada7,ATLAS_SIG_A_TOP150,BRD-K99291625,SB-203580,trt_cp,0.0
ATLAS_SIG_A_TOP150,6a92f7a109168d001496ada7,ATLAS_SIG_A_TOP150,BRD-A18497530,5-iodotubercidin,trt_cp,0.0
ATLAS_SIG_A_TOP150,6a92f7a109168d001496ada7,ATLAS_SIG_A_TOP150,BRD-A64228451,terreic-acid-(-),trt_cp,1.1627907
ATLAS_SIG_A_TOP150,6a92f7a109168d001496ada7,ATLAS_SIG_A_TOP150,BRD-A11706664,triciribine,trt_cp,0.0
ATLAS_SIG_A_TOP150,6a92f7a109168d001496ada7,ATLAS_SIG_A_TOP150,BRD-K08115555,tyrphostin-AG-1288,trt_cp,0.0
ATLAS_SIG_A_TOP150,6a92f7a109168d001496ada7,ATLAS_SIG_A_TOP150,BRD-U08759356,EI-346-erlotinib-analog,trt_cp,2.9245949
ATLAS_SIG_A_TOP150,6a92f7a109168d001496ada7,ATLAS_SIG_A_TOP150,BRD-K50720187,flupirtine,trt_cp,-3.6645525
ATLAS_SIG_A_TOP150,6a92f7a109168d001496ada7,ATLAS_SIG_A_TOP150,BRD-K79437791,acetyl-farnesyl-cysteine,trt_cp,0.0
ATLAS_SIG_A_TOP150,6a92f7a109168d001496ada7,ATLAS_SIG_A_TOP150,BRD-K75181824,acetyl-geranygeranyl-cysteine,trt_cp,0.0
ATLAS_SIG_A_TOP150,6a92f7a109168d001496ada7,ATLAS_SIG_A_TOP150,BRD-U01690642,acetyl-geranyl-cysteine,trt_cp,0.0
ATLAS_SIG_A_TOP150,6a92f7a109168d001496ada7,ATLAS_SIG_A_TOP150,BRD-K95402279,geranylgeraniol,trt_cp,0.0
ATLAS_SIG_A_TOP150,6a92f7a109168d001496ada7,ATLAS_SIG_A_TOP150,BRD-K28178212,GW-441756,trt_cp,0.0
ATLAS_SIG_A_TOP150,6a92f7a109168d001496ada7,ATLAS_SIG_A_TOP150,BRD-K98684188,GSK-0660,trt_cp,37.150036
ATLAS_SIG_A_TOP150,6a92f7a109168d001496ada7,ATLAS_SIG_A_TOP150,BRD-K89085489,fenretinide,trt_cp,0.8104299
ATLAS_SIG_A_TOP150,6a92f7a109168d001496ada7,ATLAS_SIG_A_TOP150,BRD-K49685476,TTNPB,trt_cp,-9.250669
ATLAS_SIG_A_TOP150,6a92f7a109168d001496ada7,ATLAS_SIG_A_TOP150,BRD-K62012036,acitretin,trt_cp,2.0789287
ATLAS_SIG_A_TOP150,6a92f7a109168d001496ada7,ATLAS_SIG_A_TOP150,BRD-A96799240,4-hydroxyretinoic-acid,trt_cp,0.0
ATLAS_SIG_A_TOP150,6a92f7a109168d001496ada7,ATLAS_SIG_A_TOP150,BRD-K00184207,GR-206,trt_cp,-1.6208597
ATLAS_SIG_A_TOP150,6a92f7a109168d001496ada7,ATLAS_SIG_A_TOP150,BRD-K37846922,"3,3'-diindolylmethane",trt_cp,-23.392363
ATLAS_SIG_A_TOP150,6a92f7a109168d001496ada7,ATLAS_SIG_A_TOP150,BRD-A36707673,hydroxycholesterol,trt_cp,0.0
ATLAS_SIG_A_TOP150,6a92f7a109168d001496ada7,ATLAS_SIG_A_TOP150,BRD-K61480498,epoxycholesterol,trt_cp,0.0
ATLAS_SIG_A_TOP150,6a92f7a109168d001496ada7,ATLAS_SIG_A_TOP150,BRD-K26674531,GR-235,trt_cp,-8.631996
ATLAS_SIG_A_TOP150,6a92f7a109168d001496ada7,ATLAS_SIG_A_TOP150,BRD-K47539947,tetradecylthioacetic-acid,trt_cp,0.0
ATLAS_SIG_A_TOP150,6a92f7a109168d001496ada7,ATLAS_SIG_A_TOP150,BRD-A80775386,hyperforin,trt_cp,-2.2903454
ATLAS_SIG_A_TOP150,6a92f7a109168d001496ada7,ATLAS_SIG_A_TOP150,BRD-K61463582,BRD-K61463582,trt_cp,0.0
ATLAS_SIG_A_TOP150,6a92f7a109168d001496ada7,ATLAS_SIG_A_TOP150,BRD-A39646320,HC-toxin,trt_cp,0.0
ATLAS_SIG_A_TOP150,6a92f7a109168d001496ada7,ATLAS_SIG_A_TOP150,BRD-K86465814,HO-013,trt_cp,2.6498857
ATLAS_SIG_A_TOP150,6a92f7a109168d001496ada7,ATLAS_SIG_A_TOP150,BRD-K81528515,nilotinib,trt_cp,-0.10570825
ATLAS_SIG_A_TOP150,6a92f7a109168d001496ada7,ATLAS_SIG_A_TOP150,BRD-K58772419,AZD-6482,trt_cp,5.1360574
ATLAS_SIG_A_TOP150,6a92f7a109168d001496ada7,ATLAS_SIG_A_TOP150,BRD-K52751261,TAK-715,trt_cp,0.0
ATLAS_SIG_A_TOP150,6a92f7a109168d001496ada7,ATLAS_SIG_A_TOP150,BRD-K99545815,PF-562271,trt_cp,0.0
ATLAS_SIG_A_TOP150,6a92f7a109168d001496ada7,ATLAS_SIG_A_TOP150,BRD-K13566078,BMS-345541,trt_cp,0.0
ATLAS_SIG_A_TOP150,6a92f7a109168d001496ada7,ATLAS_SIG_A_TOP150,BRD-K01253243,SB-590885,trt_cp,-42.173264
ATLAS_SIG_A_TOP150,6a92f7a109168d001496ada7,ATLAS_SIG_A_TOP150,BRD-K64800655,PHA-793887,trt_cp,0.0
ATLAS_SIG_A_TOP150,6a92f7a109168d001496ada7,ATLAS_SIG_A_TOP150,BRD-K05804044,AZ-628,trt_cp,-0.95137423
ATLAS_SIG_A_TOP150,6a92f7a109168d001496ada7,ATLAS_SIG_A_TOP150,BRD-K00337317,NU-7441,trt_cp,59.751762
ATLAS_SIG_A_TOP150,6a92f7a109168d001496ada7,ATLAS_SIG_A_TOP150,BRD-K82091397,SB-239063,trt_cp,0.0
ATLAS_SIG_A_TOP150,6a92f7a109168d001496ada7,ATLAS_SIG_A_TOP150,BRD-K78431006,crizotinib,trt_cp,0.0
ATLAS_SIG_A_TOP150,6a92f7a109168d001496ada7,ATLAS_SIG_A_TOP150,BRD-K70401845,erlotinib,trt_cp,0.0
ATLAS_SIG_A_TOP150,6a92f7a109168d001496ada7,ATLAS_SIG_A_TOP150,BRD-K19687926,lapatinib,trt_cp,4.2283297
ATLAS_SIG_A_TOP150,6a92f7a109168d001496ada7,ATLAS_SIG_A_TOP150,BRD-A67748489,K-858,trt_cp,0.0
ATLAS_SIG_A_TOP150,6a92f7a109168d001496ada7,ATLAS_SIG_A_TOP150,BRD-K23192422,lestaurtinib,trt_cp,0.0
ATLAS_SIG_A_TOP150,6a92f7a109168d001496ada7,ATLAS_SIG_A_TOP150,BRD-K98372770,L-2167,trt_cp,-4.3340383
ATLAS_SIG_A_TOP150,6a92f7a109168d001496ada7,ATLAS_SIG_A_TOP150,BRD-K99451608,lopinavir,trt_cp,-4.5191827
ATLAS_SIG_A_TOP150,6a92f7a109168d001496ada7,ATLAS_SIG_A_TOP150,BRD-K55420858,mirin,trt_cp,-17.979301
ATLAS_SIG_A_TOP150,6a92f7a109168d001496ada7,ATLAS_SIG_A_TOP150,BRD-K67258146,BRD-K67258146,trt_cp,3.9464412
ATLAS_SIG_A_TOP150,6a92f7a109168d001496ada7,ATLAS_SIG_A_TOP150,BRD-K36529613,PU-H71,trt_cp,0.0
ATLAS_SIG_A_TOP150,6a92f7a109168d001496ada7,ATLAS_SIG_A_TOP150,BRD-K09436313,prostaglandin,trt_cp,2.501762
ATLAS_SIG_A_TOP150,6a92f7a109168d001496ada7,ATLAS_SIG_A_TOP150,BRD-K83794624,pirarubicin,trt_cp,0.0
ATLAS_SIG_A_TOP150,6a92f7a109168d001496ada7,ATLAS_SIG_A_TOP150,BRD-K46212057,voriconazole,trt_cp,-2.184637
ATLAS_SIG_A_TOP150,6a92f7a109168d001496ada7,ATLAS_SIG_A_TOP150,BRD-K60460488,nelfinavir,trt_cp,1.1136584
ATLAS_SIG_A_TOP150,6a92f7a109168d001496ada7,ATLAS_SIG_A_TOP150,BRD-K33551950,radicicol,trt_cp,50.478798
ATLAS_SIG_A_TOP150,6a92f7a109168d001496ada7,ATLAS_SIG_A_TOP150,BRD-K77286328,reversine,trt_cp,0.0
ATLAS_SIG_A_TOP150,6a92f7a109168d001496ada7,ATLAS_SIG_A_TOP150,BRD-K93331255,lypressin,trt_cp,-38.171204
ATLAS_SIG_A_TOP150,6a92f7a109168d001496ada7,ATLAS_SIG_A_TOP150,BRD-K99749624,linifanib,trt_cp,0.0
ATLAS_SIG_A_TOP150,6a92f7a109168d001496ada7,ATLAS_SIG_A_TOP150,BRD-K99964838,bosutinib,trt_cp,0.0
ATLAS_SIG_A_TOP150,6a92f7a109168d001496ada7,ATLAS_SIG_A_TOP150,BRD-K86930074,cediranib,trt_cp,0.0
ATLAS_SIG_A_TOP150,6a92f7a109168d001496ada7,ATLAS_SIG_A_TOP150,BRD-K85402309,dovitinib,trt_cp,0.0
ATLAS_SIG_A_TOP150,6a92f7a109168d001496ada7,ATLAS_SIG_A_TOP150,BRD-K50168500,canertinib,trt_cp,9.334893
ATLAS_SIG_A_TOP150,6a92f7a109168d001496ada7,ATLAS_SIG_A_TOP150,BRD-K74514084,pazopanib,trt_cp,-1.4799154
ATLAS_SIG_A_TOP150,6a92f7a109168d001496ada7,ATLAS_SIG_A_TOP150,BRD-K71035033,masitinib,trt_cp,0.0
ATLAS_SIG_A_TOP150,6a92f7a109168d001496ada7,ATLAS_SIG_A_TOP150,BRD-K02965346,SU-11274,trt_cp,-9.081675
ATLAS_SIG_A_TOP150,6a92f7a109168d001496ada7,ATLAS_SIG_A_TOP150,BRD-K28428262,brivanib,trt_cp,0.0
ATLAS_SIG_A_TOP150,6a92f7a109168d001496ada7,ATLAS_SIG_A_TOP150,BRD-K67578145,GDC-0879,trt_cp,0.0
ATLAS_SIG_A_TOP150,6a92f7a109168d001496ada7,ATLAS_SIG_A_TOP150,BRD-K95901403,XL-147,trt_cp,-2.34811
ATLAS_SIG_A_TOP150,6a92f7a109168d001496ada7,ATLAS_SIG_A_TOP150,BRD-K13514097,everolimus,trt_cp,0.0
ATLAS_SIG_A_TOP150,6a92f7a109168d001496ada7,ATLAS_SIG_A_TOP150,BRD-K16485616,mocetinostat,trt_cp,0.0
ATLAS_SIG_A_TOP150,6a92f7a109168d001496ada7,ATLAS_SIG_A_TOP150,BRD-A41692738,TGX-221,trt_cp,0.0
ATLAS_SIG_A_TOP150,6a92f7a109168d001496ada7,ATLAS_SIG_A_TOP150,BRD-K73293050,WZ-3146,trt_cp,2.0789287
ATLAS_SIG_A_TOP150,6a92f7a109168d001496ada7,ATLAS_SIG_A_TOP150,BRD-K83837640,JNJ-26481585,trt_cp,-11.77156
ATLAS_SIG_A_TOP150,6a92f7a109168d001496ada7,ATLAS_SIG_A_TOP150,BRD-K99498722,plinabulin,trt_cp,16.711033
ATLAS_SIG_A_TOP150,6a92f7a109168d001496ada7,ATLAS_SIG_A_TOP150,BRD-K17306061,aprepitant,trt_cp,-2.675298
ATLAS_SIG_A_TOP150,6a92f7a109168d001496ada7,ATLAS_SIG_A_TOP150,BRD-M16762496,PIK-75,trt_cp,0.0
ATLAS_SIG_A_TOP150,6a92f7a109168d001496ada7,ATLAS_SIG_A_TOP150,BRD-K07265709,dexrazoxane,trt_cp,0.0
ATLAS_SIG_A_TOP150,6a92f7a109168d001496ada7,ATLAS_SIG_A_TOP150,BRD-K73838513,cinacalcet,trt_cp,0.0
ATLAS_SIG_A_TOP150,6a92f7a109168d001496ada7,ATLAS_SIG_A_TOP150,BRD-K99260425,etodolac,trt_cp,-5.0697346
ATLAS_SIG_A_TOP150,6a92f7a109168d001496ada7,ATLAS_SIG_A_TOP150,BRD-K91900765,VX-745,trt_cp,-3.5061908
ATLAS_SIG_A_TOP150,6a92f7a109168d001496ada7,ATLAS_SIG_A_TOP150,BRD-K91696562,orantinib,trt_cp,0.0
ATLAS_SIG_A_TOP150,6a92f7a109168d001496ada7,ATLAS_SIG_A_TOP150,BRD-K84639753,safinamide,trt_cp,-29.83388
ATLAS_SIG_A_TOP150,6a92f7a109168d001496ada7,ATLAS_SIG_A_TOP150,BRD-K89014967,AS-703026,trt_cp,0.0
ATLAS_SIG_A_TOP150,6a92f7a109168d001496ada7,ATLAS_SIG_A_TOP150,BRD-K81783531,VX-222,trt_cp,0.0
ATLAS_SIG_A_TOP150,6a92f7a109168d001496ada7,ATLAS_SIG_A_TOP150,BRD-K70557564,zosuquidar,trt_cp,-2.1153193
ATLAS_SIG_A_TOP150,6a92f7a109168d001496ada7,ATLAS_SIG_A_TOP150,BRD-K48722833,iloperidone,trt_cp,0.0
ATLAS_SIG_A_TOP150,6a92f7a109168d001496ada7,ATLAS_SIG_A_TOP150,BRD-K70511574,HMN-214,trt_cp,0.0
ATLAS_SIG_A_TOP150,6a92f7a109168d001496ada7,ATLAS_SIG_A_TOP150,BRD-K10916986,vinorelbine,trt_cp,0.0
ATLAS_SIG_A_TOP150,6a92f7a109168d001496ada7,ATLAS_SIG_A_TOP150,BRD-K54472332,elvitegravir,trt_cp,-19.859804
ATLAS_SIG_A_TOP150,6a92f7a109168d001496ada7,ATLAS_SIG_A_TOP150,BRD-M72442222,vicriviroc,trt_cp,0.422833
ATLAS_SIG_A_TOP150,6a92f7a109168d001496ada7,ATLAS_SIG_A_TOP150,BRD-K37130656,rivaroxaban,trt_cp,0.0
ATLAS_SIG_A_TOP150,6a92f7a109168d001496ada7,ATLAS_SIG_A_TOP150,BRD-K07736136,VX-702,trt_cp,0.0
ATLAS_SIG_A_TOP150,6a92f7a109168d001496ada7,ATLAS_SIG_A_TOP150,BRD-K37720887,SB-525334,trt_cp,-7.751938
ATLAS_SIG_A_TOP150,6a92f7a109168d001496ada7,ATLAS_SIG_A_TOP150,BRD-K66956375,oleoylethanolamide,trt_cp,0.0
ATLAS_SIG_A_TOP150,6a92f7a109168d001496ada7,ATLAS_SIG_A_TOP150,BRD-K15891719,tenofovir,trt_cp,7.5757575
ATLAS_SIG_A_TOP150,6a92f7a109168d001496ada7,ATLAS_SIG_A_TOP150,BRD-U97083655,teicoplanin,trt_cp,2.7836504
ATLAS_SIG_A_TOP150,6a92f7a109168d001496ada7,ATLAS_SIG_A_TOP150,BRD-K36627727,tamibarotene,trt_cp,0.0
ATLAS_SIG_A_TOP150,6a92f7a109168d001496ada7,ATLAS_SIG_A_TOP150,BRD-K25991148,warfarin,trt_cp,-6.7300916
ATLAS_SIG_A_TOP150,6a92f7a109168d001496ada7,ATLAS_SIG_A_TOP150,BRD-M30523314,vinorelbine,trt_cp,0.0
ATLAS_SIG_A_TOP150,6a92f7a109168d001496ada7,ATLAS_SIG_A_TOP150,BRD-A26002865,verrucarin-a,trt_cp,0.0
ATLAS_SIG_A_TOP150,6a92f7a109168d001496ada7,ATLAS_SIG_A_TOP150,BRD-K77390737,xanthohumol,trt_cp,11.379644
ATLAS_SIG_A_TOP150,6a92f7a109168d001496ada7,ATLAS_SIG_A_TOP150,BRD-K29582115,ziprasidone,trt_cp,-6.677304
ATLAS_SIG_A_TOP150,6a92f7a109168d001496ada7,ATLAS_SIG_A_TOP150,BRD-A98283014,calmidazolium,trt_cp,35.80516
ATLAS_SIG_A_TOP150,6a92f7a109168d001496ada7,ATLAS_SIG_A_TOP150,BRD-A03323675,ritonavir,trt_cp,0.0
ATLAS_SIG_A_TOP150,6a92f7a109168d001496ada7,ATLAS_SIG_A_TOP150,BRD-A09495397,bicuculline,trt_cp,0.0
ATLAS_SIG_A_TOP150,6a92f7a109168d001496ada7,ATLAS_SIG_A_TOP150,BRD-A11170096,pravastatin,trt_cp,-26.371996
ATLAS_SIG_A_TOP150,6a92f7a109168d001496ada7,ATLAS_SIG_A_TOP150,BRD-A14792000,valsartan,trt_cp,0.0
ATLAS_SIG_A_TOP150,6a92f7a109168d001496ada7,ATLAS_SIG_A_TOP150,BRD-A14985772,L-ascorbyl-6-palmitate,trt_cp,0.0
ATLAS_SIG_A_TOP150,6a92f7a109168d001496ada7,ATLAS_SIG_A_TOP150,BRD-A15914070,4-hydroxy-2-nonenal,trt_cp,7.269294
ATLAS_SIG_A_TOP150,6a92f7a109168d001496ada7,ATLAS_SIG_A_TOP150,BRD-A20589515,dihydroxyphenylglycine,trt_cp,-76.079926
ATLAS_SIG_A_TOP150,6a92f7a109168d001496ada7,ATLAS_SIG_A_TOP150,BRD-A29731977,17-hydroxyprogesterone-caproate,trt_cp,4.3382473
ATLAS_SIG_A_TOP150,6a92f7a109168d001496ada7,ATLAS_SIG_A_TOP150,BRD-A62890442,3-methyl-GABA,trt_cp,-7.9880934
ATLAS_SIG_A_TOP150,6a92f7a109168d001496ada7,ATLAS_SIG_A_TOP150,BRD-A79314293,cephalosporanic-acid,trt_cp,0.0
ATLAS_SIG_A_TOP150,6a92f7a109168d001496ada7,ATLAS_SIG_A_TOP150,BRD-A80383043,4-carboxy-3-hydroxyphenylglycine-(RS),trt_cp,0.0
ATLAS_SIG_A_TOP150,6a92f7a109168d001496ada7,ATLAS_SIG_A_TOP150,BRD-A80928489,1-monopalmitin,trt_cp,-20.007776
ATLAS_SIG_A_TOP150,6a92f7a109168d001496ada7,ATLAS_SIG_A_TOP150,BRD-A83892713,rifampicin,trt_cp,0.0
ATLAS_SIG_A_TOP150,6a92f7a109168d001496ada7,ATLAS_SIG_A_TOP150,BRD-A87125127,3-matida,trt_cp,-32.812042
ATLAS_SIG_A_TOP150,6a92f7a109168d001496ada7,ATLAS_SIG_A_TOP150,BRD-A95696820,acadesine,trt_cp,0.0
ATLAS_SIG_A_TOP150,6a92f7a109168d001496ada7,ATLAS_SIG_A_TOP150,BRD-K04466929,Merck60,trt_cp,0.0
ATLAS_SIG_A_TOP150,6a92f7a109168d001496ada7,ATLAS_SIG_A_TOP150,BRD-K06750613,GSK-1059615,trt_cp,0.0
ATLAS_SIG_A_TOP150,6a92f7a109168d001496ada7,ATLAS_SIG_A_TOP150,BRD-K06817181,"1,2,3,4,5,6-hexabromocyclohexane",trt_cp,0.0
ATLAS_SIG_A_TOP150,6a92f7a109168d001496ada7,ATLAS_SIG_A_TOP150,BRD-K13872703,BRD-K13872703,trt_cp,-44.36382
ATLAS_SIG_A_TOP150,6a92f7a109168d001496ada7,ATLAS_SIG_A_TOP150,BRD-K14643723,4-(2-amino-ethyl)-benzenesulfonamide,trt_cp,-5.6730094
ATLAS_SIG_A_TOP150,6a92f7a109168d001496ada7,ATLAS_SIG_A_TOP150,BRD-K15519488,CS-110266,trt_cp,4.2811275
ATLAS_SIG_A_TOP150,6a92f7a109168d001496ada7,ATLAS_SIG_A_TOP150,BRD-K17953061,staurosporine,trt_cp,0.0
ATLAS_SIG_A_TOP150,6a92f7a109168d001496ada7,ATLAS_SIG_A_TOP150,BRD-K20197062,SA-94315,trt_cp,0.0
ATLAS_SIG_A_TOP150,6a92f7a109168d001496ada7,ATLAS_SIG_A_TOP150,BRD-K31491153,1-phenylbiguanide,trt_cp,78.80877
ATLAS_SIG_A_TOP150,6a92f7a109168d001496ada7,ATLAS_SIG_A_TOP150,BRD-K37814297,acepromazine,trt_cp,0.0
ATLAS_SIG_A_TOP150,6a92f7a109168d001496ada7,ATLAS_SIG_A_TOP150,BRD-K50384076,"7,4'-dihydroxyflavone",trt_cp,20.508255
ATLAS_SIG_A_TOP150,6a92f7a109168d001496ada7,ATLAS_SIG_A_TOP150,BRD-K56450366,NSC-94258,trt_cp,-15.000443
ATLAS_SIG_A_TOP150,6a92f7a109168d001496ada7,ATLAS_SIG_A_TOP150,BRD-K60690191,MPEP,trt_cp,0.0
ATLAS_SIG_A_TOP150,6a92f7a109168d001496ada7,ATLAS_SIG_A_TOP150,BRD-K63784565,10-hydroxycamptothecin,trt_cp,0.0
ATLAS_SIG_A_TOP150,6a92f7a109168d001496ada7,ATLAS_SIG_A_TOP150,BRD-K67977190,eprosartan,trt_cp,0.0
ATLAS_SIG_A_TOP150,6a92f7a109168d001496ada7,ATLAS_SIG_A_TOP150,BRD-K83636919,entacapone,trt_cp,-13.299369
ATLAS_SIG_A_TOP150,6a92f7a109168d001496ada7,ATLAS_SIG_A_TOP150,BRD-K88701661,dimercaptosuccinic-acid,trt_cp,0.0
ATLAS_SIG_A_TOP150,6a92f7a109168d001496ada7,ATLAS_SIG_A_TOP150,BRD-K90864987,cobalt(II)-chloride,trt_cp,-6.35233
ATLAS_SIG_A_TOP150,6a92f7a109168d001496ada7,ATLAS_SIG_A_TOP150,BRD-K91145395,prostratin,trt_cp,0.0
ATLAS_SIG_A_TOP150,6a92f7a109168d001496ada7,ATLAS_SIG_A_TOP150,BRD-K91781484,BRD-K91781484,trt_cp,17.873634
ATLAS_SIG_A_TOP150,6a92f7a109168d001496ada7,ATLAS_SIG_A_TOP150,BRD-K98824517,BRD-K98824517,trt_cp,6.6243834
ATLAS_SIG_A_TOP150,6a92f7a109168d001496ada7,ATLAS_SIG_A_TOP150,BRD-M41783010,acamprosate,trt_cp,-1.1013818
ATLAS_SIG_A_TOP150,6a92f7a109168d001496ada7,ATLAS_SIG_A_TOP150,BRD-K66766661,17-beta-estradiol,trt_cp,-19.438934
ATLAS_SIG_A_TOP150,6a92f7a109168d001496ada7,ATLAS_SIG_A_TOP150,BRD-K54529596,captopril,trt_cp,0.0
ATLAS_SIG_A_TOP150,6a92f7a109168d001496ada7,ATLAS_SIG_A_TOP150,BRD-A63445921,nicardipine,trt_cp,0.0
ATLAS_SIG_A_TOP150,6a92f7a109168d001496ada7,ATLAS_SIG_A_TOP150,BRD-A51182606,chloramphenicol,trt_cp,0.0
ATLAS_SIG_A_TOP150,6a92f7a109168d001496ada7,ATLAS_SIG_A_TOP150,BRD-K94070024,depomedrol,trt_cp,0.0
ATLAS_SIG_A_TOP150,6a92f7a109168d001496ada7,ATLAS_SIG_A_TOP150,BRD-A75144621,digoxin,trt_cp,0.0
ATLAS_SIG_A_TOP150,6a92f7a109168d001496ada7,ATLAS_SIG_A_TOP150,BRD-K82216340,medroxyprogesterone,trt_cp,0.0
ATLAS_SIG_A_TOP150,6a92f7a109168d001496ada7,ATLAS_SIG_A_TOP150,BRD-K13356952,methazolamide,trt_cp,-19.686787
ATLAS_SIG_A_TOP150,6a92f7a109168d001496ada7,ATLAS_SIG_A_TOP150,BRD-K54416256,methimazole,trt_cp,0.0
ATLAS_SIG_A_TOP150,6a92f7a109168d001496ada7,ATLAS_SIG_A_TOP150,BRD-K86873305,piperacillin,trt_cp,0.0
ATLAS_SIG_A_TOP150,6a92f7a109168d001496ada7,ATLAS_SIG_A_TOP150,BRD-K28667793,pyrazinamide,trt_cp,0.0
ATLAS_SIG_A_TOP150,6a92f7a109168d001496ada7,ATLAS_SIG_A_TOP150,BRD-A15493168,tetracycline,trt_cp,0.0
ATLAS_SIG_A_TOP150,6a92f7a109168d001496ada7,ATLAS_SIG_A_TOP150,BRD-K97799481,theophylline,trt_cp,-1.691332
ATLAS_SIG_A_TOP150,6a92f7a109168d001496ada7,ATLAS_SIG_A_TOP150,BRD-K69688083,mestinon,trt_cp,0.0
ATLAS_SIG_A_TOP150,6a92f7a109168d001496ada7,ATLAS_SIG_A_TOP150,BRD-K59773493,benzohydroxamic-acid,trt_cp,2.995067
ATLAS_SIG_A_TOP150,6a92f7a109168d001496ada7,ATLAS_SIG_A_TOP150,BRD-K39569857,avrainvillamide-analog-3,trt_cp,0.0
ATLAS_SIG_A_TOP150,6a92f7a109168d001496ada7,ATLAS_SIG_A_TOP150,BRD-A70731303,avrainvillamide-analog-5,trt_cp,56.801018
ATLAS_SIG_A_TOP150,6a92f7a109168d001496ada7,ATLAS_SIG_A_TOP150,BRD-A83237092,fulvestrant,trt_cp,0.0
ATLAS_SIG_A_TOP150,6a92f7a109168d001496ada7,ATLAS_SIG_A_TOP150,BRD-K68488863,ENMD-2076,trt_cp,1.8322762
ATLAS_SIG_A_TOP150,6a92f7a109168d001496ada7,ATLAS_SIG_A_TOP150,BRD-A74907996,equol,trt_cp,0.0
ATLAS_SIG_A_TOP150,6a92f7a109168d001496ada7,ATLAS_SIG_A_TOP150,BRD-K98948170,BRD-K98948170,trt_cp,0.845666
ATLAS_SIG_A_TOP150,6a92f7a109168d001496ada7,ATLAS_SIG_A_TOP150,BRD-K42573370,avrainvillamide-analog-2,trt_cp,0.5637773
ATLAS_SIG_A_TOP150,6a92f7a109168d001496ada7,ATLAS_SIG_A_TOP150,BRD-K61691971,avrainvillamide-analog-1,trt_cp,3.1360114
ATLAS_SIG_A_TOP150,6a92f7a109168d001496ada7,ATLAS_SIG_A_TOP150,BRD-K25079130,avrainvillamide-analog-4,trt_cp,2.0153735
ATLAS_SIG_A_TOP150,6a92f7a109168d001496ada7,ATLAS_SIG_A_TOP150,BRD-K50324045,avrainvillamide-analog-6,trt_cp,2.382128
ATLAS_SIG_A_TOP150,6a92f7a109168d001496ada7,ATLAS_SIG_A_TOP150,BRD-K79877282,PF-543,trt_cp,0.0
ATLAS_SIG_A_TOP150,6a92f7a109168d001496ada7,ATLAS_SIG_A_TOP150,BRD-K24576554,AT-9283,trt_cp,0.0
ATLAS_SIG_A_TOP150,6a92f7a109168d001496ada7,ATLAS_SIG_A_TOP150,BRD-K53665955,MK-5108,trt_cp,2.774258
ATLAS_SIG_A_TOP150,6a92f7a109168d001496ada7,ATLAS_SIG_A_TOP150,BRD-K67174588,toremifene,trt_cp,0.0
ATLAS_SIG_A_TOP150,6a92f7a109168d001496ada7,ATLAS_SIG_A_TOP150,BRD-K75295174,alisertib,trt_cp,0.0
ATLAS_SIG_A_TOP150,6a92f7a109168d001496ada7,ATLAS_SIG_A_TOP150,BRD-K10466330,AVA,trt_cp,1.3742071
