pert_id,pert_iname,n_signatures,median_connectivity,mean_connectivity,best_connectivity,worst_connectivity,n_negative_signatures
BRD-A89434049,sarmentogenin,1,-0.43220383,-0.43220383,-0.43220383,-0.43220383,1
BRD-K47192521,icosapent,2,-0.409799515,-0.409799515,-0.44424248,-0.37535655,2
BRD-K60160658,tiagabine,3,-0.40944988,-0.36380036666666665,-0.42212814,-0.25982308,3
BRD-K84141129,VU-0400193-3,5,-0.3987685,-0.339441388,-0.40515444,-0.19547093,5
BRD-A84045418,calpeptin,3,-0.39725196,-0.3623172133333334,-0.39951766,-0.29018202,3
BRD-A25576662,streptozotocin,3,-0.38222232,-0.36942918999999996,-0.40596503,-0.32010022,3
BRD-K64314806,BRD-K64314806,3,-0.37951207,-0.3642856666666667,-0.40101987,-0.31232506,3
BRD-K49328571,dasatinib,1,-0.37518686,-0.37518686,-0.37518686,-0.37518686,1
BRD-K05977823,tenovin-1,1,-0.37203526,-0.37203526,-0.37203526,-0.37203526,1
BRD-K89210380,biotin,3,-0.3697036,-0.33226124333333334,-0.3760119,-0.25106823,3
BRD-K82561139,ricinine,3,-0.36830506,-0.3422102333333334,-0.37164164,-0.286684,3
BRD-A67433117,NCS-382,2,-0.36601693,-0.36601693,-0.430901,-0.30113286,2
BRD-M16762496,PIK-75,1,-0.36496222,-0.36496222,-0.36496222,-0.36496222,1
BRD-K32795028,1-benzylimidazole,7,-0.36466455,-0.32388899571428575,-0.41059113,-0.24181642,7
BRD-K05434375,HA-1004,1,-0.3644723,-0.3644723,-0.3644723,-0.3644723,1
BRD-K40782193,QX-222,5,-0.36403942,-0.31725623999999997,-0.4129371,-0.20287597,5
BRD-K14993104,bemegride,4,-0.36251445000000004,-0.3428867625,-0.39716738,-0.24935077,4
BRD-K19220233,JNK-9L,2,-0.362010575,-0.362010575,-0.39607805,-0.3279431,2
BRD-A98299281,"hydroxytacrine-maleate-(r,s)",2,-0.36166313000000005,-0.36166313000000005,-0.45587912,-0.26744714,2
BRD-A52172093,VU-0413807-2,1,-0.3610201,-0.3610201,-0.3610201,-0.3610201,1
BRD-A03816571,CP-55940,1,-0.36076412,-0.36076412,-0.36076412,-0.36076412,1
BRD-K52620403,STO-609,6,-0.3607294,-0.34976819833333334,-0.45407924,-0.24518174,6
BRD-K20714604,RS-56812,1,-0.3597588,-0.3597588,-0.3597588,-0.3597588,1
BRD-K55430733,WAY-629,4,-0.359637815,-0.3681430625,-0.40888578,-0.34441084,4
BRD-A26032986,zaldaride,3,-0.35902104,-0.3322716766666667,-0.41630787,-0.22148612,3
BRD-K71035033,masitinib,4,-0.3573404,-0.329439775,-0.37585294,-0.22722536,4
BRD-A31107743,brefeldin-a,2,-0.35710816,-0.35710816,-0.38678154,-0.32743478,2
BRD-K57930253,nitrazepam,5,-0.356509,-0.34761984,-0.42034978,-0.26333654,5
BRD-K89274813,DMP-543,2,-0.353938675,-0.353938675,-0.35438085,-0.3534965,2
BRD-K31553034,zibotentan,5,-0.35116345,-0.336312104,-0.3945499,-0.25783455,5
BRD-K95921201,reserpine,5,-0.3510269,-0.325312488,-0.41097146,-0.2459234,5
BRD-K05737787,isoeugenol,1,-0.35014665,-0.35014665,-0.35014665,-0.35014665,1
BRD-K44849676,capsazepine,1,-0.34949917,-0.34949917,-0.34949917,-0.34949917,1
BRD-A17065207,brefeldin-a,4,-0.34845459,-0.33906196499999997,-0.372895,-0.28644368,4
BRD-A66395008,parthenolide,5,-0.3478943,-0.34577094399999997,-0.4045707,-0.30018222,5
BRD-K07872006,BRD-K07872006,3,-0.34765825,-0.31822244,-0.38467184,-0.22233723,3
BRD-K85383046,IAA-94,5,-0.3456859,-0.344443966,-0.45184797,-0.22829074,5
BRD-K17849083,tranilast,5,-0.34564483,-0.338178086,-0.38069814,-0.28151405,5
BRD-A55946879,BW-B70C,1,-0.3453216,-0.3453216,-0.3453216,-0.3453216,1
BRD-K33106058,cytarabine,3,-0.34427088,-0.3107363766666667,-0.36631918,-0.22161907,3
BRD-K17823458,danoprevir,5,-0.34408414,-0.319758588,-0.40414703,-0.23032555,5
BRD-K44779798,miglitol,6,-0.34331497499999997,-0.33156335,-0.419602,-0.18082254,6
BRD-K58299615,Ro-90-7501,1,-0.34252238,-0.34252238,-0.34252238,-0.34252238,1
BRD-K65910366,KU-C103904N,4,-0.34246701,-0.331902685,-0.37546912,-0.2672076,4
BRD-A61899133,catechin,3,-0.34219843,-0.30617131000000003,-0.3774323,-0.1988832,3
BRD-K67578145,GDC-0879,9,-0.34139043,-0.33323897555555554,-0.41864508,-0.2485241,9
BRD-K68132782,terbinafine,4,-0.340882065,-0.337860155,-0.36233646,-0.30734003,4
BRD-A07614565,BRD-A07614565,4,-0.34049379999999996,-0.3180599025,-0.3647241,-0.22652791,4
BRD-K55070890,thiothixene,1,-0.339131,-0.339131,-0.339131,-0.339131,1
BRD-K12057390,apigenin,3,-0.33873856,-0.32753483,-0.36836153,-0.2755044,3
BRD-U73238814,QL-XI-92,4,-0.338612185,-0.341553055,-0.36426258,-0.32472527,4
BRD-A65013509,oxybutynin,3,-0.33815584,-0.31548338000000004,-0.3471846,-0.2611097,3
BRD-K93188295,ARC-239,9,-0.33795238,-0.3363124344444445,-0.4223544,-0.23295604,9
BRD-K31238592,devazepide,1,-0.33666033,-0.33666033,-0.33666033,-0.33666033,1
BRD-K61496577,flumetasone,5,-0.33665735,-0.321057916,-0.36629012,-0.25055736,5
BRD-A80775386,hyperforin,5,-0.33603907,-0.30138066399999996,-0.4320053,-0.18648419,5
BRD-A60197193,amisulpride,9,-0.33591905,-0.31691562666666667,-0.439447,-0.18093997,9
BRD-K77554836,triamcinolone,5,-0.335756,-0.317824552,-0.35565814,-0.2232472,5
BRD-K17349619,HLI-373,7,-0.33538866,-0.30732803714285717,-0.37768435,-0.2194463,7
BRD-K28936863,ketotifen,9,-0.33502048,-0.3178379811111111,-0.37191775,-0.24339353,9
BRD-K62858456,lomerizine,3,-0.33463627,-0.32604813,-0.34768602,-0.2958221,3
BRD-K88871508,lisuride,5,-0.33460167,-0.317799002,-0.38124177,-0.19611675,5
BRD-K89348303,ramipril,7,-0.33427507,-0.3023333814285714,-0.41064507,-0.20639151,7
BRD-A85234536,N6-cyclopentyladenosine,3,-0.33416128,-0.32495002,-0.34112126,-0.29956752,3
BRD-K60690191,MPEP,3,-0.33400518,-0.32085783,-0.3905983,-0.23797001,3
BRD-K94830329,ataluren,4,-0.33392577,-0.3368897525,-0.37263674,-0.30707073,4
BRD-K62792802,LY-83583,1,-0.33378327,-0.33378327,-0.33378327,-0.33378327,1
BRD-K55930204,phenytoin,7,-0.3337634,-0.2992960657142857,-0.3859656,-0.19205308,7
BRD-K89687904,PKCbeta-inhibitor,7,-0.3335489,-0.3295778228571429,-0.38864532,-0.28700954,7
BRD-K24859147,KIN001-242,2,-0.33343093,-0.33343093,-0.33934593,-0.32751593,2
BRD-K18779551,bifemelane,3,-0.3332225,-0.3122503033333333,-0.35262373,-0.25090468,3
BRD-K30563334,rifabutin,1,-0.33312953,-0.33312953,-0.33312953,-0.33312953,1
BRD-K29173907,isoflupredone-acetate,2,-0.33296229,-0.33296229,-0.34323892,-0.32268566,2
BRD-K56301217,ABT-737,9,-0.33226562,-0.3081650744444444,-0.36611092,-0.2291567,9
BRD-K85090592,pilocarpine,4,-0.33206183499999997,-0.33501304249999997,-0.37720534,-0.29872316,4
BRD-K88761633,BRD-K88761633,5,-0.33196002,-0.334413344,-0.35243806,-0.3144899,5
BRD-K79759031,artesunate,3,-0.33178762,-0.31475125,-0.34197077,-0.27049536,3
BRD-K47639036,flavoxate,3,-0.3316303,-0.3064920933333333,-0.35918707,-0.22865891,3
BRD-K39944607,ochratoxin-a,3,-0.33087164,-0.32933437,-0.35108167,-0.3060498,3
BRD-K33483813,actarit,8,-0.33066037000000004,-0.32697160625,-0.39733356,-0.2155328,8
BRD-A75368507,demeclocycline,1,-0.3305608,-0.3305608,-0.3305608,-0.3305608,1
BRD-K20995441,U-54494A,4,-0.33055010500000004,-0.3246254525,-0.3903052,-0.2470964,4
BRD-K74133369,oligomycin-a,4,-0.33045562,-0.3230906525,-0.3414731,-0.28997827,4
BRD-K94070024,depomedrol,4,-0.330311975,-0.334638455,-0.38486457,-0.2930653,4
BRD-K74402642,NSC-632839,17,-0.33028334,-0.3141100288235294,-0.39474177,-0.19128421,17
BRD-K70401845,erlotinib,6,-0.33024051,-0.3333987983333333,-0.4053899,-0.26608643,6
BRD-K54006094,formoterol,1,-0.33005053,-0.33005053,-0.33005053,-0.33005053,1
BRD-K82147103,lofepramine,1,-0.329961,-0.329961,-0.329961,-0.329961,1
BRD-K83010055,VU-0415374-1,4,-0.329687895,-0.31598965,-0.38714218,-0.21744063,4
BRD-K57631554,5-aminolevulinic-acid,1,-0.3296656,-0.3296656,-0.3296656,-0.3296656,1
BRD-K62959606,sphingosine,1,-0.32961985,-0.32961985,-0.32961985,-0.32961985,1
BRD-A53416814,ceramide,1,-0.32920563,-0.32920563,-0.32920563,-0.32920563,1
BRD-A81402010,KU-C103443N,3,-0.32916126,-0.29512178333333333,-0.3490858,-0.20711829,3
BRD-K49668410,clarithromycin,2,-0.329085815,-0.329085815,-0.39343548,-0.26473615,2
BRD-A39747742,estradiol-valerate,4,-0.32840266500000004,-0.32964009250000004,-0.3503523,-0.31140274,4
BRD-K57179821,crotamiton,9,-0.32830796,-0.33587472222222226,-0.40842706,-0.25181615,9
BRD-K41903098,diphenoxylate,2,-0.32826426,-0.32826426,-0.34197402,-0.3145545,2
BRD-K84036904,testosterone,1,-0.32807764,-0.32807764,-0.32807764,-0.32807764,1
BRD-M47793593,picrotoxin,2,-0.32802560999999997,-0.32802560999999997,-0.33895165,-0.31709957,2
BRD-K13087974,CGP-52411,1,-0.32794356,-0.32794356,-0.32794356,-0.32794356,1
BRD-A81772229,simvastatin,1,-0.3277868,-0.3277868,-0.3277868,-0.3277868,1
BRD-K40742111,baeomycesic-acid,3,-0.32760483,-0.31905495,-0.34075886,-0.28880116,3
BRD-K75532464,FTI-276,15,-0.32758576,-0.31717486066666667,-0.44012222,-0.23606303,15
BRD-K73589491,nizatidine,9,-0.32756853,-0.33316527444444444,-0.4259143,-0.23030972,9
BRD-K50384076,"7,4'-dihydroxyflavone",1,-0.32730204,-0.32730204,-0.32730204,-0.32730204,1
BRD-K87049188,fusaric-acid,5,-0.32706225,-0.29188405,-0.352596,-0.2069186,5
BRD-K22227508,targinine,1,-0.3270173,-0.3270173,-0.3270173,-0.3270173,1
BRD-A49734948,foliosidine,1,-0.3265748,-0.3265748,-0.3265748,-0.3265748,1
BRD-A30590053,MR-16728,6,-0.326524515,-0.322779365,-0.36989474,-0.24351078,6
BRD-A58564983,selamectin,6,-0.32631598500000003,-0.31577854499999997,-0.3788799,-0.21892682,6
BRD-K41170226,deoxycholic-acid,3,-0.32628542,-0.3166272833333333,-0.34573096,-0.27786547,3
BRD-K01567962,pyrazolanthrone,5,-0.32611626,-0.292016244,-0.34201974,-0.22995508,5
BRD-A41555725,chlortetracycline,5,-0.3259363,-0.317028066,-0.37389123,-0.25807038,5
BRD-A83859836,tropisetron,5,-0.32566878,-0.317095748,-0.35005116,-0.26407278,5
BRD-K98493452,honokiol,2,-0.325531865,-0.325531865,-0.38092053,-0.2701432,2
BRD-K99260425,etodolac,7,-0.3253621,-0.31757829857142855,-0.40582228,-0.20092376,7
BRD-K91691979,BRD-K91691979,6,-0.32470859500000004,-0.31764023166666666,-0.39242536,-0.2279,6
BRD-K00256256,BRD-K00256256,3,-0.32458103,-0.30961758,-0.34549177,-0.25877994,3
BRD-K56064827,EI-273,3,-0.32379222,-0.31318926333333336,-0.35510457,-0.260671,3
BRD-K04833372,GSK-1904529A,8,-0.323774485,-0.3165477725,-0.40985104,-0.20337656,8
BRD-K98372770,L-2167,8,-0.32372552,-0.3028476625,-0.37234223,-0.21429873,8
BRD-K68756823,FR-180204,6,-0.32353301,-0.29984955333333335,-0.37152988,-0.19735634,6
BRD-K34508425,KU-C103898N,4,-0.32291505,-0.3235979325,-0.3357364,-0.31282523,4
BRD-K00673382,famotidine,2,-0.32276687,-0.32276687,-0.38810098,-0.25743276,2
BRD-K43236057,polydatin,3,-0.32261276,-0.3275913366666667,-0.3479481,-0.31221315,3
BRD-A41145729,methoprene-acid,4,-0.32238781,-0.32903578499999997,-0.39268172,-0.2786858,4
BRD-K12401458,BRD-K12401458,3,-0.32214025,-0.3363588533333333,-0.40477788,-0.28215843,3
BRD-A37704979,SB-203580,10,-0.322025535,-0.315980095,-0.3784576,-0.24977878,10
BRD-K25224017,pirenperone,9,-0.321967,-0.32254005444444445,-0.39412746,-0.23354807,9
BRD-K12244279,MEK1-2-inhibitor,7,-0.32193512,-0.31366275000000005,-0.4373687,-0.20835167,7
BRD-K64245000,GW-4064,6,-0.321885665,-0.31653806,-0.3942654,-0.2231797,6
BRD-K77925998,quipazine,6,-0.321869925,-0.3098158183333333,-0.38238233,-0.19669339,6
BRD-K51730347,diphencyprone,4,-0.321683375,-0.3208457825,-0.3528632,-0.28715318,4
BRD-K26979635,NS-3694,6,-0.32165338,-0.32869266999999996,-0.40648508,-0.27654216,6
BRD-K59650319,YM-298198,7,-0.32153848,-0.3175100728571429,-0.42254406,-0.23973387,7
BRD-K49027941,PSB-1115,6,-0.32132981,-0.30218607666666664,-0.35967815,-0.18759818,6
BRD-A68009927,daunorubicin,7,-0.32122386,-0.3104346742857143,-0.3814028,-0.23803791,7
BRD-K26160755,RS-45041-190,5,-0.3212084,-0.313899358,-0.37623787,-0.20013362,5
BRD-K49865102,PD-0325901,14,-0.32114573999999996,-0.32048198999999994,-0.36991012,-0.2501713,14
BRD-K71512533,SNS-314,2,-0.32106446,-0.32106446,-0.34489587,-0.29723305,2
BRD-A87719232,naproxen,4,-0.3209033,-0.2867887925,-0.33087105,-0.17447752,4
BRD-K80725821,RS-16566,8,-0.32084939,-0.30767319,-0.4217953,-0.19157761,8
BRD-K30743633,TCPOBOP,3,-0.32083675,-0.3193803533333333,-0.33967108,-0.29763323,3
BRD-K09859624,methantheline,13,-0.32073498,-0.3114537661538461,-0.38960728,-0.25661924,13
BRD-K63430059,methoxsalen,3,-0.3204035,-0.3174451166666667,-0.3827542,-0.24917765,3
BRD-K08996725,zolantidine,6,-0.32038198500000004,-0.3262284933333333,-0.421934,-0.24922699,6
BRD-K50422030,clomethiazole,2,-0.32025721,-0.32025721,-0.322672,-0.31784242,2
BRD-A03323675,ritonavir,2,-0.320212785,-0.320212785,-0.37687337,-0.2635522,2
BRD-A02990301,lofexidine,4,-0.320020515,-0.335883175,-0.4416178,-0.26187387,4
BRD-K92015269,GBR-12783,4,-0.31993180499999996,-0.3102498875,-0.32970792,-0.27142802,4
BRD-K29530284,amlexanox,6,-0.31966650500000005,-0.316794165,-0.39564008,-0.2437399,6
BRD-A32161980,carbetocin,5,-0.31964067,-0.303709872,-0.34401023,-0.2549541,5
BRD-K56450366,NSC-94258,2,-0.31958483000000004,-0.31958483000000004,-0.33721536,-0.3019543,2
BRD-K17378184,BP-897,4,-0.31956213499999997,-0.3247764775,-0.37710992,-0.28287172,4
BRD-K13356952,methazolamide,10,-0.319552,-0.315029872,-0.3900689,-0.25866157,10
BRD-K97118047,"4,5,6,7-tetrabromobenzotriazole",4,-0.31953849,-0.3024295125,-0.38234755,-0.18829352,4
BRD-A98702003,carbenoxolone,5,-0.31953704,-0.31508851,-0.34598404,-0.27639246,5
BRD-K63265447,docetaxel,2,-0.31946194,-0.31946194,-0.33158496,-0.30733892,2
BRD-K49371609,PIK-75,4,-0.31945659000000004,-0.32160878000000004,-0.39728174,-0.2502402,4
BRD-K02275692,cefotiam,6,-0.31934802500000004,-0.3083856016666667,-0.37527996,-0.20894895,6
BRD-A81377415,BRD-A81377415,5,-0.3193158,-0.30065024,-0.39210472,-0.22620347,5
BRD-K94270326,ecopipam,5,-0.31922388,-0.299050986,-0.40085536,-0.22002307,5
BRD-A31800922,procyclidine,5,-0.31911927,-0.30390631,-0.3487497,-0.25671667,5
BRD-K35430135,SR-59230A,5,-0.3190261,-0.319558248,-0.34120494,-0.29061237,5
BRD-K50214219,CS-1657,4,-0.319006535,-0.299151765,-0.33792192,-0.22067207,4
BRD-K76810206,nicergoline,6,-0.31900117,-0.3256749,-0.37440532,-0.28443986,6
BRD-K46435977,valaciclovir,6,-0.31899619,-0.304708575,-0.3452121,-0.22296974,6
BRD-K99369265,sirolimus,2,-0.3188504,-0.3188504,-0.39282948,-0.24487132,2
BRD-K63945320,dihydrosamidin,6,-0.318674715,-0.30508737166666666,-0.36138856,-0.20256284,6
BRD-K02227374,milnacipran,2,-0.31845066499999997,-0.31845066499999997,-0.3582216,-0.27867973,2
BRD-K67075780,TGX-115,4,-0.31838239,-0.321880195,-0.40582955,-0.24492645,4
BRD-K74763371,bosentan,6,-0.31810387,-0.31456258666666664,-0.4233677,-0.21852793,6
BRD-K35586044,yohimbine,5,-0.3180671,-0.30821209,-0.40583903,-0.20715964,5
BRD-A41722204,sulmazole,7,-0.31804448,-0.2924974785714286,-0.36645585,-0.1977299,7
BRD-K39746403,erythromycin-estolate,8,-0.31797895,-0.30130053125,-0.33597142,-0.2220187,8
BRD-K24127443,BRD-K24127443,2,-0.31791928,-0.31791928,-0.38468271,-0.25115585,2
BRD-K86595100,chlordiazepoxide,2,-0.31783436,-0.31783436,-0.3551262,-0.28054252,2
BRD-A91866971,SQ-29548,4,-0.31782915,-0.319946905,-0.37114292,-0.2729864,4
BRD-K19416115,sitagliptin,8,-0.31776510999999996,-0.31537073374999997,-0.3808353,-0.2575826,8
BRD-K67261995,adipiodone,10,-0.317636865,-0.32062105500000004,-0.45182723,-0.21646023,10
BRD-K62929068,6-benzylaminopurine,4,-0.31762126,-0.29846833,-0.32689536,-0.23173544,4
BRD-K80778372,Ro-19-4605,9,-0.31760222,-0.28385575888888886,-0.44942117,-0.15858778,9
BRD-K18895904,olanzapine,7,-0.317437,-0.3213173928571429,-0.39927697,-0.26200143,7
BRD-K51223576,AG-99,5,-0.31739613,-0.310214334,-0.33979705,-0.25019243,5
BRD-A48809242,IB-MECA,5,-0.31731993,-0.3223287,-0.41543373,-0.2333601,5
BRD-K10016611,pyridine-2-aldoxime,3,-0.31730902,-0.30379221,-0.32976747,-0.26430014,3
BRD-A11678676,wortmannin,1,-0.31730616,-0.31730616,-0.31730616,-0.31730616,1
BRD-K68558722,deracoxib,7,-0.3172995,-0.3052313742857143,-0.36622554,-0.24169216,7
BRD-A01787639,naftopidil,4,-0.317258185,-0.306253435,-0.37137854,-0.21911883,4
BRD-K48735772,PD-158780,10,-0.31699694,-0.32126467999999997,-0.40379575,-0.21954711,10
BRD-K88551539,CAY-10585,3,-0.31675902,-0.28896763,-0.33608657,-0.2140573,3
BRD-A38913120,BH3I-1,6,-0.31674185499999996,-0.2911746566666667,-0.33081797,-0.22209862,6
BRD-A48261811,argatroban,5,-0.3166724,-0.305622112,-0.3513822,-0.23616157,5
BRD-A81541225,oligomycin-a,11,-0.31664056,-0.32085405181818183,-0.40321866,-0.24646658,11
BRD-K73196317,urapidil,2,-0.316588615,-0.316588615,-0.32213473,-0.3110425,2
BRD-K86191271,cytosporone-b,2,-0.316062945,-0.316062945,-0.32313043,-0.30899546,2
BRD-K54472332,elvitegravir,4,-0.31606195000000004,-0.3040679375,-0.33274975,-0.2513981,4
BRD-K17868609,BRL-54443,2,-0.316026425,-0.316026425,-0.34489515,-0.2871577,2
BRD-A01826957,xanthinol,5,-0.31591067,-0.305514522,-0.35299647,-0.23731065,5
BRD-A24381660,zeranol,5,-0.31590217,-0.294918892,-0.34833857,-0.20031022,5
BRD-A02333338,cyclopamine,2,-0.31589073,-0.31589073,-0.37423873,-0.25754273,2
BRD-K18678457,ZD-7288,5,-0.3156818,-0.299905018,-0.3323321,-0.24294457,5
BRD-K07881437,danusertib,5,-0.3155662,-0.305054604,-0.32557875,-0.26394123,5
BRD-A35912562,pregnenolone-succinate,2,-0.31550783000000004,-0.31550783000000004,-0.33913058,-0.29188508,2
BRD-K72093121,vidarabine,7,-0.31546998,-0.28492924999999997,-0.34289616,-0.2083253,7
BRD-A11135865,nor-binaltorphimine,3,-0.31538403,-0.30612612666666666,-0.38812268,-0.21487167,3
BRD-K76908866,CP-724714,8,-0.31530117999999996,-0.32267710125,-0.39225566,-0.26345557,8
BRD-K92758126,MD-920,4,-0.315236685,-0.303616295,-0.35205692,-0.23193489,4
BRD-K61106942,BRD-K61106942,5,-0.31523257,-0.31065413199999997,-0.38029602,-0.24015614,5
BRD-K72222507,quinapril,6,-0.31522798500000004,-0.3047846616666667,-0.3403911,-0.2519728,6
BRD-K10573841,tunicamycin,4,-0.31521564999999996,-0.3137255475,-0.36894885,-0.25552204,4
BRD-K88741031,"methyl-2,5-dihydroxycinnamate",7,-0.3151838,-0.3015539685714286,-0.37830722,-0.2111823,7
BRD-K55462201,AM-404,6,-0.31515271499999997,-0.29958238666666664,-0.37216604,-0.22789374,6
BRD-K02113016,olaparib,9,-0.31510377,-0.3111756655555556,-0.38498014,-0.22844744,9
BRD-K71003802,hippeastrine,5,-0.31508395,-0.30767641,-0.34906673,-0.2364942,5
BRD-K83972459,JWE-035,5,-0.31502968,-0.286505862,-0.3649521,-0.18373623,5
BRD-K11107424,tiotidine,5,-0.3148346,-0.308252828,-0.34197187,-0.26219016,5
BRD-K81783531,VX-222,3,-0.3148141,-0.32605462,-0.3578382,-0.30551156,3
BRD-K56509348,BMS-182874,6,-0.314803705,-0.32615980333333333,-0.38424933,-0.29021493,6
BRD-A68281735,REV-5901,2,-0.31476331,-0.31476331,-0.36805147,-0.26147515,2
BRD-A54880345,etomidate,10,-0.31474855,-0.303713597,-0.36495405,-0.21152285,10
BRD-A26199074,calmidazolium,4,-0.31465998500000003,-0.3167914025,-0.37115422,-0.26669142,4
BRD-A83695761,chromanol,2,-0.31451428000000003,-0.31451428000000003,-0.39007625,-0.23895231,2
BRD-K93568044,hydrocortisone,3,-0.31446192,-0.3074835066666667,-0.34458733,-0.26340127,3
BRD-A82590476,SDZ-NKT-343,2,-0.31434175,-0.31434175,-0.33606812,-0.29261538,2
BRD-A36471396,biperiden,5,-0.314301,-0.28533000799999997,-0.3259707,-0.22856496,5
BRD-K49671696,ketanserin,3,-0.3142981,-0.3071719333333333,-0.38371602,-0.22350168,3
BRD-K37194137,III606050,2,-0.31425064999999996,-0.31425064999999996,-0.3461394,-0.2823619,2
BRD-A10969569,ambelline,4,-0.314198685,-0.308513975,-0.37326515,-0.23239338,4
BRD-K07888107,depudecin,4,-0.313942145,-0.299857345,-0.33072823,-0.24081686,4
BRD-K39188321,betamethasone,3,-0.31376922,-0.30074066,-0.38654476,-0.201908,3
BRD-K51805276,temefos,3,-0.31363565,-0.29698509,-0.33098906,-0.24633056,3
BRD-A66559694,naltrexone,5,-0.31360742,-0.300543206,-0.34122777,-0.23803413,5
BRD-A54029483,IRL-2500,7,-0.3135657,-0.2839134485714286,-0.38092804,-0.17180145,7
BRD-K34533029,tyrphostin-AG-494,2,-0.313564775,-0.313564775,-0.33611333,-0.29101622,2
BRD-A34208323,VU-0404997-2,2,-0.31354214,-0.31354214,-0.31787872,-0.30920556,2
BRD-K33226500,indinavir,2,-0.313533945,-0.313533945,-0.32886016,-0.29820773,2
BRD-A77349281,RK-682,8,-0.313487325,-0.30507942125,-0.37100673,-0.19347456,8
BRD-K78278890,NM-PP1,4,-0.313481885,-0.3189892025,-0.4137119,-0.23528114,4
BRD-K38251852,paxilline,2,-0.31347329999999995,-0.31347329999999995,-0.31949276,-0.30745384,2
BRD-K42748308,XE-991,4,-0.313388165,-0.30549839749999996,-0.32362998,-0.27158728,4
BRD-K97330509,SRC-kinase-inhibitor-II,6,-0.31328027999999997,-0.2907129533333333,-0.34467548,-0.22454073,6
BRD-K25991148,warfarin,4,-0.31319213999999995,-0.3090066525,-0.33376688,-0.27587545,4
BRD-A06390036,hydroquinidine,5,-0.31313682,-0.291272922,-0.33707708,-0.21175224,5
BRD-A31227688,kynuramine,9,-0.3131216,-0.28613949,-0.33709842,-0.17815885,9
BRD-K54771420,glycocholic-acid,5,-0.31311786,-0.302516446,-0.36953115,-0.2062426,5
BRD-K89014967,AS-703026,5,-0.31289557,-0.318428316,-0.44570982,-0.18187268,5
BRD-K78838262,austricine,4,-0.31284610999999996,-0.31336198,-0.35099807,-0.27675763,4
BRD-K66896231,ipidacrine,2,-0.31281633,-0.31281633,-0.3146001,-0.31103256,2
BRD-K16621777,enobosarm,5,-0.3126158,-0.324501944,-0.39898354,-0.27164438,5
BRD-A96799240,4-hydroxyretinoic-acid,4,-0.31255962000000004,-0.33690727,-0.47815692,-0.24435292,4
BRD-K32656671,BRD-K32656671,4,-0.312403785,-0.3212782425,-0.3800499,-0.2802555,4
BRD-A23226398,estradiol,4,-0.31229779,-0.31513726750000004,-0.34900755,-0.28694594,4
BRD-K07507905,BRL-37344,5,-0.31224418,-0.309274852,-0.39653313,-0.21463117,5
BRD-K31792052,pifithrin,6,-0.31219070000000004,-0.31319306333333335,-0.37073076,-0.26792663,6
BRD-K08502430,angiogenesis-inhibitor,3,-0.3121583,-0.3286193533333333,-0.3873431,-0.28635666,3
BRD-A01295252,7-hydroxy-PIPAT,4,-0.31209929000000003,-0.298183645,-0.3554207,-0.2131153,4
BRD-A27489425,rolitetracycline,2,-0.31209278,-0.31209278,-0.32468152,-0.29950404,2
BRD-K52459643,alprostadil,6,-0.31187708999999997,-0.29996506,-0.3221125,-0.25592506,6
BRD-K61341215,vecuronium,6,-0.31176697,-0.308786625,-0.4263388,-0.21946916,6
BRD-K50938287,sumatriptan,9,-0.3116343,-0.29798564,-0.3690412,-0.21727407,9
BRD-K38903228,hesperidin,4,-0.31162181499999997,-0.31436131,-0.40378904,-0.23041257,4
BRD-A22032524,amlodipine,7,-0.31149313,-0.29781136999999996,-0.35367376,-0.23516563,7
BRD-K88679075,methandriol,1,-0.31145936,-0.31145936,-0.31145936,-0.31145936,1
BRD-A51382177,fosinopril,3,-0.31136924,-0.2811947066666667,-0.3145453,-0.21766958,3
BRD-K60060639,N-methyllidocaine-iodide,6,-0.31134705,-0.29295261666666667,-0.33808267,-0.21686512,6
BRD-K86958018,olvanil,2,-0.31133798,-0.31133798,-0.31176633,-0.31090963,2
BRD-K37720887,SB-525334,10,-0.311291755,-0.30623075699999996,-0.41871357,-0.20462205,10
BRD-K67445247,flurofamide,6,-0.31128244,-0.28231634,-0.3409879,-0.19792987,6
BRD-K42500029,CGP-57380,3,-0.31117094,-0.2983024633333333,-0.3376708,-0.24606565,3
BRD-A64227845,SKF-77434,3,-0.31116706,-0.31857731,-0.35228163,-0.29228324,3
BRD-K27450477,EHNA,2,-0.31112565999999997,-0.31112565999999997,-0.34077322,-0.2814781,2
BRD-K06080977,eicosatetraynoic-acid,4,-0.311114165,-0.2943196925,-0.34153298,-0.21351746,4
BRD-K18619710,digoxigenin,3,-0.31087804,-0.28993476333333335,-0.32420158,-0.23472467,3
BRD-K43764301,dexketoprofen,4,-0.310833635,-0.30574515,-0.3664468,-0.23486653,4
BRD-K28346421,rifapentine,5,-0.3108034,-0.30561077000000003,-0.31325826,-0.28325203,5
BRD-K22010301,JLK-6,1,-0.31079334,-0.31079334,-0.31079334,-0.31079334,1
BRD-A04327189,synephrine,8,-0.310660155,-0.2965322125,-0.43426603,-0.19668213,8
BRD-A19633847,perhexiline,19,-0.3106532,-0.30160672368421054,-0.4076739,-0.19324765,19
BRD-K19111024,clofibric-acid,4,-0.3106274,-0.3126933575,-0.34687853,-0.2826401,4
BRD-K76064317,tyrphostin-AG-1296,4,-0.31041989000000003,-0.3163529425,-0.39907187,-0.24550012,4
BRD-A26097136,bulleyaconitine-a,5,-0.3103208,-0.28480463,-0.3591805,-0.18975219,5
BRD-A47829399,artesunate,19,-0.31030217,-0.3169911742105263,-0.424847,-0.20644444,19
BRD-A12230535,nutlin-3,4,-0.31028597,-0.3096913375,-0.36050808,-0.25768533,4
BRD-K32836707,CAY-10577,6,-0.31025432,-0.29284003,-0.34882456,-0.20713726,6
BRD-A77216878,manumycin-a,1,-0.31000435,-0.31000435,-0.31000435,-0.31000435,1
BRD-K09907482,PRL-3-inhibitor-I,19,-0.30997938,-0.3060291031578948,-0.41151723,-0.21179795,19
BRD-A10303790,talampicillin,7,-0.30994928,-0.3070244485714286,-0.36593425,-0.23757645,7
BRD-K20168484,BRD-K20168484,5,-0.30988252,-0.307695628,-0.41600302,-0.20599562,5
BRD-A49370193,Ro-60-0175,4,-0.30986848499999997,-0.2930845775,-0.3306163,-0.22198504,4
BRD-K80315159,DPPE,5,-0.3098412,-0.271170024,-0.3270654,-0.19969487,5
BRD-K41445866,alfaxalone,4,-0.309795795,-0.31712497,-0.39937723,-0.24953106,4
BRD-A41941932,vitexin,4,-0.3096177,-0.321507355,-0.3667915,-0.30000252,4
BRD-K68336408,tyrphostin-AG-1478,13,-0.30949312,-0.3075317576923077,-0.41378942,-0.21525437,13
BRD-K14844937,BRD-K14844937,3,-0.3094774,-0.3128322866666667,-0.32065,-0.30836946,3
BRD-A75552914,isoxicam,12,-0.30947616499999997,-0.2811930525,-0.35039902,-0.17232591,12
BRD-K47631482,bromhexine,1,-0.30941427,-0.30941427,-0.30941427,-0.30941427,1
BRD-M47937986,cefatrizine,6,-0.309261115,-0.30609569666666664,-0.3502522,-0.26923683,6
BRD-K47693913,evoxine,6,-0.3092266,-0.30572117,-0.3991452,-0.1895478,6
BRD-K51751936,alfadolone-acetate,5,-0.3091844,-0.29559754,-0.38328856,-0.20556682,5
BRD-K41895714,AS-605240,8,-0.30912618999999997,-0.31417867,-0.37181845,-0.26813447,8
BRD-K68867920,quetiapine,9,-0.3090358,-0.3122497533333333,-0.37049955,-0.2514426,9
BRD-K99595596,salsolinol,3,-0.30899763,-0.29941551,-0.31760943,-0.27163947,3
BRD-K08619838,tremorine,9,-0.30897844,-0.2941215655555556,-0.35885873,-0.2316612,9
BRD-K98769987,flumazenil,13,-0.30855393,-0.3000015584615384,-0.36622667,-0.19165203,13
BRD-A17883755,lenalidomide,14,-0.30854622499999995,-0.2916859007142857,-0.353002,-0.20813373,14
BRD-K91336023,mesulergine,2,-0.308477155,-0.308477155,-0.37144488,-0.24550943,2
BRD-K34098590,tienilic-acid,7,-0.30838948,-0.2927613885714285,-0.3724461,-0.22327206,7
BRD-K71926323,marbofloxacin,3,-0.308379,-0.3252505666666667,-0.3744976,-0.2928751,3
BRD-K57926513,tyrphostin-AG-1295,4,-0.308357665,-0.3141707525,-0.3692126,-0.27075508,4
BRD-K40656405,L-165041,2,-0.308310775,-0.308310775,-0.32037687,-0.29624468,2
BRD-A50737080,CGK-733,6,-0.30822948,-0.29916511,-0.34958,-0.20177567,6
BRD-A56245458,reichstein,6,-0.308224335,-0.30907940166666664,-0.37903967,-0.26490387,6
BRD-A14792000,valsartan,3,-0.30813655,-0.30671228333333334,-0.3418548,-0.2701455,3
BRD-K14048378,BRD-K14048378,6,-0.30793979,-0.28909678,-0.33353943,-0.19094145,6
BRD-A71203467,L-stepholidine,2,-0.307926255,-0.307926255,-0.31910795,-0.29674456,2
BRD-K76425766,BRD-K76425766,5,-0.3078782,-0.304218512,-0.36993778,-0.24353828,5
BRD-A79768653,sirolimus,25,-0.3078222,-0.313782944,-0.41922677,-0.2104105,25
BRD-K41337261,ZM-306416,3,-0.3078105,-0.3037196933333333,-0.36952883,-0.23381975,3
BRD-K36529613,PU-H71,5,-0.30769473,-0.28481881000000003,-0.32770115,-0.1957748,5
BRD-A77722753,hydralazine,5,-0.3076864,-0.28710578,-0.35608065,-0.21739748,5
BRD-K10670311,sulfasalazine,5,-0.30765277,-0.29668173200000003,-0.34122193,-0.24058554,5
BRD-K43164539,cholic-acid,7,-0.30764478,-0.3045131857142857,-0.42459068,-0.20186748,7
BRD-K62310379,fluticasone-propionate,10,-0.307637925,-0.30434459399999997,-0.38056797,-0.23053996,10
BRD-K43880410,pregnenolone,7,-0.30763558,-0.2937212814285714,-0.34109387,-0.22225505,7
BRD-K12762134,XAV-939,18,-0.307585225,-0.29521203444444444,-0.36658627,-0.21787745,18
BRD-A26787626,cyclopiazonic-acid,6,-0.307507945,-0.28889386333333333,-0.34145114,-0.20199464,6
BRD-K22009844,phenprobamate,5,-0.30733755,-0.307773072,-0.34712973,-0.28190053,5
BRD-K67847053,guanabenz,3,-0.30728424,-0.2952440733333333,-0.314144,-0.26430398,3
BRD-K89046952,ciclacillin,8,-0.30722266499999995,-0.30497642625,-0.36429644,-0.22877046,8
BRD-K68103045,CGS-20625,5,-0.30702507,-0.303125926,-0.3874094,-0.2241613,5
BRD-A11990600,lorazepam,3,-0.3070227,-0.3005249,-0.36234093,-0.23221107,3
BRD-A12409803,orteronel,10,-0.30699021,-0.297747583,-0.39070335,-0.2075544,10
BRD-K83354763,NFKB-activation-inhibitor-II,5,-0.3069713,-0.306793604,-0.37467894,-0.25891456,5
BRD-K10176267,L-701252,4,-0.306960595,-0.30618815,-0.32002968,-0.29080173,4
BRD-K01976263,emetine,26,-0.30689270999999996,-0.3086926488461538,-0.42708647,-0.19920862,26
BRD-K91290917,amodiaquine,4,-0.30682318,-0.3057439575,-0.38875157,-0.2205779,4
BRD-K30570479,VU-0400195-3,6,-0.306789175,-0.2938882716666667,-0.356609,-0.20334263,6
BRD-K21733600,rofecoxib,9,-0.30668885,-0.3003039244444444,-0.39062786,-0.18417889,9
BRD-K94512704,spiramide,5,-0.30665377,-0.29862701999999997,-0.36750653,-0.23061165,5
BRD-K77793136,hydroxyfasudil,5,-0.30664277,-0.28603363000000004,-0.34217578,-0.21910036,5
BRD-K78294846,osthol,5,-0.30663264,-0.296176592,-0.3462138,-0.24501744,5
BRD-A43671941,oxprenolol,5,-0.3066023,-0.284280886,-0.373722,-0.20002133,5
BRD-A89672324,CGP-55845,4,-0.30657809999999996,-0.32713609,-0.43093204,-0.26445612,4
BRD-K60218670,BRD-K60218670,5,-0.30654,-0.284793648,-0.3537972,-0.21920773,5
BRD-A95696066,nisoxetine,4,-0.30653513,-0.29801366749999997,-0.32010436,-0.25888005,4
BRD-K64451768,GANT-58,6,-0.306436375,-0.29400332999999995,-0.3651905,-0.21802685,6
BRD-K60298136,ITE,3,-0.30641556,-0.26540795,-0.31620383,-0.17360446,3
BRD-K83063356,RS-102895,7,-0.3063513,-0.2848687857142857,-0.35425508,-0.18068615,7
BRD-K87426499,BRD-K87426499,10,-0.30627287000000003,-0.316476693,-0.43755382,-0.2382278,10
BRD-K08640512,RS-100329,3,-0.30616876,-0.2987106766666667,-0.336657,-0.25330627,3
BRD-K76775527,nimesulide,5,-0.30615404,-0.31855642800000006,-0.41433185,-0.27700675,5
BRD-A94624445,bucladesine,2,-0.30611636,-0.30611636,-0.3434077,-0.26882502,2
BRD-K53061490,ozagrel,11,-0.30610514,-0.2877620727272727,-0.35020918,-0.1855151,11
BRD-K92138166,mammea-a,3,-0.30605838,-0.29137972333333334,-0.33707762,-0.23100317,3
BRD-K47869605,podophyllotoxin,2,-0.30605443,-0.30605443,-0.3506172,-0.26149166,2
BRD-K79353516,indolophenanthridine,4,-0.306047615,-0.2896584325,-0.34631413,-0.20022437,4
BRD-A47065382,huperzine-a,3,-0.3060007,-0.33613810666666666,-0.43118352,-0.2712301,3
BRD-K55420858,mirin,6,-0.30587675999999997,-0.323261925,-0.3747248,-0.28184655,6
BRD-K05395900,nicotine,10,-0.305806175,-0.306730924,-0.38797247,-0.22934723,10
BRD-A08709697,heliotrine,2,-0.30574228999999997,-0.30574228999999997,-0.31372082,-0.29776376,2
BRD-K59456551,methotrexate,3,-0.30566466,-0.301392,-0.3642655,-0.23424584,3
BRD-A82096673,KU-C103428N,5,-0.30563346,-0.31210444600000004,-0.40520185,-0.22537981,5
BRD-K63195589,tipifarnib,6,-0.305526285,-0.29185729833333335,-0.3404695,-0.22665292,6
BRD-A80213327,NSC-23766,5,-0.30548787,-0.287939092,-0.3109376,-0.25679517,5
BRD-K38055836,etamivan,12,-0.30535409999999996,-0.2972556775,-0.3943897,-0.20749462,12
BRD-K94353609,fluocinolone,6,-0.30527404,-0.29743692,-0.33274907,-0.22214217,6
BRD-K05151076,ZK-164015,3,-0.30526608,-0.30966194333333336,-0.35291815,-0.2708016,3
BRD-K67439147,SIB-1893,7,-0.30522752,-0.30655296428571427,-0.37278175,-0.20888723,7
BRD-A24891640,nimodipine,3,-0.3052026,-0.31428453333333334,-0.3349735,-0.3026775,3
BRD-K21520694,sulfacetamide,5,-0.30518454,-0.313651618,-0.38770235,-0.23104852,5
BRD-K28761384,zuclopenthixol,5,-0.3051826,-0.287694936,-0.34085828,-0.19083393,5
BRD-K75430629,BRD-K75430629,3,-0.3051501,-0.30906301999999997,-0.3262133,-0.29582566,3
BRD-K22429181,retinol,9,-0.30511993,-0.30271936222222223,-0.355093,-0.23358855,9
BRD-K53561341,aurora-a-inhibitor-i,8,-0.305118935,-0.30181444875,-0.34707505,-0.24206524,8
BRD-A44133049,azasetron,6,-0.305114955,-0.31234465166666664,-0.41139257,-0.23737043,6
BRD-K05104363,PD-184352,16,-0.30501812500000003,-0.296456530625,-0.38826856,-0.17258239,16
BRD-K31471398,dihydrexidine,3,-0.30500555,-0.3083849166666667,-0.32055998,-0.29958922,3
BRD-A55913614,primaquine,1,-0.30500257,-0.30500257,-0.30500257,-0.30500257,1
BRD-K44084986,Y-27632,3,-0.30493522,-0.27922573666666667,-0.31887814,-0.21386385,3
BRD-K78883024,BRD-K78883024,4,-0.3048934,-0.2942184725,-0.33160806,-0.23547903,4
BRD-K03384561,roquinimex,4,-0.304818545,-0.31150369499999997,-0.36666983,-0.26970786,4
BRD-K86873305,piperacillin,5,-0.30469468,-0.299209386,-0.34670377,-0.2380175,5
BRD-K82823076,Ro-15-4513,7,-0.3045994,-0.29359096,-0.3735673,-0.20172548,7
BRD-K93645900,tadalafil,9,-0.30457222,-0.30955993555555555,-0.3943315,-0.20187667,9
BRD-K06208435,YS-035,1,-0.3045722,-0.3045722,-0.3045722,-0.3045722,1
BRD-A97701745,pindolol,7,-0.3045508,-0.31235299285714285,-0.3884839,-0.2584343,7
BRD-K11742128,triprolidine,7,-0.30449182,-0.2904392414285714,-0.36861408,-0.19801417,7
BRD-K15318909,PRIMA1,9,-0.30446213,-0.2977633311111111,-0.3644709,-0.22497562,9
BRD-K22385716,LY-303511,6,-0.30446085,-0.2990087283333333,-0.3557765,-0.21656173,6
BRD-K78633253,EXO-1,9,-0.3044464,-0.29349525,-0.3855795,-0.1604505,9
BRD-U44700465,HG-5-88-01,5,-0.30442744,-0.312925362,-0.3908699,-0.23124397,5
BRD-K98521173,desoxycortone,10,-0.30435495,-0.293054076,-0.40930653,-0.1976887,10
BRD-K57033106,tripelennamine,11,-0.30425507,-0.2974722872727273,-0.3803391,-0.22953406,11
BRD-K10467831,tibolone,2,-0.30413754000000004,-0.30413754000000004,-0.35735133,-0.25092375,2
BRD-K67860401,AR-A014418,4,-0.30409269,-0.30158453,-0.34823018,-0.24992256,4
BRD-K16551401,PNU-22394,7,-0.30405843,-0.29302706285714286,-0.40814433,-0.18363096,7
BRD-K73589401,corticosterone,4,-0.30390397999999996,-0.288588205,-0.3220456,-0.22449926,4
BRD-A56987319,SQ-22536,6,-0.30386418000000004,-0.29138021,-0.32152587,-0.23060623,6
BRD-A42346008,metanephrine,7,-0.30381864,-0.2980671242857143,-0.32213718,-0.25963706,7
BRD-K97158071,droperidol,5,-0.30373728,-0.309117938,-0.3387089,-0.28271127,5
BRD-K05528470,L-745870,2,-0.30373086000000005,-0.30373086000000005,-0.36247367,-0.24498805,2
BRD-K32744045,disulfiram,4,-0.303706865,-0.305175055,-0.38915044,-0.22413605,4
BRD-K12994359,valdecoxib,7,-0.30363834,-0.29331487857142857,-0.33097106,-0.24148205,7
BRD-K56115039,BU-226,2,-0.30356566500000004,-0.30356566500000004,-0.3880775,-0.21905383,2
BRD-K94920105,DR-2313,26,-0.30356387500000004,-0.3054752234615385,-0.3934546,-0.22947791,26
BRD-K63089472,farnesylthioacetic-acid,6,-0.30352893999999997,-0.30034139666666665,-0.35289115,-0.22211678,6
BRD-A16444946,acarbose,7,-0.3034589,-0.3012433657142857,-0.32792976,-0.25618058,7
BRD-K25741894,skimmianine,3,-0.30339068,-0.34046261666666666,-0.43026897,-0.2877282,3
BRD-K85266041,DNQX,5,-0.30338502,-0.31538607399999996,-0.40736824,-0.22203746,5
BRD-K15502390,nevirapine,8,-0.30335141499999996,-0.30613421875,-0.38071215,-0.26569343,8
BRD-A48237631,mitomycin-c,5,-0.30330497,-0.294211564,-0.37500477,-0.22557226,5
BRD-K75478907,GS-39783,8,-0.30328009,-0.29308162875,-0.37708282,-0.1925465,8
BRD-K88677950,PD-198306,7,-0.30325997,-0.3224709057142857,-0.3926614,-0.23985723,7
BRD-K93023739,IKK-inhibitor-X,5,-0.3032581,-0.289331176,-0.37526745,-0.20900647,5
BRD-K50720187,flupirtine,6,-0.303193435,-0.31015783,-0.40348566,-0.23028886,6
BRD-A59215453,lobelanidine,4,-0.30317362999999997,-0.2984207275,-0.31057018,-0.27676547,4
BRD-K50018155,RS-67506,7,-0.3031716,-0.27694011,-0.3229565,-0.22268036,7
BRD-K56558538,ambroxol,10,-0.303164815,-0.296938618,-0.38894,-0.21540493,10
BRD-K67831364,ZM-323881,8,-0.30314437,-0.29509222625,-0.36570022,-0.2183105,8
BRD-K83794624,pirarubicin,1,-0.3031284,-0.3031284,-0.3031284,-0.3031284,1
BRD-K26117720,gingerol,4,-0.3031255,-0.2951753125,-0.34615877,-0.22829148,4
BRD-K53857191,risperidone,8,-0.30311316499999996,-0.2789650125,-0.33394736,-0.19221431,8
BRD-K97514127,vinorelbine,4,-0.303077175,-0.287292385,-0.3680206,-0.17499459,4
BRD-K53523901,arctigenin,4,-0.30306114,-0.3128165825,-0.3762483,-0.26889575,4
BRD-K14767410,SC-560,4,-0.303017835,-0.30153779999999997,-0.34004065,-0.26007488,4
BRD-K18905250,ST-91,7,-0.30293217,-0.2881421057142857,-0.36269048,-0.22550273,7
BRD-K52172416,anastrozole,5,-0.30288428,-0.310451096,-0.35966963,-0.28251582,5
BRD-K66206289,lobeline,5,-0.30287504,-0.29212562200000003,-0.37891972,-0.21594127,5
BRD-K43330982,JTE-013,6,-0.302851525,-0.28622286,-0.35183698,-0.20069763,6
BRD-A36074203,remacemide,5,-0.30280787,-0.280893574,-0.31546107,-0.217051,5
BRD-K05804044,AZ-628,8,-0.30280526,-0.31423438125,-0.40566164,-0.20818384,8
BRD-A66927094,nemonapride,1,-0.3027829,-0.3027829,-0.3027829,-0.3027829,1
BRD-K93332168,isocarboxazid,4,-0.302756715,-0.3045209775,-0.3878769,-0.22469358,4
BRD-K97440753,dihydroergocristine,6,-0.302753735,-0.3363359666666667,-0.47641116,-0.26581272,6
BRD-K48115423,2-(4-methoxybenzylthio)-6-methylpyrimidin-4-ol,6,-0.30270717999999996,-0.28602067000000003,-0.3571627,-0.16057615,6
BRD-K89595132,chlorphenamine,4,-0.30270146,-0.2797511075,-0.35756242,-0.15603909,4
BRD-K47328134,lysylphenylalanyl-tyrosine,5,-0.30262128,-0.29666982000000003,-0.3568759,-0.23841548,5
BRD-K63954456,BRD-K63954456,3,-0.30262107,-0.2824043766666667,-0.32847506,-0.216117,3
BRD-K26674531,GR-235,1,-0.3026093,-0.3026093,-0.3026093,-0.3026093,1
BRD-K68095457,palmitoylethanolamide,3,-0.30260536,-0.31058583333333334,-0.33903348,-0.29011866,3
BRD-K01253243,SB-590885,4,-0.302604675,-0.296855815,-0.38678157,-0.19543234,4
BRD-A91008255,bepridil,3,-0.30260336,-0.3146678133333333,-0.3608077,-0.28059238,3
BRD-K22096725,ALW-II-49-7,8,-0.302600035,-0.28820951625,-0.35114324,-0.20521438,8
BRD-K89626439,sirolimus,4,-0.302582205,-0.2722154,-0.32915968,-0.15453751,4
BRD-K71534238,GW-9508,3,-0.3025422,-0.2900570533333333,-0.30877206,-0.2588569,3
BRD-A79314293,cephalosporanic-acid,2,-0.30234344,-0.30234344,-0.33463168,-0.2700552,2
BRD-A97454584,nadolol,5,-0.3023403,-0.283476074,-0.36029422,-0.17988588,5
BRD-K20197062,SA-94315,2,-0.30228074,-0.30228074,-0.33558074,-0.26898074,2
BRD-K73999723,telmisartan,7,-0.30225572,-0.30903475999999996,-0.36304894,-0.26939234,7
BRD-K70301876,escitalopram,13,-0.3022316,-0.3098365284615384,-0.367756,-0.22802997,13
BRD-K34034388,GBR-12783,4,-0.30223011,-0.2825789375,-0.30598104,-0.21987449,4
BRD-K20313525,rosmarinic-acid,5,-0.30220997,-0.28331111600000003,-0.32595152,-0.20186552,5
BRD-K86003836,flubendazole,4,-0.30208902000000004,-0.30460912,-0.3286525,-0.28560594,4
BRD-K45252063,clofibrate,13,-0.30207747,-0.2978493369230769,-0.39242536,-0.22331655,13
BRD-K64610608,EMF-BCA1-57,12,-0.30201706500000003,-0.30130614666666666,-0.39242083,-0.22342083,12
BRD-A04352665,maraviroc,7,-0.30197,-0.29191328285714285,-0.42606106,-0.21026711,7
BRD-K72420232,WZ-4002,9,-0.3019666,-0.2980944888888889,-0.40892935,-0.23268345,9
BRD-A11007541,BCI-hydrochloride,2,-0.30196444,-0.30196444,-0.31974918,-0.2841797,2
BRD-K00206590,P-1075,7,-0.30194297,-0.29273854000000005,-0.3499198,-0.23204327,7
BRD-A91699651,chloroquine,35,-0.30188513,-0.29627876257142854,-0.41887093,-0.16766134,35
BRD-K05977355,fluconazole,9,-0.30186018,-0.2889912377777778,-0.37240973,-0.2130282,9
BRD-K19525698,ozagrel,10,-0.30180724000000003,-0.30100524,-0.37670916,-0.2405569,10
BRD-A44008656,doxylamine,12,-0.30175673000000003,-0.28610256,-0.35925514,-0.17703933,12
BRD-K30020243,aliskiren,4,-0.30170442,-0.299188765,-0.3441267,-0.24921952,4
BRD-K37846922,"3,3'-diindolylmethane",8,-0.30168724999999996,-0.29839514625,-0.38203174,-0.22972429,8
BRD-K01779529,fluoropyruvate,29,-0.30165687,-0.3035188527586207,-0.41911525,-0.21782348,29
BRD-K01663662,diphenidol,8,-0.30165279,-0.29730682625,-0.33421314,-0.26124173,8
BRD-K83322645,L-693403,9,-0.3016244,-0.28044971333333335,-0.3867817,-0.17660433,9
BRD-K96134740,kitasamycin,5,-0.30161577,-0.31059195,-0.35428762,-0.2647088,5
BRD-K13544237,r(-)-propylnorapomorphine,1,-0.3015897,-0.3015897,-0.3015897,-0.3015897,1
BRD-K12502280,TG-101348,7,-0.30158803,-0.2798200671428571,-0.32001057,-0.2141371,7
BRD-K32412559,morphothebaine,7,-0.301571,-0.29570091,-0.35411766,-0.22994684,7
BRD-K02715688,"hydrastine-(1r,-9s)",6,-0.30148747,-0.2772557566666667,-0.3307762,-0.17020209,6
BRD-K51290057,SA-792709,1,-0.30144298,-0.30144298,-0.30144298,-0.30144298,1
BRD-A02710418,meptazinol,9,-0.30134928,-0.3074790633333333,-0.40204895,-0.24980898,9
BRD-A67605442,tetrahydrobiopterin,4,-0.30130831999999996,-0.30268891,-0.3576748,-0.2504642,4
BRD-K97764662,PD-173074,29,-0.30123165,-0.2983999562068966,-0.43989602,-0.2135907,29
BRD-K56700933,phenethyl-isothiocyanate,4,-0.30120707999999996,-0.303166365,-0.3563831,-0.2538682,4
BRD-K23335153,AMN-082,5,-0.30120283,-0.31273136,-0.38151866,-0.27967006,5
BRD-K10870738,CDC,2,-0.30119679499999996,-0.30119679499999996,-0.36237144,-0.24002215,2
BRD-K55127134,fluphenazine,16,-0.30118437,-0.29319175125,-0.33770192,-0.20833269,16
BRD-K37561857,zardaverine,9,-0.30099592,-0.3012226066666666,-0.3687296,-0.21097681,9
BRD-K28912512,nicotinamide,2,-0.300993875,-0.300993875,-0.40069598,-0.20129177,2
BRD-K32710582,EI-247,4,-0.30099317999999997,-0.30327145,-0.37932283,-0.23177661,4
BRD-K48969316,BRD-K48969316,3,-0.30097672,-0.27713446,-0.31526172,-0.21516494,3
BRD-K32311154,nifekalant,5,-0.30092058,-0.284614928,-0.33677644,-0.22904062,5
BRD-K25906698,immepip,4,-0.300908895,-0.2933420875,-0.30576056,-0.26579,4
BRD-A74904029,EI-231,3,-0.30085313,-0.28526287333333333,-0.34709102,-0.20784447,3
BRD-A34706053,CGP-12177,5,-0.30062038,-0.31873924800000003,-0.41946098,-0.24964961,5
BRD-K87696786,LY-456236,6,-0.300606435,-0.28732172333333333,-0.3184104,-0.22356075,6
BRD-A02713983,dihydrodeoxygedunin,3,-0.30055317,-0.34095237333333334,-0.44856265,-0.2737413,3
BRD-A33833419,TER-14687,6,-0.30045506,-0.28785261,-0.31152296,-0.2136778,6
BRD-K23583188,lavendustin-a,3,-0.3004066,-0.2796279166666667,-0.33654624,-0.20193091,3
BRD-K52850071,WHI-P154,2,-0.30026372,-0.30026372,-0.33681834,-0.2637091,2
BRD-A65739223,ramipril,8,-0.30025437499999996,-0.2989600025,-0.3798313,-0.2359753,8
BRD-A99449986,MT-21,3,-0.3002326,-0.31511946,-0.36407208,-0.2810537,3
BRD-A61858259,CAY-10415,6,-0.300229625,-0.306027655,-0.34244412,-0.27249002,6
BRD-A08187463,racecadotril,9,-0.3001341,-0.29695602666666665,-0.3962954,-0.20928594,9
BRD-K46419649,U0126,5,-0.30001622,-0.32454228,-0.39337957,-0.27019203,5
BRD-A41519720,ezetimibe,2,-0.29996197999999996,-0.29996197999999996,-0.32528776,-0.2746362,2
BRD-K74195153,irsogladine,13,-0.29994956,-0.28266030076923077,-0.36338735,-0.20292708,13
BRD-K36198571,WAY-170523,2,-0.29994931,-0.29994931,-0.38651073,-0.21338789,2
BRD-K54529596,captopril,8,-0.29988057,-0.29341828,-0.4012281,-0.18922743,8
BRD-A46179541,doxapram,6,-0.299871285,-0.2877855933333333,-0.32961118,-0.19907182,6
BRD-K35941380,methysergide,10,-0.29985858,-0.28636768199999996,-0.42305082,-0.17241125,10
BRD-K30197592,5-methoxytryptamine,4,-0.29969818,-0.295098515,-0.31358984,-0.26740786,4
BRD-K46384212,O-3M3FBS,5,-0.29963526,-0.292789372,-0.35217446,-0.22871348,5
BRD-A50311610,meclizine,9,-0.29962164,-0.2955973311111111,-0.3665167,-0.22589797,9
BRD-K70241288,L-692585,6,-0.29961677,-0.2905314683333333,-0.35398528,-0.21325186,6
BRD-A32917072,BRD-A32917072,2,-0.299489365,-0.299489365,-0.36633694,-0.23264179,2
BRD-K54095730,CMPD-1,1,-0.299488,-0.299488,-0.299488,-0.299488,1
BRD-A16311756,profenamine,5,-0.29945803,-0.29195055999999997,-0.36110622,-0.183907,5
BRD-K62374253,rufloxacin,2,-0.29943588,-0.29943588,-0.32983094,-0.26904082,2
BRD-K54416256,methimazole,7,-0.29935855,-0.30445294142857143,-0.385647,-0.22079271,7
BRD-K35531059,molsidomine,4,-0.299346,-0.2969566675,-0.3597778,-0.22935687,4
BRD-A09094913,strychnine,5,-0.2993226,-0.282372278,-0.32142663,-0.1973089,5
BRD-A50764878,MDL-73005EF,7,-0.2993101,-0.2853779857142857,-0.34492335,-0.21382718,7
BRD-A33084410,5'-guanidinonaltrindole,3,-0.29927486,-0.29602148,-0.36282596,-0.22596362,3
BRD-K06902185,minoxidil,5,-0.29915428,-0.290368176,-0.35784936,-0.21182323,5
BRD-K91696562,orantinib,6,-0.29910813,-0.299852595,-0.3736615,-0.23343992,6
BRD-K23913458,coumarin,10,-0.29905103,-0.29358595099999996,-0.39176336,-0.17276774,10
BRD-A78295502,hydroquinine,3,-0.2990334,-0.29090044666666665,-0.3425498,-0.23111814,3
BRD-A15070535,bucladesine,4,-0.298982635,-0.3126257,-0.39663768,-0.25589985,4
BRD-A50454580,PD-0325901,7,-0.29895806,-0.3068595885714286,-0.3853748,-0.22522107,7
BRD-K76964878,EX-527,7,-0.29894668,-0.2911935085714286,-0.351641,-0.2360715,7
BRD-K57569181,pentoxifylline,10,-0.29890749,-0.288257005,-0.3619815,-0.21165335,10
BRD-K18574842,nafcillin,10,-0.29879712,-0.290413812,-0.36512178,-0.2287992,10
BRD-K88304388,dextrorphan,2,-0.29878228500000004,-0.29878228500000004,-0.3064894,-0.29107517,2
BRD-A69927616,isradipine,2,-0.298761585,-0.298761585,-0.41072828,-0.18679489,2
BRD-A17448384,beclometasone,8,-0.29874016000000003,-0.2937937525,-0.3593504,-0.24104562,8
BRD-A04668240,CGP-52432,7,-0.29866093,-0.3097126485714286,-0.35214052,-0.27357668,7
BRD-A70083328,secnidazole,8,-0.29856347,-0.28355598125000003,-0.33958954,-0.20916407,8
BRD-K04170657,psoromic-acid,4,-0.29853131,-0.30249615,-0.39793935,-0.21498263,4
BRD-A41450521,tosufloxacin,3,-0.29849082,-0.2896266966666667,-0.30890334,-0.26148593,3
BRD-K24994810,androstenol,5,-0.29848254,-0.296985694,-0.32396746,-0.27226803,5
BRD-A34907681,rutin,4,-0.29847158500000004,-0.2923298925,-0.3767156,-0.1956608,4
BRD-K67680372,CI-966,4,-0.298449525,-0.2953796725,-0.34998122,-0.23463842,4
BRD-A61793559,metolazone,10,-0.29843463000000003,-0.296856849,-0.38308415,-0.17015854,10
BRD-K33453211,levocabastine,8,-0.29839666499999995,-0.29053441,-0.36493218,-0.22256026,8
BRD-K15262564,mupirocin,6,-0.29839174,-0.30196298833333335,-0.340311,-0.26799566,6
BRD-A15010982,HU-211,5,-0.29833823,-0.297108818,-0.31881717,-0.2562039,5
BRD-K67637637,olopatadine,2,-0.29833529000000003,-0.29833529000000003,-0.3663862,-0.23028438,2
BRD-K60038276,irbesartan,10,-0.298226895,-0.29769191,-0.39401188,-0.23611134,10
BRD-K13819402,desoxypeganine,8,-0.298183925,-0.29584590625,-0.34903455,-0.25585887,8
BRD-K47335880,GMX-1778,3,-0.2981806,-0.3033274666666667,-0.35593718,-0.25586462,3
BRD-K13390322,AT-7519,2,-0.298164395,-0.298164395,-0.32475245,-0.27157634,2
BRD-K40255344,tyrphostin-A9,3,-0.29812717,-0.28930568333333334,-0.31617182,-0.25361806,3
BRD-K87024524,phenelzine,8,-0.29809162,-0.29873592,-0.36435306,-0.24521285,8
BRD-K53855319,SRT-1720,2,-0.298080995,-0.298080995,-0.36114943,-0.23501256,2
BRD-A29260609,acebutolol,4,-0.298069445,-0.3013787875,-0.33064246,-0.2787338,4
BRD-K71726959,BRD-K71726959,11,-0.29802173,-0.2992220890909091,-0.3648916,-0.24186713,11
BRD-K76211160,BRD-K76211160,2,-0.29791405000000004,-0.29791405000000004,-0.3418818,-0.2539463,2
BRD-K06792661,narciclasine,19,-0.2978925,-0.3018710752631579,-0.38819334,-0.22623694,19
BRD-A45543382,metrizamide,5,-0.29787558,-0.281561044,-0.3559806,-0.20937712,5
BRD-K34330170,rotenonic-acid,5,-0.297821,-0.299598696,-0.33613676,-0.27114427,5
BRD-K89708791,rifaximin,8,-0.29779329,-0.30484454,-0.37613776,-0.23430662,8
BRD-A92826379,lupanine,8,-0.29778141,-0.29431559875,-0.33877045,-0.2412658,8
BRD-K45479396,BP-554,2,-0.29777439,-0.29777439,-0.30086258,-0.2946862,2
BRD-K69195780,NAN-190,2,-0.29774064,-0.29774064,-0.31975824,-0.27572304,2
BRD-K92446736,zatebradine,5,-0.29773283,-0.2640952,-0.30661923,-0.20578873,5
BRD-K78959463,FPL-64176,13,-0.29772633,-0.31233122076923076,-0.46365154,-0.18366855,13
BRD-A19374631,vinpocetine,3,-0.2976753,-0.29310958666666664,-0.37668252,-0.20497094,3
BRD-K63550407,erythromycin,6,-0.29765846,-0.27996053833333334,-0.3070654,-0.22748245,6
BRD-K36007650,puromycin,3,-0.2976325,-0.3106628866666667,-0.36704966,-0.2673065,3
BRD-K13566078,BMS-345541,3,-0.2976122,-0.2825057933333333,-0.31777593,-0.23212925,3
BRD-K28667196,fillalbin,6,-0.297512595,-0.27933882666666665,-0.3074735,-0.21743417,6
BRD-K85603128,resorcinol,9,-0.29750982,-0.29824416111111113,-0.41089964,-0.20419055,9
BRD-K91243525,SR-142948,6,-0.297423345,-0.3026271333333333,-0.3633221,-0.24679631,6
BRD-K89162000,tandutinib,1,-0.29736847,-0.29736847,-0.29736847,-0.29736847,1
BRD-K16604360,BRD-K16604360,6,-0.297290275,-0.286342685,-0.32463872,-0.21585906,6
BRD-A67862938,naftidrofuryl,7,-0.29728758,-0.30996330285714285,-0.39502722,-0.26387855,7
BRD-K09255212,clioquinol,7,-0.29727322,-0.2899845728571429,-0.34602973,-0.24248385,7
BRD-K16618170,BRD-K16618170,6,-0.297251675,-0.28831725,-0.32338238,-0.236049,6
BRD-K86301799,dipyridamole,12,-0.29723599,-0.28248239999999997,-0.3885187,-0.16063304,12
BRD-K31342827,bisindolylmaleimide,7,-0.2972134,-0.27323587857142856,-0.3195833,-0.21614215,7
BRD-K08287586,butyl-paraben,6,-0.29711584999999996,-0.31214608833333335,-0.43094754,-0.22854567,6
BRD-K27305650,LY-294002,20,-0.29708488,-0.294184769,-0.36672038,-0.20583755,20
BRD-A16478930,amcinonide,3,-0.29705644,-0.2977733933333333,-0.37167022,-0.22459352,3
BRD-K92428153,mycophenolate-mofetil,5,-0.29703328,-0.297729384,-0.4090483,-0.19349943,5
BRD-K88429204,pyrimethamine,11,-0.29695687,-0.30817880454545454,-0.44192165,-0.2293427,11
BRD-K31611373,fluprostenol,5,-0.29685158,-0.287080258,-0.30303103,-0.25293916,5
BRD-A36267905,buphenine,8,-0.29678597500000004,-0.310863265,-0.4290315,-0.24891877,8
BRD-K49404994,levetiracetam,4,-0.296750005,-0.30076011999999996,-0.36604387,-0.2434966,4
BRD-K75699339,rizatriptan,11,-0.2967074,-0.2963494336363637,-0.35888183,-0.23652017,11
BRD-A79803969,memantine,6,-0.29669729,-0.2783076816666667,-0.3578061,-0.19657138,6
BRD-K50388907,fenofibrate,6,-0.29669407000000003,-0.29516487333333336,-0.35777253,-0.21808717,6
BRD-K78373679,Ro-3306,4,-0.29669177,-0.28297975,-0.34983623,-0.18869923,4
BRD-A70461345,naloxone,5,-0.2966824,-0.295056728,-0.3700845,-0.19607571,5
BRD-K50859149,sulfafurazole,10,-0.296658085,-0.300732999,-0.38011992,-0.2297805,10
BRD-A75455249,kavain,7,-0.29661673,-0.27467326285714283,-0.32405347,-0.1984852,7
BRD-K99447003,enalaprilat,8,-0.29659754,-0.30060822625,-0.3834804,-0.23128214,8
BRD-K23623876,decafluorobutane,5,-0.29659045,-0.276885112,-0.3418261,-0.19326155,5
BRD-K57545991,enalapril,9,-0.29657468,-0.28868964,-0.35949168,-0.21328104,9
BRD-A65280694,molindone,10,-0.296571715,-0.280310622,-0.35277385,-0.16670698,10
BRD-A62184259,cycloheximide,9,-0.29650724,-0.3075140433333334,-0.42732805,-0.22758421,9
BRD-K86509404,iso-olomoucine,4,-0.29646258000000003,-0.2931310075,-0.37656087,-0.203038,4
BRD-A41995253,brucine,8,-0.29643756,-0.2975200725,-0.34967086,-0.21813942,8
BRD-K62982419,cilomilast,5,-0.29641342,-0.29094096399999997,-0.329149,-0.24454272,5
BRD-K49519092,immethridine,13,-0.29640782,-0.29872657384615386,-0.36742038,-0.24971949,13
BRD-K81473089,tacrine,7,-0.2964024,-0.2850140942857143,-0.34878194,-0.17021874,7
BRD-K26863634,BIX-01338,4,-0.29637477,-0.29306137,-0.3300678,-0.24942814,4
BRD-A05352148,ipratropium,8,-0.296289355,-0.27776554875000004,-0.31862172,-0.20575586,8
BRD-K34092021,arvanil,3,-0.2962787,-0.29662218,-0.32947,-0.26411784,3
BRD-K41260949,valproic-acid,19,-0.29625726,-0.29535761315789477,-0.36939478,-0.21770796,19
BRD-K93441486,diphemanil,5,-0.29616815,-0.282436352,-0.3255375,-0.2149252,5
BRD-K54316499,tolterodine,3,-0.29610914,-0.2925802066666667,-0.29619578,-0.2854357,3
BRD-K13725475,rhodomyrtoxin,8,-0.29610225,-0.29346051875,-0.35414284,-0.25752223,8
BRD-K24576554,AT-9283,17,-0.29609686,-0.2961415605882353,-0.42764202,-0.23244828,17
BRD-K23478508,digoxin,2,-0.296058015,-0.296058015,-0.3159976,-0.27611843,2
BRD-K91900765,VX-745,12,-0.29604432,-0.290642925,-0.33436984,-0.24854279,12
BRD-K61217870,N-(3-acetamidophenyl)-3-chlorobenzamide,14,-0.29603825500000003,-0.29147577357142856,-0.3808543,-0.17527774,14
BRD-K82731415,olomoucine,8,-0.29600075000000003,-0.2883549675,-0.33801395,-0.21239492,8
BRD-K32107296,temozolomide,12,-0.295948955,-0.2852013033333333,-0.35439897,-0.21198992,12
BRD-A20527803,IB-MECA,4,-0.295924305,-0.2926646025,-0.36201027,-0.21679953,4
BRD-A41304429,practolol,8,-0.295906545,-0.31328192125,-0.41209298,-0.26296288,8
BRD-A17411484,carprofen,8,-0.295897855,-0.30586818875,-0.44174638,-0.18981126,8
BRD-K89375097,pirenzepine,5,-0.29587793,-0.316285252,-0.38492686,-0.27580833,5
BRD-K94176593,TWS-119,6,-0.29587235,-0.295764955,-0.33916557,-0.25185785,6
BRD-K58938839,cyclopamine,4,-0.29585804,-0.28713157,-0.32791156,-0.22889864,4
BRD-A10715913,sulpiride,4,-0.295844335,-0.28715167,-0.3141232,-0.24279481,4
BRD-M64432851,sunitinib,7,-0.29582292,-0.2907492,-0.32089356,-0.2607884,7
BRD-A83081521,finasteride,6,-0.2957048,-0.29090357666666666,-0.3493525,-0.23322478,6
BRD-A24429032,BE-2254,6,-0.29560749,-0.28186878,-0.32675603,-0.21165194,6
BRD-K29668683,BD-1063,4,-0.295569735,-0.28964487,-0.35691816,-0.21052185,4
BRD-K33211335,dextromethorphan,13,-0.29553014,-0.2889954830769231,-0.36668143,-0.22254458,13
BRD-K84663978,trequinsin,17,-0.29552913,-0.2880065805882353,-0.35836163,-0.2088398,17
BRD-K59222562,BRD-K59222562,7,-0.29550764,-0.30257603571428576,-0.339217,-0.25261348,7
BRD-K34441861,moexipril,7,-0.29544196,-0.28859375857142855,-0.36212814,-0.20789996,7
BRD-K52735702,cefdinir,4,-0.295436735,-0.2770929575,-0.3156374,-0.20186096,4
BRD-K80396088,gliquidone,9,-0.29542273,-0.2800653477777778,-0.33305705,-0.19324648,9
BRD-A34299591,budesonide,4,-0.29537108,-0.30094513,-0.33547422,-0.27756414,4
BRD-A78942461,ICI-118551,2,-0.29531388999999997,-0.29531388999999997,-0.310198,-0.28042978,2
BRD-M41783010,acamprosate,3,-0.29529512,-0.31683296,-0.37530142,-0.27990234,3
BRD-K00662280,CL-218872,6,-0.295259135,-0.294537835,-0.38256818,-0.20174757,6
BRD-K06014311,DH-97,2,-0.29524514,-0.29524514,-0.3083927,-0.28209758,2
BRD-A17428743,BW-723C86,5,-0.29520515,-0.284797224,-0.33409008,-0.24209222,5
BRD-K36927236,glibenclamide,14,-0.29515026,-0.2929407064285714,-0.3710797,-0.19354203,14
BRD-K50387473,XMD-892,6,-0.29510747000000004,-0.3094694666666667,-0.36417365,-0.26902723,6
BRD-K77625572,etomoxir,7,-0.2950875,-0.2836936271428571,-0.3336243,-0.21849494,7
BRD-K99621550,tubocurarine,6,-0.295017135,-0.303326905,-0.40252596,-0.24029532,6
BRD-A09925278,etilefrine,4,-0.29497631999999996,-0.3033954175,-0.35809723,-0.2655318,4
BRD-K89125793,tinidazole,4,-0.294923685,-0.2969398425,-0.3077515,-0.2901605,4
BRD-A98725278,methysergide,7,-0.29489857,-0.28682366,-0.35349095,-0.2178959,7
BRD-A07395371,esmolol,7,-0.29486942,-0.2700879528571428,-0.35630554,-0.17192096,7
BRD-K12102668,nialamide,5,-0.2948376,-0.293219852,-0.32500076,-0.24647737,5
BRD-A96882008,L-732138,2,-0.29482809499999996,-0.29482809499999996,-0.35277325,-0.23688294,2
BRD-A92585442,RU-28318,6,-0.29479821,-0.2791164683333333,-0.3256697,-0.20391272,6
BRD-K59184148,SB-216763,10,-0.294773985,-0.280355467,-0.3433709,-0.19794872,10
BRD-K09436313,prostaglandin,6,-0.29469964,-0.2775893,-0.33953553,-0.17870474,6
BRD-A36010170,amcinonide,12,-0.29459270000000004,-0.2958423466666667,-0.3557632,-0.22520086,12
BRD-K93725829,ERK-inhibitor-11E,8,-0.294575795,-0.2937452575,-0.37112802,-0.2178537,8
BRD-A49765801,fludroxycortide,3,-0.29456934,-0.29144298,-0.29710937,-0.28265023,3
BRD-K14765469,vesamicol,6,-0.294564015,-0.29955544166666664,-0.3365151,-0.26603496,6
BRD-K93176058,AC-55649,7,-0.2945249,-0.27455833571428573,-0.30495507,-0.20261118,7
BRD-K60511616,pravastatin,10,-0.29448366000000004,-0.298157206,-0.39657667,-0.21600598,10
BRD-A39052811,mosapride,4,-0.294470605,-0.293295025,-0.30587232,-0.27836657,4
BRD-K15601958,SEW-2871,4,-0.29444233,-0.301294,-0.36954492,-0.24674642,4
BRD-A01317026,"7,8-dihydro-L-biopterin",4,-0.29434772499999995,-0.2848294575,-0.29912728,-0.2514951,4
BRD-K27665173,D-64406,5,-0.2943442,-0.28946172,-0.36324978,-0.19543566,5
BRD-A03216249,mepivacaine,6,-0.29426451,-0.2935149633333333,-0.38130292,-0.19542202,6
BRD-K71289571,zafirlukast,9,-0.29421872,-0.2894820088888889,-0.36197427,-0.19832611,9
BRD-K84639753,safinamide,6,-0.294217185,-0.30784447666666664,-0.42293173,-0.24689503,6
BRD-A56592690,PX-12,1,-0.29417717,-0.29417717,-0.29417717,-0.29417717,1
BRD-K40213712,SAL-1,6,-0.29403689,-0.2827029016666667,-0.33193633,-0.23176548,6
BRD-K43887077,dopamine,8,-0.293977425,-0.2954574325,-0.39083117,-0.19624262,8
BRD-A84493640,atovaquone,5,-0.29395872,-0.30281499,-0.37245053,-0.26484013,5
BRD-K51941867,LM-1685,5,-0.29390782,-0.286794822,-0.34173548,-0.23865506,5
BRD-K01612348,meropenem,13,-0.29388618,-0.2819442023076923,-0.3478508,-0.17782453,13
BRD-K64755930,etazolate,6,-0.29387122499999996,-0.29922637999999996,-0.3827484,-0.23545891,6
BRD-A07875874,cilnidipine,2,-0.29386499499999996,-0.29386499499999996,-0.30208582,-0.28564417,2
BRD-K88611939,aniracetam,5,-0.2938187,-0.293016224,-0.3250832,-0.26911554,5
BRD-A43331270,niguldipine,2,-0.293789375,-0.293789375,-0.34553525,-0.2420435,2
BRD-A53131506,epitestosterone,4,-0.29374677,-0.285273355,-0.3389494,-0.21465048,4
BRD-K18618618,cimetidine,4,-0.29370402500000004,-0.2941172425,-0.3161353,-0.27292562,4
BRD-K07237224,moclobemide,3,-0.29368484,-0.271654,-0.34457368,-0.17670348,3
BRD-K81225797,SCH-58261,3,-0.2936461,-0.29796113333333335,-0.3383289,-0.2619084,3
BRD-K99107520,felbamate,12,-0.29357663,-0.2971695641666667,-0.40377808,-0.20307773,12
BRD-A84481105,thioridazine,34,-0.29357365,-0.28800321441176474,-0.37910318,-0.19473143,34
BRD-A29734509,disopyramide,8,-0.293555335,-0.2888596225,-0.35115772,-0.22277124,8
BRD-K25310650,ormetoprim,3,-0.2935155,-0.30325824333333334,-0.3663345,-0.24992473,3
BRD-A37347161,BRL-52537,5,-0.29349956,-0.277460438,-0.3076334,-0.2058171,5
BRD-A52282606,lacidipine,4,-0.29348024,-0.28087302000000003,-0.30396855,-0.23256305,4
BRD-A62336480,niguldipine,2,-0.293446915,-0.293446915,-0.3082887,-0.27860513,2
BRD-K74236984,UNC-0321,8,-0.29343572,-0.2978409175,-0.34623313,-0.23128513,8
BRD-A14574269,UB-165,4,-0.29340311500000005,-0.2766303725,-0.32010412,-0.19961114,4
BRD-K01649396,indatraline,5,-0.29339662,-0.274425328,-0.33046162,-0.2209577,5
BRD-K86682249,BRD-K86682249,12,-0.29331697,-0.2833905858333333,-0.36146978,-0.20010799,12
BRD-K01493881,apigenin,8,-0.293275445,-0.292097065,-0.407008,-0.20762676,8
BRD-K45330754,diethylstilbestrol,16,-0.29325724,-0.294308531875,-0.38129842,-0.21323092,16
BRD-A75817871,blebbistatin,7,-0.2932522,-0.27907733285714287,-0.34042013,-0.20454733,7
BRD-K94887716,TFMPP,6,-0.29321617,-0.2858732666666667,-0.35687846,-0.17827384,6
BRD-K74765201,tomelukast,13,-0.29319608,-0.2918615676923077,-0.3754446,-0.19181593,13
BRD-A20968261,WAY-213613,5,-0.29318556,-0.283969608,-0.3272701,-0.21239808,5
BRD-K77171813,proxyfan,8,-0.29316435,-0.30400644625,-0.3769725,-0.24431378,8
BRD-K48923948,BMS-641988,9,-0.2931046,-0.2963910255555555,-0.39592886,-0.22018796,9
BRD-A15931911,bucladesine,1,-0.29305118,-0.29305118,-0.29305118,-0.29305118,1
BRD-A75478957,PD-166793,5,-0.2930272,-0.289899428,-0.35119987,-0.18427148,5
BRD-K21672174,Ro-28-1675,19,-0.2930149,-0.2934100036842105,-0.38734987,-0.23236604,19
BRD-K27499107,carbacyclin,8,-0.29297624499999997,-0.29098876375,-0.3580091,-0.2502442,8
BRD-K31920458,mestranol,11,-0.29295933,-0.29141525727272727,-0.39000297,-0.20514467,11
BRD-K87048468,RS-102221,4,-0.29292114999999996,-0.2859404625,-0.3030641,-0.25485545,4
BRD-A83431637,resmethrin,3,-0.29284894,-0.28563432,-0.3130132,-0.25104082,3
BRD-K94379058,BML-190,5,-0.2928282,-0.293066126,-0.3637548,-0.23040313,5
BRD-K18910433,estradiol,69,-0.29281926,-0.29538504898550727,-0.4147784,-0.18095489,69
BRD-K32696739,noreleagnine,10,-0.29279767,-0.294121582,-0.40445572,-0.19467516,10
BRD-K46652470,nizatidine,5,-0.2927431,-0.27989504800000004,-0.3274566,-0.21100149,5
BRD-K81029756,diltiazem,2,-0.292718425,-0.292718425,-0.30668193,-0.27875492,2
BRD-A27887842,prednisolone,6,-0.292710855,-0.2789224316666667,-0.335171,-0.17943051,6
BRD-K14681867,somatostatin,2,-0.292705075,-0.292705075,-0.37331632,-0.21209383,2
BRD-K41143549,N20C,9,-0.2926915,-0.30346530666666666,-0.3578739,-0.23305666,9
BRD-K03642198,AY-9944,6,-0.29265863999999997,-0.29439374833333337,-0.3587541,-0.23333645,6
BRD-K96862998,pirfenidone,6,-0.292631985,-0.29099918333333336,-0.3396141,-0.23878086,6
BRD-A09056319,alfuzosin,11,-0.29260415,-0.2947212827272727,-0.36156523,-0.22468793,11
BRD-K32405725,etomoxir,5,-0.29259515,-0.30137042599999997,-0.36772183,-0.23761967,5
BRD-K92726801,hydrastinine,6,-0.2925727,-0.2802461216666667,-0.36321414,-0.19502807,6
BRD-K42095107,daidzein,5,-0.29255825,-0.28352503,-0.3834186,-0.20374784,5
BRD-K28849549,mesalazine,3,-0.29254854,-0.27824572,-0.31026,-0.23192862,3
BRD-K04218075,clomifene,18,-0.29253064500000003,-0.28011198944444443,-0.40125307,-0.18013284,18
BRD-K09778810,FGIN-1-27,12,-0.292517575,-0.2936931208333333,-0.3603924,-0.23947516,12
BRD-K51541829,Ro-25-6981,4,-0.292376815,-0.28173709750000003,-0.32688493,-0.21530983,4
BRD-A79903587,tegafur,3,-0.2923758,-0.29355691333333334,-0.3282177,-0.26007724,3
BRD-K52662033,lidocaine,20,-0.292352615,-0.298861509,-0.40806034,-0.21090621,20
BRD-K98426715,tubacin,7,-0.29230696,-0.2935984128571429,-0.34336352,-0.2391395,7
BRD-A16754160,ampicillin,2,-0.2922574,-0.2922574,-0.30145663,-0.28305817,2
BRD-K09397065,SR-57227A,6,-0.29224974,-0.28908842333333334,-0.368231,-0.20569089,6
BRD-K08206212,entecavir,2,-0.29220488499999997,-0.29220488499999997,-0.3154751,-0.26893467,2
BRD-A42167015,carteolol,2,-0.29219001499999997,-0.29219001499999997,-0.33707803,-0.247302,2
BRD-K46441700,GR-55562,7,-0.29217744,-0.2993617471428571,-0.38652366,-0.19708389,7
BRD-K84266862,BRL-50481,6,-0.29212932,-0.30739775166666666,-0.38904947,-0.24830976,6
BRD-K81855038,roxatidine-acetate,2,-0.29210715,-0.29210715,-0.32635444,-0.25785986,2
BRD-K01624546,docosatrienoic-acid,7,-0.29210263,-0.30168579428571424,-0.3741979,-0.25208968,7
BRD-K83023055,GR-135531,5,-0.29208407,-0.289767888,-0.3800357,-0.2013653,5
BRD-K99451608,lopinavir,5,-0.2920078,-0.30376635799999996,-0.3870315,-0.24634893,5
BRD-A60414806,vincristine,6,-0.291969865,-0.2799844166666667,-0.303734,-0.20883396,6
BRD-K62056274,N-methylquipazine,6,-0.29189064,-0.27592791833333336,-0.32906437,-0.19980967,6
BRD-A75172220,hydrocortisone,7,-0.29186767,-0.2634292814285714,-0.32106328,-0.16542125,7
BRD-K64614248,salicin,5,-0.29179624,-0.287611126,-0.37487882,-0.19723845,5
BRD-A03623303,metoprolol,4,-0.291793685,-0.29218832,-0.34140366,-0.24376225,4
BRD-K35458079,edaravone,3,-0.29171485,-0.31159146666666665,-0.3937718,-0.24928775,3
BRD-K15715913,fluperlapine,8,-0.29169809999999996,-0.28965557,-0.34784594,-0.20744878,8
BRD-K41051431,mecillinam,5,-0.2916902,-0.28227556800000003,-0.3383343,-0.2114628,5
BRD-A93048969,BRD-A93048969,5,-0.29164603,-0.290323806,-0.37262505,-0.23423243,5
BRD-K00532621,midazolam,4,-0.29163775999999997,-0.30891236,-0.39056632,-0.2618076,4
BRD-A36217750,sulfinpyrazone,6,-0.2916137,-0.30039742666666663,-0.37835598,-0.2502554,6
BRD-A91555231,norepinephrine,8,-0.291611285,-0.2886765525,-0.35729435,-0.21983033,8
BRD-K82255054,propofol,5,-0.29158908,-0.311696692,-0.38591436,-0.2651444,5
BRD-K45446451,JZL-184,6,-0.291581165,-0.29637291,-0.40126985,-0.22252211,6
BRD-K12867552,PCI-24781,1,-0.29156536,-0.29156536,-0.29156536,-0.29156536,1
BRD-A22380646,pantoprazole,13,-0.29149792,-0.28547187230769233,-0.3546775,-0.19441728,13
BRD-A06726973,dibutyrylcyclic-gmp,3,-0.2914536,-0.2890252566666667,-0.33427173,-0.24135044,3
BRD-K44442813,pidotimod,4,-0.291440445,-0.2944235025,-0.33689442,-0.2579187,4
BRD-K82818427,batimastat,6,-0.291439875,-0.28155120666666666,-0.34639964,-0.21894144,6
BRD-K82143716,flucytosine,6,-0.29140255000000004,-0.3079328516666667,-0.40124953,-0.21748471,6
BRD-A29082194,gitoxigenin,4,-0.29139351999999996,-0.312427835,-0.37708098,-0.28984332,4
BRD-K14550461,doxercalciferol,4,-0.2913871,-0.29700328,-0.3654061,-0.23983282,4
BRD-K19295594,gossypol,6,-0.29134684,-0.294484975,-0.3758578,-0.24229795,6
BRD-K55034111,pefloxacin,9,-0.2913457,-0.2888415766666667,-0.38429287,-0.24348935,9
BRD-K03816923,rottlerin,14,-0.291316935,-0.28135951428571426,-0.35315156,-0.20600212,14
BRD-K03319035,maprotiline,5,-0.2913009,-0.298892868,-0.3577336,-0.23713252,5
BRD-K55468218,spiperone,12,-0.29125784499999996,-0.29471101666666666,-0.3787616,-0.22100437,12
BRD-A22256192,terazosin,11,-0.29122066,-0.30280023181818183,-0.4201889,-0.24830092,11
BRD-A56359832,zileuton,17,-0.29121262,-0.2857033982352941,-0.3747675,-0.19922125,17
BRD-K21667562,AM-404,2,-0.29120128,-0.29120128,-0.34206787,-0.24033469,2
BRD-A64933752,CV-1808,2,-0.29118805999999997,-0.29118805999999997,-0.29293114,-0.28944498,2
BRD-K23566484,nilutamide,10,-0.29117605,-0.295787784,-0.34668785,-0.24367227,10
BRD-A58048407,nimodipine,13,-0.2910688,-0.29248141615384615,-0.39596474,-0.21382636,13
BRD-A62035778,scopolamine,7,-0.29101178,-0.2958437428571429,-0.3519283,-0.23577136,7
BRD-K37940862,BRD-K37940862,3,-0.29095826,-0.2722461333333333,-0.33671737,-0.18906277,3
BRD-K29905972,axitinib,7,-0.29091018,-0.3038556242857143,-0.36662722,-0.21538568,7
BRD-K33272502,DG-041,5,-0.29090822,-0.292183154,-0.35791358,-0.25230134,5
BRD-A19661776,mianserin,7,-0.2908909,-0.2808258571428571,-0.33775854,-0.19923577,7
BRD-U86922168,QL-XII-47,4,-0.29086847,-0.291614645,-0.37589306,-0.20882858,4
BRD-K44899736,Ro-16-6941,3,-0.29083985,-0.29871288,-0.3825419,-0.22275689,3
BRD-K15563106,phloretin,17,-0.29078454,-0.28913547588235294,-0.41886306,-0.19171226,17
BRD-K20482099,rutin,8,-0.29076688,-0.28303201499999997,-0.3569965,-0.16709802,8
BRD-A65615053,zacopride,11,-0.29074985,-0.27228805727272726,-0.3570081,-0.19136602,11
BRD-K18799075,BAY-59-3074,4,-0.290584715,-0.30608297,-0.40844285,-0.2347196,4
BRD-A18202423,CPCCOEt,4,-0.290583635,-0.27634844000000003,-0.29758787,-0.22663862,4
BRD-K08845546,tacrolimus,5,-0.29058358,-0.29655481,-0.35220128,-0.21365187,5
BRD-K04111260,raclopride,8,-0.290577125,-0.28857297375,-0.3594659,-0.22593474,8
BRD-K81876028,CP-93129,5,-0.2905334,-0.278224442,-0.33426803,-0.20018108,5
BRD-A89049230,BRD-A89049230,4,-0.290532115,-0.279197225,-0.304795,-0.23092967,4
BRD-K85985071,ellipticine,1,-0.29050648,-0.29050648,-0.29050648,-0.29050648,1
BRD-A15131297,benazepril,5,-0.29047942,-0.280575976,-0.38442624,-0.2031629,5
BRD-K41160163,fenobam,6,-0.29024706499999997,-0.30496221,-0.39395905,-0.2599634,6
BRD-K23192422,lestaurtinib,3,-0.29020447,-0.3033148266666667,-0.37228966,-0.24745035,3
BRD-A38898897,GW-311616,9,-0.29019907,-0.29539909666666664,-0.36062437,-0.24509484,9
BRD-A75769826,SDM-25N,8,-0.29017833000000004,-0.29265799625,-0.34102595,-0.20853886,8
BRD-K51557114,BRD-K51557114,7,-0.29015487,-0.2938514742857143,-0.39764437,-0.21700987,7
BRD-A84134924,pancuronium,3,-0.29014695,-0.2663216366666667,-0.3027938,-0.20602416,3
BRD-A42571354,cetirizine,13,-0.29006964,-0.27953167384615385,-0.4087066,-0.19018048,13
BRD-K37130656,rivaroxaban,5,-0.29001534,-0.3023735,-0.34463036,-0.27302426,5
BRD-K87142802,veliparib,17,-0.29001325,-0.2891646888235294,-0.3832037,-0.2124136,17
BRD-K26373640,IKK-2-inhibitor,5,-0.28999823,-0.301643882,-0.36078224,-0.262663,5
BRD-K91701654,U-0126,7,-0.28998974,-0.27768453857142855,-0.39950553,-0.18845138,7
BRD-K26669427,WR-216174,2,-0.289957925,-0.289957925,-0.3379876,-0.24192825,2
BRD-K74501079,azithromycin,3,-0.28980562,-0.24715239666666666,-0.30317333,-0.14847824,3
BRD-K58033748,BRD-K58033748,2,-0.289781765,-0.289781765,-0.38999313,-0.1895704,2
BRD-K50495309,SRC-kinase-inhibitor-I,3,-0.28977042,-0.2998895733333333,-0.32073584,-0.28916246,3
BRD-K89085489,fenretinide,5,-0.28972197,-0.300769418,-0.37391186,-0.25074315,5
BRD-K83302049,protopine,3,-0.2895888,-0.2774272933333333,-0.326227,-0.21646608,3
BRD-A41250306,cyclopenthiazide,8,-0.289577515,-0.28443319625,-0.33234495,-0.23287062,8
BRD-K85030058,benactyzine,2,-0.289573435,-0.289573435,-0.36933225,-0.20981462,2
BRD-K11905747,spectinomycin,8,-0.28955308,-0.2986073475,-0.37094516,-0.20045204,8
BRD-K62200014,anagrelide,6,-0.289541185,-0.28221911666666666,-0.33731514,-0.22507656,6
BRD-K70642949,GSK-2334470,6,-0.28953686999999995,-0.284732355,-0.36309928,-0.21993557,6
BRD-A49172652,lansoprazole,7,-0.28953457,-0.28857133142857144,-0.35149354,-0.2152052,7
BRD-K48367671,febuxostat,6,-0.28937189500000005,-0.28645777666666666,-0.32774132,-0.24579242,6
BRD-A69636825,diltiazem,9,-0.28937006,-0.29904257666666667,-0.43905684,-0.23612934,9
BRD-K26241953,piceatannol,5,-0.28934586,-0.278187462,-0.3012898,-0.23997405,5
BRD-K59331372,SB-366791,3,-0.28931028,-0.28976789999999997,-0.29130602,-0.2886874,3
BRD-K94919853,10H-phenothiazin-10-yl)(p-tolyl)methanone,4,-0.28924837999999997,-0.2815710925,-0.32197994,-0.22580767,4
BRD-K19309090,SR-95639A,6,-0.28920636499999997,-0.296508265,-0.3523827,-0.25598842,6
BRD-K52075040,cerulenin,1,-0.2891837,-0.2891837,-0.2891837,-0.2891837,1
BRD-K60460488,nelfinavir,4,-0.289128065,-0.2781771725,-0.35090584,-0.18354672,4
BRD-K95402279,geranylgeraniol,3,-0.28912488,-0.29013151,-0.35887712,-0.22239253,3
BRD-A16665823,butoconazole,7,-0.28911096,-0.28312107999999997,-0.35275638,-0.2108427,7
BRD-K71731651,PNU-120596,7,-0.28902724,-0.27052810857142856,-0.32822537,-0.21150309,7
BRD-K40578143,GR-79236,5,-0.28901404,-0.29309124,-0.3106509,-0.27811393,5
BRD-K70358946,aripiprazole,2,-0.289000765,-0.289000765,-0.30092725,-0.27707428,2
BRD-K28168037,fenretinide,4,-0.28898583,-0.3007090225,-0.36873925,-0.25612518,4
BRD-K24656285,farnesol,8,-0.28890977,-0.2913635625,-0.37749666,-0.17960456,8
BRD-K86727142,embelin,8,-0.28890848,-0.2811273875,-0.33356178,-0.16753884,8
BRD-K21971034,OM-137,6,-0.288861545,-0.27589662833333334,-0.3511156,-0.19362545,6
BRD-K75295174,alisertib,16,-0.28886021500000003,-0.27405343375,-0.374996,-0.20445862,16
BRD-A36318220,necrostatin-1,10,-0.288830385,-0.291800568,-0.3622188,-0.2335583,10
BRD-A98378129,talniflumate,7,-0.28880608,-0.2924252742857143,-0.34338576,-0.21741955,7
BRD-K68488863,ENMD-2076,6,-0.2888007,-0.2683008983333333,-0.3047269,-0.19549455,6
BRD-K24053527,dextromethorphan,8,-0.28876451000000003,-0.28169775375,-0.36453205,-0.20084071,8
BRD-K63165456,norcyclobenzaprine,4,-0.2887147,-0.27927460249999997,-0.37068355,-0.16898546,4
BRD-K64052750,gefitinib,12,-0.288702815,-0.2785009941666667,-0.39399958,-0.1678324,12
BRD-K52930707,rescinnamine,6,-0.2886828,-0.3093283466666667,-0.39981323,-0.26064423,6
BRD-K59037100,oxybenzone,6,-0.28864166,-0.2938439116666667,-0.35088134,-0.25276977,6
BRD-K08924299,palonosetron,6,-0.28862919,-0.28765267,-0.37471163,-0.16917446,6
BRD-K36055864,cycloheximide,8,-0.28858324,-0.29355526125,-0.39852467,-0.19787958,8
BRD-K15196155,IBC-293,1,-0.28855994,-0.28855994,-0.28855994,-0.28855994,1
BRD-K15164005,apoptosis-activator-II,3,-0.28852922,-0.29866589666666665,-0.3442366,-0.26323187,3
BRD-K67017579,cilostazol,9,-0.288518,-0.2960515788888889,-0.37115353,-0.21765038,9
BRD-A83937277,mephenytoin,6,-0.28846647999999997,-0.29447503166666666,-0.38379154,-0.23823483,6
BRD-K36864847,BD-1047,3,-0.2884612,-0.2785320433333333,-0.29275888,-0.25437605,3
BRD-K35559145,levomepromazine,8,-0.288429875,-0.29650379375,-0.42790863,-0.21256341,8
BRD-K38305202,domperidone,5,-0.2883237,-0.292077072,-0.34232882,-0.21459877,5
BRD-K34995470,SU-1498,7,-0.28826943,-0.2854885385714286,-0.36832303,-0.18834448,7
BRD-K55044200,amoxicillin,4,-0.28820884999999996,-0.3185925075,-0.47216812,-0.22578421,4
BRD-A29322418,canrenoic-acid,5,-0.28819326,-0.29478107800000003,-0.4068373,-0.22855087,5
BRD-K93618743,ipriflavone,6,-0.28818081,-0.27407172166666666,-0.32306623,-0.1895444,6
BRD-K77641333,naphazoline,9,-0.2881636,-0.28138534666666665,-0.3402014,-0.19286104,9
BRD-A37492983,iocetamic-acid,5,-0.28814816,-0.261991272,-0.3082952,-0.16528404,5
BRD-K81209159,herniarin,1,-0.28814304,-0.28814304,-0.28814304,-0.28814304,1
BRD-K72783841,tyrphostin-AG-555,4,-0.28809202,-0.28769689249999997,-0.31788656,-0.25671697,4
BRD-K71499074,diclofenamide,4,-0.28809011,-0.3071859475,-0.38901055,-0.26355302,4
BRD-K51313569,palbociclib,6,-0.28808298,-0.3017226983333333,-0.39236176,-0.22709917,6
BRD-A18763547,BAX-channel-blocker,14,-0.28807926500000003,-0.285250085,-0.40322813,-0.20968041,14
BRD-A00267231,hemado,2,-0.28807046000000003,-0.28807046000000003,-0.3016995,-0.27444142,2
BRD-K66876909,linezolid,15,-0.28807002,-0.2854930586666667,-0.38339856,-0.19137046,15
BRD-A83855350,naltrexone,7,-0.28803453,-0.27500339,-0.323779,-0.20547238,7
BRD-K74212935,ergocryptine,4,-0.287968605,-0.292266205,-0.36132103,-0.23180658,4
BRD-A97479839,piperidolate,12,-0.28792676500000003,-0.2895304425,-0.37055576,-0.2062395,12
BRD-A01145011,zebularine,15,-0.2879098,-0.28975895533333335,-0.3625753,-0.18996134,15
BRD-K70778732,trazodone,13,-0.28790656,-0.2760173976923077,-0.32353234,-0.2098947,13
BRD-K24023109,diltiazem,8,-0.287880425,-0.29936601875,-0.42145127,-0.23089668,8
BRD-K70487031,flupentixol,3,-0.28787398,-0.3110036333333333,-0.37468746,-0.27044946,3
BRD-A73680854,PT-630,33,-0.28781664,-0.3090176590909091,-0.5202585,-0.20870884,33
BRD-K32526544,DCEBIO,4,-0.287743405,-0.27441828,-0.2952963,-0.22689001,4
BRD-K13872703,BRD-K13872703,3,-0.2876879,-0.2627199866666667,-0.30642784,-0.19404422,3
BRD-A97437073,rosiglitazone,17,-0.287686,-0.28739759352941174,-0.36612415,-0.20834643,17
BRD-K97564742,mepyramine,7,-0.2876721,-0.29675246285714285,-0.39421088,-0.22536221,7
BRD-A25143711,hydrocortisone-valerate,7,-0.287669,-0.2797585628571429,-0.3060574,-0.23441142,7
BRD-K89923877,scopolamine,8,-0.287640375,-0.28691000625,-0.378475,-0.22663523,8
BRD-K13926615,vardenafil,12,-0.28761245,-0.2811025716666667,-0.36218193,-0.19982237,12
BRD-A51393488,noscapine,7,-0.2876115,-0.28307424428571426,-0.3362128,-0.22015414,7
BRD-A29426959,carbinoxamine,13,-0.2876099,-0.3036198146153846,-0.43786144,-0.2590356,13
BRD-A99177642,deltaline,8,-0.28760682,-0.29678146,-0.37756717,-0.25569528,8
BRD-K55966568,orantinib,11,-0.28759825,-0.29842133818181815,-0.40694672,-0.21070963,11
BRD-K63641886,cefuroxime,1,-0.2875785,-0.2875785,-0.2875785,-0.2875785,1
BRD-K06593056,LE-135,8,-0.28754803500000004,-0.27935253125,-0.31445062,-0.21482895,8
BRD-A65767837,hydrocortisone-acetate,1,-0.28754157,-0.28754157,-0.28754157,-0.28754157,1
BRD-A43882281,pinacidil,4,-0.28746890999999997,-0.292399295,-0.34634155,-0.24831781,4
BRD-K45401373,betulinic-acid,1,-0.2874545,-0.2874545,-0.2874545,-0.2874545,1
BRD-K04466929,Merck60,12,-0.28744691499999997,-0.28955703083333334,-0.40180996,-0.2147536,12
BRD-K04412738,tramadol,2,-0.28738521,-0.28738521,-0.35061562,-0.2241548,2
BRD-K03670461,tyrphostin-AG-82,11,-0.28736386,-0.26804522454545454,-0.2995446,-0.19980428,11
BRD-K12906962,dichlorobenzamil,4,-0.287357325,-0.2880314325,-0.3024078,-0.27500328,4
BRD-A48430263,pioglitazone,13,-0.28728166,-0.2846193646153846,-0.4422288,-0.18516327,13
BRD-A53576514,orphenadrine,3,-0.28725725,-0.30293512666666667,-0.3602425,-0.26130563,3
BRD-A29289453,PCA-4248,3,-0.28721142,-0.28073175,-0.29795453,-0.2570293,3
BRD-K73109821,diazoxide,8,-0.28719525,-0.28014131124999997,-0.3371026,-0.2265454,8
BRD-A85472596,L-670596,3,-0.2871093,-0.2767603533333333,-0.32647896,-0.2166928,3
BRD-K44876623,zolpidem,9,-0.287108,-0.2906692122222222,-0.40347406,-0.20408899,9
BRD-K75181824,acetyl-geranygeranyl-cysteine,5,-0.28710586,-0.306650166,-0.39662793,-0.2579056,5
BRD-A66435872,HTMT,4,-0.28705698999999996,-0.30594034999999997,-0.36760104,-0.28204638,4
BRD-K78126613,menadione,28,-0.287050335,-0.2789458917857143,-0.3596272,-0.17215127,28
BRD-A95445494,maackiain,4,-0.28698706,-0.289321925,-0.3313955,-0.25191808,4
BRD-K63923597,barasertib-HQPA,41,-0.28697926,-0.2867639358536585,-0.4214724,-0.16749889,41
BRD-K78513633,lonidamine,5,-0.28694806,-0.319234416,-0.43608224,-0.2508706,5
BRD-K06234293,LY-364947,8,-0.286946725,-0.29461142375,-0.38995624,-0.21043131,8
BRD-A16694057,BADGE,5,-0.28684795,-0.288080472,-0.33007035,-0.24852657,5
BRD-A18620900,estriol,6,-0.28684394999999996,-0.28154699333333333,-0.3393007,-0.19914418,6
BRD-A00100033,nifurtimox,6,-0.28683872,-0.2711889566666667,-0.34518862,-0.19447318,6
BRD-K84709232,caffeic-acid,4,-0.28681191500000003,-0.2851181275,-0.32606822,-0.24078046,4
BRD-A41692738,TGX-221,6,-0.286791215,-0.28535780166666663,-0.38217258,-0.17541438,6
BRD-K64935403,ebelactone-b,6,-0.28675716500000004,-0.2953260733333333,-0.33474594,-0.2594039,6
BRD-K82865713,prostaglandin-b2,8,-0.28674234,-0.30554800375,-0.3712694,-0.24671409,8
BRD-K00766422,sparfosic-acid,9,-0.2867214,-0.2850710055555556,-0.3823282,-0.19419137,9
BRD-K66956375,oleoylethanolamide,4,-0.286695535,-0.2801460225,-0.29395318,-0.25323984,4
BRD-K14441456,tyrphostin-AG-556,3,-0.28669336,-0.28896593,-0.32863915,-0.25156528,3
BRD-K40902647,vincamine,3,-0.286659,-0.28992292999999997,-0.29788625,-0.28522354,3
BRD-A58157837,butabindide,4,-0.286658435,-0.290907245,-0.36960852,-0.22070359,4
BRD-A79981887,midodrine,13,-0.28664875,-0.28786001923076926,-0.3860824,-0.239643,13
BRD-K47448802,BRD-K47448802,2,-0.28664465,-0.28664465,-0.33542442,-0.23786488,2
BRD-A52588987,SKF-83566,11,-0.286582,-0.2783862790909091,-0.37376016,-0.2032264,11
BRD-K39339537,epirizole,15,-0.28656214,-0.2855909813333334,-0.40868863,-0.18727991,15
BRD-K41868777,W-5,5,-0.28655964,-0.29219121800000003,-0.3483013,-0.20305693,5
BRD-A56675431,altizide,7,-0.28651145,-0.29756451285714286,-0.34916723,-0.23554802,7
BRD-K05673000,dicloxacillin,7,-0.28647962,-0.30967197,-0.39932594,-0.23919153,7
BRD-K50417881,eticlopride,4,-0.28645324,-0.2996959875,-0.4053843,-0.22049317,4
BRD-K52075715,oxibendazole,4,-0.28645189000000004,-0.2742743125,-0.29424283,-0.22995064,4
BRD-K45033733,famciclovir,9,-0.28635186,-0.2777361288888889,-0.34984854,-0.1936782,9
BRD-A63445921,nicardipine,4,-0.28632475,-0.2762793375,-0.34981263,-0.18265522,4
BRD-K74117820,nelfinavir,6,-0.28631212,-0.29217377666666666,-0.34293216,-0.23815918,6
BRD-A47706533,buthionine-sulfoximine,5,-0.28630865,-0.2794114,-0.32775044,-0.237707,5
BRD-K02130563,panobinostat,13,-0.2862903,-0.28111601076923076,-0.37993038,-0.21600589,13
BRD-K06335600,tizanidine,4,-0.28626424500000003,-0.274884465,-0.34989086,-0.17711851,4
BRD-K95885906,quercetagetin,6,-0.28622673,-0.29352689833333334,-0.3456193,-0.26357865,6
BRD-A97674275,ranolazine,9,-0.28621733,-0.29425170222222224,-0.39913273,-0.24246283,9
BRD-K70505054,ranitidine,4,-0.28618606999999996,-0.2909730525,-0.34078377,-0.2507363,4
BRD-A44780397,mifepristone,1,-0.28613728,-0.28613728,-0.28613728,-0.28613728,1
BRD-A29437505,RWJ-21757,6,-0.286082835,-0.28775610999999995,-0.32771182,-0.24544644,6
BRD-A85587465,bemesetron,3,-0.28606975,-0.27222473333333336,-0.3168146,-0.21378985,3
BRD-K15916496,clotrimazole,3,-0.28603858,-0.25674938666666663,-0.2947254,-0.18948418,3
BRD-K59753975,vindesine,3,-0.28591573,-0.27347401,-0.31346858,-0.22103772,3
BRD-A68891053,BW-B70C,5,-0.28589863,-0.27646647199999996,-0.29094732,-0.23636651,5
BRD-K04923131,GSK-3-inhibitor-IX,6,-0.285888915,-0.29153886166666665,-0.34775168,-0.24178344,6
BRD-K65639003,icariin,8,-0.2858846,-0.28279271375,-0.40270734,-0.20359835,8
BRD-K55591206,epigallocatechin-gallate-(-),18,-0.28586627,-0.2942970166666667,-0.4206425,-0.2440519,18
BRD-K05926469,lenalidomide,7,-0.28584993,-0.2981655842857143,-0.38823235,-0.23865536,7
BRD-K28452084,BRD-K28452084,4,-0.28563878,-0.304002635,-0.37724495,-0.26748803,4
BRD-K94841585,emodic-acid,7,-0.28563634,-0.28442868285714284,-0.34490973,-0.21765079,7
BRD-K48935217,epothilone,3,-0.285589,-0.29579858666666664,-0.32596132,-0.27584544,3
BRD-K82846253,repaglinide,15,-0.28558502,-0.28445460266666667,-0.40121222,-0.21027163,15
BRD-A89337244,PD-102807,1,-0.2855804,-0.2855804,-0.2855804,-0.2855804,1
BRD-A22897758,pinacidil,5,-0.28555742,-0.286484494,-0.34637946,-0.22969735,5
BRD-K13927029,retinol,3,-0.28554842,-0.29123682333333334,-0.35632867,-0.23183338,3
BRD-K87932577,NSC-693868,5,-0.28553456,-0.287453136,-0.3554668,-0.2418473,5
BRD-K89237706,noscapine,7,-0.2854697,-0.27279305857142855,-0.30096006,-0.23368828,7
BRD-A93206962,L-755507,7,-0.2854662,-0.28026994,-0.34593654,-0.20338517,7
BRD-A22783572,vinblastine,4,-0.28542539499999997,-0.2778087425,-0.31609625,-0.22428793,4
BRD-A62021152,WAY-161503,3,-0.28540894,-0.26030787666666666,-0.28874618,-0.20676851,3
BRD-K93095519,SJ-172550,13,-0.2853909,-0.29501845153846157,-0.40349212,-0.21264586,13
BRD-A37959677,estrone,9,-0.28535843,-0.28125236000000003,-0.35528007,-0.18476242,9
BRD-K25311561,KU-55933,13,-0.28535113,-0.2904040892307692,-0.40382466,-0.19696867,13
BRD-A46335897,promethazine,10,-0.285331685,-0.295777228,-0.38191357,-0.24708962,10
BRD-K04430056,7-nitroindazole,7,-0.28529203,-0.2972479085714285,-0.37610653,-0.23903814,7
BRD-K31534764,fluvoxamine,3,-0.2852737,-0.28393358,-0.32973284,-0.2367942,3
BRD-K38449220,seneciphylline,6,-0.285265805,-0.28291183999999997,-0.32309598,-0.24623463,6
BRD-K51318897,fenbendazole,5,-0.2852623,-0.27603687,-0.31937838,-0.20168129,5
BRD-K62736196,guanaben-acetate,10,-0.2852435,-0.280714007,-0.3433317,-0.2153593,10
BRD-A02180903,betamethasone,11,-0.28522876,-0.2897962418181818,-0.35146713,-0.21673614,11
BRD-K68246049,TTNPB,9,-0.28518724,-0.30202464444444443,-0.40949488,-0.23596084,9
BRD-K32330832,VER-155008,6,-0.2851405,-0.2930084016666667,-0.40668017,-0.19760486,6
BRD-K88742110,PCI-34051,51,-0.2851169,-0.29331102019607846,-0.4860838,-0.18937984,51
BRD-K22631935,neurodazine,6,-0.285099475,-0.29570606666666666,-0.3842403,-0.23957196,6
BRD-K88759641,EMD-66684,5,-0.28506446,-0.280483634,-0.3520155,-0.19858679,5
BRD-A45140972,meclocycline,8,-0.28506337000000004,-0.28659515,-0.3459106,-0.21166334,8
BRD-K54256913,MK-1775,2,-0.28505459499999997,-0.28505459499999997,-0.31061566,-0.25949353,2
BRD-K24132293,piperlongumine,13,-0.28499544,-0.28014158,-0.34865826,-0.20996282,13
BRD-K74284736,L-689560,6,-0.28494152500000003,-0.29700960833333334,-0.38309652,-0.247576,6
BRD-K64402243,ivachtin,5,-0.28488535,-0.302853566,-0.3831346,-0.2677409,5
BRD-K34608650,GP-2a,3,-0.2848817,-0.28477257333333333,-0.33429497,-0.23514105,3
BRD-A91992993,siguazodan,2,-0.28480943999999997,-0.28480943999999997,-0.30412763,-0.26549125,2
BRD-K50398167,meclofenamic-acid,6,-0.28476742499999996,-0.290046425,-0.35141447,-0.2445579,6
BRD-K01868942,RS-23597-190,4,-0.28472587,-0.2773465525,-0.30635843,-0.23357604,4
BRD-K76907295,VU-0418947-2,1,-0.2847187,-0.2847187,-0.2847187,-0.2847187,1
BRD-K97181089,amiloride,19,-0.28471082,-0.27923069263157896,-0.34979153,-0.19391195,19
BRD-A11813248,AM-92016,4,-0.284696115,-0.3008807375,-0.37794787,-0.25618285,4
BRD-K55991774,BAS-09104376,9,-0.28469148,-0.28590823777777774,-0.34870648,-0.22592622,9
BRD-K90733503,cephalexin,6,-0.284606935,-0.28992574833333334,-0.35160306,-0.25065216,6
BRD-K84996949,sinensetin,6,-0.284600605,-0.2785020266666667,-0.33857673,-0.20520341,6
BRD-K81128206,edrophonium,2,-0.284591795,-0.284591795,-0.31498003,-0.25420356,2
BRD-A63646118,fumonisin-b1,9,-0.28458583,-0.27590724555555557,-0.34568638,-0.18800968,9
BRD-K11853856,PJ-34,20,-0.28455019,-0.2994050355,-0.44130147,-0.20109218,20
BRD-K65146499,nabumetone,7,-0.28449792,-0.3074132585714286,-0.4228488,-0.23869413,7
BRD-K68341547,W-9,6,-0.2843788,-0.28102171000000004,-0.32712442,-0.22142005,6
BRD-A28422058,L-689560,4,-0.28437406499999995,-0.2829894625,-0.35209692,-0.2111128,4
BRD-K01648091,LE-300,5,-0.284374,-0.288188304,-0.31218922,-0.26266032,5
BRD-K22662435,ganciclovir,5,-0.28433156,-0.285072152,-0.35445416,-0.24218948,5
BRD-K25591257,resveratrol,5,-0.28418666,-0.29917962600000003,-0.3865103,-0.23216769,5
BRD-K95785537,PP-2,4,-0.28413710000000003,-0.2854678175,-0.31511337,-0.2584837,4
BRD-K19227686,phenolphthalein,1,-0.28413653,-0.28413653,-0.28413653,-0.28413653,1
BRD-K28115081,apafant,2,-0.28408,-0.28408,-0.33023748,-0.23792252,2
BRD-U01690642,acetyl-geranyl-cysteine,6,-0.28396361999999997,-0.2726914833333333,-0.33147123,-0.17523387,6
BRD-K92980438,BRD-K92980438,5,-0.2839227,-0.298853044,-0.4078619,-0.2407299,5
BRD-K68185022,ursolic-acid,2,-0.28392099,-0.28392099,-0.33305556,-0.23478642,2
BRD-K38775274,dexamethasone,8,-0.28389691,-0.28276780749999997,-0.304015,-0.25199136,8
BRD-A19195498,trimipramine,9,-0.28387493,-0.2716476311111111,-0.34683692,-0.17130817,9
BRD-K86434416,selegiline,7,-0.28381243,-0.27724827571428573,-0.3420361,-0.18516877,7
BRD-K39915878,loxapine,15,-0.28381068,-0.29867161933333336,-0.38584042,-0.2032443,15
BRD-K32318651,acyclovir,2,-0.283715365,-0.283715365,-0.34448352,-0.22294721,2
BRD-K54704028,BAY-36-7620,6,-0.28361179999999997,-0.27204987333333336,-0.3229347,-0.19344154,6
BRD-K85402309,dovitinib,9,-0.28354642,-0.28756804333333336,-0.41680413,-0.19989309,9
BRD-K51276371,aloisine,5,-0.28351983,-0.274680602,-0.287709,-0.24905244,5
BRD-K66944906,fraxidin,5,-0.2834958,-0.27916008,-0.36282462,-0.18439496,5
BRD-K78431006,crizotinib,19,-0.28347617,-0.2851314742105263,-0.39226407,-0.17141765,19
BRD-U33728988,QL-X-138,7,-0.2834707,-0.2759865657142857,-0.3450876,-0.17862615,7
BRD-K91733562,secoisolariciresinol,5,-0.28345168,-0.288859902,-0.38221994,-0.19718392,5
BRD-K49519144,LY-2140023,5,-0.28344798,-0.285213074,-0.37423462,-0.20949575,5
BRD-K64236792,austricine,6,-0.2834339,-0.2919447133333333,-0.38129646,-0.23540437,6
BRD-K95202259,ML-3163,5,-0.28337792,-0.307396552,-0.39476937,-0.26385105,5
BRD-K98490050,amsacrine,3,-0.28337127,-0.2847660966666667,-0.33685812,-0.2340689,3
BRD-A54596827,solifenacin,6,-0.28335206,-0.29267281166666664,-0.37299,-0.23270026,6
BRD-K79930101,GW-583340,6,-0.283342765,-0.279633215,-0.40080416,-0.18666795,6
BRD-K95739795,tetrabenazine,7,-0.28333622,-0.2855035871428572,-0.34371382,-0.24422625,7
BRD-A93424738,dexamethasone-acetate,5,-0.283233,-0.294753694,-0.3565063,-0.2615111,5
BRD-A90515964,guaifenesin,6,-0.283155335,-0.2777186466666667,-0.34069565,-0.20025879,6
BRD-A08877921,cephalotaxine,2,-0.28304704999999997,-0.28304704999999997,-0.31885004,-0.24724406,2
BRD-K87510569,RS-504393,3,-0.2830317,-0.27720074,-0.30888534,-0.23968518,3
BRD-K37080523,isoreserpine,3,-0.28300327,-0.2718071733333333,-0.29164162,-0.24077663,3
BRD-A38030642,cyclosporin-a,12,-0.283000305,-0.28899307916666667,-0.37921423,-0.21366967,12
BRD-K64044582,linoleamide,5,-0.28298932,-0.30014441999999997,-0.38082987,-0.23244223,5
BRD-K58772419,AZD-6482,7,-0.28293914,-0.2779484657142857,-0.33383727,-0.20342407,7
BRD-K46937689,phenazone,9,-0.28290576,-0.2774045422222222,-0.347708,-0.21649766,9
BRD-A70407468,PSB-36,3,-0.28270817,-0.28737183,-0.31581312,-0.2635942,3
BRD-K89329876,BRD-K89329876,8,-0.28269772,-0.27351403,-0.34959424,-0.19340649,8
BRD-K98530306,clonidine,14,-0.28267136,-0.27373881285714285,-0.30076218,-0.21768516,14
BRD-K50590187,capsaicin,6,-0.28266735,-0.28505753,-0.3833026,-0.21651304,6
BRD-K90885812,propantheline,10,-0.282637885,-0.304588951,-0.38399014,-0.25641817,10
BRD-K29673530,hypericin,5,-0.28261685,-0.285783864,-0.36829257,-0.23777756,5
BRD-A53952395,prilocaine,6,-0.282595625,-0.29696196166666666,-0.38372517,-0.2095564,6
BRD-K08703257,3-amino-benzamide,20,-0.28257656,-0.27850047450000004,-0.3822026,-0.21739438,20
BRD-K32821942,azathioprine,8,-0.28257272,-0.28618991625,-0.34255776,-0.22489372,8
BRD-K19277754,paroxetine,3,-0.282556,-0.30119361333333333,-0.39133734,-0.2296875,3
BRD-K08806317,timolol,9,-0.28253657,-0.2694199477777778,-0.35409227,-0.18834996,9
BRD-K49657628,tyrphostin-AG-18,9,-0.2824898,-0.27523811444444446,-0.31686574,-0.21628721,9
BRD-K72264770,QW-BI-011,6,-0.28248266499999997,-0.28201482166666664,-0.39237422,-0.17882991,6
BRD-K76205745,losartan,13,-0.28246683,-0.28179368538461536,-0.3728047,-0.18120402,13
BRD-K11540476,EMF-BCA1-64,10,-0.28246197,-0.285098383,-0.35919738,-0.22664237,10
BRD-K50325075,UCL-2077,5,-0.28244781,-0.278770838,-0.3295029,-0.23642102,5
BRD-K56343971,vemurafenib,18,-0.282428225,-0.29115180111111116,-0.4580104,-0.22181454,18
BRD-A46186775,hydrocortisone-phosphate,6,-0.282370895,-0.2901897,-0.36251536,-0.2299964,6
BRD-K78637815,LY-320135,3,-0.28235292,-0.2664896433333333,-0.33167624,-0.18543977,3
BRD-A39522003,OMDM-2,4,-0.28233189999999997,-0.2876273025,-0.35671794,-0.22912747,4
BRD-K87905482,anandamide,5,-0.28232458,-0.265023764,-0.3611567,-0.17094734,5
BRD-A31801025,formestane,1,-0.28232336,-0.28232336,-0.28232336,-0.28232336,1
BRD-K16336526,capsaicin,3,-0.2823177,-0.27962719333333336,-0.3403943,-0.21616958,3
BRD-A96107863,nisoldipine,2,-0.28229294,-0.28229294,-0.2935992,-0.27098668,2
BRD-K40758068,efavirenz,6,-0.282288415,-0.3055170266666667,-0.44624886,-0.24169454,6
BRD-K24538644,KU-C104502N,4,-0.28226852999999996,-0.26702674,-0.31044158,-0.19312832,4
BRD-K52640952,BRD-K52640952,5,-0.28226823,-0.29913341,-0.39980108,-0.2405552,5
BRD-K14693417,cinchonine,6,-0.28224821,-0.277625445,-0.30828846,-0.2331945,6
BRD-K04146668,GW-441756,7,-0.2822423,-0.2679285442857143,-0.33478826,-0.1953879,7
BRD-K53665955,MK-5108,13,-0.28224185,-0.2709843330769231,-0.3445268,-0.19364896,13
BRD-K06388322,pramipexole,3,-0.28223532,-0.2901589566666667,-0.3920846,-0.19615695,3
BRD-A06784547,MRS-1334,7,-0.28222972,-0.2754462957142857,-0.30595243,-0.22928561,7
BRD-A72066420,mifobate,4,-0.282217865,-0.2832907175,-0.30607414,-0.262653,4
BRD-K81729199,AQ-RA741,4,-0.282213705,-0.28051132,-0.30896336,-0.24865451,4
BRD-K10466330,AVA,18,-0.28221087499999997,-0.27240301944444445,-0.31231803,-0.20860016,18
BRD-K43736954,cortisone,5,-0.28219637,-0.269411174,-0.29193082,-0.22866812,5
BRD-A18043272,phensuximide,6,-0.28218366500000003,-0.3102938416666667,-0.411117,-0.23878822,6
BRD-A00993607,alprenolol,9,-0.2821735,-0.27103942333333336,-0.31915286,-0.22347948,9
BRD-K99174507,cardiogenol-c,9,-0.28216267,-0.27810029444444445,-0.33691615,-0.23262182,9
BRD-A34751532,homosalate,9,-0.28215113,-0.2741288233333333,-0.3234469,-0.20155695,9
BRD-K77947974,fluspirilene,6,-0.2821407,-0.279865225,-0.3278584,-0.22326939,6
BRD-A55962179,omeprazole,13,-0.28211957,-0.28066804384615385,-0.38847908,-0.18261993,13
BRD-K61097567,SB-218795,5,-0.28211725,-0.28019666,-0.37295064,-0.20539667,5
BRD-A81233518,glycopyrrolate,8,-0.282096035,-0.2817681125,-0.41948253,-0.17789304,8
BRD-A44090213,indoprofen,8,-0.28206906,-0.28536766125,-0.37527776,-0.16790271,8
BRD-K56614220,clofazimine,4,-0.28205307,-0.27814789,-0.30816054,-0.24032488,4
BRD-K33459542,ditolylguanidine,5,-0.28203663,-0.281498588,-0.32686922,-0.24964799,5
BRD-K57222227,indometacin,10,-0.28203402499999997,-0.27159132,-0.31261843,-0.21290323,10
BRD-K51302260,KU-C103871,4,-0.28201809499999997,-0.2919253725,-0.3734344,-0.2302309,4
BRD-K62996583,lidoflazine,4,-0.281972265,-0.2724033375,-0.28924102,-0.2364278,4
BRD-K79877282,PF-543,11,-0.28195554,-0.27543431272727276,-0.36155313,-0.22521,11
BRD-U97083655,teicoplanin,5,-0.28186524,-0.273778548,-0.28851172,-0.24915855,5
BRD-K74913225,brinzolamide,8,-0.28179734,-0.28738059125,-0.381769,-0.19773199,8
BRD-A39969961,eplerenone,6,-0.28179533999999995,-0.2660666383333333,-0.3224597,-0.2058714,6
BRD-K90333595,phentolamine,7,-0.28170103,-0.2929853885714286,-0.35929114,-0.20501009,7
BRD-A92670106,tocainide,9,-0.28169763,-0.3001231222222222,-0.41467687,-0.24975197,9
BRD-K68191783,ALW-II-38-3,9,-0.28169394,-0.2636385388888889,-0.34348774,-0.16727349,9
BRD-K81847782,scandenin,2,-0.2816859,-0.2816859,-0.2953093,-0.2680625,2
BRD-K40990712,hexamethyleneamiloride,1,-0.28164247,-0.28164247,-0.28164247,-0.28164247,1
BRD-K65261396,tacrolimus,2,-0.281630875,-0.281630875,-0.3115283,-0.25173345,2
BRD-A70649075,sulconazole,2,-0.281540825,-0.281540825,-0.32988086,-0.23320079,2
BRD-K53913732,SB-408124,4,-0.28152856000000004,-0.2767851925,-0.32237148,-0.22171217,4
BRD-A70268693,PG-9,6,-0.281513855,-0.28713491666666663,-0.41173887,-0.21434508,6
BRD-K97688263,benzamil,6,-0.281513195,-0.2692247783333333,-0.33097494,-0.20067202,6
BRD-A81177136,KN-62,2,-0.281503415,-0.281503415,-0.33190846,-0.23109837,2
BRD-K93280214,gabazine,8,-0.28149855,-0.28933995749999997,-0.36180937,-0.2438608,8
BRD-K56231354,triprolidine,7,-0.28147912,-0.2706232728571429,-0.31141385,-0.21744314,7
BRD-K35377380,I-OMe-AG-538,5,-0.28147686,-0.27207662,-0.31761405,-0.20810726,5
BRD-K33425534,exemestane,5,-0.28139943,-0.305384424,-0.44223306,-0.20341669,5
BRD-K71799778,BML-259,6,-0.28137,-0.28308357833333336,-0.3471961,-0.21895531,6
BRD-K23984367,sorafenib,10,-0.28136716500000003,-0.302059285,-0.3646798,-0.2501248,10
BRD-K61480498,epoxycholesterol,4,-0.281358585,-0.298455585,-0.39797345,-0.23313172,4
BRD-K99063460,didanosine,1,-0.2813486,-0.2813486,-0.2813486,-0.2813486,1
BRD-K48168960,propylthiouracil,6,-0.28132279000000004,-0.2763196016666667,-0.328048,-0.22688118,6
BRD-K28453807,nitrocaramiphen,8,-0.28131331,-0.2905839225,-0.36524504,-0.24126476,8
BRD-K11163873,phenanthridone,16,-0.28126216000000004,-0.28199445375,-0.34411526,-0.2048707,16
BRD-K49061529,BRD-K49061529,3,-0.28126037,-0.27705303666666664,-0.2870911,-0.26280764,3
BRD-A95869247,indapamide,10,-0.281221465,-0.295105,-0.37540317,-0.2342284,10
BRD-K11399644,phenformin,8,-0.281209755,-0.276864765,-0.37714443,-0.17804313,8
BRD-K14282469,LY-165163,4,-0.281190225,-0.2853736675,-0.3431,-0.23601422,4
BRD-K23204545,busulfan,3,-0.28112003,-0.27891284,-0.28924948,-0.26636901,3
BRD-K03067624,emetine,1,-0.28111738,-0.28111738,-0.28111738,-0.28111738,1
BRD-K06557128,voriconazole,4,-0.28109805,-0.2853475875,-0.42419046,-0.15500379,4
BRD-K49807096,benazepril,7,-0.2810955,-0.26969894714285714,-0.3233593,-0.14407043,7
BRD-K76534306,enrofloxacin,4,-0.281048325,-0.26787792,-0.28911942,-0.22029561,4
BRD-A74667430,etodolac,12,-0.28102228,-0.27735682333333334,-0.3476254,-0.219009,12
BRD-K32830106,guanfacine,6,-0.28101182,-0.29449428666666666,-0.3744023,-0.23093468,6
BRD-A51820102,econazole,3,-0.2809668,-0.3080301933333333,-0.39134562,-0.25177816,3
BRD-K06024458,N-arachidonyl-GABA,8,-0.280944095,-0.27897946375,-0.3305524,-0.21149726,8
BRD-K04010869,prostaglandin-a1,13,-0.28089905,-0.27349887461538464,-0.31689006,-0.21013346,13
BRD-A09062839,amyleine,6,-0.28089585,-0.2752112,-0.32711428,-0.22407745,6
BRD-K99615199,medroxyprogesterone,3,-0.28089434,-0.2703582466666667,-0.30275086,-0.22742954,3
BRD-A30205217,ethotoin,4,-0.28089264,-0.28153392,-0.32514316,-0.23920724,4
BRD-K00088062,cyanoquinoline-11,9,-0.28087586,-0.27848020444444443,-0.34099722,-0.20831671,9
BRD-K86161929,cortisone,4,-0.28086112500000004,-0.26503759,-0.31249318,-0.18593493,4
BRD-K92049597,triamterene,14,-0.280850485,-0.29143372928571426,-0.3822298,-0.23435877,14
BRD-K57718010,pentylenetetrazol,5,-0.28083917,-0.293714596,-0.39687297,-0.18091628,5
BRD-K17008822,BD-1008,6,-0.280815485,-0.28531737,-0.3397237,-0.20927112,6
BRD-K04196797,oxcarbazepine,6,-0.28079774,-0.28738144000000004,-0.37415522,-0.23483543,6
BRD-K47780086,penciclovir,5,-0.28077918,-0.303932356,-0.3859604,-0.229184,5
BRD-A14566392,scopolamine,4,-0.280770315,-0.2833814,-0.32438567,-0.2475993,4
BRD-K48722833,iloperidone,5,-0.28075296,-0.299505686,-0.38012874,-0.24387565,5
BRD-K32755366,reserpic-acid,5,-0.28068,-0.286301276,-0.3696781,-0.20605662,5
BRD-A95939040,sertaconazole,7,-0.2806583,-0.2772807185714286,-0.32371444,-0.20357937,7
BRD-K96809896,SKF-86002,3,-0.2806306,-0.2814220733333333,-0.30575612,-0.2578795,3
BRD-K48300629,zonisamide,9,-0.2805803,-0.2939887011111111,-0.37989217,-0.21818665,9
BRD-K70914287,BIBX-1382,5,-0.2805169,-0.281531898,-0.3551315,-0.22939406,5
BRD-K21680192,mitoxantrone,7,-0.28051254,-0.2669133928571429,-0.35157216,-0.15833008,7
BRD-A77118605,D-609,3,-0.28046927,-0.2721485633333333,-0.3200013,-0.21597512,3
BRD-K00486786,Ro-08-2750,4,-0.28039545,-0.28863725,-0.36239457,-0.23136353,4
BRD-A79672927,tropicamide,6,-0.2803023,-0.29670518,-0.38853592,-0.24969476,6
BRD-K88625236,nonoxynol-9,2,-0.28028018499999996,-0.28028018499999996,-0.366874,-0.19368637,2
BRD-K93461745,buspirone,12,-0.280269,-0.27021103916666667,-0.3518534,-0.14955388,12
BRD-K41731458,triclosan,4,-0.280244215,-0.27005821500000005,-0.29655403,-0.2231904,4
BRD-K79437791,acetyl-farnesyl-cysteine,6,-0.28022119,-0.273722285,-0.29972607,-0.23286727,6
BRD-K64310881,MW-STK33-3B,3,-0.28016853,-0.28276665666666667,-0.31747016,-0.25066128,3
BRD-K73395020,ARP-101,2,-0.28013432,-0.28013432,-0.35485804,-0.2054106,2
BRD-K93080877,Ala-Ala-Phe-CMK,5,-0.28012154,-0.276073636,-0.35772026,-0.20322722,5
BRD-K27316855,calcitriol,6,-0.28009887,-0.29306329166666667,-0.40961924,-0.21415472,6
BRD-K15402119,huperzine-a,6,-0.28009319499999996,-0.284415775,-0.35465962,-0.23606391,6
BRD-K85013741,auraptene,5,-0.28009057,-0.268827584,-0.30678582,-0.22745934,5
BRD-K04210847,tamoxifen,3,-0.2800705,-0.30320517,-0.36059088,-0.26895413,3
BRD-K63979671,etifenin,6,-0.28006862,-0.26982677,-0.32023898,-0.18817136,6
BRD-A28318179,aminomethyltransferase,9,-0.2800612,-0.27819846555555555,-0.36668572,-0.19331214,9
BRD-K52219182,ICI-63197,7,-0.28004622,-0.27706397714285713,-0.34843946,-0.20211232,7
BRD-K46018455,bezafibrate,2,-0.28003455,-0.28003455,-0.3642385,-0.1958306,2
BRD-K47635719,dexamethasone,9,-0.2800109,-0.2931108777777778,-0.3506867,-0.24030726,9
BRD-K83637872,SANT-1,3,-0.27999535,-0.28392321,-0.34140718,-0.2303671,3
BRD-K39965020,doconexent,4,-0.27997380000000005,-0.2744772675,-0.30785054,-0.23011093,4
BRD-A83255679,BRD-A83255679,5,-0.27997047,-0.280460468,-0.3343683,-0.20366234,5
BRD-K68143200,NSC-95397,4,-0.279938665,-0.275406585,-0.31906044,-0.22268857,4
BRD-K54330070,SB-202190,5,-0.27986443,-0.29436891000000004,-0.33286172,-0.25766516,5
BRD-A26845397,isamoltane,6,-0.279863935,-0.2856020266666667,-0.32191163,-0.24909684,6
BRD-K82577285,dipropyl-dopamine,2,-0.279843,-0.279843,-0.29141724,-0.26826876,2
BRD-A80793822,pemoline,6,-0.27984127000000003,-0.2763690266666667,-0.33301005,-0.2161341,6
BRD-K16664969,GTP-14564,8,-0.279819445,-0.2779399575,-0.3283142,-0.21630421,8
BRD-K97274161,BRD-K97274161,4,-0.279788,-0.27224292,-0.2900366,-0.23935908,4
BRD-K51575138,TPCA-1,11,-0.27977377,-0.28367227818181817,-0.36438876,-0.2350945,11
BRD-A21858158,praziquantel,5,-0.2797474,-0.29551009,-0.41243297,-0.17743218,5
BRD-A90799790,isradipine,4,-0.27973355499999997,-0.26856432,-0.29357082,-0.22121935,4
BRD-K06890060,alda-1,13,-0.27972877,-0.27670084538461537,-0.435737,-0.16246906,13
BRD-A61599461,BRD-A61599461,5,-0.2797248,-0.282932528,-0.32808876,-0.22814146,5
BRD-K79759585,sildenafil,6,-0.27956337,-0.28771794333333334,-0.35434544,-0.2302198,6
BRD-K53878242,MMPX,4,-0.2795534,-0.279128725,-0.3123127,-0.2450954,4
BRD-K10177585,PSB-11,6,-0.27952978,-0.2831384666666667,-0.3496223,-0.23984402,6
BRD-A85860691,chaetocin,8,-0.27952584999999996,-0.28233462625,-0.38359934,-0.19585422,8
BRD-K64514229,toltrazuril,9,-0.2794872,-0.2924408544444444,-0.36108217,-0.21321785,9
BRD-K35629949,SR-27897,7,-0.2794748,-0.29202858000000004,-0.38151008,-0.20930934,7
BRD-K79366068,PSB-069,4,-0.279445665,-0.2876890175,-0.35270232,-0.23916242,4
BRD-K80738081,resveratrol,12,-0.279434685,-0.2759894158333333,-0.33976904,-0.20872322,12
BRD-K77830450,forskolin,2,-0.279425915,-0.279425915,-0.3497039,-0.20914793,2
BRD-K46068882,eugenitol,9,-0.27942416,-0.2786440955555556,-0.3655294,-0.2093071,9
BRD-K45117373,Y-26763,3,-0.2794171,-0.29257111666666663,-0.35854673,-0.23974952,3
BRD-K68190965,GR-46611,4,-0.27935406500000004,-0.2809986325,-0.32911903,-0.23616737,4
BRD-K41859756,NVP-AUY922,20,-0.279324835,-0.2828447675,-0.3758856,-0.21243802,20
BRD-K46556543,potassium-canrenoate,3,-0.27928802,-0.2524509,-0.29679587,-0.18126881,3
BRD-A49906757,scopolamine-n-oxide,5,-0.27928752,-0.285722762,-0.34773862,-0.24034205,5
BRD-K61192372,capecitabine,7,-0.27927536,-0.25922717,-0.31899077,-0.18188418,7
BRD-A55416093,colforsin,3,-0.2792586,-0.26882326666666667,-0.3233127,-0.2038985,3
BRD-A81866333,CGS-21680,2,-0.279256635,-0.279256635,-0.29020077,-0.2683125,2
BRD-K22193694,dioxybenzone,6,-0.27925317,-0.2800099716666667,-0.33200106,-0.2338647,6
BRD-K33204703,AG-370,5,-0.27923107,-0.296399112,-0.3928619,-0.23525007,5
BRD-A25569250,KI-16425,2,-0.27922294999999997,-0.27922294999999997,-0.29080918,-0.26763672,2
BRD-K80451230,zamifenacin,5,-0.27921072,-0.263049022,-0.35984635,-0.16091578,5
BRD-K03015355,forskolin,7,-0.27920464,-0.28809954428571427,-0.3752268,-0.23262125,7
BRD-K17016787,estriol,25,-0.27915984,-0.28120930439999997,-0.3624568,-0.2012552,25
BRD-K62810658,PD-98059,10,-0.27914637,-0.282609596,-0.35549033,-0.23633903,10
BRD-A87479750,tenidap,2,-0.27912895,-0.27912895,-0.27936053,-0.27889737,2
BRD-A51182606,chloramphenicol,3,-0.2791264,-0.28103558,-0.28993464,-0.2740457,3
BRD-K16508793,diazepam,8,-0.279102065,-0.287186245,-0.35732412,-0.24432743,8
BRD-A23290232,westcort,6,-0.279101905,-0.26380691,-0.32511675,-0.19630621,6
BRD-K97799481,theophylline,2,-0.27908377500000003,-0.27908377500000003,-0.28708455,-0.271083,2
BRD-A37817666,picrotoxin,6,-0.279062895,-0.306102115,-0.3782118,-0.2574464,6
BRD-A01643550,prednisolone-acetate,4,-0.279050605,-0.2812335125,-0.32804817,-0.23878467,4
BRD-K04853698,LDN-193189,8,-0.27903259,-0.29625589125,-0.40406254,-0.22937196,8
BRD-K66404838,nalbuphine,6,-0.27899356,-0.27589223333333335,-0.38331974,-0.19144031,6
BRD-K84658672,nateglinide,3,-0.27898145,-0.28164621666666667,-0.2909962,-0.274961,3
BRD-K27737647,H-89,2,-0.278974725,-0.278974725,-0.29640695,-0.2615425,2
BRD-K72726508,arcyriaflavin-a,7,-0.27897242,-0.2822836128571428,-0.33070642,-0.22062606,7
BRD-K96527333,dehydroisoandosterone,3,-0.2789598,-0.2800295,-0.31526005,-0.24586865,3
BRD-K59597909,phenothiazine,25,-0.278947,-0.2785054708,-0.35038736,-0.21456853,25
BRD-A65550283,ginsenoside,4,-0.27891855,-0.2943821975,-0.400016,-0.21967569,4
BRD-K82484965,carmoxirole,7,-0.27887696,-0.2951392457142857,-0.3648457,-0.24989285,7
BRD-K77286328,reversine,3,-0.27886766,-0.27918726666666666,-0.31110874,-0.2475854,3
BRD-A69917777,aminopentamide,6,-0.27885357,-0.2874843716666667,-0.35963959,-0.22160299,6
BRD-K04046242,equilin,15,-0.2788495,-0.27693049533333336,-0.39922822,-0.17278802,15
BRD-K03440695,boldine,3,-0.27881694,-0.30833246333333336,-0.40512103,-0.24105942,3
BRD-K92984783,melperone,15,-0.2787816,-0.27758599733333333,-0.3277219,-0.16906475,15
BRD-K50168500,canertinib,4,-0.27877034,-0.28678562750000003,-0.3180912,-0.27151063,4
BRD-K25079130,avrainvillamide-analog-4,7,-0.27873296,-0.28120349857142857,-0.33211315,-0.23190436,7
BRD-K45542189,diethylcarbamazine,6,-0.27868123499999997,-0.284486905,-0.36816913,-0.22461861,6
BRD-K21317336,phentolamine,6,-0.278674305,-0.28541801333333333,-0.366435,-0.17463847,6
BRD-K53972329,ruxolitinib,11,-0.2786685,-0.2871369927272727,-0.39232895,-0.23030454,11
BRD-K07888196,tyrphostin-AG-538,6,-0.2786593,-0.28570811833333337,-0.35309166,-0.22211125,6
BRD-K46142322,RS-67333,11,-0.27864447,-0.3016532290909091,-0.47135854,-0.2287373,11
BRD-K45435259,SCH-23390,6,-0.278588465,-0.28155932499999997,-0.33445203,-0.24231091,6
BRD-K54331210,BRD-K54331210,3,-0.27858478,-0.28485859666666663,-0.30289093,-0.27310008,3
BRD-A30977374,nifedipine,5,-0.27858415,-0.295506694,-0.41273695,-0.212832,5
BRD-A74771556,nikkomycin,6,-0.2785352,-0.26283995833333335,-0.29706648,-0.21044162,6
BRD-A39268308,epibatidine,5,-0.27852643,-0.28754462199999997,-0.35946852,-0.24602109,5
BRD-K45888792,huperzine-a,3,-0.27852482,-0.27634988666666666,-0.30757082,-0.24295402,3
BRD-K66019333,oxantel,7,-0.2785236,-0.29022513285714285,-0.36745873,-0.23346953,7
BRD-A74269027,isoxsuprine,7,-0.27852207,-0.2756230571428571,-0.3218131,-0.21201256,7
BRD-K87990216,piretanide,4,-0.27843299,-0.27405418000000004,-0.326725,-0.21262574,4
BRD-K01192156,tyrphostin-AG-112,6,-0.278330085,-0.2672726933333333,-0.3052287,-0.21118858,6
BRD-A47494775,dipivefrine,2,-0.278316075,-0.278316075,-0.2958626,-0.26076955,2
BRD-A85280935,quinpirole,2,-0.27829539999999997,-0.27829539999999997,-0.2846663,-0.2719245,2
BRD-K30990140,FR-122047,3,-0.27829117,-0.27506876666666663,-0.28886923,-0.2580459,3
BRD-K00627859,tubastatin-a,34,-0.27828532,-0.28007277058823526,-0.40115517,-0.20056075,34
BRD-K64642496,KO-143,8,-0.27826788,-0.27089810375,-0.33326444,-0.1960764,8
BRD-A85424553,thioperamide,7,-0.27819398,-0.2746263585714286,-0.294339,-0.242328,7
BRD-K95609758,BMS-191011,12,-0.27818755,-0.2835703175,-0.32663673,-0.24379236,12
BRD-K01507359,rifampicin,12,-0.27818619,-0.2832819675,-0.3569851,-0.21663655,12
BRD-K07265709,dexrazoxane,5,-0.2781765,-0.289834824,-0.38235044,-0.23082232,5
BRD-K20285085,fostamatinib,11,-0.27809945,-0.27372661909090906,-0.34179533,-0.20746888,11
BRD-K53979406,ALX-5407,4,-0.27807993,-0.2807346075,-0.29798344,-0.26879513,4
BRD-K76674262,homoharringtonine,18,-0.27807328499999995,-0.2853846261111111,-0.3631273,-0.20437996,18
BRD-A57457122,VU-0400071-3,6,-0.27806653000000003,-0.299923525,-0.4586764,-0.21312717,6
BRD-K05653692,DL-PDMP,20,-0.27797739,-0.29419411549999996,-0.4096471,-0.22095963,20
BRD-K43245338,MDL-28170,3,-0.27791244,-0.30906474666666667,-0.37309736,-0.27618444,3
BRD-K89839824,raltitrexed,8,-0.277890315,-0.29059470625,-0.35613108,-0.24423395,8
BRD-K04993501,cefixime,5,-0.27787387,-0.26512558799999997,-0.2990188,-0.21581565,5
BRD-K69470111,montelukast,3,-0.27784833,-0.28818611,-0.3345082,-0.2522018,3
BRD-K33312228,halometasone,4,-0.277847635,-0.28760937,-0.36839062,-0.22635159,4
BRD-A47633927,NPC-15199,4,-0.27779305,-0.282772615,-0.33729124,-0.23821312,4
BRD-A18579359,wiskostatin,4,-0.277776465,-0.283241905,-0.35684472,-0.22056997,4
BRD-K85503079,perospirone,5,-0.27772397,-0.278446754,-0.39196587,-0.21224427,5
BRD-K19796430,sonidegib,2,-0.277723,-0.277723,-0.28461787,-0.27082813,2
BRD-K40887525,ritanserin,7,-0.27763265,-0.2611187942857143,-0.32558328,-0.189174,7
BRD-K09471561,levofloxacin,1,-0.27761355,-0.27761355,-0.27761355,-0.27761355,1
BRD-K94325918,kinetin-riboside,9,-0.27758798,-0.27224789666666666,-0.40575796,-0.179072,9
BRD-A60070924,alpha-estradiol,23,-0.27750558,-0.27830678043478263,-0.37668988,-0.1733942,23
BRD-K82091397,SB-239063,4,-0.27748486,-0.2809292725,-0.32426894,-0.24447843,4
BRD-K30480208,torasemide,10,-0.27747941,-0.284718071,-0.34079564,-0.22367123,10
BRD-K11433652,aspirin,6,-0.27747104,-0.2700201816666667,-0.31848568,-0.20520428,6
BRD-K86204871,terconazole,4,-0.27744329,-0.2787194375,-0.318255,-0.24173617,4
BRD-A15435692,BMY-14802,6,-0.27742924999999996,-0.2810757366666667,-0.33801404,-0.2253023,6
BRD-K14965640,ibuprofen-(S),10,-0.277423855,-0.291715542,-0.38638055,-0.23407392,10
BRD-K61177364,NBI-27914,5,-0.27741563,-0.278455066,-0.3509078,-0.22658959,5
BRD-K74514084,pazopanib,8,-0.277358185,-0.27356543,-0.327959,-0.21910521,8
BRD-K77998258,ganglioside,7,-0.27732295,-0.2821508714285714,-0.3427866,-0.22792748,7
BRD-K69932463,AZD-8055,3,-0.2772864,-0.2547459733333333,-0.2976857,-0.18926582,3
BRD-K71823332,epothilone-a,4,-0.27728296500000005,-0.267952805,-0.29595786,-0.22128743,4
BRD-K94294671,OSI-027,7,-0.27727824,-0.2895206885714286,-0.38814008,-0.23326412,7
BRD-A93255169,thalidomide,22,-0.277256475,-0.2710878922727273,-0.3843465,-0.19261377,22
BRD-K09499853,KU-0060648,10,-0.27721538999999995,-0.284928023,-0.38466775,-0.2213687,10
BRD-K54987996,CAY-10578,6,-0.27721371,-0.28336831,-0.3322485,-0.24508893,6
BRD-A78391468,prednisolone-hemisuccinate,8,-0.277195765,-0.276880725,-0.3429369,-0.1876366,8
BRD-K30189597,SYK-inhibitor,7,-0.27719337,-0.28589829857142857,-0.38399142,-0.17864935,7
BRD-A02759312,betaxolol,8,-0.27716754,-0.28187698625,-0.35667685,-0.2021717,8
BRD-K44353683,nateglinide,5,-0.27714425,-0.274924012,-0.3304415,-0.23308681,5
BRD-K00610438,altanserin,10,-0.27711956000000004,-0.285226788,-0.35830224,-0.23965266,10
BRD-K40530731,hyoscyamine,7,-0.27711064,-0.2902203914285714,-0.33489555,-0.2538903,7
BRD-K52512893,SC-19220,4,-0.2771032,-0.271736315,-0.3185981,-0.21414076,4
BRD-K60174629,z-prolyl-prolinal,3,-0.27704778,-0.27709233333333333,-0.32234246,-0.23188676,3
BRD-K20141153,atomoxetine,8,-0.277003125,-0.27663931875000003,-0.31986845,-0.24354896,8
BRD-A74980173,gatifloxacin,3,-0.27698117,-0.24707524333333333,-0.2863384,-0.17790616,3
BRD-A77824596,fluocinolone,3,-0.2769163,-0.28902491,-0.35739398,-0.23276445,3
BRD-K30697463,desoximetasone,3,-0.27690467,-0.2805694033333333,-0.29132536,-0.27347818,3
BRD-K43290182,Ro-04-6790,3,-0.27689517,-0.30326940666666663,-0.38985693,-0.24305612,3
BRD-K08273968,griseofulvin,7,-0.2768915,-0.2985322985714286,-0.34763455,-0.26604712,7
BRD-A42423104,benproperine,2,-0.27682559500000004,-0.27682559500000004,-0.30512643,-0.24852476,2
BRD-K53318339,vinpocetine,6,-0.27682545999999997,-0.28756414,-0.34044147,-0.24744016,6
BRD-K08252256,diclofenac,13,-0.27681524,-0.2845581184615385,-0.39928362,-0.20042318,13
BRD-A24122750,saclofen,5,-0.27681363,-0.316300146,-0.39200503,-0.27046037,5
BRD-K38003476,clocortolone-pivalate,8,-0.27677280000000004,-0.28329455625,-0.33374628,-0.25072584,8
BRD-K88568253,iproniazid,5,-0.27676398,-0.270952292,-0.336448,-0.21673472,5
BRD-A94451536,2-fluoropalmitic-acid,7,-0.2767511,-0.2736735057142857,-0.3620153,-0.16734634,7
BRD-K97752965,nicorandil,4,-0.27674006,-0.2916937975,-0.3817554,-0.23153967,4
BRD-K92093830,doxorubicin,11,-0.27672195,-0.30291766181818186,-0.4265694,-0.23392653,11
BRD-A19500257,geldanamycin,128,-0.27672164,-0.27810052828125,-0.43164593,-0.17065659,128
BRD-K33860217,CP-94253,4,-0.276688085,-0.2728699,-0.30237186,-0.23573157,4
BRD-K12765235,carbenoxolone,4,-0.27666606,-0.29198597,-0.35604876,-0.258563,4
BRD-K10995081,perphenazine,6,-0.27664798999999995,-0.2707011183333333,-0.32316798,-0.20918249,6
BRD-K02953697,naringin,5,-0.27662244,-0.29785794,-0.37406573,-0.26760614,5
BRD-K02992638,lamivudine,11,-0.27657586,-0.28263623272727273,-0.40434915,-0.18088955,11
BRD-K43978949,PIT,4,-0.276569545,-0.271608365,-0.3321029,-0.20119147,4
BRD-K72166146,dihydroergotamine,8,-0.276546925,-0.27319675,-0.33085465,-0.21918875,8
BRD-K63792901,arecaidine-but-2-ynyl-ester,5,-0.27653942,-0.27689481000000005,-0.36433995,-0.20298308,5
BRD-K49111258,prazosin,6,-0.276533935,-0.28432067,-0.37887594,-0.1949307,6
BRD-K85133207,HDAC1-selective,30,-0.276472215,-0.28265659200000004,-0.41500714,-0.20006514,30
BRD-A62025033,temsirolimus,2,-0.27646419499999997,-0.27646419499999997,-0.28552073,-0.26740766,2
BRD-K64341947,CFM-1571,3,-0.27645403,-0.26311287333333333,-0.33306682,-0.17981777,3
BRD-K53123955,niridazole,7,-0.27644265,-0.24934449,-0.29871172,-0.18820955,7
BRD-K18036262,L-168049,3,-0.2764284,-0.265183,-0.30906832,-0.21005228,3
BRD-K43744935,tamoxifen,5,-0.27638224,-0.27273954199999995,-0.31045657,-0.22951022,5
BRD-K46212057,voriconazole,6,-0.276354985,-0.2842502966666667,-0.34375846,-0.21674238,6
BRD-A16700644,isoxsuprine,3,-0.27631092,-0.27930760000000004,-0.3257048,-0.23590708,3
BRD-K14880289,GW-501516,4,-0.27629991,-0.274072855,-0.29849857,-0.24519303,4
BRD-K29458283,chlorambucil,8,-0.276276765,-0.2750131125,-0.32895076,-0.18047456,8
BRD-A27143604,diarylpropionitrile,6,-0.27625692999999996,-0.27760225666666666,-0.2994727,-0.25797853,6
BRD-A67373739,AICA-ribonucleotide,9,-0.27624375,-0.27974600777777775,-0.38444877,-0.19412662,9
BRD-K72034655,peucedanin,2,-0.276229785,-0.276229785,-0.29961553,-0.25284404,2
BRD-K77690805,BRD-K77690805,16,-0.27620802499999997,-0.268926570625,-0.31906998,-0.18881524,16
BRD-K90543092,levonorgestrel,2,-0.27618315,-0.27618315,-0.2979113,-0.254455,2
BRD-K19216856,epigallocatechin,4,-0.27617455,-0.26258457,-0.29069185,-0.20729733,4
BRD-K33818169,GW-3965,9,-0.27613834,-0.2727644677777778,-0.34157765,-0.19256683,9
BRD-K34415467,trimethobenzamide,8,-0.276133965,-0.276434575,-0.39279652,-0.18400203,8
BRD-A79465854,auranofin,16,-0.27611472000000004,-0.285560995625,-0.3979091,-0.21267474,16
BRD-K85119730,tolbutamide,11,-0.27607518,-0.27948729818181817,-0.34115386,-0.20599085,11
BRD-K87226815,cycloserine-(d),9,-0.27607173,-0.3110289044444444,-0.4230284,-0.24084803,9
BRD-K67868012,PI-103,2,-0.27606474999999997,-0.27606474999999997,-0.32662448,-0.22550502,2
BRD-K51781482,IKK3-inhibitor-IX,4,-0.276023925,-0.2806242325,-0.35950798,-0.2109411,4
BRD-A14966924,alaproclate,5,-0.27601668,-0.28536626200000004,-0.3735003,-0.20547473,5
BRD-K39621635,artemether,3,-0.27601525,-0.26139250333333336,-0.28766203,-0.22050023,3
BRD-A97104540,fenoterol,12,-0.27598995,-0.27165631416666663,-0.32255834,-0.21821386,12
BRD-A48570745,ivermectin,5,-0.27597544,-0.28910950199999996,-0.3550576,-0.25050253,5
BRD-A52326238,isogedunin,5,-0.2759749,-0.27181818,-0.3151257,-0.2229813,5
BRD-A80151636,bromocriptine,9,-0.27585596,-0.28330616888888893,-0.3750279,-0.22152793,9
BRD-K15567136,papaverine,2,-0.27584183,-0.27584183,-0.28558096,-0.2661027,2
BRD-A75517195,thiazolopyrimidine,19,-0.27583307,-0.27497477789473684,-0.4168623,-0.20155612,19
BRD-K09991945,GSK-3-inhibitor-II,12,-0.27581259999999996,-0.2874736608333333,-0.35364598,-0.23280323,12
BRD-K96670504,lonidamine,7,-0.27579647,-0.27859913714285717,-0.32734144,-0.22325677,7
BRD-K70751730,BRD-K70751730,7,-0.27578822,-0.27053162428571426,-0.34492245,-0.202677,7
BRD-K51485625,ritonavir,5,-0.27577764,-0.2744078,-0.36091855,-0.19332002,5
BRD-K16406336,methylene-blue,12,-0.27574990499999996,-0.27748703916666667,-0.38916445,-0.19708623,12
BRD-A71799696,BH3I-1,5,-0.27574456,-0.28463805400000003,-0.38673168,-0.22114865,5
BRD-K10974103,diloxanide,7,-0.27573502,-0.2789980771428571,-0.34508276,-0.17479396,7
BRD-K52721684,PCO-400,7,-0.27567643,-0.26931022,-0.3493002,-0.183678,7
BRD-A30815329,felodipine,13,-0.27566984,-0.2768415961538462,-0.3669486,-0.18362385,13
BRD-K51918615,iodophenpropit,4,-0.275662215,-0.278085225,-0.32958043,-0.23143604,4
BRD-K93880783,stavudine,6,-0.27564247,-0.29227365,-0.39597052,-0.2214509,6
BRD-A28746609,paclitaxel,7,-0.275626,-0.27861746,-0.3463633,-0.21754026,7
BRD-K47323024,methapyrilene,2,-0.27562284,-0.27562284,-0.3285666,-0.22267908,2
BRD-A02176148,tubaic-acid,5,-0.275617,-0.267290454,-0.31773272,-0.20728123,5
BRD-K45158365,valsartan,7,-0.2755579,-0.27200144285714284,-0.34679776,-0.18628123,7
BRD-K39391626,ethylestrenol,3,-0.27555752,-0.26539091,-0.327192,-0.19342321,3
BRD-K41707108,ceramide,3,-0.27553076,-0.30572938,-0.38404968,-0.2576077,3
BRD-A42759514,ornidazole,12,-0.27550385,-0.2735863433333333,-0.36842778,-0.20089442,12
BRD-A05186015,bupropion,14,-0.2754896,-0.2702839357142857,-0.3334548,-0.21256277,14
BRD-A59303141,quinethazone,5,-0.27546343,-0.255800736,-0.30804998,-0.17821121,5
BRD-A72988804,tiaprofenic-acid,2,-0.27538295,-0.27538295,-0.33444822,-0.21631768,2
BRD-K82746043,navitoclax,7,-0.27530044,-0.2630775928571429,-0.3206198,-0.18041146,7
BRD-K98684188,GSK-0660,2,-0.27529379499999995,-0.27529379499999995,-0.28492194,-0.26566565,2
BRD-K36452089,tert-butylhydroquinone,11,-0.27522692,-0.2898481072727273,-0.3779261,-0.21606241,11
BRD-K25875056,SC-9,8,-0.27522497999999995,-0.27622098875,-0.3412574,-0.22078574,8
BRD-K54462405,doxepin,10,-0.27520992499999997,-0.292967973,-0.36800724,-0.22622123,10
BRD-K60640630,mometasone,4,-0.27517633500000005,-0.2754766125,-0.31950074,-0.23205304,4
BRD-M72442222,vicriviroc,1,-0.2751754,-0.2751754,-0.2751754,-0.2751754,1
BRD-A49160188,donepezil,4,-0.275165135,-0.269559745,-0.31627595,-0.21163276,4
BRD-K97951054,BRD-K97951054,4,-0.27511013500000003,-0.3008994225,-0.40712637,-0.24625105,4
BRD-K63675182,triflupromazine,6,-0.27506851,-0.27280039666666667,-0.2958501,-0.2525599,6
BRD-A45664787,iloprost,5,-0.27506012,-0.274940748,-0.34163997,-0.21866582,5
BRD-A84702196,penicillin,4,-0.275044215,-0.2823827275,-0.34852672,-0.23091576,4
BRD-K53959060,indirubin,10,-0.275037675,-0.28943068800000005,-0.38576585,-0.24634042,10
BRD-K76587808,fraxetin,6,-0.275033985,-0.27525874833333336,-0.39209437,-0.20163032,6
BRD-K58550667,FK-866,9,-0.2750317,-0.26722253777777777,-0.31221515,-0.20941342,9
BRD-K37694030,doxepin,5,-0.2749598,-0.27685380400000004,-0.29787794,-0.25563836,5
BRD-K91485395,BRD-K91485395,6,-0.274942935,-0.2760901883333333,-0.3308981,-0.2220931,6
BRD-A00520476,AF-DX-116,5,-0.2749374,-0.26379812399999997,-0.30056232,-0.20636018,5
BRD-K46424862,hymecromone,6,-0.27492845,-0.283752575,-0.35490167,-0.21812575,6
BRD-K21565985,xylazine,5,-0.27481925,-0.29624861,-0.38975346,-0.23788296,5
BRD-K79905821,gabazine,3,-0.27481276,-0.27628249,-0.28626245,-0.26777226,3
BRD-A24543851,nornicotine,4,-0.27477735999999997,-0.26801933,-0.29917553,-0.22334707,4
BRD-K31542390,mycophenolic-acid,4,-0.274763885,-0.2876869325,-0.344735,-0.25648496,4
BRD-K22828899,TUL-XXI039,5,-0.2746785,-0.275010462,-0.33593473,-0.17638627,5
BRD-K87555556,amiodarone,1,-0.27464512,-0.27464512,-0.27464512,-0.27464512,1
BRD-K82688027,RG-13022,4,-0.274635815,-0.26336071499999997,-0.28492466,-0.21924657,4
BRD-K08589866,linsitinib,6,-0.274518865,-0.28698268,-0.38027585,-0.24181503,6
BRD-K64835161,ML-167,6,-0.27450868500000003,-0.28662712,-0.40622267,-0.21375486,6
BRD-K95237249,probenecid,16,-0.274487735,-0.2791176775,-0.38059938,-0.19539109,16
BRD-A90131694,alclometasone,6,-0.27445115,-0.2705723916666667,-0.3693369,-0.17143705,6
BRD-K03981224,ethisterone,5,-0.2744428,-0.26128208,-0.29606533,-0.18125069,5
BRD-A70731303,avrainvillamide-analog-5,5,-0.27442554,-0.24768960999999998,-0.2847771,-0.19002834,5
BRD-K40892394,AR-C133057XX,10,-0.27442215999999997,-0.287095785,-0.38702843,-0.19336486,10
BRD-K15842202,eudesmic-acid,1,-0.27440006,-0.27440006,-0.27440006,-0.27440006,1
BRD-K61993165,niacin,4,-0.27436676,-0.29787679499999997,-0.44112992,-0.20164374,4
BRD-K61269089,daphnetin,6,-0.27432807000000003,-0.286052615,-0.39403558,-0.21394625,6
BRD-A73929928,BRD-A73929928,3,-0.27432248,-0.2590664133333333,-0.29249668,-0.21038008,3
BRD-K56596464,QX-314,7,-0.27430984,-0.2856344457142857,-0.42285013,-0.22306162,7
BRD-K14807180,SB-221284,3,-0.2742837,-0.2792872966666667,-0.29500306,-0.26857513,3
BRD-K36627727,tamibarotene,2,-0.274280685,-0.274280685,-0.28747994,-0.26108143,2
BRD-K29733039,deforolimus,3,-0.27421516,-0.29257726333333334,-0.3572384,-0.24627823,3
BRD-A70449690,forskolin,4,-0.27416101000000004,-0.269306025,-0.34034258,-0.1885595,4
BRD-K39120595,bithionol,6,-0.27415805,-0.27981378,-0.3949909,-0.18714696,6
BRD-A24643465,homoharringtonine,4,-0.27414246,-0.2742684425,-0.33366314,-0.21512571,4
BRD-U94846492,quinine,7,-0.27412224,-0.2886908442857143,-0.3494835,-0.24374495,7
BRD-A55393291,testosterone,11,-0.2741071,-0.27674247090909093,-0.34899297,-0.18878105,11
BRD-K33572481,taurodeoxycholic-acid,4,-0.27409318,-0.2724393175,-0.28593174,-0.25563917,4
BRD-K62363391,dapsone,4,-0.27406963500000003,-0.2806210425,-0.31725323,-0.25709167,4
BRD-K00337317,NU-7441,10,-0.274015035,-0.278523394,-0.3425582,-0.2089285,10
BRD-K61250553,loperamide,7,-0.27400747,-0.2601422328571429,-0.3317743,-0.18692484,7
BRD-K82357231,desloratadine,7,-0.273993,-0.26582136,-0.32210904,-0.19749713,7
BRD-K28907958,CD-437,9,-0.2739498,-0.2782295,-0.34212756,-0.18868776,9
BRD-A96456596,FPL-55712,5,-0.27390087,-0.27255458800000004,-0.28403717,-0.26289874,5
BRD-K57954781,BRD-K57954781,3,-0.27380717,-0.27186213,-0.3140682,-0.22771102,3
BRD-K67043667,altretamine,10,-0.27370711,-0.285138938,-0.38428485,-0.2259837,10
BRD-A82238138,budesonide,7,-0.2736669,-0.3008428814285714,-0.37824655,-0.24286607,7
BRD-A07765530,epinephrine-(racemic),2,-0.27366289,-0.27366289,-0.296187,-0.25113878,2
BRD-K84421793,BRD-K84421793,4,-0.27362428499999997,-0.28487548749999997,-0.38521674,-0.20703664,4
BRD-K19136521,indirubin-3-monoxime,7,-0.2736166,-0.29121904142857147,-0.4111941,-0.1917682,7
BRD-K04546108,JAK3-inhibitor-VI,3,-0.27361116,-0.28714406333333337,-0.34048402,-0.24733701,3
BRD-K20401833,BRD-K20401833,2,-0.27359626000000004,-0.27359626000000004,-0.34719217,-0.20000035,2
BRD-K63068307,ZSTK-474,8,-0.27356763,-0.26378624625,-0.33581692,-0.20283979,8
BRD-K06221026,DUP-697,12,-0.273522065,-0.27930409083333335,-0.383229,-0.17722997,12
BRD-K43860855,iobenguane,4,-0.27350955,-0.2665161775,-0.290954,-0.22809161,4
BRD-K19360254,ergocornine,6,-0.273509505,-0.28700713333333333,-0.42298132,-0.17805177,6
BRD-K92678294,irilin-a,2,-0.273461325,-0.273461325,-0.30676436,-0.24015829,2
BRD-K53987533,fluphenazine,6,-0.273440705,-0.27129914833333335,-0.319994,-0.18922916,6
BRD-K74430258,"1,2-dichlorobenzene",8,-0.27341965,-0.2784241925,-0.355994,-0.21822996,8
BRD-K56658166,BRD-K56658166,5,-0.27340406,-0.287765042,-0.35264522,-0.22616956,5
BRD-K48692744,NU-1025,22,-0.27337589,-0.27461968863636366,-0.3945545,-0.19987117,22
BRD-K37289225,clozapine,6,-0.2733645,-0.2662226966666667,-0.34310776,-0.20680645,6
BRD-K72895815,SSR-69071,2,-0.27334064,-0.27334064,-0.2857474,-0.26093388,2
BRD-K34154330,tracazolate,6,-0.27333507,-0.28110417833333334,-0.35712463,-0.20612712,6
BRD-A65145453,ATPA,4,-0.273334725,-0.286510825,-0.33662707,-0.26274678,4
BRD-A69815203,cyclosporin-a,12,-0.27332793,-0.28016398000000003,-0.38775176,-0.20154417,12
BRD-A59174698,ritodrine,5,-0.27328956,-0.265281268,-0.30548894,-0.18175288,5
BRD-A30717181,triamcinolone,3,-0.27321926,-0.2581195566666667,-0.287722,-0.21341741,3
BRD-A32836748,leu-enkephalin,8,-0.27318247,-0.26735054125,-0.35673004,-0.18180232,8
BRD-K91601245,mercaptopurine,4,-0.273090155,-0.2871446775,-0.38779858,-0.21459982,4
BRD-K32292990,CGP-53353,5,-0.27308193,-0.27735374999999995,-0.31442034,-0.2305279,5
BRD-K37270826,mifepristone,5,-0.27305517,-0.266174886,-0.32511055,-0.19890542,5
BRD-K96084870,DMBI,3,-0.27304116,-0.2883496366666667,-0.34975582,-0.24225193,3
BRD-K70327191,benzoxiquine,4,-0.27303663,-0.2838655175,-0.37411153,-0.21527728,4
BRD-K54314721,zolmitriptan,12,-0.27301754,-0.2679888558333333,-0.32186913,-0.22528727,12
BRD-K08109516,L-701324,10,-0.27296215,-0.273633265,-0.34327546,-0.20736504,10
BRD-A94709349,metaxalone,4,-0.27295311499999997,-0.29114689,-0.4037162,-0.21496513,4
BRD-K93480852,KN-93,1,-0.27293608,-0.27293608,-0.27293608,-0.27293608,1
BRD-A26384407,chlorthalidone,13,-0.27292317,-0.27939703615384615,-0.43151316,-0.19160408,13
BRD-K72817452,BRD-K72817452,2,-0.27291796,-0.27291796,-0.2794608,-0.26637512,2
BRD-K17110974,aristolochic-acid,6,-0.27291658,-0.28066615833333336,-0.33025485,-0.25608504,6
BRD-K18135438,chenodeoxycholic-acid,5,-0.27291614,-0.264381974,-0.28055787,-0.22064766,5
BRD-K25394294,oxaprozin,10,-0.272907415,-0.26755415400000004,-0.3203967,-0.20729262,10
BRD-K43796186,benzyl-quinazolin-4-yl-amine,5,-0.27288815,-0.28108408799999995,-0.35863096,-0.2094957,5
BRD-K60476892,YC-1,7,-0.27284938,-0.28525484285714287,-0.3285572,-0.23107979,7
BRD-K68997413,PF-3845,4,-0.27283771,-0.282194745,-0.37933493,-0.20376863,4
BRD-A13946108,sulindac,1,-0.2728321,-0.2728321,-0.2728321,-0.2728321,1
BRD-K25650355,physostigmine,9,-0.2728281,-0.2929997211111111,-0.37117767,-0.22955863,9
BRD-A73368467,fexofenadine,8,-0.272801325,-0.28922841875,-0.36857074,-0.23509641,8
BRD-K38323065,phenacetin,7,-0.27277112,-0.2734322757142857,-0.32501662,-0.21156842,7
BRD-K97365803,PI-828,2,-0.27272287500000003,-0.27272287500000003,-0.34984183,-0.19560392,2
BRD-A89208012,BRD-A89208012,4,-0.27268384,-0.2541015975,-0.28204572,-0.18899299,4
BRD-K66353228,zoxazolamine,7,-0.27267003,-0.27998082,-0.38348275,-0.19346538,7
BRD-U68942961,JW-7-24-1,2,-0.272667425,-0.272667425,-0.28330988,-0.26202497,2
BRD-K19687926,lapatinib,11,-0.27265146,-0.2667758209090909,-0.31072995,-0.21295348,11
BRD-A73741725,exemestane,2,-0.27260126500000004,-0.27260126500000004,-0.3021704,-0.24303213,2
BRD-K37447567,hydrocotarnine,2,-0.272510375,-0.272510375,-0.29894722,-0.24607353,2
BRD-A99164655,dihydrexidine,4,-0.27249223,-0.27035878999999996,-0.30899155,-0.22745915,4
BRD-K60762818,desipramine,14,-0.27248916,-0.2677651328571429,-0.34636813,-0.19925389,14
BRD-A39230911,chlorphenesin-carbamate,4,-0.272487955,-0.274864435,-0.32364064,-0.23084119,4
BRD-A09533288,verapamil,19,-0.27248323,-0.2754192589473684,-0.35416514,-0.18910722,19
BRD-K81521265,dicyclohexylurea,3,-0.27247697,-0.27347179666666666,-0.28520802,-0.2627304,3
BRD-A02481876,importazole,15,-0.27244392,-0.275339726,-0.3601936,-0.19010371,15
BRD-K35723520,darinaparsin,5,-0.27241012,-0.29397959,-0.356012,-0.23993099,5
BRD-A35108200,dexamethasone,14,-0.27238377999999996,-0.2681019942857143,-0.37482828,-0.17490132,14
BRD-K06854232,AM-580,10,-0.272379785,-0.272480149,-0.32584003,-0.24499199,10
BRD-A69960130,bromocriptine,2,-0.272365105,-0.272365105,-0.30555415,-0.23917606,2
BRD-K68620903,dydrogesterone,4,-0.27233538,-0.277213685,-0.31742185,-0.24676213,4
BRD-K51350053,toremifene,7,-0.27233,-0.27488475142857144,-0.40302008,-0.16929817,7
BRD-K14609189,BRD-K14609189,3,-0.27224642,-0.28234817,-0.35595953,-0.21883856,3
BRD-A88282067,delcorine,5,-0.27223474,-0.30112078800000003,-0.37989905,-0.26693016,5
BRD-K68783079,BRD-K68783079,1,-0.2722244,-0.2722244,-0.2722244,-0.2722244,1
BRD-K28183345,proguanil,10,-0.27221889499999996,-0.274152024,-0.3825966,-0.18814911,10
BRD-K91781484,BRD-K91781484,2,-0.27221389500000004,-0.27221389500000004,-0.3135897,-0.23083809,2
BRD-A09349126,norethindrone,3,-0.27221078,-0.2848639866666667,-0.32883888,-0.2535423,3
BRD-K76805682,SB-415286,4,-0.272209335,-0.2735903425,-0.30426237,-0.24568033,4
BRD-K27184429,levocetirizine,4,-0.27220696499999997,-0.2806280725,-0.35607266,-0.2220257,4
BRD-K61314889,endo-IWR-1,24,-0.27218633999999997,-0.2712103083333333,-0.37967947,-0.19979471,24
BRD-K37206356,rhamnetin,1,-0.27217746,-0.27217746,-0.27217746,-0.27217746,1
BRD-K95435023,PHA-665752,5,-0.27216485,-0.288970344,-0.35933053,-0.23632333,5
BRD-K75958195,pizotifen,8,-0.272110515,-0.27379161750000003,-0.3355466,-0.21719205,8
BRD-K14236372,BRD-K14236372,3,-0.2720973,-0.2822737066666667,-0.3216861,-0.25303772,3
BRD-A95096829,PNU-96415E,1,-0.27205825,-0.27205825,-0.27205825,-0.27205825,1
BRD-K40965114,cyanopindolol,4,-0.27199538,-0.277246355,-0.3187094,-0.24628526,4
BRD-A76093993,cromakalim,5,-0.27199453,-0.255062362,-0.28982657,-0.21548258,5
BRD-K93367411,BRD-K93367411,11,-0.27197832,-0.2689419290909091,-0.33599705,-0.21201335,11
BRD-U08759356,EI-346-erlotinib-analog,3,-0.27197438,-0.27506795333333334,-0.2951518,-0.25807768,3
BRD-A07780951,orciprenaline,5,-0.27197036,-0.259112452,-0.29407215,-0.22001019,5
BRD-K36616567,doxepin,5,-0.2719433,-0.26126807799999996,-0.28688514,-0.2209183,5
BRD-K64785675,TG-100115,7,-0.27193767,-0.27376552000000004,-0.37265608,-0.19945878,7
BRD-K26947839,BRD-K26947839,5,-0.27193224,-0.282558918,-0.3241939,-0.2396875,5
BRD-K35498378,alrestatin,8,-0.271915085,-0.28893464125,-0.4045705,-0.22222331,8
BRD-A74500471,ethambutol,3,-0.2718678,-0.28885009,-0.32912487,-0.2655576,3
BRD-K11630072,carmofur,3,-0.27185017,-0.2658053733333333,-0.29103586,-0.23453009,3
BRD-K08556791,ethoprop,2,-0.27184751500000004,-0.27184751500000004,-0.27665198,-0.26704305,2
BRD-A20239487,atenolol-(+/-),5,-0.27183402,-0.260136014,-0.3074345,-0.16995147,5
BRD-K88358234,xaliproden,4,-0.271815075,-0.2818222475,-0.33935338,-0.24430546,4
BRD-K12516989,zaprinast,6,-0.27174774999999995,-0.26590368666666664,-0.3127001,-0.20445246,6
BRD-K44094599,tacrolimus,6,-0.27174493499999997,-0.291272245,-0.3671646,-0.23615822,6
BRD-A16332958,modafinil,7,-0.27166915,-0.28858236,-0.38010594,-0.21767,7
BRD-K43149758,myricetin,5,-0.271632,-0.304527554,-0.3682022,-0.2533778,5
BRD-A04308630,genipin,3,-0.2715897,-0.2733703966666667,-0.28462157,-0.26389992,3
BRD-A71009679,KU-C103420N,7,-0.27158946,-0.2793778842857143,-0.3879293,-0.21572366,7
BRD-K66874953,pifithrin-alpha,6,-0.27156853000000003,-0.2705599616666667,-0.32961568,-0.21899836,6
BRD-A62809825,thapsigargin,2,-0.271538775,-0.271538775,-0.27341887,-0.26965868,2
BRD-A67799922,phenoxybenzamine,11,-0.27150893,-0.2659327545454545,-0.35886964,-0.17754124,11
BRD-K69032158,diprotin-a,3,-0.271501,-0.2596821166666667,-0.27490795,-0.2326374,3
BRD-K81418486,vorinostat,62,-0.271449,-0.2745789280645161,-0.386278,-0.18200916,62
BRD-A20126139,medrysone,5,-0.27136335,-0.269491952,-0.29148084,-0.23999073,5
BRD-K60230970,MG-132,5,-0.2713332,-0.271037472,-0.33521113,-0.20771474,5
BRD-A72483914,spiroxatrine,3,-0.2713105,-0.27356584666666667,-0.28062242,-0.26876462,3
BRD-K42260897,ezetimibe,5,-0.27116367,-0.281563332,-0.3426599,-0.23620698,5
BRD-A14985772,L-ascorbyl-6-palmitate,10,-0.271156785,-0.288878956,-0.36349678,-0.24719356,10
BRD-M40783228,mesna,4,-0.27114539000000004,-0.26362338750000003,-0.32482415,-0.18737862,4
BRD-A82371568,clofarabine,4,-0.271087035,-0.26278168749999997,-0.2945149,-0.21443778,4
BRD-K98548675,parthenolide,2,-0.271070005,-0.271070005,-0.28850597,-0.25363404,2
BRD-K15108141,gemcitabine,13,-0.2710538,-0.26602045076923075,-0.37086788,-0.17463946,13
BRD-K97061094,azacyclonol,7,-0.27102473,-0.28257832857142856,-0.34133005,-0.23445521,7
BRD-K30240666,clemastine,6,-0.271008405,-0.26230561166666666,-0.29857242,-0.18425784,6
BRD-K95899059,LY-344864,4,-0.270955225,-0.2778037575,-0.34469354,-0.22461104,4
BRD-K84566043,fenpiverinium,4,-0.27093717500000003,-0.28064221,-0.35835248,-0.22234201,4
BRD-K22947005,dexbrompheniramine,4,-0.270917295,-0.2698739525,-0.29915446,-0.23850676,4
BRD-K16444452,ibudilast,9,-0.2708892,-0.26665069444444445,-0.33921927,-0.20755857,9
BRD-K84937637,sirolimus,7,-0.27084678,-0.2934982714285714,-0.38233656,-0.23077996,7
BRD-K47105409,AG-490,4,-0.27084086500000004,-0.2726881825,-0.31874198,-0.23032902,4
BRD-A35623999,CGP-37157,5,-0.27083942,-0.279957818,-0.34824875,-0.22695935,5
BRD-A22143024,estropipate,5,-0.2708041,-0.30023157,-0.39297658,-0.24905375,5
BRD-K09485525,GANT-61,5,-0.2707798,-0.26706988000000004,-0.28524303,-0.24188781,5
BRD-K09790412,H-9,2,-0.270766525,-0.270766525,-0.33580762,-0.20572543,2
BRD-K63913457,eicosatrienoic-acid,3,-0.2707257,-0.26605234666666666,-0.3074225,-0.22000884,3
BRD-K95655893,MAZ-51,5,-0.2706863,-0.267374836,-0.30616617,-0.20853493,5
BRD-K09186807,KIN001-244,8,-0.27066067000000005,-0.2744364425,-0.34435368,-0.23606114,8
BRD-K08132273,tyrphostin,5,-0.27064776,-0.27106250200000004,-0.31449747,-0.20804238,5
BRD-A17535965,gelsemine,1,-0.27064228,-0.27064228,-0.27064228,-0.27064228,1
BRD-A90311807,cilastatin,7,-0.27063128,-0.2744665857142857,-0.33214614,-0.21732815,7
BRD-K70693222,BRD-K70693222,12,-0.2706199,-0.284298605,-0.3864494,-0.21653591,12
BRD-K96799727,pifithrin-mu,13,-0.27060807,-0.2688996507692308,-0.31174266,-0.19185384,13
BRD-K12184916,NVP-BEZ235,4,-0.27059266000000004,-0.27006591,-0.3054395,-0.23363882,4
BRD-A53077924,tianeptine,2,-0.270567565,-0.270567565,-0.2834149,-0.25772023,2
BRD-A06352508,SB-218078,7,-0.27055973,-0.28504846857142857,-0.39764,-0.21330377,7
BRD-K49577446,flunisolide,9,-0.27053672,-0.28747565444444445,-0.3795973,-0.2108452,9
BRD-K67506692,tyrphostin-AG-126,2,-0.270504715,-0.270504715,-0.315076,-0.22593343,2
BRD-K90789829,nefazodone,8,-0.270499455,-0.2704000075,-0.35365534,-0.19527484,8
BRD-K20338176,cefaclor,4,-0.270406825,-0.26954542,-0.29952532,-0.23784271,4
BRD-K19894101,MST-312,6,-0.27040459,-0.2766718816666667,-0.32818335,-0.24395587,6
BRD-A55756846,H-7,5,-0.27039987,-0.255841598,-0.27316356,-0.2226053,5
BRD-K15868788,SDZ-205-557,5,-0.27037424,-0.28896505,-0.38182768,-0.24214219,5
BRD-K12357156,AG-490,3,-0.27036646,-0.27689096333333335,-0.30443013,-0.2558763,3
BRD-A22684332,procaterol,3,-0.2703561,-0.2606786033333333,-0.28652415,-0.22515556,3
BRD-K65417056,meprylcaine,6,-0.27034935,-0.26070292333333334,-0.32188082,-0.1995754,6
BRD-K04710043,hexamethylenebisacetamide,5,-0.27033454,-0.293187418,-0.387114,-0.21836032,5
BRD-K29313308,HDAC3-selective,29,-0.27027807,-0.27098097379310343,-0.40660936,-0.18239959,29
BRD-A70514680,articaine,5,-0.27024102,-0.271909446,-0.3111604,-0.22428055,5
BRD-K11717138,benzbromarone,7,-0.27023286,-0.2954869714285714,-0.37292147,-0.24690336,7
BRD-K55191674,benzylpenicillin,3,-0.2702249,-0.2727742166666666,-0.30988646,-0.23821129,3
BRD-A37837077,cyclazosin,3,-0.27016604,-0.28698393333333333,-0.3660125,-0.22477326,3
BRD-K14643723,4-(2-amino-ethyl)-benzenesulfonamide,4,-0.27015774,-0.265872815,-0.2954235,-0.22775228,4
BRD-K60770992,pergolide,12,-0.27009934999999996,-0.2860538425,-0.3868444,-0.20925403,12
BRD-A33168282,sotalol,11,-0.27005905,-0.2707707754545454,-0.3870195,-0.18377368,11
BRD-K37848908,ceforanide,6,-0.27001605,-0.27711370500000004,-0.37744755,-0.22031815,6
BRD-K83636919,entacapone,6,-0.269956425,-0.265988835,-0.29915538,-0.21635082,6
BRD-K92778217,mefenamic-acid,10,-0.269948035,-0.279513366,-0.35097262,-0.22619629,10
BRD-K39187410,BRD-K39187410,7,-0.26993445,-0.29330353428571426,-0.40805948,-0.20517123,7
BRD-A63667919,methylergometrine,2,-0.26990331,-0.26990331,-0.2995925,-0.24021412,2
BRD-A40639672,ketorolac,11,-0.26987755,-0.2724911736363636,-0.35739052,-0.17974122,11
BRD-K26134695,calpeptin,4,-0.26987716,-0.2590015775,-0.30168936,-0.19456263,4
BRD-A49046702,SKF-89976A,5,-0.26985565,-0.26957707000000003,-0.30804878,-0.2425591,5
BRD-A24228527,ofloxacin,7,-0.26983678,-0.28428495000000004,-0.34163988,-0.23555133,7
BRD-K37516142,idebenone,7,-0.26982594,-0.26281509428571426,-0.32265142,-0.21687233,7
BRD-K01265221,BRD-K01265221,4,-0.26981386,-0.25555831500000004,-0.28752264,-0.1950829,4
BRD-A73581086,ergometrine,6,-0.26980078500000004,-0.27066830999999997,-0.36316106,-0.18767071,6
BRD-A92651262,nalbuphine,5,-0.26979086,-0.271082908,-0.30467826,-0.24021077,5
BRD-K15933101,ropinirole,7,-0.2697759,-0.28337718,-0.41685823,-0.2053996,7
BRD-K66792149,quinoclamine,5,-0.26972142,-0.265349008,-0.31363377,-0.2022827,5
BRD-K62206109,VUF-5681,6,-0.26968314000000004,-0.2855998183333333,-0.37878633,-0.24140328,6
BRD-K68264559,brimonidine,8,-0.26966456,-0.26181160625,-0.31073722,-0.2123548,8
BRD-K90553655,testosterone,2,-0.269562015,-0.269562015,-0.33565116,-0.20347287,2
BRD-K26657438,imiquimod,6,-0.269557355,-0.2793682733333333,-0.4059965,-0.1970428,6
BRD-K83144676,olmesartan,1,-0.269501,-0.269501,-0.269501,-0.269501,1
BRD-K36009368,NNC-63-0532,3,-0.2694847,-0.2668444466666667,-0.3360849,-0.19496374,3
BRD-A05874290,DL-TBOA,9,-0.2694729,-0.27854135999999996,-0.36219424,-0.20269725,9
BRD-A71816415,pravastatin,3,-0.26946518,-0.26756426666666666,-0.27606237,-0.25716525,3
BRD-A29731977,17-hydroxyprogesterone-caproate,6,-0.26944733,-0.2822364233333334,-0.37763518,-0.22079647,6
BRD-K36862742,hydroflumethiazide,4,-0.2694221,-0.27087262,-0.34881252,-0.19583376,4
BRD-K76568384,PHTPP,8,-0.269385445,-0.269560195,-0.323386,-0.20692015,8
BRD-K05658747,raltegravir,6,-0.269360565,-0.2838908433333333,-0.37109947,-0.2095612,6
BRD-K52751261,TAK-715,9,-0.2693497,-0.2578172055555556,-0.38102996,-0.16843078,9
BRD-A84205515,estriol,3,-0.26934344,-0.26146978,-0.272269,-0.2427969,3
BRD-K50128260,sildenafil,12,-0.26932544,-0.27618097166666666,-0.3886339,-0.2120419,12
BRD-K34776109,glimepiride,6,-0.26930873499999997,-0.2621288016666667,-0.30973947,-0.18747151,6
BRD-K41410256,balsalazide,2,-0.269301115,-0.269301115,-0.27606815,-0.26253408,2
BRD-K67013324,luzindole,6,-0.26929061,-0.26125258,-0.3168478,-0.16956963,6
BRD-A49225603,alimemazine,2,-0.26928578999999997,-0.26928578999999997,-0.2760113,-0.26256028,2
BRD-K74761218,WT-171,1,-0.26927117,-0.26927117,-0.26927117,-0.26927117,1
BRD-K32247306,primidone,10,-0.2692609,-0.263724648,-0.34467763,-0.16926458,10
BRD-K64857848,XMD-885,8,-0.26925874,-0.268422895,-0.30994666,-0.22138417,8
BRD-A36151937,genistein,2,-0.26920949,-0.26920949,-0.29209012,-0.24632886,2
BRD-A85025557,NCS-382,6,-0.26920551000000004,-0.27445245833333337,-0.35683185,-0.1787686,6
BRD-K64517075,heliomycin,2,-0.26917672,-0.26917672,-0.27644914,-0.2619043,2
BRD-K02607075,tubocurarine,9,-0.26912394,-0.2796507411111111,-0.3908847,-0.21830429,9
BRD-A13084692,troglitazone,8,-0.26908405,-0.2715813425,-0.32550576,-0.22181776,8
BRD-K12513978,fenbufen,8,-0.26904896,-0.2720732325,-0.34415895,-0.22170046,8
BRD-K83153774,mirtazapine,5,-0.26904055,-0.26099121200000003,-0.30332175,-0.21844482,5
BRD-K70511574,HMN-214,9,-0.26900333,-0.26860826,-0.3387022,-0.20008612,9
BRD-A79226577,tropisetron,6,-0.268962855,-0.2714815666666667,-0.35416737,-0.20766675,6
BRD-A94793051,gestrinone,6,-0.268945415,-0.28187785666666665,-0.39146465,-0.2012161,6
BRD-A71390734,idarubicin,8,-0.268903275,-0.2779296975,-0.38514045,-0.18299332,8
BRD-K55395145,pemetrexed,11,-0.2688263,-0.26795068,-0.34155768,-0.18628839,11
BRD-K79145749,dibenzepin,4,-0.268825275,-0.25753702,-0.30214715,-0.19035038,4
BRD-K21350491,phenamil,4,-0.268777,-0.2655744075,-0.3072698,-0.21747383,4
BRD-K02965346,SU-11274,5,-0.26876184,-0.272826006,-0.3200031,-0.21399829,5
BRD-A13122391,triptolide,2,-0.268756315,-0.268756315,-0.27907857,-0.25843406,2
BRD-K71430621,clobenpropit,10,-0.268713965,-0.273855001,-0.3578034,-0.18883568,10
BRD-K38477985,malonoben,4,-0.26871172,-0.27894734250000003,-0.40473247,-0.17363346,4
BRD-K91938660,memantine,4,-0.268677845,-0.269107005,-0.29612857,-0.24294376,4
BRD-K73319509,PF-04217903,11,-0.26867047,-0.2744096018181818,-0.3840744,-0.16420782,11
BRD-A56012032,thiorphan,3,-0.268668,-0.26884287333333334,-0.32482618,-0.21303444,3
BRD-K55301415,abiraterone,5,-0.26858693,-0.258283898,-0.3621023,-0.1914833,5
BRD-K81839095,estrone,17,-0.26858038,-0.2766774517647059,-0.3721574,-0.22058105,17
BRD-K47278471,diphenhydramine,5,-0.26856348,-0.284375794,-0.34076542,-0.26387048,5
BRD-A67479912,progesterone,4,-0.268531205,-0.27383662,-0.33429652,-0.22398755,4
BRD-K80431395,triciribine,13,-0.2685016,-0.2708517546153846,-0.35405964,-0.20078465,13
BRD-K48029790,OBAA,2,-0.268467235,-0.268467235,-0.27987355,-0.25706092,2
BRD-K31491153,1-phenylbiguanide,1,-0.26845336,-0.26845336,-0.26845336,-0.26845336,1
BRD-M62162320,rilmenidine,4,-0.268442065,-0.26620560249999997,-0.3164001,-0.21153818,4
BRD-K39733634,L-161982,3,-0.26843765,-0.2754037166666667,-0.30614436,-0.25162914,3
BRD-K71879491,tretinoin,25,-0.26843587,-0.27940590719999997,-0.38818645,-0.18952651,25
BRD-K22878149,SB-205607,1,-0.26840997,-0.26840997,-0.26840997,-0.26840997,1
BRD-A87125127,3-matida,2,-0.26838873,-0.26838873,-0.29893395,-0.23784351,2
BRD-K66615216,moxifloxacin,6,-0.26836815,-0.25891964666666667,-0.28796384,-0.22019747,6
BRD-K90259198,W-7,3,-0.26832795,-0.2726428,-0.29643667,-0.25316378,3
BRD-A92161634,scopoline,4,-0.268327565,-0.27950429,-0.35024726,-0.23111477,4
BRD-K65786282,CGP-7930,6,-0.26826931499999995,-0.26835730333333335,-0.324262,-0.21107382,6
BRD-A19736161,ondansetron,12,-0.268261565,-0.28356562,-0.40889052,-0.23223883,12
BRD-K73397362,purmorphamine,5,-0.26825717,-0.27214031,-0.34649423,-0.19027655,5
BRD-K63915849,AS-604850,6,-0.268216805,-0.27323956,-0.32605776,-0.24194013,6
BRD-A65449987,flunisolide,5,-0.2682114,-0.286937388,-0.36164978,-0.23802623,5
BRD-K51476772,ST-638,4,-0.26818304,-0.28756682,-0.39640212,-0.21749908,4
BRD-K79684402,Ro-10-5824,4,-0.268149075,-0.2791242075,-0.36011243,-0.22008625,4
BRD-A59808129,guggulsterone,7,-0.2681343,-0.2853087542857143,-0.37985176,-0.24291286,7
BRD-A26334849,propafenone,8,-0.268108295,-0.26806194125,-0.29729176,-0.2239528,8
BRD-K13261168,quinelorane,2,-0.26810352,-0.26810352,-0.2803921,-0.25581494,2
BRD-A43940795,tetrahydropalmatine,3,-0.2680955,-0.2645161266666667,-0.28860763,-0.23684525,3
BRD-K14200658,syrosingopine,4,-0.2680851,-0.2720529275,-0.3277449,-0.22429661,4
BRD-K46678324,RHO-kinase-inhibitor-II,3,-0.26804224,-0.2705963866666667,-0.27805036,-0.26569656,3
BRD-A09161221,nomilin,2,-0.26803120999999996,-0.26803120999999996,-0.32256132,-0.2135011,2
BRD-K52313696,tacedinaline,13,-0.26802948,-0.2919141030769231,-0.37018314,-0.23155704,13
BRD-K07996107,harpagoside,9,-0.26801395,-0.27245262555555555,-0.34073633,-0.18614487,9
BRD-A35588707,teniposide,27,-0.26799455,-0.2712595751851852,-0.3580167,-0.19895513,27
BRD-K30351863,BRD-K30351863,2,-0.267965035,-0.267965035,-0.3129195,-0.22301057,2
BRD-K19507340,megestrol,10,-0.267886925,-0.274956399,-0.35207528,-0.22923781,10
BRD-K10852020,tolcapone,4,-0.26788091999999997,-0.26510192,-0.31536973,-0.20927611,4
BRD-K17674993,diflorasone,1,-0.26787955,-0.26787955,-0.26787955,-0.26787955,1
BRD-K54210043,NS-1619,10,-0.26786296,-0.29047224,-0.41839588,-0.2360823,10
BRD-A68723818,brompheniramine,4,-0.26785472499999996,-0.2673150975,-0.27691564,-0.2566353,4
BRD-K22031190,diflunisal,5,-0.26784593,-0.266249016,-0.30871353,-0.20614673,5
BRD-K01436366,XMD-1150,7,-0.2678151,-0.2758248485714286,-0.3104662,-0.2493927,7
BRD-K54094468,remoxipride,5,-0.2677875,-0.27905037,-0.33984923,-0.23646608,5
BRD-K08547377,irinotecan,13,-0.2677766,-0.2724936923076923,-0.35137814,-0.24244775,13
BRD-K64157027,ZD-2079,6,-0.26775088,-0.27927615666666666,-0.35869175,-0.21536681,6
BRD-K38436528,imipramine,15,-0.26772624,-0.27523613199999997,-0.3643272,-0.18671744,15
BRD-K63533170,AM-630,3,-0.26760763,-0.27392716333333333,-0.29448134,-0.25969252,3
BRD-K43405658,tyrphostin-AG-527,3,-0.26760197,-0.2718859333333334,-0.28944457,-0.25861126,3
BRD-A21723284,naltriben,4,-0.26759028500000004,-0.26462435,-0.3024773,-0.22083953,4
BRD-A09539288,homatropine,1,-0.2675583,-0.2675583,-0.2675583,-0.2675583,1
BRD-K19284129,salvinorin-a,1,-0.26755673,-0.26755673,-0.26755673,-0.26755673,1
BRD-A48257147,PHCCC,3,-0.26754797,-0.27310605,-0.28824925,-0.26352093,3
BRD-A57382968,piroxicam,8,-0.26754069,-0.271907135,-0.364824,-0.17733029,8
BRD-K68437527,EMF-BCA1-60,7,-0.2675099,-0.2697058157142857,-0.30523005,-0.2176669,7
BRD-K93325701,damnacanthal,4,-0.26750688,-0.26356767000000003,-0.29151356,-0.22774336,4
BRD-K32610195,androstenedione,4,-0.26750673,-0.25627650750000003,-0.28003424,-0.21005833,4
BRD-A49358627,ciprofibrate,4,-0.26745892000000004,-0.2641775525,-0.2808729,-0.24091947,4
BRD-K59522102,piperine,7,-0.26743284,-0.2890074357142857,-0.37138987,-0.20810622,7
BRD-K66788707,fludarabine,7,-0.2673714,-0.3032010114285714,-0.46784842,-0.25029084,7
BRD-A78322124,dobutamine,8,-0.26736364999999995,-0.266430565,-0.31920344,-0.2151908,8
BRD-A26711594,nicardipine,9,-0.2673471,-0.28076129555555557,-0.36639047,-0.22161838,9
BRD-K28470988,L-690330,4,-0.26732351,-0.26264730999999997,-0.2743484,-0.24159382,4
BRD-K46056750,AZD-7762,7,-0.26731417,-0.28284291142857143,-0.41833818,-0.1741122,7
BRD-K51095933,estropipate,7,-0.26730716,-0.2703809057142857,-0.3377337,-0.21618491,7
BRD-K36740062,GSK-1070916,7,-0.26730323,-0.28585883285714286,-0.40066063,-0.19859013,7
BRD-A22769835,homochlorcyclizine,8,-0.267285765,-0.26395541125,-0.35631782,-0.19303393,8
BRD-K35960502,niclosamide,12,-0.26727854,-0.267410975,-0.3405193,-0.20334494,12
BRD-A28856712,tetrahydrozoline,6,-0.2672382,-0.2711725133333333,-0.3015275,-0.24328637,6
BRD-A37541666,naloxone,1,-0.2672376,-0.2672376,-0.2672376,-0.2672376,1
BRD-A44701612,dihydroergocristine,3,-0.2672372,-0.25966451333333335,-0.2992496,-0.21250674,3
BRD-A75935363,atracurium,2,-0.267131945,-0.267131945,-0.32525092,-0.20901297,2
BRD-K22134346,simvastatin,9,-0.26707435,-0.2738702277777778,-0.38039035,-0.2168388,9
BRD-K82562631,tolmetin,3,-0.26705095,-0.2608234466666667,-0.2782676,-0.23715179,3
BRD-K87991767,umbelliferone,6,-0.26701938999999997,-0.265059475,-0.33815086,-0.17493558,6
BRD-A84389633,"tropanyl-3,5-dimethylbenzoate",6,-0.26696762,-0.28116082833333333,-0.35984832,-0.24506193,6
BRD-K05181463,L-741626,3,-0.2669518,-0.28108696666666666,-0.34448355,-0.23182555,3
BRD-K14204120,ranitidine,5,-0.26694018,-0.26523472,-0.3057142,-0.23224251,5
BRD-K90574421,ipsapirone,8,-0.26693406,-0.27294531375000003,-0.35212767,-0.183478,8
BRD-K73991644,isoquercetin,4,-0.26691986,-0.27901467,-0.35937315,-0.22284581,4
BRD-K92492521,LY-255283,4,-0.266915295,-0.247409815,-0.27550742,-0.18030125,4
BRD-A11706664,triciribine,5,-0.2669129,-0.266251368,-0.30994725,-0.22816283,5
BRD-A77299732,salubrinal,6,-0.26691036999999995,-0.2653756333333333,-0.305748,-0.22120588,6
BRD-K59197931,naproxen,5,-0.26681763,-0.295855084,-0.37315655,-0.25191924,5
BRD-A05680309,BRD-A05680309,5,-0.26670527,-0.272876494,-0.32895496,-0.24230883,5
BRD-A43849199,karakoline,5,-0.26669562,-0.283293682,-0.38370913,-0.20773679,5
BRD-K05181084,NGB-2904,3,-0.26658642,-0.23795951333333332,-0.26769662,-0.1795955,3
BRD-K65331431,retinyl-acetate,5,-0.26658428,-0.274353252,-0.38094908,-0.2158554,5
BRD-K69023402,thapsigargin,3,-0.26655537,-0.26636545,-0.28797582,-0.24456516,3
BRD-A52886023,antimycin-a,4,-0.26655443,-0.2702154025,-0.31192842,-0.23582433,4
BRD-K41713976,E-4031,11,-0.2665069,-0.26576021,-0.34557727,-0.20675191,11
BRD-K32645441,dipropyl-5ct,8,-0.26645574000000005,-0.2695505775,-0.3449879,-0.22015485,8
BRD-A42649439,triciribine,8,-0.26642655,-0.2534457,-0.32606888,-0.18953338,8
BRD-A22707317,SB-205384,4,-0.266419975,-0.273389145,-0.35078853,-0.2099281,4
BRD-K92870997,pterostilbene,1,-0.26641116,-0.26641116,-0.26641116,-0.26641116,1
BRD-A62071884,siguazodan,3,-0.26639926,-0.27800727000000003,-0.31749237,-0.25013018,3
BRD-K15891719,tenofovir,1,-0.2663552,-0.2663552,-0.2663552,-0.2663552,1
BRD-A76528577,vincristine,4,-0.26629567,-0.2614469,-0.27242383,-0.24077243,4
BRD-K68507560,dicycloverine,10,-0.26627692999999997,-0.27743345399999997,-0.35931134,-0.20969802,10
BRD-K95309561,dienestrol,39,-0.26627618,-0.2686268405128205,-0.41028148,-0.17909199,39
BRD-K53545112,CNQX,7,-0.2661984,-0.2586172357142857,-0.35513335,-0.16514155,7
BRD-K30064966,BRD-K30064966,5,-0.26618585,-0.279615006,-0.3684404,-0.23490876,5
BRD-K25836724,epitestosterone,3,-0.26617104,-0.26694748,-0.3309381,-0.2037333,3
BRD-A55815733,phylloquinone,6,-0.2661595,-0.27532343833333334,-0.34036162,-0.21221599,6
BRD-K51018020,VAMA-37,1,-0.2661494,-0.2661494,-0.2661494,-0.2661494,1
BRD-K28680267,BRD-K28680267,8,-0.26611999,-0.26628974875,-0.33327866,-0.19921905,8
BRD-K39823328,VU-0366037-2,5,-0.26608092,-0.26685038800000005,-0.28420413,-0.25529307,5
BRD-K21548250,moracizine,3,-0.26607612,-0.26007349333333335,-0.27079248,-0.24335188,3
BRD-A98283014,calmidazolium,3,-0.26606324,-0.29219010333333334,-0.37372816,-0.23677891,3
BRD-K69600043,thiethylperazine,5,-0.2660574,-0.261482734,-0.29567558,-0.22059071,5
BRD-K29582115,ziprasidone,4,-0.266051645,-0.2813097625,-0.35590538,-0.23723038,4
BRD-A69470004,BRD-A69470004,3,-0.2660321,-0.2611207566666667,-0.28160936,-0.23572081,3
BRD-A31521121,methocarbamol,6,-0.26603076000000003,-0.272279675,-0.3359089,-0.2353808,6
BRD-K53737926,amitriptyline,4,-0.26597691,-0.272911675,-0.33974034,-0.21995254,4
BRD-K18787491,U-0126,5,-0.2659096,-0.26947143,-0.31697923,-0.22872032,5
BRD-A94669766,naringenin,2,-0.265857815,-0.265857815,-0.29101062,-0.24070501,2
BRD-K23875128,RHO-kinase-inhibitor-III[rockout],10,-0.265857785,-0.275957478,-0.39069524,-0.19330654,10
BRD-K68332390,ponalrestat,6,-0.2658366,-0.2620633983333333,-0.30623442,-0.21963044,6
BRD-K40919711,BAPTA-AM,3,-0.2657404,-0.2587718,-0.3030414,-0.2075336,3
BRD-A36066264,estradiol-benzoate,7,-0.2657293,-0.27942220142857144,-0.43408477,-0.20647338,7
BRD-K76133116,benzydamine,2,-0.26569615,-0.26569615,-0.2741031,-0.2572892,2
BRD-A48631911,mibefradil,3,-0.26565236,-0.2610414366666667,-0.29724872,-0.22022323,3
BRD-A07440155,labetalol,13,-0.26563618,-0.28888732384615384,-0.36470845,-0.21710476,13
BRD-K33396764,alpha-linolenic-acid,6,-0.26562147,-0.2822785483333333,-0.3848735,-0.2322906,6
BRD-K37312348,kenpaullone,7,-0.26559222,-0.26987555,-0.35083959,-0.21303055,7
BRD-K51033547,tramadol,5,-0.2655812,-0.29600620600000005,-0.3495943,-0.25440484,5
BRD-K60274257,dephostatin,6,-0.265578925,-0.25252317333333335,-0.293284,-0.1685183,6
BRD-K40227168,vinburnine,8,-0.26554490500000005,-0.2672726025,-0.3306877,-0.20352812,8
BRD-A26095496,clobetasol,6,-0.26552908,-0.25911868,-0.299111,-0.19724315,6
BRD-K57011718,UK-356618,3,-0.2655142,-0.2673657466666666,-0.32194418,-0.21463886,3
BRD-A15297126,fluocinolone-acetonide,2,-0.26546785,-0.26546785,-0.2699473,-0.2609884,2
BRD-K35240538,methylprednisolone,4,-0.26543542,-0.2577113625,-0.2887277,-0.21124691,4
BRD-K00184207,GR-206,5,-0.26540494,-0.25775347000000004,-0.3450478,-0.16480501,5
BRD-A68631409,evodiamine,4,-0.26538071500000004,-0.2758669025,-0.32478756,-0.24791862,4
BRD-K46862739,metyrapone,11,-0.26537538,-0.27929041818181816,-0.37992257,-0.19697835,11
BRD-A15530910,SDZ-21009,2,-0.265360205,-0.265360205,-0.2906291,-0.24009131,2
BRD-A01593789,chlormadinone-acetate,5,-0.26530987,-0.242618882,-0.2780248,-0.14867988,5
BRD-K11696279,BU-239,5,-0.26530322,-0.278417322,-0.31179696,-0.2537148,5
BRD-K48195008,ethinylestradiol,3,-0.26530248,-0.2663242733333333,-0.27081624,-0.2628541,3
BRD-A14395271,mesoridazine,15,-0.26524943,-0.27195917333333336,-0.40939063,-0.19572906,15
BRD-A44448661,pentobarbital,4,-0.26521538,-0.2607430575,-0.30673015,-0.20581132,4
BRD-K20742498,RS-39604,1,-0.2651893,-0.2651893,-0.2651893,-0.2651893,1
BRD-K09132007,D-4476,3,-0.26515168,-0.23974203333333333,-0.26835382,-0.1857206,3
BRD-A54632525,BRD-A54632525,5,-0.26509205,-0.25850165999999997,-0.28896764,-0.21941271,5
BRD-A39390670,rabeprazole,2,-0.26504253499999997,-0.26504253499999997,-0.2716756,-0.25840947,2
BRD-K82941592,rosuvastatin,4,-0.26504035000000004,-0.264365915,-0.3244617,-0.20292126,4
BRD-K79425933,benperidol,6,-0.264975235,-0.25748258166666665,-0.32426533,-0.18016233,6
BRD-K13646352,midostaurin,2,-0.26495889,-0.26495889,-0.26632518,-0.2635926,2
BRD-K62012036,acitretin,4,-0.264949635,-0.274937535,-0.34792978,-0.22192109,4
BRD-K49810818,sorafenib,4,-0.26492781,-0.2717348875,-0.34805283,-0.2090311,4
BRD-K73290745,ICI-199441,7,-0.26492774,-0.27265959714285715,-0.3683203,-0.21974239,7
BRD-K77133231,PD-169316,6,-0.264861315,-0.26169917000000004,-0.3389552,-0.1624521,6
BRD-A31195449,TCB2,4,-0.264839185,-0.2767758875,-0.33720845,-0.24021673,4
BRD-K91315211,betahistine,9,-0.26483822,-0.2663691066666667,-0.34099072,-0.213782,9
BRD-K13032584,procarbazine,12,-0.26479731500000003,-0.26342564416666664,-0.349078,-0.19430646,12
BRD-K73982490,BI-78D3,3,-0.26475757,-0.28569759,-0.3673015,-0.2250337,3
BRD-A65597028,RX-821002,6,-0.26474561500000005,-0.26487771,-0.30916685,-0.22168615,6
BRD-K28296557,AKT-inhibitor-IV,18,-0.264733405,-0.27860011055555556,-0.36707705,-0.20861027,18
BRD-A77291778,cyclopentolate,6,-0.264717885,-0.2810017266666667,-0.3968066,-0.21245468,6
BRD-K31987754,oleylethanolamide,4,-0.264715805,-0.280829765,-0.37964928,-0.21423817,4
BRD-K63504947,semaxanib,5,-0.2647087,-0.3041737,-0.4742336,-0.24021338,5
BRD-K22503835,scriptaid,11,-0.26466832,-0.27333869454545456,-0.3573715,-0.20073166,11
BRD-K80334323,noretynodrel,3,-0.26460838,-0.2888250633333333,-0.36418754,-0.23767927,3
BRD-K32501161,vanoxerine,10,-0.26458274000000004,-0.28241794800000003,-0.43672323,-0.1690939,10
BRD-A46393198,tetramisole,5,-0.2645766,-0.27113467999999996,-0.3276266,-0.22041202,5
BRD-K00824317,fludroxycortide,8,-0.26454555999999996,-0.26832810125,-0.3531271,-0.19132538,8
BRD-K02123250,JNJ-38877605,3,-0.2644977,-0.2642273333333333,-0.3172595,-0.2109248,3
BRD-K81376179,TCS-359,3,-0.26446876,-0.27120025,-0.28496403,-0.26416796,3
BRD-K06895174,cisapride,14,-0.26446719,-0.25272354428571425,-0.3095612,-0.1720753,14
BRD-K06817181,"1,2,3,4,5,6-hexabromocyclohexane",3,-0.264457,-0.2573307266666667,-0.26684052,-0.24069466,3
BRD-K84085265,CG-930,6,-0.264368065,-0.27665553,-0.37188286,-0.2230068,6
BRD-K92723993,imatinib,5,-0.26422092,-0.254662488,-0.27993494,-0.22225913,5
BRD-K27141178,SB-203186,4,-0.264213785,-0.2791374,-0.33613193,-0.2519901,4
BRD-K13211965,L-741742,1,-0.26419738,-0.26419738,-0.26419738,-0.26419738,1
BRD-K10843433,phenylbutazone,8,-0.264186815,-0.26588616875,-0.35544032,-0.18534037,8
BRD-A41451487,PK-11195,11,-0.2641741,-0.27398142545454546,-0.39676344,-0.19465524,11
BRD-K80527266,triacsin-c,11,-0.26417002,-0.2823412145454545,-0.38153988,-0.22576123,11
BRD-A43974499,reboxetine,4,-0.264157235,-0.2580119375,-0.3119009,-0.19183238,4
BRD-K40624912,ZM-39923,6,-0.264103665,-0.26856784666666667,-0.32130992,-0.21740098,6
BRD-K59633790,VU-0420363-1,3,-0.2640488,-0.27062807,-0.28880608,-0.25902933,3
BRD-K31268420,NSC-693868,4,-0.26400180500000003,-0.2706765825,-0.3718859,-0.18281682,4
BRD-K27871032,lysergol,3,-0.26396656,-0.33484196000000005,-0.5028757,-0.23768362,3
BRD-K46317332,proadifen,8,-0.26392161999999997,-0.275815685,-0.347857,-0.22531454,8
BRD-A49148672,galantamine,7,-0.2639086,-0.28110841142857146,-0.3804533,-0.20130901,7
BRD-K06753942,nobiletin,8,-0.263907075,-0.2589494525,-0.29666734,-0.21884263,8
BRD-K67277431,picotamide,4,-0.26390181,-0.29367899750000004,-0.43773696,-0.20917541,4
BRD-K34581968,BMS-536924,13,-0.26389858,-0.2584768084615385,-0.33533412,-0.19309157,13
BRD-A70155556,lovastatin,1,-0.26389617,-0.26389617,-0.26389617,-0.26389617,1
BRD-A24817035,laudanosine,3,-0.26388726,-0.25925055999999996,-0.277022,-0.23684242,3
BRD-K37456065,VU-0365114-2,4,-0.26381199,-0.26753289999999996,-0.28644717,-0.25606045,4
BRD-K15522385,cinanserin,7,-0.2638082,-0.26998068285714283,-0.31318152,-0.22250342,7
BRD-A75402480,deoxycorticosterone-acetate,6,-0.263793605,-0.26608198666666666,-0.32512188,-0.2090152,6
BRD-A80641450,FR-139317,4,-0.263778775,-0.2867895275,-0.37284786,-0.2467527,4
BRD-K52397688,amperozide,2,-0.26377045499999996,-0.26377045499999996,-0.29692483,-0.23061608,2
BRD-K49685476,TTNPB,6,-0.26371992,-0.2784439183333333,-0.36091685,-0.20658746,6
BRD-K79254416,decitabine,2,-0.26366884,-0.26366884,-0.2734899,-0.25384778,2
BRD-K56800335,guanabenz,3,-0.26365992,-0.22954587,-0.26979038,-0.15518731,3
BRD-K00615600,AG-14361,26,-0.26364878,-0.26247153192307693,-0.34233347,-0.19128378,26
BRD-K70490179,rimcazole,1,-0.26361305,-0.26361305,-0.26361305,-0.26361305,1
BRD-K53220666,trimetozine,6,-0.26361166999999996,-0.2687725783333333,-0.320644,-0.21662919,6
BRD-K10860596,granisetron,2,-0.263584225,-0.263584225,-0.28460014,-0.24256831,2
BRD-K31627533,rimexolone,9,-0.26354164,-0.26807503555555556,-0.3440586,-0.19832255,9
BRD-K10207760,lasalocid,5,-0.26352927,-0.259422902,-0.2984137,-0.186274,5
BRD-K81272440,dantrolene,9,-0.26351172,-0.25965012111111113,-0.33152187,-0.19232982,9
BRD-K26801045,pipamperone,1,-0.26349193,-0.26349193,-0.26349193,-0.26349193,1
BRD-K95808480,taxifolin,3,-0.26348072,-0.25975568,-0.29361376,-0.22217256,3
BRD-K07859598,GW-5074,10,-0.26346193500000004,-0.266919189,-0.33410943,-0.19222455,10
BRD-A36707673,hydroxycholesterol,4,-0.26345858499999997,-0.259764155,-0.2903368,-0.22180265,4
BRD-K42693031,glimepiride,5,-0.2634003,-0.272030202,-0.31802586,-0.2337468,5
BRD-K24240364,GYKI-52466,6,-0.26332642500000003,-0.2685167016666667,-0.3127404,-0.24401751,6
BRD-K84987553,MDM2-inhibitor,6,-0.26330311500000003,-0.261801715,-0.29215342,-0.22161566,6
BRD-A90490067,fulvestrant,10,-0.26329990999999997,-0.278764067,-0.46315756,-0.21883944,10
BRD-K31484631,rifabutin,1,-0.2632576,-0.2632576,-0.2632576,-0.2632576,1
BRD-K11911061,GR-127935,1,-0.26325667,-0.26325667,-0.26325667,-0.26325667,1
BRD-K87158025,benzamil,6,-0.263239725,-0.26981300999999996,-0.36209893,-0.18826112,6
BRD-A20589515,dihydroxyphenylglycine,4,-0.263195435,-0.255513005,-0.28536195,-0.2102992,4
BRD-K79511609,BRD-K79511609,9,-0.26314813,-0.2696150577777778,-0.37488255,-0.2031725,9
BRD-A09472452,flecainide,16,-0.26310335,-0.282870946875,-0.46284658,-0.20616537,16
BRD-K92413528,thiazolidinecarboxylic-acid,2,-0.26308549999999997,-0.26308549999999997,-0.29874638,-0.22742462,2
BRD-K18757346,U-46619,6,-0.26307445,-0.26520437,-0.3113527,-0.21814522,6
BRD-K02590140,O-2050,3,-0.26306468,-0.26155643666666667,-0.29598343,-0.2256212,3
BRD-U44618005,WH-4023,3,-0.2630602,-0.30516693666666667,-0.40116245,-0.25127816,3
BRD-K81209512,AG-494,5,-0.26302582,-0.26999656,-0.32302958,-0.24040538,5
BRD-K73285375,BRD-K73285375,9,-0.2630045,-0.26893870111111107,-0.39772928,-0.20307824,9
BRD-K62965247,tipifarnib-P2,3,-0.26299375,-0.286783,-0.37528265,-0.2220726,3
BRD-K37618799,MRS-1220,8,-0.26298283,-0.27387271625,-0.32535428,-0.24591653,8
BRD-K12184470,flunarizine,4,-0.262916515,-0.2617842925,-0.2889886,-0.23231554,4
BRD-K76274772,MAPP-D-erythro,4,-0.26290937000000003,-0.2562997925,-0.2955087,-0.20387173,4
BRD-K00312224,PPT,4,-0.26289396,-0.26158967,-0.3259037,-0.19466706,4
BRD-A31312900,montelukast,1,-0.2628705,-0.2628705,-0.2628705,-0.2628705,1
BRD-A52650764,ingenol,6,-0.26286369499999995,-0.2633695366666667,-0.3327114,-0.20182723,6
BRD-K25504083,cytochalasin-d,7,-0.26286167,-0.2531811257142857,-0.30071193,-0.20723933,7
BRD-K07303502,arachidonyl-trifluoro-methane,10,-0.26279099,-0.278081092,-0.3948689,-0.22084627,10
BRD-K09537769,NU-7026,2,-0.26276275000000004,-0.26276275000000004,-0.2725982,-0.2529273,2
BRD-K63828191,raloxifene,71,-0.26269367,-0.26874570563380284,-0.39695096,-0.18450117,71
BRD-A68929948,DAPT-GSI-IX,5,-0.26269126,-0.257810358,-0.29194045,-0.18975708,5
BRD-K67977190,eprosartan,2,-0.262630955,-0.262630955,-0.31701577,-0.20824614,2
BRD-K91509126,piceatannol,3,-0.26262736,-0.2599626,-0.27324045,-0.24401999,3
BRD-K34170797,fexaramine,5,-0.26261535,-0.25247535600000004,-0.2864604,-0.21170405,5
BRD-K90382497,GW-843682X,13,-0.26261473,-0.25419453000000003,-0.30134386,-0.19411242,13
BRD-K50324045,avrainvillamide-analog-6,6,-0.262595395,-0.26266041333333334,-0.3272079,-0.21171433,6
BRD-K60487568,SU-4312,6,-0.26258362,-0.28335872333333334,-0.37033814,-0.2182132,6
BRD-K16478699,PLX-4720,17,-0.26258278,-0.2867974041176471,-0.39958748,-0.21149902,17
BRD-K78692225,leflunomide,2,-0.26254277000000004,-0.26254277000000004,-0.26544592,-0.25963962,2
BRD-K13810148,givinostat,1,-0.2625202,-0.2625202,-0.2625202,-0.2625202,1
BRD-A45889380,mepacrine,18,-0.262473925,-0.2891899361111111,-0.39763504,-0.2096801,18
BRD-K78280988,anandamide,8,-0.26243828,-0.28051453375,-0.3990866,-0.21941023,8
BRD-K67511046,naloxone,13,-0.26238918,-0.2814140330769231,-0.46851033,-0.18362153,13
BRD-K93754473,tamoxifen,46,-0.262344245,-0.275969095,-0.40758145,-0.16779235,46
BRD-K18194590,mephentermine,4,-0.26233697500000003,-0.2623472075,-0.33741242,-0.18730246,4
BRD-K53792571,inhibitor-BEC,3,-0.2623305,-0.26684415333333333,-0.34686518,-0.19133678,3
BRD-K77908580,entinostat,10,-0.262293485,-0.273543255,-0.35270447,-0.1987797,10
BRD-A52660433,tetrindole,1,-0.2622721,-0.2622721,-0.2622721,-0.2622721,1
BRD-K08890269,CO-102862,5,-0.26227188,-0.258592256,-0.30634487,-0.19532767,5
BRD-A64092382,mexiletine,17,-0.26220417,-0.25945768,-0.33895886,-0.17362055,17
BRD-A04706586,bucladesine,7,-0.26219824,-0.28021522,-0.37419707,-0.1974447,7
BRD-K54708045,nTZDpa,4,-0.26219399,-0.26538559,-0.31188625,-0.22526813,4
BRD-K02265150,amoxapine,15,-0.26215088,-0.26748780133333333,-0.36330307,-0.16275303,15
BRD-K26015241,ODQ,6,-0.26214655,-0.27689421166666667,-0.40542042,-0.20792246,6
BRD-K63343048,orlistat,3,-0.26213104,-0.26966230333333335,-0.2933507,-0.25350517,3
BRD-K78599730,manumycin-a,4,-0.26206152,-0.27116898500000003,-0.32966483,-0.23088807,4
BRD-K30707190,PNU-74654,2,-0.26204377,-0.26204377,-0.30358714,-0.2205004,2
BRD-K09635314,m-3M3FBS,10,-0.26199989,-0.27030076599999997,-0.37341917,-0.1894683,10
BRD-K55703048,latrepirdine,8,-0.261958165,-0.27474964875,-0.35472482,-0.23639852,8
BRD-K46766488,S-14506,6,-0.26195045,-0.26897433,-0.3217892,-0.22749583,6
BRD-K28075147,biochanin-a,3,-0.26193702,-0.30296137,-0.39393932,-0.25300777,3
BRD-K28137194,loreclezole,9,-0.26191723,-0.2591023488888889,-0.33064806,-0.19624928,9
BRD-K50311478,tosyl-phenylalanyl-chloromethyl-ketone,5,-0.26189977,-0.27168697,-0.32632706,-0.22872266,5
BRD-K18059238,gamma-linolenic-acid,3,-0.26188648,-0.2838763066666667,-0.3490495,-0.24069294,3
BRD-K09635134,L-erythro-MAPP,5,-0.2618535,-0.29288696999999997,-0.35291415,-0.25635964,5
BRD-K15025317,BAY-11-7082,7,-0.26185346,-0.25385432142857145,-0.29661423,-0.19189449,7
BRD-K31283835,tofacitinib,4,-0.261837335,-0.25325851,-0.30616668,-0.18319269,4
BRD-K42573370,avrainvillamide-analog-2,14,-0.261790935,-0.28013468214285714,-0.35896933,-0.20268121,14
BRD-K05906022,limonin,3,-0.2617857,-0.26137114666666666,-0.3453254,-0.17700234,3
BRD-K45068323,W-13,3,-0.26175407,-0.25900205000000004,-0.30817556,-0.20707652,3
BRD-K42679050,Y-27152,9,-0.2616708,-0.28532454777777777,-0.3773517,-0.22334537,9
BRD-A18917088,estradiol,5,-0.26165575,-0.284641092,-0.374279,-0.22601278,5
BRD-K32977963,eugenol,7,-0.26165247,-0.27215736714285715,-0.34181848,-0.19978324,7
BRD-A23359898,sibutramine,9,-0.26162153,-0.28073629333333333,-0.37784964,-0.23291332,9
BRD-K72903603,zidovudine,5,-0.2615764,-0.28476983,-0.38734174,-0.19358411,5
BRD-A10188456,dexamethasone,12,-0.26156896500000004,-0.27860402,-0.40173873,-0.17215544,12
BRD-K88701661,dimercaptosuccinic-acid,1,-0.2615598,-0.2615598,-0.2615598,-0.2615598,1
BRD-K96263742,GW-7647,4,-0.261449865,-0.264528805,-0.30833557,-0.22687992,4
BRD-K20986251,lithocholic-acid,6,-0.26142557,-0.2553879333333333,-0.32004133,-0.19266203,6
BRD-K77695569,tiabendazole,16,-0.261351765,-0.264378723125,-0.40996224,-0.20654689,16
BRD-K47943470,tyrphostin-51,8,-0.26133242,-0.27537880875,-0.41641682,-0.2189471,8
BRD-A38749782,fludrocortisone-acetate,3,-0.2613241,-0.2540855966666667,-0.31625873,-0.18467396,3
BRD-A84189516,baccatin-III,3,-0.2612739,-0.26363202333333335,-0.27732742,-0.25229475,3
BRD-K40901640,cinanserin,9,-0.26125968,-0.2544512911111111,-0.29761904,-0.21063933,9
BRD-K88544581,CI-976,11,-0.2612062,-0.2867079354545454,-0.4477026,-0.20324317,11
BRD-K43797669,genistein,56,-0.261148565,-0.2789717446428571,-0.43215287,-0.18683672,56
BRD-K33193182,methylnorlichexanthone,4,-0.26111262999999996,-0.25623659,-0.29753134,-0.20518976,4
BRD-K25905511,buddleoflavonoloside,3,-0.26110095,-0.26305185000000003,-0.3101669,-0.2178877,3
BRD-K32584078,BML-257,8,-0.26109069,-0.2655832225,-0.367885,-0.21481174,8
BRD-A59943784,fluticasone,4,-0.26106995,-0.2714682,-0.34456784,-0.21916506,4
BRD-A84327315,calcitriol,4,-0.2609897,-0.2710255525,-0.3529868,-0.20913601,4
BRD-K15834839,lobendazole,5,-0.26098642,-0.26021763,-0.30316424,-0.20610851,5
BRD-K36737713,AG-957,3,-0.26097423,-0.2743522533333333,-0.33992827,-0.22215426,3
BRD-K25690923,4-iodo-6-phenylpyrimidine,7,-0.26095974,-0.2633561857142857,-0.30007678,-0.21083945,7
BRD-A39646320,HC-toxin,2,-0.26092737,-0.26092737,-0.2789935,-0.24286124,2
BRD-A62057054,MDL-11939,6,-0.260905505,-0.24889139999999998,-0.28922373,-0.1749971,6
BRD-K34157611,cimetidine,9,-0.26088905,-0.26933732777777775,-0.3450395,-0.21083233,9
BRD-K28578425,cilostamide,19,-0.26086646,-0.28225556736842106,-0.43238744,-0.17973453,19
BRD-K87909389,alvocidib,7,-0.26086113,-0.2905661285714286,-0.39059576,-0.209205,7
BRD-A30435184,metergoline,1,-0.26077512,-0.26077512,-0.26077512,-0.26077512,1
BRD-A87606379,nadolol,14,-0.2607669,-0.27268390785714286,-0.41375232,-0.18397489,14
BRD-K36153907,KU-C103885,3,-0.26075608,-0.24000042666666666,-0.26349252,-0.19575268,3
BRD-K24675965,LY-288513,5,-0.26075435,-0.26962484400000003,-0.3008872,-0.23812687,5
BRD-K83988098,alvespimycin,2,-0.26072830999999996,-0.26072830999999996,-0.29276156,-0.22869506,2
BRD-K51967704,BIIB-021,2,-0.26069898,-0.26069898,-0.2934357,-0.22796226,2
BRD-K06878038,deferiprone,6,-0.26064339000000003,-0.25312640166666667,-0.27983278,-0.21701342,6
BRD-K19533706,tranilast,6,-0.26062587000000004,-0.29169023,-0.40292248,-0.24213281,6
BRD-K17894950,indirubin,13,-0.26058617,-0.2698273015384615,-0.33111104,-0.19616419,13
BRD-K14329163,BAY-K-8644-(S)-(-),7,-0.2605682,-0.2811772542857143,-0.36415118,-0.20873883,7
BRD-K48869804,icilin,2,-0.26056549,-0.26056549,-0.32350284,-0.19762814,2
BRD-A10903566,imiloxan,3,-0.26055902,-0.23583573,-0.27768517,-0.169263,3
BRD-A86109770,guggulsterone,4,-0.26053115000000004,-0.2652267775,-0.31388944,-0.22595537,4
BRD-K06198550,isorotenone,4,-0.26050746,-0.2537268825,-0.27700862,-0.21688399,4
BRD-A36630025,SN-38,17,-0.26049343,-0.2602169929411765,-0.32017836,-0.17992449,17
BRD-A96255180,ribavirin,6,-0.26047215,-0.26806552833333336,-0.3587219,-0.20224634,6
BRD-K31699485,DMeOB,6,-0.260424325,-0.26478368,-0.33952907,-0.19858293,6
BRD-K10961822,latanoprost,2,-0.260417365,-0.260417365,-0.2891888,-0.23164593,2
BRD-K40619305,larixinic-acid,4,-0.260411695,-0.26489811750000003,-0.3022889,-0.23648018,4
BRD-K88172511,naltrexone,13,-0.260346,-0.26189190461538464,-0.37295064,-0.19170222,13
BRD-A74907996,equol,17,-0.26028696,-0.26296206294117647,-0.3196602,-0.22689287,17
BRD-K48970916,danazol,11,-0.26022217,-0.2700086490909091,-0.33441943,-0.22679786,11
BRD-K76872913,benzanthrone,3,-0.2601902,-0.2648376833333333,-0.29516965,-0.2391532,3
BRD-K35708212,ouabain,4,-0.260187225,-0.2587187475,-0.31275603,-0.20174451,4
BRD-K52911425,GDC-0941,9,-0.26018354,-0.25475595333333334,-0.31320417,-0.18834549,9
BRD-K75089421,procainamide,12,-0.260112975,-0.26739924416666666,-0.33518785,-0.19656554,12
BRD-K03600606,catechin,3,-0.2601071,-0.26908355,-0.34083983,-0.20630372,3
BRD-A23683907,NAS-181,4,-0.260099595,-0.2603021825,-0.3123695,-0.20864004,4
BRD-A84174393,meloxicam,5,-0.26006877,-0.261709984,-0.36631304,-0.20386979,5
BRD-A73859745,glycodeoxycholic-acid,5,-0.2600574,-0.27157042200000003,-0.36345333,-0.22421744,5
BRD-A37052580,physostigmine,3,-0.26005405,-0.26659347666666666,-0.28650004,-0.25322634,3
BRD-K51662849,ilomastat,7,-0.26004022,-0.2549616928571429,-0.30638057,-0.18238455,7
BRD-K94080537,diethyltoluamide,6,-0.260017985,-0.27217723666666666,-0.36444736,-0.19282761,6
BRD-A25004090,erastin,17,-0.2599898,-0.2749264288235294,-0.41702938,-0.1938608,17
BRD-K68202742,trichostatin-a,14,-0.259977165,-0.2616431321428571,-0.34216872,-0.20307921,14
BRD-K67844266,pevonedistat,5,-0.2598806,-0.268417592,-0.35508275,-0.18034464,5
BRD-A62890442,3-methyl-GABA,4,-0.25981015,-0.2741105425,-0.33085465,-0.24596722,4
BRD-K96271548,coumaric-acid,2,-0.25979657500000003,-0.25979657500000003,-0.30547053,-0.21412262,2
BRD-K63606607,bufalin,3,-0.25970852,-0.23153040333333333,-0.27015904,-0.16472365,3
BRD-A71765365,mepireserpate,2,-0.259703425,-0.259703425,-0.26870477,-0.25070208,2
BRD-K12079898,PD-160170,2,-0.259697485,-0.259697485,-0.28441557,-0.2349794,2
BRD-K28360340,TW-37,2,-0.25967348,-0.25967348,-0.2661115,-0.25323546,2
BRD-K39462424,dexchlorpheniramine,2,-0.259541585,-0.259541585,-0.30974132,-0.20934185,2
BRD-K62609077,scoulerine,6,-0.25952443999999997,-0.26841694833333335,-0.34289908,-0.23058626,6
BRD-K36324071,NF-449,5,-0.2595059,-0.270054774,-0.32642955,-0.23103243,5
BRD-A41630653,BRD-A41630653,9,-0.25950518,-0.2684108177777778,-0.38354504,-0.19624132,9
BRD-A64297288,amlodipine,1,-0.25949812,-0.25949812,-0.25949812,-0.25949812,1
BRD-K40853697,STAT3-inhibitor-VI,3,-0.25947535,-0.2565117866666667,-0.29068166,-0.21937835,3
BRD-K53570330,carbofuran,8,-0.25944289499999995,-0.2674438425,-0.3815761,-0.1958274,8
BRD-A27554692,altrenogest,5,-0.259429,-0.268210416,-0.35855567,-0.18546551,5
BRD-A61856038,tremulacin,3,-0.25939232,-0.27302132,-0.3413204,-0.21835124,3
BRD-A67438293,treprostinil,8,-0.259363955,-0.25570662499999997,-0.28895706,-0.21251899,8
BRD-K13049116,BMS-754807,1,-0.2593584,-0.2593584,-0.2593584,-0.2593584,1
BRD-A61392169,eliprodil,7,-0.2593416,-0.25938921428571426,-0.33861825,-0.19796035,7
BRD-K09900591,caffeic-acid,5,-0.25930637,-0.290910876,-0.40369084,-0.23008198,5
BRD-K09963420,saquinavir,4,-0.25930108,-0.2568158575,-0.28595966,-0.22270161,4
BRD-K51418664,mitomycin-c,1,-0.2592793,-0.2592793,-0.2592793,-0.2592793,1
BRD-A96485169,EBPC,7,-0.25927234,-0.26722640285714283,-0.3537032,-0.22478595,7
BRD-K50140147,NVP-TAE684,8,-0.25915878999999997,-0.266825735,-0.37462538,-0.21618104,8
BRD-A41833852,naloxone,3,-0.25898278,-0.25794165333333335,-0.28669286,-0.22814932,3
BRD-K01638814,rilmenidine,11,-0.25896236,-0.26554078454545454,-0.33156806,-0.19961935,11
BRD-A39290993,cyproterone,5,-0.25896123,-0.27584381,-0.3352102,-0.25103667,5
BRD-K11634954,GBR-13069,6,-0.258926385,-0.26278368166666666,-0.3659726,-0.17794028,6
BRD-K28178212,GW-441756,3,-0.2588098,-0.25940505333333336,-0.30507725,-0.21432811,3
BRD-A17453586,MDL-72832,4,-0.258773385,-0.255340515,-0.2847508,-0.21906449,4
BRD-A51714012,venlafaxine,11,-0.2587509,-0.2640603518181818,-0.37884027,-0.15447989,11
BRD-K98948170,BRD-K98948170,33,-0.25874597,-0.2685564072727273,-0.34339657,-0.20529483,33
BRD-A09722536,cyclophosphamide,2,-0.25871089,-0.25871089,-0.31443584,-0.20298594,2
BRD-A62434282,goserelin,5,-0.25871062,-0.269976152,-0.3365374,-0.21340096,5
BRD-K20655524,mefexamide,4,-0.258679225,-0.2590495825,-0.28105396,-0.23778592,4
BRD-K34685430,methylergometrine,2,-0.258546505,-0.258546505,-0.28160647,-0.23548654,2
BRD-A32164164,methyllycaconitine,7,-0.25852242,-0.27987683142857145,-0.33362398,-0.24483195,7
BRD-K33864865,LY-225910,5,-0.25849158,-0.275032414,-0.33990023,-0.22416559,5
BRD-K07117950,imperatorin,5,-0.258472,-0.266635314,-0.31482875,-0.21705008,5
BRD-K59851896,calycanthine,7,-0.2584034,-0.2912544885714286,-0.373948,-0.24022429,7
BRD-A26002865,verrucarin-a,1,-0.25840008,-0.25840008,-0.25840008,-0.25840008,1
BRD-K79116891,proxymetacaine,10,-0.25839466,-0.262933935,-0.30824834,-0.21064624,10
BRD-K18250272,propoxycaine,12,-0.25837823000000004,-0.26501160416666664,-0.33309653,-0.19105917,12
BRD-K92731339,perindopril,9,-0.25837645,-0.2707789855555556,-0.3266827,-0.24246967,9
BRD-K96037667,norethindrone,3,-0.25836396,-0.25522967,-0.32443258,-0.18289247,3
BRD-A04756508,norgestimate,7,-0.25835556,-0.2673195285714286,-0.365764,-0.1923927,7
BRD-K73824630,skatole,6,-0.258328875,-0.261176515,-0.315836,-0.21779206,6
BRD-K92428232,GSK-461364,4,-0.25831574,-0.2507090625,-0.29252157,-0.1936832,4
BRD-A72596465,GW-6471,3,-0.25829956,-0.26150115333333335,-0.3187647,-0.2074392,3
BRD-K55748775,SCH-28080,6,-0.258215235,-0.2571200516666667,-0.30895615,-0.19492081,6
BRD-K67258146,BRD-K67258146,5,-0.25814334,-0.279694808,-0.4046201,-0.17255968,5
BRD-K99749624,linifanib,5,-0.2581431,-0.268855896,-0.32707918,-0.20491488,5
BRD-A10420615,cyclopiazonic-acid,8,-0.25807605,-0.25759798375,-0.29376012,-0.2127509,8
BRD-K20920669,cromoglicic-acid,4,-0.258053925,-0.2784101375,-0.35205346,-0.24547924,4
BRD-A25687296,emetine,3,-0.25803748,-0.28479420333333333,-0.35922647,-0.23711866,3
BRD-A43150328,penicillic-acid,2,-0.25801582,-0.25801582,-0.2682973,-0.24773434,2
BRD-K85242180,beta-CCP,5,-0.2579788,-0.26339031999999996,-0.32472944,-0.20667624,5
BRD-A47598013,citalopram,11,-0.25796384,-0.2599379945454545,-0.3649348,-0.20695105,11
BRD-K30867024,SB-216641,3,-0.25785404,-0.2615208433333333,-0.2928021,-0.23390639,3
BRD-K59369769,tozasertib,31,-0.25783217,-0.26436345741935485,-0.4350438,-0.17162837,31
BRD-K75641298,metoclopramide,4,-0.257754715,-0.26059141750000003,-0.29205054,-0.2348057,4
BRD-K92241597,tosedostat,8,-0.257726295,-0.25692393375,-0.31355494,-0.20731756,8
BRD-A93000692,ciglitazone,4,-0.25770986,-0.251647505,-0.3006763,-0.190494,4
BRD-K02950022,BMS-299897,2,-0.25768028,-0.25768028,-0.2617239,-0.25363666,2
BRD-A78877355,nefopam,3,-0.25766796,-0.26357822000000003,-0.29574126,-0.23732544,3
BRD-K70557564,zosuquidar,5,-0.25752997,-0.263513924,-0.31049353,-0.20925125,5
BRD-A34806832,proscillaridin,8,-0.25751712,-0.2630794825,-0.3839115,-0.20048213,8
BRD-K66766661,17-beta-estradiol,6,-0.25749569,-0.275812815,-0.3343251,-0.24531956,6
BRD-K59632282,quinidine,6,-0.257444665,-0.251959945,-0.32546657,-0.16791084,6
BRD-A02189320,met-leu-phe,5,-0.25742728,-0.257509658,-0.31120527,-0.19340952,5
BRD-A50684349,fenoldopam,10,-0.257417395,-0.270293017,-0.33108157,-0.21991737,10
BRD-A80017228,bendroflumethiazide,12,-0.25736725000000005,-0.26593485,-0.36187878,-0.20654368,12
BRD-M07438658,lapatinib,6,-0.25731745500000003,-0.27285514,-0.34280634,-0.22598553,6
BRD-K50938786,ropivacaine,3,-0.25731653,-0.27087192666666665,-0.30482897,-0.25047028,3
BRD-K37814297,acepromazine,2,-0.25726935500000003,-0.25726935500000003,-0.31783715,-0.19670156,2
BRD-K07403598,CAY-10470,2,-0.257155715,-0.257155715,-0.26344597,-0.25086546,2
BRD-K54790157,trioxsalen,8,-0.25711053500000003,-0.26224590625,-0.33358437,-0.22050756,8
BRD-A96897502,U-74389F,7,-0.25704482,-0.25929808428571427,-0.319965,-0.21647897,7
BRD-K77677632,SB-200646,3,-0.25703388,-0.24929030333333335,-0.27601993,-0.2148171,3
BRD-A98431941,ephedrine,6,-0.25696907,-0.2519702883333333,-0.29947054,-0.20604596,6
BRD-A88080608,equilin,6,-0.25693844499999996,-0.25916204666666665,-0.3424498,-0.19529665,6
BRD-A80574334,oxalomalic-acid,3,-0.25690445,-0.26509641666666667,-0.28936315,-0.24902165,3
BRD-A55594068,vinblastine,3,-0.2568738,-0.26194824333333333,-0.28605628,-0.24291465,3
BRD-K25186396,tangeritin,2,-0.256808955,-0.256808955,-0.30699804,-0.20661987,2
BRD-K60923938,veratridine,6,-0.25680229,-0.24799148833333332,-0.26712403,-0.21909311,6
BRD-K03109492,NSC-663284,4,-0.25669222,-0.2380532575,-0.29465908,-0.14416951,4
BRD-K65285700,GP-1a,5,-0.2566257,-0.27022332000000004,-0.33180368,-0.24501394,5
BRD-A78303415,hyoscyamine,5,-0.25660008,-0.274342256,-0.3839966,-0.2289021,5
BRD-A73605923,mocimycin,8,-0.25655152000000003,-0.2645672225,-0.32251254,-0.21731192,8
BRD-K71103788,duloxetine,16,-0.256523295,-0.26397936375,-0.34628683,-0.20869574,16
BRD-K59469039,tyrphostin-AG-879,3,-0.25645205,-0.27306890333333333,-0.3543914,-0.20836326,3
BRD-A93659613,GR-89696,14,-0.25644239,-0.2714004192857143,-0.42480385,-0.14773704,14
BRD-K01555864,dibenzoylmethane,6,-0.25643566,-0.26284062166666666,-0.3116895,-0.24115169,6
BRD-K29582677,flunarizine,9,-0.25637224,-0.28643949333333335,-0.4282174,-0.20220822,9
BRD-K47679368,bromfenac,4,-0.25635167000000003,-0.237592475,-0.2720355,-0.16563106,4
BRD-A22713669,BVT-948,1,-0.25630468,-0.25630468,-0.25630468,-0.25630468,1
BRD-K47717570,NBQX,9,-0.25627345,-0.2529884466666667,-0.291549,-0.21046364,9
BRD-K69556541,ryanodine,8,-0.25620563,-0.2601939,-0.30876562,-0.19768703,8
BRD-K36377456,marmesin,5,-0.25618726,-0.25219792,-0.28193462,-0.21405947,5
BRD-K56515112,medrysone,8,-0.25612250000000003,-0.25586443125,-0.3301196,-0.20976877,8
BRD-A09467419,mebeverine,9,-0.25611386,-0.25667367,-0.3132012,-0.21424407,9
BRD-K82795137,loratadine,3,-0.25610563,-0.2592098233333333,-0.27775282,-0.24377102,3
BRD-A94297859,BRD-A94297859,5,-0.2560642,-0.275924406,-0.3569585,-0.22091562,5
BRD-A87445400,yohimbine,6,-0.256054485,-0.26880248,-0.36499733,-0.21884596,6
BRD-M00539986,formoterol,9,-0.25596216,-0.2538081366666667,-0.29718012,-0.2088128,9
BRD-K82109576,vincristine,6,-0.25594149,-0.26459350333333337,-0.35196555,-0.22422904,6
BRD-K19605405,ZM-241385,6,-0.25590719500000003,-0.26042707,-0.29929,-0.2328276,6
BRD-K70883034,nimetazepam,5,-0.25590315,-0.27358738800000004,-0.3831755,-0.2161082,5
BRD-K80672993,M2-PK-activator,8,-0.25586264999999997,-0.26645714,-0.34517175,-0.19138215,8
BRD-K04185004,oxybuprocaine,5,-0.25579485,-0.276065614,-0.36410797,-0.22368973,5
BRD-K10136726,tosyllysyl-chloromethyl-ketone,6,-0.255780175,-0.27816547666666663,-0.38847947,-0.16804358,6
BRD-K39520573,GW-5074,7,-0.25572088,-0.2610801057142857,-0.31778395,-0.21964876,7
BRD-K91370081,anisomycin,4,-0.25568913,-0.24565039249999998,-0.2781011,-0.19312221,4
BRD-A50675702,fipronil,3,-0.2556639,-0.25460813666666665,-0.2982396,-0.20992091,3
BRD-K59256312,gabexate,7,-0.25558603,-0.26576778714285715,-0.352784,-0.1836793,7
BRD-K81528515,nilotinib,25,-0.25556287,-0.264948466,-0.3815274,-0.18807633,25
BRD-K89402695,L-655240,1,-0.25554407,-0.25554407,-0.25554407,-0.25554407,1
BRD-K83289131,CAY-10618,7,-0.25553137,-0.2548427342857143,-0.31265128,-0.20230784,7
BRD-K55889443,rifapentine,4,-0.25551963,-0.26618454,-0.3308857,-0.2228132,4
BRD-K64746805,MBCQ,4,-0.25549964999999997,-0.257644475,-0.27252367,-0.24705493,4
BRD-A47144777,dihydro-7-desacetyldeoxygedunin,3,-0.25547647,-0.25273728666666667,-0.2789424,-0.22379299,3
BRD-K01292756,pimozide,6,-0.25547092,-0.26188773,-0.325992,-0.2180354,6
BRD-K97399794,quercetin,4,-0.2554314,-0.24741731749999998,-0.26253444,-0.21627203,4
BRD-K57886322,fluocinonide,5,-0.25541928,-0.269102432,-0.29626215,-0.24915168,5
BRD-A31159102,fluoxetine,5,-0.25541663,-0.26574339199999997,-0.29330826,-0.24980628,5
BRD-K06980535,promazine,5,-0.25532565,-0.25068405,-0.30512774,-0.19818106,5
BRD-A11609859,SB-205607,4,-0.2552706,-0.259361805,-0.31294364,-0.21396238,4
BRD-A88774919,doxycycline,5,-0.25524482,-0.283531514,-0.40278137,-0.2287125,5
BRD-K99616396,motesanib,7,-0.25523537,-0.2608117542857143,-0.30597553,-0.22691914,7
BRD-K08438429,BRD-K08438429,8,-0.25521879000000003,-0.25157319375,-0.32367557,-0.19601026,8
BRD-K29178788,dictamnine,1,-0.25518963,-0.25518963,-0.25518963,-0.25518963,1
BRD-K34014345,naproxol,5,-0.25518864,-0.24935905800000002,-0.29689175,-0.2137821,5
BRD-K06926592,tretinoin,3,-0.25518325,-0.25939286,-0.29960114,-0.22339419,3
BRD-K99964838,bosutinib,3,-0.25517565,-0.2634465133333333,-0.30355012,-0.23161377,3
BRD-K17140735,SCH-79797,1,-0.25514632,-0.25514632,-0.25514632,-0.25514632,1
BRD-K67100011,pivmecillinam,6,-0.25511037999999997,-0.2576464866666667,-0.33704475,-0.18308765,6
BRD-A55369275,CGP-54626,2,-0.25503124,-0.25503124,-0.29796755,-0.21209493,2
BRD-K45031696,BRD-K45031696,5,-0.25500467,-0.247880902,-0.2893612,-0.1857151,5
BRD-K72816382,cinalukast,8,-0.25492074,-0.26451380125,-0.33698237,-0.1883549,8
BRD-K71799949,carbamazepine,12,-0.25490413,-0.255812325,-0.3115685,-0.20314555,12
BRD-A58207013,pinacidil,3,-0.25487864,-0.24740662666666666,-0.2752542,-0.21208704,3
BRD-K14888893,minoxidil,10,-0.25486121500000003,-0.267077277,-0.37410876,-0.18502176,10
BRD-A34205397,suloctidil,2,-0.25479845,-0.25479845,-0.31722072,-0.19237618,2
BRD-K85871428,SC-68376,5,-0.25478756,-0.26461697,-0.29133952,-0.23925175,5
BRD-A02006392,nitrendipine,13,-0.25474137,-0.26245382769230774,-0.34255856,-0.20273046,13
BRD-A19053259,pseudopelletierine,4,-0.25473916,-0.2631859375,-0.29533288,-0.24793255,4
BRD-K21936341,oxotremorine-sesquifumarate,4,-0.254692315,-0.27882199750000003,-0.41403526,-0.1918681,4
BRD-K89930444,AG-592,3,-0.25463232,-0.24499246333333335,-0.2717067,-0.20863837,3
BRD-K81473043,tanespimycin,2,-0.254599175,-0.254599175,-0.29401037,-0.21518798,2
BRD-K23922020,arecaidine-propargyl-ester,4,-0.25455085499999996,-0.2517198075,-0.30834478,-0.18943274,4
BRD-K93460210,lamotrigine,6,-0.2545366,-0.26163383333333334,-0.39106882,-0.18709445,6
BRD-K17693482,BRD-K17693482,6,-0.25439879,-0.2644203883333333,-0.33823782,-0.21944168,6
BRD-K82135108,elesclomol,4,-0.25438521999999997,-0.26214417749999996,-0.32048345,-0.21932282,4
BRD-K70330367,amantadine,2,-0.25438294,-0.25438294,-0.27985406,-0.22891182,2
BRD-K86600316,RS-79948,6,-0.25432,-0.24934565666666667,-0.27538386,-0.21890652,6
BRD-K04976539,aminogenistein,5,-0.25421542,-0.284794444,-0.3549956,-0.23583649,5
BRD-K19985802,BRD-K19985802,3,-0.25413322,-0.26870451,-0.3299272,-0.22205311,3
BRD-K35483542,alitretinoin,9,-0.2541196,-0.25121014666666663,-0.2948101,-0.19101223,9
BRD-A41112154,oleanolic-acid,1,-0.25410986,-0.25410986,-0.25410986,-0.25410986,1
BRD-A76019558,ketoconazole,6,-0.25409735499999997,-0.253260265,-0.3118111,-0.1989931,6
BRD-K66412701,pazufloxacin,2,-0.254094065,-0.254094065,-0.27437788,-0.23381025,2
BRD-A82329351,cycloheximide,5,-0.25404793,-0.265681262,-0.3241551,-0.22974549,5
BRD-A92177080,betamethasone-acetate,6,-0.254015325,-0.27538108833333336,-0.3792123,-0.22820297,6
BRD-K54665485,R-59022,3,-0.2540124,-0.24740462,-0.29657868,-0.19162278,3
BRD-K21450440,benzthiazide,10,-0.253999845,-0.265557218,-0.3584262,-0.19879943,10
BRD-K10799896,clobetasol,2,-0.2538829,-0.2538829,-0.27854192,-0.22922388,2
BRD-K63151507,MNITMT,5,-0.25385,-0.281054148,-0.42202765,-0.2267546,5
BRD-K18855837,varenicline,7,-0.25382623,-0.26713591142857146,-0.37189573,-0.20142119,7
BRD-K98763141,niflumic-acid,6,-0.25369723,-0.25689991333333334,-0.31024253,-0.20515287,6
BRD-A80502530,cinobufagin,2,-0.25367569,-0.25367569,-0.30772552,-0.19962586,2
BRD-K37991163,paroxetine,8,-0.253614185,-0.25534080625,-0.32821006,-0.1919197,8
BRD-A07029265,ipratropium,5,-0.2535588,-0.244357192,-0.2790177,-0.20194936,5
BRD-K81062487,taurocholic-acid,5,-0.25351036,-0.270251484,-0.32657492,-0.21572092,5
BRD-K00656370,6-aminochrysene,4,-0.2535047,-0.25387292,-0.29584956,-0.21263272,4
BRD-K05396879,15-delta-prostaglandin-j2,8,-0.253491745,-0.24863516875,-0.3126251,-0.17580007,8
BRD-A12560204,nitrendipine,3,-0.2534364,-0.27502704,-0.34214222,-0.2295025,3
BRD-K92073408,norethisterone,13,-0.25338504,-0.2656740753846154,-0.39987558,-0.20517476,13
BRD-K35133769,BRD-K35133769,3,-0.25335914,-0.25639197333333336,-0.3001857,-0.21563108,3
BRD-K34437622,5-FP,1,-0.25335512,-0.25335512,-0.25335512,-0.25335512,1
BRD-K36638830,anabasine,7,-0.25331366,-0.26588359,-0.3633545,-0.19798136,7
BRD-K55186349,BRD-K55186349,2,-0.25326664499999996,-0.25326664499999996,-0.29539233,-0.21114096,2
BRD-K18816859,L-694247,15,-0.25325972,-0.2663335666666667,-0.3336339,-0.1872873,15
BRD-K42635745,suloctidil,2,-0.253187775,-0.253187775,-0.25478843,-0.25158712,2
BRD-K08417745,SID-26681509,17,-0.25316423,-0.25637876235294116,-0.3648367,-0.1724489,17
BRD-A54490543,pirlindole,6,-0.2531617,-0.26090346166666667,-0.32078063,-0.22407919,6
BRD-K96354014,nifedipine,15,-0.25315958,-0.27314789333333334,-0.40406987,-0.18462239,15
BRD-K67174588,toremifene,27,-0.2531407,-0.2559539740740741,-0.368186,-0.17444819,27
BRD-A56020723,CA-074-Me,3,-0.253123,-0.24930972333333334,-0.28893632,-0.20586985,3
BRD-K85518562,cilastatin,4,-0.25308609000000004,-0.257190315,-0.3068667,-0.21572238,4
BRD-K79124250,ioxaglic-acid,4,-0.25307928999999996,-0.2514593425,-0.26880816,-0.23087063,4
BRD-A14208071,oxyphenonium,4,-0.2530543,-0.2728047275,-0.34448755,-0.24062276,4
BRD-K10098805,rhapontin,6,-0.253050745,-0.26791249333333333,-0.38209587,-0.2152557,6
BRD-K59753853,MDL-29951,5,-0.25303528,-0.240790724,-0.27836913,-0.2028493,5
BRD-K09549677,mibefradil,4,-0.253025815,-0.243075185,-0.28121674,-0.18503237,4
BRD-A48720949,testosterone-propionate,1,-0.2530212,-0.2530212,-0.2530212,-0.2530212,1
BRD-A67981824,cefotaxime,5,-0.2529618,-0.27434293600000004,-0.3132536,-0.25030127,5
BRD-A00758722,noretynodrel,1,-0.2528729,-0.2528729,-0.2528729,-0.2528729,1
BRD-K20755323,SKI-II,12,-0.25283961,-0.25896025,-0.3543815,-0.2053979,12
BRD-K96119599,leucodin,5,-0.25277135,-0.27148659799999997,-0.36701372,-0.23721609,5
BRD-K82823804,PD-407824,3,-0.25272703,-0.26862584333333334,-0.3013953,-0.2517552,3
BRD-K89055274,alverine,6,-0.252681865,-0.28279523666666667,-0.42465252,-0.24256876,6
BRD-K83963101,MLN-8054,7,-0.25267148,-0.27302681714285715,-0.37918454,-0.1869186,7
BRD-A64977602,mirtazapine,7,-0.2526629,-0.24855146142857146,-0.32869273,-0.20023939,7
BRD-K50841342,PAC-1,3,-0.25264034,-0.25062050333333336,-0.28403282,-0.21518835,3
BRD-A42628519,iopanoic-acid,11,-0.25263852,-0.2854351272727273,-0.4069622,-0.19672835,11
BRD-A24514565,warfarin,7,-0.25262195,-0.2654103685714286,-0.3168914,-0.22240902,7
BRD-A75409952,wortmannin,78,-0.252502965,-0.2587609503846154,-0.38799125,-0.16724533,78
BRD-K93034159,cladribine,11,-0.25246716,-0.2563205381818182,-0.34566003,-0.21029891,11
BRD-A61189834,BRD-A61189834,6,-0.25244626,-0.2836309166666667,-0.40750358,-0.22276413,6
BRD-A28105619,cucurbitacin-i,15,-0.2523321,-0.279226604,-0.4356534,-0.18525167,15
BRD-K73293050,WZ-3146,2,-0.25231787,-0.25231787,-0.3288707,-0.17576504,2
BRD-A35338386,NECA,6,-0.2522752,-0.2689714583333333,-0.34303302,-0.22892165,6
BRD-A54487287,cortisone-acetate,7,-0.25226852,-0.24976167857142856,-0.32334676,-0.17921919,7
BRD-K80725632,lavendustin-c,2,-0.25226302,-0.25226302,-0.26356947,-0.24095657,2
BRD-A75479906,rimantadine,1,-0.25222778,-0.25222778,-0.25222778,-0.25222778,1
BRD-K86930074,cediranib,4,-0.25222748500000003,-0.257088925,-0.33309633,-0.1908044,4
BRD-K88789588,letrozole,9,-0.2521909,-0.26767338222222226,-0.35343996,-0.21363619,9
BRD-K13533483,cyclosporin-a,6,-0.25217593,-0.24617752166666665,-0.27425858,-0.18713872,6
BRD-K19554809,MK-212,1,-0.2521658,-0.2521658,-0.2521658,-0.2521658,1
BRD-K17415526,tyrphostin-AG-835,2,-0.252135275,-0.252135275,-0.27720922,-0.22706133,2
BRD-K83837640,JNJ-26481585,2,-0.25209329999999996,-0.25209329999999996,-0.27939588,-0.22479072,2
BRD-A15415227,GW-1929,2,-0.252087015,-0.252087015,-0.29211593,-0.2120581,2
BRD-A37776212,ICI-204448,6,-0.25203052,-0.273932475,-0.37146616,-0.2374486,6
BRD-K73391359,quinisocaine,5,-0.25202543,-0.265846254,-0.33527428,-0.21833551,5
BRD-K09764130,mead-ethanolamide,3,-0.2519722,-0.2682277,-0.31358653,-0.23912437,3
BRD-A97739905,ketoprofen,7,-0.2519552,-0.2789481171428571,-0.3778468,-0.22767504,7
BRD-A72441487,stiripentol,5,-0.25181627,-0.282504604,-0.3609057,-0.22626895,5
BRD-K27710560,splitomycin,4,-0.25179739,-0.25257649,-0.31315875,-0.19355243,4
BRD-K17896185,FIT,2,-0.251740125,-0.251740125,-0.25961506,-0.24386519,2
BRD-K11158509,tyrphostin-B44,6,-0.25171007,-0.25110628333333335,-0.3385476,-0.17239174,6
BRD-A50157456,terbutaline,6,-0.25167830999999996,-0.25741796499999997,-0.29262754,-0.23392397,6
BRD-K26429091,J-104129,1,-0.25149894,-0.25149894,-0.25149894,-0.25149894,1
BRD-K16277217,piperacetazine,5,-0.25147182,-0.25884572400000005,-0.35052714,-0.20463848,5
BRD-K93258693,GW-9662,8,-0.25135089499999996,-0.267394525,-0.36622703,-0.2138229,8
BRD-K79404599,enzastaurin,10,-0.25130683,-0.277605826,-0.39795542,-0.20996226,10
BRD-A10977446,carvedilol,12,-0.25129601,-0.25334734666666664,-0.38191164,-0.1454966,12
BRD-A65440446,cimaterol,8,-0.251264455,-0.27061190875,-0.39802504,-0.21126391,8
BRD-K20287671,SU-4312,6,-0.251255535,-0.2610032266666667,-0.33922225,-0.20159814,6
BRD-K66093087,FGIN-1-43,9,-0.2510836,-0.26585889,-0.3779487,-0.2215059,9
BRD-A18419789,etoposide,5,-0.25106514,-0.263690192,-0.31591362,-0.22525781,5
BRD-K14618467,IKK-16,2,-0.25106148500000003,-0.25106148500000003,-0.29771835,-0.20440462,2
BRD-K17561142,amiodarone,12,-0.251030385,-0.2577022325,-0.35146442,-0.18623891,12
BRD-K35128472,2-aminopurine,5,-0.25101614,-0.24764239,-0.28522107,-0.19379856,5
BRD-K76304753,phenazopyridine,5,-0.25100052,-0.262253326,-0.34220636,-0.194123,5
BRD-K98157055,SIB-1757,2,-0.25096899,-0.25096899,-0.2664752,-0.23546278,2
BRD-K50135270,GBR-12935,4,-0.25096824,-0.2686772175,-0.34715307,-0.22561932,4
BRD-A11605036,thiocolchicoside,4,-0.25096499,-0.253688755,-0.3024368,-0.21038824,4
BRD-A15493168,tetracycline,6,-0.250947865,-0.2599853733333333,-0.31917202,-0.23913142,6
BRD-A02367930,ethinyl-estradiol,5,-0.25091034,-0.25397376,-0.29489726,-0.22414297,5
BRD-K00234327,RU-24969,8,-0.250876035,-0.25312364375,-0.37606272,-0.14949584,8
BRD-A97730597,hexylcaine,5,-0.25083798,-0.27034659800000005,-0.35647768,-0.21193759,5
BRD-K90864987,cobalt(II)-chloride,3,-0.25078723,-0.2780793166666667,-0.3642811,-0.21916962,3
BRD-K72024482,MRS-1754,6,-0.250737635,-0.256936155,-0.32076895,-0.20565525,6
BRD-A72703248,SKF-96365,5,-0.25070712,-0.25478805,-0.2916933,-0.23319954,5
BRD-K46211610,tolazoline,11,-0.2507012,-0.24823312272727271,-0.36190146,-0.16840395,11
BRD-K33308633,INCA-6,3,-0.2506681,-0.23990025,-0.2720083,-0.19702435,3
BRD-K28667793,pyrazinamide,5,-0.25064498,-0.257761406,-0.31566367,-0.18845533,5
BRD-K88560311,rucaparib,7,-0.25064254,-0.27310444142857143,-0.42562234,-0.18501161,7
BRD-K21009077,BRD-K21009077,6,-0.25057829,-0.27263831833333335,-0.40724024,-0.19616178,6
BRD-K18909381,CGS-12066B,6,-0.250543565,-0.26442477166666667,-0.3458235,-0.19649011,6
BRD-K97509413,coumestrol,6,-0.250506225,-0.26699754000000003,-0.32263273,-0.21473882,6
BRD-A34817987,itraconazole,6,-0.250496985,-0.26327572,-0.3509093,-0.18086866,6
BRD-K49448285,bisindolylmaleimide,4,-0.250407755,-0.2565806275,-0.3234468,-0.2020602,4
BRD-K97810537,beclomethasone-dipropionate,7,-0.250351,-0.24958597428571427,-0.29518622,-0.20611587,7
BRD-K64800655,PHA-793887,1,-0.25032404,-0.25032404,-0.25032404,-0.25032404,1
BRD-K30816563,ranitidine,8,-0.250287435,-0.25002589125,-0.32113314,-0.19145897,8
BRD-A71262238,nafadotride,3,-0.25027028,-0.24564060333333335,-0.2582759,-0.22837563,3
BRD-A78377521,monastrol,3,-0.25023413,-0.26453123666666667,-0.29340315,-0.24995643,3
BRD-A00546892,biperiden,6,-0.25021216,-0.25539531666666665,-0.29442006,-0.23229125,6
BRD-K63630713,etacrynic-acid,7,-0.25020123,-0.2527603114285714,-0.31853902,-0.19388966,7
BRD-K13571841,pepstatin,4,-0.2501937,-0.243502605,-0.2938006,-0.17982242,4
BRD-A30655177,LFM-A13,9,-0.25017866,-0.2692080022222222,-0.3924756,-0.20686287,9
BRD-K70881766,solanine,5,-0.25016883,-0.252229078,-0.33663237,-0.17475049,5
BRD-A82307304,atorvastatin,5,-0.25015253,-0.268080424,-0.34620738,-0.20440276,5
BRD-K47659338,EMD-386088,8,-0.25007296,-0.27380294875,-0.3582414,-0.21429372,8
BRD-K92000912,AM-251,6,-0.25003928,-0.25369813166666666,-0.28602624,-0.23337016,6
BRD-K94649603,taxifolin,4,-0.24998827499999998,-0.25815358499999996,-0.31544974,-0.21718805,4
BRD-K32828673,chelidonine,3,-0.24986807,-0.2470219366666667,-0.26880622,-0.22239152,3
BRD-K81709173,halcinonide,5,-0.24979636,-0.256964984,-0.3077703,-0.20801854,5
BRD-K34820100,tebuthiuron,3,-0.2497258,-0.27116654,-0.31901702,-0.2447568,3
BRD-K98143437,SB-239063,3,-0.2496827,-0.25648711333333335,-0.272459,-0.24731964,3
BRD-K64670467,JNJ-16259685,6,-0.249621865,-0.2643046116666667,-0.38856298,-0.20791489,6
BRD-K15791587,L-733060,3,-0.2496207,-0.26870617,-0.31900814,-0.23748967,3
BRD-K02637541,celecoxib,9,-0.2495923,-0.2811746766666666,-0.4178865,-0.21339798,9
BRD-K44276885,acarbose,3,-0.24951658,-0.2525714966666667,-0.28568292,-0.22251499,3
BRD-K89152108,liothyronine,9,-0.24950156,-0.2601285,-0.3495561,-0.21654847,9
BRD-K65503129,CCT-018159,4,-0.24947732,-0.2732844475,-0.35675782,-0.23742533,4
BRD-A43930669,L-368899,7,-0.2493849,-0.25385645142857144,-0.3529117,-0.18506846,7
BRD-A56892734,esomeprazole,4,-0.24936577000000001,-0.2803140075,-0.3944522,-0.22807229,4
BRD-A63836183,PD-123319,6,-0.24933270999999999,-0.25771493666666667,-0.30067587,-0.22374296,6
BRD-K32536677,AGK-2,6,-0.24918511999999998,-0.25659293499999997,-0.33277118,-0.19616899,6
BRD-K84955386,hyperoside,4,-0.249169765,-0.2320923875,-0.26733148,-0.16269854,4
BRD-K15592317,CP-466722,5,-0.24914138,-0.24151877000000002,-0.26157922,-0.20855084,5
BRD-K39256324,rottlerin,5,-0.2491095,-0.255876138,-0.31516168,-0.22867025,5
BRD-K39569857,avrainvillamide-analog-3,18,-0.24910110000000002,-0.2545807277777778,-0.3156129,-0.19755334,18
BRD-A20131130,"2',5'-dideoxyadenosine",8,-0.24894922999999997,-0.25592622125,-0.3039531,-0.21837486,8
BRD-K96740444,itopride,5,-0.24894908,-0.257861522,-0.31029794,-0.18763337,5
BRD-K06147391,telenzepine,4,-0.24889938,-0.2639820125,-0.34601873,-0.21211056,4
BRD-K59574735,ubenimex,8,-0.248883735,-0.25498726125,-0.3303713,-0.21459684,8
BRD-K61662457,CAY-10594,3,-0.2488513,-0.25819136000000004,-0.28238422,-0.24333856,3
BRD-K99545815,PF-562271,4,-0.24881194499999998,-0.26016643,-0.30674148,-0.23630035,4
BRD-K53790871,triamcinolone,4,-0.248789795,-0.2666262675,-0.34707057,-0.22185491,4
BRD-K04877770,FTase-inhibitor-B581,5,-0.2487611,-0.269511198,-0.3305387,-0.2197929,5
BRD-A25067867,benzatropine,2,-0.2486722,-0.2486722,-0.28376886,-0.21357554,2
BRD-K61737877,VEGF-receptor-2-kinase-inhibitor-IV,3,-0.24858727,-0.24952885333333333,-0.2880835,-0.21191579,3
BRD-A58955223,sulforaphane,13,-0.2485762,-0.2522383384615385,-0.3523944,-0.19208257,13
BRD-K19059335,BRD-K19059335,2,-0.248558135,-0.248558135,-0.25123486,-0.24588141,2
BRD-K69763916,LY-341495,6,-0.2485324,-0.24977371,-0.31609416,-0.20894077,6
BRD-K26997899,D-64131,2,-0.248435305,-0.248435305,-0.2882545,-0.20861611,2
BRD-K65814004,diphenyleneiodonium,4,-0.24836542,-0.23595322,-0.26562214,-0.1814599,4
BRD-K02581333,protein-tyrosine-phosphatase-inhibitor-IV,8,-0.248362685,-0.24929531375,-0.34458432,-0.17513981,8
BRD-K16233984,eriochrome-black-t,6,-0.24835274499999999,-0.25622920833333335,-0.29050094,-0.23317294,6
BRD-A89175223,bisoprolol,8,-0.248346475,-0.2731129175,-0.41652066,-0.21318547,8
BRD-A07000685,hydrocortisone-hemisuccinate,6,-0.248329115,-0.26230049333333333,-0.37143642,-0.220152,6
BRD-K80970344,pyrrolidine-dithiocarbamate,3,-0.24832381,-0.24704612666666667,-0.28810075,-0.20471382,3
BRD-K45296539,ZD-7114,5,-0.24832207,-0.251468474,-0.29222634,-0.2074702,5
BRD-K01815685,indole-3-carbinol,4,-0.248321905,-0.2493656575,-0.25953925,-0.24127957,4
BRD-A19037878,trichostatin-a,16,-0.24829533999999998,-0.252390429375,-0.31136703,-0.18547106,16
BRD-K37792168,denbufylline,5,-0.24824953,-0.236664164,-0.28436893,-0.19008622,5
BRD-A23723433,paclitaxel,4,-0.24818879,-0.2502090975,-0.28025186,-0.22420695,4
BRD-K57080016,selumetinib,8,-0.248146155,-0.270192445,-0.3685824,-0.21975273,8
BRD-K71427192,BRD-K71427192,1,-0.24812792,-0.24812792,-0.24812792,-0.24812792,1
BRD-K99818283,PIK-90,5,-0.24811256,-0.272269102,-0.36584204,-0.21493506,5
BRD-K35687265,ON-01910,7,-0.24808797,-0.2566233214285714,-0.29717043,-0.21780977,7
BRD-A68930007,ouabain,2,-0.24799546,-0.24799546,-0.29203737,-0.20395355,2
BRD-K54233340,dorsomorphin,5,-0.24793124,-0.25226710799999996,-0.3147571,-0.18310207,5
BRD-K91699951,benzonatate,4,-0.24791951499999998,-0.25490883999999997,-0.30066517,-0.22313116,4
BRD-K85563610,APO-866,7,-0.24791902,-0.26299915285714287,-0.39048353,-0.17456865,7
BRD-A44827100,erythromycin,4,-0.247830795,-0.24437169250000002,-0.25820524,-0.22361994,4
BRD-K67566344,KU-0063794,3,-0.24781924,-0.25951477666666667,-0.28624028,-0.24448481,3
BRD-K07691486,roscovitine,6,-0.247811355,-0.27134804,-0.40010452,-0.2230863,6
BRD-A87387433,cefpodoxime,5,-0.24777575,-0.248500734,-0.2797816,-0.21590209,5
BRD-K85015012,NNC-05-2090,3,-0.24775888,-0.23125864333333332,-0.27233797,-0.17367908,3
BRD-K82983861,GW-0742,4,-0.247734415,-0.24706082000000001,-0.30439585,-0.1883786,4
BRD-A13807286,HA-14-1,7,-0.24771416,-0.24541754714285716,-0.32947385,-0.18472153,7
BRD-K41564320,purvalanol-b,2,-0.24760269499999998,-0.24760269499999998,-0.27117038,-0.22403501,2
BRD-A17819071,gedunin,7,-0.24756856,-0.24836701142857143,-0.2887707,-0.21031255,7
BRD-K42221274,NNC-711,6,-0.24751343,-0.25349483833333336,-0.3316931,-0.18547991,6
BRD-K82164249,andarine,6,-0.24750897500000002,-0.2560133433333333,-0.35794485,-0.20394953,6
BRD-K50866992,tropisetron,3,-0.24745268,-0.27621939,-0.33966595,-0.24153954,3
BRD-K63150726,JTE-907,9,-0.24744311,-0.2469996122222222,-0.29431486,-0.20453724,9
BRD-K61463582,BRD-K61463582,5,-0.2473281,-0.259057,-0.32292682,-0.22690946,5
BRD-K07572174,curcumin,4,-0.24726208,-0.254308405,-0.30292273,-0.21978673,4
BRD-K54759182,dosulepin,3,-0.24725625,-0.24872222666666666,-0.27226174,-0.22664869,3
BRD-K06467078,corynanthine,2,-0.24724128499999998,-0.24724128499999998,-0.28391024,-0.21057233,2
BRD-K84175871,pseudoephedrine,7,-0.24719423,-0.2496948814285714,-0.2767564,-0.20698413,7
BRD-K96144918,mead-acid,3,-0.24718188,-0.26370482333333334,-0.30988038,-0.23405221,3
BRD-K29359156,ebselen,5,-0.24718171,-0.246838084,-0.3021725,-0.19702196,5
BRD-K59163477,cisapride,3,-0.2471745,-0.26322801,-0.29959926,-0.24291027,3
BRD-K72676686,fluvoxamine,6,-0.247162545,-0.261308015,-0.35557282,-0.22090404,6
BRD-A63894585,clobetasol,3,-0.24715778,-0.29692954666666665,-0.40674424,-0.23688662,3
BRD-A35511923,L-803087,6,-0.247085575,-0.26068231999999997,-0.37513,-0.20013513,6
BRD-K09416995,lovastatin,8,-0.24702643000000002,-0.25563902875,-0.31676775,-0.2045426,8
BRD-K91145395,prostratin,5,-0.24692178,-0.254428678,-0.2719891,-0.2446753,5
BRD-K12120659,GR-144053,3,-0.24682961,-0.28093924666666664,-0.35232157,-0.24366656,3
BRD-K08115555,tyrphostin-AG-1288,3,-0.24679056,-0.24713344333333334,-0.32350683,-0.17110294,3
BRD-K62353524,DY-131,6,-0.246768985,-0.24623353333333334,-0.3080806,-0.18739994,6
BRD-K93918653,quizartinib,7,-0.24670097,-0.25639291571428574,-0.3916868,-0.19254673,7
BRD-K53414658,tivozanib,6,-0.24649917500000001,-0.2590985283333333,-0.32671332,-0.20244253,6
BRD-K54411430,robustic-acid,4,-0.24636978,-0.25452217,-0.3137117,-0.21163742,4
BRD-K13800121,parecoxib,4,-0.246141695,-0.277660195,-0.38268775,-0.23566964,4
BRD-U66370498,androstanol,5,-0.24614161,-0.267350666,-0.35582507,-0.22949159,5
BRD-K51465424,ritodrine,4,-0.24613655,-0.2490412025,-0.28431696,-0.21957475,4
BRD-K59962020,CHEMBL-374350,9,-0.2460294,-0.2644208411111111,-0.35727292,-0.20760119,9
BRD-A45499626,UBP-302,2,-0.24602245,-0.24602245,-0.26596934,-0.22607556,2
BRD-K63874012,thioperamide,5,-0.24599975,-0.24623526999999998,-0.2918125,-0.20723163,5
BRD-A83237092,fulvestrant,11,-0.24592316,-0.2439353081818182,-0.29260203,-0.19978228,11
BRD-K28806945,L-750667,2,-0.24590936,-0.24590936,-0.2513388,-0.24047992,2
BRD-K47936004,piribedil,7,-0.24589834,-0.27065443285714286,-0.3462217,-0.20130217,7
BRD-A41301928,bongkrek-acid,2,-0.245873195,-0.245873195,-0.29155284,-0.20019355,2
BRD-A35519318,benidipine,3,-0.24586672,-0.26719648333333335,-0.3118683,-0.24385443,3
BRD-K10065684,dantron,2,-0.24574452,-0.24574452,-0.29715484,-0.1943342,2
BRD-K61323504,SB-225002,5,-0.24565011,-0.256304854,-0.3266543,-0.22674406,5
BRD-K70577657,H-9,1,-0.24551296,-0.24551296,-0.24551296,-0.24551296,1
BRD-A54927599,KF-38789,4,-0.24544398500000003,-0.243559615,-0.3152034,-0.16814709,4
BRD-K59773493,benzohydroxamic-acid,11,-0.24542831,-0.24325942454545454,-0.30650043,-0.17731807,11
BRD-K40645748,mefloquine,1,-0.2454142,-0.2454142,-0.2454142,-0.2454142,1
BRD-A92630576,trimebutine,4,-0.245362465,-0.2563271325,-0.31569716,-0.21888644,4
BRD-K90027355,spironolactone,6,-0.24531822,-0.24941631166666667,-0.31006503,-0.20170644,6
BRD-K56334280,amonafide,3,-0.24523988,-0.24818336666666665,-0.263848,-0.23546222,3
BRD-K11129031,gemfibrozil,9,-0.24523735,-0.24862272444444444,-0.3193848,-0.17222138,9
BRD-K29653726,topiramate,4,-0.245157125,-0.26140737000000003,-0.3292473,-0.22606793,4
BRD-K59273480,propentofylline,9,-0.24508823,-0.2512660488888889,-0.30658215,-0.1724549,9
BRD-K38197229,bumetanide,11,-0.24508005,-0.2526938672727273,-0.34088483,-0.1877554,11
BRD-A25234499,aminoglutethimide,14,-0.24507330500000002,-0.2637645421428571,-0.362185,-0.22089738,14
BRD-K74305673,IKK-2-inhibitor-V,4,-0.24507222,-0.247625115,-0.29099435,-0.20936167,4
BRD-K99291625,SB-203580,1,-0.24507087,-0.24507087,-0.24507087,-0.24507087,1
BRD-K88849294,lobaric-acid,6,-0.24499622,-0.25248667166666666,-0.31188166,-0.19769368,6
BRD-K36965586,m-chlorophenylbiguanide,5,-0.24493352,-0.24800238000000002,-0.32600924,-0.17198426,5
BRD-K68407802,KIN001-055,3,-0.24493343,-0.26465964000000003,-0.34204412,-0.20700137,3
BRD-K72703948,ZM-447439,17,-0.244851,-0.25476916588235293,-0.32843542,-0.19812763,17
BRD-K47983010,BX-795,4,-0.24484274,-0.2500164375,-0.33840293,-0.17197734,4
BRD-K12539581,nocodazole,7,-0.24478893,-0.25717618999999997,-0.31831896,-0.24000546,7
BRD-A74975734,homatropine,4,-0.24472650499999998,-0.258693065,-0.3311659,-0.21415335,4
BRD-K20152659,dihomo-gamma-linolenic-acid,7,-0.24466634,-0.2563041071428572,-0.35639456,-0.19700997,7
BRD-K64994968,progesterone,7,-0.24466579,-0.2699798757142857,-0.33465064,-0.21404546,7
BRD-K03406345,azacitidine,5,-0.24462484,-0.24215441599999998,-0.30830598,-0.17488623,5
BRD-K90524085,MY-5445,4,-0.24457208,-0.24474317,-0.27820122,-0.2116273,4
BRD-K60184833,tyrphostin-AG-99,3,-0.24456804,-0.2684153733333334,-0.37979496,-0.18088312,3
BRD-K47832606,floxuridine,5,-0.24451864,-0.25403856,-0.30345064,-0.22023691,5
BRD-K57304726,PRE-084,7,-0.24434647,-0.26574971142857146,-0.3136782,-0.21530274,7
BRD-K10916986,vinorelbine,4,-0.24432819,-0.24254173750000002,-0.2631892,-0.21832137,4
BRD-K91623615,ABT-751,2,-0.24431809999999998,-0.24431809999999998,-0.2547645,-0.2338717,2
BRD-K92817986,BIX-02188,12,-0.244260695,-0.24999241333333333,-0.31296223,-0.16484958,12
BRD-K92760278,riboflavin,2,-0.244231915,-0.244231915,-0.27034628,-0.21811755,2
BRD-K18742343,H-8,5,-0.24420518,-0.280005066,-0.40103865,-0.23448978,5
BRD-A65671304,candesartan-cilextil,3,-0.24406022,-0.25305638,-0.2827741,-0.23233482,3
BRD-K21806131,tegaserod,3,-0.24395952,-0.23156159666666665,-0.24527633,-0.20544894,3
BRD-K55424922,anpirtoline,3,-0.24389195,-0.26661213,-0.33117366,-0.22477078,3
BRD-K82036761,sertraline,5,-0.24379939,-0.24723102400000002,-0.28642485,-0.22188568,5
BRD-K56699285,metergoline,2,-0.243797975,-0.243797975,-0.27874026,-0.20885569,2
BRD-K73789395,ZM-336372,3,-0.2436954,-0.26222762,-0.3056654,-0.23732206,3
BRD-A38793261,BRD-A38793261,5,-0.24366406,-0.24359737799999998,-0.2888199,-0.17617007,5
BRD-K31054881,BMY-7378,6,-0.24362361500000002,-0.26790145666666665,-0.3378498,-0.23460767,6
BRD-K81916719,triclabendazole,6,-0.243608905,-0.26415551833333334,-0.38794625,-0.23024799,6
BRD-U37049823,HG-6-64-01,2,-0.243572725,-0.243572725,-0.28287822,-0.20426723,2
BRD-A43082555,loxoprofen,4,-0.243558435,-0.2466985725,-0.30285275,-0.19682467,4
BRD-K84895041,BMY-45778,7,-0.243449,-0.2625569185714286,-0.34601277,-0.21327612,7
BRD-K70976396,cefoxitin,6,-0.24335526500000002,-0.25557221,-0.3293335,-0.19645724,6
BRD-A58280226,Y-27632,1,-0.24334884,-0.24334884,-0.24334884,-0.24334884,1
BRD-A63346720,rimcazole,2,-0.24330949000000002,-0.24330949000000002,-0.26505888,-0.2215601,2
BRD-A83326220,brazilin,3,-0.24318367,-0.25618832333333336,-0.31306964,-0.21231166,3
BRD-K08554278,bisbenzimide,1,-0.24317393,-0.24317393,-0.24317393,-0.24317393,1
BRD-K30097969,pitavastatin,2,-0.24307593,-0.24307593,-0.2926888,-0.19346306,2
BRD-K15600710,obatoclax,4,-0.24305044,-0.2549126325,-0.35155845,-0.1819912,4
BRD-K55696337,topotecan,1,-0.24302039,-0.24302039,-0.24302039,-0.24302039,1
BRD-A17655518,ibuprofen,10,-0.242860125,-0.249056335,-0.33494586,-0.17200056,10
BRD-K96778649,tyrphostin-47,2,-0.242859595,-0.242859595,-0.2784822,-0.20723699,2
BRD-K59332007,linopirdine,5,-0.24279371,-0.26196909599999996,-0.31664371,-0.2148251,5
BRD-K63784565,10-hydroxycamptothecin,1,-0.24278463,-0.24278463,-0.24278463,-0.24278463,1
BRD-K40175214,torin-1,1,-0.24276608,-0.24276608,-0.24276608,-0.24276608,1
BRD-A51410489,yohimbine,4,-0.24276456000000002,-0.23813252000000001,-0.25146824,-0.21553272,4
BRD-A95513702,"androsta-1,4-dien-3,17-dione",3,-0.24275385,-0.2527508133333333,-0.29310918,-0.22238941,3
BRD-K00313977,BRD-K00313977,5,-0.24273363,-0.247270376,-0.2779394,-0.2254867,5
BRD-A61470182,N-formylmethionylalanine,2,-0.242691875,-0.242691875,-0.3022874,-0.18309635,2
BRD-K17306061,aprepitant,3,-0.24265909,-0.2597947,-0.2980905,-0.23863451,3
BRD-K42098891,protriptyline,8,-0.242569565,-0.22735265875,-0.25729674,-0.16082585,8
BRD-K99411983,lumicolchicine,2,-0.242514725,-0.242514725,-0.2786115,-0.20641795,2
BRD-K42452249,EO-1428,4,-0.24249827999999998,-0.24096088999999998,-0.26394415,-0.21490285,4
BRD-K36395411,SB-206553,3,-0.24244553,-0.24366969666666663,-0.26666468,-0.22189888,3
BRD-A23637604,oxymetholone,5,-0.24230453,-0.238434064,-0.29303095,-0.18791547,5
BRD-K44067360,flufenamic-acid,1,-0.24227169,-0.24227169,-0.24227169,-0.24227169,1
BRD-K73978287,hydrocortisone,5,-0.24222524,-0.23697989800000002,-0.2748175,-0.19318163,5
BRD-K30649484,mafenide,3,-0.24221529,-0.27831798333333335,-0.36892444,-0.22381422,3
BRD-A51929314,BRD-A51929314,2,-0.24216311000000001,-0.24216311000000001,-0.24704868,-0.23727754,2
BRD-A33711280,metixene,7,-0.2421249,-0.24200793,-0.28283715,-0.20416963,7
BRD-K83213911,PF-750,3,-0.24211887,-0.24402250000000003,-0.26706022,-0.22288841,3
BRD-K92577649,GBR-13069,4,-0.242079195,-0.24639010249999999,-0.29817915,-0.20322287,4
BRD-K47207162,zimelidine,6,-0.24203211000000002,-0.242836085,-0.30198354,-0.1825737,6
BRD-K28863208,PNU-282987,6,-0.24188500000000002,-0.24542808666666668,-0.32031268,-0.19186172,6
BRD-K16977723,PP-3,8,-0.24188338999999998,-0.24636963,-0.3435703,-0.18500778,8
BRD-A43974575,tranylcypromine,9,-0.2418738,-0.2469457733333333,-0.36435753,-0.1826903,9
BRD-K37798499,etoposide,4,-0.24184031,-0.251089525,-0.30901408,-0.2116634,4
BRD-K49294207,BIBU-1361,2,-0.24181776,-0.24181776,-0.242333,-0.24130252,2
BRD-K29950728,clomifene,6,-0.241816805,-0.24656929000000002,-0.28047156,-0.22335197,6
BRD-A31374339,fludarabine,1,-0.2417768,-0.2417768,-0.2417768,-0.2417768,1
BRD-A49447682,desoximetasone,2,-0.241725835,-0.241725835,-0.2739966,-0.20945507,2
BRD-K94441233,mevastatin,5,-0.24171756,-0.232166022,-0.25644332,-0.18599497,5
BRD-A31007383,SDZ-WAG-994,4,-0.241611745,-0.2457296275,-0.3057863,-0.19390872,4
BRD-K05350981,oligomycin-c,1,-0.24158657,-0.24158657,-0.24158657,-0.24158657,1
BRD-K45861246,azaperone,8,-0.24155514,-0.25601698,-0.3188655,-0.22292966,8
BRD-K56429665,calcipotriol,3,-0.24147883,-0.23467755999999998,-0.27068844,-0.19186541,3
BRD-K49890030,gavestinel,4,-0.24143355,-0.244973475,-0.26349333,-0.23353347,4
BRD-K97863768,prothionamide,4,-0.241422085,-0.2409723025,-0.30859137,-0.17245367,4
BRD-K68873215,phosphodiesterase-V-inhibitor-II,3,-0.24140242,-0.24168239666666666,-0.24520601,-0.23843876,3
BRD-A01320529,salmeterol,5,-0.24138296,-0.260300084,-0.37177294,-0.19758978,5
BRD-K61401890,deguelin,4,-0.24133542,-0.247514,-0.3011128,-0.20627236,4
BRD-K71266197,PSB-06126,3,-0.24131435,-0.25393852666666666,-0.30863458,-0.21186665,3
BRD-K56403959,ZK-756326,3,-0.24113329,-0.23404049999999998,-0.24528977,-0.21569844,3
BRD-K59570838,homoveratrylamine,2,-0.24111666,-0.24111666,-0.24519292,-0.2370404,2
BRD-A22844106,tenoxicam,6,-0.24105399,-0.27237207999999996,-0.4003979,-0.19588712,6
BRD-K72541103,JAK3-inhibitor-I,5,-0.24100405,-0.251845332,-0.28864938,-0.2230546,5
BRD-K61951118,FG-7142,4,-0.240997405,-0.2539118325,-0.296677,-0.23697552,4
BRD-K59058766,chlorprothixene,2,-0.24099046000000002,-0.24099046000000002,-0.27185586,-0.21012506,2
BRD-K86887724,dofetilide,3,-0.24095702,-0.26737288333333337,-0.32226872,-0.23889291,3
BRD-K17075857,chloroxine,2,-0.24095191,-0.24095191,-0.24786223,-0.23404159,2
BRD-K74141488,naftifine,4,-0.240892425,-0.24611321249999998,-0.30341417,-0.19925383,4
BRD-K05464208,JX-401,9,-0.24083361,-0.2516190411111111,-0.36620975,-0.18090504,9
BRD-K02404261,caffeine,5,-0.24081095,-0.24381194599999997,-0.26477522,-0.22008488,5
BRD-K39987650,bisacodyl,1,-0.2408058,-0.2408058,-0.2408058,-0.2408058,1
BRD-K15588452,R-96544,8,-0.240455115,-0.2527360175,-0.32859987,-0.1917053,8
BRD-K95676198,JAK3-inhibitor-V,1,-0.24040377,-0.24040377,-0.24040377,-0.24040377,1
BRD-K18523449,mestanolone,2,-0.24038639,-0.24038639,-0.28932077,-0.19145201,2
BRD-K94689771,pinocembrin,4,-0.24037929000000002,-0.2466450475,-0.29838088,-0.20744073,4
BRD-A42831637,tetrahydrocannabinol-7-oic-acid,3,-0.2403363,-0.2337617,-0.2664106,-0.1945382,3
BRD-K80325895,eicosadienoic-acid,6,-0.24032976,-0.25439420500000004,-0.3354894,-0.20555374,6
BRD-K44497846,enalapril,5,-0.2403098,-0.225496112,-0.24294528,-0.19336653,5
BRD-A23770159,sirolimus,1,-0.24025534,-0.24025534,-0.24025534,-0.24025534,1
BRD-A01346607,flumetasone,5,-0.24022225,-0.24629300999999998,-0.2773753,-0.21905653,5
BRD-K41996876,tyrphostin-1,10,-0.240206975,-0.24130722,-0.33000925,-0.18332806,10
BRD-K09631521,thiotepa,10,-0.240193655,-0.259713723,-0.37000704,-0.18998739,10
BRD-K07736136,VX-702,4,-0.2401872,-0.23829733,-0.25922218,-0.21359274,4
BRD-M30523314,vinorelbine,4,-0.240035905,-0.2434644975,-0.2765554,-0.21723078,4
BRD-K49456190,prima-1-met,8,-0.239920815,-0.23913917375,-0.32205927,-0.1747537,8
BRD-K73709114,BRD-K73709114,2,-0.23986147,-0.23986147,-0.24886522,-0.23085772,2
BRD-K03557653,sappanone-a,4,-0.23984238,-0.2498300875,-0.28962687,-0.23000872,4
BRD-K49945136,GR-113808,2,-0.23973095,-0.23973095,-0.24517798,-0.23428392,2
BRD-A99833829,bethanechol,4,-0.23970715,-0.251363555,-0.32860684,-0.19743308,4
BRD-A39255369,DCPIB,6,-0.239666575,-0.254620875,-0.37332252,-0.1762779,6
BRD-A32349859,methyl-angolensate,2,-0.23966287000000003,-0.23966287000000003,-0.26977083,-0.20955491,2
BRD-A42553870,L-152804,6,-0.23966121,-0.25748582000000003,-0.34122217,-0.20767573,6
BRD-A23072235,pheniramine,4,-0.239647895,-0.2465221725,-0.32410872,-0.18268418,4
BRD-A51829654,BRL-15572,6,-0.23952922,-0.25926745166666665,-0.34128577,-0.22034279,6
BRD-K04414442,SB-222200,4,-0.239519555,-0.24969873250000002,-0.2966981,-0.22305772,4
BRD-K14821540,FCCP,2,-0.23949194000000001,-0.23949194000000001,-0.27620083,-0.20278305,2
BRD-K99696746,fatostatin,5,-0.23947933,-0.26198351,-0.34682643,-0.21972616,5
BRD-K39503511,quiflapon,4,-0.23947645499999998,-0.2294201575,-0.2640219,-0.17470582,4
BRD-A34255068,rolipram,15,-0.2394084,-0.24538885400000002,-0.3410309,-0.1842346,15
BRD-A16820783,BRD-A16820783,3,-0.23937389,-0.25894949,-0.3093067,-0.22816788,3
BRD-A54236247,ephedrine-(racemic),6,-0.23937213499999999,-0.2543241683333333,-0.32454205,-0.20862955,6
BRD-K01902415,pirinixic-acid,5,-0.23936343,-0.24133289800000002,-0.26630282,-0.21002759,5
BRD-K11757396,BRD-K11757396,2,-0.23927609500000002,-0.23927609500000002,-0.25741637,-0.22113582,2
BRD-A72758037,asiatic-acid,5,-0.23927301,-0.269277072,-0.36854702,-0.20906863,5
BRD-M86331534,pyrvinium-pamoate,7,-0.23917185,-0.24174517714285715,-0.3037535,-0.20145708,7
BRD-K12219985,glipizide,6,-0.23916349,-0.24571168499999999,-0.35423982,-0.14885256,6
BRD-K11373525,ZD-7155,2,-0.23915706,-0.23915706,-0.26330236,-0.21501176,2
BRD-K23383398,T-0901317,6,-0.239066495,-0.23575428333333334,-0.27547526,-0.18552628,6
BRD-A60274948,bromocriptine,3,-0.23890437,-0.24777185999999998,-0.2740704,-0.23034081,3
BRD-K72029282,probucol,6,-0.23889957,-0.2522916866666667,-0.345495,-0.1905524,6
BRD-K47598052,PP-1,2,-0.23877863,-0.23877863,-0.26545003,-0.21210723,2
BRD-K56745457,azauridine,4,-0.2387551,-0.23645106999999999,-0.2604708,-0.20782328,4
BRD-K50464341,berbamine,2,-0.238573325,-0.238573325,-0.27990746,-0.19723919,2
BRD-A94413429,NTNCB,4,-0.2384916,-0.24235069250000002,-0.2808838,-0.21153577,4
BRD-K17294426,clebopride,9,-0.2384763,-0.2748414433333333,-0.43285555,-0.18972863,9
BRD-K01095011,finasteride,12,-0.2384194,-0.2522356966666667,-0.4056443,-0.16301444,12
BRD-K89391146,RG-108,4,-0.23839886500000002,-0.23836178,-0.28365117,-0.19299822,4
BRD-K67102207,phenylbutyrate,3,-0.23837045,-0.23544358666666668,-0.25720808,-0.21075223,3
BRD-A62525898,prednisone,4,-0.238243665,-0.238794975,-0.2796673,-0.19902527,4
BRD-K13664374,dichloroacetic-acid,3,-0.23823094,-0.24005410000000002,-0.25674117,-0.22519019,3
BRD-K70799801,quinidine,2,-0.238217925,-0.238217925,-0.24072076,-0.23571509,2
BRD-A13188892,doxazosin,5,-0.23820285,-0.252124762,-0.3293947,-0.21316229,5
BRD-K61691971,avrainvillamide-analog-1,16,-0.238184645,-0.254468903125,-0.38060725,-0.16546385,16
BRD-A03359064,ICI-89406,7,-0.23805124,-0.25260333285714287,-0.37108433,-0.18834643,7
BRD-K28029915,dolasetron,4,-0.23788114,-0.2316316225,-0.24898347,-0.20178074,4
BRD-K67080878,milrinone,11,-0.23784426,-0.25148400818181815,-0.36387366,-0.1881251,11
BRD-K26521938,dinoprostone,6,-0.23776423000000002,-0.24514955666666668,-0.3432572,-0.17084335,6
BRD-A10523515,GSK-429286A,16,-0.23766323,-0.251862855,-0.36993158,-0.18191215,16
BRD-A60571864,budesonide,10,-0.237641195,-0.252961381,-0.3222672,-0.21211244,10
BRD-K55454768,TAS-301,7,-0.23759013,-0.25361583285714284,-0.29803625,-0.21178997,7
BRD-K28307902,flutamide,8,-0.23727973,-0.25855615625,-0.35705814,-0.20214395,8
BRD-K98297262,BRD-K98297262,4,-0.23721964,-0.23780553,-0.25033534,-0.2264475,4
BRD-A99411506,esculin,2,-0.237191965,-0.237191965,-0.29061353,-0.1837704,2
BRD-A28422330,BRD-A28422330,1,-0.23715118,-0.23715118,-0.23715118,-0.23715118,1
BRD-K68402494,ML-9,3,-0.2370247,-0.23575732000000002,-0.24502268,-0.22522458,3
BRD-K97056771,GNF-2,1,-0.2370069,-0.2370069,-0.2370069,-0.2370069,1
BRD-K81169441,cerivastatin,4,-0.23696779,-0.24492781,-0.32998085,-0.17579481,4
BRD-U88459701,atorvastatin,4,-0.23693892500000002,-0.26191788,-0.3831869,-0.19060677,4
BRD-K68144790,glycodeoxycholic-acid,4,-0.236904845,-0.25176692,-0.30212462,-0.23113337,4
BRD-K26548821,quinpirol-(-),2,-0.23680119,-0.23680119,-0.27278048,-0.2008219,2
BRD-K87919739,tyrphostin-AG-825,1,-0.23662847,-0.23662847,-0.23662847,-0.23662847,1
BRD-A62326914,paroxetine,4,-0.236620245,-0.243852025,-0.26805064,-0.23411697,4
BRD-A68039575,liquiritigenin,4,-0.2365876,-0.2697550275,-0.41897672,-0.18686819,4
BRD-K67537649,PQ-401,3,-0.23656416,-0.26907828333333333,-0.35632318,-0.21434751,3
BRD-K10042277,desmethylclozapine,5,-0.23647028,-0.25286532,-0.2924912,-0.22412568,5
BRD-K77008974,WYE-354,3,-0.23644915,-0.26624711666666667,-0.3414693,-0.2208229,3
BRD-A37780065,triamcinolone,6,-0.236438025,-0.24158839833333334,-0.30042976,-0.1865255,6
BRD-A12016240,LY-278584,6,-0.236433485,-0.2529287283333333,-0.37240732,-0.17979546,6
BRD-K37865504,LY-2183240,4,-0.23637686000000002,-0.2537462525,-0.32509038,-0.21714091,4
BRD-K78122587,NNC-55-0396,3,-0.23633748,-0.24450231666666666,-0.28091565,-0.21625382,3
BRD-K32164935,tolazamide,12,-0.23624119500000001,-0.24038607,-0.34858793,-0.1853282,12
BRD-K16554956,PTB1,6,-0.236207315,-0.23950712666666665,-0.27505141,-0.20323858,6
BRD-K05901394,terguride,6,-0.23615988999999998,-0.24312841333333332,-0.28049177,-0.20877668,6
BRD-K28428262,brivanib,5,-0.23610154,-0.265463226,-0.3294224,-0.21623126,5
BRD-A97035593,BRD-A97035593,2,-0.23608968,-0.23608968,-0.24298087,-0.22919849,2
BRD-K77771411,moxonidine,7,-0.23606938,-0.24663030428571428,-0.33454415,-0.19073567,7
BRD-K59419204,AM-281,6,-0.23600137,-0.229208275,-0.28982738,-0.16347788,6
BRD-K49049886,CGS-15943,5,-0.23597676,-0.24337380199999997,-0.30136207,-0.17741027,5
BRD-K48059230,YM-298198,9,-0.23594981,-0.24427105333333335,-0.31810403,-0.15517569,9
BRD-A60294240,tribenoside,3,-0.23594408,-0.23690154666666666,-0.27588123,-0.19887933,3
BRD-K67783091,haloperidol,7,-0.23590787,-0.24648903,-0.31376588,-0.17832555,7
BRD-A32949107,MRS-1845,3,-0.23590541,-0.23178296333333334,-0.26690412,-0.19253936,3
BRD-M45964048,verteporfin,6,-0.23585453,-0.23164041833333335,-0.28539217,-0.1917632,6
BRD-K16195444,oxymetazoline,7,-0.23576991,-0.25516237999999997,-0.3616112,-0.19053161,7
BRD-A19248578,latrunculin-b,2,-0.235769275,-0.235769275,-0.25961477,-0.21192378,2
BRD-K78084463,W-12,1,-0.23568001,-0.23568001,-0.23568001,-0.23568001,1
BRD-K55677650,CO-101244,4,-0.23564802,-0.250497995,-0.31841102,-0.21228492,4
BRD-A65282128,cefazolin,3,-0.23564053,-0.25528722666666664,-0.3211949,-0.20902625,3
BRD-A66563878,medetomidine,2,-0.235620025,-0.235620025,-0.24699911,-0.22424094,2
BRD-A25775766,securinine,5,-0.23559919,-0.24439565800000002,-0.31967893,-0.21385896,5
BRD-K33882852,ZK-93423,4,-0.23558622499999998,-0.26382667,-0.3919344,-0.19219983,4
BRD-K28143534,cyproheptadine,4,-0.235511185,-0.23501546,-0.28918055,-0.17985892,4
BRD-A07824748,flavanone,4,-0.23550892,-0.2428133425,-0.2843262,-0.21590933,4
BRD-K11801786,trimidox,3,-0.23548669,-0.23438901999999998,-0.23635623,-0.23132414,3
BRD-K08973992,linoleic-acid,2,-0.23546287,-0.23546287,-0.2888769,-0.18204884,2
BRD-K68077509,brucine,3,-0.23535201,-0.25556111,-0.3110701,-0.22026122,3
BRD-K85925969,zalcitabine,6,-0.2352304,-0.25043679166666666,-0.33143038,-0.1828476,6
BRD-K75615183,talipexole,4,-0.23513455,-0.24030746749999998,-0.28532767,-0.2056331,4
BRD-A09828896,SKF-81297,2,-0.23509247500000002,-0.23509247500000002,-0.2723397,-0.19784525,2
BRD-K48722258,dilazep,5,-0.23508234,-0.259598824,-0.39630562,-0.20167804,5
BRD-A64479082,quinidine,5,-0.23503742,-0.23293824600000002,-0.27672416,-0.19000953,5
BRD-K14791739,fluticasone,6,-0.23501875500000002,-0.253785045,-0.32250267,-0.20171809,6
BRD-K66043364,noscapine,1,-0.23487128,-0.23487128,-0.23487128,-0.23487128,1
BRD-K00317371,RITA,7,-0.23482205,-0.25743935714285715,-0.3920372,-0.14979938,7
BRD-K27074404,BRD-K27074404,6,-0.23471637,-0.2482664883333333,-0.30244687,-0.21121243,6
BRD-K49481516,galantamine,3,-0.23464815,-0.21926340666666666,-0.23851323,-0.18462884,3
BRD-A84389091,L-655708,5,-0.23455417,-0.23771247,-0.2891963,-0.20071194,5
BRD-K93658967,aloisine,7,-0.23448145,-0.24218717857142855,-0.291228,-0.17716202,7
BRD-K07220430,cinnarizine,5,-0.2344344,-0.255994984,-0.32069415,-0.21822143,5
BRD-K39356024,pregnenolone,3,-0.2344104,-0.24744395666666666,-0.27482185,-0.23309962,3
BRD-K19352500,prochlorperazine,4,-0.23419276,-0.2312438175,-0.2592855,-0.19730425,4
BRD-K67298865,SB-431542,3,-0.23417091,-0.23209743666666668,-0.2477862,-0.2143352,3
BRD-K77390737,xanthohumol,8,-0.23416734,-0.2574732925,-0.33916342,-0.19439465,8
BRD-K21283037,riluzole,4,-0.23402252499999998,-0.2457088525,-0.31756544,-0.19722492,4
BRD-K97309399,thiothixene,2,-0.233623005,-0.233623005,-0.25978124,-0.20746477,2
BRD-K73838513,cinacalcet,5,-0.23347643,-0.257518694,-0.3175337,-0.19151655,5
BRD-K02283807,GR-32191,2,-0.23323317,-0.23323317,-0.24260929,-0.22385705,2
BRD-A79479878,testosterone,4,-0.233172375,-0.23895363749999998,-0.3133607,-0.1761091,4
BRD-K46137903,prednicarbate,4,-0.23312331,-0.24218934,-0.3027835,-0.19972724,4
BRD-A29901043,KIN001-127,3,-0.23311612,-0.29408419,-0.41671437,-0.23242208,3
BRD-K99922388,DPO-1,3,-0.23302999,-0.28285637333333336,-0.39361128,-0.22192785,3
BRD-K83597974,pargyline,7,-0.23302701,-0.2459568342857143,-0.32491896,-0.17402878,7
BRD-K14221570,benzopurpurin-4b,3,-0.23267856,-0.27607904,-0.40546814,-0.19009042,3
BRD-A49680073,cucurbitacin-i,1,-0.23255426,-0.23255426,-0.23255426,-0.23255426,1
BRD-K15409150,penfluridol,3,-0.23254289,-0.2541286566666667,-0.3094139,-0.22042918,3
BRD-K94144010,cotinine,1,-0.23251873,-0.23251873,-0.23251873,-0.23251873,1
BRD-A29644307,nomifensine,6,-0.23240892000000002,-0.24192228000000002,-0.32394224,-0.18697606,6
BRD-K95992530,cyclo-[Arg-Gly-Asp-D-Phe-Val],5,-0.23230715,-0.269388048,-0.39026833,-0.16983289,5
BRD-K26664453,cytochalasin-b,4,-0.232130185,-0.25484994,-0.34757158,-0.20756781,4
BRD-K99498722,plinabulin,1,-0.23206131,-0.23206131,-0.23206131,-0.23206131,1
BRD-K45988865,tetramethylsilane,3,-0.23199953,-0.25786918,-0.31343943,-0.22816858,3
BRD-A13133631,fluorometholone,6,-0.23196393999999998,-0.25338365333333335,-0.33982354,-0.18478876,6
BRD-K92991072,PAC-1,1,-0.23185636,-0.23185636,-0.23185636,-0.23185636,1
BRD-K39983086,loteprednol,5,-0.23128845,-0.253654388,-0.31073862,-0.21152127,5
BRD-A69951442,dexamethasone,8,-0.231224655,-0.23628974625000002,-0.3041837,-0.18136877,8
BRD-A24191444,ifenprodil,3,-0.23121446,-0.25336954666666667,-0.34203696,-0.18685722,3
BRD-K66198023,losartan,3,-0.23115985,-0.23982594666666665,-0.28976744,-0.19855055,3
BRD-K15107389,BRD-K15107389,5,-0.2311534,-0.271881408,-0.37770462,-0.22914016,5
BRD-K29113274,ketoconazole,5,-0.2311324,-0.24801780199999998,-0.29003596,-0.22177005,5
BRD-K76703230,YM-155,3,-0.23108506,-0.22525694,-0.2746616,-0.17002416,3
BRD-A31204924,mitotane,8,-0.2308992,-0.24019519375,-0.33477268,-0.19125468,8
BRD-K51677086,erythromycin-ethylsuccinate,7,-0.23089896,-0.2332940157142857,-0.25921485,-0.20010777,7
BRD-K35189033,levonorgestrel,6,-0.23083670499999998,-0.25191435833333337,-0.34930027,-0.19656006,6
BRD-K71860425,CDK2-5-inhibitor,4,-0.23082179,-0.2444388475,-0.3222826,-0.19382921,4
BRD-A71157293,fursultiamine,6,-0.230665215,-0.2507155066666667,-0.34844595,-0.18214422,6
BRD-K79092138,nitrofural,3,-0.23040776,-0.23510224999999998,-0.28471577,-0.19018322,3
BRD-K10705233,GW-405833,4,-0.230385215,-0.23984075500000002,-0.2867139,-0.21187869,4
BRD-A16998493,etodolac,1,-0.23027411,-0.23027411,-0.23027411,-0.23027411,1
BRD-K14696368,"9-methyl-5H-6-thia-4,5-diaza-chrysene-6,6-dioxide",1,-0.23026937,-0.23026937,-0.23026937,-0.23026937,1
BRD-K89997465,chlorpromazine,9,-0.23025182,-0.25077304777777776,-0.35145873,-0.1914427,9
BRD-K80639402,SB-258585,2,-0.23020673,-0.23020673,-0.23287374,-0.22753972,2
BRD-K77987382,mebendazole,3,-0.2301194,-0.24514135,-0.29081652,-0.21448813,3
BRD-A54845972,dihydroergotamine,5,-0.22994891,-0.25156915,-0.3164628,-0.21303266,5
BRD-K19462402,buflomedil,1,-0.2299229,-0.2299229,-0.2299229,-0.2299229,1
BRD-K70281171,U-99194,6,-0.22983016,-0.24425426833333333,-0.35670573,-0.16322957,6
BRD-K08219523,5-nonyloxytryptamine,3,-0.22976294,-0.25207252333333335,-0.30508366,-0.22137097,3
BRD-K41567364,SB-334867,2,-0.22973824999999998,-0.22973824999999998,-0.25387812,-0.20559838,2
BRD-K00603606,ticlopidine,4,-0.22968573,-0.2393091625,-0.33695117,-0.16091402,4
BRD-K02867583,minaprine,6,-0.22954149499999998,-0.22404140666666664,-0.25647154,-0.1720432,6
BRD-A29485665,bicalutamide,9,-0.22951324,-0.24850037444444442,-0.36485094,-0.19784582,9
BRD-K52989797,clomipramine,3,-0.22949725,-0.26394349333333333,-0.351719,-0.21061423,3
BRD-K33583600,isoliquiritigenin,2,-0.22944885999999998,-0.22944885999999998,-0.23712492,-0.2217728,2
BRD-A87848830,bimatoprost,2,-0.22941358,-0.22941358,-0.2835226,-0.17530456,2
BRD-K99946902,hexylresorcinol,1,-0.22934845,-0.22934845,-0.22934845,-0.22934845,1
BRD-K64890080,BI-2536,3,-0.22923261,-0.22322761333333332,-0.24293593,-0.1975143,3
BRD-K76723084,isotretinoin,4,-0.22922019500000002,-0.2374150725,-0.2748909,-0.216329,4
BRD-K26573499,DMAB-anabaseine,4,-0.229139375,-0.2377220475,-0.29937708,-0.19323236,4
BRD-K89732114,trifluoperazine,16,-0.229024975,-0.23829739,-0.29045817,-0.17358035,16
BRD-K55055802,BRD-K55055802,2,-0.22883513,-0.22883513,-0.24583462,-0.21183564,2
BRD-K69688083,mestinon,2,-0.228784455,-0.228784455,-0.2312078,-0.22636111,2
BRD-A38747044,KU-14R,3,-0.22868249,-0.23088252333333334,-0.24307388,-0.2208912,3
BRD-A67748489,K-858,2,-0.228620655,-0.228620655,-0.24429937,-0.21294194,2
BRD-K78485176,olmesartan-medoxomil,4,-0.228564875,-0.2194227,-0.22990358,-0.19065747,4
BRD-K76698671,HNHA,1,-0.22846696,-0.22846696,-0.22846696,-0.22846696,1
BRD-K85318537,OBAA,2,-0.228412645,-0.228412645,-0.26065505,-0.19617024,2
BRD-K69690935,curcumin,5,-0.2282871,-0.234794708,-0.27644348,-0.2162427,5
BRD-K66175015,afatinib,3,-0.22821388,-0.22460705,-0.26401716,-0.18159011,3
BRD-K09497549,kawain,3,-0.22796535,-0.24130501666666668,-0.26881167,-0.22713803,3
BRD-K95901403,XL-147,4,-0.22796096500000002,-0.2283957625,-0.24166924,-0.21599188,4
BRD-A06352418,terfenadine,8,-0.227909595,-0.2398720675,-0.31462386,-0.19813928,8
BRD-K12932420,YM-976,6,-0.227830265,-0.23307968333333332,-0.26099002,-0.20725584,6
BRD-K91904471,SD-169,4,-0.227740145,-0.2357012225,-0.26889256,-0.21843204,4
BRD-K31843556,T-0070907,3,-0.22769362,-0.22976976000000002,-0.25420636,-0.2074093,3
BRD-K43468059,byssochlamic-acid,2,-0.22763558,-0.22763558,-0.2500165,-0.20525466,2
BRD-K32906660,bis-tyrphostin,4,-0.227613925,-0.2593987125,-0.37552342,-0.20684358,4
BRD-A99571536,dubinidine,2,-0.22754053,-0.22754053,-0.27901012,-0.17607094,2
BRD-K96319534,phentermine,4,-0.22751452500000002,-0.274199385,-0.42273343,-0.21903506,4
BRD-K23369905,oxiconazole,3,-0.22750089,-0.26531621333333333,-0.34776187,-0.22068588,3
BRD-K43068349,AMG-9810,2,-0.227416865,-0.227416865,-0.22922198,-0.22561175,2
BRD-K46469693,SCH-442416,2,-0.22733177000000002,-0.22733177000000002,-0.26120868,-0.19345486,2
BRD-K07762753,aminopurvalanol-a,4,-0.227240855,-0.2475009525,-0.36212596,-0.17339614,4
BRD-K77175907,calcifediol,4,-0.227175285,-0.2361351925,-0.2852392,-0.204951,4
BRD-K42125900,docetaxel,4,-0.226784355,-0.2321686775,-0.2649956,-0.2101104,4
BRD-K44432556,VU-0418946-1,7,-0.22673535,-0.2640496457142857,-0.38851768,-0.18794054,7
BRD-K09638361,IC-261,3,-0.22666332,-0.2190419366666667,-0.24964091,-0.18082158,3
BRD-K76840893,RS-17053,2,-0.22665301,-0.22665301,-0.25142014,-0.20188588,2
BRD-K98404142,BRD-K98404142,4,-0.226620065,-0.22718823,-0.23972878,-0.21578401,4
BRD-A45498368,WYE-125132,1,-0.22658005,-0.22658005,-0.22658005,-0.22658005,1
BRD-K48427617,U-0124,7,-0.2265299,-0.24889373142857144,-0.3087836,-0.20450145,7
BRD-K06159959,CCMQ,6,-0.22645986,-0.227535445,-0.28998494,-0.16151384,6
BRD-K99029477,prometon,1,-0.22642007,-0.22642007,-0.22642007,-0.22642007,1
BRD-A10070317,propranolol,4,-0.22640656,-0.2221065825,-0.2356334,-0.19997981,4
BRD-K39670393,amthamine,3,-0.22625765,-0.22933601,-0.26190558,-0.1998448,3
BRD-A59985574,topotecan,1,-0.22613029,-0.22613029,-0.22613029,-0.22613029,1
BRD-A64290322,cyclosporin-a,2,-0.226024875,-0.226024875,-0.25161815,-0.2004316,2
BRD-A33447119,oxfendazole,1,-0.2259239,-0.2259239,-0.2259239,-0.2259239,1
BRD-K94832621,Y-134,3,-0.22589351,-0.22521233666666665,-0.2424681,-0.2072754,3
BRD-K18849474,dalcetrapib,3,-0.22589324,-0.23364852333333333,-0.29595295,-0.17909938,3
BRD-A64125466,dehydrocholate,7,-0.22575113,-0.23461539857142857,-0.34258035,-0.18660796,7
BRD-A86044036,flurbiprofen-(+/-),8,-0.22568383,-0.23917618625,-0.33647093,-0.19338408,8
BRD-K46742498,alosetron,3,-0.22568342,-0.26202117333333336,-0.3526108,-0.2077693,3
BRD-K17796732,JWH-015,5,-0.22548977,-0.22445629399999997,-0.24342763,-0.19942941,5
BRD-K50891186,GR-103691,3,-0.22538257,-0.24383690000000002,-0.28270462,-0.22342351,3
BRD-A53107311,BRD-A53107311,2,-0.22537580000000002,-0.22537580000000002,-0.23095542,-0.21979618,2
BRD-K74112339,acetohydroxamic-acid,2,-0.2253718,-0.2253718,-0.22872785,-0.22201575,2
BRD-K69328504,L-690488,2,-0.22527923,-0.22527923,-0.27414486,-0.1764136,2
BRD-A20243730,danazol,2,-0.22521654,-0.22521654,-0.2687154,-0.18171768,2
BRD-A04553218,chlorphenamine,11,-0.2249308,-0.26364547727272725,-0.41231105,-0.19312884,11
BRD-K08998509,fananserin,4,-0.22481683,-0.22380344,-0.2673722,-0.1782079,4
BRD-K27351809,nomegestrol-acetate,10,-0.224812395,-0.229166308,-0.36657527,-0.15080199,10
BRD-K95851186,CGP-13501,3,-0.22476313,-0.24567208666666665,-0.29460716,-0.21764597,3
BRD-K50836978,purvalanol-a,3,-0.22462064,-0.24603464,-0.32108226,-0.19240102,3
BRD-K69840642,ISOX,1,-0.22455892,-0.22455892,-0.22455892,-0.22455892,1
BRD-K79602928,metformin,4,-0.224367965,-0.22007103249999999,-0.2421576,-0.1893906,4
BRD-K93201660,ML-7,5,-0.22432977,-0.225623708,-0.25737497,-0.19963302,5
BRD-K62221994,T-98475,2,-0.22431425,-0.22431425,-0.2548477,-0.1937808,2
BRD-K79131256,albendazole,7,-0.22389972,-0.23628348428571427,-0.3025518,-0.20349929,7
BRD-K00959089,thenoyltrifluoroacetone,4,-0.223872305,-0.247934985,-0.33542883,-0.2085665,4
BRD-A92537424,danazol,6,-0.223861765,-0.22405819500000002,-0.26418036,-0.16193858,6
BRD-A76279427,myriocin,2,-0.22381220000000002,-0.22381220000000002,-0.23869568,-0.20892872,2
BRD-A88254928,salbutamol,1,-0.22371992,-0.22371992,-0.22371992,-0.22371992,1
BRD-K76617868,fasudil,4,-0.22366771000000002,-0.2309730175,-0.2651957,-0.21136095,4
BRD-K95763993,trapidil,3,-0.22357596,-0.24890697666666664,-0.30023032,-0.22291465,3
BRD-A35033682,eriodictyol,5,-0.22346425,-0.238874252,-0.3380615,-0.17507865,5
BRD-K06956503,BRD-K06956503,2,-0.22343878,-0.22343878,-0.23537838,-0.21149918,2
BRD-K32398298,alprazolam,3,-0.22298944,-0.27012775,-0.36923984,-0.21815397,3
BRD-A63043573,cabergoline,3,-0.22280559,-0.24633199333333333,-0.31869256,-0.19749783,3
BRD-K02407574,parbendazole,4,-0.22274708,-0.2359498925,-0.32109237,-0.17721304,4
BRD-K69837166,trap-101,4,-0.22268640499999998,-0.2241704525,-0.27208972,-0.17921928,4
BRD-K66707493,lawsone,3,-0.22248831,-0.22318182333333333,-0.23229021,-0.21476695,3
BRD-K36258877,AZ-10417808,3,-0.22236714,-0.21648045333333332,-0.23058006,-0.19649416,3
BRD-A11170096,pravastatin,3,-0.22215536,-0.22614285999999997,-0.26335105,-0.19292217,3
BRD-K96720755,relcovaptan,2,-0.222141285,-0.222141285,-0.22749875,-0.21678382,2
BRD-A91452556,estradiol-cypionate,4,-0.22182981999999998,-0.2561821425,-0.43906015,-0.14200878,4
BRD-A78360835,cercosporin,5,-0.22173615,-0.240292718,-0.30793804,-0.18073535,5
BRD-K17705806,JTC-801,3,-0.22164682,-0.21682569666666665,-0.2749596,-0.15387067,3
BRD-K67352070,TC-2559,3,-0.22131546,-0.22102112333333332,-0.23351797,-0.20822994,3
BRD-K56957086,dacinostat,1,-0.2212199,-0.2212199,-0.2212199,-0.2212199,1
BRD-A37432947,ipratropium,3,-0.22119716,-0.23482308,-0.2657215,-0.21755058,3
BRD-A66199457,asiaticoside,3,-0.22102271,-0.2515466433333334,-0.34407446,-0.18954276,3
BRD-A62182663,YK-4279,1,-0.22097805,-0.22097805,-0.22097805,-0.22097805,1
BRD-A09495397,bicuculline,3,-0.22095874,-0.2601489666666667,-0.34681082,-0.21267734,3
BRD-K48974000,BRD-K48974000,3,-0.22094747,-0.2222084,-0.27007455,-0.17560318,3
BRD-K51816706,oxindole-I,2,-0.22075778,-0.22075778,-0.26030728,-0.18120828,2
BRD-A45333398,periplocymarin,4,-0.22075284499999998,-0.22822001,-0.2752022,-0.19617215,4
BRD-K31912990,CGP-71683,3,-0.22050875,-0.23202848333333334,-0.2870868,-0.1884899,3
BRD-K19540840,saracatinib,7,-0.2204915,-0.22122207714285716,-0.27050963,-0.18100932,7
BRD-A71459254,cymarin,2,-0.22039035,-0.22039035,-0.2448405,-0.1959402,2
BRD-K14536225,piceid,2,-0.22022627,-0.22022627,-0.26404598,-0.17640656,2
BRD-K54142781,cirazoline,3,-0.22022364,-0.22023200333333334,-0.23478661,-0.20568576,3
BRD-A92439610,triamcinolone-acetonide,6,-0.22018959,-0.23285291500000002,-0.33444253,-0.1951607,6
BRD-K91301684,noscapine,4,-0.22007786000000001,-0.222883405,-0.26296383,-0.18841407,4
BRD-K17953061,staurosporine,7,-0.21987551,-0.21711352,-0.25145224,-0.1907573,7
BRD-K12260308,xanthoxyline,1,-0.21977702,-0.21977702,-0.21977702,-0.21977702,1
BRD-K24526313,levcromakalim,5,-0.21954322,-0.22768242600000002,-0.25662273,-0.21511272,5
BRD-K83508485,FK-888,2,-0.21943922999999999,-0.21943922999999999,-0.2771607,-0.16171776,2
BRD-K56851771,enzalutamide,6,-0.21940906500000001,-0.21958859666666666,-0.29488719,-0.16115542,6
BRD-A50928468,norgestrel,5,-0.21911654,-0.242228328,-0.29695618,-0.19714162,5
BRD-K39111395,BCL2-inhibitor,1,-0.21904522,-0.21904522,-0.21904522,-0.21904522,1
BRD-K03842655,penitrem-a,3,-0.21903779,-0.22873235666666666,-0.2568797,-0.21027958,3
BRD-A65076780,dihydroergocristine,1,-0.21866906,-0.21866906,-0.21866906,-0.21866906,1
BRD-K69608737,tacrolimus,7,-0.21841316,-0.22216812571428574,-0.27055895,-0.18497398,7
BRD-K48932581,cetraxate,3,-0.2182467,-0.24054127999999997,-0.30077064,-0.2026065,3
BRD-K93331255,lypressin,2,-0.21797571999999998,-0.21797571999999998,-0.2307339,-0.20521754,2
BRD-A63998256,helveticoside,3,-0.21789807,-0.23372283666666668,-0.28165138,-0.20161906,3
BRD-K68065987,MK-2206,4,-0.21779281,-0.2401508775,-0.32563156,-0.19938633,4
BRD-A79237180,ascorbic-acid,2,-0.217700075,-0.217700075,-0.22151007,-0.21389008,2
BRD-K24201553,SB-269970,3,-0.21746773,-0.23081635666666667,-0.26721776,-0.20776358,3
BRD-K02526760,QS-11,3,-0.21706021,-0.22671205333333333,-0.27156907,-0.19150688,3
BRD-A94756469,digoxin,8,-0.21635459499999998,-0.223463415,-0.2901405,-0.1710447,8
BRD-K06217810,BRD-K06217810,3,-0.21615988,-0.21223713,-0.22748226,-0.19306925,3
BRD-K07325606,hispidin,3,-0.21597883,-0.21355276666666667,-0.21925294,-0.20542653,3
BRD-K97354755,SU-6656,2,-0.21596417,-0.21596417,-0.23347494,-0.1984534,2
BRD-K87573634,propylpyrazole,4,-0.21589095,-0.2292934025,-0.27480865,-0.21058306,4
BRD-K17743697,KB-R7943,3,-0.2158036,-0.25749581,-0.3479267,-0.20875713,3
BRD-K52836380,AZD-7545,3,-0.21579853,-0.22601027666666665,-0.28799582,-0.17423648,3
BRD-K56047318,RHC-80267,3,-0.2157188,-0.21587429,-0.227929,-0.20397507,3
BRD-K47761761,PD-168077,5,-0.21562758,-0.24922098799999998,-0.38040388,-0.18196192,5
BRD-A80383043,4-carboxy-3-hydroxyphenylglycine-(RS),3,-0.21557856,-0.21996391,-0.23684256,-0.20747061,3
BRD-K53263234,CITCO,4,-0.21548638,-0.2199530275,-0.23531386,-0.21352549,4
BRD-K36038115,BRD-K36038115,1,-0.21528248,-0.21528248,-0.21528248,-0.21528248,1
BRD-U82589721,HG-5-113-01,5,-0.21471827,-0.251840302,-0.3651188,-0.17523831,5
BRD-K96402602,farnesylthiotriazole,2,-0.214465425,-0.214465425,-0.21466807,-0.21426278,2
BRD-A93477898,PETCM,3,-0.21432376,-0.21135115666666668,-0.26917362,-0.15055609,3
BRD-K18316707,O-1918,3,-0.214236,-0.24661490666666666,-0.32068658,-0.20492214,3
BRD-A94543220,bifonazole,5,-0.21419689,-0.26448074200000005,-0.38764837,-0.18430853,5
BRD-K52394958,GR-159897,4,-0.21389837,-0.25487514,-0.38372028,-0.20798354,4
BRD-K85606544,neratinib,7,-0.21386632,-0.23677781285714286,-0.30720836,-0.18887451,7
BRD-A67552655,etomoxir,3,-0.21365018,-0.20564941,-0.24155983,-0.16173822,3
BRD-K07212038,selinidin,1,-0.21358936,-0.21358936,-0.21358936,-0.21358936,1
BRD-A15079084,phorbol-12-myristate-13-acetate,4,-0.21323082999999998,-0.22407929499999998,-0.2765604,-0.19329512,4
BRD-A15034104,bergenin,1,-0.21294585,-0.21294585,-0.21294585,-0.21294585,1
BRD-K25433859,maprotiline,3,-0.21291716,-0.21628599333333334,-0.24812032,-0.1878205,3
BRD-A08003242,rhodomyrtoxin-b,4,-0.21279626000000001,-0.2191672325,-0.2640894,-0.18698701,4
BRD-K00675675,CL-82198,5,-0.2126582,-0.26980699599999997,-0.3962192,-0.19414613,5
BRD-K86465814,HO-013,3,-0.21206763,-0.25175336,-0.34365273,-0.19953972,3
BRD-A44551378,LFM-A12,2,-0.21193893,-0.21193893,-0.22057667,-0.20330119,2
BRD-K42142750,retrorsine,2,-0.211797375,-0.211797375,-0.2184594,-0.20513535,2
BRD-A20697603,thiostrepton,3,-0.2115126,-0.24088329,-0.32490426,-0.18623301,3
BRD-A72711497,lasalocid,2,-0.21127938000000002,-0.21127938000000002,-0.21668798,-0.20587078,2
BRD-K56001384,antimycin-a,3,-0.21125877,-0.21661480666666666,-0.25944507,-0.17914058,3
BRD-K51066026,aminoindazole,3,-0.21120861,-0.22819482333333332,-0.2655215,-0.20785436,3
BRD-K20168442,vecuronium,3,-0.20933455,-0.22586471,-0.2659964,-0.20226318,3
BRD-A67788537,salermide,2,-0.20874977,-0.20874977,-0.21112832,-0.20637122,2
BRD-K24681473,YM-155,1,-0.20824626,-0.20824626,-0.20824626,-0.20824626,1
BRD-K62289640,lylamine,3,-0.20788348,-0.21293780666666665,-0.27568477,-0.15524517,3
BRD-A47342814,naltrindole,1,-0.20773375,-0.20773375,-0.20773375,-0.20773375,1
BRD-K86882815,cabergoline,2,-0.20752406,-0.20752406,-0.23973307,-0.17531505,2
BRD-A39415247,norethisterone,3,-0.20700487,-0.24490771666666666,-0.3529743,-0.17474398,3
BRD-K47539947,tetradecylthioacetic-acid,3,-0.20694253,-0.22165669666666665,-0.2580998,-0.19992776,3
BRD-K70792160,10-DEBC,2,-0.206416875,-0.206416875,-0.24085507,-0.17197868,2
BRD-A52193669,withaferin-a,1,-0.20623016,-0.20623016,-0.20623016,-0.20623016,1
BRD-K55344148,BU-224,3,-0.20594831,-0.28106975333333334,-0.44746482,-0.18979613,3
BRD-A18279961,BRD-A18279961,4,-0.205879415,-0.2490000075,-0.38487953,-0.19936167,4
BRD-A81795050,U-18666A,3,-0.20565903,-0.2070239833333333,-0.249802,-0.16561092,3
BRD-A13650332,flucloxacillin,4,-0.205585215,-0.21110619749999998,-0.24711576,-0.1861386,4
BRD-K12002134,megestrol,3,-0.20534234,-0.27724943333333335,-0.43527377,-0.19113219,3
BRD-K08619574,thioproperazine,5,-0.20432505,-0.23297747200000002,-0.33617246,-0.1773644,5
BRD-A82656074,naltrindole,2,-0.20360328500000002,-0.20360328500000002,-0.21150947,-0.1956971,2
BRD-K52080565,nandrolone,1,-0.20343435,-0.20343435,-0.20343435,-0.20343435,1
BRD-A16934955,nalbuphine,3,-0.20313704,-0.22692953000000002,-0.28024995,-0.1974016,3
BRD-K15616905,CCCP,3,-0.20278308,-0.21565103666666666,-0.26017118,-0.18399885,3
BRD-K37392901,NSC-632839,1,-0.20248982,-0.20248982,-0.20248982,-0.20248982,1
BRD-K87947369,tozasertib,5,-0.20243391,-0.220886212,-0.28256083,-0.18009081,5
BRD-A35989968,megestrol-acetate,1,-0.20242478,-0.20242478,-0.20242478,-0.20242478,1
BRD-K04887706,AKT-inhibitor-1-2,1,-0.2021419,-0.2021419,-0.2021419,-0.2021419,1
BRD-K84595254,strophanthidin,3,-0.20182395,-0.23341469333333334,-0.30262035,-0.19579978,3
BRD-K04389336,labetalol,2,-0.20179913500000002,-0.20179913500000002,-0.22584397,-0.1777543,2
BRD-A10355991,norketamine,4,-0.201651155,-0.21181082750000002,-0.25209582,-0.19184518,4
BRD-K68392338,ZK-93426,2,-0.201233465,-0.201233465,-0.22826347,-0.17420346,2
BRD-K92301463,"16,16-dimethylprostaglandin-e2",3,-0.20116082,-0.2680346333333333,-0.41850302,-0.18444006,3
BRD-K80348542,cephaeline,4,-0.19997226,-0.2178931475,-0.3220849,-0.14954317,4
BRD-A12633378,BRD-A12633378,2,-0.199782335,-0.199782335,-0.20264709,-0.19691758,2
BRD-K28120222,parthenolide-(alternate-stereo),2,-0.19944562,-0.19944562,-0.23253351,-0.16635773,2
BRD-K15086322,JNJ-10191584,1,-0.19890514,-0.19890514,-0.19890514,-0.19890514,1
BRD-A14798026,mestranol,2,-0.197540225,-0.197540225,-0.2273414,-0.16773905,2
BRD-K82216340,medroxyprogesterone,1,-0.19728778,-0.19728778,-0.19728778,-0.19728778,1
BRD-U25771771,WZ-4-145,5,-0.19696295,-0.22109376799999997,-0.29480305,-0.18997253,5
BRD-K60219430,serdemetan,3,-0.19632092,-0.19665602333333335,-0.20138927,-0.19225788,3
BRD-A64228451,terreic-acid-(-),2,-0.19472694499999998,-0.19472694499999998,-0.20641199,-0.1830419,2
BRD-K21853356,RG-14620,1,-0.19471896,-0.19471896,-0.19471896,-0.19471896,1
BRD-A52530684,doxorubicin,2,-0.194219585,-0.194219585,-0.20917772,-0.17926145,2
BRD-A93236127,digitoxin,2,-0.19402682999999998,-0.19402682999999998,-0.1941572,-0.19389646,2
BRD-A80928489,1-monopalmitin,2,-0.192833325,-0.192833325,-0.20179845,-0.1838682,2
BRD-K64634304,tretinoin,1,-0.19143298,-0.19143298,-0.19143298,-0.19143298,1
BRD-K26818574,BIX-01294,1,-0.19003585,-0.19003585,-0.19003585,-0.19003585,1
BRD-A69512159,carbidopa,3,-0.18965153,-0.20245830666666667,-0.23358208,-0.18414131,3
BRD-A75144621,digoxin,1,-0.18846932,-0.18846932,-0.18846932,-0.18846932,1
BRD-K96471533,nitazoxanide,2,-0.18667027,-0.18667027,-0.22068784,-0.1526527,2
BRD-K68174511,torin-2,1,-0.18565333,-0.18565333,-0.18565333,-0.18565333,1
BRD-K64881305,ispinesib,3,-0.18118075,-0.20577179666666667,-0.26564628,-0.17048836,3
BRD-K17497770,butein,1,-0.17370805,-0.17370805,-0.17370805,-0.17370805,1
BRD-K98824517,BRD-K98824517,1,-0.16406754,-0.16406754,-0.16406754,-0.16406754,1
BRD-K74148702,curcumin,1,-0.16339278,-0.16339278,-0.16339278,-0.16339278,1
