query,pert_id,pert_iname,pert_type,tau
ATLAS_SIG_B_TOP100,BRD-A09094913,strychnine,trt_cp,46.057945
ATLAS_SIG_B_TOP100,BRD-A55393291,testosterone,trt_cp,-73.701614
ATLAS_SIG_B_TOP100,BRD-A93255169,thalidomide,trt_cp,-19.807978
ATLAS_SIG_B_TOP100,BRD-K41731458,triclosan,trt_cp,21.339296
ATLAS_SIG_B_TOP100,BRD-K63675182,triflupromazine,trt_cp,82.02201
ATLAS_SIG_B_TOP100,BRD-A19195498,trimipramine,trt_cp,-31.97786
ATLAS_SIG_B_TOP100,BRD-K99621550,tubocurarine,trt_cp,-12.620192
ATLAS_SIG_B_TOP100,BRD-A51714012,venlafaxine,trt_cp,-5.4251604
ATLAS_SIG_B_TOP100,BRD-K45117373,Y-26763,trt_cp,42.297028
ATLAS_SIG_B_TOP100,BRD-K42095107,daidzein,trt_cp,-11.170626
ATLAS_SIG_B_TOP100,BRD-K61269089,daphnetin,trt_cp,-43.49672
ATLAS_SIG_B_TOP100,BRD-A47494775,dipivefrine,trt_cp,2.7131784
ATLAS_SIG_B_TOP100,BRD-A18620900,estriol,trt_cp,-12.397411
ATLAS_SIG_B_TOP100,BRD-A02367930,ethinyl-estradiol,trt_cp,8.577066
ATLAS_SIG_B_TOP100,BRD-A61392169,eliprodil,trt_cp,-18.237556
ATLAS_SIG_B_TOP100,BRD-A30205217,ethotoin,trt_cp,9.992527
ATLAS_SIG_B_TOP100,BRD-A09925278,etilefrine,trt_cp,10.004815
ATLAS_SIG_B_TOP100,BRD-A18419789,etoposide,trt_cp,-5.6713047
ATLAS_SIG_B_TOP100,BRD-K61951118,FG-7142,trt_cp,-5.60758
ATLAS_SIG_B_TOP100,BRD-A13133631,fluorometholone,trt_cp,-19.840298
ATLAS_SIG_B_TOP100,BRD-K11129031,gemfibrozil,trt_cp,7.584703
ATLAS_SIG_B_TOP100,BRD-K26117720,gingerol,trt_cp,-4.582148
ATLAS_SIG_B_TOP100,BRD-A73859745,glycodeoxycholic-acid,trt_cp,-11.176701
ATLAS_SIG_B_TOP100,BRD-A09539288,homatropine,trt_cp,91.46611
ATLAS_SIG_B_TOP100,BRD-A78303415,hyoscyamine,trt_cp,-5.4615927
ATLAS_SIG_B_TOP100,BRD-A63998256,helveticoside,trt_cp,3.1589756
ATLAS_SIG_B_TOP100,BRD-A47065382,huperzine-a,trt_cp,3.911205
ATLAS_SIG_B_TOP100,BRD-A98299281,"hydroxytacrine-maleate-(r,s)",trt_cp,57.408836
ATLAS_SIG_B_TOP100,BRD-A37776212,ICI-204448,trt_cp,-7.4995956
ATLAS_SIG_B_TOP100,BRD-K38436528,imipramine,trt_cp,-6.142618
ATLAS_SIG_B_TOP100,BRD-A95869247,indapamide,trt_cp,25.88114
ATLAS_SIG_B_TOP100,BRD-K86509404,iso-olomoucine,trt_cp,18.083065
ATLAS_SIG_B_TOP100,BRD-A52326238,isogedunin,trt_cp,2.572234
ATLAS_SIG_B_TOP100,BRD-A16700644,isoxsuprine,trt_cp,1.0923185
ATLAS_SIG_B_TOP100,BRD-K13211965,L-741742,trt_cp,9.464324
ATLAS_SIG_B_TOP100,BRD-A68039575,liquiritigenin,trt_cp,24.20532
ATLAS_SIG_B_TOP100,BRD-K88789588,letrozole,trt_cp,34.276127
ATLAS_SIG_B_TOP100,BRD-A50764878,MDL-73005EF,trt_cp,7.751938
ATLAS_SIG_B_TOP100,BRD-K02867583,minaprine,trt_cp,-0.9866103
ATLAS_SIG_B_TOP100,BRD-A30435184,metergoline,trt_cp,47.08712
ATLAS_SIG_B_TOP100,BRD-A45543382,metrizamide,trt_cp,-2.5369978
ATLAS_SIG_B_TOP100,BRD-A65280694,molindone,trt_cp,-2.2551093
ATLAS_SIG_B_TOP100,BRD-K21548250,moracizine,trt_cp,5.567301
ATLAS_SIG_B_TOP100,BRD-K62056274,N-methylquipazine,trt_cp,-33.667915
ATLAS_SIG_B_TOP100,BRD-K41143549,N20C,trt_cp,-71.683685
ATLAS_SIG_B_TOP100,BRD-K26979635,NS-3694,trt_cp,-30.994476
ATLAS_SIG_B_TOP100,BRD-A80213327,NSC-23766,trt_cp,8.184715
ATLAS_SIG_B_TOP100,BRD-K88172511,naltrexone,trt_cp,-9.665401
ATLAS_SIG_B_TOP100,BRD-A19736161,ondansetron,trt_cp,1.3265347
ATLAS_SIG_B_TOP100,BRD-K50841342,PAC-1,trt_cp,0.0
ATLAS_SIG_B_TOP100,BRD-A70407468,PSB-36,trt_cp,19.416143
ATLAS_SIG_B_TOP100,BRD-A59303141,quinethazone,trt_cp,9.328825
ATLAS_SIG_B_TOP100,BRD-K86600316,RS-79948,trt_cp,-4.8625793
ATLAS_SIG_B_TOP100,BRD-A92585442,RU-28318,trt_cp,1.1275547
ATLAS_SIG_B_TOP100,BRD-A65739223,ramipril,trt_cp,-25.663988
ATLAS_SIG_B_TOP100,BRD-K27141178,SB-203186,trt_cp,-7.7036543
ATLAS_SIG_B_TOP100,BRD-K55748775,SCH-28080,trt_cp,-6.2940426
ATLAS_SIG_B_TOP100,BRD-A91992993,siguazodan,trt_cp,5.1209874
ATLAS_SIG_B_TOP100,BRD-K46211610,tolazoline,trt_cp,-4.721635
ATLAS_SIG_B_TOP100,BRD-A30717181,triamcinolone,trt_cp,46.131737
ATLAS_SIG_B_TOP100,BRD-K11742128,triprolidine,trt_cp,-44.621677
ATLAS_SIG_B_TOP100,BRD-A79672927,tropicamide,trt_cp,-0.5990134
ATLAS_SIG_B_TOP100,BRD-K48427617,U-0124,trt_cp,-39.553844
ATLAS_SIG_B_TOP100,BRD-K47207162,zimelidine,trt_cp,-1.784864
ATLAS_SIG_B_TOP100,BRD-A47513740,calyculin,trt_cp,93.74149
ATLAS_SIG_B_TOP100,BRD-K56231354,triprolidine,trt_cp,-11.296581
ATLAS_SIG_B_TOP100,BRD-K89732114,trifluoperazine,trt_cp,21.591066
ATLAS_SIG_B_TOP100,BRD-A18763547,BAX-channel-blocker,trt_cp,25.469599
ATLAS_SIG_B_TOP100,BRD-A83255679,BRD-A83255679,trt_cp,-1.0570824
ATLAS_SIG_B_TOP100,BRD-K00317371,RITA,trt_cp,-45.81842
ATLAS_SIG_B_TOP100,BRD-K06593056,LE-135,trt_cp,-2.572234
ATLAS_SIG_B_TOP100,BRD-K12184916,NVP-BEZ235,trt_cp,0.0
ATLAS_SIG_B_TOP100,BRD-K15563106,phloretin,trt_cp,-37.116245
ATLAS_SIG_B_TOP100,BRD-K19295594,gossypol,trt_cp,-33.31175
ATLAS_SIG_B_TOP100,BRD-K20755323,SKI-II,trt_cp,1.1627907
ATLAS_SIG_B_TOP100,BRD-K26664453,cytochalasin-b,trt_cp,3.288619
ATLAS_SIG_B_TOP100,BRD-K32536677,AGK-2,trt_cp,43.41661
ATLAS_SIG_B_TOP100,BRD-K36927236,glibenclamide,trt_cp,10.528376
ATLAS_SIG_B_TOP100,BRD-K53414658,tivozanib,trt_cp,10.26399
ATLAS_SIG_B_TOP100,BRD-K54256913,MK-1775,trt_cp,21.613354
ATLAS_SIG_B_TOP100,BRD-K68143200,NSC-95397,trt_cp,51.31653
ATLAS_SIG_B_TOP100,BRD-K93176058,AC-55649,trt_cp,-21.009426
ATLAS_SIG_B_TOP100,BRD-K94325918,kinetin-riboside,trt_cp,-73.839066
ATLAS_SIG_B_TOP100,BRD-K95609758,BMS-191011,trt_cp,-31.584824
ATLAS_SIG_B_TOP100,BRD-K96354014,nifedipine,trt_cp,-35.130684
ATLAS_SIG_B_TOP100,BRD-K30064966,BRD-K30064966,trt_cp,39.031654
ATLAS_SIG_B_TOP100,BRD-K56301217,ABT-737,trt_cp,-36.547043
ATLAS_SIG_B_TOP100,BRD-K82746043,navitoclax,trt_cp,-26.469765
ATLAS_SIG_B_TOP100,BRD-A67373739,AICA-ribonucleotide,trt_cp,-30.75285
ATLAS_SIG_B_TOP100,BRD-K47983010,BX-795,trt_cp,6.4560556
ATLAS_SIG_B_TOP100,BRD-K05653692,DL-PDMP,trt_cp,56.554077
ATLAS_SIG_B_TOP100,BRD-K01976263,emetine,trt_cp,-96.723045
ATLAS_SIG_B_TOP100,BRD-A68631409,evodiamine,trt_cp,-17.494099
ATLAS_SIG_B_TOP100,BRD-K09778810,FGIN-1-27,trt_cp,-0.8104299
ATLAS_SIG_B_TOP100,BRD-K85606544,neratinib,trt_cp,57.989246
ATLAS_SIG_B_TOP100,BRD-K33583600,isoliquiritigenin,trt_cp,79.383575
ATLAS_SIG_B_TOP100,BRD-K67566344,KU-0063794,trt_cp,-1.3742071
ATLAS_SIG_B_TOP100,BRD-K37865504,LY-2183240,trt_cp,2.7836504
ATLAS_SIG_B_TOP100,BRD-K35960502,niclosamide,trt_cp,12.29019
ATLAS_SIG_B_TOP100,BRD-K48692744,NU-1025,trt_cp,-29.447258
ATLAS_SIG_B_TOP100,BRD-K08589866,linsitinib,trt_cp,-8.0673485
ATLAS_SIG_B_TOP100,BRD-K92991072,PAC-1,trt_cp,1.7280622
ATLAS_SIG_B_TOP100,BRD-K11853856,PJ-34,trt_cp,34.924023
ATLAS_SIG_B_TOP100,BRD-K16554956,PTB1,trt_cp,-3.8553214
ATLAS_SIG_B_TOP100,BRD-K02407574,parbendazole,trt_cp,85.33974
ATLAS_SIG_B_TOP100,BRD-K98548675,parthenolide,trt_cp,92.45113
ATLAS_SIG_B_TOP100,BRD-K01292756,pimozide,trt_cp,37.2933
ATLAS_SIG_B_TOP100,BRD-A45889380,mepacrine,trt_cp,89.00634
ATLAS_SIG_B_TOP100,BRD-K21672174,Ro-28-1675,trt_cp,-34.97466
ATLAS_SIG_B_TOP100,BRD-A97437073,rosiglitazone,trt_cp,-1.4700514
ATLAS_SIG_B_TOP100,BRD-K03816923,rottlerin,trt_cp,-1.5503876
ATLAS_SIG_B_TOP100,BRD-K53855319,SRT-1720,trt_cp,12.215756
ATLAS_SIG_B_TOP100,BRD-A35588707,teniposide,trt_cp,-17.689169
ATLAS_SIG_B_TOP100,BRD-K51575138,TPCA-1,trt_cp,-43.639847
ATLAS_SIG_B_TOP100,BRD-K80527266,triacsin-c,trt_cp,-86.06775
ATLAS_SIG_B_TOP100,BRD-K74236984,UNC-0321,trt_cp,-78.77869
ATLAS_SIG_B_TOP100,BRD-K87947369,tozasertib,trt_cp,3.3725805
ATLAS_SIG_B_TOP100,BRD-K12994359,valdecoxib,trt_cp,-2.0084567
ATLAS_SIG_B_TOP100,BRD-K71799949,carbamazepine,trt_cp,16.630302
ATLAS_SIG_B_TOP100,BRD-A85860691,chaetocin,trt_cp,69.23867
ATLAS_SIG_B_TOP100,BRD-A38030642,cyclosporin-a,trt_cp,-38.283497
ATLAS_SIG_B_TOP100,BRD-K35723520,darinaparsin,trt_cp,-13.327713
ATLAS_SIG_B_TOP100,BRD-K82135108,elesclomol,trt_cp,-1.0218464
ATLAS_SIG_B_TOP100,BRD-K14888893,minoxidil,trt_cp,-4.6735516
ATLAS_SIG_B_TOP100,BRD-A75517195,thiazolopyrimidine,trt_cp,5.240394
ATLAS_SIG_B_TOP100,BRD-A75409952,wortmannin,trt_cp,0.03483856
ATLAS_SIG_B_TOP100,BRD-A81541225,oligomycin-a,trt_cp,-93.9972
ATLAS_SIG_B_TOP100,BRD-K81418486,vorinostat,trt_cp,74.42141
ATLAS_SIG_B_TOP100,BRD-K61033289,15-delta-prostaglandin-j2,trt_cp,46.41044
ATLAS_SIG_B_TOP100,BRD-K88560311,rucaparib,trt_cp,-23.761574
ATLAS_SIG_B_TOP100,BRD-K08703257,3-amino-benzamide,trt_cp,-21.064146
ATLAS_SIG_B_TOP100,BRD-K09907482,PRL-3-inhibitor-I,trt_cp,-28.334888
ATLAS_SIG_B_TOP100,BRD-K59184148,SB-216763,trt_cp,-44.115448
ATLAS_SIG_B_TOP100,BRD-K12762134,XAV-939,trt_cp,-11.214052
ATLAS_SIG_B_TOP100,BRD-K26657438,imiquimod,trt_cp,-5.8868904
ATLAS_SIG_B_TOP100,BRD-K93754473,tamoxifen,trt_cp,-1.0570824
ATLAS_SIG_B_TOP100,BRD-K27316855,calcitriol,trt_cp,2.5886211
ATLAS_SIG_B_TOP100,BRD-A13122391,triptolide,trt_cp,50.771053
ATLAS_SIG_B_TOP100,BRD-A71390734,idarubicin,trt_cp,18.35336
ATLAS_SIG_B_TOP100,BRD-K91623615,ABT-751,trt_cp,28.907219
ATLAS_SIG_B_TOP100,BRD-K07303502,arachidonyl-trifluoro-methane,trt_cp,32.854065
ATLAS_SIG_B_TOP100,BRD-K78959463,FPL-64176,trt_cp,-18.324192
ATLAS_SIG_B_TOP100,BRD-K09499853,KU-0060648,trt_cp,74.87437
ATLAS_SIG_B_TOP100,BRD-K28470988,L-690330,trt_cp,-1.0482725
ATLAS_SIG_B_TOP100,BRD-K69328504,L-690488,trt_cp,4.0521493
ATLAS_SIG_B_TOP100,BRD-K76205745,losartan,trt_cp,-6.800564
ATLAS_SIG_B_TOP100,BRD-K78126613,menadione,trt_cp,6.0364537
ATLAS_SIG_B_TOP100,BRD-K67844266,pevonedistat,trt_cp,-22.674932
ATLAS_SIG_B_TOP100,BRD-K62810658,PD-98059,trt_cp,-3.488372
ATLAS_SIG_B_TOP100,BRD-K80738081,resveratrol,trt_cp,2.184637
ATLAS_SIG_B_TOP100,BRD-K23875128,RHO-kinase-inhibitor-III[rockout],trt_cp,-75.69568
ATLAS_SIG_B_TOP100,BRD-K50128260,sildenafil,trt_cp,23.593685
ATLAS_SIG_B_TOP100,BRD-K28360340,TW-37,trt_cp,0.63424945
ATLAS_SIG_B_TOP100,BRD-A09533288,verapamil,trt_cp,-43.12323
ATLAS_SIG_B_TOP100,BRD-U88459701,atorvastatin,trt_cp,-1.7618041
ATLAS_SIG_B_TOP100,BRD-A69951442,dexamethasone,trt_cp,-26.880026
ATLAS_SIG_B_TOP100,BRD-A25004090,erastin,trt_cp,-6.4581385
ATLAS_SIG_B_TOP100,BRD-K15108141,gemcitabine,trt_cp,17.333858
ATLAS_SIG_B_TOP100,BRD-K59222562,BRD-K59222562,trt_cp,-89.29127
ATLAS_SIG_B_TOP100,BRD-A18279961,BRD-A18279961,trt_cp,4.1578574
ATLAS_SIG_B_TOP100,BRD-A38793261,BRD-A38793261,trt_cp,-5.990134
ATLAS_SIG_B_TOP100,BRD-K37456065,VU-0365114-2,trt_cp,-15.150288
ATLAS_SIG_B_TOP100,BRD-K44432556,VU-0418946-1,trt_cp,-5.320648
ATLAS_SIG_B_TOP100,BRD-A19500257,geldanamycin,trt_cp,1.3456566
ATLAS_SIG_B_TOP100,BRD-K24127443,BRD-K24127443,trt_cp,2.2198732
ATLAS_SIG_B_TOP100,BRD-K35133769,BRD-K35133769,trt_cp,12.472073
ATLAS_SIG_B_TOP100,BRD-K68756823,FR-180204,trt_cp,-4.792107
ATLAS_SIG_B_TOP100,BRD-K30649484,mafenide,trt_cp,54.51062
ATLAS_SIG_B_TOP100,BRD-K39823328,VU-0366037-2,trt_cp,-14.964619
ATLAS_SIG_B_TOP100,BRD-A34208323,VU-0404997-2,trt_cp,8.527132
ATLAS_SIG_B_TOP100,BRD-K83010055,VU-0415374-1,trt_cp,-12.876731
ATLAS_SIG_B_TOP100,BRD-K74501079,azithromycin,trt_cp,16.902063
ATLAS_SIG_B_TOP100,BRD-A35108200,dexamethasone,trt_cp,-32.249184
ATLAS_SIG_B_TOP100,BRD-A69512159,carbidopa,trt_cp,10.150555
ATLAS_SIG_B_TOP100,BRD-K02637541,celecoxib,trt_cp,0.5285412
ATLAS_SIG_B_TOP100,BRD-A42571354,cetirizine,trt_cp,-22.151243
ATLAS_SIG_B_TOP100,BRD-A47598013,citalopram,trt_cp,21.70086
ATLAS_SIG_B_TOP100,BRD-K27721098,clopidogrel,trt_cp,82.06672
ATLAS_SIG_B_TOP100,BRD-K05673000,dicloxacillin,trt_cp,-77.3276
ATLAS_SIG_B_TOP100,BRD-A16998493,etodolac,trt_cp,30.654652
ATLAS_SIG_B_TOP100,BRD-A81233518,glycopyrrolate,trt_cp,4.3203063
ATLAS_SIG_B_TOP100,BRD-A01320529,salmeterol,trt_cp,3.3796282
ATLAS_SIG_B_TOP100,BRD-K55070890,thiothixene,trt_cp,66.09182
ATLAS_SIG_B_TOP100,BRD-K92000912,AM-251,trt_cp,0.7047216
ATLAS_SIG_B_TOP100,BRD-K41410256,balsalazide,trt_cp,4.6159267
ATLAS_SIG_B_TOP100,BRD-A46179541,doxapram,trt_cp,-61.557808
ATLAS_SIG_B_TOP100,BRD-K67783091,haloperidol,trt_cp,9.844547
ATLAS_SIG_B_TOP100,BRD-A66435872,HTMT,trt_cp,3.3528428
ATLAS_SIG_B_TOP100,BRD-K12102668,nialamide,trt_cp,16.860403
ATLAS_SIG_B_TOP100,BRD-K67637637,olopatadine,trt_cp,8.163357
ATLAS_SIG_B_TOP100,BRD-K00234327,RU-24969,trt_cp,11.077289
ATLAS_SIG_B_TOP100,BRD-A75769826,SDM-25N,trt_cp,-57.412
ATLAS_SIG_B_TOP100,BRD-A01826957,xanthinol,trt_cp,35.584896
ATLAS_SIG_B_TOP100,BRD-A70083328,secnidazole,trt_cp,-36.271267
ATLAS_SIG_B_TOP100,BRD-K98530306,clonidine,trt_cp,5.080403
ATLAS_SIG_B_TOP100,BRD-A36074203,remacemide,trt_cp,45.876755
ATLAS_SIG_B_TOP100,BRD-K02130563,panobinostat,trt_cp,74.03336
ATLAS_SIG_B_TOP100,BRD-K26818574,BIX-01294,trt_cp,2.8893588
ATLAS_SIG_B_TOP100,BRD-K07403598,CAY-10470,trt_cp,5.941649
ATLAS_SIG_B_TOP100,BRD-K05396879,15-delta-prostaglandin-j2,trt_cp,-0.9866103
ATLAS_SIG_B_TOP100,BRD-K00656370,6-aminochrysene,trt_cp,-3.8878546
ATLAS_SIG_B_TOP100,BRD-K56001384,antimycin-a,trt_cp,11.720535
ATLAS_SIG_B_TOP100,BRD-K10573841,tunicamycin,trt_cp,-15.148933
ATLAS_SIG_B_TOP100,BRD-A19037878,trichostatin-a,trt_cp,47.99138
ATLAS_SIG_B_TOP100,BRD-K87426499,BRD-K87426499,trt_cp,-98.71467
ATLAS_SIG_B_TOP100,BRD-A66395008,parthenolide,trt_cp,-68.24616
ATLAS_SIG_B_TOP100,BRD-K79254416,decitabine,trt_cp,0.0
ATLAS_SIG_B_TOP100,BRD-K25504083,cytochalasin-d,trt_cp,-47.879147
ATLAS_SIG_B_TOP100,BRD-K97056771,GNF-2,trt_cp,2.0084567
ATLAS_SIG_B_TOP100,BRD-K29733039,deforolimus,trt_cp,-6.4015203
ATLAS_SIG_B_TOP100,BRD-K07881437,danusertib,trt_cp,-46.443993
ATLAS_SIG_B_TOP100,BRD-K16478699,PLX-4720,trt_cp,-12.686185
ATLAS_SIG_B_TOP100,BRD-K71823332,epothilone-a,trt_cp,2.8188865
ATLAS_SIG_B_TOP100,BRD-K47832606,floxuridine,trt_cp,47.346573
ATLAS_SIG_B_TOP100,BRD-K35687265,ON-01910,trt_cp,-41.826263
ATLAS_SIG_B_TOP100,BRD-K64881305,ispinesib,trt_cp,0.0
ATLAS_SIG_B_TOP100,BRD-K31553034,zibotentan,trt_cp,-31.146858
ATLAS_SIG_B_TOP100,BRD-K19416115,sitagliptin,trt_cp,-95.04602
ATLAS_SIG_B_TOP100,BRD-K31283835,tofacitinib,trt_cp,-7.9641037
ATLAS_SIG_B_TOP100,BRD-K22096725,ALW-II-49-7,trt_cp,-90.098976
ATLAS_SIG_B_TOP100,BRD-A45664787,iloprost,trt_cp,15.207065
ATLAS_SIG_B_TOP100,BRD-K74133369,oligomycin-a,trt_cp,-1.7970402
ATLAS_SIG_B_TOP100,BRD-K55991774,BAS-09104376,trt_cp,-75.29918
ATLAS_SIG_B_TOP100,BRD-A02333338,cyclopamine,trt_cp,0.0
ATLAS_SIG_B_TOP100,BRD-K07888107,depudecin,trt_cp,33.591084
ATLAS_SIG_B_TOP100,BRD-A32161980,carbetocin,trt_cp,-61.636898
ATLAS_SIG_B_TOP100,BRD-K50140147,NVP-TAE684,trt_cp,1.559434
ATLAS_SIG_B_TOP100,BRD-K92723993,imatinib,trt_cp,15.4361105
ATLAS_SIG_B_TOP100,BRD-K49865102,PD-0325901,trt_cp,-85.03055
ATLAS_SIG_B_TOP100,BRD-K63068307,ZSTK-474,trt_cp,21.43027
ATLAS_SIG_B_TOP100,BRD-K17743125,belinostat,trt_cp,74.62095
ATLAS_SIG_B_TOP100,BRD-K71512533,SNS-314,trt_cp,53.454803
ATLAS_SIG_B_TOP100,BRD-K89839824,raltitrexed,trt_cp,0.3875969
ATLAS_SIG_B_TOP100,BRD-K77175907,calcifediol,trt_cp,-1.5031481
ATLAS_SIG_B_TOP100,BRD-K50387473,XMD-892,trt_cp,0.0
ATLAS_SIG_B_TOP100,BRD-K32836707,CAY-10577,trt_cp,-42.26599
ATLAS_SIG_B_TOP100,BRD-K24994810,androstenol,trt_cp,-43.960052
ATLAS_SIG_B_TOP100,BRD-K40255344,tyrphostin-A9,trt_cp,-4.0384865
ATLAS_SIG_B_TOP100,BRD-K06080977,eicosatetraynoic-acid,trt_cp,-4.0873857
ATLAS_SIG_B_TOP100,BRD-K72703948,ZM-447439,trt_cp,7.733983
ATLAS_SIG_B_TOP100,BRD-K97764662,PD-173074,trt_cp,-63.726395
ATLAS_SIG_B_TOP100,BRD-K99369265,sirolimus,trt_cp,0.0
ATLAS_SIG_B_TOP100,BRD-M64432851,sunitinib,trt_cp,-70.36962
ATLAS_SIG_B_TOP100,BRD-K83988098,alvespimycin,trt_cp,28.511993
ATLAS_SIG_B_TOP100,BRD-K17823458,danoprevir,trt_cp,-10.097717
ATLAS_SIG_B_TOP100,BRD-K08206212,entecavir,trt_cp,0.0
ATLAS_SIG_B_TOP100,BRD-K77008974,WYE-354,trt_cp,-1.0923185
ATLAS_SIG_B_TOP100,BRD-K09186807,KIN001-244,trt_cp,-7.0037594
ATLAS_SIG_B_TOP100,BRD-A26199074,calmidazolium,trt_cp,-15.833775
ATLAS_SIG_B_TOP100,BRD-A37837077,cyclazosin,trt_cp,-1.0218464
ATLAS_SIG_B_TOP100,BRD-K98426715,tubacin,trt_cp,-46.54914
ATLAS_SIG_B_TOP100,BRD-A25576662,streptozotocin,trt_cp,-12.014807
ATLAS_SIG_B_TOP100,BRD-A29644307,nomifensine,trt_cp,-15.169184
ATLAS_SIG_B_TOP100,BRD-A64479082,quinidine,trt_cp,-11.069737
ATLAS_SIG_B_TOP100,BRD-A80793822,pemoline,trt_cp,-23.855093
ATLAS_SIG_B_TOP100,BRD-A82307304,atorvastatin,trt_cp,-38.053806
ATLAS_SIG_B_TOP100,BRD-K04389336,labetalol,trt_cp,12.329595
ATLAS_SIG_B_TOP100,BRD-K10852020,tolcapone,trt_cp,-19.783361
ATLAS_SIG_B_TOP100,BRD-K15502390,nevirapine,trt_cp,-42.020172
ATLAS_SIG_B_TOP100,BRD-K34098590,tienilic-acid,trt_cp,-85.91019
ATLAS_SIG_B_TOP100,BRD-K35573744,erbstatin-analog,trt_cp,54.31866
ATLAS_SIG_B_TOP100,BRD-K37194137,III606050,trt_cp,44.401054
ATLAS_SIG_B_TOP100,BRD-K44276885,acarbose,trt_cp,1.4094433
ATLAS_SIG_B_TOP100,BRD-K47679368,bromfenac,trt_cp,-7.827222
ATLAS_SIG_B_TOP100,BRD-K55301415,abiraterone,trt_cp,-8.215973
ATLAS_SIG_B_TOP100,BRD-K64517075,heliomycin,trt_cp,0.0
ATLAS_SIG_B_TOP100,BRD-K66043364,noscapine,trt_cp,0.0
ATLAS_SIG_B_TOP100,BRD-K66788707,fludarabine,trt_cp,14.655455
ATLAS_SIG_B_TOP100,BRD-K71926323,marbofloxacin,trt_cp,5.3558846
ATLAS_SIG_B_TOP100,BRD-K79602928,metformin,trt_cp,67.96314
ATLAS_SIG_B_TOP100,BRD-K81473089,tacrine,trt_cp,-2.3198423
ATLAS_SIG_B_TOP100,BRD-K93034159,cladribine,trt_cp,-21.410267
ATLAS_SIG_B_TOP100,BRD-K98763141,niflumic-acid,trt_cp,-31.42279
ATLAS_SIG_B_TOP100,BRD-K03406345,azacitidine,trt_cp,-37.281746
ATLAS_SIG_B_TOP100,BRD-A29260609,acebutolol,trt_cp,-4.792107
ATLAS_SIG_B_TOP100,BRD-A16754160,ampicillin,trt_cp,8.707054
ATLAS_SIG_B_TOP100,BRD-K68264559,brimonidine,trt_cp,7.4899163
ATLAS_SIG_B_TOP100,BRD-A34299591,budesonide,trt_cp,18.25855
ATLAS_SIG_B_TOP100,BRD-K93461745,buspirone,trt_cp,-12.475911
ATLAS_SIG_B_TOP100,BRD-K63641886,cefuroxime,trt_cp,9.5501585
ATLAS_SIG_B_TOP100,BRD-K37289225,clozapine,trt_cp,0.31712472
ATLAS_SIG_B_TOP100,BRD-K20920669,cromoglicic-acid,trt_cp,-1.9027485
ATLAS_SIG_B_TOP100,BRD-A09722536,cyclophosphamide,trt_cp,60.60023
ATLAS_SIG_B_TOP100,BRD-K87226815,cycloserine-(d),trt_cp,3.0456147
ATLAS_SIG_B_TOP100,BRD-K62363391,dapsone,trt_cp,-36.852226
ATLAS_SIG_B_TOP100,BRD-K81128206,edrophonium,trt_cp,1.4799154
ATLAS_SIG_B_TOP100,BRD-K63828191,raloxifene,trt_cp,-0.5792383
ATLAS_SIG_B_TOP100,BRD-A09472452,flecainide,trt_cp,-32.143135
ATLAS_SIG_B_TOP100,BRD-K22662435,ganciclovir,trt_cp,51.074898
ATLAS_SIG_B_TOP100,BRD-A17655518,ibuprofen,trt_cp,-1.4446794
ATLAS_SIG_B_TOP100,BRD-K76723084,isotretinoin,trt_cp,1.2332629
ATLAS_SIG_B_TOP100,BRD-A07440155,labetalol,trt_cp,-10.806827
ATLAS_SIG_B_TOP100,BRD-K91601245,mercaptopurine,trt_cp,-1.691332
ATLAS_SIG_B_TOP100,BRD-M40783228,mesna,trt_cp,2.2198732
ATLAS_SIG_B_TOP100,BRD-A07780951,orciprenaline,trt_cp,-0.1761804
ATLAS_SIG_B_TOP100,BRD-K63430059,methoxsalen,trt_cp,4.5454545
ATLAS_SIG_B_TOP100,BRD-K21680192,mitoxantrone,trt_cp,83.9336
ATLAS_SIG_B_TOP100,BRD-A29734509,disopyramide,trt_cp,33.40268
ATLAS_SIG_B_TOP100,BRD-A65013509,oxybutynin,trt_cp,7.109872
ATLAS_SIG_B_TOP100,BRD-A62326914,paroxetine,trt_cp,67.48513
ATLAS_SIG_B_TOP100,BRD-K01507359,rifampicin,trt_cp,-69.727005
ATLAS_SIG_B_TOP100,BRD-A50157456,terbutaline,trt_cp,-42.802612
ATLAS_SIG_B_TOP100,BRD-A79479878,testosterone,trt_cp,74.015434
ATLAS_SIG_B_TOP100,BRD-A24514565,warfarin,trt_cp,1.7618041
ATLAS_SIG_B_TOP100,BRD-A23290232,westcort,trt_cp,-46.316273
ATLAS_SIG_B_TOP100,BRD-K24023109,diltiazem,trt_cp,1.5576723
ATLAS_SIG_B_TOP100,BRD-K38197229,bumetanide,trt_cp,-5.144468
ATLAS_SIG_B_TOP100,BRD-K55930204,phenytoin,trt_cp,-91.62154
ATLAS_SIG_B_TOP100,BRD-A44827100,erythromycin,trt_cp,-10.865241
ATLAS_SIG_B_TOP100,BRD-K94353609,fluocinolone,trt_cp,-79.7097
ATLAS_SIG_B_TOP100,BRD-K48168960,propylthiouracil,trt_cp,-26.34571
ATLAS_SIG_B_TOP100,BRD-K89997465,chlorpromazine,trt_cp,3.8201542
ATLAS_SIG_B_TOP100,BRD-K21520694,sulfacetamide,trt_cp,-12.260646
ATLAS_SIG_B_TOP100,BRD-A48631911,mibefradil,trt_cp,90.47347
ATLAS_SIG_B_TOP100,BRD-K11801786,trimidox,trt_cp,13.360192
ATLAS_SIG_B_TOP100,BRD-K68132782,terbinafine,trt_cp,10.380306
ATLAS_SIG_B_TOP100,BRD-K57886322,fluocinonide,trt_cp,-46.389793
ATLAS_SIG_B_TOP100,BRD-K40645748,mefloquine,trt_cp,29.595676
ATLAS_SIG_B_TOP100,BRD-K10016611,pyridine-2-aldoxime,trt_cp,-10.609988
ATLAS_SIG_B_TOP100,BRD-K53790871,triamcinolone,trt_cp,79.265755
ATLAS_SIG_B_TOP100,BRD-K92073408,norethisterone,trt_cp,-15.000673
ATLAS_SIG_B_TOP100,BRD-K02265150,amoxapine,trt_cp,-21.397915
ATLAS_SIG_B_TOP100,BRD-K86434416,selegiline,trt_cp,37.685806
ATLAS_SIG_B_TOP100,BRD-A67799922,phenoxybenzamine,trt_cp,22.89135
ATLAS_SIG_B_TOP100,BRD-K36862742,hydroflumethiazide,trt_cp,1.8675123
ATLAS_SIG_B_TOP100,BRD-K95237249,probenecid,trt_cp,-31.417057
ATLAS_SIG_B_TOP100,BRD-K79116891,proxymetacaine,trt_cp,-6.8885207
ATLAS_SIG_B_TOP100,BRD-K50859149,sulfafurazole,trt_cp,-57.222908
ATLAS_SIG_B_TOP100,BRD-K92049597,triamterene,trt_cp,-1.691332
ATLAS_SIG_B_TOP100,BRD-A91555231,norepinephrine,trt_cp,-77.281006
ATLAS_SIG_B_TOP100,BRD-A31312900,montelukast,trt_cp,0.0
ATLAS_SIG_B_TOP100,BRD-A67605442,tetrahydrobiopterin,trt_cp,-30.49536
ATLAS_SIG_B_TOP100,BRD-A79237180,ascorbic-acid,trt_cp,70.97977
ATLAS_SIG_B_TOP100,BRD-K47323024,methapyrilene,trt_cp,16.337875
ATLAS_SIG_B_TOP100,BRD-K88568253,iproniazid,trt_cp,-22.940119
ATLAS_SIG_B_TOP100,BRD-K90543092,levonorgestrel,trt_cp,28.85249
ATLAS_SIG_B_TOP100,BRD-K96037667,norethindrone,trt_cp,24.158197
ATLAS_SIG_B_TOP100,BRD-K97810537,beclomethasone-dipropionate,trt_cp,-15.490071
ATLAS_SIG_B_TOP100,BRD-A65282128,cefazolin,trt_cp,29.871378
ATLAS_SIG_B_TOP100,BRD-K29950728,clomifene,trt_cp,28.007252
ATLAS_SIG_B_TOP100,BRD-K86161929,cortisone,trt_cp,7.820516
ATLAS_SIG_B_TOP100,BRD-A86044036,flurbiprofen-(+/-),trt_cp,6.3424945
ATLAS_SIG_B_TOP100,BRD-K73978287,hydrocortisone,trt_cp,82.254745
ATLAS_SIG_B_TOP100,BRD-K93568044,hydrocortisone,trt_cp,0.0
ATLAS_SIG_B_TOP100,BRD-K67511046,naloxone,trt_cp,-25.201134
ATLAS_SIG_B_TOP100,BRD-K32247306,primidone,trt_cp,-9.584214
ATLAS_SIG_B_TOP100,BRD-K90885812,propantheline,trt_cp,-84.94934
ATLAS_SIG_B_TOP100,BRD-K75089421,procainamide,trt_cp,-21.946564
ATLAS_SIG_B_TOP100,BRD-K11905747,spectinomycin,trt_cp,-67.43215
ATLAS_SIG_B_TOP100,BRD-K90027355,spironolactone,trt_cp,62.320084
ATLAS_SIG_B_TOP100,BRD-K93880783,stavudine,trt_cp,34.166626
ATLAS_SIG_B_TOP100,BRD-A36217750,sulfinpyrazone,trt_cp,6.747149
ATLAS_SIG_B_TOP100,BRD-A87848830,bimatoprost,trt_cp,12.022827
ATLAS_SIG_B_TOP100,BRD-K11558771,droxinostat,trt_cp,56.52032
ATLAS_SIG_B_TOP100,BRD-K12002134,megestrol,trt_cp,-3.453136
ATLAS_SIG_B_TOP100,BRD-K35458079,edaravone,trt_cp,7.9985905
ATLAS_SIG_B_TOP100,BRD-K49519144,LY-2140023,trt_cp,-38.500805
ATLAS_SIG_B_TOP100,BRD-K71289571,zafirlukast,trt_cp,-19.616613
ATLAS_SIG_B_TOP100,BRD-K75430629,BRD-K75430629,trt_cp,-8.345327
ATLAS_SIG_B_TOP100,BRD-K88868628,iodoacetic-acid,trt_cp,67.65996
ATLAS_SIG_B_TOP100,BRD-K81272440,dantrolene,trt_cp,21.643755
ATLAS_SIG_B_TOP100,BRD-K22031190,diflunisal,trt_cp,21.147974
ATLAS_SIG_B_TOP100,BRD-A13188892,doxazosin,trt_cp,-6.941491
ATLAS_SIG_B_TOP100,BRD-K44497846,enalapril,trt_cp,-3.3121917
ATLAS_SIG_B_TOP100,BRD-K08273968,griseofulvin,trt_cp,-66.57971
ATLAS_SIG_B_TOP100,BRD-A05352148,ipratropium,trt_cp,-2.0436928
ATLAS_SIG_B_TOP100,BRD-A79803969,memantine,trt_cp,0.0
ATLAS_SIG_B_TOP100,BRD-K83153774,mirtazapine,trt_cp,-25.91613
ATLAS_SIG_B_TOP100,BRD-K89348303,ramipril,trt_cp,-7.257779
ATLAS_SIG_B_TOP100,BRD-K08806317,timolol,trt_cp,-45.919903
ATLAS_SIG_B_TOP100,BRD-K85119730,tolbutamide,trt_cp,-22.513252
ATLAS_SIG_B_TOP100,BRD-K11433652,aspirin,trt_cp,-75.0353
ATLAS_SIG_B_TOP100,BRD-K51418664,mitomycin-c,trt_cp,29.843586
ATLAS_SIG_B_TOP100,BRD-K67102207,phenylbutyrate,trt_cp,17.26568
ATLAS_SIG_B_TOP100,BRD-K56515112,medrysone,trt_cp,24.545849
ATLAS_SIG_B_TOP100,BRD-K67043667,altretamine,trt_cp,-2.0084567
ATLAS_SIG_B_TOP100,BRD-K57631554,5-aminolevulinic-acid,trt_cp,0.0
ATLAS_SIG_B_TOP100,BRD-A50311610,meclizine,trt_cp,81.33138
ATLAS_SIG_B_TOP100,BRD-K50398167,meclofenamic-acid,trt_cp,4.856342
ATLAS_SIG_B_TOP100,BRD-K05395900,nicotine,trt_cp,-29.822062
ATLAS_SIG_B_TOP100,BRD-K60762818,desipramine,trt_cp,40.310883
ATLAS_SIG_B_TOP100,BRD-A99833829,bethanechol,trt_cp,40.36288
ATLAS_SIG_B_TOP100,BRD-K72903603,zidovudine,trt_cp,-13.382148
ATLAS_SIG_B_TOP100,BRD-A04308630,genipin,trt_cp,10.763468
ATLAS_SIG_B_TOP100,BRD-A51382177,fosinopril,trt_cp,0.0
ATLAS_SIG_B_TOP100,BRD-K01612348,meropenem,trt_cp,-73.15614
ATLAS_SIG_B_TOP100,BRD-K09900591,caffeic-acid,trt_cp,-38.95047
ATLAS_SIG_B_TOP100,BRD-K52522949,NCH-51,trt_cp,76.24683
ATLAS_SIG_B_TOP100,BRD-K74763371,bosentan,trt_cp,-35.480804
ATLAS_SIG_B_TOP100,BRD-K78373679,Ro-3306,trt_cp,-4.0169134
ATLAS_SIG_B_TOP100,BRD-K94830329,ataluren,trt_cp,-48.34629
ATLAS_SIG_B_TOP100,BRD-A20239487,atenolol-(+/-),trt_cp,-9.315193
ATLAS_SIG_B_TOP100,BRD-K70976396,cefoxitin,trt_cp,-18.23487
ATLAS_SIG_B_TOP100,BRD-K10799896,clobetasol,trt_cp,74.08916
ATLAS_SIG_B_TOP100,BRD-A25067867,benzatropine,trt_cp,7.827487
ATLAS_SIG_B_TOP100,BRD-K38775274,dexamethasone,trt_cp,-14.158325
ATLAS_SIG_B_TOP100,BRD-K54462405,doxepin,trt_cp,-19.363598
ATLAS_SIG_B_TOP100,BRD-A88774919,doxycycline,trt_cp,-12.144654
ATLAS_SIG_B_TOP100,BRD-A75479906,rimantadine,trt_cp,15.742655
ATLAS_SIG_B_TOP100,BRD-K47869605,podophyllotoxin,trt_cp,27.912113
ATLAS_SIG_B_TOP100,BRD-A13946108,sulindac,trt_cp,5.106444
ATLAS_SIG_B_TOP100,BRD-K06335600,tizanidine,trt_cp,0.0
ATLAS_SIG_B_TOP100,BRD-A76019558,ketoconazole,trt_cp,-45.663555
ATLAS_SIG_B_TOP100,BRD-K02123250,JNJ-38877605,trt_cp,28.097673
ATLAS_SIG_B_TOP100,BRD-K79131256,albendazole,trt_cp,-3.5158231
ATLAS_SIG_B_TOP100,BRD-A16478930,amcinonide,trt_cp,28.906952
ATLAS_SIG_B_TOP100,BRD-K32821942,azathioprine,trt_cp,-0.070472166
ATLAS_SIG_B_TOP100,BRD-K23204545,busulfan,trt_cp,6.505018
ATLAS_SIG_B_TOP100,BRD-A80638690,floxuridine,trt_cp,41.25501
ATLAS_SIG_B_TOP100,BRD-K05977355,fluconazole,trt_cp,9.274193
ATLAS_SIG_B_TOP100,BRD-K61250553,loperamide,trt_cp,16.706392
ATLAS_SIG_B_TOP100,BRD-A64092382,mexiletine,trt_cp,-21.536064
ATLAS_SIG_B_TOP100,BRD-K82381502,acetylcholine,trt_cp,44.275055
ATLAS_SIG_B_TOP100,BRD-A87606379,nadolol,trt_cp,-13.381566
ATLAS_SIG_B_TOP100,BRD-A24228527,ofloxacin,trt_cp,-58.85514
ATLAS_SIG_B_TOP100,BRD-K77695569,tiabendazole,trt_cp,-26.844849
ATLAS_SIG_B_TOP100,BRD-A94793051,gestrinone,trt_cp,-65.46309
ATLAS_SIG_B_TOP100,BRD-K87555556,amiodarone,trt_cp,80.76068
ATLAS_SIG_B_TOP100,BRD-K93433262,alfacalcidol,trt_cp,0.0
ATLAS_SIG_B_TOP100,BRD-K29458283,chlorambucil,trt_cp,-1.5856236
ATLAS_SIG_B_TOP100,BRD-A75368507,demeclocycline,trt_cp,23.045828
ATLAS_SIG_B_TOP100,BRD-K63630713,etacrynic-acid,trt_cp,-0.45806906
ATLAS_SIG_B_TOP100,BRD-K12219985,glipizide,trt_cp,16.699696
ATLAS_SIG_B_TOP100,BRD-K15262564,mupirocin,trt_cp,-73.87024
ATLAS_SIG_B_TOP100,BRD-K10995081,perphenazine,trt_cp,19.00262
ATLAS_SIG_B_TOP100,BRD-K43887077,dopamine,trt_cp,-7.117415
ATLAS_SIG_B_TOP100,BRD-A31800922,procyclidine,trt_cp,-24.923943
ATLAS_SIG_B_TOP100,BRD-K77987382,mebendazole,trt_cp,26.602566
ATLAS_SIG_B_TOP100,BRD-K21317336,phentolamine,trt_cp,-30.546143
ATLAS_SIG_B_TOP100,BRD-A55815733,phylloquinone,trt_cp,-62.428043
ATLAS_SIG_B_TOP100,BRD-A53952395,prilocaine,trt_cp,-28.609875
ATLAS_SIG_B_TOP100,BRD-A84481105,thioridazine,trt_cp,3.531534
ATLAS_SIG_B_TOP100,BRD-K91699951,benzonatate,trt_cp,22.151047
ATLAS_SIG_B_TOP100,BRD-A78322124,dobutamine,trt_cp,-9.790035
ATLAS_SIG_B_TOP100,BRD-K55127134,fluphenazine,trt_cp,58.431194
ATLAS_SIG_B_TOP100,BRD-K06926592,tretinoin,trt_cp,62.202263
ATLAS_SIG_B_TOP100,BRD-K20655524,mefexamide,trt_cp,2.3255813
ATLAS_SIG_B_TOP100,BRD-K77641333,naphazoline,trt_cp,-55.244522
ATLAS_SIG_B_TOP100,BRD-A97701745,pindolol,trt_cp,-5.8882055
ATLAS_SIG_B_TOP100,BRD-A48430263,pioglitazone,trt_cp,-26.866491
ATLAS_SIG_B_TOP100,BRD-K32318651,acyclovir,trt_cp,6.906272
ATLAS_SIG_B_TOP100,BRD-A09056319,alfuzosin,trt_cp,-10.709094
ATLAS_SIG_B_TOP100,BRD-K53737926,amitriptyline,trt_cp,41.02167
ATLAS_SIG_B_TOP100,BRD-K55044200,amoxicillin,trt_cp,66.95651
ATLAS_SIG_B_TOP100,BRD-K97061094,azacyclonol,trt_cp,-18.948906
ATLAS_SIG_B_TOP100,BRD-A91008255,bepridil,trt_cp,0.02317248
ATLAS_SIG_B_TOP100,BRD-A39230911,chlorphenesin-carbamate,trt_cp,2.7131784
ATLAS_SIG_B_TOP100,BRD-A26384407,chlorthalidone,trt_cp,-3.1072183
ATLAS_SIG_B_TOP100,BRD-K73109821,diazoxide,trt_cp,12.363295
ATLAS_SIG_B_TOP100,BRD-K68507560,dicycloverine,trt_cp,-13.759909
ATLAS_SIG_B_TOP100,BRD-K01663662,diphenidol,trt_cp,-47.119408
ATLAS_SIG_B_TOP100,BRD-A44008656,doxylamine,trt_cp,-9.44327
ATLAS_SIG_B_TOP100,BRD-K63550407,erythromycin,trt_cp,8.407635
ATLAS_SIG_B_TOP100,BRD-K12513978,fenbufen,trt_cp,5.3271284
ATLAS_SIG_B_TOP100,BRD-K50388907,fenofibrate,trt_cp,-32.965202
ATLAS_SIG_B_TOP100,BRD-K47639036,flavoxate,trt_cp,0.5637773
ATLAS_SIG_B_TOP100,BRD-A25234499,aminoglutethimide,trt_cp,-11.181035
ATLAS_SIG_B_TOP100,BRD-A75552914,isoxicam,trt_cp,-69.17119
ATLAS_SIG_B_TOP100,BRD-A97739905,ketoprofen,trt_cp,24.585886
ATLAS_SIG_B_TOP100,BRD-K92778217,mefenamic-acid,trt_cp,-16.796932
ATLAS_SIG_B_TOP100,BRD-K07237224,moclobemide,trt_cp,56.655605
ATLAS_SIG_B_TOP100,BRD-A26711594,nicardipine,trt_cp,8.103273
ATLAS_SIG_B_TOP100,BRD-K97752965,nicorandil,trt_cp,55.50248
ATLAS_SIG_B_TOP100,BRD-K12539581,nocodazole,trt_cp,-25.553284
ATLAS_SIG_B_TOP100,BRD-A42759514,ornidazole,trt_cp,-10.729706
ATLAS_SIG_B_TOP100,BRD-A23072235,pheniramine,trt_cp,90.49514
ATLAS_SIG_B_TOP100,BRD-A21858158,praziquantel,trt_cp,10.407311
ATLAS_SIG_B_TOP100,BRD-K30816563,ranitidine,trt_cp,-5.7765346
ATLAS_SIG_B_TOP100,BRD-K36616567,doxepin,trt_cp,3.8365734
ATLAS_SIG_B_TOP100,BRD-A31521121,methocarbamol,trt_cp,66.04953
ATLAS_SIG_B_TOP100,BRD-K91263825,nortriptyline,trt_cp,69.03569
ATLAS_SIG_B_TOP100,BRD-K79425933,benperidol,trt_cp,25.958292
ATLAS_SIG_B_TOP100,BRD-K66876909,linezolid,trt_cp,-80.61222
ATLAS_SIG_B_TOP100,BRD-K35559145,levomepromazine,trt_cp,-63.420815
ATLAS_SIG_B_TOP100,BRD-K28912512,nicotinamide,trt_cp,51.590622
ATLAS_SIG_B_TOP100,BRD-K13571841,pepstatin,trt_cp,23.983522
ATLAS_SIG_B_TOP100,BRD-K85090592,pilocarpine,trt_cp,-0.49330515
ATLAS_SIG_B_TOP100,BRD-A08187463,racecadotril,trt_cp,-6.850915
ATLAS_SIG_B_TOP100,BRD-K50938287,sumatriptan,trt_cp,-84.55716
ATLAS_SIG_B_TOP100,BRD-K32164935,tolazamide,trt_cp,10.528284
ATLAS_SIG_B_TOP100,BRD-A60197193,amisulpride,trt_cp,-9.104758
ATLAS_SIG_B_TOP100,BRD-A68723818,brompheniramine,trt_cp,15.785031
ATLAS_SIG_B_TOP100,BRD-K79145749,dibenzepin,trt_cp,5.637773
ATLAS_SIG_B_TOP100,BRD-K93280214,gabazine,trt_cp,-24.899536
ATLAS_SIG_B_TOP100,BRD-K76304753,phenazopyridine,trt_cp,9.151974
ATLAS_SIG_B_TOP100,BRD-K15933101,ropinirole,trt_cp,-0.5285412
ATLAS_SIG_B_TOP100,BRD-K86204871,terconazole,trt_cp,0.95137423
ATLAS_SIG_B_TOP100,BRD-A46393198,tetramisole,trt_cp,21.295607
ATLAS_SIG_B_TOP100,BRD-K72093121,vidarabine,trt_cp,-21.591793
ATLAS_SIG_B_TOP100,BRD-A31159102,fluoxetine,trt_cp,41.754456
ATLAS_SIG_B_TOP100,BRD-K77925998,quipazine,trt_cp,6.5802484
ATLAS_SIG_B_TOP100,BRD-K19111024,clofibric-acid,trt_cp,-5.0352764
ATLAS_SIG_B_TOP100,BRD-K38055836,etamivan,trt_cp,-60.31506
ATLAS_SIG_B_TOP100,BRD-K63979671,etifenin,trt_cp,-8.261377
ATLAS_SIG_B_TOP100,BRD-K35531059,molsidomine,trt_cp,-1.4446794
ATLAS_SIG_B_TOP100,BRD-K14993104,bemegride,trt_cp,1.0570824
ATLAS_SIG_B_TOP100,BRD-K21450440,benzthiazide,trt_cp,-27.125336
ATLAS_SIG_B_TOP100,BRD-A29485665,bicalutamide,trt_cp,2.2903454
ATLAS_SIG_B_TOP100,BRD-A77291778,cyclopentolate,trt_cp,1.8675123
ATLAS_SIG_B_TOP100,BRD-K22193694,dioxybenzone,trt_cp,6.2720227
ATLAS_SIG_B_TOP100,BRD-A16311756,profenamine,trt_cp,36.44782
ATLAS_SIG_B_TOP100,BRD-A73368467,fexofenadine,trt_cp,-10.973228
ATLAS_SIG_B_TOP100,BRD-A74980173,gatifloxacin,trt_cp,41.924606
ATLAS_SIG_B_TOP100,BRD-K80396088,gliquidone,trt_cp,-21.724623
ATLAS_SIG_B_TOP100,BRD-K46424862,hymecromone,trt_cp,22.675072
ATLAS_SIG_B_TOP100,BRD-A44090213,indoprofen,trt_cp,-34.81919
ATLAS_SIG_B_TOP100,BRD-A37492983,iocetamic-acid,trt_cp,14.796625
ATLAS_SIG_B_TOP100,BRD-K67261995,adipiodone,trt_cp,-89.485275
ATLAS_SIG_B_TOP100,BRD-A42628519,iopanoic-acid,trt_cp,-39.3869
ATLAS_SIG_B_TOP100,BRD-K33453211,levocabastine,trt_cp,-73.715904
ATLAS_SIG_B_TOP100,BRD-K89152108,liothyronine,trt_cp,-36.09951
ATLAS_SIG_B_TOP100,BRD-A83937277,mephenytoin,trt_cp,-24.26775
ATLAS_SIG_B_TOP100,BRD-K65417056,meprylcaine,trt_cp,-6.088875
ATLAS_SIG_B_TOP100,BRD-K67080878,milrinone,trt_cp,-3.3121917
ATLAS_SIG_B_TOP100,BRD-K66615216,moxifloxacin,trt_cp,-1.1275547
ATLAS_SIG_B_TOP100,BRD-A58048407,nimodipine,trt_cp,12.572415
ATLAS_SIG_B_TOP100,BRD-A02006392,nitrendipine,trt_cp,-0.845666
ATLAS_SIG_B_TOP100,BRD-A36267905,buphenine,trt_cp,-87.35025
ATLAS_SIG_B_TOP100,BRD-A33447119,oxfendazole,trt_cp,38.482113
ATLAS_SIG_B_TOP100,BRD-K37991163,paroxetine,trt_cp,1.933878
ATLAS_SIG_B_TOP100,BRD-A18043272,phensuximide,trt_cp,25.344864
ATLAS_SIG_B_TOP100,BRD-K06388322,pramipexole,trt_cp,6.354453
ATLAS_SIG_B_TOP100,BRD-K49111258,prazosin,trt_cp,8.654278
ATLAS_SIG_B_TOP100,BRD-K13032584,procarbazine,trt_cp,-8.236534
ATLAS_SIG_B_TOP100,BRD-K28183345,proguanil,trt_cp,-32.122334
ATLAS_SIG_B_TOP100,BRD-A39390670,rabeprazole,trt_cp,-0.31712472
ATLAS_SIG_B_TOP100,BRD-A07765530,epinephrine-(racemic),trt_cp,25.776709
ATLAS_SIG_B_TOP100,BRD-K53857191,risperidone,trt_cp,0.3875969
ATLAS_SIG_B_TOP100,BRD-K89923877,scopolamine,trt_cp,-30.219748
ATLAS_SIG_B_TOP100,BRD-A95939040,sertaconazole,trt_cp,-18.393246
ATLAS_SIG_B_TOP100,BRD-A92670106,tocainide,trt_cp,23.231556
ATLAS_SIG_B_TOP100,BRD-K73196317,urapidil,trt_cp,9.824602
ATLAS_SIG_B_TOP100,BRD-K50417881,eticlopride,trt_cp,-6.4062457
ATLAS_SIG_B_TOP100,BRD-K52313696,tacedinaline,trt_cp,17.29165
ATLAS_SIG_B_TOP100,BRD-K88742110,PCI-34051,trt_cp,-90.8338
ATLAS_SIG_B_TOP100,BRD-K77908580,entinostat,trt_cp,72.988396
ATLAS_SIG_B_TOP100,BRD-K85133207,HDAC1-selective,trt_cp,0.0
ATLAS_SIG_B_TOP100,BRD-K29313308,HDAC3-selective,trt_cp,-0.035172656
ATLAS_SIG_B_TOP100,BRD-K00627859,tubastatin-a,trt_cp,0.0
ATLAS_SIG_B_TOP100,BRD-K09991945,GSK-3-inhibitor-II,trt_cp,-56.040085
ATLAS_SIG_B_TOP100,BRD-K07691486,roscovitine,trt_cp,-18.553024
ATLAS_SIG_B_TOP100,BRD-K57080016,selumetinib,trt_cp,-13.033357
ATLAS_SIG_B_TOP100,BRD-K87909389,alvocidib,trt_cp,57.340576
ATLAS_SIG_B_TOP100,BRD-K56343971,vemurafenib,trt_cp,-75.63464
ATLAS_SIG_B_TOP100,BRD-K59369769,tozasertib,trt_cp,0.7399577
ATLAS_SIG_B_TOP100,BRD-K93918653,quizartinib,trt_cp,23.451487
ATLAS_SIG_B_TOP100,BRD-K68191783,ALW-II-38-3,trt_cp,-10.584691
ATLAS_SIG_B_TOP100,BRD-K41895714,AS-605240,trt_cp,-35.727528
ATLAS_SIG_B_TOP100,BRD-K19540840,saracatinib,trt_cp,24.973288
ATLAS_SIG_B_TOP100,BRD-K46056750,AZD-7762,trt_cp,26.566002
ATLAS_SIG_B_TOP100,BRD-K69932463,AZD-8055,trt_cp,0.0
ATLAS_SIG_B_TOP100,BRD-K64890080,BI-2536,trt_cp,36.024345
ATLAS_SIG_B_TOP100,BRD-K49669041,BX-912,trt_cp,14.611734
ATLAS_SIG_B_TOP100,BRD-K15592317,CP-466722,trt_cp,7.6918035
ATLAS_SIG_B_TOP100,BRD-K52911425,GDC-0941,trt_cp,-3.3970652
ATLAS_SIG_B_TOP100,BRD-K36740062,GSK-1070916,trt_cp,-11.245047
ATLAS_SIG_B_TOP100,BRD-A10523515,GSK-429286A,trt_cp,-13.516853
ATLAS_SIG_B_TOP100,BRD-K92428232,GSK-461364,trt_cp,0.0
ATLAS_SIG_B_TOP100,BRD-K68407802,KIN001-055,trt_cp,30.685087
ATLAS_SIG_B_TOP100,BRD-K04887706,AKT-inhibitor-1-2,trt_cp,77.30549
ATLAS_SIG_B_TOP100,BRD-A29901043,KIN001-127,trt_cp,20.934637
ATLAS_SIG_B_TOP100,BRD-K53561341,aurora-a-inhibitor-i,trt_cp,-73.910484
ATLAS_SIG_B_TOP100,BRD-K25311561,KU-55933,trt_cp,17.302792
ATLAS_SIG_B_TOP100,BRD-K79404599,enzastaurin,trt_cp,-0.9866103
ATLAS_SIG_B_TOP100,BRD-K83963101,MLN-8054,trt_cp,-68.58604
ATLAS_SIG_B_TOP100,BRD-K94294671,OSI-027,trt_cp,30.265417
ATLAS_SIG_B_TOP100,BRD-K51313569,palbociclib,trt_cp,-0.7399577
ATLAS_SIG_B_TOP100,BRD-A79768653,sirolimus,trt_cp,-0.14094433
ATLAS_SIG_B_TOP100,BRD-A45498368,WYE-125132,trt_cp,8.555202
ATLAS_SIG_B_TOP100,BRD-K64052750,gefitinib,trt_cp,-23.987715
ATLAS_SIG_B_TOP100,ccsbBroad304_07923,LSM5,trt_oe,-12.330652
ATLAS_SIG_B_TOP100,ccsbBroad304_09358,MAPK1IP1L,trt_oe,29.273773
ATLAS_SIG_B_TOP100,ccsbBroad304_02332,MBNL2,trt_oe,-0.46296296
ATLAS_SIG_B_TOP100,ccsbBroad304_04271,MXD3,trt_oe,54.17135
ATLAS_SIG_B_TOP100,ccsbBroad304_01067,NDUFA7,trt_oe,34.867905
ATLAS_SIG_B_TOP100,ccsbBroad304_12008,NLK,trt_oe,-31.535671
ATLAS_SIG_B_TOP100,ccsbBroad304_01927,NR0B2,trt_oe,-4.0277777
ATLAS_SIG_B_TOP100,ccsbBroad304_02026,NRP1,trt_oe,-42.76459
ATLAS_SIG_B_TOP100,ccsbBroad304_08183,NSDHL,trt_oe,-4.5833335
ATLAS_SIG_B_TOP100,ccsbBroad304_06681,P2RY2,trt_oe,40.991497
ATLAS_SIG_B_TOP100,ccsbBroad304_02484,PAICS,trt_oe,0.0
ATLAS_SIG_B_TOP100,ccsbBroad304_01832,PAX8,trt_oe,65.80285
ATLAS_SIG_B_TOP100,ccsbBroad304_04399,PGBD1,trt_oe,24.536407
ATLAS_SIG_B_TOP100,ccsbBroad304_01183,PGD,trt_oe,1.4351852
ATLAS_SIG_B_TOP100,ccsbBroad304_08170,PIK3R4,trt_oe,0.0
ATLAS_SIG_B_TOP100,ccsbBroad304_04243,PLA2G12A,trt_oe,0.0
ATLAS_SIG_B_TOP100,ccsbBroad304_02825,POLA2,trt_oe,-50.247528
ATLAS_SIG_B_TOP100,ccsbBroad304_01242,POLR2I,trt_oe,0.9259259
ATLAS_SIG_B_TOP100,ccsbBroad304_01261,PPP1R8,trt_oe,13.012466
ATLAS_SIG_B_TOP100,ccsbBroad304_01277,PRKAB2,trt_oe,18.72799
ATLAS_SIG_B_TOP100,ccsbBroad304_07632,PROCR,trt_oe,0.0
ATLAS_SIG_B_TOP100,ccsbBroad304_02548,PROKR1,trt_oe,0.0
ATLAS_SIG_B_TOP100,ccsbBroad304_01320,PSMD4,trt_oe,7.683337
ATLAS_SIG_B_TOP100,ccsbBroad304_12106,PXK,trt_oe,-57.740875
ATLAS_SIG_B_TOP100,ccsbBroad304_01356,QDPR,trt_oe,47.39057
ATLAS_SIG_B_TOP100,ccsbBroad304_02009,RAB11A,trt_oe,0.0
ATLAS_SIG_B_TOP100,ccsbBroad304_02601,RAB31,trt_oe,0.0
ATLAS_SIG_B_TOP100,ccsbBroad304_04465,RERG,trt_oe,19.360697
ATLAS_SIG_B_TOP100,ccsbBroad304_01401,RIT1,trt_oe,19.632328
ATLAS_SIG_B_TOP100,ccsbBroad304_11324,RPS6KA4,trt_oe,-15.047763
ATLAS_SIG_B_TOP100,ccsbBroad304_02738,RRS1,trt_oe,-66.43477
ATLAS_SIG_B_TOP100,ccsbBroad304_07277,RTCD1,trt_oe,0.0
ATLAS_SIG_B_TOP100,ccsbBroad304_02709,SCMH1,trt_oe,-24.80777
ATLAS_SIG_B_TOP100,ccsbBroad304_08532,SIRPG,trt_oe,-59.84943
ATLAS_SIG_B_TOP100,ccsbBroad304_02761,SIRT3,trt_oe,0.41666666
ATLAS_SIG_B_TOP100,ccsbBroad304_06975,SMARCC2,trt_oe,-53.767204
ATLAS_SIG_B_TOP100,ccsbBroad304_05425,SNAI3,trt_oe,35.050003
ATLAS_SIG_B_TOP100,ccsbBroad304_01560,SNAPC1,trt_oe,-18.647013
ATLAS_SIG_B_TOP100,ccsbBroad304_01563,SNCA,trt_oe,-8.347562
ATLAS_SIG_B_TOP100,ccsbBroad304_01579,SOX2,trt_oe,-17.523045
ATLAS_SIG_B_TOP100,ccsbBroad304_10437,STMN1,trt_oe,0.0
ATLAS_SIG_B_TOP100,ccsbBroad304_00313,TBCB,trt_oe,0.0
ATLAS_SIG_B_TOP100,ccsbBroad304_01673,TIMP3,trt_oe,16.663303
ATLAS_SIG_B_TOP100,ccsbBroad304_01684,TNF,trt_oe,24.099127
ATLAS_SIG_B_TOP100,ccsbBroad304_01701,TPI1,trt_oe,-72.163765
ATLAS_SIG_B_TOP100,ccsbBroad304_02415,TUBB3,trt_oe,30.747902
ATLAS_SIG_B_TOP100,ccsbBroad304_02205,WTAP,trt_oe,53.567852
ATLAS_SIG_B_TOP100,ccsbBroad304_13985,ZNF200,trt_oe,0.0
ATLAS_SIG_B_TOP100,ccsbBroad304_09413,ZNF554,trt_oe,50.89543
ATLAS_SIG_B_TOP100,ccsbBroad304_09344,ZNF764,trt_oe,1.4351852
ATLAS_SIG_B_TOP100,ccsbBroad304_03506,AURKAIP1,trt_oe,3.8888888
ATLAS_SIG_B_TOP100,ccsbBroad304_01992,B4GALT3,trt_oe,-9.969109
ATLAS_SIG_B_TOP100,ccsbBroad304_03433,DDIT4,trt_oe,-21.70488
ATLAS_SIG_B_TOP100,ccsbBroad304_02618,DIDO1,trt_oe,-32.597473
ATLAS_SIG_B_TOP100,ccsbBroad304_08167,DNTTIP2,trt_oe,-1.3888888
ATLAS_SIG_B_TOP100,ccsbBroad304_00459,DPYD,trt_oe,39.403496
ATLAS_SIG_B_TOP100,ccsbBroad304_03510,FKBP14,trt_oe,0.0
ATLAS_SIG_B_TOP100,ccsbBroad304_00573,FKBP4,trt_oe,2.0833333
ATLAS_SIG_B_TOP100,ccsbBroad304_07887,GCAT,trt_oe,38.536076
ATLAS_SIG_B_TOP100,ccsbBroad304_06301,GOT2,trt_oe,-37.34275
ATLAS_SIG_B_TOP100,ccsbBroad304_06335,GSTP1,trt_oe,-3.2356334
ATLAS_SIG_B_TOP100,ccsbBroad304_06336,GSTT1,trt_oe,-2.4537036
ATLAS_SIG_B_TOP100,ccsbBroad304_06339,GTF2F2,trt_oe,57.86077
ATLAS_SIG_B_TOP100,ccsbBroad304_06340,GTF2H3,trt_oe,2.2685184
ATLAS_SIG_B_TOP100,ccsbBroad304_00782,HPGD,trt_oe,-1.4351852
ATLAS_SIG_B_TOP100,ccsbBroad304_00783,HPRT1,trt_oe,-14.660639
ATLAS_SIG_B_TOP100,ccsbBroad304_00818,IDH3A,trt_oe,0.0
ATLAS_SIG_B_TOP100,ccsbBroad304_00860,IL13,trt_oe,-39.054443
ATLAS_SIG_B_TOP100,ccsbBroad304_00845,IL1RAP,trt_oe,-4.0740743
ATLAS_SIG_B_TOP100,ccsbBroad304_08230,IRAK4,trt_oe,-30.392365
ATLAS_SIG_B_TOP100,ccsbBroad304_02249,KIAA0494,trt_oe,54.25399
ATLAS_SIG_B_TOP100,ccsbBroad304_07511,KIF14,trt_oe,0.0
ATLAS_SIG_B_TOP100,ccsbBroad304_01302,KLK6,trt_oe,-2.8703704
ATLAS_SIG_B_TOP100,ccsbBroad304_06494,KLRC1,trt_oe,5.0
ATLAS_SIG_B_TOP100,ccsbBroad304_07605,LYPLA1,trt_oe,-40.08927
ATLAS_SIG_B_TOP100,ccsbBroad304_00348,MAP3K8,trt_oe,63.097
ATLAS_SIG_B_TOP100,ccsbBroad304_01952,MAPKAPK5,trt_oe,54.423267
ATLAS_SIG_B_TOP100,ccsbBroad304_01443,MRPL12,trt_oe,-5.2777777
ATLAS_SIG_B_TOP100,ccsbBroad304_06619,NCF2,trt_oe,-47.187645
ATLAS_SIG_B_TOP100,ccsbBroad304_05590,NOTCH2NL,trt_oe,-8.564815
ATLAS_SIG_B_TOP100,ccsbBroad304_07920,NUP62,trt_oe,-95.63461
ATLAS_SIG_B_TOP100,ccsbBroad304_14439,OPN5,trt_oe,25.779654
ATLAS_SIG_B_TOP100,ccsbBroad304_01247,POU2AF1,trt_oe,-28.296497
ATLAS_SIG_B_TOP100,ccsbBroad304_06402,PRMT2,trt_oe,4.351852
ATLAS_SIG_B_TOP100,ccsbBroad304_02632,PTP4A3,trt_oe,-30.200687
ATLAS_SIG_B_TOP100,ccsbBroad304_01970,RFXANK,trt_oe,0.7906919
ATLAS_SIG_B_TOP100,ccsbBroad304_01411,RORC,trt_oe,61.940712
ATLAS_SIG_B_TOP100,ccsbBroad304_01471,S100A1,trt_oe,-71.19512
ATLAS_SIG_B_TOP100,ccsbBroad304_01514,SDHC,trt_oe,12.659567
ATLAS_SIG_B_TOP100,ccsbBroad304_06722,SERPINB6,trt_oe,0.0
ATLAS_SIG_B_TOP100,ccsbBroad304_02063,SLC25A14,trt_oe,-33.90378
ATLAS_SIG_B_TOP100,ccsbBroad304_05818,SLC25A5,trt_oe,0.0
ATLAS_SIG_B_TOP100,ccsbBroad304_01580,SOX10,trt_oe,-79.31618
ATLAS_SIG_B_TOP100,ccsbBroad304_05152,SSBP4,trt_oe,0.0
ATLAS_SIG_B_TOP100,ccsbBroad304_01615,SULT1A2,trt_oe,16.966156
ATLAS_SIG_B_TOP100,ccsbBroad304_02213,TRAF4,trt_oe,77.16251
ATLAS_SIG_B_TOP100,ccsbBroad304_03418,ZFAND6,trt_oe,6.1574073
ATLAS_SIG_B_TOP100,ccsbBroad304_09590,ZFP28,trt_oe,-9.027778
ATLAS_SIG_B_TOP100,ccsbBroad304_04903,ZNF786,trt_oe,-0.787037
ATLAS_SIG_B_TOP100,ccsbBroad304_05936,CASP2,trt_oe,23.546213
ATLAS_SIG_B_TOP100,ccsbBroad304_06253,GALT,trt_oe,18.536133
ATLAS_SIG_B_TOP100,ccsbBroad304_00722,HSD17B10,trt_oe,43.1709
ATLAS_SIG_B_TOP100,ccsbBroad304_06413,HSP90AA1,trt_oe,-57.87548
ATLAS_SIG_B_TOP100,ccsbBroad304_07260,LGR5,trt_oe,49.418617
ATLAS_SIG_B_TOP100,ccsbBroad304_08217,SCCPDH,trt_oe,-12.081701
ATLAS_SIG_B_TOP100,ccsbBroad304_02394,ZNF267,trt_oe,1.3888888
ATLAS_SIG_B_TOP100,ccsbBroad304_03164,MTERFD1,trt_oe,-63.010124
ATLAS_SIG_B_TOP100,ccsbBroad304_09258,MYLK2,trt_oe,0.0
ATLAS_SIG_B_TOP100,ccsbBroad304_02040,NAE1,trt_oe,-15.398607
ATLAS_SIG_B_TOP100,ccsbBroad304_01091,NFIB,trt_oe,-76.593506
ATLAS_SIG_B_TOP100,ccsbBroad304_06658,NT5E,trt_oe,13.316421
ATLAS_SIG_B_TOP100,ccsbBroad304_05142,OLIG3,trt_oe,-4.0740743
ATLAS_SIG_B_TOP100,ccsbBroad304_01146,PARN,trt_oe,29.823732
ATLAS_SIG_B_TOP100,ccsbBroad304_06695,PCK2,trt_oe,-13.624657
ATLAS_SIG_B_TOP100,ccsbBroad304_06708,PDGFRB,trt_oe,0.0
ATLAS_SIG_B_TOP100,ccsbBroad304_07249,PIK3R3,trt_oe,5.509259
ATLAS_SIG_B_TOP100,ccsbBroad304_03524,PLEKHJ1,trt_oe,0.0
ATLAS_SIG_B_TOP100,ccsbBroad304_01240,POLR2F,trt_oe,-6.6696672
ATLAS_SIG_B_TOP100,ccsbBroad304_04064,PRR15L,trt_oe,-2.9833603
ATLAS_SIG_B_TOP100,ccsbBroad304_01307,PSMA1,trt_oe,-6.931193
ATLAS_SIG_B_TOP100,ccsbBroad304_13931,PSMA3,trt_oe,0.0
ATLAS_SIG_B_TOP100,ccsbBroad304_07428,PSMF1,trt_oe,-0.8333333
ATLAS_SIG_B_TOP100,ccsbBroad304_01340,PTPN2,trt_oe,37.664967
ATLAS_SIG_B_TOP100,ccsbBroad304_06820,PTS,trt_oe,0.0
ATLAS_SIG_B_TOP100,ccsbBroad304_01375,RARA,trt_oe,96.85179
ATLAS_SIG_B_TOP100,ccsbBroad304_01383,RBMS1,trt_oe,-3.1303797
ATLAS_SIG_B_TOP100,ccsbBroad304_06852,RBP4,trt_oe,-3.3179893
ATLAS_SIG_B_TOP100,ccsbBroad304_08853,RGS18,trt_oe,15.662136
ATLAS_SIG_B_TOP100,ccsbBroad304_03122,RHOD,trt_oe,12.737307
ATLAS_SIG_B_TOP100,ccsbBroad304_01406,RNASE4,trt_oe,-6.1348395
ATLAS_SIG_B_TOP100,ccsbBroad304_09703,RNF145,trt_oe,12.87037
ATLAS_SIG_B_TOP100,ccsbBroad304_01457,RPS19,trt_oe,-28.917782
ATLAS_SIG_B_TOP100,ccsbBroad304_01446,RPS3A,trt_oe,47.37137
ATLAS_SIG_B_TOP100,ccsbBroad304_07880,SIRT5,trt_oe,0.0
ATLAS_SIG_B_TOP100,ccsbBroad304_05148,SLC30A8,trt_oe,0.0
ATLAS_SIG_B_TOP100,ccsbBroad304_00602,SLC37A4,trt_oe,81.104675
ATLAS_SIG_B_TOP100,ccsbBroad304_03926,SLC39A8,trt_oe,-51.738594
ATLAS_SIG_B_TOP100,ccsbBroad304_02674,STK38,trt_oe,3.0555556
ATLAS_SIG_B_TOP100,ccsbBroad304_07827,STK38L,trt_oe,-13.274383
ATLAS_SIG_B_TOP100,ccsbBroad304_02018,SUCLA2,trt_oe,21.419825
ATLAS_SIG_B_TOP100,ccsbBroad304_07015,SULT1A1,trt_oe,-51.877045
ATLAS_SIG_B_TOP100,ccsbBroad304_02719,SWAP70,trt_oe,-56.059105
ATLAS_SIG_B_TOP100,ccsbBroad304_07026,SYT1,trt_oe,-8.99346
ATLAS_SIG_B_TOP100,ccsbBroad304_01672,TIMP2,trt_oe,93.20273
ATLAS_SIG_B_TOP100,ccsbBroad304_03420,TOLLIP,trt_oe,32.2598
ATLAS_SIG_B_TOP100,ccsbBroad304_02324,TRAP1,trt_oe,54.78774
ATLAS_SIG_B_TOP100,ccsbBroad304_01741,UBE2V1,trt_oe,26.090782
ATLAS_SIG_B_TOP100,ccsbBroad304_03445,UGT1A1,trt_oe,0.0
ATLAS_SIG_B_TOP100,ccsbBroad304_07126,VARS,trt_oe,-21.823227
ATLAS_SIG_B_TOP100,ccsbBroad304_04018,VKORC1,trt_oe,2.5925925
ATLAS_SIG_B_TOP100,ccsbBroad304_04794,ZFP3,trt_oe,0.0
ATLAS_SIG_B_TOP100,ccsbBroad304_07164,ZNF133,trt_oe,0.0
ATLAS_SIG_B_TOP100,ccsbBroad304_01820,ZNF217,trt_oe,-61.150856
ATLAS_SIG_B_TOP100,ccsbBroad304_05000,ZNF524,trt_oe,20.091692
ATLAS_SIG_B_TOP100,ccsbBroad304_05485,ZNF677,trt_oe,6.7829695
ATLAS_SIG_B_TOP100,ccsbBroad304_10227,ZNF85,trt_oe,-20.147202
ATLAS_SIG_B_TOP100,ccsbBroad304_04649,ADC,trt_oe,11.091527
ATLAS_SIG_B_TOP100,ccsbBroad304_05779,ADK,trt_oe,72.84275
ATLAS_SIG_B_TOP100,ccsbBroad304_13810,AHCY,trt_oe,-15.018616
ATLAS_SIG_B_TOP100,ccsbBroad304_03469,ANKRD49,trt_oe,84.746414
ATLAS_SIG_B_TOP100,ccsbBroad304_03683,APOM,trt_oe,0.0
ATLAS_SIG_B_TOP100,ccsbBroad304_00098,ARG1,trt_oe,4.6296296
ATLAS_SIG_B_TOP100,ccsbBroad304_00106,ARRB1,trt_oe,56.43947
ATLAS_SIG_B_TOP100,ccsbBroad304_00126,ATP5A1,trt_oe,-34.237556
ATLAS_SIG_B_TOP100,ccsbBroad304_02292,BCL2L11,trt_oe,21.176786
ATLAS_SIG_B_TOP100,ccsbBroad304_03573,BRF2,trt_oe,-21.32386
ATLAS_SIG_B_TOP100,ccsbBroad304_00210,CALR,trt_oe,0.0
ATLAS_SIG_B_TOP100,ccsbBroad304_02862,CCRN4L,trt_oe,0.0
ATLAS_SIG_B_TOP100,ccsbBroad304_00270,CDK1,trt_oe,0.8796296
ATLAS_SIG_B_TOP100,ccsbBroad304_01955,CDK10,trt_oe,-10.040911
ATLAS_SIG_B_TOP100,ccsbBroad304_14174,CDKAL1,trt_oe,-8.937164
ATLAS_SIG_B_TOP100,ccsbBroad304_08481,CEP55,trt_oe,0.0
ATLAS_SIG_B_TOP100,ccsbBroad304_07592,CEPT1,trt_oe,0.0
ATLAS_SIG_B_TOP100,ccsbBroad304_00294,CETN3,trt_oe,-2.5462964
ATLAS_SIG_B_TOP100,ccsbBroad304_07761,CORO1A,trt_oe,-24.915949
ATLAS_SIG_B_TOP100,ccsbBroad304_00379,CSNK1E,trt_oe,0.0
ATLAS_SIG_B_TOP100,ccsbBroad304_00380,CSNK1G2,trt_oe,18.516678
ATLAS_SIG_B_TOP100,ccsbBroad304_02351,DHRS2,trt_oe,-43.17614
ATLAS_SIG_B_TOP100,ccsbBroad304_08113,DNAJC15,trt_oe,-57.865406
ATLAS_SIG_B_TOP100,ccsbBroad304_08952,E2F8,trt_oe,45.016354
ATLAS_SIG_B_TOP100,ccsbBroad304_03271,ECSIT,trt_oe,-3.8425925
ATLAS_SIG_B_TOP100,ccsbBroad304_00509,EPHX1,trt_oe,0.0
ATLAS_SIG_B_TOP100,ccsbBroad304_06174,ERCC1,trt_oe,0.0
ATLAS_SIG_B_TOP100,ccsbBroad304_03808,ERGIC1,trt_oe,-0.5092593
ATLAS_SIG_B_TOP100,ccsbBroad304_07800,EXOSC8,trt_oe,3.3061342
ATLAS_SIG_B_TOP100,ccsbBroad304_00678,GPR37,trt_oe,-30.990028
ATLAS_SIG_B_TOP100,ccsbBroad304_14158,GPR87,trt_oe,-33.761105
ATLAS_SIG_B_TOP100,ccsbBroad304_06338,GTF2A2,trt_oe,-82.68445
ATLAS_SIG_B_TOP100,ccsbBroad304_00744,HLA-DRB3,trt_oe,0.0
ATLAS_SIG_B_TOP100,ccsbBroad304_00774,HOXA10,trt_oe,-70.65142
ATLAS_SIG_B_TOP100,ccsbBroad304_00770,HOXA2,trt_oe,31.105152
ATLAS_SIG_B_TOP100,ccsbBroad304_06392,HOXB7,trt_oe,0.0
ATLAS_SIG_B_TOP100,ccsbBroad304_00861,IL13RA1,trt_oe,52.875706
ATLAS_SIG_B_TOP100,ccsbBroad304_06449,ILF3,trt_oe,7.314815
ATLAS_SIG_B_TOP100,ccsbBroad304_07280,LAMTOR3,trt_oe,-53.166824
ATLAS_SIG_B_TOP100,ccsbBroad304_05194,LIPH,trt_oe,0.0
ATLAS_SIG_B_TOP100,ccsbBroad304_02990,LYPD3,trt_oe,-9.091063
ATLAS_SIG_B_TOP100,ccsbBroad304_00966,MAFG,trt_oe,-3.0092592
ATLAS_SIG_B_TOP100,ccsbBroad304_04713,MAS1L,trt_oe,-17.074694
ATLAS_SIG_B_TOP100,ccsbBroad304_00993,MDM4,trt_oe,18.42407
ATLAS_SIG_B_TOP100,ccsbBroad304_06588,MMP2,trt_oe,0.0
ATLAS_SIG_B_TOP100,ccsbBroad304_02349,MPHOSPH9,trt_oe,-54.815006
ATLAS_SIG_B_TOP100,ccsbBroad304_03215,MRPS2,trt_oe,45.859795
ATLAS_SIG_B_TOP100,ccsbBroad304_06609,MYL6,trt_oe,-5.355515
ATLAS_SIG_B_TOP100,ccsbBroad304_01092,NFIL3,trt_oe,-5.8718815
ATLAS_SIG_B_TOP100,ccsbBroad304_01101,NME1,trt_oe,20.911072
ATLAS_SIG_B_TOP100,ccsbBroad304_05564,NPSR1,trt_oe,0.0
ATLAS_SIG_B_TOP100,ccsbBroad304_07208,NRIP1,trt_oe,2.0370371
ATLAS_SIG_B_TOP100,ccsbBroad304_03089,PACSIN3,trt_oe,6.822346
ATLAS_SIG_B_TOP100,ccsbBroad304_02208,PDIA4,trt_oe,-17.18785
ATLAS_SIG_B_TOP100,ccsbBroad304_02923,PHF19,trt_oe,-13.8498535
ATLAS_SIG_B_TOP100,ccsbBroad304_08289,PRKAG2,trt_oe,-17.182878
ATLAS_SIG_B_TOP100,ccsbBroad304_01294,PRKRIR,trt_oe,-78.37812
ATLAS_SIG_B_TOP100,ccsbBroad304_01361,RAB27A,trt_oe,29.385223
ATLAS_SIG_B_TOP100,ccsbBroad304_06836,RAD23B,trt_oe,-12.5256
ATLAS_SIG_B_TOP100,ccsbBroad304_06435,RBPJ,trt_oe,28.265387
ATLAS_SIG_B_TOP100,ccsbBroad304_06855,RDX,trt_oe,0.0
ATLAS_SIG_B_TOP100,ccsbBroad304_01452,RPS13,trt_oe,0.0
ATLAS_SIG_B_TOP100,ccsbBroad304_00067,SLC25A4,trt_oe,38.643112
ATLAS_SIG_B_TOP100,ccsbBroad304_00504,SLC29A1,trt_oe,-36.137882
ATLAS_SIG_B_TOP100,ccsbBroad304_02469,SLC35A1,trt_oe,-13.053667
ATLAS_SIG_B_TOP100,ccsbBroad304_00960,SMAD1,trt_oe,0.0
ATLAS_SIG_B_TOP100,ccsbBroad304_00962,SMAD4,trt_oe,2.824074
ATLAS_SIG_B_TOP100,ccsbBroad304_06976,SMARCE1,trt_oe,0.0
ATLAS_SIG_B_TOP100,ccsbBroad304_01577,SOD1,trt_oe,-48.371475
ATLAS_SIG_B_TOP100,ccsbBroad304_01608,STAT2,trt_oe,-17.867487
ATLAS_SIG_B_TOP100,ccsbBroad304_01611,STAT6,trt_oe,14.602449
ATLAS_SIG_B_TOP100,ccsbBroad304_01617,STX4,trt_oe,-10.462963
ATLAS_SIG_B_TOP100,ccsbBroad304_07018,SUPT5H,trt_oe,-2.6388888
ATLAS_SIG_B_TOP100,ccsbBroad304_01640,TAF12,trt_oe,0.0
ATLAS_SIG_B_TOP100,ccsbBroad304_01654,TCTA,trt_oe,12.168223
ATLAS_SIG_B_TOP100,ccsbBroad304_02922,TES,trt_oe,6.507208
ATLAS_SIG_B_TOP100,ccsbBroad304_09284,UBE3B,trt_oe,0.0
ATLAS_SIG_B_TOP100,ccsbBroad304_01822,ZNF227,trt_oe,2.7314816
ATLAS_SIG_B_TOP100,ccsbBroad304_08978,ZNF672,trt_oe,7.037037
ATLAS_SIG_B_TOP100,ccsbBroad304_11714,ATMIN,trt_oe,21.740005
ATLAS_SIG_B_TOP100,ccsbBroad304_03404,POLE3,trt_oe,59.24106
ATLAS_SIG_B_TOP100,ccsbBroad304_01237,POLR2C,trt_oe,-45.58504
ATLAS_SIG_B_TOP100,ccsbBroad304_05758,ACADSB,trt_oe,-1.0648148
ATLAS_SIG_B_TOP100,ccsbBroad304_08888,ACD,trt_oe,-5.3881464
ATLAS_SIG_B_TOP100,ccsbBroad304_08681,ADCK3,trt_oe,55.2422
ATLAS_SIG_B_TOP100,ccsbBroad304_05787,ADRBK1,trt_oe,7.8893385
ATLAS_SIG_B_TOP100,ccsbBroad304_02401,AKR1A1,trt_oe,5.2314816
ATLAS_SIG_B_TOP100,ccsbBroad304_06088,AKR1C1,trt_oe,-46.689022
ATLAS_SIG_B_TOP100,ccsbBroad304_01979,AKR1C3,trt_oe,0.5555556
ATLAS_SIG_B_TOP100,ccsbBroad304_00047,AKT2,trt_oe,-65.88312
ATLAS_SIG_B_TOP100,ccsbBroad304_00053,ALDOA,trt_oe,9.9244175
ATLAS_SIG_B_TOP100,ccsbBroad304_04478,ALG2,trt_oe,-23.206768
ATLAS_SIG_B_TOP100,ccsbBroad304_05821,ANXA1,trt_oe,-0.046296295
ATLAS_SIG_B_TOP100,ccsbBroad304_05823,ANXA2,trt_oe,1.8518518
ATLAS_SIG_B_TOP100,ccsbBroad304_02581,ASCC3,trt_oe,4.351852
ATLAS_SIG_B_TOP100,ccsbBroad304_07288,B4GALT4,trt_oe,1.712963
ATLAS_SIG_B_TOP100,ccsbBroad304_00145,BACH1,trt_oe,7.299464
ATLAS_SIG_B_TOP100,ccsbBroad304_09225,BUD13,trt_oe,1.8036716
ATLAS_SIG_B_TOP100,ccsbBroad304_00225,CAT,trt_oe,-22.163555
ATLAS_SIG_B_TOP100,ccsbBroad304_00155,CCND1,trt_oe,-53.41764
ATLAS_SIG_B_TOP100,ccsbBroad304_05948,CCND2,trt_oe,1.0185186
ATLAS_SIG_B_TOP100,ccsbBroad304_00239,CCNG1,trt_oe,-3.5185184
ATLAS_SIG_B_TOP100,ccsbBroad304_05745,CD24,trt_oe,0.8333333
ATLAS_SIG_B_TOP100,ccsbBroad304_02423,CD2BP2,trt_oe,1.1314216
ATLAS_SIG_B_TOP100,ccsbBroad304_07220,CDC45,trt_oe,70.12227
ATLAS_SIG_B_TOP100,ccsbBroad304_07219,CDC7,trt_oe,1.0648148
ATLAS_SIG_B_TOP100,ccsbBroad304_01155,CDK16,trt_oe,0.0
ATLAS_SIG_B_TOP100,ccsbBroad304_00280,CDK7,trt_oe,-0.32407406
ATLAS_SIG_B_TOP100,ccsbBroad304_05981,CDO1,trt_oe,-2.0833333
ATLAS_SIG_B_TOP100,ccsbBroad304_00305,CHRM3,trt_oe,7.6886497
ATLAS_SIG_B_TOP100,ccsbBroad304_09471,CSNK1A1L,trt_oe,0.0
ATLAS_SIG_B_TOP100,ccsbBroad304_06070,CYC1,trt_oe,-1.712963
ATLAS_SIG_B_TOP100,ccsbBroad304_03658,DCP1A,trt_oe,4.739842
ATLAS_SIG_B_TOP100,ccsbBroad304_06089,DDIT3,trt_oe,0.0
ATLAS_SIG_B_TOP100,ccsbBroad304_05054,DTX3L,trt_oe,-45.16637
ATLAS_SIG_B_TOP100,ccsbBroad304_01981,DYNLL1,trt_oe,47.42753
ATLAS_SIG_B_TOP100,ccsbBroad304_02506,EBP,trt_oe,0.0
ATLAS_SIG_B_TOP100,ccsbBroad304_00501,EMD,trt_oe,-10.658297
ATLAS_SIG_B_TOP100,ccsbBroad304_00518,ETFA,trt_oe,75.94309
ATLAS_SIG_B_TOP100,ccsbBroad304_03591,ETNK1,trt_oe,45.190918
ATLAS_SIG_B_TOP100,ccsbBroad304_06185,EYA1,trt_oe,-74.89656
ATLAS_SIG_B_TOP100,ccsbBroad304_00542,FBP1,trt_oe,51.840443
ATLAS_SIG_B_TOP100,ccsbBroad304_04189,FBXO11,trt_oe,-14.254486
ATLAS_SIG_B_TOP100,ccsbBroad304_06209,FGF9,trt_oe,-4.4444447
ATLAS_SIG_B_TOP100,ccsbBroad304_06264,GBP2,trt_oe,-1.25
ATLAS_SIG_B_TOP100,ccsbBroad304_02029,GGH,trt_oe,37.660286
ATLAS_SIG_B_TOP100,ccsbBroad304_05049,GPBAR1,trt_oe,0.5555556
ATLAS_SIG_B_TOP100,ccsbBroad304_00677,GPR34,trt_oe,37.826687
ATLAS_SIG_B_TOP100,ccsbBroad304_00679,GPR39,trt_oe,-70.76945
ATLAS_SIG_B_TOP100,ccsbBroad304_03394,GPR84,trt_oe,-12.406636
ATLAS_SIG_B_TOP100,ccsbBroad304_00702,GSTM1,trt_oe,7.8906927
ATLAS_SIG_B_TOP100,ccsbBroad304_06350,HAL,trt_oe,-25.600634
ATLAS_SIG_B_TOP100,ccsbBroad304_02408,HMG20B,trt_oe,-3.885693
ATLAS_SIG_B_TOP100,ccsbBroad304_06382,HMGCL,trt_oe,-25.273125
ATLAS_SIG_B_TOP100,ccsbBroad304_06383,HMMR,trt_oe,93.99495
ATLAS_SIG_B_TOP100,ccsbBroad304_06393,HOXC4,trt_oe,68.17574
ATLAS_SIG_B_TOP100,ccsbBroad304_03314,HSD17B7,trt_oe,87.49197
ATLAS_SIG_B_TOP100,ccsbBroad304_00795,HSF2,trt_oe,-2.5
ATLAS_SIG_B_TOP100,ccsbBroad304_03240,HSPA14,trt_oe,1.8981482
ATLAS_SIG_B_TOP100,ccsbBroad304_02958,HSPB8,trt_oe,43.216698
ATLAS_SIG_B_TOP100,ccsbBroad304_00810,HYAL1,trt_oe,-4.212963
ATLAS_SIG_B_TOP100,ccsbBroad304_08292,IP6K2,trt_oe,58.88131
ATLAS_SIG_B_TOP100,ccsbBroad304_00882,IRS1,trt_oe,-69.98885
ATLAS_SIG_B_TOP100,ccsbBroad304_07876,LARS2,trt_oe,-67.91404
ATLAS_SIG_B_TOP100,ccsbBroad304_03923,LRRC4,trt_oe,55.422016
ATLAS_SIG_B_TOP100,ccsbBroad304_01288,MAPK9,trt_oe,20.97556
ATLAS_SIG_B_TOP100,ccsbBroad304_14242,MCCC2,trt_oe,1.3888888
ATLAS_SIG_B_TOP100,ccsbBroad304_03951,NARFL,trt_oe,0.41666666
ATLAS_SIG_B_TOP100,ccsbBroad304_03554,NAT10,trt_oe,-36.011303
ATLAS_SIG_B_TOP100,ccsbBroad304_01103,NONO,trt_oe,4.259259
ATLAS_SIG_B_TOP100,ccsbBroad304_03618,OSGEP,trt_oe,1.9444444
ATLAS_SIG_B_TOP100,ccsbBroad304_02086,PDLIM1,trt_oe,15.379335
ATLAS_SIG_B_TOP100,ccsbBroad304_07267,PDLIM4,trt_oe,91.42877
ATLAS_SIG_B_TOP100,ccsbBroad304_01265,PPP2R4,trt_oe,-0.6481481
ATLAS_SIG_B_TOP100,ccsbBroad304_06785,PRSS2,trt_oe,-82.5176
ATLAS_SIG_B_TOP100,ccsbBroad304_01342,PTPN6,trt_oe,0.8333333
ATLAS_SIG_B_TOP100,ccsbBroad304_09095,PUS7L,trt_oe,14.164522
ATLAS_SIG_B_TOP100,ccsbBroad304_02565,RALBP1,trt_oe,22.491241
ATLAS_SIG_B_TOP100,ccsbBroad304_06840,RAP1GDS1,trt_oe,-17.185148
ATLAS_SIG_B_TOP100,ccsbBroad304_01391,RFC5,trt_oe,-19.81436
ATLAS_SIG_B_TOP100,ccsbBroad304_01394,RFX4,trt_oe,0.0
ATLAS_SIG_B_TOP100,ccsbBroad304_01447,RPS6KA3,trt_oe,0.0
ATLAS_SIG_B_TOP100,ccsbBroad304_02500,RRAGA,trt_oe,24.017258
ATLAS_SIG_B_TOP100,ccsbBroad304_00478,S1PR3,trt_oe,0.0
ATLAS_SIG_B_TOP100,ccsbBroad304_07814,SACM1L,trt_oe,88.6147
ATLAS_SIG_B_TOP100,ccsbBroad304_01825,SLC30A2,trt_oe,51.618248
ATLAS_SIG_B_TOP100,ccsbBroad304_10507,SNX7,trt_oe,0.23148148
ATLAS_SIG_B_TOP100,ccsbBroad304_07238,STK24,trt_oe,-48.627472
ATLAS_SIG_B_TOP100,ccsbBroad304_02458,STK25,trt_oe,3.425926
ATLAS_SIG_B_TOP100,ccsbBroad304_01632,SYPL1,trt_oe,13.259579
ATLAS_SIG_B_TOP100,ccsbBroad304_01685,TNFAIP1,trt_oe,-2.9629629
ATLAS_SIG_B_TOP100,ccsbBroad304_01686,TNFAIP3,trt_oe,3.2039537
ATLAS_SIG_B_TOP100,ccsbBroad304_04655,TRIM9,trt_oe,1.2037038
ATLAS_SIG_B_TOP100,ccsbBroad304_01774,WARS,trt_oe,-55.705723
ATLAS_SIG_B_TOP100,ccsbBroad304_01779,WNT5A,trt_oe,-28.988043
ATLAS_SIG_B_TOP100,ccsbBroad304_07832,XPO7,trt_oe,39.98018
ATLAS_SIG_B_TOP100,ccsbBroad304_02109,XPR1,trt_oe,-27.384394
ATLAS_SIG_B_TOP100,ccsbBroad304_05213,ZNF449,trt_oe,-40.93329
ATLAS_SIG_B_TOP100,ccsbBroad304_02879,ZNF473,trt_oe,-2.4074075
ATLAS_SIG_B_TOP100,ccsbBroad304_09676,ZSWIM2,trt_oe,0.0
ATLAS_SIG_B_TOP100,ccsbBroad304_00055,AKR1B1,trt_oe,-0.9722222
ATLAS_SIG_B_TOP100,ccsbBroad304_07529,AKT3,trt_oe,-57.435867
ATLAS_SIG_B_TOP100,ccsbBroad304_03945,AKTIP,trt_oe,56.444817
ATLAS_SIG_B_TOP100,ccsbBroad304_00070,ANXA5,trt_oe,75.84816
ATLAS_SIG_B_TOP100,ccsbBroad304_13813,ARAF,trt_oe,0.0
ATLAS_SIG_B_TOP100,ccsbBroad304_00112,ASNA1,trt_oe,-1.712963
ATLAS_SIG_B_TOP100,ccsbBroad304_00078,BIRC2,trt_oe,-0.787037
ATLAS_SIG_B_TOP100,ccsbBroad304_10423,BMPR1A,trt_oe,51.991436
ATLAS_SIG_B_TOP100,ccsbBroad304_00173,BRCA1,trt_oe,-22.355865
ATLAS_SIG_B_TOP100,ccsbBroad304_00211,CALU,trt_oe,-59.549202
ATLAS_SIG_B_TOP100,ccsbBroad304_01960,CASK,trt_oe,-52.572792
ATLAS_SIG_B_TOP100,ccsbBroad304_05972,CDC25C,trt_oe,0.09259259
ATLAS_SIG_B_TOP100,ccsbBroad304_00326,CLK1,trt_oe,53.759296
ATLAS_SIG_B_TOP100,ccsbBroad304_02686,COPZ1,trt_oe,-29.333437
ATLAS_SIG_B_TOP100,ccsbBroad304_06028,CPE,trt_oe,10.938971
ATLAS_SIG_B_TOP100,ccsbBroad304_02501,DCTN6,trt_oe,-12.715096
ATLAS_SIG_B_TOP100,ccsbBroad304_02298,DNM1L,trt_oe,-19.710377
ATLAS_SIG_B_TOP100,ccsbBroad304_00472,EBF1,trt_oe,94.22452
ATLAS_SIG_B_TOP100,ccsbBroad304_01984,EIF3G,trt_oe,10.888468
ATLAS_SIG_B_TOP100,ccsbBroad304_00517,ESR1,trt_oe,29.015814
ATLAS_SIG_B_TOP100,ccsbBroad304_06229,FUS,trt_oe,34.5282
ATLAS_SIG_B_TOP100,ccsbBroad304_00600,FYN,trt_oe,-4.537037
ATLAS_SIG_B_TOP100,ccsbBroad304_01890,FZD7,trt_oe,-36.098267
ATLAS_SIG_B_TOP100,ccsbBroad304_07945,GCA,trt_oe,2.1296296
ATLAS_SIG_B_TOP100,ccsbBroad304_03415,GFOD1,trt_oe,-85.77077
ATLAS_SIG_B_TOP100,ccsbBroad304_00654,GNB1,trt_oe,82.54073
ATLAS_SIG_B_TOP100,ccsbBroad304_06411,HSPA9,trt_oe,-1.5761908
ATLAS_SIG_B_TOP100,ccsbBroad304_06431,IFNAR2,trt_oe,62.396004
ATLAS_SIG_B_TOP100,ccsbBroad304_00857,IL10,trt_oe,-17.68291
ATLAS_SIG_B_TOP100,ccsbBroad304_06448,IL18,trt_oe,1.6666666
ATLAS_SIG_B_TOP100,ccsbBroad304_00879,IRAK2,trt_oe,-6.990741
ATLAS_SIG_B_TOP100,ccsbBroad304_00883,ISG20,trt_oe,-1.4814814
ATLAS_SIG_B_TOP100,ccsbBroad304_00933,LDHB,trt_oe,-0.6944444
ATLAS_SIG_B_TOP100,ccsbBroad304_08825,LHPP,trt_oe,1.2358223
ATLAS_SIG_B_TOP100,ccsbBroad304_00944,LIMK2,trt_oe,-4.3055553
ATLAS_SIG_B_TOP100,ccsbBroad304_00945,LMNA,trt_oe,14.33696
ATLAS_SIG_B_TOP100,ccsbBroad304_04715,MRGPRF,trt_oe,3.3796296
ATLAS_SIG_B_TOP100,ccsbBroad304_06642,NIT1,trt_oe,-35.09649
ATLAS_SIG_B_TOP100,ccsbBroad304_03040,NKIRAS2,trt_oe,0.32407406
ATLAS_SIG_B_TOP100,ccsbBroad304_05313,NUDT14,trt_oe,-55.922646
ATLAS_SIG_B_TOP100,ccsbBroad304_08605,PBK,trt_oe,-0.787037
ATLAS_SIG_B_TOP100,ccsbBroad304_01953,PIAS1,trt_oe,-95.64815
ATLAS_SIG_B_TOP100,ccsbBroad304_02295,PIGK,trt_oe,-60.369587
ATLAS_SIG_B_TOP100,ccsbBroad304_01249,PPARG,trt_oe,81.53819
ATLAS_SIG_B_TOP100,ccsbBroad304_01258,PPP1CA,trt_oe,0.0
ATLAS_SIG_B_TOP100,ccsbBroad304_06797,PSMA5,trt_oe,3.3333333
ATLAS_SIG_B_TOP100,ccsbBroad304_06837,RAF1,trt_oe,-43.805325
ATLAS_SIG_B_TOP100,ccsbBroad304_01372,RALB,trt_oe,13.978028
ATLAS_SIG_B_TOP100,ccsbBroad304_01376,RARB,trt_oe,22.652012
ATLAS_SIG_B_TOP100,ccsbBroad304_06856,RET,trt_oe,6.5015707
ATLAS_SIG_B_TOP100,ccsbBroad304_08715,SALL4,trt_oe,3.425926
ATLAS_SIG_B_TOP100,ccsbBroad304_00961,SMAD2,trt_oe,14.3670635
ATLAS_SIG_B_TOP100,ccsbBroad304_08694,TBX20,trt_oe,13.671801
ATLAS_SIG_B_TOP100,ccsbBroad304_01660,TFAP4,trt_oe,68.67041
ATLAS_SIG_B_TOP100,ccsbBroad304_07061,TGM2,trt_oe,-35.1471
ATLAS_SIG_B_TOP100,ccsbBroad304_02708,TRIM32,trt_oe,-3.6111112
ATLAS_SIG_B_TOP100,ccsbBroad304_01720,TSTA3,trt_oe,62.455254
ATLAS_SIG_B_TOP100,ccsbBroad304_08296,UBE2J1,trt_oe,9.096923
ATLAS_SIG_B_TOP100,ccsbBroad304_02582,UQCR11,trt_oe,43.39595
ATLAS_SIG_B_TOP100,ccsbBroad304_02197,VPS26A,trt_oe,28.259512
ATLAS_SIG_B_TOP100,ccsbBroad304_02421,WFDC2,trt_oe,49.994858
ATLAS_SIG_B_TOP100,ccsbBroad304_02497,YKT6,trt_oe,0.0
ATLAS_SIG_B_TOP100,ccsbBroad304_07993,ZBTB20,trt_oe,11.224102
ATLAS_SIG_B_TOP100,ccsbBroad304_01803,ZBTB25,trt_oe,0.0
ATLAS_SIG_B_TOP100,ccsbBroad304_00175,ZFP36L1,trt_oe,2.4537036
ATLAS_SIG_B_TOP100,ccsbBroad304_05124,ZNF114,trt_oe,-46.43775
ATLAS_SIG_B_TOP100,ccsbBroad304_07172,ZNF195,trt_oe,0.41666666
ATLAS_SIG_B_TOP100,ccsbBroad304_05121,ZNF296,trt_oe,47.26795
ATLAS_SIG_B_TOP100,ccsbBroad304_04046,ZNF426,trt_oe,37.689713
ATLAS_SIG_B_TOP100,ccsbBroad304_05002,ZNF563,trt_oe,2.3148148
ATLAS_SIG_B_TOP100,ccsbBroad304_13811,ALDH3B1,trt_oe,0.0
ATLAS_SIG_B_TOP100,ccsbBroad304_01841,BAG6,trt_oe,-18.68725
ATLAS_SIG_B_TOP100,ccsbBroad304_02837,BHMT2,trt_oe,1.9444444
ATLAS_SIG_B_TOP100,ccsbBroad304_08993,DHDDS,trt_oe,0.0
ATLAS_SIG_B_TOP100,ccsbBroad304_03637,DOK4,trt_oe,0.03418282
ATLAS_SIG_B_TOP100,ccsbBroad304_10806,ERBB3,trt_oe,-3.2407408
ATLAS_SIG_B_TOP100,ccsbBroad304_10207,ERLIN1,trt_oe,57.29023
ATLAS_SIG_B_TOP100,ccsbBroad304_06535,LPL,trt_oe,3.0092592
ATLAS_SIG_B_TOP100,ccsbBroad304_00001,NAT1,trt_oe,-38.35444
ATLAS_SIG_B_TOP100,ccsbBroad304_02452,NXF1,trt_oe,0.0
ATLAS_SIG_B_TOP100,ccsbBroad304_14044,PCGF3,trt_oe,0.0
ATLAS_SIG_B_TOP100,ccsbBroad304_06974,SLC22A5,trt_oe,-30.036507
ATLAS_SIG_B_TOP100,ccsbBroad304_08862,SMYD3,trt_oe,-55.74679
ATLAS_SIG_B_TOP100,ccsbBroad304_04235,TDRD3,trt_oe,-2.1296296
ATLAS_SIG_B_TOP100,ccsbBroad304_02554,TRAFD1,trt_oe,0.0
ATLAS_SIG_B_TOP100,ccsbBroad304_09765,ZBTB49,trt_oe,-2.0370371
ATLAS_SIG_B_TOP100,ccsbBroad304_07178,ZFP112,trt_oe,29.652634
ATLAS_SIG_B_TOP100,ccsbBroad304_01819,ZNF213,trt_oe,0.9722222
ATLAS_SIG_B_TOP100,ccsbBroad304_05865,ATP1A3,trt_oe,-12.622896
ATLAS_SIG_B_TOP100,ccsbBroad304_02934,B3GAT3,trt_oe,-25.153496
ATLAS_SIG_B_TOP100,ccsbBroad304_02553,BLCAP,trt_oe,0.0
ATLAS_SIG_B_TOP100,ccsbBroad304_03080,C16ORF80,trt_oe,-55.693176
ATLAS_SIG_B_TOP100,ccsbBroad304_07641,CCT7,trt_oe,-0.6944444
ATLAS_SIG_B_TOP100,ccsbBroad304_06022,COX7B,trt_oe,1.3888888
ATLAS_SIG_B_TOP100,ccsbBroad304_02243,DLGAP5,trt_oe,-80.593956
ATLAS_SIG_B_TOP100,ccsbBroad304_04454,FBXL20,trt_oe,21.427395
ATLAS_SIG_B_TOP100,ccsbBroad304_01889,FZD4,trt_oe,-1.3425926
ATLAS_SIG_B_TOP100,ccsbBroad304_00839,IGFBP6,trt_oe,-23.876307
ATLAS_SIG_B_TOP100,ccsbBroad304_06255,LRRC32,trt_oe,69.90419
ATLAS_SIG_B_TOP100,ccsbBroad304_03732,NPDC1,trt_oe,1.4351852
ATLAS_SIG_B_TOP100,ccsbBroad304_09368,OPN4,trt_oe,-14.810889
ATLAS_SIG_B_TOP100,ccsbBroad304_14011,PAPSS1,trt_oe,4.9074073
ATLAS_SIG_B_TOP100,ccsbBroad304_04383,PCGF5,trt_oe,46.431633
ATLAS_SIG_B_TOP100,ccsbBroad304_06727,PIK3CG,trt_oe,0.9259259
ATLAS_SIG_B_TOP100,ccsbBroad304_06750,POLR2H,trt_oe,21.09428
ATLAS_SIG_B_TOP100,ccsbBroad304_06765,PRCC,trt_oe,48.354958
ATLAS_SIG_B_TOP100,ccsbBroad304_01323,PSMD9,trt_oe,-66.083725
ATLAS_SIG_B_TOP100,ccsbBroad304_13934,PTK2,trt_oe,-14.639269
ATLAS_SIG_B_TOP100,ccsbBroad304_01974,RNASET2,trt_oe,-3.0092592
ATLAS_SIG_B_TOP100,ccsbBroad304_07291,RNGTT,trt_oe,24.663044
ATLAS_SIG_B_TOP100,ccsbBroad304_02041,SLC5A6,trt_oe,-9.74144
ATLAS_SIG_B_TOP100,ccsbBroad304_02625,SLC7A9,trt_oe,-26.982016
ATLAS_SIG_B_TOP100,ccsbBroad304_02571,TOMM34,trt_oe,65.829636
ATLAS_SIG_B_TOP100,ccsbBroad304_02715,WDTC1,trt_oe,-2.3611112
ATLAS_SIG_B_TOP100,ccsbBroad304_11549,ZNF273,trt_oe,-1.2037038
ATLAS_SIG_B_TOP100,ccsbBroad304_09768,ZNF366,trt_oe,41.708416
ATLAS_SIG_B_TOP100,ccsbBroad304_09983,ZNF454,trt_oe,-13.309147
ATLAS_SIG_B_TOP100,ccsbBroad304_09745,ZNF519,trt_oe,2.175926
ATLAS_SIG_B_TOP100,ccsbBroad304_07738,ABHD2,trt_oe,14.511877
ATLAS_SIG_B_TOP100,ccsbBroad304_13830,FOXN3,trt_oe,-42.778217
ATLAS_SIG_B_TOP100,ccsbBroad304_07314,ASAP2,trt_oe,61.657448
ATLAS_SIG_B_TOP100,ccsbBroad304_00361,ATF2,trt_oe,2.5161748
ATLAS_SIG_B_TOP100,ccsbBroad304_05907,BUB1B,trt_oe,-24.950766
ATLAS_SIG_B_TOP100,ccsbBroad304_00360,CREB1,trt_oe,-1.3236693
ATLAS_SIG_B_TOP100,ccsbBroad304_07358,DNAJA3,trt_oe,-19.944502
ATLAS_SIG_B_TOP100,ccsbBroad304_00462,DR1,trt_oe,2.5925925
ATLAS_SIG_B_TOP100,ccsbBroad304_10212,GRHL3,trt_oe,-3.5185184
ATLAS_SIG_B_TOP100,ccsbBroad304_00778,HOXC10,trt_oe,0.0
ATLAS_SIG_B_TOP100,ccsbBroad304_02019,IL18RAP,trt_oe,2.913363
ATLAS_SIG_B_TOP100,ccsbBroad304_03310,LCMT1,trt_oe,41.431137
ATLAS_SIG_B_TOP100,ccsbBroad304_00954,LYN,trt_oe,-13.033524
ATLAS_SIG_B_TOP100,ccsbBroad304_02276,MVP,trt_oe,-51.493984
ATLAS_SIG_B_TOP100,ccsbBroad304_01165,PDK1,trt_oe,-3.4722223
ATLAS_SIG_B_TOP100,ccsbBroad304_01218,PLK1,trt_oe,74.68905
ATLAS_SIG_B_TOP100,ccsbBroad304_02884,POT1,trt_oe,0.0
ATLAS_SIG_B_TOP100,ccsbBroad304_01450,RPS10,trt_oe,2.0833333
ATLAS_SIG_B_TOP100,ccsbBroad304_01659,TERF1,trt_oe,28.117453
ATLAS_SIG_B_TOP100,ccsbBroad304_07683,ZNF268,trt_oe,-3.6111112
ATLAS_SIG_B_TOP100,ccsbBroad304_09910,BCL6B,trt_oe,19.317366
ATLAS_SIG_B_TOP100,ccsbBroad304_00471,E2F6,trt_oe,77.44703
ATLAS_SIG_B_TOP100,ccsbBroad304_05612,GPR152,trt_oe,1.3888888
ATLAS_SIG_B_TOP100,ccsbBroad304_10431,HADHB,trt_oe,-33.306656
ATLAS_SIG_B_TOP100,ccsbBroad304_00863,IL15,trt_oe,-36.35778
ATLAS_SIG_B_TOP100,ccsbBroad304_00929,LBR,trt_oe,0.0
ATLAS_SIG_B_TOP100,ccsbBroad304_06542,LTBR,trt_oe,73.27467
ATLAS_SIG_B_TOP100,ccsbBroad304_07275,PSMG1,trt_oe,-31.488811
ATLAS_SIG_B_TOP100,ccsbBroad304_02838,SDF2L1,trt_oe,69.05712
ATLAS_SIG_B_TOP100,ccsbBroad304_01648,SERPINA7,trt_oe,20.142944
ATLAS_SIG_B_TOP100,ccsbBroad304_00094,ARF1,trt_oe,-1.712963
ATLAS_SIG_B_TOP100,ccsbBroad304_02822,ARFIP2,trt_oe,8.251553
ATLAS_SIG_B_TOP100,ccsbBroad304_03119,C16ORF5,trt_oe,13.975633
ATLAS_SIG_B_TOP100,ccsbBroad304_04471,C5ORF62,trt_oe,-1.4814814
ATLAS_SIG_B_TOP100,ccsbBroad304_05930,CAMK2D,trt_oe,27.7651
ATLAS_SIG_B_TOP100,ccsbBroad304_06159,CTTN,trt_oe,-1.712963
ATLAS_SIG_B_TOP100,ccsbBroad304_02012,FADD,trt_oe,57.57537
ATLAS_SIG_B_TOP100,ccsbBroad304_02217,FEZ1,trt_oe,-72.34316
ATLAS_SIG_B_TOP100,ccsbBroad304_06206,FGA,trt_oe,23.1117
ATLAS_SIG_B_TOP100,ccsbBroad304_06483,KCNK1,trt_oe,-57.6623
ATLAS_SIG_B_TOP100,ccsbBroad304_09615,LACC1,trt_oe,1.4775724
ATLAS_SIG_B_TOP100,ccsbBroad304_01291,MAP2K6,trt_oe,83.86927
ATLAS_SIG_B_TOP100,ccsbBroad304_02566,MORF4L1,trt_oe,-2.4537036
ATLAS_SIG_B_TOP100,ccsbBroad304_07557,NAMPT,trt_oe,0.0
ATLAS_SIG_B_TOP100,ccsbBroad304_01811,PCGF2,trt_oe,-22.817938
ATLAS_SIG_B_TOP100,ccsbBroad304_08594,PECR,trt_oe,0.37037036
ATLAS_SIG_B_TOP100,ccsbBroad304_06728,PIK3R1,trt_oe,-63.075684
ATLAS_SIG_B_TOP100,ccsbBroad304_01239,POLR2E,trt_oe,0.46296296
ATLAS_SIG_B_TOP100,ccsbBroad304_01269,PPP3R2,trt_oe,4.71454
ATLAS_SIG_B_TOP100,ccsbBroad304_01341,PTPN4,trt_oe,37.059826
ATLAS_SIG_B_TOP100,ccsbBroad304_01448,RPS7,trt_oe,2.0370371
ATLAS_SIG_B_TOP100,ccsbBroad304_02572,SERINC3,trt_oe,-0.9259259
ATLAS_SIG_B_TOP100,ccsbBroad304_01546,SLC7A1,trt_oe,-5.276903
ATLAS_SIG_B_TOP100,ccsbBroad304_02786,ZNF281,trt_oe,52.084766
ATLAS_SIG_B_TOP100,ccsbBroad304_09656,ZNF555,trt_oe,1.3888888
ATLAS_SIG_B_TOP100,ccsbBroad304_00085,APRT,trt_oe,56.307526
ATLAS_SIG_B_TOP100,ccsbBroad304_02036,ARHGEF7,trt_oe,-3.5648148
ATLAS_SIG_B_TOP100,ccsbBroad304_00233,CBR1,trt_oe,-37.827114
ATLAS_SIG_B_TOP100,ccsbBroad304_00281,CDK8,trt_oe,-2.6851852
ATLAS_SIG_B_TOP100,ccsbBroad304_00283,CDKN2C,trt_oe,72.26975
ATLAS_SIG_B_TOP100,ccsbBroad304_01872,DGCR14,trt_oe,-2.0370371
ATLAS_SIG_B_TOP100,ccsbBroad304_07240,DYRK3,trt_oe,21.662445
ATLAS_SIG_B_TOP100,ccsbBroad304_00658,GNG5,trt_oe,-4.7685184
ATLAS_SIG_B_TOP100,ccsbBroad304_04309,HDAC10,trt_oe,2.2414794
ATLAS_SIG_B_TOP100,ccsbBroad304_06574,MDH2,trt_oe,-41.112953
ATLAS_SIG_B_TOP100,ccsbBroad304_01198,PIGA,trt_oe,1.5277778
ATLAS_SIG_B_TOP100,ccsbBroad304_01380,RBBP7,trt_oe,-72.39958
ATLAS_SIG_B_TOP100,ccsbBroad304_07436,SPTLC2,trt_oe,8.553747
ATLAS_SIG_B_TOP100,ccsbBroad304_01613,STK11,trt_oe,-53.041946
ATLAS_SIG_B_TOP100,ccsbBroad304_02345,TXNDC9,trt_oe,1.9907408
ATLAS_SIG_B_TOP100,ccsbBroad304_11405,UBE3C,trt_oe,1.0648148
ATLAS_SIG_B_TOP100,ccsbBroad304_03441,UGT1A9,trt_oe,-3.1087148
ATLAS_SIG_B_TOP100,ccsbBroad304_07123,UQCRFS1,trt_oe,-2.2222223
ATLAS_SIG_B_TOP100,ccsbBroad304_03842,ZNF317,trt_oe,-4.357759
ATLAS_SIG_B_TOP100,ccsbBroad304_04909,ZNF572,trt_oe,-18.32412
ATLAS_SIG_B_TOP100,ccsbBroad304_00049,ALDH2,trt_oe,66.03005
ATLAS_SIG_B_TOP100,ccsbBroad304_04128,ALG9,trt_oe,71.55291
ATLAS_SIG_B_TOP100,ccsbBroad304_00063,AMPD2,trt_oe,9.613691
ATLAS_SIG_B_TOP100,ccsbBroad304_01977,AOC3,trt_oe,-72.33963
ATLAS_SIG_B_TOP100,ccsbBroad304_02047,AP1S2,trt_oe,11.329176
ATLAS_SIG_B_TOP100,ccsbBroad304_08282,ATP6V1D,trt_oe,-51.045994
ATLAS_SIG_B_TOP100,ccsbBroad304_02857,BAMBI,trt_oe,18.376072
ATLAS_SIG_B_TOP100,ccsbBroad304_02053,BTRC,trt_oe,8.34662
ATLAS_SIG_B_TOP100,ccsbBroad304_05927,CALM1,trt_oe,56.00324
ATLAS_SIG_B_TOP100,ccsbBroad304_00219,CARS,trt_oe,1.8981482
ATLAS_SIG_B_TOP100,ccsbBroad304_08935,CERS4,trt_oe,-36.46509
ATLAS_SIG_B_TOP100,ccsbBroad304_00327,CLK2,trt_oe,-7.4126577
ATLAS_SIG_B_TOP100,ccsbBroad304_02510,CNPY3,trt_oe,0.0
ATLAS_SIG_B_TOP100,ccsbBroad304_02683,COG2,trt_oe,12.886887
ATLAS_SIG_B_TOP100,ccsbBroad304_06040,CRY1,trt_oe,75.63225
ATLAS_SIG_B_TOP100,ccsbBroad304_01930,CUL2,trt_oe,3.425926
ATLAS_SIG_B_TOP100,ccsbBroad304_00401,CYB5A,trt_oe,30.950283
ATLAS_SIG_B_TOP100,ccsbBroad304_04154,DENND2D,trt_oe,83.69235
ATLAS_SIG_B_TOP100,ccsbBroad304_03728,DIABLO,trt_oe,59.151154
ATLAS_SIG_B_TOP100,ccsbBroad304_02297,DNAJB6,trt_oe,-17.538898
ATLAS_SIG_B_TOP100,ccsbBroad304_06150,EIF4E,trt_oe,79.35426
ATLAS_SIG_B_TOP100,ccsbBroad304_06180,ESD,trt_oe,0.0
ATLAS_SIG_B_TOP100,ccsbBroad304_08392,EXOC6,trt_oe,57.96009
ATLAS_SIG_B_TOP100,ccsbBroad304_03428,EXOSC4,trt_oe,-1.3888888
ATLAS_SIG_B_TOP100,ccsbBroad304_00523,EXT1,trt_oe,-6.8055553
ATLAS_SIG_B_TOP100,ccsbBroad304_07688,FAM114A2,trt_oe,0.0
ATLAS_SIG_B_TOP100,ccsbBroad304_08797,FASTKD5,trt_oe,-4.3055553
ATLAS_SIG_B_TOP100,ccsbBroad304_02746,FBXW11,trt_oe,-14.479803
ATLAS_SIG_B_TOP100,ccsbBroad304_07754,FGFR1OP,trt_oe,77.6897
ATLAS_SIG_B_TOP100,ccsbBroad304_06225,FTH1,trt_oe,10.060176
ATLAS_SIG_B_TOP100,ccsbBroad304_02505,GNB5,trt_oe,0.0
ATLAS_SIG_B_TOP100,ccsbBroad304_00690,GRN,trt_oe,74.57077
ATLAS_SIG_B_TOP100,ccsbBroad304_02771,HEY1,trt_oe,-80.01101
ATLAS_SIG_B_TOP100,ccsbBroad304_03625,HIF1AN,trt_oe,0.0
ATLAS_SIG_B_TOP100,ccsbBroad304_06370,HLA-DMB,trt_oe,12.806188
ATLAS_SIG_B_TOP100,ccsbBroad304_06372,HLA-DPB1,trt_oe,38.81144
ATLAS_SIG_B_TOP100,ccsbBroad304_00794,HSF1,trt_oe,18.391579
ATLAS_SIG_B_TOP100,ccsbBroad304_00809,HUS1,trt_oe,-36.835056
ATLAS_SIG_B_TOP100,ccsbBroad304_00815,ID2,trt_oe,65.48473
ATLAS_SIG_B_TOP100,ccsbBroad304_13880,IDH3G,trt_oe,-7.962963
ATLAS_SIG_B_TOP100,ccsbBroad304_06424,IFI16,trt_oe,-6.990741
ATLAS_SIG_B_TOP100,ccsbBroad304_06464,ITGB2,trt_oe,74.34434
ATLAS_SIG_B_TOP100,ccsbBroad304_02919,KIAA1279,trt_oe,3.2079244
ATLAS_SIG_B_TOP100,ccsbBroad304_06021,KLF6,trt_oe,80.73302
ATLAS_SIG_B_TOP100,ccsbBroad304_03237,LEF1,trt_oe,0.0
ATLAS_SIG_B_TOP100,ccsbBroad304_02097,LPAR2,trt_oe,5.3454256
ATLAS_SIG_B_TOP100,ccsbBroad304_09303,LRSAM1,trt_oe,0.0
ATLAS_SIG_B_TOP100,ccsbBroad304_00371,MAPK14,trt_oe,25.883823
ATLAS_SIG_B_TOP100,ccsbBroad304_08662,MCCC1,trt_oe,0.0
ATLAS_SIG_B_TOP100,ccsbBroad304_00987,MCM3,trt_oe,33.593018
ATLAS_SIG_B_TOP100,ccsbBroad304_06569,MCM5,trt_oe,3.8234825
ATLAS_SIG_B_TOP100,ccsbBroad304_02157,MED21,trt_oe,-72.92662
ATLAS_SIG_B_TOP100,ccsbBroad304_06575,MEF2A,trt_oe,-22.651712
ATLAS_SIG_B_TOP100,ccsbBroad304_01013,MIF,trt_oe,0.0
ATLAS_SIG_B_TOP100,ccsbBroad304_06583,MITF,trt_oe,0.0
ATLAS_SIG_B_TOP100,ccsbBroad304_04387,MKI67IP,trt_oe,0.0
ATLAS_SIG_B_TOP100,ccsbBroad304_01019,MLH1,trt_oe,0.0
ATLAS_SIG_B_TOP100,ccsbBroad304_08102,MRPL18,trt_oe,24.215466
ATLAS_SIG_B_TOP100,ccsbBroad304_01073,NDUFB8,trt_oe,21.300255
ATLAS_SIG_B_TOP100,ccsbBroad304_06654,NPM1,trt_oe,-4.351852
ATLAS_SIG_B_TOP100,ccsbBroad304_05417,P2RY8,trt_oe,-1.8981482
ATLAS_SIG_B_TOP100,ccsbBroad304_09254,PAQR8,trt_oe,8.193199
ATLAS_SIG_B_TOP100,ccsbBroad304_03812,PBXIP1,trt_oe,41.556248
ATLAS_SIG_B_TOP100,ccsbBroad304_01150,PCCB,trt_oe,-44.837997
ATLAS_SIG_B_TOP100,ccsbBroad304_01163,PDHA1,trt_oe,-63.21955
ATLAS_SIG_B_TOP100,ccsbBroad304_01189,PHF1,trt_oe,23.33848
ATLAS_SIG_B_TOP100,ccsbBroad304_06734,PLAT,trt_oe,88.52754
ATLAS_SIG_B_TOP100,ccsbBroad304_08340,POLR3K,trt_oe,4.1203704
ATLAS_SIG_B_TOP100,ccsbBroad304_01271,PPT1,trt_oe,-63.74105
ATLAS_SIG_B_TOP100,ccsbBroad304_02622,PRDM4,trt_oe,-23.893385
ATLAS_SIG_B_TOP100,ccsbBroad304_14389,PSMA8,trt_oe,-45.95211
ATLAS_SIG_B_TOP100,ccsbBroad304_06801,PSMB10,trt_oe,-57.112343
ATLAS_SIG_B_TOP100,ccsbBroad304_01337,PTHLH,trt_oe,8.935185
ATLAS_SIG_B_TOP100,ccsbBroad304_03371,RAB23,trt_oe,5.803494
ATLAS_SIG_B_TOP100,ccsbBroad304_01845,RDBP,trt_oe,-63.73108
ATLAS_SIG_B_TOP100,ccsbBroad304_01395,RFX5,trt_oe,11.47855
ATLAS_SIG_B_TOP100,ccsbBroad304_02010,RIPK2,trt_oe,0.0
ATLAS_SIG_B_TOP100,ccsbBroad304_00102,RND3,trt_oe,-68.57351
ATLAS_SIG_B_TOP100,ccsbBroad304_01413,RPA2,trt_oe,48.964447
ATLAS_SIG_B_TOP100,ccsbBroad304_06894,RPS6,trt_oe,0.0
ATLAS_SIG_B_TOP100,ccsbBroad304_04288,RPS6KL1,trt_oe,-7.2222223
ATLAS_SIG_B_TOP100,ccsbBroad304_06902,RRM1,trt_oe,0.0
ATLAS_SIG_B_TOP100,ccsbBroad304_01485,SC5DL,trt_oe,0.0
ATLAS_SIG_B_TOP100,ccsbBroad304_06916,SCP2,trt_oe,0.5555556
ATLAS_SIG_B_TOP100,ccsbBroad304_09833,SENP5,trt_oe,23.064758
ATLAS_SIG_B_TOP100,ccsbBroad304_10231,SETDB1,trt_oe,0.0
ATLAS_SIG_B_TOP100,ccsbBroad304_02831,SGK3,trt_oe,-1.6666666
ATLAS_SIG_B_TOP100,ccsbBroad304_13952,SHMT2,trt_oe,-72.43156
ATLAS_SIG_B_TOP100,ccsbBroad304_06954,SLC1A1,trt_oe,0.0
ATLAS_SIG_B_TOP100,ccsbBroad304_02337,SLC25A13,trt_oe,-2.5
ATLAS_SIG_B_TOP100,ccsbBroad304_08660,SMARCAD1,trt_oe,-0.32407406
ATLAS_SIG_B_TOP100,ccsbBroad304_06996,SRM,trt_oe,78.344315
ATLAS_SIG_B_TOP100,ccsbBroad304_06998,SRPK1,trt_oe,-44.554222
ATLAS_SIG_B_TOP100,ccsbBroad304_01605,SSX2,trt_oe,15.470503
ATLAS_SIG_B_TOP100,ccsbBroad304_07012,STK3,trt_oe,0.0
ATLAS_SIG_B_TOP100,ccsbBroad304_07045,TEAD4,trt_oe,27.872309
ATLAS_SIG_B_TOP100,ccsbBroad304_02778,TGDS,trt_oe,-18.474562
ATLAS_SIG_B_TOP100,ccsbBroad304_02368,TIMM17B,trt_oe,27.316353
ATLAS_SIG_B_TOP100,ccsbBroad304_09396,TIRAP,trt_oe,85.066605
ATLAS_SIG_B_TOP100,ccsbBroad304_05547,TMEM110,trt_oe,-82.0888
ATLAS_SIG_B_TOP100,ccsbBroad304_07292,TNFSF13,trt_oe,-48.753242
ATLAS_SIG_B_TOP100,ccsbBroad304_06133,TOR1A,trt_oe,0.0
ATLAS_SIG_B_TOP100,ccsbBroad304_08898,TRAK2,trt_oe,0.0
ATLAS_SIG_B_TOP100,ccsbBroad304_13975,TYRO3,trt_oe,5.2314816
ATLAS_SIG_B_TOP100,ccsbBroad304_01744,UCHL1,trt_oe,13.0936985
ATLAS_SIG_B_TOP100,ccsbBroad304_07137,WT1,trt_oe,0.0
ATLAS_SIG_B_TOP100,ccsbBroad304_07372,ZBED1,trt_oe,22.74313
ATLAS_SIG_B_TOP100,ccsbBroad304_00739,ZBTB48,trt_oe,-8.369361
ATLAS_SIG_B_TOP100,ccsbBroad304_07173,ZNF202,trt_oe,0.0
ATLAS_SIG_B_TOP100,ccsbBroad304_02322,ZNF263,trt_oe,-76.70519
ATLAS_SIG_B_TOP100,ccsbBroad304_04396,ZNF559,trt_oe,35.01304
ATLAS_SIG_B_TOP100,ccsbBroad304_04683,ZNF689,trt_oe,72.56102
ATLAS_SIG_B_TOP100,ccsbBroad304_09774,ZNF92,trt_oe,3.8931413
ATLAS_SIG_B_TOP100,ccsbBroad304_05763,ACTB,trt_oe,0.0
ATLAS_SIG_B_TOP100,ccsbBroad304_05791,AGT,trt_oe,35.414024
ATLAS_SIG_B_TOP100,ccsbBroad304_01025,ALDH6A1,trt_oe,-5.384526
ATLAS_SIG_B_TOP100,ccsbBroad304_03305,ANAPC5,trt_oe,-8.551227
ATLAS_SIG_B_TOP100,ccsbBroad304_05833,APEH,trt_oe,3.101852
ATLAS_SIG_B_TOP100,ccsbBroad304_00097,ARF6,trt_oe,37.25812
ATLAS_SIG_B_TOP100,ccsbBroad304_02460,ATG7,trt_oe,2.2222223
ATLAS_SIG_B_TOP100,ccsbBroad304_05890,BHMT,trt_oe,54.702286
ATLAS_SIG_B_TOP100,ccsbBroad304_05894,BLVRA,trt_oe,38.25498
ATLAS_SIG_B_TOP100,ccsbBroad304_02100,BUB3,trt_oe,67.75569
ATLAS_SIG_B_TOP100,ccsbBroad304_00276,CDK2,trt_oe,-32.753704
ATLAS_SIG_B_TOP100,ccsbBroad304_05887,CFB,trt_oe,0.0
ATLAS_SIG_B_TOP100,ccsbBroad304_03647,CNDP2,trt_oe,8.410785
ATLAS_SIG_B_TOP100,ccsbBroad304_06648,CNOT3,trt_oe,-6.9745526
ATLAS_SIG_B_TOP100,ccsbBroad304_06018,COMT,trt_oe,0.0
ATLAS_SIG_B_TOP100,ccsbBroad304_02551,CPSF4,trt_oe,0.0
ATLAS_SIG_B_TOP100,ccsbBroad304_00856,CXCR2,trt_oe,-5.2777777
ATLAS_SIG_B_TOP100,ccsbBroad304_00424,DBI,trt_oe,-76.59643
ATLAS_SIG_B_TOP100,ccsbBroad304_07906,DDAH2,trt_oe,-32.554195
ATLAS_SIG_B_TOP100,ccsbBroad304_13850,EIF4A2,trt_oe,-77.795456
ATLAS_SIG_B_TOP100,ccsbBroad304_00499,ELK3,trt_oe,74.49389
ATLAS_SIG_B_TOP100,ccsbBroad304_00524,EXT2,trt_oe,37.41225
ATLAS_SIG_B_TOP100,ccsbBroad304_00533,FABP4,trt_oe,8.753713
ATLAS_SIG_B_TOP100,ccsbBroad304_00606,GABPB1,trt_oe,0.0
ATLAS_SIG_B_TOP100,ccsbBroad304_08602,HDAC8,trt_oe,21.79194
ATLAS_SIG_B_TOP100,ccsbBroad304_06365,HIF1A,trt_oe,28.996544
ATLAS_SIG_B_TOP100,ccsbBroad304_00746,HLA-DRB5,trt_oe,-54.469112
ATLAS_SIG_B_TOP100,ccsbBroad304_04072,HMGN5,trt_oe,72.40044
ATLAS_SIG_B_TOP100,ccsbBroad304_00799,HSP90AB1,trt_oe,20.605726
ATLAS_SIG_B_TOP100,ccsbBroad304_00837,IGFBP4,trt_oe,47.309475
ATLAS_SIG_B_TOP100,ccsbBroad304_03148,IL21R,trt_oe,-85.78704
ATLAS_SIG_B_TOP100,ccsbBroad304_00865,ILF2,trt_oe,0.0
ATLAS_SIG_B_TOP100,ccsbBroad304_00866,IMPA1,trt_oe,0.0
ATLAS_SIG_B_TOP100,ccsbBroad304_00876,INSIG1,trt_oe,11.470556
ATLAS_SIG_B_TOP100,ccsbBroad304_00881,IRF5,trt_oe,33.587082
ATLAS_SIG_B_TOP100,ccsbBroad304_13891,LCK,trt_oe,-38.129017
ATLAS_SIG_B_TOP100,ccsbBroad304_00969,MAGEA10,trt_oe,-15.607537
ATLAS_SIG_B_TOP100,ccsbBroad304_00980,MBNL1,trt_oe,-6.0845413
ATLAS_SIG_B_TOP100,ccsbBroad304_01035,MSH5,trt_oe,-2.3148148
ATLAS_SIG_B_TOP100,ccsbBroad304_01074,NDUFS3,trt_oe,-4.7769165
ATLAS_SIG_B_TOP100,ccsbBroad304_02716,NMNAT2,trt_oe,-9.063852
ATLAS_SIG_B_TOP100,ccsbBroad304_03739,NRIP3,trt_oe,-24.911997
ATLAS_SIG_B_TOP100,ccsbBroad304_04788,OVCA2,trt_oe,67.42223
ATLAS_SIG_B_TOP100,ccsbBroad304_06680,P2RX4,trt_oe,59.468216
ATLAS_SIG_B_TOP100,ccsbBroad304_01152,PCNA,trt_oe,-90.67552
ATLAS_SIG_B_TOP100,ccsbBroad304_01263,PPP2R1A,trt_oe,4.5833335
ATLAS_SIG_B_TOP100,ccsbBroad304_01280,PRKAR1A,trt_oe,24.740236
ATLAS_SIG_B_TOP100,ccsbBroad304_09020,RUFY1,trt_oe,-63.157787
ATLAS_SIG_B_TOP100,ccsbBroad304_06549,SMAD3,trt_oe,71.53843
ATLAS_SIG_B_TOP100,ccsbBroad304_03103,SNX11,trt_oe,5.601852
ATLAS_SIG_B_TOP100,ccsbBroad304_02357,SSX3,trt_oe,-8.244977
ATLAS_SIG_B_TOP100,ccsbBroad304_07008,STAT5A,trt_oe,-18.077675
ATLAS_SIG_B_TOP100,ccsbBroad304_02378,STUB1,trt_oe,8.705905
ATLAS_SIG_B_TOP100,ccsbBroad304_07024,SYK,trt_oe,-29.554482
ATLAS_SIG_B_TOP100,ccsbBroad304_01641,TAF13,trt_oe,0.0
ATLAS_SIG_B_TOP100,ccsbBroad304_01661,TFCP2,trt_oe,-67.246735
ATLAS_SIG_B_TOP100,ccsbBroad304_02405,TFG,trt_oe,45.511097
ATLAS_SIG_B_TOP100,ccsbBroad304_02399,TNIP1,trt_oe,-45.22045
ATLAS_SIG_B_TOP100,ccsbBroad304_03767,TOMM22,trt_oe,13.788048
ATLAS_SIG_B_TOP100,ccsbBroad304_07094,TPMT,trt_oe,-12.536427
ATLAS_SIG_B_TOP100,ccsbBroad304_02229,TRAM2,trt_oe,-22.034256
ATLAS_SIG_B_TOP100,ccsbBroad304_01923,UXT,trt_oe,0.0
ATLAS_SIG_B_TOP100,ccsbBroad304_02110,VAPB,trt_oe,-31.505291
ATLAS_SIG_B_TOP100,ccsbBroad304_01764,VDAC1,trt_oe,88.205345
ATLAS_SIG_B_TOP100,ccsbBroad304_03232,VPS28,trt_oe,85.6357
ATLAS_SIG_B_TOP100,ccsbBroad304_04541,ZNF502,trt_oe,27.176315
ATLAS_SIG_B_TOP100,ccsbBroad304_08925,ZNF576,trt_oe,-15.37268
ATLAS_SIG_B_TOP100,ccsbBroad304_10024,ZNF680,trt_oe,-26.66916
ATLAS_SIG_B_TOP100,ccsbBroad304_02030,CFLAR,trt_oe,-16.297415
ATLAS_SIG_B_TOP100,ccsbBroad304_04565,COG7,trt_oe,70.03696
ATLAS_SIG_B_TOP100,ccsbBroad304_06191,FABP6,trt_oe,3.8646913
ATLAS_SIG_B_TOP100,ccsbBroad304_01855,NCOA4,trt_oe,33.10858
ATLAS_SIG_B_TOP100,ccsbBroad304_07780,POLG2,trt_oe,1.5587645
ATLAS_SIG_B_TOP100,ccsbBroad304_06754,PPARD,trt_oe,23.12795
ATLAS_SIG_B_TOP100,ccsbBroad304_11910,RBM15B,trt_oe,11.882498
ATLAS_SIG_B_TOP100,ccsbBroad304_01421,RPL11,trt_oe,-7.055703
ATLAS_SIG_B_TOP100,ccsbBroad304_03235,TUBD1,trt_oe,27.079
ATLAS_SIG_B_TOP100,ccsbBroad304_07117,UGCG,trt_oe,92.361115
ATLAS_SIG_B_TOP100,ccsbBroad304_02080,USP14,trt_oe,0.0
ATLAS_SIG_B_TOP100,ccsbBroad304_01768,VEGFA,trt_oe,-4.6561427
ATLAS_SIG_B_TOP100,ccsbBroad304_09689,ZNF595,trt_oe,2.9629629
ATLAS_SIG_B_TOP100,ccsbBroad304_03580,ABCF3,trt_oe,-52.68671
ATLAS_SIG_B_TOP100,ccsbBroad304_05802,ALDH1B1,trt_oe,54.663734
ATLAS_SIG_B_TOP100,ccsbBroad304_00162,BIK,trt_oe,-1.527768
ATLAS_SIG_B_TOP100,ccsbBroad304_05963,CD44,trt_oe,2.175926
ATLAS_SIG_B_TOP100,ccsbBroad304_04240,CLPB,trt_oe,-2.2222223
ATLAS_SIG_B_TOP100,ccsbBroad304_02499,CTCF,trt_oe,40.267128
ATLAS_SIG_B_TOP100,ccsbBroad304_06140,EEF1D,trt_oe,-0.6944444
ATLAS_SIG_B_TOP100,ccsbBroad304_06172,EPS8,trt_oe,-43.43551
ATLAS_SIG_B_TOP100,ccsbBroad304_00745,HLA-DRB4,trt_oe,51.192024
ATLAS_SIG_B_TOP100,ccsbBroad304_00811,ICAM1,trt_oe,-70.67176
ATLAS_SIG_B_TOP100,ccsbBroad304_13903,MTAP,trt_oe,0.0
ATLAS_SIG_B_TOP100,ccsbBroad304_01087,NF2,trt_oe,-64.447945
ATLAS_SIG_B_TOP100,ccsbBroad304_01090,NFE2L2,trt_oe,12.307339
ATLAS_SIG_B_TOP100,ccsbBroad304_10491,PFKL,trt_oe,49.82145
ATLAS_SIG_B_TOP100,ccsbBroad304_01326,PSME1,trt_oe,66.80479
ATLAS_SIG_B_TOP100,ccsbBroad304_02853,QPCT,trt_oe,0.0
ATLAS_SIG_B_TOP100,ccsbBroad304_01408,RNF5,trt_oe,-4.953704
ATLAS_SIG_B_TOP100,ccsbBroad304_10116,SHC4,trt_oe,-58.61036
ATLAS_SIG_B_TOP100,ccsbBroad304_01538,SKP2,trt_oe,0.0
ATLAS_SIG_B_TOP100,ccsbBroad304_07564,SLC25A15,trt_oe,11.080317
ATLAS_SIG_B_TOP100,ccsbBroad304_04726,TAGAP,trt_oe,3.6209383
ATLAS_SIG_B_TOP100,ccsbBroad304_01735,UBE2D1,trt_oe,0.0
ATLAS_SIG_B_TOP100,ccsbBroad304_01812,ZNF175,trt_oe,-60.94783
ATLAS_SIG_B_TOP100,ccsbBroad304_00130,ATP5F1,trt_oe,0.0
ATLAS_SIG_B_TOP100,ccsbBroad304_03179,BOLA1,trt_oe,13.854624
ATLAS_SIG_B_TOP100,ccsbBroad304_14066,CHEK2,trt_oe,-15.227684
ATLAS_SIG_B_TOP100,ccsbBroad304_01835,CXCR4,trt_oe,-0.787037
ATLAS_SIG_B_TOP100,ccsbBroad304_03239,DCXR,trt_oe,0.0
ATLAS_SIG_B_TOP100,ccsbBroad304_04053,DERL1,trt_oe,2.580338
ATLAS_SIG_B_TOP100,ccsbBroad304_01976,EIF4EBP3,trt_oe,55.3881
ATLAS_SIG_B_TOP100,ccsbBroad304_00525,EZH1,trt_oe,-10.601851
ATLAS_SIG_B_TOP100,ccsbBroad304_00710,GUSB,trt_oe,-89.903694
ATLAS_SIG_B_TOP100,ccsbBroad304_07651,HEXIM1,trt_oe,0.0
ATLAS_SIG_B_TOP100,ccsbBroad304_04534,HN1L,trt_oe,78.33157
ATLAS_SIG_B_TOP100,ccsbBroad304_02370,HRSP12,trt_oe,58.074757
ATLAS_SIG_B_TOP100,ccsbBroad304_02221,HS2ST1,trt_oe,-34.62083
ATLAS_SIG_B_TOP100,ccsbBroad304_03032,HTATSF1,trt_oe,-9.49666
ATLAS_SIG_B_TOP100,ccsbBroad304_07760,KAT7,trt_oe,0.0
ATLAS_SIG_B_TOP100,ccsbBroad304_02592,KIF2C,trt_oe,0.0
ATLAS_SIG_B_TOP100,ccsbBroad304_06525,LIPA,trt_oe,8.935185
ATLAS_SIG_B_TOP100,ccsbBroad304_04398,MRPL43,trt_oe,0.0
ATLAS_SIG_B_TOP100,ccsbBroad304_03197,NDUFA13,trt_oe,91.3839
ATLAS_SIG_B_TOP100,ccsbBroad304_01142,PAFAH1B2,trt_oe,59.736214
ATLAS_SIG_B_TOP100,ccsbBroad304_11024,PDGFRA,trt_oe,6.0847197
ATLAS_SIG_B_TOP100,ccsbBroad304_10232,PDIA5,trt_oe,-26.476467
ATLAS_SIG_B_TOP100,ccsbBroad304_07598,PEMT,trt_oe,-40.771782
ATLAS_SIG_B_TOP100,ccsbBroad304_01351,PEX19,trt_oe,86.11039
ATLAS_SIG_B_TOP100,ccsbBroad304_01211,PKM2,trt_oe,0.0
ATLAS_SIG_B_TOP100,ccsbBroad304_06755,PPAT,trt_oe,-22.046661
ATLAS_SIG_B_TOP100,ccsbBroad304_02440,PPIE,trt_oe,-85.03115
ATLAS_SIG_B_TOP100,ccsbBroad304_01282,PRKCB,trt_oe,-4.7685184
ATLAS_SIG_B_TOP100,ccsbBroad304_02087,PRPF4,trt_oe,8.305232
ATLAS_SIG_B_TOP100,ccsbBroad304_13933,PSME2,trt_oe,7.453704
ATLAS_SIG_B_TOP100,ccsbBroad304_01333,PTGFR,trt_oe,-75.81852
ATLAS_SIG_B_TOP100,ccsbBroad304_01360,RAB4A,trt_oe,-17.54234
ATLAS_SIG_B_TOP100,ccsbBroad304_03309,RNF138,trt_oe,-1.3888888
ATLAS_SIG_B_TOP100,ccsbBroad304_01445,RPS3,trt_oe,-22.063786
ATLAS_SIG_B_TOP100,ccsbBroad304_01469,RSU1,trt_oe,21.08459
ATLAS_SIG_B_TOP100,ccsbBroad304_00068,SLC25A6,trt_oe,3.4859436
ATLAS_SIG_B_TOP100,ccsbBroad304_01523,SRSF4,trt_oe,0.0
ATLAS_SIG_B_TOP100,ccsbBroad304_01618,STXBP1,trt_oe,0.0
ATLAS_SIG_B_TOP100,ccsbBroad304_02396,TCIRG1,trt_oe,0.0
ATLAS_SIG_B_TOP100,ccsbBroad304_07050,TFAP2A,trt_oe,32.91773
ATLAS_SIG_B_TOP100,ccsbBroad304_01675,TK1,trt_oe,-3.3333333
ATLAS_SIG_B_TOP100,ccsbBroad304_02138,TRIP10,trt_oe,43.066055
ATLAS_SIG_B_TOP100,ccsbBroad304_07102,TSG101,trt_oe,1.712963
ATLAS_SIG_B_TOP100,ccsbBroad304_07078,TSPAN6,trt_oe,-51.288704
ATLAS_SIG_B_TOP100,ccsbBroad304_01724,TTR,trt_oe,-35.547787
ATLAS_SIG_B_TOP100,ccsbBroad304_07118,UGDH,trt_oe,-2.6028948
ATLAS_SIG_B_TOP100,ccsbBroad304_07119,UGP2,trt_oe,-52.48013
ATLAS_SIG_B_TOP100,ccsbBroad304_01852,ZNF212,trt_oe,6.265073
ATLAS_SIG_B_TOP100,ccsbBroad304_04522,ZNF625,trt_oe,0.0
ATLAS_SIG_B_TOP100,ccsbBroad304_07412,ZRANB2,trt_oe,26.578037
ATLAS_SIG_B_TOP100,ccsbBroad304_05899,BMP4,trt_oe,0.0
ATLAS_SIG_B_TOP100,ccsbBroad304_00278,CDK5,trt_oe,-15.925926
ATLAS_SIG_B_TOP100,ccsbBroad304_00359,CPT1A,trt_oe,0.0
ATLAS_SIG_B_TOP100,ccsbBroad304_00689,GRB7,trt_oe,84.76317
ATLAS_SIG_B_TOP100,ccsbBroad304_06539,LSS,trt_oe,64.16967
ATLAS_SIG_B_TOP100,ccsbBroad304_02220,MTFR1,trt_oe,-55.581757
ATLAS_SIG_B_TOP100,ccsbBroad304_03817,NMRAL1,trt_oe,-46.555874
ATLAS_SIG_B_TOP100,ccsbBroad304_00693,NR3C1,trt_oe,24.21067
ATLAS_SIG_B_TOP100,ccsbBroad304_01143,PAFAH1B3,trt_oe,3.3590922
ATLAS_SIG_B_TOP100,ccsbBroad304_02560,RNPS1,trt_oe,-7.453704
ATLAS_SIG_B_TOP100,ccsbBroad304_01483,SAT1,trt_oe,8.727169
ATLAS_SIG_B_TOP100,ccsbBroad304_02384,SMNDC1,trt_oe,54.086338
ATLAS_SIG_B_TOP100,ccsbBroad304_01584,SPARC,trt_oe,14.91252
ATLAS_SIG_B_TOP100,ccsbBroad304_04891,TMEM174,trt_oe,-38.499504
ATLAS_SIG_B_TOP100,ccsbBroad304_07616,ZNF238,trt_oe,0.0
ATLAS_SIG_B_TOP100,ccsbBroad304_08786,ZNF350,trt_oe,-12.962963
ATLAS_SIG_B_TOP100,ccsbBroad304_00214,CAPN1,trt_oe,27.36879
ATLAS_SIG_B_TOP100,ccsbBroad304_05937,CASP7,trt_oe,-29.439018
ATLAS_SIG_B_TOP100,ccsbBroad304_00514,ERF,trt_oe,28.16019
ATLAS_SIG_B_TOP100,ccsbBroad304_05817,ANPEP,trt_oe,-14.83725
ATLAS_SIG_B_TOP100,ccsbBroad304_06055,CSNK1A1,trt_oe,-7.889741
ATLAS_SIG_B_TOP100,ccsbBroad304_00381,CSNK2A1,trt_oe,0.0
ATLAS_SIG_B_TOP100,ccsbBroad304_03859,ENOPH1,trt_oe,-1.0648148
ATLAS_SIG_B_TOP100,ccsbBroad304_00088,FASLG,trt_oe,-1.2962962
ATLAS_SIG_B_TOP100,ccsbBroad304_06238,GABBR1,trt_oe,-17.699867
ATLAS_SIG_B_TOP100,ccsbBroad304_05527,GPR141,trt_oe,-54.69584
ATLAS_SIG_B_TOP100,ccsbBroad304_00899,KCNK2,trt_oe,2.9629629
ATLAS_SIG_B_TOP100,ccsbBroad304_01008,KITLG,trt_oe,-18.002672
ATLAS_SIG_B_TOP100,ccsbBroad304_04406,PLA2G12B,trt_oe,0.0
ATLAS_SIG_B_TOP100,ccsbBroad304_06774,PRKCQ,trt_oe,-46.67801
ATLAS_SIG_B_TOP100,ccsbBroad304_07097,TRAF1,trt_oe,-79.60835
ATLAS_SIG_B_TOP100,ccsbBroad304_07129,VIPR1,trt_oe,0.5092593
ATLAS_SIG_B_TOP100,ccsbBroad304_02579,YWHAQ,trt_oe,-36.215702
ATLAS_SIG_B_TOP100,ccsbBroad304_04567,ZNF300,trt_oe,3.166991
ATLAS_SIG_B_TOP100,ccsbBroad304_01797,ZNF32,trt_oe,3.148148
ATLAS_SIG_B_TOP100,ccsbBroad304_08531,ZNF331,trt_oe,-22.502592
ATLAS_SIG_B_TOP100,ccsbBroad304_05757,ACADS,trt_oe,0.0
ATLAS_SIG_B_TOP100,ccsbBroad304_00017,ACTN2,trt_oe,19.994617
ATLAS_SIG_B_TOP100,ccsbBroad304_05773,ADCY9,trt_oe,0.0
ATLAS_SIG_B_TOP100,ccsbBroad304_00038,AGL,trt_oe,-45.0773
ATLAS_SIG_B_TOP100,ccsbBroad304_07363,AIFM1,trt_oe,48.490505
ATLAS_SIG_B_TOP100,ccsbBroad304_05560,AMIGO3,trt_oe,1.8801734
ATLAS_SIG_B_TOP100,ccsbBroad304_07217,AXIN2,trt_oe,2.6851852
ATLAS_SIG_B_TOP100,ccsbBroad304_05882,BCL6,trt_oe,53.576473
ATLAS_SIG_B_TOP100,ccsbBroad304_10487,BPHL,trt_oe,86.82209
ATLAS_SIG_B_TOP100,ccsbBroad304_00174,BRAF,trt_oe,6.712963
ATLAS_SIG_B_TOP100,ccsbBroad304_07183,BRPF1,trt_oe,-2.8703704
ATLAS_SIG_B_TOP100,ccsbBroad304_00180,BTK,trt_oe,-0.1388889
ATLAS_SIG_B_TOP100,ccsbBroad304_09592,CTCFL,trt_oe,-0.9259259
ATLAS_SIG_B_TOP100,ccsbBroad304_00390,CTGF,trt_oe,-89.832466
ATLAS_SIG_B_TOP100,ccsbBroad304_06095,DFFB,trt_oe,-62.881165
ATLAS_SIG_B_TOP100,ccsbBroad304_03155,DHH,trt_oe,14.435426
ATLAS_SIG_B_TOP100,ccsbBroad304_00454,DNMT3A,trt_oe,72.004486
ATLAS_SIG_B_TOP100,ccsbBroad304_13848,EGFR,trt_oe,-21.928108
ATLAS_SIG_B_TOP100,ccsbBroad304_03604,ENOSF1,trt_oe,-0.6481481
ATLAS_SIG_B_TOP100,ccsbBroad304_06168,EPHA3,trt_oe,0.0
ATLAS_SIG_B_TOP100,ccsbBroad304_07798,EXOC3,trt_oe,2.824074
ATLAS_SIG_B_TOP100,ccsbBroad304_00554,FGB,trt_oe,-1.8055556
ATLAS_SIG_B_TOP100,ccsbBroad304_06211,FGFR2,trt_oe,-2.8703704
ATLAS_SIG_B_TOP100,ccsbBroad304_00597,FUT1,trt_oe,51.745453
ATLAS_SIG_B_TOP100,ccsbBroad304_01054,GADD45B,trt_oe,84.41149
ATLAS_SIG_B_TOP100,ccsbBroad304_00617,GBA,trt_oe,-12.828159
ATLAS_SIG_B_TOP100,ccsbBroad304_08014,GBGT1,trt_oe,4.351852
ATLAS_SIG_B_TOP100,ccsbBroad304_06304,GPC1,trt_oe,34.77205
ATLAS_SIG_B_TOP100,ccsbBroad304_03847,GPR107,trt_oe,0.0
ATLAS_SIG_B_TOP100,ccsbBroad304_06317,GPR26,trt_oe,-2.0489495
ATLAS_SIG_B_TOP100,ccsbBroad304_00670,GPR4,trt_oe,30.329283
ATLAS_SIG_B_TOP100,ccsbBroad304_03072,GTPBP8,trt_oe,0.9083656
ATLAS_SIG_B_TOP100,ccsbBroad304_06394,HOXC9,trt_oe,78.855736
ATLAS_SIG_B_TOP100,ccsbBroad304_00840,IGFBP7,trt_oe,9.402817
ATLAS_SIG_B_TOP100,ccsbBroad304_06433,IGHMBP2,trt_oe,25.387463
ATLAS_SIG_B_TOP100,ccsbBroad304_00841,IKBKB,trt_oe,-22.509584
ATLAS_SIG_B_TOP100,ccsbBroad304_00846,IL2,trt_oe,2.5925925
ATLAS_SIG_B_TOP100,ccsbBroad304_00849,IL4,trt_oe,-16.458485
ATLAS_SIG_B_TOP100,ccsbBroad304_06451,IMPDH1,trt_oe,4.1181684
ATLAS_SIG_B_TOP100,ccsbBroad304_06481,KCNJ11,trt_oe,-63.97895
ATLAS_SIG_B_TOP100,ccsbBroad304_03788,LPAR5,trt_oe,0.0
ATLAS_SIG_B_TOP100,ccsbBroad304_04379,LZIC,trt_oe,79.55511
ATLAS_SIG_B_TOP100,ccsbBroad304_01038,MSRA,trt_oe,56.078835
ATLAS_SIG_B_TOP100,ccsbBroad304_02496,MTX2,trt_oe,-0.6944444
ATLAS_SIG_B_TOP100,ccsbBroad304_01052,MYB,trt_oe,0.0
ATLAS_SIG_B_TOP100,ccsbBroad304_10994,NEK2,trt_oe,54.84726
ATLAS_SIG_B_TOP100,ccsbBroad304_06637,NFKB1,trt_oe,-54.44321
ATLAS_SIG_B_TOP100,ccsbBroad304_01102,NMT1,trt_oe,64.79115
ATLAS_SIG_B_TOP100,ccsbBroad304_08045,NOX1,trt_oe,-47.786736
ATLAS_SIG_B_TOP100,ccsbBroad304_05133,OXER1,trt_oe,5.1515827
ATLAS_SIG_B_TOP100,ccsbBroad304_01141,PAFAH1B1,trt_oe,79.398895
ATLAS_SIG_B_TOP100,ccsbBroad304_02605,PAPD7,trt_oe,49.563934
ATLAS_SIG_B_TOP100,ccsbBroad304_01184,PGK1,trt_oe,15.569107
ATLAS_SIG_B_TOP100,ccsbBroad304_01204,PIK3CD,trt_oe,-79.33069
ATLAS_SIG_B_TOP100,ccsbBroad304_07859,PLCB1,trt_oe,0.0
ATLAS_SIG_B_TOP100,ccsbBroad304_01222,PLP2,trt_oe,6.388889
ATLAS_SIG_B_TOP100,ccsbBroad304_08480,PNPO,trt_oe,59.65526
ATLAS_SIG_B_TOP100,ccsbBroad304_01234,POLB,trt_oe,16.165592
ATLAS_SIG_B_TOP100,ccsbBroad304_06760,PPP2R3A,trt_oe,0.0
ATLAS_SIG_B_TOP100,ccsbBroad304_13929,PRKACA,trt_oe,-25.830477
ATLAS_SIG_B_TOP100,ccsbBroad304_07328,PRPF4B,trt_oe,49.499702
ATLAS_SIG_B_TOP100,ccsbBroad304_02845,PRPF6,trt_oe,-25.416666
ATLAS_SIG_B_TOP100,ccsbBroad304_01327,PSPH,trt_oe,68.26472
ATLAS_SIG_B_TOP100,ccsbBroad304_06814,PTPN12,trt_oe,4.215854
ATLAS_SIG_B_TOP100,ccsbBroad304_09954,PTRF,trt_oe,10.592933
ATLAS_SIG_B_TOP100,ccsbBroad304_01936,RAE1,trt_oe,0.0
ATLAS_SIG_B_TOP100,ccsbBroad304_09420,RASGRP4,trt_oe,1.1574074
ATLAS_SIG_B_TOP100,ccsbBroad304_09425,RNF166,trt_oe,27.31433
ATLAS_SIG_B_TOP100,ccsbBroad304_08709,SCYL3,trt_oe,-37.396053
ATLAS_SIG_B_TOP100,ccsbBroad304_06928,SDHB,trt_oe,-1.0648148
ATLAS_SIG_B_TOP100,ccsbBroad304_01536,SIM2,trt_oe,-2.9493554
ATLAS_SIG_B_TOP100,ccsbBroad304_02659,SLC6A14,trt_oe,4.4718895
ATLAS_SIG_B_TOP100,ccsbBroad304_03961,SMURF2,trt_oe,39.30503
ATLAS_SIG_B_TOP100,ccsbBroad304_07820,SNW1,trt_oe,8.518518
ATLAS_SIG_B_TOP100,ccsbBroad304_05192,SPRED2,trt_oe,-1.712963
ATLAS_SIG_B_TOP100,ccsbBroad304_01593,SRP14,trt_oe,80.191
ATLAS_SIG_B_TOP100,ccsbBroad304_02784,SUZ12,trt_oe,64.96003
ATLAS_SIG_B_TOP100,ccsbBroad304_07064,TH,trt_oe,1.6203704
ATLAS_SIG_B_TOP100,ccsbBroad304_00256,TNFSF8,trt_oe,58.554092
ATLAS_SIG_B_TOP100,ccsbBroad304_01732,UBA52,trt_oe,0.0
ATLAS_SIG_B_TOP100,ccsbBroad304_06309,UTS2R,trt_oe,3.6111112
ATLAS_SIG_B_TOP100,ccsbBroad304_07131,VRK1,trt_oe,18.177982
ATLAS_SIG_B_TOP100,ccsbBroad304_03479,YTHDF1,trt_oe,38.140507
ATLAS_SIG_B_TOP100,ccsbBroad304_12885,ZFYVE19,trt_oe,68.48858
ATLAS_SIG_B_TOP100,ccsbBroad304_07678,ZNF266,trt_oe,-83.368484
ATLAS_SIG_B_TOP100,ccsbBroad304_08971,ZNF669,trt_oe,-5.6944447
ATLAS_SIG_B_TOP100,ccsbBroad304_03950,ATG3,trt_oe,-0.8333333
ATLAS_SIG_B_TOP100,ccsbBroad304_00183,C1S,trt_oe,-45.26757
ATLAS_SIG_B_TOP100,ccsbBroad304_08879,CASD1,trt_oe,75.966225
ATLAS_SIG_B_TOP100,ccsbBroad304_00238,CCNE1,trt_oe,49.652534
ATLAS_SIG_B_TOP100,ccsbBroad304_10489,CSF3,trt_oe,-57.143906
ATLAS_SIG_B_TOP100,ccsbBroad304_06058,CSNK2B,trt_oe,0.0
ATLAS_SIG_B_TOP100,ccsbBroad304_09177,EFCAB2,trt_oe,-2.5462964
ATLAS_SIG_B_TOP100,ccsbBroad304_00551,FECH,trt_oe,86.94885
ATLAS_SIG_B_TOP100,ccsbBroad304_00564,FGR,trt_oe,39.53797
ATLAS_SIG_B_TOP100,ccsbBroad304_06683,FURIN,trt_oe,0.0
ATLAS_SIG_B_TOP100,ccsbBroad304_10846,GGT1,trt_oe,0.0
ATLAS_SIG_B_TOP100,ccsbBroad304_02981,GPR160,trt_oe,-4.0740743
ATLAS_SIG_B_TOP100,ccsbBroad304_00707,GTF2E2,trt_oe,-1.6666666
ATLAS_SIG_B_TOP100,ccsbBroad304_03005,HCAR1,trt_oe,34.48175
ATLAS_SIG_B_TOP100,ccsbBroad304_06401,HRH1,trt_oe,-42.20327
ATLAS_SIG_B_TOP100,ccsbBroad304_06420,ICAM3,trt_oe,-3.5648148
ATLAS_SIG_B_TOP100,ccsbBroad304_00851,IL6R,trt_oe,32.707424
ATLAS_SIG_B_TOP100,ccsbBroad304_06453,ING2,trt_oe,0.0
ATLAS_SIG_B_TOP100,ccsbBroad304_10929,JAK2,trt_oe,-43.689796
ATLAS_SIG_B_TOP100,ccsbBroad304_07727,LIAS,trt_oe,-52.455658
ATLAS_SIG_B_TOP100,ccsbBroad304_07381,MAPKAPK2,trt_oe,16.69765
ATLAS_SIG_B_TOP100,ccsbBroad304_01065,NDUFA3,trt_oe,-8.657408
ATLAS_SIG_B_TOP100,ccsbBroad304_05309,OR52B2,trt_oe,14.303436
ATLAS_SIG_B_TOP100,ccsbBroad304_01216,PLD1,trt_oe,-1.5230547
ATLAS_SIG_B_TOP100,ccsbBroad304_06739,PLOD1,trt_oe,-20.872494
ATLAS_SIG_B_TOP100,ccsbBroad304_01332,PTGER4,trt_oe,4.0740743
ATLAS_SIG_B_TOP100,ccsbBroad304_04261,RAB1B,trt_oe,4.834442
ATLAS_SIG_B_TOP100,ccsbBroad304_01425,RPL22,trt_oe,-54.9647
ATLAS_SIG_B_TOP100,ccsbBroad304_07322,SGPL1,trt_oe,8.333333
ATLAS_SIG_B_TOP100,ccsbBroad304_08805,SLC22A23,trt_oe,-15.983923
ATLAS_SIG_B_TOP100,ccsbBroad304_00964,SMAD7,trt_oe,-99.49074
ATLAS_SIG_B_TOP100,ccsbBroad304_08424,SNRK,trt_oe,1.8981482
ATLAS_SIG_B_TOP100,ccsbBroad304_07017,SUOX,trt_oe,-12.840654
ATLAS_SIG_B_TOP100,ccsbBroad304_07531,TANK,trt_oe,47.179474
ATLAS_SIG_B_TOP100,ccsbBroad304_03264,UBAP1,trt_oe,2.5
ATLAS_SIG_B_TOP100,ccsbBroad304_08394,UGT1A6,trt_oe,-65.4084
ATLAS_SIG_B_TOP100,ccsbBroad304_07135,WNT10B,trt_oe,45.709553
ATLAS_SIG_B_TOP100,ccsbBroad304_03623,ZNF692,trt_oe,56.894325
ATLAS_SIG_B_TOP100,ccsbBroad304_05390,DUSP28,trt_oe,-2.175926
ATLAS_SIG_B_TOP100,ccsbBroad304_00784,HRAS,trt_oe,69.75998
ATLAS_SIG_B_TOP100,ccsbBroad304_14047,TACC3,trt_oe,-40.432163
ATLAS_SIG_B_TOP100,ccsbBroad304_02140,ZNHIT3,trt_oe,44.35928
ATLAS_SIG_B_TOP100,ccsbBroad304_00269,CD97,trt_oe,-5.462963
ATLAS_SIG_B_TOP100,ccsbBroad304_00772,HOXA6,trt_oe,84.99064
ATLAS_SIG_B_TOP100,ccsbBroad304_02432,IFI30,trt_oe,-1.9907408
ATLAS_SIG_B_TOP100,ccsbBroad304_06663,OAS1,trt_oe,60.05033
ATLAS_SIG_B_TOP100,ccsbBroad304_06671,OPA1,trt_oe,5.0535593
ATLAS_SIG_B_TOP100,ccsbBroad304_06679,OXTR,trt_oe,5.8796296
ATLAS_SIG_B_TOP100,ccsbBroad304_01658,PRDX2,trt_oe,75.76004
ATLAS_SIG_B_TOP100,ccsbBroad304_01388,RELB,trt_oe,51.39222
ATLAS_SIG_B_TOP100,ccsbBroad304_02002,RNMT,trt_oe,-32.068275
ATLAS_SIG_B_TOP100,ccsbBroad304_02487,TXNIP,trt_oe,6.0185184
ATLAS_SIG_B_TOP100,ccsbBroad304_05749,A2M,trt_oe,1.0648148
ATLAS_SIG_B_TOP100,ccsbBroad304_01998,ABCC3,trt_oe,1.6203704
ATLAS_SIG_B_TOP100,ccsbBroad304_09758,APOBEC3H,trt_oe,19.175852
ATLAS_SIG_B_TOP100,ccsbBroad304_02311,ARPC3,trt_oe,-81.65839
ATLAS_SIG_B_TOP100,ccsbBroad304_02045,BUD31,trt_oe,11.133428
ATLAS_SIG_B_TOP100,ccsbBroad304_08461,CDCA4,trt_oe,0.0
ATLAS_SIG_B_TOP100,ccsbBroad304_06048,CRYZ,trt_oe,-34.19802
ATLAS_SIG_B_TOP100,ccsbBroad304_06057,CSNK1G3,trt_oe,-76.13385
ATLAS_SIG_B_TOP100,ccsbBroad304_02759,DICER1,trt_oe,-37.949837
ATLAS_SIG_B_TOP100,ccsbBroad304_00464,DTNA,trt_oe,-3.425926
ATLAS_SIG_B_TOP100,ccsbBroad304_00488,EGR3,trt_oe,17.85059
ATLAS_SIG_B_TOP100,ccsbBroad304_01292,EIF2AK2,trt_oe,-36.302002
ATLAS_SIG_B_TOP100,ccsbBroad304_05420,EIF4E3,trt_oe,71.98883
ATLAS_SIG_B_TOP100,ccsbBroad304_04194,ELL3,trt_oe,15.682488
ATLAS_SIG_B_TOP100,ccsbBroad304_04038,ELOVL6,trt_oe,41.981583
ATLAS_SIG_B_TOP100,ccsbBroad304_00512,EPO,trt_oe,-9.62963
ATLAS_SIG_B_TOP100,ccsbBroad304_00519,ETFB,trt_oe,83.924614
ATLAS_SIG_B_TOP100,ccsbBroad304_00549,FDX1,trt_oe,3.6111112
ATLAS_SIG_B_TOP100,ccsbBroad304_03659,FOXJ2,trt_oe,-1.2037038
ATLAS_SIG_B_TOP100,ccsbBroad304_02843,FTSJ1,trt_oe,7.822024
ATLAS_SIG_B_TOP100,ccsbBroad304_00614,GAMT,trt_oe,1.4814814
ATLAS_SIG_B_TOP100,ccsbBroad304_06282,GLDC,trt_oe,22.221598
ATLAS_SIG_B_TOP100,ccsbBroad304_00651,GNAI3,trt_oe,66.655174
ATLAS_SIG_B_TOP100,ccsbBroad304_10047,GPR148,trt_oe,9.87951
ATLAS_SIG_B_TOP100,ccsbBroad304_06329,GRPR,trt_oe,-80.31882
ATLAS_SIG_B_TOP100,ccsbBroad304_02218,IKBKE,trt_oe,18.45233
ATLAS_SIG_B_TOP100,ccsbBroad304_00859,IL12A,trt_oe,90.07205
ATLAS_SIG_B_TOP100,ccsbBroad304_03147,IL20,trt_oe,-1.6666666
ATLAS_SIG_B_TOP100,ccsbBroad304_06521,LGALS3,trt_oe,-23.330044
ATLAS_SIG_B_TOP100,ccsbBroad304_03761,LHX9,trt_oe,1.8518518
ATLAS_SIG_B_TOP100,ccsbBroad304_06523,LIG1,trt_oe,76.00014
ATLAS_SIG_B_TOP100,ccsbBroad304_00949,LRPAP1,trt_oe,-2.1161168
ATLAS_SIG_B_TOP100,ccsbBroad304_05098,MAGEB6,trt_oe,6.388889
ATLAS_SIG_B_TOP100,ccsbBroad304_08878,METTL4,trt_oe,45.82969
ATLAS_SIG_B_TOP100,ccsbBroad304_01010,MGST2,trt_oe,-4.490741
ATLAS_SIG_B_TOP100,ccsbBroad304_13939,MOK,trt_oe,39.950836
ATLAS_SIG_B_TOP100,ccsbBroad304_06621,NDUFA8,trt_oe,26.763983
ATLAS_SIG_B_TOP100,ccsbBroad304_06623,NDUFAB1,trt_oe,-1.25
ATLAS_SIG_B_TOP100,ccsbBroad304_01114,NUP88,trt_oe,-73.7676
ATLAS_SIG_B_TOP100,ccsbBroad304_05439,O3FAR1,trt_oe,84.420685
ATLAS_SIG_B_TOP100,ccsbBroad304_01203,PIM1,trt_oe,-15.21697
ATLAS_SIG_B_TOP100,ccsbBroad304_06748,POLE2,trt_oe,-1.0185186
ATLAS_SIG_B_TOP100,ccsbBroad304_02306,PQBP1,trt_oe,0.9722222
ATLAS_SIG_B_TOP100,ccsbBroad304_02653,PRAF2,trt_oe,1.0185186
ATLAS_SIG_B_TOP100,ccsbBroad304_00163,PRDM1,trt_oe,76.84676
ATLAS_SIG_B_TOP100,ccsbBroad304_04490,RSPH1,trt_oe,33.550407
ATLAS_SIG_B_TOP100,ccsbBroad304_07671,SIX2,trt_oe,0.0
ATLAS_SIG_B_TOP100,ccsbBroad304_01556,SMARCB1,trt_oe,-0.18518518
ATLAS_SIG_B_TOP100,ccsbBroad304_07875,SPECC1L,trt_oe,-33.35512
ATLAS_SIG_B_TOP100,ccsbBroad304_02372,SPRY1,trt_oe,22.967575
ATLAS_SIG_B_TOP100,ccsbBroad304_08553,STAP2,trt_oe,-74.83974
ATLAS_SIG_B_TOP100,ccsbBroad304_07383,STK17A,trt_oe,-10.245798
ATLAS_SIG_B_TOP100,ccsbBroad304_01651,TCF7L2,trt_oe,-42.882614
ATLAS_SIG_B_TOP100,ccsbBroad304_01666,TGFBR1,trt_oe,-47.73681
ATLAS_SIG_B_TOP100,ccsbBroad304_07075,TLR5,trt_oe,-27.446596
ATLAS_SIG_B_TOP100,ccsbBroad304_07569,TRIB1,trt_oe,14.573647
ATLAS_SIG_B_TOP100,ccsbBroad304_01716,TSN,trt_oe,48.33477
ATLAS_SIG_B_TOP100,ccsbBroad304_01754,UCK2,trt_oe,4.5833335
ATLAS_SIG_B_TOP100,ccsbBroad304_07140,XPC,trt_oe,0.0
ATLAS_SIG_B_TOP100,ccsbBroad304_04998,ZNF418,trt_oe,69.9358
ATLAS_SIG_B_TOP100,ccsbBroad304_04801,ZNF543,trt_oe,15.6914215
ATLAS_SIG_B_TOP100,ccsbBroad304_05006,ZNF583,trt_oe,8.395913
ATLAS_SIG_B_TOP100,ccsbBroad304_05123,ZNF791,trt_oe,54.492844
ATLAS_SIG_B_TOP100,ccsbBroad304_08849,ABCG8,trt_oe,-14.271626
ATLAS_SIG_B_TOP100,ccsbBroad304_03903,ABHD4,trt_oe,28.537304
ATLAS_SIG_B_TOP100,ccsbBroad304_07345,CCRL2,trt_oe,1.1574074
ATLAS_SIG_B_TOP100,ccsbBroad304_00273,CDC25B,trt_oe,-34.720474
ATLAS_SIG_B_TOP100,ccsbBroad304_04802,COX6B2,trt_oe,0.9259259
ATLAS_SIG_B_TOP100,ccsbBroad304_00392,CTLA4,trt_oe,13.46192
ATLAS_SIG_B_TOP100,ccsbBroad304_00433,DECR1,trt_oe,-4.351852
ATLAS_SIG_B_TOP100,ccsbBroad304_07851,FAM120A,trt_oe,3.4722223
ATLAS_SIG_B_TOP100,ccsbBroad304_00650,GNA11,trt_oe,-99.21296
ATLAS_SIG_B_TOP100,ccsbBroad304_07699,GPR83,trt_oe,-49.205936
ATLAS_SIG_B_TOP100,ccsbBroad304_04405,KISS1R,trt_oe,2.175926
ATLAS_SIG_B_TOP100,ccsbBroad304_08613,KLHL9,trt_oe,12.451016
ATLAS_SIG_B_TOP100,ccsbBroad304_01880,LAGE3,trt_oe,-5.462963
ATLAS_SIG_B_TOP100,ccsbBroad304_00931,LCN2,trt_oe,1.574074
ATLAS_SIG_B_TOP100,ccsbBroad304_02336,LPAR6,trt_oe,-27.820583
ATLAS_SIG_B_TOP100,ccsbBroad304_07768,NISCH,trt_oe,0.787037
ATLAS_SIG_B_TOP100,ccsbBroad304_04216,PBX4,trt_oe,70.82558
ATLAS_SIG_B_TOP100,ccsbBroad304_07427,PIGB,trt_oe,-4.6759257
ATLAS_SIG_B_TOP100,ccsbBroad304_06753,POU5F1,trt_oe,1.1111112
ATLAS_SIG_B_TOP100,ccsbBroad304_01268,PPP3CB,trt_oe,-58.701157
ATLAS_SIG_B_TOP100,ccsbBroad304_02115,PTTG1,trt_oe,-43.07847
ATLAS_SIG_B_TOP100,ccsbBroad304_07766,RASSF1,trt_oe,-8.635868
ATLAS_SIG_B_TOP100,ccsbBroad304_03917,RBKS,trt_oe,10.931897
ATLAS_SIG_B_TOP100,ccsbBroad304_03940,RFWD2,trt_oe,-1.25
ATLAS_SIG_B_TOP100,ccsbBroad304_10014,RXFP4,trt_oe,-4.953704
ATLAS_SIG_B_TOP100,ccsbBroad304_07805,SCAF8,trt_oe,-83.74017
ATLAS_SIG_B_TOP100,ccsbBroad304_06982,SNRNP70,trt_oe,-2.585496
ATLAS_SIG_B_TOP100,ccsbBroad304_03858,SRPRB,trt_oe,-0.8333333
ATLAS_SIG_B_TOP100,ccsbBroad304_03037,TMEM97,trt_oe,1.1111112
ATLAS_SIG_B_TOP100,ccsbBroad304_10026,ZNF517,trt_oe,3.425926
ATLAS_SIG_B_TOP100,ccsbBroad304_05005,ZNF582,trt_oe,-24.812572
ATLAS_SIG_B_TOP100,ccsbBroad304_00487,EGR1,trt_oe,97.314644
ATLAS_SIG_B_TOP100,ccsbBroad304_03340,LSR,trt_oe,-51.060543
ATLAS_SIG_B_TOP100,CGS001-2,A2M,trt_sh.cgs,-77.1919
ATLAS_SIG_B_TOP100,CGS001-16,AARS,trt_sh.cgs,-46.017815
ATLAS_SIG_B_TOP100,CGS001-26574,AATF,trt_sh.cgs,74.07297
ATLAS_SIG_B_TOP100,CGS001-18,ABAT,trt_sh.cgs,7.7482634
ATLAS_SIG_B_TOP100,CGS001-19,ABCA1,trt_sh.cgs,-58.296528
ATLAS_SIG_B_TOP100,CGS001-21,ABCA3,trt_sh.cgs,-95.21009
ATLAS_SIG_B_TOP100,CGS001-23461,ABCA5,trt_sh.cgs,-27.693874
ATLAS_SIG_B_TOP100,CGS001-5243,ABCB1,trt_sh.cgs,53.79966
ATLAS_SIG_B_TOP100,CGS001-5244,ABCB4,trt_sh.cgs,20.065979
ATLAS_SIG_B_TOP100,CGS001-10058,ABCB6,trt_sh.cgs,-92.18421
ATLAS_SIG_B_TOP100,CGS001-4363,ABCC1,trt_sh.cgs,-73.69954
ATLAS_SIG_B_TOP100,CGS001-89845,ABCC10,trt_sh.cgs,-8.32005
ATLAS_SIG_B_TOP100,CGS001-1244,ABCC2,trt_sh.cgs,-61.25121
ATLAS_SIG_B_TOP100,CGS001-8714,ABCC3,trt_sh.cgs,-82.598915
ATLAS_SIG_B_TOP100,CGS001-10257,ABCC4,trt_sh.cgs,-84.60535
ATLAS_SIG_B_TOP100,CGS001-10057,ABCC5,trt_sh.cgs,62.51617
ATLAS_SIG_B_TOP100,CGS001-5825,ABCD3,trt_sh.cgs,-72.71394
ATLAS_SIG_B_TOP100,CGS001-23,ABCF1,trt_sh.cgs,-2.4473684
ATLAS_SIG_B_TOP100,CGS001-10061,ABCF2,trt_sh.cgs,-21.375093
ATLAS_SIG_B_TOP100,CGS001-55324,ABCF3,trt_sh.cgs,84.93839
ATLAS_SIG_B_TOP100,CGS001-9429,ABCG2,trt_sh.cgs,-65.67117
ATLAS_SIG_B_TOP100,CGS001-64240,ABCG5,trt_sh.cgs,-96.29749
ATLAS_SIG_B_TOP100,CGS001-64241,ABCG8,trt_sh.cgs,62.811768
ATLAS_SIG_B_TOP100,CGS001-11057,ABHD2,trt_sh.cgs,-6.963542
ATLAS_SIG_B_TOP100,CGS001-63874,ABHD4,trt_sh.cgs,-34.71251
ATLAS_SIG_B_TOP100,CGS001-57406,ABHD6,trt_sh.cgs,-34.178135
ATLAS_SIG_B_TOP100,CGS001-25,ABL1,trt_sh.cgs,3.0263157
ATLAS_SIG_B_TOP100,CGS001-27,ABL2,trt_sh.cgs,66.620056
ATLAS_SIG_B_TOP100,CGS001-30,ACAA1,trt_sh.cgs,17.263138
ATLAS_SIG_B_TOP100,CGS001-31,ACACA,trt_sh.cgs,36.236385
ATLAS_SIG_B_TOP100,CGS001-32,ACACB,trt_sh.cgs,-76.803406
ATLAS_SIG_B_TOP100,CGS001-27034,ACAD8,trt_sh.cgs,6.454319
ATLAS_SIG_B_TOP100,CGS001-34,ACADM,trt_sh.cgs,20.10989
ATLAS_SIG_B_TOP100,CGS001-35,ACADS,trt_sh.cgs,20.675814
ATLAS_SIG_B_TOP100,CGS001-36,ACADSB,trt_sh.cgs,-56.121937
ATLAS_SIG_B_TOP100,CGS001-38,ACAT1,trt_sh.cgs,8.542222
ATLAS_SIG_B_TOP100,CGS001-39,ACAT2,trt_sh.cgs,39.439934
ATLAS_SIG_B_TOP100,CGS001-64746,ACBD3,trt_sh.cgs,64.96957
ATLAS_SIG_B_TOP100,CGS001-65057,ACD,trt_sh.cgs,-22.034536
ATLAS_SIG_B_TOP100,CGS001-47,ACLY,trt_sh.cgs,23.462872
ATLAS_SIG_B_TOP100,CGS001-50,ACO2,trt_sh.cgs,49.223614
ATLAS_SIG_B_TOP100,CGS001-23597,ACOT9,trt_sh.cgs,-1.9210526
ATLAS_SIG_B_TOP100,CGS001-2180,ACSL1,trt_sh.cgs,4.131579
ATLAS_SIG_B_TOP100,CGS001-2181,ACSL3,trt_sh.cgs,52.21702
ATLAS_SIG_B_TOP100,CGS001-2182,ACSL4,trt_sh.cgs,0.0
ATLAS_SIG_B_TOP100,CGS001-60,ACTB,trt_sh.cgs,-25.858345
ATLAS_SIG_B_TOP100,CGS001-87,ACTN1,trt_sh.cgs,5.1276817
ATLAS_SIG_B_TOP100,CGS001-10097,ACTR2,trt_sh.cgs,0.0
ATLAS_SIG_B_TOP100,CGS001-10096,ACTR3,trt_sh.cgs,15.771366
ATLAS_SIG_B_TOP100,CGS001-90,ACVR1,trt_sh.cgs,-93.46974
ATLAS_SIG_B_TOP100,CGS001-95,ACY1,trt_sh.cgs,37.456585
ATLAS_SIG_B_TOP100,CGS001-100,ADA,trt_sh.cgs,70.87602
ATLAS_SIG_B_TOP100,CGS001-102,ADAM10,trt_sh.cgs,-41.277344
ATLAS_SIG_B_TOP100,CGS001-8751,ADAM15,trt_sh.cgs,74.113396
ATLAS_SIG_B_TOP100,CGS001-6868,ADAM17,trt_sh.cgs,29.599998
ATLAS_SIG_B_TOP100,CGS001-103,ADAR,trt_sh.cgs,14.078307
ATLAS_SIG_B_TOP100,CGS001-23536,ADAT1,trt_sh.cgs,-13.938059
ATLAS_SIG_B_TOP100,CGS001-56997,ADCK3,trt_sh.cgs,15.424492
ATLAS_SIG_B_TOP100,CGS001-109,ADCY3,trt_sh.cgs,8.052631
ATLAS_SIG_B_TOP100,CGS001-111,ADCY5,trt_sh.cgs,-13.130447
ATLAS_SIG_B_TOP100,CGS001-115,ADCY9,trt_sh.cgs,-4.605263
ATLAS_SIG_B_TOP100,CGS001-128,ADH5,trt_sh.cgs,-4.6334114
ATLAS_SIG_B_TOP100,CGS001-130,ADH6,trt_sh.cgs,-2.4210527
ATLAS_SIG_B_TOP100,CGS001-55256,ADI1,trt_sh.cgs,-58.422646
ATLAS_SIG_B_TOP100,CGS001-132,ADK,trt_sh.cgs,-16.850206
ATLAS_SIG_B_TOP100,CGS001-22850,ADNP2,trt_sh.cgs,-83.60077
ATLAS_SIG_B_TOP100,CGS001-84890,ADO,trt_sh.cgs,74.89571
ATLAS_SIG_B_TOP100,CGS001-135,ADORA2A,trt_sh.cgs,-9.489876
ATLAS_SIG_B_TOP100,CGS001-136,ADORA2B,trt_sh.cgs,-20.360033
ATLAS_SIG_B_TOP100,CGS001-83440,ADPGK,trt_sh.cgs,-59.881172
ATLAS_SIG_B_TOP100,CGS001-150,ADRA2A,trt_sh.cgs,0.0
ATLAS_SIG_B_TOP100,CGS001-152,ADRA2C,trt_sh.cgs,38.611145
ATLAS_SIG_B_TOP100,CGS001-154,ADRB2,trt_sh.cgs,12.967707
ATLAS_SIG_B_TOP100,CGS001-158,ADSL,trt_sh.cgs,12.922168
ATLAS_SIG_B_TOP100,CGS001-159,ADSS,trt_sh.cgs,-69.617096
ATLAS_SIG_B_TOP100,CGS001-166,AES,trt_sh.cgs,-93.165886
ATLAS_SIG_B_TOP100,CGS001-4299,AFF1,trt_sh.cgs,11.477883
ATLAS_SIG_B_TOP100,CGS001-27125,AFF4,trt_sh.cgs,19.352211
ATLAS_SIG_B_TOP100,CGS001-10939,AFG3L2,trt_sh.cgs,-28.25417
ATLAS_SIG_B_TOP100,CGS001-174,AFP,trt_sh.cgs,9.451463
ATLAS_SIG_B_TOP100,CGS001-178,AGL,trt_sh.cgs,69.95112
ATLAS_SIG_B_TOP100,CGS001-10554,AGPAT1,trt_sh.cgs,-57.183907
ATLAS_SIG_B_TOP100,CGS001-10555,AGPAT2,trt_sh.cgs,-54.00019
ATLAS_SIG_B_TOP100,CGS001-183,AGT,trt_sh.cgs,11.090134
ATLAS_SIG_B_TOP100,CGS001-185,AGTR1,trt_sh.cgs,11.693275
ATLAS_SIG_B_TOP100,CGS001-191,AHCY,trt_sh.cgs,-24.528578
ATLAS_SIG_B_TOP100,CGS001-57491,AHRR,trt_sh.cgs,-44.748444
ATLAS_SIG_B_TOP100,CGS001-9131,AIFM1,trt_sh.cgs,-30.807941
ATLAS_SIG_B_TOP100,CGS001-9447,AIM2,trt_sh.cgs,-60.958153
ATLAS_SIG_B_TOP100,CGS001-7965,AIMP2,trt_sh.cgs,47.30756
ATLAS_SIG_B_TOP100,CGS001-326,AIRE,trt_sh.cgs,-70.824745
ATLAS_SIG_B_TOP100,CGS001-203,AK1,trt_sh.cgs,-79.44512
ATLAS_SIG_B_TOP100,CGS001-204,AK2,trt_sh.cgs,37.670307
ATLAS_SIG_B_TOP100,CGS001-50808,AK3,trt_sh.cgs,10.889052
ATLAS_SIG_B_TOP100,CGS001-8165,AKAP1,trt_sh.cgs,3.9736843
ATLAS_SIG_B_TOP100,CGS001-11215,AKAP11,trt_sh.cgs,34.50061
ATLAS_SIG_B_TOP100,CGS001-11214,AKAP13,trt_sh.cgs,16.394691
ATLAS_SIG_B_TOP100,CGS001-8227,AKAP17A,trt_sh.cgs,-94.147484
ATLAS_SIG_B_TOP100,CGS001-10270,AKAP8,trt_sh.cgs,21.576502
ATLAS_SIG_B_TOP100,CGS001-26993,AKAP8L,trt_sh.cgs,25.711557
ATLAS_SIG_B_TOP100,CGS001-10142,AKAP9,trt_sh.cgs,94.158875
ATLAS_SIG_B_TOP100,CGS001-10327,AKR1A1,trt_sh.cgs,91.308304
ATLAS_SIG_B_TOP100,CGS001-231,AKR1B1,trt_sh.cgs,45.115654
ATLAS_SIG_B_TOP100,CGS001-1645,AKR1C1,trt_sh.cgs,25.248028
ATLAS_SIG_B_TOP100,CGS001-1646,AKR1C2,trt_sh.cgs,-36.45558
ATLAS_SIG_B_TOP100,CGS001-8574,AKR7A2,trt_sh.cgs,77.191246
ATLAS_SIG_B_TOP100,CGS001-207,AKT1,trt_sh.cgs,26.646671
ATLAS_SIG_B_TOP100,CGS001-208,AKT2,trt_sh.cgs,15.98053
ATLAS_SIG_B_TOP100,CGS001-64400,AKTIP,trt_sh.cgs,2.6052632
ATLAS_SIG_B_TOP100,CGS001-210,ALAD,trt_sh.cgs,24.153713
ATLAS_SIG_B_TOP100,CGS001-211,ALAS1,trt_sh.cgs,-84.382034
ATLAS_SIG_B_TOP100,CGS001-213,ALB,trt_sh.cgs,10.700216
ATLAS_SIG_B_TOP100,CGS001-5832,ALDH18A1,trt_sh.cgs,39.62962
ATLAS_SIG_B_TOP100,CGS001-216,ALDH1A1,trt_sh.cgs,-2.9736843
ATLAS_SIG_B_TOP100,CGS001-220,ALDH1A3,trt_sh.cgs,84.34827
ATLAS_SIG_B_TOP100,CGS001-217,ALDH2,trt_sh.cgs,-28.462944
ATLAS_SIG_B_TOP100,CGS001-218,ALDH3A1,trt_sh.cgs,-67.514175
ATLAS_SIG_B_TOP100,CGS001-221,ALDH3B1,trt_sh.cgs,0.0
ATLAS_SIG_B_TOP100,CGS001-8659,ALDH4A1,trt_sh.cgs,-79.1795
ATLAS_SIG_B_TOP100,CGS001-7915,ALDH5A1,trt_sh.cgs,78.178055
ATLAS_SIG_B_TOP100,CGS001-4329,ALDH6A1,trt_sh.cgs,72.66795
ATLAS_SIG_B_TOP100,CGS001-501,ALDH7A1,trt_sh.cgs,0.0
ATLAS_SIG_B_TOP100,CGS001-223,ALDH9A1,trt_sh.cgs,43.632088
ATLAS_SIG_B_TOP100,CGS001-230,ALDOC,trt_sh.cgs,33.065773
ATLAS_SIG_B_TOP100,CGS001-29880,ALG5,trt_sh.cgs,-1.4136091
ATLAS_SIG_B_TOP100,CGS001-79796,ALG9,trt_sh.cgs,-56.615128
ATLAS_SIG_B_TOP100,CGS001-238,ALK,trt_sh.cgs,28.564022
ATLAS_SIG_B_TOP100,CGS001-7840,ALMS1,trt_sh.cgs,72.53614
ATLAS_SIG_B_TOP100,CGS001-8092,ALX1,trt_sh.cgs,40.548454
ATLAS_SIG_B_TOP100,CGS001-259,AMBP,trt_sh.cgs,-68.18427
ATLAS_SIG_B_TOP100,CGS001-262,AMD1,trt_sh.cgs,6.263158
ATLAS_SIG_B_TOP100,CGS001-51005,AMDHD2,trt_sh.cgs,42.217705
ATLAS_SIG_B_TOP100,CGS001-386724,AMIGO3,trt_sh.cgs,56.288765
ATLAS_SIG_B_TOP100,CGS001-271,AMPD2,trt_sh.cgs,10.891285
ATLAS_SIG_B_TOP100,CGS001-275,AMT,trt_sh.cgs,-11.413867
ATLAS_SIG_B_TOP100,CGS001-51433,ANAPC5,trt_sh.cgs,-26.059116
ATLAS_SIG_B_TOP100,CGS001-284,ANGPT1,trt_sh.cgs,9.064013
ATLAS_SIG_B_TOP100,CGS001-55608,ANKRD10,trt_sh.cgs,-3.564339
ATLAS_SIG_B_TOP100,CGS001-353322,ANKRD37,trt_sh.cgs,-95.60998
ATLAS_SIG_B_TOP100,CGS001-54851,ANKRD49,trt_sh.cgs,40.59274
ATLAS_SIG_B_TOP100,CGS001-79722,ANKRD55,trt_sh.cgs,52.631424
ATLAS_SIG_B_TOP100,CGS001-55139,ANKZF1,trt_sh.cgs,0.0
ATLAS_SIG_B_TOP100,CGS001-55107,ANO1,trt_sh.cgs,0.0
ATLAS_SIG_B_TOP100,CGS001-55129,ANO10,trt_sh.cgs,72.777336
ATLAS_SIG_B_TOP100,CGS001-81611,ANP32E,trt_sh.cgs,-47.971554
ATLAS_SIG_B_TOP100,CGS001-290,ANPEP,trt_sh.cgs,41.282894
ATLAS_SIG_B_TOP100,CGS001-302,ANXA2,trt_sh.cgs,0.0
ATLAS_SIG_B_TOP100,CGS001-306,ANXA3,trt_sh.cgs,-84.00943
ATLAS_SIG_B_TOP100,CGS001-308,ANXA5,trt_sh.cgs,87.63505
ATLAS_SIG_B_TOP100,CGS001-310,ANXA7,trt_sh.cgs,35.229538
ATLAS_SIG_B_TOP100,CGS001-8639,AOC3,trt_sh.cgs,25.026566
ATLAS_SIG_B_TOP100,CGS001-162,AP1B1,trt_sh.cgs,26.792168
ATLAS_SIG_B_TOP100,CGS001-160,AP2A1,trt_sh.cgs,0.0
ATLAS_SIG_B_TOP100,CGS001-161,AP2A2,trt_sh.cgs,40.30811
ATLAS_SIG_B_TOP100,CGS001-1173,AP2M1,trt_sh.cgs,-7.1842103
ATLAS_SIG_B_TOP100,CGS001-323,APBB2,trt_sh.cgs,-83.1452
ATLAS_SIG_B_TOP100,CGS001-324,APC,trt_sh.cgs,8.568331
ATLAS_SIG_B_TOP100,CGS001-328,APEX1,trt_sh.cgs,-3.0
ATLAS_SIG_B_TOP100,CGS001-335,APOA1,trt_sh.cgs,7.8198166
ATLAS_SIG_B_TOP100,CGS001-336,APOA2,trt_sh.cgs,-59.741745
ATLAS_SIG_B_TOP100,CGS001-116519,APOA5,trt_sh.cgs,-34.997078
ATLAS_SIG_B_TOP100,CGS001-338,APOB,trt_sh.cgs,6.4473686
ATLAS_SIG_B_TOP100,CGS001-164668,APOBEC3H,trt_sh.cgs,6.2163477
ATLAS_SIG_B_TOP100,CGS001-344,APOC2,trt_sh.cgs,-72.28654
ATLAS_SIG_B_TOP100,CGS001-345,APOC3,trt_sh.cgs,-14.718862
ATLAS_SIG_B_TOP100,CGS001-348,APOE,trt_sh.cgs,-34.96145
ATLAS_SIG_B_TOP100,CGS001-350,APOH,trt_sh.cgs,77.01456
ATLAS_SIG_B_TOP100,CGS001-55937,APOM,trt_sh.cgs,-86.85901
ATLAS_SIG_B_TOP100,CGS001-79135,APOO,trt_sh.cgs,-4.1578946
ATLAS_SIG_B_TOP100,CGS001-351,APP,trt_sh.cgs,0.0
ATLAS_SIG_B_TOP100,CGS001-10513,APPBP2,trt_sh.cgs,-35.326256
ATLAS_SIG_B_TOP100,CGS001-353,APRT,trt_sh.cgs,15.298501
ATLAS_SIG_B_TOP100,CGS001-375318,AQP12A,trt_sh.cgs,0.0
ATLAS_SIG_B_TOP100,CGS001-367,AR,trt_sh.cgs,3.3947368
ATLAS_SIG_B_TOP100,CGS001-369,ARAF,trt_sh.cgs,0.0
ATLAS_SIG_B_TOP100,CGS001-116985,ARAP1,trt_sh.cgs,-8.991264
ATLAS_SIG_B_TOP100,CGS001-375,ARF1,trt_sh.cgs,65.47676
ATLAS_SIG_B_TOP100,CGS001-378,ARF4,trt_sh.cgs,27.113537
ATLAS_SIG_B_TOP100,CGS001-382,ARF6,trt_sh.cgs,21.377895
ATLAS_SIG_B_TOP100,CGS001-23647,ARFIP2,trt_sh.cgs,75.25762
ATLAS_SIG_B_TOP100,CGS001-10139,ARFRP1,trt_sh.cgs,6.128605
ATLAS_SIG_B_TOP100,CGS001-383,ARG1,trt_sh.cgs,12.888274
ATLAS_SIG_B_TOP100,CGS001-384,ARG2,trt_sh.cgs,30.976967
ATLAS_SIG_B_TOP100,CGS001-55082,ARGLU1,trt_sh.cgs,-1.0263158
ATLAS_SIG_B_TOP100,CGS001-392,ARHGAP1,trt_sh.cgs,21.20506
ATLAS_SIG_B_TOP100,CGS001-2909,ARHGAP35,trt_sh.cgs,42.037918
ATLAS_SIG_B_TOP100,CGS001-64333,ARHGAP9,trt_sh.cgs,37.39451
ATLAS_SIG_B_TOP100,CGS001-397,ARHGDIB,trt_sh.cgs,-31.66358
ATLAS_SIG_B_TOP100,CGS001-23365,ARHGEF12,trt_sh.cgs,0.0
ATLAS_SIG_B_TOP100,CGS001-9181,ARHGEF2,trt_sh.cgs,-16.809668
ATLAS_SIG_B_TOP100,CGS001-7984,ARHGEF5,trt_sh.cgs,60.32167
ATLAS_SIG_B_TOP100,CGS001-9459,ARHGEF6,trt_sh.cgs,-28.525892
ATLAS_SIG_B_TOP100,CGS001-8874,ARHGEF7,trt_sh.cgs,3.9473684
ATLAS_SIG_B_TOP100,CGS001-1820,ARID3A,trt_sh.cgs,1.1842105
ATLAS_SIG_B_TOP100,CGS001-51742,ARID4B,trt_sh.cgs,64.428955
ATLAS_SIG_B_TOP100,CGS001-84159,ARID5B,trt_sh.cgs,83.7036
ATLAS_SIG_B_TOP100,CGS001-400,ARL1,trt_sh.cgs,2.6578948
ATLAS_SIG_B_TOP100,CGS001-403,ARL3,trt_sh.cgs,4.0263157
ATLAS_SIG_B_TOP100,CGS001-10123,ARL4C,trt_sh.cgs,-74.40996
ATLAS_SIG_B_TOP100,CGS001-405,ARNT,trt_sh.cgs,48.621613
ATLAS_SIG_B_TOP100,CGS001-9915,ARNT2,trt_sh.cgs,12.678241
ATLAS_SIG_B_TOP100,CGS001-406,ARNTL,trt_sh.cgs,67.7914
ATLAS_SIG_B_TOP100,CGS001-56938,ARNTL2,trt_sh.cgs,-13.445144
ATLAS_SIG_B_TOP100,CGS001-10552,ARPC1A,trt_sh.cgs,45.21189
ATLAS_SIG_B_TOP100,CGS001-10095,ARPC1B,trt_sh.cgs,3.2105262
ATLAS_SIG_B_TOP100,CGS001-10109,ARPC2,trt_sh.cgs,37.084217
ATLAS_SIG_B_TOP100,CGS001-10094,ARPC3,trt_sh.cgs,43.752052
ATLAS_SIG_B_TOP100,CGS001-10093,ARPC4,trt_sh.cgs,-1.5
ATLAS_SIG_B_TOP100,CGS001-10092,ARPC5,trt_sh.cgs,14.805312
ATLAS_SIG_B_TOP100,CGS001-10776,ARPP19,trt_sh.cgs,-8.45794
ATLAS_SIG_B_TOP100,CGS001-408,ARRB1,trt_sh.cgs,50.7748
ATLAS_SIG_B_TOP100,CGS001-170302,ARX,trt_sh.cgs,-26.143341
ATLAS_SIG_B_TOP100,CGS001-427,ASAH1,trt_sh.cgs,5.064948
ATLAS_SIG_B_TOP100,CGS001-8853,ASAP2,trt_sh.cgs,-83.16232
ATLAS_SIG_B_TOP100,CGS001-10973,ASCC3,trt_sh.cgs,-41.814976
ATLAS_SIG_B_TOP100,CGS001-25842,ASF1A,trt_sh.cgs,32.702087
ATLAS_SIG_B_TOP100,CGS001-55723,ASF1B,trt_sh.cgs,-78.031364
ATLAS_SIG_B_TOP100,CGS001-433,ASGR2,trt_sh.cgs,30.30685
ATLAS_SIG_B_TOP100,CGS001-9070,ASH2L,trt_sh.cgs,-6.212343
ATLAS_SIG_B_TOP100,CGS001-435,ASL,trt_sh.cgs,19.270367
ATLAS_SIG_B_TOP100,CGS001-8623,ASMTL,trt_sh.cgs,0.0
ATLAS_SIG_B_TOP100,CGS001-439,ASNA1,trt_sh.cgs,-35.038845
ATLAS_SIG_B_TOP100,CGS001-440,ASNS,trt_sh.cgs,-56.767464
ATLAS_SIG_B_TOP100,CGS001-444,ASPH,trt_sh.cgs,-69.79319
ATLAS_SIG_B_TOP100,CGS001-80150,ASRGL1,trt_sh.cgs,2.9005525
ATLAS_SIG_B_TOP100,CGS001-445,ASS1,trt_sh.cgs,-16.54957
ATLAS_SIG_B_TOP100,CGS001-466,ATF1,trt_sh.cgs,-86.79078
ATLAS_SIG_B_TOP100,CGS001-1386,ATF2,trt_sh.cgs,18.798326
ATLAS_SIG_B_TOP100,CGS001-467,ATF3,trt_sh.cgs,-54.593754
ATLAS_SIG_B_TOP100,CGS001-468,ATF4,trt_sh.cgs,-62.624065
ATLAS_SIG_B_TOP100,CGS001-22809,ATF5,trt_sh.cgs,-28.255741
ATLAS_SIG_B_TOP100,CGS001-22926,ATF6,trt_sh.cgs,44.91429
ATLAS_SIG_B_TOP100,CGS001-9140,ATG12,trt_sh.cgs,11.38715
ATLAS_SIG_B_TOP100,CGS001-55054,ATG16L1,trt_sh.cgs,-58.240856
ATLAS_SIG_B_TOP100,CGS001-89849,ATG16L2,trt_sh.cgs,32.686234
ATLAS_SIG_B_TOP100,CGS001-64422,ATG3,trt_sh.cgs,81.83853
ATLAS_SIG_B_TOP100,CGS001-115201,ATG4A,trt_sh.cgs,0.0
ATLAS_SIG_B_TOP100,CGS001-23192,ATG4B,trt_sh.cgs,19.473684
ATLAS_SIG_B_TOP100,CGS001-84971,ATG4D,trt_sh.cgs,14.834394
ATLAS_SIG_B_TOP100,CGS001-9474,ATG5,trt_sh.cgs,-17.973768
ATLAS_SIG_B_TOP100,CGS001-10533,ATG7,trt_sh.cgs,57.34192
ATLAS_SIG_B_TOP100,CGS001-471,ATIC,trt_sh.cgs,13.948492
ATLAS_SIG_B_TOP100,CGS001-23300,ATMIN,trt_sh.cgs,-85.53853
ATLAS_SIG_B_TOP100,CGS001-475,ATOX1,trt_sh.cgs,-5.3157897
ATLAS_SIG_B_TOP100,CGS001-23200,ATP11B,trt_sh.cgs,53.717686
ATLAS_SIG_B_TOP100,CGS001-478,ATP1A3,trt_sh.cgs,-71.20906
ATLAS_SIG_B_TOP100,CGS001-481,ATP1B1,trt_sh.cgs,63.341236
ATLAS_SIG_B_TOP100,CGS001-488,ATP2A2,trt_sh.cgs,0.0
ATLAS_SIG_B_TOP100,CGS001-27032,ATP2C1,trt_sh.cgs,-3.3037891
ATLAS_SIG_B_TOP100,CGS001-498,ATP5A1,trt_sh.cgs,-9.653652
ATLAS_SIG_B_TOP100,CGS001-506,ATP5B,trt_sh.cgs,59.7157
ATLAS_SIG_B_TOP100,CGS001-509,ATP5C1,trt_sh.cgs,-55.140945
ATLAS_SIG_B_TOP100,CGS001-513,ATP5D,trt_sh.cgs,0.0
ATLAS_SIG_B_TOP100,CGS001-515,ATP5F1,trt_sh.cgs,11.814329
ATLAS_SIG_B_TOP100,CGS001-10476,ATP5H,trt_sh.cgs,-28.68663
ATLAS_SIG_B_TOP100,CGS001-10632,ATP5L,trt_sh.cgs,11.172441
ATLAS_SIG_B_TOP100,CGS001-539,ATP5O,trt_sh.cgs,0.0
ATLAS_SIG_B_TOP100,CGS001-27109,ATP5S,trt_sh.cgs,-80.83618
ATLAS_SIG_B_TOP100,CGS001-537,ATP6AP1,trt_sh.cgs,14.171223
ATLAS_SIG_B_TOP100,CGS001-535,ATP6V0A1,trt_sh.cgs,-5.693078
ATLAS_SIG_B_TOP100,CGS001-533,ATP6V0B,trt_sh.cgs,0.0
ATLAS_SIG_B_TOP100,CGS001-523,ATP6V1A,trt_sh.cgs,-62.82782
ATLAS_SIG_B_TOP100,CGS001-51382,ATP6V1D,trt_sh.cgs,0.0
ATLAS_SIG_B_TOP100,CGS001-9296,ATP6V1F,trt_sh.cgs,25.255568
ATLAS_SIG_B_TOP100,CGS001-538,ATP7A,trt_sh.cgs,-5.0
ATLAS_SIG_B_TOP100,CGS001-545,ATR,trt_sh.cgs,37.011723
ATLAS_SIG_B_TOP100,CGS001-546,ATRX,trt_sh.cgs,-6.879838
ATLAS_SIG_B_TOP100,CGS001-4287,ATXN3,trt_sh.cgs,1.9457625
ATLAS_SIG_B_TOP100,CGS001-6790,AURKA,trt_sh.cgs,50.91441
ATLAS_SIG_B_TOP100,CGS001-54998,AURKAIP1,trt_sh.cgs,65.611786
ATLAS_SIG_B_TOP100,CGS001-9212,AURKB,trt_sh.cgs,68.80865
ATLAS_SIG_B_TOP100,CGS001-8312,AXIN1,trt_sh.cgs,-4.408468
ATLAS_SIG_B_TOP100,CGS001-8313,AXIN2,trt_sh.cgs,55.885483
ATLAS_SIG_B_TOP100,CGS001-558,AXL,trt_sh.cgs,67.62154
ATLAS_SIG_B_TOP100,CGS001-563,AZGP1,trt_sh.cgs,0.0
ATLAS_SIG_B_TOP100,CGS001-567,B2M,trt_sh.cgs,0.0
ATLAS_SIG_B_TOP100,CGS001-26229,B3GAT3,trt_sh.cgs,29.5532
ATLAS_SIG_B_TOP100,CGS001-11041,B3GNT1,trt_sh.cgs,-1.9477048
ATLAS_SIG_B_TOP100,CGS001-2583,B4GALNT1,trt_sh.cgs,2.6052632
ATLAS_SIG_B_TOP100,CGS001-2683,B4GALT1,trt_sh.cgs,75.52785
ATLAS_SIG_B_TOP100,CGS001-8703,B4GALT3,trt_sh.cgs,49.571823
ATLAS_SIG_B_TOP100,CGS001-8702,B4GALT4,trt_sh.cgs,54.552013
ATLAS_SIG_B_TOP100,CGS001-23621,BACE1,trt_sh.cgs,-72.08708
ATLAS_SIG_B_TOP100,CGS001-25825,BACE2,trt_sh.cgs,-8.184211
ATLAS_SIG_B_TOP100,CGS001-571,BACH1,trt_sh.cgs,-50.417072
ATLAS_SIG_B_TOP100,CGS001-60468,BACH2,trt_sh.cgs,26.112087
ATLAS_SIG_B_TOP100,CGS001-573,BAG1,trt_sh.cgs,0.0
ATLAS_SIG_B_TOP100,CGS001-9531,BAG3,trt_sh.cgs,79.753395
ATLAS_SIG_B_TOP100,CGS001-7917,BAG6,trt_sh.cgs,39.49713
ATLAS_SIG_B_TOP100,CGS001-578,BAK1,trt_sh.cgs,0.0
ATLAS_SIG_B_TOP100,CGS001-25805,BAMBI,trt_sh.cgs,-49.42698
ATLAS_SIG_B_TOP100,CGS001-56033,BARX1,trt_sh.cgs,-53.490685
ATLAS_SIG_B_TOP100,CGS001-581,BAX,trt_sh.cgs,0.0
ATLAS_SIG_B_TOP100,CGS001-9031,BAZ1B,trt_sh.cgs,35.645676
ATLAS_SIG_B_TOP100,CGS001-29994,BAZ2B,trt_sh.cgs,73.12747
ATLAS_SIG_B_TOP100,CGS001-27113,BBC3,trt_sh.cgs,12.830716
ATLAS_SIG_B_TOP100,CGS001-27241,BBS9,trt_sh.cgs,43.88243
ATLAS_SIG_B_TOP100,CGS001-9564,BCAR1,trt_sh.cgs,-2.368421
ATLAS_SIG_B_TOP100,CGS001-586,BCAT1,trt_sh.cgs,5.5751534
ATLAS_SIG_B_TOP100,CGS001-587,BCAT2,trt_sh.cgs,12.964551
ATLAS_SIG_B_TOP100,CGS001-56647,BCCIP,trt_sh.cgs,41.282288
ATLAS_SIG_B_TOP100,CGS001-593,BCKDHA,trt_sh.cgs,0.0
ATLAS_SIG_B_TOP100,CGS001-10295,BCKDK,trt_sh.cgs,0.0
ATLAS_SIG_B_TOP100,CGS001-8915,BCL10,trt_sh.cgs,-54.945732
ATLAS_SIG_B_TOP100,CGS001-596,BCL2,trt_sh.cgs,-6.9629073
ATLAS_SIG_B_TOP100,CGS001-597,BCL2A1,trt_sh.cgs,-26.266163
ATLAS_SIG_B_TOP100,CGS001-598,BCL2L1,trt_sh.cgs,15.82774
ATLAS_SIG_B_TOP100,CGS001-10018,BCL2L11,trt_sh.cgs,-67.00472
ATLAS_SIG_B_TOP100,CGS001-23786,BCL2L13,trt_sh.cgs,44.095573
ATLAS_SIG_B_TOP100,CGS001-599,BCL2L2,trt_sh.cgs,-51.48578
ATLAS_SIG_B_TOP100,CGS001-602,BCL3,trt_sh.cgs,73.316345
ATLAS_SIG_B_TOP100,CGS001-604,BCL6,trt_sh.cgs,0.0
ATLAS_SIG_B_TOP100,CGS001-255877,BCL6B,trt_sh.cgs,-41.269196
ATLAS_SIG_B_TOP100,CGS001-9275,BCL7B,trt_sh.cgs,36.69155
ATLAS_SIG_B_TOP100,CGS001-607,BCL9,trt_sh.cgs,-7.380916
ATLAS_SIG_B_TOP100,CGS001-9774,BCLAF1,trt_sh.cgs,11.624945
ATLAS_SIG_B_TOP100,CGS001-613,BCR,trt_sh.cgs,-2.5526316
ATLAS_SIG_B_TOP100,CGS001-622,BDH1,trt_sh.cgs,-3.631579
ATLAS_SIG_B_TOP100,CGS001-624,BDKRB2,trt_sh.cgs,-47.106167
ATLAS_SIG_B_TOP100,CGS001-8678,BECN1,trt_sh.cgs,-47.393856
ATLAS_SIG_B_TOP100,CGS001-8553,BHLHE40,trt_sh.cgs,33.850796
ATLAS_SIG_B_TOP100,CGS001-635,BHMT,trt_sh.cgs,-24.067259
ATLAS_SIG_B_TOP100,CGS001-23743,BHMT2,trt_sh.cgs,31.41609
ATLAS_SIG_B_TOP100,CGS001-637,BID,trt_sh.cgs,40.265244
ATLAS_SIG_B_TOP100,CGS001-638,BIK,trt_sh.cgs,44.56973
ATLAS_SIG_B_TOP100,CGS001-329,BIRC2,trt_sh.cgs,2.2105262
ATLAS_SIG_B_TOP100,CGS001-330,BIRC3,trt_sh.cgs,-53.3161
ATLAS_SIG_B_TOP100,CGS001-332,BIRC5,trt_sh.cgs,14.855554
ATLAS_SIG_B_TOP100,CGS001-57448,BIRC6,trt_sh.cgs,20.52037
ATLAS_SIG_B_TOP100,CGS001-10904,BLCAP,trt_sh.cgs,-87.68751
ATLAS_SIG_B_TOP100,CGS001-641,BLM,trt_sh.cgs,53.737244
ATLAS_SIG_B_TOP100,CGS001-642,BLMH,trt_sh.cgs,-67.29887
ATLAS_SIG_B_TOP100,CGS001-2647,BLOC1S1,trt_sh.cgs,9.6550255
ATLAS_SIG_B_TOP100,CGS001-644,BLVRA,trt_sh.cgs,52.90798
ATLAS_SIG_B_TOP100,CGS001-8548,BLZF1,trt_sh.cgs,-1.6315789
ATLAS_SIG_B_TOP100,CGS001-648,BMI1,trt_sh.cgs,-98.52503
ATLAS_SIG_B_TOP100,CGS001-650,BMP2,trt_sh.cgs,-73.742195
ATLAS_SIG_B_TOP100,CGS001-652,BMP4,trt_sh.cgs,57.869766
ATLAS_SIG_B_TOP100,CGS001-657,BMPR1A,trt_sh.cgs,29.765827
ATLAS_SIG_B_TOP100,CGS001-662,BNIP1,trt_sh.cgs,-42.28415
ATLAS_SIG_B_TOP100,CGS001-663,BNIP2,trt_sh.cgs,17.263159
ATLAS_SIG_B_TOP100,CGS001-664,BNIP3,trt_sh.cgs,2.7631578
ATLAS_SIG_B_TOP100,CGS001-665,BNIP3L,trt_sh.cgs,31.782406
ATLAS_SIG_B_TOP100,CGS001-149428,BNIPL,trt_sh.cgs,-55.359016
ATLAS_SIG_B_TOP100,CGS001-51027,BOLA1,trt_sh.cgs,-36.200916
ATLAS_SIG_B_TOP100,CGS001-670,BPHL,trt_sh.cgs,27.57101
ATLAS_SIG_B_TOP100,CGS001-673,BRAF,trt_sh.cgs,69.206764
ATLAS_SIG_B_TOP100,CGS001-672,BRCA1,trt_sh.cgs,-78.1992
ATLAS_SIG_B_TOP100,CGS001-675,BRCA2,trt_sh.cgs,67.25708
ATLAS_SIG_B_TOP100,CGS001-6046,BRD2,trt_sh.cgs,-70.35931
ATLAS_SIG_B_TOP100,CGS001-8019,BRD3,trt_sh.cgs,11.28452
ATLAS_SIG_B_TOP100,CGS001-23476,BRD4,trt_sh.cgs,13.06148
ATLAS_SIG_B_TOP100,CGS001-55290,BRF2,trt_sh.cgs,-54.981255
ATLAS_SIG_B_TOP100,CGS001-25874,BRP44,trt_sh.cgs,0.0
ATLAS_SIG_B_TOP100,CGS001-7862,BRPF1,trt_sh.cgs,37.163345
ATLAS_SIG_B_TOP100,CGS001-27154,BRPF3,trt_sh.cgs,32.517166
ATLAS_SIG_B_TOP100,CGS001-22903,BTBD3,trt_sh.cgs,54.931633
ATLAS_SIG_B_TOP100,CGS001-694,BTG1,trt_sh.cgs,-60.7816
ATLAS_SIG_B_TOP100,CGS001-7832,BTG2,trt_sh.cgs,47.70185
ATLAS_SIG_B_TOP100,CGS001-10950,BTG3,trt_sh.cgs,-87.372116
ATLAS_SIG_B_TOP100,CGS001-695,BTK,trt_sh.cgs,21.069656
ATLAS_SIG_B_TOP100,CGS001-8945,BTRC,trt_sh.cgs,11.319661
ATLAS_SIG_B_TOP100,CGS001-699,BUB1,trt_sh.cgs,-64.35707
ATLAS_SIG_B_TOP100,CGS001-701,BUB1B,trt_sh.cgs,52.749493
ATLAS_SIG_B_TOP100,CGS001-9184,BUB3,trt_sh.cgs,0.0
ATLAS_SIG_B_TOP100,CGS001-84811,BUD13,trt_sh.cgs,-55.31391
ATLAS_SIG_B_TOP100,CGS001-8896,BUD31,trt_sh.cgs,-80.92923
ATLAS_SIG_B_TOP100,CGS001-28969,BZW2,trt_sh.cgs,4.4649897
ATLAS_SIG_B_TOP100,CGS001-283450,C12ORF51,trt_sh.cgs,-50.975586
ATLAS_SIG_B_TOP100,CGS001-29965,C16ORF5,trt_sh.cgs,-2.368421
ATLAS_SIG_B_TOP100,CGS001-29105,C16ORF80,trt_sh.cgs,-2.0
ATLAS_SIG_B_TOP100,CGS001-56005,C19ORF10,trt_sh.cgs,0.0
ATLAS_SIG_B_TOP100,CGS001-55765,C1ORF106,trt_sh.cgs,-10.06748
ATLAS_SIG_B_TOP100,CGS001-708,C1QBP,trt_sh.cgs,-3.1685305
ATLAS_SIG_B_TOP100,CGS001-114904,C1QTNF6,trt_sh.cgs,7.894737
ATLAS_SIG_B_TOP100,CGS001-716,C1S,trt_sh.cgs,-5.236842
ATLAS_SIG_B_TOP100,CGS001-717,C2,trt_sh.cgs,-42.07284
ATLAS_SIG_B_TOP100,CGS001-25966,C2CD2,trt_sh.cgs,45.91676
ATLAS_SIG_B_TOP100,CGS001-9854,C2CD2L,trt_sh.cgs,0.0
ATLAS_SIG_B_TOP100,CGS001-6936,C2ORF3,trt_sh.cgs,88.60658
ATLAS_SIG_B_TOP100,CGS001-718,C3,trt_sh.cgs,27.38669
ATLAS_SIG_B_TOP100,CGS001-727,C5,trt_sh.cgs,-35.103077
ATLAS_SIG_B_TOP100,CGS001-85027,C5ORF62,trt_sh.cgs,-82.771805
ATLAS_SIG_B_TOP100,CGS001-771,CA12,trt_sh.cgs,45.347855
ATLAS_SIG_B_TOP100,CGS001-760,CA2,trt_sh.cgs,58.52773
ATLAS_SIG_B_TOP100,CGS001-51719,CAB39,trt_sh.cgs,-17.306087
ATLAS_SIG_B_TOP100,CGS001-23523,CABIN1,trt_sh.cgs,-82.56482
ATLAS_SIG_B_TOP100,CGS001-775,CACNA1C,trt_sh.cgs,46.96145
ATLAS_SIG_B_TOP100,CGS001-776,CACNA1D,trt_sh.cgs,3.8157895
ATLAS_SIG_B_TOP100,CGS001-790,CAD,trt_sh.cgs,8.5948
ATLAS_SIG_B_TOP100,CGS001-10241,CALCOCO2,trt_sh.cgs,91.81065
ATLAS_SIG_B_TOP100,CGS001-801,CALM1,trt_sh.cgs,23.326088
ATLAS_SIG_B_TOP100,CGS001-808,CALM3,trt_sh.cgs,15.915556
ATLAS_SIG_B_TOP100,CGS001-163688,CALML6,trt_sh.cgs,-77.95877
ATLAS_SIG_B_TOP100,CGS001-811,CALR,trt_sh.cgs,21.12415
ATLAS_SIG_B_TOP100,CGS001-813,CALU,trt_sh.cgs,-76.03862
ATLAS_SIG_B_TOP100,CGS001-8536,CAMK1,trt_sh.cgs,0.28947368
ATLAS_SIG_B_TOP100,CGS001-817,CAMK2D,trt_sh.cgs,1.2105263
ATLAS_SIG_B_TOP100,CGS001-818,CAMK2G,trt_sh.cgs,22.283491
ATLAS_SIG_B_TOP100,CGS001-10645,CAMKK2,trt_sh.cgs,74.32006
ATLAS_SIG_B_TOP100,CGS001-819,CAMLG,trt_sh.cgs,19.791553
ATLAS_SIG_B_TOP100,CGS001-23271,CAMSAP2,trt_sh.cgs,0.0
ATLAS_SIG_B_TOP100,CGS001-55832,CAND1,trt_sh.cgs,8.613608
ATLAS_SIG_B_TOP100,CGS001-23066,CAND2,trt_sh.cgs,-46.758053
ATLAS_SIG_B_TOP100,CGS001-124583,CANT1,trt_sh.cgs,-65.92846
ATLAS_SIG_B_TOP100,CGS001-821,CANX,trt_sh.cgs,8.394737
ATLAS_SIG_B_TOP100,CGS001-822,CAPG,trt_sh.cgs,9.883028
ATLAS_SIG_B_TOP100,CGS001-823,CAPN1,trt_sh.cgs,-24.150513
ATLAS_SIG_B_TOP100,CGS001-826,CAPNS1,trt_sh.cgs,-19.550407
ATLAS_SIG_B_TOP100,CGS001-133690,CAPSL,trt_sh.cgs,-46.470036
ATLAS_SIG_B_TOP100,CGS001-29775,CARD10,trt_sh.cgs,-55.413902
ATLAS_SIG_B_TOP100,CGS001-84433,CARD11,trt_sh.cgs,-52.922638
ATLAS_SIG_B_TOP100,CGS001-64170,CARD9,trt_sh.cgs,81.28937
ATLAS_SIG_B_TOP100,CGS001-22794,CASC3,trt_sh.cgs,50.692562
ATLAS_SIG_B_TOP100,CGS001-64921,CASD1,trt_sh.cgs,-44.915077
ATLAS_SIG_B_TOP100,CGS001-8573,CASK,trt_sh.cgs,-86.12567
ATLAS_SIG_B_TOP100,CGS001-843,CASP10,trt_sh.cgs,-77.90317
ATLAS_SIG_B_TOP100,CGS001-23581,CASP14,trt_sh.cgs,24.852224
ATLAS_SIG_B_TOP100,CGS001-835,CASP2,trt_sh.cgs,-26.078688
ATLAS_SIG_B_TOP100,CGS001-836,CASP3,trt_sh.cgs,1.4210526
ATLAS_SIG_B_TOP100,CGS001-837,CASP4,trt_sh.cgs,-72.74448
ATLAS_SIG_B_TOP100,CGS001-839,CASP6,trt_sh.cgs,14.444899
ATLAS_SIG_B_TOP100,CGS001-840,CASP7,trt_sh.cgs,12.557025
ATLAS_SIG_B_TOP100,CGS001-841,CASP8,trt_sh.cgs,-84.22976
ATLAS_SIG_B_TOP100,CGS001-842,CASP9,trt_sh.cgs,0.0
ATLAS_SIG_B_TOP100,CGS001-831,CAST,trt_sh.cgs,54.564068
ATLAS_SIG_B_TOP100,CGS001-847,CAT,trt_sh.cgs,43.989277
ATLAS_SIG_B_TOP100,CGS001-857,CAV1,trt_sh.cgs,-22.348621
ATLAS_SIG_B_TOP100,CGS001-863,CBFA2T3,trt_sh.cgs,58.523895
ATLAS_SIG_B_TOP100,CGS001-865,CBFB,trt_sh.cgs,72.62406
ATLAS_SIG_B_TOP100,CGS001-868,CBLB,trt_sh.cgs,30.515514
ATLAS_SIG_B_TOP100,CGS001-23624,CBLC,trt_sh.cgs,-9.052631
ATLAS_SIG_B_TOP100,CGS001-873,CBR1,trt_sh.cgs,34.09418
ATLAS_SIG_B_TOP100,CGS001-874,CBR3,trt_sh.cgs,3.0138512
ATLAS_SIG_B_TOP100,CGS001-875,CBS,trt_sh.cgs,15.699177
ATLAS_SIG_B_TOP100,CGS001-8535,CBX4,trt_sh.cgs,16.360638
ATLAS_SIG_B_TOP100,CGS001-23466,CBX6,trt_sh.cgs,72.98892
ATLAS_SIG_B_TOP100,CGS001-23492,CBX7,trt_sh.cgs,-78.24998
ATLAS_SIG_B_TOP100,CGS001-883,CCBL1,trt_sh.cgs,-50.48632
ATLAS_SIG_B_TOP100,CGS001-11007,CCDC85B,trt_sh.cgs,3.9181566
ATLAS_SIG_B_TOP100,CGS001-79080,CCDC86,trt_sh.cgs,65.4286
ATLAS_SIG_B_TOP100,CGS001-63933,CCDC90A,trt_sh.cgs,44.075497
ATLAS_SIG_B_TOP100,CGS001-80212,CCDC92,trt_sh.cgs,0.0
ATLAS_SIG_B_TOP100,CGS001-6347,CCL2,trt_sh.cgs,-10.605263
ATLAS_SIG_B_TOP100,CGS001-6364,CCL20,trt_sh.cgs,1.7856019
ATLAS_SIG_B_TOP100,CGS001-8900,CCNA1,trt_sh.cgs,39.350502
ATLAS_SIG_B_TOP100,CGS001-890,CCNA2,trt_sh.cgs,0.0
ATLAS_SIG_B_TOP100,CGS001-891,CCNB1,trt_sh.cgs,-19.210526
ATLAS_SIG_B_TOP100,CGS001-9133,CCNB2,trt_sh.cgs,32.036926
ATLAS_SIG_B_TOP100,CGS001-892,CCNC,trt_sh.cgs,14.444049
ATLAS_SIG_B_TOP100,CGS001-894,CCND2,trt_sh.cgs,-52.487938
ATLAS_SIG_B_TOP100,CGS001-896,CCND3,trt_sh.cgs,28.34061
ATLAS_SIG_B_TOP100,CGS001-898,CCNE1,trt_sh.cgs,-84.10516
ATLAS_SIG_B_TOP100,CGS001-899,CCNF,trt_sh.cgs,8.210526
ATLAS_SIG_B_TOP100,CGS001-900,CCNG1,trt_sh.cgs,24.597876
ATLAS_SIG_B_TOP100,CGS001-901,CCNG2,trt_sh.cgs,-21.233208
ATLAS_SIG_B_TOP100,CGS001-902,CCNH,trt_sh.cgs,-7.163409
ATLAS_SIG_B_TOP100,CGS001-57018,CCNL1,trt_sh.cgs,0.0
ATLAS_SIG_B_TOP100,CGS001-9738,CCP110,trt_sh.cgs,9.026316
ATLAS_SIG_B_TOP100,CGS001-9034,CCRL2,trt_sh.cgs,-49.377956
ATLAS_SIG_B_TOP100,CGS001-25819,CCRN4L,trt_sh.cgs,-30.199593
ATLAS_SIG_B_TOP100,CGS001-10574,CCT7,trt_sh.cgs,-15.238134
ATLAS_SIG_B_TOP100,CGS001-10694,CCT8,trt_sh.cgs,14.0243635
ATLAS_SIG_B_TOP100,CGS001-929,CD14,trt_sh.cgs,85.3821
ATLAS_SIG_B_TOP100,CGS001-930,CD19,trt_sh.cgs,-3.4736843
ATLAS_SIG_B_TOP100,CGS001-100133941,CD24,trt_sh.cgs,69.837845
ATLAS_SIG_B_TOP100,CGS001-10421,CD2BP2,trt_sh.cgs,11.955278
ATLAS_SIG_B_TOP100,CGS001-51293,CD320,trt_sh.cgs,-61.17687
ATLAS_SIG_B_TOP100,CGS001-958,CD40,trt_sh.cgs,68.03144
ATLAS_SIG_B_TOP100,CGS001-960,CD44,trt_sh.cgs,0.0
ATLAS_SIG_B_TOP100,CGS001-4179,CD46,trt_sh.cgs,0.0
ATLAS_SIG_B_TOP100,CGS001-1604,CD55,trt_sh.cgs,-5.185459
ATLAS_SIG_B_TOP100,CGS001-965,CD58,trt_sh.cgs,1.8947369
ATLAS_SIG_B_TOP100,CGS001-966,CD59,trt_sh.cgs,2.2631578
ATLAS_SIG_B_TOP100,CGS001-975,CD81,trt_sh.cgs,0.0
ATLAS_SIG_B_TOP100,CGS001-9308,CD83,trt_sh.cgs,53.158836
ATLAS_SIG_B_TOP100,CGS001-976,CD97,trt_sh.cgs,0.0
ATLAS_SIG_B_TOP100,CGS001-4267,CD99,trt_sh.cgs,-50.168518
ATLAS_SIG_B_TOP100,CGS001-978,CDA,trt_sh.cgs,-28.422321
ATLAS_SIG_B_TOP100,CGS001-8872,CDC123,trt_sh.cgs,0.0
ATLAS_SIG_B_TOP100,CGS001-991,CDC20,trt_sh.cgs,-51.35095
ATLAS_SIG_B_TOP100,CGS001-993,CDC25A,trt_sh.cgs,37.81062
ATLAS_SIG_B_TOP100,CGS001-994,CDC25B,trt_sh.cgs,-10.210526
ATLAS_SIG_B_TOP100,CGS001-995,CDC25C,trt_sh.cgs,75.066154
ATLAS_SIG_B_TOP100,CGS001-11140,CDC37,trt_sh.cgs,1.5263158
ATLAS_SIG_B_TOP100,CGS001-998,CDC42,trt_sh.cgs,98.535446
ATLAS_SIG_B_TOP100,CGS001-56882,CDC42SE1,trt_sh.cgs,16.46297
ATLAS_SIG_B_TOP100,CGS001-8318,CDC45,trt_sh.cgs,0.0
ATLAS_SIG_B_TOP100,CGS001-8317,CDC7,trt_sh.cgs,0.0
ATLAS_SIG_B_TOP100,CGS001-55038,CDCA4,trt_sh.cgs,54.932526
ATLAS_SIG_B_TOP100,CGS001-55536,CDCA7L,trt_sh.cgs,37.14115
ATLAS_SIG_B_TOP100,CGS001-55143,CDCA8,trt_sh.cgs,43.20215
ATLAS_SIG_B_TOP100,CGS001-999,CDH1,trt_sh.cgs,52.572674
ATLAS_SIG_B_TOP100,CGS001-1009,CDH11,trt_sh.cgs,0.0
ATLAS_SIG_B_TOP100,CGS001-1001,CDH3,trt_sh.cgs,1.6842105
ATLAS_SIG_B_TOP100,CGS001-10423,CDIPT,trt_sh.cgs,-61.578148
ATLAS_SIG_B_TOP100,CGS001-983,CDK1,trt_sh.cgs,48.434727
ATLAS_SIG_B_TOP100,CGS001-8558,CDK10,trt_sh.cgs,-31.405468
ATLAS_SIG_B_TOP100,CGS001-984,CDK11B,trt_sh.cgs,8.052631
ATLAS_SIG_B_TOP100,CGS001-5127,CDK16,trt_sh.cgs,8.6784115
ATLAS_SIG_B_TOP100,CGS001-23097,CDK19,trt_sh.cgs,12.968575
ATLAS_SIG_B_TOP100,CGS001-1017,CDK2,trt_sh.cgs,1.9473684
ATLAS_SIG_B_TOP100,CGS001-1020,CDK5,trt_sh.cgs,82.15624
ATLAS_SIG_B_TOP100,CGS001-1021,CDK6,trt_sh.cgs,-21.131493
ATLAS_SIG_B_TOP100,CGS001-1024,CDK8,trt_sh.cgs,3.4210527
ATLAS_SIG_B_TOP100,CGS001-1025,CDK9,trt_sh.cgs,3.6842105
ATLAS_SIG_B_TOP100,CGS001-54901,CDKAL1,trt_sh.cgs,-84.60248
ATLAS_SIG_B_TOP100,CGS001-344387,CDKL4,trt_sh.cgs,-13.839482
ATLAS_SIG_B_TOP100,CGS001-1026,CDKN1A,trt_sh.cgs,-13.847971
ATLAS_SIG_B_TOP100,CGS001-1027,CDKN1B,trt_sh.cgs,32.46738
ATLAS_SIG_B_TOP100,CGS001-1028,CDKN1C,trt_sh.cgs,19.53899
ATLAS_SIG_B_TOP100,CGS001-1029,CDKN2A,trt_sh.cgs,92.378876
ATLAS_SIG_B_TOP100,CGS001-1030,CDKN2B,trt_sh.cgs,-34.86293
ATLAS_SIG_B_TOP100,CGS001-1031,CDKN2C,trt_sh.cgs,-79.342926
ATLAS_SIG_B_TOP100,CGS001-1036,CDO1,trt_sh.cgs,0.0
ATLAS_SIG_B_TOP100,CGS001-1044,CDX1,trt_sh.cgs,4.4736843
ATLAS_SIG_B_TOP100,CGS001-1045,CDX2,trt_sh.cgs,67.32078
ATLAS_SIG_B_TOP100,CGS001-634,CEACAM1,trt_sh.cgs,-42.831924
ATLAS_SIG_B_TOP100,CGS001-1050,CEBPA,trt_sh.cgs,75.77484
ATLAS_SIG_B_TOP100,CGS001-1051,CEBPB,trt_sh.cgs,-31.060266
ATLAS_SIG_B_TOP100,CGS001-1052,CEBPD,trt_sh.cgs,68.20509
ATLAS_SIG_B_TOP100,CGS001-1054,CEBPG,trt_sh.cgs,0.5897004
ATLAS_SIG_B_TOP100,CGS001-10153,CEBPZ,trt_sh.cgs,-50.48666
ATLAS_SIG_B_TOP100,CGS001-1952,CELSR2,trt_sh.cgs,-96.70026
ATLAS_SIG_B_TOP100,CGS001-1951,CELSR3,trt_sh.cgs,-74.85743
ATLAS_SIG_B_TOP100,CGS001-1062,CENPE,trt_sh.cgs,69.428955
ATLAS_SIG_B_TOP100,CGS001-55165,CEP55,trt_sh.cgs,59.853626
ATLAS_SIG_B_TOP100,CGS001-9702,CEP57,trt_sh.cgs,-51.226494
ATLAS_SIG_B_TOP100,CGS001-55722,CEP72,trt_sh.cgs,-1.6842105
ATLAS_SIG_B_TOP100,CGS001-10390,CEPT1,trt_sh.cgs,0.0
ATLAS_SIG_B_TOP100,CGS001-64781,CERK,trt_sh.cgs,-81.792725
ATLAS_SIG_B_TOP100,CGS001-29956,CERS2,trt_sh.cgs,43.94861
ATLAS_SIG_B_TOP100,CGS001-204219,CERS3,trt_sh.cgs,0.0
ATLAS_SIG_B_TOP100,CGS001-79603,CERS4,trt_sh.cgs,-77.410194
ATLAS_SIG_B_TOP100,CGS001-1066,CES1,trt_sh.cgs,1.8421053
ATLAS_SIG_B_TOP100,CGS001-8824,CES2,trt_sh.cgs,36.95423
ATLAS_SIG_B_TOP100,CGS001-1069,CETN2,trt_sh.cgs,-66.46623
ATLAS_SIG_B_TOP100,CGS001-1070,CETN3,trt_sh.cgs,45.122772
ATLAS_SIG_B_TOP100,CGS001-629,CFB,trt_sh.cgs,-39.315315
ATLAS_SIG_B_TOP100,CGS001-1675,CFD,trt_sh.cgs,-98.76316
ATLAS_SIG_B_TOP100,CGS001-8837,CFLAR,trt_sh.cgs,16.504894
ATLAS_SIG_B_TOP100,CGS001-1080,CFTR,trt_sh.cgs,-4.236842
ATLAS_SIG_B_TOP100,CGS001-10668,CGRRF1,trt_sh.cgs,50.3816
ATLAS_SIG_B_TOP100,CGS001-79094,CHAC1,trt_sh.cgs,-11.125515
ATLAS_SIG_B_TOP100,CGS001-8208,CHAF1B,trt_sh.cgs,26.339756
ATLAS_SIG_B_TOP100,CGS001-79145,CHCHD7,trt_sh.cgs,1.0263158
ATLAS_SIG_B_TOP100,CGS001-1105,CHD1,trt_sh.cgs,78.45442
ATLAS_SIG_B_TOP100,CGS001-57680,CHD8,trt_sh.cgs,62.969864
ATLAS_SIG_B_TOP100,CGS001-1111,CHEK1,trt_sh.cgs,-0.078947365
ATLAS_SIG_B_TOP100,CGS001-11200,CHEK2,trt_sh.cgs,4.5558968
ATLAS_SIG_B_TOP100,CGS001-10523,CHERP,trt_sh.cgs,86.96391
ATLAS_SIG_B_TOP100,CGS001-26511,CHIC2,trt_sh.cgs,90.925385
ATLAS_SIG_B_TOP100,CGS001-1120,CHKB,trt_sh.cgs,-12.916918
ATLAS_SIG_B_TOP100,CGS001-27243,CHMP2A,trt_sh.cgs,20.750696
ATLAS_SIG_B_TOP100,CGS001-29082,CHMP4A,trt_sh.cgs,0.0
ATLAS_SIG_B_TOP100,CGS001-79643,CHMP6,trt_sh.cgs,-27.790867
ATLAS_SIG_B_TOP100,CGS001-1123,CHN1,trt_sh.cgs,-74.04588
ATLAS_SIG_B_TOP100,CGS001-54108,CHRAC1,trt_sh.cgs,28.001297
ATLAS_SIG_B_TOP100,CGS001-1128,CHRM1,trt_sh.cgs,-42.07741
ATLAS_SIG_B_TOP100,CGS001-1131,CHRM3,trt_sh.cgs,-2.631579
ATLAS_SIG_B_TOP100,CGS001-1147,CHUK,trt_sh.cgs,-68.53857
ATLAS_SIG_B_TOP100,CGS001-57019,CIAPIN1,trt_sh.cgs,-83.65381
ATLAS_SIG_B_TOP100,CGS001-1153,CIRBP,trt_sh.cgs,67.483
ATLAS_SIG_B_TOP100,CGS001-55847,CISD1,trt_sh.cgs,-51.03684
ATLAS_SIG_B_TOP100,CGS001-1154,CISH,trt_sh.cgs,-75.73165
ATLAS_SIG_B_TOP100,CGS001-1152,CKB,trt_sh.cgs,18.34587
ATLAS_SIG_B_TOP100,CGS001-1163,CKS1B,trt_sh.cgs,28.25515
ATLAS_SIG_B_TOP100,CGS001-11129,CLASRP,trt_sh.cgs,-37.09132
ATLAS_SIG_B_TOP100,CGS001-1182,CLCN3,trt_sh.cgs,7.8871393
ATLAS_SIG_B_TOP100,CGS001-1184,CLCN5,trt_sh.cgs,39.403473
ATLAS_SIG_B_TOP100,CGS001-23274,CLEC16A,trt_sh.cgs,79.98506
ATLAS_SIG_B_TOP100,CGS001-25932,CLIC4,trt_sh.cgs,-8.64089
ATLAS_SIG_B_TOP100,CGS001-1195,CLK1,trt_sh.cgs,-51.917435
ATLAS_SIG_B_TOP100,CGS001-1196,CLK2,trt_sh.cgs,-33.68383
ATLAS_SIG_B_TOP100,CGS001-1198,CLK3,trt_sh.cgs,-13.400702
ATLAS_SIG_B_TOP100,CGS001-57396,CLK4,trt_sh.cgs,64.36196
ATLAS_SIG_B_TOP100,CGS001-1201,CLN3,trt_sh.cgs,-57.265644
ATLAS_SIG_B_TOP100,CGS001-9575,CLOCK,trt_sh.cgs,-50.560104
ATLAS_SIG_B_TOP100,CGS001-81570,CLPB,trt_sh.cgs,15.684262
ATLAS_SIG_B_TOP100,CGS001-8192,CLPP,trt_sh.cgs,28.05029
ATLAS_SIG_B_TOP100,CGS001-1209,CLPTM1,trt_sh.cgs,-63.66922
ATLAS_SIG_B_TOP100,CGS001-10845,CLPX,trt_sh.cgs,-9.220083
ATLAS_SIG_B_TOP100,CGS001-1211,CLTA,trt_sh.cgs,0.0
ATLAS_SIG_B_TOP100,CGS001-1212,CLTB,trt_sh.cgs,3.7368422
ATLAS_SIG_B_TOP100,CGS001-1213,CLTC,trt_sh.cgs,39.79092
ATLAS_SIG_B_TOP100,CGS001-55907,CMAS,trt_sh.cgs,5.824893
ATLAS_SIG_B_TOP100,CGS001-51727,CMPK1,trt_sh.cgs,2.6213062
ATLAS_SIG_B_TOP100,CGS001-55748,CNDP2,trt_sh.cgs,-88.96243
ATLAS_SIG_B_TOP100,CGS001-4849,CNOT3,trt_sh.cgs,32.2483
ATLAS_SIG_B_TOP100,CGS001-4850,CNOT4,trt_sh.cgs,-92.938034
ATLAS_SIG_B_TOP100,CGS001-29883,CNOT7,trt_sh.cgs,24.249462
ATLAS_SIG_B_TOP100,CGS001-9337,CNOT8,trt_sh.cgs,74.64473
ATLAS_SIG_B_TOP100,CGS001-10695,CNPY3,trt_sh.cgs,56.71688
ATLAS_SIG_B_TOP100,CGS001-80347,COASY,trt_sh.cgs,-83.737236
ATLAS_SIG_B_TOP100,CGS001-23242,COBL,trt_sh.cgs,-49.568672
ATLAS_SIG_B_TOP100,CGS001-22796,COG2,trt_sh.cgs,0.0
ATLAS_SIG_B_TOP100,CGS001-25839,COG4,trt_sh.cgs,48.706413
ATLAS_SIG_B_TOP100,CGS001-91949,COG7,trt_sh.cgs,46.286346
ATLAS_SIG_B_TOP100,CGS001-1305,COL13A1,trt_sh.cgs,-9.257458
ATLAS_SIG_B_TOP100,CGS001-1284,COL4A2,trt_sh.cgs,37.718605
ATLAS_SIG_B_TOP100,CGS001-1287,COL4A5,trt_sh.cgs,21.452633
ATLAS_SIG_B_TOP100,CGS001-1312,COMT,trt_sh.cgs,-50.871643
ATLAS_SIG_B_TOP100,CGS001-9276,COPB2,trt_sh.cgs,4.3157897
ATLAS_SIG_B_TOP100,CGS001-10987,COPS5,trt_sh.cgs,8.37055
ATLAS_SIG_B_TOP100,CGS001-50813,COPS7A,trt_sh.cgs,59.130535
ATLAS_SIG_B_TOP100,CGS001-22818,COPZ1,trt_sh.cgs,24.6957
ATLAS_SIG_B_TOP100,CGS001-51805,COQ3,trt_sh.cgs,-56.424335
ATLAS_SIG_B_TOP100,CGS001-11151,CORO1A,trt_sh.cgs,18.149107
ATLAS_SIG_B_TOP100,CGS001-1327,COX4I1,trt_sh.cgs,28.001623
ATLAS_SIG_B_TOP100,CGS001-9377,COX5A,trt_sh.cgs,-1.1315789
ATLAS_SIG_B_TOP100,CGS001-1329,COX5B,trt_sh.cgs,9.108273
ATLAS_SIG_B_TOP100,CGS001-125965,COX6B2,trt_sh.cgs,12.497445
ATLAS_SIG_B_TOP100,CGS001-1345,COX6C,trt_sh.cgs,-57.9533
ATLAS_SIG_B_TOP100,CGS001-1349,COX7B,trt_sh.cgs,-26.101963
ATLAS_SIG_B_TOP100,CGS001-1356,CP,trt_sh.cgs,-86.56055
ATLAS_SIG_B_TOP100,CGS001-1362,CPD,trt_sh.cgs,23.534767
ATLAS_SIG_B_TOP100,CGS001-1363,CPE,trt_sh.cgs,1.8722754
ATLAS_SIG_B_TOP100,CGS001-8895,CPNE3,trt_sh.cgs,-54.628548
ATLAS_SIG_B_TOP100,CGS001-10898,CPSF4,trt_sh.cgs,53.64328
ATLAS_SIG_B_TOP100,CGS001-1374,CPT1A,trt_sh.cgs,-45.90295
ATLAS_SIG_B_TOP100,CGS001-1376,CPT2,trt_sh.cgs,-14.970835
ATLAS_SIG_B_TOP100,CGS001-1381,CRABP1,trt_sh.cgs,-4.412627
ATLAS_SIG_B_TOP100,CGS001-1382,CRABP2,trt_sh.cgs,18.574131
ATLAS_SIG_B_TOP100,CGS001-8738,CRADD,trt_sh.cgs,43.70632
ATLAS_SIG_B_TOP100,CGS001-1384,CRAT,trt_sh.cgs,0.0
ATLAS_SIG_B_TOP100,CGS001-1385,CREB1,trt_sh.cgs,-3.3344436
ATLAS_SIG_B_TOP100,CGS001-10488,CREB3,trt_sh.cgs,0.0
ATLAS_SIG_B_TOP100,CGS001-90993,CREB3L1,trt_sh.cgs,-13.030964
ATLAS_SIG_B_TOP100,CGS001-64764,CREB3L2,trt_sh.cgs,11.616652
ATLAS_SIG_B_TOP100,CGS001-148327,CREB3L4,trt_sh.cgs,10.679157
ATLAS_SIG_B_TOP100,CGS001-1387,CREBBP,trt_sh.cgs,-60.826942
ATLAS_SIG_B_TOP100,CGS001-1389,CREBL2,trt_sh.cgs,2.7894738
ATLAS_SIG_B_TOP100,CGS001-8804,CREG1,trt_sh.cgs,86.87528
ATLAS_SIG_B_TOP100,CGS001-79174,CRELD2,trt_sh.cgs,-53.763355
ATLAS_SIG_B_TOP100,CGS001-1390,CREM,trt_sh.cgs,-42.530415
ATLAS_SIG_B_TOP100,CGS001-1398,CRK,trt_sh.cgs,20.271872
ATLAS_SIG_B_TOP100,CGS001-1399,CRKL,trt_sh.cgs,62.029507
ATLAS_SIG_B_TOP100,CGS001-54677,CROT,trt_sh.cgs,21.462643
ATLAS_SIG_B_TOP100,CGS001-10491,CRTAP,trt_sh.cgs,34.121002
ATLAS_SIG_B_TOP100,CGS001-1407,CRY1,trt_sh.cgs,-56.90806
ATLAS_SIG_B_TOP100,CGS001-1409,CRYAA,trt_sh.cgs,-38.854385
ATLAS_SIG_B_TOP100,CGS001-1429,CRYZ,trt_sh.cgs,21.822327
ATLAS_SIG_B_TOP100,CGS001-1431,CS,trt_sh.cgs,7.479504
ATLAS_SIG_B_TOP100,CGS001-51380,CSAD,trt_sh.cgs,32.1892
ATLAS_SIG_B_TOP100,CGS001-8531,CSDA,trt_sh.cgs,-81.863655
ATLAS_SIG_B_TOP100,CGS001-1440,CSF3,trt_sh.cgs,-30.005096
ATLAS_SIG_B_TOP100,CGS001-1445,CSK,trt_sh.cgs,-22.497242
ATLAS_SIG_B_TOP100,CGS001-1452,CSNK1A1,trt_sh.cgs,10.315789
ATLAS_SIG_B_TOP100,CGS001-122011,CSNK1A1L,trt_sh.cgs,-81.30568
ATLAS_SIG_B_TOP100,CGS001-1453,CSNK1D,trt_sh.cgs,-8.947369
ATLAS_SIG_B_TOP100,CGS001-1454,CSNK1E,trt_sh.cgs,24.539474
ATLAS_SIG_B_TOP100,CGS001-1457,CSNK2A1,trt_sh.cgs,-2.6578948
ATLAS_SIG_B_TOP100,CGS001-1459,CSNK2A2,trt_sh.cgs,-0.57894737
ATLAS_SIG_B_TOP100,CGS001-1460,CSNK2B,trt_sh.cgs,-42.529694
ATLAS_SIG_B_TOP100,CGS001-1465,CSRP1,trt_sh.cgs,30.652962
ATLAS_SIG_B_TOP100,CGS001-1488,CTBP2,trt_sh.cgs,-3.21521
ATLAS_SIG_B_TOP100,CGS001-10664,CTCF,trt_sh.cgs,64.12755
ATLAS_SIG_B_TOP100,CGS001-140690,CTCFL,trt_sh.cgs,63.00849
ATLAS_SIG_B_TOP100,CGS001-58190,CTDSP1,trt_sh.cgs,-20.153143
ATLAS_SIG_B_TOP100,CGS001-1490,CTGF,trt_sh.cgs,21.885216
ATLAS_SIG_B_TOP100,CGS001-1491,CTH,trt_sh.cgs,51.81286
ATLAS_SIG_B_TOP100,CGS001-1493,CTLA4,trt_sh.cgs,-27.331543
ATLAS_SIG_B_TOP100,CGS001-1495,CTNNA1,trt_sh.cgs,10.346966
ATLAS_SIG_B_TOP100,CGS001-8727,CTNNAL1,trt_sh.cgs,69.29928
ATLAS_SIG_B_TOP100,CGS001-1499,CTNNB1,trt_sh.cgs,61.20085
ATLAS_SIG_B_TOP100,CGS001-56998,CTNNBIP1,trt_sh.cgs,4.0388594
ATLAS_SIG_B_TOP100,CGS001-1500,CTNND1,trt_sh.cgs,5.9736843
ATLAS_SIG_B_TOP100,CGS001-1497,CTNS,trt_sh.cgs,45.054974
ATLAS_SIG_B_TOP100,CGS001-1503,CTPS,trt_sh.cgs,8.762922
ATLAS_SIG_B_TOP100,CGS001-1504,CTRB1,trt_sh.cgs,10.238709
ATLAS_SIG_B_TOP100,CGS001-440387,CTRB2,trt_sh.cgs,69.620285
ATLAS_SIG_B_TOP100,CGS001-1508,CTSB,trt_sh.cgs,-22.316822
ATLAS_SIG_B_TOP100,CGS001-1509,CTSD,trt_sh.cgs,2.6842105
ATLAS_SIG_B_TOP100,CGS001-1513,CTSK,trt_sh.cgs,-45.41924
ATLAS_SIG_B_TOP100,CGS001-1514,CTSL1,trt_sh.cgs,87.86749
ATLAS_SIG_B_TOP100,CGS001-1515,CTSL2,trt_sh.cgs,-70.63696
ATLAS_SIG_B_TOP100,CGS001-2017,CTTN,trt_sh.cgs,-57.799294
ATLAS_SIG_B_TOP100,CGS001-8453,CUL2,trt_sh.cgs,-75.255
ATLAS_SIG_B_TOP100,CGS001-1525,CXADR,trt_sh.cgs,-75.40518
ATLAS_SIG_B_TOP100,CGS001-2919,CXCL1,trt_sh.cgs,18.111305
ATLAS_SIG_B_TOP100,CGS001-6387,CXCL12,trt_sh.cgs,9.386756
ATLAS_SIG_B_TOP100,CGS001-2920,CXCL2,trt_sh.cgs,-87.958984
ATLAS_SIG_B_TOP100,CGS001-7852,CXCR4,trt_sh.cgs,-92.84172
ATLAS_SIG_B_TOP100,CGS001-57007,CXCR7,trt_sh.cgs,-67.403145
ATLAS_SIG_B_TOP100,CGS001-1534,CYB561,trt_sh.cgs,-85.3447
ATLAS_SIG_B_TOP100,CGS001-1727,CYB5R3,trt_sh.cgs,32.210125
ATLAS_SIG_B_TOP100,CGS001-1537,CYC1,trt_sh.cgs,0.0
ATLAS_SIG_B_TOP100,CGS001-1545,CYP1B1,trt_sh.cgs,-38.35697
ATLAS_SIG_B_TOP100,CGS001-57404,CYP20A1,trt_sh.cgs,4.0526314
ATLAS_SIG_B_TOP100,CGS001-1591,CYP24A1,trt_sh.cgs,-24.053354
ATLAS_SIG_B_TOP100,CGS001-1594,CYP27B1,trt_sh.cgs,0.0
ATLAS_SIG_B_TOP100,CGS001-1577,CYP3A5,trt_sh.cgs,26.92596
ATLAS_SIG_B_TOP100,CGS001-1595,CYP51A1,trt_sh.cgs,1.8461485
ATLAS_SIG_B_TOP100,CGS001-9267,CYTH1,trt_sh.cgs,-38.474777
ATLAS_SIG_B_TOP100,CGS001-117154,DACH2,trt_sh.cgs,5.245021
ATLAS_SIG_B_TOP100,CGS001-1605,DAG1,trt_sh.cgs,22.291397
ATLAS_SIG_B_TOP100,CGS001-1611,DAP,trt_sh.cgs,27.209667
ATLAS_SIG_B_TOP100,CGS001-1612,DAPK1,trt_sh.cgs,17.21117
ATLAS_SIG_B_TOP100,CGS001-1615,DARS,trt_sh.cgs,13.872496
ATLAS_SIG_B_TOP100,CGS001-1616,DAXX,trt_sh.cgs,85.061325
ATLAS_SIG_B_TOP100,CGS001-1622,DBI,trt_sh.cgs,-80.55453
ATLAS_SIG_B_TOP100,CGS001-1633,DCK,trt_sh.cgs,66.25989
ATLAS_SIG_B_TOP100,CGS001-64858,DCLRE1B,trt_sh.cgs,0.0
ATLAS_SIG_B_TOP100,CGS001-55802,DCP1A,trt_sh.cgs,2.6842105
ATLAS_SIG_B_TOP100,CGS001-28960,DCPS,trt_sh.cgs,70.41367
ATLAS_SIG_B_TOP100,CGS001-1635,DCTD,trt_sh.cgs,-17.585789
ATLAS_SIG_B_TOP100,CGS001-10671,DCTN6,trt_sh.cgs,66.17123
ATLAS_SIG_B_TOP100,CGS001-23142,DCUN1D4,trt_sh.cgs,-63.25421
ATLAS_SIG_B_TOP100,CGS001-51181,DCXR,trt_sh.cgs,-2.9736843
ATLAS_SIG_B_TOP100,CGS001-23576,DDAH1,trt_sh.cgs,1.1235073
ATLAS_SIG_B_TOP100,CGS001-23564,DDAH2,trt_sh.cgs,6.772536
ATLAS_SIG_B_TOP100,CGS001-1642,DDB1,trt_sh.cgs,40.700966
ATLAS_SIG_B_TOP100,CGS001-1643,DDB2,trt_sh.cgs,86.410225
ATLAS_SIG_B_TOP100,CGS001-1644,DDC,trt_sh.cgs,-66.908936
ATLAS_SIG_B_TOP100,CGS001-1649,DDIT3,trt_sh.cgs,62.84872
ATLAS_SIG_B_TOP100,CGS001-54541,DDIT4,trt_sh.cgs,12.609382
ATLAS_SIG_B_TOP100,CGS001-1650,DDOST,trt_sh.cgs,53.945213
ATLAS_SIG_B_TOP100,CGS001-780,DDR1,trt_sh.cgs,31.919453
ATLAS_SIG_B_TOP100,CGS001-1662,DDX10,trt_sh.cgs,86.62094
ATLAS_SIG_B_TOP100,CGS001-7919,DDX39B,trt_sh.cgs,0.0
ATLAS_SIG_B_TOP100,CGS001-11325,DDX42,trt_sh.cgs,52.02169
ATLAS_SIG_B_TOP100,CGS001-54555,DDX49,trt_sh.cgs,22.764898
ATLAS_SIG_B_TOP100,CGS001-1655,DDX5,trt_sh.cgs,60.734325
ATLAS_SIG_B_TOP100,CGS001-1666,DECR1,trt_sh.cgs,3.0351887
ATLAS_SIG_B_TOP100,CGS001-7913,DEK,trt_sh.cgs,49.85478
ATLAS_SIG_B_TOP100,CGS001-163486,DENND1B,trt_sh.cgs,-2.8145268
ATLAS_SIG_B_TOP100,CGS001-79961,DENND2D,trt_sh.cgs,-9.889715
ATLAS_SIG_B_TOP100,CGS001-51071,DERA,trt_sh.cgs,33.807724
ATLAS_SIG_B_TOP100,CGS001-79139,DERL1,trt_sh.cgs,3.9473684
ATLAS_SIG_B_TOP100,CGS001-1676,DFFA,trt_sh.cgs,-98.06763
ATLAS_SIG_B_TOP100,CGS001-1677,DFFB,trt_sh.cgs,-8.068679
ATLAS_SIG_B_TOP100,CGS001-25861,DFNB31,trt_sh.cgs,-67.47588
ATLAS_SIG_B_TOP100,CGS001-8220,DGCR14,trt_sh.cgs,-65.50437
ATLAS_SIG_B_TOP100,CGS001-1606,DGKA,trt_sh.cgs,-92.25917
ATLAS_SIG_B_TOP100,CGS001-8527,DGKD,trt_sh.cgs,-35.46294
ATLAS_SIG_B_TOP100,CGS001-8525,DGKZ,trt_sh.cgs,-10.106911
ATLAS_SIG_B_TOP100,CGS001-1718,DHCR24,trt_sh.cgs,-46.77456
ATLAS_SIG_B_TOP100,CGS001-1717,DHCR7,trt_sh.cgs,40.63771
ATLAS_SIG_B_TOP100,CGS001-79947,DHDDS,trt_sh.cgs,-3.7105262
ATLAS_SIG_B_TOP100,CGS001-1719,DHFR,trt_sh.cgs,87.1413
ATLAS_SIG_B_TOP100,CGS001-50846,DHH,trt_sh.cgs,0.0
ATLAS_SIG_B_TOP100,CGS001-1725,DHPS,trt_sh.cgs,39.487762
ATLAS_SIG_B_TOP100,CGS001-10202,DHRS2,trt_sh.cgs,-2.0095625
ATLAS_SIG_B_TOP100,CGS001-9249,DHRS3,trt_sh.cgs,40.32284
ATLAS_SIG_B_TOP100,CGS001-51635,DHRS7,trt_sh.cgs,58.87509
ATLAS_SIG_B_TOP100,CGS001-55526,DHTKD1,trt_sh.cgs,-39.632126
ATLAS_SIG_B_TOP100,CGS001-8449,DHX16,trt_sh.cgs,-53.405853
ATLAS_SIG_B_TOP100,CGS001-54505,DHX29,trt_sh.cgs,16.040741
ATLAS_SIG_B_TOP100,CGS001-1659,DHX8,trt_sh.cgs,-93.87926
ATLAS_SIG_B_TOP100,CGS001-56616,DIABLO,trt_sh.cgs,31.964018
ATLAS_SIG_B_TOP100,CGS001-23405,DICER1,trt_sh.cgs,-2.0492258
ATLAS_SIG_B_TOP100,CGS001-11083,DIDO1,trt_sh.cgs,0.57894737
ATLAS_SIG_B_TOP100,CGS001-1736,DKC1,trt_sh.cgs,0.0
ATLAS_SIG_B_TOP100,CGS001-1737,DLAT,trt_sh.cgs,-11.045543
ATLAS_SIG_B_TOP100,CGS001-10395,DLC1,trt_sh.cgs,6.7105265
ATLAS_SIG_B_TOP100,CGS001-1738,DLD,trt_sh.cgs,21.639498
ATLAS_SIG_B_TOP100,CGS001-9231,DLG5,trt_sh.cgs,2.8157895
ATLAS_SIG_B_TOP100,CGS001-9787,DLGAP5,trt_sh.cgs,38.308147
ATLAS_SIG_B_TOP100,CGS001-1746,DLX2,trt_sh.cgs,72.38567
ATLAS_SIG_B_TOP100,CGS001-1747,DLX3,trt_sh.cgs,17.717085
ATLAS_SIG_B_TOP100,CGS001-1756,DMD,trt_sh.cgs,8.0
ATLAS_SIG_B_TOP100,CGS001-63948,DMRTB1,trt_sh.cgs,0.0
ATLAS_SIG_B_TOP100,CGS001-9988,DMTF1,trt_sh.cgs,-81.77185
ATLAS_SIG_B_TOP100,CGS001-1763,DNA2,trt_sh.cgs,-48.481697
ATLAS_SIG_B_TOP100,CGS001-9093,DNAJA3,trt_sh.cgs,30.417187
ATLAS_SIG_B_TOP100,CGS001-3337,DNAJB1,trt_sh.cgs,-41.136997
ATLAS_SIG_B_TOP100,CGS001-54788,DNAJB12,trt_sh.cgs,69.26407
ATLAS_SIG_B_TOP100,CGS001-3300,DNAJB2,trt_sh.cgs,1.7631578
ATLAS_SIG_B_TOP100,CGS001-10049,DNAJB6,trt_sh.cgs,-62.479942
ATLAS_SIG_B_TOP100,CGS001-4189,DNAJB9,trt_sh.cgs,56.511963
ATLAS_SIG_B_TOP100,CGS001-64215,DNAJC1,trt_sh.cgs,51.610935
ATLAS_SIG_B_TOP100,CGS001-56521,DNAJC12,trt_sh.cgs,9.453907
ATLAS_SIG_B_TOP100,CGS001-29103,DNAJC15,trt_sh.cgs,-99.31579
ATLAS_SIG_B_TOP100,CGS001-1759,DNM1,trt_sh.cgs,-1.3421053
ATLAS_SIG_B_TOP100,CGS001-10059,DNM1L,trt_sh.cgs,-78.05265
ATLAS_SIG_B_TOP100,CGS001-1786,DNMT1,trt_sh.cgs,18.992514
ATLAS_SIG_B_TOP100,CGS001-1788,DNMT3A,trt_sh.cgs,13.862247
ATLAS_SIG_B_TOP100,CGS001-29947,DNMT3L,trt_sh.cgs,2.8661096
ATLAS_SIG_B_TOP100,CGS001-23549,DNPEP,trt_sh.cgs,32.061398
ATLAS_SIG_B_TOP100,CGS001-30836,DNTTIP2,trt_sh.cgs,19.49583
ATLAS_SIG_B_TOP100,CGS001-55715,DOK4,trt_sh.cgs,-4.547204
ATLAS_SIG_B_TOP100,CGS001-8193,DPF1,trt_sh.cgs,24.392311
ATLAS_SIG_B_TOP100,CGS001-1802,DPH2,trt_sh.cgs,3.8205087
ATLAS_SIG_B_TOP100,CGS001-1803,DPP4,trt_sh.cgs,22.143494
ATLAS_SIG_B_TOP100,CGS001-1806,DPYD,trt_sh.cgs,-60.491585
ATLAS_SIG_B_TOP100,CGS001-1810,DR1,trt_sh.cgs,-47.024864
ATLAS_SIG_B_TOP100,CGS001-10589,DRAP1,trt_sh.cgs,-1.6052631
ATLAS_SIG_B_TOP100,CGS001-29102,DROSHA,trt_sh.cgs,6.4210525
ATLAS_SIG_B_TOP100,CGS001-29940,DSE,trt_sh.cgs,-74.63412
ATLAS_SIG_B_TOP100,CGS001-1829,DSG2,trt_sh.cgs,-3.7962666
ATLAS_SIG_B_TOP100,CGS001-1837,DTNA,trt_sh.cgs,39.734787
ATLAS_SIG_B_TOP100,CGS001-1840,DTX1,trt_sh.cgs,-13.170988
ATLAS_SIG_B_TOP100,CGS001-113878,DTX2,trt_sh.cgs,-87.78913
ATLAS_SIG_B_TOP100,CGS001-151636,DTX3L,trt_sh.cgs,-57.414875
ATLAS_SIG_B_TOP100,CGS001-1841,DTYMK,trt_sh.cgs,-63.131153
ATLAS_SIG_B_TOP100,CGS001-1843,DUSP1,trt_sh.cgs,-82.72635
ATLAS_SIG_B_TOP100,CGS001-8446,DUSP11,trt_sh.cgs,38.3592
ATLAS_SIG_B_TOP100,CGS001-11072,DUSP14,trt_sh.cgs,-2.812938
ATLAS_SIG_B_TOP100,CGS001-1844,DUSP2,trt_sh.cgs,-19.01791
ATLAS_SIG_B_TOP100,CGS001-56940,DUSP22,trt_sh.cgs,-16.576057
ATLAS_SIG_B_TOP100,CGS001-1845,DUSP3,trt_sh.cgs,38.814327
ATLAS_SIG_B_TOP100,CGS001-1848,DUSP6,trt_sh.cgs,74.446175
ATLAS_SIG_B_TOP100,CGS001-1849,DUSP7,trt_sh.cgs,-95.78929
ATLAS_SIG_B_TOP100,CGS001-1852,DUSP9,trt_sh.cgs,-19.779385
ATLAS_SIG_B_TOP100,CGS001-1854,DUT,trt_sh.cgs,26.739908
ATLAS_SIG_B_TOP100,CGS001-1855,DVL1,trt_sh.cgs,-34.825054
ATLAS_SIG_B_TOP100,CGS001-1856,DVL2,trt_sh.cgs,1.3684211
ATLAS_SIG_B_TOP100,CGS001-8655,DYNLL1,trt_sh.cgs,0.0
ATLAS_SIG_B_TOP100,CGS001-140735,DYNLL2,trt_sh.cgs,0.0
ATLAS_SIG_B_TOP100,CGS001-6990,DYNLT3,trt_sh.cgs,2.269882
ATLAS_SIG_B_TOP100,CGS001-1859,DYRK1A,trt_sh.cgs,17.11632
ATLAS_SIG_B_TOP100,CGS001-8444,DYRK3,trt_sh.cgs,31.68279
ATLAS_SIG_B_TOP100,CGS001-1869,E2F1,trt_sh.cgs,19.363474
ATLAS_SIG_B_TOP100,CGS001-1874,E2F4,trt_sh.cgs,41.386353
ATLAS_SIG_B_TOP100,CGS001-1875,E2F5,trt_sh.cgs,18.525112
ATLAS_SIG_B_TOP100,CGS001-1876,E2F6,trt_sh.cgs,-63.91974
ATLAS_SIG_B_TOP100,CGS001-55837,EAPP,trt_sh.cgs,14.540272
ATLAS_SIG_B_TOP100,CGS001-1879,EBF1,trt_sh.cgs,-28.48006
ATLAS_SIG_B_TOP100,CGS001-10969,EBNA1BP2,trt_sh.cgs,-51.278667
ATLAS_SIG_B_TOP100,CGS001-10682,EBP,trt_sh.cgs,51.01397
ATLAS_SIG_B_TOP100,CGS001-11319,ECD,trt_sh.cgs,-92.54196
ATLAS_SIG_B_TOP100,CGS001-1891,ECH1,trt_sh.cgs,-81.73092
ATLAS_SIG_B_TOP100,CGS001-1892,ECHS1,trt_sh.cgs,-76.39515
ATLAS_SIG_B_TOP100,CGS001-1632,ECI1,trt_sh.cgs,0.0
ATLAS_SIG_B_TOP100,CGS001-51295,ECSIT,trt_sh.cgs,70.53366
ATLAS_SIG_B_TOP100,CGS001-9695,EDEM1,trt_sh.cgs,14.657895
ATLAS_SIG_B_TOP100,CGS001-1906,EDN1,trt_sh.cgs,7.395485
ATLAS_SIG_B_TOP100,CGS001-1910,EDNRB,trt_sh.cgs,-25.801836
ATLAS_SIG_B_TOP100,CGS001-8726,EED,trt_sh.cgs,-31.170256
ATLAS_SIG_B_TOP100,CGS001-1936,EEF1D,trt_sh.cgs,0.0
ATLAS_SIG_B_TOP100,CGS001-84288,EFCAB2,trt_sh.cgs,-11.174971
ATLAS_SIG_B_TOP100,CGS001-1948,EFNB2,trt_sh.cgs,-62.854763
ATLAS_SIG_B_TOP100,CGS001-1949,EFNB3,trt_sh.cgs,15.454785
ATLAS_SIG_B_TOP100,CGS001-1950,EGF,trt_sh.cgs,-25.142086
ATLAS_SIG_B_TOP100,CGS001-54583,EGLN1,trt_sh.cgs,5.8780804
ATLAS_SIG_B_TOP100,CGS001-112398,EGLN2,trt_sh.cgs,32.926483
ATLAS_SIG_B_TOP100,CGS001-1958,EGR1,trt_sh.cgs,-17.570868
ATLAS_SIG_B_TOP100,CGS001-1959,EGR2,trt_sh.cgs,0.0
ATLAS_SIG_B_TOP100,CGS001-1960,EGR3,trt_sh.cgs,43.9299
ATLAS_SIG_B_TOP100,CGS001-26298,EHF,trt_sh.cgs,64.73371
ATLAS_SIG_B_TOP100,CGS001-1962,EHHADH,trt_sh.cgs,0.0
ATLAS_SIG_B_TOP100,CGS001-10919,EHMT2,trt_sh.cgs,-67.694305
ATLAS_SIG_B_TOP100,CGS001-10289,EIF1B,trt_sh.cgs,-52.675117
ATLAS_SIG_B_TOP100,CGS001-27102,EIF2AK1,trt_sh.cgs,-39.113907
ATLAS_SIG_B_TOP100,CGS001-5610,EIF2AK2,trt_sh.cgs,21.881096
ATLAS_SIG_B_TOP100,CGS001-9451,EIF2AK3,trt_sh.cgs,77.87875
ATLAS_SIG_B_TOP100,CGS001-8892,EIF2B2,trt_sh.cgs,35.432316
ATLAS_SIG_B_TOP100,CGS001-8891,EIF2B3,trt_sh.cgs,26.634098
ATLAS_SIG_B_TOP100,CGS001-8893,EIF2B5,trt_sh.cgs,-38.295803
ATLAS_SIG_B_TOP100,CGS001-26523,EIF2C1,trt_sh.cgs,-8.544557
ATLAS_SIG_B_TOP100,CGS001-27161,EIF2C2,trt_sh.cgs,76.77775
ATLAS_SIG_B_TOP100,CGS001-192669,EIF2C3,trt_sh.cgs,-3.800127
ATLAS_SIG_B_TOP100,CGS001-8894,EIF2S2,trt_sh.cgs,-33.88443
ATLAS_SIG_B_TOP100,CGS001-8667,EIF3H,trt_sh.cgs,14.841402
ATLAS_SIG_B_TOP100,CGS001-8669,EIF3J,trt_sh.cgs,3.5526316
ATLAS_SIG_B_TOP100,CGS001-1974,EIF4A2,trt_sh.cgs,0.0
ATLAS_SIG_B_TOP100,CGS001-1975,EIF4B,trt_sh.cgs,0.0
ATLAS_SIG_B_TOP100,CGS001-1977,EIF4E,trt_sh.cgs,-30.163948
ATLAS_SIG_B_TOP100,CGS001-1978,EIF4EBP1,trt_sh.cgs,-6.618456
ATLAS_SIG_B_TOP100,CGS001-1981,EIF4G1,trt_sh.cgs,21.128855
ATLAS_SIG_B_TOP100,CGS001-1983,EIF5,trt_sh.cgs,-49.802177
ATLAS_SIG_B_TOP100,CGS001-1984,EIF5A,trt_sh.cgs,-48.048958
ATLAS_SIG_B_TOP100,CGS001-3692,EIF6,trt_sh.cgs,0.0
ATLAS_SIG_B_TOP100,CGS001-60528,ELAC2,trt_sh.cgs,-3.0526316
ATLAS_SIG_B_TOP100,CGS001-1994,ELAVL1,trt_sh.cgs,2.8157895
ATLAS_SIG_B_TOP100,CGS001-1997,ELF1,trt_sh.cgs,30.358612
ATLAS_SIG_B_TOP100,CGS001-1999,ELF3,trt_sh.cgs,72.41718
ATLAS_SIG_B_TOP100,CGS001-2000,ELF4,trt_sh.cgs,-34.34965
ATLAS_SIG_B_TOP100,CGS001-2002,ELK1,trt_sh.cgs,48.19332
ATLAS_SIG_B_TOP100,CGS001-80237,ELL3,trt_sh.cgs,-5.3809443
ATLAS_SIG_B_TOP100,CGS001-79071,ELOVL6,trt_sh.cgs,-17.99922
ATLAS_SIG_B_TOP100,CGS001-2010,EMD,trt_sh.cgs,9.50764
ATLAS_SIG_B_TOP100,CGS001-256364,EML3,trt_sh.cgs,-78.72728
ATLAS_SIG_B_TOP100,CGS001-2015,EMR1,trt_sh.cgs,65.46295
ATLAS_SIG_B_TOP100,CGS001-2021,ENDOG,trt_sh.cgs,96.063614
ATLAS_SIG_B_TOP100,CGS001-2023,ENO1,trt_sh.cgs,2.7632205
ATLAS_SIG_B_TOP100,CGS001-58478,ENOPH1,trt_sh.cgs,-17.540554
ATLAS_SIG_B_TOP100,CGS001-55556,ENOSF1,trt_sh.cgs,33.10694
ATLAS_SIG_B_TOP100,CGS001-5167,ENPP1,trt_sh.cgs,18.083817
ATLAS_SIG_B_TOP100,CGS001-955,ENTPD6,trt_sh.cgs,29.033386
ATLAS_SIG_B_TOP100,CGS001-2033,EP300,trt_sh.cgs,-1.6395115
ATLAS_SIG_B_TOP100,CGS001-2034,EPAS1,trt_sh.cgs,6.3493032
ATLAS_SIG_B_TOP100,CGS001-2037,EPB41L2,trt_sh.cgs,79.06187
ATLAS_SIG_B_TOP100,CGS001-54566,EPB41L4B,trt_sh.cgs,-1.4736842
ATLAS_SIG_B_TOP100,CGS001-80314,EPC1,trt_sh.cgs,8.153949
ATLAS_SIG_B_TOP100,CGS001-4072,EPCAM,trt_sh.cgs,0.0
ATLAS_SIG_B_TOP100,CGS001-1969,EPHA2,trt_sh.cgs,-87.81392
ATLAS_SIG_B_TOP100,CGS001-2042,EPHA3,trt_sh.cgs,0.0
ATLAS_SIG_B_TOP100,CGS001-285220,EPHA6,trt_sh.cgs,0.18421052
ATLAS_SIG_B_TOP100,CGS001-2048,EPHB2,trt_sh.cgs,5.0328536
ATLAS_SIG_B_TOP100,CGS001-2050,EPHB4,trt_sh.cgs,53.026375
ATLAS_SIG_B_TOP100,CGS001-2052,EPHX1,trt_sh.cgs,74.888565
ATLAS_SIG_B_TOP100,CGS001-2053,EPHX2,trt_sh.cgs,24.106874
ATLAS_SIG_B_TOP100,CGS001-22905,EPN2,trt_sh.cgs,-68.91241
ATLAS_SIG_B_TOP100,CGS001-2056,EPO,trt_sh.cgs,-73.53761
ATLAS_SIG_B_TOP100,CGS001-2057,EPOR,trt_sh.cgs,-63.07865
ATLAS_SIG_B_TOP100,CGS001-2058,EPRS,trt_sh.cgs,-41.4039
ATLAS_SIG_B_TOP100,CGS001-2059,EPS8,trt_sh.cgs,55.24448
ATLAS_SIG_B_TOP100,CGS001-51752,ERAP1,trt_sh.cgs,72.73705
ATLAS_SIG_B_TOP100,CGS001-64167,ERAP2,trt_sh.cgs,43.46514
ATLAS_SIG_B_TOP100,CGS001-2065,ERBB3,trt_sh.cgs,1.4210526
ATLAS_SIG_B_TOP100,CGS001-2066,ERBB4,trt_sh.cgs,-14.254218
ATLAS_SIG_B_TOP100,CGS001-2067,ERCC1,trt_sh.cgs,32.402
ATLAS_SIG_B_TOP100,CGS001-2068,ERCC2,trt_sh.cgs,-11.347742
ATLAS_SIG_B_TOP100,CGS001-2071,ERCC3,trt_sh.cgs,63.230286
ATLAS_SIG_B_TOP100,CGS001-2072,ERCC4,trt_sh.cgs,0.0
ATLAS_SIG_B_TOP100,CGS001-2073,ERCC5,trt_sh.cgs,13.722395
ATLAS_SIG_B_TOP100,CGS001-54821,ERCC6L,trt_sh.cgs,46.69433
ATLAS_SIG_B_TOP100,CGS001-2077,ERF,trt_sh.cgs,-67.798325
ATLAS_SIG_B_TOP100,CGS001-2078,ERG,trt_sh.cgs,11.016522
ATLAS_SIG_B_TOP100,CGS001-57222,ERGIC1,trt_sh.cgs,5.9473686
ATLAS_SIG_B_TOP100,CGS001-51290,ERGIC2,trt_sh.cgs,13.539967
ATLAS_SIG_B_TOP100,CGS001-2079,ERH,trt_sh.cgs,67.205505
ATLAS_SIG_B_TOP100,CGS001-10613,ERLIN1,trt_sh.cgs,-22.894972
ATLAS_SIG_B_TOP100,CGS001-30001,ERO1L,trt_sh.cgs,-46.333885
ATLAS_SIG_B_TOP100,CGS001-2098,ESD,trt_sh.cgs,-17.70334
ATLAS_SIG_B_TOP100,CGS001-9700,ESPL1,trt_sh.cgs,70.602615
ATLAS_SIG_B_TOP100,CGS001-2100,ESR2,trt_sh.cgs,36.1836
ATLAS_SIG_B_TOP100,CGS001-2101,ESRRA,trt_sh.cgs,29.649776
ATLAS_SIG_B_TOP100,CGS001-23344,ESYT1,trt_sh.cgs,-58.80413
ATLAS_SIG_B_TOP100,CGS001-2108,ETFA,trt_sh.cgs,0.0
ATLAS_SIG_B_TOP100,CGS001-2109,ETFB,trt_sh.cgs,93.359146
ATLAS_SIG_B_TOP100,CGS001-55500,ETNK1,trt_sh.cgs,44.60152
ATLAS_SIG_B_TOP100,CGS001-2113,ETS1,trt_sh.cgs,-48.715706
ATLAS_SIG_B_TOP100,CGS001-2114,ETS2,trt_sh.cgs,33.14891
ATLAS_SIG_B_TOP100,CGS001-2115,ETV1,trt_sh.cgs,37.12718
ATLAS_SIG_B_TOP100,CGS001-2118,ETV4,trt_sh.cgs,13.89665
ATLAS_SIG_B_TOP100,CGS001-2119,ETV5,trt_sh.cgs,-5.6464815
ATLAS_SIG_B_TOP100,CGS001-51466,EVL,trt_sh.cgs,-2.1052632
ATLAS_SIG_B_TOP100,CGS001-2130,EWSR1,trt_sh.cgs,-66.82323
ATLAS_SIG_B_TOP100,CGS001-9156,EXO1,trt_sh.cgs,32.81077
ATLAS_SIG_B_TOP100,CGS001-55770,EXOC2,trt_sh.cgs,-1.7105263
ATLAS_SIG_B_TOP100,CGS001-11336,EXOC3,trt_sh.cgs,0.0
ATLAS_SIG_B_TOP100,CGS001-54512,EXOSC4,trt_sh.cgs,46.428204
ATLAS_SIG_B_TOP100,CGS001-11340,EXOSC8,trt_sh.cgs,0.0
ATLAS_SIG_B_TOP100,CGS001-2131,EXT1,trt_sh.cgs,-50.900356
ATLAS_SIG_B_TOP100,CGS001-2132,EXT2,trt_sh.cgs,0.0
ATLAS_SIG_B_TOP100,CGS001-2138,EYA1,trt_sh.cgs,16.829006
ATLAS_SIG_B_TOP100,CGS001-2145,EZH1,trt_sh.cgs,-6.62521
ATLAS_SIG_B_TOP100,CGS001-2146,EZH2,trt_sh.cgs,31.534956
ATLAS_SIG_B_TOP100,CGS001-2159,F10,trt_sh.cgs,-83.86177
ATLAS_SIG_B_TOP100,CGS001-2161,F12,trt_sh.cgs,9.876099
ATLAS_SIG_B_TOP100,CGS001-2147,F2,trt_sh.cgs,15.7777195
ATLAS_SIG_B_TOP100,CGS001-2149,F2R,trt_sh.cgs,55.86241
ATLAS_SIG_B_TOP100,CGS001-2150,F2RL1,trt_sh.cgs,-5.0193524
ATLAS_SIG_B_TOP100,CGS001-2152,F3,trt_sh.cgs,12.03153
ATLAS_SIG_B_TOP100,CGS001-2153,F5,trt_sh.cgs,-42.485466
ATLAS_SIG_B_TOP100,CGS001-2155,F7,trt_sh.cgs,2.0263157
ATLAS_SIG_B_TOP100,CGS001-2166,FAAH,trt_sh.cgs,6.9824705
ATLAS_SIG_B_TOP100,CGS001-2168,FABP1,trt_sh.cgs,-64.537605
ATLAS_SIG_B_TOP100,CGS001-2167,FABP4,trt_sh.cgs,33.932777
ATLAS_SIG_B_TOP100,CGS001-2171,FABP5,trt_sh.cgs,5.8078046
ATLAS_SIG_B_TOP100,CGS001-2172,FABP6,trt_sh.cgs,4.9210525
ATLAS_SIG_B_TOP100,CGS001-8772,FADD,trt_sh.cgs,-68.08049
ATLAS_SIG_B_TOP100,CGS001-3992,FADS1,trt_sh.cgs,32.015522
ATLAS_SIG_B_TOP100,CGS001-9415,FADS2,trt_sh.cgs,9.894737
ATLAS_SIG_B_TOP100,CGS001-3995,FADS3,trt_sh.cgs,-37.581352
ATLAS_SIG_B_TOP100,CGS001-11124,FAF1,trt_sh.cgs,27.45752
ATLAS_SIG_B_TOP100,CGS001-2184,FAH,trt_sh.cgs,-3.4611187
ATLAS_SIG_B_TOP100,CGS001-55179,FAIM,trt_sh.cgs,-4.0290403
ATLAS_SIG_B_TOP100,CGS001-84923,FAM104A,trt_sh.cgs,20.414787
ATLAS_SIG_B_TOP100,CGS001-10827,FAM114A2,trt_sh.cgs,0.0
ATLAS_SIG_B_TOP100,CGS001-23196,FAM120A,trt_sh.cgs,-13.563709
ATLAS_SIG_B_TOP100,CGS001-9917,FAM20B,trt_sh.cgs,83.19404
ATLAS_SIG_B_TOP100,CGS001-10447,FAM3C,trt_sh.cgs,-33.885487
ATLAS_SIG_B_TOP100,CGS001-79850,FAM57A,trt_sh.cgs,-7.236842
ATLAS_SIG_B_TOP100,CGS001-55793,FAM63A,trt_sh.cgs,-1.6351469
ATLAS_SIG_B_TOP100,CGS001-388650,FAM69A,trt_sh.cgs,46.04038
ATLAS_SIG_B_TOP100,CGS001-2175,FANCA,trt_sh.cgs,12.57036
ATLAS_SIG_B_TOP100,CGS001-2188,FANCF,trt_sh.cgs,29.715784
ATLAS_SIG_B_TOP100,CGS001-2189,FANCG,trt_sh.cgs,79.668884
ATLAS_SIG_B_TOP100,CGS001-55120,FANCL,trt_sh.cgs,-16.74192
ATLAS_SIG_B_TOP100,CGS001-355,FAS,trt_sh.cgs,41.984238
ATLAS_SIG_B_TOP100,CGS001-356,FASLG,trt_sh.cgs,15.9111805
ATLAS_SIG_B_TOP100,CGS001-2194,FASN,trt_sh.cgs,64.29486
ATLAS_SIG_B_TOP100,CGS001-60493,FASTKD5,trt_sh.cgs,0.0
ATLAS_SIG_B_TOP100,CGS001-2195,FAT1,trt_sh.cgs,23.768557
ATLAS_SIG_B_TOP100,CGS001-2197,FAU,trt_sh.cgs,-44.302376
ATLAS_SIG_B_TOP100,CGS001-2203,FBP1,trt_sh.cgs,28.029854
ATLAS_SIG_B_TOP100,CGS001-64319,FBRS,trt_sh.cgs,-4.2105265
ATLAS_SIG_B_TOP100,CGS001-54850,FBXL12,trt_sh.cgs,-58.909325
ATLAS_SIG_B_TOP100,CGS001-54620,FBXL19,trt_sh.cgs,-5.1842103
ATLAS_SIG_B_TOP100,CGS001-84961,FBXL20,trt_sh.cgs,-57.578636
ATLAS_SIG_B_TOP100,CGS001-80204,FBXO11,trt_sh.cgs,9.128273
ATLAS_SIG_B_TOP100,CGS001-23014,FBXO21,trt_sh.cgs,0.0
ATLAS_SIG_B_TOP100,CGS001-26271,FBXO5,trt_sh.cgs,72.20247
ATLAS_SIG_B_TOP100,CGS001-25793,FBXO7,trt_sh.cgs,-83.33479
ATLAS_SIG_B_TOP100,CGS001-23291,FBXW11,trt_sh.cgs,7.142256
ATLAS_SIG_B_TOP100,CGS001-2212,FCGR2A,trt_sh.cgs,1.7506545
ATLAS_SIG_B_TOP100,CGS001-23149,FCHO1,trt_sh.cgs,51.850883
ATLAS_SIG_B_TOP100,CGS001-2222,FDFT1,trt_sh.cgs,58.23723
ATLAS_SIG_B_TOP100,CGS001-2224,FDPS,trt_sh.cgs,90.69046
ATLAS_SIG_B_TOP100,CGS001-2230,FDX1,trt_sh.cgs,3.0
ATLAS_SIG_B_TOP100,CGS001-112812,FDX1L,trt_sh.cgs,41.450436
ATLAS_SIG_B_TOP100,CGS001-2232,FDXR,trt_sh.cgs,22.091433
ATLAS_SIG_B_TOP100,CGS001-2235,FECH,trt_sh.cgs,11.734567
ATLAS_SIG_B_TOP100,CGS001-2237,FEN1,trt_sh.cgs,-54.68966
ATLAS_SIG_B_TOP100,CGS001-2241,FER,trt_sh.cgs,-62.494347
ATLAS_SIG_B_TOP100,CGS001-222894,FERD3L,trt_sh.cgs,-26.578142
ATLAS_SIG_B_TOP100,CGS001-55612,FERMT1,trt_sh.cgs,46.863503
ATLAS_SIG_B_TOP100,CGS001-2242,FES,trt_sh.cgs,17.172642
ATLAS_SIG_B_TOP100,CGS001-9638,FEZ1,trt_sh.cgs,-41.63459
ATLAS_SIG_B_TOP100,CGS001-9637,FEZ2,trt_sh.cgs,45.01289
ATLAS_SIG_B_TOP100,CGS001-2864,FFAR1,trt_sh.cgs,78.85209
ATLAS_SIG_B_TOP100,CGS001-2243,FGA,trt_sh.cgs,-76.15036
ATLAS_SIG_B_TOP100,CGS001-2244,FGB,trt_sh.cgs,-49.65863
ATLAS_SIG_B_TOP100,CGS001-2247,FGF2,trt_sh.cgs,32.67105
ATLAS_SIG_B_TOP100,CGS001-2254,FGF9,trt_sh.cgs,8.527745
ATLAS_SIG_B_TOP100,CGS001-2260,FGFR1,trt_sh.cgs,0.0
ATLAS_SIG_B_TOP100,CGS001-11116,FGFR1OP,trt_sh.cgs,79.469574
ATLAS_SIG_B_TOP100,CGS001-2263,FGFR2,trt_sh.cgs,45.21555
ATLAS_SIG_B_TOP100,CGS001-2261,FGFR3,trt_sh.cgs,33.999413
ATLAS_SIG_B_TOP100,CGS001-2264,FGFR4,trt_sh.cgs,0.0
ATLAS_SIG_B_TOP100,CGS001-53834,FGFRL1,trt_sh.cgs,-21.885658
ATLAS_SIG_B_TOP100,CGS001-2266,FGG,trt_sh.cgs,80.58248
ATLAS_SIG_B_TOP100,CGS001-2274,FHL2,trt_sh.cgs,3.8157895
ATLAS_SIG_B_TOP100,CGS001-9158,FIBP,trt_sh.cgs,-17.983503
ATLAS_SIG_B_TOP100,CGS001-2277,FIGF,trt_sh.cgs,11.622965
ATLAS_SIG_B_TOP100,CGS001-51024,FIS1,trt_sh.cgs,-45.412704
ATLAS_SIG_B_TOP100,CGS001-55033,FKBP14,trt_sh.cgs,0.0
ATLAS_SIG_B_TOP100,CGS001-2280,FKBP1A,trt_sh.cgs,-26.064007
ATLAS_SIG_B_TOP100,CGS001-2287,FKBP3,trt_sh.cgs,15.872553
ATLAS_SIG_B_TOP100,CGS001-2288,FKBP4,trt_sh.cgs,-2.631579
ATLAS_SIG_B_TOP100,CGS001-2289,FKBP5,trt_sh.cgs,12.549004
ATLAS_SIG_B_TOP100,CGS001-23770,FKBP8,trt_sh.cgs,-36.50191
ATLAS_SIG_B_TOP100,CGS001-2313,FLI1,trt_sh.cgs,50.204422
ATLAS_SIG_B_TOP100,CGS001-2321,FLT1,trt_sh.cgs,30.955828
ATLAS_SIG_B_TOP100,CGS001-2324,FLT4,trt_sh.cgs,13.87313
ATLAS_SIG_B_TOP100,CGS001-2335,FN1,trt_sh.cgs,-3.0263157
ATLAS_SIG_B_TOP100,CGS001-2348,FOLR1,trt_sh.cgs,16.215763
ATLAS_SIG_B_TOP100,CGS001-2353,FOS,trt_sh.cgs,13.018089
ATLAS_SIG_B_TOP100,CGS001-8061,FOSL1,trt_sh.cgs,74.772995
ATLAS_SIG_B_TOP100,CGS001-2355,FOSL2,trt_sh.cgs,0.0
ATLAS_SIG_B_TOP100,CGS001-3169,FOXA1,trt_sh.cgs,-21.776398
ATLAS_SIG_B_TOP100,CGS001-3170,FOXA2,trt_sh.cgs,-41.14142
ATLAS_SIG_B_TOP100,CGS001-3171,FOXA3,trt_sh.cgs,-17.911856
ATLAS_SIG_B_TOP100,CGS001-2295,FOXF2,trt_sh.cgs,-34.055695
ATLAS_SIG_B_TOP100,CGS001-55810,FOXJ2,trt_sh.cgs,-58.49659
ATLAS_SIG_B_TOP100,CGS001-22887,FOXJ3,trt_sh.cgs,71.807
ATLAS_SIG_B_TOP100,CGS001-1112,FOXN3,trt_sh.cgs,-98.7017
ATLAS_SIG_B_TOP100,CGS001-2308,FOXO1,trt_sh.cgs,-72.0106
ATLAS_SIG_B_TOP100,CGS001-2309,FOXO3,trt_sh.cgs,52.700493
ATLAS_SIG_B_TOP100,CGS001-4303,FOXO4,trt_sh.cgs,-55.925037
ATLAS_SIG_B_TOP100,CGS001-50943,FOXP3,trt_sh.cgs,27.413614
ATLAS_SIG_B_TOP100,CGS001-94234,FOXQ1,trt_sh.cgs,63.909622
ATLAS_SIG_B_TOP100,CGS001-283150,FOXR1,trt_sh.cgs,15.92834
ATLAS_SIG_B_TOP100,CGS001-2356,FPGS,trt_sh.cgs,2.095131
ATLAS_SIG_B_TOP100,CGS001-10023,FRAT1,trt_sh.cgs,40.596336
ATLAS_SIG_B_TOP100,CGS001-23401,FRAT2,trt_sh.cgs,-52.923355
ATLAS_SIG_B_TOP100,CGS001-79187,FSD1,trt_sh.cgs,73.60432
ATLAS_SIG_B_TOP100,CGS001-10468,FST,trt_sh.cgs,-37.247574
ATLAS_SIG_B_TOP100,CGS001-2495,FTH1,trt_sh.cgs,0.0
ATLAS_SIG_B_TOP100,CGS001-2512,FTL,trt_sh.cgs,60.51034
ATLAS_SIG_B_TOP100,CGS001-24140,FTSJ1,trt_sh.cgs,42.958935
ATLAS_SIG_B_TOP100,CGS001-5045,FURIN,trt_sh.cgs,20.90176
ATLAS_SIG_B_TOP100,CGS001-2521,FUS,trt_sh.cgs,-6.006349
ATLAS_SIG_B_TOP100,CGS001-2523,FUT1,trt_sh.cgs,-68.77523
ATLAS_SIG_B_TOP100,CGS001-2524,FUT2,trt_sh.cgs,64.83791
ATLAS_SIG_B_TOP100,CGS001-486,FXYD2,trt_sh.cgs,-1.3157895
ATLAS_SIG_B_TOP100,CGS001-2534,FYN,trt_sh.cgs,-51.312927
ATLAS_SIG_B_TOP100,CGS001-8321,FZD1,trt_sh.cgs,13.25116
ATLAS_SIG_B_TOP100,CGS001-2535,FZD2,trt_sh.cgs,-24.010529
ATLAS_SIG_B_TOP100,CGS001-7976,FZD3,trt_sh.cgs,-32.2744
ATLAS_SIG_B_TOP100,CGS001-8322,FZD4,trt_sh.cgs,24.984276
ATLAS_SIG_B_TOP100,CGS001-7855,FZD5,trt_sh.cgs,28.290417
ATLAS_SIG_B_TOP100,CGS001-8323,FZD6,trt_sh.cgs,-77.04598
ATLAS_SIG_B_TOP100,CGS001-8324,FZD7,trt_sh.cgs,19.07666
ATLAS_SIG_B_TOP100,CGS001-8325,FZD8,trt_sh.cgs,-14.724782
ATLAS_SIG_B_TOP100,CGS001-55632,G2E3,trt_sh.cgs,39.7554
ATLAS_SIG_B_TOP100,CGS001-10146,G3BP1,trt_sh.cgs,86.64467
ATLAS_SIG_B_TOP100,CGS001-9908,G3BP2,trt_sh.cgs,-29.23309
ATLAS_SIG_B_TOP100,CGS001-2538,G6PC,trt_sh.cgs,50.338696
ATLAS_SIG_B_TOP100,CGS001-2548,GAA,trt_sh.cgs,55.779015
ATLAS_SIG_B_TOP100,CGS001-23710,GABARAPL1,trt_sh.cgs,14.349535
ATLAS_SIG_B_TOP100,CGS001-2550,GABBR1,trt_sh.cgs,-37.836327
ATLAS_SIG_B_TOP100,CGS001-9568,GABBR2,trt_sh.cgs,60.380836
ATLAS_SIG_B_TOP100,CGS001-2553,GABPB1,trt_sh.cgs,0.0
ATLAS_SIG_B_TOP100,CGS001-126626,GABPB2,trt_sh.cgs,32.718918
ATLAS_SIG_B_TOP100,CGS001-2562,GABRB3,trt_sh.cgs,-45.484932
ATLAS_SIG_B_TOP100,CGS001-2565,GABRG1,trt_sh.cgs,-18.502327
ATLAS_SIG_B_TOP100,CGS001-2568,GABRP,trt_sh.cgs,-59.418243
ATLAS_SIG_B_TOP100,CGS001-1647,GADD45A,trt_sh.cgs,-61.63961
ATLAS_SIG_B_TOP100,CGS001-4616,GADD45B,trt_sh.cgs,21.318089
ATLAS_SIG_B_TOP100,CGS001-2580,GAK,trt_sh.cgs,-86.308044
ATLAS_SIG_B_TOP100,CGS001-2581,GALC,trt_sh.cgs,63.05249
ATLAS_SIG_B_TOP100,CGS001-2582,GALE,trt_sh.cgs,-75.66934
ATLAS_SIG_B_TOP100,CGS001-2588,GALNS,trt_sh.cgs,0.0
ATLAS_SIG_B_TOP100,CGS001-2589,GALNT1,trt_sh.cgs,25.270332
ATLAS_SIG_B_TOP100,CGS001-2592,GALT,trt_sh.cgs,-63.799736
ATLAS_SIG_B_TOP100,CGS001-2593,GAMT,trt_sh.cgs,21.54866
ATLAS_SIG_B_TOP100,CGS001-2597,GAPDH,trt_sh.cgs,-2.5
ATLAS_SIG_B_TOP100,CGS001-2617,GARS,trt_sh.cgs,-55.906986
ATLAS_SIG_B_TOP100,CGS001-2618,GART,trt_sh.cgs,-13.73209
ATLAS_SIG_B_TOP100,CGS001-2621,GAS6,trt_sh.cgs,-14.113207
ATLAS_SIG_B_TOP100,CGS001-8522,GAS7,trt_sh.cgs,-58.93848
ATLAS_SIG_B_TOP100,CGS001-2623,GATA1,trt_sh.cgs,28.735632
ATLAS_SIG_B_TOP100,CGS001-2624,GATA2,trt_sh.cgs,36.80682
ATLAS_SIG_B_TOP100,CGS001-2625,GATA3,trt_sh.cgs,91.72403
ATLAS_SIG_B_TOP100,CGS001-2627,GATA6,trt_sh.cgs,12.139785
ATLAS_SIG_B_TOP100,CGS001-54815,GATAD2A,trt_sh.cgs,-10.842105
ATLAS_SIG_B_TOP100,CGS001-57459,GATAD2B,trt_sh.cgs,-14.861519
ATLAS_SIG_B_TOP100,CGS001-2629,GBA,trt_sh.cgs,11.973684
ATLAS_SIG_B_TOP100,CGS001-26301,GBGT1,trt_sh.cgs,-6.179302
ATLAS_SIG_B_TOP100,CGS001-2634,GBP2,trt_sh.cgs,9.717676
ATLAS_SIG_B_TOP100,CGS001-25801,GCA,trt_sh.cgs,0.0
ATLAS_SIG_B_TOP100,CGS001-23464,GCAT,trt_sh.cgs,2.1052632
ATLAS_SIG_B_TOP100,CGS001-2639,GCDH,trt_sh.cgs,-19.48612
ATLAS_SIG_B_TOP100,CGS001-2643,GCH1,trt_sh.cgs,66.09317
ATLAS_SIG_B_TOP100,CGS001-2729,GCLC,trt_sh.cgs,7.3735943
ATLAS_SIG_B_TOP100,CGS001-2730,GCLM,trt_sh.cgs,-21.750996
ATLAS_SIG_B_TOP100,CGS001-2664,GDI1,trt_sh.cgs,38.379227
ATLAS_SIG_B_TOP100,CGS001-81544,GDPD5,trt_sh.cgs,0.0
ATLAS_SIG_B_TOP100,CGS001-54438,GFOD1,trt_sh.cgs,66.415276
ATLAS_SIG_B_TOP100,CGS001-81577,GFOD2,trt_sh.cgs,0.0
ATLAS_SIG_B_TOP100,CGS001-2673,GFPT1,trt_sh.cgs,20.913002
ATLAS_SIG_B_TOP100,CGS001-9945,GFPT2,trt_sh.cgs,-13.5183735
ATLAS_SIG_B_TOP100,CGS001-2674,GFRA1,trt_sh.cgs,0.0
ATLAS_SIG_B_TOP100,CGS001-23062,GGA2,trt_sh.cgs,36.26193
ATLAS_SIG_B_TOP100,CGS001-79017,GGCT,trt_sh.cgs,8.049752
ATLAS_SIG_B_TOP100,CGS001-2677,GGCX,trt_sh.cgs,79.0276
ATLAS_SIG_B_TOP100,CGS001-8836,GGH,trt_sh.cgs,15.904929
ATLAS_SIG_B_TOP100,CGS001-9453,GGPS1,trt_sh.cgs,96.67656
ATLAS_SIG_B_TOP100,CGS001-2678,GGT1,trt_sh.cgs,28.949211
ATLAS_SIG_B_TOP100,CGS001-2690,GHR,trt_sh.cgs,60.945446
ATLAS_SIG_B_TOP100,CGS001-10755,GIPC1,trt_sh.cgs,-40.307972
ATLAS_SIG_B_TOP100,CGS001-28964,GIT1,trt_sh.cgs,12.484465
ATLAS_SIG_B_TOP100,CGS001-9815,GIT2,trt_sh.cgs,-35.850037
ATLAS_SIG_B_TOP100,CGS001-2710,GK,trt_sh.cgs,-4.27273
ATLAS_SIG_B_TOP100,CGS001-2717,GLA,trt_sh.cgs,-20.978973
ATLAS_SIG_B_TOP100,CGS001-2731,GLDC,trt_sh.cgs,-18.4138
ATLAS_SIG_B_TOP100,CGS001-2735,GLI1,trt_sh.cgs,0.0
ATLAS_SIG_B_TOP100,CGS001-2737,GLI3,trt_sh.cgs,50.83565
ATLAS_SIG_B_TOP100,CGS001-169792,GLIS3,trt_sh.cgs,56.14871
ATLAS_SIG_B_TOP100,CGS001-51031,GLOD4,trt_sh.cgs,0.0
ATLAS_SIG_B_TOP100,CGS001-2745,GLRX,trt_sh.cgs,75.19205
ATLAS_SIG_B_TOP100,CGS001-51022,GLRX2,trt_sh.cgs,-2.1052632
ATLAS_SIG_B_TOP100,CGS001-2744,GLS,trt_sh.cgs,16.638783
ATLAS_SIG_B_TOP100,CGS001-29998,GLTSCR1,trt_sh.cgs,-62.10604
ATLAS_SIG_B_TOP100,CGS001-2746,GLUD1,trt_sh.cgs,81.31174
ATLAS_SIG_B_TOP100,CGS001-2747,GLUD2,trt_sh.cgs,-15.071785
ATLAS_SIG_B_TOP100,CGS001-2752,GLUL,trt_sh.cgs,-3.8157895
ATLAS_SIG_B_TOP100,CGS001-2760,GM2A,trt_sh.cgs,87.07976
ATLAS_SIG_B_TOP100,CGS001-2762,GMDS,trt_sh.cgs,-83.03032
ATLAS_SIG_B_TOP100,CGS001-10691,GMEB1,trt_sh.cgs,-11.208
ATLAS_SIG_B_TOP100,CGS001-26205,GMEB2,trt_sh.cgs,-58.302666
ATLAS_SIG_B_TOP100,CGS001-51053,GMNN,trt_sh.cgs,83.41106
ATLAS_SIG_B_TOP100,CGS001-51292,GMPR2,trt_sh.cgs,-47.37028
ATLAS_SIG_B_TOP100,CGS001-8833,GMPS,trt_sh.cgs,40.064873
ATLAS_SIG_B_TOP100,CGS001-2767,GNA11,trt_sh.cgs,3.411893
ATLAS_SIG_B_TOP100,CGS001-2768,GNA12,trt_sh.cgs,76.661514
ATLAS_SIG_B_TOP100,CGS001-10672,GNA13,trt_sh.cgs,-2.1852565
ATLAS_SIG_B_TOP100,CGS001-2769,GNA15,trt_sh.cgs,8.526316
ATLAS_SIG_B_TOP100,CGS001-2770,GNAI1,trt_sh.cgs,-1.6578947
ATLAS_SIG_B_TOP100,CGS001-2771,GNAI2,trt_sh.cgs,3.4582653
ATLAS_SIG_B_TOP100,CGS001-2773,GNAI3,trt_sh.cgs,5.368421
ATLAS_SIG_B_TOP100,CGS001-2776,GNAQ,trt_sh.cgs,-68.020294
ATLAS_SIG_B_TOP100,CGS001-2778,GNAS,trt_sh.cgs,0.0
ATLAS_SIG_B_TOP100,CGS001-2782,GNB1,trt_sh.cgs,50.46405
ATLAS_SIG_B_TOP100,CGS001-54584,GNB1L,trt_sh.cgs,-22.54054
ATLAS_SIG_B_TOP100,CGS001-2783,GNB2,trt_sh.cgs,0.0
ATLAS_SIG_B_TOP100,CGS001-10681,GNB5,trt_sh.cgs,78.10947
ATLAS_SIG_B_TOP100,CGS001-2786,GNG4,trt_sh.cgs,13.90905
ATLAS_SIG_B_TOP100,CGS001-2787,GNG5,trt_sh.cgs,21.844446
ATLAS_SIG_B_TOP100,CGS001-94235,GNG8,trt_sh.cgs,13.169864
ATLAS_SIG_B_TOP100,CGS001-2793,GNGT2,trt_sh.cgs,-75.2368
ATLAS_SIG_B_TOP100,CGS001-10007,GNPDA1,trt_sh.cgs,-50.612076
ATLAS_SIG_B_TOP100,CGS001-27333,GOLIM4,trt_sh.cgs,-4.0526314
ATLAS_SIG_B_TOP100,CGS001-51026,GOLT1B,trt_sh.cgs,25.70525
ATLAS_SIG_B_TOP100,CGS001-2805,GOT1,trt_sh.cgs,0.0
ATLAS_SIG_B_TOP100,CGS001-2806,GOT2,trt_sh.cgs,0.0
ATLAS_SIG_B_TOP100,CGS001-23131,GPATCH8,trt_sh.cgs,-52.470284
ATLAS_SIG_B_TOP100,CGS001-151306,GPBAR1,trt_sh.cgs,2.3157895
ATLAS_SIG_B_TOP100,CGS001-2817,GPC1,trt_sh.cgs,49.06005
ATLAS_SIG_B_TOP100,CGS001-2852,GPER,trt_sh.cgs,30.794966
ATLAS_SIG_B_TOP100,CGS001-83550,GPR101,trt_sh.cgs,35.54535
ATLAS_SIG_B_TOP100,CGS001-57720,GPR107,trt_sh.cgs,-24.595465
ATLAS_SIG_B_TOP100,CGS001-222611,GPR111,trt_sh.cgs,0.0
ATLAS_SIG_B_TOP100,CGS001-139378,GPR112,trt_sh.cgs,45.791378
ATLAS_SIG_B_TOP100,CGS001-165082,GPR113,trt_sh.cgs,1.3947369
ATLAS_SIG_B_TOP100,CGS001-221393,GPR115,trt_sh.cgs,-20.01174
ATLAS_SIG_B_TOP100,CGS001-139760,GPR119,trt_sh.cgs,0.0
ATLAS_SIG_B_TOP100,CGS001-84435,GPR123,trt_sh.cgs,-66.78114
ATLAS_SIG_B_TOP100,CGS001-166647,GPR125,trt_sh.cgs,0.0
ATLAS_SIG_B_TOP100,CGS001-57211,GPR126,trt_sh.cgs,6.131579
ATLAS_SIG_B_TOP100,CGS001-84873,GPR128,trt_sh.cgs,-1.7894737
ATLAS_SIG_B_TOP100,CGS001-283383,GPR133,trt_sh.cgs,6.3157897
ATLAS_SIG_B_TOP100,CGS001-56834,GPR137,trt_sh.cgs,-10.414455
ATLAS_SIG_B_TOP100,CGS001-124274,GPR139,trt_sh.cgs,-20.124414
ATLAS_SIG_B_TOP100,CGS001-353345,GPR141,trt_sh.cgs,17.31307
ATLAS_SIG_B_TOP100,CGS001-350383,GPR142,trt_sh.cgs,43.145138
ATLAS_SIG_B_TOP100,CGS001-115330,GPR146,trt_sh.cgs,33.273476
ATLAS_SIG_B_TOP100,CGS001-285601,GPR150,trt_sh.cgs,-74.58941
ATLAS_SIG_B_TOP100,CGS001-134391,GPR151,trt_sh.cgs,-51.773247
ATLAS_SIG_B_TOP100,CGS001-390212,GPR152,trt_sh.cgs,0.0
ATLAS_SIG_B_TOP100,CGS001-387509,GPR153,trt_sh.cgs,11.217006
ATLAS_SIG_B_TOP100,CGS001-165829,GPR156,trt_sh.cgs,13.074521
ATLAS_SIG_B_TOP100,CGS001-57512,GPR158,trt_sh.cgs,80.01663
ATLAS_SIG_B_TOP100,CGS001-26996,GPR160,trt_sh.cgs,14.537485
ATLAS_SIG_B_TOP100,CGS001-79581,GPR172A,trt_sh.cgs,-43.441902
ATLAS_SIG_B_TOP100,CGS001-84636,GPR174,trt_sh.cgs,1.4736842
ATLAS_SIG_B_TOP100,CGS001-11245,GPR176,trt_sh.cgs,65.38612
ATLAS_SIG_B_TOP100,CGS001-440435,GPR179,trt_sh.cgs,-17.596096
ATLAS_SIG_B_TOP100,CGS001-2842,GPR19,trt_sh.cgs,-63.47365
ATLAS_SIG_B_TOP100,CGS001-2849,GPR26,trt_sh.cgs,7.4736843
ATLAS_SIG_B_TOP100,CGS001-2853,GPR31,trt_sh.cgs,-14.19921
ATLAS_SIG_B_TOP100,CGS001-2857,GPR34,trt_sh.cgs,-10.868421
ATLAS_SIG_B_TOP100,CGS001-2859,GPR35,trt_sh.cgs,73.613625
ATLAS_SIG_B_TOP100,CGS001-2861,GPR37,trt_sh.cgs,-8.369413
ATLAS_SIG_B_TOP100,CGS001-2863,GPR39,trt_sh.cgs,67.5173
ATLAS_SIG_B_TOP100,CGS001-2828,GPR4,trt_sh.cgs,-2.8157895
ATLAS_SIG_B_TOP100,CGS001-9290,GPR55,trt_sh.cgs,16.689629
ATLAS_SIG_B_TOP100,CGS001-9289,GPR56,trt_sh.cgs,40.91049
ATLAS_SIG_B_TOP100,CGS001-83873,GPR61,trt_sh.cgs,-33.83664
ATLAS_SIG_B_TOP100,CGS001-118442,GPR62,trt_sh.cgs,-11.330513
ATLAS_SIG_B_TOP100,CGS001-10149,GPR64,trt_sh.cgs,3.0
ATLAS_SIG_B_TOP100,CGS001-8477,GPR65,trt_sh.cgs,-11.843104
ATLAS_SIG_B_TOP100,CGS001-27201,GPR78,trt_sh.cgs,78.4546
ATLAS_SIG_B_TOP100,CGS001-10888,GPR83,trt_sh.cgs,-57.014503
ATLAS_SIG_B_TOP100,CGS001-53831,GPR84,trt_sh.cgs,-2.67505
ATLAS_SIG_B_TOP100,CGS001-53836,GPR87,trt_sh.cgs,0.0
ATLAS_SIG_B_TOP100,CGS001-9052,GPRC5A,trt_sh.cgs,0.0
ATLAS_SIG_B_TOP100,CGS001-55890,GPRC5C,trt_sh.cgs,0.0
ATLAS_SIG_B_TOP100,CGS001-222545,GPRC6A,trt_sh.cgs,-65.23181
ATLAS_SIG_B_TOP100,CGS001-26086,GPSM1,trt_sh.cgs,4.8421054
ATLAS_SIG_B_TOP100,CGS001-29899,GPSM2,trt_sh.cgs,-67.90003
ATLAS_SIG_B_TOP100,CGS001-2876,GPX1,trt_sh.cgs,-79.65256
ATLAS_SIG_B_TOP100,CGS001-2877,GPX2,trt_sh.cgs,43.99264
ATLAS_SIG_B_TOP100,CGS001-2878,GPX3,trt_sh.cgs,-26.883614
ATLAS_SIG_B_TOP100,CGS001-2882,GPX7,trt_sh.cgs,9.056761
ATLAS_SIG_B_TOP100,CGS001-2887,GRB10,trt_sh.cgs,7.9029045
ATLAS_SIG_B_TOP100,CGS001-2885,GRB2,trt_sh.cgs,30.966623
ATLAS_SIG_B_TOP100,CGS001-2886,GRB7,trt_sh.cgs,53.21111
ATLAS_SIG_B_TOP100,CGS001-9687,GREB1,trt_sh.cgs,32.422062
ATLAS_SIG_B_TOP100,CGS001-9380,GRHPR,trt_sh.cgs,-44.178112
ATLAS_SIG_B_TOP100,CGS001-2869,GRK5,trt_sh.cgs,70.48171
ATLAS_SIG_B_TOP100,CGS001-2870,GRK6,trt_sh.cgs,0.0
ATLAS_SIG_B_TOP100,CGS001-2896,GRN,trt_sh.cgs,-26.42257
ATLAS_SIG_B_TOP100,CGS001-2925,GRPR,trt_sh.cgs,-43.049744
ATLAS_SIG_B_TOP100,CGS001-83743,GRWD1,trt_sh.cgs,10.750424
ATLAS_SIG_B_TOP100,CGS001-55876,GSDMB,trt_sh.cgs,96.55144
ATLAS_SIG_B_TOP100,CGS001-2931,GSK3A,trt_sh.cgs,-0.05263158
ATLAS_SIG_B_TOP100,CGS001-2932,GSK3B,trt_sh.cgs,-16.588816
ATLAS_SIG_B_TOP100,CGS001-2936,GSR,trt_sh.cgs,24.136324
ATLAS_SIG_B_TOP100,CGS001-2937,GSS,trt_sh.cgs,12.813377
ATLAS_SIG_B_TOP100,CGS001-2944,GSTM1,trt_sh.cgs,0.7368421
ATLAS_SIG_B_TOP100,CGS001-2950,GSTP1,trt_sh.cgs,0.0
ATLAS_SIG_B_TOP100,CGS001-2952,GSTT1,trt_sh.cgs,-90.21271
ATLAS_SIG_B_TOP100,CGS001-2954,GSTZ1,trt_sh.cgs,2.3304796
ATLAS_SIG_B_TOP100,CGS001-79712,GTDC1,trt_sh.cgs,11.147152
ATLAS_SIG_B_TOP100,CGS001-2957,GTF2A1,trt_sh.cgs,-1.3197123
ATLAS_SIG_B_TOP100,CGS001-2958,GTF2A2,trt_sh.cgs,26.552803
ATLAS_SIG_B_TOP100,CGS001-2961,GTF2E2,trt_sh.cgs,47.29129
ATLAS_SIG_B_TOP100,CGS001-2963,GTF2F2,trt_sh.cgs,-19.961988
ATLAS_SIG_B_TOP100,CGS001-2966,GTF2H2,trt_sh.cgs,3.6401463
ATLAS_SIG_B_TOP100,CGS001-2967,GTF2H3,trt_sh.cgs,55.028694
ATLAS_SIG_B_TOP100,CGS001-2969,GTF2I,trt_sh.cgs,64.81438
ATLAS_SIG_B_TOP100,CGS001-2976,GTF3C2,trt_sh.cgs,-48.2956
ATLAS_SIG_B_TOP100,CGS001-29083,GTPBP8,trt_sh.cgs,13.482461
ATLAS_SIG_B_TOP100,CGS001-2987,GUK1,trt_sh.cgs,32.956615
ATLAS_SIG_B_TOP100,CGS001-2990,GUSB,trt_sh.cgs,11.447957
ATLAS_SIG_B_TOP100,CGS001-2992,GYG1,trt_sh.cgs,7.7105265
ATLAS_SIG_B_TOP100,CGS001-2997,GYS1,trt_sh.cgs,-50.32287
ATLAS_SIG_B_TOP100,CGS001-94239,H2AFV,trt_sh.cgs,90.175705
ATLAS_SIG_B_TOP100,CGS001-3033,HADH,trt_sh.cgs,-31.67532
ATLAS_SIG_B_TOP100,CGS001-3030,HADHA,trt_sh.cgs,56.73689
ATLAS_SIG_B_TOP100,CGS001-3032,HADHB,trt_sh.cgs,-74.67089
ATLAS_SIG_B_TOP100,CGS001-3029,HAGH,trt_sh.cgs,-52.64839
ATLAS_SIG_B_TOP100,CGS001-3034,HAL,trt_sh.cgs,42.934006
ATLAS_SIG_B_TOP100,CGS001-3035,HARS,trt_sh.cgs,-92.2744
ATLAS_SIG_B_TOP100,CGS001-8520,HAT1,trt_sh.cgs,0.0
ATLAS_SIG_B_TOP100,CGS001-26762,HAVCR1,trt_sh.cgs,32.162853
ATLAS_SIG_B_TOP100,CGS001-10456,HAX1,trt_sh.cgs,24.850355
ATLAS_SIG_B_TOP100,CGS001-3046,HBE1,trt_sh.cgs,-53.685123
ATLAS_SIG_B_TOP100,CGS001-26959,HBP1,trt_sh.cgs,-64.5766
ATLAS_SIG_B_TOP100,CGS001-27198,HCAR1,trt_sh.cgs,-43.025
ATLAS_SIG_B_TOP100,CGS001-3054,HCFC1,trt_sh.cgs,-36.499973
ATLAS_SIG_B_TOP100,CGS001-57657,HCN3,trt_sh.cgs,0.0
ATLAS_SIG_B_TOP100,CGS001-83933,HDAC10,trt_sh.cgs,4.0789475
ATLAS_SIG_B_TOP100,CGS001-3066,HDAC2,trt_sh.cgs,-45.085335
ATLAS_SIG_B_TOP100,CGS001-8841,HDAC3,trt_sh.cgs,2.4473684
ATLAS_SIG_B_TOP100,CGS001-9759,HDAC4,trt_sh.cgs,15.600275
ATLAS_SIG_B_TOP100,CGS001-10014,HDAC5,trt_sh.cgs,41.82667
ATLAS_SIG_B_TOP100,CGS001-10013,HDAC6,trt_sh.cgs,10.943294
ATLAS_SIG_B_TOP100,CGS001-51564,HDAC7,trt_sh.cgs,-1.4736842
ATLAS_SIG_B_TOP100,CGS001-55869,HDAC8,trt_sh.cgs,-28.61504
ATLAS_SIG_B_TOP100,CGS001-50810,HDGFRP3,trt_sh.cgs,41.4984
ATLAS_SIG_B_TOP100,CGS001-8226,HDHD1,trt_sh.cgs,92.626686
ATLAS_SIG_B_TOP100,CGS001-55127,HEATR1,trt_sh.cgs,-3.8884237
ATLAS_SIG_B_TOP100,CGS001-50865,HEBP1,trt_sh.cgs,-39.507217
ATLAS_SIG_B_TOP100,CGS001-55008,HERC6,trt_sh.cgs,-32.131783
ATLAS_SIG_B_TOP100,CGS001-9709,HERPUD1,trt_sh.cgs,3.7105262
ATLAS_SIG_B_TOP100,CGS001-3280,HES1,trt_sh.cgs,85.3749
ATLAS_SIG_B_TOP100,CGS001-388585,HES5,trt_sh.cgs,-74.641495
ATLAS_SIG_B_TOP100,CGS001-3074,HEXB,trt_sh.cgs,42.130123
ATLAS_SIG_B_TOP100,CGS001-10614,HEXIM1,trt_sh.cgs,5.552728
ATLAS_SIG_B_TOP100,CGS001-23462,HEY1,trt_sh.cgs,-21.95548
ATLAS_SIG_B_TOP100,CGS001-3077,HFE,trt_sh.cgs,0.0
ATLAS_SIG_B_TOP100,CGS001-9146,HGS,trt_sh.cgs,34.516773
ATLAS_SIG_B_TOP100,CGS001-3087,HHEX,trt_sh.cgs,5.6256733
ATLAS_SIG_B_TOP100,CGS001-11112,HIBADH,trt_sh.cgs,-46.40328
ATLAS_SIG_B_TOP100,CGS001-23119,HIC2,trt_sh.cgs,-6.5789475
ATLAS_SIG_B_TOP100,CGS001-3091,HIF1A,trt_sh.cgs,1.3684211
ATLAS_SIG_B_TOP100,CGS001-55662,HIF1AN,trt_sh.cgs,75.76207
ATLAS_SIG_B_TOP100,CGS001-192286,HIGD2A,trt_sh.cgs,65.91585
ATLAS_SIG_B_TOP100,CGS001-204851,HIPK1,trt_sh.cgs,56.830666
ATLAS_SIG_B_TOP100,CGS001-8334,HIST1H2AC,trt_sh.cgs,3.8947368
ATLAS_SIG_B_TOP100,CGS001-3017,HIST1H2BD,trt_sh.cgs,71.035614
ATLAS_SIG_B_TOP100,CGS001-85236,HIST1H2BK,trt_sh.cgs,67.20285
ATLAS_SIG_B_TOP100,CGS001-8349,HIST2H2BE,trt_sh.cgs,-65.74804
ATLAS_SIG_B_TOP100,CGS001-3098,HK1,trt_sh.cgs,71.93555
ATLAS_SIG_B_TOP100,CGS001-3105,HLA-A,trt_sh.cgs,31.233677
ATLAS_SIG_B_TOP100,CGS001-3108,HLA-DMA,trt_sh.cgs,39.303596
ATLAS_SIG_B_TOP100,CGS001-3109,HLA-DMB,trt_sh.cgs,36.287804
ATLAS_SIG_B_TOP100,CGS001-3113,HLA-DPA1,trt_sh.cgs,82.64144
ATLAS_SIG_B_TOP100,CGS001-3115,HLA-DPB1,trt_sh.cgs,-24.01318
ATLAS_SIG_B_TOP100,CGS001-3117,HLA-DQA1,trt_sh.cgs,0.0
ATLAS_SIG_B_TOP100,CGS001-3119,HLA-DQB1,trt_sh.cgs,45.22934
ATLAS_SIG_B_TOP100,CGS001-3122,HLA-DRA,trt_sh.cgs,0.0
ATLAS_SIG_B_TOP100,CGS001-3123,HLA-DRB1,trt_sh.cgs,-6.75796
ATLAS_SIG_B_TOP100,CGS001-3126,HLA-DRB4,trt_sh.cgs,-34.80367
ATLAS_SIG_B_TOP100,CGS001-3127,HLA-DRB5,trt_sh.cgs,33.104996
ATLAS_SIG_B_TOP100,CGS001-3131,HLF,trt_sh.cgs,-49.279346
ATLAS_SIG_B_TOP100,CGS001-79618,HMBOX1,trt_sh.cgs,0.0
ATLAS_SIG_B_TOP100,CGS001-10362,HMG20B,trt_sh.cgs,76.92116
ATLAS_SIG_B_TOP100,CGS001-3159,HMGA1,trt_sh.cgs,-75.4115
ATLAS_SIG_B_TOP100,CGS001-8091,HMGA2,trt_sh.cgs,-46.230606
ATLAS_SIG_B_TOP100,CGS001-3148,HMGB2,trt_sh.cgs,-36.355278
ATLAS_SIG_B_TOP100,CGS001-3149,HMGB3,trt_sh.cgs,48.372242
ATLAS_SIG_B_TOP100,CGS001-127540,HMGB4,trt_sh.cgs,37.590187
ATLAS_SIG_B_TOP100,CGS001-3155,HMGCL,trt_sh.cgs,68.16531
ATLAS_SIG_B_TOP100,CGS001-3156,HMGCR,trt_sh.cgs,0.94736844
ATLAS_SIG_B_TOP100,CGS001-3157,HMGCS1,trt_sh.cgs,36.187183
ATLAS_SIG_B_TOP100,CGS001-3158,HMGCS2,trt_sh.cgs,-31.697067
ATLAS_SIG_B_TOP100,CGS001-9324,HMGN3,trt_sh.cgs,22.036718
ATLAS_SIG_B_TOP100,CGS001-10473,HMGN4,trt_sh.cgs,35.834362
ATLAS_SIG_B_TOP100,CGS001-79366,HMGN5,trt_sh.cgs,-19.743334
ATLAS_SIG_B_TOP100,CGS001-3161,HMMR,trt_sh.cgs,69.80577
ATLAS_SIG_B_TOP100,CGS001-3162,HMOX1,trt_sh.cgs,-68.77092
ATLAS_SIG_B_TOP100,CGS001-3163,HMOX2,trt_sh.cgs,33.343098
ATLAS_SIG_B_TOP100,CGS001-90861,HN1L,trt_sh.cgs,47.479755
ATLAS_SIG_B_TOP100,CGS001-6927,HNF1A,trt_sh.cgs,61.00161
ATLAS_SIG_B_TOP100,CGS001-6928,HNF1B,trt_sh.cgs,-3.131579
ATLAS_SIG_B_TOP100,CGS001-3172,HNF4A,trt_sh.cgs,-20.803383
ATLAS_SIG_B_TOP100,CGS001-3174,HNF4G,trt_sh.cgs,-9.850366
ATLAS_SIG_B_TOP100,CGS001-3176,HNMT,trt_sh.cgs,-51.493736
ATLAS_SIG_B_TOP100,CGS001-9455,HOMER2,trt_sh.cgs,37.947952
ATLAS_SIG_B_TOP100,CGS001-57594,HOMEZ,trt_sh.cgs,-27.622501
ATLAS_SIG_B_TOP100,CGS001-29911,HOOK2,trt_sh.cgs,10.590873
ATLAS_SIG_B_TOP100,CGS001-84525,HOPX,trt_sh.cgs,0.0
ATLAS_SIG_B_TOP100,CGS001-150280,HORMAD2,trt_sh.cgs,47.595787
ATLAS_SIG_B_TOP100,CGS001-3198,HOXA1,trt_sh.cgs,19.736412
ATLAS_SIG_B_TOP100,CGS001-3206,HOXA10,trt_sh.cgs,-2.4210527
ATLAS_SIG_B_TOP100,CGS001-3199,HOXA2,trt_sh.cgs,0.0
ATLAS_SIG_B_TOP100,CGS001-3202,HOXA5,trt_sh.cgs,-9.852438
ATLAS_SIG_B_TOP100,CGS001-3203,HOXA6,trt_sh.cgs,-89.3947
ATLAS_SIG_B_TOP100,CGS001-3205,HOXA9,trt_sh.cgs,-67.80658
ATLAS_SIG_B_TOP100,CGS001-10481,HOXB13,trt_sh.cgs,39.294594
ATLAS_SIG_B_TOP100,CGS001-3212,HOXB2,trt_sh.cgs,0.0
ATLAS_SIG_B_TOP100,CGS001-3214,HOXB4,trt_sh.cgs,-26.15638
ATLAS_SIG_B_TOP100,CGS001-3215,HOXB5,trt_sh.cgs,69.40947
ATLAS_SIG_B_TOP100,CGS001-3217,HOXB7,trt_sh.cgs,-65.104034
ATLAS_SIG_B_TOP100,CGS001-3226,HOXC10,trt_sh.cgs,5.889353
ATLAS_SIG_B_TOP100,CGS001-3221,HOXC4,trt_sh.cgs,-2.9210527
ATLAS_SIG_B_TOP100,CGS001-3225,HOXC9,trt_sh.cgs,-47.6641
ATLAS_SIG_B_TOP100,CGS001-3242,HPD,trt_sh.cgs,46.821888
ATLAS_SIG_B_TOP100,CGS001-3248,HPGD,trt_sh.cgs,42.17666
ATLAS_SIG_B_TOP100,CGS001-3249,HPN,trt_sh.cgs,-11.263158
ATLAS_SIG_B_TOP100,CGS001-3251,HPRT1,trt_sh.cgs,0.0
ATLAS_SIG_B_TOP100,CGS001-3265,HRAS,trt_sh.cgs,49.020412
ATLAS_SIG_B_TOP100,CGS001-3269,HRH1,trt_sh.cgs,2.1842105
ATLAS_SIG_B_TOP100,CGS001-10247,HRSP12,trt_sh.cgs,57.65149
ATLAS_SIG_B_TOP100,CGS001-9653,HS2ST1,trt_sh.cgs,75.11398
ATLAS_SIG_B_TOP100,CGS001-9955,HS3ST3A1,trt_sh.cgs,-70.1955
ATLAS_SIG_B_TOP100,CGS001-3281,HSBP1,trt_sh.cgs,0.0
ATLAS_SIG_B_TOP100,CGS001-3028,HSD17B10,trt_sh.cgs,-64.85103
ATLAS_SIG_B_TOP100,CGS001-51170,HSD17B11,trt_sh.cgs,21.299551
ATLAS_SIG_B_TOP100,CGS001-3294,HSD17B2,trt_sh.cgs,-55.11616
ATLAS_SIG_B_TOP100,CGS001-3295,HSD17B4,trt_sh.cgs,25.350994
ATLAS_SIG_B_TOP100,CGS001-51478,HSD17B7,trt_sh.cgs,-17.582417
ATLAS_SIG_B_TOP100,CGS001-7923,HSD17B8,trt_sh.cgs,-92.76454
ATLAS_SIG_B_TOP100,CGS001-3297,HSF1,trt_sh.cgs,-83.73375
ATLAS_SIG_B_TOP100,CGS001-3298,HSF2,trt_sh.cgs,-88.63344
ATLAS_SIG_B_TOP100,CGS001-124535,HSF5,trt_sh.cgs,57.49924
ATLAS_SIG_B_TOP100,CGS001-3320,HSP90AA1,trt_sh.cgs,-1.7368422
ATLAS_SIG_B_TOP100,CGS001-3326,HSP90AB1,trt_sh.cgs,-50.460533
ATLAS_SIG_B_TOP100,CGS001-7184,HSP90B1,trt_sh.cgs,58.250168
ATLAS_SIG_B_TOP100,CGS001-51182,HSPA14,trt_sh.cgs,48.117004
ATLAS_SIG_B_TOP100,CGS001-3303,HSPA1A,trt_sh.cgs,12.495503
ATLAS_SIG_B_TOP100,CGS001-3304,HSPA1B,trt_sh.cgs,-16.02011
ATLAS_SIG_B_TOP100,CGS001-3306,HSPA2,trt_sh.cgs,-17.011253
ATLAS_SIG_B_TOP100,CGS001-3308,HSPA4,trt_sh.cgs,-77.280685
ATLAS_SIG_B_TOP100,CGS001-3309,HSPA5,trt_sh.cgs,0.0
ATLAS_SIG_B_TOP100,CGS001-3312,HSPA8,trt_sh.cgs,88.51586
ATLAS_SIG_B_TOP100,CGS001-3313,HSPA9,trt_sh.cgs,25.183922
ATLAS_SIG_B_TOP100,CGS001-3315,HSPB1,trt_sh.cgs,47.975258
ATLAS_SIG_B_TOP100,CGS001-26353,HSPB8,trt_sh.cgs,94.841194
ATLAS_SIG_B_TOP100,CGS001-3329,HSPD1,trt_sh.cgs,1.7368422
ATLAS_SIG_B_TOP100,CGS001-3336,HSPE1,trt_sh.cgs,-6.671075
ATLAS_SIG_B_TOP100,CGS001-3339,HSPG2,trt_sh.cgs,19.462183
ATLAS_SIG_B_TOP100,CGS001-10553,HTATIP2,trt_sh.cgs,-72.61041
ATLAS_SIG_B_TOP100,CGS001-27336,HTATSF1,trt_sh.cgs,-73.069534
ATLAS_SIG_B_TOP100,CGS001-5654,HTRA1,trt_sh.cgs,38.956367
ATLAS_SIG_B_TOP100,CGS001-3364,HUS1,trt_sh.cgs,-2.0526316
ATLAS_SIG_B_TOP100,CGS001-3373,HYAL1,trt_sh.cgs,0.0
ATLAS_SIG_B_TOP100,CGS001-8692,HYAL2,trt_sh.cgs,3.7368422
ATLAS_SIG_B_TOP100,CGS001-3376,IARS,trt_sh.cgs,0.0
ATLAS_SIG_B_TOP100,CGS001-55699,IARS2,trt_sh.cgs,11.073663
ATLAS_SIG_B_TOP100,CGS001-3383,ICAM1,trt_sh.cgs,78.36607
ATLAS_SIG_B_TOP100,CGS001-3385,ICAM3,trt_sh.cgs,-85.24236
ATLAS_SIG_B_TOP100,CGS001-23463,ICMT,trt_sh.cgs,0.0
ATLAS_SIG_B_TOP100,CGS001-3398,ID2,trt_sh.cgs,37.308884
ATLAS_SIG_B_TOP100,CGS001-3399,ID3,trt_sh.cgs,-3.0789473
ATLAS_SIG_B_TOP100,CGS001-3400,ID4,trt_sh.cgs,52.95437
ATLAS_SIG_B_TOP100,CGS001-3416,IDE,trt_sh.cgs,-47.05972
ATLAS_SIG_B_TOP100,CGS001-3417,IDH1,trt_sh.cgs,-48.35016
ATLAS_SIG_B_TOP100,CGS001-3418,IDH2,trt_sh.cgs,51.473175
ATLAS_SIG_B_TOP100,CGS001-3419,IDH3A,trt_sh.cgs,30.829823
ATLAS_SIG_B_TOP100,CGS001-3420,IDH3B,trt_sh.cgs,1.9848362
ATLAS_SIG_B_TOP100,CGS001-3421,IDH3G,trt_sh.cgs,0.0
ATLAS_SIG_B_TOP100,CGS001-8870,IER3,trt_sh.cgs,-46.705303
ATLAS_SIG_B_TOP100,CGS001-3428,IFI16,trt_sh.cgs,-22.462158
ATLAS_SIG_B_TOP100,CGS001-10437,IFI30,trt_sh.cgs,-22.376688
ATLAS_SIG_B_TOP100,CGS001-64135,IFIH1,trt_sh.cgs,-68.35075
ATLAS_SIG_B_TOP100,CGS001-24138,IFIT5,trt_sh.cgs,-93.66141
ATLAS_SIG_B_TOP100,CGS001-3455,IFNAR2,trt_sh.cgs,-80.931145
ATLAS_SIG_B_TOP100,CGS001-3456,IFNB1,trt_sh.cgs,-59.25537
ATLAS_SIG_B_TOP100,CGS001-3458,IFNG,trt_sh.cgs,3.6842105
ATLAS_SIG_B_TOP100,CGS001-3459,IFNGR1,trt_sh.cgs,-40.308117
ATLAS_SIG_B_TOP100,CGS001-3460,IFNGR2,trt_sh.cgs,-4.8598537
ATLAS_SIG_B_TOP100,CGS001-7866,IFRD2,trt_sh.cgs,-1.8607342
ATLAS_SIG_B_TOP100,CGS001-3476,IGBP1,trt_sh.cgs,71.35013
ATLAS_SIG_B_TOP100,CGS001-3481,IGF2,trt_sh.cgs,49.023434
ATLAS_SIG_B_TOP100,CGS001-10642,IGF2BP1,trt_sh.cgs,-24.546768
ATLAS_SIG_B_TOP100,CGS001-10644,IGF2BP2,trt_sh.cgs,-40.695618
ATLAS_SIG_B_TOP100,CGS001-10643,IGF2BP3,trt_sh.cgs,-24.31121
ATLAS_SIG_B_TOP100,CGS001-3482,IGF2R,trt_sh.cgs,-98.10526
ATLAS_SIG_B_TOP100,CGS001-3485,IGFBP2,trt_sh.cgs,59.02281
ATLAS_SIG_B_TOP100,CGS001-3486,IGFBP3,trt_sh.cgs,-26.686834
ATLAS_SIG_B_TOP100,CGS001-3487,IGFBP4,trt_sh.cgs,-5.868421
ATLAS_SIG_B_TOP100,CGS001-3488,IGFBP5,trt_sh.cgs,1.1578947
ATLAS_SIG_B_TOP100,CGS001-3489,IGFBP6,trt_sh.cgs,-37.844574
ATLAS_SIG_B_TOP100,CGS001-3490,IGFBP7,trt_sh.cgs,-48.440865
ATLAS_SIG_B_TOP100,CGS001-3508,IGHMBP2,trt_sh.cgs,0.0
ATLAS_SIG_B_TOP100,CGS001-93185,IGSF8,trt_sh.cgs,51.671482
ATLAS_SIG_B_TOP100,CGS001-8518,IKBKAP,trt_sh.cgs,88.93336
ATLAS_SIG_B_TOP100,CGS001-9641,IKBKE,trt_sh.cgs,24.685295
ATLAS_SIG_B_TOP100,CGS001-8517,IKBKG,trt_sh.cgs,-73.68329
ATLAS_SIG_B_TOP100,CGS001-10320,IKZF1,trt_sh.cgs,-81.65387
ATLAS_SIG_B_TOP100,CGS001-64376,IKZF5,trt_sh.cgs,75.53609
ATLAS_SIG_B_TOP100,CGS001-3586,IL10,trt_sh.cgs,-88.97327
ATLAS_SIG_B_TOP100,CGS001-3588,IL10RB,trt_sh.cgs,53.015068
ATLAS_SIG_B_TOP100,CGS001-3589,IL11,trt_sh.cgs,-5.4210525
ATLAS_SIG_B_TOP100,CGS001-3590,IL11RA,trt_sh.cgs,22.916275
ATLAS_SIG_B_TOP100,CGS001-3592,IL12A,trt_sh.cgs,-18.40491
ATLAS_SIG_B_TOP100,CGS001-3593,IL12B,trt_sh.cgs,-24.554895
ATLAS_SIG_B_TOP100,CGS001-3596,IL13,trt_sh.cgs,10.052631
ATLAS_SIG_B_TOP100,CGS001-3597,IL13RA1,trt_sh.cgs,-48.620102
ATLAS_SIG_B_TOP100,CGS001-3598,IL13RA2,trt_sh.cgs,3.6052632
ATLAS_SIG_B_TOP100,CGS001-3600,IL15,trt_sh.cgs,14.459814
ATLAS_SIG_B_TOP100,CGS001-3601,IL15RA,trt_sh.cgs,0.0
ATLAS_SIG_B_TOP100,CGS001-8807,IL18RAP,trt_sh.cgs,6.7188787
ATLAS_SIG_B_TOP100,CGS001-3553,IL1B,trt_sh.cgs,6.9210525
ATLAS_SIG_B_TOP100,CGS001-3554,IL1R1,trt_sh.cgs,-29.077978
ATLAS_SIG_B_TOP100,CGS001-7850,IL1R2,trt_sh.cgs,-44.19503
ATLAS_SIG_B_TOP100,CGS001-3556,IL1RAP,trt_sh.cgs,-81.10649
ATLAS_SIG_B_TOP100,CGS001-3558,IL2,trt_sh.cgs,1.9473684
ATLAS_SIG_B_TOP100,CGS001-149233,IL23R,trt_sh.cgs,68.13602
ATLAS_SIG_B_TOP100,CGS001-246778,IL27,trt_sh.cgs,68.29906
ATLAS_SIG_B_TOP100,CGS001-3559,IL2RA,trt_sh.cgs,-19.27492
ATLAS_SIG_B_TOP100,CGS001-3560,IL2RB,trt_sh.cgs,54.287514
ATLAS_SIG_B_TOP100,CGS001-3565,IL4,trt_sh.cgs,3.1052632
ATLAS_SIG_B_TOP100,CGS001-3566,IL4R,trt_sh.cgs,-7.78649
ATLAS_SIG_B_TOP100,CGS001-3567,IL5,trt_sh.cgs,-27.342106
ATLAS_SIG_B_TOP100,CGS001-3569,IL6,trt_sh.cgs,-76.28272
ATLAS_SIG_B_TOP100,CGS001-3570,IL6R,trt_sh.cgs,-10.20971
ATLAS_SIG_B_TOP100,CGS001-3572,IL6ST,trt_sh.cgs,51.15857
ATLAS_SIG_B_TOP100,CGS001-3575,IL7R,trt_sh.cgs,0.0
ATLAS_SIG_B_TOP100,CGS001-3608,ILF2,trt_sh.cgs,0.0
ATLAS_SIG_B_TOP100,CGS001-3609,ILF3,trt_sh.cgs,80.30989
ATLAS_SIG_B_TOP100,CGS001-3611,ILK,trt_sh.cgs,1.2368422
ATLAS_SIG_B_TOP100,CGS001-3612,IMPA1,trt_sh.cgs,66.4218
ATLAS_SIG_B_TOP100,CGS001-3613,IMPA2,trt_sh.cgs,36.243584
ATLAS_SIG_B_TOP100,CGS001-3614,IMPDH1,trt_sh.cgs,-53.433334
ATLAS_SIG_B_TOP100,CGS001-3615,IMPDH2,trt_sh.cgs,-64.902405
ATLAS_SIG_B_TOP100,CGS001-3622,ING2,trt_sh.cgs,26.923185
ATLAS_SIG_B_TOP100,CGS001-83729,INHBE,trt_sh.cgs,-32.142097
ATLAS_SIG_B_TOP100,CGS001-3628,INPP1,trt_sh.cgs,5.943267
ATLAS_SIG_B_TOP100,CGS001-8821,INPP4B,trt_sh.cgs,-24.511803
ATLAS_SIG_B_TOP100,CGS001-3635,INPP5D,trt_sh.cgs,91.76151
ATLAS_SIG_B_TOP100,CGS001-3636,INPPL1,trt_sh.cgs,1.0
ATLAS_SIG_B_TOP100,CGS001-3630,INS,trt_sh.cgs,-35.9608
ATLAS_SIG_B_TOP100,CGS001-3638,INSIG1,trt_sh.cgs,17.438608
ATLAS_SIG_B_TOP100,CGS001-65123,INTS3,trt_sh.cgs,-30.98234
ATLAS_SIG_B_TOP100,CGS001-9807,IP6K1,trt_sh.cgs,12.740894
ATLAS_SIG_B_TOP100,CGS001-51447,IP6K2,trt_sh.cgs,-46.130035
ATLAS_SIG_B_TOP100,CGS001-253430,IPMK,trt_sh.cgs,-17.705383
ATLAS_SIG_B_TOP100,CGS001-9670,IPO13,trt_sh.cgs,-3.5526316
ATLAS_SIG_B_TOP100,CGS001-79711,IPO4,trt_sh.cgs,55.753586
ATLAS_SIG_B_TOP100,CGS001-8826,IQGAP1,trt_sh.cgs,35.135628
ATLAS_SIG_B_TOP100,CGS001-3654,IRAK1,trt_sh.cgs,12.416259
ATLAS_SIG_B_TOP100,CGS001-3656,IRAK2,trt_sh.cgs,-40.50875
ATLAS_SIG_B_TOP100,CGS001-51135,IRAK4,trt_sh.cgs,0.0
ATLAS_SIG_B_TOP100,CGS001-3659,IRF1,trt_sh.cgs,-37.72296
ATLAS_SIG_B_TOP100,CGS001-3660,IRF2,trt_sh.cgs,34.58065
ATLAS_SIG_B_TOP100,CGS001-3661,IRF3,trt_sh.cgs,-42.479866
ATLAS_SIG_B_TOP100,CGS001-3663,IRF5,trt_sh.cgs,42.747425
ATLAS_SIG_B_TOP100,CGS001-3664,IRF6,trt_sh.cgs,5.131579
ATLAS_SIG_B_TOP100,CGS001-3665,IRF7,trt_sh.cgs,-52.323677
ATLAS_SIG_B_TOP100,CGS001-10379,IRF9,trt_sh.cgs,16.675522
ATLAS_SIG_B_TOP100,CGS001-345611,IRGM,trt_sh.cgs,-4.911099
ATLAS_SIG_B_TOP100,CGS001-3667,IRS1,trt_sh.cgs,12.702801
ATLAS_SIG_B_TOP100,CGS001-8660,IRS2,trt_sh.cgs,5.4146824
ATLAS_SIG_B_TOP100,CGS001-3669,ISG20,trt_sh.cgs,44.686584
ATLAS_SIG_B_TOP100,CGS001-3670,ISL1,trt_sh.cgs,23.255653
ATLAS_SIG_B_TOP100,CGS001-51015,ISOC1,trt_sh.cgs,7.4293666
ATLAS_SIG_B_TOP100,CGS001-91464,ISX,trt_sh.cgs,68.07869
ATLAS_SIG_B_TOP100,CGS001-83737,ITCH,trt_sh.cgs,41.344215
ATLAS_SIG_B_TOP100,CGS001-81533,ITFG1,trt_sh.cgs,37.018555
ATLAS_SIG_B_TOP100,CGS001-3672,ITGA1,trt_sh.cgs,-12.429226
ATLAS_SIG_B_TOP100,CGS001-3673,ITGA2,trt_sh.cgs,38.9563
ATLAS_SIG_B_TOP100,CGS001-3675,ITGA3,trt_sh.cgs,-34.235546
ATLAS_SIG_B_TOP100,CGS001-3676,ITGA4,trt_sh.cgs,-2.0526316
ATLAS_SIG_B_TOP100,CGS001-3682,ITGAE,trt_sh.cgs,-59.04183
ATLAS_SIG_B_TOP100,CGS001-3685,ITGAV,trt_sh.cgs,42.934067
ATLAS_SIG_B_TOP100,CGS001-3688,ITGB1,trt_sh.cgs,-93.31026
ATLAS_SIG_B_TOP100,CGS001-9270,ITGB1BP1,trt_sh.cgs,39.193386
ATLAS_SIG_B_TOP100,CGS001-3689,ITGB2,trt_sh.cgs,-18.425129
ATLAS_SIG_B_TOP100,CGS001-3690,ITGB3,trt_sh.cgs,-11.157895
ATLAS_SIG_B_TOP100,CGS001-3691,ITGB4,trt_sh.cgs,-73.93697
ATLAS_SIG_B_TOP100,CGS001-3693,ITGB5,trt_sh.cgs,-39.004936
ATLAS_SIG_B_TOP100,CGS001-3705,ITPK1,trt_sh.cgs,-31.124882
ATLAS_SIG_B_TOP100,CGS001-3706,ITPKA,trt_sh.cgs,-54.90306
ATLAS_SIG_B_TOP100,CGS001-3708,ITPR1,trt_sh.cgs,61.388123
ATLAS_SIG_B_TOP100,CGS001-3709,ITPR2,trt_sh.cgs,44.053474
ATLAS_SIG_B_TOP100,CGS001-3710,ITPR3,trt_sh.cgs,21.596676
ATLAS_SIG_B_TOP100,CGS001-6453,ITSN1,trt_sh.cgs,-35.091244
ATLAS_SIG_B_TOP100,CGS001-182,JAG1,trt_sh.cgs,-15.693664
ATLAS_SIG_B_TOP100,CGS001-3716,JAK1,trt_sh.cgs,6.801675
ATLAS_SIG_B_TOP100,CGS001-3717,JAK2,trt_sh.cgs,0.0
ATLAS_SIG_B_TOP100,CGS001-3718,JAK3,trt_sh.cgs,7.736842
ATLAS_SIG_B_TOP100,CGS001-221895,JAZF1,trt_sh.cgs,55.44141
ATLAS_SIG_B_TOP100,CGS001-23210,JMJD6,trt_sh.cgs,3.8111236
ATLAS_SIG_B_TOP100,CGS001-8681,JMJD7-PLA2G4B,trt_sh.cgs,-41.85099
ATLAS_SIG_B_TOP100,CGS001-9929,JOSD1,trt_sh.cgs,49.38714
ATLAS_SIG_B_TOP100,CGS001-3725,JUN,trt_sh.cgs,0.0
ATLAS_SIG_B_TOP100,CGS001-3726,JUNB,trt_sh.cgs,-90.521866
ATLAS_SIG_B_TOP100,CGS001-3735,KARS,trt_sh.cgs,1.9736842
ATLAS_SIG_B_TOP100,CGS001-8850,KAT2B,trt_sh.cgs,-6.5953746
ATLAS_SIG_B_TOP100,CGS001-10524,KAT5,trt_sh.cgs,15.029045
ATLAS_SIG_B_TOP100,CGS001-7994,KAT6A,trt_sh.cgs,13.118826
ATLAS_SIG_B_TOP100,CGS001-23522,KAT6B,trt_sh.cgs,43.7602
ATLAS_SIG_B_TOP100,CGS001-11143,KAT7,trt_sh.cgs,14.721885
ATLAS_SIG_B_TOP100,CGS001-81621,KAZALD1,trt_sh.cgs,80.82942
ATLAS_SIG_B_TOP100,CGS001-25948,KBTBD2,trt_sh.cgs,-30.03115
ATLAS_SIG_B_TOP100,CGS001-3755,KCNG1,trt_sh.cgs,58.7987
ATLAS_SIG_B_TOP100,CGS001-3767,KCNJ11,trt_sh.cgs,25.62487
ATLAS_SIG_B_TOP100,CGS001-3775,KCNK1,trt_sh.cgs,67.06719
ATLAS_SIG_B_TOP100,CGS001-3776,KCNK2,trt_sh.cgs,0.0
ATLAS_SIG_B_TOP100,CGS001-3778,KCNMA1,trt_sh.cgs,-15.289869
ATLAS_SIG_B_TOP100,CGS001-3783,KCNN4,trt_sh.cgs,-47.28041
ATLAS_SIG_B_TOP100,CGS001-3784,KCNQ1,trt_sh.cgs,-14.019588
ATLAS_SIG_B_TOP100,CGS001-23510,KCTD2,trt_sh.cgs,19.622345
ATLAS_SIG_B_TOP100,CGS001-54442,KCTD5,trt_sh.cgs,-60.81346
ATLAS_SIG_B_TOP100,CGS001-11014,KDELR2,trt_sh.cgs,11.361454
ATLAS_SIG_B_TOP100,CGS001-11015,KDELR3,trt_sh.cgs,48.429855
ATLAS_SIG_B_TOP100,CGS001-23028,KDM1A,trt_sh.cgs,0.0
ATLAS_SIG_B_TOP100,CGS001-55818,KDM3A,trt_sh.cgs,83.488144
ATLAS_SIG_B_TOP100,CGS001-23030,KDM4B,trt_sh.cgs,0.0
ATLAS_SIG_B_TOP100,CGS001-23081,KDM4C,trt_sh.cgs,13.108847
ATLAS_SIG_B_TOP100,CGS001-5927,KDM5A,trt_sh.cgs,89.58791
ATLAS_SIG_B_TOP100,CGS001-10765,KDM5B,trt_sh.cgs,-48.07519
ATLAS_SIG_B_TOP100,CGS001-3791,KDR,trt_sh.cgs,53.437256
ATLAS_SIG_B_TOP100,CGS001-9817,KEAP1,trt_sh.cgs,-60.99919
ATLAS_SIG_B_TOP100,CGS001-10657,KHDRBS1,trt_sh.cgs,-1.9210526
ATLAS_SIG_B_TOP100,CGS001-9703,KIAA0100,trt_sh.cgs,0.0
ATLAS_SIG_B_TOP100,CGS001-9897,KIAA0196,trt_sh.cgs,63.958286
ATLAS_SIG_B_TOP100,CGS001-9870,KIAA0317,trt_sh.cgs,-57.280544
ATLAS_SIG_B_TOP100,CGS001-9710,KIAA0355,trt_sh.cgs,65.6928
ATLAS_SIG_B_TOP100,CGS001-9813,KIAA0494,trt_sh.cgs,-37.829872
ATLAS_SIG_B_TOP100,CGS001-9847,KIAA0528,trt_sh.cgs,0.0
ATLAS_SIG_B_TOP100,CGS001-9851,KIAA0753,trt_sh.cgs,51.015076
ATLAS_SIG_B_TOP100,CGS001-22889,KIAA0907,trt_sh.cgs,57.409386
ATLAS_SIG_B_TOP100,CGS001-23240,KIAA0922,trt_sh.cgs,-82.402885
ATLAS_SIG_B_TOP100,CGS001-22832,KIAA1009,trt_sh.cgs,2.3421052
ATLAS_SIG_B_TOP100,CGS001-23325,KIAA1033,trt_sh.cgs,42.192413
ATLAS_SIG_B_TOP100,CGS001-26128,KIAA1279,trt_sh.cgs,0.0
ATLAS_SIG_B_TOP100,CGS001-9928,KIF14,trt_sh.cgs,35.85077
ATLAS_SIG_B_TOP100,CGS001-10112,KIF20A,trt_sh.cgs,28.24944
ATLAS_SIG_B_TOP100,CGS001-23046,KIF21B,trt_sh.cgs,22.503355
ATLAS_SIG_B_TOP100,CGS001-11004,KIF2C,trt_sh.cgs,27.553013
ATLAS_SIG_B_TOP100,CGS001-3799,KIF5B,trt_sh.cgs,-20.910393
ATLAS_SIG_B_TOP100,CGS001-3800,KIF5C,trt_sh.cgs,2.5263157
ATLAS_SIG_B_TOP100,CGS001-64147,KIF9,trt_sh.cgs,5.235854
ATLAS_SIG_B_TOP100,CGS001-84634,KISS1R,trt_sh.cgs,50.184994
ATLAS_SIG_B_TOP100,CGS001-3815,KIT,trt_sh.cgs,18.73983
ATLAS_SIG_B_TOP100,CGS001-4254,KITLG,trt_sh.cgs,-91.384056
ATLAS_SIG_B_TOP100,CGS001-7071,KLF10,trt_sh.cgs,-44.30784
ATLAS_SIG_B_TOP100,CGS001-8462,KLF11,trt_sh.cgs,33.968933
ATLAS_SIG_B_TOP100,CGS001-136259,KLF14,trt_sh.cgs,19.53463
ATLAS_SIG_B_TOP100,CGS001-10365,KLF2,trt_sh.cgs,9.960998
ATLAS_SIG_B_TOP100,CGS001-51274,KLF3,trt_sh.cgs,92.29893
ATLAS_SIG_B_TOP100,CGS001-9314,KLF4,trt_sh.cgs,-46.757927
ATLAS_SIG_B_TOP100,CGS001-688,KLF5,trt_sh.cgs,-58.27214
ATLAS_SIG_B_TOP100,CGS001-1316,KLF6,trt_sh.cgs,-30.148565
ATLAS_SIG_B_TOP100,CGS001-8609,KLF7,trt_sh.cgs,-29.745758
ATLAS_SIG_B_TOP100,CGS001-23588,KLHDC2,trt_sh.cgs,50.184116
ATLAS_SIG_B_TOP100,CGS001-126823,KLHDC9,trt_sh.cgs,-4.1355824
ATLAS_SIG_B_TOP100,CGS001-9903,KLHL21,trt_sh.cgs,5.7559214
ATLAS_SIG_B_TOP100,CGS001-55958,KLHL9,trt_sh.cgs,50.66452
ATLAS_SIG_B_TOP100,CGS001-5653,KLK6,trt_sh.cgs,-2.4696236
ATLAS_SIG_B_TOP100,CGS001-3821,KLRC1,trt_sh.cgs,-12.607372
ATLAS_SIG_B_TOP100,CGS001-85442,KNDC1,trt_sh.cgs,37.44807
ATLAS_SIG_B_TOP100,CGS001-3827,KNG1,trt_sh.cgs,31.080555
ATLAS_SIG_B_TOP100,CGS001-83999,KREMEN1,trt_sh.cgs,64.24086
ATLAS_SIG_B_TOP100,CGS001-3880,KRT19,trt_sh.cgs,-11.147583
ATLAS_SIG_B_TOP100,CGS001-147183,KRT25,trt_sh.cgs,25.538101
ATLAS_SIG_B_TOP100,CGS001-353288,KRT26,trt_sh.cgs,66.67654
ATLAS_SIG_B_TOP100,CGS001-3856,KRT8,trt_sh.cgs,-6.168121
ATLAS_SIG_B_TOP100,CGS001-283455,KSR2,trt_sh.cgs,47.01004
ATLAS_SIG_B_TOP100,CGS001-3895,KTN1,trt_sh.cgs,57.752563
ATLAS_SIG_B_TOP100,CGS001-8942,KYNU,trt_sh.cgs,-36.227154
ATLAS_SIG_B_TOP100,CGS001-3897,L1CAM,trt_sh.cgs,57.919968
ATLAS_SIG_B_TOP100,CGS001-91133,L3MBTL4,trt_sh.cgs,5.1025553
ATLAS_SIG_B_TOP100,CGS001-144811,LACC1,trt_sh.cgs,-27.343681
ATLAS_SIG_B_TOP100,CGS001-8270,LAGE3,trt_sh.cgs,-70.93811
ATLAS_SIG_B_TOP100,CGS001-3909,LAMA3,trt_sh.cgs,-4.8542747
ATLAS_SIG_B_TOP100,CGS001-3912,LAMB1,trt_sh.cgs,-43.5689
ATLAS_SIG_B_TOP100,CGS001-3920,LAMP2,trt_sh.cgs,56.17923
ATLAS_SIG_B_TOP100,CGS001-8649,LAMTOR3,trt_sh.cgs,-45.548466
ATLAS_SIG_B_TOP100,CGS001-10314,LANCL1,trt_sh.cgs,2.4473684
ATLAS_SIG_B_TOP100,CGS001-51056,LAP3,trt_sh.cgs,21.229109
ATLAS_SIG_B_TOP100,CGS001-51520,LARS,trt_sh.cgs,78.20334
ATLAS_SIG_B_TOP100,CGS001-23395,LARS2,trt_sh.cgs,29.80914
ATLAS_SIG_B_TOP100,CGS001-3927,LASP1,trt_sh.cgs,3.5789473
ATLAS_SIG_B_TOP100,CGS001-3930,LBR,trt_sh.cgs,-21.626299
ATLAS_SIG_B_TOP100,CGS001-3932,LCK,trt_sh.cgs,35.384945
ATLAS_SIG_B_TOP100,CGS001-51451,LCMT1,trt_sh.cgs,-39.58314
ATLAS_SIG_B_TOP100,CGS001-3934,LCN2,trt_sh.cgs,-10.542053
ATLAS_SIG_B_TOP100,CGS001-3939,LDHA,trt_sh.cgs,-54.200745
ATLAS_SIG_B_TOP100,CGS001-3945,LDHB,trt_sh.cgs,43.425537
ATLAS_SIG_B_TOP100,CGS001-3949,LDLR,trt_sh.cgs,-54.188644
ATLAS_SIG_B_TOP100,CGS001-51176,LEF1,trt_sh.cgs,-61.441597
ATLAS_SIG_B_TOP100,CGS001-55214,LEPREL1,trt_sh.cgs,-75.61498
ATLAS_SIG_B_TOP100,CGS001-3956,LGALS1,trt_sh.cgs,-40.779877
ATLAS_SIG_B_TOP100,CGS001-3957,LGALS2,trt_sh.cgs,28.236095
ATLAS_SIG_B_TOP100,CGS001-3958,LGALS3,trt_sh.cgs,-38.62389
ATLAS_SIG_B_TOP100,CGS001-3964,LGALS8,trt_sh.cgs,-80.43693
ATLAS_SIG_B_TOP100,CGS001-5641,LGMN,trt_sh.cgs,-79.32507
ATLAS_SIG_B_TOP100,CGS001-55366,LGR4,trt_sh.cgs,-24.158972
ATLAS_SIG_B_TOP100,CGS001-8549,LGR5,trt_sh.cgs,-40.950184
ATLAS_SIG_B_TOP100,CGS001-59352,LGR6,trt_sh.cgs,18.87585
ATLAS_SIG_B_TOP100,CGS001-64077,LHPP,trt_sh.cgs,80.24657
ATLAS_SIG_B_TOP100,CGS001-9355,LHX2,trt_sh.cgs,0.0
ATLAS_SIG_B_TOP100,CGS001-8022,LHX3,trt_sh.cgs,0.0
ATLAS_SIG_B_TOP100,CGS001-89884,LHX4,trt_sh.cgs,0.0
ATLAS_SIG_B_TOP100,CGS001-56956,LHX9,trt_sh.cgs,-54.250526
ATLAS_SIG_B_TOP100,CGS001-11019,LIAS,trt_sh.cgs,28.994835
ATLAS_SIG_B_TOP100,CGS001-3976,LIF,trt_sh.cgs,-80.33513
ATLAS_SIG_B_TOP100,CGS001-3978,LIG1,trt_sh.cgs,34.375504
ATLAS_SIG_B_TOP100,CGS001-3980,LIG3,trt_sh.cgs,-16.784966
ATLAS_SIG_B_TOP100,CGS001-3985,LIMK2,trt_sh.cgs,38.466743
ATLAS_SIG_B_TOP100,CGS001-79727,LIN28A,trt_sh.cgs,2.2105262
ATLAS_SIG_B_TOP100,CGS001-389421,LIN28B,trt_sh.cgs,-63.85496
ATLAS_SIG_B_TOP100,CGS001-3988,LIPA,trt_sh.cgs,-26.000538
ATLAS_SIG_B_TOP100,CGS001-200879,LIPH,trt_sh.cgs,10.056991
ATLAS_SIG_B_TOP100,CGS001-51601,LIPT1,trt_sh.cgs,0.0
ATLAS_SIG_B_TOP100,CGS001-3998,LMAN1,trt_sh.cgs,0.0
ATLAS_SIG_B_TOP100,CGS001-4000,LMNA,trt_sh.cgs,-97.825455
ATLAS_SIG_B_TOP100,CGS001-84823,LMNB2,trt_sh.cgs,5.763158
ATLAS_SIG_B_TOP100,CGS001-8543,LMO4,trt_sh.cgs,20.487875
ATLAS_SIG_B_TOP100,CGS001-4012,LNPEP,trt_sh.cgs,49.22167
ATLAS_SIG_B_TOP100,CGS001-164832,LONRF2,trt_sh.cgs,10.091718
ATLAS_SIG_B_TOP100,CGS001-4016,LOXL1,trt_sh.cgs,-51.417904
ATLAS_SIG_B_TOP100,CGS001-1902,LPAR1,trt_sh.cgs,0.0
ATLAS_SIG_B_TOP100,CGS001-9170,LPAR2,trt_sh.cgs,0.0
ATLAS_SIG_B_TOP100,CGS001-23566,LPAR3,trt_sh.cgs,33.354515
ATLAS_SIG_B_TOP100,CGS001-57121,LPAR5,trt_sh.cgs,67.48595
ATLAS_SIG_B_TOP100,CGS001-10161,LPAR6,trt_sh.cgs,10.684211
ATLAS_SIG_B_TOP100,CGS001-9926,LPGAT1,trt_sh.cgs,-88.92433
ATLAS_SIG_B_TOP100,CGS001-22859,LPHN1,trt_sh.cgs,-63.49581
ATLAS_SIG_B_TOP100,CGS001-23266,LPHN2,trt_sh.cgs,-19.994188
ATLAS_SIG_B_TOP100,CGS001-4023,LPL,trt_sh.cgs,1.4736842
ATLAS_SIG_B_TOP100,CGS001-9404,LPXN,trt_sh.cgs,19.92503
ATLAS_SIG_B_TOP100,CGS001-26020,LRP10,trt_sh.cgs,-3.868421
ATLAS_SIG_B_TOP100,CGS001-4038,LRP4,trt_sh.cgs,-47.22336
ATLAS_SIG_B_TOP100,CGS001-4043,LRPAP1,trt_sh.cgs,-64.549515
ATLAS_SIG_B_TOP100,CGS001-10128,LRPPRC,trt_sh.cgs,-14.755657
ATLAS_SIG_B_TOP100,CGS001-55604,LRRC16A,trt_sh.cgs,-2.2995563
ATLAS_SIG_B_TOP100,CGS001-474354,LRRC18,trt_sh.cgs,-87.53241
ATLAS_SIG_B_TOP100,CGS001-2615,LRRC32,trt_sh.cgs,62.09774
ATLAS_SIG_B_TOP100,CGS001-55631,LRRC40,trt_sh.cgs,59.33998
ATLAS_SIG_B_TOP100,CGS001-10489,LRRC41,trt_sh.cgs,79.82259
ATLAS_SIG_B_TOP100,CGS001-55379,LRRC59,trt_sh.cgs,1.6052631
ATLAS_SIG_B_TOP100,CGS001-120892,LRRK2,trt_sh.cgs,-20.606646
ATLAS_SIG_B_TOP100,CGS001-90678,LRSAM1,trt_sh.cgs,0.0
ATLAS_SIG_B_TOP100,CGS001-57819,LSM2,trt_sh.cgs,-91.41492
ATLAS_SIG_B_TOP100,CGS001-23658,LSM5,trt_sh.cgs,3.1052632
ATLAS_SIG_B_TOP100,CGS001-11157,LSM6,trt_sh.cgs,37.93023
ATLAS_SIG_B_TOP100,CGS001-4046,LSP1,trt_sh.cgs,-16.805908
ATLAS_SIG_B_TOP100,CGS001-51599,LSR,trt_sh.cgs,-50.85373
ATLAS_SIG_B_TOP100,CGS001-4047,LSS,trt_sh.cgs,0.0
ATLAS_SIG_B_TOP100,CGS001-4048,LTA4H,trt_sh.cgs,39.162952
ATLAS_SIG_B_TOP100,CGS001-4055,LTBR,trt_sh.cgs,69.06832
ATLAS_SIG_B_TOP100,CGS001-4067,LYN,trt_sh.cgs,33.672974
ATLAS_SIG_B_TOP100,CGS001-27076,LYPD3,trt_sh.cgs,42.87732
ATLAS_SIG_B_TOP100,CGS001-10434,LYPLA1,trt_sh.cgs,-59.954765
ATLAS_SIG_B_TOP100,CGS001-57149,LYRM1,trt_sh.cgs,34.347107
ATLAS_SIG_B_TOP100,CGS001-84328,LZIC,trt_sh.cgs,21.983877
ATLAS_SIG_B_TOP100,CGS001-4074,M6PR,trt_sh.cgs,-24.07465
ATLAS_SIG_B_TOP100,CGS001-23499,MACF1,trt_sh.cgs,21.010923
ATLAS_SIG_B_TOP100,CGS001-9587,MAD2L1BP,trt_sh.cgs,58.412815
ATLAS_SIG_B_TOP100,CGS001-4094,MAF,trt_sh.cgs,-48.59317
ATLAS_SIG_B_TOP100,CGS001-4097,MAFG,trt_sh.cgs,30.540533
ATLAS_SIG_B_TOP100,CGS001-9500,MAGED1,trt_sh.cgs,-58.49051
ATLAS_SIG_B_TOP100,CGS001-10892,MALT1,trt_sh.cgs,1.2105263
ATLAS_SIG_B_TOP100,CGS001-10046,MAMLD1,trt_sh.cgs,20.42828
ATLAS_SIG_B_TOP100,CGS001-4121,MAN1A1,trt_sh.cgs,-3.9473684
ATLAS_SIG_B_TOP100,CGS001-4122,MAN2A2,trt_sh.cgs,4.3421054
ATLAS_SIG_B_TOP100,CGS001-4125,MAN2B1,trt_sh.cgs,-92.61556
ATLAS_SIG_B_TOP100,CGS001-5604,MAP2K1,trt_sh.cgs,-16.4805
ATLAS_SIG_B_TOP100,CGS001-5605,MAP2K2,trt_sh.cgs,49.33718
ATLAS_SIG_B_TOP100,CGS001-5606,MAP2K3,trt_sh.cgs,73.801125
ATLAS_SIG_B_TOP100,CGS001-6416,MAP2K4,trt_sh.cgs,19.003387
ATLAS_SIG_B_TOP100,CGS001-5607,MAP2K5,trt_sh.cgs,37.64807
ATLAS_SIG_B_TOP100,CGS001-5608,MAP2K6,trt_sh.cgs,38.875847
ATLAS_SIG_B_TOP100,CGS001-4214,MAP3K1,trt_sh.cgs,-47.289536
ATLAS_SIG_B_TOP100,CGS001-9020,MAP3K14,trt_sh.cgs,76.710464
ATLAS_SIG_B_TOP100,CGS001-4216,MAP3K4,trt_sh.cgs,4.631579
ATLAS_SIG_B_TOP100,CGS001-4217,MAP3K5,trt_sh.cgs,-51.370186
ATLAS_SIG_B_TOP100,CGS001-6885,MAP3K7,trt_sh.cgs,0.0
ATLAS_SIG_B_TOP100,CGS001-1326,MAP3K8,trt_sh.cgs,11.2674885
ATLAS_SIG_B_TOP100,CGS001-8491,MAP4K3,trt_sh.cgs,0.0
ATLAS_SIG_B_TOP100,CGS001-9448,MAP4K4,trt_sh.cgs,-25.430964
ATLAS_SIG_B_TOP100,CGS001-9053,MAP7,trt_sh.cgs,38.31527
ATLAS_SIG_B_TOP100,CGS001-5594,MAPK1,trt_sh.cgs,-82.12392
ATLAS_SIG_B_TOP100,CGS001-6300,MAPK12,trt_sh.cgs,3.5789473
ATLAS_SIG_B_TOP100,CGS001-5603,MAPK13,trt_sh.cgs,-0.42105263
ATLAS_SIG_B_TOP100,CGS001-1432,MAPK14,trt_sh.cgs,-3.8421052
ATLAS_SIG_B_TOP100,CGS001-93487,MAPK1IP1L,trt_sh.cgs,56.937595
ATLAS_SIG_B_TOP100,CGS001-5595,MAPK3,trt_sh.cgs,-88.59267
ATLAS_SIG_B_TOP100,CGS001-5599,MAPK8,trt_sh.cgs,1.0789474
ATLAS_SIG_B_TOP100,CGS001-79109,MAPKAP1,trt_sh.cgs,-5.6578946
ATLAS_SIG_B_TOP100,CGS001-9261,MAPKAPK2,trt_sh.cgs,20.736044
ATLAS_SIG_B_TOP100,CGS001-7867,MAPKAPK3,trt_sh.cgs,79.44875
ATLAS_SIG_B_TOP100,CGS001-8550,MAPKAPK5,trt_sh.cgs,39.391182
ATLAS_SIG_B_TOP100,CGS001-57787,MARK4,trt_sh.cgs,-60.43331
ATLAS_SIG_B_TOP100,CGS001-4141,MARS,trt_sh.cgs,-6.8369
ATLAS_SIG_B_TOP100,CGS001-116511,MAS1L,trt_sh.cgs,15.044945
ATLAS_SIG_B_TOP100,CGS001-23139,MAST2,trt_sh.cgs,-3.2105262
ATLAS_SIG_B_TOP100,CGS001-375449,MAST4,trt_sh.cgs,-29.762936
ATLAS_SIG_B_TOP100,CGS001-84930,MASTL,trt_sh.cgs,11.578947
ATLAS_SIG_B_TOP100,CGS001-4144,MAT2A,trt_sh.cgs,27.162533
ATLAS_SIG_B_TOP100,CGS001-4149,MAX,trt_sh.cgs,-38.55244
ATLAS_SIG_B_TOP100,CGS001-4151,MB,trt_sh.cgs,19.531384
ATLAS_SIG_B_TOP100,CGS001-114785,MBD6,trt_sh.cgs,2.6842105
ATLAS_SIG_B_TOP100,CGS001-4154,MBNL1,trt_sh.cgs,-5.9736843
ATLAS_SIG_B_TOP100,CGS001-10150,MBNL2,trt_sh.cgs,-63.77475
ATLAS_SIG_B_TOP100,CGS001-79143,MBOAT7,trt_sh.cgs,-55.9603
ATLAS_SIG_B_TOP100,CGS001-8720,MBTPS1,trt_sh.cgs,38.028717
ATLAS_SIG_B_TOP100,CGS001-56922,MCCC1,trt_sh.cgs,12.084103
ATLAS_SIG_B_TOP100,CGS001-64087,MCCC2,trt_sh.cgs,-81.09236
ATLAS_SIG_B_TOP100,CGS001-84539,MCHR2,trt_sh.cgs,-59.200493
ATLAS_SIG_B_TOP100,CGS001-4170,MCL1,trt_sh.cgs,-34.122105
ATLAS_SIG_B_TOP100,CGS001-4171,MCM2,trt_sh.cgs,36.504005
ATLAS_SIG_B_TOP100,CGS001-4172,MCM3,trt_sh.cgs,23.061487
ATLAS_SIG_B_TOP100,CGS001-4173,MCM4,trt_sh.cgs,-34.05299
ATLAS_SIG_B_TOP100,CGS001-4174,MCM5,trt_sh.cgs,0.0
ATLAS_SIG_B_TOP100,CGS001-4175,MCM6,trt_sh.cgs,0.0
ATLAS_SIG_B_TOP100,CGS001-4176,MCM7,trt_sh.cgs,-1.9736842
ATLAS_SIG_B_TOP100,CGS001-57192,MCOLN1,trt_sh.cgs,-84.98179
ATLAS_SIG_B_TOP100,CGS001-4190,MDH1,trt_sh.cgs,-13.800583
ATLAS_SIG_B_TOP100,CGS001-4191,MDH2,trt_sh.cgs,61.70285
ATLAS_SIG_B_TOP100,CGS001-4193,MDM2,trt_sh.cgs,5.626796
ATLAS_SIG_B_TOP100,CGS001-4194,MDM4,trt_sh.cgs,-21.995153
ATLAS_SIG_B_TOP100,CGS001-4199,ME1,trt_sh.cgs,70.866035
ATLAS_SIG_B_TOP100,CGS001-4200,ME2,trt_sh.cgs,29.210587
ATLAS_SIG_B_TOP100,CGS001-10873,ME3,trt_sh.cgs,19.89175
ATLAS_SIG_B_TOP100,CGS001-4204,MECP2,trt_sh.cgs,-43.062916
ATLAS_SIG_B_TOP100,CGS001-5469,MED1,trt_sh.cgs,76.49049
ATLAS_SIG_B_TOP100,CGS001-116931,MED12L,trt_sh.cgs,-28.545013
ATLAS_SIG_B_TOP100,CGS001-51586,MED15,trt_sh.cgs,32.163486
ATLAS_SIG_B_TOP100,CGS001-9441,MED26,trt_sh.cgs,32.983078
ATLAS_SIG_B_TOP100,CGS001-80306,MED28,trt_sh.cgs,-2.8444352
ATLAS_SIG_B_TOP100,CGS001-10001,MED6,trt_sh.cgs,-49.002773
ATLAS_SIG_B_TOP100,CGS001-9443,MED7,trt_sh.cgs,61.702858
ATLAS_SIG_B_TOP100,CGS001-4205,MEF2A,trt_sh.cgs,-40.525654
ATLAS_SIG_B_TOP100,CGS001-4208,MEF2C,trt_sh.cgs,-46.45138
ATLAS_SIG_B_TOP100,CGS001-1955,MEGF9,trt_sh.cgs,69.30867
ATLAS_SIG_B_TOP100,CGS001-9833,MELK,trt_sh.cgs,-57.798058
ATLAS_SIG_B_TOP100,CGS001-4223,MEOX2,trt_sh.cgs,77.84932
ATLAS_SIG_B_TOP100,CGS001-55897,MESP1,trt_sh.cgs,0.0
ATLAS_SIG_B_TOP100,CGS001-4232,MEST,trt_sh.cgs,-81.436615
ATLAS_SIG_B_TOP100,CGS001-4233,MET,trt_sh.cgs,1.9210526
ATLAS_SIG_B_TOP100,CGS001-10988,METAP2,trt_sh.cgs,8.72596
ATLAS_SIG_B_TOP100,CGS001-79006,METRN,trt_sh.cgs,-21.888409
ATLAS_SIG_B_TOP100,CGS001-4234,METTL1,trt_sh.cgs,24.370838
ATLAS_SIG_B_TOP100,CGS001-57721,METTL14,trt_sh.cgs,7.8157897
ATLAS_SIG_B_TOP100,CGS001-64863,METTL4,trt_sh.cgs,27.216755
ATLAS_SIG_B_TOP100,CGS001-399664,MEX3D,trt_sh.cgs,-1.0
ATLAS_SIG_B_TOP100,CGS001-9258,MFHAS1,trt_sh.cgs,29.859085
ATLAS_SIG_B_TOP100,CGS001-10227,MFSD10,trt_sh.cgs,28.750248
ATLAS_SIG_B_TOP100,CGS001-4245,MGAT1,trt_sh.cgs,0.0
ATLAS_SIG_B_TOP100,CGS001-11320,MGAT4A,trt_sh.cgs,1.5526316
ATLAS_SIG_B_TOP100,CGS001-11343,MGLL,trt_sh.cgs,83.2662
ATLAS_SIG_B_TOP100,CGS001-4255,MGMT,trt_sh.cgs,-2.131579
ATLAS_SIG_B_TOP100,CGS001-4258,MGST2,trt_sh.cgs,96.06712
ATLAS_SIG_B_TOP100,CGS001-85377,MICALL1,trt_sh.cgs,-21.986582
ATLAS_SIG_B_TOP100,CGS001-4282,MIF,trt_sh.cgs,-69.43917
ATLAS_SIG_B_TOP100,CGS001-4286,MITF,trt_sh.cgs,14.06843
ATLAS_SIG_B_TOP100,CGS001-83881,MIXL1,trt_sh.cgs,-19.478388
ATLAS_SIG_B_TOP100,CGS001-84365,MKI67IP,trt_sh.cgs,11.676562
ATLAS_SIG_B_TOP100,CGS001-8569,MKNK1,trt_sh.cgs,-17.07248
ATLAS_SIG_B_TOP100,CGS001-2872,MKNK2,trt_sh.cgs,13.949416
ATLAS_SIG_B_TOP100,CGS001-283078,MKX,trt_sh.cgs,15.598611
ATLAS_SIG_B_TOP100,CGS001-9761,MLEC,trt_sh.cgs,67.37871
ATLAS_SIG_B_TOP100,CGS001-4292,MLH1,trt_sh.cgs,-18.830456
ATLAS_SIG_B_TOP100,CGS001-4297,MLL,trt_sh.cgs,30.05092
ATLAS_SIG_B_TOP100,CGS001-58508,MLL3,trt_sh.cgs,-87.80125
ATLAS_SIG_B_TOP100,CGS001-8028,MLLT10,trt_sh.cgs,-20.690731
ATLAS_SIG_B_TOP100,CGS001-10962,MLLT11,trt_sh.cgs,-14.60445
ATLAS_SIG_B_TOP100,CGS001-4300,MLLT3,trt_sh.cgs,12.483723
ATLAS_SIG_B_TOP100,CGS001-4302,MLLT6,trt_sh.cgs,30.89307
ATLAS_SIG_B_TOP100,CGS001-64223,MLST8,trt_sh.cgs,10.318504
ATLAS_SIG_B_TOP100,CGS001-22877,MLXIP,trt_sh.cgs,10.605727
ATLAS_SIG_B_TOP100,CGS001-79258,MMEL1,trt_sh.cgs,-11.269884
ATLAS_SIG_B_TOP100,CGS001-4312,MMP1,trt_sh.cgs,-56.117393
ATLAS_SIG_B_TOP100,CGS001-4323,MMP14,trt_sh.cgs,63.689663
ATLAS_SIG_B_TOP100,CGS001-4313,MMP2,trt_sh.cgs,39.651676
ATLAS_SIG_B_TOP100,CGS001-4316,MMP7,trt_sh.cgs,-42.85166
ATLAS_SIG_B_TOP100,CGS001-4331,MNAT1,trt_sh.cgs,-72.7842
ATLAS_SIG_B_TOP100,CGS001-5891,MOK,trt_sh.cgs,-24.227407
ATLAS_SIG_B_TOP100,CGS001-10933,MORF4L1,trt_sh.cgs,6.3968267
ATLAS_SIG_B_TOP100,CGS001-9643,MORF4L2,trt_sh.cgs,6.58997
ATLAS_SIG_B_TOP100,CGS001-8777,MPDZ,trt_sh.cgs,-18.988464
ATLAS_SIG_B_TOP100,CGS001-10198,MPHOSPH9,trt_sh.cgs,-45.586212
ATLAS_SIG_B_TOP100,CGS001-4351,MPI,trt_sh.cgs,62.72001
ATLAS_SIG_B_TOP100,CGS001-4352,MPL,trt_sh.cgs,2.7310221
ATLAS_SIG_B_TOP100,CGS001-9019,MPZL1,trt_sh.cgs,-94.62417
ATLAS_SIG_B_TOP100,CGS001-116512,MRGPRD,trt_sh.cgs,-41.709324
ATLAS_SIG_B_TOP100,CGS001-116535,MRGPRF,trt_sh.cgs,0.0
ATLAS_SIG_B_TOP100,CGS001-259249,MRGPRX1,trt_sh.cgs,-68.873
ATLAS_SIG_B_TOP100,CGS001-117194,MRGPRX2,trt_sh.cgs,-5.0263157
ATLAS_SIG_B_TOP100,CGS001-117195,MRGPRX3,trt_sh.cgs,-58.281586
ATLAS_SIG_B_TOP100,CGS001-117196,MRGPRX4,trt_sh.cgs,-85.570366
ATLAS_SIG_B_TOP100,CGS001-6182,MRPL12,trt_sh.cgs,-8.434725
ATLAS_SIG_B_TOP100,CGS001-29074,MRPL18,trt_sh.cgs,81.886536
ATLAS_SIG_B_TOP100,CGS001-9801,MRPL19,trt_sh.cgs,28.728348
ATLAS_SIG_B_TOP100,CGS001-51021,MRPS16,trt_sh.cgs,43.28347
ATLAS_SIG_B_TOP100,CGS001-51116,MRPS2,trt_sh.cgs,-93.65996
ATLAS_SIG_B_TOP100,CGS001-4436,MSH2,trt_sh.cgs,46.67485
ATLAS_SIG_B_TOP100,CGS001-4439,MSH5,trt_sh.cgs,10.044321
ATLAS_SIG_B_TOP100,CGS001-2956,MSH6,trt_sh.cgs,-1.9736842
ATLAS_SIG_B_TOP100,CGS001-10943,MSL3,trt_sh.cgs,2.9473684
ATLAS_SIG_B_TOP100,CGS001-6307,MSMO1,trt_sh.cgs,52.817123
ATLAS_SIG_B_TOP100,CGS001-4482,MSRA,trt_sh.cgs,23.672745
ATLAS_SIG_B_TOP100,CGS001-4485,MST1,trt_sh.cgs,-1.7016448
ATLAS_SIG_B_TOP100,CGS001-4486,MST1R,trt_sh.cgs,46.069252
ATLAS_SIG_B_TOP100,CGS001-4487,MSX1,trt_sh.cgs,-30.5932
ATLAS_SIG_B_TOP100,CGS001-9112,MTA1,trt_sh.cgs,20.553417
ATLAS_SIG_B_TOP100,CGS001-57504,MTA3,trt_sh.cgs,8.959822
ATLAS_SIG_B_TOP100,CGS001-4507,MTAP,trt_sh.cgs,18.404491
ATLAS_SIG_B_TOP100,CGS001-51001,MTERFD1,trt_sh.cgs,23.764067
ATLAS_SIG_B_TOP100,CGS001-22823,MTF2,trt_sh.cgs,69.14076
ATLAS_SIG_B_TOP100,CGS001-9650,MTFR1,trt_sh.cgs,58.283707
ATLAS_SIG_B_TOP100,CGS001-4522,MTHFD1,trt_sh.cgs,2.6578948
ATLAS_SIG_B_TOP100,CGS001-10797,MTHFD2,trt_sh.cgs,21.678078
ATLAS_SIG_B_TOP100,CGS001-4548,MTR,trt_sh.cgs,-29.772388
ATLAS_SIG_B_TOP100,CGS001-4552,MTRR,trt_sh.cgs,-64.125916
ATLAS_SIG_B_TOP100,CGS001-9788,MTSS1,trt_sh.cgs,-69.494125
ATLAS_SIG_B_TOP100,CGS001-4547,MTTP,trt_sh.cgs,-4.2894735
ATLAS_SIG_B_TOP100,CGS001-10651,MTX2,trt_sh.cgs,-1.4736842
ATLAS_SIG_B_TOP100,CGS001-4594,MUT,trt_sh.cgs,0.0
ATLAS_SIG_B_TOP100,CGS001-9961,MVP,trt_sh.cgs,0.0
ATLAS_SIG_B_TOP100,CGS001-83463,MXD3,trt_sh.cgs,29.86412
ATLAS_SIG_B_TOP100,CGS001-10608,MXD4,trt_sh.cgs,-25.223343
ATLAS_SIG_B_TOP100,CGS001-4601,MXI1,trt_sh.cgs,66.37114
ATLAS_SIG_B_TOP100,CGS001-4602,MYB,trt_sh.cgs,20.20602
ATLAS_SIG_B_TOP100,CGS001-4605,MYBL2,trt_sh.cgs,32.413544
ATLAS_SIG_B_TOP100,CGS001-4609,MYC,trt_sh.cgs,31.609993
ATLAS_SIG_B_TOP100,CGS001-26292,MYCBP,trt_sh.cgs,-21.719229
ATLAS_SIG_B_TOP100,CGS001-23077,MYCBP2,trt_sh.cgs,-74.551315
ATLAS_SIG_B_TOP100,CGS001-4610,MYCL1,trt_sh.cgs,36.5423
ATLAS_SIG_B_TOP100,CGS001-4613,MYCN,trt_sh.cgs,13.858282
ATLAS_SIG_B_TOP100,CGS001-4615,MYD88,trt_sh.cgs,80.125565
ATLAS_SIG_B_TOP100,CGS001-4637,MYL6,trt_sh.cgs,-31.614477
ATLAS_SIG_B_TOP100,CGS001-140465,MYL6B,trt_sh.cgs,0.0
ATLAS_SIG_B_TOP100,CGS001-10398,MYL9,trt_sh.cgs,-35.71426
ATLAS_SIG_B_TOP100,CGS001-29116,MYLIP,trt_sh.cgs,-65.96333
ATLAS_SIG_B_TOP100,CGS001-4638,MYLK,trt_sh.cgs,17.91424
ATLAS_SIG_B_TOP100,CGS001-85366,MYLK2,trt_sh.cgs,-22.498743
ATLAS_SIG_B_TOP100,CGS001-4651,MYO10,trt_sh.cgs,77.25142
ATLAS_SIG_B_TOP100,CGS001-80018,NAA25,trt_sh.cgs,-73.14284
ATLAS_SIG_B_TOP100,CGS001-80218,NAA50,trt_sh.cgs,-72.727455
ATLAS_SIG_B_TOP100,CGS001-4664,NAB1,trt_sh.cgs,35.819263
ATLAS_SIG_B_TOP100,CGS001-4665,NAB2,trt_sh.cgs,3.5
ATLAS_SIG_B_TOP100,CGS001-55191,NADSYN1,trt_sh.cgs,0.0
ATLAS_SIG_B_TOP100,CGS001-8883,NAE1,trt_sh.cgs,30.660461
ATLAS_SIG_B_TOP100,CGS001-4668,NAGA,trt_sh.cgs,-25.886833
ATLAS_SIG_B_TOP100,CGS001-55577,NAGK,trt_sh.cgs,-15.206649
ATLAS_SIG_B_TOP100,CGS001-51172,NAGPA,trt_sh.cgs,-36.81236
ATLAS_SIG_B_TOP100,CGS001-4671,NAIP,trt_sh.cgs,-50.8824
ATLAS_SIG_B_TOP100,CGS001-10135,NAMPT,trt_sh.cgs,64.562614
ATLAS_SIG_B_TOP100,CGS001-64428,NARFL,trt_sh.cgs,0.0
ATLAS_SIG_B_TOP100,CGS001-4677,NARS,trt_sh.cgs,-71.17538
ATLAS_SIG_B_TOP100,CGS001-4678,NASP,trt_sh.cgs,82.43634
ATLAS_SIG_B_TOP100,CGS001-9,NAT1,trt_sh.cgs,32.921944
ATLAS_SIG_B_TOP100,CGS001-55226,NAT10,trt_sh.cgs,-85.09666
ATLAS_SIG_B_TOP100,CGS001-4077,NBR1,trt_sh.cgs,-2.7105262
ATLAS_SIG_B_TOP100,CGS001-9918,NCAPD2,trt_sh.cgs,-13.683239
ATLAS_SIG_B_TOP100,CGS001-4688,NCF2,trt_sh.cgs,-82.94191
ATLAS_SIG_B_TOP100,CGS001-4691,NCL,trt_sh.cgs,27.374401
ATLAS_SIG_B_TOP100,CGS001-8202,NCOA3,trt_sh.cgs,95.77666
ATLAS_SIG_B_TOP100,CGS001-8031,NCOA4,trt_sh.cgs,80.12868
ATLAS_SIG_B_TOP100,CGS001-9612,NCOR2,trt_sh.cgs,35.362617
ATLAS_SIG_B_TOP100,CGS001-80762,NDFIP1,trt_sh.cgs,-87.599304
ATLAS_SIG_B_TOP100,CGS001-10397,NDRG1,trt_sh.cgs,-49.113777
ATLAS_SIG_B_TOP100,CGS001-4694,NDUFA1,trt_sh.cgs,16.98093
ATLAS_SIG_B_TOP100,CGS001-51079,NDUFA13,trt_sh.cgs,-2.8157895
ATLAS_SIG_B_TOP100,CGS001-4695,NDUFA2,trt_sh.cgs,60.951317
ATLAS_SIG_B_TOP100,CGS001-4696,NDUFA3,trt_sh.cgs,-30.233002
ATLAS_SIG_B_TOP100,CGS001-4697,NDUFA4,trt_sh.cgs,42.64118
ATLAS_SIG_B_TOP100,CGS001-4698,NDUFA5,trt_sh.cgs,32.049034
ATLAS_SIG_B_TOP100,CGS001-4701,NDUFA7,trt_sh.cgs,0.94612885
ATLAS_SIG_B_TOP100,CGS001-4702,NDUFA8,trt_sh.cgs,-13.719337
ATLAS_SIG_B_TOP100,CGS001-4704,NDUFA9,trt_sh.cgs,-42.35559
ATLAS_SIG_B_TOP100,CGS001-4706,NDUFAB1,trt_sh.cgs,-62.042526
ATLAS_SIG_B_TOP100,CGS001-29078,NDUFAF4,trt_sh.cgs,19.256996
ATLAS_SIG_B_TOP100,CGS001-4707,NDUFB1,trt_sh.cgs,-48.982075
ATLAS_SIG_B_TOP100,CGS001-4708,NDUFB2,trt_sh.cgs,-4.0789475
ATLAS_SIG_B_TOP100,CGS001-4709,NDUFB3,trt_sh.cgs,28.638456
ATLAS_SIG_B_TOP100,CGS001-4710,NDUFB4,trt_sh.cgs,-7.088072
ATLAS_SIG_B_TOP100,CGS001-4712,NDUFB6,trt_sh.cgs,0.0
ATLAS_SIG_B_TOP100,CGS001-4713,NDUFB7,trt_sh.cgs,67.00546
ATLAS_SIG_B_TOP100,CGS001-4714,NDUFB8,trt_sh.cgs,-47.148838
ATLAS_SIG_B_TOP100,CGS001-4717,NDUFC1,trt_sh.cgs,-56.86482
ATLAS_SIG_B_TOP100,CGS001-4718,NDUFC2,trt_sh.cgs,32.562435
ATLAS_SIG_B_TOP100,CGS001-4719,NDUFS1,trt_sh.cgs,1.6315789
ATLAS_SIG_B_TOP100,CGS001-4720,NDUFS2,trt_sh.cgs,28.552877
ATLAS_SIG_B_TOP100,CGS001-4722,NDUFS3,trt_sh.cgs,45.802197
ATLAS_SIG_B_TOP100,CGS001-4724,NDUFS4,trt_sh.cgs,-64.151245
ATLAS_SIG_B_TOP100,CGS001-4726,NDUFS6,trt_sh.cgs,-3.1052632
ATLAS_SIG_B_TOP100,CGS001-374291,NDUFS7,trt_sh.cgs,-42.528545
ATLAS_SIG_B_TOP100,CGS001-4723,NDUFV1,trt_sh.cgs,55.49754
ATLAS_SIG_B_TOP100,CGS001-4729,NDUFV2,trt_sh.cgs,20.91698
ATLAS_SIG_B_TOP100,CGS001-4734,NEDD4,trt_sh.cgs,9.586388
ATLAS_SIG_B_TOP100,CGS001-4751,NEK2,trt_sh.cgs,0.0
ATLAS_SIG_B_TOP100,CGS001-6787,NEK4,trt_sh.cgs,12.197252
ATLAS_SIG_B_TOP100,CGS001-140609,NEK7,trt_sh.cgs,62.040047
ATLAS_SIG_B_TOP100,CGS001-91754,NEK9,trt_sh.cgs,-24.918934
ATLAS_SIG_B_TOP100,CGS001-29937,NENF,trt_sh.cgs,4.8520203
ATLAS_SIG_B_TOP100,CGS001-10276,NET1,trt_sh.cgs,-21.70315
ATLAS_SIG_B_TOP100,CGS001-4758,NEU1,trt_sh.cgs,6.854952
ATLAS_SIG_B_TOP100,CGS001-4763,NF1,trt_sh.cgs,54.357555
ATLAS_SIG_B_TOP100,CGS001-4771,NF2,trt_sh.cgs,-6.7137814
ATLAS_SIG_B_TOP100,CGS001-10725,NFAT5,trt_sh.cgs,34.843117
ATLAS_SIG_B_TOP100,CGS001-4773,NFATC2,trt_sh.cgs,-48.156044
ATLAS_SIG_B_TOP100,CGS001-4775,NFATC3,trt_sh.cgs,26.417078
ATLAS_SIG_B_TOP100,CGS001-4779,NFE2L1,trt_sh.cgs,-38.55931
ATLAS_SIG_B_TOP100,CGS001-4780,NFE2L2,trt_sh.cgs,5.047708
ATLAS_SIG_B_TOP100,CGS001-4781,NFIB,trt_sh.cgs,0.0
ATLAS_SIG_B_TOP100,CGS001-4782,NFIC,trt_sh.cgs,-6.2484303
ATLAS_SIG_B_TOP100,CGS001-4783,NFIL3,trt_sh.cgs,12.981723
ATLAS_SIG_B_TOP100,CGS001-4790,NFKB1,trt_sh.cgs,0.0
ATLAS_SIG_B_TOP100,CGS001-4791,NFKB2,trt_sh.cgs,-7.605263
ATLAS_SIG_B_TOP100,CGS001-4792,NFKBIA,trt_sh.cgs,77.62592
ATLAS_SIG_B_TOP100,CGS001-4793,NFKBIB,trt_sh.cgs,13.566001
ATLAS_SIG_B_TOP100,CGS001-4794,NFKBIE,trt_sh.cgs,-3.0526316
ATLAS_SIG_B_TOP100,CGS001-4795,NFKBIL1,trt_sh.cgs,-11.723355
ATLAS_SIG_B_TOP100,CGS001-4798,NFRKB,trt_sh.cgs,-98.21279
ATLAS_SIG_B_TOP100,CGS001-4801,NFYB,trt_sh.cgs,0.0
ATLAS_SIG_B_TOP100,CGS001-4804,NGFR,trt_sh.cgs,73.98943
ATLAS_SIG_B_TOP100,CGS001-51335,NGRN,trt_sh.cgs,-90.929306
ATLAS_SIG_B_TOP100,CGS001-4811,NID1,trt_sh.cgs,19.221413
ATLAS_SIG_B_TOP100,CGS001-25836,NIPBL,trt_sh.cgs,-94.26016
ATLAS_SIG_B_TOP100,CGS001-8508,NIPSNAP1,trt_sh.cgs,-60.475048
ATLAS_SIG_B_TOP100,CGS001-11188,NISCH,trt_sh.cgs,31.946142
ATLAS_SIG_B_TOP100,CGS001-4817,NIT1,trt_sh.cgs,28.039045
ATLAS_SIG_B_TOP100,CGS001-28512,NKIRAS1,trt_sh.cgs,-27.80492
ATLAS_SIG_B_TOP100,CGS001-28511,NKIRAS2,trt_sh.cgs,2.4473684
ATLAS_SIG_B_TOP100,CGS001-7080,NKX2-1,trt_sh.cgs,-3.0161893
ATLAS_SIG_B_TOP100,CGS001-159296,NKX2-3,trt_sh.cgs,14.085674
ATLAS_SIG_B_TOP100,CGS001-1482,NKX2-5,trt_sh.cgs,31.222416
ATLAS_SIG_B_TOP100,CGS001-51701,NLK,trt_sh.cgs,-4.394737
ATLAS_SIG_B_TOP100,CGS001-4830,NME1,trt_sh.cgs,29.604084
ATLAS_SIG_B_TOP100,CGS001-4833,NME4,trt_sh.cgs,7.0789475
ATLAS_SIG_B_TOP100,CGS001-347736,NME9,trt_sh.cgs,27.18663
ATLAS_SIG_B_TOP100,CGS001-9111,NMI,trt_sh.cgs,81.41524
ATLAS_SIG_B_TOP100,CGS001-23057,NMNAT2,trt_sh.cgs,45.242924
ATLAS_SIG_B_TOP100,CGS001-4836,NMT1,trt_sh.cgs,-28.76146
ATLAS_SIG_B_TOP100,CGS001-56923,NMUR2,trt_sh.cgs,-51.26494
ATLAS_SIG_B_TOP100,CGS001-23530,NNT,trt_sh.cgs,-91.3843
ATLAS_SIG_B_TOP100,CGS001-10392,NOD1,trt_sh.cgs,64.81728
ATLAS_SIG_B_TOP100,CGS001-64127,NOD2,trt_sh.cgs,19.9426
ATLAS_SIG_B_TOP100,CGS001-8996,NOL3,trt_sh.cgs,71.7168
ATLAS_SIG_B_TOP100,CGS001-9221,NOLC1,trt_sh.cgs,8.4794855
ATLAS_SIG_B_TOP100,CGS001-4841,NONO,trt_sh.cgs,-3.2368422
ATLAS_SIG_B_TOP100,CGS001-4846,NOS3,trt_sh.cgs,5.3679614
ATLAS_SIG_B_TOP100,CGS001-51070,NOSIP,trt_sh.cgs,-3.131579
ATLAS_SIG_B_TOP100,CGS001-4851,NOTCH1,trt_sh.cgs,-82.50371
ATLAS_SIG_B_TOP100,CGS001-4853,NOTCH2,trt_sh.cgs,78.786354
ATLAS_SIG_B_TOP100,CGS001-388677,NOTCH2NL,trt_sh.cgs,3.4610267
ATLAS_SIG_B_TOP100,CGS001-4856,NOV,trt_sh.cgs,-76.84241
ATLAS_SIG_B_TOP100,CGS001-27035,NOX1,trt_sh.cgs,48.078552
ATLAS_SIG_B_TOP100,CGS001-2831,NPBWR1,trt_sh.cgs,14.597115
ATLAS_SIG_B_TOP100,CGS001-4864,NPC1,trt_sh.cgs,40.86565
ATLAS_SIG_B_TOP100,CGS001-56654,NPDC1,trt_sh.cgs,-63.5693
ATLAS_SIG_B_TOP100,CGS001-79716,NPEPL1,trt_sh.cgs,62.906136
ATLAS_SIG_B_TOP100,CGS001-9520,NPEPPS,trt_sh.cgs,-39.05523
ATLAS_SIG_B_TOP100,CGS001-10886,NPFFR2,trt_sh.cgs,-56.922882
ATLAS_SIG_B_TOP100,CGS001-4869,NPM1,trt_sh.cgs,14.69129
ATLAS_SIG_B_TOP100,CGS001-10641,NPRL2,trt_sh.cgs,77.14803
ATLAS_SIG_B_TOP100,CGS001-387129,NPSR1,trt_sh.cgs,-49.057602
ATLAS_SIG_B_TOP100,CGS001-27020,NPTN,trt_sh.cgs,39.231415
ATLAS_SIG_B_TOP100,CGS001-4886,NPY1R,trt_sh.cgs,0.0
ATLAS_SIG_B_TOP100,CGS001-1728,NQO1,trt_sh.cgs,81.13167
ATLAS_SIG_B_TOP100,CGS001-190,NR0B1,trt_sh.cgs,28.059626
ATLAS_SIG_B_TOP100,CGS001-8431,NR0B2,trt_sh.cgs,14.990245
ATLAS_SIG_B_TOP100,CGS001-9975,NR1D2,trt_sh.cgs,6.250091
ATLAS_SIG_B_TOP100,CGS001-7376,NR1H2,trt_sh.cgs,-13.775391
ATLAS_SIG_B_TOP100,CGS001-10062,NR1H3,trt_sh.cgs,-41.776375
ATLAS_SIG_B_TOP100,CGS001-7181,NR2C1,trt_sh.cgs,0.0
ATLAS_SIG_B_TOP100,CGS001-7182,NR2C2,trt_sh.cgs,6.105263
ATLAS_SIG_B_TOP100,CGS001-7025,NR2F1,trt_sh.cgs,50.388737
ATLAS_SIG_B_TOP100,CGS001-7026,NR2F2,trt_sh.cgs,32.41146
ATLAS_SIG_B_TOP100,CGS001-2063,NR2F6,trt_sh.cgs,12.347786
ATLAS_SIG_B_TOP100,CGS001-2908,NR3C1,trt_sh.cgs,24.352108
ATLAS_SIG_B_TOP100,CGS001-4929,NR4A2,trt_sh.cgs,-1.1842105
ATLAS_SIG_B_TOP100,CGS001-2494,NR5A2,trt_sh.cgs,23.448265
ATLAS_SIG_B_TOP100,CGS001-29982,NRBF2,trt_sh.cgs,-37.56781
ATLAS_SIG_B_TOP100,CGS001-29959,NRBP1,trt_sh.cgs,57.862946
ATLAS_SIG_B_TOP100,CGS001-340371,NRBP2,trt_sh.cgs,0.0
ATLAS_SIG_B_TOP100,CGS001-3084,NRG1,trt_sh.cgs,34.222176
ATLAS_SIG_B_TOP100,CGS001-8204,NRIP1,trt_sh.cgs,-27.257544
ATLAS_SIG_B_TOP100,CGS001-56675,NRIP3,trt_sh.cgs,3.4210527
ATLAS_SIG_B_TOP100,CGS001-8829,NRP1,trt_sh.cgs,-2.0526316
ATLAS_SIG_B_TOP100,CGS001-10412,NSA2,trt_sh.cgs,0.0
ATLAS_SIG_B_TOP100,CGS001-64324,NSD1,trt_sh.cgs,38.811726
ATLAS_SIG_B_TOP100,CGS001-50814,NSDHL,trt_sh.cgs,-79.41681
ATLAS_SIG_B_TOP100,CGS001-55968,NSFL1C,trt_sh.cgs,-2.6578948
ATLAS_SIG_B_TOP100,CGS001-22978,NT5C2,trt_sh.cgs,46.923965
ATLAS_SIG_B_TOP100,CGS001-64943,NT5DC2,trt_sh.cgs,11.677113
ATLAS_SIG_B_TOP100,CGS001-4907,NT5E,trt_sh.cgs,23.003841
ATLAS_SIG_B_TOP100,CGS001-123803,NTAN1,trt_sh.cgs,0.0
ATLAS_SIG_B_TOP100,CGS001-4914,NTRK1,trt_sh.cgs,-47.310932
ATLAS_SIG_B_TOP100,CGS001-4916,NTRK3,trt_sh.cgs,38.39691
ATLAS_SIG_B_TOP100,CGS001-4923,NTSR1,trt_sh.cgs,-75.980194
ATLAS_SIG_B_TOP100,CGS001-9891,NUAK1,trt_sh.cgs,-0.78110933
ATLAS_SIG_B_TOP100,CGS001-4925,NUCB2,trt_sh.cgs,2.5272348
ATLAS_SIG_B_TOP100,CGS001-64710,NUCKS1,trt_sh.cgs,0.0
ATLAS_SIG_B_TOP100,CGS001-23386,NUDCD3,trt_sh.cgs,39.019974
ATLAS_SIG_B_TOP100,CGS001-256281,NUDT14,trt_sh.cgs,-4.5871773
ATLAS_SIG_B_TOP100,CGS001-11164,NUDT5,trt_sh.cgs,8.639743
ATLAS_SIG_B_TOP100,CGS001-11162,NUDT6,trt_sh.cgs,56.10573
ATLAS_SIG_B_TOP100,CGS001-53343,NUDT9,trt_sh.cgs,23.005972
ATLAS_SIG_B_TOP100,CGS001-4926,NUMA1,trt_sh.cgs,57.045406
ATLAS_SIG_B_TOP100,CGS001-55746,NUP133,trt_sh.cgs,53.02064
ATLAS_SIG_B_TOP100,CGS001-23636,NUP62,trt_sh.cgs,-34.90093
ATLAS_SIG_B_TOP100,CGS001-79902,NUP85,trt_sh.cgs,15.661599
ATLAS_SIG_B_TOP100,CGS001-4927,NUP88,trt_sh.cgs,17.547379
ATLAS_SIG_B_TOP100,CGS001-9688,NUP93,trt_sh.cgs,65.44977
ATLAS_SIG_B_TOP100,CGS001-51203,NUSAP1,trt_sh.cgs,77.174736
ATLAS_SIG_B_TOP100,CGS001-4931,NVL,trt_sh.cgs,21.172441
ATLAS_SIG_B_TOP100,CGS001-10482,NXF1,trt_sh.cgs,4.263158
ATLAS_SIG_B_TOP100,CGS001-338557,O3FAR1,trt_sh.cgs,-66.37981
ATLAS_SIG_B_TOP100,CGS001-4938,OAS1,trt_sh.cgs,-25.364767
ATLAS_SIG_B_TOP100,CGS001-4942,OAT,trt_sh.cgs,-88.9346
ATLAS_SIG_B_TOP100,CGS001-4946,OAZ1,trt_sh.cgs,-64.92247
ATLAS_SIG_B_TOP100,CGS001-4953,ODC1,trt_sh.cgs,35.114105
ATLAS_SIG_B_TOP100,CGS001-4967,OGDH,trt_sh.cgs,-59.036522
ATLAS_SIG_B_TOP100,CGS001-55239,OGFOD1,trt_sh.cgs,0.0
ATLAS_SIG_B_TOP100,CGS001-4968,OGG1,trt_sh.cgs,14.902755
ATLAS_SIG_B_TOP100,CGS001-167826,OLIG3,trt_sh.cgs,0.0
ATLAS_SIG_B_TOP100,CGS001-23596,OPN3,trt_sh.cgs,-36.5539
ATLAS_SIG_B_TOP100,CGS001-94233,OPN4,trt_sh.cgs,9.219669
ATLAS_SIG_B_TOP100,CGS001-221391,OPN5,trt_sh.cgs,-9.372484
ATLAS_SIG_B_TOP100,CGS001-128368,OR10Z1,trt_sh.cgs,8.079533
ATLAS_SIG_B_TOP100,CGS001-255725,OR52B2,trt_sh.cgs,-23.80794
ATLAS_SIG_B_TOP100,CGS001-390148,OR5W2,trt_sh.cgs,58.08521
ATLAS_SIG_B_TOP100,CGS001-4998,ORC1,trt_sh.cgs,50.977844
ATLAS_SIG_B_TOP100,CGS001-5004,ORM1,trt_sh.cgs,-7.8421054
ATLAS_SIG_B_TOP100,CGS001-94103,ORMDL3,trt_sh.cgs,25.847061
ATLAS_SIG_B_TOP100,CGS001-55644,OSGEP,trt_sh.cgs,14.399197
ATLAS_SIG_B_TOP100,CGS001-9180,OSMR,trt_sh.cgs,85.32944
ATLAS_SIG_B_TOP100,CGS001-130497,OSR1,trt_sh.cgs,-20.214426
ATLAS_SIG_B_TOP100,CGS001-23252,OTUD3,trt_sh.cgs,-90.53793
ATLAS_SIG_B_TOP100,CGS001-161725,OTUD7A,trt_sh.cgs,0.0
ATLAS_SIG_B_TOP100,CGS001-5013,OTX1,trt_sh.cgs,-35.69005
ATLAS_SIG_B_TOP100,CGS001-5015,OTX2,trt_sh.cgs,-91.45018
ATLAS_SIG_B_TOP100,CGS001-124641,OVCA2,trt_sh.cgs,43.07127
ATLAS_SIG_B_TOP100,CGS001-5018,OXA1L,trt_sh.cgs,-2.6578948
ATLAS_SIG_B_TOP100,CGS001-5019,OXCT1,trt_sh.cgs,-71.604836
ATLAS_SIG_B_TOP100,CGS001-27199,OXGR1,trt_sh.cgs,14.994785
ATLAS_SIG_B_TOP100,CGS001-9943,OXSR1,trt_sh.cgs,-84.96948
ATLAS_SIG_B_TOP100,CGS001-5021,OXTR,trt_sh.cgs,4.2602577
ATLAS_SIG_B_TOP100,CGS001-5025,P2RX4,trt_sh.cgs,29.025858
ATLAS_SIG_B_TOP100,CGS001-5031,P2RY6,trt_sh.cgs,13.091827
ATLAS_SIG_B_TOP100,CGS001-286530,P2RY8,trt_sh.cgs,-40.02105
ATLAS_SIG_B_TOP100,CGS001-5033,P4HA1,trt_sh.cgs,12.1286335
ATLAS_SIG_B_TOP100,CGS001-8974,P4HA2,trt_sh.cgs,-2.7105262
ATLAS_SIG_B_TOP100,CGS001-5034,P4HB,trt_sh.cgs,5.0526314
ATLAS_SIG_B_TOP100,CGS001-54681,P4HTM,trt_sh.cgs,49.867146
ATLAS_SIG_B_TOP100,CGS001-5036,PA2G4,trt_sh.cgs,-75.18849
ATLAS_SIG_B_TOP100,CGS001-26986,PABPC1,trt_sh.cgs,-54.662178
ATLAS_SIG_B_TOP100,CGS001-29763,PACSIN3,trt_sh.cgs,69.98909
ATLAS_SIG_B_TOP100,CGS001-54623,PAF1,trt_sh.cgs,42.17395
ATLAS_SIG_B_TOP100,CGS001-5048,PAFAH1B1,trt_sh.cgs,0.0
ATLAS_SIG_B_TOP100,CGS001-5049,PAFAH1B2,trt_sh.cgs,-55.695354
ATLAS_SIG_B_TOP100,CGS001-5050,PAFAH1B3,trt_sh.cgs,37.131973
ATLAS_SIG_B_TOP100,CGS001-5053,PAH,trt_sh.cgs,-34.68389
ATLAS_SIG_B_TOP100,CGS001-10606,PAICS,trt_sh.cgs,-11.044682
ATLAS_SIG_B_TOP100,CGS001-5058,PAK1,trt_sh.cgs,29.580652
ATLAS_SIG_B_TOP100,CGS001-5062,PAK2,trt_sh.cgs,27.623657
ATLAS_SIG_B_TOP100,CGS001-5063,PAK3,trt_sh.cgs,-35.84549
ATLAS_SIG_B_TOP100,CGS001-10298,PAK4,trt_sh.cgs,69.24966
ATLAS_SIG_B_TOP100,CGS001-5066,PAM,trt_sh.cgs,-75.03006
ATLAS_SIG_B_TOP100,CGS001-9924,PAN2,trt_sh.cgs,65.46304
ATLAS_SIG_B_TOP100,CGS001-80025,PANK2,trt_sh.cgs,-13.763158
ATLAS_SIG_B_TOP100,CGS001-55229,PANK4,trt_sh.cgs,40.545284
ATLAS_SIG_B_TOP100,CGS001-11044,PAPD7,trt_sh.cgs,42.81145
ATLAS_SIG_B_TOP100,CGS001-10914,PAPOLA,trt_sh.cgs,33.38211
ATLAS_SIG_B_TOP100,CGS001-9061,PAPSS1,trt_sh.cgs,-22.270397
ATLAS_SIG_B_TOP100,CGS001-164091,PAQR7,trt_sh.cgs,-72.083405
ATLAS_SIG_B_TOP100,CGS001-85315,PAQR8,trt_sh.cgs,-33.7933
ATLAS_SIG_B_TOP100,CGS001-8505,PARG,trt_sh.cgs,0.0
ATLAS_SIG_B_TOP100,CGS001-11315,PARK7,trt_sh.cgs,4.901515
ATLAS_SIG_B_TOP100,CGS001-55486,PARL,trt_sh.cgs,85.90788
ATLAS_SIG_B_TOP100,CGS001-5073,PARN,trt_sh.cgs,18.849087
ATLAS_SIG_B_TOP100,CGS001-84875,PARP10,trt_sh.cgs,-34.751686
ATLAS_SIG_B_TOP100,CGS001-143,PARP4,trt_sh.cgs,26.216852
ATLAS_SIG_B_TOP100,CGS001-139135,PASD1,trt_sh.cgs,2.3607411
ATLAS_SIG_B_TOP100,CGS001-5080,PAX6,trt_sh.cgs,89.71126
ATLAS_SIG_B_TOP100,CGS001-7849,PAX8,trt_sh.cgs,7.0164623
ATLAS_SIG_B_TOP100,CGS001-55872,PBK,trt_sh.cgs,-2.4736843
ATLAS_SIG_B_TOP100,CGS001-55193,PBRM1,trt_sh.cgs,33.239124
ATLAS_SIG_B_TOP100,CGS001-80714,PBX4,trt_sh.cgs,-27.179234
ATLAS_SIG_B_TOP100,CGS001-57326,PBXIP1,trt_sh.cgs,-93.603134
ATLAS_SIG_B_TOP100,CGS001-5091,PC,trt_sh.cgs,8.144018
ATLAS_SIG_B_TOP100,CGS001-5092,PCBD1,trt_sh.cgs,-3.2631578
ATLAS_SIG_B_TOP100,CGS001-5096,PCCB,trt_sh.cgs,-2.4627423
ATLAS_SIG_B_TOP100,CGS001-65217,PCDH15,trt_sh.cgs,-2.4473684
ATLAS_SIG_B_TOP100,CGS001-84759,PCGF1,trt_sh.cgs,0.0
ATLAS_SIG_B_TOP100,CGS001-10336,PCGF3,trt_sh.cgs,-67.14195
ATLAS_SIG_B_TOP100,CGS001-84333,PCGF5,trt_sh.cgs,74.46689
ATLAS_SIG_B_TOP100,CGS001-5105,PCK1,trt_sh.cgs,24.713154
ATLAS_SIG_B_TOP100,CGS001-5106,PCK2,trt_sh.cgs,-4.263158
ATLAS_SIG_B_TOP100,CGS001-5108,PCM1,trt_sh.cgs,-16.665493
ATLAS_SIG_B_TOP100,CGS001-5110,PCMT1,trt_sh.cgs,24.142467
ATLAS_SIG_B_TOP100,CGS001-5111,PCNA,trt_sh.cgs,2.8421052
ATLAS_SIG_B_TOP100,CGS001-9159,PCSK7,trt_sh.cgs,83.9408
ATLAS_SIG_B_TOP100,CGS001-255738,PCSK9,trt_sh.cgs,-7.7120724
ATLAS_SIG_B_TOP100,CGS001-11333,PDAP1,trt_sh.cgs,77.010445
ATLAS_SIG_B_TOP100,CGS001-5134,PDCD2,trt_sh.cgs,0.0
ATLAS_SIG_B_TOP100,CGS001-5144,PDE4D,trt_sh.cgs,7.6261263
ATLAS_SIG_B_TOP100,CGS001-5156,PDGFRA,trt_sh.cgs,-35.174267
ATLAS_SIG_B_TOP100,CGS001-5159,PDGFRB,trt_sh.cgs,31.852654
ATLAS_SIG_B_TOP100,CGS001-5160,PDHA1,trt_sh.cgs,23.015558
ATLAS_SIG_B_TOP100,CGS001-5162,PDHB,trt_sh.cgs,-7.9473686
ATLAS_SIG_B_TOP100,CGS001-8050,PDHX,trt_sh.cgs,53.203243
ATLAS_SIG_B_TOP100,CGS001-9601,PDIA4,trt_sh.cgs,20.9181
ATLAS_SIG_B_TOP100,CGS001-10954,PDIA5,trt_sh.cgs,-35.936996
ATLAS_SIG_B_TOP100,CGS001-5163,PDK1,trt_sh.cgs,14.55336
ATLAS_SIG_B_TOP100,CGS001-5164,PDK2,trt_sh.cgs,6.9133105
ATLAS_SIG_B_TOP100,CGS001-9124,PDLIM1,trt_sh.cgs,-71.092224
ATLAS_SIG_B_TOP100,CGS001-8572,PDLIM4,trt_sh.cgs,0.0
ATLAS_SIG_B_TOP100,CGS001-5170,PDPK1,trt_sh.cgs,32.160088
ATLAS_SIG_B_TOP100,CGS001-23244,PDS5A,trt_sh.cgs,43.607384
ATLAS_SIG_B_TOP100,CGS001-23047,PDS5B,trt_sh.cgs,40.6606
ATLAS_SIG_B_TOP100,CGS001-3651,PDX1,trt_sh.cgs,-12.870302
ATLAS_SIG_B_TOP100,CGS001-57026,PDXP,trt_sh.cgs,-14.904903
ATLAS_SIG_B_TOP100,CGS001-5037,PEBP1,trt_sh.cgs,-19.794481
ATLAS_SIG_B_TOP100,CGS001-55825,PECR,trt_sh.cgs,-81.61533
ATLAS_SIG_B_TOP100,CGS001-10400,PEMT,trt_sh.cgs,-37.764496
ATLAS_SIG_B_TOP100,CGS001-5184,PEPD,trt_sh.cgs,36.519768
ATLAS_SIG_B_TOP100,CGS001-8864,PER2,trt_sh.cgs,-76.72641
ATLAS_SIG_B_TOP100,CGS001-5188,PET112,trt_sh.cgs,20.642193
ATLAS_SIG_B_TOP100,CGS001-8800,PEX11A,trt_sh.cgs,-78.53294
ATLAS_SIG_B_TOP100,CGS001-5193,PEX12,trt_sh.cgs,21.575676
ATLAS_SIG_B_TOP100,CGS001-5824,PEX19,trt_sh.cgs,5.5526314
ATLAS_SIG_B_TOP100,CGS001-5198,PFAS,trt_sh.cgs,2.7105262
ATLAS_SIG_B_TOP100,CGS001-5209,PFKFB3,trt_sh.cgs,14.7031
ATLAS_SIG_B_TOP100,CGS001-5211,PFKL,trt_sh.cgs,50.66427
ATLAS_SIG_B_TOP100,CGS001-5217,PFN2,trt_sh.cgs,48.66784
ATLAS_SIG_B_TOP100,CGS001-5223,PGAM1,trt_sh.cgs,-3.4736843
ATLAS_SIG_B_TOP100,CGS001-84547,PGBD1,trt_sh.cgs,0.0
ATLAS_SIG_B_TOP100,CGS001-5226,PGD,trt_sh.cgs,-1.817466
ATLAS_SIG_B_TOP100,CGS001-5230,PGK1,trt_sh.cgs,5.368421
ATLAS_SIG_B_TOP100,CGS001-5236,PGM1,trt_sh.cgs,-80.74337
ATLAS_SIG_B_TOP100,CGS001-10857,PGRMC1,trt_sh.cgs,-29.745829
ATLAS_SIG_B_TOP100,CGS001-221692,PHACTR1,trt_sh.cgs,4.481038
ATLAS_SIG_B_TOP100,CGS001-5245,PHB,trt_sh.cgs,16.225334
ATLAS_SIG_B_TOP100,CGS001-11331,PHB2,trt_sh.cgs,40.009888
ATLAS_SIG_B_TOP100,CGS001-5252,PHF1,trt_sh.cgs,20.555819
ATLAS_SIG_B_TOP100,CGS001-55274,PHF10,trt_sh.cgs,67.72391
ATLAS_SIG_B_TOP100,CGS001-51131,PHF11,trt_sh.cgs,0.0
ATLAS_SIG_B_TOP100,CGS001-148479,PHF13,trt_sh.cgs,17.851633
ATLAS_SIG_B_TOP100,CGS001-23338,PHF15,trt_sh.cgs,3.1821353
ATLAS_SIG_B_TOP100,CGS001-9767,PHF16,trt_sh.cgs,-68.1789
ATLAS_SIG_B_TOP100,CGS001-79960,PHF17,trt_sh.cgs,-90.983246
ATLAS_SIG_B_TOP100,CGS001-5253,PHF2,trt_sh.cgs,61.068882
ATLAS_SIG_B_TOP100,CGS001-112885,PHF21B,trt_sh.cgs,4.7539916
ATLAS_SIG_B_TOP100,CGS001-79142,PHF23,trt_sh.cgs,56.70085
ATLAS_SIG_B_TOP100,CGS001-84844,PHF5A,trt_sh.cgs,2.631579
ATLAS_SIG_B_TOP100,CGS001-26227,PHGDH,trt_sh.cgs,67.07858
ATLAS_SIG_B_TOP100,CGS001-5255,PHKA1,trt_sh.cgs,47.144196
ATLAS_SIG_B_TOP100,CGS001-5257,PHKB,trt_sh.cgs,5.6842103
ATLAS_SIG_B_TOP100,CGS001-5261,PHKG2,trt_sh.cgs,-26.521793
ATLAS_SIG_B_TOP100,CGS001-23239,PHLPP1,trt_sh.cgs,27.043533
ATLAS_SIG_B_TOP100,CGS001-57661,PHRF1,trt_sh.cgs,-12.252933
ATLAS_SIG_B_TOP100,CGS001-10745,PHTF1,trt_sh.cgs,-14.911398
ATLAS_SIG_B_TOP100,CGS001-57157,PHTF2,trt_sh.cgs,-1.0526316
ATLAS_SIG_B_TOP100,CGS001-55300,PI4K2B,trt_sh.cgs,-25.042332
ATLAS_SIG_B_TOP100,CGS001-5297,PI4KA,trt_sh.cgs,0.0
ATLAS_SIG_B_TOP100,CGS001-375133,PI4KAP2,trt_sh.cgs,5.9498305
ATLAS_SIG_B_TOP100,CGS001-8554,PIAS1,trt_sh.cgs,20.637173
ATLAS_SIG_B_TOP100,CGS001-9063,PIAS2,trt_sh.cgs,16.660225
ATLAS_SIG_B_TOP100,CGS001-10401,PIAS3,trt_sh.cgs,-70.34397
ATLAS_SIG_B_TOP100,CGS001-51588,PIAS4,trt_sh.cgs,-21.484867
ATLAS_SIG_B_TOP100,CGS001-10026,PIGK,trt_sh.cgs,-8.4644375
ATLAS_SIG_B_TOP100,CGS001-55011,PIH1D1,trt_sh.cgs,20.43364
ATLAS_SIG_B_TOP100,CGS001-5286,PIK3C2A,trt_sh.cgs,-1.4210526
ATLAS_SIG_B_TOP100,CGS001-5287,PIK3C2B,trt_sh.cgs,1.0263158
ATLAS_SIG_B_TOP100,CGS001-5289,PIK3C3,trt_sh.cgs,-50.966576
ATLAS_SIG_B_TOP100,CGS001-5291,PIK3CB,trt_sh.cgs,3.2368422
ATLAS_SIG_B_TOP100,CGS001-5293,PIK3CD,trt_sh.cgs,26.558475
ATLAS_SIG_B_TOP100,CGS001-5295,PIK3R1,trt_sh.cgs,7.1223063
ATLAS_SIG_B_TOP100,CGS001-30849,PIK3R4,trt_sh.cgs,47.71354
ATLAS_SIG_B_TOP100,CGS001-5292,PIM1,trt_sh.cgs,17.37285
ATLAS_SIG_B_TOP100,CGS001-415116,PIM3,trt_sh.cgs,-55.59308
ATLAS_SIG_B_TOP100,CGS001-5300,PIN1,trt_sh.cgs,-20.449543
ATLAS_SIG_B_TOP100,CGS001-8396,PIP4K2B,trt_sh.cgs,21.504858
ATLAS_SIG_B_TOP100,CGS001-79837,PIP4K2C,trt_sh.cgs,0.0
ATLAS_SIG_B_TOP100,CGS001-51268,PIPOX,trt_sh.cgs,16.838816
ATLAS_SIG_B_TOP100,CGS001-23761,PISD,trt_sh.cgs,22.814981
ATLAS_SIG_B_TOP100,CGS001-5306,PITPNA,trt_sh.cgs,-21.703732
ATLAS_SIG_B_TOP100,CGS001-64219,PJA1,trt_sh.cgs,-30.698734
ATLAS_SIG_B_TOP100,CGS001-9867,PJA2,trt_sh.cgs,8.231228
ATLAS_SIG_B_TOP100,CGS001-5310,PKD1,trt_sh.cgs,79.41182
ATLAS_SIG_B_TOP100,CGS001-11142,PKIG,trt_sh.cgs,9.523359
ATLAS_SIG_B_TOP100,CGS001-5315,PKM2,trt_sh.cgs,22.750378
ATLAS_SIG_B_TOP100,CGS001-5585,PKN1,trt_sh.cgs,-74.84632
ATLAS_SIG_B_TOP100,CGS001-5586,PKN2,trt_sh.cgs,61.443504
ATLAS_SIG_B_TOP100,CGS001-84647,PLA2G12B,trt_sh.cgs,-8.789474
ATLAS_SIG_B_TOP100,CGS001-23659,PLA2G15,trt_sh.cgs,-9.612934
ATLAS_SIG_B_TOP100,CGS001-5320,PLA2G2A,trt_sh.cgs,-89.40639
ATLAS_SIG_B_TOP100,CGS001-391013,PLA2G2C,trt_sh.cgs,0.0
ATLAS_SIG_B_TOP100,CGS001-5321,PLA2G4A,trt_sh.cgs,10.002371
ATLAS_SIG_B_TOP100,CGS001-5327,PLAT,trt_sh.cgs,0.0
ATLAS_SIG_B_TOP100,CGS001-5328,PLAU,trt_sh.cgs,0.0
ATLAS_SIG_B_TOP100,CGS001-5329,PLAUR,trt_sh.cgs,69.20221
ATLAS_SIG_B_TOP100,CGS001-23236,PLCB1,trt_sh.cgs,-37.338245
ATLAS_SIG_B_TOP100,CGS001-5331,PLCB3,trt_sh.cgs,2.8157895
ATLAS_SIG_B_TOP100,CGS001-5335,PLCG1,trt_sh.cgs,-89.85327
ATLAS_SIG_B_TOP100,CGS001-5336,PLCG2,trt_sh.cgs,12.186665
ATLAS_SIG_B_TOP100,CGS001-5337,PLD1,trt_sh.cgs,34.441456
ATLAS_SIG_B_TOP100,CGS001-5338,PLD2,trt_sh.cgs,-48.50478
ATLAS_SIG_B_TOP100,CGS001-55111,PLEKHJ1,trt_sh.cgs,-2.9210527
ATLAS_SIG_B_TOP100,CGS001-9842,PLEKHM1,trt_sh.cgs,-27.710678
ATLAS_SIG_B_TOP100,CGS001-5347,PLK1,trt_sh.cgs,81.84682
ATLAS_SIG_B_TOP100,CGS001-10769,PLK2,trt_sh.cgs,14.523867
ATLAS_SIG_B_TOP100,CGS001-10733,PLK4,trt_sh.cgs,-96.69111
ATLAS_SIG_B_TOP100,CGS001-5351,PLOD1,trt_sh.cgs,-0.7631579
ATLAS_SIG_B_TOP100,CGS001-5352,PLOD2,trt_sh.cgs,-26.91473
ATLAS_SIG_B_TOP100,CGS001-8985,PLOD3,trt_sh.cgs,71.282646
ATLAS_SIG_B_TOP100,CGS001-5355,PLP2,trt_sh.cgs,86.967964
ATLAS_SIG_B_TOP100,CGS001-5357,PLS1,trt_sh.cgs,-28.118591
ATLAS_SIG_B_TOP100,CGS001-5359,PLSCR1,trt_sh.cgs,5.763158
ATLAS_SIG_B_TOP100,CGS001-57048,PLSCR3,trt_sh.cgs,5.969073
ATLAS_SIG_B_TOP100,CGS001-5362,PLXNA2,trt_sh.cgs,-66.61668
ATLAS_SIG_B_TOP100,CGS001-5366,PMAIP1,trt_sh.cgs,29.830593
ATLAS_SIG_B_TOP100,CGS001-11243,PMF1,trt_sh.cgs,87.76256
ATLAS_SIG_B_TOP100,CGS001-5371,PML,trt_sh.cgs,38.998714
ATLAS_SIG_B_TOP100,CGS001-5373,PMM2,trt_sh.cgs,68.18884
ATLAS_SIG_B_TOP100,CGS001-9512,PMPCB,trt_sh.cgs,63.870193
ATLAS_SIG_B_TOP100,CGS001-5378,PMS1,trt_sh.cgs,14.214724
ATLAS_SIG_B_TOP100,CGS001-5387,PMS2P3,trt_sh.cgs,52.02819
ATLAS_SIG_B_TOP100,CGS001-11284,PNKP,trt_sh.cgs,32.844124
ATLAS_SIG_B_TOP100,CGS001-154197,PNLDC1,trt_sh.cgs,-2.9210527
ATLAS_SIG_B_TOP100,CGS001-4860,PNP,trt_sh.cgs,31.712307
ATLAS_SIG_B_TOP100,CGS001-55163,PNPO,trt_sh.cgs,36.24523
ATLAS_SIG_B_TOP100,CGS001-10957,PNRC1,trt_sh.cgs,-95.86842
ATLAS_SIG_B_TOP100,CGS001-5422,POLA1,trt_sh.cgs,-32.373306
ATLAS_SIG_B_TOP100,CGS001-5423,POLB,trt_sh.cgs,25.376179
ATLAS_SIG_B_TOP100,CGS001-57804,POLD4,trt_sh.cgs,-73.38745
ATLAS_SIG_B_TOP100,CGS001-5427,POLE2,trt_sh.cgs,35.71021
ATLAS_SIG_B_TOP100,CGS001-54107,POLE3,trt_sh.cgs,-60.68289
ATLAS_SIG_B_TOP100,CGS001-5428,POLG,trt_sh.cgs,-64.70142
ATLAS_SIG_B_TOP100,CGS001-11232,POLG2,trt_sh.cgs,38.358482
ATLAS_SIG_B_TOP100,CGS001-10721,POLQ,trt_sh.cgs,-77.05762
ATLAS_SIG_B_TOP100,CGS001-25885,POLR1A,trt_sh.cgs,-46.33818
ATLAS_SIG_B_TOP100,CGS001-9533,POLR1C,trt_sh.cgs,51.199577
ATLAS_SIG_B_TOP100,CGS001-64425,POLR1E,trt_sh.cgs,0.0
ATLAS_SIG_B_TOP100,CGS001-5430,POLR2A,trt_sh.cgs,65.06992
ATLAS_SIG_B_TOP100,CGS001-5432,POLR2C,trt_sh.cgs,38.594017
ATLAS_SIG_B_TOP100,CGS001-5433,POLR2D,trt_sh.cgs,30.011566
ATLAS_SIG_B_TOP100,CGS001-5435,POLR2F,trt_sh.cgs,33.816788
ATLAS_SIG_B_TOP100,CGS001-5437,POLR2H,trt_sh.cgs,32.083336
ATLAS_SIG_B_TOP100,CGS001-5438,POLR2I,trt_sh.cgs,-1.8421053
ATLAS_SIG_B_TOP100,CGS001-5440,POLR2K,trt_sh.cgs,14.892899
ATLAS_SIG_B_TOP100,CGS001-55703,POLR3B,trt_sh.cgs,-63.999565
ATLAS_SIG_B_TOP100,CGS001-661,POLR3D,trt_sh.cgs,6.6411104
ATLAS_SIG_B_TOP100,CGS001-55718,POLR3E,trt_sh.cgs,-0.57894737
ATLAS_SIG_B_TOP100,CGS001-10621,POLR3F,trt_sh.cgs,41.697475
ATLAS_SIG_B_TOP100,CGS001-51728,POLR3K,trt_sh.cgs,9.079751
ATLAS_SIG_B_TOP100,CGS001-5442,POLRMT,trt_sh.cgs,-85.90668
ATLAS_SIG_B_TOP100,CGS001-5446,PON3,trt_sh.cgs,0.0
ATLAS_SIG_B_TOP100,CGS001-10775,POP4,trt_sh.cgs,47.149162
ATLAS_SIG_B_TOP100,CGS001-5447,POR,trt_sh.cgs,-2.5799708
ATLAS_SIG_B_TOP100,CGS001-25913,POT1,trt_sh.cgs,-56.36239
ATLAS_SIG_B_TOP100,CGS001-5450,POU2AF1,trt_sh.cgs,-96.82242
ATLAS_SIG_B_TOP100,CGS001-5451,POU2F1,trt_sh.cgs,-3.9473684
ATLAS_SIG_B_TOP100,CGS001-5460,POU5F1,trt_sh.cgs,-39.39007
ATLAS_SIG_B_TOP100,CGS001-134187,POU5F2,trt_sh.cgs,-50.394173
ATLAS_SIG_B_TOP100,CGS001-8611,PPAP2A,trt_sh.cgs,45.62529
ATLAS_SIG_B_TOP100,CGS001-8613,PPAP2B,trt_sh.cgs,54.299873
ATLAS_SIG_B_TOP100,CGS001-5465,PPARA,trt_sh.cgs,-35.692154
ATLAS_SIG_B_TOP100,CGS001-5467,PPARD,trt_sh.cgs,38.402134
ATLAS_SIG_B_TOP100,CGS001-5468,PPARG,trt_sh.cgs,-17.17574
ATLAS_SIG_B_TOP100,CGS001-10891,PPARGC1A,trt_sh.cgs,-10.180884
ATLAS_SIG_B_TOP100,CGS001-133522,PPARGC1B,trt_sh.cgs,10.880447
ATLAS_SIG_B_TOP100,CGS001-5471,PPAT,trt_sh.cgs,0.0
ATLAS_SIG_B_TOP100,CGS001-8495,PPFIBP2,trt_sh.cgs,1.8157895
ATLAS_SIG_B_TOP100,CGS001-5478,PPIA,trt_sh.cgs,30.154781
ATLAS_SIG_B_TOP100,CGS001-5479,PPIB,trt_sh.cgs,-29.744297
ATLAS_SIG_B_TOP100,CGS001-5480,PPIC,trt_sh.cgs,13.181127
ATLAS_SIG_B_TOP100,CGS001-10450,PPIE,trt_sh.cgs,20.36406
ATLAS_SIG_B_TOP100,CGS001-10105,PPIF,trt_sh.cgs,83.85249
ATLAS_SIG_B_TOP100,CGS001-5495,PPM1B,trt_sh.cgs,-64.43412
ATLAS_SIG_B_TOP100,CGS001-8493,PPM1D,trt_sh.cgs,91.1092
ATLAS_SIG_B_TOP100,CGS001-5498,PPOX,trt_sh.cgs,0.0
ATLAS_SIG_B_TOP100,CGS001-5499,PPP1CA,trt_sh.cgs,18.799334
ATLAS_SIG_B_TOP100,CGS001-5501,PPP1CC,trt_sh.cgs,0.0
ATLAS_SIG_B_TOP100,CGS001-23368,PPP1R13B,trt_sh.cgs,-23.410545
ATLAS_SIG_B_TOP100,CGS001-26472,PPP1R14B,trt_sh.cgs,1.8157895
ATLAS_SIG_B_TOP100,CGS001-5511,PPP1R8,trt_sh.cgs,0.0
ATLAS_SIG_B_TOP100,CGS001-5515,PPP2CA,trt_sh.cgs,-15.230884
ATLAS_SIG_B_TOP100,CGS001-5518,PPP2R1A,trt_sh.cgs,-39.853233
ATLAS_SIG_B_TOP100,CGS001-5522,PPP2R2C,trt_sh.cgs,-12.205313
ATLAS_SIG_B_TOP100,CGS001-5523,PPP2R3A,trt_sh.cgs,27.069262
ATLAS_SIG_B_TOP100,CGS001-55012,PPP2R3C,trt_sh.cgs,-32.48518
ATLAS_SIG_B_TOP100,CGS001-5524,PPP2R4,trt_sh.cgs,40.78473
ATLAS_SIG_B_TOP100,CGS001-5525,PPP2R5A,trt_sh.cgs,28.236462
ATLAS_SIG_B_TOP100,CGS001-5526,PPP2R5B,trt_sh.cgs,0.0
ATLAS_SIG_B_TOP100,CGS001-5529,PPP2R5E,trt_sh.cgs,-98.16167
ATLAS_SIG_B_TOP100,CGS001-5530,PPP3CA,trt_sh.cgs,-71.34509
ATLAS_SIG_B_TOP100,CGS001-5532,PPP3CB,trt_sh.cgs,0.8947368
ATLAS_SIG_B_TOP100,CGS001-5533,PPP3CC,trt_sh.cgs,-51.7218
ATLAS_SIG_B_TOP100,CGS001-5534,PPP3R1,trt_sh.cgs,-68.41931
ATLAS_SIG_B_TOP100,CGS001-5535,PPP3R2,trt_sh.cgs,40.048668
ATLAS_SIG_B_TOP100,CGS001-5531,PPP4C,trt_sh.cgs,-39.58274
ATLAS_SIG_B_TOP100,CGS001-9989,PPP4R1,trt_sh.cgs,-55.972855
ATLAS_SIG_B_TOP100,CGS001-5538,PPT1,trt_sh.cgs,33.14776
ATLAS_SIG_B_TOP100,CGS001-9374,PPT2,trt_sh.cgs,3.9210527
ATLAS_SIG_B_TOP100,CGS001-10084,PQBP1,trt_sh.cgs,1.8421053
ATLAS_SIG_B_TOP100,CGS001-11230,PRAF2,trt_sh.cgs,73.707306
ATLAS_SIG_B_TOP100,CGS001-5546,PRCC,trt_sh.cgs,12.753891
ATLAS_SIG_B_TOP100,CGS001-5547,PRCP,trt_sh.cgs,37.456375
ATLAS_SIG_B_TOP100,CGS001-639,PRDM1,trt_sh.cgs,-73.15873
ATLAS_SIG_B_TOP100,CGS001-11108,PRDM4,trt_sh.cgs,42.894993
ATLAS_SIG_B_TOP100,CGS001-11105,PRDM7,trt_sh.cgs,54.824802
ATLAS_SIG_B_TOP100,CGS001-5052,PRDX1,trt_sh.cgs,0.0
ATLAS_SIG_B_TOP100,CGS001-10113,PREB,trt_sh.cgs,53.126736
ATLAS_SIG_B_TOP100,CGS001-5550,PREP,trt_sh.cgs,0.0
ATLAS_SIG_B_TOP100,CGS001-5562,PRKAA1,trt_sh.cgs,39.210217
ATLAS_SIG_B_TOP100,CGS001-5563,PRKAA2,trt_sh.cgs,-26.46975
ATLAS_SIG_B_TOP100,CGS001-5564,PRKAB1,trt_sh.cgs,-54.45215
ATLAS_SIG_B_TOP100,CGS001-5565,PRKAB2,trt_sh.cgs,-36.656143
ATLAS_SIG_B_TOP100,CGS001-5566,PRKACA,trt_sh.cgs,67.32526
ATLAS_SIG_B_TOP100,CGS001-5567,PRKACB,trt_sh.cgs,0.7894737
ATLAS_SIG_B_TOP100,CGS001-5571,PRKAG1,trt_sh.cgs,23.27383
ATLAS_SIG_B_TOP100,CGS001-51422,PRKAG2,trt_sh.cgs,26.208199
ATLAS_SIG_B_TOP100,CGS001-53632,PRKAG3,trt_sh.cgs,-15.625578
ATLAS_SIG_B_TOP100,CGS001-5573,PRKAR1A,trt_sh.cgs,15.203009
ATLAS_SIG_B_TOP100,CGS001-5575,PRKAR1B,trt_sh.cgs,0.0
ATLAS_SIG_B_TOP100,CGS001-5576,PRKAR2A,trt_sh.cgs,-66.06202
ATLAS_SIG_B_TOP100,CGS001-5577,PRKAR2B,trt_sh.cgs,41.09579
ATLAS_SIG_B_TOP100,CGS001-5578,PRKCA,trt_sh.cgs,0.0
ATLAS_SIG_B_TOP100,CGS001-5579,PRKCB,trt_sh.cgs,26.7156
ATLAS_SIG_B_TOP100,CGS001-5580,PRKCD,trt_sh.cgs,28.360573
ATLAS_SIG_B_TOP100,CGS001-5581,PRKCE,trt_sh.cgs,-16.11098
ATLAS_SIG_B_TOP100,CGS001-5584,PRKCI,trt_sh.cgs,-2.131579
ATLAS_SIG_B_TOP100,CGS001-5588,PRKCQ,trt_sh.cgs,0.0
ATLAS_SIG_B_TOP100,CGS001-5590,PRKCZ,trt_sh.cgs,-39.669846
ATLAS_SIG_B_TOP100,CGS001-5591,PRKDC,trt_sh.cgs,30.943674
ATLAS_SIG_B_TOP100,CGS001-8575,PRKRA,trt_sh.cgs,0.0
ATLAS_SIG_B_TOP100,CGS001-5612,PRKRIR,trt_sh.cgs,0.0
ATLAS_SIG_B_TOP100,CGS001-5613,PRKX,trt_sh.cgs,52.203545
ATLAS_SIG_B_TOP100,CGS001-2834,PRLHR,trt_sh.cgs,-2.638749
ATLAS_SIG_B_TOP100,CGS001-5618,PRLR,trt_sh.cgs,-53.954376
ATLAS_SIG_B_TOP100,CGS001-3275,PRMT2,trt_sh.cgs,42.120865
ATLAS_SIG_B_TOP100,CGS001-10196,PRMT3,trt_sh.cgs,-32.99347
ATLAS_SIG_B_TOP100,CGS001-5621,PRNP,trt_sh.cgs,2.3421052
ATLAS_SIG_B_TOP100,CGS001-5624,PROC,trt_sh.cgs,33.773594
ATLAS_SIG_B_TOP100,CGS001-10544,PROCR,trt_sh.cgs,67.48018
ATLAS_SIG_B_TOP100,CGS001-10887,PROKR1,trt_sh.cgs,-59.026802
ATLAS_SIG_B_TOP100,CGS001-128674,PROKR2,trt_sh.cgs,-59.883663
ATLAS_SIG_B_TOP100,CGS001-11212,PROSC,trt_sh.cgs,42.117096
ATLAS_SIG_B_TOP100,CGS001-5629,PROX1,trt_sh.cgs,23.76825
ATLAS_SIG_B_TOP100,CGS001-9128,PRPF4,trt_sh.cgs,-39.79827
ATLAS_SIG_B_TOP100,CGS001-8899,PRPF4B,trt_sh.cgs,-66.92214
ATLAS_SIG_B_TOP100,CGS001-24148,PRPF6,trt_sh.cgs,20.810463
ATLAS_SIG_B_TOP100,CGS001-5636,PRPSAP2,trt_sh.cgs,91.25078
ATLAS_SIG_B_TOP100,CGS001-79170,PRR15L,trt_sh.cgs,10.066643
ATLAS_SIG_B_TOP100,CGS001-80758,PRR7,trt_sh.cgs,-4.3105927
ATLAS_SIG_B_TOP100,CGS001-11098,PRSS23,trt_sh.cgs,42.38789
ATLAS_SIG_B_TOP100,CGS001-5646,PRSS3,trt_sh.cgs,-75.05692
ATLAS_SIG_B_TOP100,CGS001-58497,PRUNE,trt_sh.cgs,-8.091039
ATLAS_SIG_B_TOP100,CGS001-5660,PSAP,trt_sh.cgs,25.654963
ATLAS_SIG_B_TOP100,CGS001-5663,PSEN1,trt_sh.cgs,23.616392
ATLAS_SIG_B_TOP100,CGS001-11168,PSIP1,trt_sh.cgs,55.04637
ATLAS_SIG_B_TOP100,CGS001-5684,PSMA3,trt_sh.cgs,28.644995
ATLAS_SIG_B_TOP100,CGS001-5686,PSMA5,trt_sh.cgs,20.563824
ATLAS_SIG_B_TOP100,CGS001-5688,PSMA7,trt_sh.cgs,-59.907894
ATLAS_SIG_B_TOP100,CGS001-143471,PSMA8,trt_sh.cgs,-37.758255
ATLAS_SIG_B_TOP100,CGS001-5689,PSMB1,trt_sh.cgs,0.0
ATLAS_SIG_B_TOP100,CGS001-5699,PSMB10,trt_sh.cgs,-61.505596
ATLAS_SIG_B_TOP100,CGS001-5690,PSMB2,trt_sh.cgs,30.186203
ATLAS_SIG_B_TOP100,CGS001-5693,PSMB5,trt_sh.cgs,41.422264
ATLAS_SIG_B_TOP100,CGS001-5695,PSMB7,trt_sh.cgs,45.57275
ATLAS_SIG_B_TOP100,CGS001-5696,PSMB8,trt_sh.cgs,-78.95979
ATLAS_SIG_B_TOP100,CGS001-5698,PSMB9,trt_sh.cgs,-66.502304
ATLAS_SIG_B_TOP100,CGS001-5716,PSMD10,trt_sh.cgs,46.72888
ATLAS_SIG_B_TOP100,CGS001-5708,PSMD2,trt_sh.cgs,16.839178
ATLAS_SIG_B_TOP100,CGS001-5709,PSMD3,trt_sh.cgs,0.0
ATLAS_SIG_B_TOP100,CGS001-5710,PSMD4,trt_sh.cgs,45.724384
ATLAS_SIG_B_TOP100,CGS001-5711,PSMD5,trt_sh.cgs,71.25145
ATLAS_SIG_B_TOP100,CGS001-5714,PSMD8,trt_sh.cgs,-28.257624
ATLAS_SIG_B_TOP100,CGS001-5715,PSMD9,trt_sh.cgs,1.7105263
ATLAS_SIG_B_TOP100,CGS001-5720,PSME1,trt_sh.cgs,87.67569
ATLAS_SIG_B_TOP100,CGS001-9491,PSMF1,trt_sh.cgs,69.3996
ATLAS_SIG_B_TOP100,CGS001-8624,PSMG1,trt_sh.cgs,0.0
ATLAS_SIG_B_TOP100,CGS001-5723,PSPH,trt_sh.cgs,22.583065
ATLAS_SIG_B_TOP100,CGS001-84722,PSRC1,trt_sh.cgs,12.034515
ATLAS_SIG_B_TOP100,CGS001-5727,PTCH1,trt_sh.cgs,-8.738436
ATLAS_SIG_B_TOP100,CGS001-9791,PTDSS1,trt_sh.cgs,0.0
ATLAS_SIG_B_TOP100,CGS001-5728,PTEN,trt_sh.cgs,0.0
ATLAS_SIG_B_TOP100,CGS001-5734,PTGER4,trt_sh.cgs,-4.213179
ATLAS_SIG_B_TOP100,CGS001-5737,PTGFR,trt_sh.cgs,0.0
ATLAS_SIG_B_TOP100,CGS001-22949,PTGR1,trt_sh.cgs,25.303715
ATLAS_SIG_B_TOP100,CGS001-5743,PTGS2,trt_sh.cgs,30.172821
ATLAS_SIG_B_TOP100,CGS001-5744,PTHLH,trt_sh.cgs,-7.973553
ATLAS_SIG_B_TOP100,CGS001-2185,PTK2B,trt_sh.cgs,-4.2062054
ATLAS_SIG_B_TOP100,CGS001-5754,PTK7,trt_sh.cgs,4.605263
ATLAS_SIG_B_TOP100,CGS001-5763,PTMS,trt_sh.cgs,13.505218
ATLAS_SIG_B_TOP100,CGS001-7803,PTP4A1,trt_sh.cgs,58.935043
ATLAS_SIG_B_TOP100,CGS001-9200,PTPLA,trt_sh.cgs,4.918916
ATLAS_SIG_B_TOP100,CGS001-51495,PTPLAD1,trt_sh.cgs,79.71541
ATLAS_SIG_B_TOP100,CGS001-5770,PTPN1,trt_sh.cgs,39.09791
ATLAS_SIG_B_TOP100,CGS001-5781,PTPN11,trt_sh.cgs,4.5749617
ATLAS_SIG_B_TOP100,CGS001-5782,PTPN12,trt_sh.cgs,-81.00321
ATLAS_SIG_B_TOP100,CGS001-5771,PTPN2,trt_sh.cgs,-57.670334
ATLAS_SIG_B_TOP100,CGS001-26191,PTPN22,trt_sh.cgs,6.7105265
ATLAS_SIG_B_TOP100,CGS001-5775,PTPN4,trt_sh.cgs,0.0
ATLAS_SIG_B_TOP100,CGS001-5777,PTPN6,trt_sh.cgs,98.11296
ATLAS_SIG_B_TOP100,CGS001-5792,PTPRF,trt_sh.cgs,-62.812225
ATLAS_SIG_B_TOP100,CGS001-5796,PTPRK,trt_sh.cgs,87.091286
ATLAS_SIG_B_TOP100,CGS001-284119,PTRF,trt_sh.cgs,6.2133546
ATLAS_SIG_B_TOP100,CGS001-5805,PTS,trt_sh.cgs,-1.1052631
ATLAS_SIG_B_TOP100,CGS001-9232,PTTG1,trt_sh.cgs,-53.899048
ATLAS_SIG_B_TOP100,CGS001-22827,PUF60,trt_sh.cgs,78.14689
ATLAS_SIG_B_TOP100,CGS001-23369,PUM2,trt_sh.cgs,0.0
ATLAS_SIG_B_TOP100,CGS001-5813,PURA,trt_sh.cgs,-30.70351
ATLAS_SIG_B_TOP100,CGS001-150962,PUS10,trt_sh.cgs,98.6225
ATLAS_SIG_B_TOP100,CGS001-83448,PUS7L,trt_sh.cgs,22.87658
ATLAS_SIG_B_TOP100,CGS001-5817,PVR,trt_sh.cgs,52.018982
ATLAS_SIG_B_TOP100,CGS001-5819,PVRL2,trt_sh.cgs,15.210526
ATLAS_SIG_B_TOP100,CGS001-11137,PWP1,trt_sh.cgs,-74.24628
ATLAS_SIG_B_TOP100,CGS001-54899,PXK,trt_sh.cgs,22.439888
ATLAS_SIG_B_TOP100,CGS001-5827,PXMP2,trt_sh.cgs,0.0
ATLAS_SIG_B_TOP100,CGS001-5829,PXN,trt_sh.cgs,6.422591
ATLAS_SIG_B_TOP100,CGS001-5831,PYCR1,trt_sh.cgs,-93.29103
ATLAS_SIG_B_TOP100,CGS001-65263,PYCRL,trt_sh.cgs,8.982129
ATLAS_SIG_B_TOP100,CGS001-5836,PYGL,trt_sh.cgs,-89.0396
ATLAS_SIG_B_TOP100,CGS001-5859,QARS,trt_sh.cgs,-8.398073
ATLAS_SIG_B_TOP100,CGS001-25797,QPCT,trt_sh.cgs,24.699764
ATLAS_SIG_B_TOP100,CGS001-23475,QPRT,trt_sh.cgs,62.67408
ATLAS_SIG_B_TOP100,CGS001-84109,QRFPR,trt_sh.cgs,-70.881256
ATLAS_SIG_B_TOP100,CGS001-55278,QRSL1,trt_sh.cgs,58.84983
ATLAS_SIG_B_TOP100,CGS001-8766,RAB11A,trt_sh.cgs,-29.908735
ATLAS_SIG_B_TOP100,CGS001-22841,RAB11FIP2,trt_sh.cgs,-31.884417
ATLAS_SIG_B_TOP100,CGS001-81876,RAB1B,trt_sh.cgs,57.351173
ATLAS_SIG_B_TOP100,CGS001-23011,RAB21,trt_sh.cgs,4.4210525
ATLAS_SIG_B_TOP100,CGS001-51715,RAB23,trt_sh.cgs,2.0526316
ATLAS_SIG_B_TOP100,CGS001-5873,RAB27A,trt_sh.cgs,28.72661
ATLAS_SIG_B_TOP100,CGS001-11031,RAB31,trt_sh.cgs,-7.4147654
ATLAS_SIG_B_TOP100,CGS001-22930,RAB3GAP1,trt_sh.cgs,33.19966
ATLAS_SIG_B_TOP100,CGS001-5867,RAB4A,trt_sh.cgs,62.65661
ATLAS_SIG_B_TOP100,CGS001-5868,RAB5A,trt_sh.cgs,16.098875
ATLAS_SIG_B_TOP100,CGS001-5869,RAB5B,trt_sh.cgs,-6.4295263
ATLAS_SIG_B_TOP100,CGS001-7879,RAB7A,trt_sh.cgs,40.692574
ATLAS_SIG_B_TOP100,CGS001-5875,RABGGTA,trt_sh.cgs,-62.789917
ATLAS_SIG_B_TOP100,CGS001-5879,RAC1,trt_sh.cgs,57.992325
ATLAS_SIG_B_TOP100,CGS001-5881,RAC3,trt_sh.cgs,31.252405
ATLAS_SIG_B_TOP100,CGS001-5810,RAD1,trt_sh.cgs,36.005505
ATLAS_SIG_B_TOP100,CGS001-5887,RAD23B,trt_sh.cgs,-59.420876
ATLAS_SIG_B_TOP100,CGS001-10111,RAD50,trt_sh.cgs,23.864567
ATLAS_SIG_B_TOP100,CGS001-5888,RAD51,trt_sh.cgs,35.392967
ATLAS_SIG_B_TOP100,CGS001-5889,RAD51C,trt_sh.cgs,65.92707
ATLAS_SIG_B_TOP100,CGS001-8438,RAD54L,trt_sh.cgs,73.17375
ATLAS_SIG_B_TOP100,CGS001-5883,RAD9A,trt_sh.cgs,-12.410256
ATLAS_SIG_B_TOP100,CGS001-8480,RAE1,trt_sh.cgs,13.561987
ATLAS_SIG_B_TOP100,CGS001-5894,RAF1,trt_sh.cgs,16.962017
ATLAS_SIG_B_TOP100,CGS001-26064,RAI14,trt_sh.cgs,-32.21715
ATLAS_SIG_B_TOP100,CGS001-5898,RALA,trt_sh.cgs,34.52933
ATLAS_SIG_B_TOP100,CGS001-5899,RALB,trt_sh.cgs,0.0
ATLAS_SIG_B_TOP100,CGS001-10928,RALBP1,trt_sh.cgs,32.704178
ATLAS_SIG_B_TOP100,CGS001-5900,RALGDS,trt_sh.cgs,0.0
ATLAS_SIG_B_TOP100,CGS001-10267,RAMP1,trt_sh.cgs,73.53543
ATLAS_SIG_B_TOP100,CGS001-10048,RANBP9,trt_sh.cgs,40.786793
ATLAS_SIG_B_TOP100,CGS001-5906,RAP1A,trt_sh.cgs,-25.91085
ATLAS_SIG_B_TOP100,CGS001-5909,RAP1GAP,trt_sh.cgs,1.837312
ATLAS_SIG_B_TOP100,CGS001-5910,RAP1GDS1,trt_sh.cgs,18.563232
ATLAS_SIG_B_TOP100,CGS001-5914,RARA,trt_sh.cgs,10.0702715
ATLAS_SIG_B_TOP100,CGS001-5915,RARB,trt_sh.cgs,-65.48123
ATLAS_SIG_B_TOP100,CGS001-5916,RARG,trt_sh.cgs,17.697317
ATLAS_SIG_B_TOP100,CGS001-5918,RARRES1,trt_sh.cgs,-97.0
ATLAS_SIG_B_TOP100,CGS001-5920,RARRES3,trt_sh.cgs,62.607258
ATLAS_SIG_B_TOP100,CGS001-5921,RASA1,trt_sh.cgs,-7.34412
ATLAS_SIG_B_TOP100,CGS001-51655,RASD1,trt_sh.cgs,0.0
ATLAS_SIG_B_TOP100,CGS001-10125,RASGRP1,trt_sh.cgs,63.44747
ATLAS_SIG_B_TOP100,CGS001-115727,RASGRP4,trt_sh.cgs,-29.553873
ATLAS_SIG_B_TOP100,CGS001-9770,RASSF2,trt_sh.cgs,30.322323
ATLAS_SIG_B_TOP100,CGS001-5925,RB1,trt_sh.cgs,-11.479831
ATLAS_SIG_B_TOP100,CGS001-5928,RBBP4,trt_sh.cgs,-71.31323
ATLAS_SIG_B_TOP100,CGS001-5930,RBBP6,trt_sh.cgs,-28.346088
ATLAS_SIG_B_TOP100,CGS001-5931,RBBP7,trt_sh.cgs,-83.62506
ATLAS_SIG_B_TOP100,CGS001-5932,RBBP8,trt_sh.cgs,61.317055
ATLAS_SIG_B_TOP100,CGS001-10616,RBCK1,trt_sh.cgs,12.882746
ATLAS_SIG_B_TOP100,CGS001-64080,RBKS,trt_sh.cgs,85.54357
ATLAS_SIG_B_TOP100,CGS001-5933,RBL1,trt_sh.cgs,6.9568825
ATLAS_SIG_B_TOP100,CGS001-5934,RBL2,trt_sh.cgs,-28.498434
ATLAS_SIG_B_TOP100,CGS001-64783,RBM15,trt_sh.cgs,0.0
ATLAS_SIG_B_TOP100,CGS001-29890,RBM15B,trt_sh.cgs,87.053154
ATLAS_SIG_B_TOP100,CGS001-23029,RBM34,trt_sh.cgs,71.035324
ATLAS_SIG_B_TOP100,CGS001-10180,RBM6,trt_sh.cgs,-31.474033
ATLAS_SIG_B_TOP100,CGS001-5937,RBMS1,trt_sh.cgs,-49.909927
ATLAS_SIG_B_TOP100,CGS001-27316,RBMX,trt_sh.cgs,49.66677
ATLAS_SIG_B_TOP100,CGS001-5950,RBP4,trt_sh.cgs,-8.574259
ATLAS_SIG_B_TOP100,CGS001-3516,RBPJ,trt_sh.cgs,48.004234
ATLAS_SIG_B_TOP100,CGS001-9978,RBX1,trt_sh.cgs,46.87964
ATLAS_SIG_B_TOP100,CGS001-1827,RCAN1,trt_sh.cgs,-20.169872
ATLAS_SIG_B_TOP100,CGS001-91433,RCCD1,trt_sh.cgs,-35.396576
ATLAS_SIG_B_TOP100,CGS001-25898,RCHY1,trt_sh.cgs,-62.742958
ATLAS_SIG_B_TOP100,CGS001-7936,RDBP,trt_sh.cgs,16.160873
ATLAS_SIG_B_TOP100,CGS001-51109,RDH11,trt_sh.cgs,-68.889336
ATLAS_SIG_B_TOP100,CGS001-57665,RDH14,trt_sh.cgs,-80.22274
ATLAS_SIG_B_TOP100,CGS001-5962,RDX,trt_sh.cgs,15.490171
ATLAS_SIG_B_TOP100,CGS001-7905,REEP5,trt_sh.cgs,33.019455
ATLAS_SIG_B_TOP100,CGS001-5966,REL,trt_sh.cgs,29.375113
ATLAS_SIG_B_TOP100,CGS001-5970,RELA,trt_sh.cgs,-37.432194
ATLAS_SIG_B_TOP100,CGS001-5971,RELB,trt_sh.cgs,-82.96947
ATLAS_SIG_B_TOP100,CGS001-85004,RERG,trt_sh.cgs,20.318861
ATLAS_SIG_B_TOP100,CGS001-5979,RET,trt_sh.cgs,7.502392
ATLAS_SIG_B_TOP100,CGS001-5981,RFC1,trt_sh.cgs,0.0
ATLAS_SIG_B_TOP100,CGS001-5982,RFC2,trt_sh.cgs,25.961126
ATLAS_SIG_B_TOP100,CGS001-5985,RFC5,trt_sh.cgs,67.45557
ATLAS_SIG_B_TOP100,CGS001-55312,RFK,trt_sh.cgs,56.968113
ATLAS_SIG_B_TOP100,CGS001-5986,RFNG,trt_sh.cgs,70.73399
ATLAS_SIG_B_TOP100,CGS001-5992,RFX4,trt_sh.cgs,35.47769
ATLAS_SIG_B_TOP100,CGS001-5993,RFX5,trt_sh.cgs,42.732372
ATLAS_SIG_B_TOP100,CGS001-8625,RFXANK,trt_sh.cgs,-63.681976
ATLAS_SIG_B_TOP100,CGS001-6004,RGS16,trt_sh.cgs,-3.3421052
ATLAS_SIG_B_TOP100,CGS001-64407,RGS18,trt_sh.cgs,9.945374
ATLAS_SIG_B_TOP100,CGS001-10287,RGS19,trt_sh.cgs,22.16663
ATLAS_SIG_B_TOP100,CGS001-5997,RGS2,trt_sh.cgs,42.893494
ATLAS_SIG_B_TOP100,CGS001-5999,RGS4,trt_sh.cgs,12.652208
ATLAS_SIG_B_TOP100,CGS001-6009,RHEB,trt_sh.cgs,0.7368421
ATLAS_SIG_B_TOP100,CGS001-387,RHOA,trt_sh.cgs,89.17027
ATLAS_SIG_B_TOP100,CGS001-388,RHOB,trt_sh.cgs,47.44155
ATLAS_SIG_B_TOP100,CGS001-9886,RHOBTB1,trt_sh.cgs,19.802626
ATLAS_SIG_B_TOP100,CGS001-29984,RHOD,trt_sh.cgs,-89.386894
ATLAS_SIG_B_TOP100,CGS001-253260,RICTOR,trt_sh.cgs,-3.6842105
ATLAS_SIG_B_TOP100,CGS001-8780,RIOK3,trt_sh.cgs,2.7894738
ATLAS_SIG_B_TOP100,CGS001-8737,RIPK1,trt_sh.cgs,39.980152
ATLAS_SIG_B_TOP100,CGS001-8767,RIPK2,trt_sh.cgs,-10.868421
ATLAS_SIG_B_TOP100,CGS001-11035,RIPK3,trt_sh.cgs,9.019449
ATLAS_SIG_B_TOP100,CGS001-54101,RIPK4,trt_sh.cgs,-20.839033
ATLAS_SIG_B_TOP100,CGS001-6016,RIT1,trt_sh.cgs,32.37822
ATLAS_SIG_B_TOP100,CGS001-6038,RNASE4,trt_sh.cgs,-73.78899
ATLAS_SIG_B_TOP100,CGS001-8635,RNASET2,trt_sh.cgs,24.540005
ATLAS_SIG_B_TOP100,CGS001-26994,RNF11,trt_sh.cgs,0.0
ATLAS_SIG_B_TOP100,CGS001-63891,RNF123,trt_sh.cgs,-73.553986
ATLAS_SIG_B_TOP100,CGS001-54941,RNF125,trt_sh.cgs,58.5015
ATLAS_SIG_B_TOP100,CGS001-51444,RNF138,trt_sh.cgs,0.0
ATLAS_SIG_B_TOP100,CGS001-9604,RNF14,trt_sh.cgs,22.75135
ATLAS_SIG_B_TOP100,CGS001-153830,RNF145,trt_sh.cgs,-72.25708
ATLAS_SIG_B_TOP100,CGS001-115992,RNF166,trt_sh.cgs,65.89675
ATLAS_SIG_B_TOP100,CGS001-26001,RNF167,trt_sh.cgs,9.44566
ATLAS_SIG_B_TOP100,CGS001-54546,RNF186,trt_sh.cgs,76.53313
ATLAS_SIG_B_TOP100,CGS001-6048,RNF5,trt_sh.cgs,-38.118973
ATLAS_SIG_B_TOP100,CGS001-8732,RNGTT,trt_sh.cgs,40.23561
ATLAS_SIG_B_TOP100,CGS001-6050,RNH1,trt_sh.cgs,-2.3488975
ATLAS_SIG_B_TOP100,CGS001-55328,RNLS,trt_sh.cgs,-44.89082
ATLAS_SIG_B_TOP100,CGS001-8731,RNMT,trt_sh.cgs,37.0671
ATLAS_SIG_B_TOP100,CGS001-10921,RNPS1,trt_sh.cgs,56.689407
ATLAS_SIG_B_TOP100,CGS001-9475,ROCK2,trt_sh.cgs,72.96995
ATLAS_SIG_B_TOP100,CGS001-6097,RORC,trt_sh.cgs,5.0348506
ATLAS_SIG_B_TOP100,CGS001-6098,ROS1,trt_sh.cgs,13.453718
ATLAS_SIG_B_TOP100,CGS001-6117,RPA1,trt_sh.cgs,0.0
ATLAS_SIG_B_TOP100,CGS001-6118,RPA2,trt_sh.cgs,2.5
ATLAS_SIG_B_TOP100,CGS001-6119,RPA3,trt_sh.cgs,66.03576
ATLAS_SIG_B_TOP100,CGS001-80135,RPF1,trt_sh.cgs,-91.55237
ATLAS_SIG_B_TOP100,CGS001-22934,RPIA,trt_sh.cgs,0.0
ATLAS_SIG_B_TOP100,CGS001-6146,RPL22,trt_sh.cgs,0.0
ATLAS_SIG_B_TOP100,CGS001-116832,RPL39L,trt_sh.cgs,-71.43078
ATLAS_SIG_B_TOP100,CGS001-6129,RPL7,trt_sh.cgs,2.4736843
ATLAS_SIG_B_TOP100,CGS001-6184,RPN1,trt_sh.cgs,24.545765
ATLAS_SIG_B_TOP100,CGS001-6185,RPN2,trt_sh.cgs,69.1402
ATLAS_SIG_B_TOP100,CGS001-10557,RPP38,trt_sh.cgs,85.406586
ATLAS_SIG_B_TOP100,CGS001-6204,RPS10,trt_sh.cgs,34.575356
ATLAS_SIG_B_TOP100,CGS001-6207,RPS13,trt_sh.cgs,34.58426
ATLAS_SIG_B_TOP100,CGS001-6208,RPS14,trt_sh.cgs,45.124783
ATLAS_SIG_B_TOP100,CGS001-6210,RPS15A,trt_sh.cgs,25.47202
ATLAS_SIG_B_TOP100,CGS001-6217,RPS16,trt_sh.cgs,30.111221
ATLAS_SIG_B_TOP100,CGS001-6223,RPS19,trt_sh.cgs,63.292736
ATLAS_SIG_B_TOP100,CGS001-6233,RPS27A,trt_sh.cgs,6.4210525
ATLAS_SIG_B_TOP100,CGS001-6188,RPS3,trt_sh.cgs,54.14457
ATLAS_SIG_B_TOP100,CGS001-6189,RPS3A,trt_sh.cgs,49.602875
ATLAS_SIG_B_TOP100,CGS001-6193,RPS5,trt_sh.cgs,61.17575
ATLAS_SIG_B_TOP100,CGS001-6194,RPS6,trt_sh.cgs,80.37474
ATLAS_SIG_B_TOP100,CGS001-6195,RPS6KA1,trt_sh.cgs,-2.2894738
ATLAS_SIG_B_TOP100,CGS001-6196,RPS6KA2,trt_sh.cgs,3.1842105
ATLAS_SIG_B_TOP100,CGS001-6197,RPS6KA3,trt_sh.cgs,-48.202744
ATLAS_SIG_B_TOP100,CGS001-8986,RPS6KA4,trt_sh.cgs,39.029114
ATLAS_SIG_B_TOP100,CGS001-6198,RPS6KB1,trt_sh.cgs,-88.704636
ATLAS_SIG_B_TOP100,CGS001-6199,RPS6KB2,trt_sh.cgs,-18.256695
ATLAS_SIG_B_TOP100,CGS001-83694,RPS6KL1,trt_sh.cgs,4.5
ATLAS_SIG_B_TOP100,CGS001-6201,RPS7,trt_sh.cgs,49.778923
ATLAS_SIG_B_TOP100,CGS001-6203,RPS9,trt_sh.cgs,0.0
ATLAS_SIG_B_TOP100,CGS001-57521,RPTOR,trt_sh.cgs,1.5
ATLAS_SIG_B_TOP100,CGS001-10670,RRAGA,trt_sh.cgs,-3.5789473
ATLAS_SIG_B_TOP100,CGS001-10325,RRAGB,trt_sh.cgs,-17.640884
ATLAS_SIG_B_TOP100,CGS001-64121,RRAGC,trt_sh.cgs,19.71683
ATLAS_SIG_B_TOP100,CGS001-58528,RRAGD,trt_sh.cgs,-42.135086
ATLAS_SIG_B_TOP100,CGS001-6240,RRM1,trt_sh.cgs,68.60812
ATLAS_SIG_B_TOP100,CGS001-6241,RRM2,trt_sh.cgs,31.915112
ATLAS_SIG_B_TOP100,CGS001-23223,RRP12,trt_sh.cgs,9.394737
ATLAS_SIG_B_TOP100,CGS001-23076,RRP1B,trt_sh.cgs,83.83409
ATLAS_SIG_B_TOP100,CGS001-23378,RRP8,trt_sh.cgs,49.52585
ATLAS_SIG_B_TOP100,CGS001-23212,RRS1,trt_sh.cgs,36.136784
ATLAS_SIG_B_TOP100,CGS001-89765,RSPH1,trt_sh.cgs,-45.040913
ATLAS_SIG_B_TOP100,CGS001-6251,RSU1,trt_sh.cgs,-35.060425
ATLAS_SIG_B_TOP100,CGS001-8634,RTCD1,trt_sh.cgs,-4.1578946
ATLAS_SIG_B_TOP100,CGS001-51750,RTEL1,trt_sh.cgs,33.024605
ATLAS_SIG_B_TOP100,CGS001-6253,RTN2,trt_sh.cgs,-76.430244
ATLAS_SIG_B_TOP100,CGS001-80230,RUFY1,trt_sh.cgs,13.035293
ATLAS_SIG_B_TOP100,CGS001-861,RUNX1,trt_sh.cgs,-57.732918
ATLAS_SIG_B_TOP100,CGS001-8607,RUVBL1,trt_sh.cgs,26.107958
ATLAS_SIG_B_TOP100,CGS001-10856,RUVBL2,trt_sh.cgs,25.862011
ATLAS_SIG_B_TOP100,CGS001-59350,RXFP1,trt_sh.cgs,10.394737
ATLAS_SIG_B_TOP100,CGS001-6256,RXRA,trt_sh.cgs,31.372614
ATLAS_SIG_B_TOP100,CGS001-6257,RXRB,trt_sh.cgs,-79.632256
ATLAS_SIG_B_TOP100,CGS001-23429,RYBP,trt_sh.cgs,11.822738
ATLAS_SIG_B_TOP100,CGS001-6259,RYK,trt_sh.cgs,67.351654
ATLAS_SIG_B_TOP100,CGS001-6271,S100A1,trt_sh.cgs,-37.843838
ATLAS_SIG_B_TOP100,CGS001-6282,S100A11,trt_sh.cgs,50.66175
ATLAS_SIG_B_TOP100,CGS001-6284,S100A13,trt_sh.cgs,-97.074905
ATLAS_SIG_B_TOP100,CGS001-6275,S100A4,trt_sh.cgs,16.57606
ATLAS_SIG_B_TOP100,CGS001-6277,S100A6,trt_sh.cgs,-24.73887
ATLAS_SIG_B_TOP100,CGS001-6285,S100B,trt_sh.cgs,-86.45309
ATLAS_SIG_B_TOP100,CGS001-6286,S100P,trt_sh.cgs,-4.4107156
ATLAS_SIG_B_TOP100,CGS001-170591,S100Z,trt_sh.cgs,18.560501
ATLAS_SIG_B_TOP100,CGS001-1903,S1PR3,trt_sh.cgs,-62.091972
ATLAS_SIG_B_TOP100,CGS001-22908,SACM1L,trt_sh.cgs,-67.0438
ATLAS_SIG_B_TOP100,CGS001-57167,SALL4,trt_sh.cgs,59.7529
ATLAS_SIG_B_TOP100,CGS001-10284,SAP18,trt_sh.cgs,4.3119755
ATLAS_SIG_B_TOP100,CGS001-51128,SAR1B,trt_sh.cgs,4.9210525
ATLAS_SIG_B_TOP100,CGS001-6301,SARS,trt_sh.cgs,62.52943
ATLAS_SIG_B_TOP100,CGS001-6303,SAT1,trt_sh.cgs,46.223885
ATLAS_SIG_B_TOP100,CGS001-6304,SATB1,trt_sh.cgs,-27.329401
ATLAS_SIG_B_TOP100,CGS001-23314,SATB2,trt_sh.cgs,-29.80647
ATLAS_SIG_B_TOP100,CGS001-55206,SBNO1,trt_sh.cgs,-1.2203548
ATLAS_SIG_B_TOP100,CGS001-6309,SC5DL,trt_sh.cgs,0.0
ATLAS_SIG_B_TOP100,CGS001-22828,SCAF8,trt_sh.cgs,33.413933
ATLAS_SIG_B_TOP100,CGS001-51282,SCAND1,trt_sh.cgs,71.453064
ATLAS_SIG_B_TOP100,CGS001-22937,SCAP,trt_sh.cgs,35.67752
ATLAS_SIG_B_TOP100,CGS001-949,SCARB1,trt_sh.cgs,40.044815
ATLAS_SIG_B_TOP100,CGS001-51097,SCCPDH,trt_sh.cgs,82.969376
ATLAS_SIG_B_TOP100,CGS001-22955,SCMH1,trt_sh.cgs,-3.2105262
ATLAS_SIG_B_TOP100,CGS001-6335,SCN9A,trt_sh.cgs,-54.514385
ATLAS_SIG_B_TOP100,CGS001-6337,SCNN1A,trt_sh.cgs,67.14394
ATLAS_SIG_B_TOP100,CGS001-6342,SCP2,trt_sh.cgs,-93.45613
ATLAS_SIG_B_TOP100,CGS001-9805,SCRN1,trt_sh.cgs,-31.545172
ATLAS_SIG_B_TOP100,CGS001-80274,SCUBE1,trt_sh.cgs,0.0
ATLAS_SIG_B_TOP100,CGS001-57147,SCYL3,trt_sh.cgs,29.97941
ATLAS_SIG_B_TOP100,CGS001-23753,SDF2L1,trt_sh.cgs,5.7712817
ATLAS_SIG_B_TOP100,CGS001-6389,SDHA,trt_sh.cgs,2.2294989
ATLAS_SIG_B_TOP100,CGS001-6390,SDHB,trt_sh.cgs,71.24981
ATLAS_SIG_B_TOP100,CGS001-6391,SDHC,trt_sh.cgs,-77.79578
ATLAS_SIG_B_TOP100,CGS001-6392,SDHD,trt_sh.cgs,9.800849
ATLAS_SIG_B_TOP100,CGS001-6397,SEC14L1,trt_sh.cgs,0.0
ATLAS_SIG_B_TOP100,CGS001-9919,SEC16A,trt_sh.cgs,10.66407
ATLAS_SIG_B_TOP100,CGS001-10427,SEC24B,trt_sh.cgs,40.723743
ATLAS_SIG_B_TOP100,CGS001-9632,SEC24C,trt_sh.cgs,0.0
ATLAS_SIG_B_TOP100,CGS001-9871,SEC24D,trt_sh.cgs,0.0
ATLAS_SIG_B_TOP100,CGS001-55176,SEC61A2,trt_sh.cgs,89.49034
ATLAS_SIG_B_TOP100,CGS001-59343,SENP2,trt_sh.cgs,16.751205
ATLAS_SIG_B_TOP100,CGS001-205564,SENP5,trt_sh.cgs,13.751853
ATLAS_SIG_B_TOP100,CGS001-26054,SENP6,trt_sh.cgs,10.410105
ATLAS_SIG_B_TOP100,CGS001-51734,SEPX1,trt_sh.cgs,-14.8309555
ATLAS_SIG_B_TOP100,CGS001-10955,SERINC3,trt_sh.cgs,41.31585
ATLAS_SIG_B_TOP100,CGS001-5265,SERPINA1,trt_sh.cgs,35.81058
ATLAS_SIG_B_TOP100,CGS001-5104,SERPINA5,trt_sh.cgs,-26.608765
ATLAS_SIG_B_TOP100,CGS001-866,SERPINA6,trt_sh.cgs,-24.798813
ATLAS_SIG_B_TOP100,CGS001-6906,SERPINA7,trt_sh.cgs,-37.625202
ATLAS_SIG_B_TOP100,CGS001-5055,SERPINB2,trt_sh.cgs,-59.505867
ATLAS_SIG_B_TOP100,CGS001-5268,SERPINB5,trt_sh.cgs,-69.03391
ATLAS_SIG_B_TOP100,CGS001-462,SERPINC1,trt_sh.cgs,-19.695782
ATLAS_SIG_B_TOP100,CGS001-3053,SERPIND1,trt_sh.cgs,0.0
ATLAS_SIG_B_TOP100,CGS001-5054,SERPINE1,trt_sh.cgs,39.458088
ATLAS_SIG_B_TOP100,CGS001-5345,SERPINF2,trt_sh.cgs,-15.637491
ATLAS_SIG_B_TOP100,CGS001-29946,SERTAD3,trt_sh.cgs,-24.174826
ATLAS_SIG_B_TOP100,CGS001-27244,SESN1,trt_sh.cgs,65.37138
ATLAS_SIG_B_TOP100,CGS001-6418,SET,trt_sh.cgs,40.084583
ATLAS_SIG_B_TOP100,CGS001-23067,SETD1B,trt_sh.cgs,-57.42341
ATLAS_SIG_B_TOP100,CGS001-80854,SETD7,trt_sh.cgs,-23.844685
ATLAS_SIG_B_TOP100,CGS001-9869,SETDB1,trt_sh.cgs,0.0
ATLAS_SIG_B_TOP100,CGS001-7536,SF1,trt_sh.cgs,-90.5974
ATLAS_SIG_B_TOP100,CGS001-51460,SFMBT1,trt_sh.cgs,-6.6842103
ATLAS_SIG_B_TOP100,CGS001-2810,SFN,trt_sh.cgs,17.230404
ATLAS_SIG_B_TOP100,CGS001-6421,SFPQ,trt_sh.cgs,82.45206
ATLAS_SIG_B_TOP100,CGS001-6443,SGCB,trt_sh.cgs,39.60584
ATLAS_SIG_B_TOP100,CGS001-6446,SGK1,trt_sh.cgs,9.27208
ATLAS_SIG_B_TOP100,CGS001-8879,SGPL1,trt_sh.cgs,-52.398197
ATLAS_SIG_B_TOP100,CGS001-10019,SH2B3,trt_sh.cgs,-89.15015
ATLAS_SIG_B_TOP100,CGS001-9467,SH3BP5,trt_sh.cgs,71.94363
ATLAS_SIG_B_TOP100,CGS001-6455,SH3GL1,trt_sh.cgs,70.25548
ATLAS_SIG_B_TOP100,CGS001-6461,SHB,trt_sh.cgs,-6.894737
ATLAS_SIG_B_TOP100,CGS001-6469,SHH,trt_sh.cgs,0.81578946
ATLAS_SIG_B_TOP100,CGS001-6472,SHMT2,trt_sh.cgs,-20.299088
ATLAS_SIG_B_TOP100,CGS001-6477,SIAH1,trt_sh.cgs,0.0
ATLAS_SIG_B_TOP100,CGS001-6478,SIAH2,trt_sh.cgs,-54.143394
ATLAS_SIG_B_TOP100,CGS001-150094,SIK1,trt_sh.cgs,10.321394
ATLAS_SIG_B_TOP100,CGS001-23387,SIK3,trt_sh.cgs,-52.084225
ATLAS_SIG_B_TOP100,CGS001-6493,SIM2,trt_sh.cgs,1.2894737
ATLAS_SIG_B_TOP100,CGS001-25942,SIN3A,trt_sh.cgs,-94.206764
ATLAS_SIG_B_TOP100,CGS001-55423,SIRPG,trt_sh.cgs,-21.09898
ATLAS_SIG_B_TOP100,CGS001-23411,SIRT1,trt_sh.cgs,-5.816683
ATLAS_SIG_B_TOP100,CGS001-22933,SIRT2,trt_sh.cgs,-30.831598
ATLAS_SIG_B_TOP100,CGS001-23410,SIRT3,trt_sh.cgs,7.347024
ATLAS_SIG_B_TOP100,CGS001-23408,SIRT5,trt_sh.cgs,54.851997
ATLAS_SIG_B_TOP100,CGS001-51548,SIRT6,trt_sh.cgs,17.925402
ATLAS_SIG_B_TOP100,CGS001-10736,SIX2,trt_sh.cgs,-84.99243
ATLAS_SIG_B_TOP100,CGS001-51804,SIX4,trt_sh.cgs,-42.92242
ATLAS_SIG_B_TOP100,CGS001-8935,SKAP2,trt_sh.cgs,41.887093
ATLAS_SIG_B_TOP100,CGS001-6499,SKIV2L,trt_sh.cgs,-4.5040584
ATLAS_SIG_B_TOP100,CGS001-6500,SKP1,trt_sh.cgs,24.481457
ATLAS_SIG_B_TOP100,CGS001-6502,SKP2,trt_sh.cgs,81.56551
ATLAS_SIG_B_TOP100,CGS001-4891,SLC11A2,trt_sh.cgs,44.241535
ATLAS_SIG_B_TOP100,CGS001-10723,SLC12A7,trt_sh.cgs,70.94018
ATLAS_SIG_B_TOP100,CGS001-6567,SLC16A2,trt_sh.cgs,-21.83464
ATLAS_SIG_B_TOP100,CGS001-9123,SLC16A3,trt_sh.cgs,-13.329498
ATLAS_SIG_B_TOP100,CGS001-9122,SLC16A4,trt_sh.cgs,-22.068684
ATLAS_SIG_B_TOP100,CGS001-9121,SLC16A5,trt_sh.cgs,-79.98289
ATLAS_SIG_B_TOP100,CGS001-9120,SLC16A6,trt_sh.cgs,0.0
ATLAS_SIG_B_TOP100,CGS001-6509,SLC1A4,trt_sh.cgs,-4.4473686
ATLAS_SIG_B_TOP100,CGS001-6510,SLC1A5,trt_sh.cgs,-96.1422
ATLAS_SIG_B_TOP100,CGS001-6511,SLC1A6,trt_sh.cgs,-63.172478
ATLAS_SIG_B_TOP100,CGS001-5002,SLC22A18,trt_sh.cgs,32.57391
ATLAS_SIG_B_TOP100,CGS001-63027,SLC22A23,trt_sh.cgs,17.334934
ATLAS_SIG_B_TOP100,CGS001-6583,SLC22A4,trt_sh.cgs,-88.03753
ATLAS_SIG_B_TOP100,CGS001-6584,SLC22A5,trt_sh.cgs,-2.4473684
ATLAS_SIG_B_TOP100,CGS001-6576,SLC25A1,trt_sh.cgs,23.980963
ATLAS_SIG_B_TOP100,CGS001-1468,SLC25A10,trt_sh.cgs,1.4536177
ATLAS_SIG_B_TOP100,CGS001-8604,SLC25A12,trt_sh.cgs,0.0
ATLAS_SIG_B_TOP100,CGS001-10165,SLC25A13,trt_sh.cgs,53.091007
ATLAS_SIG_B_TOP100,CGS001-9016,SLC25A14,trt_sh.cgs,-47.49243
ATLAS_SIG_B_TOP100,CGS001-10166,SLC25A15,trt_sh.cgs,86.98047
ATLAS_SIG_B_TOP100,CGS001-788,SLC25A20,trt_sh.cgs,-21.780308
ATLAS_SIG_B_TOP100,CGS001-79751,SLC25A22,trt_sh.cgs,-8.102549
ATLAS_SIG_B_TOP100,CGS001-29957,SLC25A24,trt_sh.cgs,64.21617
ATLAS_SIG_B_TOP100,CGS001-81894,SLC25A28,trt_sh.cgs,72.04799
ATLAS_SIG_B_TOP100,CGS001-81034,SLC25A32,trt_sh.cgs,-6.9409394
ATLAS_SIG_B_TOP100,CGS001-291,SLC25A4,trt_sh.cgs,33.20572
ATLAS_SIG_B_TOP100,CGS001-91137,SLC25A46,trt_sh.cgs,-34.041477
ATLAS_SIG_B_TOP100,CGS001-292,SLC25A5,trt_sh.cgs,-9.128199
ATLAS_SIG_B_TOP100,CGS001-293,SLC25A6,trt_sh.cgs,23.520515
ATLAS_SIG_B_TOP100,CGS001-11000,SLC27A3,trt_sh.cgs,-99.5
ATLAS_SIG_B_TOP100,CGS001-2030,SLC29A1,trt_sh.cgs,31.84879
ATLAS_SIG_B_TOP100,CGS001-3177,SLC29A2,trt_sh.cgs,0.0
ATLAS_SIG_B_TOP100,CGS001-6513,SLC2A1,trt_sh.cgs,-3.6578948
ATLAS_SIG_B_TOP100,CGS001-6514,SLC2A2,trt_sh.cgs,0.0
ATLAS_SIG_B_TOP100,CGS001-11182,SLC2A6,trt_sh.cgs,41.967827
ATLAS_SIG_B_TOP100,CGS001-7780,SLC30A2,trt_sh.cgs,25.983599
ATLAS_SIG_B_TOP100,CGS001-169026,SLC30A8,trt_sh.cgs,0.0
ATLAS_SIG_B_TOP100,CGS001-10559,SLC35A1,trt_sh.cgs,93.70418
ATLAS_SIG_B_TOP100,CGS001-23443,SLC35A3,trt_sh.cgs,5.4839916
ATLAS_SIG_B_TOP100,CGS001-10237,SLC35B1,trt_sh.cgs,-13.91919
ATLAS_SIG_B_TOP100,CGS001-54733,SLC35F2,trt_sh.cgs,-67.529495
ATLAS_SIG_B_TOP100,CGS001-206358,SLC36A1,trt_sh.cgs,41.461624
ATLAS_SIG_B_TOP100,CGS001-120103,SLC36A4,trt_sh.cgs,-48.35977
ATLAS_SIG_B_TOP100,CGS001-2542,SLC37A4,trt_sh.cgs,-68.906265
ATLAS_SIG_B_TOP100,CGS001-81539,SLC38A1,trt_sh.cgs,5.072341
ATLAS_SIG_B_TOP100,CGS001-54407,SLC38A2,trt_sh.cgs,-56.005898
ATLAS_SIG_B_TOP100,CGS001-10991,SLC38A3,trt_sh.cgs,-64.945015
ATLAS_SIG_B_TOP100,CGS001-25800,SLC39A6,trt_sh.cgs,26.721466
ATLAS_SIG_B_TOP100,CGS001-64116,SLC39A8,trt_sh.cgs,66.782486
ATLAS_SIG_B_TOP100,CGS001-6519,SLC3A1,trt_sh.cgs,-34.12468
ATLAS_SIG_B_TOP100,CGS001-6520,SLC3A2,trt_sh.cgs,35.670753
ATLAS_SIG_B_TOP100,CGS001-8884,SLC5A6,trt_sh.cgs,93.48427
ATLAS_SIG_B_TOP100,CGS001-11254,SLC6A14,trt_sh.cgs,20.28748
ATLAS_SIG_B_TOP100,CGS001-6535,SLC6A8,trt_sh.cgs,-80.284744
ATLAS_SIG_B_TOP100,CGS001-6541,SLC7A1,trt_sh.cgs,-61.87482
ATLAS_SIG_B_TOP100,CGS001-23657,SLC7A11,trt_sh.cgs,-74.36158
ATLAS_SIG_B_TOP100,CGS001-8140,SLC7A5,trt_sh.cgs,10.206814
ATLAS_SIG_B_TOP100,CGS001-11136,SLC7A9,trt_sh.cgs,14.845922
ATLAS_SIG_B_TOP100,CGS001-6548,SLC9A1,trt_sh.cgs,0.0
ATLAS_SIG_B_TOP100,CGS001-9748,SLK,trt_sh.cgs,42.267807
ATLAS_SIG_B_TOP100,CGS001-4086,SMAD1,trt_sh.cgs,3.2105262
ATLAS_SIG_B_TOP100,CGS001-4089,SMAD4,trt_sh.cgs,15.7088375
ATLAS_SIG_B_TOP100,CGS001-4090,SMAD5,trt_sh.cgs,0.0
ATLAS_SIG_B_TOP100,CGS001-4091,SMAD6,trt_sh.cgs,42.77689
ATLAS_SIG_B_TOP100,CGS001-4092,SMAD7,trt_sh.cgs,66.520996
ATLAS_SIG_B_TOP100,CGS001-6597,SMARCA4,trt_sh.cgs,-78.07979
ATLAS_SIG_B_TOP100,CGS001-8467,SMARCA5,trt_sh.cgs,-8.054815
ATLAS_SIG_B_TOP100,CGS001-56916,SMARCAD1,trt_sh.cgs,0.0
ATLAS_SIG_B_TOP100,CGS001-6599,SMARCC1,trt_sh.cgs,73.733116
ATLAS_SIG_B_TOP100,CGS001-6601,SMARCC2,trt_sh.cgs,-3.5789473
ATLAS_SIG_B_TOP100,CGS001-6603,SMARCD2,trt_sh.cgs,-6.894737
ATLAS_SIG_B_TOP100,CGS001-8243,SMC1A,trt_sh.cgs,-29.87809
ATLAS_SIG_B_TOP100,CGS001-9126,SMC3,trt_sh.cgs,-60.754658
ATLAS_SIG_B_TOP100,CGS001-10051,SMC4,trt_sh.cgs,-45.328217
ATLAS_SIG_B_TOP100,CGS001-9887,SMG7,trt_sh.cgs,13.105263
ATLAS_SIG_B_TOP100,CGS001-10285,SMNDC1,trt_sh.cgs,5.9210525
ATLAS_SIG_B_TOP100,CGS001-6608,SMO,trt_sh.cgs,-61.008522
ATLAS_SIG_B_TOP100,CGS001-64094,SMOC2,trt_sh.cgs,-13.449369
ATLAS_SIG_B_TOP100,CGS001-54498,SMOX,trt_sh.cgs,29.12054
ATLAS_SIG_B_TOP100,CGS001-6611,SMS,trt_sh.cgs,6.7894735
ATLAS_SIG_B_TOP100,CGS001-55234,SMU1,trt_sh.cgs,58.32084
ATLAS_SIG_B_TOP100,CGS001-57154,SMURF1,trt_sh.cgs,62.964783
ATLAS_SIG_B_TOP100,CGS001-64750,SMURF2,trt_sh.cgs,90.04817
ATLAS_SIG_B_TOP100,CGS001-64754,SMYD3,trt_sh.cgs,-13.343166
ATLAS_SIG_B_TOP100,CGS001-6591,SNAI2,trt_sh.cgs,27.681671
ATLAS_SIG_B_TOP100,CGS001-333929,SNAI3,trt_sh.cgs,-26.445417
ATLAS_SIG_B_TOP100,CGS001-6617,SNAPC1,trt_sh.cgs,31.795208
ATLAS_SIG_B_TOP100,CGS001-6621,SNAPC4,trt_sh.cgs,-63.73236
ATLAS_SIG_B_TOP100,CGS001-6622,SNCA,trt_sh.cgs,19.391462
ATLAS_SIG_B_TOP100,CGS001-11267,SNF8,trt_sh.cgs,47.21027
ATLAS_SIG_B_TOP100,CGS001-54861,SNRK,trt_sh.cgs,30.696125
ATLAS_SIG_B_TOP100,CGS001-6626,SNRPA,trt_sh.cgs,1.1842105
ATLAS_SIG_B_TOP100,CGS001-6632,SNRPD1,trt_sh.cgs,22.167318
ATLAS_SIG_B_TOP100,CGS001-22938,SNW1,trt_sh.cgs,3.9736843
ATLAS_SIG_B_TOP100,CGS001-29916,SNX11,trt_sh.cgs,46.852222
ATLAS_SIG_B_TOP100,CGS001-23161,SNX13,trt_sh.cgs,-64.25218
ATLAS_SIG_B_TOP100,CGS001-9784,SNX17,trt_sh.cgs,0.0
ATLAS_SIG_B_TOP100,CGS001-6643,SNX2,trt_sh.cgs,-28.456093
ATLAS_SIG_B_TOP100,CGS001-58533,SNX6,trt_sh.cgs,-5.5649257
ATLAS_SIG_B_TOP100,CGS001-51375,SNX7,trt_sh.cgs,0.0
ATLAS_SIG_B_TOP100,CGS001-6646,SOAT1,trt_sh.cgs,21.277605
ATLAS_SIG_B_TOP100,CGS001-8435,SOAT2,trt_sh.cgs,52.45724
ATLAS_SIG_B_TOP100,CGS001-8651,SOCS1,trt_sh.cgs,-60.963203
ATLAS_SIG_B_TOP100,CGS001-8835,SOCS2,trt_sh.cgs,-76.67232
ATLAS_SIG_B_TOP100,CGS001-122809,SOCS4,trt_sh.cgs,-65.73706
ATLAS_SIG_B_TOP100,CGS001-9655,SOCS5,trt_sh.cgs,-10.467417
ATLAS_SIG_B_TOP100,CGS001-10174,SORBS3,trt_sh.cgs,54.099533
ATLAS_SIG_B_TOP100,CGS001-6272,SORT1,trt_sh.cgs,0.0
ATLAS_SIG_B_TOP100,CGS001-6654,SOS1,trt_sh.cgs,0.0
ATLAS_SIG_B_TOP100,CGS001-6655,SOS2,trt_sh.cgs,41.7278
ATLAS_SIG_B_TOP100,CGS001-6663,SOX10,trt_sh.cgs,15.587685
ATLAS_SIG_B_TOP100,CGS001-6664,SOX11,trt_sh.cgs,-13.376438
ATLAS_SIG_B_TOP100,CGS001-6657,SOX2,trt_sh.cgs,38.191692
ATLAS_SIG_B_TOP100,CGS001-6658,SOX3,trt_sh.cgs,12.398593
ATLAS_SIG_B_TOP100,CGS001-6659,SOX4,trt_sh.cgs,-57.711193
ATLAS_SIG_B_TOP100,CGS001-6660,SOX5,trt_sh.cgs,-41.120865
ATLAS_SIG_B_TOP100,CGS001-6672,SP100,trt_sh.cgs,-3.131579
ATLAS_SIG_B_TOP100,CGS001-3431,SP110,trt_sh.cgs,59.082138
ATLAS_SIG_B_TOP100,CGS001-11262,SP140,trt_sh.cgs,14.340559
ATLAS_SIG_B_TOP100,CGS001-93349,SP140L,trt_sh.cgs,28.294483
ATLAS_SIG_B_TOP100,CGS001-6670,SP3,trt_sh.cgs,87.298256
ATLAS_SIG_B_TOP100,CGS001-53340,SPA17,trt_sh.cgs,12.263158
ATLAS_SIG_B_TOP100,CGS001-6676,SPAG4,trt_sh.cgs,25.914759
ATLAS_SIG_B_TOP100,CGS001-9552,SPAG7,trt_sh.cgs,66.00387
ATLAS_SIG_B_TOP100,CGS001-6678,SPARC,trt_sh.cgs,-50.485374
ATLAS_SIG_B_TOP100,CGS001-25803,SPDEF,trt_sh.cgs,1.3503175
ATLAS_SIG_B_TOP100,CGS001-23384,SPECC1L,trt_sh.cgs,19.455734
ATLAS_SIG_B_TOP100,CGS001-23013,SPEN,trt_sh.cgs,-19.077133
ATLAS_SIG_B_TOP100,CGS001-56848,SPHK2,trt_sh.cgs,-77.92616
ATLAS_SIG_B_TOP100,CGS001-121599,SPIC,trt_sh.cgs,25.140203
ATLAS_SIG_B_TOP100,CGS001-6697,SPR,trt_sh.cgs,15.310475
ATLAS_SIG_B_TOP100,CGS001-200734,SPRED2,trt_sh.cgs,-73.874245
ATLAS_SIG_B_TOP100,CGS001-10252,SPRY1,trt_sh.cgs,-2.5263157
ATLAS_SIG_B_TOP100,CGS001-81848,SPRY4,trt_sh.cgs,-39.92592
ATLAS_SIG_B_TOP100,CGS001-6709,SPTAN1,trt_sh.cgs,-10.474392
ATLAS_SIG_B_TOP100,CGS001-10558,SPTLC1,trt_sh.cgs,46.14237
ATLAS_SIG_B_TOP100,CGS001-9517,SPTLC2,trt_sh.cgs,53.25315
ATLAS_SIG_B_TOP100,CGS001-58472,SQRDL,trt_sh.cgs,-3.5526316
ATLAS_SIG_B_TOP100,CGS001-8878,SQSTM1,trt_sh.cgs,69.26081
ATLAS_SIG_B_TOP100,CGS001-6714,SRC,trt_sh.cgs,34.451954
ATLAS_SIG_B_TOP100,CGS001-6715,SRD5A1,trt_sh.cgs,4.76781
ATLAS_SIG_B_TOP100,CGS001-6720,SREBF1,trt_sh.cgs,-82.797966
ATLAS_SIG_B_TOP100,CGS001-6721,SREBF2,trt_sh.cgs,33.278522
ATLAS_SIG_B_TOP100,CGS001-6722,SRF,trt_sh.cgs,-24.044636
ATLAS_SIG_B_TOP100,CGS001-23380,SRGAP2,trt_sh.cgs,-62.889236
ATLAS_SIG_B_TOP100,CGS001-6723,SRM,trt_sh.cgs,51.261223
ATLAS_SIG_B_TOP100,CGS001-6727,SRP14,trt_sh.cgs,8.578947
ATLAS_SIG_B_TOP100,CGS001-6732,SRPK1,trt_sh.cgs,-25.198439
ATLAS_SIG_B_TOP100,CGS001-58477,SRPRB,trt_sh.cgs,-3.2631578
ATLAS_SIG_B_TOP100,CGS001-10250,SRRM1,trt_sh.cgs,-3.5526316
ATLAS_SIG_B_TOP100,CGS001-51593,SRRT,trt_sh.cgs,16.656948
ATLAS_SIG_B_TOP100,CGS001-6427,SRSF2,trt_sh.cgs,5.329555
ATLAS_SIG_B_TOP100,CGS001-6428,SRSF3,trt_sh.cgs,78.11232
ATLAS_SIG_B_TOP100,CGS001-6429,SRSF4,trt_sh.cgs,83.36482
ATLAS_SIG_B_TOP100,CGS001-10929,SRSF8,trt_sh.cgs,-52.623684
ATLAS_SIG_B_TOP100,CGS001-26039,SS18L1,trt_sh.cgs,-38.8052
ATLAS_SIG_B_TOP100,CGS001-6741,SSB,trt_sh.cgs,41.130295
ATLAS_SIG_B_TOP100,CGS001-23635,SSBP2,trt_sh.cgs,15.438786
ATLAS_SIG_B_TOP100,CGS001-170463,SSBP4,trt_sh.cgs,0.0
ATLAS_SIG_B_TOP100,CGS001-6757,SSX2,trt_sh.cgs,-56.03089
ATLAS_SIG_B_TOP100,CGS001-8869,ST3GAL5,trt_sh.cgs,-2.487886
ATLAS_SIG_B_TOP100,CGS001-10610,ST6GALNAC2,trt_sh.cgs,-72.762535
ATLAS_SIG_B_TOP100,CGS001-7982,ST7,trt_sh.cgs,3.4210527
ATLAS_SIG_B_TOP100,CGS001-8027,STAM,trt_sh.cgs,25.607382
ATLAS_SIG_B_TOP100,CGS001-10254,STAM2,trt_sh.cgs,90.85953
ATLAS_SIG_B_TOP100,CGS001-10617,STAMBP,trt_sh.cgs,0.0
ATLAS_SIG_B_TOP100,CGS001-55620,STAP2,trt_sh.cgs,0.0
ATLAS_SIG_B_TOP100,CGS001-6773,STAT2,trt_sh.cgs,-49.59978
ATLAS_SIG_B_TOP100,CGS001-6774,STAT3,trt_sh.cgs,-56.750164
ATLAS_SIG_B_TOP100,CGS001-6775,STAT4,trt_sh.cgs,-97.08076
ATLAS_SIG_B_TOP100,CGS001-6776,STAT5A,trt_sh.cgs,38.31707
ATLAS_SIG_B_TOP100,CGS001-6777,STAT5B,trt_sh.cgs,58.522316
ATLAS_SIG_B_TOP100,CGS001-6778,STAT6,trt_sh.cgs,-22.267519
ATLAS_SIG_B_TOP100,CGS001-6491,STIL,trt_sh.cgs,3.3252602
ATLAS_SIG_B_TOP100,CGS001-6793,STK10,trt_sh.cgs,-34.110004
ATLAS_SIG_B_TOP100,CGS001-6794,STK11,trt_sh.cgs,-10.157895
ATLAS_SIG_B_TOP100,CGS001-8576,STK16,trt_sh.cgs,14.731295
ATLAS_SIG_B_TOP100,CGS001-9263,STK17A,trt_sh.cgs,-31.607355
ATLAS_SIG_B_TOP100,CGS001-8859,STK19,trt_sh.cgs,-82.734116
ATLAS_SIG_B_TOP100,CGS001-10494,STK25,trt_sh.cgs,33.007706
ATLAS_SIG_B_TOP100,CGS001-6788,STK3,trt_sh.cgs,3.131579
ATLAS_SIG_B_TOP100,CGS001-65975,STK33,trt_sh.cgs,0.0
ATLAS_SIG_B_TOP100,CGS001-27148,STK36,trt_sh.cgs,13.217591
ATLAS_SIG_B_TOP100,CGS001-11329,STK38,trt_sh.cgs,25.29041
ATLAS_SIG_B_TOP100,CGS001-27347,STK39,trt_sh.cgs,37.123535
ATLAS_SIG_B_TOP100,CGS001-3925,STMN1,trt_sh.cgs,13.689953
ATLAS_SIG_B_TOP100,CGS001-55437,STRADB,trt_sh.cgs,-27.456993
ATLAS_SIG_B_TOP100,CGS001-10273,STUB1,trt_sh.cgs,82.2352
ATLAS_SIG_B_TOP100,CGS001-6804,STX1A,trt_sh.cgs,29.295486
ATLAS_SIG_B_TOP100,CGS001-6810,STX4,trt_sh.cgs,1.7368422
ATLAS_SIG_B_TOP100,CGS001-6812,STXBP1,trt_sh.cgs,-96.92782
ATLAS_SIG_B_TOP100,CGS001-6813,STXBP2,trt_sh.cgs,-50.053177
ATLAS_SIG_B_TOP100,CGS001-10923,SUB1,trt_sh.cgs,-3.9210527
ATLAS_SIG_B_TOP100,CGS001-8803,SUCLA2,trt_sh.cgs,0.0
ATLAS_SIG_B_TOP100,CGS001-8802,SUCLG1,trt_sh.cgs,-54.37903
ATLAS_SIG_B_TOP100,CGS001-8801,SUCLG2,trt_sh.cgs,48.405655
ATLAS_SIG_B_TOP100,CGS001-56670,SUCNR1,trt_sh.cgs,0.0
ATLAS_SIG_B_TOP100,CGS001-51684,SUFU,trt_sh.cgs,0.0
ATLAS_SIG_B_TOP100,CGS001-6817,SULT1A1,trt_sh.cgs,-80.88319
ATLAS_SIG_B_TOP100,CGS001-6799,SULT1A2,trt_sh.cgs,0.0
ATLAS_SIG_B_TOP100,CGS001-6818,SULT1A3,trt_sh.cgs,24.73154
ATLAS_SIG_B_TOP100,CGS001-6820,SULT2B1,trt_sh.cgs,20.18652
ATLAS_SIG_B_TOP100,CGS001-6821,SUOX,trt_sh.cgs,-67.70522
ATLAS_SIG_B_TOP100,CGS001-11198,SUPT16H,trt_sh.cgs,28.277143
ATLAS_SIG_B_TOP100,CGS001-6829,SUPT5H,trt_sh.cgs,25.823631
ATLAS_SIG_B_TOP100,CGS001-6832,SUPV3L1,trt_sh.cgs,-2.0
ATLAS_SIG_B_TOP100,CGS001-23512,SUZ12,trt_sh.cgs,48.1878
ATLAS_SIG_B_TOP100,CGS001-9900,SV2A,trt_sh.cgs,82.743774
ATLAS_SIG_B_TOP100,CGS001-23075,SWAP70,trt_sh.cgs,45.904774
ATLAS_SIG_B_TOP100,CGS001-25949,SYF2,trt_sh.cgs,43.04383
ATLAS_SIG_B_TOP100,CGS001-23224,SYNE2,trt_sh.cgs,11.406518
ATLAS_SIG_B_TOP100,CGS001-9143,SYNGR3,trt_sh.cgs,-40.418106
ATLAS_SIG_B_TOP100,CGS001-6856,SYPL1,trt_sh.cgs,0.0
ATLAS_SIG_B_TOP100,CGS001-134864,TAAR1,trt_sh.cgs,-83.22115
ATLAS_SIG_B_TOP100,CGS001-319100,TAAR6,trt_sh.cgs,-12.152972
ATLAS_SIG_B_TOP100,CGS001-83551,TAAR8,trt_sh.cgs,-35.91456
ATLAS_SIG_B_TOP100,CGS001-23118,TAB2,trt_sh.cgs,23.877794
ATLAS_SIG_B_TOP100,CGS001-257397,TAB3,trt_sh.cgs,46.43348
ATLAS_SIG_B_TOP100,CGS001-10460,TACC3,trt_sh.cgs,14.420165
ATLAS_SIG_B_TOP100,CGS001-6871,TADA2A,trt_sh.cgs,24.595226
ATLAS_SIG_B_TOP100,CGS001-10474,TADA3,trt_sh.cgs,-56.49032
ATLAS_SIG_B_TOP100,CGS001-6883,TAF12,trt_sh.cgs,5.9736843
ATLAS_SIG_B_TOP100,CGS001-6884,TAF13,trt_sh.cgs,-59.943344
ATLAS_SIG_B_TOP100,CGS001-8148,TAF15,trt_sh.cgs,-16.001661
ATLAS_SIG_B_TOP100,CGS001-27097,TAF5L,trt_sh.cgs,-70.734665
ATLAS_SIG_B_TOP100,CGS001-129685,TAF8,trt_sh.cgs,49.68562
ATLAS_SIG_B_TOP100,CGS001-117289,TAGAP,trt_sh.cgs,64.415985
ATLAS_SIG_B_TOP100,CGS001-6886,TAL1,trt_sh.cgs,-66.177444
ATLAS_SIG_B_TOP100,CGS001-6887,TAL2,trt_sh.cgs,-43.44992
ATLAS_SIG_B_TOP100,CGS001-10010,TANK,trt_sh.cgs,-4.9586926
ATLAS_SIG_B_TOP100,CGS001-9344,TAOK2,trt_sh.cgs,-4.852714
ATLAS_SIG_B_TOP100,CGS001-51347,TAOK3,trt_sh.cgs,81.81273
ATLAS_SIG_B_TOP100,CGS001-6890,TAP1,trt_sh.cgs,-62.039417
ATLAS_SIG_B_TOP100,CGS001-6894,TARBP1,trt_sh.cgs,-93.06718
ATLAS_SIG_B_TOP100,CGS001-6895,TARBP2,trt_sh.cgs,34.463425
ATLAS_SIG_B_TOP100,CGS001-23435,TARDBP,trt_sh.cgs,-35.119858
ATLAS_SIG_B_TOP100,CGS001-6897,TARS,trt_sh.cgs,21.468172
ATLAS_SIG_B_TOP100,CGS001-55617,TASP1,trt_sh.cgs,8.55222
ATLAS_SIG_B_TOP100,CGS001-9797,TATDN2,trt_sh.cgs,58.125725
ATLAS_SIG_B_TOP100,CGS001-64786,TBC1D15,trt_sh.cgs,90.20852
ATLAS_SIG_B_TOP100,CGS001-23102,TBC1D2B,trt_sh.cgs,11.114302
ATLAS_SIG_B_TOP100,CGS001-23061,TBC1D9B,trt_sh.cgs,62.889618
ATLAS_SIG_B_TOP100,CGS001-1155,TBCB,trt_sh.cgs,3.8947368
ATLAS_SIG_B_TOP100,CGS001-29110,TBK1,trt_sh.cgs,1.917441
ATLAS_SIG_B_TOP100,CGS001-10607,TBL3,trt_sh.cgs,8.621855
ATLAS_SIG_B_TOP100,CGS001-6908,TBP,trt_sh.cgs,-49.29529
ATLAS_SIG_B_TOP100,CGS001-9519,TBPL1,trt_sh.cgs,77.16884
ATLAS_SIG_B_TOP100,CGS001-6909,TBX2,trt_sh.cgs,0.0
ATLAS_SIG_B_TOP100,CGS001-57057,TBX20,trt_sh.cgs,8.706686
ATLAS_SIG_B_TOP100,CGS001-6926,TBX3,trt_sh.cgs,-43.15233
ATLAS_SIG_B_TOP100,CGS001-6915,TBXA2R,trt_sh.cgs,44.313416
ATLAS_SIG_B_TOP100,CGS001-6917,TCEA1,trt_sh.cgs,-38.74502
ATLAS_SIG_B_TOP100,CGS001-6919,TCEA2,trt_sh.cgs,38.477196
ATLAS_SIG_B_TOP100,CGS001-79921,TCEAL4,trt_sh.cgs,8.332531
ATLAS_SIG_B_TOP100,CGS001-6924,TCEB3,trt_sh.cgs,0.51655096
ATLAS_SIG_B_TOP100,CGS001-162699,TCEB3C,trt_sh.cgs,0.0
ATLAS_SIG_B_TOP100,CGS001-10915,TCERG1,trt_sh.cgs,58.4149
ATLAS_SIG_B_TOP100,CGS001-6938,TCF12,trt_sh.cgs,-74.45546
ATLAS_SIG_B_TOP100,CGS001-6929,TCF3,trt_sh.cgs,20.378483
ATLAS_SIG_B_TOP100,CGS001-6925,TCF4,trt_sh.cgs,-84.4503
ATLAS_SIG_B_TOP100,CGS001-6932,TCF7,trt_sh.cgs,46.98301
ATLAS_SIG_B_TOP100,CGS001-83439,TCF7L1,trt_sh.cgs,-76.43663
ATLAS_SIG_B_TOP100,CGS001-6934,TCF7L2,trt_sh.cgs,-20.283283
ATLAS_SIG_B_TOP100,CGS001-10732,TCFL5,trt_sh.cgs,19.653778
ATLAS_SIG_B_TOP100,CGS001-10312,TCIRG1,trt_sh.cgs,87.29765
ATLAS_SIG_B_TOP100,CGS001-6988,TCTA,trt_sh.cgs,2.6993082
ATLAS_SIG_B_TOP100,CGS001-79600,TCTN1,trt_sh.cgs,-70.51861
ATLAS_SIG_B_TOP100,CGS001-81550,TDRD3,trt_sh.cgs,35.46748
ATLAS_SIG_B_TOP100,CGS001-122402,TDRD9,trt_sh.cgs,-19.95118
ATLAS_SIG_B_TOP100,CGS001-7003,TEAD1,trt_sh.cgs,47.52707
ATLAS_SIG_B_TOP100,CGS001-8463,TEAD2,trt_sh.cgs,0.0
ATLAS_SIG_B_TOP100,CGS001-7004,TEAD4,trt_sh.cgs,-88.44266
ATLAS_SIG_B_TOP100,CGS001-7010,TEK,trt_sh.cgs,67.930084
ATLAS_SIG_B_TOP100,CGS001-7013,TERF1,trt_sh.cgs,51.453773
ATLAS_SIG_B_TOP100,CGS001-54386,TERF2IP,trt_sh.cgs,-70.71929
ATLAS_SIG_B_TOP100,CGS001-26136,TES,trt_sh.cgs,-12.965511
ATLAS_SIG_B_TOP100,CGS001-7016,TESK1,trt_sh.cgs,-35.36252
ATLAS_SIG_B_TOP100,CGS001-54881,TEX10,trt_sh.cgs,-77.76723
ATLAS_SIG_B_TOP100,CGS001-7018,TF,trt_sh.cgs,65.32393
ATLAS_SIG_B_TOP100,CGS001-7020,TFAP2A,trt_sh.cgs,-3.7436566
ATLAS_SIG_B_TOP100,CGS001-7023,TFAP4,trt_sh.cgs,-69.27102
ATLAS_SIG_B_TOP100,CGS001-7024,TFCP2,trt_sh.cgs,22.763924
ATLAS_SIG_B_TOP100,CGS001-7027,TFDP1,trt_sh.cgs,-80.24675
ATLAS_SIG_B_TOP100,CGS001-7030,TFE3,trt_sh.cgs,-1.0263158
ATLAS_SIG_B_TOP100,CGS001-7031,TFF1,trt_sh.cgs,34.20479
ATLAS_SIG_B_TOP100,CGS001-7032,TFF2,trt_sh.cgs,-47.575832
ATLAS_SIG_B_TOP100,CGS001-10342,TFG,trt_sh.cgs,75.278885
ATLAS_SIG_B_TOP100,CGS001-7035,TFPI,trt_sh.cgs,41.012268
ATLAS_SIG_B_TOP100,CGS001-7037,TFRC,trt_sh.cgs,73.396
ATLAS_SIG_B_TOP100,CGS001-23483,TGDS,trt_sh.cgs,46.687916
ATLAS_SIG_B_TOP100,CGS001-7039,TGFA,trt_sh.cgs,0.0
ATLAS_SIG_B_TOP100,CGS001-7040,TGFB1,trt_sh.cgs,-8.508781
ATLAS_SIG_B_TOP100,CGS001-7046,TGFBR1,trt_sh.cgs,0.0
ATLAS_SIG_B_TOP100,CGS001-7048,TGFBR2,trt_sh.cgs,8.798028
ATLAS_SIG_B_TOP100,CGS001-90655,TGIF2LY,trt_sh.cgs,-53.31144
ATLAS_SIG_B_TOP100,CGS001-7052,TGM2,trt_sh.cgs,-55.607784
ATLAS_SIG_B_TOP100,CGS001-7054,TH,trt_sh.cgs,27.231821
ATLAS_SIG_B_TOP100,CGS001-63892,THADA,trt_sh.cgs,20.625103
ATLAS_SIG_B_TOP100,CGS001-57215,THAP11,trt_sh.cgs,14.112419
ATLAS_SIG_B_TOP100,CGS001-7056,THBD,trt_sh.cgs,74.32023
ATLAS_SIG_B_TOP100,CGS001-7057,THBS1,trt_sh.cgs,-0.65789473
ATLAS_SIG_B_TOP100,CGS001-7074,TIAM1,trt_sh.cgs,97.937325
ATLAS_SIG_B_TOP100,CGS001-8914,TIMELESS,trt_sh.cgs,4.7105265
ATLAS_SIG_B_TOP100,CGS001-10245,TIMM17B,trt_sh.cgs,4.5789475
ATLAS_SIG_B_TOP100,CGS001-29928,TIMM22,trt_sh.cgs,-6.346653
ATLAS_SIG_B_TOP100,CGS001-92609,TIMM50,trt_sh.cgs,-28.196367
ATLAS_SIG_B_TOP100,CGS001-26520,TIMM9,trt_sh.cgs,-2.9345455
ATLAS_SIG_B_TOP100,CGS001-7076,TIMP1,trt_sh.cgs,44.61352
ATLAS_SIG_B_TOP100,CGS001-7077,TIMP2,trt_sh.cgs,0.0
ATLAS_SIG_B_TOP100,CGS001-7078,TIMP3,trt_sh.cgs,47.58413
ATLAS_SIG_B_TOP100,CGS001-7079,TIMP4,trt_sh.cgs,50.36213
ATLAS_SIG_B_TOP100,CGS001-26277,TINF2,trt_sh.cgs,-17.968807
ATLAS_SIG_B_TOP100,CGS001-25976,TIPARP,trt_sh.cgs,69.75213
ATLAS_SIG_B_TOP100,CGS001-114609,TIRAP,trt_sh.cgs,-7.9210525
ATLAS_SIG_B_TOP100,CGS001-7082,TJP1,trt_sh.cgs,41.85189
ATLAS_SIG_B_TOP100,CGS001-7086,TKT,trt_sh.cgs,-6.5263157
ATLAS_SIG_B_TOP100,CGS001-7088,TLE1,trt_sh.cgs,50.21833
ATLAS_SIG_B_TOP100,CGS001-7089,TLE2,trt_sh.cgs,19.34193
ATLAS_SIG_B_TOP100,CGS001-7090,TLE3,trt_sh.cgs,67.58783
ATLAS_SIG_B_TOP100,CGS001-11011,TLK2,trt_sh.cgs,-84.41202
ATLAS_SIG_B_TOP100,CGS001-7097,TLR2,trt_sh.cgs,-6.6336064
ATLAS_SIG_B_TOP100,CGS001-7099,TLR4,trt_sh.cgs,30.81784
ATLAS_SIG_B_TOP100,CGS001-51284,TLR7,trt_sh.cgs,66.38048
ATLAS_SIG_B_TOP100,CGS001-51311,TLR8,trt_sh.cgs,3.582879
ATLAS_SIG_B_TOP100,CGS001-7108,TM7SF2,trt_sh.cgs,21.764406
ATLAS_SIG_B_TOP100,CGS001-9375,TM9SF2,trt_sh.cgs,50.16899
ATLAS_SIG_B_TOP100,CGS001-56889,TM9SF3,trt_sh.cgs,0.0
ATLAS_SIG_B_TOP100,CGS001-54499,TMCO1,trt_sh.cgs,-2.3947368
ATLAS_SIG_B_TOP100,CGS001-10972,TMED10,trt_sh.cgs,51.074448
ATLAS_SIG_B_TOP100,CGS001-51014,TMED7,trt_sh.cgs,-89.54574
ATLAS_SIG_B_TOP100,CGS001-54732,TMED9,trt_sh.cgs,-34.401203
ATLAS_SIG_B_TOP100,CGS001-79073,TMEM109,trt_sh.cgs,19.066898
ATLAS_SIG_B_TOP100,CGS001-8834,TMEM11,trt_sh.cgs,52.12461
ATLAS_SIG_B_TOP100,CGS001-375346,TMEM110,trt_sh.cgs,16.27497
ATLAS_SIG_B_TOP100,CGS001-55654,TMEM127,trt_sh.cgs,0.0
ATLAS_SIG_B_TOP100,CGS001-201799,TMEM154,trt_sh.cgs,-21.185318
ATLAS_SIG_B_TOP100,CGS001-23670,TMEM2,trt_sh.cgs,25.613811
ATLAS_SIG_B_TOP100,CGS001-10329,TMEM5,trt_sh.cgs,0.0
ATLAS_SIG_B_TOP100,CGS001-23585,TMEM50A,trt_sh.cgs,-14.821409
ATLAS_SIG_B_TOP100,CGS001-27346,TMEM97,trt_sh.cgs,86.353745
ATLAS_SIG_B_TOP100,CGS001-7124,TNF,trt_sh.cgs,-65.50444
ATLAS_SIG_B_TOP100,CGS001-7126,TNFAIP1,trt_sh.cgs,17.041283
ATLAS_SIG_B_TOP100,CGS001-7128,TNFAIP3,trt_sh.cgs,33.51614
ATLAS_SIG_B_TOP100,CGS001-8797,TNFRSF10A,trt_sh.cgs,-92.81995
ATLAS_SIG_B_TOP100,CGS001-8795,TNFRSF10B,trt_sh.cgs,3.9210527
ATLAS_SIG_B_TOP100,CGS001-8792,TNFRSF11A,trt_sh.cgs,16.131578
ATLAS_SIG_B_TOP100,CGS001-115650,TNFRSF13C,trt_sh.cgs,6.238228
ATLAS_SIG_B_TOP100,CGS001-8764,TNFRSF14,trt_sh.cgs,12.96773
ATLAS_SIG_B_TOP100,CGS001-8784,TNFRSF18,trt_sh.cgs,29.793465
ATLAS_SIG_B_TOP100,CGS001-55504,TNFRSF19,trt_sh.cgs,-44.864742
ATLAS_SIG_B_TOP100,CGS001-7132,TNFRSF1A,trt_sh.cgs,-67.87768
ATLAS_SIG_B_TOP100,CGS001-27242,TNFRSF21,trt_sh.cgs,29.19904
ATLAS_SIG_B_TOP100,CGS001-8771,TNFRSF6B,trt_sh.cgs,-38.76039
ATLAS_SIG_B_TOP100,CGS001-8743,TNFSF10,trt_sh.cgs,-73.17258
ATLAS_SIG_B_TOP100,CGS001-8741,TNFSF13,trt_sh.cgs,19.201597
ATLAS_SIG_B_TOP100,CGS001-9966,TNFSF15,trt_sh.cgs,5.341245
ATLAS_SIG_B_TOP100,CGS001-7292,TNFSF4,trt_sh.cgs,23.092789
ATLAS_SIG_B_TOP100,CGS001-944,TNFSF8,trt_sh.cgs,-30.934574
ATLAS_SIG_B_TOP100,CGS001-23043,TNIK,trt_sh.cgs,7.3421054
ATLAS_SIG_B_TOP100,CGS001-10318,TNIP1,trt_sh.cgs,3.7894738
ATLAS_SIG_B_TOP100,CGS001-80351,TNKS2,trt_sh.cgs,-83.34097
ATLAS_SIG_B_TOP100,CGS001-23534,TNPO3,trt_sh.cgs,-53.96095
ATLAS_SIG_B_TOP100,CGS001-54472,TOLLIP,trt_sh.cgs,61.40325
ATLAS_SIG_B_TOP100,CGS001-56993,TOMM22,trt_sh.cgs,31.761988
ATLAS_SIG_B_TOP100,CGS001-10953,TOMM34,trt_sh.cgs,39.85
ATLAS_SIG_B_TOP100,CGS001-10452,TOMM40,trt_sh.cgs,52.889725
ATLAS_SIG_B_TOP100,CGS001-9868,TOMM70A,trt_sh.cgs,22.433918
ATLAS_SIG_B_TOP100,CGS001-7150,TOP1,trt_sh.cgs,81.66757
ATLAS_SIG_B_TOP100,CGS001-7153,TOP2A,trt_sh.cgs,-52.45516
ATLAS_SIG_B_TOP100,CGS001-11073,TOPBP1,trt_sh.cgs,-28.373665
ATLAS_SIG_B_TOP100,CGS001-1861,TOR1A,trt_sh.cgs,0.9736842
ATLAS_SIG_B_TOP100,CGS001-84969,TOX2,trt_sh.cgs,17.965427
ATLAS_SIG_B_TOP100,CGS001-7157,TP53,trt_sh.cgs,0.0
ATLAS_SIG_B_TOP100,CGS001-7158,TP53BP1,trt_sh.cgs,-27.213764
ATLAS_SIG_B_TOP100,CGS001-7159,TP53BP2,trt_sh.cgs,21.064192
ATLAS_SIG_B_TOP100,CGS001-112858,TP53RK,trt_sh.cgs,2.5
ATLAS_SIG_B_TOP100,CGS001-11257,TP53TG1,trt_sh.cgs,0.0
ATLAS_SIG_B_TOP100,CGS001-7165,TPD52L2,trt_sh.cgs,16.190475
ATLAS_SIG_B_TOP100,CGS001-7168,TPM1,trt_sh.cgs,-49.129837
ATLAS_SIG_B_TOP100,CGS001-7172,TPMT,trt_sh.cgs,-42.66388
ATLAS_SIG_B_TOP100,CGS001-7175,TPR,trt_sh.cgs,-2.2954073
ATLAS_SIG_B_TOP100,CGS001-51002,TPRKB,trt_sh.cgs,-76.373024
ATLAS_SIG_B_TOP100,CGS001-6434,TRA2B,trt_sh.cgs,-62.517315
ATLAS_SIG_B_TOP100,CGS001-8717,TRADD,trt_sh.cgs,-60.59639
ATLAS_SIG_B_TOP100,CGS001-7185,TRAF1,trt_sh.cgs,73.619316
ATLAS_SIG_B_TOP100,CGS001-7186,TRAF2,trt_sh.cgs,-38.94212
ATLAS_SIG_B_TOP100,CGS001-7187,TRAF3,trt_sh.cgs,2.2894738
ATLAS_SIG_B_TOP100,CGS001-9618,TRAF4,trt_sh.cgs,-16.445518
ATLAS_SIG_B_TOP100,CGS001-7188,TRAF5,trt_sh.cgs,34.837627
ATLAS_SIG_B_TOP100,CGS001-7189,TRAF6,trt_sh.cgs,-69.472626
ATLAS_SIG_B_TOP100,CGS001-84231,TRAF7,trt_sh.cgs,36.514374
ATLAS_SIG_B_TOP100,CGS001-10906,TRAFD1,trt_sh.cgs,42.72997
ATLAS_SIG_B_TOP100,CGS001-66008,TRAK2,trt_sh.cgs,25.187412
ATLAS_SIG_B_TOP100,CGS001-9697,TRAM2,trt_sh.cgs,17.389862
ATLAS_SIG_B_TOP100,CGS001-10131,TRAP1,trt_sh.cgs,0.0
ATLAS_SIG_B_TOP100,CGS001-27095,TRAPPC3,trt_sh.cgs,8.489361
ATLAS_SIG_B_TOP100,CGS001-79090,TRAPPC6A,trt_sh.cgs,35.8298
ATLAS_SIG_B_TOP100,CGS001-10221,TRIB1,trt_sh.cgs,-16.9855
ATLAS_SIG_B_TOP100,CGS001-57761,TRIB3,trt_sh.cgs,27.335508
ATLAS_SIG_B_TOP100,CGS001-10206,TRIM13,trt_sh.cgs,20.359066
ATLAS_SIG_B_TOP100,CGS001-10626,TRIM16,trt_sh.cgs,-34.76027
ATLAS_SIG_B_TOP100,CGS001-23321,TRIM2,trt_sh.cgs,42.69571
ATLAS_SIG_B_TOP100,CGS001-8805,TRIM24,trt_sh.cgs,0.0
ATLAS_SIG_B_TOP100,CGS001-5987,TRIM27,trt_sh.cgs,24.804695
ATLAS_SIG_B_TOP100,CGS001-23650,TRIM29,trt_sh.cgs,51.13051
ATLAS_SIG_B_TOP100,CGS001-22954,TRIM32,trt_sh.cgs,25.444021
ATLAS_SIG_B_TOP100,CGS001-10475,TRIM38,trt_sh.cgs,0.0
ATLAS_SIG_B_TOP100,CGS001-7204,TRIO,trt_sh.cgs,2.763513
ATLAS_SIG_B_TOP100,CGS001-9322,TRIP10,trt_sh.cgs,61.677807
ATLAS_SIG_B_TOP100,CGS001-9319,TRIP13,trt_sh.cgs,0.0
ATLAS_SIG_B_TOP100,CGS001-7226,TRPM2,trt_sh.cgs,53.332527
ATLAS_SIG_B_TOP100,CGS001-29850,TRPM5,trt_sh.cgs,23.157646
ATLAS_SIG_B_TOP100,CGS001-7227,TRPS1,trt_sh.cgs,63.92359
ATLAS_SIG_B_TOP100,CGS001-8295,TRRAP,trt_sh.cgs,46.676193
ATLAS_SIG_B_TOP100,CGS001-7249,TSC2,trt_sh.cgs,-1.1578947
ATLAS_SIG_B_TOP100,CGS001-8848,TSC22D1,trt_sh.cgs,37.72387
ATLAS_SIG_B_TOP100,CGS001-1831,TSC22D3,trt_sh.cgs,84.53658
ATLAS_SIG_B_TOP100,CGS001-80746,TSEN2,trt_sh.cgs,-9.815789
ATLAS_SIG_B_TOP100,CGS001-7251,TSG101,trt_sh.cgs,48.51201
ATLAS_SIG_B_TOP100,CGS001-57616,TSHZ3,trt_sh.cgs,71.577545
ATLAS_SIG_B_TOP100,CGS001-25987,TSKU,trt_sh.cgs,-20.157719
ATLAS_SIG_B_TOP100,CGS001-7247,TSN,trt_sh.cgs,28.571955
ATLAS_SIG_B_TOP100,CGS001-10099,TSPAN3,trt_sh.cgs,-26.382038
ATLAS_SIG_B_TOP100,CGS001-7106,TSPAN4,trt_sh.cgs,6.3981757
ATLAS_SIG_B_TOP100,CGS001-7105,TSPAN6,trt_sh.cgs,19.510548
ATLAS_SIG_B_TOP100,CGS001-7103,TSPAN8,trt_sh.cgs,77.33678
ATLAS_SIG_B_TOP100,CGS001-10078,TSSC4,trt_sh.cgs,19.449348
ATLAS_SIG_B_TOP100,CGS001-7263,TST,trt_sh.cgs,29.56485
ATLAS_SIG_B_TOP100,CGS001-7264,TSTA3,trt_sh.cgs,32.393322
ATLAS_SIG_B_TOP100,CGS001-7270,TTF1,trt_sh.cgs,23.820251
ATLAS_SIG_B_TOP100,CGS001-7272,TTK,trt_sh.cgs,25.00786
ATLAS_SIG_B_TOP100,CGS001-7276,TTR,trt_sh.cgs,38.479683
ATLAS_SIG_B_TOP100,CGS001-7846,TUBA1A,trt_sh.cgs,2.5821333
ATLAS_SIG_B_TOP100,CGS001-10383,TUBB2C,trt_sh.cgs,58.001747
ATLAS_SIG_B_TOP100,CGS001-10381,TUBB3,trt_sh.cgs,0.0
ATLAS_SIG_B_TOP100,CGS001-84617,TUBB6,trt_sh.cgs,0.0
ATLAS_SIG_B_TOP100,CGS001-51174,TUBD1,trt_sh.cgs,30.935825
ATLAS_SIG_B_TOP100,CGS001-11344,TWF2,trt_sh.cgs,9.97582
ATLAS_SIG_B_TOP100,CGS001-7291,TWIST1,trt_sh.cgs,0.0
ATLAS_SIG_B_TOP100,CGS001-117581,TWIST2,trt_sh.cgs,-60.709717
ATLAS_SIG_B_TOP100,CGS001-200081,TXLNA,trt_sh.cgs,-3.0
ATLAS_SIG_B_TOP100,CGS001-7295,TXN,trt_sh.cgs,36.96714
ATLAS_SIG_B_TOP100,CGS001-10190,TXNDC9,trt_sh.cgs,49.89262
ATLAS_SIG_B_TOP100,CGS001-10628,TXNIP,trt_sh.cgs,18.057152
ATLAS_SIG_B_TOP100,CGS001-9352,TXNL1,trt_sh.cgs,12.401614
ATLAS_SIG_B_TOP100,CGS001-54957,TXNL4B,trt_sh.cgs,-59.29178
ATLAS_SIG_B_TOP100,CGS001-7296,TXNRD1,trt_sh.cgs,-2.5
ATLAS_SIG_B_TOP100,CGS001-10587,TXNRD2,trt_sh.cgs,81.99864
ATLAS_SIG_B_TOP100,CGS001-114112,TXNRD3,trt_sh.cgs,-84.58539
ATLAS_SIG_B_TOP100,CGS001-7297,TYK2,trt_sh.cgs,2.0814083
ATLAS_SIG_B_TOP100,CGS001-7298,TYMS,trt_sh.cgs,36.711945
ATLAS_SIG_B_TOP100,CGS001-7301,TYRO3,trt_sh.cgs,32.479374
ATLAS_SIG_B_TOP100,CGS001-6675,UAP1,trt_sh.cgs,-66.004524
ATLAS_SIG_B_TOP100,CGS001-7311,UBA52,trt_sh.cgs,-72.6978
ATLAS_SIG_B_TOP100,CGS001-337867,UBAC2,trt_sh.cgs,22.7232
ATLAS_SIG_B_TOP100,CGS001-51271,UBAP1,trt_sh.cgs,41.329357
ATLAS_SIG_B_TOP100,CGS001-53347,UBASH3A,trt_sh.cgs,36.058834
ATLAS_SIG_B_TOP100,CGS001-7314,UBB,trt_sh.cgs,41.90916
ATLAS_SIG_B_TOP100,CGS001-7316,UBC,trt_sh.cgs,47.47942
ATLAS_SIG_B_TOP100,CGS001-11065,UBE2C,trt_sh.cgs,2.6052632
ATLAS_SIG_B_TOP100,CGS001-7321,UBE2D1,trt_sh.cgs,42.081738
ATLAS_SIG_B_TOP100,CGS001-7323,UBE2D3,trt_sh.cgs,-3.3107498
ATLAS_SIG_B_TOP100,CGS001-10477,UBE2E3,trt_sh.cgs,-83.780495
ATLAS_SIG_B_TOP100,CGS001-51465,UBE2J1,trt_sh.cgs,29.775803
ATLAS_SIG_B_TOP100,CGS001-9246,UBE2L6,trt_sh.cgs,39.663578
ATLAS_SIG_B_TOP100,CGS001-7334,UBE2N,trt_sh.cgs,-90.975464
ATLAS_SIG_B_TOP100,CGS001-7335,UBE2V1,trt_sh.cgs,10.840792
ATLAS_SIG_B_TOP100,CGS001-65264,UBE2Z,trt_sh.cgs,2.7368422
ATLAS_SIG_B_TOP100,CGS001-7337,UBE3A,trt_sh.cgs,0.0
ATLAS_SIG_B_TOP100,CGS001-89910,UBE3B,trt_sh.cgs,45.595715
ATLAS_SIG_B_TOP100,CGS001-9690,UBE3C,trt_sh.cgs,8.297787
ATLAS_SIG_B_TOP100,CGS001-9354,UBE4A,trt_sh.cgs,39.364452
ATLAS_SIG_B_TOP100,CGS001-59286,UBL5,trt_sh.cgs,0.0
ATLAS_SIG_B_TOP100,CGS001-7342,UBP1,trt_sh.cgs,-26.877829
ATLAS_SIG_B_TOP100,CGS001-29978,UBQLN2,trt_sh.cgs,65.076324
ATLAS_SIG_B_TOP100,CGS001-55148,UBR7,trt_sh.cgs,6.7894735
ATLAS_SIG_B_TOP100,CGS001-7343,UBTF,trt_sh.cgs,-76.69704
ATLAS_SIG_B_TOP100,CGS001-7345,UCHL1,trt_sh.cgs,-81.62854
ATLAS_SIG_B_TOP100,CGS001-7371,UCK2,trt_sh.cgs,-0.94736844
ATLAS_SIG_B_TOP100,CGS001-7353,UFD1L,trt_sh.cgs,26.831726
ATLAS_SIG_B_TOP100,CGS001-51569,UFM1,trt_sh.cgs,-1.7894737
ATLAS_SIG_B_TOP100,CGS001-7357,UGCG,trt_sh.cgs,41.013508
ATLAS_SIG_B_TOP100,CGS001-7358,UGDH,trt_sh.cgs,12.696219
ATLAS_SIG_B_TOP100,CGS001-7360,UGP2,trt_sh.cgs,19.898558
ATLAS_SIG_B_TOP100,CGS001-54658,UGT1A1,trt_sh.cgs,16.705729
ATLAS_SIG_B_TOP100,CGS001-54659,UGT1A3,trt_sh.cgs,50.935516
ATLAS_SIG_B_TOP100,CGS001-54600,UGT1A9,trt_sh.cgs,-30.643219
ATLAS_SIG_B_TOP100,CGS001-54490,UGT2B28,trt_sh.cgs,-26.109528
ATLAS_SIG_B_TOP100,CGS001-8408,ULK1,trt_sh.cgs,3.2105262
ATLAS_SIG_B_TOP100,CGS001-9706,ULK2,trt_sh.cgs,-37.169125
ATLAS_SIG_B_TOP100,CGS001-25989,ULK3,trt_sh.cgs,37.70029
ATLAS_SIG_B_TOP100,CGS001-89766,UMODL1,trt_sh.cgs,54.873116
ATLAS_SIG_B_TOP100,CGS001-10497,UNC13B,trt_sh.cgs,45.209404
ATLAS_SIG_B_TOP100,CGS001-7374,UNG,trt_sh.cgs,-42.49108
ATLAS_SIG_B_TOP100,CGS001-10975,UQCR11,trt_sh.cgs,-7.120367
ATLAS_SIG_B_TOP100,CGS001-7381,UQCRB,trt_sh.cgs,-22.544138
ATLAS_SIG_B_TOP100,CGS001-7384,UQCRC1,trt_sh.cgs,-1.8947369
ATLAS_SIG_B_TOP100,CGS001-7386,UQCRFS1,trt_sh.cgs,-68.46044
ATLAS_SIG_B_TOP100,CGS001-7391,USF1,trt_sh.cgs,11.427149
ATLAS_SIG_B_TOP100,CGS001-7398,USP1,trt_sh.cgs,58.391884
ATLAS_SIG_B_TOP100,CGS001-9097,USP14,trt_sh.cgs,0.0
ATLAS_SIG_B_TOP100,CGS001-9958,USP15,trt_sh.cgs,42.426636
ATLAS_SIG_B_TOP100,CGS001-10600,USP16,trt_sh.cgs,5.216142
ATLAS_SIG_B_TOP100,CGS001-10868,USP20,trt_sh.cgs,42.596855
ATLAS_SIG_B_TOP100,CGS001-23326,USP22,trt_sh.cgs,82.28885
ATLAS_SIG_B_TOP100,CGS001-84669,USP32,trt_sh.cgs,39.969345
ATLAS_SIG_B_TOP100,CGS001-55031,USP47,trt_sh.cgs,-7.281415
ATLAS_SIG_B_TOP100,CGS001-9712,USP6NL,trt_sh.cgs,88.789795
ATLAS_SIG_B_TOP100,CGS001-7874,USP7,trt_sh.cgs,51.108932
ATLAS_SIG_B_TOP100,CGS001-10813,UTP14A,trt_sh.cgs,-2.0512211
ATLAS_SIG_B_TOP100,CGS001-51096,UTP18,trt_sh.cgs,-1.8724246
ATLAS_SIG_B_TOP100,CGS001-2837,UTS2R,trt_sh.cgs,5.413973
ATLAS_SIG_B_TOP100,CGS001-7405,UVRAG,trt_sh.cgs,0.0
ATLAS_SIG_B_TOP100,CGS001-8409,UXT,trt_sh.cgs,3.1147585
ATLAS_SIG_B_TOP100,CGS001-9341,VAMP3,trt_sh.cgs,87.214905
ATLAS_SIG_B_TOP100,CGS001-6845,VAMP7,trt_sh.cgs,-2.8421052
ATLAS_SIG_B_TOP100,CGS001-9217,VAPB,trt_sh.cgs,17.983053
ATLAS_SIG_B_TOP100,CGS001-7407,VARS,trt_sh.cgs,61.49799
ATLAS_SIG_B_TOP100,CGS001-10493,VAT1,trt_sh.cgs,29.846375
ATLAS_SIG_B_TOP100,CGS001-10451,VAV3,trt_sh.cgs,-64.79749
ATLAS_SIG_B_TOP100,CGS001-1462,VCAN,trt_sh.cgs,-6.935462
ATLAS_SIG_B_TOP100,CGS001-7415,VCP,trt_sh.cgs,1.2105263
ATLAS_SIG_B_TOP100,CGS001-7416,VDAC1,trt_sh.cgs,-60.529984
ATLAS_SIG_B_TOP100,CGS001-7421,VDR,trt_sh.cgs,62.37129
ATLAS_SIG_B_TOP100,CGS001-7422,VEGFA,trt_sh.cgs,3.931748
ATLAS_SIG_B_TOP100,CGS001-7423,VEGFB,trt_sh.cgs,37.10421
ATLAS_SIG_B_TOP100,CGS001-7424,VEGFC,trt_sh.cgs,-60.787624
ATLAS_SIG_B_TOP100,CGS001-9686,VGLL4,trt_sh.cgs,28.940477
ATLAS_SIG_B_TOP100,CGS001-7428,VHL,trt_sh.cgs,26.301956
ATLAS_SIG_B_TOP100,CGS001-7431,VIM,trt_sh.cgs,29.60492
ATLAS_SIG_B_TOP100,CGS001-7433,VIPR1,trt_sh.cgs,-55.43299
ATLAS_SIG_B_TOP100,CGS001-79001,VKORC1,trt_sh.cgs,-94.20976
ATLAS_SIG_B_TOP100,CGS001-317701,VN1R2,trt_sh.cgs,-81.3624
ATLAS_SIG_B_TOP100,CGS001-317703,VN1R4,trt_sh.cgs,-10.039341
ATLAS_SIG_B_TOP100,CGS001-317705,VN1R5,trt_sh.cgs,-54.46974
ATLAS_SIG_B_TOP100,CGS001-9559,VPS26A,trt_sh.cgs,24.642414
ATLAS_SIG_B_TOP100,CGS001-51160,VPS28,trt_sh.cgs,-2.9736843
ATLAS_SIG_B_TOP100,CGS001-6944,VPS72,trt_sh.cgs,0.0
ATLAS_SIG_B_TOP100,CGS001-23355,VPS8,trt_sh.cgs,25.97084
ATLAS_SIG_B_TOP100,CGS001-7443,VRK1,trt_sh.cgs,16.511215
ATLAS_SIG_B_TOP100,CGS001-7444,VRK2,trt_sh.cgs,46.39169
ATLAS_SIG_B_TOP100,CGS001-51231,VRK3,trt_sh.cgs,7.3141317
ATLAS_SIG_B_TOP100,CGS001-143187,VTI1A,trt_sh.cgs,12.218288
ATLAS_SIG_B_TOP100,CGS001-7453,WARS,trt_sh.cgs,-80.5156
ATLAS_SIG_B_TOP100,CGS001-10352,WARS2,trt_sh.cgs,56.38334
ATLAS_SIG_B_TOP100,CGS001-10810,WASF3,trt_sh.cgs,-20.849192
ATLAS_SIG_B_TOP100,CGS001-11180,WDR6,trt_sh.cgs,12.437347
ATLAS_SIG_B_TOP100,CGS001-80349,WDR61,trt_sh.cgs,73.395935
ATLAS_SIG_B_TOP100,CGS001-93594,WDR67,trt_sh.cgs,34.666794
ATLAS_SIG_B_TOP100,CGS001-23335,WDR7,trt_sh.cgs,-12.421053
ATLAS_SIG_B_TOP100,CGS001-23038,WDTC1,trt_sh.cgs,0.0
ATLAS_SIG_B_TOP100,CGS001-7465,WEE1,trt_sh.cgs,0.0
ATLAS_SIG_B_TOP100,CGS001-10406,WFDC2,trt_sh.cgs,41.900723
ATLAS_SIG_B_TOP100,CGS001-7466,WFS1,trt_sh.cgs,-64.62731
ATLAS_SIG_B_TOP100,CGS001-7468,WHSC1,trt_sh.cgs,23.532333
ATLAS_SIG_B_TOP100,CGS001-147179,WIPF2,trt_sh.cgs,-2.8157895
ATLAS_SIG_B_TOP100,CGS001-7471,WNT1,trt_sh.cgs,7.9306927
ATLAS_SIG_B_TOP100,CGS001-7480,WNT10B,trt_sh.cgs,23.315475
ATLAS_SIG_B_TOP100,CGS001-7481,WNT11,trt_sh.cgs,-77.91084
ATLAS_SIG_B_TOP100,CGS001-7474,WNT5A,trt_sh.cgs,5.5866995
ATLAS_SIG_B_TOP100,CGS001-7477,WNT7B,trt_sh.cgs,-13.805677
ATLAS_SIG_B_TOP100,CGS001-7483,WNT9A,trt_sh.cgs,-16.363836
ATLAS_SIG_B_TOP100,CGS001-7484,WNT9B,trt_sh.cgs,-14.026316
ATLAS_SIG_B_TOP100,CGS001-7485,WRB,trt_sh.cgs,-2.1578948
ATLAS_SIG_B_TOP100,CGS001-7486,WRN,trt_sh.cgs,57.57316
ATLAS_SIG_B_TOP100,CGS001-7490,WT1,trt_sh.cgs,8.596162
ATLAS_SIG_B_TOP100,CGS001-9589,WTAP,trt_sh.cgs,88.07489
ATLAS_SIG_B_TOP100,CGS001-51741,WWOX,trt_sh.cgs,53.277767
ATLAS_SIG_B_TOP100,CGS001-25937,WWTR1,trt_sh.cgs,27.063353
ATLAS_SIG_B_TOP100,CGS001-7494,XBP1,trt_sh.cgs,16.089577
ATLAS_SIG_B_TOP100,CGS001-7504,XK,trt_sh.cgs,-81.22777
ATLAS_SIG_B_TOP100,CGS001-7508,XPC,trt_sh.cgs,-30.525177
ATLAS_SIG_B_TOP100,CGS001-7511,XPNPEP1,trt_sh.cgs,47.38521
ATLAS_SIG_B_TOP100,CGS001-63929,XPNPEP3,trt_sh.cgs,4.425734
ATLAS_SIG_B_TOP100,CGS001-23039,XPO7,trt_sh.cgs,-62.03198
ATLAS_SIG_B_TOP100,CGS001-9213,XPR1,trt_sh.cgs,0.0
ATLAS_SIG_B_TOP100,CGS001-7518,XRCC4,trt_sh.cgs,-52.370396
ATLAS_SIG_B_TOP100,CGS001-7520,XRCC5,trt_sh.cgs,0.65789473
ATLAS_SIG_B_TOP100,CGS001-2547,XRCC6,trt_sh.cgs,-0.7105263
ATLAS_SIG_B_TOP100,CGS001-10413,YAP1,trt_sh.cgs,68.25557
ATLAS_SIG_B_TOP100,CGS001-4904,YBX1,trt_sh.cgs,-79.046234
ATLAS_SIG_B_TOP100,CGS001-7525,YES1,trt_sh.cgs,42.778336
ATLAS_SIG_B_TOP100,CGS001-10652,YKT6,trt_sh.cgs,-33.733074
ATLAS_SIG_B_TOP100,CGS001-10730,YME1L1,trt_sh.cgs,40.489147
ATLAS_SIG_B_TOP100,CGS001-54915,YTHDF1,trt_sh.cgs,0.0
ATLAS_SIG_B_TOP100,CGS001-51441,YTHDF2,trt_sh.cgs,16.259071
ATLAS_SIG_B_TOP100,CGS001-7533,YWHAH,trt_sh.cgs,30.053349
ATLAS_SIG_B_TOP100,CGS001-10971,YWHAQ,trt_sh.cgs,-4.623224
ATLAS_SIG_B_TOP100,CGS001-7528,YY1,trt_sh.cgs,74.988235
ATLAS_SIG_B_TOP100,CGS001-51776,ZAK,trt_sh.cgs,14.386153
ATLAS_SIG_B_TOP100,CGS001-7535,ZAP70,trt_sh.cgs,-34.64559
ATLAS_SIG_B_TOP100,CGS001-9189,ZBED1,trt_sh.cgs,-7.679332
ATLAS_SIG_B_TOP100,CGS001-9841,ZBTB24,trt_sh.cgs,-53.22622
ATLAS_SIG_B_TOP100,CGS001-7597,ZBTB25,trt_sh.cgs,29.639677
ATLAS_SIG_B_TOP100,CGS001-57684,ZBTB26,trt_sh.cgs,33.060555
ATLAS_SIG_B_TOP100,CGS001-360023,ZBTB41,trt_sh.cgs,4.0230165
ATLAS_SIG_B_TOP100,CGS001-84878,ZBTB45,trt_sh.cgs,13.676205
ATLAS_SIG_B_TOP100,CGS001-140685,ZBTB46,trt_sh.cgs,8.1018915
ATLAS_SIG_B_TOP100,CGS001-3104,ZBTB48,trt_sh.cgs,42.17929
ATLAS_SIG_B_TOP100,CGS001-166793,ZBTB49,trt_sh.cgs,39.906578
ATLAS_SIG_B_TOP100,CGS001-9925,ZBTB5,trt_sh.cgs,-10.747334
ATLAS_SIG_B_TOP100,CGS001-23211,ZC3H4,trt_sh.cgs,-53.189384
ATLAS_SIG_B_TOP100,CGS001-51530,ZC3HC1,trt_sh.cgs,-9.611979
ATLAS_SIG_B_TOP100,CGS001-64429,ZDHHC6,trt_sh.cgs,33.148148
ATLAS_SIG_B_TOP100,CGS001-6935,ZEB1,trt_sh.cgs,20.014925
ATLAS_SIG_B_TOP100,CGS001-10444,ZER1,trt_sh.cgs,92.979355
ATLAS_SIG_B_TOP100,CGS001-54469,ZFAND6,trt_sh.cgs,68.8311
ATLAS_SIG_B_TOP100,CGS001-162239,ZFP1,trt_sh.cgs,0.0
ATLAS_SIG_B_TOP100,CGS001-7771,ZFP112,trt_sh.cgs,6.48526
ATLAS_SIG_B_TOP100,CGS001-7541,ZFP161,trt_sh.cgs,-5.9736843
ATLAS_SIG_B_TOP100,CGS001-124961,ZFP3,trt_sh.cgs,2.3421052
ATLAS_SIG_B_TOP100,CGS001-7538,ZFP36,trt_sh.cgs,33.559944
ATLAS_SIG_B_TOP100,CGS001-677,ZFP36L1,trt_sh.cgs,73.11732
ATLAS_SIG_B_TOP100,CGS001-678,ZFP36L2,trt_sh.cgs,8.682339
ATLAS_SIG_B_TOP100,CGS001-7543,ZFX,trt_sh.cgs,0.0
ATLAS_SIG_B_TOP100,CGS001-84936,ZFYVE19,trt_sh.cgs,33.648163
ATLAS_SIG_B_TOP100,CGS001-84619,ZGPAT,trt_sh.cgs,74.52577
ATLAS_SIG_B_TOP100,CGS001-7546,ZIC2,trt_sh.cgs,38.29289
ATLAS_SIG_B_TOP100,CGS001-114026,ZIM3,trt_sh.cgs,37.007473
ATLAS_SIG_B_TOP100,CGS001-342357,ZKSCAN2,trt_sh.cgs,-72.240326
ATLAS_SIG_B_TOP100,CGS001-57178,ZMIZ1,trt_sh.cgs,80.41585
ATLAS_SIG_B_TOP100,CGS001-83637,ZMIZ2,trt_sh.cgs,13.922101
ATLAS_SIG_B_TOP100,CGS001-10269,ZMPSTE24,trt_sh.cgs,-67.91
ATLAS_SIG_B_TOP100,CGS001-7750,ZMYM2,trt_sh.cgs,2.5789473
ATLAS_SIG_B_TOP100,CGS001-10771,ZMYND11,trt_sh.cgs,93.293304
ATLAS_SIG_B_TOP100,CGS001-163071,ZNF114,trt_sh.cgs,-47.352802
ATLAS_SIG_B_TOP100,CGS001-7690,ZNF131,trt_sh.cgs,64.268394
ATLAS_SIG_B_TOP100,CGS001-7692,ZNF133,trt_sh.cgs,-43.92513
ATLAS_SIG_B_TOP100,CGS001-7693,ZNF134,trt_sh.cgs,42.643707
ATLAS_SIG_B_TOP100,CGS001-7697,ZNF138,trt_sh.cgs,-48.205513
ATLAS_SIG_B_TOP100,CGS001-7702,ZNF143,trt_sh.cgs,35.40306
ATLAS_SIG_B_TOP100,CGS001-7727,ZNF174,trt_sh.cgs,-4.9071884
ATLAS_SIG_B_TOP100,CGS001-7728,ZNF175,trt_sh.cgs,-65.19738
ATLAS_SIG_B_TOP100,CGS001-7569,ZNF182,trt_sh.cgs,13.438706
ATLAS_SIG_B_TOP100,CGS001-7748,ZNF195,trt_sh.cgs,-40.691463
ATLAS_SIG_B_TOP100,CGS001-7752,ZNF200,trt_sh.cgs,-77.661064
ATLAS_SIG_B_TOP100,CGS001-7753,ZNF202,trt_sh.cgs,20.012665
ATLAS_SIG_B_TOP100,CGS001-7756,ZNF207,trt_sh.cgs,-3.0
ATLAS_SIG_B_TOP100,CGS001-7988,ZNF212,trt_sh.cgs,0.0
ATLAS_SIG_B_TOP100,CGS001-7760,ZNF213,trt_sh.cgs,6.5
ATLAS_SIG_B_TOP100,CGS001-7764,ZNF217,trt_sh.cgs,86.430466
ATLAS_SIG_B_TOP100,CGS001-51222,ZNF219,trt_sh.cgs,4.105263
ATLAS_SIG_B_TOP100,CGS001-7775,ZNF232,trt_sh.cgs,6.9115477
ATLAS_SIG_B_TOP100,CGS001-10472,ZNF238,trt_sh.cgs,-53.271187
ATLAS_SIG_B_TOP100,CGS001-7572,ZNF24,trt_sh.cgs,-28.84577
ATLAS_SIG_B_TOP100,CGS001-10127,ZNF263,trt_sh.cgs,29.396534
ATLAS_SIG_B_TOP100,CGS001-10781,ZNF266,trt_sh.cgs,-86.50313
ATLAS_SIG_B_TOP100,CGS001-10308,ZNF267,trt_sh.cgs,-75.309135
ATLAS_SIG_B_TOP100,CGS001-10795,ZNF268,trt_sh.cgs,0.0
ATLAS_SIG_B_TOP100,CGS001-10793,ZNF273,trt_sh.cgs,-0.9736842
ATLAS_SIG_B_TOP100,CGS001-10782,ZNF274,trt_sh.cgs,-53.250217
ATLAS_SIG_B_TOP100,CGS001-11179,ZNF277,trt_sh.cgs,-40.24021
ATLAS_SIG_B_TOP100,CGS001-23528,ZNF281,trt_sh.cgs,0.0
ATLAS_SIG_B_TOP100,CGS001-162979,ZNF296,trt_sh.cgs,16.527784
ATLAS_SIG_B_TOP100,CGS001-91975,ZNF300,trt_sh.cgs,27.117353
ATLAS_SIG_B_TOP100,CGS001-57693,ZNF317,trt_sh.cgs,22.006721
ATLAS_SIG_B_TOP100,CGS001-24149,ZNF318,trt_sh.cgs,59.05777
ATLAS_SIG_B_TOP100,CGS001-7580,ZNF32,trt_sh.cgs,19.7565
ATLAS_SIG_B_TOP100,CGS001-25799,ZNF324,trt_sh.cgs,13.415937
ATLAS_SIG_B_TOP100,CGS001-55422,ZNF331,trt_sh.cgs,69.56531
ATLAS_SIG_B_TOP100,CGS001-84449,ZNF333,trt_sh.cgs,22.021938
ATLAS_SIG_B_TOP100,CGS001-59348,ZNF350,trt_sh.cgs,1.5789474
ATLAS_SIG_B_TOP100,CGS001-117608,ZNF354B,trt_sh.cgs,-56.101162
ATLAS_SIG_B_TOP100,CGS001-22891,ZNF365,trt_sh.cgs,35.825764
ATLAS_SIG_B_TOP100,CGS001-167465,ZNF366,trt_sh.cgs,75.47043
ATLAS_SIG_B_TOP100,CGS001-171017,ZNF384,trt_sh.cgs,-46.414257
ATLAS_SIG_B_TOP100,CGS001-151126,ZNF385B,trt_sh.cgs,-30.07433
ATLAS_SIG_B_TOP100,CGS001-55893,ZNF395,trt_sh.cgs,-31.394485
ATLAS_SIG_B_TOP100,CGS001-147686,ZNF418,trt_sh.cgs,13.77221
ATLAS_SIG_B_TOP100,CGS001-79088,ZNF426,trt_sh.cgs,17.777153
ATLAS_SIG_B_TOP100,CGS001-9668,ZNF432,trt_sh.cgs,0.0
ATLAS_SIG_B_TOP100,CGS001-163059,ZNF433,trt_sh.cgs,-13.163636
ATLAS_SIG_B_TOP100,CGS001-54925,ZNF434,trt_sh.cgs,0.0
ATLAS_SIG_B_TOP100,CGS001-80818,ZNF436,trt_sh.cgs,-33.494755
ATLAS_SIG_B_TOP100,CGS001-55311,ZNF444,trt_sh.cgs,-54.092255
ATLAS_SIG_B_TOP100,CGS001-203523,ZNF449,trt_sh.cgs,42.303078
ATLAS_SIG_B_TOP100,CGS001-26036,ZNF451,trt_sh.cgs,4.1467657
ATLAS_SIG_B_TOP100,CGS001-285676,ZNF454,trt_sh.cgs,-17.028759
ATLAS_SIG_B_TOP100,CGS001-58499,ZNF462,trt_sh.cgs,-27.607792
ATLAS_SIG_B_TOP100,CGS001-25888,ZNF473,trt_sh.cgs,16.169544
ATLAS_SIG_B_TOP100,CGS001-90649,ZNF486,trt_sh.cgs,23.031128
ATLAS_SIG_B_TOP100,CGS001-118738,ZNF488,trt_sh.cgs,-58.450363
ATLAS_SIG_B_TOP100,CGS001-57474,ZNF490,trt_sh.cgs,-58.346706
ATLAS_SIG_B_TOP100,CGS001-115560,ZNF501,trt_sh.cgs,32.208447
ATLAS_SIG_B_TOP100,CGS001-91392,ZNF502,trt_sh.cgs,-57.854042
ATLAS_SIG_B_TOP100,CGS001-340385,ZNF517,trt_sh.cgs,17.50987
ATLAS_SIG_B_TOP100,CGS001-162655,ZNF519,trt_sh.cgs,-75.42255
ATLAS_SIG_B_TOP100,CGS001-25925,ZNF521,trt_sh.cgs,-59.93199
ATLAS_SIG_B_TOP100,CGS001-147807,ZNF524,trt_sh.cgs,16.417923
ATLAS_SIG_B_TOP100,CGS001-125919,ZNF543,trt_sh.cgs,13.308807
ATLAS_SIG_B_TOP100,CGS001-339327,ZNF546,trt_sh.cgs,-14.64189
ATLAS_SIG_B_TOP100,CGS001-147694,ZNF548,trt_sh.cgs,-41.84254
ATLAS_SIG_B_TOP100,CGS001-90233,ZNF551,trt_sh.cgs,-38.440376
ATLAS_SIG_B_TOP100,CGS001-115196,ZNF554,trt_sh.cgs,28.077343
ATLAS_SIG_B_TOP100,CGS001-148156,ZNF558,trt_sh.cgs,-23.05492
ATLAS_SIG_B_TOP100,CGS001-84527,ZNF559,trt_sh.cgs,5.3849306
ATLAS_SIG_B_TOP100,CGS001-93134,ZNF561,trt_sh.cgs,29.4038
ATLAS_SIG_B_TOP100,CGS001-54811,ZNF562,trt_sh.cgs,19.76964
ATLAS_SIG_B_TOP100,CGS001-147837,ZNF563,trt_sh.cgs,-58.70156
ATLAS_SIG_B_TOP100,CGS001-163081,ZNF567,trt_sh.cgs,0.0
ATLAS_SIG_B_TOP100,CGS001-126295,ZNF57,trt_sh.cgs,-53.238533
ATLAS_SIG_B_TOP100,CGS001-79177,ZNF576,trt_sh.cgs,-78.644196
ATLAS_SIG_B_TOP100,CGS001-84765,ZNF577,trt_sh.cgs,-20.458664
ATLAS_SIG_B_TOP100,CGS001-147948,ZNF582,trt_sh.cgs,-33.112602
ATLAS_SIG_B_TOP100,CGS001-147949,ZNF583,trt_sh.cgs,-28.760632
ATLAS_SIG_B_TOP100,CGS001-199704,ZNF585A,trt_sh.cgs,-82.81697
ATLAS_SIG_B_TOP100,CGS001-54807,ZNF586,trt_sh.cgs,-68.45682
ATLAS_SIG_B_TOP100,CGS001-51385,ZNF589,trt_sh.cgs,44.478996
ATLAS_SIG_B_TOP100,CGS001-169270,ZNF596,trt_sh.cgs,-11.011624
ATLAS_SIG_B_TOP100,CGS001-146434,ZNF597,trt_sh.cgs,0.0
ATLAS_SIG_B_TOP100,CGS001-84775,ZNF607,trt_sh.cgs,6.0812216
ATLAS_SIG_B_TOP100,CGS001-162963,ZNF610,trt_sh.cgs,5.0263157
ATLAS_SIG_B_TOP100,CGS001-81856,ZNF611,trt_sh.cgs,74.23631
ATLAS_SIG_B_TOP100,CGS001-285267,ZNF619,trt_sh.cgs,-70.110344
ATLAS_SIG_B_TOP100,CGS001-285268,ZNF621,trt_sh.cgs,10.897499
ATLAS_SIG_B_TOP100,CGS001-9831,ZNF623,trt_sh.cgs,-3.0526316
ATLAS_SIG_B_TOP100,CGS001-57547,ZNF624,trt_sh.cgs,0.0
ATLAS_SIG_B_TOP100,CGS001-90589,ZNF625,trt_sh.cgs,-3.131579
ATLAS_SIG_B_TOP100,CGS001-199777,ZNF626,trt_sh.cgs,12.373078
ATLAS_SIG_B_TOP100,CGS001-23361,ZNF629,trt_sh.cgs,0.0
ATLAS_SIG_B_TOP100,CGS001-115950,ZNF653,trt_sh.cgs,-45.463135
ATLAS_SIG_B_TOP100,CGS001-26149,ZNF658,trt_sh.cgs,16.666954
ATLAS_SIG_B_TOP100,CGS001-389114,ZNF662,trt_sh.cgs,-26.418192
ATLAS_SIG_B_TOP100,CGS001-79862,ZNF669,trt_sh.cgs,-56.085114
ATLAS_SIG_B_TOP100,CGS001-79891,ZNF671,trt_sh.cgs,-5.8157897
ATLAS_SIG_B_TOP100,CGS001-79894,ZNF672,trt_sh.cgs,-19.552792
ATLAS_SIG_B_TOP100,CGS001-55634,ZNF673,trt_sh.cgs,2.7894738
ATLAS_SIG_B_TOP100,CGS001-342926,ZNF677,trt_sh.cgs,5.885384
ATLAS_SIG_B_TOP100,CGS001-339500,ZNF678,trt_sh.cgs,21.927494
ATLAS_SIG_B_TOP100,CGS001-127396,ZNF684,trt_sh.cgs,78.96141
ATLAS_SIG_B_TOP100,CGS001-55657,ZNF692,trt_sh.cgs,0.0
ATLAS_SIG_B_TOP100,CGS001-286075,ZNF707,trt_sh.cgs,0.0
ATLAS_SIG_B_TOP100,CGS001-7625,ZNF74,trt_sh.cgs,-65.49861
ATLAS_SIG_B_TOP100,CGS001-92595,ZNF764,trt_sh.cgs,-5.868265
ATLAS_SIG_B_TOP100,CGS001-79724,ZNF768,trt_sh.cgs,74.82682
ATLAS_SIG_B_TOP100,CGS001-58492,ZNF77,trt_sh.cgs,-21.135063
ATLAS_SIG_B_TOP100,CGS001-146540,ZNF785,trt_sh.cgs,18.382206
ATLAS_SIG_B_TOP100,CGS001-136051,ZNF786,trt_sh.cgs,-3.0963774
ATLAS_SIG_B_TOP100,CGS001-126208,ZNF787,trt_sh.cgs,0.0
ATLAS_SIG_B_TOP100,CGS001-163049,ZNF791,trt_sh.cgs,-32.6695
ATLAS_SIG_B_TOP100,CGS001-126375,ZNF792,trt_sh.cgs,0.0
ATLAS_SIG_B_TOP100,CGS001-7554,ZNF8,trt_sh.cgs,22.100628
ATLAS_SIG_B_TOP100,CGS001-390980,ZNF805,trt_sh.cgs,0.0
ATLAS_SIG_B_TOP100,CGS001-7639,ZNF85,trt_sh.cgs,-6.1948504
ATLAS_SIG_B_TOP100,CGS001-168374,ZNF92,trt_sh.cgs,-45.74674
ATLAS_SIG_B_TOP100,CGS001-9326,ZNHIT3,trt_sh.cgs,57.450134
ATLAS_SIG_B_TOP100,CGS001-124626,ZPBP2,trt_sh.cgs,34.83655
ATLAS_SIG_B_TOP100,CGS001-9406,ZRANB2,trt_sh.cgs,65.77978
ATLAS_SIG_B_TOP100,CGS001-8233,ZRSR2,trt_sh.cgs,-77.16138
ATLAS_SIG_B_TOP100,CGS001-284312,ZSCAN1,trt_sh.cgs,47.004948
ATLAS_SIG_B_TOP100,CGS001-146050,ZSCAN29,trt_sh.cgs,-20.989779
ATLAS_SIG_B_TOP100,CGS001-201516,ZSCAN4,trt_sh.cgs,-29.457924
ATLAS_SIG_B_TOP100,CGS001-151112,ZSWIM2,trt_sh.cgs,-69.082375
ATLAS_SIG_B_TOP100,CGS001-9183,ZW10,trt_sh.cgs,-85.25687
ATLAS_SIG_B_TOP100,CGS001-340273,ABCB5,trt_sh.cgs,-16.618938
ATLAS_SIG_B_TOP100,CGS001-22,ABCB7,trt_sh.cgs,0.0
ATLAS_SIG_B_TOP100,CGS001-113451,ADC,trt_sh.cgs,52.776955
ATLAS_SIG_B_TOP100,CGS001-156,ADRBK1,trt_sh.cgs,0.0
ATLAS_SIG_B_TOP100,CGS001-196,AHR,trt_sh.cgs,58.472733
ATLAS_SIG_B_TOP100,CGS001-205,AK4,trt_sh.cgs,4.1830564
ATLAS_SIG_B_TOP100,CGS001-8644,AKR1C3,trt_sh.cgs,80.821785
ATLAS_SIG_B_TOP100,CGS001-10000,AKT3,trt_sh.cgs,18.879484
ATLAS_SIG_B_TOP100,CGS001-219,ALDH1B1,trt_sh.cgs,-65.24446
ATLAS_SIG_B_TOP100,CGS001-224,ALDH3A2,trt_sh.cgs,-82.731476
ATLAS_SIG_B_TOP100,CGS001-222,ALDH3B2,trt_sh.cgs,-41.07607
ATLAS_SIG_B_TOP100,CGS001-226,ALDOA,trt_sh.cgs,17.32383
ATLAS_SIG_B_TOP100,CGS001-283,ANG,trt_sh.cgs,5.753192
ATLAS_SIG_B_TOP100,CGS001-301,ANXA1,trt_sh.cgs,-2.1578948
ATLAS_SIG_B_TOP100,CGS001-8905,AP1S2,trt_sh.cgs,-5.131579
ATLAS_SIG_B_TOP100,CGS001-11154,AP4S1,trt_sh.cgs,-6.5263157
ATLAS_SIG_B_TOP100,CGS001-9826,ARHGEF11,trt_sh.cgs,-57.634186
ATLAS_SIG_B_TOP100,CGS001-121549,ASCL4,trt_sh.cgs,1.9864857
ATLAS_SIG_B_TOP100,CGS001-476,ATP1A1,trt_sh.cgs,-81.887596
ATLAS_SIG_B_TOP100,CGS001-516,ATP5G1,trt_sh.cgs,-2.6578948
ATLAS_SIG_B_TOP100,CGS001-527,ATP6V0C,trt_sh.cgs,76.6484
ATLAS_SIG_B_TOP100,CGS001-64343,AZI2,trt_sh.cgs,61.167557
ATLAS_SIG_B_TOP100,CGS001-572,BAD,trt_sh.cgs,-23.621502
ATLAS_SIG_B_TOP100,CGS001-10538,BATF,trt_sh.cgs,-1.9736842
ATLAS_SIG_B_TOP100,CGS001-55509,BATF3,trt_sh.cgs,-33.69615
ATLAS_SIG_B_TOP100,CGS001-645,BLVRB,trt_sh.cgs,-80.13295
ATLAS_SIG_B_TOP100,CGS001-8315,BRAP,trt_sh.cgs,35.218525
ATLAS_SIG_B_TOP100,CGS001-10902,BRD8,trt_sh.cgs,-2.0016072
ATLAS_SIG_B_TOP100,CGS001-91304,C19ORF6,trt_sh.cgs,28.702564
ATLAS_SIG_B_TOP100,CGS001-805,CALM2,trt_sh.cgs,0.84210527
ATLAS_SIG_B_TOP100,CGS001-84290,CAPNS2,trt_sh.cgs,21.824244
ATLAS_SIG_B_TOP100,CGS001-833,CARS,trt_sh.cgs,1.8947369
ATLAS_SIG_B_TOP100,CGS001-9134,CCNE2,trt_sh.cgs,43.30788
ATLAS_SIG_B_TOP100,CGS001-1019,CDK4,trt_sh.cgs,0.0
ATLAS_SIG_B_TOP100,CGS001-81620,CDT1,trt_sh.cgs,14.125208
ATLAS_SIG_B_TOP100,CGS001-4680,CEACAM6,trt_sh.cgs,65.53848
ATLAS_SIG_B_TOP100,CGS001-1072,CFL1,trt_sh.cgs,-16.07736
ATLAS_SIG_B_TOP100,CGS001-1119,CHKA,trt_sh.cgs,24.030212
ATLAS_SIG_B_TOP100,CGS001-9541,CIR1,trt_sh.cgs,0.0
ATLAS_SIG_B_TOP100,CGS001-11113,CIT,trt_sh.cgs,-69.22101
ATLAS_SIG_B_TOP100,CGS001-22883,CLSTN1,trt_sh.cgs,0.0
ATLAS_SIG_B_TOP100,CGS001-54805,CNNM2,trt_sh.cgs,-68.13069
ATLAS_SIG_B_TOP100,CGS001-1314,COPA,trt_sh.cgs,59.177246
ATLAS_SIG_B_TOP100,CGS001-9318,COPS2,trt_sh.cgs,7.6710596
ATLAS_SIG_B_TOP100,CGS001-27297,CRCP,trt_sh.cgs,-13.332902
ATLAS_SIG_B_TOP100,CGS001-1455,CSNK1G2,trt_sh.cgs,31.64846
ATLAS_SIG_B_TOP100,CGS001-1456,CSNK1G3,trt_sh.cgs,14.179959
ATLAS_SIG_B_TOP100,CGS001-1487,CTBP1,trt_sh.cgs,1.4473684
ATLAS_SIG_B_TOP100,CGS001-1512,CTSH,trt_sh.cgs,27.028902
ATLAS_SIG_B_TOP100,CGS001-3579,CXCR2,trt_sh.cgs,-31.289782
ATLAS_SIG_B_TOP100,CGS001-1528,CYB5A,trt_sh.cgs,26.101992
ATLAS_SIG_B_TOP100,CGS001-80777,CYB5B,trt_sh.cgs,37.59845
ATLAS_SIG_B_TOP100,CGS001-54205,CYCS,trt_sh.cgs,57.969254
ATLAS_SIG_B_TOP100,CGS001-1543,CYP1A1,trt_sh.cgs,18.250687
ATLAS_SIG_B_TOP100,CGS001-1613,DAPK3,trt_sh.cgs,12.203117
ATLAS_SIG_B_TOP100,CGS001-160851,DGKH,trt_sh.cgs,-68.303085
ATLAS_SIG_B_TOP100,CGS001-10901,DHRS4,trt_sh.cgs,63.69693
ATLAS_SIG_B_TOP100,CGS001-22894,DIS3,trt_sh.cgs,-39.928482
ATLAS_SIG_B_TOP100,CGS001-1871,E2F3,trt_sh.cgs,17.957878
ATLAS_SIG_B_TOP100,CGS001-79733,E2F8,trt_sh.cgs,-40.325752
ATLAS_SIG_B_TOP100,CGS001-2004,ELK3,trt_sh.cgs,-83.6085
ATLAS_SIG_B_TOP100,CGS001-64123,ELTD1,trt_sh.cgs,6.3157897
ATLAS_SIG_B_TOP100,CGS001-54749,EPDR1,trt_sh.cgs,-30.978271
ATLAS_SIG_B_TOP100,CGS001-2064,ERBB2,trt_sh.cgs,40.656227
ATLAS_SIG_B_TOP100,CGS001-2099,ESR1,trt_sh.cgs,0.36842105
ATLAS_SIG_B_TOP100,CGS001-54536,EXOC6,trt_sh.cgs,-30.607067
ATLAS_SIG_B_TOP100,CGS001-2160,F11,trt_sh.cgs,83.426834
ATLAS_SIG_B_TOP100,CGS001-2322,FLT3,trt_sh.cgs,-29.063358
ATLAS_SIG_B_TOP100,CGS001-286380,FOXD4L3,trt_sh.cgs,36.565514
ATLAS_SIG_B_TOP100,CGS001-116113,FOXP4,trt_sh.cgs,-14.3818655
ATLAS_SIG_B_TOP100,CGS001-10841,FTCD,trt_sh.cgs,75.1034
ATLAS_SIG_B_TOP100,CGS001-2539,G6PD,trt_sh.cgs,19.18307
ATLAS_SIG_B_TOP100,CGS001-2558,GABRA5,trt_sh.cgs,-11.045584
ATLAS_SIG_B_TOP100,CGS001-57798,GATAD1,trt_sh.cgs,62.37676
ATLAS_SIG_B_TOP100,CGS001-2645,GCK,trt_sh.cgs,46.8968
ATLAS_SIG_B_TOP100,CGS001-2697,GJA1,trt_sh.cgs,-21.856518
ATLAS_SIG_B_TOP100,CGS001-2781,GNAZ,trt_sh.cgs,0.0
ATLAS_SIG_B_TOP100,CGS001-10020,GNE,trt_sh.cgs,23.079187
ATLAS_SIG_B_TOP100,CGS001-2821,GPI,trt_sh.cgs,38.149235
ATLAS_SIG_B_TOP100,CGS001-266977,GPR110,trt_sh.cgs,21.784079
ATLAS_SIG_B_TOP100,CGS001-221188,GPR114,trt_sh.cgs,11.549859
ATLAS_SIG_B_TOP100,CGS001-344561,GPR148,trt_sh.cgs,-2.2368422
ATLAS_SIG_B_TOP100,CGS001-27197,GPR82,trt_sh.cgs,-21.007425
ATLAS_SIG_B_TOP100,CGS001-51704,GPRC5B,trt_sh.cgs,-32.73837
ATLAS_SIG_B_TOP100,CGS001-2879,GPX4,trt_sh.cgs,24.50143
ATLAS_SIG_B_TOP100,CGS001-57822,GRHL3,trt_sh.cgs,10.250929
ATLAS_SIG_B_TOP100,CGS001-116443,GRIN3A,trt_sh.cgs,-42.030647
ATLAS_SIG_B_TOP100,CGS001-2959,GTF2B,trt_sh.cgs,-38.10899
ATLAS_SIG_B_TOP100,CGS001-29915,HCFC2,trt_sh.cgs,32.655476
ATLAS_SIG_B_TOP100,CGS001-79885,HDAC11,trt_sh.cgs,55.733734
ATLAS_SIG_B_TOP100,CGS001-3094,HINT1,trt_sh.cgs,2.0526316
ATLAS_SIG_B_TOP100,CGS001-3125,HLA-DRB3,trt_sh.cgs,50.212143
ATLAS_SIG_B_TOP100,CGS001-3146,HMGB1,trt_sh.cgs,54.704613
ATLAS_SIG_B_TOP100,CGS001-10525,HYOU1,trt_sh.cgs,68.96506
ATLAS_SIG_B_TOP100,CGS001-3397,ID1,trt_sh.cgs,-8.921053
ATLAS_SIG_B_TOP100,CGS001-3479,IGF1,trt_sh.cgs,14.50012
ATLAS_SIG_B_TOP100,CGS001-3480,IGF1R,trt_sh.cgs,-32.945255
ATLAS_SIG_B_TOP100,CGS001-3551,IKBKB,trt_sh.cgs,11.417585
ATLAS_SIG_B_TOP100,CGS001-3606,IL18,trt_sh.cgs,1.7894737
ATLAS_SIG_B_TOP100,CGS001-50604,IL20,trt_sh.cgs,94.05356
ATLAS_SIG_B_TOP100,CGS001-3576,IL8,trt_sh.cgs,-57.170856
ATLAS_SIG_B_TOP100,CGS001-54556,ING3,trt_sh.cgs,19.411623
ATLAS_SIG_B_TOP100,CGS001-3643,INSR,trt_sh.cgs,1.3684211
ATLAS_SIG_B_TOP100,CGS001-57117,INTS12,trt_sh.cgs,0.0
ATLAS_SIG_B_TOP100,CGS001-3832,KIF11,trt_sh.cgs,24.875883
ATLAS_SIG_B_TOP100,CGS001-22944,KIN,trt_sh.cgs,0.0
ATLAS_SIG_B_TOP100,CGS001-3845,KRAS,trt_sh.cgs,23.416344
ATLAS_SIG_B_TOP100,CGS001-64175,LEPRE1,trt_sh.cgs,-56.061943
ATLAS_SIG_B_TOP100,CGS001-431707,LHX8,trt_sh.cgs,0.0
ATLAS_SIG_B_TOP100,CGS001-4069,LYZ,trt_sh.cgs,-12.478846
ATLAS_SIG_B_TOP100,CGS001-4129,MAOB,trt_sh.cgs,0.0
ATLAS_SIG_B_TOP100,CGS001-5601,MAPK9,trt_sh.cgs,-49.77732
ATLAS_SIG_B_TOP100,CGS001-4143,MAT1A,trt_sh.cgs,32.986263
ATLAS_SIG_B_TOP100,CGS001-27430,MAT2B,trt_sh.cgs,-1.0263158
ATLAS_SIG_B_TOP100,CGS001-84515,MCM8,trt_sh.cgs,21.16444
ATLAS_SIG_B_TOP100,CGS001-28985,MCTS1,trt_sh.cgs,50.449627
ATLAS_SIG_B_TOP100,CGS001-2122,MECOM,trt_sh.cgs,11.253768
ATLAS_SIG_B_TOP100,CGS001-9412,MED21,trt_sh.cgs,6.0792236
ATLAS_SIG_B_TOP100,CGS001-29079,MED4,trt_sh.cgs,28.822453
ATLAS_SIG_B_TOP100,CGS001-4212,MEIS2,trt_sh.cgs,-10.02238
ATLAS_SIG_B_TOP100,CGS001-4221,MEN1,trt_sh.cgs,36.642586
ATLAS_SIG_B_TOP100,CGS001-10461,MERTK,trt_sh.cgs,47.33538
ATLAS_SIG_B_TOP100,CGS001-22921,MSRB2,trt_sh.cgs,25.210838
ATLAS_SIG_B_TOP100,CGS001-4488,MSX2,trt_sh.cgs,17.315525
ATLAS_SIG_B_TOP100,CGS001-2475,MTOR,trt_sh.cgs,0.0
ATLAS_SIG_B_TOP100,CGS001-55892,MYNN,trt_sh.cgs,-84.87713
ATLAS_SIG_B_TOP100,CGS001-4683,NBN,trt_sh.cgs,8.4683
ATLAS_SIG_B_TOP100,CGS001-4700,NDUFA6,trt_sh.cgs,16.18317
ATLAS_SIG_B_TOP100,CGS001-4711,NDUFB5,trt_sh.cgs,15.444414
ATLAS_SIG_B_TOP100,CGS001-4728,NDUFS8,trt_sh.cgs,1.7168013
ATLAS_SIG_B_TOP100,CGS001-10783,NEK6,trt_sh.cgs,45.389763
ATLAS_SIG_B_TOP100,CGS001-57407,NMRAL1,trt_sh.cgs,46.89569
ATLAS_SIG_B_TOP100,CGS001-4837,NNMT,trt_sh.cgs,59.110466
ATLAS_SIG_B_TOP100,CGS001-4835,NQO2,trt_sh.cgs,93.44719
ATLAS_SIG_B_TOP100,CGS001-9971,NR1H4,trt_sh.cgs,23.039776
ATLAS_SIG_B_TOP100,CGS001-4893,NRAS,trt_sh.cgs,-1.8620783
ATLAS_SIG_B_TOP100,CGS001-4905,NSF,trt_sh.cgs,59.549362
ATLAS_SIG_B_TOP100,CGS001-8650,NUMB,trt_sh.cgs,76.20797
ATLAS_SIG_B_TOP100,CGS001-4947,OAZ2,trt_sh.cgs,7.263158
ATLAS_SIG_B_TOP100,CGS001-4976,OPA1,trt_sh.cgs,52.525597
ATLAS_SIG_B_TOP100,CGS001-116039,OSR2,trt_sh.cgs,-17.48214
ATLAS_SIG_B_TOP100,CGS001-58495,OVOL2,trt_sh.cgs,26.0239
ATLAS_SIG_B_TOP100,CGS001-165140,OXER1,trt_sh.cgs,61.797897
ATLAS_SIG_B_TOP100,CGS001-64805,P2RY12,trt_sh.cgs,-50.791176
ATLAS_SIG_B_TOP100,CGS001-5029,P2RY2,trt_sh.cgs,-38.98706
ATLAS_SIG_B_TOP100,CGS001-142,PARP1,trt_sh.cgs,0.0
ATLAS_SIG_B_TOP100,CGS001-10038,PARP2,trt_sh.cgs,-43.01743
ATLAS_SIG_B_TOP100,CGS001-5087,PBX1,trt_sh.cgs,0.0
ATLAS_SIG_B_TOP100,CGS001-56139,PCDHA10,trt_sh.cgs,-4.288661
ATLAS_SIG_B_TOP100,CGS001-7703,PCGF2,trt_sh.cgs,59.730145
ATLAS_SIG_B_TOP100,CGS001-84108,PCGF6,trt_sh.cgs,-55.778328
ATLAS_SIG_B_TOP100,CGS001-5194,PEX13,trt_sh.cgs,-19.391348
ATLAS_SIG_B_TOP100,CGS001-5202,PFDN2,trt_sh.cgs,28.453459
ATLAS_SIG_B_TOP100,CGS001-5228,PGF,trt_sh.cgs,-8.526316
ATLAS_SIG_B_TOP100,CGS001-26147,PHF19,trt_sh.cgs,-65.70285
ATLAS_SIG_B_TOP100,CGS001-5264,PHYH,trt_sh.cgs,51.670235
ATLAS_SIG_B_TOP100,CGS001-5277,PIGA,trt_sh.cgs,-93.79454
ATLAS_SIG_B_TOP100,CGS001-9488,PIGB,trt_sh.cgs,73.606316
ATLAS_SIG_B_TOP100,CGS001-5294,PIK3CG,trt_sh.cgs,68.0981
ATLAS_SIG_B_TOP100,CGS001-8503,PIK3R3,trt_sh.cgs,95.13255
ATLAS_SIG_B_TOP100,CGS001-11040,PIM2,trt_sh.cgs,26.213007
ATLAS_SIG_B_TOP100,CGS001-81579,PLA2G12A,trt_sh.cgs,6.5
ATLAS_SIG_B_TOP100,CGS001-5325,PLAGL1,trt_sh.cgs,43.11384
ATLAS_SIG_B_TOP100,CGS001-5332,PLCB4,trt_sh.cgs,-2.5263157
ATLAS_SIG_B_TOP100,CGS001-122618,PLD4,trt_sh.cgs,30.424114
ATLAS_SIG_B_TOP100,CGS001-5361,PLXNA1,trt_sh.cgs,-16.24476
ATLAS_SIG_B_TOP100,CGS001-5411,PNN,trt_sh.cgs,16.162376
ATLAS_SIG_B_TOP100,CGS001-23509,POFUT1,trt_sh.cgs,66.749405
ATLAS_SIG_B_TOP100,CGS001-23649,POLA2,trt_sh.cgs,-4.575986
ATLAS_SIG_B_TOP100,CGS001-5434,POLR2E,trt_sh.cgs,54.381756
ATLAS_SIG_B_TOP100,CGS001-10623,POLR3C,trt_sh.cgs,38.448887
ATLAS_SIG_B_TOP100,CGS001-5445,PON2,trt_sh.cgs,-59.925484
ATLAS_SIG_B_TOP100,CGS001-9360,PPIG,trt_sh.cgs,22.777706
ATLAS_SIG_B_TOP100,CGS001-10465,PPIH,trt_sh.cgs,-14.135829
ATLAS_SIG_B_TOP100,CGS001-151742,PPM1L,trt_sh.cgs,-3.5263157
ATLAS_SIG_B_TOP100,CGS001-5516,PPP2CB,trt_sh.cgs,0.0
ATLAS_SIG_B_TOP100,CGS001-7001,PRDX2,trt_sh.cgs,0.0
ATLAS_SIG_B_TOP100,CGS001-25824,PRDX5,trt_sh.cgs,38.401016
ATLAS_SIG_B_TOP100,CGS001-5583,PRKCH,trt_sh.cgs,-1.7631578
ATLAS_SIG_B_TOP100,CGS001-25865,PRKD2,trt_sh.cgs,10.117765
ATLAS_SIG_B_TOP100,CGS001-3276,PRMT1,trt_sh.cgs,93.634895
ATLAS_SIG_B_TOP100,CGS001-5627,PROS1,trt_sh.cgs,-48.75594
ATLAS_SIG_B_TOP100,CGS001-5645,PRSS2,trt_sh.cgs,0.0
ATLAS_SIG_B_TOP100,CGS001-29968,PSAT1,trt_sh.cgs,0.0
ATLAS_SIG_B_TOP100,CGS001-5664,PSEN2,trt_sh.cgs,47.07702
ATLAS_SIG_B_TOP100,CGS001-5682,PSMA1,trt_sh.cgs,29.143675
ATLAS_SIG_B_TOP100,CGS001-5707,PSMD1,trt_sh.cgs,21.852068
ATLAS_SIG_B_TOP100,CGS001-5721,PSME2,trt_sh.cgs,-64.16055
ATLAS_SIG_B_TOP100,CGS001-256297,PTF1A,trt_sh.cgs,-66.03496
ATLAS_SIG_B_TOP100,CGS001-5747,PTK2,trt_sh.cgs,32.32553
ATLAS_SIG_B_TOP100,CGS001-5793,PTPRG,trt_sh.cgs,-7.3490796
ATLAS_SIG_B_TOP100,CGS001-5860,QDPR,trt_sh.cgs,-75.41031
ATLAS_SIG_B_TOP100,CGS001-5901,RAN,trt_sh.cgs,2.1578948
ATLAS_SIG_B_TOP100,CGS001-11186,RASSF1,trt_sh.cgs,0.0
ATLAS_SIG_B_TOP100,CGS001-83593,RASSF5,trt_sh.cgs,-69.260704
ATLAS_SIG_B_TOP100,CGS001-125950,RAVER1,trt_sh.cgs,37.730137
ATLAS_SIG_B_TOP100,CGS001-5947,RBP1,trt_sh.cgs,10.61907
ATLAS_SIG_B_TOP100,CGS001-5649,RELN,trt_sh.cgs,6.1842103
ATLAS_SIG_B_TOP100,CGS001-54884,RETSAT,trt_sh.cgs,50.97365
ATLAS_SIG_B_TOP100,CGS001-64326,RFWD2,trt_sh.cgs,14.279974
ATLAS_SIG_B_TOP100,CGS001-222546,RFX6,trt_sh.cgs,18.117596
ATLAS_SIG_B_TOP100,CGS001-55781,RIOK2,trt_sh.cgs,29.048729
ATLAS_SIG_B_TOP100,CGS001-390,RND3,trt_sh.cgs,-66.665436
ATLAS_SIG_B_TOP100,CGS001-9616,RNF7,trt_sh.cgs,0.0
ATLAS_SIG_B_TOP100,CGS001-6093,ROCK1,trt_sh.cgs,-23.20548
ATLAS_SIG_B_TOP100,CGS001-9252,RPS6KA5,trt_sh.cgs,19.721363
ATLAS_SIG_B_TOP100,CGS001-339403,RXFP4,trt_sh.cgs,-8.686691
ATLAS_SIG_B_TOP100,CGS001-6258,RXRG,trt_sh.cgs,38.36195
ATLAS_SIG_B_TOP100,CGS001-5269,SERPINB6,trt_sh.cgs,-15.569332
ATLAS_SIG_B_TOP100,CGS001-871,SERPINH1,trt_sh.cgs,0.0
ATLAS_SIG_B_TOP100,CGS001-23451,SF3B1,trt_sh.cgs,30.40852
ATLAS_SIG_B_TOP100,CGS001-23678,SGK3,trt_sh.cgs,22.779772
ATLAS_SIG_B_TOP100,CGS001-6464,SHC1,trt_sh.cgs,22.859589
ATLAS_SIG_B_TOP100,CGS001-399694,SHC4,trt_sh.cgs,63.77036
ATLAS_SIG_B_TOP100,CGS001-51547,SIRT7,trt_sh.cgs,-56.7404
ATLAS_SIG_B_TOP100,CGS001-6558,SLC12A2,trt_sh.cgs,-9.820965
ATLAS_SIG_B_TOP100,CGS001-6566,SLC16A1,trt_sh.cgs,28.675617
ATLAS_SIG_B_TOP100,CGS001-6505,SLC1A1,trt_sh.cgs,39.93721
ATLAS_SIG_B_TOP100,CGS001-56731,SLC2A4RG,trt_sh.cgs,11.312772
ATLAS_SIG_B_TOP100,CGS001-4088,SMAD3,trt_sh.cgs,-9.737746
ATLAS_SIG_B_TOP100,CGS001-6595,SMARCA2,trt_sh.cgs,-15.753569
ATLAS_SIG_B_TOP100,CGS001-6598,SMARCB1,trt_sh.cgs,-2.665505
ATLAS_SIG_B_TOP100,CGS001-6605,SMARCE1,trt_sh.cgs,5.3655744
ATLAS_SIG_B_TOP100,CGS001-6625,SNRNP70,trt_sh.cgs,3.8819199
ATLAS_SIG_B_TOP100,CGS001-6648,SOD2,trt_sh.cgs,-45.520153
ATLAS_SIG_B_TOP100,CGS001-6652,SORD,trt_sh.cgs,-14.654965
ATLAS_SIG_B_TOP100,CGS001-6696,SPP1,trt_sh.cgs,29.98048
ATLAS_SIG_B_TOP100,CGS001-10253,SPRY2,trt_sh.cgs,38.560886
ATLAS_SIG_B_TOP100,CGS001-6713,SQLE,trt_sh.cgs,46.847572
ATLAS_SIG_B_TOP100,CGS001-10214,SSX3,trt_sh.cgs,10.939998
ATLAS_SIG_B_TOP100,CGS001-6767,ST13,trt_sh.cgs,-9.710526
ATLAS_SIG_B_TOP100,CGS001-6768,ST14,trt_sh.cgs,21.762043
ATLAS_SIG_B_TOP100,CGS001-6772,STAT1,trt_sh.cgs,12.287788
ATLAS_SIG_B_TOP100,CGS001-8428,STK24,trt_sh.cgs,-15.811195
ATLAS_SIG_B_TOP100,CGS001-23012,STK38L,trt_sh.cgs,-77.62483
ATLAS_SIG_B_TOP100,CGS001-29888,STRN4,trt_sh.cgs,18.609863
ATLAS_SIG_B_TOP100,CGS001-6822,SULT2A1,trt_sh.cgs,-36.096825
ATLAS_SIG_B_TOP100,CGS001-8464,SUPT3H,trt_sh.cgs,26.173569
ATLAS_SIG_B_TOP100,CGS001-6827,SUPT4H1,trt_sh.cgs,23.386553
ATLAS_SIG_B_TOP100,CGS001-6850,SYK,trt_sh.cgs,-72.626434
ATLAS_SIG_B_TOP100,CGS001-6857,SYT1,trt_sh.cgs,61.330696
ATLAS_SIG_B_TOP100,CGS001-134860,TAAR9,trt_sh.cgs,-5.3710356
ATLAS_SIG_B_TOP100,CGS001-9014,TAF1B,trt_sh.cgs,27.3712
ATLAS_SIG_B_TOP100,CGS001-7029,TFDP2,trt_sh.cgs,6.5263157
ATLAS_SIG_B_TOP100,CGS001-9967,THRAP3,trt_sh.cgs,-9.421053
ATLAS_SIG_B_TOP100,CGS001-7083,TK1,trt_sh.cgs,54.117645
ATLAS_SIG_B_TOP100,CGS001-7100,TLR5,trt_sh.cgs,45.935745
ATLAS_SIG_B_TOP100,CGS001-54106,TLR9,trt_sh.cgs,22.489082
ATLAS_SIG_B_TOP100,CGS001-134288,TMEM174,trt_sh.cgs,31.271107
ATLAS_SIG_B_TOP100,CGS001-51330,TNFRSF12A,trt_sh.cgs,24.270826
ATLAS_SIG_B_TOP100,CGS001-10673,TNFSF13B,trt_sh.cgs,12.536089
ATLAS_SIG_B_TOP100,CGS001-7155,TOP2B,trt_sh.cgs,-79.352844
ATLAS_SIG_B_TOP100,CGS001-89882,TPD52L3,trt_sh.cgs,11.279624
ATLAS_SIG_B_TOP100,CGS001-7167,TPI1,trt_sh.cgs,66.02047
ATLAS_SIG_B_TOP100,CGS001-7248,TSC1,trt_sh.cgs,-16.90962
ATLAS_SIG_B_TOP100,CGS001-85480,TSLP,trt_sh.cgs,7.105263
ATLAS_SIG_B_TOP100,CGS001-7267,TTC3,trt_sh.cgs,91.728966
ATLAS_SIG_B_TOP100,CGS001-7280,TUBB2A,trt_sh.cgs,53.59774
ATLAS_SIG_B_TOP100,CGS001-9898,UBAP2L,trt_sh.cgs,-49.77483
ATLAS_SIG_B_TOP100,CGS001-7319,UBE2A,trt_sh.cgs,1.4210526
ATLAS_SIG_B_TOP100,CGS001-3093,UBE2K,trt_sh.cgs,-82.80895
ATLAS_SIG_B_TOP100,CGS001-7332,UBE2L3,trt_sh.cgs,-50.791664
ATLAS_SIG_B_TOP100,CGS001-54578,UGT1A6,trt_sh.cgs,-92.388054
ATLAS_SIG_B_TOP100,CGS001-51720,UIMC1,trt_sh.cgs,0.0
ATLAS_SIG_B_TOP100,CGS001-7389,UROD,trt_sh.cgs,27.060637
ATLAS_SIG_B_TOP100,CGS001-219333,USP12,trt_sh.cgs,0.0
ATLAS_SIG_B_TOP100,CGS001-8239,USP9X,trt_sh.cgs,-11.998162
ATLAS_SIG_B_TOP100,CGS001-10138,YAF2,trt_sh.cgs,15.510685
ATLAS_SIG_B_TOP100,CGS001-8565,YARS,trt_sh.cgs,39.63287
ATLAS_SIG_B_TOP100,CGS001-8089,YEATS4,trt_sh.cgs,-9.736842
ATLAS_SIG_B_TOP100,CGS001-7534,YWHAZ,trt_sh.cgs,-47.44332
ATLAS_SIG_B_TOP100,CGS001-26137,ZBTB20,trt_sh.cgs,54.654823
ATLAS_SIG_B_TOP100,CGS001-140612,ZFP28,trt_sh.cgs,-24.025974
ATLAS_SIG_B_TOP100,CGS001-7695,ZNF136,trt_sh.cgs,0.0
ATLAS_SIG_B_TOP100,CGS001-169841,ZNF169,trt_sh.cgs,-26.229944
ATLAS_SIG_B_TOP100,CGS001-7733,ZNF180,trt_sh.cgs,-31.040089
ATLAS_SIG_B_TOP100,CGS001-7570,ZNF22,trt_sh.cgs,52.92214
ATLAS_SIG_B_TOP100,CGS001-57541,ZNF398,trt_sh.cgs,-47.299946
ATLAS_SIG_B_TOP100,CGS001-84838,ZNF496,trt_sh.cgs,-51.730072
ATLAS_SIG_B_TOP100,CGS001-137209,ZNF572,trt_sh.cgs,42.22983
ATLAS_SIG_B_TOP100,CGS001-51545,ZNF581,trt_sh.cgs,17.356604
ATLAS_SIG_B_TOP100,CGS001-152687,ZNF595,trt_sh.cgs,-73.67039
ATLAS_SIG_B_TOP100,CGS001-148103,ZNF599,trt_sh.cgs,-41.88432
ATLAS_SIG_B_TOP100,CGS001-65243,ZNF643,trt_sh.cgs,-37.514687
ATLAS_SIG_B_TOP100,CGS001-115509,ZNF689,trt_sh.cgs,27.764042
ATLAS_SIG_B_TOP100,CGS001-327,APEH,trt_sh.cgs,5.830233
ATLAS_SIG_B_TOP100,CGS001-169436,C9ORF96,trt_sh.cgs,69.23491
ATLAS_SIG_B_TOP100,CGS001-595,CCND1,trt_sh.cgs,9.519794
ATLAS_SIG_B_TOP100,CGS001-1022,CDK7,trt_sh.cgs,40.17036
ATLAS_SIG_B_TOP100,CGS001-8566,PDXK,trt_sh.cgs,4.58576
ATLAS_SIG_B_TOP100,CGS001-11156,PTP4A3,trt_sh.cgs,-24.71035
ATLAS_SIG_B_TOP100,CGS001-4087,SMAD2,trt_sh.cgs,55.786728
ATLAS_SIG_B_TOP100,CGS001-6647,SOD1,trt_sh.cgs,29.334736
ATLAS_SIG_B_TOP100,CGS001-9218,VAPA,trt_sh.cgs,34.642002
ATLAS_SIG_B_TOP100,CGS001-472,ATM,trt_sh.cgs,6.9726167
ATLAS_SIG_B_TOP100,CGS001-1956,EGFR,trt_sh.cgs,25.811146
ATLAS_SIG_B_TOP100,CGS001-3065,HDAC1,trt_sh.cgs,-26.863789
ATLAS_SIG_B_TOP100,CGS001-5290,PIK3CA,trt_sh.cgs,-31.725697
ATLAS_SIG_B_TOP100,BRD-A85280935,quinpirole,trt_cp,15.736355
ATLAS_SIG_B_TOP100,BRD-A07824748,flavanone,trt_cp,69.09259
ATLAS_SIG_B_TOP100,BRD-K20482099,rutin,trt_cp,1.9732206
ATLAS_SIG_B_TOP100,BRD-K62929068,6-benzylaminopurine,trt_cp,15.265034
ATLAS_SIG_B_TOP100,BRD-K43405658,tyrphostin-AG-527,trt_cp,14.100627
ATLAS_SIG_B_TOP100,BRD-K03670461,tyrphostin-AG-82,trt_cp,-40.5991
ATLAS_SIG_B_TOP100,BRD-K36737713,AG-957,trt_cp,26.306644
ATLAS_SIG_B_TOP100,BRD-K51223576,AG-99,trt_cp,-8.220812
ATLAS_SIG_B_TOP100,BRD-A14966924,alaproclate,trt_cp,41.35958
ATLAS_SIG_B_TOP100,BRD-A90131694,alclometasone,trt_cp,3.5076282
ATLAS_SIG_B_TOP100,BRD-K30020243,aliskiren,trt_cp,0.3523608
ATLAS_SIG_B_TOP100,BRD-A00993607,alprenolol,trt_cp,-25.744873
ATLAS_SIG_B_TOP100,BRD-K35498378,alrestatin,trt_cp,-39.73407
ATLAS_SIG_B_TOP100,BRD-A56675431,altizide,trt_cp,-50.562187
ATLAS_SIG_B_TOP100,BRD-A27554692,altrenogest,trt_cp,-3.6937513
ATLAS_SIG_B_TOP100,BRD-K53979406,ALX-5407,trt_cp,2.2538986
ATLAS_SIG_B_TOP100,BRD-K59419204,AM-281,trt_cp,1.6208597
ATLAS_SIG_B_TOP100,BRD-A10969569,ambelline,trt_cp,38.96639
ATLAS_SIG_B_TOP100,BRD-A36010170,amcinonide,trt_cp,-74.5706
ATLAS_SIG_B_TOP100,BRD-K43068349,AMG-9810,trt_cp,68.45221
ATLAS_SIG_B_TOP100,BRD-K94512704,spiramide,trt_cp,27.20684
ATLAS_SIG_B_TOP100,BRD-A69917777,aminopentamide,trt_cp,-17.044273
ATLAS_SIG_B_TOP100,BRD-K17561142,amiodarone,trt_cp,66.41457
ATLAS_SIG_B_TOP100,BRD-A22032524,amlodipine,trt_cp,-44.940056
ATLAS_SIG_B_TOP100,BRD-K98490050,amsacrine,trt_cp,-1.2684989
ATLAS_SIG_B_TOP100,BRD-K62200014,anagrelide,trt_cp,14.577089
ATLAS_SIG_B_TOP100,BRD-K46937689,phenazone,trt_cp,-13.856799
ATLAS_SIG_B_TOP100,BRD-K12057390,apigenin,trt_cp,1.1980268
ATLAS_SIG_B_TOP100,BRD-K93188295,ARC-239,trt_cp,-86.81378
ATLAS_SIG_B_TOP100,BRD-A72758037,asiatic-acid,trt_cp,22.45792
ATLAS_SIG_B_TOP100,BRD-A65145453,ATPA,trt_cp,10.830395
ATLAS_SIG_B_TOP100,BRD-K45861246,azaperone,trt_cp,36.972584
ATLAS_SIG_B_TOP100,BRD-K93080877,Ala-Ala-Phe-CMK,trt_cp,73.53767
ATLAS_SIG_B_TOP100,BRD-K41445866,alfaxalone,trt_cp,-16.301176
ATLAS_SIG_B_TOP100,BRD-K56558538,ambroxol,trt_cp,-40.88928
ATLAS_SIG_B_TOP100,BRD-K50214219,CS-1657,trt_cp,-5.8423367
ATLAS_SIG_B_TOP100,BRD-K91290917,amodiaquine,trt_cp,4.5772305
ATLAS_SIG_B_TOP100,BRD-K52397688,amperozide,trt_cp,23.452751
ATLAS_SIG_B_TOP100,BRD-A09062839,amyleine,trt_cp,69.88505
ATLAS_SIG_B_TOP100,BRD-K55424922,anpirtoline,trt_cp,-2.8419232
ATLAS_SIG_B_TOP100,BRD-K72726508,arcyriaflavin-a,trt_cp,-14.720276
ATLAS_SIG_B_TOP100,BRD-A70514680,articaine,trt_cp,26.148823
ATLAS_SIG_B_TOP100,BRD-A66199457,asiaticoside,trt_cp,4.2900295
ATLAS_SIG_B_TOP100,BRD-A84493640,atovaquone,trt_cp,-14.250115
ATLAS_SIG_B_TOP100,BRD-K04877770,FTase-inhibitor-B581,trt_cp,27.0085
ATLAS_SIG_B_TOP100,BRD-A16694057,BADGE,trt_cp,1.5189121
ATLAS_SIG_B_TOP100,BRD-A80017228,bendroflumethiazide,trt_cp,-9.727403
ATLAS_SIG_B_TOP100,BRD-K70327191,benzoxiquine,trt_cp,-0.1761804
ATLAS_SIG_B_TOP100,BRD-A02180903,betamethasone,trt_cp,-59.548683
ATLAS_SIG_B_TOP100,BRD-A92177080,betamethasone-acetate,trt_cp,-3.1333523
ATLAS_SIG_B_TOP100,BRD-A71799696,BH3I-1,trt_cp,13.727761
ATLAS_SIG_B_TOP100,BRD-K49294207,BIBU-1361,trt_cp,14.346761
ATLAS_SIG_B_TOP100,BRD-K70914287,BIBX-1382,trt_cp,50.19882
ATLAS_SIG_B_TOP100,BRD-A00546892,biperiden,trt_cp,8.828795
ATLAS_SIG_B_TOP100,BRD-K39987650,bisacodyl,trt_cp,25.118816
ATLAS_SIG_B_TOP100,BRD-A89175223,bisoprolol,trt_cp,-1.0570824
ATLAS_SIG_B_TOP100,BRD-K39120595,bithionol,trt_cp,-5.2537875
ATLAS_SIG_B_TOP100,BRD-K56509348,BMS-182874,trt_cp,-45.299522
ATLAS_SIG_B_TOP100,BRD-K84895041,BMY-45778,trt_cp,-47.96483
ATLAS_SIG_B_TOP100,BRD-A55484088,BNTX,trt_cp,32.381588
ATLAS_SIG_B_TOP100,BRD-A83326220,brazilin,trt_cp,18.108025
ATLAS_SIG_B_TOP100,BRD-A37347161,BRL-52537,trt_cp,-6.2053843
ATLAS_SIG_B_TOP100,BRD-K47631482,bromhexine,trt_cp,29.4259
ATLAS_SIG_B_TOP100,BRD-A80151636,bromocriptine,trt_cp,-25.077732
ATLAS_SIG_B_TOP100,BRD-A41995253,brucine,trt_cp,-20.868662
ATLAS_SIG_B_TOP100,BRD-K55344148,BU-224,trt_cp,10.624887
ATLAS_SIG_B_TOP100,BRD-K56115039,BU-226,trt_cp,15.208289
ATLAS_SIG_B_TOP100,BRD-A60571864,budesonide,trt_cp,-20.022762
ATLAS_SIG_B_TOP100,BRD-A05186015,bupropion,trt_cp,3.3121917
ATLAS_SIG_B_TOP100,BRD-K08287586,butyl-paraben,trt_cp,3.86905
ATLAS_SIG_B_TOP100,BRD-A22713669,BVT-948,trt_cp,0.0
ATLAS_SIG_B_TOP100,BRD-A55946879,BW-B70C,trt_cp,4.6159267
ATLAS_SIG_B_TOP100,BRD-K43468059,byssochlamic-acid,trt_cp,24.786106
ATLAS_SIG_B_TOP100,BRD-A15131297,benazepril,trt_cp,-0.88090205
ATLAS_SIG_B_TOP100,BRD-K97688263,benzamil,trt_cp,-4.7672467
ATLAS_SIG_B_TOP100,BRD-K14221570,benzopurpurin-4b,trt_cp,-0.31712472
ATLAS_SIG_B_TOP100,BRD-A15034104,bergenin,trt_cp,17.943104
ATLAS_SIG_B_TOP100,BRD-K49448285,bisindolylmaleimide,trt_cp,-3.1465945
ATLAS_SIG_B_TOP100,BRD-A60274948,bromocriptine,trt_cp,1.3661181
ATLAS_SIG_B_TOP100,BRD-A15070535,bucladesine,trt_cp,-48.35386
ATLAS_SIG_B_TOP100,BRD-A82238138,budesonide,trt_cp,-51.70184
ATLAS_SIG_B_TOP100,BRD-K41707108,ceramide,trt_cp,64.808716
ATLAS_SIG_B_TOP100,BRD-A56020723,CA-074-Me,trt_cp,0.0
ATLAS_SIG_B_TOP100,BRD-K02404261,caffeine,trt_cp,39.631496
ATLAS_SIG_B_TOP100,BRD-A65671304,candesartan-cilextil,trt_cp,7.694764
ATLAS_SIG_B_TOP100,BRD-A29322418,canrenoic-acid,trt_cp,-6.9015794
ATLAS_SIG_B_TOP100,BRD-A29426959,carbinoxamine,trt_cp,-25.495083
ATLAS_SIG_B_TOP100,BRD-A10977446,carvedilol,trt_cp,0.49330515
ATLAS_SIG_B_TOP100,BRD-A55369275,CGP-54626,trt_cp,11.415748
ATLAS_SIG_B_TOP100,BRD-K42500029,CGP-57380,trt_cp,15.860983
ATLAS_SIG_B_TOP100,BRD-K49049886,CGS-15943,trt_cp,9.350251
ATLAS_SIG_B_TOP100,BRD-A01593789,chlormadinone-acetate,trt_cp,45.785065
ATLAS_SIG_B_TOP100,BRD-A91699651,chloroquine,trt_cp,-27.8126
ATLAS_SIG_B_TOP100,BRD-K17075857,chloroxine,trt_cp,7.0696154
ATLAS_SIG_B_TOP100,BRD-K89595132,chlorphenamine,trt_cp,8.947096
ATLAS_SIG_B_TOP100,BRD-K59058766,chlorprothixene,trt_cp,15.823708
ATLAS_SIG_B_TOP100,BRD-K67017579,cilostazol,trt_cp,-36.568356
ATLAS_SIG_B_TOP100,BRD-K34157611,cimetidine,trt_cp,-12.151534
ATLAS_SIG_B_TOP100,BRD-K40901640,cinanserin,trt_cp,-2.149401
ATLAS_SIG_B_TOP100,BRD-K14693417,cinchonine,trt_cp,-6.1710615
ATLAS_SIG_B_TOP100,BRD-K53263234,CITCO,trt_cp,40.102585
ATLAS_SIG_B_TOP100,BRD-K30240666,clemastine,trt_cp,-4.4968233
ATLAS_SIG_B_TOP100,BRD-A26095496,clobetasol,trt_cp,-7.836043
ATLAS_SIG_B_TOP100,BRD-K45252063,clofibrate,trt_cp,-95.06695
ATLAS_SIG_B_TOP100,BRD-K54095730,CMPD-1,trt_cp,25.964642
ATLAS_SIG_B_TOP100,BRD-K53545112,CNQX,trt_cp,-41.653446
ATLAS_SIG_B_TOP100,BRD-A55416093,colforsin,trt_cp,24.016464
ATLAS_SIG_B_TOP100,BRD-A54487287,cortisone-acetate,trt_cp,17.520718
ATLAS_SIG_B_TOP100,BRD-K23913458,coumarin,trt_cp,-73.187294
ATLAS_SIG_B_TOP100,BRD-A64933752,CV-1808,trt_cp,35.901352
ATLAS_SIG_B_TOP100,BRD-K40965114,cyanopindolol,trt_cp,-0.7751938
ATLAS_SIG_B_TOP100,BRD-K36055864,cycloheximide,trt_cp,-48.75512
ATLAS_SIG_B_TOP100,BRD-A26787626,cyclopiazonic-acid,trt_cp,-43.297382
ATLAS_SIG_B_TOP100,BRD-A69815203,cyclosporin-a,trt_cp,-60.42428
ATLAS_SIG_B_TOP100,BRD-K56429665,calcipotriol,trt_cp,15.431152
ATLAS_SIG_B_TOP100,BRD-A53416814,ceramide,trt_cp,27.99633
ATLAS_SIG_B_TOP100,BRD-K51290057,SA-792709,trt_cp,64.47392
ATLAS_SIG_B_TOP100,BRD-K32828673,chelidonine,trt_cp,53.933807
ATLAS_SIG_B_TOP100,BRD-A41555725,chlortetracycline,trt_cp,-38.53005
ATLAS_SIG_B_TOP100,BRD-A83695761,chromanol,trt_cp,16.598587
ATLAS_SIG_B_TOP100,BRD-A65440446,cimaterol,trt_cp,-19.553513
ATLAS_SIG_B_TOP100,BRD-K06895174,cisapride,trt_cp,-5.179704
ATLAS_SIG_B_TOP100,BRD-K59163477,cisapride,trt_cp,0.1761804
ATLAS_SIG_B_TOP100,BRD-K17294426,clebopride,trt_cp,-27.415348
ATLAS_SIG_B_TOP100,BRD-K09255212,clioquinol,trt_cp,-28.100351
ATLAS_SIG_B_TOP100,BRD-K55677650,CO-101244,trt_cp,-3.5940804
ATLAS_SIG_B_TOP100,BRD-K43736954,cortisone,trt_cp,6.6549177
ATLAS_SIG_B_TOP100,BRD-K06467078,corynanthine,trt_cp,13.163929
ATLAS_SIG_B_TOP100,BRD-A62184259,cycloheximide,trt_cp,-83.09422
ATLAS_SIG_B_TOP100,BRD-A92537424,danazol,trt_cp,4.5026407
ATLAS_SIG_B_TOP100,BRD-K43389675,daunorubicin,trt_cp,42.724716
ATLAS_SIG_B_TOP100,BRD-A39255369,DCPIB,trt_cp,20.543547
ATLAS_SIG_B_TOP100,BRD-A17819071,gedunin,trt_cp,-31.732721
ATLAS_SIG_B_TOP100,BRD-K68558722,deracoxib,trt_cp,-65.361244
ATLAS_SIG_B_TOP100,BRD-A49447682,desoximetasone,trt_cp,5.3911204
ATLAS_SIG_B_TOP100,BRD-K13819402,desoxypeganine,trt_cp,-51.310387
ATLAS_SIG_B_TOP100,BRD-A10188456,dexamethasone,trt_cp,-43.598267
ATLAS_SIG_B_TOP100,BRD-A93424738,dexamethasone-acetate,trt_cp,-7.840644
ATLAS_SIG_B_TOP100,BRD-A04553218,chlorphenamine,trt_cp,-0.45806906
ATLAS_SIG_B_TOP100,BRD-K24053527,dextromethorphan,trt_cp,-18.38425
ATLAS_SIG_B_TOP100,BRD-K01555864,dibenzoylmethane,trt_cp,-27.358181
ATLAS_SIG_B_TOP100,BRD-K08252256,diclofenac,trt_cp,7.1037855
ATLAS_SIG_B_TOP100,BRD-K95309561,dienestrol,trt_cp,-52.34147
ATLAS_SIG_B_TOP100,BRD-K45542189,diethylcarbamazine,trt_cp,-27.474222
ATLAS_SIG_B_TOP100,BRD-K45330754,diethylstilbestrol,trt_cp,0.0
ATLAS_SIG_B_TOP100,BRD-A93236127,digitoxin,trt_cp,4.612554
ATLAS_SIG_B_TOP100,BRD-A94756469,digoxin,trt_cp,-8.538326
ATLAS_SIG_B_TOP100,BRD-K20152659,dihomo-gamma-linolenic-acid,trt_cp,-52.611137
ATLAS_SIG_B_TOP100,BRD-A47144777,dihydro-7-desacetyldeoxygedunin,trt_cp,31.54475
ATLAS_SIG_B_TOP100,BRD-A02713983,dihydrodeoxygedunin,trt_cp,65.27184
ATLAS_SIG_B_TOP100,BRD-A65076780,dihydroergocristine,trt_cp,28.536114
ATLAS_SIG_B_TOP100,BRD-K72166146,dihydroergotamine,trt_cp,-8.139535
ATLAS_SIG_B_TOP100,BRD-K63945320,dihydrosamidin,trt_cp,-11.45994
ATLAS_SIG_B_TOP100,BRD-K10974103,diloxanide,trt_cp,-4.115307
ATLAS_SIG_B_TOP100,BRD-A69636825,diltiazem,trt_cp,-85.20731
ATLAS_SIG_B_TOP100,BRD-K82577285,dipropyl-dopamine,trt_cp,45.38408
ATLAS_SIG_B_TOP100,BRD-K86301799,dipyridamole,trt_cp,-28.443674
ATLAS_SIG_B_TOP100,BRD-K96084870,DMBI,trt_cp,26.960697
ATLAS_SIG_B_TOP100,BRD-K38305202,domperidone,trt_cp,9.202539
ATLAS_SIG_B_TOP100,BRD-A49160188,donepezil,trt_cp,30.920664
ATLAS_SIG_B_TOP100,BRD-K37694030,doxepin,trt_cp,26.801971
ATLAS_SIG_B_TOP100,BRD-A52530684,doxorubicin,trt_cp,77.9602
ATLAS_SIG_B_TOP100,BRD-K99922388,DPO-1,trt_cp,-0.66948557
ATLAS_SIG_B_TOP100,BRD-K97158071,droperidol,trt_cp,5.0922103
ATLAS_SIG_B_TOP100,BRD-K71103788,duloxetine,trt_cp,-8.550344
ATLAS_SIG_B_TOP100,BRD-K60274257,dephostatin,trt_cp,-1.303735
ATLAS_SIG_B_TOP100,BRD-K47635719,dexamethasone,trt_cp,-80.42497
ATLAS_SIG_B_TOP100,BRD-A04706586,bucladesine,trt_cp,5.3525233
ATLAS_SIG_B_TOP100,BRD-K18518344,digitoxigenin,trt_cp,10.503897
ATLAS_SIG_B_TOP100,BRD-A99164655,dihydrexidine,trt_cp,-2.4732924
ATLAS_SIG_B_TOP100,BRD-A44701612,dihydroergocristine,trt_cp,17.09669
ATLAS_SIG_B_TOP100,BRD-A54845972,dihydroergotamine,trt_cp,15.537826
ATLAS_SIG_B_TOP100,BRD-K48722258,dilazep,trt_cp,-4.0169134
ATLAS_SIG_B_TOP100,BRD-K93441486,diphemanil,trt_cp,11.337261
ATLAS_SIG_B_TOP100,BRD-K54233340,dorsomorphin,trt_cp,3.4178998
ATLAS_SIG_B_TOP100,BRD-A76941896,doxorubicin,trt_cp,62.154015
ATLAS_SIG_B_TOP100,BRD-A99571536,dubinidine,trt_cp,50.574936
ATLAS_SIG_B_TOP100,BRD-K41713976,E-4031,trt_cp,-3.555204
ATLAS_SIG_B_TOP100,BRD-K50464341,berbamine,trt_cp,48.73575
ATLAS_SIG_B_TOP100,BRD-K80325895,eicosadienoic-acid,trt_cp,-27.599014
ATLAS_SIG_B_TOP100,BRD-K47192521,icosapent,trt_cp,23.746574
ATLAS_SIG_B_TOP100,BRD-K47659338,EMD-386088,trt_cp,-51.261566
ATLAS_SIG_B_TOP100,BRD-A25687296,emetine,trt_cp,0.0
ATLAS_SIG_B_TOP100,BRD-A98431941,ephedrine,trt_cp,-8.421424
ATLAS_SIG_B_TOP100,BRD-K50660797,epicatechin-gallate-(-),trt_cp,28.631989
ATLAS_SIG_B_TOP100,BRD-K04548931,epirubicin,trt_cp,34.555927
ATLAS_SIG_B_TOP100,BRD-A88080608,equilin,trt_cp,56.91191
ATLAS_SIG_B_TOP100,BRD-K39746403,erythromycin-estolate,trt_cp,-52.3122
ATLAS_SIG_B_TOP100,BRD-K51677086,erythromycin-ethylsuccinate,trt_cp,23.576134
ATLAS_SIG_B_TOP100,BRD-K14920963,erythrosine,trt_cp,88.42298
ATLAS_SIG_B_TOP100,BRD-K70301876,escitalopram,trt_cp,-25.230179
ATLAS_SIG_B_TOP100,BRD-A18917088,estradiol,trt_cp,8.09606
ATLAS_SIG_B_TOP100,BRD-A36066264,estradiol-benzoate,trt_cp,-5.378908
ATLAS_SIG_B_TOP100,BRD-A91452556,estradiol-cypionate,trt_cp,8.040208
ATLAS_SIG_B_TOP100,BRD-A37959677,estrone,trt_cp,-91.267944
ATLAS_SIG_B_TOP100,BRD-A22143024,estropipate,trt_cp,-5.620908
ATLAS_SIG_B_TOP100,BRD-K08556791,ethoprop,trt_cp,0.0
ATLAS_SIG_B_TOP100,BRD-A74667430,etodolac,trt_cp,-28.81624
ATLAS_SIG_B_TOP100,BRD-A54880345,etomidate,trt_cp,21.867249
ATLAS_SIG_B_TOP100,BRD-K32977963,eugenol,trt_cp,-44.93273
ATLAS_SIG_B_TOP100,BRD-A73741725,exemestane,trt_cp,33.04706
ATLAS_SIG_B_TOP100,BRD-A41519720,ezetimibe,trt_cp,38.159164
ATLAS_SIG_B_TOP100,BRD-K40227168,vinburnine,trt_cp,-34.23519
ATLAS_SIG_B_TOP100,BRD-K74212935,ergocryptine,trt_cp,4.844303
ATLAS_SIG_B_TOP100,BRD-K51095933,estropipate,trt_cp,15.293856
ATLAS_SIG_B_TOP100,BRD-K64755930,etazolate,trt_cp,-4.2416816
ATLAS_SIG_B_TOP100,BRD-K45033733,famciclovir,trt_cp,3.1360114
ATLAS_SIG_B_TOP100,BRD-A97104540,fenoterol,trt_cp,-35.289974
ATLAS_SIG_B_TOP100,BRD-K66093087,FGIN-1-43,trt_cp,-29.967308
ATLAS_SIG_B_TOP100,BRD-A50675702,fipronil,trt_cp,8.321911
ATLAS_SIG_B_TOP100,BRD-A38749782,fludrocortisone-acetate,trt_cp,42.868484
ATLAS_SIG_B_TOP100,BRD-K29582677,flunarizine,trt_cp,-33.007893
ATLAS_SIG_B_TOP100,BRD-A77824596,fluocinolone,trt_cp,63.943527
ATLAS_SIG_B_TOP100,BRD-A15297126,fluocinolone-acetonide,trt_cp,0.0
ATLAS_SIG_B_TOP100,BRD-K28307902,flutamide,trt_cp,0.7047216
ATLAS_SIG_B_TOP100,BRD-K66296774,fluvastatin,trt_cp,47.282696
ATLAS_SIG_B_TOP100,BRD-K76587808,fraxetin,trt_cp,13.939706
ATLAS_SIG_B_TOP100,BRD-K77947974,fluspirilene,trt_cp,42.797184
ATLAS_SIG_B_TOP100,BRD-K09602097,forskolin,trt_cp,39.81607
ATLAS_SIG_B_TOP100,BRD-A71157293,fursultiamine,trt_cp,-5.2543793
ATLAS_SIG_B_TOP100,BRD-K31342827,bisindolylmaleimide,trt_cp,-3.6645525
ATLAS_SIG_B_TOP100,BRD-A29082194,gitoxigenin,trt_cp,-20.355946
ATLAS_SIG_B_TOP100,BRD-K51662849,ilomastat,trt_cp,1.8748778
ATLAS_SIG_B_TOP100,BRD-A33084410,5'-guanidinonaltrindole,trt_cp,-0.45806906
ATLAS_SIG_B_TOP100,BRD-K50891186,GR-103691,trt_cp,11.304185
ATLAS_SIG_B_TOP100,BRD-K49945136,GR-113808,trt_cp,10.812928
ATLAS_SIG_B_TOP100,BRD-K83023055,GR-135531,trt_cp,-15.657171
ATLAS_SIG_B_TOP100,BRD-A90515964,guaifenesin,trt_cp,-33.734035
ATLAS_SIG_B_TOP100,BRD-K56800335,guanabenz,trt_cp,10.055767
ATLAS_SIG_B_TOP100,BRD-K32830106,guanfacine,trt_cp,-10.6348295
ATLAS_SIG_B_TOP100,BRD-A15415227,GW-1929,trt_cp,54.90111
ATLAS_SIG_B_TOP100,BRD-K33818169,GW-3965,trt_cp,-30.765442
ATLAS_SIG_B_TOP100,BRD-K64245000,GW-4064,trt_cp,-37.294754
ATLAS_SIG_B_TOP100,BRD-K39520573,GW-5074,trt_cp,-41.32254
ATLAS_SIG_B_TOP100,BRD-K96263742,GW-7647,trt_cp,1.295768
ATLAS_SIG_B_TOP100,BRD-A49148672,galantamine,trt_cp,14.867039
ATLAS_SIG_B_TOP100,BRD-A17535965,gelsemine,trt_cp,55.84402
ATLAS_SIG_B_TOP100,BRD-K54771420,glycocholic-acid,trt_cp,-5.830721
ATLAS_SIG_B_TOP100,BRD-K62736196,guanaben-acetate,trt_cp,-28.191992
ATLAS_SIG_B_TOP100,BRD-K67847053,guanabenz,trt_cp,28.669796
ATLAS_SIG_B_TOP100,BRD-K77793136,hydroxyfasudil,trt_cp,-45.20728
ATLAS_SIG_B_TOP100,BRD-K99946902,hexylresorcinol,trt_cp,6.6420984
ATLAS_SIG_B_TOP100,BRD-A65767837,hydrocortisone-acetate,trt_cp,64.10828
ATLAS_SIG_B_TOP100,BRD-A07000685,hydrocortisone-hemisuccinate,trt_cp,-13.6574745
ATLAS_SIG_B_TOP100,BRD-A46186775,hydrocortisone-phosphate,trt_cp,-32.219177
ATLAS_SIG_B_TOP100,BRD-K29673530,hypericin,trt_cp,-7.137075
ATLAS_SIG_B_TOP100,BRD-A08709697,heliotrine,trt_cp,14.141226
ATLAS_SIG_B_TOP100,BRD-A74975734,homatropine,trt_cp,1.5097046
ATLAS_SIG_B_TOP100,BRD-A22769835,homochlorcyclizine,trt_cp,-8.586811
ATLAS_SIG_B_TOP100,BRD-K37447567,hydrocotarnine,trt_cp,17.335594
ATLAS_SIG_B_TOP100,BRD-A78295502,hydroquinine,trt_cp,45.684273
ATLAS_SIG_B_TOP100,BRD-K35377380,I-OMe-AG-538,trt_cp,-3.2358718
ATLAS_SIG_B_TOP100,BRD-A48809242,IB-MECA,trt_cp,-59.216393
ATLAS_SIG_B_TOP100,BRD-K65639003,icariin,trt_cp,-3.6293163
ATLAS_SIG_B_TOP100,BRD-K52219182,ICI-63197,trt_cp,-0.63424945
ATLAS_SIG_B_TOP100,BRD-A78942461,ICI-118551,trt_cp,0.10570825
ATLAS_SIG_B_TOP100,BRD-K33308633,INCA-6,trt_cp,52.671936
ATLAS_SIG_B_TOP100,BRD-K17894950,indirubin,trt_cp,-5.8648887
ATLAS_SIG_B_TOP100,BRD-K57222227,indometacin,trt_cp,-3.6293163
ATLAS_SIG_B_TOP100,BRD-K60038276,irbesartan,trt_cp,26.721703
ATLAS_SIG_B_TOP100,BRD-K48869804,icilin,trt_cp,1.1627907
ATLAS_SIG_B_TOP100,BRD-A10903566,imiloxan,trt_cp,11.0139065
ATLAS_SIG_B_TOP100,BRD-K49519092,immethridine,trt_cp,-81.91991
ATLAS_SIG_B_TOP100,BRD-K53959060,indirubin,trt_cp,-80.276474
ATLAS_SIG_B_TOP100,BRD-K19136521,indirubin-3-monoxime,trt_cp,-19.154495
ATLAS_SIG_B_TOP100,BRD-A37432947,ipratropium,trt_cp,32.371407
ATLAS_SIG_B_TOP100,BRD-K90574421,ipsapirone,trt_cp,16.806543
ATLAS_SIG_B_TOP100,BRD-A90799790,isradipine,trt_cp,1.6560959
ATLAS_SIG_B_TOP100,BRD-A40639672,ketorolac,trt_cp,-5.21494
ATLAS_SIG_B_TOP100,BRD-K28936863,ketotifen,trt_cp,0.88090205
ATLAS_SIG_B_TOP100,BRD-A43849199,karakoline,trt_cp,25.222265
ATLAS_SIG_B_TOP100,BRD-K09497549,kawain,trt_cp,31.059578
ATLAS_SIG_B_TOP100,BRD-K47150025,KI-8751,trt_cp,19.775532
ATLAS_SIG_B_TOP100,BRD-K39733634,L-161982,trt_cp,18.628485
ATLAS_SIG_B_TOP100,BRD-A85472596,L-670596,trt_cp,9.501084
ATLAS_SIG_B_TOP100,BRD-A93206962,L-755507,trt_cp,-4.40451
ATLAS_SIG_B_TOP100,BRD-K18036262,L-168049,trt_cp,2.0789287
ATLAS_SIG_B_TOP100,BRD-A84389091,L-655708,trt_cp,-6.293643
ATLAS_SIG_B_TOP100,BRD-K08109516,L-701324,trt_cp,-60.337547
ATLAS_SIG_B_TOP100,BRD-A71203467,L-stepholidine,trt_cp,0.0
ATLAS_SIG_B_TOP100,BRD-A72711497,lasalocid,trt_cp,35.326523
ATLAS_SIG_B_TOP100,BRD-A32836748,leu-enkephalin,trt_cp,-60.088078
ATLAS_SIG_B_TOP100,BRD-K08973992,linoleic-acid,trt_cp,2.0789287
ATLAS_SIG_B_TOP100,BRD-K88849294,lobaric-acid,trt_cp,2.8291686
ATLAS_SIG_B_TOP100,BRD-K15834839,lobendazole,trt_cp,0.422833
ATLAS_SIG_B_TOP100,BRD-K39915878,loxapine,trt_cp,-8.951166
ATLAS_SIG_B_TOP100,BRD-A92826379,lupanine,trt_cp,-39.71443
ATLAS_SIG_B_TOP100,BRD-K95899059,LY-344864,trt_cp,0.0
ATLAS_SIG_B_TOP100,BRD-K74765201,tomelukast,trt_cp,-68.07604
ATLAS_SIG_B_TOP100,BRD-K27305650,LY-294002,trt_cp,-3.3402944
ATLAS_SIG_B_TOP100,BRD-K62792802,LY-83583,trt_cp,52.807144
ATLAS_SIG_B_TOP100,BRD-A24817035,laudanosine,trt_cp,1.4094433
ATLAS_SIG_B_TOP100,BRD-K96119599,leucodin,trt_cp,-4.69934
ATLAS_SIG_B_TOP100,BRD-K59332007,linopirdine,trt_cp,9.515232
ATLAS_SIG_B_TOP100,BRD-K36377456,marmesin,trt_cp,5.0541506
ATLAS_SIG_B_TOP100,BRD-K64746805,MBCQ,trt_cp,3.5951293
ATLAS_SIG_B_TOP100,BRD-A62057054,MDL-11939,trt_cp,6.4236894
ATLAS_SIG_B_TOP100,BRD-K59753853,MDL-29951,trt_cp,0.5285412
ATLAS_SIG_B_TOP100,BRD-A09467419,mebeverine,trt_cp,-14.946643
ATLAS_SIG_B_TOP100,BRD-A84174393,meloxicam,trt_cp,48.00567
ATLAS_SIG_B_TOP100,BRD-K18194590,mephentermine,trt_cp,46.99604
ATLAS_SIG_B_TOP100,BRD-K91336023,mesulergine,trt_cp,0.0
ATLAS_SIG_B_TOP100,BRD-A02189320,met-leu-phe,trt_cp,-2.2198732
ATLAS_SIG_B_TOP100,BRD-K34685430,methylergometrine,trt_cp,8.494244
ATLAS_SIG_B_TOP100,BRD-K35941380,methysergide,trt_cp,-53.410583
ATLAS_SIG_B_TOP100,BRD-A61793559,metolazone,trt_cp,-29.501705
ATLAS_SIG_B_TOP100,BRD-A79981887,midodrine,trt_cp,-18.945356
ATLAS_SIG_B_TOP100,BRD-A48237631,mitomycin-c,trt_cp,-14.9456
ATLAS_SIG_B_TOP100,BRD-A31204924,mitotane,trt_cp,-8.799133
ATLAS_SIG_B_TOP100,BRD-K19554809,MK-212,trt_cp,0.0
ATLAS_SIG_B_TOP100,BRD-K68402494,ML-9,trt_cp,-0.95137423
ATLAS_SIG_B_TOP100,BRD-A06784547,MRS-1334,trt_cp,-7.2173433
ATLAS_SIG_B_TOP100,BRD-K03319035,maprotiline,trt_cp,-16.991045
ATLAS_SIG_B_TOP100,BRD-A66563878,medetomidine,trt_cp,47.08821
ATLAS_SIG_B_TOP100,BRD-K19507340,megestrol,trt_cp,-9.69026
ATLAS_SIG_B_TOP100,BRD-A42346008,metanephrine,trt_cp,-37.53832
ATLAS_SIG_B_TOP100,BRD-K88741031,"methyl-2,5-dihydroxycinnamate",trt_cp,-53.60879
ATLAS_SIG_B_TOP100,BRD-A33711280,metixene,trt_cp,2.9499698
ATLAS_SIG_B_TOP100,BRD-K46862739,metyrapone,trt_cp,-68.876465
ATLAS_SIG_B_TOP100,BRD-A64977602,mirtazapine,trt_cp,4.9330516
ATLAS_SIG_B_TOP100,BRD-K31542390,mycophenolic-acid,trt_cp,-6.129409
ATLAS_SIG_B_TOP100,BRD-K51557114,BRD-K51557114,trt_cp,-59.698788
ATLAS_SIG_B_TOP100,BRD-K98297262,BRD-K98297262,trt_cp,3.0217695
ATLAS_SIG_B_TOP100,BRD-A61470182,N-formylmethionylalanine,trt_cp,12.796727
ATLAS_SIG_B_TOP100,BRD-A85234536,N6-cyclopentyladenosine,trt_cp,-9.297014
ATLAS_SIG_B_TOP100,BRD-K65146499,nabumetone,trt_cp,-41.073524
ATLAS_SIG_B_TOP100,BRD-A67862938,naftidrofuryl,trt_cp,-21.86107
ATLAS_SIG_B_TOP100,BRD-A66559694,naltrexone,trt_cp,-7.2093034
ATLAS_SIG_B_TOP100,BRD-K34014345,naproxol,trt_cp,-3.488372
ATLAS_SIG_B_TOP100,BRD-K47717570,NBQX,trt_cp,-5.914675
ATLAS_SIG_B_TOP100,BRD-A85025557,NCS-382,trt_cp,-9.261505
ATLAS_SIG_B_TOP100,BRD-K76810206,nicergoline,trt_cp,-23.31487
ATLAS_SIG_B_TOP100,BRD-K79092138,nitrofural,trt_cp,38.420578
ATLAS_SIG_B_TOP100,BRD-A09349126,norethindrone,trt_cp,1.7339053
ATLAS_SIG_B_TOP100,BRD-A04756508,norgestimate,trt_cp,9.274813
ATLAS_SIG_B_TOP100,BRD-K54210043,NS-1619,trt_cp,-34.515903
ATLAS_SIG_B_TOP100,BRD-K59637651,NSC-119889,trt_cp,19.0641
ATLAS_SIG_B_TOP100,BRD-K03109492,NSC-663284,trt_cp,40.55817
ATLAS_SIG_B_TOP100,BRD-K09537769,NU-7026,trt_cp,16.836557
ATLAS_SIG_B_TOP100,BRD-K50311478,tosyl-phenylalanyl-chloromethyl-ketone,trt_cp,-0.31712472
ATLAS_SIG_B_TOP100,BRD-K66404838,nalbuphine,trt_cp,-1.0923185
ATLAS_SIG_B_TOP100,BRD-A37541666,naloxone,trt_cp,9.654686
ATLAS_SIG_B_TOP100,BRD-A83855350,naltrexone,trt_cp,-58.617447
ATLAS_SIG_B_TOP100,BRD-A94669766,naringenin,trt_cp,28.995628
ATLAS_SIG_B_TOP100,BRD-K02953697,naringin,trt_cp,-31.235346
ATLAS_SIG_B_TOP100,BRD-K53123955,niridazole,trt_cp,-13.515702
ATLAS_SIG_B_TOP100,BRD-K78485176,olmesartan-medoxomil,trt_cp,42.376686
ATLAS_SIG_B_TOP100,BRD-A68930007,ouabain,trt_cp,0.9866103
ATLAS_SIG_B_TOP100,BRD-K66019333,oxantel,trt_cp,-56.57779
ATLAS_SIG_B_TOP100,BRD-K25394294,oxaprozin,trt_cp,1.5151515
ATLAS_SIG_B_TOP100,BRD-K52075715,oxibendazole,trt_cp,22.593197
ATLAS_SIG_B_TOP100,BRD-K21936341,oxotremorine-sesquifumarate,trt_cp,2.4704208
ATLAS_SIG_B_TOP100,BRD-K31987754,oleylethanolamide,trt_cp,-1.3166595
ATLAS_SIG_B_TOP100,BRD-A46747628,ouabain,trt_cp,23.201422
ATLAS_SIG_B_TOP100,BRD-A43671941,oxprenolol,trt_cp,-4.0521493
ATLAS_SIG_B_TOP100,BRD-K53061490,ozagrel,trt_cp,-3.5922055
ATLAS_SIG_B_TOP100,BRD-A28746609,paclitaxel,trt_cp,11.114146
ATLAS_SIG_B_TOP100,BRD-K48735772,PD-158780,trt_cp,-88.892075
ATLAS_SIG_B_TOP100,BRD-A43150328,penicillic-acid,trt_cp,3.5940804
ATLAS_SIG_B_TOP100,BRD-K55191674,benzylpenicillin,trt_cp,25.519897
ATLAS_SIG_B_TOP100,BRD-K03842655,penitrem-a,trt_cp,0.9161381
ATLAS_SIG_B_TOP100,BRD-A44448661,pentobarbital,trt_cp,40.79742
ATLAS_SIG_B_TOP100,BRD-K60770992,pergolide,trt_cp,-4.9330516
ATLAS_SIG_B_TOP100,BRD-K92731339,perindopril,trt_cp,-28.790184
ATLAS_SIG_B_TOP100,BRD-A45333398,periplocymarin,trt_cp,-4.981249
ATLAS_SIG_B_TOP100,BRD-A93477898,PETCM,trt_cp,0.31712472
ATLAS_SIG_B_TOP100,BRD-A48257147,PHCCC,trt_cp,7.01198
ATLAS_SIG_B_TOP100,BRD-K38323065,phenacetin,trt_cp,-9.10265
ATLAS_SIG_B_TOP100,BRD-K21350491,phenamil,trt_cp,-11.485888
ATLAS_SIG_B_TOP100,BRD-K19227686,phenolphthalein,trt_cp,31.524414
ATLAS_SIG_B_TOP100,BRD-K96319534,phentermine,trt_cp,11.453251
ATLAS_SIG_B_TOP100,BRD-K25650355,physostigmine,trt_cp,-45.902008
ATLAS_SIG_B_TOP100,BRD-K14536225,piceid,trt_cp,24.817484
ATLAS_SIG_B_TOP100,BRD-K26801045,pipamperone,trt_cp,75.97973
ATLAS_SIG_B_TOP100,BRD-A97479839,piperidolate,trt_cp,-55.930256
ATLAS_SIG_B_TOP100,BRD-K59522102,piperine,trt_cp,-13.437392
ATLAS_SIG_B_TOP100,BRD-K24132293,piperlongumine,trt_cp,57.93308
ATLAS_SIG_B_TOP100,BRD-K25224017,pirenperone,trt_cp,0.3523608
ATLAS_SIG_B_TOP100,BRD-A57382968,piroxicam,trt_cp,5.7082453
ATLAS_SIG_B_TOP100,BRD-K75958195,pizotifen,trt_cp,38.96756
ATLAS_SIG_B_TOP100,BRD-K57304726,PRE-084,trt_cp,-24.12891
ATLAS_SIG_B_TOP100,BRD-A27887842,prednisolone,trt_cp,-11.571449
ATLAS_SIG_B_TOP100,BRD-A01643550,prednisolone-acetate,trt_cp,16.167042
ATLAS_SIG_B_TOP100,BRD-A78391468,prednisolone-hemisuccinate,trt_cp,-29.831142
ATLAS_SIG_B_TOP100,BRD-A62525898,prednisone,trt_cp,19.476194
ATLAS_SIG_B_TOP100,BRD-A35912562,pregnenolone-succinate,trt_cp,51.992508
ATLAS_SIG_B_TOP100,BRD-A55913614,primaquine,trt_cp,31.736462
ATLAS_SIG_B_TOP100,BRD-K46317332,proadifen,trt_cp,-6.953239
ATLAS_SIG_B_TOP100,BRD-K19352500,prochlorperazine,trt_cp,18.794338
ATLAS_SIG_B_TOP100,BRD-A67479912,progesterone,trt_cp,3.4404144
ATLAS_SIG_B_TOP100,BRD-K06980535,promazine,trt_cp,0.9161381
ATLAS_SIG_B_TOP100,BRD-K59273480,propentofylline,trt_cp,-1.6208597
ATLAS_SIG_B_TOP100,BRD-K42098891,protriptyline,trt_cp,-0.7751938
ATLAS_SIG_B_TOP100,BRD-K71266197,PSB-06126,trt_cp,10.570825
ATLAS_SIG_B_TOP100,BRD-K79366068,PSB-069,trt_cp,46.7405
ATLAS_SIG_B_TOP100,BRD-K49027941,PSB-1115,trt_cp,-30.926748
ATLAS_SIG_B_TOP100,BRD-K38251852,paxilline,trt_cp,2.673698
ATLAS_SIG_B_TOP100,BRD-K96799727,pifithrin-mu,trt_cp,73.613304
ATLAS_SIG_B_TOP100,BRD-K47936004,piribedil,trt_cp,7.766501
ATLAS_SIG_B_TOP100,BRD-A54490543,pirlindole,trt_cp,-13.417249
ATLAS_SIG_B_TOP100,BRD-K67100011,pivmecillinam,trt_cp,15.742853
ATLAS_SIG_B_TOP100,BRD-A41304429,practolol,trt_cp,-28.03668
ATLAS_SIG_B_TOP100,BRD-K46137903,prednicarbate,trt_cp,5.8618536
ATLAS_SIG_B_TOP100,BRD-A34806832,proscillaridin,trt_cp,-23.883726
ATLAS_SIG_B_TOP100,BRD-K02581333,protein-tyrosine-phosphatase-inhibitor-IV,trt_cp,21.180607
ATLAS_SIG_B_TOP100,BRD-K83302049,protopine,trt_cp,2.1101472
ATLAS_SIG_B_TOP100,BRD-K50836978,purvalanol-a,trt_cp,16.086313
ATLAS_SIG_B_TOP100,BRD-K41564320,purvalanol-b,trt_cp,55.539505
ATLAS_SIG_B_TOP100,BRD-K68867920,quetiapine,trt_cp,-20.120665
ATLAS_SIG_B_TOP100,BRD-K72222507,quinapril,trt_cp,-18.01059
ATLAS_SIG_B_TOP100,BRD-K40782193,QX-222,trt_cp,-58.220947
ATLAS_SIG_B_TOP100,BRD-K54665485,R-59022,trt_cp,12.40317
ATLAS_SIG_B_TOP100,BRD-K16604360,BRD-K16604360,trt_cp,-27.72072
ATLAS_SIG_B_TOP100,BRD-K13544237,r(-)-propylnorapomorphine,trt_cp,8.672297
ATLAS_SIG_B_TOP100,BRD-A54236247,ephedrine-(racemic),trt_cp,-2.9976053
ATLAS_SIG_B_TOP100,BRD-K85603128,resorcinol,trt_cp,-80.63106
ATLAS_SIG_B_TOP100,BRD-K37206356,rhamnetin,trt_cp,42.420124
ATLAS_SIG_B_TOP100,BRD-K10098805,rhapontin,trt_cp,-22.798767
ATLAS_SIG_B_TOP100,BRD-K13725475,rhodomyrtoxin,trt_cp,-58.177826
ATLAS_SIG_B_TOP100,BRD-A08003242,rhodomyrtoxin-b,trt_cp,53.253437
ATLAS_SIG_B_TOP100,BRD-K40887525,ritanserin,trt_cp,-22.351492
ATLAS_SIG_B_TOP100,BRD-K75699339,rizatriptan,trt_cp,14.05217
ATLAS_SIG_B_TOP100,BRD-A77349281,RK-682,trt_cp,-63.022438
ATLAS_SIG_B_TOP100,BRD-K43796186,benzyl-quinazolin-4-yl-amine,trt_cp,-17.422342
ATLAS_SIG_B_TOP100,BRD-K43290182,Ro-04-6790,trt_cp,16.050238
ATLAS_SIG_B_TOP100,BRD-K54411430,robustic-acid,trt_cp,8.266013
ATLAS_SIG_B_TOP100,BRD-K21733600,rofecoxib,trt_cp,-1.5151515
ATLAS_SIG_B_TOP100,BRD-A34255068,rolipram,trt_cp,2.4897501
ATLAS_SIG_B_TOP100,BRD-K82941592,rosuvastatin,trt_cp,2.60747
ATLAS_SIG_B_TOP100,BRD-K83063356,RS-102895,trt_cp,-15.178069
ATLAS_SIG_B_TOP100,BRD-K20742498,RS-39604,trt_cp,4.6926627
ATLAS_SIG_B_TOP100,BRD-A65597028,RX-821002,trt_cp,-18.120504
ATLAS_SIG_B_TOP100,BRD-K07859598,GW-5074,trt_cp,-14.430531
ATLAS_SIG_B_TOP100,BRD-K82846253,repaglinide,trt_cp,-71.47201
ATLAS_SIG_B_TOP100,BRD-A71765365,mepireserpate,trt_cp,0.4718389
ATLAS_SIG_B_TOP100,BRD-A83431637,resmethrin,trt_cp,0.5990134
ATLAS_SIG_B_TOP100,BRD-K42142750,retrorsine,trt_cp,1.5856236
ATLAS_SIG_B_TOP100,BRD-K46678324,RHO-kinase-inhibitor-II,trt_cp,23.144753
ATLAS_SIG_B_TOP100,BRD-K92760278,riboflavin,trt_cp,47.38653
ATLAS_SIG_B_TOP100,BRD-K82561139,ricinine,trt_cp,67.300026
ATLAS_SIG_B_TOP100,BRD-K51465424,ritodrine,trt_cp,11.560943
ATLAS_SIG_B_TOP100,BRD-K51541829,Ro-25-6981,trt_cp,-11.657699
ATLAS_SIG_B_TOP100,BRD-K06543683,bisindolylmaleimide-ix,trt_cp,38.073082
ATLAS_SIG_B_TOP100,BRD-K58299615,Ro-90-7501,trt_cp,3.69729
ATLAS_SIG_B_TOP100,BRD-K39256324,rottlerin,trt_cp,9.358685
ATLAS_SIG_B_TOP100,BRD-K46766488,S-14506,trt_cp,-40.85456
ATLAS_SIG_B_TOP100,BRD-K64614248,salicin,trt_cp,-2.6424134
ATLAS_SIG_B_TOP100,BRD-K03557653,sappanone-a,trt_cp,-5.954838
ATLAS_SIG_B_TOP100,BRD-K36395411,SB-206553,trt_cp,13.898315
ATLAS_SIG_B_TOP100,BRD-K30867024,SB-216641,trt_cp,-0.14094433
ATLAS_SIG_B_TOP100,BRD-A06352508,SB-218078,trt_cp,-33.465538
ATLAS_SIG_B_TOP100,BRD-K80639402,SB-258585,trt_cp,51.033447
ATLAS_SIG_B_TOP100,BRD-K52512893,SC-19220,trt_cp,-8.532842
ATLAS_SIG_B_TOP100,BRD-A92161634,scopoline,trt_cp,11.8652
ATLAS_SIG_B_TOP100,BRD-K91904471,SD-169,trt_cp,38.164906
ATLAS_SIG_B_TOP100,BRD-A58564983,selamectin,trt_cp,-15.47992
ATLAS_SIG_B_TOP100,BRD-K82036761,sertraline,trt_cp,65.32331
ATLAS_SIG_B_TOP100,BRD-K67439147,SIB-1893,trt_cp,-52.95844
ATLAS_SIG_B_TOP100,BRD-K79759585,sildenafil,trt_cp,-31.675108
ATLAS_SIG_B_TOP100,BRD-K22134346,simvastatin,trt_cp,17.691837
ATLAS_SIG_B_TOP100,BRD-A52588987,SKF-83566,trt_cp,-43.544106
ATLAS_SIG_B_TOP100,BRD-A72703248,SKF-96365,trt_cp,-2.2320645
ATLAS_SIG_B_TOP100,BRD-A64125466,dehydrocholate,trt_cp,16.225529
ATLAS_SIG_B_TOP100,BRD-A54596827,solifenacin,trt_cp,-37.647472
ATLAS_SIG_B_TOP100,BRD-K55468218,spiperone,trt_cp,-29.85449
ATLAS_SIG_B_TOP100,BRD-A91866971,SQ-29548,trt_cp,1.1627907
ATLAS_SIG_B_TOP100,BRD-A72066420,mifobate,trt_cp,11.324854
ATLAS_SIG_B_TOP100,BRD-K79905821,gabazine,trt_cp,-4.619573
ATLAS_SIG_B_TOP100,BRD-K51476772,ST-638,trt_cp,3.0103433
ATLAS_SIG_B_TOP100,BRD-K99595596,salsolinol,trt_cp,22.523087
ATLAS_SIG_B_TOP100,BRD-A77299732,salubrinal,trt_cp,-4.7219114
ATLAS_SIG_B_TOP100,BRD-A81772229,simvastatin,trt_cp,36.132465
ATLAS_SIG_B_TOP100,BRD-A33168282,sotalol,trt_cp,-2.4312897
ATLAS_SIG_B_TOP100,BRD-A72483914,spiroxatrine,trt_cp,-4.1578574
ATLAS_SIG_B_TOP100,BRD-K27710560,splitomycin,trt_cp,-0.95137423
ATLAS_SIG_B_TOP100,BRD-K50495309,SRC-kinase-inhibitor-I,trt_cp,4.263772
ATLAS_SIG_B_TOP100,BRD-K42635745,suloctidil,trt_cp,10.055542
ATLAS_SIG_B_TOP100,BRD-K69608737,tacrolimus,trt_cp,9.900826
ATLAS_SIG_B_TOP100,BRD-K93645900,tadalafil,trt_cp,13.665027
ATLAS_SIG_B_TOP100,BRD-K55454768,TAS-301,trt_cp,-15.746198
ATLAS_SIG_B_TOP100,BRD-K81376179,TCS-359,trt_cp,-7.917778
ATLAS_SIG_B_TOP100,BRD-K34820100,tebuthiuron,trt_cp,28.539448
ATLAS_SIG_B_TOP100,BRD-A22844106,tenoxicam,trt_cp,-9.191566
ATLAS_SIG_B_TOP100,BRD-A06352418,terfenadine,trt_cp,36.542282
ATLAS_SIG_B_TOP100,BRD-A42831637,tetrahydrocannabinol-7-oic-acid,trt_cp,6.1148186
ATLAS_SIG_B_TOP100,BRD-A43940795,tetrahydropalmatine,trt_cp,11.024061
ATLAS_SIG_B_TOP100,BRD-A28856712,tetrahydrozoline,trt_cp,-2.0084567
ATLAS_SIG_B_TOP100,BRD-K69023402,thapsigargin,trt_cp,0.845666
ATLAS_SIG_B_TOP100,BRD-K09631521,thiotepa,trt_cp,-6.2659287
ATLAS_SIG_B_TOP100,BRD-K00603606,ticlopidine,trt_cp,31.589718
ATLAS_SIG_B_TOP100,BRD-K82562631,tolmetin,trt_cp,28.17516
ATLAS_SIG_B_TOP100,BRD-K64514229,toltrazuril,trt_cp,-18.241253
ATLAS_SIG_B_TOP100,BRD-K51350053,toremifene,trt_cp,1.8167871
ATLAS_SIG_B_TOP100,BRD-A43974575,tranylcypromine,trt_cp,-19.11801
ATLAS_SIG_B_TOP100,BRD-K70778732,trazodone,trt_cp,-27.102394
ATLAS_SIG_B_TOP100,BRD-A37780065,triamcinolone,trt_cp,-10.818613
ATLAS_SIG_B_TOP100,BRD-A92439610,triamcinolone-acetonide,trt_cp,6.674655
ATLAS_SIG_B_TOP100,BRD-K80431395,triciribine,trt_cp,-61.75574
ATLAS_SIG_B_TOP100,BRD-A49225603,alimemazine,trt_cp,23.60683
ATLAS_SIG_B_TOP100,BRD-K53220666,trimetozine,trt_cp,5.8339663
ATLAS_SIG_B_TOP100,BRD-A10303790,talampicillin,trt_cp,-16.734034
ATLAS_SIG_B_TOP100,BRD-K04210847,tamoxifen,trt_cp,17.207323
ATLAS_SIG_B_TOP100,BRD-K95739795,tetrabenazine,trt_cp,-35.646782
ATLAS_SIG_B_TOP100,BRD-A52660433,tetrindole,trt_cp,74.04714
ATLAS_SIG_B_TOP100,BRD-K69600043,thiethylperazine,trt_cp,23.712795
ATLAS_SIG_B_TOP100,BRD-A56012032,thiorphan,trt_cp,4.2828283
ATLAS_SIG_B_TOP100,BRD-A53077924,tianeptine,trt_cp,69.54684
ATLAS_SIG_B_TOP100,BRD-A72988804,tiaprofenic-acid,trt_cp,44.045547
ATLAS_SIG_B_TOP100,BRD-K30480208,torasemide,trt_cp,-2.3157709
ATLAS_SIG_B_TOP100,BRD-K84663978,trequinsin,trt_cp,17.900623
ATLAS_SIG_B_TOP100,BRD-A60294240,tribenoside,trt_cp,8.33093
ATLAS_SIG_B_TOP100,BRD-A79226577,tropisetron,trt_cp,-2.0789287
ATLAS_SIG_B_TOP100,BRD-K20995441,U-54494A,trt_cp,-2.3960536
ATLAS_SIG_B_TOP100,BRD-K51018020,VAMA-37,trt_cp,42.678246
ATLAS_SIG_B_TOP100,BRD-K95655893,MAZ-51,trt_cp,-24.285587
ATLAS_SIG_B_TOP100,BRD-M45964048,verteporfin,trt_cp,4.791438
ATLAS_SIG_B_TOP100,BRD-K41868777,W-5,trt_cp,-20.939075
ATLAS_SIG_B_TOP100,BRD-A62021152,WAY-161503,trt_cp,10.821315
ATLAS_SIG_B_TOP100,BRD-K55430733,WAY-629,trt_cp,-78.02915
ATLAS_SIG_B_TOP100,BRD-A11678676,wortmannin,trt_cp,10.106485
ATLAS_SIG_B_TOP100,BRD-K42748308,XE-991,trt_cp,97.674416
ATLAS_SIG_B_TOP100,BRD-K42679050,Y-27152,trt_cp,-25.646349
ATLAS_SIG_B_TOP100,BRD-K44084986,Y-27632,trt_cp,-1.2332629
ATLAS_SIG_B_TOP100,BRD-K48059230,YM-298198,trt_cp,-14.460903
ATLAS_SIG_B_TOP100,BRD-K06712146,YM-90709,trt_cp,2.324317
ATLAS_SIG_B_TOP100,BRD-A87445400,yohimbine,trt_cp,-15.291097
ATLAS_SIG_B_TOP100,BRD-K35586044,yohimbine,trt_cp,7.1214485
ATLAS_SIG_B_TOP100,BRD-K45296539,ZD-7114,trt_cp,3.6678023
ATLAS_SIG_B_TOP100,BRD-K56403959,ZK-756326,trt_cp,19.950394
ATLAS_SIG_B_TOP100,BRD-K40624912,ZM-39923,trt_cp,-24.799952
ATLAS_SIG_B_TOP100,BRD-K66353228,zoxazolamine,trt_cp,16.430454
ATLAS_SIG_B_TOP100,BRD-A65615053,zacopride,trt_cp,-31.032137
ATLAS_SIG_B_TOP100,BRD-K80451230,zamifenacin,trt_cp,-10.398222
ATLAS_SIG_B_TOP100,BRD-K48300629,zonisamide,trt_cp,-62.1969
ATLAS_SIG_B_TOP100,BRD-K17110974,aristolochic-acid,trt_cp,-5.9569426
ATLAS_SIG_B_TOP100,BRD-A78360835,cercosporin,trt_cp,19.849213
ATLAS_SIG_B_TOP100,BRD-A39268308,epibatidine,trt_cp,-34.56698
ATLAS_SIG_B_TOP100,BRD-K25836724,epitestosterone,trt_cp,35.54043
ATLAS_SIG_B_TOP100,BRD-K77830450,forskolin,trt_cp,19.257961
ATLAS_SIG_B_TOP100,BRD-A90490067,fulvestrant,trt_cp,-10.81646
ATLAS_SIG_B_TOP100,BRD-K78599730,manumycin-a,trt_cp,5.3312855
ATLAS_SIG_B_TOP100,BRD-A11135865,nor-binaltorphimine,trt_cp,1.9732206
ATLAS_SIG_B_TOP100,BRD-K46384212,O-3M3FBS,trt_cp,16.305235
ATLAS_SIG_B_TOP100,BRD-K87343924,wortmannin,trt_cp,37.05819
ATLAS_SIG_B_TOP100,BRD-K26548821,quinpirol-(-),trt_cp,39.334263
ATLAS_SIG_B_TOP100,BRD-A95445494,maackiain,trt_cp,33.417713
ATLAS_SIG_B_TOP100,BRD-K05906022,limonin,trt_cp,14.552502
ATLAS_SIG_B_TOP100,BRD-K78294846,osthol,trt_cp,-28.595976
ATLAS_SIG_B_TOP100,BRD-K80348542,cephaeline,trt_cp,-7.716702
ATLAS_SIG_B_TOP100,BRD-K87991767,umbelliferone,trt_cp,-17.899122
ATLAS_SIG_B_TOP100,BRD-K94841585,emodic-acid,trt_cp,-21.892303
ATLAS_SIG_B_TOP100,BRD-K49657628,tyrphostin-AG-18,trt_cp,-55.3295
ATLAS_SIG_B_TOP100,BRD-K12357156,AG-490,trt_cp,9.362287
ATLAS_SIG_B_TOP100,BRD-K34533029,tyrphostin-AG-494,trt_cp,20.00134
ATLAS_SIG_B_TOP100,BRD-K81209512,AG-494,trt_cp,-10.79269
ATLAS_SIG_B_TOP100,BRD-K07888196,tyrphostin-AG-538,trt_cp,-34.374477
ATLAS_SIG_B_TOP100,BRD-K72783841,tyrphostin-AG-555,trt_cp,-1.4094433
ATLAS_SIG_B_TOP100,BRD-K14441456,tyrphostin-AG-556,trt_cp,1.9027485
ATLAS_SIG_B_TOP100,BRD-K89930444,AG-592,trt_cp,2.796832
ATLAS_SIG_B_TOP100,BRD-K08132273,tyrphostin,trt_cp,-7.271594
ATLAS_SIG_B_TOP100,BRD-K87919739,tyrphostin-AG-825,trt_cp,38.318466
ATLAS_SIG_B_TOP100,BRD-K41996876,tyrphostin-1,trt_cp,4.721635
ATLAS_SIG_B_TOP100,BRD-K76064317,tyrphostin-AG-1296,trt_cp,0.0
ATLAS_SIG_B_TOP100,BRD-K68336408,tyrphostin-AG-1478,trt_cp,-71.827805
ATLAS_SIG_B_TOP100,BRD-K33204703,AG-370,trt_cp,-46.256927
ATLAS_SIG_B_TOP100,BRD-K47105409,AG-490,trt_cp,10.369073
ATLAS_SIG_B_TOP100,BRD-K59469039,tyrphostin-AG-879,trt_cp,3.805497
ATLAS_SIG_B_TOP100,BRD-K89055274,alverine,trt_cp,8.082001
ATLAS_SIG_B_TOP100,BRD-K21667562,AM-404,trt_cp,0.3875969
ATLAS_SIG_B_TOP100,BRD-K63533170,AM-630,trt_cp,-0.9161381
ATLAS_SIG_B_TOP100,BRD-A11813248,AM-92016,trt_cp,20.692356
ATLAS_SIG_B_TOP100,BRD-K06854232,AM-580,trt_cp,39.020077
ATLAS_SIG_B_TOP100,BRD-K70330367,amantadine,trt_cp,1.3742071
ATLAS_SIG_B_TOP100,BRD-K23335153,AMN-082,trt_cp,14.572271
ATLAS_SIG_B_TOP100,BRD-A28318179,aminomethyltransferase,trt_cp,-58.428802
ATLAS_SIG_B_TOP100,BRD-K87905482,anandamide,trt_cp,22.176859
ATLAS_SIG_B_TOP100,BRD-K78280988,anandamide,trt_cp,-32.59797
ATLAS_SIG_B_TOP100,BRD-A95513702,"androsta-1,4-dien-3,17-dione",trt_cp,2.2551093
ATLAS_SIG_B_TOP100,BRD-A32349859,methyl-angolensate,trt_cp,55.13793
ATLAS_SIG_B_TOP100,BRD-A42649439,triciribine,trt_cp,-10.105815
ATLAS_SIG_B_TOP100,BRD-K81729199,AQ-RA741,trt_cp,0.9161381
ATLAS_SIG_B_TOP100,BRD-K29555132,arachidonamide,trt_cp,48.21217
ATLAS_SIG_B_TOP100,BRD-K73395020,ARP-101,trt_cp,3.8407328
ATLAS_SIG_B_TOP100,BRD-K85013741,auraptene,trt_cp,-32.662632
ATLAS_SIG_B_TOP100,BRD-K78838262,austricine,trt_cp,-78.11801
ATLAS_SIG_B_TOP100,BRD-K03642198,AY-9944,trt_cp,-31.60103
ATLAS_SIG_B_TOP100,BRD-K36258877,AZ-10417808,trt_cp,18.185295
ATLAS_SIG_B_TOP100,BRD-K51751936,alfadolone-acetate,trt_cp,-29.176336
ATLAS_SIG_B_TOP100,BRD-K51276371,aloisine,trt_cp,33.691708
ATLAS_SIG_B_TOP100,BRD-K93658967,aloisine,trt_cp,-11.564771
ATLAS_SIG_B_TOP100,BRD-K52459643,alprostadil,trt_cp,-26.074934
ATLAS_SIG_B_TOP100,BRD-K00610438,altanserin,trt_cp,-24.189026
ATLAS_SIG_B_TOP100,BRD-K97181089,amiloride,trt_cp,-21.814112
ATLAS_SIG_B_TOP100,BRD-K04976539,aminogenistein,trt_cp,37.410923
ATLAS_SIG_B_TOP100,BRD-K07762753,aminopurvalanol-a,trt_cp,4.5454545
ATLAS_SIG_B_TOP100,BRD-K39670393,amthamine,trt_cp,8.520301
ATLAS_SIG_B_TOP100,BRD-K36638830,anabasine,trt_cp,-28.719646
ATLAS_SIG_B_TOP100,BRD-K08502430,angiogenesis-inhibitor,trt_cp,28.553223
ATLAS_SIG_B_TOP100,BRD-K88611939,aniracetam,trt_cp,-2.4509544
ATLAS_SIG_B_TOP100,BRD-K91370081,anisomycin,trt_cp,0.0
ATLAS_SIG_B_TOP100,BRD-K15164005,apoptosis-activator-II,trt_cp,40.0951
ATLAS_SIG_B_TOP100,BRD-K53523901,arctigenin,trt_cp,18.11746
ATLAS_SIG_B_TOP100,BRD-K63792901,arecaidine-but-2-ynyl-ester,trt_cp,-7.1430287
ATLAS_SIG_B_TOP100,BRD-K23922020,arecaidine-propargyl-ester,trt_cp,-13.829285
ATLAS_SIG_B_TOP100,BRD-K34092021,arvanil,trt_cp,-2.184637
ATLAS_SIG_B_TOP100,BRD-K64236792,austricine,trt_cp,-24.391335
ATLAS_SIG_B_TOP100,BRD-K75615183,talipexole,trt_cp,0.3523608
ATLAS_SIG_B_TOP100,BRD-A84189516,baccatin-III,trt_cp,22.662453
ATLAS_SIG_B_TOP100,BRD-K40742111,baeomycesic-acid,trt_cp,-36.773888
ATLAS_SIG_B_TOP100,BRD-K40919711,BAPTA-AM,trt_cp,6.400026
ATLAS_SIG_B_TOP100,BRD-K54704028,BAY-36-7620,trt_cp,-0.7399577
ATLAS_SIG_B_TOP100,BRD-K18799075,BAY-59-3074,trt_cp,5.502062
ATLAS_SIG_B_TOP100,BRD-K17008822,BD-1008,trt_cp,-28.569162
ATLAS_SIG_B_TOP100,BRD-K36864847,BD-1047,trt_cp,2.0084567
ATLAS_SIG_B_TOP100,BRD-K29668683,BD-1063,trt_cp,27.610079
ATLAS_SIG_B_TOP100,BRD-K87158025,benzamil,trt_cp,-0.28188866
ATLAS_SIG_B_TOP100,BRD-K76872913,benzanthrone,trt_cp,15.971027
ATLAS_SIG_B_TOP100,BRD-K09668667,benzo(a)pyrene,trt_cp,43.503998
ATLAS_SIG_B_TOP100,BRD-K91315211,betahistine,trt_cp,-38.541985
ATLAS_SIG_B_TOP100,BRD-K46018455,bezafibrate,trt_cp,32.36305
ATLAS_SIG_B_TOP100,BRD-A38913120,BH3I-1,trt_cp,-42.117878
ATLAS_SIG_B_TOP100,BRD-K28075147,biochanin-a,trt_cp,-3.8880074
ATLAS_SIG_B_TOP100,BRD-K94379058,BML-190,trt_cp,-30.005325
ATLAS_SIG_B_TOP100,BRD-K32584078,BML-257,trt_cp,-43.09183
ATLAS_SIG_B_TOP100,BRD-A15435692,BMY-14802,trt_cp,-24.882069
ATLAS_SIG_B_TOP100,BRD-K31054881,BMY-7378,trt_cp,-4.3340383
ATLAS_SIG_B_TOP100,BRD-K45479396,BP-554,trt_cp,2.6427062
ATLAS_SIG_B_TOP100,BRD-A51829654,BRL-15572,trt_cp,-5.573511
ATLAS_SIG_B_TOP100,BRD-K07507905,BRL-37344,trt_cp,-50.6339
ATLAS_SIG_B_TOP100,BRD-K84266862,BRL-50481,trt_cp,-49.73297
ATLAS_SIG_B_TOP100,BRD-K17868609,BRL-54443,trt_cp,0.8104299
ATLAS_SIG_B_TOP100,BRD-K11696279,BU-239,trt_cp,-15.061994
ATLAS_SIG_B_TOP100,BRD-A15931911,bucladesine,trt_cp,43.986256
ATLAS_SIG_B_TOP100,BRD-K25905511,buddleoflavonoloside,trt_cp,13.931736
ATLAS_SIG_B_TOP100,BRD-A16665823,butoconazole,trt_cp,-50.78263
ATLAS_SIG_B_TOP100,BRD-A17428743,BW-723C86,trt_cp,-7.559899
ATLAS_SIG_B_TOP100,BRD-A68891053,BW-B70C,trt_cp,55.43662
ATLAS_SIG_B_TOP100,BRD-K15025317,BAY-11-7082,trt_cp,9.516499
ATLAS_SIG_B_TOP100,BRD-K39111395,BCL2-inhibitor,trt_cp,28.189686
ATLAS_SIG_B_TOP100,BRD-K04185004,oxybuprocaine,trt_cp,6.437334
ATLAS_SIG_B_TOP100,BRD-K59574735,ubenimex,trt_cp,14.808067
ATLAS_SIG_B_TOP100,BRD-K39188321,betamethasone,trt_cp,3.2101922
ATLAS_SIG_B_TOP100,BRD-A02759312,betaxolol,trt_cp,-7.713075
ATLAS_SIG_B_TOP100,BRD-K18779551,bifemelane,trt_cp,57.376118
ATLAS_SIG_B_TOP100,BRD-K89210380,biotin,trt_cp,-1.2332629
ATLAS_SIG_B_TOP100,BRD-A36471396,biperiden,trt_cp,-6.548071
ATLAS_SIG_B_TOP100,BRD-K32906660,bis-tyrphostin,trt_cp,35.497696
ATLAS_SIG_B_TOP100,BRD-K03440695,boldine,trt_cp,1.7618041
ATLAS_SIG_B_TOP100,BRD-A17065207,brefeldin-a,trt_cp,-69.44102
ATLAS_SIG_B_TOP100,BRD-K74913225,brinzolamide,trt_cp,-25.046082
ATLAS_SIG_B_TOP100,BRD-A69960130,bromocriptine,trt_cp,10.898674
ATLAS_SIG_B_TOP100,BRD-A58157837,butabindide,trt_cp,-13.2571125
ATLAS_SIG_B_TOP100,BRD-K17497770,butein,trt_cp,61.990746
ATLAS_SIG_B_TOP100,BRD-K27499107,carbacyclin,trt_cp,-42.648
ATLAS_SIG_B_TOP100,BRD-A98702003,carbenoxolone,trt_cp,-27.150024
ATLAS_SIG_B_TOP100,BRD-K53570330,carbofuran,trt_cp,-40.464893
ATLAS_SIG_B_TOP100,BRD-A17411484,carprofen,trt_cp,-41.67498
ATLAS_SIG_B_TOP100,BRD-K03600606,catechin,trt_cp,12.88286
ATLAS_SIG_B_TOP100,BRD-K15616905,CCCP,trt_cp,2.2903454
ATLAS_SIG_B_TOP100,BRD-K06159959,CCMQ,trt_cp,-5.463077
ATLAS_SIG_B_TOP100,BRD-K65503129,CCT-018159,trt_cp,8.788183
ATLAS_SIG_B_TOP100,BRD-K10870738,CDC,trt_cp,23.822714
ATLAS_SIG_B_TOP100,BRD-A08877921,cephalotaxine,trt_cp,23.168865
ATLAS_SIG_B_TOP100,BRD-K64341947,CFM-1571,trt_cp,15.879404
ATLAS_SIG_B_TOP100,BRD-A50737080,CGK-733,trt_cp,-57.767708
ATLAS_SIG_B_TOP100,BRD-A34706053,CGP-12177,trt_cp,35.69864
ATLAS_SIG_B_TOP100,BRD-K95851186,CGP-13501,trt_cp,47.166016
ATLAS_SIG_B_TOP100,BRD-A31575449,CGP-20712,trt_cp,20.441652
ATLAS_SIG_B_TOP100,BRD-A35623999,CGP-37157,trt_cp,-36.261013
ATLAS_SIG_B_TOP100,BRD-A04668240,CGP-52432,trt_cp,-60.776894
ATLAS_SIG_B_TOP100,BRD-K32292990,CGP-53353,trt_cp,-14.274622
ATLAS_SIG_B_TOP100,BRD-A89672324,CGP-55845,trt_cp,-37.834663
ATLAS_SIG_B_TOP100,BRD-K31912990,CGP-71683,trt_cp,10.294349
ATLAS_SIG_B_TOP100,BRD-K65786282,CGP-7930,trt_cp,-38.21315
ATLAS_SIG_B_TOP100,BRD-K18909381,CGS-12066B,trt_cp,48.352036
ATLAS_SIG_B_TOP100,BRD-K68103045,CGS-20625,trt_cp,-19.064957
ATLAS_SIG_B_TOP100,BRD-A81866333,CGS-21680,trt_cp,18.574574
ATLAS_SIG_B_TOP100,BRD-A26032986,zaldaride,trt_cp,5.2458034
ATLAS_SIG_B_TOP100,BRD-K67680372,CI-966,trt_cp,-1.7618041
ATLAS_SIG_B_TOP100,BRD-A93000692,ciglitazone,trt_cp,19.144474
ATLAS_SIG_B_TOP100,BRD-K00662280,CL-218872,trt_cp,-22.977943
ATLAS_SIG_B_TOP100,BRD-K00675675,CL-82198,trt_cp,-15.564301
ATLAS_SIG_B_TOP100,BRD-K13642330,cosmosiin,trt_cp,24.207909
ATLAS_SIG_B_TOP100,BRD-K96271548,coumaric-acid,trt_cp,70.10993
ATLAS_SIG_B_TOP100,BRD-A03816571,CP-55940,trt_cp,0.0
ATLAS_SIG_B_TOP100,BRD-K81876028,CP-93129,trt_cp,29.590754
ATLAS_SIG_B_TOP100,BRD-K33860217,CP-94253,trt_cp,-5.3881326
ATLAS_SIG_B_TOP100,BRD-A18202423,CPCCOEt,trt_cp,21.323053
ATLAS_SIG_B_TOP100,BRD-K08547377,irinotecan,trt_cp,-29.981533
ATLAS_SIG_B_TOP100,BRD-K57179821,crotamiton,trt_cp,-66.877205
ATLAS_SIG_B_TOP100,BRD-K79353516,indolophenanthridine,trt_cp,-7.057286
ATLAS_SIG_B_TOP100,BRD-A71459254,cymarin,trt_cp,6.781769
ATLAS_SIG_B_TOP100,BRD-A63043573,cabergoline,trt_cp,27.091068
ATLAS_SIG_B_TOP100,BRD-K86882815,cabergoline,trt_cp,56.784164
ATLAS_SIG_B_TOP100,BRD-K84709232,caffeic-acid,trt_cp,36.43856
ATLAS_SIG_B_TOP100,BRD-K59851896,calycanthine,trt_cp,-25.316456
ATLAS_SIG_B_TOP100,BRD-A30437061,camptothecin,trt_cp,57.69322
ATLAS_SIG_B_TOP100,BRD-K46556543,potassium-canrenoate,trt_cp,27.124073
ATLAS_SIG_B_TOP100,BRD-K44849676,capsazepine,trt_cp,9.481212
ATLAS_SIG_B_TOP100,BRD-K12765235,carbenoxolone,trt_cp,-26.043976
ATLAS_SIG_B_TOP100,BRD-K99174507,cardiogenol-c,trt_cp,-56.559334
ATLAS_SIG_B_TOP100,BRD-K82484965,carmoxirole,trt_cp,-45.74634
ATLAS_SIG_B_TOP100,BRD-A42167015,carteolol,trt_cp,24.60793
ATLAS_SIG_B_TOP100,BRD-A61899133,catechin,trt_cp,6.3531103
ATLAS_SIG_B_TOP100,BRD-K87932577,NSC-693868,trt_cp,-0.63424945
ATLAS_SIG_B_TOP100,BRD-K71860425,CDK2-5-inhibitor,trt_cp,31.866623
ATLAS_SIG_B_TOP100,BRD-K71059170,cefixime,trt_cp,73.130356
ATLAS_SIG_B_TOP100,BRD-K37848908,ceforanide,trt_cp,-19.586256
ATLAS_SIG_B_TOP100,BRD-K02275692,cefotiam,trt_cp,-11.874559
ATLAS_SIG_B_TOP100,BRD-K50422030,clomethiazole,trt_cp,72.1483
ATLAS_SIG_B_TOP100,BRD-A90311807,cilastatin,trt_cp,-40.759197
ATLAS_SIG_B_TOP100,BRD-A07875874,cilnidipine,trt_cp,36.426334
ATLAS_SIG_B_TOP100,BRD-K28578425,cilostamide,trt_cp,-3.6293163
ATLAS_SIG_B_TOP100,BRD-K18618618,cimetidine,trt_cp,23.123081
ATLAS_SIG_B_TOP100,BRD-K72816382,cinalukast,trt_cp,-59.528847
ATLAS_SIG_B_TOP100,BRD-K15522385,cinanserin,trt_cp,-22.269226
ATLAS_SIG_B_TOP100,BRD-K07220430,cinnarizine,trt_cp,-10.8071575
ATLAS_SIG_B_TOP100,BRD-A49358627,ciprofibrate,trt_cp,-9.461025
ATLAS_SIG_B_TOP100,BRD-K54142781,cirazoline,trt_cp,49.57051
ATLAS_SIG_B_TOP100,BRD-K71430621,clobenpropit,trt_cp,-40.338066
ATLAS_SIG_B_TOP100,BRD-A63894585,clobetasol,trt_cp,9.502671
ATLAS_SIG_B_TOP100,BRD-K38003476,clocortolone-pivalate,trt_cp,-53.92564
ATLAS_SIG_B_TOP100,BRD-A82371568,clofarabine,trt_cp,-2.38667
ATLAS_SIG_B_TOP100,BRD-K04218075,clomifene,trt_cp,-10.192813
ATLAS_SIG_B_TOP100,BRD-K52989797,clomipramine,trt_cp,38.948135
ATLAS_SIG_B_TOP100,BRD-K08890269,CO-102862,trt_cp,34.669174
ATLAS_SIG_B_TOP100,BRD-A76093993,cromakalim,trt_cp,-10.105508
ATLAS_SIG_B_TOP100,BRD-A49680073,cucurbitacin-i,trt_cp,4.3340383
ATLAS_SIG_B_TOP100,BRD-K89046952,ciclacillin,trt_cp,-66.9463
ATLAS_SIG_B_TOP100,BRD-K95992530,cyclo-[Arg-Gly-Asp-D-Phe-Val],trt_cp,6.9717884
ATLAS_SIG_B_TOP100,BRD-A41250306,cyclopenthiazide,trt_cp,-66.63342
ATLAS_SIG_B_TOP100,BRD-A10420615,cyclopiazonic-acid,trt_cp,-13.317424
ATLAS_SIG_B_TOP100,BRD-A64290322,cyclosporin-a,trt_cp,7.5816174
ATLAS_SIG_B_TOP100,BRD-K13533483,cyclosporin-a,trt_cp,-9.13694
ATLAS_SIG_B_TOP100,BRD-A39290993,cyproterone,trt_cp,40.79659
ATLAS_SIG_B_TOP100,BRD-K09132007,D-4476,trt_cp,0.422833
ATLAS_SIG_B_TOP100,BRD-K26997899,D-64131,trt_cp,1.6560959
ATLAS_SIG_B_TOP100,BRD-A73909368,dactinomycin,trt_cp,50.69166
ATLAS_SIG_B_TOP100,BRD-K10065684,dantron,trt_cp,87.92277
ATLAS_SIG_B_TOP100,BRD-A68929948,DAPT-GSI-IX,trt_cp,5.9488955
ATLAS_SIG_B_TOP100,BRD-K31633810,DAU-5884,trt_cp,21.09816
ATLAS_SIG_B_TOP100,BRD-K74430258,"1,2-dichlorobenzene",trt_cp,-38.90431
ATLAS_SIG_B_TOP100,BRD-K32526544,DCEBIO,trt_cp,9.654686
ATLAS_SIG_B_TOP100,BRD-K61401890,deguelin,trt_cp,9.15543
ATLAS_SIG_B_TOP100,BRD-A75402480,deoxycorticosterone-acetate,trt_cp,-4.193094
ATLAS_SIG_B_TOP100,BRD-K23623876,decafluorobutane,trt_cp,-17.83717
ATLAS_SIG_B_TOP100,BRD-K06014311,DH-97,trt_cp,12.31762
ATLAS_SIG_B_TOP100,BRD-K76133116,benzydamine,trt_cp,18.643478
ATLAS_SIG_B_TOP100,BRD-K16508793,diazepam,trt_cp,-68.46609
ATLAS_SIG_B_TOP100,BRD-K12906962,dichlorobenzamil,trt_cp,17.536531
ATLAS_SIG_B_TOP100,BRD-K29178788,dictamnine,trt_cp,31.123625
ATLAS_SIG_B_TOP100,BRD-K81521265,dicyclohexylurea,trt_cp,14.822517
ATLAS_SIG_B_TOP100,BRD-K94080537,diethyltoluamide,trt_cp,-8.973661
ATLAS_SIG_B_TOP100,BRD-K96362535,tubaic-acid,trt_cp,67.65225
ATLAS_SIG_B_TOP100,BRD-K32645441,dipropyl-5ct,trt_cp,-31.21155
ATLAS_SIG_B_TOP100,BRD-K69032158,diprotin-a,trt_cp,-13.800956
ATLAS_SIG_B_TOP100,BRD-K26573499,DMAB-anabaseine,trt_cp,1.5503876
ATLAS_SIG_B_TOP100,BRD-K89274813,DMP-543,trt_cp,38.825626
ATLAS_SIG_B_TOP100,BRD-K31699485,DMeOB,trt_cp,-7.233816
ATLAS_SIG_B_TOP100,BRD-K85266041,DNQX,trt_cp,9.405815
ATLAS_SIG_B_TOP100,BRD-K17378184,BP-897,trt_cp,0.9866103
ATLAS_SIG_B_TOP100,BRD-K39965020,doconexent,trt_cp,-0.3875969
ATLAS_SIG_B_TOP100,BRD-K01624546,docosatrienoic-acid,trt_cp,-53.90575
ATLAS_SIG_B_TOP100,BRD-A27143604,diarylpropionitrile,trt_cp,-19.503342
ATLAS_SIG_B_TOP100,BRD-K80315159,DPPE,trt_cp,12.475451
ATLAS_SIG_B_TOP100,BRD-K94920105,DR-2313,trt_cp,-0.5285412
ATLAS_SIG_B_TOP100,BRD-K33459542,ditolylguanidine,trt_cp,-5.7565956
ATLAS_SIG_B_TOP100,BRD-K62353524,DY-131,trt_cp,16.494987
ATLAS_SIG_B_TOP100,BRD-A20243730,danazol,trt_cp,40.43788
ATLAS_SIG_B_TOP100,BRD-K48970916,danazol,trt_cp,-50.152992
ATLAS_SIG_B_TOP100,BRD-A68009927,daunorubicin,trt_cp,46.737625
ATLAS_SIG_B_TOP100,BRD-K96527333,dehydroisoandosterone,trt_cp,-1.4205756
ATLAS_SIG_B_TOP100,BRD-A88282067,delcorine,trt_cp,-30.283558
ATLAS_SIG_B_TOP100,BRD-A99177642,deltaline,trt_cp,-80.44774
ATLAS_SIG_B_TOP100,BRD-K37792168,denbufylline,trt_cp,12.144382
ATLAS_SIG_B_TOP100,BRD-K98521173,desoxycortone,trt_cp,-89.82852
ATLAS_SIG_B_TOP100,BRD-K31238592,devazepide,trt_cp,20.478567
ATLAS_SIG_B_TOP100,BRD-K33211335,dextromethorphan,trt_cp,-54.84937
ATLAS_SIG_B_TOP100,BRD-K71499074,diclofenamide,trt_cp,-0.45806906
ATLAS_SIG_B_TOP100,BRD-K17674993,diflorasone,trt_cp,72.055435
ATLAS_SIG_B_TOP100,BRD-K18619710,digoxigenin,trt_cp,67.634796
ATLAS_SIG_B_TOP100,BRD-K23478508,digoxin,trt_cp,0.0
ATLAS_SIG_B_TOP100,BRD-K97440753,dihydroergocristine,trt_cp,-43.774242
ATLAS_SIG_B_TOP100,BRD-K73391359,quinisocaine,trt_cp,36.590134
ATLAS_SIG_B_TOP100,BRD-K65814004,diphenyleneiodonium,trt_cp,48.076763
ATLAS_SIG_B_TOP100,BRD-K54759182,dosulepin,trt_cp,6.918182
ATLAS_SIG_B_TOP100,BRD-K92093830,doxorubicin,trt_cp,4.1943583
ATLAS_SIG_B_TOP100,BRD-K06221026,DUP-697,trt_cp,-5.1787686
ATLAS_SIG_B_TOP100,BRD-K68620903,dydrogesterone,trt_cp,-1.0266981
ATLAS_SIG_B_TOP100,BRD-A96485169,EBPC,trt_cp,-9.020437
ATLAS_SIG_B_TOP100,BRD-K16233984,eriochrome-black-t,trt_cp,-17.544893
ATLAS_SIG_B_TOP100,BRD-A51820102,econazole,trt_cp,-1.4874508
ATLAS_SIG_B_TOP100,BRD-K27450477,EHNA,trt_cp,57.914307
ATLAS_SIG_B_TOP100,BRD-K63913457,eicosatrienoic-acid,trt_cp,-0.845666
ATLAS_SIG_B_TOP100,BRD-K88759641,EMD-66684,trt_cp,-0.422833
ATLAS_SIG_B_TOP100,BRD-K57545991,enalapril,trt_cp,-46.14501
ATLAS_SIG_B_TOP100,BRD-K76534306,enrofloxacin,trt_cp,16.339634
ATLAS_SIG_B_TOP100,BRD-K42452249,EO-1428,trt_cp,11.965945
ATLAS_SIG_B_TOP100,BRD-A53131506,epitestosterone,trt_cp,-12.111186
ATLAS_SIG_B_TOP100,BRD-K11927976,ER-27319,trt_cp,84.900375
ATLAS_SIG_B_TOP100,BRD-K19360254,ergocornine,trt_cp,-43.981503
ATLAS_SIG_B_TOP100,BRD-A73581086,ergometrine,trt_cp,9.232933
ATLAS_SIG_B_TOP100,BRD-A35033682,eriodictyol,trt_cp,14.297638
ATLAS_SIG_B_TOP100,BRD-A23226398,estradiol,trt_cp,43.14553
ATLAS_SIG_B_TOP100,BRD-A39747742,estradiol-valerate,trt_cp,-56.931046
ATLAS_SIG_B_TOP100,BRD-A84205515,estriol,trt_cp,34.512085
ATLAS_SIG_B_TOP100,BRD-K49061529,BRD-K49061529,trt_cp,51.7172
ATLAS_SIG_B_TOP100,BRD-K15842202,eudesmic-acid,trt_cp,45.004253
ATLAS_SIG_B_TOP100,BRD-K46068882,eugenitol,trt_cp,-70.06354
ATLAS_SIG_B_TOP100,BRD-K86727142,embelin,trt_cp,-74.17098
ATLAS_SIG_B_TOP100,BRD-K39339537,epirizole,trt_cp,-11.102435
ATLAS_SIG_B_TOP100,BRD-A39969961,eplerenone,trt_cp,40.24677
ATLAS_SIG_B_TOP100,BRD-K04046242,equilin,trt_cp,1.3389711
ATLAS_SIG_B_TOP100,BRD-A99411506,esculin,trt_cp,21.987844
ATLAS_SIG_B_TOP100,BRD-K17016787,estriol,trt_cp,0.14094433
ATLAS_SIG_B_TOP100,BRD-K81839095,estrone,trt_cp,2.4312897
ATLAS_SIG_B_TOP100,BRD-K03981224,ethisterone,trt_cp,31.177483
ATLAS_SIG_B_TOP100,BRD-K31920458,mestranol,trt_cp,-15.287923
ATLAS_SIG_B_TOP100,BRD-K47693913,evoxine,trt_cp,-55.430977
ATLAS_SIG_B_TOP100,BRD-K78633253,EXO-1,trt_cp,-1.3389711
ATLAS_SIG_B_TOP100,BRD-K63089472,farnesylthioacetic-acid,trt_cp,-30.30285
ATLAS_SIG_B_TOP100,BRD-K14821540,FCCP,trt_cp,33.584778
ATLAS_SIG_B_TOP100,BRD-K48367671,febuxostat,trt_cp,-17.332972
ATLAS_SIG_B_TOP100,BRD-K51318897,fenbendazole,trt_cp,38.428055
ATLAS_SIG_B_TOP100,BRD-A83081521,finasteride,trt_cp,-58.4018
ATLAS_SIG_B_TOP100,BRD-K17896185,FIT,trt_cp,15.781613
ATLAS_SIG_B_TOP100,BRD-K83508485,FK-888,trt_cp,1.4446794
ATLAS_SIG_B_TOP100,BRD-K30296925,flavokavain-b,trt_cp,83.31077
ATLAS_SIG_B_TOP100,BRD-K44067360,flufenamic-acid,trt_cp,68.269775
ATLAS_SIG_B_TOP100,BRD-A01346607,flumetasone,trt_cp,17.646275
ATLAS_SIG_B_TOP100,BRD-A65449987,flunisolide,trt_cp,-9.925619
ATLAS_SIG_B_TOP100,BRD-K15715913,fluperlapine,trt_cp,6.156192
ATLAS_SIG_B_TOP100,BRD-K31611373,fluprostenol,trt_cp,3.0253963
ATLAS_SIG_B_TOP100,BRD-A49765801,fludroxycortide,trt_cp,19.830887
ATLAS_SIG_B_TOP100,BRD-A96456596,FPL-55712,trt_cp,-29.043266
ATLAS_SIG_B_TOP100,BRD-K30990140,FR-122047,trt_cp,-2.3960536
ATLAS_SIG_B_TOP100,BRD-A80641450,FR-139317,trt_cp,-12.818225
ATLAS_SIG_B_TOP100,BRD-K66944906,fraxidin,trt_cp,-2.2551093
ATLAS_SIG_B_TOP100,BRD-K96402602,farnesylthiotriazole,trt_cp,50.08517
ATLAS_SIG_B_TOP100,BRD-K08998509,fananserin,trt_cp,3.772024
ATLAS_SIG_B_TOP100,BRD-K76617868,fasudil,trt_cp,57.818115
ATLAS_SIG_B_TOP100,BRD-K99107520,felbamate,trt_cp,-84.81013
ATLAS_SIG_B_TOP100,BRD-A30815329,felodipine,trt_cp,-76.98053
ATLAS_SIG_B_TOP100,BRD-K41160163,fenobam,trt_cp,-69.89353
ATLAS_SIG_B_TOP100,BRD-A50684349,fenoldopam,trt_cp,-9.446781
ATLAS_SIG_B_TOP100,BRD-K28168037,fenretinide,trt_cp,-22.161076
ATLAS_SIG_B_TOP100,BRD-K34170797,fexaramine,trt_cp,-3.5004375
ATLAS_SIG_B_TOP100,BRD-K28667196,fillalbin,trt_cp,-44.741264
ATLAS_SIG_B_TOP100,BRD-K01095011,finasteride,trt_cp,-10.893433
ATLAS_SIG_B_TOP100,BRD-A13650332,flucloxacillin,trt_cp,30.072979
ATLAS_SIG_B_TOP100,BRD-K98769987,flumazenil,trt_cp,-56.787212
ATLAS_SIG_B_TOP100,BRD-K61496577,flumetasone,trt_cp,-62.43299
ATLAS_SIG_B_TOP100,BRD-K12184470,flunarizine,trt_cp,3.7884169
ATLAS_SIG_B_TOP100,BRD-K49577446,flunisolide,trt_cp,-6.57012
ATLAS_SIG_B_TOP100,BRD-K53987533,fluphenazine,trt_cp,-11.075539
ATLAS_SIG_B_TOP100,BRD-K00824317,fludroxycortide,trt_cp,-45.678276
ATLAS_SIG_B_TOP100,BRD-K67445247,flurofamide,trt_cp,-37.272293
ATLAS_SIG_B_TOP100,BRD-A59943784,fluticasone,trt_cp,17.262627
ATLAS_SIG_B_TOP100,BRD-K62310379,fluticasone-propionate,trt_cp,-55.002747
ATLAS_SIG_B_TOP100,BRD-K72676686,fluvoxamine,trt_cp,30.76774
ATLAS_SIG_B_TOP100,BRD-A49734948,foliosidine,trt_cp,23.8959
ATLAS_SIG_B_TOP100,BRD-M00539986,formoterol,trt_cp,-38.87361
ATLAS_SIG_B_TOP100,BRD-K03015355,forskolin,trt_cp,-13.284973
ATLAS_SIG_B_TOP100,BRD-K87049188,fusaric-acid,trt_cp,-1.9334626
ATLAS_SIG_B_TOP100,BRD-K18059238,gamma-linolenic-acid,trt_cp,20.332584
ATLAS_SIG_B_TOP100,BRD-K77998258,ganglioside,trt_cp,-60.84063
ATLAS_SIG_B_TOP100,BRD-K92015269,GBR-12783,trt_cp,-0.5637773
ATLAS_SIG_B_TOP100,BRD-K34034388,GBR-12783,trt_cp,16.859186
ATLAS_SIG_B_TOP100,BRD-K32501161,vanoxerine,trt_cp,1.1980268
ATLAS_SIG_B_TOP100,BRD-K50135270,GBR-12935,trt_cp,3.6130261
ATLAS_SIG_B_TOP100,BRD-K92577649,GBR-13069,trt_cp,4.2652225
ATLAS_SIG_B_TOP100,BRD-K11634954,GBR-13069,trt_cp,5.3701534
ATLAS_SIG_B_TOP100,BRD-K65285700,GP-1a,trt_cp,-0.85304826
ATLAS_SIG_B_TOP100,BRD-K34608650,GP-2a,trt_cp,2.8002005
ATLAS_SIG_B_TOP100,BRD-K11911061,GR-127935,trt_cp,80.5063
ATLAS_SIG_B_TOP100,BRD-K12120659,GR-144053,trt_cp,12.008192
ATLAS_SIG_B_TOP100,BRD-K52394958,GR-159897,trt_cp,5.273268
ATLAS_SIG_B_TOP100,BRD-K02283807,GR-32191,trt_cp,29.340416
ATLAS_SIG_B_TOP100,BRD-K68190965,GR-46611,trt_cp,57.185673
ATLAS_SIG_B_TOP100,BRD-K46441700,GR-55562,trt_cp,-85.61006
ATLAS_SIG_B_TOP100,BRD-K40578143,GR-79236,trt_cp,-26.346745
ATLAS_SIG_B_TOP100,BRD-A93659613,GR-89696,trt_cp,-28.49825
ATLAS_SIG_B_TOP100,BRD-K75478907,GS-39783,trt_cp,-90.20446
ATLAS_SIG_B_TOP100,BRD-K67860401,AR-A014418,trt_cp,66.17236
ATLAS_SIG_B_TOP100,BRD-K16664969,GTP-14564,trt_cp,-23.005817
ATLAS_SIG_B_TOP100,BRD-K82983861,GW-0742,trt_cp,53.031883
ATLAS_SIG_B_TOP100,BRD-A38898897,GW-311616,trt_cp,-74.87172
ATLAS_SIG_B_TOP100,BRD-K10705233,GW-405833,trt_cp,13.543598
ATLAS_SIG_B_TOP100,BRD-K04146668,GW-441756,trt_cp,-58.31234
ATLAS_SIG_B_TOP100,BRD-K79930101,GW-583340,trt_cp,-1.691332
ATLAS_SIG_B_TOP100,BRD-A72596465,GW-6471,trt_cp,36.25432
ATLAS_SIG_B_TOP100,BRD-K90382497,GW-843682X,trt_cp,-3.7702608
ATLAS_SIG_B_TOP100,BRD-K71534238,GW-9508,trt_cp,2.2551093
ATLAS_SIG_B_TOP100,BRD-K93258693,GW-9662,trt_cp,-25.939274
ATLAS_SIG_B_TOP100,BRD-K24240364,GYKI-52466,trt_cp,-4.5963297
ATLAS_SIG_B_TOP100,BRD-K59256312,gabexate,trt_cp,9.469586
ATLAS_SIG_B_TOP100,BRD-K49890030,gavestinel,trt_cp,-1.0923185
ATLAS_SIG_B_TOP100,BRD-A36151937,genistein,trt_cp,17.387342
ATLAS_SIG_B_TOP100,BRD-K92758126,MD-920,trt_cp,34.781555
ATLAS_SIG_B_TOP100,BRD-K34776109,glimepiride,trt_cp,0.070472166
ATLAS_SIG_B_TOP100,BRD-K42693031,glimepiride,trt_cp,-4.792107
ATLAS_SIG_B_TOP100,BRD-A86109770,guggulsterone,trt_cp,3.4229312
ATLAS_SIG_B_TOP100,BRD-K27737647,H-89,trt_cp,59.354347
ATLAS_SIG_B_TOP100,BRD-K18742343,H-8,trt_cp,4.726815
ATLAS_SIG_B_TOP100,BRD-K70577657,H-9,trt_cp,4.8625793
ATLAS_SIG_B_TOP100,BRD-K05434375,HA-1004,trt_cp,9.796562
ATLAS_SIG_B_TOP100,BRD-A24429032,BE-2254,trt_cp,-17.184492
ATLAS_SIG_B_TOP100,BRD-A00267231,hemado,trt_cp,1.9310524
ATLAS_SIG_B_TOP100,BRD-K81209159,herniarin,trt_cp,32.177162
ATLAS_SIG_B_TOP100,BRD-K95885906,quercetagetin,trt_cp,-51.11901
ATLAS_SIG_B_TOP100,BRD-A34751532,homosalate,trt_cp,-63.235043
ATLAS_SIG_B_TOP100,BRD-K02715688,"hydrastine-(1r,-9s)",trt_cp,-40.05471
ATLAS_SIG_B_TOP100,BRD-A75172220,hydrocortisone,trt_cp,-29.49062
ATLAS_SIG_B_TOP100,BRD-A25143711,hydrocortisone-valerate,trt_cp,-23.299532
ATLAS_SIG_B_TOP100,BRD-A06390036,hydroquinidine,trt_cp,-40.102448
ATLAS_SIG_B_TOP100,BRD-K81709173,halcinonide,trt_cp,-14.737691
ATLAS_SIG_B_TOP100,BRD-K07996107,harpagoside,trt_cp,-73.27785
ATLAS_SIG_B_TOP100,BRD-K38903228,hesperidin,trt_cp,-1.4024535
ATLAS_SIG_B_TOP100,BRD-A97730597,hexylcaine,trt_cp,2.5862784
ATLAS_SIG_B_TOP100,BRD-K37691127,hinokitiol,trt_cp,29.407684
ATLAS_SIG_B_TOP100,BRD-K71003802,hippeastrine,trt_cp,-14.250825
ATLAS_SIG_B_TOP100,BRD-K07325606,hispidin,trt_cp,8.650913
ATLAS_SIG_B_TOP100,BRD-K08554278,bisbenzimide,trt_cp,0.0
ATLAS_SIG_B_TOP100,BRD-K76674262,homoharringtonine,trt_cp,-44.295868
ATLAS_SIG_B_TOP100,BRD-A77722753,hydralazine,trt_cp,-10.320614
ATLAS_SIG_B_TOP100,BRD-K92726801,hydrastinine,trt_cp,-26.970486
ATLAS_SIG_B_TOP100,BRD-K40530731,hyoscyamine,trt_cp,-60.860374
ATLAS_SIG_B_TOP100,BRD-K85383046,IAA-94,trt_cp,-35.592094
ATLAS_SIG_B_TOP100,BRD-A20527803,IB-MECA,trt_cp,-0.66948557
ATLAS_SIG_B_TOP100,BRD-K15196155,IBC-293,trt_cp,9.174744
ATLAS_SIG_B_TOP100,BRD-K09638361,IC-261,trt_cp,43.347572
ATLAS_SIG_B_TOP100,BRD-A89208012,BRD-A89208012,trt_cp,20.249329
ATLAS_SIG_B_TOP100,BRD-K66782112,ICI-162846,trt_cp,48.47451
ATLAS_SIG_B_TOP100,BRD-A51929314,BRD-A51929314,trt_cp,69.0298
ATLAS_SIG_B_TOP100,BRD-K73290745,ICI-199441,trt_cp,-22.577028
ATLAS_SIG_B_TOP100,BRD-A03359064,ICI-89406,trt_cp,-15.774468
ATLAS_SIG_B_TOP100,BRD-K14618467,IKK-16,trt_cp,5.7787175
ATLAS_SIG_B_TOP100,BRD-K74305673,IKK-2-inhibitor-V,trt_cp,8.139535
ATLAS_SIG_B_TOP100,BRD-K07117950,imperatorin,trt_cp,-13.379837
ATLAS_SIG_B_TOP100,BRD-K01815685,indole-3-carbinol,trt_cp,9.259128
ATLAS_SIG_B_TOP100,BRD-A07029265,ipratropium,trt_cp,-21.025028
ATLAS_SIG_B_TOP100,BRD-K92678294,irilin-a,trt_cp,2.3608174
ATLAS_SIG_B_TOP100,BRD-A54029483,IRL-2500,trt_cp,-88.94139
ATLAS_SIG_B_TOP100,BRD-A26845397,isamoltane,trt_cp,-23.398657
ATLAS_SIG_B_TOP100,BRD-K05737787,isoeugenol,trt_cp,39.598335
ATLAS_SIG_B_TOP100,BRD-K37080523,isoreserpine,trt_cp,8.97473
ATLAS_SIG_B_TOP100,BRD-K06198550,isorotenone,trt_cp,13.152031
ATLAS_SIG_B_TOP100,BRD-K60298136,ITE,trt_cp,0.7399577
ATLAS_SIG_B_TOP100,BRD-A48570745,ivermectin,trt_cp,-28.74226
ATLAS_SIG_B_TOP100,BRD-K16444452,ibudilast,trt_cp,-18.393906
ATLAS_SIG_B_TOP100,BRD-K25906698,immepip,trt_cp,17.659672
ATLAS_SIG_B_TOP100,BRD-K43860855,iobenguane,trt_cp,3.5588443
ATLAS_SIG_B_TOP100,BRD-K51918615,iodophenpropit,trt_cp,-21.826702
ATLAS_SIG_B_TOP100,BRD-K79124250,ioxaglic-acid,trt_cp,11.801076
ATLAS_SIG_B_TOP100,BRD-K74195153,irsogladine,trt_cp,-2.6427062
ATLAS_SIG_B_TOP100,BRD-K93332168,isocarboxazid,trt_cp,20.7551
ATLAS_SIG_B_TOP100,BRD-K29173907,isoflupredone-acetate,trt_cp,6.557756
ATLAS_SIG_B_TOP100,BRD-A41722204,sulmazole,trt_cp,-23.565514
ATLAS_SIG_B_TOP100,BRD-A74269027,isoxsuprine,trt_cp,-15.47002
ATLAS_SIG_B_TOP100,BRD-K64402243,ivachtin,trt_cp,-20.589695
ATLAS_SIG_B_TOP100,BRD-K26429091,J-104129,trt_cp,27.442513
ATLAS_SIG_B_TOP100,BRD-K72541103,JAK3-inhibitor-I,trt_cp,-8.558803
ATLAS_SIG_B_TOP100,BRD-K52850071,WHI-P154,trt_cp,23.437778
ATLAS_SIG_B_TOP100,BRD-K95676198,JAK3-inhibitor-V,trt_cp,10.017557
ATLAS_SIG_B_TOP100,BRD-K04546108,JAK3-inhibitor-VI,trt_cp,16.42498
ATLAS_SIG_B_TOP100,BRD-K22010301,JLK-6,trt_cp,61.981873
ATLAS_SIG_B_TOP100,BRD-K15086322,JNJ-10191584,trt_cp,31.815262
ATLAS_SIG_B_TOP100,BRD-K64670467,JNJ-16259685,trt_cp,-2.0789287
ATLAS_SIG_B_TOP100,BRD-K43330982,JTE-013,trt_cp,-4.746434
ATLAS_SIG_B_TOP100,BRD-K63150726,JTE-907,trt_cp,-15.621337
ATLAS_SIG_B_TOP100,BRD-K17796732,JWH-015,trt_cp,26.175533
ATLAS_SIG_B_TOP100,BRD-K05464208,JX-401,trt_cp,-32.274944
ATLAS_SIG_B_TOP100,BRD-A75455249,kavain,trt_cp,-14.973498
ATLAS_SIG_B_TOP100,BRD-K17743697,KB-R7943,trt_cp,0.66948557
ATLAS_SIG_B_TOP100,BRD-A54927599,KF-38789,trt_cp,35.19824
ATLAS_SIG_B_TOP100,BRD-A81177136,KN-62,trt_cp,22.026028
ATLAS_SIG_B_TOP100,BRD-K93480852,KN-93,trt_cp,44.96513
ATLAS_SIG_B_TOP100,BRD-A38747044,KU-14R,trt_cp,23.145157
ATLAS_SIG_B_TOP100,BRD-A31227688,kynuramine,trt_cp,-71.30246
ATLAS_SIG_B_TOP100,BRD-K37312348,kenpaullone,trt_cp,-28.59041
ATLAS_SIG_B_TOP100,BRD-K49671696,ketanserin,trt_cp,18.97176
ATLAS_SIG_B_TOP100,BRD-A43930669,L-368899,trt_cp,-8.432404
ATLAS_SIG_B_TOP100,BRD-K89402695,L-655240,trt_cp,10.513257
ATLAS_SIG_B_TOP100,BRD-K14765469,vesamicol,trt_cp,1.3742071
ATLAS_SIG_B_TOP100,BRD-A42553870,L-152804,trt_cp,-5.810164
ATLAS_SIG_B_TOP100,BRD-K40656405,L-165041,trt_cp,41.728844
ATLAS_SIG_B_TOP100,BRD-A28422058,L-689560,trt_cp,1.4446794
ATLAS_SIG_B_TOP100,BRD-K74284736,L-689560,trt_cp,-29.140152
ATLAS_SIG_B_TOP100,BRD-K70241288,L-692585,trt_cp,-14.556169
ATLAS_SIG_B_TOP100,BRD-K83322645,L-693403,trt_cp,-43.357353
ATLAS_SIG_B_TOP100,BRD-K18816859,L-694247,trt_cp,-13.702893
ATLAS_SIG_B_TOP100,BRD-K10176267,L-701252,trt_cp,-19.549429
ATLAS_SIG_B_TOP100,BRD-A96882008,L-732138,trt_cp,12.762732
ATLAS_SIG_B_TOP100,BRD-K15791587,L-733060,trt_cp,0.49330515
ATLAS_SIG_B_TOP100,BRD-K05181463,L-741626,trt_cp,1.4385477
ATLAS_SIG_B_TOP100,BRD-K05528470,L-745870,trt_cp,1.4446794
ATLAS_SIG_B_TOP100,BRD-K28806945,L-750667,trt_cp,28.798489
ATLAS_SIG_B_TOP100,BRD-A35511923,L-803087,trt_cp,21.591911
ATLAS_SIG_B_TOP100,BRD-K81029756,diltiazem,trt_cp,14.841866
ATLAS_SIG_B_TOP100,BRD-K23583188,lavendustin-a,trt_cp,-0.5990134
ATLAS_SIG_B_TOP100,BRD-K66707493,lawsone,trt_cp,12.771038
ATLAS_SIG_B_TOP100,BRD-K01648091,LE-300,trt_cp,-25.405424
ATLAS_SIG_B_TOP100,BRD-A44551378,LFM-A12,trt_cp,40.30264
ATLAS_SIG_B_TOP100,BRD-A30655177,LFM-A13,trt_cp,32.559742
ATLAS_SIG_B_TOP100,BRD-K52662033,lidocaine,trt_cp,-84.46893
ATLAS_SIG_B_TOP100,BRD-K64044582,linoleamide,trt_cp,43.619278
ATLAS_SIG_B_TOP100,BRD-K33396764,alpha-linolenic-acid,trt_cp,-25.443546
ATLAS_SIG_B_TOP100,BRD-K96670504,lonidamine,trt_cp,-19.838577
ATLAS_SIG_B_TOP100,BRD-K09416995,lovastatin,trt_cp,2.0436928
ATLAS_SIG_B_TOP100,BRD-K33864865,LY-225910,trt_cp,-5.2110415
ATLAS_SIG_B_TOP100,BRD-K24675965,LY-288513,trt_cp,-8.642786
ATLAS_SIG_B_TOP100,BRD-K22385716,LY-303511,trt_cp,-72.03151
ATLAS_SIG_B_TOP100,BRD-K78637815,LY-320135,trt_cp,2.0148978
ATLAS_SIG_B_TOP100,BRD-K69763916,LY-341495,trt_cp,-5.8839583
ATLAS_SIG_B_TOP100,BRD-K06234293,LY-364947,trt_cp,-47.234467
ATLAS_SIG_B_TOP100,BRD-K13261168,quinelorane,trt_cp,27.417194
ATLAS_SIG_B_TOP100,BRD-K14282469,LY-165163,trt_cp,-2.5248952
ATLAS_SIG_B_TOP100,BRD-A12016240,LY-278584,trt_cp,-23.849854
ATLAS_SIG_B_TOP100,BRD-K92492521,LY-255283,trt_cp,11.034178
ATLAS_SIG_B_TOP100,BRD-K47328134,lysylphenylalanyl-tyrosine,trt_cp,-88.27896
ATLAS_SIG_B_TOP100,BRD-K93460210,lamotrigine,trt_cp,1.0923185
ATLAS_SIG_B_TOP100,BRD-K10207760,lasalocid,trt_cp,-25.181383
ATLAS_SIG_B_TOP100,BRD-K78692225,leflunomide,trt_cp,92.74367
ATLAS_SIG_B_TOP100,BRD-K24526313,levcromakalim,trt_cp,-1.303735
ATLAS_SIG_B_TOP100,BRD-K62996583,lidoflazine,trt_cp,-0.7047216
ATLAS_SIG_B_TOP100,BRD-K03384561,roquinimex,trt_cp,4.5454545
ATLAS_SIG_B_TOP100,BRD-A59215453,lobelanidine,trt_cp,-26.498678
ATLAS_SIG_B_TOP100,BRD-K28137194,loreclezole,trt_cp,-58.1252
ATLAS_SIG_B_TOP100,BRD-K99411983,lumicolchicine,trt_cp,9.291586
ATLAS_SIG_B_TOP100,BRD-K67013324,luzindole,trt_cp,-19.20387
ATLAS_SIG_B_TOP100,BRD-K62289640,lylamine,trt_cp,16.607162
ATLAS_SIG_B_TOP100,BRD-K27871032,lysergol,trt_cp,-1.1275547
ATLAS_SIG_B_TOP100,BRD-K92138166,mammea-a,trt_cp,-0.7751938
ATLAS_SIG_B_TOP100,BRD-K76274772,MAPP-D-erythro,trt_cp,29.302872
ATLAS_SIG_B_TOP100,BRD-K09635134,L-erythro-MAPP,trt_cp,-18.328423
ATLAS_SIG_B_TOP100,BRD-K25433859,maprotiline,trt_cp,21.942839
ATLAS_SIG_B_TOP100,BRD-A85587465,bemesetron,trt_cp,1.7970402
ATLAS_SIG_B_TOP100,BRD-A17453586,MDL-72832,trt_cp,15.680117
ATLAS_SIG_B_TOP100,BRD-K43245338,MDL-28170,trt_cp,6.4447575
ATLAS_SIG_B_TOP100,BRD-K84987553,MDM2-inhibitor,trt_cp,22.10353
ATLAS_SIG_B_TOP100,BRD-K96144918,mead-acid,trt_cp,24.29583
ATLAS_SIG_B_TOP100,BRD-K09764130,mead-ethanolamide,trt_cp,3.030303
ATLAS_SIG_B_TOP100,BRD-A20126139,medrysone,trt_cp,1.6560959
ATLAS_SIG_B_TOP100,BRD-A35989968,megestrol-acetate,trt_cp,37.87899
ATLAS_SIG_B_TOP100,BRD-K12244279,MEK1-2-inhibitor,trt_cp,-29.543999
ATLAS_SIG_B_TOP100,BRD-A14395271,mesoridazine,trt_cp,3.534175
ATLAS_SIG_B_TOP100,BRD-A14798026,mestranol,trt_cp,2.8188865
ATLAS_SIG_B_TOP100,BRD-A94709349,metaxalone,trt_cp,42.63596
ATLAS_SIG_B_TOP100,BRD-A41145729,methoprene-acid,trt_cp,-9.909597
ATLAS_SIG_B_TOP100,BRD-K14844937,BRD-K14844937,trt_cp,48.22891
ATLAS_SIG_B_TOP100,BRD-K28680267,BRD-K28680267,trt_cp,-71.55618
ATLAS_SIG_B_TOP100,BRD-K33193182,methylnorlichexanthone,trt_cp,-14.184134
ATLAS_SIG_B_TOP100,BRD-K75641298,metoclopramide,trt_cp,5.0739956
ATLAS_SIG_B_TOP100,BRD-A03623303,metoprolol,trt_cp,-2.2551093
ATLAS_SIG_B_TOP100,BRD-K60230970,MG-132,trt_cp,57.64482
ATLAS_SIG_B_TOP100,BRD-K06902185,minoxidil,trt_cp,-55.676
ATLAS_SIG_B_TOP100,BRD-K95202259,ML-3163,trt_cp,-11.362823
ATLAS_SIG_B_TOP100,BRD-K93201660,ML-7,trt_cp,28.20879
ATLAS_SIG_B_TOP100,BRD-K53878242,MMPX,trt_cp,21.21707
ATLAS_SIG_B_TOP100,BRD-K63151507,MNITMT,trt_cp,-6.5077696
ATLAS_SIG_B_TOP100,BRD-A16332958,modafinil,trt_cp,6.758771
ATLAS_SIG_B_TOP100,BRD-K87696786,LY-456236,trt_cp,-16.076168
ATLAS_SIG_B_TOP100,BRD-A30590053,MR-16728,trt_cp,-34.16811
ATLAS_SIG_B_TOP100,BRD-K37618799,MRS-1220,trt_cp,-43.39675
ATLAS_SIG_B_TOP100,BRD-K72024482,MRS-1754,trt_cp,-23.59489
ATLAS_SIG_B_TOP100,BRD-A32949107,MRS-1845,trt_cp,4.9682875
ATLAS_SIG_B_TOP100,BRD-A99449986,MT-21,trt_cp,1.1453061
ATLAS_SIG_B_TOP100,BRD-K90524085,MY-5445,trt_cp,3.020643
ATLAS_SIG_B_TOP100,BRD-K92428153,mycophenolate-mofetil,trt_cp,-13.803356
ATLAS_SIG_B_TOP100,BRD-K38477985,malonoben,trt_cp,-6.1497946
ATLAS_SIG_B_TOP100,BRD-A45140972,meclocycline,trt_cp,3.3629298
ATLAS_SIG_B_TOP100,BRD-K92984783,melperone,trt_cp,-62.51078
ATLAS_SIG_B_TOP100,BRD-A02710418,meptazinol,trt_cp,-27.789557
ATLAS_SIG_B_TOP100,BRD-K56699285,metergoline,trt_cp,35.7046
ATLAS_SIG_B_TOP100,BRD-K09859624,methantheline,trt_cp,-93.90965
ATLAS_SIG_B_TOP100,BRD-A63667919,methylergometrine,trt_cp,32.135044
ATLAS_SIG_B_TOP100,BRD-A32164164,methyllycaconitine,trt_cp,-41.552067
ATLAS_SIG_B_TOP100,BRD-A98725278,methysergide,trt_cp,-32.92247
ATLAS_SIG_B_TOP100,BRD-K94441233,mevastatin,trt_cp,87.07694
ATLAS_SIG_B_TOP100,BRD-A19661776,mianserin,trt_cp,-4.5401363
ATLAS_SIG_B_TOP100,BRD-K09549677,mibefradil,trt_cp,54.71769
ATLAS_SIG_B_TOP100,BRD-A44780397,mifepristone,trt_cp,23.898369
ATLAS_SIG_B_TOP100,BRD-K37270826,mifepristone,trt_cp,-0.66948557
ATLAS_SIG_B_TOP100,BRD-K34441861,moexipril,trt_cp,-46.457344
ATLAS_SIG_B_TOP100,BRD-K60640630,mometasone,trt_cp,-9.345024
ATLAS_SIG_B_TOP100,BRD-A78377521,monastrol,trt_cp,3.2533574
ATLAS_SIG_B_TOP100,BRD-K77771411,moxonidine,trt_cp,15.254639
ATLAS_SIG_B_TOP100,BRD-K40990712,hexamethyleneamiloride,trt_cp,0.0
ATLAS_SIG_B_TOP100,BRD-K44899736,Ro-16-6941,trt_cp,1.524074
ATLAS_SIG_B_TOP100,BRD-K06024458,N-arachidonyl-GABA,trt_cp,-36.093826
ATLAS_SIG_B_TOP100,BRD-K10042277,desmethylclozapine,trt_cp,-2.3255813
ATLAS_SIG_B_TOP100,BRD-K60060639,N-methyllidocaine-iodide,trt_cp,23.775366
ATLAS_SIG_B_TOP100,BRD-K17693482,BRD-K17693482,trt_cp,-17.823586
ATLAS_SIG_B_TOP100,BRD-K71726959,BRD-K71726959,trt_cp,-3.488372
ATLAS_SIG_B_TOP100,BRD-A92651262,nalbuphine,trt_cp,-4.863027
ATLAS_SIG_B_TOP100,BRD-A70461345,naloxone,trt_cp,-65.14291
ATLAS_SIG_B_TOP100,BRD-K69195780,NAN-190,trt_cp,22.710325
ATLAS_SIG_B_TOP100,BRD-A23683907,NAS-181,trt_cp,29.613285
ATLAS_SIG_B_TOP100,BRD-K84658672,nateglinide,trt_cp,0.0
ATLAS_SIG_B_TOP100,BRD-K61177364,NBI-27914,trt_cp,-2.3608174
ATLAS_SIG_B_TOP100,BRD-A67433117,NCS-382,trt_cp,18.069992
ATLAS_SIG_B_TOP100,BRD-A35338386,NECA,trt_cp,-55.805313
ATLAS_SIG_B_TOP100,BRD-A78877355,nefopam,trt_cp,25.031006
ATLAS_SIG_B_TOP100,BRD-K05181084,NGB-2904,trt_cp,16.099161
ATLAS_SIG_B_TOP100,BRD-A62336480,niguldipine,trt_cp,15.248781
ATLAS_SIG_B_TOP100,BRD-K23566484,nilutamide,trt_cp,-83.79942
ATLAS_SIG_B_TOP100,BRD-K73589491,nizatidine,trt_cp,-86.64081
ATLAS_SIG_B_TOP100,BRD-K85015012,NNC-05-2090,trt_cp,28.766262
ATLAS_SIG_B_TOP100,BRD-K08438429,BRD-K08438429,trt_cp,35.975796
ATLAS_SIG_B_TOP100,BRD-K78122587,NNC-55-0396,trt_cp,5.250164
ATLAS_SIG_B_TOP100,BRD-K36009368,NNC-63-0532,trt_cp,-0.5637773
ATLAS_SIG_B_TOP100,BRD-K42221274,NNC-711,trt_cp,47.07831
ATLAS_SIG_B_TOP100,BRD-K06753942,nobiletin,trt_cp,-4.792107
ATLAS_SIG_B_TOP100,BRD-A09161221,nomilin,trt_cp,13.490578
ATLAS_SIG_B_TOP100,BRD-K88625236,nonoxynol-9,trt_cp,29.725544
ATLAS_SIG_B_TOP100,BRD-K32696739,noreleagnine,trt_cp,-19.274137
ATLAS_SIG_B_TOP100,BRD-A39415247,norethisterone,trt_cp,9.271772
ATLAS_SIG_B_TOP100,BRD-A00758722,noretynodrel,trt_cp,90.240395
ATLAS_SIG_B_TOP100,BRD-A50928468,norgestrel,trt_cp,14.51918
ATLAS_SIG_B_TOP100,BRD-K91301684,noscapine,trt_cp,8.8229475
ATLAS_SIG_B_TOP100,BRD-A47633927,NPC-15199,trt_cp,3.1551523
ATLAS_SIG_B_TOP100,BRD-K13169950,NSC-3852,trt_cp,40.002457
ATLAS_SIG_B_TOP100,BRD-K37392901,NSC-632839,trt_cp,22.122711
ATLAS_SIG_B_TOP100,BRD-K31268420,NSC-693868,trt_cp,-8.627221
ATLAS_SIG_B_TOP100,BRD-A94413429,NTNCB,trt_cp,6.5442204
ATLAS_SIG_B_TOP100,BRD-K10136726,tosyllysyl-chloromethyl-ketone,trt_cp,-10.793091
ATLAS_SIG_B_TOP100,BRD-A97454584,nadolol,trt_cp,-35.551544
ATLAS_SIG_B_TOP100,BRD-A71262238,nafadotride,trt_cp,33.392452
ATLAS_SIG_B_TOP100,BRD-K18574842,nafcillin,trt_cp,-13.832986
ATLAS_SIG_B_TOP100,BRD-K74141488,naftifine,trt_cp,-4.5454545
ATLAS_SIG_B_TOP100,BRD-A41833852,naloxone,trt_cp,43.69456
ATLAS_SIG_B_TOP100,BRD-A21723284,naltriben,trt_cp,-0.7399577
ATLAS_SIG_B_TOP100,BRD-A82656074,naltrindole,trt_cp,33.1075
ATLAS_SIG_B_TOP100,BRD-A87719232,naproxen,trt_cp,4.580691
ATLAS_SIG_B_TOP100,BRD-A36318220,necrostatin-1,trt_cp,-3.4035156
ATLAS_SIG_B_TOP100,BRD-K90789829,nefazodone,trt_cp,13.676546
ATLAS_SIG_B_TOP100,BRD-A66927094,nemonapride,trt_cp,42.245438
ATLAS_SIG_B_TOP100,BRD-A00100033,nifurtimox,trt_cp,-11.371738
ATLAS_SIG_B_TOP100,BRD-K76775527,nimesulide,trt_cp,40.446053
ATLAS_SIG_B_TOP100,BRD-A95696066,nisoxetine,trt_cp,3.030303
ATLAS_SIG_B_TOP100,BRD-K28453807,nitrocaramiphen,trt_cp,-2.995067
ATLAS_SIG_B_TOP100,BRD-K46652470,nizatidine,trt_cp,-15.810411
ATLAS_SIG_B_TOP100,BRD-K27351809,nomegestrol-acetate,trt_cp,-8.865608
ATLAS_SIG_B_TOP100,BRD-K63165456,norcyclobenzaprine,trt_cp,0.6370741
ATLAS_SIG_B_TOP100,BRD-K80334323,noretynodrel,trt_cp,40.532757
ATLAS_SIG_B_TOP100,BRD-K35189033,levonorgestrel,trt_cp,34.390926
ATLAS_SIG_B_TOP100,BRD-A10355991,norketamine,trt_cp,-3.1007752
ATLAS_SIG_B_TOP100,BRD-A51393488,noscapine,trt_cp,-53.56192
ATLAS_SIG_B_TOP100,BRD-K18316707,O-1918,trt_cp,16.15969
ATLAS_SIG_B_TOP100,BRD-K02590140,O-2050,trt_cp,55.10707
ATLAS_SIG_B_TOP100,BRD-K48029790,OBAA,trt_cp,28.556566
ATLAS_SIG_B_TOP100,BRD-K85318537,OBAA,trt_cp,7.6814656
ATLAS_SIG_B_TOP100,BRD-K26015241,ODQ,trt_cp,11.984414
ATLAS_SIG_B_TOP100,BRD-A41112154,oleanolic-acid,trt_cp,16.599663
ATLAS_SIG_B_TOP100,BRD-A39522003,OMDM-2,trt_cp,3.6921637
ATLAS_SIG_B_TOP100,BRD-A55962179,omeprazole,trt_cp,-13.573585
ATLAS_SIG_B_TOP100,BRD-A53576514,orphenadrine,trt_cp,16.132835
ATLAS_SIG_B_TOP100,BRD-K59037100,oxybenzone,trt_cp,16.473131
ATLAS_SIG_B_TOP100,BRD-K82731415,olomoucine,trt_cp,-41.275345
ATLAS_SIG_B_TOP100,BRD-K86958018,olvanil,trt_cp,43.651615
ATLAS_SIG_B_TOP100,BRD-K51816706,oxindole-I,trt_cp,25.253262
ATLAS_SIG_B_TOP100,BRD-K16195444,oxymetazoline,trt_cp,-10.878237
ATLAS_SIG_B_TOP100,BRD-K19525698,ozagrel,trt_cp,-57.99302
ATLAS_SIG_B_TOP100,BRD-K00206590,P-1075,trt_cp,-28.362492
ATLAS_SIG_B_TOP100,BRD-A22380646,pantoprazole,trt_cp,-83.76643
ATLAS_SIG_B_TOP100,BRD-K15567136,papaverine,trt_cp,12.229342
ATLAS_SIG_B_TOP100,BRD-K40992116,parachlorophenol,trt_cp,37.14048
ATLAS_SIG_B_TOP100,BRD-K83597974,pargyline,trt_cp,-3.864361
ATLAS_SIG_B_TOP100,BRD-A29289453,PCA-4248,trt_cp,-0.9161381
ATLAS_SIG_B_TOP100,BRD-K52721684,PCO-400,trt_cp,-10.332004
ATLAS_SIG_B_TOP100,BRD-A89337244,PD-102807,trt_cp,2.0570214
ATLAS_SIG_B_TOP100,BRD-A63836183,PD-123319,trt_cp,-21.306643
ATLAS_SIG_B_TOP100,BRD-K12079898,PD-160170,trt_cp,
ATLAS_SIG_B_TOP100,BRD-A75478957,PD-166793,trt_cp,-4.580691
ATLAS_SIG_B_TOP100,BRD-K77133231,PD-169316,trt_cp,-69.04251
ATLAS_SIG_B_TOP100,BRD-K88677950,PD-198306,trt_cp,-72.456375
ATLAS_SIG_B_TOP100,BRD-K82823804,PD-407824,trt_cp,5.561493
ATLAS_SIG_B_TOP100,BRD-K27665173,D-64406,trt_cp,-11.862955
ATLAS_SIG_B_TOP100,BRD-K15409150,penfluridol,trt_cp,5.179704
ATLAS_SIG_B_TOP100,BRD-K57569181,pentoxifylline,trt_cp,-11.528463
ATLAS_SIG_B_TOP100,BRD-K57718010,pentylenetetrazol,trt_cp,8.280479
ATLAS_SIG_B_TOP100,BRD-K72034655,peucedanin,trt_cp,-21.231285
ATLAS_SIG_B_TOP100,BRD-A70268693,PG-9,trt_cp,-11.596447
ATLAS_SIG_B_TOP100,BRD-K95435023,PHA-665752,trt_cp,43.93414
ATLAS_SIG_B_TOP100,BRD-K90333595,phentolamine,trt_cp,-12.187764
ATLAS_SIG_B_TOP100,BRD-K74112339,acetohydroxamic-acid,trt_cp,7.0764832
ATLAS_SIG_B_TOP100,BRD-K10843433,phenylbutazone,trt_cp,31.152353
ATLAS_SIG_B_TOP100,BRD-K76568384,PHTPP,trt_cp,-40.98928
ATLAS_SIG_B_TOP100,BRD-K97365803,PI-828,trt_cp,0.0
ATLAS_SIG_B_TOP100,BRD-K91509126,piceatannol,trt_cp,9.983641
ATLAS_SIG_B_TOP100,BRD-A43882281,pinacidil,trt_cp,16.732706
ATLAS_SIG_B_TOP100,BRD-K94689771,pinocembrin,trt_cp,11.710216
ATLAS_SIG_B_TOP100,BRD-K89375097,pirenzepine,trt_cp,20.851162
ATLAS_SIG_B_TOP100,BRD-K43978949,PIT,trt_cp,-4.5027347
ATLAS_SIG_B_TOP100,BRD-A41451487,PK-11195,trt_cp,-0.31712472
ATLAS_SIG_B_TOP100,BRD-K13646352,midostaurin,trt_cp,12.392539
ATLAS_SIG_B_TOP100,BRD-K71731651,PNU-120596,trt_cp,-13.077063
ATLAS_SIG_B_TOP100,BRD-K16551401,PNU-22394,trt_cp,-43.88552
ATLAS_SIG_B_TOP100,BRD-K28863208,PNU-282987,trt_cp,-6.5798984
ATLAS_SIG_B_TOP100,BRD-A95096829,PNU-96415E,trt_cp,10.939663
ATLAS_SIG_B_TOP100,BRD-K47598052,PP-1,trt_cp,1.0570824
ATLAS_SIG_B_TOP100,BRD-K95785537,PP-2,trt_cp,-11.6041975
ATLAS_SIG_B_TOP100,BRD-K16977723,PP-3,trt_cp,-17.984653
ATLAS_SIG_B_TOP100,BRD-K00312224,PPT,trt_cp,-10.947301
ATLAS_SIG_B_TOP100,BRD-K67537649,PQ-401,trt_cp,2.5369978
ATLAS_SIG_B_TOP100,BRD-A71816415,pravastatin,trt_cp,22.766397
ATLAS_SIG_B_TOP100,BRD-K72029282,probucol,trt_cp,15.73231
ATLAS_SIG_B_TOP100,BRD-K99029477,prometon,trt_cp,0.5003574
ATLAS_SIG_B_TOP100,BRD-A26334849,propafenone,trt_cp,10.894638
ATLAS_SIG_B_TOP100,BRD-K82255054,propofol,trt_cp,-5.743481
ATLAS_SIG_B_TOP100,BRD-K85242180,beta-CCP,trt_cp,12.073347
ATLAS_SIG_B_TOP100,BRD-K04010869,prostaglandin-a1,trt_cp,-12.389999
ATLAS_SIG_B_TOP100,BRD-K82865713,prostaglandin-b2,trt_cp,-35.39823
ATLAS_SIG_B_TOP100,BRD-K97863768,prothionamide,trt_cp,34.05393
ATLAS_SIG_B_TOP100,BRD-K57546357,prunetin,trt_cp,0.0
ATLAS_SIG_B_TOP100,BRD-K10177585,PSB-11,trt_cp,46.00045
ATLAS_SIG_B_TOP100,BRD-K84175871,pseudoephedrine,trt_cp,-18.180683
ATLAS_SIG_B_TOP100,BRD-K04170657,psoromic-acid,trt_cp,-55.383244
ATLAS_SIG_B_TOP100,BRD-A28970875,puromycin,trt_cp,3.3121917
ATLAS_SIG_B_TOP100,BRD-K97564742,mepyramine,trt_cp,-12.441508
ATLAS_SIG_B_TOP100,BRD-K88429204,pyrimethamine,trt_cp,-40.721493
ATLAS_SIG_B_TOP100,BRD-K68095457,palmitoylethanolamide,trt_cp,-3.453136
ATLAS_SIG_B_TOP100,BRD-K11163873,phenanthridone,trt_cp,-9.116441
ATLAS_SIG_B_TOP100,BRD-K11399644,phenformin,trt_cp,-16.837622
ATLAS_SIG_B_TOP100,BRD-K68873215,phosphodiesterase-V-inhibitor-II,trt_cp,44.286064
ATLAS_SIG_B_TOP100,BRD-K26241953,piceatannol,trt_cp,20.962809
ATLAS_SIG_B_TOP100,BRD-K67277431,picotamide,trt_cp,1.2684989
ATLAS_SIG_B_TOP100,BRD-A37817666,picrotoxin,trt_cp,-64.13039
ATLAS_SIG_B_TOP100,BRD-K66874953,pifithrin-alpha,trt_cp,6.3355036
ATLAS_SIG_B_TOP100,BRD-K31792052,pifithrin,trt_cp,-39.911304
ATLAS_SIG_B_TOP100,BRD-A58207013,pinacidil,trt_cp,2.2903454
ATLAS_SIG_B_TOP100,BRD-K16277217,piperacetazine,trt_cp,6.2274017
ATLAS_SIG_B_TOP100,BRD-K87990216,piretanide,trt_cp,-0.28188866
ATLAS_SIG_B_TOP100,BRD-K96862998,pirfenidone,trt_cp,-23.281265
ATLAS_SIG_B_TOP100,BRD-K60511616,pravastatin,trt_cp,-26.212505
ATLAS_SIG_B_TOP100,BRD-K39356024,pregnenolone,trt_cp,6.0870266
ATLAS_SIG_B_TOP100,BRD-A22684332,procaterol,trt_cp,27.817978
ATLAS_SIG_B_TOP100,BRD-K64994968,progesterone,trt_cp,24.944958
ATLAS_SIG_B_TOP100,BRD-K18250272,propoxycaine,trt_cp,-38.969124
ATLAS_SIG_B_TOP100,BRD-K26521938,dinoprostone,trt_cp,-15.081528
ATLAS_SIG_B_TOP100,BRD-K77171813,proxyfan,trt_cp,-50.090206
ATLAS_SIG_B_TOP100,BRD-A19053259,pseudopelletierine,trt_cp,24.590504
ATLAS_SIG_B_TOP100,BRD-K73397362,purmorphamine,trt_cp,0.5637773
ATLAS_SIG_B_TOP100,BRD-K36007650,puromycin,trt_cp,-3.2639322
ATLAS_SIG_B_TOP100,BRD-K80970344,pyrrolidine-dithiocarbamate,trt_cp,13.857103
ATLAS_SIG_B_TOP100,BRD-K59632282,quinidine,trt_cp,-12.996459
ATLAS_SIG_B_TOP100,BRD-K56596464,QX-314,trt_cp,-60.439064
ATLAS_SIG_B_TOP100,BRD-K97399794,quercetin,trt_cp,-1.4723386
ATLAS_SIG_B_TOP100,BRD-K70799801,quinidine,trt_cp,49.573475
ATLAS_SIG_B_TOP100,BRD-K84421793,BRD-K84421793,trt_cp,0.5990134
ATLAS_SIG_B_TOP100,BRD-K39187410,BRD-K39187410,trt_cp,-76.64527
ATLAS_SIG_B_TOP100,BRD-K32412559,morphothebaine,trt_cp,-36.97666
ATLAS_SIG_B_TOP100,BRD-K15588452,R-96544,trt_cp,-33.61164
ATLAS_SIG_B_TOP100,BRD-K70505054,ranitidine,trt_cp,-2.5369978
ATLAS_SIG_B_TOP100,BRD-A97674275,ranolazine,trt_cp,-12.796988
ATLAS_SIG_B_TOP100,BRD-K95921201,reserpine,trt_cp,-40.84658
ATLAS_SIG_B_TOP100,BRD-A68281735,REV-5901,trt_cp,0.0
ATLAS_SIG_B_TOP100,BRD-K82688027,RG-13022,trt_cp,-10.321135
ATLAS_SIG_B_TOP100,BRD-K21853356,RG-14620,trt_cp,42.38902
ATLAS_SIG_B_TOP100,BRD-K56047318,RHC-80267,trt_cp,28.358309
ATLAS_SIG_B_TOP100,BRD-A59174698,ritodrine,trt_cp,16.893036
ATLAS_SIG_B_TOP100,BRD-K34330170,rotenonic-acid,trt_cp,19.191803
ATLAS_SIG_B_TOP100,BRD-K08640512,RS-100329,trt_cp,-1.4446794
ATLAS_SIG_B_TOP100,BRD-K87048468,RS-102221,trt_cp,-12.222409
ATLAS_SIG_B_TOP100,BRD-K80725821,RS-16566,trt_cp,-54.284805
ATLAS_SIG_B_TOP100,BRD-K76840893,RS-17053,trt_cp,55.98384
ATLAS_SIG_B_TOP100,BRD-K26160755,RS-45041-190,trt_cp,-37.746723
ATLAS_SIG_B_TOP100,BRD-K87510569,RS-504393,trt_cp,2.3211386
ATLAS_SIG_B_TOP100,BRD-K20714604,RS-56812,trt_cp,2.0436928
ATLAS_SIG_B_TOP100,BRD-K46142322,RS-67333,trt_cp,-65.3178
ATLAS_SIG_B_TOP100,BRD-K50018155,RS-67506,trt_cp,-22.194489
ATLAS_SIG_B_TOP100,BRD-A29437505,RWJ-21757,trt_cp,25.149075
ATLAS_SIG_B_TOP100,BRD-K69556541,ryanodine,trt_cp,-21.66518
ATLAS_SIG_B_TOP100,BRD-K04111260,raclopride,trt_cp,-2.386272
ATLAS_SIG_B_TOP100,BRD-K14204120,ranitidine,trt_cp,-10.462521
ATLAS_SIG_B_TOP100,BRD-A43974499,reboxetine,trt_cp,21.89494
ATLAS_SIG_B_TOP100,BRD-K54094468,remoxipride,trt_cp,47.291836
ATLAS_SIG_B_TOP100,BRD-K52930707,rescinnamine,trt_cp,-19.123558
ATLAS_SIG_B_TOP100,BRD-K32755366,reserpic-acid,trt_cp,-1.1627907
ATLAS_SIG_B_TOP100,BRD-K25591257,resveratrol,trt_cp,-8.473719
ATLAS_SIG_B_TOP100,BRD-M62162320,rilmenidine,trt_cp,0.0
ATLAS_SIG_B_TOP100,BRD-K21283037,riluzole,trt_cp,8.107633
ATLAS_SIG_B_TOP100,BRD-A63346720,rimcazole,trt_cp,7.8821955
ATLAS_SIG_B_TOP100,BRD-K31627533,rimexolone,trt_cp,-39.204544
ATLAS_SIG_B_TOP100,BRD-A63546914,Ro-04-5595,trt_cp,57.985683
ATLAS_SIG_B_TOP100,BRD-K00486786,Ro-08-2750,trt_cp,-4.4397464
ATLAS_SIG_B_TOP100,BRD-K79684402,Ro-10-5824,trt_cp,5.2854123
ATLAS_SIG_B_TOP100,BRD-K82823076,Ro-15-4513,trt_cp,-32.754883
ATLAS_SIG_B_TOP100,BRD-K80778372,Ro-19-4605,trt_cp,-81.982765
ATLAS_SIG_B_TOP100,BRD-A49370193,Ro-60-0175,trt_cp,-1.4446794
ATLAS_SIG_B_TOP100,BRD-K20313525,rosmarinic-acid,trt_cp,-15.409084
ATLAS_SIG_B_TOP100,BRD-K06426971,ryuvidine,trt_cp,78.33093
ATLAS_SIG_B_TOP100,BRD-K05901394,terguride,trt_cp,-13.059826
ATLAS_SIG_B_TOP100,BRD-K88871508,lisuride,trt_cp,-45.959305
ATLAS_SIG_B_TOP100,BRD-K14965640,ibuprofen-(S),trt_cp,-44.16568
ATLAS_SIG_B_TOP100,BRD-K19284129,salvinorin-a,trt_cp,70.740135
ATLAS_SIG_B_TOP100,BRD-K83637872,SANT-1,trt_cp,7.699501
ATLAS_SIG_B_TOP100,BRD-A89434049,sarmentogenin,trt_cp,-1.6850204
ATLAS_SIG_B_TOP100,BRD-K77677632,SB-200646,trt_cp,12.889523
ATLAS_SIG_B_TOP100,BRD-K54330070,SB-202190,trt_cp,-60.137074
ATLAS_SIG_B_TOP100,BRD-A37704979,SB-203580,trt_cp,-13.9990835
ATLAS_SIG_B_TOP100,BRD-A22707317,SB-205384,trt_cp,-1.7618041
ATLAS_SIG_B_TOP100,BRD-A11609859,SB-205607,trt_cp,-2.8188865
ATLAS_SIG_B_TOP100,BRD-K61097567,SB-218795,trt_cp,-18.610065
ATLAS_SIG_B_TOP100,BRD-K14807180,SB-221284,trt_cp,-2.9735186
ATLAS_SIG_B_TOP100,BRD-K04414442,SB-222200,trt_cp,0.3875969
ATLAS_SIG_B_TOP100,BRD-K61323504,SB-225002,trt_cp,85.617256
ATLAS_SIG_B_TOP100,BRD-K98143437,SB-239063,trt_cp,7.3615193
ATLAS_SIG_B_TOP100,BRD-K24201553,SB-269970,trt_cp,58.171417
ATLAS_SIG_B_TOP100,BRD-K41567364,SB-334867,trt_cp,33.532898
ATLAS_SIG_B_TOP100,BRD-K59331372,SB-366791,trt_cp,66.02578
ATLAS_SIG_B_TOP100,BRD-K53913732,SB-408124,trt_cp,16.670393
ATLAS_SIG_B_TOP100,BRD-K76805682,SB-415286,trt_cp,1.6560959
ATLAS_SIG_B_TOP100,BRD-K67298865,SB-431542,trt_cp,14.403412
ATLAS_SIG_B_TOP100,BRD-K14767410,SC-560,trt_cp,-1.726568
ATLAS_SIG_B_TOP100,BRD-K26373640,IKK-2-inhibitor,trt_cp,-19.180298
ATLAS_SIG_B_TOP100,BRD-K85871428,SC-68376,trt_cp,25.374218
ATLAS_SIG_B_TOP100,BRD-K25875056,SC-9,trt_cp,-8.954013
ATLAS_SIG_B_TOP100,BRD-K81847782,scandenin,trt_cp,-0.85775554
ATLAS_SIG_B_TOP100,BRD-K45435259,SCH-23390,trt_cp,14.56323
ATLAS_SIG_B_TOP100,BRD-K94270326,ecopipam,trt_cp,-17.089115
ATLAS_SIG_B_TOP100,BRD-K46469693,SCH-442416,trt_cp,58.703003
ATLAS_SIG_B_TOP100,BRD-K81225797,SCH-58261,trt_cp,59.833057
ATLAS_SIG_B_TOP100,BRD-A62035778,scopolamine,trt_cp,-69.300415
ATLAS_SIG_B_TOP100,BRD-K15868788,SDZ-205-557,trt_cp,39.747826
ATLAS_SIG_B_TOP100,BRD-A15530910,SDZ-21009,trt_cp,36.04365
ATLAS_SIG_B_TOP100,BRD-A82590476,SDZ-NKT-343,trt_cp,16.659798
ATLAS_SIG_B_TOP100,BRD-A31007383,SDZ-WAG-994,trt_cp,23.276615
ATLAS_SIG_B_TOP100,BRD-K07212038,selinidin,trt_cp,65.60969
ATLAS_SIG_B_TOP100,BRD-K15601958,SEW-2871,trt_cp,8.595952
ATLAS_SIG_B_TOP100,BRD-K98157055,SIB-1757,trt_cp,72.51939
ATLAS_SIG_B_TOP100,BRD-K84996949,sinensetin,trt_cp,-46.41908
ATLAS_SIG_B_TOP100,BRD-K73824630,skatole,trt_cp,-30.488573
ATLAS_SIG_B_TOP100,BRD-A64227845,SKF-77434,trt_cp,0.0
ATLAS_SIG_B_TOP100,BRD-A09828896,SKF-81297,trt_cp,7.3073063
ATLAS_SIG_B_TOP100,BRD-K96809896,SKF-86002,trt_cp,17.199095
ATLAS_SIG_B_TOP100,BRD-A49046702,SKF-89976A,trt_cp,35.385418
ATLAS_SIG_B_TOP100,BRD-K01567962,pyrazolanthrone,trt_cp,7.847188
ATLAS_SIG_B_TOP100,BRD-A56987319,SQ-22536,trt_cp,-17.77659
ATLAS_SIG_B_TOP100,BRD-K91243525,SR-142948,trt_cp,-14.385587
ATLAS_SIG_B_TOP100,BRD-K35629949,SR-27897,trt_cp,-55.846756
ATLAS_SIG_B_TOP100,BRD-K96720755,relcovaptan,trt_cp,33.042946
ATLAS_SIG_B_TOP100,BRD-K09397065,SR-57227A,trt_cp,0.845666
ATLAS_SIG_B_TOP100,BRD-K35430135,SR-59230A,trt_cp,-25.26017
ATLAS_SIG_B_TOP100,BRD-K19309090,SR-95639A,trt_cp,14.771221
ATLAS_SIG_B_TOP100,BRD-K72895815,SSR-69071,trt_cp,50.71467
ATLAS_SIG_B_TOP100,BRD-K18905250,ST-91,trt_cp,-55.351
ATLAS_SIG_B_TOP100,BRD-K52620403,STO-609,trt_cp,-70.18081
ATLAS_SIG_B_TOP100,BRD-K20287671,SU-4312,trt_cp,-11.037466
ATLAS_SIG_B_TOP100,BRD-K60487568,SU-4312,trt_cp,-10.012097
ATLAS_SIG_B_TOP100,BRD-K63504947,semaxanib,trt_cp,63.44709
ATLAS_SIG_B_TOP100,BRD-K34995470,SU-1498,trt_cp,-22.293472
ATLAS_SIG_B_TOP100,BRD-K97354755,SU-6656,trt_cp,5.8970695
ATLAS_SIG_B_TOP100,BRD-A70649075,sulconazole,trt_cp,22.770594
ATLAS_SIG_B_TOP100,BRD-A10715913,sulpiride,trt_cp,56.824554
ATLAS_SIG_B_TOP100,BRD-A24122750,saclofen,trt_cp,5.5830154
ATLAS_SIG_B_TOP100,BRD-K09963420,saquinavir,trt_cp,63.90984
ATLAS_SIG_B_TOP100,BRD-A49906757,scopolamine-n-oxide,trt_cp,2.69711
ATLAS_SIG_B_TOP100,BRD-A14566392,scopolamine,trt_cp,-1.5503876
ATLAS_SIG_B_TOP100,BRD-K62609077,scoulerine,trt_cp,-51.31062
ATLAS_SIG_B_TOP100,BRD-K22503835,scriptaid,trt_cp,25.966024
ATLAS_SIG_B_TOP100,BRD-A25775766,securinine,trt_cp,-14.203725
ATLAS_SIG_B_TOP100,BRD-K38449220,seneciphylline,trt_cp,-25.412443
ATLAS_SIG_B_TOP100,BRD-K25741894,skimmianine,trt_cp,0.0
ATLAS_SIG_B_TOP100,BRD-K70881766,solanine,trt_cp,-5.9250283
ATLAS_SIG_B_TOP100,BRD-K97330509,SRC-kinase-inhibitor-II,trt_cp,-49.818542
ATLAS_SIG_B_TOP100,BRD-K68332390,ponalrestat,trt_cp,-9.385057
ATLAS_SIG_B_TOP100,BRD-K84595254,strophanthidin,trt_cp,1.7970402
ATLAS_SIG_B_TOP100,BRD-K35708212,ouabain,trt_cp,-9.840159
ATLAS_SIG_B_TOP100,BRD-K30189597,SYK-inhibitor,trt_cp,-31.987823
ATLAS_SIG_B_TOP100,BRD-K14200658,syrosingopine,trt_cp,-1.0570824
ATLAS_SIG_B_TOP100,BRD-K31843556,T-0070907,trt_cp,10.493803
ATLAS_SIG_B_TOP100,BRD-K63516691,T-0156,trt_cp,2.6427062
ATLAS_SIG_B_TOP100,BRD-K23383398,T-0901317,trt_cp,9.161382
ATLAS_SIG_B_TOP100,BRD-K62221994,T-98475,trt_cp,42.404224
ATLAS_SIG_B_TOP100,BRD-K25186396,tangeritin,trt_cp,23.99772
ATLAS_SIG_B_TOP100,BRD-K97118047,"4,5,6,7-tetrabromobenzotriazole",trt_cp,11.363092
ATLAS_SIG_B_TOP100,BRD-K67352070,TC-2559,trt_cp,61.15995
ATLAS_SIG_B_TOP100,BRD-A31195449,TCB2,trt_cp,40.419697
ATLAS_SIG_B_TOP100,BRD-K73999723,telmisartan,trt_cp,13.195401
ATLAS_SIG_B_TOP100,BRD-K51805276,temefos,trt_cp,6.221789
ATLAS_SIG_B_TOP100,BRD-A33833419,TER-14687,trt_cp,-38.197998
ATLAS_SIG_B_TOP100,BRD-A48720949,testosterone-propionate,trt_cp,16.664303
ATLAS_SIG_B_TOP100,BRD-K97309399,thiothixene,trt_cp,36.159195
ATLAS_SIG_B_TOP100,BRD-K12867552,PCI-24781,trt_cp,71.10031
ATLAS_SIG_B_TOP100,BRD-K45988865,tetramethylsilane,trt_cp,61.32201
ATLAS_SIG_B_TOP100,BRD-K51033547,tramadol,trt_cp,-19.17813
ATLAS_SIG_B_TOP100,BRD-A01295252,7-hydroxy-PIPAT,trt_cp,-1.1275547
ATLAS_SIG_B_TOP100,BRD-K34415467,trimethobenzamide,trt_cp,-47.280365
ATLAS_SIG_B_TOP100,BRD-K54790157,trioxsalen,trt_cp,-22.244423
ATLAS_SIG_B_TOP100,BRD-K57033106,tripelennamine,trt_cp,-68.27078
ATLAS_SIG_B_TOP100,BRD-K00959089,thenoyltrifluoroacetone,trt_cp,-2.8561635
ATLAS_SIG_B_TOP100,BRD-K68246049,TTNPB,trt_cp,-63.73111
ATLAS_SIG_B_TOP100,BRD-A02176148,tubaic-acid,trt_cp,-5.9524717
ATLAS_SIG_B_TOP100,BRD-K94176593,TWS-119,trt_cp,8.574074
ATLAS_SIG_B_TOP100,BRD-K60184833,tyrphostin-AG-99,trt_cp,57.058846
ATLAS_SIG_B_TOP100,BRD-K96778649,tyrphostin-47,trt_cp,43.007828
ATLAS_SIG_B_TOP100,BRD-K11158509,tyrphostin-B44,trt_cp,-24.039783
ATLAS_SIG_B_TOP100,BRD-A98378129,talniflumate,trt_cp,-36.3101
ATLAS_SIG_B_TOP100,BRD-K43744935,tamoxifen,trt_cp,-2.501762
ATLAS_SIG_B_TOP100,BRD-A23723433,paclitaxel,trt_cp,27.466272
ATLAS_SIG_B_TOP100,BRD-K06147391,telenzepine,trt_cp,54.346073
ATLAS_SIG_B_TOP100,BRD-A87479750,tenidap,trt_cp,34.645203
ATLAS_SIG_B_TOP100,BRD-K90553655,testosterone,trt_cp,28.642746
ATLAS_SIG_B_TOP100,BRD-A11605036,thiocolchicoside,trt_cp,25.63322
ATLAS_SIG_B_TOP100,BRD-A85424553,thioperamide,trt_cp,-13.879182
ATLAS_SIG_B_TOP100,BRD-K63874012,thioperamide,trt_cp,28.984268
ATLAS_SIG_B_TOP100,BRD-K08619574,thioproperazine,trt_cp,3.4544368
ATLAS_SIG_B_TOP100,BRD-K11107424,tiotidine,trt_cp,-58.090363
ATLAS_SIG_B_TOP100,BRD-K20141153,atomoxetine,trt_cp,38.66896
ATLAS_SIG_B_TOP100,BRD-K34154330,tracazolate,trt_cp,-4.580691
ATLAS_SIG_B_TOP100,BRD-K19533706,tranilast,trt_cp,-48.171482
ATLAS_SIG_B_TOP100,BRD-K69837166,trap-101,trt_cp,36.4955
ATLAS_SIG_B_TOP100,BRD-K95763993,trapidil,trt_cp,14.959612
ATLAS_SIG_B_TOP100,BRD-K08619838,tremorine,trt_cp,-48.21443
ATLAS_SIG_B_TOP100,BRD-K77554836,triamcinolone,trt_cp,-58.44328
ATLAS_SIG_B_TOP100,BRD-A84389633,"tropanyl-3,5-dimethylbenzoate",trt_cp,-43.808662
ATLAS_SIG_B_TOP100,BRD-A83859836,tropisetron,trt_cp,-30.598743
ATLAS_SIG_B_TOP100,BRD-K02607075,tubocurarine,trt_cp,-75.77972
ATLAS_SIG_B_TOP100,BRD-K17415526,tyrphostin-AG-835,trt_cp,63.19808
ATLAS_SIG_B_TOP100,BRD-A81795050,U-18666A,trt_cp,0.9161381
ATLAS_SIG_B_TOP100,BRD-K70281171,U-99194,trt_cp,-2.501762
ATLAS_SIG_B_TOP100,BRD-K18787491,U-0126,trt_cp,-20.46073
ATLAS_SIG_B_TOP100,BRD-K18757346,U-46619,trt_cp,-28.23493
ATLAS_SIG_B_TOP100,BRD-A96897502,U-74389F,trt_cp,-7.8025246
ATLAS_SIG_B_TOP100,BRD-K46419649,U0126,trt_cp,-30.673542
ATLAS_SIG_B_TOP100,BRD-A14574269,UB-165,trt_cp,63.158855
ATLAS_SIG_B_TOP100,BRD-A45499626,UBP-302,trt_cp,0.9866103
ATLAS_SIG_B_TOP100,BRD-K50325075,UCL-2077,trt_cp,-16.402695
ATLAS_SIG_B_TOP100,BRD-K45158365,valsartan,trt_cp,5.240592
ATLAS_SIG_B_TOP100,BRD-K13926615,vardenafil,trt_cp,-9.402133
ATLAS_SIG_B_TOP100,BRD-K61737877,VEGF-receptor-2-kinase-inhibitor-IV,trt_cp,-19.329592
ATLAS_SIG_B_TOP100,BRD-K60923938,veratridine,trt_cp,13.07847
ATLAS_SIG_B_TOP100,BRD-A55594068,vinblastine,trt_cp,6.704825
ATLAS_SIG_B_TOP100,BRD-A60414806,vincristine,trt_cp,-72.22496
ATLAS_SIG_B_TOP100,BRD-K62206109,VUF-5681,trt_cp,-44.70848
ATLAS_SIG_B_TOP100,BRD-A22783572,vinblastine,trt_cp,27.493158
ATLAS_SIG_B_TOP100,BRD-K40902647,vincamine,trt_cp,10.232946
ATLAS_SIG_B_TOP100,BRD-A76528577,vincristine,trt_cp,3.040012
ATLAS_SIG_B_TOP100,BRD-A19374631,vinpocetine,trt_cp,5.249682
ATLAS_SIG_B_TOP100,BRD-K53318339,vinpocetine,trt_cp,-11.458682
ATLAS_SIG_B_TOP100,BRD-A41941932,vitexin,trt_cp,4.549715
ATLAS_SIG_B_TOP100,BRD-K78084463,W-12,trt_cp,60.362274
ATLAS_SIG_B_TOP100,BRD-K45068323,W-13,trt_cp,2.626482
ATLAS_SIG_B_TOP100,BRD-K90259198,W-7,trt_cp,-0.5990134
ATLAS_SIG_B_TOP100,BRD-K68341547,W-9,trt_cp,-13.177183
ATLAS_SIG_B_TOP100,BRD-K36198571,WAY-170523,trt_cp,54.86725
ATLAS_SIG_B_TOP100,BRD-A20968261,WAY-213613,trt_cp,-31.797865
ATLAS_SIG_B_TOP100,BRD-K28115081,apafant,trt_cp,0.9161381
ATLAS_SIG_B_TOP100,BRD-K26669427,WR-216174,trt_cp,0.0
ATLAS_SIG_B_TOP100,BRD-K01902415,pirinixic-acid,trt_cp,-7.326778
ATLAS_SIG_B_TOP100,BRD-K12260308,xanthoxyline,trt_cp,25.872019
ATLAS_SIG_B_TOP100,BRD-K21565985,xylazine,trt_cp,-3.2430558
ATLAS_SIG_B_TOP100,BRD-K88358234,xaliproden,trt_cp,2.7131784
ATLAS_SIG_B_TOP100,BRD-K94832621,Y-134,trt_cp,8.886818
ATLAS_SIG_B_TOP100,BRD-A44133049,azasetron,trt_cp,0.1761804
ATLAS_SIG_B_TOP100,BRD-K60476892,YC-1,trt_cp,-81.12747
ATLAS_SIG_B_TOP100,BRD-K59650319,YM-298198,trt_cp,-27.541283
ATLAS_SIG_B_TOP100,BRD-K12932420,YM-976,trt_cp,-3.7612574
ATLAS_SIG_B_TOP100,BRD-K06208435,YS-035,trt_cp,10.079624
ATLAS_SIG_B_TOP100,BRD-A51410489,yohimbine,trt_cp,5.8526506
ATLAS_SIG_B_TOP100,BRD-K15935639,z-leu3-VS,trt_cp,35.14887
ATLAS_SIG_B_TOP100,BRD-K60174629,z-prolyl-prolinal,trt_cp,51.262604
ATLAS_SIG_B_TOP100,BRD-K64157027,ZD-2079,trt_cp,9.121145
ATLAS_SIG_B_TOP100,BRD-K11373525,ZD-7155,trt_cp,53.833214
ATLAS_SIG_B_TOP100,BRD-K18678457,ZD-7288,trt_cp,-21.758482
ATLAS_SIG_B_TOP100,BRD-K05151076,ZK-164015,trt_cp,-1.0952581
ATLAS_SIG_B_TOP100,BRD-K33882852,ZK-93423,trt_cp,-3.2064834
ATLAS_SIG_B_TOP100,BRD-K68392338,ZK-93426,trt_cp,35.628822
ATLAS_SIG_B_TOP100,BRD-K19605405,ZM-241385,trt_cp,-21.482311
ATLAS_SIG_B_TOP100,BRD-K41337261,ZM-306416,trt_cp,20.630163
ATLAS_SIG_B_TOP100,BRD-K67831364,ZM-323881,trt_cp,-46.595947
ATLAS_SIG_B_TOP100,BRD-K54314721,zolmitriptan,trt_cp,-31.314537
ATLAS_SIG_B_TOP100,BRD-K12516989,zaprinast,trt_cp,28.331404
ATLAS_SIG_B_TOP100,BRD-K37561857,zardaverine,trt_cp,20.345295
ATLAS_SIG_B_TOP100,BRD-K92446736,zatebradine,trt_cp,2.9245949
ATLAS_SIG_B_TOP100,BRD-K08996725,zolantidine,trt_cp,-54.92739
ATLAS_SIG_B_TOP100,BRD-K28761384,zuclopenthixol,trt_cp,-1.303735
ATLAS_SIG_B_TOP100,BRD-K45401373,betulinic-acid,trt_cp,33.74199
ATLAS_SIG_B_TOP100,BRD-A41301928,bongkrek-acid,trt_cp,68.36153
ATLAS_SIG_B_TOP100,BRD-K63606607,bufalin,trt_cp,-3.6293163
ATLAS_SIG_B_TOP100,BRD-A26097136,bulleyaconitine-a,trt_cp,-7.95718
ATLAS_SIG_B_TOP100,BRD-K26134695,calpeptin,trt_cp,37.268906
ATLAS_SIG_B_TOP100,BRD-A80502530,cinobufagin,trt_cp,1.4094433
ATLAS_SIG_B_TOP100,BRD-K70487031,flupentixol,trt_cp,22.08294
ATLAS_SIG_B_TOP100,BRD-K97509413,coumestrol,trt_cp,53.961803
ATLAS_SIG_B_TOP100,BRD-A82329351,cycloheximide,trt_cp,34.26722
ATLAS_SIG_B_TOP100,BRD-K58938839,cyclopamine,trt_cp,47.283543
ATLAS_SIG_B_TOP100,BRD-K93325701,damnacanthal,trt_cp,-34.37255
ATLAS_SIG_B_TOP100,BRD-A94624445,bucladesine,trt_cp,36.21957
ATLAS_SIG_B_TOP100,BRD-A06726973,dibutyrylcyclic-gmp,trt_cp,6.3417206
ATLAS_SIG_B_TOP100,BRD-K18910433,estradiol,trt_cp,-4.645367
ATLAS_SIG_B_TOP100,BRD-A31801025,formestane,trt_cp,15.034363
ATLAS_SIG_B_TOP100,BRD-A65550283,ginsenoside,trt_cp,35.16913
ATLAS_SIG_B_TOP100,BRD-A73605923,mocimycin,trt_cp,-41.482388
ATLAS_SIG_B_TOP100,BRD-K09635314,m-3M3FBS,trt_cp,48.445404
ATLAS_SIG_B_TOP100,BRD-K36965586,m-chlorophenylbiguanide,trt_cp,6.99123
ATLAS_SIG_B_TOP100,BRD-K54708045,nTZDpa,trt_cp,-6.85211
ATLAS_SIG_B_TOP100,BRD-A34907681,rutin,trt_cp,22.911823
ATLAS_SIG_B_TOP100,BRD-A62071884,siguazodan,trt_cp,12.794786
ATLAS_SIG_B_TOP100,BRD-A18579359,wiskostatin,trt_cp,-3.2064834
ATLAS_SIG_B_TOP100,BRD-A34205397,suloctidil,trt_cp,39.9971
ATLAS_SIG_B_TOP100,BRD-A60070924,alpha-estradiol,trt_cp,4.1578574
ATLAS_SIG_B_TOP100,BRD-K43797669,genistein,trt_cp,-2.7034545
ATLAS_SIG_B_TOP100,BRD-K71879491,tretinoin,trt_cp,27.304008
ATLAS_SIG_B_TOP100,BRD-A13084692,troglitazone,trt_cp,-0.5637773
ATLAS_SIG_B_TOP100,BRD-K41260949,valproic-acid,trt_cp,-77.66442
ATLAS_SIG_B_TOP100,BRD-K17705806,JTC-801,trt_cp,-15.610649
ATLAS_SIG_B_TOP100,BRD-K14329163,BAY-K-8644-(S)-(-),trt_cp,-30.917566
ATLAS_SIG_B_TOP100,BRD-A34817987,itraconazole,trt_cp,19.185194
ATLAS_SIG_B_TOP100,BRD-A36630025,SN-38,trt_cp,11.773972
ATLAS_SIG_B_TOP100,BRD-A56359832,zileuton,trt_cp,-44.116383
ATLAS_SIG_B_TOP100,BRD-A62809825,thapsigargin,trt_cp,0.0
ATLAS_SIG_B_TOP100,BRD-K04430056,7-nitroindazole,trt_cp,0.9866103
ATLAS_SIG_B_TOP100,BRD-K17140735,SCH-79797,trt_cp,30.835402
ATLAS_SIG_B_TOP100,BRD-K28907958,CD-437,trt_cp,13.126314
ATLAS_SIG_B_TOP100,BRD-K41859756,NVP-AUY922,trt_cp,-44.01989
ATLAS_SIG_B_TOP100,BRD-K60219430,serdemetan,trt_cp,8.240465
ATLAS_SIG_B_TOP100,BRD-K66792149,quinoclamine,trt_cp,-23.31473
ATLAS_SIG_B_TOP100,BRD-K73319509,PF-04217903,trt_cp,61.831257
ATLAS_SIG_B_TOP100,BRD-K92301463,"16,16-dimethylprostaglandin-e2",trt_cp,16.550428
ATLAS_SIG_B_TOP100,BRD-K93095519,SJ-172550,trt_cp,-81.85003
ATLAS_SIG_B_TOP100,BRD-K99696746,fatostatin,trt_cp,0.3875969
ATLAS_SIG_B_TOP100,BRD-K86682249,BRD-K86682249,trt_cp,-18.802755
ATLAS_SIG_B_TOP100,BRD-K14696368,"9-methyl-5H-6-thia-4,5-diaza-chrysene-6,6-dioxide",trt_cp,50.35176
ATLAS_SIG_B_TOP100,BRD-K98404142,BRD-K98404142,trt_cp,33.072403
ATLAS_SIG_B_TOP100,BRD-A20131130,"2',5'-dideoxyadenosine",trt_cp,-25.192337
ATLAS_SIG_B_TOP100,BRD-K59962020,CHEMBL-374350,trt_cp,0.45806906
ATLAS_SIG_B_TOP100,BRD-K61829047,7b-cis,trt_cp,58.29803
ATLAS_SIG_B_TOP100,BRD-K87142802,veliparib,trt_cp,21.841423
ATLAS_SIG_B_TOP100,BRD-K01192156,tyrphostin-AG-112,trt_cp,-0.9866103
ATLAS_SIG_B_TOP100,BRD-K00615600,AG-14361,trt_cp,-4.0169134
ATLAS_SIG_B_TOP100,BRD-K02113016,olaparib,trt_cp,4.8982725
ATLAS_SIG_B_TOP100,BRD-K28296557,AKT-inhibitor-IV,trt_cp,20.310917
ATLAS_SIG_B_TOP100,BRD-M86331534,pyrvinium-pamoate,trt_cp,-29.28641
ATLAS_SIG_B_TOP100,BRD-K02950022,BMS-299897,trt_cp,34.0343
ATLAS_SIG_B_TOP100,BRD-K34581968,BMS-536924,trt_cp,14.81501
ATLAS_SIG_B_TOP100,BRD-K48923948,BMS-641988,trt_cp,-76.76162
ATLAS_SIG_B_TOP100,BRD-K13049116,BMS-754807,trt_cp,43.913902
ATLAS_SIG_B_TOP100,BRD-K83289131,CAY-10618,trt_cp,-19.009396
ATLAS_SIG_B_TOP100,BRD-A84045418,calpeptin,trt_cp,-0.8104299
ATLAS_SIG_B_TOP100,BRD-K01779529,fluoropyruvate,trt_cp,-82.97991
ATLAS_SIG_B_TOP100,BRD-K74402642,NSC-632839,trt_cp,0.0
ATLAS_SIG_B_TOP100,BRD-K40892394,AR-C133057XX,trt_cp,-71.732864
ATLAS_SIG_B_TOP100,BRD-K80672993,M2-PK-activator,trt_cp,6.741989
ATLAS_SIG_B_TOP100,BRD-K69690935,curcumin,trt_cp,-3.4722035
ATLAS_SIG_B_TOP100,BRD-K86191271,cytosporone-b,trt_cp,19.324753
ATLAS_SIG_B_TOP100,BRD-K75532464,FTI-276,trt_cp,14.88031
ATLAS_SIG_B_TOP100,BRD-K64451768,GANT-58,trt_cp,40.60208
ATLAS_SIG_B_TOP100,BRD-K69840642,ISOX,trt_cp,59.96517
ATLAS_SIG_B_TOP100,BRD-K17349619,HLI-373,trt_cp,-45.57664
ATLAS_SIG_B_TOP100,BRD-A02481876,importazole,trt_cp,-4.139232
ATLAS_SIG_B_TOP100,BRD-A52650764,ingenol,trt_cp,55.17196
ATLAS_SIG_B_TOP100,BRD-K45446451,JZL-184,trt_cp,-44.27649
ATLAS_SIG_B_TOP100,BRD-A58955223,sulforaphane,trt_cp,0.0
ATLAS_SIG_B_TOP100,BRD-K19796430,sonidegib,trt_cp,63.26108
ATLAS_SIG_B_TOP100,BRD-A04352665,maraviroc,trt_cp,-36.880947
ATLAS_SIG_B_TOP100,BRD-K16406336,methylene-blue,trt_cp,15.533035
ATLAS_SIG_B_TOP100,BRD-K68065987,MK-2206,trt_cp,52.23795
ATLAS_SIG_B_TOP100,BRD-K78659596,ixazomib,trt_cp,1.726568
ATLAS_SIG_B_TOP100,BRD-K19894101,MST-312,trt_cp,-43.040028
ATLAS_SIG_B_TOP100,BRD-K36324071,NF-449,trt_cp,-0.77954006
ATLAS_SIG_B_TOP100,BRD-K06792661,narciclasine,trt_cp,0.0
ATLAS_SIG_B_TOP100,BRD-K56700933,phenethyl-isothiocyanate,trt_cp,2.8541226
ATLAS_SIG_B_TOP100,BRD-A19633847,perhexiline,trt_cp,32.51393
ATLAS_SIG_B_TOP100,BRD-K68997413,PF-3845,trt_cp,5.918392
ATLAS_SIG_B_TOP100,BRD-K67868012,PI-103,trt_cp,5.504835
ATLAS_SIG_B_TOP100,BRD-K99818283,PIK-90,trt_cp,-12.302413
ATLAS_SIG_B_TOP100,BRD-K89687904,PKCbeta-inhibitor,trt_cp,-90.70964
ATLAS_SIG_B_TOP100,BRD-K30677119,PP-30,trt_cp,0.7047216
ATLAS_SIG_B_TOP100,BRD-K49456190,prima-1-met,trt_cp,-10.859811
ATLAS_SIG_B_TOP100,BRD-A73680854,PT-630,trt_cp,-61.37095
ATLAS_SIG_B_TOP100,BRD-K59597909,phenothiazine,trt_cp,-59.962017
ATLAS_SIG_B_TOP100,BRD-K02526760,QS-11,trt_cp,1.9660532
ATLAS_SIG_B_TOP100,BRD-U94846492,quinine,trt_cp,-24.529684
ATLAS_SIG_B_TOP100,BRD-K20285085,fostamatinib,trt_cp,-11.014312
ATLAS_SIG_B_TOP100,BRD-A23770159,sirolimus,trt_cp,0.0
ATLAS_SIG_B_TOP100,BRD-K08417745,SID-26681509,trt_cp,23.44221
ATLAS_SIG_B_TOP100,BRD-K60623809,SU-11652,trt_cp,67.35304
ATLAS_SIG_B_TOP100,BRD-K12502280,TG-101348,trt_cp,-5.211401
ATLAS_SIG_B_TOP100,BRD-K32107296,temozolomide,trt_cp,-19.772045
ATLAS_SIG_B_TOP100,BRD-K63195589,tipifarnib,trt_cp,-12.970555
ATLAS_SIG_B_TOP100,BRD-K62965247,tipifarnib-P2,trt_cp,0.070472166
ATLAS_SIG_B_TOP100,BRD-K57011718,UK-356618,trt_cp,72.10256
ATLAS_SIG_B_TOP100,BRD-K32330832,VER-155008,trt_cp,-13.693678
ATLAS_SIG_B_TOP100,BRD-A58280226,Y-27632,trt_cp,61.282734
ATLAS_SIG_B_TOP100,BRD-A62182663,YK-4279,trt_cp,26.364023
ATLAS_SIG_B_TOP100,BRD-A47829399,artesunate,trt_cp,1.826442
ATLAS_SIG_B_TOP100,BRD-A79465854,auranofin,trt_cp,95.58729
ATLAS_SIG_B_TOP100,BRD-A28105619,cucurbitacin-i,trt_cp,7.3060904
ATLAS_SIG_B_TOP100,BRD-K61314889,endo-IWR-1,trt_cp,-40.875793
ATLAS_SIG_B_TOP100,BRD-A70449690,forskolin,trt_cp,46.48454
ATLAS_SIG_B_TOP100,BRD-A77216878,manumycin-a,trt_cp,57.949844
ATLAS_SIG_B_TOP100,BRD-A76279427,myriocin,trt_cp,32.41291
ATLAS_SIG_B_TOP100,BRD-A43331270,niguldipine,trt_cp,0.0
ATLAS_SIG_B_TOP100,BRD-A15079084,phorbol-12-myristate-13-acetate,trt_cp,76.669716
ATLAS_SIG_B_TOP100,BRD-A01145011,zebularine,trt_cp,-11.189899
ATLAS_SIG_B_TOP100,BRD-K01638814,rilmenidine,trt_cp,-53.919815
ATLAS_SIG_B_TOP100,BRD-A62025033,temsirolimus,trt_cp,0.9866103
ATLAS_SIG_B_TOP100,BRD-K04853698,LDN-193189,trt_cp,-15.436676
ATLAS_SIG_B_TOP100,BRD-K91691979,BRD-K91691979,trt_cp,-21.41692
ATLAS_SIG_B_TOP100,BRD-K76425766,BRD-K76425766,trt_cp,-36.89001
ATLAS_SIG_B_TOP100,BRD-K19059335,BRD-K19059335,trt_cp,0.0
ATLAS_SIG_B_TOP100,BRD-K14609189,BRD-K14609189,trt_cp,2.9245949
ATLAS_SIG_B_TOP100,BRD-K11717138,benzbromarone,trt_cp,2.149401
ATLAS_SIG_B_TOP100,BRD-A28422330,BRD-A28422330,trt_cp,31.278278
ATLAS_SIG_B_TOP100,BRD-A12633378,BRD-A12633378,trt_cp,81.92563
ATLAS_SIG_B_TOP100,BRD-K77690805,BRD-K77690805,trt_cp,-52.50276
ATLAS_SIG_B_TOP100,BRD-K58033748,BRD-K58033748,trt_cp,27.661644
ATLAS_SIG_B_TOP100,BRD-K45031696,BRD-K45031696,trt_cp,3.7920747
ATLAS_SIG_B_TOP100,BRD-K27074404,BRD-K27074404,trt_cp,-4.113632
ATLAS_SIG_B_TOP100,BRD-A16820783,BRD-A16820783,trt_cp,8.44203
ATLAS_SIG_B_TOP100,BRD-K00313977,BRD-K00313977,trt_cp,-13.046007
ATLAS_SIG_B_TOP100,BRD-K07872006,BRD-K07872006,trt_cp,-6.900154
ATLAS_SIG_B_TOP100,BRD-K11540476,EMF-BCA1-64,trt_cp,-15.317196
ATLAS_SIG_B_TOP100,BRD-K11757396,BRD-K11757396,trt_cp,4.6511626
ATLAS_SIG_B_TOP100,BRD-K12401458,BRD-K12401458,trt_cp,-10.469114
ATLAS_SIG_B_TOP100,BRD-K14048378,BRD-K14048378,trt_cp,-16.62006
ATLAS_SIG_B_TOP100,BRD-K14236372,BRD-K14236372,trt_cp,0.0
ATLAS_SIG_B_TOP100,BRD-K16618170,BRD-K16618170,trt_cp,-65.60508
ATLAS_SIG_B_TOP100,BRD-K24538644,KU-C104502N,trt_cp,-12.755462
ATLAS_SIG_B_TOP100,BRD-K36038115,BRD-K36038115,trt_cp,0.0
ATLAS_SIG_B_TOP100,BRD-K51302260,KU-C103871,trt_cp,0.9161381
ATLAS_SIG_B_TOP100,BRD-K60218670,BRD-K60218670,trt_cp,-36.972008
ATLAS_SIG_B_TOP100,BRD-K64314806,BRD-K64314806,trt_cp,28.232367
ATLAS_SIG_B_TOP100,BRD-K64610608,EMF-BCA1-57,trt_cp,-17.123022
ATLAS_SIG_B_TOP100,BRD-K68437527,EMF-BCA1-60,trt_cp,-1.726568
ATLAS_SIG_B_TOP100,BRD-K72817452,BRD-K72817452,trt_cp,0.0
ATLAS_SIG_B_TOP100,BRD-K73285375,BRD-K73285375,trt_cp,-56.528816
ATLAS_SIG_B_TOP100,BRD-K94919853,10H-phenothiazin-10-yl)(p-tolyl)methanone,trt_cp,25.398825
ATLAS_SIG_B_TOP100,BRD-A71657825,2-(biphenyl-4-ylsulfonamido)pentanedioic-acid,trt_cp,2.149401
ATLAS_SIG_B_TOP100,BRD-K73709114,BRD-K73709114,trt_cp,28.895605
ATLAS_SIG_B_TOP100,BRD-K77681376,BRD-K77681376,trt_cp,63.016926
ATLAS_SIG_B_TOP100,BRD-K76211160,BRD-K76211160,trt_cp,52.176598
ATLAS_SIG_B_TOP100,BRD-K08219523,5-nonyloxytryptamine,trt_cp,19.16597
ATLAS_SIG_B_TOP100,BRD-K91442916,CAM-9-026,trt_cp,8.998069
ATLAS_SIG_B_TOP100,BRD-K03067624,emetine,trt_cp,0.0
ATLAS_SIG_B_TOP100,BRD-A82096673,KU-C103428N,trt_cp,-48.50032
ATLAS_SIG_B_TOP100,BRD-A81402010,KU-C103443N,trt_cp,-0.63424945
ATLAS_SIG_B_TOP100,BRD-K36153907,KU-C103885,trt_cp,27.461502
ATLAS_SIG_B_TOP100,BRD-A53107311,BRD-A53107311,trt_cp,6.2015505
ATLAS_SIG_B_TOP100,BRD-K48974000,BRD-K48974000,trt_cp,27.691181
ATLAS_SIG_B_TOP100,BRD-A69470004,BRD-A69470004,trt_cp,6.02537
ATLAS_SIG_B_TOP100,BRD-A05680309,BRD-A05680309,trt_cp,-20.738321
ATLAS_SIG_B_TOP100,BRD-A97035593,BRD-A97035593,trt_cp,10.297086
ATLAS_SIG_B_TOP100,BRD-K55186349,BRD-K55186349,trt_cp,8.707808
ATLAS_SIG_B_TOP100,BRD-K43149758,myricetin,trt_cp,-43.03753
ATLAS_SIG_B_TOP100,BRD-K53780220,BRD-K53780220,trt_cp,80.73074
ATLAS_SIG_B_TOP100,BRD-K56658166,BRD-K56658166,trt_cp,-18.27004
ATLAS_SIG_B_TOP100,BRD-K28452084,BRD-K28452084,trt_cp,32.071117
ATLAS_SIG_B_TOP100,BRD-K97274161,BRD-K97274161,trt_cp,4.165455
ATLAS_SIG_B_TOP100,BRD-K20401833,BRD-K20401833,trt_cp,53.849304
ATLAS_SIG_B_TOP100,BRD-K70693222,BRD-K70693222,trt_cp,-43.522636
ATLAS_SIG_B_TOP100,BRD-K55703048,latrepirdine,trt_cp,-61.06723
ATLAS_SIG_B_TOP100,BRD-K73610817,BRD-K73610817,trt_cp,60.792492
ATLAS_SIG_B_TOP100,BRD-K78883024,BRD-K78883024,trt_cp,14.921373
ATLAS_SIG_B_TOP100,BRD-K30351863,BRD-K30351863,trt_cp,72.65944
ATLAS_SIG_B_TOP100,BRD-K37940862,BRD-K37940862,trt_cp,12.843404
ATLAS_SIG_B_TOP100,BRD-K68783079,BRD-K68783079,trt_cp,10.398253
ATLAS_SIG_B_TOP100,BRD-K88761633,BRD-K88761633,trt_cp,-70.86825
ATLAS_SIG_B_TOP100,BRD-K06956503,BRD-K06956503,trt_cp,7.491915
ATLAS_SIG_B_TOP100,BRD-A32917072,BRD-A32917072,trt_cp,29.311213
ATLAS_SIG_B_TOP100,BRD-A61599461,BRD-A61599461,trt_cp,-46.383034
ATLAS_SIG_B_TOP100,BRD-A81377415,BRD-A81377415,trt_cp,48.95813
ATLAS_SIG_B_TOP100,BRD-K89237706,noscapine,trt_cp,-29.520351
ATLAS_SIG_B_TOP100,BRD-K40213712,SAL-1,trt_cp,-63.043133
ATLAS_SIG_B_TOP100,BRD-A41630653,BRD-A41630653,trt_cp,-40.289722
ATLAS_SIG_B_TOP100,BRD-A57457122,VU-0400071-3,trt_cp,-66.11276
ATLAS_SIG_B_TOP100,BRD-K84141129,VU-0400193-3,trt_cp,-85.439865
ATLAS_SIG_B_TOP100,BRD-K30570479,VU-0400195-3,trt_cp,-62.669506
ATLAS_SIG_B_TOP100,BRD-A52172093,VU-0413807-2,trt_cp,0.0
ATLAS_SIG_B_TOP100,BRD-K76907295,VU-0418947-2,trt_cp,19.384813
ATLAS_SIG_B_TOP100,BRD-K59633790,VU-0420363-1,trt_cp,-12.442986
ATLAS_SIG_B_TOP100,BRD-K92817986,BIX-02188,trt_cp,-5.7150655
ATLAS_SIG_B_TOP100,BRD-A67981824,cefotaxime,trt_cp,-29.016073
ATLAS_SIG_B_TOP100,BRD-A74500471,ethambutol,trt_cp,1.4446794
ATLAS_SIG_B_TOP100,BRD-A10070317,propranolol,trt_cp,17.578682
ATLAS_SIG_B_TOP100,BRD-K02992638,lamivudine,trt_cp,-3.6997886
ATLAS_SIG_B_TOP100,BRD-K35240538,methylprednisolone,trt_cp,14.321532
ATLAS_SIG_B_TOP100,BRD-A84702196,penicillin,trt_cp,4.0521493
ATLAS_SIG_B_TOP100,BRD-K87024524,phenelzine,trt_cp,5.041535
ATLAS_SIG_B_TOP100,BRD-A96255180,ribavirin,trt_cp,-23.48811
ATLAS_SIG_B_TOP100,BRD-K28346421,rifapentine,trt_cp,-51.404182
ATLAS_SIG_B_TOP100,BRD-K22878149,SB-205607,trt_cp,41.32544
ATLAS_SIG_B_TOP100,BRD-A22256192,terazosin,trt_cp,-32.48725
ATLAS_SIG_B_TOP100,BRD-K88304388,dextrorphan,trt_cp,52.795708
ATLAS_SIG_B_TOP100,BRD-K94144010,cotinine,trt_cp,24.418194
ATLAS_SIG_B_TOP100,BRD-A17664363,BRD-A17664363,trt_cp,20.401152
ATLAS_SIG_B_TOP100,BRD-A54632525,BRD-A54632525,trt_cp,-12.376345
ATLAS_SIG_B_TOP100,BRD-A61189834,BRD-A61189834,trt_cp,-42.7526
ATLAS_SIG_B_TOP100,BRD-A71009679,KU-C103420N,trt_cp,-55.45828
ATLAS_SIG_B_TOP100,BRD-A89049230,BRD-A89049230,trt_cp,-1.5440829
ATLAS_SIG_B_TOP100,BRD-A93048969,BRD-A93048969,trt_cp,-41.836624
ATLAS_SIG_B_TOP100,BRD-A94297859,BRD-A94297859,trt_cp,7.617457
ATLAS_SIG_B_TOP100,BRD-K00256256,BRD-K00256256,trt_cp,4.686399
ATLAS_SIG_B_TOP100,BRD-K01265221,BRD-K01265221,trt_cp,73.15111
ATLAS_SIG_B_TOP100,BRD-K06217810,BRD-K06217810,trt_cp,1.9027485
ATLAS_SIG_B_TOP100,BRD-K11663430,pyroxamide,trt_cp,79.023834
ATLAS_SIG_B_TOP100,BRD-K13810148,givinostat,trt_cp,89.44319
ATLAS_SIG_B_TOP100,BRD-K19985802,BRD-K19985802,trt_cp,7.5757575
ATLAS_SIG_B_TOP100,BRD-K21009077,BRD-K21009077,trt_cp,-21.81854
ATLAS_SIG_B_TOP100,BRD-K22828899,TUL-XXI039,trt_cp,-23.666769
ATLAS_SIG_B_TOP100,BRD-K28143534,cyproheptadine,trt_cp,1.9379845
ATLAS_SIG_B_TOP100,BRD-K29113274,ketoconazole,trt_cp,-38.17706
ATLAS_SIG_B_TOP100,BRD-K32656671,BRD-K32656671,trt_cp,-2.8541226
ATLAS_SIG_B_TOP100,BRD-K33106058,cytarabine,trt_cp,17.251162
ATLAS_SIG_B_TOP100,BRD-K34508425,KU-C103898N,trt_cp,-3.911205
ATLAS_SIG_B_TOP100,BRD-K37798499,etoposide,trt_cp,-9.760395
ATLAS_SIG_B_TOP100,BRD-K47278471,diphenhydramine,trt_cp,-13.859527
ATLAS_SIG_B_TOP100,BRD-K48115423,2-(4-methoxybenzylthio)-6-methylpyrimidin-4-ol,trt_cp,-37.311516
ATLAS_SIG_B_TOP100,BRD-K48969316,BRD-K48969316,trt_cp,-2.8541226
ATLAS_SIG_B_TOP100,BRD-K52080565,nandrolone,trt_cp,0.45806906
ATLAS_SIG_B_TOP100,BRD-K61106942,BRD-K61106942,trt_cp,-71.33548
ATLAS_SIG_B_TOP100,BRD-K61217870,N-(3-acetamidophenyl)-3-chlorobenzamide,trt_cp,-68.56732
ATLAS_SIG_B_TOP100,BRD-K64606589,apicidin,trt_cp,87.976585
ATLAS_SIG_B_TOP100,BRD-K64835161,ML-167,trt_cp,-49.800385
ATLAS_SIG_B_TOP100,BRD-K65910366,KU-C103904N,trt_cp,-4.0521493
ATLAS_SIG_B_TOP100,BRD-K70751730,BRD-K70751730,trt_cp,-44.232243
ATLAS_SIG_B_TOP100,BRD-K72264770,QW-BI-011,trt_cp,-37.836708
ATLAS_SIG_B_TOP100,BRD-K74761218,WT-171,trt_cp,0.0
ATLAS_SIG_B_TOP100,BRD-K85853281,BRD-K85853281,trt_cp,71.64285
ATLAS_SIG_B_TOP100,BRD-U37049823,HG-6-64-01,trt_cp,36.223755
ATLAS_SIG_B_TOP100,BRD-U44700465,HG-5-88-01,trt_cp,-53.11589
ATLAS_SIG_B_TOP100,BRD-U68942961,JW-7-24-1,trt_cp,16.6838
ATLAS_SIG_B_TOP100,BRD-U82589721,HG-5-113-01,trt_cp,-6.871036
ATLAS_SIG_B_TOP100,BRD-K26947839,BRD-K26947839,trt_cp,-5.6106744
ATLAS_SIG_B_TOP100,BRD-K32795028,1-benzylimidazole,trt_cp,-80.62637
ATLAS_SIG_B_TOP100,BRD-K78278890,NM-PP1,trt_cp,-3.370225
ATLAS_SIG_B_TOP100,BRD-A15010982,HU-211,trt_cp,-19.786514
ATLAS_SIG_B_TOP100,BRD-K87573634,propylpyrazole,trt_cp,2.0436928
ATLAS_SIG_B_TOP100,BRD-K54987996,CAY-10578,trt_cp,-31.30797
ATLAS_SIG_B_TOP100,BRD-A67438293,treprostinil,trt_cp,-45.901474
ATLAS_SIG_B_TOP100,BRD-K40619305,larixinic-acid,trt_cp,-3.488372
ATLAS_SIG_B_TOP100,BRD-K66896231,ipidacrine,trt_cp,-1.4799154
ATLAS_SIG_B_TOP100,BRD-K55055802,BRD-K55055802,trt_cp,35.27373
ATLAS_SIG_B_TOP100,BRD-K20168484,BRD-K20168484,trt_cp,-10.840423
ATLAS_SIG_B_TOP100,BRD-K85925969,zalcitabine,trt_cp,-8.5609045
ATLAS_SIG_B_TOP100,BRD-K99063460,didanosine,trt_cp,12.961865
ATLAS_SIG_B_TOP100,BRD-K61993165,niacin,trt_cp,-8.392063
ATLAS_SIG_B_TOP100,BRD-K79511609,BRD-K79511609,trt_cp,-59.437984
ATLAS_SIG_B_TOP100,BRD-K51941867,LM-1685,trt_cp,-30.872517
ATLAS_SIG_B_TOP100,BRD-K57954781,BRD-K57954781,trt_cp,9.44327
ATLAS_SIG_B_TOP100,BRD-K06878038,deferiprone,trt_cp,-60.271294
ATLAS_SIG_B_TOP100,BRD-K09485525,GANT-61,trt_cp,-18.975803
ATLAS_SIG_B_TOP100,BRD-K92413528,thiazolidinecarboxylic-acid,trt_cp,62.35475
ATLAS_SIG_B_TOP100,BRD-K28849549,mesalazine,trt_cp,45.50328
ATLAS_SIG_B_TOP100,BRD-K34437622,5-FP,trt_cp,3.1007752
ATLAS_SIG_B_TOP100,BRD-K82143716,flucytosine,trt_cp,-1.303735
ATLAS_SIG_B_TOP100,BRD-K30197592,5-methoxytryptamine,trt_cp,-2.3608174
ATLAS_SIG_B_TOP100,BRD-K55591206,epigallocatechin-gallate-(-),trt_cp,-80.946304
ATLAS_SIG_B_TOP100,BRD-K89626439,sirolimus,trt_cp,-13.069743
ATLAS_SIG_B_TOP100,BRD-K49372556,mofezolac,trt_cp,8.020924
ATLAS_SIG_B_TOP100,BRD-K51066026,aminoindazole,trt_cp,4.298802
ATLAS_SIG_B_TOP100,BRD-K56745457,azauridine,trt_cp,-3.7688155
ATLAS_SIG_B_TOP100,BRD-K72238567,fludarabine,trt_cp,53.932022
ATLAS_SIG_B_TOP100,BRD-A00520476,AF-DX-116,trt_cp,47.169907
ATLAS_SIG_B_TOP100,BRD-A61858259,CAY-10415,trt_cp,-57.485313
ATLAS_SIG_B_TOP100,BRD-K15107389,BRD-K15107389,trt_cp,18.47464
ATLAS_SIG_B_TOP100,BRD-A74771556,nikkomycin,trt_cp,-38.02307
ATLAS_SIG_B_TOP100,BRD-K63954456,BRD-K63954456,trt_cp,-6.0966434
ATLAS_SIG_B_TOP100,BRD-K64310881,MW-STK33-3B,trt_cp,30.30152
ATLAS_SIG_B_TOP100,BRD-A07614565,BRD-A07614565,trt_cp,-11.358015
ATLAS_SIG_B_TOP100,BRD-K82357231,desloratadine,trt_cp,72.910324
ATLAS_SIG_B_TOP100,BRD-K26863634,BIX-01338,trt_cp,-6.661896
ATLAS_SIG_B_TOP100,BRD-A47706533,buthionine-sulfoximine,trt_cp,-32.15024
ATLAS_SIG_B_TOP100,BRD-K14550461,doxercalciferol,trt_cp,-20.646107
ATLAS_SIG_B_TOP100,BRD-K29359156,ebselen,trt_cp,0.05361423
ATLAS_SIG_B_TOP100,BRD-K65261396,tacrolimus,trt_cp,1.2021992
ATLAS_SIG_B_TOP100,BRD-K14791739,fluticasone,trt_cp,-29.090864
ATLAS_SIG_B_TOP100,BRD-K15402119,huperzine-a,trt_cp,-75.77251
ATLAS_SIG_B_TOP100,BRD-K49328571,dasatinib,trt_cp,63.485382
ATLAS_SIG_B_TOP100,BRD-K76908866,CP-724714,trt_cp,-20.32433
ATLAS_SIG_B_TOP100,BRD-K79090631,CGP-60474,trt_cp,75.82091
ATLAS_SIG_B_TOP100,BRD-K13390322,AT-7519,trt_cp,38.39969
ATLAS_SIG_B_TOP100,BRD-A19248578,latrunculin-b,trt_cp,70.630066
ATLAS_SIG_B_TOP100,BRD-K54331210,BRD-K54331210,trt_cp,36.631283
ATLAS_SIG_B_TOP100,BRD-K71427192,BRD-K71427192,trt_cp,78.26747
ATLAS_SIG_B_TOP100,BRD-K91485395,BRD-K91485395,trt_cp,-11.923719
ATLAS_SIG_B_TOP100,BRD-A77050075,heraclenol,trt_cp,51.611412
ATLAS_SIG_B_TOP100,BRD-K52640952,BRD-K52640952,trt_cp,-33.94535
ATLAS_SIG_B_TOP100,BRD-K97951054,BRD-K97951054,trt_cp,-41.229424
ATLAS_SIG_B_TOP100,BRD-K21971034,OM-137,trt_cp,-39.54982
ATLAS_SIG_B_TOP100,BRD-K47761761,PD-168077,trt_cp,-4.72563
ATLAS_SIG_B_TOP100,BRD-K18855837,varenicline,trt_cp,59.00241
ATLAS_SIG_B_TOP100,BRD-K28120222,parthenolide-(alternate-stereo),trt_cp,0.0
ATLAS_SIG_B_TOP100,BRD-K35483542,alitretinoin,trt_cp,-4.580691
ATLAS_SIG_B_TOP100,BRD-K49810818,sorafenib,trt_cp,-8.791127
ATLAS_SIG_B_TOP100,BRD-K29905972,axitinib,trt_cp,-24.478056
ATLAS_SIG_B_TOP100,BRD-K66175015,afatinib,trt_cp,14.486149
ATLAS_SIG_B_TOP100,BRD-K05104363,PD-184352,trt_cp,-59.902153
ATLAS_SIG_B_TOP100,BRD-M07438658,lapatinib,trt_cp,-31.599869
ATLAS_SIG_B_TOP100,BRD-K05926469,lenalidomide,trt_cp,-78.98073
ATLAS_SIG_B_TOP100,BRD-K99616396,motesanib,trt_cp,0.3523608
ATLAS_SIG_B_TOP100,BRD-K23984367,sorafenib,trt_cp,-60.26159
ATLAS_SIG_B_TOP100,BRD-K89162000,tandutinib,trt_cp,15.869639
ATLAS_SIG_B_TOP100,BRD-K15600710,obatoclax,trt_cp,-4.792107
ATLAS_SIG_B_TOP100,BRD-A13807286,HA-14-1,trt_cp,-29.018906
ATLAS_SIG_B_TOP100,BRD-K04833372,GSK-1904529A,trt_cp,-49.071552
ATLAS_SIG_B_TOP100,BRD-K24681473,YM-155,trt_cp,46.76599
ATLAS_SIG_B_TOP100,BRD-K82164249,andarine,trt_cp,31.186853
ATLAS_SIG_B_TOP100,BRD-K63923597,barasertib-HQPA,trt_cp,-13.783743
ATLAS_SIG_B_TOP100,BRD-K42125900,docetaxel,trt_cp,-6.6243834
ATLAS_SIG_B_TOP100,BRD-K61192372,capecitabine,trt_cp,-18.568151
ATLAS_SIG_B_TOP100,BRD-K16621777,enobosarm,trt_cp,-64.93557
ATLAS_SIG_B_TOP100,BRD-K51967704,BIIB-021,trt_cp,0.0
ATLAS_SIG_B_TOP100,BRD-K17210248,daunorubicin,trt_cp,84.641556
ATLAS_SIG_B_TOP100,BRD-K11636097,JNJ-7706621,trt_cp,29.370865
ATLAS_SIG_B_TOP100,BRD-A25569250,KI-16425,trt_cp,23.375362
ATLAS_SIG_B_TOP100,BRD-K64785675,TG-100115,trt_cp,-48.762486
ATLAS_SIG_B_TOP100,BRD-K48935217,epothilone,trt_cp,-32.62359
ATLAS_SIG_B_TOP100,BRD-K56334280,amonafide,trt_cp,-7.2586327
ATLAS_SIG_B_TOP100,BRD-K62982419,cilomilast,trt_cp,-28.168953
ATLAS_SIG_B_TOP100,BRD-K05658747,raltegravir,trt_cp,-69.030594
ATLAS_SIG_B_TOP100,BRD-A59985574,topotecan,trt_cp,3.1360114
ATLAS_SIG_B_TOP100,BRD-A20697603,thiostrepton,trt_cp,31.25325
ATLAS_SIG_B_TOP100,BRD-K17849083,tranilast,trt_cp,38.764618
ATLAS_SIG_B_TOP100,BRD-A16444946,acarbose,trt_cp,-28.852951
ATLAS_SIG_B_TOP100,BRD-K33483813,actarit,trt_cp,-98.7315
ATLAS_SIG_B_TOP100,BRD-A73929928,BRD-A73929928,trt_cp,6.5209756
ATLAS_SIG_B_TOP100,BRD-K46742498,alosetron,trt_cp,31.845854
ATLAS_SIG_B_TOP100,BRD-K32398298,alprazolam,trt_cp,-23.497576
ATLAS_SIG_B_TOP100,BRD-K55462201,AM-404,trt_cp,-92.54888
ATLAS_SIG_B_TOP100,BRD-K29530284,amlexanox,trt_cp,-37.85388
ATLAS_SIG_B_TOP100,BRD-A64297288,amlodipine,trt_cp,67.39681
ATLAS_SIG_B_TOP100,BRD-A39172021,ampiroxicam,trt_cp,32.596104
ATLAS_SIG_B_TOP100,BRD-K52172416,anastrozole,trt_cp,5.3911204
ATLAS_SIG_B_TOP100,BRD-A48261811,argatroban,trt_cp,-43.634808
ATLAS_SIG_B_TOP100,BRD-K70358946,aripiprazole,trt_cp,1.8729384
ATLAS_SIG_B_TOP100,BRD-K39621635,artemether,trt_cp,16.326223
ATLAS_SIG_B_TOP100,BRD-K79759031,artesunate,trt_cp,-16.553577
ATLAS_SIG_B_TOP100,BRD-A75935363,atracurium,trt_cp,45.24701
ATLAS_SIG_B_TOP100,BRD-A68888262,azelastine,trt_cp,27.220627
ATLAS_SIG_B_TOP100,BRD-A17448384,beclometasone,trt_cp,-66.75397
ATLAS_SIG_B_TOP100,BRD-K85030058,benactyzine,trt_cp,9.253079
ATLAS_SIG_B_TOP100,BRD-K49807096,benazepril,trt_cp,-33.011806
ATLAS_SIG_B_TOP100,BRD-A35519318,benidipine,trt_cp,22.645687
ATLAS_SIG_B_TOP100,BRD-A42423104,benproperine,trt_cp,47.343975
ATLAS_SIG_B_TOP100,BRD-K31471398,dihydrexidine,trt_cp,25.245205
ATLAS_SIG_B_TOP100,BRD-A94543220,bifonazole,trt_cp,-15.827907
ATLAS_SIG_B_TOP100,BRD-K68077509,brucine,trt_cp,17.069628
ATLAS_SIG_B_TOP100,BRD-K19462402,buflomedil,trt_cp,17.170555
ATLAS_SIG_B_TOP100,BRD-K16336526,capsaicin,trt_cp,-3.5673401
ATLAS_SIG_B_TOP100,BRD-K11630072,carmofur,trt_cp,33.228012
ATLAS_SIG_B_TOP100,BRD-K20338176,cefaclor,trt_cp,14.077422
ATLAS_SIG_B_TOP100,BRD-M47937986,cefatrizine,trt_cp,-60.511826
ATLAS_SIG_B_TOP100,BRD-K52735702,cefdinir,trt_cp,38.776806
ATLAS_SIG_B_TOP100,BRD-K04993501,cefixime,trt_cp,-6.9634404
ATLAS_SIG_B_TOP100,BRD-A87387433,cefpodoxime,trt_cp,-16.166328
ATLAS_SIG_B_TOP100,BRD-K90733503,cephalexin,trt_cp,-14.2624235
ATLAS_SIG_B_TOP100,BRD-K81169441,cerivastatin,trt_cp,-4.2490215
ATLAS_SIG_B_TOP100,BRD-K48932581,cetraxate,trt_cp,-3.730235
ATLAS_SIG_B_TOP100,BRD-K86595100,chlordiazepoxide,trt_cp,11.59267
ATLAS_SIG_B_TOP100,BRD-K85518562,cilastatin,trt_cp,28.218184
ATLAS_SIG_B_TOP100,BRD-K49668410,clarithromycin,trt_cp,2.572234
ATLAS_SIG_B_TOP100,BRD-K56614220,clofazimine,trt_cp,-2.1066644
ATLAS_SIG_B_TOP100,BRD-K15916496,clotrimazole,trt_cp,-3.1007752
ATLAS_SIG_B_TOP100,BRD-K73589401,corticosterone,trt_cp,12.983782
ATLAS_SIG_B_TOP100,BRD-K70578146,dactinomycin,trt_cp,57.975548
ATLAS_SIG_B_TOP100,BRD-K90976994,dehydrocholic-acid,trt_cp,64.951706
ATLAS_SIG_B_TOP100,BRD-K30697463,desoximetasone,trt_cp,-1.9027485
ATLAS_SIG_B_TOP100,BRD-K22947005,dexbrompheniramine,trt_cp,38.28309
ATLAS_SIG_B_TOP100,BRD-K39462424,dexchlorpheniramine,trt_cp,53.740677
ATLAS_SIG_B_TOP100,BRD-K13664374,dichloroacetic-acid,trt_cp,58.429615
ATLAS_SIG_B_TOP100,BRD-K41903098,diphenoxylate,trt_cp,-0.845666
ATLAS_SIG_B_TOP100,BRD-K51730347,diphencyprone,trt_cp,-21.77451
ATLAS_SIG_B_TOP100,BRD-K63265447,docetaxel,trt_cp,90.311134
ATLAS_SIG_B_TOP100,BRD-K86887724,dofetilide,trt_cp,3.3474278
ATLAS_SIG_B_TOP100,BRD-K28029915,dolasetron,trt_cp,4.4397464
ATLAS_SIG_B_TOP100,BRD-K40758068,efavirenz,trt_cp,-35.422207
ATLAS_SIG_B_TOP100,BRD-K99447003,enalaprilat,trt_cp,-94.18632
ATLAS_SIG_B_TOP100,BRD-A07395371,esmolol,trt_cp,-89.37271
ATLAS_SIG_B_TOP100,BRD-A56892734,esomeprazole,trt_cp,-11.556303
ATLAS_SIG_B_TOP100,BRD-K47448802,BRD-K47448802,trt_cp,8.6880045
ATLAS_SIG_B_TOP100,BRD-K39391626,ethylestrenol,trt_cp,57.389397
ATLAS_SIG_B_TOP100,BRD-K48195008,ethinylestradiol,trt_cp,32.364765
ATLAS_SIG_B_TOP100,BRD-K33425534,exemestane,trt_cp,-83.68401
ATLAS_SIG_B_TOP100,BRD-K42260897,ezetimibe,trt_cp,-15.270478
ATLAS_SIG_B_TOP100,BRD-K00673382,famotidine,trt_cp,37.81446
ATLAS_SIG_B_TOP100,BRD-K84566043,fenpiverinium,trt_cp,4.973015
ATLAS_SIG_B_TOP100,BRD-K86003836,flubendazole,trt_cp,-9.055673
ATLAS_SIG_B_TOP100,BRD-K31534764,fluvoxamine,trt_cp,19.815445
ATLAS_SIG_B_TOP100,BRD-K54006094,formoterol,trt_cp,17.366077
ATLAS_SIG_B_TOP100,BRD-A79903587,tegafur,trt_cp,-9.430094
ATLAS_SIG_B_TOP100,BRD-K49481516,galantamine,trt_cp,60.861023
ATLAS_SIG_B_TOP100,BRD-A62434282,goserelin,trt_cp,-21.244648
ATLAS_SIG_B_TOP100,BRD-K10860596,granisetron,trt_cp,36.266327
ATLAS_SIG_B_TOP100,BRD-K33312228,halometasone,trt_cp,60.65443
ATLAS_SIG_B_TOP100,BRD-A24643465,homoharringtonine,trt_cp,-5.3558846
ATLAS_SIG_B_TOP100,BRD-K59570838,homoveratrylamine,trt_cp,15.748413
ATLAS_SIG_B_TOP100,BRD-K98493452,honokiol,trt_cp,24.787743
ATLAS_SIG_B_TOP100,BRD-K45888792,huperzine-a,trt_cp,17.962029
ATLAS_SIG_B_TOP100,BRD-K84955386,hyperoside,trt_cp,31.796364
ATLAS_SIG_B_TOP100,BRD-K69650333,idarubicin,trt_cp,50.233715
ATLAS_SIG_B_TOP100,BRD-K37516142,idebenone,trt_cp,-24.254623
ATLAS_SIG_B_TOP100,BRD-A24191444,ifenprodil,trt_cp,2.3255813
ATLAS_SIG_B_TOP100,BRD-K01649396,indatraline,trt_cp,-46.112965
ATLAS_SIG_B_TOP100,BRD-K33226500,indinavir,trt_cp,55.034393
ATLAS_SIG_B_TOP100,BRD-K93618743,ipriflavone,trt_cp,-25.286594
ATLAS_SIG_B_TOP100,BRD-K73991644,isoquercetin,trt_cp,-6.934295
ATLAS_SIG_B_TOP100,BRD-A69927616,isradipine,trt_cp,10.918882
ATLAS_SIG_B_TOP100,BRD-K30097969,pitavastatin,trt_cp,52.474255
ATLAS_SIG_B_TOP100,BRD-K96740444,itopride,trt_cp,47.85933
ATLAS_SIG_B_TOP100,BRD-K96134740,kitasamycin,trt_cp,-64.56407
ATLAS_SIG_B_TOP100,BRD-K59456551,methotrexate,trt_cp,8.526024
ATLAS_SIG_B_TOP100,BRD-K22227508,targinine,trt_cp,62.088173
ATLAS_SIG_B_TOP100,BRD-A52282606,lacidipine,trt_cp,-35.356766
ATLAS_SIG_B_TOP100,BRD-A49172652,lansoprazole,trt_cp,-27.459686
ATLAS_SIG_B_TOP100,BRD-K10961822,latanoprost,trt_cp,13.90675
ATLAS_SIG_B_TOP100,BRD-K49404994,levetiracetam,trt_cp,37.524162
ATLAS_SIG_B_TOP100,BRD-K27184429,levocetirizine,trt_cp,-9.796041
ATLAS_SIG_B_TOP100,BRD-K09471561,levofloxacin,trt_cp,55.417133
ATLAS_SIG_B_TOP100,BRD-K51671335,levosulpiride,trt_cp,36.242874
ATLAS_SIG_B_TOP100,BRD-K66206289,lobeline,trt_cp,-56.985126
ATLAS_SIG_B_TOP100,BRD-K82147103,lofepramine,trt_cp,50.831173
ATLAS_SIG_B_TOP100,BRD-A02990301,lofexidine,trt_cp,2.9283485
ATLAS_SIG_B_TOP100,BRD-K62858456,lomerizine,trt_cp,-21.42706
ATLAS_SIG_B_TOP100,BRD-K82795137,loratadine,trt_cp,38.209892
ATLAS_SIG_B_TOP100,BRD-A11990600,lorazepam,trt_cp,7.353171
ATLAS_SIG_B_TOP100,BRD-K66198023,losartan,trt_cp,-3.1360114
ATLAS_SIG_B_TOP100,BRD-K39983086,loteprednol,trt_cp,-6.8856583
ATLAS_SIG_B_TOP100,BRD-A43082555,loxoprofen,trt_cp,15.316521
ATLAS_SIG_B_TOP100,BRD-K41051431,mecillinam,trt_cp,-32.87681
ATLAS_SIG_B_TOP100,BRD-K99615199,medroxyprogesterone,trt_cp,30.350113
ATLAS_SIG_B_TOP100,BRD-K91938660,memantine,trt_cp,-6.765328
ATLAS_SIG_B_TOP100,BRD-A03216249,mepivacaine,trt_cp,-8.787447
ATLAS_SIG_B_TOP100,BRD-K18523449,mestanolone,trt_cp,61.526398
ATLAS_SIG_B_TOP100,BRD-K88679075,methandriol,trt_cp,56.20533
ATLAS_SIG_B_TOP100,BRD-K84036904,testosterone,trt_cp,60.88111
ATLAS_SIG_B_TOP100,BRD-K52020312,metronidazole,trt_cp,60.542618
ATLAS_SIG_B_TOP100,BRD-K00532621,midazolam,trt_cp,55.292656
ATLAS_SIG_B_TOP100,BRD-K44779798,miglitol,trt_cp,-68.49797
ATLAS_SIG_B_TOP100,BRD-K02227374,milnacipran,trt_cp,11.423858
ATLAS_SIG_B_TOP100,BRD-K69470111,montelukast,trt_cp,-18.616861
ATLAS_SIG_B_TOP100,BRD-A39052811,mosapride,trt_cp,41.994545
ATLAS_SIG_B_TOP100,BRD-K04710043,hexamethylenebisacetamide,trt_cp,-9.75268
ATLAS_SIG_B_TOP100,BRD-A01787639,naftopidil,trt_cp,-62.313675
ATLAS_SIG_B_TOP100,BRD-A16934955,nalbuphine,trt_cp,73.28835
ATLAS_SIG_B_TOP100,BRD-A47342814,naltrindole,trt_cp,23.69276
ATLAS_SIG_B_TOP100,BRD-K59197931,naproxen,trt_cp,-2.6496599
ATLAS_SIG_B_TOP100,BRD-K44353683,nateglinide,trt_cp,43.60772
ATLAS_SIG_B_TOP100,BRD-K74117820,nelfinavir,trt_cp,-60.5012
ATLAS_SIG_B_TOP100,BRD-A30977374,nifedipine,trt_cp,-63.485985
ATLAS_SIG_B_TOP100,BRD-K32311154,nifekalant,trt_cp,-1.2332629
ATLAS_SIG_B_TOP100,BRD-K70883034,nimetazepam,trt_cp,-15.535405
ATLAS_SIG_B_TOP100,BRD-A24891640,nimodipine,trt_cp,10.439487
ATLAS_SIG_B_TOP100,BRD-A96107863,nisoldipine,trt_cp,82.95749
ATLAS_SIG_B_TOP100,BRD-K96471533,nitazoxanide,trt_cp,14.531941
ATLAS_SIG_B_TOP100,BRD-K57930253,nitrazepam,trt_cp,-81.4769
ATLAS_SIG_B_TOP100,BRD-A12560204,nitrendipine,trt_cp,18.238783
ATLAS_SIG_B_TOP100,BRD-A24543851,nornicotine,trt_cp,25.67138
ATLAS_SIG_B_TOP100,BRD-K18895904,olanzapine,trt_cp,-84.90932
ATLAS_SIG_B_TOP100,BRD-K05350981,oligomycin-c,trt_cp,29.10857
ATLAS_SIG_B_TOP100,BRD-K83144676,olmesartan,trt_cp,17.484539
ATLAS_SIG_B_TOP100,BRD-K63343048,orlistat,trt_cp,27.96959
ATLAS_SIG_B_TOP100,BRD-K25310650,ormetoprim,trt_cp,32.04693
ATLAS_SIG_B_TOP100,BRD-K23369905,oxiconazole,trt_cp,-5.826497
ATLAS_SIG_B_TOP100,BRD-A67552655,etomoxir,trt_cp,5.601227
ATLAS_SIG_B_TOP100,BRD-A23637604,oxymetholone,trt_cp,-44.341537
ATLAS_SIG_B_TOP100,BRD-A14208071,oxyphenonium,trt_cp,44.60012
ATLAS_SIG_B_TOP100,BRD-K08924299,palonosetron,trt_cp,-57.43039
ATLAS_SIG_B_TOP100,BRD-A84134924,pancuronium,trt_cp,13.502204
ATLAS_SIG_B_TOP100,BRD-K13800121,parecoxib,trt_cp,74.2896
ATLAS_SIG_B_TOP100,BRD-K19277754,paroxetine,trt_cp,-11.568109
ATLAS_SIG_B_TOP100,BRD-K66412701,pazufloxacin,trt_cp,58.046295
ATLAS_SIG_B_TOP100,BRD-K55034111,pefloxacin,trt_cp,-48.287518
ATLAS_SIG_B_TOP100,BRD-K47780086,penciclovir,trt_cp,-17.100494
ATLAS_SIG_B_TOP100,BRD-K85503079,perospirone,trt_cp,-35.25115
ATLAS_SIG_B_TOP100,BRD-K22009844,phenprobamate,trt_cp,-70.626915
ATLAS_SIG_B_TOP100,BRD-A37052580,physostigmine,trt_cp,40.62902
ATLAS_SIG_B_TOP100,BRD-K43236057,polydatin,trt_cp,17.853268
ATLAS_SIG_B_TOP100,BRD-M47793593,picrotoxin,trt_cp,77.41584
ATLAS_SIG_B_TOP100,BRD-K44442813,pidotimod,trt_cp,-15.7680855
ATLAS_SIG_B_TOP100,BRD-A22897758,pinacidil,trt_cp,19.847519
ATLAS_SIG_B_TOP100,BRD-K92870997,pterostilbene,trt_cp,37.05586
ATLAS_SIG_B_TOP100,BRD-A56245458,reichstein,trt_cp,-21.196735
ATLAS_SIG_B_TOP100,BRD-K30563334,rifabutin,trt_cp,3.9827685
ATLAS_SIG_B_TOP100,BRD-K55889443,rifapentine,trt_cp,-39.359016
ATLAS_SIG_B_TOP100,BRD-K89708791,rifaximin,trt_cp,-57.855515
ATLAS_SIG_B_TOP100,BRD-K70490179,rimcazole,trt_cp,76.49975
ATLAS_SIG_B_TOP100,BRD-K51485625,ritonavir,trt_cp,-65.31005
ATLAS_SIG_B_TOP100,BRD-A27489425,rolitetracycline,trt_cp,57.236206
ATLAS_SIG_B_TOP100,BRD-K50938786,ropivacaine,trt_cp,4.1578574
ATLAS_SIG_B_TOP100,BRD-K81855038,roxatidine-acetate,trt_cp,38.35021
ATLAS_SIG_B_TOP100,BRD-K62374253,rufloxacin,trt_cp,51.66033
ATLAS_SIG_B_TOP100,BRD-A88254928,salbutamol,trt_cp,15.619993
ATLAS_SIG_B_TOP100,BRD-K91733562,secoisolariciresinol,trt_cp,-8.029334
ATLAS_SIG_B_TOP100,BRD-A23359898,sibutramine,trt_cp,-13.056316
ATLAS_SIG_B_TOP100,BRD-A72441487,stiripentol,trt_cp,-17.8194
ATLAS_SIG_B_TOP100,BRD-K10670311,sulfasalazine,trt_cp,23.27678
ATLAS_SIG_B_TOP100,BRD-A04327189,synephrine,trt_cp,-15.672896
ATLAS_SIG_B_TOP100,BRD-K44094599,tacrolimus,trt_cp,-56.31352
ATLAS_SIG_B_TOP100,BRD-K94649603,taxifolin,trt_cp,11.878001
ATLAS_SIG_B_TOP100,BRD-K95808480,taxifolin,trt_cp,38.447426
ATLAS_SIG_B_TOP100,BRD-K21806131,tegaserod,trt_cp,24.865685
ATLAS_SIG_B_TOP100,BRD-K32744045,disulfiram,trt_cp,35.118332
ATLAS_SIG_B_TOP100,BRD-K94887716,TFMPP,trt_cp,-12.006098
ATLAS_SIG_B_TOP100,BRD-K60160658,tiagabine,trt_cp,7.4700494
ATLAS_SIG_B_TOP100,BRD-K10467831,tibolone,trt_cp,59.725037
ATLAS_SIG_B_TOP100,BRD-K89125793,tinidazole,trt_cp,13.437777
ATLAS_SIG_B_TOP100,BRD-K54316499,tolterodine,trt_cp,-32.154175
ATLAS_SIG_B_TOP100,BRD-K29653726,topiramate,trt_cp,31.76648
ATLAS_SIG_B_TOP100,BRD-K55696337,topotecan,trt_cp,13.622478
ATLAS_SIG_B_TOP100,BRD-A41450521,tosufloxacin,trt_cp,5.684049
ATLAS_SIG_B_TOP100,BRD-K04412738,tramadol,trt_cp,10.500352
ATLAS_SIG_B_TOP100,BRD-A61856038,tremulacin,trt_cp,7.5889435
ATLAS_SIG_B_TOP100,BRD-K68202742,trichostatin-a,trt_cp,34.716125
ATLAS_SIG_B_TOP100,BRD-K81916719,triclabendazole,trt_cp,-34.245327
ATLAS_SIG_B_TOP100,BRD-K04196797,oxcarbazepine,trt_cp,-5.6533065
ATLAS_SIG_B_TOP100,BRD-A92630576,trimebutine,trt_cp,19.273039
ATLAS_SIG_B_TOP100,BRD-K39484304,triptolide,trt_cp,61.018906
ATLAS_SIG_B_TOP100,BRD-K50866992,tropisetron,trt_cp,45.53177
ATLAS_SIG_B_TOP100,BRD-A68589262,troxipide,trt_cp,17.465422
ATLAS_SIG_B_TOP100,BRD-K46435977,valaciclovir,trt_cp,-19.488544
ATLAS_SIG_B_TOP100,BRD-K20168442,vecuronium,trt_cp,4.9682875
ATLAS_SIG_B_TOP100,BRD-K82109576,vincristine,trt_cp,-46.40745
ATLAS_SIG_B_TOP100,BRD-K59753975,vindesine,trt_cp,-15.930811
ATLAS_SIG_B_TOP100,BRD-K97514127,vinorelbine,trt_cp,-62.754456
ATLAS_SIG_B_TOP100,BRD-K06557128,voriconazole,trt_cp,-0.7047216
ATLAS_SIG_B_TOP100,BRD-A24381660,zeranol,trt_cp,-16.861103
ATLAS_SIG_B_TOP100,BRD-K44876623,zolpidem,trt_cp,-42.208298
ATLAS_SIG_B_TOP100,BRD-A60245366,AS-601245,trt_cp,30.072159
ATLAS_SIG_B_TOP100,BRD-K01436366,XMD-1150,trt_cp,4.402099
ATLAS_SIG_B_TOP100,BRD-K19220233,JNK-9L,trt_cp,57.53965
ATLAS_SIG_B_TOP100,BRD-K24859147,KIN001-242,trt_cp,25.033672
ATLAS_SIG_B_TOP100,BRD-K38615104,A-443644,trt_cp,54.662373
ATLAS_SIG_B_TOP100,BRD-K40175214,torin-1,trt_cp,37.655632
ATLAS_SIG_B_TOP100,BRD-K56957086,dacinostat,trt_cp,35.74433
ATLAS_SIG_B_TOP100,BRD-K64857848,XMD-885,trt_cp,-23.223192
ATLAS_SIG_B_TOP100,BRD-K68174511,torin-2,trt_cp,54.12212
ATLAS_SIG_B_TOP100,BRD-K72420232,WZ-4002,trt_cp,1.0923185
ATLAS_SIG_B_TOP100,BRD-K83972459,JWE-035,trt_cp,5.2195563
ATLAS_SIG_B_TOP100,BRD-K84085265,CG-930,trt_cp,-21.909416
ATLAS_SIG_B_TOP100,BRD-U25771771,WZ-4-145,trt_cp,5.9651003
ATLAS_SIG_B_TOP100,BRD-U33728988,QL-X-138,trt_cp,-31.034119
ATLAS_SIG_B_TOP100,BRD-U44618005,WH-4023,trt_cp,3.7465012
ATLAS_SIG_B_TOP100,BRD-U51951544,ZG-10,trt_cp,59.27623
ATLAS_SIG_B_TOP100,BRD-U73238814,QL-XI-92,trt_cp,-90.411026
ATLAS_SIG_B_TOP100,BRD-U86922168,QL-XII-47,trt_cp,4.2283297
ATLAS_SIG_B_TOP100,BRD-K14681867,somatostatin,trt_cp,7.2746496
ATLAS_SIG_B_TOP100,BRD-K63915849,AS-604850,trt_cp,-47.437893
ATLAS_SIG_B_TOP100,BRD-K88551539,CAY-10585,trt_cp,16.333302
ATLAS_SIG_B_TOP100,BRD-K31484631,rifabutin,trt_cp,27.813566
ATLAS_SIG_B_TOP100,BRD-K22631935,neurodazine,trt_cp,-7.01198
ATLAS_SIG_B_TOP100,BRD-K76698671,HNHA,trt_cp,41.913692
ATLAS_SIG_B_TOP100,BRD-A80574334,oxalomalic-acid,trt_cp,22.528044
ATLAS_SIG_B_TOP100,BRD-A11702965,chromomycin-a3,trt_cp,39.135593
ATLAS_SIG_B_TOP100,BRD-A52193669,withaferin-a,trt_cp,0.0
ATLAS_SIG_B_TOP100,BRD-K04923131,GSK-3-inhibitor-IX,trt_cp,-7.1525717
ATLAS_SIG_B_TOP100,BRD-A80960055,celastrol,trt_cp,55.90622
ATLAS_SIG_B_TOP100,BRD-K39944607,ochratoxin-a,trt_cp,-4.7992325
ATLAS_SIG_B_TOP100,BRD-K14880289,GW-501516,trt_cp,-36.660625
ATLAS_SIG_B_TOP100,BRD-A31374339,fludarabine,trt_cp,5.6928225
ATLAS_SIG_B_TOP100,BRD-K05977823,tenovin-1,trt_cp,0.0
ATLAS_SIG_B_TOP100,BRD-K91701654,U-0126,trt_cp,-16.664555
ATLAS_SIG_B_TOP100,BRD-A59808129,guggulsterone,trt_cp,-45.736454
ATLAS_SIG_B_TOP100,BRD-A84327315,calcitriol,trt_cp,77.40919
ATLAS_SIG_B_TOP100,BRD-K61341215,vecuronium,trt_cp,83.77407
ATLAS_SIG_B_TOP100,BRD-A01317026,"7,8-dihydro-L-biopterin",trt_cp,6.976744
ATLAS_SIG_B_TOP100,BRD-K84937637,sirolimus,trt_cp,5.5491223
ATLAS_SIG_B_TOP100,BRD-K74733595,APHA-compound-8,trt_cp,60.820213
ATLAS_SIG_B_TOP100,BRD-K01493881,apigenin,trt_cp,-5.08757
ATLAS_SIG_B_TOP100,BRD-A52886023,antimycin-a,trt_cp,42.577377
ATLAS_SIG_B_TOP100,BRD-K57926513,tyrphostin-AG-1295,trt_cp,-7.0790024
ATLAS_SIG_B_TOP100,BRD-A50454580,PD-0325901,trt_cp,-92.34772
ATLAS_SIG_B_TOP100,BRD-K73982490,BI-78D3,trt_cp,0.88090205
ATLAS_SIG_B_TOP100,BRD-A11007541,BCI-hydrochloride,trt_cp,7.7252417
ATLAS_SIG_B_TOP100,BRD-K22429181,retinol,trt_cp,-76.66814
ATLAS_SIG_B_TOP100,BRD-K13927029,retinol,trt_cp,34.538708
ATLAS_SIG_B_TOP100,BRD-K65331431,retinyl-acetate,trt_cp,34.044327
ATLAS_SIG_B_TOP100,BRD-K43164539,cholic-acid,trt_cp,-63.466003
ATLAS_SIG_B_TOP100,BRD-K41170226,deoxycholic-acid,trt_cp,3.934824
ATLAS_SIG_B_TOP100,BRD-K18135438,chenodeoxycholic-acid,trt_cp,-18.583965
ATLAS_SIG_B_TOP100,BRD-K68144790,glycodeoxycholic-acid,trt_cp,-17.64504
ATLAS_SIG_B_TOP100,BRD-K81062487,taurocholic-acid,trt_cp,-22.325144
ATLAS_SIG_B_TOP100,BRD-K33572481,taurodeoxycholic-acid,trt_cp,-32.67296
ATLAS_SIG_B_TOP100,BRD-K30743633,TCPOBOP,trt_cp,18.446648
ATLAS_SIG_B_TOP100,BRD-K20986251,lithocholic-acid,trt_cp,-20.823095
ATLAS_SIG_B_TOP100,BRD-K24656285,farnesol,trt_cp,-57.9373
ATLAS_SIG_B_TOP100,BRD-U66370498,androstanol,trt_cp,21.792953
ATLAS_SIG_B_TOP100,BRD-K43880410,pregnenolone,trt_cp,-60.304565
ATLAS_SIG_B_TOP100,BRD-K32610195,androstenedione,trt_cp,-1.3389711
ATLAS_SIG_B_TOP100,BRD-A77118605,D-609,trt_cp,3.5674071
ATLAS_SIG_B_TOP100,BRD-K35128472,2-aminopurine,trt_cp,16.172441
ATLAS_SIG_B_TOP100,BRD-K53972329,ruxolitinib,trt_cp,-2.0182998
ATLAS_SIG_B_TOP100,BRD-K13087974,CGP-52411,trt_cp,0.0
ATLAS_SIG_B_TOP100,BRD-K64935403,ebelactone-b,trt_cp,-57.471878
ATLAS_SIG_B_TOP100,BRD-K77625572,etomoxir,trt_cp,-52.31215
ATLAS_SIG_B_TOP100,BRD-K85985071,ellipticine,trt_cp,40.07707
ATLAS_SIG_B_TOP100,BRD-A55756846,H-7,trt_cp,-32.77042
ATLAS_SIG_B_TOP100,BRD-K62959606,sphingosine,trt_cp,2.0532787
ATLAS_SIG_B_TOP100,BRD-K70549064,staurosporine,trt_cp,40.11473
ATLAS_SIG_B_TOP100,BRD-K47943470,tyrphostin-51,trt_cp,-46.91066
ATLAS_SIG_B_TOP100,BRD-K09790412,H-9,trt_cp,10.60752
ATLAS_SIG_B_TOP100,BRD-K43764301,dexketoprofen,trt_cp,-3.1268454
ATLAS_SIG_B_TOP100,BRD-A74904029,EI-231,trt_cp,7.223397
ATLAS_SIG_B_TOP100,BRD-K80725632,lavendustin-c,trt_cp,39.662354
ATLAS_SIG_B_TOP100,BRD-K32710582,EI-247,trt_cp,2.1141648
ATLAS_SIG_B_TOP100,BRD-K67506692,tyrphostin-AG-126,trt_cp,4.76854
ATLAS_SIG_B_TOP100,BRD-K56064827,EI-273,trt_cp,0.0
ATLAS_SIG_B_TOP100,BRD-K99291625,SB-203580,trt_cp,8.738548
ATLAS_SIG_B_TOP100,BRD-A18497530,5-iodotubercidin,trt_cp,60.23395
ATLAS_SIG_B_TOP100,BRD-A64228451,terreic-acid-(-),trt_cp,6.7016277
ATLAS_SIG_B_TOP100,BRD-A11706664,triciribine,trt_cp,-45.460487
ATLAS_SIG_B_TOP100,BRD-K08115555,tyrphostin-AG-1288,trt_cp,23.422817
ATLAS_SIG_B_TOP100,BRD-U08759356,EI-346-erlotinib-analog,trt_cp,20.093979
ATLAS_SIG_B_TOP100,BRD-K50720187,flupirtine,trt_cp,-64.430565
ATLAS_SIG_B_TOP100,BRD-K79437791,acetyl-farnesyl-cysteine,trt_cp,-39.310402
ATLAS_SIG_B_TOP100,BRD-K75181824,acetyl-geranygeranyl-cysteine,trt_cp,-29.757202
ATLAS_SIG_B_TOP100,BRD-U01690642,acetyl-geranyl-cysteine,trt_cp,-12.54502
ATLAS_SIG_B_TOP100,BRD-K95402279,geranylgeraniol,trt_cp,-5.2854123
ATLAS_SIG_B_TOP100,BRD-K28178212,GW-441756,trt_cp,0.49330515
ATLAS_SIG_B_TOP100,BRD-K98684188,GSK-0660,trt_cp,76.956406
ATLAS_SIG_B_TOP100,BRD-K89085489,fenretinide,trt_cp,0.021274414
ATLAS_SIG_B_TOP100,BRD-K49685476,TTNPB,trt_cp,-31.450481
ATLAS_SIG_B_TOP100,BRD-K62012036,acitretin,trt_cp,12.714885
ATLAS_SIG_B_TOP100,BRD-A96799240,4-hydroxyretinoic-acid,trt_cp,14.435719
ATLAS_SIG_B_TOP100,BRD-K00184207,GR-206,trt_cp,45.73725
ATLAS_SIG_B_TOP100,BRD-K37846922,"3,3'-diindolylmethane",trt_cp,-68.230576
ATLAS_SIG_B_TOP100,BRD-A36707673,hydroxycholesterol,trt_cp,-7.6238756
ATLAS_SIG_B_TOP100,BRD-K61480498,epoxycholesterol,trt_cp,-30.93436
ATLAS_SIG_B_TOP100,BRD-K26674531,GR-235,trt_cp,6.4661145
ATLAS_SIG_B_TOP100,BRD-K47539947,tetradecylthioacetic-acid,trt_cp,27.365318
ATLAS_SIG_B_TOP100,BRD-A80775386,hyperforin,trt_cp,-33.40447
ATLAS_SIG_B_TOP100,BRD-K61463582,BRD-K61463582,trt_cp,-16.121506
ATLAS_SIG_B_TOP100,BRD-A39646320,HC-toxin,trt_cp,19.41987
ATLAS_SIG_B_TOP100,BRD-K86465814,HO-013,trt_cp,10.236462
ATLAS_SIG_B_TOP100,BRD-K81528515,nilotinib,trt_cp,-17.297497
ATLAS_SIG_B_TOP100,BRD-K58772419,AZD-6482,trt_cp,-0.31712472
ATLAS_SIG_B_TOP100,BRD-K52751261,TAK-715,trt_cp,12.309528
ATLAS_SIG_B_TOP100,BRD-K99545815,PF-562271,trt_cp,33.05283
ATLAS_SIG_B_TOP100,BRD-K13566078,BMS-345541,trt_cp,36.92301
ATLAS_SIG_B_TOP100,BRD-K01253243,SB-590885,trt_cp,-1.6208597
ATLAS_SIG_B_TOP100,BRD-K64800655,PHA-793887,trt_cp,72.046684
ATLAS_SIG_B_TOP100,BRD-K05804044,AZ-628,trt_cp,-65.10859
ATLAS_SIG_B_TOP100,BRD-K00337317,NU-7441,trt_cp,-31.649963
ATLAS_SIG_B_TOP100,BRD-K82091397,SB-239063,trt_cp,-3.2842493
ATLAS_SIG_B_TOP100,BRD-K78431006,crizotinib,trt_cp,42.71067
ATLAS_SIG_B_TOP100,BRD-K70401845,erlotinib,trt_cp,-63.33068
ATLAS_SIG_B_TOP100,BRD-K19687926,lapatinib,trt_cp,-29.981476
ATLAS_SIG_B_TOP100,BRD-A67748489,K-858,trt_cp,14.270015
ATLAS_SIG_B_TOP100,BRD-K23192422,lestaurtinib,trt_cp,0.0
ATLAS_SIG_B_TOP100,BRD-K98372770,L-2167,trt_cp,-95.15143
ATLAS_SIG_B_TOP100,BRD-K99451608,lopinavir,trt_cp,-64.13694
ATLAS_SIG_B_TOP100,BRD-K55420858,mirin,trt_cp,-91.8324
ATLAS_SIG_B_TOP100,BRD-K67258146,BRD-K67258146,trt_cp,13.461487
ATLAS_SIG_B_TOP100,BRD-K36529613,PU-H71,trt_cp,-4.580691
ATLAS_SIG_B_TOP100,BRD-K09436313,prostaglandin,trt_cp,-20.770996
ATLAS_SIG_B_TOP100,BRD-K83794624,pirarubicin,trt_cp,13.143059
ATLAS_SIG_B_TOP100,BRD-K46212057,voriconazole,trt_cp,35.12408
ATLAS_SIG_B_TOP100,BRD-K60460488,nelfinavir,trt_cp,-1.6560959
ATLAS_SIG_B_TOP100,BRD-K33551950,radicicol,trt_cp,0.0
ATLAS_SIG_B_TOP100,BRD-K77286328,reversine,trt_cp,-1.2332629
ATLAS_SIG_B_TOP100,BRD-K93331255,lypressin,trt_cp,74.90158
ATLAS_SIG_B_TOP100,BRD-K99749624,linifanib,trt_cp,65.22121
ATLAS_SIG_B_TOP100,BRD-K99964838,bosutinib,trt_cp,30.108177
ATLAS_SIG_B_TOP100,BRD-K86930074,cediranib,trt_cp,-0.66948557
ATLAS_SIG_B_TOP100,BRD-K85402309,dovitinib,trt_cp,-30.472153
ATLAS_SIG_B_TOP100,BRD-K50168500,canertinib,trt_cp,45.03334
ATLAS_SIG_B_TOP100,BRD-K74514084,pazopanib,trt_cp,-4.369274
ATLAS_SIG_B_TOP100,BRD-K71035033,masitinib,trt_cp,12.936071
ATLAS_SIG_B_TOP100,BRD-K02965346,SU-11274,trt_cp,-18.51052
ATLAS_SIG_B_TOP100,BRD-K28428262,brivanib,trt_cp,-12.508809
ATLAS_SIG_B_TOP100,BRD-K67578145,GDC-0879,trt_cp,10.866172
ATLAS_SIG_B_TOP100,BRD-K95901403,XL-147,trt_cp,8.809493
ATLAS_SIG_B_TOP100,BRD-K13514097,everolimus,trt_cp,21.952057
ATLAS_SIG_B_TOP100,BRD-K16485616,mocetinostat,trt_cp,6.765328
ATLAS_SIG_B_TOP100,BRD-A41692738,TGX-221,trt_cp,1.2684989
ATLAS_SIG_B_TOP100,BRD-K73293050,WZ-3146,trt_cp,19.53498
ATLAS_SIG_B_TOP100,BRD-K83837640,JNJ-26481585,trt_cp,2.6779423
ATLAS_SIG_B_TOP100,BRD-K99498722,plinabulin,trt_cp,17.038511
ATLAS_SIG_B_TOP100,BRD-K17306061,aprepitant,trt_cp,-1.3389711
ATLAS_SIG_B_TOP100,BRD-M16762496,PIK-75,trt_cp,28.13897
ATLAS_SIG_B_TOP100,BRD-K07265709,dexrazoxane,trt_cp,-35.518402
ATLAS_SIG_B_TOP100,BRD-K73838513,cinacalcet,trt_cp,-12.868229
ATLAS_SIG_B_TOP100,BRD-K99260425,etodolac,trt_cp,-44.321022
ATLAS_SIG_B_TOP100,BRD-K91900765,VX-745,trt_cp,-50.10102
ATLAS_SIG_B_TOP100,BRD-K91696562,orantinib,trt_cp,-24.911058
ATLAS_SIG_B_TOP100,BRD-K84639753,safinamide,trt_cp,-67.80315
ATLAS_SIG_B_TOP100,BRD-K89014967,AS-703026,trt_cp,-13.138687
ATLAS_SIG_B_TOP100,BRD-K81783531,VX-222,trt_cp,-4.9279847
ATLAS_SIG_B_TOP100,BRD-K70557564,zosuquidar,trt_cp,-11.002165
ATLAS_SIG_B_TOP100,BRD-K48722833,iloperidone,trt_cp,-3.6997886
ATLAS_SIG_B_TOP100,BRD-K70511574,HMN-214,trt_cp,14.458103
ATLAS_SIG_B_TOP100,BRD-K10916986,vinorelbine,trt_cp,-9.126145
ATLAS_SIG_B_TOP100,BRD-K54472332,elvitegravir,trt_cp,-70.96349
ATLAS_SIG_B_TOP100,BRD-M72442222,vicriviroc,trt_cp,34.826065
ATLAS_SIG_B_TOP100,BRD-K37130656,rivaroxaban,trt_cp,-25.94101
ATLAS_SIG_B_TOP100,BRD-K07736136,VX-702,trt_cp,7.6255617
ATLAS_SIG_B_TOP100,BRD-K37720887,SB-525334,trt_cp,-61.006596
ATLAS_SIG_B_TOP100,BRD-K66956375,oleoylethanolamide,trt_cp,-1.5151515
ATLAS_SIG_B_TOP100,BRD-K15891719,tenofovir,trt_cp,87.68556
ATLAS_SIG_B_TOP100,BRD-U97083655,teicoplanin,trt_cp,-30.491318
ATLAS_SIG_B_TOP100,BRD-K36627727,tamibarotene,trt_cp,30.08408
ATLAS_SIG_B_TOP100,BRD-K25991148,warfarin,trt_cp,19.415348
ATLAS_SIG_B_TOP100,BRD-M30523314,vinorelbine,trt_cp,41.089558
ATLAS_SIG_B_TOP100,BRD-A26002865,verrucarin-a,trt_cp,0.0
ATLAS_SIG_B_TOP100,BRD-K77390737,xanthohumol,trt_cp,-48.7802
ATLAS_SIG_B_TOP100,BRD-K29582115,ziprasidone,trt_cp,-28.143295
ATLAS_SIG_B_TOP100,BRD-A98283014,calmidazolium,trt_cp,-20.366596
ATLAS_SIG_B_TOP100,BRD-A03323675,ritonavir,trt_cp,9.922263
ATLAS_SIG_B_TOP100,BRD-A09495397,bicuculline,trt_cp,63.596382
ATLAS_SIG_B_TOP100,BRD-A11170096,pravastatin,trt_cp,-4.40451
ATLAS_SIG_B_TOP100,BRD-A14792000,valsartan,trt_cp,16.8374
ATLAS_SIG_B_TOP100,BRD-A14985772,L-ascorbyl-6-palmitate,trt_cp,-77.96875
ATLAS_SIG_B_TOP100,BRD-A15914070,4-hydroxy-2-nonenal,trt_cp,4.8889093
ATLAS_SIG_B_TOP100,BRD-A20589515,dihydroxyphenylglycine,trt_cp,-61.77539
ATLAS_SIG_B_TOP100,BRD-A29731977,17-hydroxyprogesterone-caproate,trt_cp,-33.954266
ATLAS_SIG_B_TOP100,BRD-A62890442,3-methyl-GABA,trt_cp,-57.62864
ATLAS_SIG_B_TOP100,BRD-A79314293,cephalosporanic-acid,trt_cp,-13.107523
ATLAS_SIG_B_TOP100,BRD-A80383043,4-carboxy-3-hydroxyphenylglycine-(RS),trt_cp,-26.860548
ATLAS_SIG_B_TOP100,BRD-A80928489,1-monopalmitin,trt_cp,16.072855
ATLAS_SIG_B_TOP100,BRD-A83892713,rifampicin,trt_cp,9.488653
ATLAS_SIG_B_TOP100,BRD-A87125127,3-matida,trt_cp,10.702262
ATLAS_SIG_B_TOP100,BRD-A95696820,acadesine,trt_cp,16.007347
ATLAS_SIG_B_TOP100,BRD-K04466929,Merck60,trt_cp,10.851343
ATLAS_SIG_B_TOP100,BRD-K06750613,GSK-1059615,trt_cp,34.42126
ATLAS_SIG_B_TOP100,BRD-K06817181,"1,2,3,4,5,6-hexabromocyclohexane",trt_cp,-19.706755
ATLAS_SIG_B_TOP100,BRD-K13872703,BRD-K13872703,trt_cp,-26.296307
ATLAS_SIG_B_TOP100,BRD-K14643723,4-(2-amino-ethyl)-benzenesulfonamide,trt_cp,-35.12152
ATLAS_SIG_B_TOP100,BRD-K15519488,CS-110266,trt_cp,42.73992
ATLAS_SIG_B_TOP100,BRD-K17953061,staurosporine,trt_cp,9.846878
ATLAS_SIG_B_TOP100,BRD-K20197062,SA-94315,trt_cp,9.507614
ATLAS_SIG_B_TOP100,BRD-K31491153,1-phenylbiguanide,trt_cp,86.59928
ATLAS_SIG_B_TOP100,BRD-K37814297,acepromazine,trt_cp,3.5191073
ATLAS_SIG_B_TOP100,BRD-K50384076,"7,4'-dihydroxyflavone",trt_cp,7.384945
ATLAS_SIG_B_TOP100,BRD-K56450366,NSC-94258,trt_cp,-52.920273
ATLAS_SIG_B_TOP100,BRD-K60690191,MPEP,trt_cp,-76.639565
ATLAS_SIG_B_TOP100,BRD-K63784565,10-hydroxycamptothecin,trt_cp,0.0
ATLAS_SIG_B_TOP100,BRD-K67977190,eprosartan,trt_cp,14.688194
ATLAS_SIG_B_TOP100,BRD-K83636919,entacapone,trt_cp,-53.776943
ATLAS_SIG_B_TOP100,BRD-K88701661,dimercaptosuccinic-acid,trt_cp,8.776311
ATLAS_SIG_B_TOP100,BRD-K90864987,cobalt(II)-chloride,trt_cp,32.23508
ATLAS_SIG_B_TOP100,BRD-K91145395,prostratin,trt_cp,37.80751
ATLAS_SIG_B_TOP100,BRD-K91781484,BRD-K91781484,trt_cp,-8.247793
ATLAS_SIG_B_TOP100,BRD-K98824517,BRD-K98824517,trt_cp,53.335857
ATLAS_SIG_B_TOP100,BRD-M41783010,acamprosate,trt_cp,-6.3008585
ATLAS_SIG_B_TOP100,BRD-K66766661,17-beta-estradiol,trt_cp,-47.582447
ATLAS_SIG_B_TOP100,BRD-K54529596,captopril,trt_cp,-59.514263
ATLAS_SIG_B_TOP100,BRD-A63445921,nicardipine,trt_cp,-23.158182
ATLAS_SIG_B_TOP100,BRD-A51182606,chloramphenicol,trt_cp,31.579964
ATLAS_SIG_B_TOP100,BRD-K94070024,depomedrol,trt_cp,-74.27258
ATLAS_SIG_B_TOP100,BRD-A75144621,digoxin,trt_cp,10.358066
ATLAS_SIG_B_TOP100,BRD-K82216340,medroxyprogesterone,trt_cp,63.88046
ATLAS_SIG_B_TOP100,BRD-K13356952,methazolamide,trt_cp,-95.77167
ATLAS_SIG_B_TOP100,BRD-K54416256,methimazole,trt_cp,-20.664387
ATLAS_SIG_B_TOP100,BRD-K86873305,piperacillin,trt_cp,-90.123634
ATLAS_SIG_B_TOP100,BRD-K28667793,pyrazinamide,trt_cp,-4.731605
ATLAS_SIG_B_TOP100,BRD-A15493168,tetracycline,trt_cp,-45.202026
ATLAS_SIG_B_TOP100,BRD-K97799481,theophylline,trt_cp,1.2332629
ATLAS_SIG_B_TOP100,BRD-K69688083,mestinon,trt_cp,21.434187
ATLAS_SIG_B_TOP100,TRCN0000208001,EMPTY_VECTOR,ctl_vector,-60.99156
ATLAS_SIG_B_TOP100,BRD-K59773493,benzohydroxamic-acid,trt_cp,0.0
ATLAS_SIG_B_TOP100,ccsbBroad304_00003,ABAT,trt_oe,0.0
ATLAS_SIG_B_TOP100,ccsbBroad304_05471,ABCB5,trt_oe,-3.3290968
ATLAS_SIG_B_TOP100,ccsbBroad304_07542,ABCF2,trt_oe,1.7592592
ATLAS_SIG_B_TOP100,ccsbBroad304_05756,ACAA1,trt_oe,-20.464191
ATLAS_SIG_B_TOP100,ccsbBroad304_00006,ACADM,trt_oe,6.857914
ATLAS_SIG_B_TOP100,ccsbBroad304_05759,ACAT2,trt_oe,1.8981482
ATLAS_SIG_B_TOP100,ccsbBroad304_00009,ACLY,trt_oe,-0.37037036
ATLAS_SIG_B_TOP100,ccsbBroad304_00016,ACTN4,trt_oe,-2.2685184
ATLAS_SIG_B_TOP100,ccsbBroad304_02313,ACTR3,trt_oe,37.522438
ATLAS_SIG_B_TOP100,ccsbBroad304_05767,ACVR1,trt_oe,19.480911
ATLAS_SIG_B_TOP100,ccsbBroad304_00020,ACY1,trt_oe,-1.6666666
ATLAS_SIG_B_TOP100,ccsbBroad304_00023,ADA,trt_oe,-48.181133
ATLAS_SIG_B_TOP100,ccsbBroad304_02789,ADAT1,trt_oe,18.551788
ATLAS_SIG_B_TOP100,ccsbBroad304_00024,ADCY3,trt_oe,0.0
ATLAS_SIG_B_TOP100,ccsbBroad304_00028,ADH5,trt_oe,12.559504
ATLAS_SIG_B_TOP100,ccsbBroad304_03565,ADI1,trt_oe,-0.5555556
ATLAS_SIG_B_TOP100,ccsbBroad304_05782,ADORA2A,trt_oe,-13.7271805
ATLAS_SIG_B_TOP100,ccsbBroad304_00030,ADORA2B,trt_oe,4.1203704
ATLAS_SIG_B_TOP100,ccsbBroad304_05786,ADRB2,trt_oe,46.299267
ATLAS_SIG_B_TOP100,ccsbBroad304_00032,ADSL,trt_oe,10.261562
ATLAS_SIG_B_TOP100,ccsbBroad304_00033,ADSS,trt_oe,0.0
ATLAS_SIG_B_TOP100,ccsbBroad304_00034,AES,trt_oe,37.89059
ATLAS_SIG_B_TOP100,ccsbBroad304_00036,AFP,trt_oe,-53.261513
ATLAS_SIG_B_TOP100,ccsbBroad304_02467,AGPAT1,trt_oe,27.577286
ATLAS_SIG_B_TOP100,ccsbBroad304_07634,AGPAT2,trt_oe,70.061615
ATLAS_SIG_B_TOP100,ccsbBroad304_05792,AGTR1,trt_oe,-3.5648148
ATLAS_SIG_B_TOP100,ccsbBroad304_05796,AK1,trt_oe,0.9259259
ATLAS_SIG_B_TOP100,ccsbBroad304_00044,AK2,trt_oe,-18.777195
ATLAS_SIG_B_TOP100,ccsbBroad304_00429,AKR1C2,trt_oe,-50.112003
ATLAS_SIG_B_TOP100,ccsbBroad304_00046,AKT1,trt_oe,-12.326321
ATLAS_SIG_B_TOP100,ccsbBroad304_00048,ALDH1A1,trt_oe,-61.40618
ATLAS_SIG_B_TOP100,ccsbBroad304_05801,ALDH3A1,trt_oe,7.7314816
ATLAS_SIG_B_TOP100,ccsbBroad304_00052,ALDH3A2,trt_oe,-7.7314816
ATLAS_SIG_B_TOP100,ccsbBroad304_05803,ALDH3B2,trt_oe,-27.287737
ATLAS_SIG_B_TOP100,ccsbBroad304_00054,ALDOC,trt_oe,0.0
ATLAS_SIG_B_TOP100,ccsbBroad304_08128,ALG5,trt_oe,37.44795
ATLAS_SIG_B_TOP100,ccsbBroad304_00060,AMBP,trt_oe,-47.33392
ATLAS_SIG_B_TOP100,ccsbBroad304_00066,ANG,trt_oe,91.564476
ATLAS_SIG_B_TOP100,ccsbBroad304_03532,ANKZF1,trt_oe,-61.117683
ATLAS_SIG_B_TOP100,ccsbBroad304_00072,ANXA7,trt_oe,0.0
ATLAS_SIG_B_TOP100,ccsbBroad304_06008,AP2M1,trt_oe,-62.231613
ATLAS_SIG_B_TOP100,ccsbBroad304_00077,APEX1,trt_oe,25.85412
ATLAS_SIG_B_TOP100,ccsbBroad304_00079,APOA1,trt_oe,-39.0096
ATLAS_SIG_B_TOP100,ccsbBroad304_00080,APOA2,trt_oe,-4.6778893
ATLAS_SIG_B_TOP100,ccsbBroad304_05838,APOC2,trt_oe,4.989598
ATLAS_SIG_B_TOP100,ccsbBroad304_00081,APOC3,trt_oe,2.7314816
ATLAS_SIG_B_TOP100,ccsbBroad304_00084,APOH,trt_oe,-3.7906237
ATLAS_SIG_B_TOP100,ccsbBroad304_00099,ARG2,trt_oe,3.6574075
ATLAS_SIG_B_TOP100,ccsbBroad304_02321,ARL4C,trt_oe,-8.913282
ATLAS_SIG_B_TOP100,ccsbBroad304_00105,ARNTL,trt_oe,-45.091385
ATLAS_SIG_B_TOP100,ccsbBroad304_02466,ARPC1A,trt_oe,-52.201954
ATLAS_SIG_B_TOP100,ccsbBroad304_02312,ARPC1B,trt_oe,-1.7592592
ATLAS_SIG_B_TOP100,ccsbBroad304_05856,ASAH1,trt_oe,28.588655
ATLAS_SIG_B_TOP100,ccsbBroad304_02869,ASF1A,trt_oe,35.257183
ATLAS_SIG_B_TOP100,ccsbBroad304_03641,ASF1B,trt_oe,23.426624
ATLAS_SIG_B_TOP100,ccsbBroad304_00110,ASGR2,trt_oe,-1.9907408
ATLAS_SIG_B_TOP100,ccsbBroad304_07354,ASH2L,trt_oe,-73.57323
ATLAS_SIG_B_TOP100,ccsbBroad304_07273,ASMTL,trt_oe,55.547424
ATLAS_SIG_B_TOP100,ccsbBroad304_00113,ASNS,trt_oe,34.018875
ATLAS_SIG_B_TOP100,ccsbBroad304_00116,ASS1,trt_oe,0.0
ATLAS_SIG_B_TOP100,ccsbBroad304_00117,ATF4,trt_oe,-9.270407
ATLAS_SIG_B_TOP100,ccsbBroad304_04294,ATG10,trt_oe,2.9166667
ATLAS_SIG_B_TOP100,ccsbBroad304_04675,ATG4A,trt_oe,-43.843624
ATLAS_SIG_B_TOP100,ccsbBroad304_02173,ATG5,trt_oe,11.370345
ATLAS_SIG_B_TOP100,ccsbBroad304_00118,ATIC,trt_oe,4.0364003
ATLAS_SIG_B_TOP100,ccsbBroad304_00120,ATOX1,trt_oe,1.8518518
ATLAS_SIG_B_TOP100,ccsbBroad304_00122,ATP1B1,trt_oe,13.326654
ATLAS_SIG_B_TOP100,ccsbBroad304_00127,ATP5B,trt_oe,-78.50577
ATLAS_SIG_B_TOP100,ccsbBroad304_00129,ATP5D,trt_oe,0.0
ATLAS_SIG_B_TOP100,ccsbBroad304_02447,ATP5H,trt_oe,-33.50156
ATLAS_SIG_B_TOP100,ccsbBroad304_07657,ATP5L,trt_oe,-26.381826
ATLAS_SIG_B_TOP100,ccsbBroad304_08055,ATP5S,trt_oe,-2.0370371
ATLAS_SIG_B_TOP100,ccsbBroad304_00140,ATP6V0A1,trt_oe,15.481029
ATLAS_SIG_B_TOP100,ccsbBroad304_00138,ATP6V0B,trt_oe,-20.08662
ATLAS_SIG_B_TOP100,ccsbBroad304_00135,ATP6V0C,trt_oe,-2.824074
ATLAS_SIG_B_TOP100,ccsbBroad304_02131,ATP6V1F,trt_oe,16.475466
ATLAS_SIG_B_TOP100,ccsbBroad304_05876,AZGP1,trt_oe,-4.398148
ATLAS_SIG_B_TOP100,ccsbBroad304_00144,B2M,trt_oe,1.25
ATLAS_SIG_B_TOP100,ccsbBroad304_02604,B3GNT1,trt_oe,37.75578
ATLAS_SIG_B_TOP100,ccsbBroad304_00146,BAD,trt_oe,84.75639
ATLAS_SIG_B_TOP100,ccsbBroad304_00147,BAG1,trt_oe,74.69008
ATLAS_SIG_B_TOP100,ccsbBroad304_03599,BATF3,trt_oe,90.14967
ATLAS_SIG_B_TOP100,ccsbBroad304_00150,BAX,trt_oe,4.7685184
ATLAS_SIG_B_TOP100,ccsbBroad304_00152,BCAT2,trt_oe,-1.4351852
ATLAS_SIG_B_TOP100,ccsbBroad304_08645,BCCIP,trt_oe,51.373207
ATLAS_SIG_B_TOP100,ccsbBroad304_02391,BCKDK,trt_oe,0.0
ATLAS_SIG_B_TOP100,ccsbBroad304_00156,BCL2L1,trt_oe,-44.72429
ATLAS_SIG_B_TOP100,ccsbBroad304_05881,BCL2L2,trt_oe,0.0
ATLAS_SIG_B_TOP100,ccsbBroad304_00161,BID,trt_oe,-3.7962964
ATLAS_SIG_B_TOP100,ccsbBroad304_05836,BIRC5,trt_oe,-12.816608
ATLAS_SIG_B_TOP100,ccsbBroad304_00164,BLMH,trt_oe,-89.04762
ATLAS_SIG_B_TOP100,ccsbBroad304_01951,BLZF1,trt_oe,-1.712963
ATLAS_SIG_B_TOP100,ccsbBroad304_00165,BMI1,trt_oe,1.3888888
ATLAS_SIG_B_TOP100,ccsbBroad304_00170,BNIP1,trt_oe,69.01493
ATLAS_SIG_B_TOP100,ccsbBroad304_05902,BNIP3,trt_oe,-1.8055556
ATLAS_SIG_B_TOP100,ccsbBroad304_00171,BNIP3L,trt_oe,-45.981567
ATLAS_SIG_B_TOP100,ccsbBroad304_00179,BTG1,trt_oe,-90.840195
ATLAS_SIG_B_TOP100,ccsbBroad304_02569,BTG3,trt_oe,0.0
ATLAS_SIG_B_TOP100,ccsbBroad304_03047,BZW2,trt_oe,-47.769512
ATLAS_SIG_B_TOP100,ccsbBroad304_03696,C19ORF10,trt_oe,6.3964453
ATLAS_SIG_B_TOP100,ccsbBroad304_02367,CALCOCO2,trt_oe,-0.9259259
ATLAS_SIG_B_TOP100,ccsbBroad304_00207,CALM2,trt_oe,50.975082
ATLAS_SIG_B_TOP100,ccsbBroad304_13822,CALM3,trt_oe,3.555993
ATLAS_SIG_B_TOP100,ccsbBroad304_01949,CAMK1,trt_oe,-0.9722222
ATLAS_SIG_B_TOP100,ccsbBroad304_00212,CAMLG,trt_oe,-13.43233
ATLAS_SIG_B_TOP100,ccsbBroad304_04786,CANT1,trt_oe,4.9202266
ATLAS_SIG_B_TOP100,ccsbBroad304_05931,CAPG,trt_oe,2.1296296
ATLAS_SIG_B_TOP100,ccsbBroad304_03933,CARD9,trt_oe,-36.676956
ATLAS_SIG_B_TOP100,ccsbBroad304_00221,CASP3,trt_oe,-82.13728
ATLAS_SIG_B_TOP100,ccsbBroad304_00222,CASP6,trt_oe,0.0
ATLAS_SIG_B_TOP100,ccsbBroad304_00223,CASP9,trt_oe,-11.435185
ATLAS_SIG_B_TOP100,ccsbBroad304_00226,CAV1,trt_oe,3.3796296
ATLAS_SIG_B_TOP100,ccsbBroad304_00231,CBFB,trt_oe,-2.3148148
ATLAS_SIG_B_TOP100,ccsbBroad304_05939,CBLB,trt_oe,-1.2039235
ATLAS_SIG_B_TOP100,ccsbBroad304_07918,CBLC,trt_oe,0.0
ATLAS_SIG_B_TOP100,ccsbBroad304_05941,CBR3,trt_oe,-20.131784
ATLAS_SIG_B_TOP100,ccsbBroad304_05942,CBS,trt_oe,12.8537655
ATLAS_SIG_B_TOP100,ccsbBroad304_07888,CBX6,trt_oe,17.79424
ATLAS_SIG_B_TOP100,ccsbBroad304_07890,CBX7,trt_oe,-10.344094
ATLAS_SIG_B_TOP100,ccsbBroad304_05944,CCBL1,trt_oe,19.886318
ATLAS_SIG_B_TOP100,ccsbBroad304_04190,CCDC92,trt_oe,60.227016
ATLAS_SIG_B_TOP100,ccsbBroad304_01495,CCL2,trt_oe,65.361885
ATLAS_SIG_B_TOP100,ccsbBroad304_05947,CCNC,trt_oe,24.991936
ATLAS_SIG_B_TOP100,ccsbBroad304_00237,CCND3,trt_oe,13.244166
ATLAS_SIG_B_TOP100,ccsbBroad304_00240,CCNH,trt_oe,-3.0389938
ATLAS_SIG_B_TOP100,ccsbBroad304_03772,CCNL1,trt_oe,0.0
ATLAS_SIG_B_TOP100,ccsbBroad304_07478,CCP110,trt_oe,-54.095085
ATLAS_SIG_B_TOP100,ccsbBroad304_00249,CD14,trt_oe,48.188286
ATLAS_SIG_B_TOP100,ccsbBroad304_00250,CD19,trt_oe,-18.404163
ATLAS_SIG_B_TOP100,ccsbBroad304_03269,CD320,trt_oe,-60.32712
ATLAS_SIG_B_TOP100,ccsbBroad304_00259,CD40,trt_oe,56.198242
ATLAS_SIG_B_TOP100,ccsbBroad304_00418,CD55,trt_oe,-2.7314816
ATLAS_SIG_B_TOP100,ccsbBroad304_00262,CD59,trt_oe,35.499447
ATLAS_SIG_B_TOP100,ccsbBroad304_00268,CD81,trt_oe,-44.345566
ATLAS_SIG_B_TOP100,ccsbBroad304_02133,CD83,trt_oe,-3.425926
ATLAS_SIG_B_TOP100,ccsbBroad304_05970,CDC20,trt_oe,-1.3425926
ATLAS_SIG_B_TOP100,ccsbBroad304_00272,CDC25A,trt_oe,12.667234
ATLAS_SIG_B_TOP100,ccsbBroad304_03746,CDC42SE1,trt_oe,20.66678
ATLAS_SIG_B_TOP100,ccsbBroad304_03533,CDCA8,trt_oe,0.0
ATLAS_SIG_B_TOP100,ccsbBroad304_02425,CDIPT,trt_oe,16.513725
ATLAS_SIG_B_TOP100,ccsbBroad304_00277,CDK4,trt_oe,-13.687008
ATLAS_SIG_B_TOP100,ccsbBroad304_00279,CDK6,trt_oe,-4.2054796
ATLAS_SIG_B_TOP100,ccsbBroad304_05979,CDK9,trt_oe,13.518518
ATLAS_SIG_B_TOP100,ccsbBroad304_00282,CDKN1A,trt_oe,2.9372628
ATLAS_SIG_B_TOP100,ccsbBroad304_05980,CDKN1B,trt_oe,76.65859
ATLAS_SIG_B_TOP100,ccsbBroad304_05982,CDX2,trt_oe,63.95773
ATLAS_SIG_B_TOP100,ccsbBroad304_00290,CEBPG,trt_oe,-44.9492
ATLAS_SIG_B_TOP100,ccsbBroad304_03640,CEP72,trt_oe,-23.501675
ATLAS_SIG_B_TOP100,ccsbBroad304_03117,CERS2,trt_oe,-11.885469
ATLAS_SIG_B_TOP100,ccsbBroad304_09831,CERS3,trt_oe,-1.3888888
ATLAS_SIG_B_TOP100,ccsbBroad304_05985,CFL1,trt_oe,58.50631
ATLAS_SIG_B_TOP100,ccsbBroad304_07667,CGRRF1,trt_oe,-72.446175
ATLAS_SIG_B_TOP100,ccsbBroad304_01870,CHAF1B,trt_oe,24.13763
ATLAS_SIG_B_TOP100,ccsbBroad304_04055,CHCHD7,trt_oe,21.561033
ATLAS_SIG_B_TOP100,ccsbBroad304_03071,CHMP4A,trt_oe,34.220383
ATLAS_SIG_B_TOP100,ccsbBroad304_04095,CHMP6,trt_oe,6.933193
ATLAS_SIG_B_TOP100,ccsbBroad304_00303,CHN1,trt_oe,0.0
ATLAS_SIG_B_TOP100,ccsbBroad304_03405,CHRAC1,trt_oe,-19.37267
ATLAS_SIG_B_TOP100,ccsbBroad304_03773,CIAPIN1,trt_oe,-9.185824
ATLAS_SIG_B_TOP100,ccsbBroad304_00312,CIRBP,trt_oe,19.194239
ATLAS_SIG_B_TOP100,ccsbBroad304_03666,CISD1,trt_oe,3.7037036
ATLAS_SIG_B_TOP100,ccsbBroad304_06007,CISH,trt_oe,-0.787037
ATLAS_SIG_B_TOP100,ccsbBroad304_06004,CKB,trt_oe,0.0
ATLAS_SIG_B_TOP100,ccsbBroad304_00316,CKS1B,trt_oe,32.36683
ATLAS_SIG_B_TOP100,ccsbBroad304_00322,CLCN5,trt_oe,-13.415419
ATLAS_SIG_B_TOP100,ccsbBroad304_02887,CLIC4,trt_oe,-59.424118
ATLAS_SIG_B_TOP100,ccsbBroad304_00328,CLK3,trt_oe,0.0
ATLAS_SIG_B_TOP100,ccsbBroad304_02201,CLOCK,trt_oe,-11.1125
ATLAS_SIG_B_TOP100,ccsbBroad304_06013,CLPTM1,trt_oe,-78.242294
ATLAS_SIG_B_TOP100,ccsbBroad304_00329,CLTA,trt_oe,90.68071
ATLAS_SIG_B_TOP100,ccsbBroad304_08339,CMPK1,trt_oe,-25.659351
ATLAS_SIG_B_TOP100,ccsbBroad304_03097,CNOT7,trt_oe,0.9259259
ATLAS_SIG_B_TOP100,ccsbBroad304_02143,CNOT8,trt_oe,27.710407
ATLAS_SIG_B_TOP100,ccsbBroad304_09035,COASY,trt_oe,0.0
ATLAS_SIG_B_TOP100,ccsbBroad304_02136,COPS2,trt_oe,0.0
ATLAS_SIG_B_TOP100,ccsbBroad304_02589,COPS5,trt_oe,-35.509262
ATLAS_SIG_B_TOP100,ccsbBroad304_08346,COQ3,trt_oe,81.01807
ATLAS_SIG_B_TOP100,ccsbBroad304_00349,COX4I1,trt_oe,0.0
ATLAS_SIG_B_TOP100,ccsbBroad304_02154,COX5A,trt_oe,-43.124542
ATLAS_SIG_B_TOP100,ccsbBroad304_00350,COX5B,trt_oe,26.221718
ATLAS_SIG_B_TOP100,ccsbBroad304_06035,CRABP1,trt_oe,47.855568
ATLAS_SIG_B_TOP100,ccsbBroad304_03023,CRCP,trt_oe,-4.4044266
ATLAS_SIG_B_TOP100,ccsbBroad304_02455,CREB3,trt_oe,-3.0092592
ATLAS_SIG_B_TOP100,ccsbBroad304_09309,CREB3L1,trt_oe,-7.5925927
ATLAS_SIG_B_TOP100,ccsbBroad304_05012,CREB3L4,trt_oe,-12.475658
ATLAS_SIG_B_TOP100,ccsbBroad304_06038,CRK,trt_oe,-56.518173
ATLAS_SIG_B_TOP100,ccsbBroad304_10240,CROT,trt_oe,12.453704
ATLAS_SIG_B_TOP100,ccsbBroad304_00370,CS,trt_oe,-64.33931
ATLAS_SIG_B_TOP100,ccsbBroad304_00382,CSNK2A2,trt_oe,35.16953
ATLAS_SIG_B_TOP100,ccsbBroad304_00389,CTBP1,trt_oe,49.965927
ATLAS_SIG_B_TOP100,ccsbBroad304_10758,CTBP2,trt_oe,-8.996481
ATLAS_SIG_B_TOP100,ccsbBroad304_00391,CTH,trt_oe,31.761517
ATLAS_SIG_B_TOP100,ccsbBroad304_03769,CTNNBIP1,trt_oe,-7.8497677
ATLAS_SIG_B_TOP100,ccsbBroad304_00394,CTSD,trt_oe,40.568146
ATLAS_SIG_B_TOP100,ccsbBroad304_00397,CTSK,trt_oe,8.355816
ATLAS_SIG_B_TOP100,ccsbBroad304_06066,CTSL1,trt_oe,77.4893
ATLAS_SIG_B_TOP100,ccsbBroad304_00398,CTSL2,trt_oe,16.286757
ATLAS_SIG_B_TOP100,ccsbBroad304_06068,CXADR,trt_oe,29.379383
ATLAS_SIG_B_TOP100,ccsbBroad304_00695,CXCL1,trt_oe,-1.9907408
ATLAS_SIG_B_TOP100,ccsbBroad304_00696,CXCL2,trt_oe,3.6574075
ATLAS_SIG_B_TOP100,ccsbBroad304_08684,CXCR7,trt_oe,-34.21264
ATLAS_SIG_B_TOP100,ccsbBroad304_00402,CYB561,trt_oe,-10.162562
ATLAS_SIG_B_TOP100,ccsbBroad304_08365,CYCS,trt_oe,0.0
ATLAS_SIG_B_TOP100,ccsbBroad304_00406,CYP1A1,trt_oe,-68.42896
ATLAS_SIG_B_TOP100,ccsbBroad304_08724,CYP20A1,trt_oe,-93.33009
ATLAS_SIG_B_TOP100,ccsbBroad304_00415,CYP24A1,trt_oe,-28.197584
ATLAS_SIG_B_TOP100,ccsbBroad304_00412,CYP3A5,trt_oe,-2.3611112
ATLAS_SIG_B_TOP100,ccsbBroad304_06079,CYP51A1,trt_oe,-1.1574074
ATLAS_SIG_B_TOP100,ccsbBroad304_00420,DAP,trt_oe,-13.393312
ATLAS_SIG_B_TOP100,ccsbBroad304_00421,DAPK1,trt_oe,-0.97907484
ATLAS_SIG_B_TOP100,ccsbBroad304_00422,DARS,trt_oe,-46.069782
ATLAS_SIG_B_TOP100,ccsbBroad304_00423,DAXX,trt_oe,2.9760633
ATLAS_SIG_B_TOP100,ccsbBroad304_03980,DCLRE1B,trt_oe,62.396164
ATLAS_SIG_B_TOP100,ccsbBroad304_08093,DCPS,trt_oe,-1.3888888
ATLAS_SIG_B_TOP100,ccsbBroad304_06087,DDB2,trt_oe,-4.0740743
ATLAS_SIG_B_TOP100,ccsbBroad304_06090,DDOST,trt_oe,19.531216
ATLAS_SIG_B_TOP100,ccsbBroad304_05923,DDR1,trt_oe,6.6203704
ATLAS_SIG_B_TOP100,ccsbBroad304_03437,DDX49,trt_oe,-30.026304
ATLAS_SIG_B_TOP100,ccsbBroad304_06094,DFFA,trt_oe,-2.6388888
ATLAS_SIG_B_TOP100,ccsbBroad304_06081,DGKA,trt_oe,-1.1574074
ATLAS_SIG_B_TOP100,ccsbBroad304_06098,DHCR24,trt_oe,-16.847004
ATLAS_SIG_B_TOP100,ccsbBroad304_00443,DHFR,trt_oe,-5.185185
ATLAS_SIG_B_TOP100,ccsbBroad304_07379,DHRS3,trt_oe,16.982578
ATLAS_SIG_B_TOP100,ccsbBroad304_03351,DHRS7,trt_oe,29.710884
ATLAS_SIG_B_TOP100,ccsbBroad304_08389,DHX29,trt_oe,3.1944444
ATLAS_SIG_B_TOP100,ccsbBroad304_10427,DHX8,trt_oe,-97.73148
ATLAS_SIG_B_TOP100,ccsbBroad304_07596,DLC1,trt_oe,20.353783
ATLAS_SIG_B_TOP100,ccsbBroad304_00447,DLD,trt_oe,-2.0370371
ATLAS_SIG_B_TOP100,ccsbBroad304_06102,DLX3,trt_oe,-2.6851852
ATLAS_SIG_B_TOP100,ccsbBroad304_06103,DMD,trt_oe,45.788643
ATLAS_SIG_B_TOP100,ccsbBroad304_07528,DMTF1,trt_oe,0.0
ATLAS_SIG_B_TOP100,ccsbBroad304_00796,DNAJB2,trt_oe,49.440296
ATLAS_SIG_B_TOP100,ccsbBroad304_00990,DNAJB9,trt_oe,-5.4166665
ATLAS_SIG_B_TOP100,ccsbBroad304_03113,DSE,trt_oe,-39.95259
ATLAS_SIG_B_TOP100,ccsbBroad304_09391,DTX2,trt_oe,-27.55974
ATLAS_SIG_B_TOP100,ccsbBroad304_02612,DUSP14,trt_oe,0.0
ATLAS_SIG_B_TOP100,ccsbBroad304_08670,DUSP22,trt_oe,7.9231343
ATLAS_SIG_B_TOP100,ccsbBroad304_13847,DUSP3,trt_oe,-1.4351852
ATLAS_SIG_B_TOP100,ccsbBroad304_06130,DUSP4,trt_oe,-2.2222223
ATLAS_SIG_B_TOP100,ccsbBroad304_06131,DUSP6,trt_oe,77.238495
ATLAS_SIG_B_TOP100,ccsbBroad304_00469,DUT,trt_oe,0.0
ATLAS_SIG_B_TOP100,ccsbBroad304_00470,DVL2,trt_oe,-21.228111
ATLAS_SIG_B_TOP100,ccsbBroad304_04947,DYNLL2,trt_oe,0.5092593
ATLAS_SIG_B_TOP100,ccsbBroad304_01655,DYNLT3,trt_oe,-10.328823
ATLAS_SIG_B_TOP100,ccsbBroad304_08596,EAPP,trt_oe,-12.156301
ATLAS_SIG_B_TOP100,ccsbBroad304_02578,EBNA1BP2,trt_oe,12.923906
ATLAS_SIG_B_TOP100,ccsbBroad304_02671,ECD,trt_oe,84.07101
ATLAS_SIG_B_TOP100,ccsbBroad304_06134,ECH1,trt_oe,24.085888
ATLAS_SIG_B_TOP100,ccsbBroad304_06136,ECHS1,trt_oe,0.0
ATLAS_SIG_B_TOP100,ccsbBroad304_09054,EGFL8,trt_oe,0.0
ATLAS_SIG_B_TOP100,ccsbBroad304_04626,EGLN3,trt_oe,5.0852785
ATLAS_SIG_B_TOP100,ccsbBroad304_02956,EHF,trt_oe,55.497562
ATLAS_SIG_B_TOP100,ccsbBroad304_00489,EHHADH,trt_oe,43.39631
ATLAS_SIG_B_TOP100,ccsbBroad304_02386,EIF1B,trt_oe,50.83342
ATLAS_SIG_B_TOP100,ccsbBroad304_08054,EIF2AK1,trt_oe,-44.72289
ATLAS_SIG_B_TOP100,ccsbBroad304_07326,EIF2B2,trt_oe,1.2962962
ATLAS_SIG_B_TOP100,ccsbBroad304_02044,EIF2S2,trt_oe,0.0
ATLAS_SIG_B_TOP100,ccsbBroad304_01985,EIF3H,trt_oe,9.173289
ATLAS_SIG_B_TOP100,ccsbBroad304_00490,EIF4EBP1,trt_oe,-10.651617
ATLAS_SIG_B_TOP100,ccsbBroad304_00491,EIF4EBP2,trt_oe,-20.850948
ATLAS_SIG_B_TOP100,ccsbBroad304_00492,EIF5A,trt_oe,1.0648148
ATLAS_SIG_B_TOP100,ccsbBroad304_08802,ELAC2,trt_oe,10.303963
ATLAS_SIG_B_TOP100,ccsbBroad304_06155,ELF1,trt_oe,-7.4168816
ATLAS_SIG_B_TOP100,ccsbBroad304_00496,ELF4,trt_oe,17.265818
ATLAS_SIG_B_TOP100,ccsbBroad304_00498,ELK1,trt_oe,50.428654
ATLAS_SIG_B_TOP100,ccsbBroad304_00510,EPHX2,trt_oe,0.0
ATLAS_SIG_B_TOP100,ccsbBroad304_00513,ERCC3,trt_oe,-2.6851852
ATLAS_SIG_B_TOP100,ccsbBroad304_06178,ERCC5,trt_oe,0.0
ATLAS_SIG_B_TOP100,ccsbBroad304_06179,ERG,trt_oe,81.763054
ATLAS_SIG_B_TOP100,ccsbBroad304_03266,ERGIC2,trt_oe,-70.60504
ATLAS_SIG_B_TOP100,ccsbBroad304_00515,ERH,trt_oe,0.0
ATLAS_SIG_B_TOP100,ccsbBroad304_03129,ERO1L,trt_oe,-2.6851852
ATLAS_SIG_B_TOP100,ccsbBroad304_10428,ETS2,trt_oe,-0.8333333
ATLAS_SIG_B_TOP100,ccsbBroad304_00521,ETV5,trt_oe,17.941406
ATLAS_SIG_B_TOP100,ccsbBroad304_03311,EVL,trt_oe,0.0
ATLAS_SIG_B_TOP100,ccsbBroad304_06183,EWSR1,trt_oe,43.544765
ATLAS_SIG_B_TOP100,ccsbBroad304_03652,EXOC2,trt_oe,24.302074
ATLAS_SIG_B_TOP100,ccsbBroad304_00526,EZH2,trt_oe,-12.767269
ATLAS_SIG_B_TOP100,ccsbBroad304_06188,F10,trt_oe,38.90269
ATLAS_SIG_B_TOP100,ccsbBroad304_00532,F11,trt_oe,-74.605835
ATLAS_SIG_B_TOP100,ccsbBroad304_06186,F2R,trt_oe,35.875748
ATLAS_SIG_B_TOP100,ccsbBroad304_00527,F2RL1,trt_oe,2.7777777
ATLAS_SIG_B_TOP100,ccsbBroad304_00529,F3,trt_oe,-34.559513
ATLAS_SIG_B_TOP100,ccsbBroad304_00534,FABP1,trt_oe,21.676125
ATLAS_SIG_B_TOP100,ccsbBroad304_06528,FADS3,trt_oe,2.0370371
ATLAS_SIG_B_TOP100,ccsbBroad304_03544,FAIM,trt_oe,34.717583
ATLAS_SIG_B_TOP100,ccsbBroad304_02270,FAM20B,trt_oe,-7.1475835
ATLAS_SIG_B_TOP100,ccsbBroad304_02438,FAM3C,trt_oe,1.0185186
ATLAS_SIG_B_TOP100,ccsbBroad304_00539,FANCG,trt_oe,8.739455
ATLAS_SIG_B_TOP100,ccsbBroad304_00087,FAS,trt_oe,-36.4172
ATLAS_SIG_B_TOP100,ccsbBroad304_08418,FBXL12,trt_oe,83.18746
ATLAS_SIG_B_TOP100,ccsbBroad304_08010,FBXO5,trt_oe,0.0
ATLAS_SIG_B_TOP100,ccsbBroad304_07941,FBXO7,trt_oe,19.68402
ATLAS_SIG_B_TOP100,ccsbBroad304_03574,FBXW7,trt_oe,63.03261
ATLAS_SIG_B_TOP100,ccsbBroad304_06198,FCGR2A,trt_oe,10.161628
ATLAS_SIG_B_TOP100,ccsbBroad304_06204,FDFT1,trt_oe,33.869812
ATLAS_SIG_B_TOP100,ccsbBroad304_00548,FDPS,trt_oe,8.978376
ATLAS_SIG_B_TOP100,ccsbBroad304_00550,FDXR,trt_oe,0.0
ATLAS_SIG_B_TOP100,ccsbBroad304_00552,FEN1,trt_oe,77.64278
ATLAS_SIG_B_TOP100,ccsbBroad304_00561,FGFR1,trt_oe,4.398148
ATLAS_SIG_B_TOP100,ccsbBroad304_03396,FGFRL1,trt_oe,31.418621
ATLAS_SIG_B_TOP100,ccsbBroad304_00563,FGG,trt_oe,-5.509259
ATLAS_SIG_B_TOP100,ccsbBroad304_00568,FHL2,trt_oe,10.881765
ATLAS_SIG_B_TOP100,ccsbBroad304_02094,FIBP,trt_oe,0.42924577
ATLAS_SIG_B_TOP100,ccsbBroad304_00570,FIGF,trt_oe,-23.32568
ATLAS_SIG_B_TOP100,ccsbBroad304_03177,FIS1,trt_oe,11.253211
ATLAS_SIG_B_TOP100,ccsbBroad304_00572,FKBP3,trt_oe,-16.995514
ATLAS_SIG_B_TOP100,ccsbBroad304_00578,FLI1,trt_oe,89.688126
ATLAS_SIG_B_TOP100,ccsbBroad304_06220,FOS,trt_oe,93.30489
ATLAS_SIG_B_TOP100,ccsbBroad304_01858,FOSL1,trt_oe,-86.20249
ATLAS_SIG_B_TOP100,ccsbBroad304_00762,FOXA3,trt_oe,63.287518
ATLAS_SIG_B_TOP100,ccsbBroad304_03161,FOXP3,trt_oe,60.6111
ATLAS_SIG_B_TOP100,ccsbBroad304_09429,FOXP4,trt_oe,-7.318939
ATLAS_SIG_B_TOP100,ccsbBroad304_05348,FOXR1,trt_oe,-30.52671
ATLAS_SIG_B_TOP100,ccsbBroad304_06226,FTL,trt_oe,-34.460594
ATLAS_SIG_B_TOP100,ccsbBroad304_00125,FXYD2,trt_oe,1.25
ATLAS_SIG_B_TOP100,ccsbBroad304_03614,G2E3,trt_oe,15.070072
ATLAS_SIG_B_TOP100,ccsbBroad304_02330,G3BP1,trt_oe,-3.5453963
ATLAS_SIG_B_TOP100,ccsbBroad304_02268,G3BP2,trt_oe,-12.407516
ATLAS_SIG_B_TOP100,ccsbBroad304_06235,G6PD,trt_oe,5.046296
ATLAS_SIG_B_TOP100,ccsbBroad304_02834,GABARAPL1,trt_oe,-17.226423
ATLAS_SIG_B_TOP100,ccsbBroad304_04817,GABPB2,trt_oe,-2.1254916
ATLAS_SIG_B_TOP100,ccsbBroad304_00430,GADD45A,trt_oe,69.98512
ATLAS_SIG_B_TOP100,ccsbBroad304_00611,GALE,trt_oe,57.4269
ATLAS_SIG_B_TOP100,ccsbBroad304_00612,GALNS,trt_oe,-55.23397
ATLAS_SIG_B_TOP100,ccsbBroad304_00615,GAPDH,trt_oe,1.4550261
ATLAS_SIG_B_TOP100,ccsbBroad304_01948,GAS7,trt_oe,0.0
ATLAS_SIG_B_TOP100,ccsbBroad304_06257,GATA2,trt_oe,81.878456
ATLAS_SIG_B_TOP100,ccsbBroad304_06260,GATA3,trt_oe,0.0
ATLAS_SIG_B_TOP100,ccsbBroad304_03822,GATAD2B,trt_oe,-27.432852
ATLAS_SIG_B_TOP100,ccsbBroad304_00620,GCDH,trt_oe,36.745346
ATLAS_SIG_B_TOP100,ccsbBroad304_00624,GCK,trt_oe,45.487663
ATLAS_SIG_B_TOP100,ccsbBroad304_00644,GCLC,trt_oe,2.7314816
ATLAS_SIG_B_TOP100,ccsbBroad304_00645,GCLM,trt_oe,44.67347
ATLAS_SIG_B_TOP100,ccsbBroad304_00626,GDI1,trt_oe,-1.5277778
ATLAS_SIG_B_TOP100,ccsbBroad304_14291,GDPD5,trt_oe,16.696636
ATLAS_SIG_B_TOP100,ccsbBroad304_07515,GFPT2,trt_oe,0.0
ATLAS_SIG_B_TOP100,ccsbBroad304_07834,GGA2,trt_oe,88.79122
ATLAS_SIG_B_TOP100,ccsbBroad304_00632,GGCX,trt_oe,0.0
ATLAS_SIG_B_TOP100,ccsbBroad304_02168,GGPS1,trt_oe,0.0
ATLAS_SIG_B_TOP100,ccsbBroad304_06274,GJA1,trt_oe,-68.82033
ATLAS_SIG_B_TOP100,ccsbBroad304_06278,GK,trt_oe,-43.129986
ATLAS_SIG_B_TOP100,ccsbBroad304_03182,GLOD4,trt_oe,0.0
ATLAS_SIG_B_TOP100,ccsbBroad304_00648,GLRX,trt_oe,22.206264
ATLAS_SIG_B_TOP100,ccsbBroad304_06286,GLUL,trt_oe,-12.80479
ATLAS_SIG_B_TOP100,ccsbBroad304_06287,GM2A,trt_oe,-31.917828
ATLAS_SIG_B_TOP100,ccsbBroad304_06288,GMDS,trt_oe,50.065105
ATLAS_SIG_B_TOP100,ccsbBroad304_02509,GMEB1,trt_oe,16.304012
ATLAS_SIG_B_TOP100,ccsbBroad304_03186,GMNN,trt_oe,-25.138157
ATLAS_SIG_B_TOP100,ccsbBroad304_03268,GMPR2,trt_oe,-5.6016917
ATLAS_SIG_B_TOP100,ccsbBroad304_02502,GNA13,trt_oe,-12.295506
ATLAS_SIG_B_TOP100,ccsbBroad304_06290,GNA15,trt_oe,-10.605679
ATLAS_SIG_B_TOP100,ccsbBroad304_06291,GNAI1,trt_oe,-90.03339
ATLAS_SIG_B_TOP100,ccsbBroad304_06292,GNAI2,trt_oe,-2.6388888
ATLAS_SIG_B_TOP100,ccsbBroad304_00652,GNAS,trt_oe,0.0
ATLAS_SIG_B_TOP100,ccsbBroad304_06294,GNAZ,trt_oe,-3.6111112
ATLAS_SIG_B_TOP100,ccsbBroad304_03439,GNB1L,trt_oe,-0.5555556
ATLAS_SIG_B_TOP100,ccsbBroad304_00655,GNB2,trt_oe,-34.046055
ATLAS_SIG_B_TOP100,ccsbBroad304_00657,GNG4,trt_oe,52.518547
ATLAS_SIG_B_TOP100,ccsbBroad304_00661,GNGT2,trt_oe,-26.47995
ATLAS_SIG_B_TOP100,ccsbBroad304_02287,GNPDA1,trt_oe,12.337104
ATLAS_SIG_B_TOP100,ccsbBroad304_00665,GOT1,trt_oe,-26.98175
ATLAS_SIG_B_TOP100,ccsbBroad304_06318,GPER,trt_oe,-34.22914
ATLAS_SIG_B_TOP100,ccsbBroad304_05253,GPR114,trt_oe,-1.6349881
ATLAS_SIG_B_TOP100,ccsbBroad304_04933,GPR119,trt_oe,36.73569
ATLAS_SIG_B_TOP100,ccsbBroad304_09233,GPR128,trt_oe,-79.15553
ATLAS_SIG_B_TOP100,ccsbBroad304_04678,GPR146,trt_oe,69.47671
ATLAS_SIG_B_TOP100,ccsbBroad304_09761,GPR156,trt_oe,0.0
ATLAS_SIG_B_TOP100,ccsbBroad304_02766,GPR161,trt_oe,28.468819
ATLAS_SIG_B_TOP100,ccsbBroad304_04082,SLC52A2,trt_oe,-14.418395
ATLAS_SIG_B_TOP100,ccsbBroad304_06319,GPR35,trt_oe,55.62332
ATLAS_SIG_B_TOP100,ccsbBroad304_02128,GPR55,trt_oe,-77.24231
ATLAS_SIG_B_TOP100,ccsbBroad304_07244,GPR65,trt_oe,-0.6944444
ATLAS_SIG_B_TOP100,ccsbBroad304_03368,GPRC5B,trt_oe,83.43039
ATLAS_SIG_B_TOP100,ccsbBroad304_06324,GPX7,trt_oe,-16.62332
ATLAS_SIG_B_TOP100,ccsbBroad304_00688,GRB2,trt_oe,1.1111112
ATLAS_SIG_B_TOP100,ccsbBroad304_00682,GRK6,trt_oe,74.63605
ATLAS_SIG_B_TOP100,ccsbBroad304_06332,GSTM2,trt_oe,25.45437
ATLAS_SIG_B_TOP100,ccsbBroad304_00704,GSTZ1,trt_oe,-37.889256
ATLAS_SIG_B_TOP100,ccsbBroad304_00705,GTF2A1,trt_oe,5.462963
ATLAS_SIG_B_TOP100,ccsbBroad304_00706,GTF2B,trt_oe,-4.7685184
ATLAS_SIG_B_TOP100,ccsbBroad304_00725,HADHA,trt_oe,-90.2121
ATLAS_SIG_B_TOP100,ccsbBroad304_06349,HAGH,trt_oe,-4.9074073
ATLAS_SIG_B_TOP100,ccsbBroad304_11277,HAT1,trt_oe,38.41697
ATLAS_SIG_B_TOP100,ccsbBroad304_02974,HAVCR1,trt_oe,71.70358
ATLAS_SIG_B_TOP100,ccsbBroad304_02443,HAX1,trt_oe,-54.918262
ATLAS_SIG_B_TOP100,ccsbBroad304_00728,HBE1,trt_oe,5.9259257
ATLAS_SIG_B_TOP100,ccsbBroad304_00734,HDAC1,trt_oe,39.260155
ATLAS_SIG_B_TOP100,ccsbBroad304_04146,HDAC11,trt_oe,-10.046296
ATLAS_SIG_B_TOP100,ccsbBroad304_07311,HDAC3,trt_oe,-22.283936
ATLAS_SIG_B_TOP100,ccsbBroad304_02230,HERPUD1,trt_oe,90.00953
ATLAS_SIG_B_TOP100,ccsbBroad304_06348,HIST1H2BD,trt_oe,3.287984
ATLAS_SIG_B_TOP100,ccsbBroad304_04472,HIST1H2BK,trt_oe,-83.6811
ATLAS_SIG_B_TOP100,ccsbBroad304_01903,HIST2H2BE,trt_oe,42.22256
ATLAS_SIG_B_TOP100,ccsbBroad304_06367,HK1,trt_oe,-47.86319
ATLAS_SIG_B_TOP100,ccsbBroad304_13869,HLA-A,trt_oe,-7.0708466
ATLAS_SIG_B_TOP100,ccsbBroad304_06374,HLA-DRA,trt_oe,-25.279114
ATLAS_SIG_B_TOP100,ccsbBroad304_10882,HLA-DRB1,trt_oe,-59.873917
ATLAS_SIG_B_TOP100,ccsbBroad304_00747,HLF,trt_oe,0.0
ATLAS_SIG_B_TOP100,ccsbBroad304_00757,HMGA1,trt_oe,3.3796296
ATLAS_SIG_B_TOP100,ccsbBroad304_06381,HMGB1,trt_oe,66.940956
ATLAS_SIG_B_TOP100,ccsbBroad304_00751,HMGB2,trt_oe,13.001162
ATLAS_SIG_B_TOP100,ccsbBroad304_09508,HMGB4,trt_oe,-3.1809044
ATLAS_SIG_B_TOP100,ccsbBroad304_00755,HMGCR,trt_oe,91.34939
ATLAS_SIG_B_TOP100,ccsbBroad304_02139,HMGN3,trt_oe,3.5648148
ATLAS_SIG_B_TOP100,ccsbBroad304_07617,HMGN4,trt_oe,0.0
ATLAS_SIG_B_TOP100,ccsbBroad304_06384,HMOX1,trt_oe,68.59248
ATLAS_SIG_B_TOP100,ccsbBroad304_00759,HMOX2,trt_oe,6.6369076
ATLAS_SIG_B_TOP100,ccsbBroad304_06386,HNMT,trt_oe,12.083333
ATLAS_SIG_B_TOP100,ccsbBroad304_08137,HOOK2,trt_oe,20.286615
ATLAS_SIG_B_TOP100,ccsbBroad304_09198,HOPX,trt_oe,-15.624231
ATLAS_SIG_B_TOP100,ccsbBroad304_05038,HORMAD2,trt_oe,0.0
ATLAS_SIG_B_TOP100,ccsbBroad304_00769,HOXA1,trt_oe,32.76344
ATLAS_SIG_B_TOP100,ccsbBroad304_00771,HOXA5,trt_oe,-7.6846423
ATLAS_SIG_B_TOP100,ccsbBroad304_00773,HOXA9,trt_oe,0.0
ATLAS_SIG_B_TOP100,ccsbBroad304_02451,HOXB13,trt_oe,93.80945
ATLAS_SIG_B_TOP100,ccsbBroad304_00775,HOXB5,trt_oe,-88.26973
ATLAS_SIG_B_TOP100,ccsbBroad304_06398,HPN,trt_oe,0.0
ATLAS_SIG_B_TOP100,ccsbBroad304_00789,HSBP1,trt_oe,72.20509
ATLAS_SIG_B_TOP100,ccsbBroad304_08239,HSD17B11,trt_oe,-2.5562437
ATLAS_SIG_B_TOP100,ccsbBroad304_00792,HSD17B2,trt_oe,6.1574073
ATLAS_SIG_B_TOP100,ccsbBroad304_00793,HSD17B4,trt_oe,3.8425925
ATLAS_SIG_B_TOP100,ccsbBroad304_01844,HSD17B8,trt_oe,-2.3611112
ATLAS_SIG_B_TOP100,ccsbBroad304_00797,HSPA2,trt_oe,-4.0740743
ATLAS_SIG_B_TOP100,ccsbBroad304_06410,HSPA8,trt_oe,87.240166
ATLAS_SIG_B_TOP100,ccsbBroad304_00800,HSPD1,trt_oe,-12.748579
ATLAS_SIG_B_TOP100,ccsbBroad304_07633,HTATIP2,trt_oe,-18.835678
ATLAS_SIG_B_TOP100,ccsbBroad304_07287,HYAL2,trt_oe,-28.99446
ATLAS_SIG_B_TOP100,ccsbBroad304_06422,ID3,trt_oe,25.889174
ATLAS_SIG_B_TOP100,ccsbBroad304_00816,IDE,trt_oe,78.214035
ATLAS_SIG_B_TOP100,ccsbBroad304_00817,IDH2,trt_oe,0.0
ATLAS_SIG_B_TOP100,ccsbBroad304_00819,IDH3B,trt_oe,-2.824074
ATLAS_SIG_B_TOP100,ccsbBroad304_08839,IFIH1,trt_oe,16.537308
ATLAS_SIG_B_TOP100,ccsbBroad304_07935,IFIT5,trt_oe,-1.7585413
ATLAS_SIG_B_TOP100,ccsbBroad304_00832,IFNB1,trt_oe,77.57568
ATLAS_SIG_B_TOP100,ccsbBroad304_00834,IFNGR1,trt_oe,43.76427
ATLAS_SIG_B_TOP100,ccsbBroad304_10901,IGF1R,trt_oe,0.0
ATLAS_SIG_B_TOP100,ccsbBroad304_00836,IGF2,trt_oe,-4.1961226
ATLAS_SIG_B_TOP100,ccsbBroad304_07663,IGF2BP3,trt_oe,-2.8703704
ATLAS_SIG_B_TOP100,ccsbBroad304_00838,IGFBP5,trt_oe,41.732033
ATLAS_SIG_B_TOP100,ccsbBroad304_09354,IGSF8,trt_oe,54.725857
ATLAS_SIG_B_TOP100,ccsbBroad304_04752,IKBIP,trt_oe,78.89006
ATLAS_SIG_B_TOP100,ccsbBroad304_01945,IKBKG,trt_oe,8.398405
ATLAS_SIG_B_TOP100,ccsbBroad304_00862,IL13RA2,trt_oe,13.703821
ATLAS_SIG_B_TOP100,ccsbBroad304_00843,IL1B,trt_oe,-13.795057
ATLAS_SIG_B_TOP100,ccsbBroad304_00844,IL1R1,trt_oe,33.09267
ATLAS_SIG_B_TOP100,ccsbBroad304_01833,IL1R2,trt_oe,-4.212963
ATLAS_SIG_B_TOP100,ccsbBroad304_06438,IL2RB,trt_oe,1.9907408
ATLAS_SIG_B_TOP100,ccsbBroad304_00853,IL7R,trt_oe,-4.905377
ATLAS_SIG_B_TOP100,ccsbBroad304_00854,IL8,trt_oe,1.3888888
ATLAS_SIG_B_TOP100,ccsbBroad304_06450,ILK,trt_oe,0.0
ATLAS_SIG_B_TOP100,ccsbBroad304_00867,IMPDH2,trt_oe,-67.01362
ATLAS_SIG_B_TOP100,ccsbBroad304_12059,ING3,trt_oe,-65.52188
ATLAS_SIG_B_TOP100,ccsbBroad304_04292,INHBE,trt_oe,0.0
ATLAS_SIG_B_TOP100,ccsbBroad304_00873,INPP1,trt_oe,-88.45877
ATLAS_SIG_B_TOP100,ccsbBroad304_00874,INS,trt_oe,19.408403
ATLAS_SIG_B_TOP100,ccsbBroad304_03785,INTS12,trt_oe,60.689785
ATLAS_SIG_B_TOP100,ccsbBroad304_07491,IP6K1,trt_oe,-2.3611112
ATLAS_SIG_B_TOP100,ccsbBroad304_00880,IRF2,trt_oe,0.0
ATLAS_SIG_B_TOP100,ccsbBroad304_06458,IRF3,trt_oe,-26.477795
ATLAS_SIG_B_TOP100,ccsbBroad304_02414,IRF9,trt_oe,-49.49694
ATLAS_SIG_B_TOP100,ccsbBroad304_09316,ISX,trt_oe,45.169132
ATLAS_SIG_B_TOP100,ccsbBroad304_06462,ITGAE,trt_oe,-3.4527168
ATLAS_SIG_B_TOP100,ccsbBroad304_00888,ITPK1,trt_oe,1.6203704
ATLAS_SIG_B_TOP100,ccsbBroad304_02737,JMJD6,trt_oe,-48.534412
ATLAS_SIG_B_TOP100,ccsbBroad304_00889,JUNB,trt_oe,73.60099
ATLAS_SIG_B_TOP100,ccsbBroad304_06469,KARS,trt_oe,29.02892
ATLAS_SIG_B_TOP100,ccsbBroad304_00902,KCNN4,trt_oe,-4.398148
ATLAS_SIG_B_TOP100,ccsbBroad304_07724,KDELR2,trt_oe,10.046296
ATLAS_SIG_B_TOP100,ccsbBroad304_02596,KDELR3,trt_oe,0.0
ATLAS_SIG_B_TOP100,ccsbBroad304_02318,KIF20A,trt_oe,12.433296
ATLAS_SIG_B_TOP100,ccsbBroad304_08840,KIF9,trt_oe,-55.656967
ATLAS_SIG_B_TOP100,ccsbBroad304_08267,KLF3,trt_oe,80.23538
ATLAS_SIG_B_TOP100,ccsbBroad304_02804,KLHDC2,trt_oe,19.180239
ATLAS_SIG_B_TOP100,ccsbBroad304_09503,KLHDC9,trt_oe,46.094296
ATLAS_SIG_B_TOP100,ccsbBroad304_06496,KNG1,trt_oe,0.0
ATLAS_SIG_B_TOP100,ccsbBroad304_13499,KSR2,trt_oe,6.5277777
ATLAS_SIG_B_TOP100,ccsbBroad304_02052,KYNU,trt_oe,-18.19421
ATLAS_SIG_B_TOP100,ccsbBroad304_02398,LANCL1,trt_oe,33.863083
ATLAS_SIG_B_TOP100,ccsbBroad304_08203,LAP3,trt_oe,-55.034454
ATLAS_SIG_B_TOP100,ccsbBroad304_06518,LDHA,trt_oe,48.88385
ATLAS_SIG_B_TOP100,ccsbBroad304_00936,LGALS1,trt_oe,-10.377952
ATLAS_SIG_B_TOP100,ccsbBroad304_10438,LGALS8,trt_oe,-25.976046
ATLAS_SIG_B_TOP100,ccsbBroad304_06783,LGMN,trt_oe,17.927332
ATLAS_SIG_B_TOP100,ccsbBroad304_04496,LHX4,trt_oe,49.41649
ATLAS_SIG_B_TOP100,ccsbBroad304_10157,LHX8,trt_oe,4.2677855
ATLAS_SIG_B_TOP100,ccsbBroad304_00941,LIG3,trt_oe,-56.763912
ATLAS_SIG_B_TOP100,ccsbBroad304_08325,LIPT1,trt_oe,-4.537037
ATLAS_SIG_B_TOP100,ccsbBroad304_00477,LPAR1,trt_oe,11.068592
ATLAS_SIG_B_TOP100,ccsbBroad304_02271,LPGAT1,trt_oe,18.513689
ATLAS_SIG_B_TOP100,ccsbBroad304_07411,LPXN,trt_oe,-3.5185184
ATLAS_SIG_B_TOP100,ccsbBroad304_03853,LSM2,trt_oe,2.5462964
ATLAS_SIG_B_TOP100,ccsbBroad304_02633,LSM6,trt_oe,-5.2314816
ATLAS_SIG_B_TOP100,ccsbBroad304_06538,LSP1,trt_oe,0.0
ATLAS_SIG_B_TOP100,ccsbBroad304_00956,LYZ,trt_oe,42.559166
ATLAS_SIG_B_TOP100,ccsbBroad304_00957,M6PR,trt_oe,-9.861111
ATLAS_SIG_B_TOP100,ccsbBroad304_02203,MAD2L1BP,trt_oe,-53.42823
ATLAS_SIG_B_TOP100,ccsbBroad304_02175,MAGED1,trt_oe,10.670022
ATLAS_SIG_B_TOP100,ccsbBroad304_06557,MAOA,trt_oe,-68.60258
ATLAS_SIG_B_TOP100,ccsbBroad304_06558,MAOB,trt_oe,0.0
ATLAS_SIG_B_TOP100,ccsbBroad304_01290,MAP2K5,trt_oe,2.7777777
ATLAS_SIG_B_TOP100,ccsbBroad304_07349,MAP7,trt_oe,-7.881711
ATLAS_SIG_B_TOP100,ccsbBroad304_06911,MAPK12,trt_oe,-5.5555553
ATLAS_SIG_B_TOP100,ccsbBroad304_01289,MAPK13,trt_oe,40.107174
ATLAS_SIG_B_TOP100,ccsbBroad304_01287,MAPK8,trt_oe,0.0
ATLAS_SIG_B_TOP100,ccsbBroad304_01836,MAPKAPK3,trt_oe,0.0
ATLAS_SIG_B_TOP100,ccsbBroad304_06562,MAT1A,trt_oe,61.990784
ATLAS_SIG_B_TOP100,ccsbBroad304_00975,MAT2A,trt_oe,11.3271475
ATLAS_SIG_B_TOP100,ccsbBroad304_08089,MAT2B,trt_oe,-1.5277778
ATLAS_SIG_B_TOP100,ccsbBroad304_00977,MAX,trt_oe,1.25
ATLAS_SIG_B_TOP100,ccsbBroad304_06565,MB,trt_oe,26.267242
ATLAS_SIG_B_TOP100,ccsbBroad304_00985,MCL1,trt_oe,20.004974
ATLAS_SIG_B_TOP100,ccsbBroad304_00986,MCM2,trt_oe,-4.0740743
ATLAS_SIG_B_TOP100,ccsbBroad304_09195,MCM8,trt_oe,0.0
ATLAS_SIG_B_TOP100,ccsbBroad304_03806,MCOLN1,trt_oe,0.0
ATLAS_SIG_B_TOP100,ccsbBroad304_03056,MCTS1,trt_oe,54.942657
ATLAS_SIG_B_TOP100,ccsbBroad304_00991,MDH1,trt_oe,49.394035
ATLAS_SIG_B_TOP100,ccsbBroad304_00995,MECP2,trt_oe,-48.915997
ATLAS_SIG_B_TOP100,ccsbBroad304_04202,MED28,trt_oe,-32.14538
ATLAS_SIG_B_TOP100,ccsbBroad304_08104,MED4,trt_oe,14.589174
ATLAS_SIG_B_TOP100,ccsbBroad304_02285,MED6,trt_oe,11.650041
ATLAS_SIG_B_TOP100,ccsbBroad304_02163,MED7,trt_oe,7.8264627
ATLAS_SIG_B_TOP100,ccsbBroad304_00998,MEIS2,trt_oe,65.70839
ATLAS_SIG_B_TOP100,ccsbBroad304_11503,MERTK,trt_oe,64.80623
ATLAS_SIG_B_TOP100,ccsbBroad304_01001,MEST,trt_oe,1.2037038
ATLAS_SIG_B_TOP100,ccsbBroad304_01002,METTL1,trt_oe,-35.05754
ATLAS_SIG_B_TOP100,ccsbBroad304_03848,METTL14,trt_oe,-24.986652
ATLAS_SIG_B_TOP100,ccsbBroad304_02361,MFSD10,trt_oe,-22.44347
ATLAS_SIG_B_TOP100,ccsbBroad304_02681,MGLL,trt_oe,-43.050514
ATLAS_SIG_B_TOP100,ccsbBroad304_10857,MKNK2,trt_oe,-5.8796296
ATLAS_SIG_B_TOP100,ccsbBroad304_09934,MKX,trt_oe,0.0
ATLAS_SIG_B_TOP100,ccsbBroad304_01854,MLLT10,trt_oe,-12.047219
ATLAS_SIG_B_TOP100,ccsbBroad304_02576,MLLT11,trt_oe,9.652937
ATLAS_SIG_B_TOP100,ccsbBroad304_10971,MLLT6,trt_oe,23.430931
ATLAS_SIG_B_TOP100,ccsbBroad304_03937,MLST8,trt_oe,0.8796296
ATLAS_SIG_B_TOP100,ccsbBroad304_06587,MMP1,trt_oe,0.7407407
ATLAS_SIG_B_TOP100,ccsbBroad304_06592,MMP14,trt_oe,-10.77258
ATLAS_SIG_B_TOP100,ccsbBroad304_06590,MMP7,trt_oe,5.692898
ATLAS_SIG_B_TOP100,ccsbBroad304_01026,MNAT1,trt_oe,14.571215
ATLAS_SIG_B_TOP100,ccsbBroad304_02219,MORF4L2,trt_oe,45.05111
ATLAS_SIG_B_TOP100,ccsbBroad304_14008,MPZL1,trt_oe,-24.302748
ATLAS_SIG_B_TOP100,ccsbBroad304_09446,MRGPRX4,trt_oe,61.791164
ATLAS_SIG_B_TOP100,ccsbBroad304_01034,MSH2,trt_oe,29.589073
ATLAS_SIG_B_TOP100,ccsbBroad304_02702,MSRB2,trt_oe,68.75427
ATLAS_SIG_B_TOP100,ccsbBroad304_06597,MSX2,trt_oe,11.916373
ATLAS_SIG_B_TOP100,ccsbBroad304_02688,MTF2,trt_oe,-0.41666666
ATLAS_SIG_B_TOP100,ccsbBroad304_02955,MYCBP,trt_oe,3.5978389
ATLAS_SIG_B_TOP100,ccsbBroad304_04191,NAA50,trt_oe,-58.83996
ATLAS_SIG_B_TOP100,ccsbBroad304_01061,NAB2,trt_oe,-14.713724
ATLAS_SIG_B_TOP100,ccsbBroad304_12226,NAGK,trt_oe,-19.712725
ATLAS_SIG_B_TOP100,ccsbBroad304_06617,NASP,trt_oe,0.42530933
ATLAS_SIG_B_TOP100,ccsbBroad304_02419,NDRG1,trt_oe,2.0833333
ATLAS_SIG_B_TOP100,ccsbBroad304_01064,NDUFA1,trt_oe,32.738304
ATLAS_SIG_B_TOP100,ccsbBroad304_13911,NDUFA9,trt_oe,-31.229586
ATLAS_SIG_B_TOP100,ccsbBroad304_13912,NDUFB1,trt_oe,-2.3611112
ATLAS_SIG_B_TOP100,ccsbBroad304_01070,NDUFB3,trt_oe,39.751328
ATLAS_SIG_B_TOP100,ccsbBroad304_01071,NDUFB5,trt_oe,34.172386
ATLAS_SIG_B_TOP100,ccsbBroad304_01072,NDUFB6,trt_oe,2.3611112
ATLAS_SIG_B_TOP100,ccsbBroad304_06624,NDUFC2,trt_oe,0.0
ATLAS_SIG_B_TOP100,ccsbBroad304_06625,NDUFS4,trt_oe,59.428608
ATLAS_SIG_B_TOP100,ccsbBroad304_01077,NDUFS6,trt_oe,33.910088
ATLAS_SIG_B_TOP100,ccsbBroad304_10064,NDUFS7,trt_oe,0.0
ATLAS_SIG_B_TOP100,ccsbBroad304_01075,NDUFV1,trt_oe,0.0
ATLAS_SIG_B_TOP100,ccsbBroad304_01078,NDUFV2,trt_oe,-45.464474
ATLAS_SIG_B_TOP100,ccsbBroad304_07680,NEK6,trt_oe,13.181765
ATLAS_SIG_B_TOP100,ccsbBroad304_07582,NET1,trt_oe,0.0
ATLAS_SIG_B_TOP100,ccsbBroad304_01084,NEU1,trt_oe,-0.95607877
ATLAS_SIG_B_TOP100,ccsbBroad304_01088,NFATC3,trt_oe,-41.84899
ATLAS_SIG_B_TOP100,ccsbBroad304_01093,NFKBIA,trt_oe,2.5081792
ATLAS_SIG_B_TOP100,ccsbBroad304_01094,NFKBIB,trt_oe,61.63611
ATLAS_SIG_B_TOP100,ccsbBroad304_06639,NFYB,trt_oe,-16.50093
ATLAS_SIG_B_TOP100,ccsbBroad304_07362,NMI,trt_oe,-4.3055553
ATLAS_SIG_B_TOP100,ccsbBroad304_08663,NMUR2,trt_oe,-11.524738
ATLAS_SIG_B_TOP100,ccsbBroad304_03191,NOSIP,trt_oe,-4.7093534
ATLAS_SIG_B_TOP100,ccsbBroad304_06651,NOV,trt_oe,0.9740494
ATLAS_SIG_B_TOP100,ccsbBroad304_02533,NOXA1,trt_oe,-6.1996837
ATLAS_SIG_B_TOP100,ccsbBroad304_07662,NPRL2,trt_oe,0.8333333
ATLAS_SIG_B_TOP100,ccsbBroad304_06645,NQO2,trt_oe,-90.50926
ATLAS_SIG_B_TOP100,ccsbBroad304_00041,NR0B1,trt_oe,-69.37834
ATLAS_SIG_B_TOP100,ccsbBroad304_02299,NR1H3,trt_oe,40.21505
ATLAS_SIG_B_TOP100,ccsbBroad304_01709,NR2C1,trt_oe,-1.9907408
ATLAS_SIG_B_TOP100,ccsbBroad304_00593,NR5A2,trt_oe,-16.756042
ATLAS_SIG_B_TOP100,ccsbBroad304_03121,NRBF2,trt_oe,-18.956173
ATLAS_SIG_B_TOP100,ccsbBroad304_03118,NRBP1,trt_oe,-9.009518
ATLAS_SIG_B_TOP100,ccsbBroad304_13598,NRBP2,trt_oe,7.847251
ATLAS_SIG_B_TOP100,ccsbBroad304_07600,NSA2,trt_oe,3.7037036
ATLAS_SIG_B_TOP100,ccsbBroad304_03687,NSFL1C,trt_oe,81.454735
ATLAS_SIG_B_TOP100,ccsbBroad304_04775,NTAN1,trt_oe,-62.088997
ATLAS_SIG_B_TOP100,ccsbBroad304_06660,NTRK3,trt_oe,-80.34755
ATLAS_SIG_B_TOP100,ccsbBroad304_07763,NUDT6,trt_oe,-89.51827
ATLAS_SIG_B_TOP100,ccsbBroad304_03387,NUDT9,trt_oe,29.062466
ATLAS_SIG_B_TOP100,ccsbBroad304_14143,NUSAP1,trt_oe,-53.5017
ATLAS_SIG_B_TOP100,ccsbBroad304_06665,OAT,trt_oe,-46.482544
ATLAS_SIG_B_TOP100,ccsbBroad304_06670,OGG1,trt_oe,-70.560715
ATLAS_SIG_B_TOP100,ccsbBroad304_02806,OPN3,trt_oe,20.786242
ATLAS_SIG_B_TOP100,ccsbBroad304_04616,ORMDL3,trt_oe,-2.5925925
ATLAS_SIG_B_TOP100,ccsbBroad304_04691,OSR2,trt_oe,1.712963
ATLAS_SIG_B_TOP100,ccsbBroad304_06678,OTX1,trt_oe,0.0
ATLAS_SIG_B_TOP100,ccsbBroad304_01128,OTX2,trt_oe,86.42465
ATLAS_SIG_B_TOP100,ccsbBroad304_03864,OVOL2,trt_oe,96.25
ATLAS_SIG_B_TOP100,ccsbBroad304_01131,OXCT1,trt_oe,4.7393684
ATLAS_SIG_B_TOP100,ccsbBroad304_03006,OXGR1,trt_oe,29.53363
ATLAS_SIG_B_TOP100,ccsbBroad304_01137,P2RY6,trt_oe,-2.7314816
ATLAS_SIG_B_TOP100,ccsbBroad304_02057,P4HA2,trt_oe,0.0
ATLAS_SIG_B_TOP100,ccsbBroad304_01138,P4HB,trt_oe,25.072609
ATLAS_SIG_B_TOP100,ccsbBroad304_01139,PA2G4,trt_oe,-60.517513
ATLAS_SIG_B_TOP100,ccsbBroad304_03444,PAF1,trt_oe,-5.707547
ATLAS_SIG_B_TOP100,ccsbBroad304_06685,PAH,trt_oe,0.0
ATLAS_SIG_B_TOP100,ccsbBroad304_02392,PAK4,trt_oe,3.3796296
ATLAS_SIG_B_TOP100,ccsbBroad304_04170,PANK2,trt_oe,-35.468914
ATLAS_SIG_B_TOP100,ccsbBroad304_09756,PAQR7,trt_oe,-22.98072
ATLAS_SIG_B_TOP100,ccsbBroad304_08536,PARL,trt_oe,10.297377
ATLAS_SIG_B_TOP100,ccsbBroad304_09578,PASD1,trt_oe,47.107803
ATLAS_SIG_B_TOP100,ccsbBroad304_01147,PC,trt_oe,32.823624
ATLAS_SIG_B_TOP100,ccsbBroad304_01148,PCBD1,trt_oe,0.0
ATLAS_SIG_B_TOP100,ccsbBroad304_02677,PDAP1,trt_oe,32.251537
ATLAS_SIG_B_TOP100,ccsbBroad304_06704,PDE4D,trt_oe,-6.1000967
ATLAS_SIG_B_TOP100,ccsbBroad304_01164,PDHB,trt_oe,0.0
ATLAS_SIG_B_TOP100,ccsbBroad304_07197,PDHX,trt_oe,74.69543
ATLAS_SIG_B_TOP100,ccsbBroad304_01166,PDK2,trt_oe,5.9891086
ATLAS_SIG_B_TOP100,ccsbBroad304_01168,PDPK1,trt_oe,19.089123
ATLAS_SIG_B_TOP100,ccsbBroad304_13998,PDXK,trt_oe,-28.248974
ATLAS_SIG_B_TOP100,ccsbBroad304_10441,PEPD,trt_oe,-0.32407406
ATLAS_SIG_B_TOP100,ccsbBroad304_02017,PEX11A,trt_oe,0.0
ATLAS_SIG_B_TOP100,ccsbBroad304_01174,PEX13,trt_oe,43.431786
ATLAS_SIG_B_TOP100,ccsbBroad304_01180,PFKFB3,trt_oe,-6.9444447
ATLAS_SIG_B_TOP100,ccsbBroad304_06718,PFN2,trt_oe,-60.1631
ATLAS_SIG_B_TOP100,ccsbBroad304_01186,PHB,trt_oe,0.0
ATLAS_SIG_B_TOP100,ccsbBroad304_02676,PHB2,trt_oe,41.731426
ATLAS_SIG_B_TOP100,ccsbBroad304_08228,PHF11,trt_oe,0.0
ATLAS_SIG_B_TOP100,ccsbBroad304_09657,PHF13,trt_oe,-26.111233
ATLAS_SIG_B_TOP100,ccsbBroad304_04153,PHF17,trt_oe,-62.383232
ATLAS_SIG_B_TOP100,ccsbBroad304_04054,PHF23,trt_oe,-43.469566
ATLAS_SIG_B_TOP100,ccsbBroad304_04431,PHF5A,trt_oe,2.0295477
ATLAS_SIG_B_TOP100,ccsbBroad304_01190,PHKG2,trt_oe,3.1944444
ATLAS_SIG_B_TOP100,ccsbBroad304_03798,PHTF2,trt_oe,9.888632
ATLAS_SIG_B_TOP100,ccsbBroad304_06720,PHYH,trt_oe,-7.1759257
ATLAS_SIG_B_TOP100,ccsbBroad304_13633,PI4KAP2,trt_oe,-2.0370371
ATLAS_SIG_B_TOP100,ccsbBroad304_08452,PIH1D1,trt_oe,73.667625
ATLAS_SIG_B_TOP100,ccsbBroad304_01202,PIK3CB,trt_oe,-72.09214
ATLAS_SIG_B_TOP100,ccsbBroad304_01205,PIN1,trt_oe,-52.17633
ATLAS_SIG_B_TOP100,ccsbBroad304_08266,PIPOX,trt_oe,-5.7238774
ATLAS_SIG_B_TOP100,ccsbBroad304_02840,PISD,trt_oe,47.01741
ATLAS_SIG_B_TOP100,ccsbBroad304_01208,PITPNA,trt_oe,-93.08337
ATLAS_SIG_B_TOP100,ccsbBroad304_03936,PJA1,trt_oe,0.0
ATLAS_SIG_B_TOP100,ccsbBroad304_07500,PJA2,trt_oe,1.6203704
ATLAS_SIG_B_TOP100,ccsbBroad304_02626,PKIG,trt_oe,0.0
ATLAS_SIG_B_TOP100,ccsbBroad304_06735,PLAU,trt_oe,-15.076325
ATLAS_SIG_B_TOP100,ccsbBroad304_01215,PLAUR,trt_oe,1.5277778
ATLAS_SIG_B_TOP100,ccsbBroad304_06736,PLCG2,trt_oe,54.92066
ATLAS_SIG_B_TOP100,ccsbBroad304_07676,PLK2,trt_oe,-11.765152
ATLAS_SIG_B_TOP100,ccsbBroad304_02058,PLOD3,trt_oe,-76.2424
ATLAS_SIG_B_TOP100,ccsbBroad304_07783,PMF1-BGLAP,trt_oe,2.5
ATLAS_SIG_B_TOP100,ccsbBroad304_06742,PML,trt_oe,-27.738892
ATLAS_SIG_B_TOP100,ccsbBroad304_02668,PNKP,trt_oe,0.0
ATLAS_SIG_B_TOP100,ccsbBroad304_01105,PNP,trt_oe,-0.5092593
ATLAS_SIG_B_TOP100,ccsbBroad304_02783,POFUT1,trt_oe,-0.8333333
ATLAS_SIG_B_TOP100,ccsbBroad304_02187,POLR1C,trt_oe,36.737762
ATLAS_SIG_B_TOP100,ccsbBroad304_01238,POLR2D,trt_oe,75.231
ATLAS_SIG_B_TOP100,ccsbBroad304_07655,POLR3C,trt_oe,-1.9907408
ATLAS_SIG_B_TOP100,ccsbBroad304_05901,POLR3D,trt_oe,-3.7037036
ATLAS_SIG_B_TOP100,ccsbBroad304_02526,POP4,trt_oe,21.525833
ATLAS_SIG_B_TOP100,ccsbBroad304_01967,PPAP2A,trt_oe,-2.5925925
ATLAS_SIG_B_TOP100,ccsbBroad304_07272,PPAP2B,trt_oe,57.236206
ATLAS_SIG_B_TOP100,ccsbBroad304_07245,PPFIBP2,trt_oe,-54.15436
ATLAS_SIG_B_TOP100,ccsbBroad304_01252,PPIA,trt_oe,2.095378
ATLAS_SIG_B_TOP100,ccsbBroad304_01255,PPM1B,trt_oe,0.0
ATLAS_SIG_B_TOP100,ccsbBroad304_01257,PPOX,trt_oe,-42.39951
ATLAS_SIG_B_TOP100,ccsbBroad304_01259,PPP1CC,trt_oe,0.32407406
ATLAS_SIG_B_TOP100,ccsbBroad304_14081,PPP1R13B,trt_oe,6.5740743
ATLAS_SIG_B_TOP100,ccsbBroad304_01262,PPP2CB,trt_oe,4.5833335
ATLAS_SIG_B_TOP100,ccsbBroad304_08453,PPP2R3C,trt_oe,-12.083333
ATLAS_SIG_B_TOP100,ccsbBroad304_01266,PPP3CA,trt_oe,-46.602325
ATLAS_SIG_B_TOP100,ccsbBroad304_06761,PPP3CC,trt_oe,-10.355827
ATLAS_SIG_B_TOP100,ccsbBroad304_01267,PPP4C,trt_oe,-49.738304
ATLAS_SIG_B_TOP100,ccsbBroad304_02788,PRAME,trt_oe,36.287804
ATLAS_SIG_B_TOP100,ccsbBroad304_02621,PRDM7,trt_oe,32.18752
ATLAS_SIG_B_TOP100,ccsbBroad304_02864,PRDX5,trt_oe,53.881683
ATLAS_SIG_B_TOP100,ccsbBroad304_02319,PREB,trt_oe,11.532339
ATLAS_SIG_B_TOP100,ccsbBroad304_06770,PRKAA1,trt_oe,20.546562
ATLAS_SIG_B_TOP100,ccsbBroad304_01278,PRKACB,trt_oe,0.0
ATLAS_SIG_B_TOP100,ccsbBroad304_01279,PRKAG1,trt_oe,-62.21009
ATLAS_SIG_B_TOP100,ccsbBroad304_11054,PRKAR2A,trt_oe,0.0
ATLAS_SIG_B_TOP100,ccsbBroad304_01283,PRKCE,trt_oe,-0.8333333
ATLAS_SIG_B_TOP100,ccsbBroad304_11055,PRKCH,trt_oe,-4.868049
ATLAS_SIG_B_TOP100,ccsbBroad304_01284,PRKCZ,trt_oe,0.0
ATLAS_SIG_B_TOP100,ccsbBroad304_06777,PRNP,trt_oe,-82.66428
ATLAS_SIG_B_TOP100,ccsbBroad304_06778,PROC,trt_oe,-31.456923
ATLAS_SIG_B_TOP100,ccsbBroad304_02619,PRSS23,trt_oe,23.496286
ATLAS_SIG_B_TOP100,ccsbBroad304_08152,PSAT1,trt_oe,1.8981482
ATLAS_SIG_B_TOP100,ccsbBroad304_01304,PSEN1,trt_oe,-5.972042
ATLAS_SIG_B_TOP100,ccsbBroad304_06789,PSEN2,trt_oe,-2.266495
ATLAS_SIG_B_TOP100,ccsbBroad304_01309,PSMB1,trt_oe,5.8405585
ATLAS_SIG_B_TOP100,ccsbBroad304_01310,PSMB2,trt_oe,0.0
ATLAS_SIG_B_TOP100,ccsbBroad304_06800,PSMB7,trt_oe,2.6758757
ATLAS_SIG_B_TOP100,ccsbBroad304_01313,PSMB9,trt_oe,0.0
ATLAS_SIG_B_TOP100,ccsbBroad304_01324,PSMD10,trt_oe,-0.23148148
ATLAS_SIG_B_TOP100,ccsbBroad304_01318,PSMD2,trt_oe,-3.2407408
ATLAS_SIG_B_TOP100,ccsbBroad304_06806,PSMD3,trt_oe,0.0
ATLAS_SIG_B_TOP100,ccsbBroad304_01321,PSMD5,trt_oe,-2.9166667
ATLAS_SIG_B_TOP100,ccsbBroad304_01336,PTGS2,trt_oe,40.155525
ATLAS_SIG_B_TOP100,ccsbBroad304_07374,PTPLA,trt_oe,16.09303
ATLAS_SIG_B_TOP100,ccsbBroad304_13936,PTPRF,trt_oe,0.0
ATLAS_SIG_B_TOP100,ccsbBroad304_02691,PUF60,trt_oe,20.90342
ATLAS_SIG_B_TOP100,ccsbBroad304_06824,PVR,trt_oe,0.0
ATLAS_SIG_B_TOP100,ccsbBroad304_01350,PVRL2,trt_oe,-70.70735
ATLAS_SIG_B_TOP100,ccsbBroad304_07759,PWP1,trt_oe,-4.6759257
ATLAS_SIG_B_TOP100,ccsbBroad304_06828,PYCR1,trt_oe,45.3167
ATLAS_SIG_B_TOP100,ccsbBroad304_01355,PYGL,trt_oe,0.0
ATLAS_SIG_B_TOP100,ccsbBroad304_07889,QPRT,trt_oe,61.692493
ATLAS_SIG_B_TOP100,ccsbBroad304_03570,QRSL1,trt_oe,24.798368
ATLAS_SIG_B_TOP100,ccsbBroad304_06830,RAB5A,trt_oe,-27.4174
ATLAS_SIG_B_TOP100,ccsbBroad304_01363,RABGGTA,trt_oe,0.0
ATLAS_SIG_B_TOP100,ccsbBroad304_06831,RAC1,trt_oe,3.8425925
ATLAS_SIG_B_TOP100,ccsbBroad304_01347,RAD1,trt_oe,9.475919
ATLAS_SIG_B_TOP100,ccsbBroad304_02376,RAMP1,trt_oe,-2.8703704
ATLAS_SIG_B_TOP100,ccsbBroad304_01373,RAN,trt_oe,-0.9722222
ATLAS_SIG_B_TOP100,ccsbBroad304_01374,RAP1A,trt_oe,-7.204507
ATLAS_SIG_B_TOP100,ccsbBroad304_06845,RARRES3,trt_oe,-9.003258
ATLAS_SIG_B_TOP100,ccsbBroad304_01378,RASA1,trt_oe,3.3333333
ATLAS_SIG_B_TOP100,ccsbBroad304_03357,RASD1,trt_oe,-55.989365
ATLAS_SIG_B_TOP100,ccsbBroad304_02239,RASSF2,trt_oe,-2.6388888
ATLAS_SIG_B_TOP100,ccsbBroad304_06847,RBBP4,trt_oe,-36.853687
ATLAS_SIG_B_TOP100,ccsbBroad304_01379,RBBP6,trt_oe,-10.292198
ATLAS_SIG_B_TOP100,ccsbBroad304_12492,RBM15,trt_oe,-42.961
ATLAS_SIG_B_TOP100,ccsbBroad304_07565,RBM6,trt_oe,-1.0185186
ATLAS_SIG_B_TOP100,ccsbBroad304_03028,RBMX,trt_oe,0.0
ATLAS_SIG_B_TOP100,ccsbBroad304_02279,RBX1,trt_oe,25.073112
ATLAS_SIG_B_TOP100,ccsbBroad304_07961,RCHY1,trt_oe,48.57125
ATLAS_SIG_B_TOP100,ccsbBroad304_08221,RDH11,trt_oe,-0.8796296
ATLAS_SIG_B_TOP100,ccsbBroad304_08511,RFK,trt_oe,1.0648148
ATLAS_SIG_B_TOP100,ccsbBroad304_09881,RFX6,trt_oe,-1.3888888
ATLAS_SIG_B_TOP100,ccsbBroad304_06862,RGS3,trt_oe,16.29764
ATLAS_SIG_B_TOP100,ccsbBroad304_01396,RGS4,trt_oe,75.03818
ATLAS_SIG_B_TOP100,ccsbBroad304_01398,RHEB,trt_oe,-19.676825
ATLAS_SIG_B_TOP100,ccsbBroad304_00100,RHOA,trt_oe,36.193817
ATLAS_SIG_B_TOP100,ccsbBroad304_02266,RHOBTB1,trt_oe,0.0
ATLAS_SIG_B_TOP100,ccsbBroad304_00101,RHOC,trt_oe,-2.2222223
ATLAS_SIG_B_TOP100,ccsbBroad304_02979,RNF11,trt_oe,31.277351
ATLAS_SIG_B_TOP100,ccsbBroad304_02209,RNF14,trt_oe,-74.00658
ATLAS_SIG_B_TOP100,ccsbBroad304_04256,RNF146,trt_oe,0.0
ATLAS_SIG_B_TOP100,ccsbBroad304_03713,RNF20,trt_oe,-1.2962962
ATLAS_SIG_B_TOP100,ccsbBroad304_03939,RNF25,trt_oe,1.2504935
ATLAS_SIG_B_TOP100,ccsbBroad304_07450,RNF7,trt_oe,-8.420027
ATLAS_SIG_B_TOP100,ccsbBroad304_06870,RNH1,trt_oe,-21.504261
ATLAS_SIG_B_TOP100,ccsbBroad304_09006,RPF1,trt_oe,2.3148148
ATLAS_SIG_B_TOP100,ccsbBroad304_01423,RPL19,trt_oe,2.3148148
ATLAS_SIG_B_TOP100,ccsbBroad304_04718,RPL39L,trt_oe,-9.709435
ATLAS_SIG_B_TOP100,ccsbBroad304_06888,RPN1,trt_oe,37.020584
ATLAS_SIG_B_TOP100,ccsbBroad304_06889,RPN2,trt_oe,7.611149
ATLAS_SIG_B_TOP100,ccsbBroad304_01453,RPS14,trt_oe,-14.235683
ATLAS_SIG_B_TOP100,ccsbBroad304_01454,RPS15A,trt_oe,-0.787037
ATLAS_SIG_B_TOP100,ccsbBroad304_01455,RPS16,trt_oe,0.0
ATLAS_SIG_B_TOP100,ccsbBroad304_01463,RPS27A,trt_oe,-31.436157
ATLAS_SIG_B_TOP100,ccsbBroad304_06896,RPS6KA1,trt_oe,3.1944444
ATLAS_SIG_B_TOP100,ccsbBroad304_02123,RPS6KA5,trt_oe,-8.798099
ATLAS_SIG_B_TOP100,ccsbBroad304_11109,RPS6KB1,trt_oe,-12.604904
ATLAS_SIG_B_TOP100,ccsbBroad304_03928,RRAGC,trt_oe,40.981262
ATLAS_SIG_B_TOP100,ccsbBroad304_01466,RRM2,trt_oe,-44.24818
ATLAS_SIG_B_TOP100,ccsbBroad304_02756,RRP8,trt_oe,-21.120941
ATLAS_SIG_B_TOP100,ccsbBroad304_01966,RUVBL1,trt_oe,9.984148
ATLAS_SIG_B_TOP100,ccsbBroad304_02538,RUVBL2,trt_oe,-71.44709
ATLAS_SIG_B_TOP100,ccsbBroad304_03880,RXFP1,trt_oe,2.3148148
ATLAS_SIG_B_TOP100,ccsbBroad304_01470,RXRG,trt_oe,4.754707
ATLAS_SIG_B_TOP100,ccsbBroad304_07884,RYBP,trt_oe,12.967883
ATLAS_SIG_B_TOP100,ccsbBroad304_01478,S100A11,trt_oe,-18.868778
ATLAS_SIG_B_TOP100,ccsbBroad304_06907,S100A13,trt_oe,0.0
ATLAS_SIG_B_TOP100,ccsbBroad304_01475,S100A6,trt_oe,-2.0370371
ATLAS_SIG_B_TOP100,ccsbBroad304_06908,S100B,trt_oe,3.6467092
ATLAS_SIG_B_TOP100,ccsbBroad304_01480,S100P,trt_oe,19.173454
ATLAS_SIG_B_TOP100,ccsbBroad304_01481,SARS,trt_oe,6.064815
ATLAS_SIG_B_TOP100,ccsbBroad304_01484,SATB1,trt_oe,-1.4351852
ATLAS_SIG_B_TOP100,ccsbBroad304_02751,SATB2,trt_oe,91.26155
ATLAS_SIG_B_TOP100,ccsbBroad304_07490,SCRN1,trt_oe,10.75839
ATLAS_SIG_B_TOP100,ccsbBroad304_06926,SDHA,trt_oe,3.9814816
ATLAS_SIG_B_TOP100,ccsbBroad304_01515,SDHD,trt_oe,0.0
ATLAS_SIG_B_TOP100,ccsbBroad304_03878,SENP2,trt_oe,6.6203704
ATLAS_SIG_B_TOP100,ccsbBroad304_04976,SERPINA12,trt_oe,6.47046
ATLAS_SIG_B_TOP100,ccsbBroad304_06694,SERPINA5,trt_oe,21.127815
ATLAS_SIG_B_TOP100,ccsbBroad304_00232,SERPINA6,trt_oe,-26.818213
ATLAS_SIG_B_TOP100,ccsbBroad304_06687,SERPINB2,trt_oe,0.86276793
ATLAS_SIG_B_TOP100,ccsbBroad304_06354,SERPIND1,trt_oe,4.9074073
ATLAS_SIG_B_TOP100,ccsbBroad304_01519,SET,trt_oe,29.197777
ATLAS_SIG_B_TOP100,ccsbBroad304_01789,SF1,trt_oe,3.6574075
ATLAS_SIG_B_TOP100,ccsbBroad304_01527,SGK1,trt_oe,-9.953704
ATLAS_SIG_B_TOP100,ccsbBroad304_14020,SH3BP5,trt_oe,41.302135
ATLAS_SIG_B_TOP100,ccsbBroad304_01531,SHC1,trt_oe,-2.6388888
ATLAS_SIG_B_TOP100,ccsbBroad304_01532,SIAH1,trt_oe,89.96059
ATLAS_SIG_B_TOP100,ccsbBroad304_09665,SIK1,trt_oe,-3.3796296
ATLAS_SIG_B_TOP100,ccsbBroad304_02705,SIRT2,trt_oe,-59.094734
ATLAS_SIG_B_TOP100,ccsbBroad304_03332,SIRT6,trt_oe,2.2222223
ATLAS_SIG_B_TOP100,ccsbBroad304_06952,SKP1,trt_oe,40.908485
ATLAS_SIG_B_TOP100,ccsbBroad304_06957,SLC1A5,trt_oe,0.0
ATLAS_SIG_B_TOP100,ccsbBroad304_06675,SLC22A18,trt_oe,-48.047527
ATLAS_SIG_B_TOP100,ccsbBroad304_00383,SLC25A10,trt_oe,0.0
ATLAS_SIG_B_TOP100,ccsbBroad304_04117,SLC25A22,trt_oe,-1.25
ATLAS_SIG_B_TOP100,ccsbBroad304_01187,SLC25A3,trt_oe,-86.53908
ATLAS_SIG_B_TOP100,ccsbBroad304_09058,SLC25A32,trt_oe,-24.179775
ATLAS_SIG_B_TOP100,ccsbBroad304_02590,SLC27A3,trt_oe,-3.0555556
ATLAS_SIG_B_TOP100,ccsbBroad304_07764,SLC2A6,trt_oe,15.535345
ATLAS_SIG_B_TOP100,ccsbBroad304_03451,SLC35F2,trt_oe,-35.367897
ATLAS_SIG_B_TOP100,ccsbBroad304_03413,SLC38A2,trt_oe,22.518019
ATLAS_SIG_B_TOP100,ccsbBroad304_01545,SLC3A2,trt_oe,59.305695
ATLAS_SIG_B_TOP100,ccsbBroad304_02826,SLC7A11,trt_oe,-3.5648148
ATLAS_SIG_B_TOP100,ccsbBroad304_00963,SMAD5,trt_oe,0.0
ATLAS_SIG_B_TOP100,ccsbBroad304_03556,SMU1,trt_oe,-21.655674
ATLAS_SIG_B_TOP100,ccsbBroad304_01555,SNAI2,trt_oe,3.7066946
ATLAS_SIG_B_TOP100,ccsbBroad304_01566,SNRPA,trt_oe,0.0
ATLAS_SIG_B_TOP100,ccsbBroad304_02242,SNX17,trt_oe,21.42856
ATLAS_SIG_B_TOP100,ccsbBroad304_08782,SNX6,trt_oe,2.0833333
ATLAS_SIG_B_TOP100,ccsbBroad304_01576,SOAT1,trt_oe,-58.555195
ATLAS_SIG_B_TOP100,ccsbBroad304_02028,SOCS2,trt_oe,0.0
ATLAS_SIG_B_TOP100,ccsbBroad304_04767,SOCS4,trt_oe,22.171272
ATLAS_SIG_B_TOP100,ccsbBroad304_07459,SOCS5,trt_oe,0.0
ATLAS_SIG_B_TOP100,ccsbBroad304_02340,SORBS3,trt_oe,58.46103
ATLAS_SIG_B_TOP100,ccsbBroad304_06985,SORD,trt_oe,0.0
ATLAS_SIG_B_TOP100,ccsbBroad304_01578,SOS2,trt_oe,-9.603138
ATLAS_SIG_B_TOP100,ccsbBroad304_03386,SPA17,trt_oe,-90.22444
ATLAS_SIG_B_TOP100,ccsbBroad304_02195,SPAG7,trt_oe,30.268452
ATLAS_SIG_B_TOP100,ccsbBroad304_02855,SPDEF,trt_oe,1.8981482
ATLAS_SIG_B_TOP100,ccsbBroad304_04754,SPIC,trt_oe,1.5277778
ATLAS_SIG_B_TOP100,ccsbBroad304_01588,SPP1,trt_oe,0.0
ATLAS_SIG_B_TOP100,ccsbBroad304_02373,SPRY2,trt_oe,0.0
ATLAS_SIG_B_TOP100,ccsbBroad304_01589,SQLE,trt_oe,-17.521711
ATLAS_SIG_B_TOP100,ccsbBroad304_08775,SQRDL,trt_oe,-13.478144
ATLAS_SIG_B_TOP100,ccsbBroad304_07320,SQSTM1,trt_oe,1.3888888
ATLAS_SIG_B_TOP100,ccsbBroad304_06992,SRC,trt_oe,-1.8055556
ATLAS_SIG_B_TOP100,ccsbBroad304_06993,SRD5A1,trt_oe,18.401268
ATLAS_SIG_B_TOP100,ccsbBroad304_06995,SREBF1,trt_oe,13.744857
ATLAS_SIG_B_TOP100,ccsbBroad304_02815,SSBP2,trt_oe,16.018518
ATLAS_SIG_B_TOP100,ccsbBroad304_07006,ST14,trt_oe,-59.043335
ATLAS_SIG_B_TOP100,ccsbBroad304_02485,STAMBP,trt_oe,0.0
ATLAS_SIG_B_TOP100,ccsbBroad304_01607,STAT1,trt_oe,-6.9153075
ATLAS_SIG_B_TOP100,ccsbBroad304_01609,STAT3,trt_oe,0.0
ATLAS_SIG_B_TOP100,ccsbBroad304_01610,STAT4,trt_oe,81.94732
ATLAS_SIG_B_TOP100,ccsbBroad304_01962,STK16,trt_oe,0.0
ATLAS_SIG_B_TOP100,ccsbBroad304_12518,STK33,trt_oe,-19.404608
ATLAS_SIG_B_TOP100,ccsbBroad304_08534,STRADB,trt_oe,-67.674446
ATLAS_SIG_B_TOP100,ccsbBroad304_07704,SUB1,trt_oe,-26.907034
ATLAS_SIG_B_TOP100,ccsbBroad304_03736,SUCNR1,trt_oe,24.825703
ATLAS_SIG_B_TOP100,ccsbBroad304_01623,SUPT4H1,trt_oe,-7.140457
ATLAS_SIG_B_TOP100,ccsbBroad304_01624,SUPV3L1,trt_oe,-1.779578
ATLAS_SIG_B_TOP100,ccsbBroad304_04114,SUV39H2,trt_oe,27.19665
ATLAS_SIG_B_TOP100,ccsbBroad304_02890,SYF2,trt_oe,-12.933687
ATLAS_SIG_B_TOP100,ccsbBroad304_02092,SYNGR3,trt_oe,92.251144
ATLAS_SIG_B_TOP100,ccsbBroad304_07029,TADA2A,trt_oe,6.5740743
ATLAS_SIG_B_TOP100,ccsbBroad304_02446,TADA3,trt_oe,-69.60335
ATLAS_SIG_B_TOP100,ccsbBroad304_07337,TAF1B,trt_oe,68.406425
ATLAS_SIG_B_TOP100,ccsbBroad304_08053,TAF5L,trt_oe,-12.185414
ATLAS_SIG_B_TOP100,ccsbBroad304_01642,TAL2,trt_oe,0.046296295
ATLAS_SIG_B_TOP100,ccsbBroad304_01644,TAP1,trt_oe,60.732193
ATLAS_SIG_B_TOP100,ccsbBroad304_11668,TBC1D9B,trt_oe,-15.462963
ATLAS_SIG_B_TOP100,ccsbBroad304_08116,TBK1,trt_oe,-77.686165
ATLAS_SIG_B_TOP100,ccsbBroad304_07037,TCF12,trt_oe,-40.61654
ATLAS_SIG_B_TOP100,ccsbBroad304_07036,TCF4,trt_oe,0.0
ATLAS_SIG_B_TOP100,ccsbBroad304_01933,TEAD2,trt_oe,-46.846714
ATLAS_SIG_B_TOP100,ccsbBroad304_08426,TEX10,trt_oe,24.363028
ATLAS_SIG_B_TOP100,ccsbBroad304_01662,TFDP2,trt_oe,-1.4248363
ATLAS_SIG_B_TOP100,ccsbBroad304_01663,TFF2,trt_oe,0.0
ATLAS_SIG_B_TOP100,ccsbBroad304_07053,TFPI,trt_oe,-4.1666665
ATLAS_SIG_B_TOP100,ccsbBroad304_01664,TGFA,trt_oe,-10.746389
ATLAS_SIG_B_TOP100,ccsbBroad304_07056,TGFB1,trt_oe,-77.05206
ATLAS_SIG_B_TOP100,ccsbBroad304_11186,TGFBR2,trt_oe,-59.38456
ATLAS_SIG_B_TOP100,ccsbBroad304_04525,TGIF2LY,trt_oe,4.7768393
ATLAS_SIG_B_TOP100,ccsbBroad304_02278,THRAP3,trt_oe,-0.9259259
ATLAS_SIG_B_TOP100,ccsbBroad304_05528,TICAM2,trt_oe,2.5
ATLAS_SIG_B_TOP100,ccsbBroad304_09345,TIMM50,trt_oe,-65.68092
ATLAS_SIG_B_TOP100,ccsbBroad304_02964,TIMM9,trt_oe,-3.6891847
ATLAS_SIG_B_TOP100,ccsbBroad304_01674,TIMP4,trt_oe,-49.781395
ATLAS_SIG_B_TOP100,ccsbBroad304_07071,TKT,trt_oe,4.020598
ATLAS_SIG_B_TOP100,ccsbBroad304_01676,TLE1,trt_oe,-2.2222223
ATLAS_SIG_B_TOP100,ccsbBroad304_01677,TLE2,trt_oe,-2.5
ATLAS_SIG_B_TOP100,ccsbBroad304_11580,TLK2,trt_oe,0.0
ATLAS_SIG_B_TOP100,ccsbBroad304_07074,TLR2,trt_oe,55.55745
ATLAS_SIG_B_TOP100,ccsbBroad304_08275,TLR8,trt_oe,-2.175926
ATLAS_SIG_B_TOP100,ccsbBroad304_07080,TM7SF2,trt_oe,3.101852
ATLAS_SIG_B_TOP100,ccsbBroad304_02580,TMED10,trt_oe,30.02311
ATLAS_SIG_B_TOP100,ccsbBroad304_03173,TMED7,trt_oe,3.0555556
ATLAS_SIG_B_TOP100,ccsbBroad304_03450,TMED9,trt_oe,-69.27635
ATLAS_SIG_B_TOP100,ccsbBroad304_09821,TMEM154,trt_oe,9.567949
ATLAS_SIG_B_TOP100,ccsbBroad304_02402,TMEM5,trt_oe,-75.58188
ATLAS_SIG_B_TOP100,ccsbBroad304_07306,TNFRSF10A,trt_oe,58.697968
ATLAS_SIG_B_TOP100,ccsbBroad304_07304,TNFRSF10B,trt_oe,93.56481
ATLAS_SIG_B_TOP100,ccsbBroad304_01688,TNFRSF1A,trt_oe,0.0
ATLAS_SIG_B_TOP100,ccsbBroad304_14122,TNFRSF21,trt_oe,-0.85753584
ATLAS_SIG_B_TOP100,ccsbBroad304_02011,TNFRSF6B,trt_oe,-51.719666
ATLAS_SIG_B_TOP100,ccsbBroad304_07294,TNFSF10,trt_oe,-41.67591
ATLAS_SIG_B_TOP100,ccsbBroad304_02503,TNFSF13B,trt_oe,9.928616
ATLAS_SIG_B_TOP100,ccsbBroad304_04457,TOX2,trt_oe,-88.64804
ATLAS_SIG_B_TOP100,ccsbBroad304_07088,TP53,trt_oe,28.534815
ATLAS_SIG_B_TOP100,ccsbBroad304_04633,TP53RK,trt_oe,0.0
ATLAS_SIG_B_TOP100,ccsbBroad304_01699,TPD52L2,trt_oe,-4.5833335
ATLAS_SIG_B_TOP100,ccsbBroad304_09281,TPD52L3,trt_oe,-2.4074075
ATLAS_SIG_B_TOP100,ccsbBroad304_01710,TRAF2,trt_oe,0.0
ATLAS_SIG_B_TOP100,ccsbBroad304_03850,TRIB3,trt_oe,-54.122276
ATLAS_SIG_B_TOP100,ccsbBroad304_02354,TRIM13,trt_oe,6.851852
ATLAS_SIG_B_TOP100,ccsbBroad304_07656,TRIM16,trt_oe,-3.3333333
ATLAS_SIG_B_TOP100,ccsbBroad304_02752,TRIM2,trt_oe,0.6481481
ATLAS_SIG_B_TOP100,ccsbBroad304_01392,TRIM27,trt_oe,-19.56596
ATLAS_SIG_B_TOP100,ccsbBroad304_07922,TRIM29,trt_oe,9.276901
ATLAS_SIG_B_TOP100,ccsbBroad304_02137,TRIP13,trt_oe,-48.898277
ATLAS_SIG_B_TOP100,ccsbBroad304_02032,TSC22D1,trt_oe,38.662224
ATLAS_SIG_B_TOP100,ccsbBroad304_06126,TSC22D3,trt_oe,82.004234
ATLAS_SIG_B_TOP100,ccsbBroad304_09043,TSEN2,trt_oe,0.0
ATLAS_SIG_B_TOP100,ccsbBroad304_07079,TSPAN4,trt_oe,55.40584
ATLAS_SIG_B_TOP100,ccsbBroad304_07077,TSPAN8,trt_oe,-84.92714
ATLAS_SIG_B_TOP100,ccsbBroad304_07548,TSSC4,trt_oe,2.2685184
ATLAS_SIG_B_TOP100,ccsbBroad304_01723,TTK,trt_oe,51.409218
ATLAS_SIG_B_TOP100,ccsbBroad304_01831,TUBA1A,trt_oe,-6.9443884
ATLAS_SIG_B_TOP100,ccsbBroad304_07109,TUBB2A,trt_oe,-0.1388889
ATLAS_SIG_B_TOP100,ccsbBroad304_02416,TUBB4B,trt_oe,-56.080307
ATLAS_SIG_B_TOP100,ccsbBroad304_04404,TUBB6,trt_oe,94.29401
ATLAS_SIG_B_TOP100,ccsbBroad304_07802,TWF2,trt_oe,39.16102
ATLAS_SIG_B_TOP100,ccsbBroad304_07401,TXNL1,trt_oe,1.8615129
ATLAS_SIG_B_TOP100,ccsbBroad304_03497,TXNL4B,trt_oe,81.502335
ATLAS_SIG_B_TOP100,ccsbBroad304_07506,UBAP2L,trt_oe,87.93431
ATLAS_SIG_B_TOP100,ccsbBroad304_02448,UBE2E3,trt_oe,-96.495125
ATLAS_SIG_B_TOP100,ccsbBroad304_00737,UBE2K,trt_oe,67.77667
ATLAS_SIG_B_TOP100,ccsbBroad304_02121,UBE2L6,trt_oe,1.7592592
ATLAS_SIG_B_TOP100,ccsbBroad304_03874,UBL5,trt_oe,19.583334
ATLAS_SIG_B_TOP100,ccsbBroad304_01748,UFD1L,trt_oe,-50.181305
ATLAS_SIG_B_TOP100,ccsbBroad304_08322,UFM1,trt_oe,-3.425926
ATLAS_SIG_B_TOP100,ccsbBroad304_07124,UROD,trt_oe,-0.9722222
ATLAS_SIG_B_TOP100,ccsbBroad304_01760,USP1,trt_oe,-2.5462964
ATLAS_SIG_B_TOP100,ccsbBroad304_07520,USP15,trt_oe,0.0
ATLAS_SIG_B_TOP100,ccsbBroad304_02231,USP6NL,trt_oe,19.336262
ATLAS_SIG_B_TOP100,ccsbBroad304_02534,UTP14A,trt_oe,-33.247658
ATLAS_SIG_B_TOP100,ccsbBroad304_02145,VAMP3,trt_oe,2.0370371
ATLAS_SIG_B_TOP100,ccsbBroad304_01767,VDR,trt_oe,29.9046
ATLAS_SIG_B_TOP100,ccsbBroad304_01769,VEGFB,trt_oe,59.926277
ATLAS_SIG_B_TOP100,ccsbBroad304_07466,VGLL4,trt_oe,95.04815
ATLAS_SIG_B_TOP100,ccsbBroad304_07128,VHL,trt_oe,2.1296296
ATLAS_SIG_B_TOP100,ccsbBroad304_01771,VIM,trt_oe,-3.1944444
ATLAS_SIG_B_TOP100,ccsbBroad304_09992,VN1R2,trt_oe,52.80773
ATLAS_SIG_B_TOP100,ccsbBroad304_05422,VN1R5,trt_oe,29.988552
ATLAS_SIG_B_TOP100,ccsbBroad304_07590,WARS2,trt_oe,-59.445015
ATLAS_SIG_B_TOP100,ccsbBroad304_09036,WDR61,trt_oe,2.3148148
ATLAS_SIG_B_TOP100,ccsbBroad304_01781,WNT7B,trt_oe,-69.54347
ATLAS_SIG_B_TOP100,ccsbBroad304_02889,WWTR1,trt_oe,-96.950676
ATLAS_SIG_B_TOP100,ccsbBroad304_01786,XRCC4,trt_oe,8.194445
ATLAS_SIG_B_TOP100,ccsbBroad304_06236,XRCC6,trt_oe,-70.10527
ATLAS_SIG_B_TOP100,ccsbBroad304_07561,YAF2,trt_oe,-7.4010754
ATLAS_SIG_B_TOP100,ccsbBroad304_01958,YARS,trt_oe,-2.3148148
ATLAS_SIG_B_TOP100,ccsbBroad304_01862,YEATS4,trt_oe,1.6203704
ATLAS_SIG_B_TOP100,ccsbBroad304_01787,YES1,trt_oe,-78.98873
ATLAS_SIG_B_TOP100,ccsbBroad304_03308,YTHDF2,trt_oe,-80.44548
ATLAS_SIG_B_TOP100,ccsbBroad304_03382,ZAK,trt_oe,27.750816
ATLAS_SIG_B_TOP100,ccsbBroad304_02257,ZBTB24,trt_oe,-15.443426
ATLAS_SIG_B_TOP100,ccsbBroad304_03839,ZBTB26,trt_oe,13.596197
ATLAS_SIG_B_TOP100,ccsbBroad304_08307,ZC3HC1,trt_oe,4.1203704
ATLAS_SIG_B_TOP100,ccsbBroad304_02436,ZER1,trt_oe,-16.898632
ATLAS_SIG_B_TOP100,ccsbBroad304_07145,ZFP161,trt_oe,51.513954
ATLAS_SIG_B_TOP100,ccsbBroad304_09206,ZGPAT,trt_oe,17.369602
ATLAS_SIG_B_TOP100,ccsbBroad304_04654,ZIM3,trt_oe,-1.8055556
ATLAS_SIG_B_TOP100,ccsbBroad304_10035,ZKSCAN2,trt_oe,-26.841454
ATLAS_SIG_B_TOP100,ccsbBroad304_01808,ZNF134,trt_oe,38.454536
ATLAS_SIG_B_TOP100,ccsbBroad304_01809,ZNF136,trt_oe,14.902477
ATLAS_SIG_B_TOP100,ccsbBroad304_07169,ZNF174,trt_oe,-15.0038395
ATLAS_SIG_B_TOP100,ccsbBroad304_08255,ZNF219,trt_oe,-5.6477675
ATLAS_SIG_B_TOP100,ccsbBroad304_01795,ZNF22,trt_oe,-39.547764
ATLAS_SIG_B_TOP100,ccsbBroad304_07153,ZNF24,trt_oe,-70.52905
ATLAS_SIG_B_TOP100,ccsbBroad304_07679,ZNF274,trt_oe,-65.97266
ATLAS_SIG_B_TOP100,ccsbBroad304_08742,ZNF398,trt_oe,-22.10141
ATLAS_SIG_B_TOP100,ccsbBroad304_09050,ZNF436,trt_oe,14.415974
ATLAS_SIG_B_TOP100,ccsbBroad304_04732,ZNF488,trt_oe,-4.814815
ATLAS_SIG_B_TOP100,ccsbBroad304_08734,ZNF490,trt_oe,4.0956078
ATLAS_SIG_B_TOP100,ccsbBroad304_10012,ZNF546,trt_oe,0.0
ATLAS_SIG_B_TOP100,ccsbBroad304_09648,ZNF548,trt_oe,-25.25314
ATLAS_SIG_B_TOP100,ccsbBroad304_05008,ZNF558,trt_oe,0.7407407
ATLAS_SIG_B_TOP100,ccsbBroad304_03461,ZNF562,trt_oe,-63.577354
ATLAS_SIG_B_TOP100,ccsbBroad304_09497,ZNF57,trt_oe,2.2222223
ATLAS_SIG_B_TOP100,ccsbBroad304_08313,ZNF581,trt_oe,-13.431497
ATLAS_SIG_B_TOP100,ccsbBroad304_04990,ZNF597,trt_oe,0.5555556
ATLAS_SIG_B_TOP100,ccsbBroad304_09746,ZNF610,trt_oe,5.648148
ATLAS_SIG_B_TOP100,ccsbBroad304_05180,ZNF626,trt_oe,-1.574074
ATLAS_SIG_B_TOP100,ccsbBroad304_04690,ZNF653,trt_oe,0.0
ATLAS_SIG_B_TOP100,ccsbBroad304_03615,ZNF673,trt_oe,-13.126643
ATLAS_SIG_B_TOP100,ccsbBroad304_10484,ZNF707,trt_oe,-2.5925925
ATLAS_SIG_B_TOP100,ccsbBroad304_07158,ZNF74,trt_oe,0.0
ATLAS_SIG_B_TOP100,ccsbBroad304_04001,ZNF747,trt_oe,0.0
ATLAS_SIG_B_TOP100,ccsbBroad304_03861,ZNF77,trt_oe,-35.06693
ATLAS_SIG_B_TOP100,ccsbBroad304_04991,ZNF785,trt_oe,3.2870371
ATLAS_SIG_B_TOP100,ccsbBroad304_10094,ZNF790,trt_oe,0.0
ATLAS_SIG_B_TOP100,ccsbBroad304_07147,ZNF8,trt_oe,3.1944444
ATLAS_SIG_B_TOP100,ccsbBroad304_10216,ZPBP2,trt_oe,-47.432713
ATLAS_SIG_B_TOP100,ccsbBroad304_02108,AURKB,trt_oe,14.841991
ATLAS_SIG_B_TOP100,ccsbBroad304_02875,BRP44,trt_oe,2.1296296
ATLAS_SIG_B_TOP100,ccsbBroad304_03910,CCDC90A,trt_oe,-52.492184
ATLAS_SIG_B_TOP100,ccsbBroad304_00520,ETV1,trt_oe,0.0
ATLAS_SIG_B_TOP100,ccsbBroad304_00763,HNF4A,trt_oe,95.27684
ATLAS_SIG_B_TOP100,ccsbBroad304_01144,PAK1,trt_oe,0.0
ATLAS_SIG_B_TOP100,ccsbBroad304_01371,RALA,trt_oe,-95.21631
ATLAS_SIG_B_TOP100,ccsbBroad304_07981,SENP6,trt_oe,-1.6203704
ATLAS_SIG_B_TOP100,ccsbBroad304_07709,AFG3L2,trt_oe,-55.05977
ATLAS_SIG_B_TOP100,ccsbBroad304_05832,AIRE,trt_oe,-75.89333
ATLAS_SIG_B_TOP100,ccsbBroad304_02310,ARPC4,trt_oe,-23.969742
ATLAS_SIG_B_TOP100,ccsbBroad304_00115,ASPH,trt_oe,59.18693
ATLAS_SIG_B_TOP100,ccsbBroad304_03512,ATG16L1,trt_oe,29.311148
ATLAS_SIG_B_TOP100,ccsbBroad304_05868,ATP5C1,trt_oe,0.0
ATLAS_SIG_B_TOP100,ccsbBroad304_02048,BCL10,trt_oe,91.55725
ATLAS_SIG_B_TOP100,ccsbBroad304_11251,BRD3,trt_oe,-30.80398
ATLAS_SIG_B_TOP100,ccsbBroad304_11738,BRD4,trt_oe,45.713844
ATLAS_SIG_B_TOP100,ccsbBroad304_00184,C2,trt_oe,19.422247
ATLAS_SIG_B_TOP100,ccsbBroad304_03372,CAB39,trt_oe,-43.953392
ATLAS_SIG_B_TOP100,ccsbBroad304_04360,CAPNS2,trt_oe,-36.768524
ATLAS_SIG_B_TOP100,ccsbBroad304_02801,CASP14,trt_oe,71.70734
ATLAS_SIG_B_TOP100,ccsbBroad304_06649,CNOT4,trt_oe,84.571236
ATLAS_SIG_B_TOP100,ccsbBroad304_07861,COBL,trt_oe,19.29914
ATLAS_SIG_B_TOP100,ccsbBroad304_00356,CPD,trt_oe,-5.8796296
ATLAS_SIG_B_TOP100,ccsbBroad304_06041,CRYAA,trt_oe,-0.9259259
ATLAS_SIG_B_TOP100,ccsbBroad304_00376,CSK,trt_oe,36.67987
ATLAS_SIG_B_TOP100,ccsbBroad304_00378,CSNK1D,trt_oe,42.4019
ATLAS_SIG_B_TOP100,ccsbBroad304_06085,DCK,trt_oe,3.5896115
ATLAS_SIG_B_TOP100,ccsbBroad304_07252,DGKZ,trt_oe,0.0
ATLAS_SIG_B_TOP100,ccsbBroad304_00446,DKC1,trt_oe,39.131924
ATLAS_SIG_B_TOP100,ccsbBroad304_06120,DRD1,trt_oe,5.854186
ATLAS_SIG_B_TOP100,ccsbBroad304_01929,DYRK2,trt_oe,5.462963
ATLAS_SIG_B_TOP100,ccsbBroad304_06138,EDNRB,trt_oe,-0.6018519
ATLAS_SIG_B_TOP100,ccsbBroad304_00486,EFNB2,trt_oe,22.82259
ATLAS_SIG_B_TOP100,ccsbBroad304_06144,EFNB3,trt_oe,0.7407407
ATLAS_SIG_B_TOP100,ccsbBroad304_08023,EIF2C1,trt_oe,18.32856
ATLAS_SIG_B_TOP100,ccsbBroad304_06149,EIF4B,trt_oe,-20.736044
ATLAS_SIG_B_TOP100,ccsbBroad304_03378,ERAP1,trt_oe,45.338024
ATLAS_SIG_B_TOP100,ccsbBroad304_07843,FCHO1,trt_oe,0.8796296
ATLAS_SIG_B_TOP100,ccsbBroad304_06320,FFAR1,trt_oe,0.0
ATLAS_SIG_B_TOP100,ccsbBroad304_00580,FLT1,trt_oe,-26.474707
ATLAS_SIG_B_TOP100,ccsbBroad304_00587,FOSL2,trt_oe,82.151634
ATLAS_SIG_B_TOP100,ccsbBroad304_00577,FOXO3,trt_oe,47.934933
ATLAS_SIG_B_TOP100,ccsbBroad304_06234,G6PC,trt_oe,0.0
ATLAS_SIG_B_TOP100,ccsbBroad304_06237,GAA,trt_oe,-85.03164
ATLAS_SIG_B_TOP100,ccsbBroad304_04619,GNG8,trt_oe,-59.84185
ATLAS_SIG_B_TOP100,ccsbBroad304_04780,GPR139,trt_oe,6.5274816
ATLAS_SIG_B_TOP100,ccsbBroad304_00709,GUK1,trt_oe,21.203232
ATLAS_SIG_B_TOP100,ccsbBroad304_00738,HINT1,trt_oe,9.033201
ATLAS_SIG_B_TOP100,ccsbBroad304_01894,HIST1H2AC,trt_oe,-50.58055
ATLAS_SIG_B_TOP100,ccsbBroad304_00752,HMGB3,trt_oe,5.4166665
ATLAS_SIG_B_TOP100,ccsbBroad304_00756,HMGCS2,trt_oe,0.6944444
ATLAS_SIG_B_TOP100,ccsbBroad304_00781,HPD,trt_oe,-15.094023
ATLAS_SIG_B_TOP100,ccsbBroad304_04613,HSPB9,trt_oe,23.240244
ATLAS_SIG_B_TOP100,ccsbBroad304_02772,ICMT,trt_oe,-21.61728
ATLAS_SIG_B_TOP100,ccsbBroad304_00833,IFNG,trt_oe,3.7962964
ATLAS_SIG_B_TOP100,ccsbBroad304_02459,KAT5,trt_oe,2.2685184
ATLAS_SIG_B_TOP100,ccsbBroad304_00903,KCNQ1,trt_oe,0.0
ATLAS_SIG_B_TOP100,ccsbBroad304_05523,KRT26,trt_oe,3.75
ATLAS_SIG_B_TOP100,ccsbBroad304_03323,LARS,trt_oe,-41.6435
ATLAS_SIG_B_TOP100,ccsbBroad304_03934,LEPRE1,trt_oe,-73.96953
ATLAS_SIG_B_TOP100,ccsbBroad304_00937,LGALS2,trt_oe,0.0
ATLAS_SIG_B_TOP100,ccsbBroad304_09445,MRGPRX3,trt_oe,-59.996956
ATLAS_SIG_B_TOP100,ccsbBroad304_03175,MRPS16,trt_oe,-1.7592592
ATLAS_SIG_B_TOP100,ccsbBroad304_13991,NCOA3,trt_oe,0.0
ATLAS_SIG_B_TOP100,ccsbBroad304_01066,NDUFA4,trt_oe,-74.05822
ATLAS_SIG_B_TOP100,ccsbBroad304_03112,NENF,trt_oe,37.830975
ATLAS_SIG_B_TOP100,ccsbBroad304_06173,NR2F6,trt_oe,-33.621185
ATLAS_SIG_B_TOP100,ccsbBroad304_00736,NRG1,trt_oe,-2.4537036
ATLAS_SIG_B_TOP100,ccsbBroad304_08873,P2RY12,trt_oe,26.121113
ATLAS_SIG_B_TOP100,ccsbBroad304_03555,PANK4,trt_oe,2.5
ATLAS_SIG_B_TOP100,ccsbBroad304_05135,PARP15,trt_oe,-48.070053
ATLAS_SIG_B_TOP100,ccsbBroad304_03707,PCDHA10,trt_oe,-48.750874
ATLAS_SIG_B_TOP100,ccsbBroad304_02741,PDS5A,trt_oe,-5.2314816
ATLAS_SIG_B_TOP100,ccsbBroad304_06711,PFAS,trt_oe,-60.02157
ATLAS_SIG_B_TOP100,ccsbBroad304_09708,PNLDC1,trt_oe,0.0
ATLAS_SIG_B_TOP100,ccsbBroad304_06745,PNN,trt_oe,-37.859463
ATLAS_SIG_B_TOP100,ccsbBroad304_01276,PRKAB1,trt_oe,-3.5185184
ATLAS_SIG_B_TOP100,ccsbBroad304_03391,PRKAG3,trt_oe,-1.3425926
ATLAS_SIG_B_TOP100,ccsbBroad304_06773,PRKAR2B,trt_oe,0.0
ATLAS_SIG_B_TOP100,ccsbBroad304_01281,PRKCA,trt_oe,-58.298653
ATLAS_SIG_B_TOP100,ccsbBroad304_01312,PSMB8,trt_oe,26.92749
ATLAS_SIG_B_TOP100,ccsbBroad304_07808,RAB11FIP2,trt_oe,-40.707314
ATLAS_SIG_B_TOP100,ccsbBroad304_01377,RARG,trt_oe,38.35315
ATLAS_SIG_B_TOP100,ccsbBroad304_04544,RCCD1,trt_oe,65.42594
ATLAS_SIG_B_TOP100,ccsbBroad304_08585,RIOK2,trt_oe,-3.5648148
ATLAS_SIG_B_TOP100,ccsbBroad304_07976,RNF167,trt_oe,18.861807
ATLAS_SIG_B_TOP100,ccsbBroad304_01418,RPL7,trt_oe,-1.25
ATLAS_SIG_B_TOP100,ccsbBroad304_06897,RPS6KB2,trt_oe,61.53955
ATLAS_SIG_B_TOP100,ccsbBroad304_04227,SETD7,trt_oe,40.094063
ATLAS_SIG_B_TOP100,ccsbBroad304_06934,SFPQ,trt_oe,11.954151
ATLAS_SIG_B_TOP100,ccsbBroad304_01540,SLC2A1,trt_oe,0.0
ATLAS_SIG_B_TOP100,ccsbBroad304_08386,SMOX,trt_oe,0.0
ATLAS_SIG_B_TOP100,ccsbBroad304_04257,SPRY4,trt_oe,67.63504
ATLAS_SIG_B_TOP100,ccsbBroad304_10230,STK19,trt_oe,-58.278614
ATLAS_SIG_B_TOP100,ccsbBroad304_07204,TAF15,trt_oe,-42.968796
ATLAS_SIG_B_TOP100,ccsbBroad304_01650,TCEA1,trt_oe,-43.339428
ATLAS_SIG_B_TOP100,ccsbBroad304_04086,TCTN1,trt_oe,0.6944444
ATLAS_SIG_B_TOP100,ccsbBroad304_03594,TNFRSF19,trt_oe,0.0
ATLAS_SIG_B_TOP100,ccsbBroad304_07091,TPM1,trt_oe,40.376785
ATLAS_SIG_B_TOP100,ccsbBroad304_07101,TSC2,trt_oe,38.98789
ATLAS_SIG_B_TOP100,ccsbBroad304_04728,TWIST2,trt_oe,73.930145
ATLAS_SIG_B_TOP100,ccsbBroad304_05183,TXLNA,trt_oe,64.46736
ATLAS_SIG_B_TOP100,ccsbBroad304_11796,ULK3,trt_oe,76.10692
ATLAS_SIG_B_TOP100,ccsbBroad304_09993,VN1R4,trt_oe,25.007355
ATLAS_SIG_B_TOP100,ccsbBroad304_01777,WNT1,trt_oe,-3.0555556
ATLAS_SIG_B_TOP100,ccsbBroad304_07136,WNT9A,trt_oe,0.0
ATLAS_SIG_B_TOP100,ccsbBroad304_05394,ZNF621,trt_oe,0.0
ATLAS_SIG_B_TOP100,ccsbBroad304_07211,ZRSR2,trt_oe,1.6666666
ATLAS_SIG_B_TOP100,DMSO,DMSO,ctl_vehicle,-5.990134
ATLAS_SIG_B_TOP100,BRD-K39569857,avrainvillamide-analog-3,trt_cp,-17.7158
ATLAS_SIG_B_TOP100,BRD-A70731303,avrainvillamide-analog-5,trt_cp,16.523315
ATLAS_SIG_B_TOP100,BRD-A83237092,fulvestrant,trt_cp,10.301386
ATLAS_SIG_B_TOP100,BRD-K68488863,ENMD-2076,trt_cp,14.781677
ATLAS_SIG_B_TOP100,BRD-A74907996,equol,trt_cp,-5.1926413
ATLAS_SIG_B_TOP100,BRD-K98948170,BRD-K98948170,trt_cp,-13.201563
ATLAS_SIG_B_TOP100,BRD-K42573370,avrainvillamide-analog-2,trt_cp,9.554572
ATLAS_SIG_B_TOP100,BRD-K61691971,avrainvillamide-analog-1,trt_cp,-8.85436
ATLAS_SIG_B_TOP100,BRD-K25079130,avrainvillamide-analog-4,trt_cp,1.8675123
ATLAS_SIG_B_TOP100,BRD-K50324045,avrainvillamide-analog-6,trt_cp,1.5618863
ATLAS_SIG_B_TOP100,BRD-K79877282,PF-543,trt_cp,7.01198
ATLAS_SIG_B_TOP100,BRD-K24576554,AT-9283,trt_cp,-66.24715
ATLAS_SIG_B_TOP100,BRD-K53665955,MK-5108,trt_cp,-3.9464412
ATLAS_SIG_B_TOP100,BRD-K67174588,toremifene,trt_cp,0.845666
ATLAS_SIG_B_TOP100,BRD-K75295174,alisertib,trt_cp,-16.137636
ATLAS_SIG_B_TOP100,BRD-K10466330,AVA,trt_cp,2.149401
