priority_rank,priority_tier_number,priority_tier,cross_signature_consistency_score,pert_id,pert_iname,ATLAS_SIG_A_TOP150,ATLAS_SIG_B_TOP100,ATLAS_SIG_B_TOP150,n_signatures,n_negative,n_strong_negative,mean_tau,median_tau,minimum_tau,strong_negative_threshold,consensus_rank,A_TOP150_negative,A_TOP150_strong_negative,B_TOP100_negative,B_TOP100_strong_negative,B_TOP150_negative,B_TOP150_strong_negative
505,3,Tier 3 — Partial reversal,3,BRD-K87426499,BRD-K87426499,0.000000,-98.714670,-89.502975,3,2,1,-62.739215,-89.502975,-98.714670,-90.000000,20,False,False,True,True,True,False
506,3,Tier 3 — Partial reversal,3,BRD-A50454580,PD-0325901,0.000000,-92.347720,-88.828580,3,2,1,-60.392100,-88.828580,-92.347720,-90.000000,21,False,False,True,True,True,False
507,3,Tier 3 — Partial reversal,3,BRD-K90885812,propantheline,0.000000,-84.949340,-92.488110,3,2,1,-59.145817,-84.949340,-92.488110,-90.000000,22,False,False,True,False,True,True
508,3,Tier 3 — Partial reversal,3,BRD-K39187410,BRD-K39187410,0.739958,-76.645270,-95.223020,3,2,1,-57.042777,-76.645270,-95.223020,-90.000000,23,False,False,True,False,True,True
509,3,Tier 3 — Partial reversal,3,BRD-K55462201,AM-404,0.000000,-92.548880,-70.693310,3,2,1,-54.414063,-70.693310,-92.548880,-90.000000,24,False,False,True,True,True,False
510,3,Tier 3 — Partial reversal,3,BRD-K86873305,piperacillin,0.000000,-90.123634,-70.280160,3,2,1,-53.467931,-70.280160,-90.123634,-90.000000,25,False,False,True,True,True,False
511,3,Tier 3 — Partial reversal,3,BRD-K88742110,PCI-34051,0.000000,-90.833800,-49.909546,3,2,1,-46.914449,-49.909546,-90.833800,-90.000000,26,False,False,True,True,True,False
512,3,Tier 3 — Partial reversal,3,BRD-A37959677,estrone,0.000000,-91.267944,-45.062786,3,2,1,-45.443577,-45.062786,-91.267944,-90.000000,27,False,False,True,True,True,False
513,3,Tier 3 — Partial reversal,3,BRD-K75478907,GS-39783,1.374207,-90.204460,-31.642422,3,2,1,-40.157558,-31.642422,-90.204460,-90.000000,28,False,False,True,True,True,False
514,3,Tier 3 — Partial reversal,3,BRD-K78373679,Ro-3306,0.000000,-4.016913,-93.164406,3,2,1,-32.393773,-4.016913,-93.164406,-90.000000,29,False,False,True,False,True,True
515,3,Tier 3 — Partial reversal,2,BRD-K18895904,olanzapine,0.742065,-84.909320,-89.407620,3,2,0,-57.858292,-84.909320,-89.407620,-90.000000,515,False,False,True,False,True,False
516,3,Tier 3 — Partial reversal,2,BRD-K98521173,desoxycortone,0.000000,-89.828520,-82.720860,3,2,0,-57.516460,-82.720860,-89.828520,-90.000000,516,False,False,True,False,True,False
517,3,Tier 3 — Partial reversal,2,BRD-K50938287,sumatriptan,0.256458,-84.557160,-82.214890,3,2,0,-55.505197,-82.214890,-84.557160,-90.000000,517,False,False,True,False,True,False
518,3,Tier 3 — Partial reversal,2,BRD-K66876909,linezolid,0.000000,-80.612220,-86.923904,3,2,0,-55.845375,-80.612220,-86.923904,-90.000000,518,False,False,True,False,True,False
519,3,Tier 3 — Partial reversal,2,BRD-K80527266,triacsin-c,0.000000,-86.067750,-80.580710,3,2,0,-55.549487,-80.580710,-86.067750,-90.000000,519,False,False,True,False,True,False
520,3,Tier 3 — Partial reversal,2,BRD-A99177642,deltaline,2.043693,-80.447740,-88.888916,3,2,0,-55.764321,-80.447740,-88.888916,-90.000000,520,False,False,True,False,True,False
521,3,Tier 3 — Partial reversal,2,BRD-K47328134,lysylphenylalanyl-tyrosine,0.000000,-88.278960,-79.226550,3,2,0,-55.835170,-79.226550,-88.278960,-90.000000,521,False,False,True,False,True,False
522,3,Tier 3 — Partial reversal,2,BRD-K53959060,indirubin,0.000000,-80.276474,-78.744340,3,2,0,-53.006938,-78.744340,-80.276474,-90.000000,522,False,False,True,False,True,False
523,3,Tier 3 — Partial reversal,2,BRD-A14985772,L-ascorbyl-6-palmitate,0.000000,-77.968750,-83.937530,3,2,0,-53.968760,-77.968750,-83.937530,-90.000000,523,False,False,True,False,True,False
524,3,Tier 3 — Partial reversal,2,BRD-K05673000,dicloxacillin,0.000000,-77.327600,-80.409380,3,2,0,-52.578993,-77.327600,-80.409380,-90.000000,524,False,False,True,False,True,False
525,3,Tier 3 — Partial reversal,2,BRD-A91555231,norepinephrine,0.000000,-77.281006,-86.315674,3,2,0,-54.532227,-77.281006,-86.315674,-90.000000,525,False,False,True,False,True,False
526,3,Tier 3 — Partial reversal,2,BRD-K47635719,dexamethasone,0.000000,-80.424970,-76.488884,3,2,0,-52.304618,-76.488884,-80.424970,-90.000000,526,False,False,True,False,True,False
527,3,Tier 3 — Partial reversal,2,BRD-K55991774,BAS-09104376,0.000000,-75.299180,-76.458496,3,2,0,-50.585892,-75.299180,-76.458496,-90.000000,527,False,False,True,False,True,False
528,3,Tier 3 — Partial reversal,2,BRD-K94070024,depomedrol,0.000000,-74.272580,-88.007034,3,2,0,-54.093205,-74.272580,-88.007034,-90.000000,528,False,False,True,False,True,False
529,3,Tier 3 — Partial reversal,2,BRD-K22429181,retinol,0.000000,-76.668140,-74.163570,3,2,0,-50.277237,-74.163570,-76.668140,-90.000000,529,False,False,True,False,True,False
530,3,Tier 3 — Partial reversal,2,BRD-K15262564,mupirocin,0.000000,-73.870240,-75.707620,3,2,0,-49.859287,-73.870240,-75.707620,-90.000000,530,False,False,True,False,True,False
531,3,Tier 3 — Partial reversal,2,BRD-A69636825,diltiazem,0.387597,-85.207310,-71.527115,3,2,0,-52.115609,-71.527115,-85.207310,-90.000000,531,False,False,True,False,True,False
532,3,Tier 3 — Partial reversal,2,BRD-K07996107,harpagoside,0.000000,-73.277850,-69.959010,3,2,0,-47.745620,-69.959010,-73.277850,-90.000000,532,False,False,True,False,True,False
533,3,Tier 3 — Partial reversal,2,BRD-K41160163,fenobam,0.000000,-69.893530,-72.971214,3,2,0,-47.621581,-69.893530,-72.971214,-90.000000,533,False,False,True,False,True,False
534,3,Tier 3 — Partial reversal,2,BRD-K49519092,immethridine,0.422833,-81.919910,-69.512420,3,2,0,-50.336499,-69.512420,-81.919910,-90.000000,534,False,False,True,False,True,False
535,3,Tier 3 — Partial reversal,2,BRD-A17065207,brefeldin-a,1.726568,-69.441020,-74.413345,3,2,0,-47.375932,-69.441020,-74.413345,-90.000000,535,False,False,True,False,True,False
536,3,Tier 3 — Partial reversal,2,BRD-K46862739,metyrapone,0.000000,-68.876465,-77.824560,3,2,0,-48.900342,-68.876465,-77.824560,-90.000000,536,False,False,True,False,True,False
537,3,Tier 3 — Partial reversal,2,BRD-K44779798,miglitol,0.000000,-68.497970,-83.879380,3,2,0,-50.792450,-68.497970,-83.879380,-90.000000,537,False,False,True,False,True,False
538,3,Tier 3 — Partial reversal,2,BRD-K05926469,lenalidomide,0.000000,-78.980730,-68.324840,3,2,0,-49.101857,-68.324840,-78.980730,-90.000000,538,False,False,True,False,True,False
539,3,Tier 3 — Partial reversal,2,BRD-K01779529,fluoropyruvate,0.000000,-82.979910,-67.920090,3,2,0,-50.300000,-67.920090,-82.979910,-90.000000,539,False,False,True,False,True,False
540,3,Tier 3 — Partial reversal,2,BRD-K11905747,spectinomycin,0.000000,-67.432150,-82.526740,3,2,0,-49.986297,-67.432150,-82.526740,-90.000000,540,False,False,True,False,True,False
541,3,Tier 3 — Partial reversal,2,BRD-K74765201,tomelukast,2.713178,-68.076040,-67.017690,3,2,0,-44.126851,-67.017690,-68.076040,-90.000000,541,False,False,True,False,True,False
542,3,Tier 3 — Partial reversal,2,BRD-M64432851,sunitinib,0.000000,-70.369620,-66.351640,3,2,0,-45.573753,-66.351640,-70.369620,-90.000000,542,False,False,True,False,True,False
543,3,Tier 3 — Partial reversal,2,BRD-K51485625,ritonavir,0.000000,-65.310050,-72.674880,3,2,0,-45.994977,-65.310050,-72.674880,-90.000000,543,False,False,True,False,True,False
544,3,Tier 3 — Partial reversal,2,BRD-K82846253,repaglinide,0.000000,-71.472010,-64.032800,3,2,0,-45.168270,-64.032800,-71.472010,-90.000000,544,False,False,True,False,True,False
545,3,Tier 3 — Partial reversal,2,BRD-K97764662,PD-173074,0.033184,-63.726395,-63.587700,3,2,0,-42.426970,-63.587700,-63.726395,-90.000000,545,False,False,True,False,True,False
546,3,Tier 3 — Partial reversal,2,BRD-K70401845,erlotinib,0.000000,-63.330680,-67.658800,3,2,0,-43.663160,-63.330680,-67.658800,-90.000000,546,False,False,True,False,True,False
547,3,Tier 3 — Partial reversal,2,BRD-K53561341,aurora-a-inhibitor-i,0.000000,-73.910484,-62.767788,3,2,0,-45.559424,-62.767788,-73.910484,-90.000000,547,False,False,True,False,True,False
548,3,Tier 3 — Partial reversal,2,BRD-K16618170,BRD-K16618170,0.000000,-65.605080,-62.531555,3,2,0,-42.712212,-62.531555,-65.605080,-90.000000,548,False,False,True,False,True,False
549,3,Tier 3 — Partial reversal,2,BRD-A55815733,phylloquinone,0.000000,-62.428043,-75.406920,3,2,0,-45.944988,-62.428043,-75.406920,-90.000000,549,False,False,True,False,True,False
550,3,Tier 3 — Partial reversal,2,BRD-K68336408,tyrphostin-AG-1478,0.563777,-71.827805,-62.043922,3,2,0,-44.435983,-62.043922,-71.827805,-90.000000,550,False,False,True,False,True,False
551,3,Tier 3 — Partial reversal,2,BRD-A62035778,scopolamine,0.000000,-69.300415,-60.806587,3,2,0,-43.369001,-60.806587,-69.300415,-90.000000,551,False,False,True,False,True,False
552,3,Tier 3 — Partial reversal,2,BRD-M47937986,cefatrizine,2.185104,-60.511826,-62.385710,3,2,0,-40.237477,-60.511826,-62.385710,-90.000000,552,False,False,True,False,True,False
553,3,Tier 3 — Partial reversal,2,BRD-A32836748,leu-enkephalin,0.000000,-60.088078,-66.972930,3,2,0,-42.353669,-60.088078,-66.972930,-90.000000,553,False,False,True,False,True,False
554,3,Tier 3 — Partial reversal,2,BRD-K33453211,levocabastine,0.352361,-73.715904,-60.014840,3,2,0,-44.459461,-60.014840,-73.715904,-90.000000,554,False,False,True,False,True,False
555,3,Tier 3 — Partial reversal,2,BRD-K46068882,eugenitol,0.000000,-70.063540,-59.251840,3,2,0,-43.105127,-59.251840,-70.063540,-90.000000,555,False,False,True,False,True,False
556,3,Tier 3 — Partial reversal,2,BRD-A48809242,IB-MECA,54.510720,-59.216393,-80.354890,3,2,0,-28.353521,-59.216393,-80.354890,-90.000000,556,False,False,True,False,True,False
557,3,Tier 3 — Partial reversal,2,BRD-K38055836,etamivan,0.000000,-60.315060,-59.146484,3,2,0,-39.820515,-59.146484,-60.315060,-90.000000,557,False,False,True,False,True,False
558,3,Tier 3 — Partial reversal,2,BRD-A83855350,naltrexone,2.419986,-58.617447,-76.012950,3,2,0,-44.070137,-58.617447,-76.012950,-90.000000,558,False,False,True,False,True,False
559,3,Tier 3 — Partial reversal,2,BRD-K55430733,WAY-629,0.000000,-78.029150,-58.294052,3,2,0,-45.441067,-58.294052,-78.029150,-90.000000,559,False,False,True,False,True,False
560,3,Tier 3 — Partial reversal,2,BRD-K57179821,crotamiton,0.000000,-66.877205,-58.276802,3,2,0,-41.718002,-58.276802,-66.877205,-90.000000,560,False,False,True,False,True,False
561,3,Tier 3 — Partial reversal,2,BRD-K40782193,QX-222,0.000000,-58.220947,-63.141150,3,2,0,-40.454032,-58.220947,-63.141150,-90.000000,561,False,False,True,False,True,False
562,3,Tier 3 — Partial reversal,2,BRD-K24656285,farnesol,0.000000,-57.937300,-61.998030,3,2,0,-39.978443,-57.937300,-61.998030,-90.000000,562,False,False,True,False,True,False
563,3,Tier 3 — Partial reversal,2,BRD-K80778372,Ro-19-4605,0.000000,-81.982765,-57.593420,3,2,0,-46.525395,-57.593420,-81.982765,-90.000000,563,False,False,True,False,True,False
564,3,Tier 3 — Partial reversal,2,BRD-A61858259,CAY-10415,0.000000,-57.485313,-66.522550,3,2,0,-41.335954,-57.485313,-66.522550,-90.000000,564,False,False,True,False,True,False
565,3,Tier 3 — Partial reversal,2,BRD-K48300629,zonisamide,,-62.196900,-51.886986,2,2,0,-57.041943,-57.041943,-62.196900,-90.000000,565,False,False,True,False,True,False
566,3,Tier 3 — Partial reversal,2,BRD-A32161980,carbetocin,0.000000,-61.636898,-56.606857,3,2,0,-39.414585,-56.606857,-61.636898,-90.000000,566,False,False,True,False,True,False
567,3,Tier 3 — Partial reversal,2,BRD-K35559145,levomepromazine,0.000000,-63.420815,-55.351845,3,2,0,-39.590887,-55.351845,-63.420815,-90.000000,567,False,False,True,False,True,False
568,3,Tier 3 — Partial reversal,2,BRD-K23913458,coumarin,0.000000,-73.187294,-54.808727,3,2,0,-42.665340,-54.808727,-73.187294,-90.000000,568,False,False,True,False,True,False
569,3,Tier 3 — Partial reversal,2,BRD-K83963101,MLN-8054,0.000000,-68.586040,-54.645096,3,2,0,-41.077045,-54.645096,-68.586040,-90.000000,569,False,False,True,False,True,False
570,3,Tier 3 — Partial reversal,2,BRD-K05658747,raltegravir,0.000000,-69.030594,-54.236267,3,2,0,-41.088954,-54.236267,-69.030594,-90.000000,570,False,False,True,False,True,False
571,3,Tier 3 — Partial reversal,2,BRD-K54529596,captopril,0.000000,-59.514263,-54.219760,3,2,0,-37.911341,-54.219760,-59.514263,-90.000000,571,False,False,True,False,True,False
572,3,Tier 3 — Partial reversal,2,BRD-K38003476,clocortolone-pivalate,0.000000,-53.925640,-58.941776,3,2,0,-37.622472,-53.925640,-58.941776,-90.000000,572,False,False,True,False,True,False
573,3,Tier 3 — Partial reversal,2,BRD-K92984783,melperone,0.000000,-62.510780,-53.639404,3,2,0,-38.716728,-53.639404,-62.510780,-90.000000,573,False,False,True,False,True,False
574,3,Tier 3 — Partial reversal,2,BRD-K13725475,rhodomyrtoxin,0.000000,-58.177826,-53.618755,3,2,0,-37.265527,-53.618755,-58.177826,-90.000000,574,False,False,True,False,True,False
575,3,Tier 3 — Partial reversal,2,BRD-K80725821,RS-16566,0.000000,-54.284805,-53.370380,3,2,0,-35.885062,-53.370380,-54.284805,-90.000000,575,False,False,True,False,True,False
576,3,Tier 3 — Partial reversal,2,BRD-K46142322,RS-67333,0.916138,-65.317800,-53.303467,3,2,0,-39.235043,-53.303467,-65.317800,-90.000000,576,False,False,True,False,True,False
577,3,Tier 3 — Partial reversal,2,BRD-K15402119,huperzine-a,0.000000,-75.772510,-52.409527,3,2,0,-42.727346,-52.409527,-75.772510,-90.000000,577,False,False,True,False,True,False
578,3,Tier 3 — Partial reversal,2,BRD-K39746403,erythromycin-estolate,0.000000,-52.312200,-65.405380,3,2,0,-39.239193,-52.312200,-65.405380,-90.000000,578,False,False,True,False,True,False
579,3,Tier 3 — Partial reversal,2,BRD-K77641333,naphazoline,0.000000,-55.244522,-52.098797,3,2,0,-35.781106,-52.098797,-55.244522,-90.000000,579,False,False,True,False,True,False
580,3,Tier 3 — Partial reversal,2,BRD-K47659338,EMD-386088,0.000000,-51.261566,-52.884872,3,2,0,-34.715479,-51.261566,-52.884872,-90.000000,580,False,False,True,False,True,False
581,3,Tier 3 — Partial reversal,2,BRD-K20152659,dihomo-gamma-linolenic-acid,3.888171,-52.611137,-50.315240,3,2,0,-33.012735,-50.315240,-52.611137,-90.000000,581,False,False,True,False,True,False
582,3,Tier 3 — Partial reversal,2,BRD-K36055864,cycloheximide,0.000000,-48.755120,-67.596050,3,2,0,-38.783723,-48.755120,-67.596050,-90.000000,582,False,False,True,False,True,False
583,3,Tier 3 — Partial reversal,2,BRD-K94830329,ataluren,0.000000,-48.346290,-66.523660,3,2,0,-38.289983,-48.346290,-66.523660,-90.000000,583,False,False,True,False,True,False
584,3,Tier 3 — Partial reversal,2,BRD-A04668240,CGP-52432,0.000000,-60.776894,-48.040817,3,2,0,-36.272570,-48.040817,-60.776894,-90.000000,584,False,False,True,False,True,False
585,3,Tier 3 — Partial reversal,2,BRD-K40530731,hyoscyamine,0.000000,-60.860374,-47.633030,3,2,0,-36.164468,-47.633030,-60.860374,-90.000000,585,False,False,True,False,True,False
586,3,Tier 3 — Partial reversal,2,BRD-K52620403,STO-609,0.000000,-70.180810,-47.466537,3,2,0,-39.215782,-47.466537,-70.180810,-90.000000,586,False,False,True,False,True,False
587,3,Tier 3 — Partial reversal,2,BRD-K63915849,AS-604850,0.000000,-47.437893,-68.072800,3,2,0,-38.503564,-47.437893,-68.072800,-90.000000,587,False,False,True,False,True,False
588,3,Tier 3 — Partial reversal,2,BRD-A01787639,naftopidil,0.000000,-62.313675,-47.100410,3,2,0,-36.471362,-47.100410,-62.313675,-90.000000,588,False,False,True,False,True,False
589,3,Tier 3 — Partial reversal,2,BRD-K47943470,tyrphostin-51,0.000000,-46.910660,-46.952750,3,2,0,-31.287803,-46.910660,-46.952750,-90.000000,589,False,False,True,False,True,False
590,3,Tier 3 — Partial reversal,2,BRD-K98426715,tubacin,0.000000,-46.549140,-61.754417,3,2,0,-36.101186,-46.549140,-61.754417,-90.000000,590,False,False,True,False,True,False
591,3,Tier 3 — Partial reversal,2,BRD-K57886322,fluocinonide,14.823251,-46.389793,-56.893670,3,2,0,-29.486737,-46.389793,-56.893670,-90.000000,591,False,False,True,False,True,False
592,3,Tier 3 — Partial reversal,2,BRD-K33204703,AG-370,0.000000,-46.256927,-52.133236,3,2,0,-32.796721,-46.256927,-52.133236,-90.000000,592,False,False,True,False,True,False
593,3,Tier 3 — Partial reversal,2,BRD-A37817666,picrotoxin,0.000000,-64.130390,-46.148685,3,2,0,-36.759692,-46.148685,-64.130390,-90.000000,593,False,False,True,False,True,False
594,3,Tier 3 — Partial reversal,2,BRD-K01649396,indatraline,36.006220,-46.112965,-46.786606,3,2,0,-18.964450,-46.112965,-46.786606,-90.000000,594,False,False,True,False,True,False
595,3,Tier 3 — Partial reversal,2,BRD-K08806317,timolol,0.000000,-45.919903,-47.864900,3,2,0,-31.261601,-45.919903,-47.864900,-90.000000,595,False,False,True,False,True,False
596,3,Tier 3 — Partial reversal,2,BRD-A59808129,guggulsterone,0.000000,-45.736454,-65.756200,3,2,0,-37.164218,-45.736454,-65.756200,-90.000000,596,False,False,True,False,True,False
597,3,Tier 3 — Partial reversal,2,BRD-K00824317,fludroxycortide,0.000000,-45.678276,-68.371895,3,2,0,-38.016724,-45.678276,-68.371895,-90.000000,597,False,False,True,False,True,False
598,3,Tier 3 — Partial reversal,2,BRD-A76019558,ketoconazole,14.486939,-45.663555,-51.068428,3,2,0,-27.415015,-45.663555,-51.068428,-90.000000,598,False,False,True,False,True,False
599,3,Tier 3 — Partial reversal,2,BRD-K17349619,HLI-373,1.550388,-45.576640,-59.431763,3,2,0,-34.486005,-45.576640,-59.431763,-90.000000,599,False,False,True,False,True,False
600,3,Tier 3 — Partial reversal,2,BRD-K57930253,nitrazepam,0.000000,-81.476900,-45.404686,3,2,0,-42.293862,-45.404686,-81.476900,-90.000000,600,False,False,True,False,True,False
601,3,Tier 3 — Partial reversal,2,BRD-K40892394,AR-C133057XX,0.000000,-71.732864,-45.367820,3,2,0,-39.033561,-45.367820,-71.732864,-90.000000,601,False,False,True,False,True,False
602,3,Tier 3 — Partial reversal,2,BRD-K32977963,eugenol,3.840733,-44.932730,-61.269627,3,2,0,-34.120541,-44.932730,-61.269627,-90.000000,602,False,False,True,False,True,False
603,3,Tier 3 — Partial reversal,2,BRD-K28667196,fillalbin,0.000000,-44.741264,-57.704254,3,2,0,-34.148506,-44.741264,-57.704254,-90.000000,603,False,False,True,False,True,False
604,3,Tier 3 — Partial reversal,2,BRD-K30570479,VU-0400195-3,0.000000,-62.669506,-44.594543,3,2,0,-35.754683,-44.594543,-62.669506,-90.000000,604,False,False,True,False,True,False
605,3,Tier 3 — Partial reversal,2,BRD-A50737080,CGK-733,2.008457,-57.767708,-44.329273,3,2,0,-33.362841,-44.329273,-57.767708,-90.000000,605,False,False,True,False,True,False
606,3,Tier 3 — Partial reversal,2,BRD-A56359832,zileuton,0.211417,-44.116383,-48.836212,3,2,0,-30.913726,-44.116383,-48.836212,-90.000000,606,False,False,True,False,True,False
607,3,Tier 3 — Partial reversal,2,BRD-K16551401,PNU-22394,0.000000,-43.885520,-60.601000,3,2,0,-34.828840,-43.885520,-60.601000,-90.000000,607,False,False,True,False,True,False
608,3,Tier 3 — Partial reversal,2,BRD-A48261811,argatroban,0.140944,-43.634808,-44.706135,3,2,0,-29.400000,-43.634808,-44.706135,-90.000000,608,False,False,True,False,True,False
609,3,Tier 3 — Partial reversal,2,BRD-K01612348,meropenem,1.090369,-73.156140,-43.405518,3,2,0,-38.490430,-43.405518,-73.156140,-90.000000,609,False,False,True,False,True,False
610,3,Tier 3 — Partial reversal,2,BRD-A26787626,cyclopiazonic-acid,0.000000,-43.297382,-61.329903,3,2,0,-34.875762,-43.297382,-61.329903,-90.000000,610,False,False,True,False,True,False
611,3,Tier 3 — Partial reversal,2,BRD-A35338386,NECA,3.167313,-55.805313,-43.045013,3,2,0,-31.894338,-43.045013,-55.805313,-90.000000,611,False,False,True,False,True,False
612,3,Tier 3 — Partial reversal,2,BRD-K55703048,latrepirdine,0.000000,-61.067230,-42.907585,3,2,0,-34.658272,-42.907585,-61.067230,-90.000000,612,False,False,True,False,True,False
613,3,Tier 3 — Partial reversal,2,BRD-K68246049,TTNPB,0.000000,-63.731110,-42.604370,3,2,0,-35.445160,-42.604370,-63.731110,-90.000000,613,False,False,True,False,True,False
614,3,Tier 3 — Partial reversal,2,BRD-A70461345,naloxone,0.000000,-65.142910,-42.274520,3,2,0,-35.805810,-42.274520,-65.142910,-90.000000,614,False,False,True,False,True,False
615,3,Tier 3 — Partial reversal,2,BRD-A93048969,BRD-A93048969,0.000000,-41.836624,-42.373035,3,2,0,-28.069886,-41.836624,-42.373035,-90.000000,615,False,False,True,False,True,False
616,3,Tier 3 — Partial reversal,2,BRD-K41143549,N20C,15.728773,-71.683685,-41.835250,3,2,0,-32.596721,-41.835250,-71.683685,-90.000000,616,False,False,True,False,True,False
617,3,Tier 3 — Partial reversal,2,BRD-A75552914,isoxicam,1.409443,-69.171190,-41.748665,3,2,0,-36.503471,-41.748665,-69.171190,-90.000000,617,False,False,True,False,True,False
618,3,Tier 3 — Partial reversal,2,BRD-K67831364,ZM-323881,1.162791,-46.595947,-41.590137,3,2,0,-29.007764,-41.590137,-46.595947,-90.000000,618,False,False,True,False,True,False
619,3,Tier 3 — Partial reversal,2,BRD-A32164164,methyllycaconitine,0.000000,-41.552067,-43.479930,3,2,0,-28.343999,-41.552067,-43.479930,-90.000000,619,False,False,True,False,True,False
620,3,Tier 3 — Partial reversal,2,BRD-K18905250,ST-91,0.000000,-55.351000,-41.509650,3,2,0,-32.286883,-41.509650,-55.351000,-90.000000,620,False,False,True,False,True,False
621,3,Tier 3 — Partial reversal,2,BRD-K04146668,GW-441756,0.000000,-58.312340,-41.390285,3,2,0,-33.234208,-41.390285,-58.312340,-90.000000,621,False,False,True,False,True,False
622,3,Tier 3 — Partial reversal,2,BRD-K00317371,RITA,0.000000,-45.818420,-41.050040,3,2,0,-28.956153,-41.050040,-45.818420,-90.000000,622,False,False,True,False,True,False
623,3,Tier 3 — Partial reversal,2,BRD-A90311807,cilastatin,0.000000,-40.759197,-63.788680,3,2,0,-34.849292,-40.759197,-63.788680,-90.000000,623,False,False,True,False,True,False
624,3,Tier 3 — Partial reversal,2,BRD-K64451768,GANT-58,-40.375550,40.602080,-56.195360,3,2,0,-18.656277,-40.375550,-56.195360,-90.000000,624,True,False,False,False,True,False
625,3,Tier 3 — Partial reversal,2,BRD-A15493168,tetracycline,0.000000,-45.202026,-40.327312,3,2,0,-28.509779,-40.327312,-45.202026,-90.000000,625,False,False,True,False,True,False
626,3,Tier 3 — Partial reversal,2,BRD-A06390036,hydroquinidine,0.000000,-40.102448,-64.494290,3,2,0,-34.865579,-40.102448,-64.494290,-90.000000,626,False,False,True,False,True,False
627,3,Tier 3 — Partial reversal,2,BRD-K02715688,"hydrastine-(1r,-9s)",0.000000,-40.054710,-42.078842,3,2,0,-27.377851,-40.054710,-42.078842,-90.000000,627,False,False,True,False,True,False
628,3,Tier 3 — Partial reversal,2,BRD-K48427617,U-0124,0.000000,-39.553844,-71.943560,3,2,0,-37.165801,-39.553844,-71.943560,-90.000000,628,False,False,True,False,True,False
629,3,Tier 3 — Partial reversal,2,BRD-K04833372,GSK-1904529A,0.000000,-49.071552,-39.546570,3,2,0,-29.539374,-39.546570,-49.071552,-90.000000,629,False,False,True,False,True,False
630,3,Tier 3 — Partial reversal,2,BRD-K79437791,acetyl-farnesyl-cysteine,0.000000,-39.310402,-42.336433,3,2,0,-27.215612,-39.310402,-42.336433,-90.000000,630,False,False,True,False,True,False
631,3,Tier 3 — Partial reversal,2,BRD-K97330509,SRC-kinase-inhibitor-II,0.000000,-49.818542,-38.740005,3,2,0,-29.519516,-38.740005,-49.818542,-90.000000,631,False,False,True,False,True,False
632,3,Tier 3 — Partial reversal,2,BRD-K49519144,LY-2140023,0.000000,-38.500805,-49.418000,3,2,0,-29.306268,-38.500805,-49.418000,-90.000000,632,False,False,True,False,True,False
633,3,Tier 3 — Partial reversal,2,BRD-K27499107,carbacyclin,0.000000,-42.648000,-38.385857,3,2,0,-27.011286,-38.385857,-42.648000,-90.000000,633,False,False,True,False,True,False
634,3,Tier 3 — Partial reversal,2,BRD-K77625572,etomoxir,0.000000,-52.312150,-38.218300,3,2,0,-30.176817,-38.218300,-52.312150,-90.000000,634,False,False,True,False,True,False
635,3,Tier 3 — Partial reversal,2,BRD-K87226815,cycloserine-(d),-38.196860,3.045615,-80.090904,3,2,0,-38.414050,-38.196860,-80.090904,-90.000000,635,True,False,False,False,True,False
636,3,Tier 3 — Partial reversal,2,BRD-K29113274,ketoconazole,0.000000,-38.177060,-51.334213,3,2,0,-29.837091,-38.177060,-51.334213,-90.000000,636,False,False,True,False,True,False
637,3,Tier 3 — Partial reversal,2,BRD-A38913120,BH3I-1,0.000000,-42.117878,-38.170883,3,2,0,-26.762920,-38.170883,-42.117878,-90.000000,637,False,False,True,False,True,False
638,3,Tier 3 — Partial reversal,2,BRD-K82731415,olomoucine,2.008457,-41.275345,-37.943428,3,2,0,-25.736772,-37.943428,-41.275345,-90.000000,638,False,False,True,False,True,False
639,3,Tier 3 — Partial reversal,2,BRD-K72264770,QW-BI-011,0.000000,-37.836708,-74.167120,3,2,0,-37.334609,-37.836708,-74.167120,-90.000000,639,False,False,True,False,True,False
640,3,Tier 3 — Partial reversal,2,BRD-A42346008,metanephrine,0.000000,-37.538320,-68.011750,3,2,0,-35.183357,-37.538320,-68.011750,-90.000000,640,False,False,True,False,True,False
641,3,Tier 3 — Partial reversal,2,BRD-K64245000,GW-4064,0.000000,-37.294754,-41.287870,3,2,0,-26.194208,-37.294754,-41.287870,-90.000000,641,False,False,True,False,True,False
642,3,Tier 3 — Partial reversal,2,BRD-A24228527,ofloxacin,4.545454,-58.855140,-37.287704,3,2,0,-30.532463,-37.287704,-58.855140,-90.000000,642,False,False,True,False,True,False
643,3,Tier 3 — Partial reversal,2,BRD-K31627533,rimexolone,0.000000,-39.204544,-37.072025,3,2,0,-25.425523,-37.072025,-39.204544,-90.000000,643,False,False,True,False,True,False
644,3,Tier 3 — Partial reversal,2,BRD-K14880289,GW-501516,2.959831,-36.660625,-44.852850,3,2,0,-26.184548,-36.660625,-44.852850,-90.000000,644,False,False,True,False,True,False
645,3,Tier 3 — Partial reversal,2,BRD-A98378129,talniflumate,0.000000,-36.310100,-36.302643,3,2,0,-24.204248,-36.302643,-36.310100,-90.000000,645,False,False,True,False,True,False
646,3,Tier 3 — Partial reversal,2,BRD-K15563106,phloretin,0.000000,-37.116245,-36.248770,3,2,0,-24.455005,-36.248770,-37.116245,-90.000000,646,False,False,True,False,True,False
647,3,Tier 3 — Partial reversal,2,BRD-K19533706,tranilast,0.000000,-48.171482,-36.179690,3,2,0,-28.117057,-36.179690,-48.171482,-90.000000,647,False,False,True,False,True,False
648,3,Tier 3 — Partial reversal,2,BRD-K89152108,liothyronine,0.000000,-36.099510,-53.624916,3,2,0,-29.908142,-36.099510,-53.624916,-90.000000,648,False,False,True,False,True,False
649,3,Tier 3 — Partial reversal,2,BRD-K06024458,N-arachidonyl-GABA,0.000000,-36.093826,-50.313255,3,2,0,-28.802360,-36.093826,-50.313255,-90.000000,649,False,False,True,False,True,False
650,3,Tier 3 — Partial reversal,2,BRD-K41895714,AS-605240,0.000000,-35.727528,-42.651196,3,2,0,-26.126241,-35.727528,-42.651196,-90.000000,650,False,False,True,False,True,False
651,3,Tier 3 — Partial reversal,2,BRD-K07265709,dexrazoxane,0.000000,-35.518402,-48.658905,3,2,0,-28.059102,-35.518402,-48.658905,-90.000000,651,False,False,True,False,True,False
652,3,Tier 3 — Partial reversal,2,BRD-K74763371,bosentan,0.000000,-35.480804,-41.296790,3,2,0,-25.592531,-35.480804,-41.296790,-90.000000,652,False,False,True,False,True,False
653,3,Tier 3 — Partial reversal,2,BRD-A35623999,CGP-37157,0.000000,-36.261013,-35.429730,3,2,0,-23.896914,-35.429730,-36.261013,-90.000000,653,False,False,True,False,True,False
654,3,Tier 3 — Partial reversal,2,BRD-K43149758,myricetin,0.000000,-43.037530,-35.271920,3,2,0,-26.103150,-35.271920,-43.037530,-90.000000,654,False,False,True,False,True,False
655,3,Tier 3 — Partial reversal,2,BRD-A39268308,epibatidine,12.256795,-34.566980,-39.197807,3,2,0,-20.502664,-34.566980,-39.197807,-90.000000,655,False,False,True,False,True,False
656,3,Tier 3 — Partial reversal,2,BRD-K13819402,desoxypeganine,0.000000,-51.310387,-34.381584,3,2,0,-28.563990,-34.381584,-51.310387,-90.000000,656,False,False,True,False,True,False
657,3,Tier 3 — Partial reversal,2,BRD-A29731977,17-hydroxyprogesterone-caproate,4.338247,-33.954266,-37.235554,3,2,0,-22.283858,-33.954266,-37.235554,-90.000000,657,False,False,True,False,True,False
658,3,Tier 3 — Partial reversal,2,BRD-K24994810,androstenol,0.000000,-43.960052,-33.631954,3,2,0,-25.864002,-33.631954,-43.960052,-90.000000,658,False,False,True,False,True,False
659,3,Tier 3 — Partial reversal,2,BRD-A66395008,parthenolide,0.000000,-68.246160,-33.346420,3,2,0,-33.864193,-33.346420,-68.246160,-90.000000,659,False,False,True,False,True,False
660,3,Tier 3 — Partial reversal,2,BRD-A28318179,aminomethyltransferase,0.000000,-58.428802,-33.192497,3,2,0,-30.540433,-33.192497,-58.428802,-90.000000,660,False,False,True,False,True,False
661,3,Tier 3 — Partial reversal,2,BRD-A50157456,terbutaline,0.000000,-42.802612,-33.100636,3,2,0,-25.301083,-33.100636,-42.802612,-90.000000,661,False,False,True,False,True,False
662,3,Tier 3 — Partial reversal,2,BRD-K49807096,benazepril,0.000000,-33.011806,-36.454567,3,2,0,-23.155458,-33.011806,-36.454567,-90.000000,662,False,False,True,False,True,False
663,3,Tier 3 — Partial reversal,2,BRD-A98725278,methysergide,1.021846,-32.922470,-49.065937,3,2,0,-26.988854,-32.922470,-49.065937,-90.000000,663,False,False,True,False,True,False
664,3,Tier 3 — Partial reversal,2,BRD-A16665823,butoconazole,0.000000,-50.782630,-32.632442,3,2,0,-27.805024,-32.632442,-50.782630,-90.000000,664,False,False,True,False,True,False
665,3,Tier 3 — Partial reversal,2,BRD-K05464208,JX-401,1.585624,-32.274944,-53.875427,3,2,0,-28.188249,-32.274944,-53.875427,-90.000000,665,False,False,True,False,True,False
666,3,Tier 3 — Partial reversal,2,BRD-A47706533,buthionine-sulfoximine,3.347428,-32.150240,-40.631050,3,2,0,-23.144621,-32.150240,-40.631050,-90.000000,666,False,False,True,False,True,False
667,3,Tier 3 — Partial reversal,2,BRD-K11742128,triprolidine,0.000000,-44.621677,-32.135570,3,2,0,-25.585749,-32.135570,-44.621677,-90.000000,667,False,False,True,False,True,False
668,3,Tier 3 — Partial reversal,2,BRD-A49765801,fludroxycortide,-32.036926,19.830887,-73.845870,3,2,0,-28.683970,-32.036926,-73.845870,-90.000000,668,True,False,False,False,True,False
669,3,Tier 3 — Partial reversal,2,BRD-A17819071,gedunin,0.000000,-31.732721,-33.637900,3,2,0,-21.790207,-31.732721,-33.637900,-90.000000,669,False,False,True,False,True,False
670,3,Tier 3 — Partial reversal,2,BRD-K79759585,sildenafil,0.000000,-31.675108,-41.791700,3,2,0,-24.488936,-31.675108,-41.791700,-90.000000,670,False,False,True,False,True,False
671,3,Tier 3 — Partial reversal,2,BRD-K51557114,BRD-K51557114,0.000000,-59.698788,-31.666016,3,2,0,-30.454935,-31.666016,-59.698788,-90.000000,671,False,False,True,False,True,False
672,3,Tier 3 — Partial reversal,2,BRD-K66206289,lobeline,0.000000,-56.985126,-31.288265,3,2,0,-29.424464,-31.288265,-56.985126,-90.000000,672,False,False,True,False,True,False
673,3,Tier 3 — Partial reversal,2,BRD-K21971034,OM-137,0.000000,-39.549820,-31.160496,3,2,0,-23.570105,-31.160496,-39.549820,-90.000000,673,False,False,True,False,True,False
674,3,Tier 3 — Partial reversal,2,BRD-A65615053,zacopride,0.000000,-31.032137,-37.043610,3,2,0,-22.691916,-31.032137,-37.043610,-90.000000,674,False,False,True,False,True,False
675,3,Tier 3 — Partial reversal,2,BRD-K00337317,NU-7441,59.751762,-31.649963,-31.008570,3,2,0,-0.968924,-31.008570,-31.649963,-90.000000,675,False,False,True,False,True,False
676,3,Tier 3 — Partial reversal,2,BRD-K50128260,sildenafil,-30.814380,23.593685,-35.802013,3,2,0,-14.340903,-30.814380,-35.802013,-90.000000,676,True,False,False,False,True,False
677,3,Tier 3 — Partial reversal,2,BRD-K33818169,GW-3965,0.000000,-30.765442,-79.125590,3,2,0,-36.630344,-30.765442,-79.125590,-90.000000,677,False,False,True,False,True,False
678,3,Tier 3 — Partial reversal,2,BRD-A89672324,CGP-55845,2.466093,-37.834663,-30.683111,3,2,0,-22.017227,-30.683111,-37.834663,-90.000000,678,False,False,True,False,True,False
679,3,Tier 3 — Partial reversal,2,BRD-K46419649,U0126,0.000000,-30.673542,-49.501297,3,2,0,-26.724946,-30.673542,-49.501297,-90.000000,679,False,False,True,False,True,False
680,3,Tier 3 — Partial reversal,2,BRD-A83859836,tropisetron,0.000000,-30.598743,-34.943005,3,2,0,-21.847249,-30.598743,-34.943005,-90.000000,680,False,False,True,False,True,False
681,3,Tier 3 — Partial reversal,2,BRD-K73824630,skatole,2.325581,-30.488573,-35.980846,3,2,0,-21.381279,-30.488573,-35.980846,-90.000000,681,False,False,True,False,True,False
682,3,Tier 3 — Partial reversal,2,BRD-A88282067,delcorine,0.000000,-30.283558,-31.832285,3,2,0,-20.705281,-30.283558,-31.832285,-90.000000,682,False,False,True,False,True,False
683,3,Tier 3 — Partial reversal,2,BRD-A84389633,"tropanyl-3,5-dimethylbenzoate",0.000000,-43.808662,-30.150549,3,2,0,-24.653070,-30.150549,-43.808662,-90.000000,683,False,False,True,False,True,False
684,3,Tier 3 — Partial reversal,2,BRD-K94379058,BML-190,0.000000,-30.005325,-45.187325,3,2,0,-25.064217,-30.005325,-45.187325,-90.000000,684,False,False,True,False,True,False
685,3,Tier 3 — Partial reversal,2,BRD-K19687926,lapatinib,4.228330,-29.981476,-33.703850,3,2,0,-19.818999,-29.981476,-33.703850,-90.000000,685,False,False,True,False,True,False
686,3,Tier 3 — Partial reversal,2,BRD-K05395900,nicotine,0.000000,-29.822062,-33.410217,3,2,0,-21.077426,-29.822062,-33.410217,-90.000000,686,False,False,True,False,True,False
687,3,Tier 3 — Partial reversal,2,BRD-K76568384,PHTPP,0.000000,-40.989280,-29.790054,3,2,0,-23.593111,-29.790054,-40.989280,-90.000000,687,False,False,True,False,True,False
688,3,Tier 3 — Partial reversal,2,BRD-K07507905,BRL-37344,2.139008,-50.633900,-29.760960,3,2,0,-26.085284,-29.760960,-50.633900,-90.000000,688,False,False,True,False,True,False
689,3,Tier 3 — Partial reversal,2,BRD-K75181824,acetyl-geranygeranyl-cysteine,0.000000,-29.757202,-49.917940,3,2,0,-26.558381,-29.757202,-49.917940,-90.000000,689,False,False,True,False,True,False
690,3,Tier 3 — Partial reversal,2,BRD-K35586044,yohimbine,-29.571936,7.121448,-55.196390,3,2,0,-25.882293,-29.571936,-55.196390,-90.000000,690,True,False,False,False,True,False
691,3,Tier 3 — Partial reversal,2,BRD-A73680854,PT-630,0.000000,-61.370950,-29.170360,3,2,0,-30.180437,-29.170360,-61.370950,-90.000000,691,False,False,True,False,True,False
692,3,Tier 3 — Partial reversal,2,BRD-K74284736,L-689560,0.000000,-29.140152,-48.108566,3,2,0,-25.749573,-29.140152,-48.108566,-90.000000,692,False,False,True,False,True,False
693,3,Tier 3 — Partial reversal,2,BRD-A13807286,HA-14-1,0.000000,-29.018906,-39.852080,3,2,0,-22.956995,-29.018906,-39.852080,-90.000000,693,False,False,True,False,True,False
694,3,Tier 3 — Partial reversal,2,BRD-K82823076,Ro-15-4513,0.000000,-32.754883,-28.827978,3,2,0,-20.527620,-28.827978,-32.754883,-90.000000,694,False,False,True,False,True,False
695,3,Tier 3 — Partial reversal,2,BRD-A74667430,etodolac,0.000000,-28.816240,-34.381855,3,2,0,-21.066032,-28.816240,-34.381855,-90.000000,695,False,False,True,False,True,False
696,3,Tier 3 — Partial reversal,2,BRD-K92731339,perindopril,0.000000,-28.790184,-31.557276,3,2,0,-20.115820,-28.790184,-31.557276,-90.000000,696,False,False,True,False,True,False
697,3,Tier 3 — Partial reversal,2,BRD-A90515964,guaifenesin,5.285412,-33.734035,-28.507076,3,2,0,-18.985233,-28.507076,-33.734035,-90.000000,697,False,False,True,False,True,False
698,3,Tier 3 — Partial reversal,2,BRD-K09907482,PRL-3-inhibitor-I,0.000000,-28.334888,-56.150528,3,2,0,-28.161805,-28.334888,-56.150528,-90.000000,698,False,False,True,False,True,False
699,3,Tier 3 — Partial reversal,2,BRD-K15588452,R-96544,0.000000,-33.611640,-28.266857,3,2,0,-20.626166,-28.266857,-33.611640,-90.000000,699,False,False,True,False,True,False
700,3,Tier 3 — Partial reversal,2,BRD-K62736196,guanaben-acetate,1.479915,-28.191992,-32.845947,3,2,0,-19.852675,-28.191992,-32.845947,-90.000000,700,False,False,True,False,True,False
701,3,Tier 3 — Partial reversal,2,BRD-K62982419,cilomilast,0.000000,-28.168953,-49.001534,3,2,0,-25.723496,-28.168953,-49.001534,-90.000000,701,False,False,True,False,True,False
702,3,Tier 3 — Partial reversal,2,BRD-K62206109,VUF-5681,0.000000,-44.708480,-28.024551,3,2,0,-24.244344,-28.024551,-44.708480,-90.000000,702,False,False,True,False,True,False
703,3,Tier 3 — Partial reversal,2,BRD-K45542189,diethylcarbamazine,0.000000,-27.474222,-35.812645,3,2,0,-21.095622,-27.474222,-35.812645,-90.000000,703,False,False,True,False,True,False
704,3,Tier 3 — Partial reversal,2,BRD-K17294426,clebopride,0.000000,-27.415348,-53.374220,3,2,0,-26.929856,-27.415348,-53.374220,-90.000000,704,False,False,True,False,True,False
705,3,Tier 3 — Partial reversal,2,BRD-K01555864,dibenzoylmethane,0.000000,-27.358181,-39.316010,3,2,0,-22.224730,-27.358181,-39.316010,-90.000000,705,False,False,True,False,True,False
706,3,Tier 3 — Partial reversal,2,BRD-K82484965,carmoxirole,0.000000,-45.746340,-27.207825,3,2,0,-24.318055,-27.207825,-45.746340,-90.000000,706,False,False,True,False,True,False
707,3,Tier 3 — Partial reversal,2,BRD-K70778732,trazodone,0.000000,-27.102394,-33.449554,3,2,0,-20.183983,-27.102394,-33.449554,-90.000000,707,False,False,True,False,True,False
708,3,Tier 3 — Partial reversal,2,BRD-K95237249,probenecid,0.000000,-31.417057,-26.968525,3,2,0,-19.461861,-26.968525,-31.417057,-90.000000,708,False,False,True,False,True,False
709,3,Tier 3 — Partial reversal,2,BRD-K49404994,levetiracetam,-39.240078,37.524162,-26.915934,3,2,0,-9.543950,-26.915934,-39.240078,-90.000000,709,True,False,False,False,True,False
710,3,Tier 3 — Partial reversal,2,BRD-K47693913,evoxine,8.851402,-55.430977,-26.826473,3,2,0,-24.468683,-26.826473,-55.430977,-90.000000,710,False,False,True,False,True,False
711,3,Tier 3 — Partial reversal,2,BRD-K77554836,triamcinolone,0.000000,-58.443280,-26.611897,3,2,0,-28.351726,-26.611897,-58.443280,-90.000000,711,False,False,True,False,True,False
712,3,Tier 3 — Partial reversal,2,BRD-K61480498,epoxycholesterol,0.000000,-30.934360,-26.252424,3,2,0,-19.062261,-26.252424,-30.934360,-90.000000,712,False,False,True,False,True,False
713,3,Tier 3 — Partial reversal,2,BRD-K37130656,rivaroxaban,0.000000,-25.941010,-26.293110,3,2,0,-17.411373,-25.941010,-26.293110,-90.000000,713,False,False,True,False,True,False
714,3,Tier 3 — Partial reversal,2,BRD-K12516989,zaprinast,-25.771702,28.331404,-26.394028,3,2,0,-7.944775,-25.771702,-26.394028,-90.000000,714,True,False,False,False,True,False
715,3,Tier 3 — Partial reversal,2,BRD-K50859149,sulfafurazole,0.000000,-57.222908,-25.700289,3,2,0,-27.641066,-25.700289,-57.222908,-90.000000,715,False,False,True,False,True,False
716,3,Tier 3 — Partial reversal,2,BRD-A71009679,KU-C103420N,0.000000,-55.458280,-25.512250,3,2,0,-26.990177,-25.512250,-55.458280,-90.000000,716,False,False,True,False,True,False
717,3,Tier 3 — Partial reversal,2,BRD-K56558538,ambroxol,0.000000,-40.889280,-25.433440,3,2,0,-22.107573,-25.433440,-40.889280,-90.000000,717,False,False,True,False,True,False
718,3,Tier 3 — Partial reversal,2,BRD-K38449220,seneciphylline,0.000000,-25.412443,-35.879913,3,2,0,-20.430785,-25.412443,-35.879913,-90.000000,718,False,False,True,False,True,False
719,3,Tier 3 — Partial reversal,2,BRD-K64935403,ebelactone-b,0.000000,-57.471878,-25.305063,3,2,0,-27.592314,-25.305063,-57.471878,-90.000000,719,False,False,True,False,True,False
720,3,Tier 3 — Partial reversal,2,BRD-K95309561,dienestrol,0.000000,-52.341470,-25.261360,3,2,0,-25.867610,-25.261360,-52.341470,-90.000000,720,False,False,True,False,True,False
721,3,Tier 3 — Partial reversal,2,BRD-K70301876,escitalopram,0.493305,-25.230179,-38.135420,3,2,0,-20.957431,-25.230179,-38.135420,-90.000000,721,False,False,True,False,True,False
722,3,Tier 3 — Partial reversal,2,BRD-K01663662,diphenidol,2.871008,-47.119408,-25.006779,3,2,0,-23.085060,-25.006779,-47.119408,-90.000000,722,False,False,True,False,True,False
723,3,Tier 3 — Partial reversal,2,BRD-K91696562,orantinib,0.000000,-24.911058,-70.380970,3,2,0,-31.764009,-24.911058,-70.380970,-90.000000,723,False,False,True,False,True,False
724,3,Tier 3 — Partial reversal,2,BRD-K21317336,phentolamine,0.000000,-30.546143,-24.894548,3,2,0,-18.480230,-24.894548,-30.546143,-90.000000,724,False,False,True,False,True,False
725,3,Tier 3 — Partial reversal,2,BRD-A33833419,TER-14687,2.043693,-38.197998,-24.588995,3,2,0,-20.247767,-24.588995,-38.197998,-90.000000,725,False,False,True,False,True,False
726,3,Tier 3 — Partial reversal,2,BRD-U94846492,quinine,0.000000,-24.529684,-35.652580,3,2,0,-20.060755,-24.529684,-35.652580,-90.000000,726,False,False,True,False,True,False
727,3,Tier 3 — Partial reversal,2,BRD-K40578143,GR-79236,0.000000,-26.346745,-24.500850,3,2,0,-16.949198,-24.500850,-26.346745,-90.000000,727,False,False,True,False,True,False
728,3,Tier 3 — Partial reversal,2,BRD-K35498378,alrestatin,0.000000,-39.734070,-24.017761,3,2,0,-21.250610,-24.017761,-39.734070,-90.000000,728,False,False,True,False,True,False
729,3,Tier 3 — Partial reversal,2,BRD-A22032524,amlodipine,0.281889,-44.940056,-23.941702,3,2,0,-22.866623,-23.941702,-44.940056,-90.000000,729,False,False,True,False,True,False
730,3,Tier 3 — Partial reversal,2,BRD-K85402309,dovitinib,0.000000,-30.472153,-23.390799,3,2,0,-17.954317,-23.390799,-30.472153,-90.000000,730,False,False,True,False,True,False
731,3,Tier 3 — Partial reversal,2,BRD-K57545991,enalapril,0.000000,-46.145010,-23.032910,3,2,0,-23.059307,-23.032910,-46.145010,-90.000000,731,False,False,True,False,True,False
732,3,Tier 3 — Partial reversal,2,BRD-K78280988,anandamide,0.000000,-32.597970,-22.611767,3,2,0,-18.403246,-22.611767,-32.597970,-90.000000,732,False,False,True,False,True,False
733,3,Tier 3 — Partial reversal,2,BRD-K03670461,tyrphostin-AG-82,0.000000,-40.599100,-22.547417,3,2,0,-21.048839,-22.547417,-40.599100,-90.000000,733,False,False,True,False,True,False
734,3,Tier 3 — Partial reversal,2,BRD-K15522385,cinanserin,0.000000,-22.269226,-26.441580,3,2,0,-16.236935,-22.269226,-26.441580,-90.000000,734,False,False,True,False,True,False
735,3,Tier 3 — Partial reversal,2,BRD-K50018155,RS-67506,1.973221,-22.194489,-38.662086,3,2,0,-19.627785,-22.194489,-38.662086,-90.000000,735,False,False,True,False,True,False
736,3,Tier 3 — Partial reversal,2,BRD-K21672174,Ro-28-1675,0.000000,-34.974660,-21.937473,3,2,0,-18.970711,-21.937473,-34.974660,-90.000000,736,False,False,True,False,True,False
737,3,Tier 3 — Partial reversal,2,BRD-K84085265,CG-930,0.000000,-21.909416,-26.433435,3,2,0,-16.114284,-21.909416,-26.433435,-90.000000,737,False,False,True,False,True,False
738,3,Tier 3 — Partial reversal,2,BRD-K93618743,ipriflavone,0.000000,-25.286594,-21.760155,3,2,0,-15.682250,-21.760155,-25.286594,-90.000000,738,False,False,True,False,True,False
739,3,Tier 3 — Partial reversal,2,BRD-K80396088,gliquidone,0.000000,-21.724623,-30.715700,3,2,0,-17.480108,-21.724623,-30.715700,-90.000000,739,False,False,True,False,True,False
740,3,Tier 3 — Partial reversal,2,BRD-A09472452,flecainide,0.000000,-32.143135,-21.387756,3,2,0,-17.843630,-21.387756,-32.143135,-90.000000,740,False,False,True,False,True,False
741,3,Tier 3 — Partial reversal,2,BRD-K28452084,BRD-K28452084,-22.119246,32.071117,-21.079924,3,2,0,-3.709351,-21.079924,-22.119246,-90.000000,741,True,False,False,False,True,False
742,3,Tier 3 — Partial reversal,2,BRD-A38030642,cyclosporin-a,8.785809,-38.283497,-21.020800,3,2,0,-16.839496,-21.020800,-38.283497,-90.000000,742,False,False,True,False,True,False
743,3,Tier 3 — Partial reversal,2,BRD-K93176058,AC-55649,0.000000,-21.009426,-37.437927,3,2,0,-19.482451,-21.009426,-37.437927,-90.000000,743,False,False,True,False,True,False
744,3,Tier 3 — Partial reversal,2,BRD-A05680309,BRD-A05680309,0.000000,-20.738321,-28.278618,3,2,0,-16.338980,-20.738321,-28.278618,-90.000000,744,False,False,True,False,True,False
745,3,Tier 3 — Partial reversal,2,BRD-K49027941,PSB-1115,0.000000,-30.926748,-20.696781,3,2,0,-17.207843,-20.696781,-30.926748,-90.000000,745,False,False,True,False,True,False
746,3,Tier 3 — Partial reversal,2,BRD-K18787491,U-0126,0.000000,-20.460730,-21.814728,3,2,0,-14.091819,-20.460730,-21.814728,-90.000000,746,False,False,True,False,True,False
747,3,Tier 3 — Partial reversal,2,BRD-K95739795,tetrabenazine,0.000000,-35.646782,-19.934326,3,2,0,-18.527036,-19.934326,-35.646782,-90.000000,747,False,False,True,False,True,False
748,3,Tier 3 — Partial reversal,2,BRD-A93255169,thalidomide,0.000000,-19.807978,-24.280853,3,2,0,-14.696277,-19.807978,-24.280853,-90.000000,748,False,False,True,False,True,False
749,3,Tier 3 — Partial reversal,2,BRD-K06817181,"1,2,3,4,5,6-hexabromocyclohexane",0.000000,-19.706755,-30.655073,3,2,0,-16.787276,-19.706755,-30.655073,-90.000000,749,False,False,True,False,True,False
750,3,Tier 3 — Partial reversal,2,BRD-K83153774,mirtazapine,12.717055,-25.916130,-19.578110,3,2,0,-10.925728,-19.578110,-25.916130,-90.000000,750,False,False,True,False,True,False
751,3,Tier 3 — Partial reversal,2,BRD-K10176267,L-701252,2.868962,-19.549429,-19.975279,3,2,0,-12.218582,-19.549429,-19.975279,-90.000000,751,False,False,True,False,True,False
752,3,Tier 3 — Partial reversal,2,BRD-K93258693,GW-9662,0.000000,-25.939274,-19.525488,3,2,0,-15.154921,-19.525488,-25.939274,-90.000000,752,False,False,True,False,True,False
753,3,Tier 3 — Partial reversal,2,BRD-U97083655,teicoplanin,2.783650,-30.491318,-19.261986,3,2,0,-15.656551,-19.261986,-30.491318,-90.000000,753,False,False,True,False,True,False
754,3,Tier 3 — Partial reversal,2,BRD-K67013324,luzindole,1.726568,-19.203870,-20.814861,3,2,0,-12.764054,-19.203870,-20.814861,-90.000000,754,False,False,True,False,True,False
755,3,Tier 3 — Partial reversal,2,BRD-K26373640,IKK-2-inhibitor,0.000000,-19.180298,-33.437637,3,2,0,-17.539312,-19.180298,-33.437637,-90.000000,755,False,False,True,False,True,False
756,3,Tier 3 — Partial reversal,2,BRD-K51033547,tramadol,0.000000,-19.178130,-25.932953,3,2,0,-15.037028,-19.178130,-25.932953,-90.000000,756,False,False,True,False,True,False
757,3,Tier 3 — Partial reversal,2,BRD-K54416256,methimazole,0.000000,-20.664387,-19.173570,3,2,0,-13.279319,-19.173570,-20.664387,-90.000000,757,False,False,True,False,True,False
758,3,Tier 3 — Partial reversal,2,BRD-K83289131,CAY-10618,1.761804,-19.009396,-53.057034,3,2,0,-23.434875,-19.009396,-53.057034,-90.000000,758,False,False,True,False,True,False
759,3,Tier 3 — Partial reversal,2,BRD-K00662280,CL-218872,0.000000,-22.977943,-18.940166,3,2,0,-13.972703,-18.940166,-22.977943,-90.000000,759,False,False,True,False,True,False
760,3,Tier 3 — Partial reversal,2,BRD-K54210043,NS-1619,0.000000,-34.515903,-18.887526,3,2,0,-17.801143,-18.887526,-34.515903,-90.000000,760,False,False,True,False,True,False
761,3,Tier 3 — Partial reversal,2,BRD-K56658166,BRD-K56658166,82.452600,-18.270040,-21.808740,3,2,0,14.124607,-18.270040,-21.808740,-90.000000,761,False,False,True,False,True,False
762,3,Tier 3 — Partial reversal,2,BRD-K84175871,pseudoephedrine,0.000000,-18.180683,-29.181225,3,2,0,-15.787303,-18.180683,-29.181225,-90.000000,762,False,False,True,False,True,False
763,3,Tier 3 — Partial reversal,2,BRD-K86682249,BRD-K86682249,0.023749,-18.802755,-18.120808,3,2,0,-12.299938,-18.120808,-18.802755,-90.000000,763,False,False,True,False,True,False
764,3,Tier 3 — Partial reversal,2,BRD-A65597028,RX-821002,0.000000,-18.120504,-34.733880,3,2,0,-17.618128,-18.120504,-34.733880,-90.000000,764,False,False,True,False,True,False
765,3,Tier 3 — Partial reversal,2,BRD-K59851896,calycanthine,0.000000,-25.316456,-17.688750,3,2,0,-14.335069,-17.688750,-25.316456,-90.000000,765,False,False,True,False,True,False
766,3,Tier 3 — Partial reversal,2,BRD-M07438658,lapatinib,0.000000,-31.599869,-17.663248,3,2,0,-16.421039,-17.663248,-31.599869,-90.000000,766,False,False,True,False,True,False
767,3,Tier 3 — Partial reversal,2,BRD-K16233984,eriochrome-black-t,0.000000,-17.544893,-28.738140,3,2,0,-15.427678,-17.544893,-28.738140,-90.000000,767,False,False,True,False,True,False
768,3,Tier 3 — Partial reversal,2,BRD-K54314721,zolmitriptan,0.022399,-31.314537,-17.543356,3,2,0,-16.278498,-17.543356,-31.314537,-90.000000,768,False,False,True,False,True,False
769,3,Tier 3 — Partial reversal,2,BRD-K64610608,EMF-BCA1-57,0.528541,-17.123022,-30.978567,3,2,0,-15.857683,-17.123022,-30.978567,-90.000000,769,False,False,True,False,True,False
770,3,Tier 3 — Partial reversal,2,BRD-K21009077,BRD-K21009077,0.000000,-21.818540,-17.008041,3,2,0,-12.942194,-17.008041,-21.818540,-90.000000,770,False,False,True,False,True,False
771,3,Tier 3 — Partial reversal,2,BRD-K31553034,zibotentan,1.303735,-31.146858,-16.992252,3,2,0,-15.611792,-16.992252,-31.146858,-90.000000,771,False,False,True,False,True,False
772,3,Tier 3 — Partial reversal,2,BRD-K16604360,BRD-K16604360,0.157381,-27.720720,-16.837446,3,2,0,-14.800262,-16.837446,-27.720720,-90.000000,772,False,False,True,False,True,False
773,3,Tier 3 — Partial reversal,2,BRD-A10303790,talampicillin,0.000000,-16.734034,-23.003660,3,2,0,-13.245898,-16.734034,-23.003660,-90.000000,773,False,False,True,False,True,False
774,3,Tier 3 — Partial reversal,2,BRD-K11433652,aspirin,-16.641079,-75.035300,0.000000,3,2,0,-30.558793,-16.641079,-75.035300,-90.000000,774,True,False,True,False,False,False
775,3,Tier 3 — Partial reversal,2,BRD-K51730347,diphencyprone,0.961415,-21.774510,-16.552792,3,2,0,-12.455296,-16.552792,-21.774510,-90.000000,775,False,False,True,False,True,False
776,3,Tier 3 — Partial reversal,2,BRD-A25143711,hydrocortisone-valerate,0.000000,-23.299532,-16.543720,3,2,0,-13.281084,-16.543720,-23.299532,-90.000000,776,False,False,True,False,True,False
777,3,Tier 3 — Partial reversal,2,BRD-K92758126,MD-920,-20.548977,34.781555,-16.468128,3,2,0,-0.745183,-16.468128,-20.548977,-90.000000,777,True,False,False,False,True,False
778,3,Tier 3 — Partial reversal,2,BRD-K51941867,LM-1685,0.000000,-30.872517,-16.454449,3,2,0,-15.775655,-16.454449,-30.872517,-90.000000,778,False,False,True,False,True,False
779,3,Tier 3 — Partial reversal,2,BRD-A43849199,karakoline,-16.167942,25.222265,-21.997152,3,2,0,-4.314276,-16.167942,-21.997152,-90.000000,779,True,False,False,False,True,False
780,3,Tier 3 — Partial reversal,2,BRD-K41051431,mecillinam,2.713178,-32.876810,-16.024307,3,2,0,-15.395980,-16.024307,-32.876810,-90.000000,780,False,False,True,False,True,False
781,3,Tier 3 — Partial reversal,2,BRD-A97104540,fenoterol,0.000000,-35.289974,-15.978283,3,2,0,-17.089419,-15.978283,-35.289974,-90.000000,781,False,False,True,False,True,False
782,3,Tier 3 — Partial reversal,2,BRD-K68867920,quetiapine,0.023233,-20.120665,-15.873879,3,2,0,-11.990437,-15.873879,-20.120665,-90.000000,782,False,False,True,False,True,False
783,3,Tier 3 — Partial reversal,2,BRD-K43880410,pregnenolone,0.000000,-60.304565,-15.854885,3,2,0,-25.386483,-15.854885,-60.304565,-90.000000,783,False,False,True,False,True,False
784,3,Tier 3 — Partial reversal,2,BRD-A26199074,calmidazolium,3.000068,-15.833775,-17.101383,3,2,0,-9.978363,-15.833775,-17.101383,-90.000000,784,False,False,True,False,True,False
785,3,Tier 3 — Partial reversal,2,BRD-K46652470,nizatidine,0.000000,-15.810411,-26.801110,3,2,0,-14.203840,-15.810411,-26.801110,-90.000000,785,False,False,True,False,True,False
786,3,Tier 3 — Partial reversal,2,BRD-K39520573,GW-5074,2.290345,-41.322540,-15.574613,3,2,0,-18.202269,-15.574613,-41.322540,-90.000000,786,False,False,True,False,True,False
787,3,Tier 3 — Partial reversal,2,BRD-K70883034,nimetazepam,0.000000,-15.535405,-56.939976,3,2,0,-24.158460,-15.535405,-56.939976,-90.000000,787,False,False,True,False,True,False
788,3,Tier 3 — Partial reversal,2,BRD-A74269027,isoxsuprine,0.000000,-15.470020,-16.242676,3,2,0,-10.570899,-15.470020,-16.242676,-90.000000,788,False,False,True,False,True,False
789,3,Tier 3 — Partial reversal,2,BRD-A55756846,H-7,0.000000,-32.770420,-15.438509,3,2,0,-16.069643,-15.438509,-32.770420,-90.000000,789,False,False,True,False,True,False
790,3,Tier 3 — Partial reversal,2,BRD-K20313525,rosmarinic-acid,0.000000,-15.409084,-27.930290,3,2,0,-14.446458,-15.409084,-27.930290,-90.000000,790,False,False,True,False,True,False
791,3,Tier 3 — Partial reversal,2,BRD-K77793136,hydroxyfasudil,0.000000,-45.207280,-15.369286,3,2,0,-20.192189,-15.369286,-45.207280,-90.000000,791,False,False,True,False,True,False
792,3,Tier 3 — Partial reversal,2,BRD-A56245458,reichstein,0.000000,-21.196735,-15.324914,3,2,0,-12.173883,-15.324914,-21.196735,-90.000000,792,False,False,True,False,True,False
793,3,Tier 3 — Partial reversal,2,BRD-K54790157,trioxsalen,0.000000,-22.244423,-15.280796,3,2,0,-12.508406,-15.280796,-22.244423,-90.000000,793,False,False,True,False,True,False
794,3,Tier 3 — Partial reversal,2,BRD-K61097567,SB-218795,0.000000,-18.610065,-15.247704,3,2,0,-11.285923,-15.247704,-18.610065,-90.000000,794,False,False,True,False,True,False
795,3,Tier 3 — Partial reversal,2,BRD-K26979635,NS-3694,0.000000,-30.994476,-15.185964,3,2,0,-15.393480,-15.185964,-30.994476,-90.000000,795,False,False,True,False,True,False
796,3,Tier 3 — Partial reversal,2,BRD-K60690191,MPEP,0.000000,-76.639565,-15.162719,3,2,0,-30.600761,-15.162719,-76.639565,-90.000000,796,False,False,True,False,True,False
797,3,Tier 3 — Partial reversal,2,BRD-A75517195,thiazolopyrimidine,-15.152716,5.240394,-26.256615,3,2,0,-12.056312,-15.152716,-26.256615,-90.000000,797,True,False,False,False,True,False
798,3,Tier 3 — Partial reversal,2,BRD-K37456065,VU-0365114-2,0.000000,-15.150288,-29.919231,3,2,0,-15.023173,-15.150288,-29.919231,-90.000000,798,False,False,True,False,True,False
799,3,Tier 3 — Partial reversal,2,BRD-K10573841,tunicamycin,12.512357,-15.148933,-38.239430,3,2,0,-13.625335,-15.148933,-38.239430,-90.000000,799,False,False,True,False,True,False
800,3,Tier 3 — Partial reversal,2,BRD-K26521938,dinoprostone,0.000000,-15.081528,-29.005198,3,2,0,-14.695575,-15.081528,-29.005198,-90.000000,800,False,False,True,False,True,False
801,3,Tier 3 — Partial reversal,2,BRD-A75455249,kavain,0.000000,-14.973498,-16.929043,3,2,0,-10.634180,-14.973498,-16.929043,-90.000000,801,False,False,True,False,True,False
802,3,Tier 3 — Partial reversal,2,BRD-K85119730,tolbutamide,0.000000,-22.513252,-14.863995,3,2,0,-12.459082,-14.863995,-22.513252,-90.000000,802,False,False,True,False,True,False
803,3,Tier 3 — Partial reversal,2,BRD-K09900591,caffeic-acid,0.000000,-38.950470,-14.783591,3,2,0,-17.911354,-14.783591,-38.950470,-90.000000,803,False,False,True,False,True,False
804,3,Tier 3 — Partial reversal,2,BRD-K81709173,halcinonide,1.268499,-14.737691,-46.608780,3,2,0,-20.025991,-14.737691,-46.608780,-90.000000,804,False,False,True,False,True,False
805,3,Tier 3 — Partial reversal,2,BRD-A83081521,finasteride,0.000000,-58.401800,-14.556753,3,2,0,-24.319518,-14.556753,-58.401800,-90.000000,805,False,False,True,False,True,False
806,3,Tier 3 — Partial reversal,2,BRD-K48115423,2-(4-methoxybenzylthio)-6-methylpyrimidin-4-ol,0.000000,-37.311516,-14.541876,3,2,0,-17.284464,-14.541876,-37.311516,-90.000000,806,False,False,True,False,True,False
807,3,Tier 3 — Partial reversal,2,BRD-K77390737,xanthohumol,11.379644,-48.780200,-14.538889,3,2,0,-17.313148,-14.538889,-48.780200,-90.000000,807,False,False,True,False,True,False
808,3,Tier 3 — Partial reversal,2,BRD-K07859598,GW-5074,0.000000,-14.430531,-25.599953,3,2,0,-13.343495,-14.430531,-25.599953,-90.000000,808,False,False,True,False,True,False
809,3,Tier 3 — Partial reversal,2,BRD-A44090213,indoprofen,0.000000,-34.819190,-14.352799,3,2,0,-16.390663,-14.352799,-34.819190,-90.000000,809,False,False,True,False,True,False
810,3,Tier 3 — Partial reversal,2,BRD-K10177585,PSB-11,-40.056114,46.000450,-14.307788,3,2,0,-2.787817,-14.307788,-40.056114,-90.000000,810,True,False,False,False,True,False
811,3,Tier 3 — Partial reversal,2,BRD-K32292990,CGP-53353,5.667893,-14.274622,-26.929258,3,2,0,-11.845329,-14.274622,-26.929258,-90.000000,811,False,False,True,False,True,False
812,3,Tier 3 — Partial reversal,2,BRD-A84493640,atovaquone,56.658783,-14.250115,-55.526512,3,2,0,-4.372615,-14.250115,-55.526512,-90.000000,812,False,False,True,False,True,False
813,3,Tier 3 — Partial reversal,2,BRD-K38775274,dexamethasone,0.035236,-14.158325,-24.615940,3,2,0,-12.913010,-14.158325,-24.615940,-90.000000,813,False,False,True,False,True,False
814,3,Tier 3 — Partial reversal,2,BRD-K17693482,BRD-K17693482,0.000000,-17.823586,-14.120054,3,2,0,-10.647880,-14.120054,-17.823586,-90.000000,814,False,False,True,False,True,False
815,3,Tier 3 — Partial reversal,2,BRD-A56987319,SQ-22536,0.000000,-17.776590,-14.076845,3,2,0,-10.617812,-14.076845,-17.776590,-90.000000,815,False,False,True,False,True,False
816,3,Tier 3 — Partial reversal,2,BRD-K40742111,baeomycesic-acid,-14.007999,-36.773888,20.886703,3,2,0,-9.965061,-14.007999,-36.773888,-90.000000,816,True,False,True,False,False,False
817,3,Tier 3 — Partial reversal,2,BRD-K91701654,U-0126,0.704722,-16.664555,-13.887339,3,2,0,-9.949057,-13.887339,-16.664555,-90.000000,817,False,False,True,False,True,False
818,3,Tier 3 — Partial reversal,2,BRD-K81062487,taurocholic-acid,4.580691,-22.325144,-13.774456,3,2,0,-10.506303,-13.774456,-22.325144,-90.000000,818,False,False,True,False,True,False
819,3,Tier 3 — Partial reversal,2,BRD-K10670311,sulfasalazine,-18.050606,23.276780,-13.740946,3,2,0,-2.838257,-13.740946,-18.050606,-90.000000,819,True,False,False,False,True,False
820,3,Tier 3 — Partial reversal,2,BRD-A41630653,BRD-A41630653,0.000000,-40.289722,-13.717612,3,2,0,-18.002445,-13.717612,-40.289722,-90.000000,820,False,False,True,False,True,False
821,3,Tier 3 — Partial reversal,2,BRD-A07000685,hydrocortisone-hemisuccinate,0.000000,-13.657474,-21.510254,3,2,0,-11.722576,-13.657474,-21.510254,-90.000000,821,False,False,True,False,True,False
822,3,Tier 3 — Partial reversal,2,BRD-A80383043,4-carboxy-3-hydroxyphenylglycine-(RS),0.000000,-26.860548,-13.612007,3,2,0,-13.490852,-13.612007,-26.860548,-90.000000,822,False,False,True,False,True,False
823,3,Tier 3 — Partial reversal,2,BRD-K08703257,3-amino-benzamide,0.000000,-21.064146,-13.528574,3,2,0,-11.530907,-13.528574,-21.064146,-90.000000,823,False,False,True,False,True,False
824,3,Tier 3 — Partial reversal,2,BRD-K67298865,SB-431542,-17.433710,14.403412,-13.470146,3,2,0,-5.500148,-13.470146,-17.433710,-90.000000,824,True,False,False,False,True,False
825,3,Tier 3 — Partial reversal,2,BRD-K03015355,forskolin,0.000000,-13.284973,-16.132710,3,2,0,-9.805894,-13.284973,-16.132710,-90.000000,825,False,False,True,False,True,False
826,3,Tier 3 — Partial reversal,2,BRD-A58157837,butabindide,0.000000,-13.257112,-32.791344,3,2,0,-15.349486,-13.257112,-32.791344,-90.000000,826,False,False,True,False,True,False
827,3,Tier 3 — Partial reversal,2,BRD-K89014967,AS-703026,0.000000,-13.138687,-30.193052,3,2,0,-14.443913,-13.138687,-30.193052,-90.000000,827,False,False,True,False,True,False
828,3,Tier 3 — Partial reversal,2,BRD-A79314293,cephalosporanic-acid,0.000000,-13.107523,-44.045406,3,2,0,-19.050976,-13.107523,-44.045406,-90.000000,828,False,False,True,False,True,False
829,3,Tier 3 — Partial reversal,2,BRD-A23359898,sibutramine,1.832276,-13.056316,-18.219818,3,2,0,-9.814619,-13.056316,-18.219818,-90.000000,829,False,False,True,False,True,False
830,3,Tier 3 — Partial reversal,2,BRD-K76674262,homoharringtonine,0.000000,-44.295868,-13.042637,3,2,0,-19.112835,-13.042637,-44.295868,-90.000000,830,False,False,True,False,True,False
831,3,Tier 3 — Partial reversal,2,BRD-K63195589,tipifarnib,46.665398,-12.970555,-84.848920,3,2,0,-17.051359,-12.970555,-84.848920,-90.000000,831,False,False,True,False,True,False
832,3,Tier 3 — Partial reversal,2,BRD-K10207760,lasalocid,8.822428,-25.181383,-12.824053,3,2,0,-9.727669,-12.824053,-25.181383,-90.000000,832,False,False,True,False,True,False
833,3,Tier 3 — Partial reversal,2,BRD-K93280214,gabazine,0.000000,-24.899536,-12.670221,3,2,0,-12.523252,-12.670221,-24.899536,-90.000000,833,False,False,True,False,True,False
834,3,Tier 3 — Partial reversal,2,BRD-M00539986,formoterol,0.775194,-38.873610,-12.556725,3,2,0,-16.885047,-12.556725,-38.873610,-90.000000,834,False,False,True,False,True,False
835,3,Tier 3 — Partial reversal,2,BRD-K28428262,brivanib,0.000000,-12.508809,-39.606220,3,2,0,-17.371676,-12.508809,-39.606220,-90.000000,835,False,False,True,False,True,False
836,3,Tier 3 — Partial reversal,2,BRD-K93461745,buspirone,0.634249,-12.475911,-18.959198,3,2,0,-10.266953,-12.475911,-18.959198,-90.000000,836,False,False,True,False,True,False
837,3,Tier 3 — Partial reversal,2,BRD-K91315211,betahistine,0.000000,-38.541985,-12.270323,3,2,0,-16.937436,-12.270323,-38.541985,-90.000000,837,False,False,True,False,True,False
838,3,Tier 3 — Partial reversal,2,BRD-K21520694,sulfacetamide,0.000000,-12.260646,-19.333723,3,2,0,-10.531456,-12.260646,-19.333723,-90.000000,838,False,False,True,False,True,False
839,3,Tier 3 — Partial reversal,2,BRD-A53131506,epitestosterone,0.000000,-12.111186,-24.843056,3,2,0,-12.318081,-12.111186,-24.843056,-90.000000,839,False,False,True,False,True,False
840,3,Tier 3 — Partial reversal,2,BRD-A25576662,streptozotocin,5.910544,-12.014807,-25.219866,3,2,0,-10.441376,-12.014807,-25.219866,-90.000000,840,False,False,True,False,True,False
841,3,Tier 3 — Partial reversal,2,BRD-K14048378,BRD-K14048378,0.000000,-16.620060,-11.949454,3,2,0,-9.523171,-11.949454,-16.620060,-90.000000,841,False,False,True,False,True,False
842,3,Tier 3 — Partial reversal,2,BRD-K91485395,BRD-K91485395,0.000000,-11.923719,-12.533664,3,2,0,-8.152461,-11.923719,-12.533664,-90.000000,842,False,False,True,False,True,False
843,3,Tier 3 — Partial reversal,2,BRD-K02275692,cefotiam,1.233263,-11.874559,-13.973709,3,2,0,-8.205002,-11.874559,-13.973709,-90.000000,843,False,False,True,False,True,False
844,3,Tier 3 — Partial reversal,2,BRD-K27665173,D-64406,0.563777,-11.862955,-40.034320,3,2,0,-17.111166,-11.862955,-40.034320,-90.000000,844,False,False,True,False,True,False
845,3,Tier 3 — Partial reversal,2,BRD-K57569181,pentoxifylline,0.000000,-11.528463,-18.548008,3,2,0,-10.025490,-11.528463,-18.548008,-90.000000,845,False,False,True,False,True,False
846,3,Tier 3 — Partial reversal,2,BRD-K64857848,XMD-885,0.000000,-23.223192,-11.512903,3,2,0,-11.578698,-11.512903,-23.223192,-90.000000,846,False,False,True,False,True,False
847,3,Tier 3 — Partial reversal,2,BRD-K21350491,phenamil,-33.413185,-11.485888,0.000000,3,2,0,-14.966358,-11.485888,-33.413185,-90.000000,847,True,False,True,False,False,False
848,3,Tier 3 — Partial reversal,2,BRD-K53318339,vinpocetine,0.000000,-11.458682,-17.596035,3,2,0,-9.684906,-11.458682,-17.596035,-90.000000,848,False,False,True,False,True,False
849,3,Tier 3 — Partial reversal,2,BRD-K72222507,quinapril,0.916138,-18.010590,-11.448687,3,2,0,-9.514380,-11.448687,-18.010590,-90.000000,849,False,False,True,False,True,False
850,3,Tier 3 — Partial reversal,2,BRD-K95202259,ML-3163,0.000000,-11.362823,-16.963062,3,2,0,-9.441962,-11.362823,-16.963062,-90.000000,850,False,False,True,False,True,False
851,3,Tier 3 — Partial reversal,2,BRD-A64479082,quinidine,2.431290,-11.069737,-23.444118,3,2,0,-10.694188,-11.069737,-23.444118,-90.000000,851,False,False,True,False,True,False
852,3,Tier 3 — Partial reversal,2,BRD-K01095011,finasteride,0.493305,-10.893433,-19.367464,3,2,0,-9.922531,-10.893433,-19.367464,-90.000000,852,False,False,True,False,True,False
853,3,Tier 3 — Partial reversal,2,BRD-A44827100,erythromycin,0.000000,-10.865241,-21.181591,3,2,0,-10.682277,-10.865241,-21.181591,-90.000000,853,False,False,True,False,True,False
854,3,Tier 3 — Partial reversal,2,BRD-A37780065,triamcinolone,3.655008,-10.818613,-34.330254,3,2,0,-13.831286,-10.818613,-34.330254,-90.000000,854,False,False,True,False,True,False
855,3,Tier 3 — Partial reversal,2,BRD-K30189597,SYK-inhibitor,0.000000,-31.987823,-10.815294,3,2,0,-14.267706,-10.815294,-31.987823,-90.000000,855,False,False,True,False,True,False
856,3,Tier 3 — Partial reversal,2,BRD-A00100033,nifurtimox,1.365289,-11.371738,-10.807934,3,2,0,-6.938128,-10.807934,-11.371738,-90.000000,856,False,False,True,False,True,False
857,3,Tier 3 — Partial reversal,2,BRD-K10136726,tosyllysyl-chloromethyl-ketone,0.739958,-10.793091,-17.156162,3,2,0,-9.069765,-10.793091,-17.156162,-90.000000,857,False,False,True,False,True,False
858,3,Tier 3 — Partial reversal,2,BRD-K48367671,febuxostat,0.000000,-17.332972,-10.775507,3,2,0,-9.369493,-10.775507,-17.332972,-90.000000,858,False,False,True,False,True,False
859,3,Tier 3 — Partial reversal,2,BRD-K11399644,phenformin,0.000000,-16.837622,-10.673890,3,2,0,-9.170504,-10.673890,-16.837622,-90.000000,859,False,False,True,False,True,False
860,3,Tier 3 — Partial reversal,2,BRD-K32830106,guanfacine,28.840813,-10.634830,-14.916371,3,2,0,1.096538,-10.634830,-14.916371,-90.000000,860,False,False,True,False,True,False
861,3,Tier 3 — Partial reversal,2,BRD-K56231354,triprolidine,0.000000,-11.296581,-10.601351,3,2,0,-7.299311,-10.601351,-11.296581,-90.000000,861,False,False,True,False,True,False
862,3,Tier 3 — Partial reversal,2,BRD-K10852020,tolcapone,0.000000,-19.783361,-10.552361,3,2,0,-10.111907,-10.552361,-19.783361,-90.000000,862,False,False,True,False,True,False
863,3,Tier 3 — Partial reversal,2,BRD-K12401458,BRD-K12401458,-40.306500,-10.469114,12.295811,3,2,0,-12.826601,-10.469114,-40.306500,-90.000000,863,True,False,True,False,False,False
864,3,Tier 3 — Partial reversal,2,BRD-K14550461,doxercalciferol,0.000000,-20.646107,-10.410500,3,2,0,-10.352202,-10.410500,-20.646107,-90.000000,864,False,False,True,False,True,False
865,3,Tier 3 — Partial reversal,2,BRD-K82688027,RG-13022,-10.681366,-10.321135,2.536998,3,2,0,-6.155168,-10.321135,-10.681366,-90.000000,865,True,False,True,False,False,False
866,3,Tier 3 — Partial reversal,2,BRD-A96255180,ribavirin,0.000000,-23.488110,-10.245821,3,2,0,-11.244644,-10.245821,-23.488110,-90.000000,866,False,False,True,False,True,False
867,3,Tier 3 — Partial reversal,2,BRD-A09056319,alfuzosin,0.211417,-10.709094,-10.162656,3,2,0,-6.886778,-10.162656,-10.709094,-90.000000,867,False,False,True,False,True,False
868,3,Tier 3 — Partial reversal,2,BRD-K35941380,methysergide,0.000000,-53.410583,-10.147991,3,2,0,-21.186191,-10.147991,-53.410583,-90.000000,868,False,False,True,False,True,False
869,3,Tier 3 — Partial reversal,2,BRD-K60487568,SU-4312,0.000000,-10.012097,-51.043995,3,2,0,-20.352031,-10.012097,-51.043995,-90.000000,869,False,False,True,False,True,False
870,3,Tier 3 — Partial reversal,2,BRD-A41555725,chlortetracycline,0.000000,-38.530050,-9.942385,3,2,0,-16.157478,-9.942385,-38.530050,-90.000000,870,False,False,True,False,True,False
871,3,Tier 3 — Partial reversal,2,BRD-K61314889,endo-IWR-1,10.029966,-40.875793,-9.937066,3,2,0,-13.594298,-9.937066,-40.875793,-90.000000,871,False,False,True,False,True,False
872,3,Tier 3 — Partial reversal,2,BRD-A41145729,methoprene-acid,0.000000,-9.909597,-15.044142,3,2,0,-8.317913,-9.909597,-15.044142,-90.000000,872,False,False,True,False,True,False
873,3,Tier 3 — Partial reversal,2,BRD-A25234499,aminoglutethimide,0.000000,-11.181035,-9.845786,3,2,0,-7.008940,-9.845786,-11.181035,-90.000000,873,False,False,True,False,True,False
874,3,Tier 3 — Partial reversal,2,BRD-K35708212,ouabain,0.000000,-9.840159,-11.511603,3,2,0,-7.117254,-9.840159,-11.511603,-90.000000,874,False,False,True,False,True,False
875,3,Tier 3 — Partial reversal,2,BRD-K19507340,megestrol,0.017834,-9.690260,-21.063770,3,2,0,-10.245399,-9.690260,-21.063770,-90.000000,875,False,False,True,False,True,False
876,3,Tier 3 — Partial reversal,2,BRD-K76805682,SB-415286,-14.662604,1.656096,-9.444998,3,2,0,-7.483835,-9.444998,-14.662604,-90.000000,876,True,False,False,False,True,False
877,3,Tier 3 — Partial reversal,2,BRD-A44008656,doxylamine,0.000000,-9.443270,-26.018879,3,2,0,-11.820716,-9.443270,-26.018879,-90.000000,877,False,False,True,False,True,False
878,3,Tier 3 — Partial reversal,2,BRD-A79903587,tegafur,0.000000,-9.430094,-16.941366,3,2,0,-8.790487,-9.430094,-16.941366,-90.000000,878,False,False,True,False,True,False
879,3,Tier 3 — Partial reversal,2,BRD-K60640630,mometasone,5.351136,-9.345024,-21.013996,3,2,0,-8.335961,-9.345024,-21.013996,-90.000000,879,False,False,True,False,True,False
880,3,Tier 3 — Partial reversal,2,BRD-A22844106,tenoxicam,0.000000,-9.191566,-19.377579,3,2,0,-9.523048,-9.191566,-19.377579,-90.000000,880,False,False,True,False,True,False
881,3,Tier 3 — Partial reversal,2,BRD-K84566043,fenpiverinium,-9.161382,4.973015,-49.265152,3,2,0,-17.817840,-9.161382,-49.265152,-90.000000,881,True,False,False,False,True,False
882,3,Tier 3 — Partial reversal,2,BRD-K13533483,cyclosporin-a,0.000000,-9.136940,-11.416927,3,2,0,-6.851289,-9.136940,-11.416927,-90.000000,882,False,False,True,False,True,False
883,3,Tier 3 — Partial reversal,2,BRD-K11163873,phenanthridone,0.000000,-9.116441,-24.720982,3,2,0,-11.279141,-9.116441,-24.720982,-90.000000,883,False,False,True,False,True,False
884,3,Tier 3 — Partial reversal,2,BRD-K94080537,diethyltoluamide,0.000000,-8.973661,-13.495420,3,2,0,-7.489694,-8.973661,-13.495420,-90.000000,884,False,False,True,False,True,False
885,3,Tier 3 — Partial reversal,2,BRD-K40887525,ritanserin,0.000000,-22.351492,-8.809450,3,2,0,-10.386981,-8.809450,-22.351492,-90.000000,885,False,False,True,False,True,False
886,3,Tier 3 — Partial reversal,2,BRD-K24675965,LY-288513,1.127555,-8.642786,-16.455250,3,2,0,-7.990160,-8.642786,-16.455250,-90.000000,886,False,False,True,False,True,False
887,3,Tier 3 — Partial reversal,2,BRD-K31268420,NSC-693868,0.000000,-8.627221,-29.141724,3,2,0,-12.589648,-8.627221,-29.141724,-90.000000,887,False,False,True,False,True,False
888,3,Tier 3 — Partial reversal,2,BRD-A95939040,sertaconazole,0.000000,-18.393246,-8.602415,3,2,0,-8.998554,-8.602415,-18.393246,-90.000000,888,False,False,True,False,True,False
889,3,Tier 3 — Partial reversal,2,BRD-K83063356,RS-102895,0.000000,-15.178069,-8.597604,3,2,0,-7.925224,-8.597604,-15.178069,-90.000000,889,False,False,True,False,True,False
890,3,Tier 3 — Partial reversal,2,BRD-A22769835,homochlorcyclizine,0.493305,-8.586811,-38.987090,3,2,0,-15.693532,-8.586811,-38.987090,-90.000000,890,False,False,True,False,True,False
891,3,Tier 3 — Partial reversal,2,BRD-K31611373,fluprostenol,-27.469269,3.025396,-8.573758,3,2,0,-11.005877,-8.573758,-27.469269,-90.000000,891,True,False,False,False,True,False
892,3,Tier 3 — Partial reversal,2,BRD-K72541103,JAK3-inhibitor-I,7.175425,-8.558803,-18.520750,3,2,0,-6.634709,-8.558803,-18.520750,-90.000000,892,False,False,True,False,True,False
893,3,Tier 3 — Partial reversal,2,BRD-K71103788,duloxetine,,-8.550344,-8.566720,2,2,0,-8.558532,-8.558532,-8.566720,-90.000000,893,False,False,True,False,True,False
894,3,Tier 3 — Partial reversal,2,BRD-K40227168,vinburnine,0.000000,-34.235190,-8.549786,3,2,0,-14.261659,-8.549786,-34.235190,-90.000000,894,False,False,True,False,True,False
895,3,Tier 3 — Partial reversal,2,BRD-K52512893,SC-19220,0.000000,-8.532842,-27.028930,3,2,0,-11.853924,-8.532842,-27.028930,-90.000000,895,False,False,True,False,True,False
896,3,Tier 3 — Partial reversal,2,BRD-K25591257,resveratrol,-19.068016,-8.473719,3.840733,3,2,0,-7.900334,-8.473719,-19.068016,-90.000000,896,True,False,True,False,False,False
897,3,Tier 3 — Partial reversal,2,BRD-A43930669,L-368899,0.000000,-8.432404,-15.223749,3,2,0,-7.885384,-8.432404,-15.223749,-90.000000,897,False,False,True,False,True,False
898,3,Tier 3 — Partial reversal,2,BRD-K61993165,niacin,2.456973,-8.392063,-22.355474,3,2,0,-9.430188,-8.392063,-22.355474,-90.000000,898,False,False,True,False,True,False
899,3,Tier 3 — Partial reversal,2,BRD-K75430629,BRD-K75430629,0.000000,-8.345327,-18.581253,3,2,0,-8.975527,-8.345327,-18.581253,-90.000000,899,False,False,True,False,True,False
900,3,Tier 3 — Partial reversal,2,BRD-K79124250,ioxaglic-acid,-17.670190,11.801076,-8.280089,3,2,0,-4.716401,-8.280089,-17.670190,-90.000000,900,True,False,False,False,True,False
901,3,Tier 3 — Partial reversal,2,BRD-A04327189,synephrine,0.000000,-15.672896,-8.274401,3,2,0,-7.982432,-8.274401,-15.672896,-90.000000,901,False,False,True,False,True,False
902,3,Tier 3 — Partial reversal,2,BRD-K55301415,abiraterone,-11.327005,-8.215973,0.000000,3,2,0,-6.514326,-8.215973,-11.327005,-90.000000,902,True,False,True,False,False,False
903,3,Tier 3 — Partial reversal,2,BRD-K38305202,domperidone,-8.208561,9.202539,-12.029796,3,2,0,-3.678606,-8.208561,-12.029796,-90.000000,903,True,False,False,False,True,False
904,3,Tier 3 — Partial reversal,2,BRD-K88849294,lobaric-acid,-10.111149,2.829169,-8.181967,3,2,0,-5.154649,-8.181967,-10.111149,-90.000000,904,True,False,False,False,True,False
905,3,Tier 3 — Partial reversal,2,BRD-K72166146,dihydroergotamine,2.164634,-8.139535,-10.059464,3,2,0,-5.344788,-8.139535,-10.059464,-90.000000,905,False,False,True,False,True,False
906,3,Tier 3 — Partial reversal,2,BRD-K08589866,linsitinib,0.000000,-8.067348,-39.342590,3,2,0,-15.803313,-8.067348,-39.342590,-90.000000,906,False,False,True,False,True,False
907,3,Tier 3 — Partial reversal,2,BRD-K31283835,tofacitinib,4.545454,-7.964104,-14.974871,3,2,0,-6.131173,-7.964104,-14.974871,-90.000000,907,False,False,True,False,True,False
908,3,Tier 3 — Partial reversal,2,BRD-K81376179,TCS-359,0.000000,-7.917778,-9.784957,3,2,0,-5.900912,-7.917778,-9.784957,-90.000000,908,False,False,True,False,True,False
909,3,Tier 3 — Partial reversal,2,BRD-A93424738,dexamethasone-acetate,17.492280,-7.840644,-28.511934,3,2,0,-6.286766,-7.840644,-28.511934,-90.000000,909,False,False,True,False,True,False
910,3,Tier 3 — Partial reversal,2,BRD-A96897502,U-74389F,0.000000,-7.802525,-12.172730,3,2,0,-6.658418,-7.802525,-12.172730,-90.000000,910,False,False,True,False,True,False
911,3,Tier 3 — Partial reversal,2,BRD-A55962179,omeprazole,0.458069,-13.573585,-7.751406,3,2,0,-6.955641,-7.751406,-13.573585,-90.000000,911,False,False,True,False,True,False
912,3,Tier 3 — Partial reversal,2,BRD-K80348542,cephaeline,-9.126145,-7.716702,0.000000,3,2,0,-5.614282,-7.716702,-9.126145,-90.000000,912,True,False,True,False,False,False
913,3,Tier 3 — Partial reversal,2,BRD-K99621550,tubocurarine,0.000000,-12.620192,-7.710251,3,2,0,-6.776814,-7.710251,-12.620192,-90.000000,913,False,False,True,False,True,False
914,3,Tier 3 — Partial reversal,2,BRD-K27141178,SB-203186,0.000000,-7.703654,-8.168635,3,2,0,-5.290763,-7.703654,-8.168635,-90.000000,914,False,False,True,False,True,False
915,3,Tier 3 — Partial reversal,2,BRD-K95785537,PP-2,0.000000,-11.604197,-7.701603,3,2,0,-6.435267,-7.701603,-11.604197,-90.000000,915,False,False,True,False,True,False
916,3,Tier 3 — Partial reversal,2,BRD-A36267905,buphenine,3.453136,-87.350250,-7.681466,3,2,0,-30.526193,-7.681466,-87.350250,-90.000000,916,False,False,True,False,True,False
917,3,Tier 3 — Partial reversal,2,BRD-K73838513,cinacalcet,0.000000,-12.868229,-7.628411,3,2,0,-6.832213,-7.628411,-12.868229,-90.000000,917,False,False,True,False,True,False
918,3,Tier 3 — Partial reversal,2,BRD-K39569857,avrainvillamide-analog-3,0.000000,-17.715800,-7.610994,3,2,0,-8.442265,-7.610994,-17.715800,-90.000000,918,False,False,True,False,True,False
919,3,Tier 3 — Partial reversal,2,BRD-K69556541,ryanodine,0.000000,-21.665180,-7.555829,3,2,0,-9.740336,-7.555829,-21.665180,-90.000000,919,False,False,True,False,True,False
920,3,Tier 3 — Partial reversal,2,BRD-A37776212,ICI-204448,0.000000,-7.499596,-21.284191,3,2,0,-9.594596,-7.499596,-21.284191,-90.000000,920,False,False,True,False,True,False
921,3,Tier 3 — Partial reversal,2,BRD-K55454768,TAS-301,0.000000,-15.746198,-7.427317,3,2,0,-7.724505,-7.427317,-15.746198,-90.000000,921,False,False,True,False,True,False
922,3,Tier 3 — Partial reversal,2,BRD-K97118047,"4,5,6,7-tetrabromobenzotriazole",-7.352210,11.363092,-20.266400,3,2,0,-5.418506,-7.352210,-20.266400,-90.000000,922,True,False,False,False,True,False
923,3,Tier 3 — Partial reversal,2,BRD-K83023055,GR-135531,0.000000,-15.657171,-7.351453,3,2,0,-7.669541,-7.351453,-15.657171,-90.000000,923,False,False,True,False,True,False
924,3,Tier 3 — Partial reversal,2,BRD-K01902415,pirinixic-acid,1.409443,-7.326778,-10.330202,3,2,0,-5.415846,-7.326778,-10.330202,-90.000000,924,False,False,True,False,True,False
925,3,Tier 3 — Partial reversal,2,BRD-A49148672,galantamine,-45.564526,14.867039,-7.306522,3,2,0,-12.668003,-7.306522,-45.564526,-90.000000,925,True,False,False,False,True,False
926,3,Tier 3 — Partial reversal,2,BRD-A66559694,naltrexone,0.000000,-7.209303,-53.845300,3,2,0,-20.351534,-7.209303,-53.845300,-90.000000,926,False,False,True,False,True,False
927,3,Tier 3 — Partial reversal,2,BRD-K35240538,methylprednisolone,-8.862278,14.321532,-7.189413,3,2,0,-0.576720,-7.189413,-8.862278,-90.000000,927,True,False,False,False,True,False
928,3,Tier 3 — Partial reversal,2,BRD-K04923131,GSK-3-inhibitor-IX,30.897125,-7.152572,-73.118454,3,2,0,-16.457967,-7.152572,-73.118454,-90.000000,928,False,False,True,False,True,False
929,3,Tier 3 — Partial reversal,2,BRD-K57926513,tyrphostin-AG-1295,0.000000,-7.079002,-45.033310,3,2,0,-17.370771,-7.079002,-45.033310,-90.000000,929,False,False,True,False,True,False
930,3,Tier 3 — Partial reversal,2,BRD-K88172511,naltrexone,0.028894,-9.665401,-7.020775,3,2,0,-5.552427,-7.020775,-9.665401,-90.000000,930,False,False,True,False,True,False
931,3,Tier 3 — Partial reversal,2,BRD-K22631935,neurodazine,0.000000,-7.011980,-45.818382,3,2,0,-17.610121,-7.011980,-45.818382,-90.000000,931,False,False,True,False,True,False
932,3,Tier 3 — Partial reversal,2,BRD-K04993501,cefixime,2.466526,-6.963440,-9.121727,3,2,0,-4.539547,-6.963440,-9.121727,-90.000000,932,False,False,True,False,True,False
933,3,Tier 3 — Partial reversal,2,BRD-A13188892,doxazosin,0.000000,-6.941491,-18.230370,3,2,0,-8.390620,-6.941491,-18.230370,-90.000000,933,False,False,True,False,True,False
934,3,Tier 3 — Partial reversal,2,BRD-K73991644,isoquercetin,0.000000,-6.934295,-9.167049,3,2,0,-5.367115,-6.934295,-9.167049,-90.000000,934,False,False,True,False,True,False
935,3,Tier 3 — Partial reversal,2,BRD-A31204924,mitotane,0.000000,-8.799133,-6.739179,3,2,0,-5.179437,-6.739179,-8.799133,-90.000000,935,False,False,True,False,True,False
936,3,Tier 3 — Partial reversal,2,BRD-A85234536,N6-cyclopentyladenosine,21.928629,-9.297014,-6.619029,3,2,0,2.004195,-6.619029,-9.297014,-90.000000,936,False,False,True,False,True,False
937,3,Tier 3 — Partial reversal,2,BRD-K28863208,PNU-282987,1.585624,-6.579898,-6.597593,3,2,0,-3.863956,-6.579898,-6.597593,-90.000000,937,False,False,True,False,True,False
938,3,Tier 3 — Partial reversal,2,BRD-K42095107,daidzein,-6.451620,-11.170626,7.257739,3,2,0,-3.454836,-6.451620,-11.170626,-90.000000,938,True,False,True,False,False,False
939,3,Tier 3 — Partial reversal,2,BRD-K50417881,eticlopride,0.775194,-6.406246,-19.224092,3,2,0,-8.285048,-6.406246,-19.224092,-90.000000,939,False,False,True,False,True,False
940,3,Tier 3 — Partial reversal,2,BRD-K29733039,deforolimus,0.000000,-6.401520,-22.776600,3,2,0,-9.726040,-6.401520,-22.776600,-90.000000,940,False,False,True,False,True,False
941,3,Tier 3 — Partial reversal,2,BRD-K56334280,amonafide,0.000000,-7.258633,-6.305694,3,2,0,-4.521442,-6.305694,-7.258633,-90.000000,941,False,False,True,False,True,False
942,3,Tier 3 — Partial reversal,2,BRD-K09631521,thiotepa,-7.935284,-6.265929,2.607470,3,2,0,-3.864581,-6.265929,-7.935284,-90.000000,942,True,False,True,False,False,False
943,3,Tier 3 — Partial reversal,2,BRD-K52930707,rescinnamine,0.000000,-19.123558,-6.187078,3,2,0,-8.436879,-6.187078,-19.123558,-90.000000,943,False,False,True,False,True,False
944,3,Tier 3 — Partial reversal,2,BRD-K11634954,GBR-13069,-38.927418,5.370153,-6.095842,3,2,0,-13.217702,-6.095842,-38.927418,-90.000000,944,True,False,False,False,True,False
945,3,Tier 3 — Partial reversal,2,BRD-A77722753,hydralazine,-6.087437,-10.320614,15.805964,3,2,0,-0.200696,-6.087437,-10.320614,-90.000000,945,True,False,True,False,False,False
946,3,Tier 3 — Partial reversal,2,BRD-A38793261,BRD-A38793261,0.000000,-5.990134,-12.730184,3,2,0,-6.240106,-5.990134,-12.730184,-90.000000,946,False,False,True,False,True,False
947,3,Tier 3 — Partial reversal,2,BRD-A10420615,cyclopiazonic-acid,0.000000,-13.317424,-5.855055,3,2,0,-6.390826,-5.855055,-13.317424,-90.000000,947,False,False,True,False,True,False
948,3,Tier 3 — Partial reversal,2,BRD-K30816563,ranitidine,12.604802,-5.776535,-7.864151,3,2,0,-0.345295,-5.776535,-7.864151,-90.000000,948,False,False,True,False,True,False
949,3,Tier 3 — Partial reversal,2,BRD-K41859756,NVP-AUY922,0.000000,-44.019890,-5.764422,3,2,0,-16.594771,-5.764422,-44.019890,-90.000000,949,False,False,True,False,True,False
950,3,Tier 3 — Partial reversal,2,BRD-K92817986,BIX-02188,2.607470,-5.715065,-38.282830,3,2,0,-13.796808,-5.715065,-38.282830,-90.000000,950,False,False,True,False,True,False
951,3,Tier 3 — Partial reversal,2,BRD-A18419789,etoposide,0.000000,-5.671305,-15.641444,3,2,0,-7.104250,-5.671305,-15.641444,-90.000000,951,False,False,True,False,True,False
952,3,Tier 3 — Partial reversal,2,BRD-A22143024,estropipate,-14.700025,-5.620908,0.704722,3,2,0,-6.538737,-5.620908,-14.700025,-90.000000,952,True,False,True,False,False,False
953,3,Tier 3 — Partial reversal,2,BRD-K26947839,BRD-K26947839,-59.578117,-5.610674,4.060347,3,2,0,-20.376148,-5.610674,-59.578117,-90.000000,953,True,False,True,False,False,False
954,3,Tier 3 — Partial reversal,2,BRD-K61951118,FG-7142,21.262249,-5.607580,-10.595472,3,2,0,1.686399,-5.607580,-10.595472,-90.000000,954,False,False,True,False,True,False
955,3,Tier 3 — Partial reversal,2,BRD-K46317332,proadifen,0.000000,-6.953239,-5.563560,3,2,0,-4.172266,-5.563560,-6.953239,-90.000000,955,False,False,True,False,True,False
956,3,Tier 3 — Partial reversal,2,BRD-K09436313,prostaglandin,2.501762,-20.770996,-5.532065,3,2,0,-7.933766,-5.532065,-20.770996,-90.000000,956,False,False,True,False,True,False
957,3,Tier 3 — Partial reversal,2,BRD-K92778217,mefenamic-acid,0.563777,-16.796932,-5.499058,3,2,0,-7.244071,-5.499058,-16.796932,-90.000000,957,False,False,True,False,True,False
958,3,Tier 3 — Partial reversal,2,BRD-K96862998,pirfenidone,0.000000,-23.281265,-5.482670,3,2,0,-9.587978,-5.482670,-23.281265,-90.000000,958,False,False,True,False,True,False
959,3,Tier 3 — Partial reversal,2,BRD-K70751730,BRD-K70751730,0.000000,-44.232243,-5.426357,3,2,0,-16.552867,-5.426357,-44.232243,-90.000000,959,False,False,True,False,True,False
960,3,Tier 3 — Partial reversal,2,BRD-K33860217,CP-94253,0.000000,-5.388133,-14.690035,3,2,0,-6.692723,-5.388133,-14.690035,-90.000000,960,False,False,True,False,True,False
961,3,Tier 3 — Partial reversal,2,BRD-A24643465,homoharringtonine,0.000000,-5.355885,-5.426357,3,2,0,-3.594081,-5.355885,-5.426357,-90.000000,961,False,False,True,False,True,False
962,3,Tier 3 — Partial reversal,2,BRD-K95402279,geranylgeraniol,0.000000,-5.285412,-23.317547,3,2,0,-9.534320,-5.285412,-23.317547,-90.000000,962,False,False,True,False,True,False
963,3,Tier 3 — Partial reversal,2,BRD-K39120595,bithionol,16.275806,-5.253787,-5.925996,3,2,0,1.698674,-5.253787,-5.925996,-90.000000,963,False,False,True,False,True,False
964,3,Tier 3 — Partial reversal,2,BRD-K06895174,cisapride,0.029015,-5.179704,-7.223397,3,2,0,-4.124695,-5.179704,-7.223397,-90.000000,964,False,False,True,False,True,False
965,3,Tier 3 — Partial reversal,2,BRD-A36707673,hydroxycholesterol,0.000000,-7.623876,-5.144468,3,2,0,-4.256115,-5.144468,-7.623876,-90.000000,965,False,False,True,False,True,False
966,3,Tier 3 — Partial reversal,2,BRD-K38197229,bumetanide,0.000000,-5.144468,-7.102208,3,2,0,-4.082225,-5.144468,-7.102208,-90.000000,966,False,False,True,False,True,False
967,3,Tier 3 — Partial reversal,2,BRD-A67981824,cefotaxime,3.276956,-29.016073,-5.071164,3,2,0,-10.270094,-5.071164,-29.016073,-90.000000,967,False,False,True,False,True,False
968,3,Tier 3 — Partial reversal,2,BRD-K19111024,clofibric-acid,0.000000,-5.035276,-9.326733,3,2,0,-4.787336,-5.035276,-9.326733,-90.000000,968,False,False,True,False,True,False
969,3,Tier 3 — Partial reversal,2,BRD-K81783531,VX-222,0.000000,-4.927985,-5.496829,3,2,0,-3.474938,-4.927985,-5.496829,-90.000000,969,False,False,True,False,True,False
970,3,Tier 3 — Partial reversal,2,BRD-K80431395,triciribine,0.387597,-61.755740,-4.897815,3,2,0,-22.088653,-4.897815,-61.755740,-90.000000,970,False,False,True,False,True,False
971,3,Tier 3 — Partial reversal,2,BRD-A92651262,nalbuphine,0.000000,-4.863027,-4.914678,3,2,0,-3.259235,-4.863027,-4.914678,-90.000000,971,False,False,True,False,True,False
972,3,Tier 3 — Partial reversal,2,BRD-K61691971,avrainvillamide-analog-1,3.136011,-8.854360,-4.862579,3,2,0,-3.526976,-4.862579,-8.854360,-90.000000,972,False,False,True,False,True,False
973,3,Tier 3 — Partial reversal,2,BRD-K39944607,ochratoxin-a,0.000000,-4.799232,-19.050930,3,2,0,-7.950054,-4.799232,-19.050930,-90.000000,973,False,False,True,False,True,False
974,3,Tier 3 — Partial reversal,2,BRD-K68756823,FR-180204,0.000000,-4.792107,-46.726696,3,2,0,-17.172934,-4.792107,-46.726696,-90.000000,974,False,False,True,False,True,False
975,3,Tier 3 — Partial reversal,2,BRD-K43330982,JTE-013,0.000000,-4.746434,-13.510237,3,2,0,-6.085557,-4.746434,-13.510237,-90.000000,975,False,False,True,False,True,False
976,3,Tier 3 — Partial reversal,2,BRD-K96119599,leucodin,0.000000,-4.699340,-5.807671,3,2,0,-3.502337,-4.699340,-5.807671,-90.000000,976,False,False,True,False,True,False
977,3,Tier 3 — Partial reversal,2,BRD-K06753942,nobiletin,0.000000,-4.792107,-4.686399,3,2,0,-3.159502,-4.686399,-4.792107,-90.000000,977,False,False,True,False,True,False
978,3,Tier 3 — Partial reversal,2,BRD-K70881766,solanine,0.000000,-5.925028,-4.651163,3,2,0,-3.525397,-4.651163,-5.925028,-90.000000,978,False,False,True,False,True,False
979,3,Tier 3 — Partial reversal,2,BRD-K51541829,Ro-25-6981,-4.651163,-11.657699,9.071819,3,2,0,-2.412348,-4.651163,-11.657699,-90.000000,979,True,False,True,False,False,False
980,3,Tier 3 — Partial reversal,2,BRD-K79905821,gabazine,-6.800564,-4.619573,7.822410,3,2,0,-1.199242,-4.619573,-6.800564,-90.000000,980,True,False,True,False,False,False
981,3,Tier 3 — Partial reversal,2,BRD-K26117720,gingerol,0.000000,-4.582148,-9.654686,3,2,0,-4.745611,-4.582148,-9.654686,-90.000000,981,False,False,True,False,True,False
982,3,Tier 3 — Partial reversal,2,BRD-K34154330,tracazolate,0.387597,-4.580691,-64.170815,3,2,0,-22.787970,-4.580691,-64.170815,-90.000000,982,False,False,True,False,True,False
983,3,Tier 3 — Partial reversal,2,BRD-A25004090,erastin,4.087386,-6.458138,-4.535961,3,2,0,-2.302238,-4.535961,-6.458138,-90.000000,983,False,False,True,False,True,False
984,3,Tier 3 — Partial reversal,2,BRD-K63792901,arecaidine-but-2-ynyl-ester,0.000000,-7.143029,-4.515727,3,2,0,-3.886252,-4.515727,-7.143029,-90.000000,984,False,False,True,False,True,False
985,3,Tier 3 — Partial reversal,2,BRD-K68191783,ALW-II-38-3,0.000000,-10.584691,-4.439746,3,2,0,-5.008146,-4.439746,-10.584691,-90.000000,985,False,False,True,False,True,False
986,3,Tier 3 — Partial reversal,2,BRD-K31054881,BMY-7378,1.444679,-4.334038,-23.435852,3,2,0,-8.775070,-4.334038,-23.435852,-90.000000,986,False,False,True,False,True,False
987,3,Tier 3 — Partial reversal,2,BRD-A19661776,mianserin,0.000000,-4.540136,-4.298802,3,2,0,-2.946313,-4.298802,-4.540136,-90.000000,987,False,False,True,False,True,False
988,3,Tier 3 — Partial reversal,2,BRD-K85925969,zalcitabine,-4.252274,-8.560904,14.442003,3,2,0,0.542942,-4.252274,-8.560904,-90.000000,988,True,False,True,False,False,False
989,3,Tier 3 — Partial reversal,2,BRD-K64755930,etazolate,-4.786626,-4.241682,5.128186,3,2,0,-1.300041,-4.241682,-4.786626,-90.000000,989,True,False,True,False,False,False
990,3,Tier 3 — Partial reversal,2,BRD-K65146499,nabumetone,-4.193094,-41.073524,7.657006,3,2,0,-12.536537,-4.193094,-41.073524,-90.000000,990,True,False,True,False,False,False
991,3,Tier 3 — Partial reversal,2,BRD-K89626439,sirolimus,0.000000,-13.069743,-4.160033,3,2,0,-5.743259,-4.160033,-13.069743,-90.000000,991,False,False,True,False,True,False
992,3,Tier 3 — Partial reversal,2,BRD-A29260609,acebutolol,0.000000,-4.792107,-4.157857,3,2,0,-2.983321,-4.157857,-4.792107,-90.000000,992,False,False,True,False,True,False
993,3,Tier 3 — Partial reversal,2,BRD-A72483914,spiroxatrine,40.940040,-4.157857,-16.937197,3,2,0,6.614995,-4.157857,-16.937197,-90.000000,993,False,False,True,False,True,False
994,3,Tier 3 — Partial reversal,2,BRD-A02481876,importazole,0.000000,-4.139232,-75.049110,3,2,0,-26.396114,-4.139232,-75.049110,-90.000000,994,False,False,True,False,True,False
995,3,Tier 3 — Partial reversal,2,BRD-K06080977,eicosatetraynoic-acid,0.000000,-4.087386,-12.276879,3,2,0,-5.454755,-4.087386,-12.276879,-90.000000,995,False,False,True,False,True,False
996,3,Tier 3 — Partial reversal,2,BRD-K79759031,artesunate,0.140944,-16.553577,-4.054787,3,2,0,-6.822473,-4.054787,-16.553577,-90.000000,996,False,False,True,False,True,False
997,3,Tier 3 — Partial reversal,2,BRD-A43671941,oxprenolol,0.000000,-4.052149,-18.125900,3,2,0,-7.392683,-4.052149,-18.125900,-90.000000,997,False,False,True,False,True,False
998,3,Tier 3 — Partial reversal,2,BRD-K27074404,BRD-K27074404,-4.042503,-4.113632,16.965180,3,2,0,2.936348,-4.042503,-4.113632,-90.000000,998,True,False,True,False,False,False
999,3,Tier 3 — Partial reversal,2,BRD-K48722258,dilazep,0.000000,-4.016913,-28.312067,3,2,0,-10.776327,-4.016913,-28.312067,-90.000000,999,False,False,True,False,True,False
1000,3,Tier 3 — Partial reversal,2,BRD-K60923938,veratridine,-4.016913,13.078470,-8.185023,3,2,0,0.292178,-4.016913,-8.185023,-90.000000,1000,True,False,False,False,True,False
1001,3,Tier 3 — Partial reversal,2,BRD-K53987533,fluphenazine,0.000000,-11.075539,-3.954762,3,2,0,-5.010100,-3.954762,-11.075539,-90.000000,1001,False,False,True,False,True,False
1002,3,Tier 3 — Partial reversal,2,BRD-K79353516,indolophenanthridine,0.000000,-7.057286,-3.946441,3,2,0,-3.667909,-3.946441,-7.057286,-90.000000,1002,False,False,True,False,True,False
1003,3,Tier 3 — Partial reversal,2,BRD-K28075147,biochanin-a,-4.553530,-3.888007,3.488372,3,2,0,-1.651055,-3.888007,-4.553530,-90.000000,1003,True,False,True,False,False,False
1004,3,Tier 3 — Partial reversal,2,BRD-K62056274,N-methylquipazine,0.000000,-33.667915,-3.840733,3,2,0,-12.502883,-3.840733,-33.667915,-90.000000,1004,False,False,True,False,True,False
1005,3,Tier 3 — Partial reversal,2,BRD-A61392169,eliprodil,-3.810700,-18.237556,6.946306,3,2,0,-5.033983,-3.810700,-18.237556,-90.000000,1005,True,False,True,False,False,False
1006,3,Tier 3 — Partial reversal,2,BRD-K37798499,etoposide,-3.806832,-9.760395,0.965018,3,2,0,-4.200737,-3.806832,-9.760395,-90.000000,1006,True,False,True,False,False,False
1007,3,Tier 3 — Partial reversal,2,BRD-A56675431,altizide,-3.772134,-50.562187,24.034266,3,2,0,-10.100018,-3.772134,-50.562187,-90.000000,1007,True,False,True,False,False,False
1008,3,Tier 3 — Partial reversal,2,BRD-K48932581,cetraxate,0.000000,-3.730235,-6.545431,3,2,0,-3.425222,-3.730235,-6.545431,-90.000000,1008,False,False,True,False,True,False
1009,3,Tier 3 — Partial reversal,2,BRD-K48722833,iloperidone,0.000000,-3.699789,-31.774687,3,2,0,-11.824825,-3.699789,-31.774687,-90.000000,1009,False,False,True,False,True,False
1010,3,Tier 3 — Partial reversal,2,BRD-A27554692,altrenogest,-7.064630,-3.693751,15.592332,3,2,0,1.611317,-3.693751,-7.064630,-90.000000,1010,True,False,True,False,False,False
1011,3,Tier 3 — Partial reversal,2,BRD-A54029483,IRL-2500,-3.629316,-88.941390,31.475494,3,2,0,-20.365071,-3.629316,-88.941390,-90.000000,1011,True,False,True,False,False,False
1012,3,Tier 3 — Partial reversal,2,BRD-K57222227,indometacin,0.000000,-3.629316,-6.730721,3,2,0,-3.453346,-3.629316,-6.730721,-90.000000,1012,False,False,True,False,True,False
1013,3,Tier 3 — Partial reversal,2,BRD-K63606607,bufalin,-4.580691,-3.629316,0.000000,3,2,0,-2.736669,-3.629316,-4.580691,-90.000000,1013,True,False,True,False,False,False
1014,3,Tier 3 — Partial reversal,2,BRD-K62363391,dapsone,-3.594334,-36.852226,2.818204,3,2,0,-12.542785,-3.594334,-36.852226,-90.000000,1014,True,False,True,False,False,False
1015,3,Tier 3 — Partial reversal,2,BRD-K55677650,CO-101244,0.000000,-3.594080,-3.614581,3,2,0,-2.402887,-3.594080,-3.614581,-90.000000,1015,False,False,True,False,True,False
1016,3,Tier 3 — Partial reversal,2,BRD-K82255054,propofol,0.000000,-5.743481,-3.558844,3,2,0,-3.100775,-3.558844,-5.743481,-90.000000,1016,False,False,True,False,True,False
1017,3,Tier 3 — Partial reversal,2,BRD-A41722204,sulmazole,0.000000,-23.565514,-3.552694,3,2,0,-9.039403,-3.552694,-23.565514,-90.000000,1017,False,False,True,False,True,False
1018,3,Tier 3 — Partial reversal,2,BRD-A11706664,triciribine,0.000000,-45.460487,-3.523608,3,2,0,-16.328032,-3.523608,-45.460487,-90.000000,1018,False,False,True,False,True,False
1019,3,Tier 3 — Partial reversal,2,BRD-K34170797,fexaramine,0.000000,-3.500437,-8.290119,3,2,0,-3.930186,-3.500437,-8.290119,-90.000000,1019,False,False,True,False,True,False
1020,3,Tier 3 — Partial reversal,2,BRD-K34014345,naproxol,0.000000,-3.488372,-6.906624,3,2,0,-3.464999,-3.488372,-6.906624,-90.000000,1020,False,False,True,False,True,False
1021,3,Tier 3 — Partial reversal,2,BRD-K12002134,megestrol,0.000000,-3.453136,-18.963047,3,2,0,-7.472061,-3.453136,-18.963047,-90.000000,1021,False,False,True,False,True,False
1022,3,Tier 3 — Partial reversal,2,BRD-K68095457,palmitoylethanolamide,-3.594080,-3.453136,2.562200,3,2,0,-1.495006,-3.453136,-3.594080,-90.000000,1022,True,False,True,False,False,False
1023,3,Tier 3 — Partial reversal,2,BRD-K42679050,Y-27152,-3.445767,-25.646349,9.351720,3,2,0,-6.580132,-3.445767,-25.646349,-90.000000,1023,True,False,True,False,False,False
1024,3,Tier 3 — Partial reversal,2,BRD-K52911425,GDC-0941,54.355186,-3.397065,-11.372345,3,2,0,13.195259,-3.397065,-11.372345,-90.000000,1024,False,False,True,False,True,False
1025,3,Tier 3 — Partial reversal,2,BRD-K27305650,LY-294002,0.000000,-3.340294,-5.983727,3,2,0,-3.108007,-3.340294,-5.983727,-90.000000,1025,False,False,True,False,True,False
1026,3,Tier 3 — Partial reversal,2,BRD-K67080878,milrinone,-3.487742,-3.312192,1.338971,3,2,0,-1.820321,-3.312192,-3.487742,-90.000000,1026,True,False,True,False,False,False
1027,3,Tier 3 — Partial reversal,2,BRD-K49448285,bisindolylmaleimide,0.000000,-3.146594,-4.157857,3,2,0,-2.434817,-3.146594,-4.157857,-90.000000,1027,False,False,True,False,True,False
1028,3,Tier 3 — Partial reversal,2,BRD-K39339537,epirizole,0.000000,-11.102435,-3.136011,3,2,0,-4.746149,-3.136011,-11.102435,-90.000000,1028,False,False,True,False,True,False
1029,3,Tier 3 — Partial reversal,2,BRD-A92177080,betamethasone-acetate,0.000000,-3.133352,-12.839499,3,2,0,-5.324284,-3.133352,-12.839499,-90.000000,1029,False,False,True,False,True,False
1030,3,Tier 3 — Partial reversal,2,BRD-K55748775,SCH-28080,0.000000,-6.294043,-3.108470,3,2,0,-3.134171,-3.108470,-6.294043,-90.000000,1030,False,False,True,False,True,False
1031,3,Tier 3 — Partial reversal,2,BRD-U44618005,WH-4023,-6.044242,3.746501,-3.100775,3,2,0,-1.799505,-3.100775,-6.044242,-90.000000,1031,True,False,False,False,True,False
1032,3,Tier 3 — Partial reversal,2,BRD-K28453807,nitrocaramiphen,-3.910301,-2.995067,3.457863,3,2,0,-1.149168,-2.995067,-3.910301,-90.000000,1032,True,False,True,False,False,False
1033,3,Tier 3 — Partial reversal,2,BRD-K14807180,SB-221284,0.000000,-2.973519,-9.247992,3,2,0,-4.073837,-2.973519,-9.247992,-90.000000,1033,False,False,True,False,True,False
1034,3,Tier 3 — Partial reversal,2,BRD-A22897758,pinacidil,-2.889359,19.847519,-14.424997,3,2,0,0.844388,-2.889359,-14.424997,-90.000000,1034,True,False,False,False,True,False
1035,3,Tier 3 — Partial reversal,2,BRD-K32656671,BRD-K32656671,0.000000,-2.854123,-16.834316,3,2,0,-6.562813,-2.854123,-16.834316,-90.000000,1035,False,False,True,False,True,False
1036,3,Tier 3 — Partial reversal,2,BRD-K20338176,cefaclor,-19.047373,14.077422,-2.854123,3,2,0,-2.608025,-2.854123,-19.047373,-90.000000,1036,True,False,False,False,True,False
1037,3,Tier 3 — Partial reversal,2,BRD-K52459643,alprostadil,0.000000,-26.074934,-2.818887,3,2,0,-9.631274,-2.818887,-26.074934,-90.000000,1037,False,False,True,False,True,False
1038,3,Tier 3 — Partial reversal,2,BRD-K00675675,CL-82198,0.000000,-15.564301,-2.748414,3,2,0,-6.104238,-2.748414,-15.564301,-90.000000,1038,False,False,True,False,True,False
1039,3,Tier 3 — Partial reversal,2,BRD-K00959089,thenoyltrifluoroacetone,7.937413,-2.856164,-2.748414,3,2,0,0.777612,-2.748414,-2.856164,-90.000000,1039,False,False,True,False,True,False
1040,3,Tier 3 — Partial reversal,2,BRD-K97564742,mepyramine,-2.742922,-12.441508,3.241719,3,2,0,-3.980904,-2.742922,-12.441508,-90.000000,1040,True,False,True,False,False,False
1041,3,Tier 3 — Partial reversal,2,BRD-A64227845,SKF-77434,-2.739900,0.000000,-44.315010,3,2,0,-15.684970,-2.739900,-44.315010,-90.000000,1041,True,False,False,False,True,False
1042,3,Tier 3 — Partial reversal,2,BRD-K55424922,anpirtoline,-2.717679,-2.841923,2.677942,3,2,0,-0.960553,-2.717679,-2.841923,-90.000000,1042,True,False,True,False,False,False
1043,3,Tier 3 — Partial reversal,2,BRD-K43797669,genistein,0.000000,-2.703454,-4.879854,3,2,0,-2.527769,-2.703454,-4.879854,-90.000000,1043,False,False,True,False,True,False
1044,3,Tier 3 — Partial reversal,2,BRD-K74195153,irsogladine,0.000000,-2.642706,-7.310138,3,2,0,-3.317615,-2.642706,-7.310138,-90.000000,1044,False,False,True,False,True,False
1045,3,Tier 3 — Partial reversal,2,BRD-K64614248,salicin,0.000000,-2.642413,-6.947993,3,2,0,-3.196802,-2.642413,-6.947993,-90.000000,1045,False,False,True,False,True,False
1046,3,Tier 3 — Partial reversal,2,BRD-K94176593,TWS-119,-2.572234,8.574074,-45.039690,3,2,0,-13.012617,-2.572234,-45.039690,-90.000000,1046,True,False,False,False,True,False
1047,3,Tier 3 — Partial reversal,2,BRD-K96740444,itopride,-2.561871,47.859330,-39.725140,3,2,0,1.857440,-2.561871,-39.725140,-90.000000,1047,True,False,False,False,True,False
1048,3,Tier 3 — Partial reversal,2,BRD-K70505054,ranitidine,0.000000,-2.536998,-27.521350,3,2,0,-10.019449,-2.536998,-27.521350,-90.000000,1048,False,False,True,False,True,False
1049,3,Tier 3 — Partial reversal,2,BRD-A45543382,metrizamide,-26.399998,-2.536998,1.902748,3,2,0,-9.011416,-2.536998,-26.399998,-90.000000,1049,True,False,True,False,False,False
1050,3,Tier 3 — Partial reversal,2,BRD-K78883024,BRD-K78883024,-2.536998,14.921373,-37.777657,3,2,0,-8.464427,-2.536998,-37.777657,-90.000000,1050,True,False,False,False,True,False
1051,3,Tier 3 — Partial reversal,2,BRD-K65910366,KU-C103904N,33.283127,-4.052149,-2.519432,3,2,0,8.903849,-2.519432,-4.052149,-90.000000,1051,False,False,True,False,True,False
1052,3,Tier 3 — Partial reversal,2,BRD-A15435692,BMY-14802,2.501762,-24.882069,-2.501762,3,2,0,-8.294023,-2.501762,-24.882069,-90.000000,1052,False,False,True,False,True,False
1053,3,Tier 3 — Partial reversal,2,BRD-K70281171,U-99194,1.409443,-2.501762,-6.648811,3,2,0,-2.580377,-2.501762,-6.648811,-90.000000,1053,False,False,True,False,True,False
1054,3,Tier 3 — Partial reversal,2,BRD-K42693031,glimepiride,-2.501762,-4.792107,9.252043,3,2,0,0.652725,-2.501762,-4.792107,-90.000000,1054,True,False,True,False,False,False
1055,3,Tier 3 — Partial reversal,2,BRD-A84389091,L-655708,0.000000,-6.293643,-2.466526,3,2,0,-2.920056,-2.466526,-6.293643,-90.000000,1055,False,False,True,False,True,False
1056,3,Tier 3 — Partial reversal,2,BRD-K80672993,M2-PK-activator,-2.431290,6.741989,-25.700344,3,2,0,-7.129882,-2.431290,-25.700344,-90.000000,1056,True,False,False,False,True,False
1057,3,Tier 3 — Partial reversal,2,BRD-K30990140,FR-122047,1.902748,-2.396054,-37.095238,3,2,0,-12.529514,-2.396054,-37.095238,-90.000000,1057,False,False,True,False,True,False
1058,3,Tier 3 — Partial reversal,2,BRD-K96670504,lonidamine,1.902748,-19.838577,-2.396054,3,2,0,-6.777294,-2.396054,-19.838577,-90.000000,1058,False,False,True,False,True,False
1059,3,Tier 3 — Partial reversal,2,BRD-A54632525,BRD-A54632525,0.000000,-12.376345,-2.396054,3,2,0,-4.924133,-2.396054,-12.376345,-90.000000,1059,False,False,True,False,True,False
1060,3,Tier 3 — Partial reversal,2,BRD-A78322124,dobutamine,3.661832,-9.790035,-2.396054,3,2,0,-2.841419,-2.396054,-9.790035,-90.000000,1060,False,False,True,False,True,False
1061,3,Tier 3 — Partial reversal,2,BRD-A99164655,dihydrexidine,0.000000,-2.473292,-2.396054,3,2,0,-1.623115,-2.396054,-2.473292,-90.000000,1061,False,False,True,False,True,False
1062,3,Tier 3 — Partial reversal,2,BRD-K94832621,Y-134,-2.360817,8.886818,-18.271442,3,2,0,-3.915147,-2.360817,-18.271442,-90.000000,1062,True,False,False,False,True,False
1063,3,Tier 3 — Partial reversal,2,BRD-A49046702,SKF-89976A,-2.360817,35.385418,-37.121017,3,2,0,-1.365472,-2.360817,-37.121017,-90.000000,1063,True,False,False,False,True,False
1064,3,Tier 3 — Partial reversal,2,BRD-A97739905,ketoprofen,-2.345980,24.585886,-43.990623,3,2,0,-7.250239,-2.345980,-43.990623,-90.000000,1064,True,False,False,False,True,False
1065,3,Tier 3 — Partial reversal,2,BRD-K36740062,GSK-1070916,0.000000,-11.245047,-2.325581,3,2,0,-4.523543,-2.325581,-11.245047,-90.000000,1065,False,False,True,False,True,False
1066,3,Tier 3 — Partial reversal,2,BRD-U01690642,acetyl-geranyl-cysteine,0.000000,-12.545020,-2.290345,3,2,0,-4.945122,-2.290345,-12.545020,-90.000000,1066,False,False,True,False,True,False
1067,3,Tier 3 — Partial reversal,2,BRD-K36529613,PU-H71,0.000000,-4.580691,-2.290345,3,2,0,-2.290345,-2.290345,-4.580691,-90.000000,1067,False,False,True,False,True,False
1068,3,Tier 3 — Partial reversal,2,BRD-A65280694,molindone,0.586804,-2.255109,-37.763702,3,2,0,-13.144002,-2.255109,-37.763702,-90.000000,1068,False,False,True,False,True,False
1069,3,Tier 3 — Partial reversal,2,BRD-A97701745,pindolol,0.000000,-5.888205,-2.255109,3,2,0,-2.714438,-2.255109,-5.888205,-90.000000,1069,False,False,True,False,True,False
1070,3,Tier 3 — Partial reversal,2,BRD-A02189320,met-leu-phe,2.008457,-2.219873,-11.358840,3,2,0,-3.856752,-2.219873,-11.358840,-90.000000,1070,False,False,True,False,True,False
1071,3,Tier 3 — Partial reversal,2,BRD-A54490543,pirlindole,0.000000,-13.417249,-2.201839,3,2,0,-5.206363,-2.201839,-13.417249,-90.000000,1071,False,False,True,False,True,False
1072,3,Tier 3 — Partial reversal,2,BRD-K17008822,BD-1008,-2.184637,-28.569162,0.739958,3,2,0,-10.004614,-2.184637,-28.569162,-90.000000,1072,True,False,True,False,False,False
1073,3,Tier 3 — Partial reversal,2,BRD-K59522102,piperine,-2.184637,-13.437392,13.338630,3,2,0,-0.761133,-2.184637,-13.437392,-90.000000,1073,True,False,True,False,False,False
1074,3,Tier 3 — Partial reversal,2,BRD-K76064317,tyrphostin-AG-1296,-2.114165,0.000000,-61.423640,3,2,0,-21.179268,-2.114165,-61.423640,-90.000000,1074,True,False,False,False,True,False
1075,3,Tier 3 — Partial reversal,2,BRD-A63836183,PD-123319,0.000000,-21.306643,-2.114165,3,2,0,-7.806936,-2.114165,-21.306643,-90.000000,1075,False,False,True,False,True,False
1076,3,Tier 3 — Partial reversal,2,BRD-K23623876,decafluorobutane,0.000000,-17.837170,-2.114165,3,2,0,-6.650445,-2.114165,-17.837170,-90.000000,1076,False,False,True,False,True,False
1077,3,Tier 3 — Partial reversal,2,BRD-K46211610,tolazoline,-2.078929,-4.721635,3.030303,3,2,0,-1.256754,-2.078929,-4.721635,-90.000000,1077,True,False,True,False,False,False
1078,3,Tier 3 — Partial reversal,2,BRD-K66792149,quinoclamine,-2.054975,-23.314730,21.656153,3,2,0,-1.237851,-2.054975,-23.314730,-90.000000,1078,True,False,True,False,False,False
1079,3,Tier 3 — Partial reversal,2,BRD-K36007650,puromycin,0.000000,-3.263932,-2.043693,3,2,0,-1.769208,-2.043693,-3.263932,-90.000000,1079,False,False,True,False,True,False
1080,3,Tier 3 — Partial reversal,2,BRD-K12994359,valdecoxib,0.352361,-2.008457,-2.904627,3,2,0,-1.520241,-2.008457,-2.904627,-90.000000,1080,False,False,True,False,True,False
1081,3,Tier 3 — Partial reversal,2,BRD-K25186396,tangeritin,-11.364012,23.997720,-1.990376,3,2,0,3.547777,-1.990376,-11.364012,-90.000000,1081,True,False,False,False,True,False
1082,3,Tier 3 — Partial reversal,2,BRD-K34608650,GP-2a,-1.973221,2.800200,-43.700348,3,2,0,-14.291123,-1.973221,-43.700348,-90.000000,1082,True,False,False,False,True,False
1083,3,Tier 3 — Partial reversal,2,BRD-K14282469,LY-165163,-1.973221,-2.524895,31.634846,3,2,0,9.045577,-1.973221,-2.524895,-90.000000,1083,True,False,True,False,False,False
1084,3,Tier 3 — Partial reversal,2,BRD-K97688263,benzamil,0.000000,-4.767247,-1.937984,3,2,0,-2.235077,-1.937984,-4.767247,-90.000000,1084,False,False,True,False,True,False
1085,3,Tier 3 — Partial reversal,2,BRD-K71003802,hippeastrine,-1.937984,-14.250825,14.591217,3,2,0,-0.532531,-1.937984,-14.250825,-90.000000,1085,True,False,True,False,False,False
1086,3,Tier 3 — Partial reversal,2,BRD-K24053527,dextromethorphan,0.000000,-18.384250,-1.902748,3,2,0,-6.762333,-1.902748,-18.384250,-90.000000,1086,False,False,True,False,True,False
1087,3,Tier 3 — Partial reversal,2,BRD-K20920669,cromoglicic-acid,0.000000,-1.902748,-5.179704,3,2,0,-2.360818,-1.902748,-5.179704,-90.000000,1087,False,False,True,False,True,False
1088,3,Tier 3 — Partial reversal,2,BRD-K30697463,desoximetasone,0.000000,-1.902748,-2.325581,3,2,0,-1.409443,-1.902748,-2.325581,-90.000000,1088,False,False,True,False,True,False
1089,3,Tier 3 — Partial reversal,2,BRD-K04546108,JAK3-inhibitor-VI,-3.270290,16.424980,-1.902748,3,2,0,3.750647,-1.902748,-3.270290,-90.000000,1089,True,False,False,False,True,False
1090,3,Tier 3 — Partial reversal,2,BRD-K20714604,RS-56812,-1.889379,2.043693,-55.611603,3,2,0,-18.485763,-1.889379,-55.611603,-90.000000,1090,True,False,False,False,True,False
1091,3,Tier 3 — Partial reversal,2,BRD-K50841342,PAC-1,-1.857809,0.000000,-1.878294,3,2,0,-1.245367,-1.857809,-1.878294,-90.000000,1091,True,False,False,False,True,False
1092,3,Tier 3 — Partial reversal,2,BRD-K20986251,lithocholic-acid,0.000000,-20.823095,-1.842129,3,2,0,-7.555074,-1.842129,-20.823095,-90.000000,1092,False,False,True,False,True,False
1093,3,Tier 3 — Partial reversal,2,BRD-K33459542,ditolylguanidine,0.000000,-5.756596,-1.832276,3,2,0,-2.529624,-1.832276,-5.756596,-90.000000,1093,False,False,True,False,True,False
1094,3,Tier 3 — Partial reversal,2,BRD-K81473089,tacrine,0.669486,-2.319842,-1.832276,3,2,0,-1.160878,-1.832276,-2.319842,-90.000000,1094,False,False,True,False,True,False
1095,3,Tier 3 — Partial reversal,2,BRD-K67445247,flurofamide,-1.797040,-37.272293,7.435053,3,2,0,-10.544760,-1.797040,-37.272293,-90.000000,1095,True,False,True,False,False,False
1096,3,Tier 3 — Partial reversal,2,BRD-K28168037,fenretinide,66.003525,-22.161076,-1.797040,3,2,0,14.015136,-1.797040,-22.161076,-90.000000,1096,False,False,True,False,True,False
1097,3,Tier 3 — Partial reversal,2,BRD-K47207162,zimelidine,5.142922,-1.784864,-6.500937,3,2,0,-1.047626,-1.784864,-6.500937,-90.000000,1097,False,False,True,False,True,False
1098,3,Tier 3 — Partial reversal,2,BRD-K70976396,cefoxitin,0.000000,-18.234870,-1.780893,3,2,0,-6.671921,-1.780893,-18.234870,-90.000000,1098,False,False,True,False,True,False
1099,3,Tier 3 — Partial reversal,2,BRD-K67680372,CI-966,1.233263,-1.761804,-21.526545,3,2,0,-7.351695,-1.761804,-21.526545,-90.000000,1099,False,False,True,False,True,False
1100,3,Tier 3 — Partial reversal,2,BRD-A75172220,hydrocortisone,-1.761804,-29.490620,25.171673,3,2,0,-2.026917,-1.761804,-29.490620,-90.000000,1100,True,False,True,False,False,False
1101,3,Tier 3 — Partial reversal,2,BRD-K91601245,mercaptopurine,0.000000,-1.691332,-19.204388,3,2,0,-6.965240,-1.691332,-19.204388,-90.000000,1101,False,False,True,False,True,False
1102,3,Tier 3 — Partial reversal,2,BRD-K97799481,theophylline,-1.691332,1.233263,-1.691332,3,2,0,-0.716467,-1.691332,-1.691332,-90.000000,1102,True,False,False,False,True,False
1103,3,Tier 3 — Partial reversal,2,BRD-A93206962,L-755507,11.804602,-4.404510,-1.639684,3,2,0,1.920136,-1.639684,-4.404510,-90.000000,1103,False,False,True,False,True,False
1104,3,Tier 3 — Partial reversal,2,BRD-A72441487,stiripentol,0.000000,-17.819400,-1.620860,3,2,0,-6.480087,-1.620860,-17.819400,-90.000000,1104,False,False,True,False,True,False
1105,3,Tier 3 — Partial reversal,2,BRD-K86600316,RS-79948,-1.585624,-4.862579,3.312192,3,2,0,-1.045337,-1.585624,-4.862579,-90.000000,1105,True,False,True,False,False,False
1106,3,Tier 3 — Partial reversal,2,BRD-A94413429,NTNCB,-1.550388,6.544220,-14.868956,3,2,0,-3.291708,-1.550388,-14.868956,-90.000000,1106,True,False,False,False,True,False
1107,3,Tier 3 — Partial reversal,2,BRD-A89049230,BRD-A89049230,0.000000,-1.544083,-12.487419,3,2,0,-4.677167,-1.544083,-12.487419,-90.000000,1107,False,False,True,False,True,False
1108,3,Tier 3 — Partial reversal,2,BRD-A94543220,bifonazole,0.842757,-15.827907,-1.515151,3,2,0,-5.500100,-1.515151,-15.827907,-90.000000,1108,False,False,True,False,True,False
1109,3,Tier 3 — Partial reversal,2,BRD-A51820102,econazole,0.000000,-1.487451,-28.704649,3,2,0,-10.064033,-1.487451,-28.704649,-90.000000,1109,False,False,True,False,True,False
1110,3,Tier 3 — Partial reversal,2,BRD-A60414806,vincristine,-1.479915,-72.224960,58.874330,3,2,0,-4.943515,-1.479915,-72.224960,-90.000000,1110,True,False,True,False,False,False
1111,3,Tier 3 — Partial reversal,2,BRD-K74514084,pazopanib,-1.479915,-4.369274,0.000000,3,2,0,-1.949730,-1.479915,-4.369274,-90.000000,1111,True,False,True,False,False,False
1112,3,Tier 3 — Partial reversal,2,BRD-K97399794,quercetin,0.000000,-1.472339,-4.897815,3,2,0,-2.123385,-1.472339,-4.897815,-90.000000,1112,False,False,True,False,True,False
1113,3,Tier 3 — Partial reversal,2,BRD-A25775766,securinine,2.360817,-14.203725,-1.444679,3,2,0,-4.429196,-1.444679,-14.203725,-90.000000,1113,False,False,True,False,True,False
1114,3,Tier 3 — Partial reversal,2,BRD-A49370193,Ro-60-0175,-5.135679,-1.444679,0.000000,3,2,0,-2.193453,-1.444679,-5.135679,-90.000000,1114,True,False,True,False,False,False
1115,3,Tier 3 — Partial reversal,2,BRD-K38903228,hesperidin,0.000000,-1.402454,-6.091268,3,2,0,-2.497907,-1.402454,-6.091268,-90.000000,1115,False,False,True,False,True,False
1116,3,Tier 3 — Partial reversal,2,BRD-K66896231,ipidacrine,0.000000,-1.479915,-1.374207,3,2,0,-0.951374,-1.374207,-1.479915,-90.000000,1116,False,False,True,False,True,False
1117,3,Tier 3 — Partial reversal,2,BRD-A63894585,clobetasol,-1.374207,9.502671,-1.479915,3,2,0,2.216183,-1.374207,-1.479915,-90.000000,1117,True,False,False,False,True,False
1118,3,Tier 3 — Partial reversal,2,BRD-K32610195,androstenedione,0.000000,-1.338971,-8.914740,3,2,0,-3.417904,-1.338971,-8.914740,-90.000000,1118,False,False,True,False,True,False
1119,3,Tier 3 — Partial reversal,2,BRD-K17306061,aprepitant,-2.675298,-1.338971,0.000000,3,2,0,-1.338090,-1.338971,-2.675298,-90.000000,1119,True,False,True,False,False,False
1120,3,Tier 3 — Partial reversal,2,BRD-K89375097,pirenzepine,-1.338971,20.851162,-20.026236,3,2,0,-0.171348,-1.338971,-20.026236,-90.000000,1120,True,False,False,False,True,False
1121,3,Tier 3 — Partial reversal,2,BRD-K00256256,BRD-K00256256,-1.330936,4.686399,-13.323057,3,2,0,-3.322531,-1.330936,-13.323057,-90.000000,1121,True,False,False,False,True,False
1122,3,Tier 3 — Partial reversal,2,BRD-K31987754,oleylethanolamide,-20.368584,-1.316660,14.602722,3,2,0,-2.360840,-1.316660,-20.368584,-90.000000,1122,True,False,True,False,False,False
1123,3,Tier 3 — Partial reversal,2,BRD-K28761384,zuclopenthixol,0.000000,-1.303735,-76.904910,3,2,0,-26.069548,-1.303735,-76.904910,-90.000000,1123,False,False,True,False,True,False
1124,3,Tier 3 — Partial reversal,2,BRD-K24526313,levcromakalim,0.000000,-1.303735,-1.409443,3,2,0,-0.904393,-1.303735,-1.409443,-90.000000,1124,False,False,True,False,True,False
1125,3,Tier 3 — Partial reversal,2,BRD-A73581086,ergometrine,-1.268499,9.232933,-7.223397,3,2,0,0.247012,-1.268499,-7.223397,-90.000000,1125,True,False,False,False,True,False
1126,3,Tier 3 — Partial reversal,2,BRD-K32311154,nifekalant,0.000000,-1.233263,-22.517820,3,2,0,-7.917028,-1.233263,-22.517820,-90.000000,1126,False,False,True,False,True,False
1127,3,Tier 3 — Partial reversal,2,BRD-K44084986,Y-27632,0.000000,-1.233263,-7.353433,3,2,0,-2.862232,-1.233263,-7.353433,-90.000000,1127,False,False,True,False,True,False
1128,3,Tier 3 — Partial reversal,2,BRD-A68929948,DAPT-GSI-IX,-54.058712,5.948895,-1.208082,3,2,0,-16.439299,-1.208082,-54.058712,-90.000000,1128,True,False,False,False,True,False
1129,3,Tier 3 — Partial reversal,2,BRD-K09186807,KIN001-244,0.000000,-7.003759,-1.198027,3,2,0,-2.733929,-1.198027,-7.003759,-90.000000,1129,False,False,True,False,True,False
1130,3,Tier 3 — Partial reversal,2,BRD-A82590476,SDZ-NKT-343,-1.198027,16.659798,-20.749454,3,2,0,-1.762561,-1.198027,-20.749454,-90.000000,1130,True,False,False,False,True,False
1131,3,Tier 3 — Partial reversal,2,BRD-K00656370,6-aminochrysene,0.000000,-3.887855,-1.198027,3,2,0,-1.695294,-1.198027,-3.887855,-90.000000,1131,False,False,True,False,True,False
1132,3,Tier 3 — Partial reversal,2,BRD-A89434049,sarmentogenin,0.964975,-1.685020,-1.179414,3,2,0,-0.633153,-1.179414,-1.685020,-90.000000,1132,False,False,True,False,True,False
1133,3,Tier 3 — Partial reversal,2,BRD-K55344148,BU-224,-62.957450,10.624887,-1.162791,3,2,0,-17.831785,-1.162791,-62.957450,-90.000000,1133,True,False,False,False,True,False
1134,3,Tier 3 — Partial reversal,2,BRD-K32755366,reserpic-acid,1.468861,-1.162791,-25.633430,3,2,0,-8.442453,-1.162791,-25.633430,-90.000000,1134,False,False,True,False,True,False
1135,3,Tier 3 — Partial reversal,2,BRD-K08640512,RS-100329,0.000000,-1.444679,-1.137611,3,2,0,-0.860764,-1.137611,-1.444679,-90.000000,1135,False,False,True,False,True,False
1136,3,Tier 3 — Partial reversal,2,BRD-A01145011,zebularine,0.000000,-11.189899,-1.127555,3,2,0,-4.105818,-1.127555,-11.189899,-90.000000,1136,False,False,True,False,True,False
1137,3,Tier 3 — Partial reversal,2,BRD-K06593056,LE-135,0.033283,-2.572234,-1.127555,3,2,0,-1.222169,-1.127555,-2.572234,-90.000000,1137,False,False,True,False,True,False
1138,3,Tier 3 — Partial reversal,2,BRD-K77286328,reversine,0.000000,-1.233263,-1.127555,3,2,0,-0.786939,-1.127555,-1.233263,-90.000000,1138,False,False,True,False,True,False
1139,3,Tier 3 — Partial reversal,2,BRD-A75769826,SDM-25N,0.023043,-57.412000,-1.105789,3,2,0,-19.498249,-1.105789,-57.412000,-90.000000,1139,False,False,True,False,True,False
1140,3,Tier 3 — Partial reversal,2,BRD-K05151076,ZK-164015,-19.451313,-1.095258,23.379616,3,2,0,0.944348,-1.095258,-19.451313,-90.000000,1140,True,False,True,False,False,False
1141,3,Tier 3 — Partial reversal,2,BRD-K49890030,gavestinel,0.000000,-1.092318,-4.298802,3,2,0,-1.797040,-1.092318,-4.298802,-90.000000,1141,False,False,True,False,True,False
1142,3,Tier 3 — Partial reversal,2,BRD-K86434416,selegiline,-1.092318,37.685806,-13.389711,3,2,0,7.734592,-1.092318,-13.389711,-90.000000,1142,True,False,False,False,True,False
1143,3,Tier 3 — Partial reversal,2,BRD-K19605405,ZM-241385,0.669486,-21.482311,-1.057082,3,2,0,-7.289969,-1.057082,-21.482311,-90.000000,1143,False,False,True,False,True,False
1144,3,Tier 3 — Partial reversal,2,BRD-K32645441,dipropyl-5ct,-1.057082,-31.211550,13.196514,3,2,0,-6.357373,-1.057082,-31.211550,-90.000000,1144,True,False,True,False,False,False
1145,3,Tier 3 — Partial reversal,2,BRD-K93754473,tamoxifen,0.000000,-1.057082,-8.258219,3,2,0,-3.105100,-1.057082,-8.258219,-90.000000,1145,False,False,True,False,True,False
1146,3,Tier 3 — Partial reversal,2,BRD-K28578425,cilostamide,1.409443,-3.629316,-1.057082,3,2,0,-1.092318,-1.057082,-3.629316,-90.000000,1146,False,False,True,False,True,False
1147,3,Tier 3 — Partial reversal,2,BRD-K67844266,pevonedistat,-1.057082,-22.674932,57.302345,3,2,0,11.190110,-1.057082,-22.674932,-90.000000,1147,True,False,True,False,False,False
1148,3,Tier 3 — Partial reversal,2,BRD-K28470988,L-690330,0.000000,-1.048272,-14.887165,3,2,0,-5.311812,-1.048272,-14.887165,-90.000000,1148,False,False,True,False,True,False
1149,3,Tier 3 — Partial reversal,2,BRD-K68620903,dydrogesterone,11.834037,-1.026698,-1.198027,3,2,0,3.203104,-1.026698,-1.198027,-90.000000,1149,False,False,True,False,True,False
1150,3,Tier 3 — Partial reversal,2,BRD-A32949107,MRS-1845,-1.021846,4.968287,-15.367980,3,2,0,-3.807180,-1.021846,-15.367980,-90.000000,1150,True,False,False,False,True,False
1151,3,Tier 3 — Partial reversal,2,BRD-A45333398,periplocymarin,-1.021846,-4.981249,3.355008,3,2,0,-0.882696,-1.021846,-4.981249,-90.000000,1151,True,False,True,False,False,False
1152,3,Tier 3 — Partial reversal,2,BRD-K09485525,GANT-61,47.777110,-18.975803,-1.021846,3,2,0,9.259820,-1.021846,-18.975803,-90.000000,1152,False,False,True,False,True,False
1153,3,Tier 3 — Partial reversal,2,BRD-K50325075,UCL-2077,-0.999481,-16.402695,21.926882,3,2,0,1.508235,-0.999481,-16.402695,-90.000000,1153,True,False,True,False,False,False
1154,3,Tier 3 — Partial reversal,2,BRD-A96456596,FPL-55712,-0.986610,-29.043266,4.001588,3,2,0,-8.676096,-0.986610,-29.043266,-90.000000,1154,True,False,True,False,False,False
1155,3,Tier 3 — Partial reversal,2,BRD-K79404599,enzastaurin,0.027749,-0.986610,-9.495766,3,2,0,-3.484876,-0.986610,-9.495766,-90.000000,1155,False,False,True,False,True,False
1156,3,Tier 3 — Partial reversal,2,BRD-K05396879,15-delta-prostaglandin-j2,0.140944,-0.986610,-5.094526,3,2,0,-1.980064,-0.986610,-5.094526,-90.000000,1156,False,False,True,False,True,False
1157,3,Tier 3 — Partial reversal,2,BRD-K00486786,Ro-08-2750,-0.986610,-4.439746,0.775194,3,2,0,-1.550388,-0.986610,-4.439746,-90.000000,1157,True,False,True,False,False,False
1158,3,Tier 3 — Partial reversal,2,BRD-K77008974,WYE-354,2.607470,-1.092318,-0.986610,3,2,0,0.176180,-0.986610,-1.092318,-90.000000,1158,False,False,True,False,True,False
1159,3,Tier 3 — Partial reversal,2,BRD-A29082194,gitoxigenin,-0.951374,-20.355946,3.664553,3,2,0,-5.880923,-0.951374,-20.355946,-90.000000,1159,True,False,True,False,False,False
1160,3,Tier 3 — Partial reversal,2,BRD-K27710560,splitomycin,0.000000,-0.951374,-10.855337,3,2,0,-3.935570,-0.951374,-10.855337,-90.000000,1160,False,False,True,False,True,False
1161,3,Tier 3 — Partial reversal,2,BRD-K82941592,rosuvastatin,-6.448203,2.607470,-0.951374,3,2,0,-1.597369,-0.951374,-6.448203,-90.000000,1161,True,False,False,False,True,False
1162,3,Tier 3 — Partial reversal,2,BRD-K56745457,azauridine,-0.951374,-3.768816,0.634249,3,2,0,-1.361980,-0.951374,-3.768816,-90.000000,1162,True,False,True,False,False,False
1163,3,Tier 3 — Partial reversal,2,BRD-K68402494,ML-9,2.043693,-0.951374,-3.979188,3,2,0,-0.962290,-0.951374,-3.979188,-90.000000,1163,False,False,True,False,True,False
1164,3,Tier 3 — Partial reversal,2,BRD-K66615216,moxifloxacin,-0.951374,-1.127555,4.686399,3,2,0,0.869157,-0.951374,-1.127555,-90.000000,1164,True,False,True,False,False,False
1165,3,Tier 3 — Partial reversal,2,BRD-A29289453,PCA-4248,0.000000,-0.916138,-0.916138,3,2,0,-0.610759,-0.916138,-0.916138,-90.000000,1165,False,False,True,False,True,False
1166,3,Tier 3 — Partial reversal,2,BRD-K63533170,AM-630,-1.585624,-0.916138,3.362163,3,2,0,0.286800,-0.916138,-1.585624,-90.000000,1166,True,False,True,False,False,False
1167,3,Tier 3 — Partial reversal,2,BRD-A43882281,pinacidil,-1.627213,16.732706,-0.916138,3,2,0,4.729785,-0.916138,-1.627213,-90.000000,1167,True,False,False,False,True,False
1168,3,Tier 3 — Partial reversal,2,BRD-K80738081,resveratrol,-0.875691,2.184637,-1.303735,3,2,0,0.001737,-0.875691,-1.303735,-90.000000,1168,True,False,False,False,True,False
1169,3,Tier 3 — Partial reversal,2,BRD-K81847782,scandenin,35.514190,-0.857756,-46.657550,3,2,0,-4.000372,-0.857756,-46.657550,-90.000000,1169,False,False,True,False,True,False
1170,3,Tier 3 — Partial reversal,2,BRD-K62929068,6-benzylaminopurine,-0.845666,15.265034,-1.761804,3,2,0,4.219188,-0.845666,-1.761804,-90.000000,1170,True,False,False,False,True,False
1171,3,Tier 3 — Partial reversal,2,BRD-K41903098,diphenoxylate,28.521622,-0.845666,-8.045177,3,2,0,6.543593,-0.845666,-8.045177,-90.000000,1171,False,False,True,False,True,False
1172,3,Tier 3 — Partial reversal,2,BRD-A18579359,wiskostatin,-0.845148,-3.206483,27.808485,3,2,0,7.918951,-0.845148,-3.206483,-90.000000,1172,True,False,True,False,False,False
1173,3,Tier 3 — Partial reversal,2,BRD-K72903603,zidovudine,0.000000,-13.382148,-0.810430,3,2,0,-4.730859,-0.810430,-13.382148,-90.000000,1173,False,False,True,False,True,False
1174,3,Tier 3 — Partial reversal,2,BRD-A61793559,metolazone,0.000000,-29.501705,-0.775194,3,2,0,-10.092300,-0.775194,-29.501705,-90.000000,1174,False,False,True,False,True,False
1175,3,Tier 3 — Partial reversal,2,BRD-A87445400,yohimbine,0.000000,-15.291097,-0.775194,3,2,0,-5.355430,-0.775194,-15.291097,-90.000000,1175,False,False,True,False,True,False
1176,3,Tier 3 — Partial reversal,2,BRD-K42098891,protriptyline,0.000000,-0.775194,-3.840733,3,2,0,-1.538642,-0.775194,-3.840733,-90.000000,1176,False,False,True,False,True,False
1177,3,Tier 3 — Partial reversal,2,BRD-K40965114,cyanopindolol,5.402758,-0.775194,-0.792201,3,2,0,1.278455,-0.775194,-0.792201,-90.000000,1177,False,False,True,False,True,False
1178,3,Tier 3 — Partial reversal,2,BRD-K54704028,BAY-36-7620,-13.598570,-0.739958,0.704722,3,2,0,-4.544602,-0.739958,-13.598570,-90.000000,1178,True,False,True,False,False,False
1179,3,Tier 3 — Partial reversal,2,BRD-K54708045,nTZDpa,0.000000,-6.852110,-0.739958,3,2,0,-2.530689,-0.739958,-6.852110,-90.000000,1179,False,False,True,False,True,False
1180,3,Tier 3 — Partial reversal,2,BRD-K50135270,GBR-12935,-3.735025,3.613026,-0.739958,3,2,0,-0.287319,-0.739958,-3.735025,-90.000000,1180,True,False,False,False,True,False
1181,3,Tier 3 — Partial reversal,2,BRD-K76872913,benzanthrone,-1.858470,15.971027,-0.711164,3,2,0,4.467131,-0.711164,-1.858470,-90.000000,1181,True,False,False,False,True,False
1182,3,Tier 3 — Partial reversal,2,BRD-K06557128,voriconazole,0.000000,-0.704722,-18.405712,3,2,0,-6.370145,-0.704722,-18.405712,-90.000000,1182,False,False,True,False,True,False
1183,3,Tier 3 — Partial reversal,2,BRD-K86930074,cediranib,0.000000,-0.669486,-54.262344,3,2,0,-18.310610,-0.669486,-54.262344,-90.000000,1183,False,False,True,False,True,False
1184,3,Tier 3 — Partial reversal,2,BRD-K37270826,mifepristone,-2.149401,-0.669486,4.743912,3,2,0,0.641675,-0.669486,-2.149401,-90.000000,1184,True,False,True,False,False,False
1185,3,Tier 3 — Partial reversal,2,BRD-K32536677,AGK-2,-21.816803,43.416610,-0.669486,3,2,0,6.976774,-0.669486,-21.816803,-90.000000,1185,True,False,False,False,True,False
1186,3,Tier 3 — Partial reversal,2,BRD-K87932577,NSC-693868,0.000000,-0.634249,-34.703968,3,2,0,-11.779406,-0.634249,-34.703968,-90.000000,1186,False,False,True,False,True,False
1187,3,Tier 3 — Partial reversal,2,BRD-A81402010,KU-C103443N,0.000000,-0.634249,-6.628996,3,2,0,-2.421082,-0.634249,-6.628996,-90.000000,1187,False,False,True,False,True,False
1188,3,Tier 3 — Partial reversal,2,BRD-K78294846,osthol,-0.599013,-28.595976,4.611480,3,2,0,-8.194503,-0.599013,-28.595976,-90.000000,1188,True,False,True,False,False,False
1189,3,Tier 3 — Partial reversal,2,BRD-K14888893,minoxidil,-0.599013,-4.673552,11.816105,3,2,0,2.181180,-0.599013,-4.673552,-90.000000,1189,True,False,True,False,False,False
1190,3,Tier 3 — Partial reversal,2,BRD-K66404838,nalbuphine,12.236267,-1.092318,-0.599013,3,2,0,3.514978,-0.599013,-1.092318,-90.000000,1190,False,False,True,False,True,False
1191,3,Tier 3 — Partial reversal,2,BRD-K82562631,tolmetin,-0.599013,28.175160,-2.713178,3,2,0,8.287656,-0.599013,-2.713178,-90.000000,1191,True,False,False,False,True,False
1192,3,Tier 3 — Partial reversal,2,BRD-K92015269,GBR-12783,0.281889,-0.563777,-2.317839,3,2,0,-0.866576,-0.563777,-2.317839,-90.000000,1192,False,False,True,False,True,False
1193,3,Tier 3 — Partial reversal,2,BRD-A77291778,cyclopentolate,-0.563777,1.867512,-1.585624,3,2,0,-0.093963,-0.563777,-1.585624,-90.000000,1193,True,False,False,False,True,False
1194,3,Tier 3 — Partial reversal,2,BRD-K15933101,ropinirole,0.000000,-0.528541,-9.828510,3,2,0,-3.452350,-0.528541,-9.828510,-90.000000,1194,False,False,True,False,True,False
1195,3,Tier 3 — Partial reversal,2,BRD-A51829654,BRL-15572,0.000000,-5.573511,-0.528541,3,2,0,-2.034017,-0.528541,-5.573511,-90.000000,1195,False,False,True,False,True,False
1196,3,Tier 3 — Partial reversal,2,BRD-A14395271,mesoridazine,-0.528541,3.534175,-0.599013,3,2,0,0.802207,-0.528541,-0.599013,-90.000000,1196,True,False,False,False,True,False
1197,3,Tier 3 — Partial reversal,2,BRD-K66198023,losartan,-0.518322,-3.136011,0.990738,3,2,0,-0.887865,-0.518322,-3.136011,-90.000000,1197,True,False,True,False,False,False
1198,3,Tier 3 — Partial reversal,2,BRD-K85090592,pilocarpine,0.422833,-0.493305,-75.367590,3,2,0,-25.146021,-0.493305,-75.367590,-90.000000,1198,False,False,True,False,True,False
1199,3,Tier 3 — Partial reversal,2,BRD-K63828191,raloxifene,0.000000,-0.579238,-0.493305,3,2,0,-0.357514,-0.493305,-0.579238,-90.000000,1199,False,False,True,False,True,False
1200,3,Tier 3 — Partial reversal,2,BRD-K35483542,alitretinoin,-0.493305,-4.580691,14.611232,3,2,0,3.179079,-0.493305,-4.580691,-90.000000,1200,True,False,True,False,False,False
1201,3,Tier 3 — Partial reversal,2,BRD-K63630713,etacrynic-acid,1.057082,-0.458069,-11.716060,3,2,0,-3.705682,-0.458069,-11.716060,-90.000000,1201,False,False,True,False,True,False
1202,3,Tier 3 — Partial reversal,2,BRD-U88459701,atorvastatin,0.000000,-1.761804,-0.458069,3,2,0,-0.739958,-0.458069,-1.761804,-90.000000,1202,False,False,True,False,True,False
1203,3,Tier 3 — Partial reversal,2,BRD-K26657438,imiquimod,-0.458069,-5.886890,8.121692,3,2,0,0.592244,-0.458069,-5.886890,-90.000000,1203,True,False,True,False,False,False
1204,3,Tier 3 — Partial reversal,2,BRD-K16664969,GTP-14564,0.000000,-23.005817,-0.422833,3,2,0,-7.809550,-0.422833,-23.005817,-90.000000,1204,False,False,True,False,True,False
1205,3,Tier 3 — Partial reversal,2,BRD-K88759641,EMD-66684,-11.145580,-0.422833,3.925937,3,2,0,-2.547492,-0.422833,-11.145580,-90.000000,1205,True,False,True,False,False,False
1206,3,Tier 3 — Partial reversal,2,BRD-A85424553,thioperamide,0.000000,-13.879182,-0.389400,3,2,0,-4.756194,-0.389400,-13.879182,-90.000000,1206,False,False,True,False,True,False
1207,3,Tier 3 — Partial reversal,2,BRD-A34806832,proscillaridin,-0.387597,-23.883726,0.000000,3,2,0,-8.090441,-0.387597,-23.883726,-90.000000,1207,True,False,True,False,False,False
1208,3,Tier 3 — Partial reversal,2,BRD-K12102668,nialamide,-0.387597,16.860403,-20.932888,3,2,0,-1.486694,-0.387597,-20.932888,-90.000000,1208,True,False,False,False,True,False
1209,3,Tier 3 — Partial reversal,2,BRD-A79672927,tropicamide,0.070472,-0.599013,-0.387597,3,2,0,-0.305379,-0.387597,-0.599013,-90.000000,1209,False,False,True,False,True,False
1210,3,Tier 3 — Partial reversal,2,BRD-A02176148,tubaic-acid,0.000000,-5.952472,-0.352361,3,2,0,-2.101611,-0.352361,-5.952472,-90.000000,1210,False,False,True,False,True,False
1211,3,Tier 3 — Partial reversal,2,BRD-A97437073,rosiglitazone,0.000000,-1.470051,-0.317125,3,2,0,-0.595725,-0.317125,-1.470051,-90.000000,1211,False,False,True,False,True,False
1212,3,Tier 3 — Partial reversal,2,BRD-K60770992,pergolide,-0.317125,-4.933052,5.204123,3,2,0,-0.015351,-0.317125,-4.933052,-90.000000,1212,True,False,True,False,False,False
1213,3,Tier 3 — Partial reversal,2,BRD-A39390670,rabeprazole,0.775194,-0.317125,-0.333204,3,2,0,0.041622,-0.317125,-0.333204,-90.000000,1213,False,False,True,False,True,False
1214,3,Tier 3 — Partial reversal,2,BRD-K71499074,diclofenamide,-0.317125,-0.458069,1.334625,3,2,0,0.186477,-0.317125,-0.458069,-90.000000,1214,True,False,True,False,False,False
1215,3,Tier 3 — Partial reversal,2,BRD-K87158025,benzamil,0.000000,-0.281889,-0.951374,3,2,0,-0.411088,-0.281889,-0.951374,-90.000000,1215,False,False,True,False,True,False
1216,3,Tier 3 — Partial reversal,2,BRD-K09778810,FGIN-1-27,0.035236,-0.810430,-0.281889,3,2,0,-0.352361,-0.281889,-0.810430,-90.000000,1216,False,False,True,False,True,False
1217,3,Tier 3 — Partial reversal,2,BRD-K87990216,piretanide,-1.849822,-0.281889,2.008457,3,2,0,-0.041085,-0.281889,-1.849822,-90.000000,1217,True,False,True,False,False,False
1218,3,Tier 3 — Partial reversal,2,BRD-A35519318,benidipine,-0.281889,22.645687,-22.200499,3,2,0,0.054433,-0.281889,-22.200499,-90.000000,1218,True,False,False,False,True,False
1219,3,Tier 3 — Partial reversal,2,BRD-A04553218,chlorphenamine,-0.281889,-0.458069,1.726568,3,2,0,0.328870,-0.281889,-0.458069,-90.000000,1219,True,False,True,False,False,False
1220,3,Tier 3 — Partial reversal,2,BRD-K90733503,cephalexin,-0.246653,-14.262424,16.591412,3,2,0,0.694112,-0.246653,-14.262424,-90.000000,1220,True,False,True,False,False,False
1221,3,Tier 3 — Partial reversal,2,BRD-A26095496,clobetasol,-0.246653,-7.836043,15.141375,3,2,0,2.352893,-0.246653,-7.836043,-90.000000,1221,True,False,True,False,False,False
1222,3,Tier 3 — Partial reversal,2,BRD-K00615600,AG-14361,-0.176180,-4.016913,1.761804,3,2,0,-0.810430,-0.176180,-4.016913,-90.000000,1222,True,False,True,False,False,False
1223,3,Tier 3 — Partial reversal,2,BRD-A07780951,orciprenaline,0.000000,-0.176180,-1.867512,3,2,0,-0.681231,-0.176180,-1.867512,-90.000000,1223,False,False,True,False,True,False
1224,3,Tier 3 — Partial reversal,2,BRD-K51313569,palbociclib,0.000000,-0.739958,-0.176180,3,2,0,-0.305379,-0.176180,-0.739958,-90.000000,1224,False,False,True,False,True,False
1225,3,Tier 3 — Partial reversal,2,BRD-K52080565,nandrolone,-0.599013,0.458069,-0.176180,3,2,0,-0.105708,-0.176180,-0.599013,-90.000000,1225,True,False,False,False,True,False
1226,3,Tier 3 — Partial reversal,2,BRD-K79425933,benperidol,-0.176180,25.958292,-1.338971,3,2,0,8.147714,-0.176180,-1.338971,-90.000000,1226,True,False,False,False,True,False
1227,3,Tier 3 — Partial reversal,2,BRD-A05186015,bupropion,-0.174649,3.312192,-2.466526,3,2,0,0.223672,-0.174649,-2.466526,-90.000000,1227,True,False,False,False,True,False
1228,3,Tier 3 — Partial reversal,2,BRD-K09416995,lovastatin,-0.140944,2.043693,-9.760395,3,2,0,-2.619216,-0.140944,-9.760395,-90.000000,1228,True,False,False,False,True,False
1229,3,Tier 3 — Partial reversal,2,BRD-A57382968,piroxicam,-0.140944,5.708245,-9.739006,3,2,0,-1.390568,-0.140944,-9.739006,-90.000000,1229,True,False,False,False,True,False
1230,3,Tier 3 — Partial reversal,2,BRD-A79768653,sirolimus,0.070472,-0.140944,-0.669486,3,2,0,-0.246653,-0.140944,-0.669486,-90.000000,1230,False,False,True,False,True,False
1231,3,Tier 3 — Partial reversal,2,BRD-K45033733,famciclovir,-0.140944,3.136011,-2.008457,3,2,0,0.328870,-0.140944,-2.008457,-90.000000,1231,True,False,False,False,True,False
1232,3,Tier 3 — Partial reversal,2,BRD-K82135108,elesclomol,-0.140944,-1.021846,25.013382,3,2,0,7.950197,-0.140944,-1.021846,-90.000000,1232,True,False,True,False,False,False
1233,3,Tier 3 — Partial reversal,2,BRD-K81528515,nilotinib,-0.105708,-17.297497,5.989209,3,2,0,-3.804665,-0.105708,-17.297497,-90.000000,1233,True,False,True,False,False,False
1234,3,Tier 3 — Partial reversal,2,BRD-K35531059,molsidomine,-0.105708,-1.444679,1.409443,3,2,0,-0.046981,-0.105708,-1.444679,-90.000000,1234,True,False,True,False,False,False
1235,3,Tier 3 — Partial reversal,2,BRD-K63979671,etifenin,-0.105708,-8.261377,15.170153,3,2,0,2.267689,-0.105708,-8.261377,-90.000000,1235,True,False,True,False,False,False
1236,3,Tier 3 — Partial reversal,2,BRD-K18574842,nafcillin,-0.105708,-13.832986,22.352463,3,2,0,2.804590,-0.105708,-13.832986,-90.000000,1236,True,False,True,False,False,False
1237,3,Tier 3 — Partial reversal,2,BRD-K00627859,tubastatin-a,-0.070472,0.000000,-2.184637,3,2,0,-0.751703,-0.070472,-2.184637,-90.000000,1237,True,False,False,False,True,False
1238,3,Tier 3 — Partial reversal,2,BRD-K32821942,azathioprine,0.029707,-0.070472,-0.105708,3,2,0,-0.048825,-0.070472,-0.105708,-90.000000,1238,False,False,True,False,True,False
1239,3,Tier 3 — Partial reversal,2,BRD-K59962020,CHEMBL-374350,-0.035236,0.458069,-2.320288,3,2,0,-0.632485,-0.035236,-2.320288,-90.000000,1239,True,False,False,False,True,False
1240,3,Tier 3 — Partial reversal,2,BRD-K30480208,torasemide,-0.035236,-2.315771,1.374207,3,2,0,-0.325600,-0.035236,-2.315771,-90.000000,1240,True,False,True,False,False,False
1241,3,Tier 3 — Partial reversal,2,BRD-A67799922,phenoxybenzamine,-0.029157,22.891350,-5.410268,3,2,0,5.817308,-0.029157,-5.410268,-90.000000,1241,True,False,False,False,True,False
