priority_rank,priority_tier_number,priority_tier,cross_signature_consistency_score,pert_id,pert_iname,ATLAS_SIG_A_TOP150,ATLAS_SIG_B_TOP100,ATLAS_SIG_B_TOP150,n_signatures,n_negative,n_strong_negative,mean_tau,median_tau,minimum_tau,strong_negative_threshold,consensus_rank,A_TOP150_negative,A_TOP150_strong_negative,B_TOP100_negative,B_TOP100_strong_negative,B_TOP150_negative,B_TOP150_strong_negative
1,1,Tier 1 — Strong consensus,5,BRD-K99447003,enalaprilat,-2.249479,-94.186320,-95.636980,3,3,2,-64.024260,-94.186320,-95.636980,-90.000000,1,True,False,True,True,True,True
2,1,Tier 1 — Strong consensus,5,BRD-A81541225,oligomycin-a,-31.808538,-93.997200,-97.533480,3,3,2,-74.446406,-93.997200,-97.533480,-90.000000,2,True,False,True,True,True,True
3,1,Tier 1 — Strong consensus,5,BRD-K89687904,PKCbeta-inhibitor,-24.450300,-90.709640,-97.772630,3,3,2,-70.977523,-90.709640,-97.772630,-90.000000,3,True,False,True,True,True,True
4,1,Tier 1 — Strong consensus,4,BRD-K33483813,actarit,0.000000,-98.731500,-94.041336,3,2,2,-64.257612,-94.041336,-98.731500,-90.000000,4,False,False,True,True,True,True
5,1,Tier 1 — Strong consensus,4,BRD-K45252063,clofibrate,0.000000,-95.066950,-93.316580,3,2,2,-62.794510,-93.316580,-95.066950,-90.000000,5,False,False,True,True,True,True
6,1,Tier 1 — Strong consensus,4,BRD-K19416115,sitagliptin,0.000000,-95.046020,-92.978720,3,2,2,-62.674913,-92.978720,-95.046020,-90.000000,6,False,False,True,True,True,True
7,1,Tier 1 — Strong consensus,4,BRD-K01976263,emetine,0.000000,-96.723045,-91.633950,3,2,2,-62.785665,-91.633950,-96.723045,-90.000000,7,False,False,True,True,True,True
8,2,Tier 2 — Consistent reversal,4,BRD-K98372770,L-2167,-4.334038,-95.151430,-85.649376,3,3,1,-61.711615,-85.649376,-95.151430,-90.000000,8,True,False,True,True,True,False
9,2,Tier 2 — Consistent reversal,4,BRD-K13356952,methazolamide,-19.686787,-95.771670,-85.611694,3,3,1,-67.023384,-85.611694,-95.771670,-90.000000,9,True,False,True,True,True,False
10,2,Tier 2 — Consistent reversal,4,BRD-K22096725,ALW-II-49-7,-30.964382,-90.098976,-84.463036,3,3,1,-68.508798,-84.463036,-90.098976,-90.000000,10,True,False,True,True,True,False
11,2,Tier 2 — Consistent reversal,4,BRD-K09859624,methantheline,-5.637197,-93.909650,-83.348440,3,3,1,-60.965096,-83.348440,-93.909650,-90.000000,11,True,False,True,True,True,False
12,2,Tier 2 — Consistent reversal,4,BRD-K55420858,mirin,-17.979301,-91.832400,-80.718860,3,3,1,-63.510187,-80.718860,-91.832400,-90.000000,12,True,False,True,True,True,False
13,2,Tier 2 — Consistent reversal,4,BRD-K74236984,UNC-0321,-16.522942,-78.778690,-91.155310,3,3,1,-62.152314,-78.778690,-91.155310,-90.000000,13,True,False,True,False,True,True
14,2,Tier 2 — Consistent reversal,4,BRD-A48237631,mitomycin-c,-68.170520,-14.945600,-90.274840,3,3,1,-57.796987,-68.170520,-90.274840,-90.000000,14,True,False,True,False,True,True
15,2,Tier 2 — Consistent reversal,4,BRD-A30977374,nifedipine,-7.082452,-63.485985,-92.370224,3,3,1,-54.312887,-63.485985,-92.370224,-90.000000,15,True,False,True,False,True,True
16,2,Tier 2 — Consistent reversal,4,BRD-U73238814,QL-XI-92,-1.173027,-90.411026,-59.894768,3,3,1,-50.492940,-59.894768,-90.411026,-90.000000,16,True,False,True,True,True,False
17,2,Tier 2 — Consistent reversal,4,BRD-A82238138,budesonide,-2.043693,-51.701840,-93.930910,3,3,1,-49.225481,-51.701840,-93.930910,-90.000000,17,True,False,True,False,True,True
18,2,Tier 2 — Consistent reversal,4,BRD-K55930204,phenytoin,-37.665825,-91.621540,-43.434790,3,3,1,-57.574052,-43.434790,-91.621540,-90.000000,18,True,False,True,True,True,False
19,2,Tier 2 — Consistent reversal,4,BRD-A06352508,SB-218078,-2.396054,-33.465538,-92.218640,3,3,1,-42.693411,-33.465538,-92.218640,-90.000000,19,True,False,True,False,True,True
20,2,Tier 2 — Consistent reversal,3,BRD-K93188295,ARC-239,-3.623069,-86.813780,-89.505760,3,3,0,-59.980870,-86.813780,-89.505760,-90.000000,30,True,False,True,False,True,False
21,2,Tier 2 — Consistent reversal,3,BRD-K59222562,BRD-K59222562,-22.267956,-89.291270,-86.783050,3,3,0,-66.114092,-86.783050,-89.291270,-90.000000,31,True,False,True,False,True,False
22,2,Tier 2 — Consistent reversal,3,BRD-K52662033,lidocaine,-18.033361,-84.468930,-85.993546,3,3,0,-62.831946,-84.468930,-85.993546,-90.000000,32,True,False,True,False,True,False
23,2,Tier 2 — Consistent reversal,3,BRD-K84141129,VU-0400193-3,-75.512900,-85.439865,-81.856476,3,3,0,-80.936414,-81.856476,-85.439865,-90.000000,33,True,False,True,False,True,False
24,2,Tier 2 — Consistent reversal,3,BRD-K93095519,SJ-172550,-1.538687,-81.850030,-88.012360,3,3,0,-57.133692,-81.850030,-88.012360,-90.000000,34,True,False,True,False,True,False
25,2,Tier 2 — Consistent reversal,3,BRD-K94353609,fluocinolone,-77.690400,-79.709700,-63.414906,3,3,0,-73.605002,-77.690400,-79.709700,-90.000000,35,True,False,True,False,True,False
26,2,Tier 2 — Consistent reversal,3,BRD-K23875128,RHO-kinase-inhibitor-III[rockout],-39.115660,-75.695680,-82.661640,3,3,0,-65.824327,-75.695680,-82.661640,-90.000000,36,True,False,True,False,True,False
27,2,Tier 2 — Consistent reversal,3,BRD-K56343971,vemurafenib,-0.458069,-75.634640,-75.796540,3,3,0,-50.629750,-75.634640,-75.796540,-90.000000,37,True,False,True,False,True,False
28,2,Tier 2 — Consistent reversal,3,BRD-A36010170,amcinonide,-4.827343,-74.570600,-80.699104,3,3,0,-53.365682,-74.570600,-80.699104,-90.000000,38,True,False,True,False,True,False
29,2,Tier 2 — Consistent reversal,3,BRD-K48735772,PD-158780,-37.132057,-88.892075,-72.680610,3,3,0,-66.234914,-72.680610,-88.892075,-90.000000,39,True,False,True,False,True,False
30,2,Tier 2 — Consistent reversal,3,BRD-K88677950,PD-198306,-2.607470,-72.456375,-75.628550,3,3,0,-50.230798,-72.456375,-75.628550,-90.000000,40,True,False,True,False,True,False
31,2,Tier 2 — Consistent reversal,3,BRD-A22380646,pantoprazole,-7.723269,-83.766430,-71.785070,3,3,0,-54.424923,-71.785070,-83.766430,-90.000000,41,True,False,True,False,True,False
32,2,Tier 2 — Consistent reversal,3,BRD-K48923948,BMS-641988,-1.585624,-76.761620,-71.082730,3,3,0,-49.809991,-71.082730,-76.761620,-90.000000,42,True,False,True,False,True,False
33,2,Tier 2 — Consistent reversal,3,BRD-K22009844,phenprobamate,-1.585624,-70.626915,-74.363754,3,3,0,-48.858764,-70.626915,-74.363754,-90.000000,43,True,False,True,False,True,False
34,2,Tier 2 — Consistent reversal,3,BRD-K85603128,resorcinol,-1.127555,-80.631060,-70.198425,3,3,0,-50.652347,-70.198425,-80.631060,-90.000000,44,True,False,True,False,True,False
35,2,Tier 2 — Consistent reversal,3,BRD-K49865102,PD-0325901,-0.070472,-85.030550,-69.957410,3,3,0,-51.686144,-69.957410,-85.030550,-90.000000,45,True,False,True,False,True,False
36,2,Tier 2 — Consistent reversal,3,BRD-K16508793,diazepam,-18.388740,-68.466090,-76.202010,3,3,0,-54.352280,-68.466090,-76.202010,-90.000000,46,True,False,True,False,True,False
37,2,Tier 2 — Consistent reversal,3,BRD-K89046952,ciclacillin,-2.431290,-66.946300,-78.140590,3,3,0,-49.172727,-66.946300,-78.140590,-90.000000,47,True,False,True,False,True,False
38,2,Tier 2 — Consistent reversal,3,BRD-A17448384,beclometasone,-25.780113,-66.753970,-69.124970,3,3,0,-53.886351,-66.753970,-69.124970,-90.000000,48,True,False,True,False,True,False
39,2,Tier 2 — Consistent reversal,3,BRD-A94793051,gestrinone,-12.377667,-65.463090,-73.058800,3,3,0,-50.299852,-65.463090,-73.058800,-90.000000,49,True,False,True,False,True,False
40,2,Tier 2 — Consistent reversal,3,BRD-K68558722,deracoxib,-0.105708,-65.361244,-67.604760,3,3,0,-44.357237,-65.361244,-67.604760,-90.000000,50,True,False,True,False,True,False
41,2,Tier 2 — Consistent reversal,3,BRD-K55591206,epigallocatechin-gallate-(-),-0.916138,-80.946304,-64.109695,3,3,0,-48.657379,-64.109695,-80.946304,-90.000000,51,True,False,True,False,True,False
42,2,Tier 2 — Consistent reversal,3,BRD-K43164539,cholic-acid,-6.002546,-63.466003,-66.273590,3,3,0,-45.247380,-63.466003,-66.273590,-90.000000,52,True,False,True,False,True,False
43,2,Tier 2 — Consistent reversal,3,BRD-A62184259,cycloheximide,-5.144468,-83.094220,-63.263805,3,3,0,-50.500831,-63.263805,-83.094220,-90.000000,53,True,False,True,False,True,False
44,2,Tier 2 — Consistent reversal,3,BRD-K82143716,flucytosine,-62.447453,-1.303735,-83.539660,3,3,0,-49.096949,-62.447453,-83.539660,-90.000000,54,True,False,True,False,True,False
45,2,Tier 2 — Consistent reversal,3,BRD-A20589515,dihydroxyphenylglycine,-76.079926,-61.775390,-36.637940,3,3,0,-58.164419,-61.775390,-76.079926,-90.000000,55,True,False,True,False,True,False
46,2,Tier 2 — Consistent reversal,3,BRD-K37846922,"3,3'-diindolylmethane",-23.392363,-68.230576,-61.381847,3,3,0,-51.001595,-61.381847,-68.230576,-90.000000,56,True,False,True,False,True,False
47,2,Tier 2 — Consistent reversal,3,BRD-K46441700,GR-55562,-12.659220,-85.610060,-60.974052,3,3,0,-53.081111,-60.974052,-85.610060,-90.000000,57,True,False,True,False,True,False
48,2,Tier 2 — Consistent reversal,3,BRD-K77998258,ganglioside,-2.325581,-60.840630,-79.385666,3,3,0,-47.517292,-60.840630,-79.385666,-90.000000,58,True,False,True,False,True,False
49,2,Tier 2 — Consistent reversal,3,BRD-K40213712,SAL-1,-3.888400,-63.043133,-60.775375,3,3,0,-42.568969,-60.775375,-63.043133,-90.000000,59,True,False,True,False,True,False
50,2,Tier 2 — Consistent reversal,3,BRD-K86727142,embelin,-0.986610,-74.170980,-60.749107,3,3,0,-45.302232,-60.749107,-74.170980,-90.000000,60,True,False,True,False,True,False
51,2,Tier 2 — Consistent reversal,3,BRD-K54330070,SB-202190,-2.114165,-60.137074,-68.497460,3,3,0,-43.582900,-60.137074,-68.497460,-90.000000,61,True,False,True,False,True,False
52,2,Tier 2 — Consistent reversal,3,BRD-K41260949,valproic-acid,-2.255109,-77.664420,-59.897790,3,3,0,-46.605773,-59.897790,-77.664420,-90.000000,62,True,False,True,False,True,False
53,2,Tier 2 — Consistent reversal,3,BRD-K33425534,exemestane,-2.860011,-83.684010,-59.854805,3,3,0,-48.799609,-59.854805,-83.684010,-90.000000,63,True,False,True,False,True,False
54,2,Tier 2 — Consistent reversal,3,BRD-A57457122,VU-0400071-3,-4.157857,-66.112760,-59.715160,3,3,0,-43.328592,-59.715160,-66.112760,-90.000000,64,True,False,True,False,True,False
55,2,Tier 2 — Consistent reversal,3,BRD-K78838262,austricine,-0.895315,-78.118010,-59.665684,3,3,0,-46.226336,-59.665684,-78.118010,-90.000000,65,True,False,True,False,True,False
56,2,Tier 2 — Consistent reversal,3,BRD-A02180903,betamethasone,-1.233263,-59.548683,-63.418858,3,3,0,-41.400268,-59.548683,-63.418858,-90.000000,66,True,False,True,False,True,False
57,2,Tier 2 — Consistent reversal,3,BRD-K72816382,cinalukast,-2.396054,-59.528847,-63.261100,3,3,0,-41.728667,-59.528847,-63.261100,-90.000000,67,True,False,True,False,True,False
58,2,Tier 2 — Consistent reversal,3,BRD-K79511609,BRD-K79511609,-42.073154,-59.437984,-67.012020,3,3,0,-56.174386,-59.437984,-67.012020,-90.000000,68,True,False,True,False,True,False
59,2,Tier 2 — Consistent reversal,3,BRD-K02607075,tubocurarine,-2.713178,-75.779720,-58.916065,3,3,0,-45.802988,-58.916065,-75.779720,-90.000000,69,True,False,True,False,True,False
60,2,Tier 2 — Consistent reversal,3,BRD-K28137194,loreclezole,-65.618920,-58.125200,-48.364000,3,3,0,-57.369373,-58.125200,-65.618920,-90.000000,70,True,False,True,False,True,False
61,2,Tier 2 — Consistent reversal,3,BRD-K11107424,tiotidine,-3.488372,-58.090363,-64.547400,3,3,0,-42.042045,-58.090363,-64.547400,-90.000000,71,True,False,True,False,True,False
62,2,Tier 2 — Consistent reversal,3,BRD-K89708791,rifaximin,-4.756871,-57.855515,-79.764694,3,3,0,-47.459027,-57.855515,-79.764694,-90.000000,72,True,False,True,False,True,False
63,2,Tier 2 — Consistent reversal,3,BRD-K05804044,AZ-628,-0.951374,-65.108590,-57.723510,3,3,0,-41.261158,-57.723510,-65.108590,-90.000000,73,True,False,True,False,True,False
64,2,Tier 2 — Consistent reversal,3,BRD-K06878038,deferiprone,-4.720983,-60.271294,-57.334846,3,3,0,-40.775708,-57.334846,-60.271294,-90.000000,74,True,False,True,False,True,False
65,2,Tier 2 — Consistent reversal,3,BRD-K77133231,PD-169316,-26.292255,-69.042510,-57.065178,3,3,0,-50.799981,-57.065178,-69.042510,-90.000000,75,True,False,True,False,True,False
66,2,Tier 2 — Consistent reversal,3,BRD-K08109516,L-701324,-11.283772,-60.337547,-56.637703,3,3,0,-42.753007,-56.637703,-60.337547,-90.000000,76,True,False,True,False,True,False
67,2,Tier 2 — Consistent reversal,3,BRD-K08273968,griseofulvin,-7.751938,-66.579710,-56.205970,3,3,0,-43.512539,-56.205970,-66.579710,-90.000000,77,True,False,True,False,True,False
68,2,Tier 2 — Consistent reversal,3,BRD-K99107520,felbamate,-1.338971,-84.810130,-56.048110,3,3,0,-47.399070,-56.048110,-84.810130,-90.000000,78,True,False,True,False,True,False
69,2,Tier 2 — Consistent reversal,3,BRD-K35629949,SR-27897,-16.351130,-55.846756,-72.528700,3,3,0,-48.242195,-55.846756,-72.528700,-90.000000,79,True,False,True,False,True,False
70,2,Tier 2 — Consistent reversal,3,BRD-K62310379,fluticasone-propionate,-0.669486,-55.002747,-86.086210,3,3,0,-47.252814,-55.002747,-86.086210,-90.000000,80,True,False,True,False,True,False
71,2,Tier 2 — Consistent reversal,3,BRD-K08996725,zolantidine,-0.493305,-54.927390,-74.507706,3,3,0,-43.309467,-54.927390,-74.507706,-90.000000,81,True,False,True,False,True,False
72,2,Tier 2 — Consistent reversal,3,BRD-K33211335,dextromethorphan,-3.206483,-54.849370,-61.592020,3,3,0,-39.882624,-54.849370,-61.592020,-90.000000,82,True,False,True,False,True,False
73,2,Tier 2 — Consistent reversal,3,BRD-K34098590,tienilic-acid,-25.508522,-85.910190,-54.838802,3,3,0,-55.419171,-54.838802,-85.910190,-90.000000,83,True,False,True,False,True,False
74,2,Tier 2 — Consistent reversal,3,BRD-A77349281,RK-682,-14.212652,-63.022438,-54.574436,3,3,0,-43.936509,-54.574436,-63.022438,-90.000000,84,True,False,True,False,True,False
75,2,Tier 2 — Consistent reversal,3,BRD-K01638814,rilmenidine,-22.415075,-53.919815,-65.841150,3,3,0,-47.392013,-53.919815,-65.841150,-90.000000,85,True,False,True,False,True,False
76,2,Tier 2 — Consistent reversal,3,BRD-K05104363,PD-184352,-0.105708,-59.902153,-53.916405,3,3,0,-37.974755,-53.916405,-59.902153,-90.000000,86,True,False,True,False,True,False
77,2,Tier 2 — Consistent reversal,3,BRD-K04170657,psoromic-acid,-29.686283,-55.383244,-53.669380,3,3,0,-46.246302,-53.669380,-55.383244,-90.000000,87,True,False,True,False,True,False
78,2,Tier 2 — Consistent reversal,3,BRD-K09991945,GSK-3-inhibitor-II,-13.116282,-56.040085,-53.212753,3,3,0,-40.789707,-53.212753,-56.040085,-90.000000,88,True,False,True,False,True,False
79,2,Tier 2 — Consistent reversal,3,BRD-K37720887,SB-525334,-7.751938,-61.006596,-52.980200,3,3,0,-40.579578,-52.980200,-61.006596,-90.000000,89,True,False,True,False,True,False
80,2,Tier 2 — Consistent reversal,3,BRD-K67439147,SIB-1893,-63.677235,-52.958440,-41.334583,3,3,0,-52.656753,-52.958440,-63.677235,-90.000000,90,True,False,True,False,True,False
81,2,Tier 2 — Consistent reversal,3,BRD-K56450366,NSC-94258,-15.000443,-52.920273,-79.571350,3,3,0,-49.164022,-52.920273,-79.571350,-90.000000,91,True,False,True,False,True,False
82,2,Tier 2 — Consistent reversal,3,BRD-K08924299,palonosetron,-30.217133,-57.430390,-52.885070,3,3,0,-46.844198,-52.885070,-57.430390,-90.000000,92,True,False,True,False,True,False
83,2,Tier 2 — Consistent reversal,3,BRD-K07872006,BRD-K07872006,-51.266876,-6.900154,-82.795120,3,3,0,-46.987383,-51.266876,-82.795120,-90.000000,93,True,False,True,False,True,False
84,2,Tier 2 — Consistent reversal,3,BRD-K23566484,nilutamide,-2.818887,-83.799420,-50.825092,3,3,0,-45.814466,-50.825092,-83.799420,-90.000000,94,True,False,True,False,True,False
85,2,Tier 2 — Consistent reversal,3,BRD-K60476892,YC-1,-4.049239,-81.127470,-50.677475,3,3,0,-45.284728,-50.677475,-81.127470,-90.000000,95,True,False,True,False,True,False
86,2,Tier 2 — Consistent reversal,3,BRD-K61217870,N-(3-acetamidophenyl)-3-chlorobenzamide,-3.206483,-68.567320,-50.307100,3,3,0,-40.693634,-50.307100,-68.567320,-90.000000,96,True,False,True,False,True,False
87,2,Tier 2 — Consistent reversal,3,BRD-K23984367,sorafenib,-2.927481,-60.261590,-50.119583,3,3,0,-37.769551,-50.119583,-60.261590,-90.000000,97,True,False,True,False,True,False
88,2,Tier 2 — Consistent reversal,3,BRD-K98769987,flumazenil,-1.057082,-56.787212,-50.033222,3,3,0,-35.959172,-50.033222,-56.787212,-90.000000,98,True,False,True,False,True,False
89,2,Tier 2 — Consistent reversal,3,BRD-K64835161,ML-167,-54.915535,-49.800385,-30.280620,3,3,0,-44.998847,-49.800385,-54.915535,-90.000000,99,True,False,True,False,True,False
90,2,Tier 2 — Consistent reversal,3,BRD-K44094599,tacrolimus,-29.489483,-56.313520,-49.776443,3,3,0,-45.193149,-49.776443,-56.313520,-90.000000,100,True,False,True,False,True,False
91,2,Tier 2 — Consistent reversal,3,BRD-K84266862,BRL-50481,-4.510219,-49.732970,-72.243620,3,3,0,-42.162270,-49.732970,-72.243620,-90.000000,101,True,False,True,False,True,False
92,2,Tier 2 — Consistent reversal,3,BRD-K16621777,enobosarm,-30.569885,-64.935570,-48.973648,3,3,0,-48.159701,-48.973648,-64.935570,-90.000000,102,True,False,True,False,True,False
93,2,Tier 2 — Consistent reversal,3,BRD-K95885906,quercetagetin,-17.259623,-51.119010,-48.827953,3,3,0,-39.068862,-48.827953,-51.119010,-90.000000,103,True,False,True,False,True,False
94,2,Tier 2 — Consistent reversal,3,BRD-A30815329,felodipine,-8.237680,-76.980530,-48.651047,3,3,0,-44.623086,-48.651047,-76.980530,-90.000000,104,True,False,True,False,True,False
95,2,Tier 2 — Consistent reversal,3,BRD-K45446451,JZL-184,-48.527770,-44.276490,-72.791770,3,3,0,-55.198677,-48.527770,-72.791770,-90.000000,105,True,False,True,False,True,False
96,2,Tier 2 — Consistent reversal,3,BRD-K56596464,QX-314,-22.732267,-60.439064,-48.513380,3,3,0,-43.894904,-48.513380,-60.439064,-90.000000,106,True,False,True,False,True,False
97,2,Tier 2 — Consistent reversal,3,BRD-K55034111,pefloxacin,-7.658445,-48.287518,-68.915590,3,3,0,-41.620518,-48.287518,-68.915590,-90.000000,107,True,False,True,False,True,False
98,2,Tier 2 — Consistent reversal,3,BRD-K08619838,tremorine,-0.704722,-48.214430,-49.423393,3,3,0,-32.780848,-48.214430,-49.423393,-90.000000,108,True,False,True,False,True,False
99,2,Tier 2 — Consistent reversal,3,BRD-K06902185,minoxidil,-13.948819,-55.676000,-47.861732,3,3,0,-39.162184,-47.861732,-55.676000,-90.000000,109,True,False,True,False,True,False
100,2,Tier 2 — Consistent reversal,3,BRD-K83636919,entacapone,-13.299369,-53.776943,-47.762390,3,3,0,-38.279567,-47.762390,-53.776943,-90.000000,110,True,False,True,False,True,False
101,2,Tier 2 — Consistent reversal,3,BRD-K48970916,danazol,-0.246653,-50.152992,-47.451973,3,3,0,-32.617206,-47.451973,-50.152992,-90.000000,111,True,False,True,False,True,False
102,2,Tier 2 — Consistent reversal,3,BRD-K84895041,BMY-45778,-27.080841,-47.964830,-47.346344,3,3,0,-40.797338,-47.346344,-47.964830,-90.000000,112,True,False,True,False,True,False
103,2,Tier 2 — Consistent reversal,3,BRD-K84639753,safinamide,-29.833880,-67.803150,-47.324500,3,3,0,-48.320510,-47.324500,-67.803150,-90.000000,113,True,False,True,False,True,False
104,2,Tier 2 — Consistent reversal,3,BRD-K06234293,LY-364947,-27.714294,-47.234467,-57.265730,3,3,0,-44.071497,-47.234467,-57.265730,-90.000000,114,True,False,True,False,True,False
105,2,Tier 2 — Consistent reversal,3,BRD-K59184148,SB-216763,-46.452076,-44.115448,-82.625700,3,3,0,-57.731075,-46.452076,-82.625700,-90.000000,115,True,False,True,False,True,False
106,2,Tier 2 — Consistent reversal,3,BRD-K84996949,sinensetin,-1.585624,-46.419080,-54.820870,3,3,0,-34.275191,-46.419080,-54.820870,-90.000000,116,True,False,True,False,True,False
107,2,Tier 2 — Consistent reversal,3,BRD-A38898897,GW-311616,-23.704390,-74.871720,-46.099236,3,3,0,-48.225115,-46.099236,-74.871720,-90.000000,117,True,False,True,False,True,False
108,2,Tier 2 — Consistent reversal,3,BRD-A67438293,treprostinil,-2.818887,-45.901474,-62.502026,3,3,0,-37.074129,-45.901474,-62.502026,-90.000000,118,True,False,True,False,True,False
109,2,Tier 2 — Consistent reversal,3,BRD-A82096673,KU-C103428N,-36.451416,-48.500320,-45.783127,3,3,0,-43.578288,-45.783127,-48.500320,-90.000000,119,True,False,True,False,True,False
110,2,Tier 2 — Consistent reversal,3,BRD-K76425766,BRD-K76425766,-52.625637,-36.890010,-45.384200,3,3,0,-44.966616,-45.384200,-52.625637,-90.000000,120,True,False,True,False,True,False
111,2,Tier 2 — Consistent reversal,3,BRD-K74117820,nelfinavir,-1.761804,-60.501200,-44.470250,3,3,0,-35.577751,-44.470250,-60.501200,-90.000000,121,True,False,True,False,True,False
112,2,Tier 2 — Consistent reversal,3,BRD-A23637604,oxymetholone,-3.634064,-44.341537,-64.549930,3,3,0,-37.508510,-44.341537,-64.549930,-90.000000,122,True,False,True,False,True,False
113,2,Tier 2 — Consistent reversal,3,BRD-K99260425,etodolac,-5.069735,-44.321022,-85.115630,3,3,0,-44.835462,-44.321022,-85.115630,-90.000000,123,True,False,True,False,True,False
114,2,Tier 2 — Consistent reversal,3,BRD-K19525698,ozagrel,-5.250176,-57.993020,-43.884445,3,3,0,-35.709214,-43.884445,-57.993020,-90.000000,124,True,False,True,False,True,False
115,2,Tier 2 — Consistent reversal,3,BRD-A10188456,dexamethasone,-18.115908,-43.598267,-87.669980,3,3,0,-49.794718,-43.598267,-87.669980,-90.000000,125,True,False,True,False,True,False
116,2,Tier 2 — Consistent reversal,3,BRD-K54472332,elvitegravir,-19.859804,-70.963490,-43.578730,3,3,0,-44.800675,-43.578730,-70.963490,-90.000000,126,True,False,True,False,True,False
117,2,Tier 2 — Consistent reversal,3,BRD-A09533288,verapamil,-1.479915,-43.123230,-56.672924,3,3,0,-33.758690,-43.123230,-56.672924,-90.000000,127,True,False,True,False,True,False
118,2,Tier 2 — Consistent reversal,3,BRD-K32584078,BML-257,-3.946441,-43.091830,-43.417810,3,3,0,-30.152027,-43.091830,-43.417810,-90.000000,128,True,False,True,False,True,False
119,2,Tier 2 — Consistent reversal,3,BRD-A61189834,BRD-A61189834,-53.654625,-42.752600,-10.253700,3,3,0,-35.553642,-42.752600,-53.654625,-90.000000,129,True,False,True,False,True,False
120,2,Tier 2 — Consistent reversal,3,BRD-K61106942,BRD-K61106942,-42.608530,-71.335480,-33.971480,3,3,0,-49.305163,-42.608530,-71.335480,-90.000000,130,True,False,True,False,True,False
121,2,Tier 2 — Consistent reversal,3,BRD-K50720187,flupirtine,-3.664553,-64.430565,-42.167107,3,3,0,-36.754075,-42.167107,-64.430565,-90.000000,131,True,False,True,False,True,False
122,2,Tier 2 — Consistent reversal,3,BRD-K28680267,BRD-K28680267,-1.317400,-71.556180,-42.157875,3,3,0,-38.343818,-42.157875,-71.556180,-90.000000,132,True,False,True,False,True,False
123,2,Tier 2 — Consistent reversal,3,BRD-K94841585,emodic-acid,-42.155396,-21.892303,-72.561070,3,3,0,-45.536256,-42.155396,-72.561070,-90.000000,133,True,False,True,False,True,False
124,2,Tier 2 — Consistent reversal,3,BRD-K51575138,TPCA-1,-12.225554,-43.639847,-41.933490,3,3,0,-32.599630,-41.933490,-43.639847,-90.000000,134,True,False,True,False,True,False
125,2,Tier 2 — Consistent reversal,3,BRD-A17411484,carprofen,-2.519264,-41.674980,-42.432450,3,3,0,-28.875565,-41.674980,-42.432450,-90.000000,135,True,False,True,False,True,False
126,2,Tier 2 — Consistent reversal,3,BRD-K53545112,CNQX,-3.259492,-41.653446,-46.320240,3,3,0,-30.411059,-41.653446,-46.320240,-90.000000,136,True,False,True,False,True,False
127,2,Tier 2 — Consistent reversal,3,BRD-K25650355,physostigmine,-1.515151,-45.902008,-41.340645,3,3,0,-29.585935,-41.340645,-45.902008,-90.000000,137,True,False,True,False,True,False
128,2,Tier 2 — Consistent reversal,3,BRD-K61269089,daphnetin,-12.690028,-43.496720,-40.864350,3,3,0,-32.350366,-40.864350,-43.496720,-90.000000,138,True,False,True,False,True,False
129,2,Tier 2 — Consistent reversal,3,BRD-K56509348,BMS-182874,-4.455877,-45.299522,-40.859880,3,3,0,-30.205093,-40.859880,-45.299522,-90.000000,139,True,False,True,False,True,False
130,2,Tier 2 — Consistent reversal,3,BRD-K95921201,reserpine,-1.268499,-40.846580,-50.608970,3,3,0,-30.908016,-40.846580,-50.608970,-90.000000,140,True,False,True,False,True,False
131,2,Tier 2 — Consistent reversal,3,BRD-K61496577,flumetasone,-0.563777,-62.432990,-40.765182,3,3,0,-34.587316,-40.765182,-62.432990,-90.000000,141,True,False,True,False,True,False
132,2,Tier 2 — Consistent reversal,3,BRD-U44700465,HG-5-88-01,-7.883725,-53.115890,-40.756770,3,3,0,-33.918795,-40.756770,-53.115890,-90.000000,142,True,False,True,False,True,False
133,2,Tier 2 — Consistent reversal,3,BRD-K57033106,tripelennamine,-0.070805,-68.270780,-40.512016,3,3,0,-36.284534,-40.512016,-68.270780,-90.000000,143,True,False,True,False,True,False
134,2,Tier 2 — Consistent reversal,3,BRD-K01624546,docosatrienoic-acid,-1.338971,-53.905750,-39.821594,3,3,0,-31.688772,-39.821594,-53.905750,-90.000000,144,True,False,True,False,True,False
135,2,Tier 2 — Consistent reversal,3,BRD-A92826379,lupanine,-7.263977,-39.714430,-55.897270,3,3,0,-34.291892,-39.714430,-55.897270,-90.000000,145,True,False,True,False,True,False
136,2,Tier 2 — Consistent reversal,3,BRD-K49657628,tyrphostin-AG-18,-0.563777,-55.329500,-39.462765,3,3,0,-31.785347,-39.462765,-55.329500,-90.000000,146,True,False,True,False,True,False
137,2,Tier 2 — Consistent reversal,3,BRD-A42628519,iopanoic-acid,-11.715203,-39.386900,-39.321740,3,3,0,-30.141281,-39.321740,-39.386900,-90.000000,147,True,False,True,False,True,False
138,2,Tier 2 — Consistent reversal,3,BRD-A74771556,nikkomycin,-38.985767,-38.023070,-39.525238,3,3,0,-38.844692,-38.985767,-39.525238,-90.000000,148,True,False,True,False,True,False
139,2,Tier 2 — Consistent reversal,3,BRD-K46766488,S-14506,-26.859728,-40.854560,-38.579390,3,3,0,-35.431226,-38.579390,-40.854560,-90.000000,149,True,False,True,False,True,False
140,2,Tier 2 — Consistent reversal,3,BRD-A82307304,atorvastatin,-6.160251,-38.053806,-54.711390,3,3,0,-32.975149,-38.053806,-54.711390,-90.000000,150,True,False,True,False,True,False
141,2,Tier 2 — Consistent reversal,3,BRD-K29530284,amlexanox,-1.092318,-37.853880,-56.696934,3,3,0,-31.881044,-37.853880,-56.696934,-90.000000,151,True,False,True,False,True,False
142,2,Tier 2 — Consistent reversal,3,BRD-K26160755,RS-45041-190,-1.127555,-37.746723,-43.400898,3,3,0,-27.425059,-37.746723,-43.400898,-90.000000,152,True,False,True,False,True,False
143,2,Tier 2 — Consistent reversal,3,BRD-K03406345,azacitidine,-10.888996,-37.281746,-66.732770,3,3,0,-38.301171,-37.281746,-66.732770,-90.000000,153,True,False,True,False,True,False
144,2,Tier 2 — Consistent reversal,3,BRD-K60218670,BRD-K60218670,-4.369274,-36.972008,-56.505604,3,3,0,-32.615629,-36.972008,-56.505604,-90.000000,154,True,False,True,False,True,False
145,2,Tier 2 — Consistent reversal,3,BRD-A04352665,maraviroc,-16.223822,-36.880947,-40.240036,3,3,0,-31.114935,-36.880947,-40.240036,-90.000000,155,True,False,True,False,True,False
146,2,Tier 2 — Consistent reversal,3,BRD-K82109576,vincristine,-1.057082,-46.407450,-36.340630,3,3,0,-27.935054,-36.340630,-46.407450,-90.000000,156,True,False,True,False,True,False
147,2,Tier 2 — Consistent reversal,3,BRD-K88871508,lisuride,-26.793684,-45.959305,-36.301353,3,3,0,-36.351447,-36.301353,-45.959305,-90.000000,157,True,False,True,False,True,False
148,2,Tier 2 — Consistent reversal,3,BRD-K96134740,kitasamycin,-13.241172,-64.564070,-36.098610,3,3,0,-37.967951,-36.098610,-64.564070,-90.000000,158,True,False,True,False,True,False
149,2,Tier 2 — Consistent reversal,3,BRD-K85383046,IAA-94,-10.394644,-35.592094,-46.634995,3,3,0,-30.873911,-35.592094,-46.634995,-90.000000,159,True,False,True,False,True,False
150,2,Tier 2 — Consistent reversal,3,BRD-K82865713,prostaglandin-b2,-7.285403,-35.398230,-45.280960,3,3,0,-29.321531,-35.398230,-45.280960,-90.000000,160,True,False,True,False,True,False
151,2,Tier 2 — Consistent reversal,3,BRD-A52282606,lacidipine,-0.658742,-35.356766,-37.658325,3,3,0,-24.557944,-35.356766,-37.658325,-90.000000,161,True,False,True,False,True,False
152,2,Tier 2 — Consistent reversal,3,BRD-K53570330,carbofuran,-1.691332,-40.464893,-35.344093,3,3,0,-25.833439,-35.344093,-40.464893,-90.000000,162,True,False,True,False,True,False
153,2,Tier 2 — Consistent reversal,3,BRD-K85503079,perospirone,-16.530361,-35.251150,-52.139710,3,3,0,-34.640407,-35.251150,-52.139710,-90.000000,163,True,False,True,False,True,False
154,2,Tier 2 — Consistent reversal,3,BRD-K96354014,nifedipine,-0.176180,-35.130684,-75.309105,3,3,0,-36.871990,-35.130684,-75.309105,-90.000000,164,True,False,True,False,True,False
155,2,Tier 2 — Consistent reversal,3,BRD-K07888196,tyrphostin-AG-538,-23.730103,-34.374477,-58.618176,3,3,0,-38.907585,-34.374477,-58.618176,-90.000000,165,True,False,True,False,True,False
156,2,Tier 2 — Consistent reversal,3,BRD-A62890442,3-methyl-GABA,-7.988093,-57.628640,-34.085876,3,3,0,-33.234203,-34.085876,-57.628640,-90.000000,166,True,False,True,False,True,False
157,2,Tier 2 — Consistent reversal,3,BRD-K52640952,BRD-K52640952,-48.073890,-33.945350,-28.508207,3,3,0,-36.842482,-33.945350,-48.073890,-90.000000,167,True,False,True,False,True,False
158,2,Tier 2 — Consistent reversal,3,BRD-K19295594,gossypol,-0.775194,-33.311750,-36.674946,3,3,0,-23.587297,-33.311750,-36.674946,-90.000000,168,True,False,True,False,True,False
159,2,Tier 2 — Consistent reversal,3,BRD-K50388907,fenofibrate,-73.489560,-32.965202,-26.333110,3,3,0,-44.262624,-32.965202,-73.489560,-90.000000,169,True,False,True,False,True,False
160,2,Tier 2 — Consistent reversal,3,BRD-K56301217,ABT-737,-0.422833,-36.547043,-32.866710,3,3,0,-23.278862,-32.866710,-36.547043,-90.000000,170,True,False,True,False,True,False
161,2,Tier 2 — Consistent reversal,3,BRD-K72093121,vidarabine,-53.227310,-21.591793,-32.559970,3,3,0,-35.793024,-32.559970,-53.227310,-90.000000,171,True,False,True,False,True,False
162,2,Tier 2 — Consistent reversal,3,BRD-A07395371,esmolol,-1.680367,-89.372710,-32.521656,3,3,0,-41.191578,-32.521656,-89.372710,-90.000000,172,True,False,True,False,True,False
163,2,Tier 2 — Consistent reversal,3,BRD-K34441861,moexipril,-3.735025,-46.457344,-32.428318,3,3,0,-27.540229,-32.428318,-46.457344,-90.000000,173,True,False,True,False,True,False
164,2,Tier 2 — Consistent reversal,3,BRD-A35108200,dexamethasone,-5.038760,-32.249184,-68.558846,3,3,0,-35.282263,-32.249184,-68.558846,-90.000000,174,True,False,True,False,True,False
165,2,Tier 2 — Consistent reversal,3,BRD-A46186775,hydrocortisone-phosphate,-1.409443,-32.219177,-42.112267,3,3,0,-25.246962,-32.219177,-42.112267,-90.000000,175,True,False,True,False,True,False
166,2,Tier 2 — Consistent reversal,3,BRD-K54316499,tolterodine,-3.100775,-32.154175,-63.322610,3,3,0,-32.859187,-32.154175,-63.322610,-90.000000,176,True,False,True,False,True,False
167,2,Tier 2 — Consistent reversal,3,BRD-A19195498,trimipramine,-0.070472,-31.977860,-50.759808,3,3,0,-27.602713,-31.977860,-50.759808,-90.000000,177,True,False,True,False,True,False
168,2,Tier 2 — Consistent reversal,3,BRD-K03642198,AY-9944,-1.610121,-31.601030,-34.168293,3,3,0,-22.459815,-31.601030,-34.168293,-90.000000,178,True,False,True,False,True,False
169,2,Tier 2 — Consistent reversal,3,BRD-K95609758,BMS-191011,-1.162791,-31.584824,-33.578430,3,3,0,-22.108682,-31.584824,-33.578430,-90.000000,179,True,False,True,False,True,False
170,2,Tier 2 — Consistent reversal,3,BRD-K49685476,TTNPB,-9.250669,-31.450481,-63.046185,3,3,0,-34.582445,-31.450481,-63.046185,-90.000000,180,True,False,True,False,True,False
171,2,Tier 2 — Consistent reversal,3,BRD-K59597909,phenothiazine,-2.501762,-59.962017,-31.325861,3,3,0,-31.263213,-31.325861,-59.962017,-90.000000,181,True,False,True,False,True,False
172,2,Tier 2 — Consistent reversal,3,BRD-U33728988,QL-X-138,-20.950630,-31.034119,-47.547672,3,3,0,-33.177474,-31.034119,-47.547672,-90.000000,182,True,False,True,False,True,False
173,2,Tier 2 — Consistent reversal,3,BRD-K14329163,BAY-K-8644-(S)-(-),-16.649986,-30.917566,-41.347267,3,3,0,-29.638273,-30.917566,-41.347267,-90.000000,183,True,False,True,False,True,False
174,2,Tier 2 — Consistent reversal,3,BRD-K32330832,VER-155008,-30.576506,-13.693678,-59.729347,3,3,0,-34.666510,-30.576506,-59.729347,-90.000000,184,True,False,True,False,True,False
175,2,Tier 2 — Consistent reversal,3,BRD-A55393291,testosterone,-11.373262,-73.701614,-30.358640,3,3,0,-38.477839,-30.358640,-73.701614,-90.000000,185,True,False,True,False,True,False
176,2,Tier 2 — Consistent reversal,3,BRD-K63089472,farnesylthioacetic-acid,-5.073996,-30.302850,-34.177850,3,3,0,-23.184899,-30.302850,-34.177850,-90.000000,186,True,False,True,False,True,False
177,2,Tier 2 — Consistent reversal,3,BRD-A51393488,noscapine,-19.657667,-53.561920,-30.125640,3,3,0,-34.448409,-30.125640,-53.561920,-90.000000,187,True,False,True,False,True,False
178,2,Tier 2 — Consistent reversal,3,BRD-K08547377,irinotecan,-24.767004,-29.981533,-58.411037,3,3,0,-37.719858,-29.981533,-58.411037,-90.000000,188,True,False,True,False,True,False
179,2,Tier 2 — Consistent reversal,3,BRD-A78391468,prednisolone-hemisuccinate,-0.317125,-29.831142,-46.899296,3,3,0,-25.682521,-29.831142,-46.899296,-90.000000,189,True,False,True,False,True,False
180,2,Tier 2 — Consistent reversal,3,BRD-K74430258,"1,2-dichlorobenzene",-3.320158,-38.904310,-29.807420,3,3,0,-24.010629,-29.807420,-38.904310,-90.000000,190,True,False,True,False,True,False
181,2,Tier 2 — Consistent reversal,3,BRD-A70083328,secnidazole,-2.043693,-36.271267,-29.795912,3,3,0,-22.703624,-29.795912,-36.271267,-90.000000,191,True,False,True,False,True,False
182,2,Tier 2 — Consistent reversal,3,BRD-K22385716,LY-303511,-12.634334,-72.031510,-29.741180,3,3,0,-38.135675,-29.741180,-72.031510,-90.000000,192,True,False,True,False,True,False
183,2,Tier 2 — Consistent reversal,3,BRD-A80775386,hyperforin,-2.290345,-33.404470,-29.564384,3,3,0,-21.753066,-29.564384,-33.404470,-90.000000,193,True,False,True,False,True,False
184,2,Tier 2 — Consistent reversal,3,BRD-K12244279,MEK1-2-inhibitor,-0.916138,-29.543999,-61.761710,3,3,0,-30.740616,-29.543999,-61.761710,-90.000000,194,True,False,True,False,True,False
185,2,Tier 2 — Consistent reversal,3,BRD-K14643723,4-(2-amino-ethyl)-benzenesulfonamide,-5.673009,-35.121520,-29.435863,3,3,0,-23.410131,-29.435863,-35.121520,-90.000000,195,True,False,True,False,True,False
186,2,Tier 2 — Consistent reversal,3,BRD-A83937277,mephenytoin,-42.435665,-24.267750,-29.380884,3,3,0,-32.028100,-29.380884,-42.435665,-90.000000,196,True,False,True,False,True,False
187,2,Tier 2 — Consistent reversal,3,BRD-K64785675,TG-100115,-4.819319,-48.762486,-29.358997,3,3,0,-27.646934,-29.358997,-48.762486,-90.000000,197,True,False,True,False,True,False
188,2,Tier 2 — Consistent reversal,3,BRD-K51751936,alfadolone-acetate,-35.844765,-29.176336,-22.785673,3,3,0,-29.268925,-29.176336,-35.844765,-90.000000,198,True,False,True,False,True,False
189,2,Tier 2 — Consistent reversal,3,BRD-K14791739,fluticasone,-5.817693,-29.090864,-43.501984,3,3,0,-26.136847,-29.090864,-43.501984,-90.000000,199,True,False,True,False,True,False
190,2,Tier 2 — Consistent reversal,3,BRD-K88741031,"methyl-2,5-dihydroxycinnamate",-0.281889,-53.608790,-28.986156,3,3,0,-27.625612,-28.986156,-53.608790,-90.000000,200,True,False,True,False,True,False
191,2,Tier 2 — Consistent reversal,3,BRD-K19894101,MST-312,-25.640945,-43.040028,-28.781364,3,3,0,-32.487446,-28.781364,-43.040028,-90.000000,201,True,False,True,False,True,False
192,2,Tier 2 — Consistent reversal,3,BRD-A48570745,ivermectin,-29.961630,-28.742260,-28.262648,3,3,0,-28.988846,-28.742260,-29.961630,-90.000000,202,True,False,True,False,True,False
193,2,Tier 2 — Consistent reversal,3,BRD-A53952395,prilocaine,-28.468613,-28.609875,-51.230255,3,3,0,-36.102914,-28.609875,-51.230255,-90.000000,203,True,False,True,False,True,False
194,2,Tier 2 — Consistent reversal,3,BRD-K37312348,kenpaullone,-2.325581,-28.590410,-35.725500,3,3,0,-22.213830,-28.590410,-35.725500,-90.000000,204,True,False,True,False,True,False
195,2,Tier 2 — Consistent reversal,3,BRD-K86301799,dipyridamole,-12.494594,-28.443674,-32.105556,3,3,0,-24.347941,-28.443674,-32.105556,-90.000000,205,True,False,True,False,True,False
196,2,Tier 2 — Consistent reversal,3,BRD-K00206590,P-1075,-2.078929,-28.362492,-34.816856,3,3,0,-21.752759,-28.362492,-34.816856,-90.000000,206,True,False,True,False,True,False
197,2,Tier 2 — Consistent reversal,3,BRD-K18757346,U-46619,-1.303735,-28.234930,-33.373863,3,3,0,-20.970843,-28.234930,-33.373863,-90.000000,207,True,False,True,False,True,False
198,2,Tier 2 — Consistent reversal,3,BRD-K18250272,propoxycaine,-10.503379,-38.969124,-27.952797,3,3,0,-25.808433,-27.952797,-38.969124,-90.000000,208,True,False,True,False,True,False
199,2,Tier 2 — Consistent reversal,3,BRD-K70693222,BRD-K70693222,-1.133989,-43.522636,-27.844193,3,3,0,-24.166939,-27.844193,-43.522636,-90.000000,209,True,False,True,False,True,False
200,2,Tier 2 — Consistent reversal,3,BRD-A91699651,chloroquine,-1.198027,-27.812600,-29.676746,3,3,0,-19.562458,-27.812600,-29.676746,-90.000000,210,True,False,True,False,True,False
201,2,Tier 2 — Consistent reversal,3,BRD-A02710418,meptazinol,-10.324172,-27.789557,-38.478477,3,3,0,-25.530735,-27.789557,-38.478477,-90.000000,211,True,False,True,False,True,False
202,2,Tier 2 — Consistent reversal,3,BRD-A31800922,procyclidine,-37.517710,-24.923943,-27.465975,3,3,0,-29.969209,-27.465975,-37.517710,-90.000000,212,True,False,True,False,True,False
203,2,Tier 2 — Consistent reversal,3,BRD-K73589491,nizatidine,-0.281889,-86.640810,-27.410349,3,3,0,-38.111016,-27.410349,-86.640810,-90.000000,213,True,False,True,False,True,False
204,2,Tier 2 — Consistent reversal,3,BRD-K28183345,proguanil,-0.246653,-32.122334,-27.257803,3,3,0,-19.875597,-27.257803,-32.122334,-90.000000,214,True,False,True,False,True,False
205,2,Tier 2 — Consistent reversal,3,BRD-K65786282,CGP-7930,-2.396054,-38.213150,-27.210901,3,3,0,-22.606702,-27.210901,-38.213150,-90.000000,215,True,False,True,False,True,False
206,2,Tier 2 — Consistent reversal,3,BRD-A98702003,carbenoxolone,-2.008457,-27.150024,-33.811080,3,3,0,-20.989854,-27.150024,-33.811080,-90.000000,216,True,False,True,False,True,False
207,2,Tier 2 — Consistent reversal,3,BRD-A69951442,dexamethasone,-1.518718,-26.880026,-63.263280,3,3,0,-30.554008,-26.880026,-63.263280,-90.000000,217,True,False,True,False,True,False
208,2,Tier 2 — Consistent reversal,3,BRD-A48430263,pioglitazone,-0.019861,-26.866491,-36.784634,3,3,0,-21.223662,-26.866491,-36.784634,-90.000000,218,True,False,True,False,True,False
209,2,Tier 2 — Consistent reversal,3,BRD-K67261995,adipiodone,-0.246653,-89.485275,-26.708424,3,3,0,-38.813451,-26.708424,-89.485275,-90.000000,219,True,False,True,False,True,False
210,2,Tier 2 — Consistent reversal,3,BRD-K77171813,proxyfan,-0.775194,-50.090206,-26.502000,3,3,0,-25.789133,-26.502000,-50.090206,-90.000000,220,True,False,True,False,True,False
211,2,Tier 2 — Consistent reversal,3,BRD-K48168960,propylthiouracil,-3.195206,-26.345710,-49.481160,3,3,0,-26.340692,-26.345710,-49.481160,-90.000000,221,True,False,True,False,True,False
212,2,Tier 2 — Consistent reversal,3,BRD-K13872703,BRD-K13872703,-44.363820,-26.296307,-12.425304,3,3,0,-27.695144,-26.296307,-44.363820,-90.000000,222,True,False,True,False,True,False
213,2,Tier 2 — Consistent reversal,3,BRD-A97454584,nadolol,-8.067474,-35.551544,-25.962315,3,3,0,-23.193778,-25.962315,-35.551544,-90.000000,223,True,False,True,False,True,False
214,2,Tier 2 — Consistent reversal,3,BRD-A65739223,ramipril,-3.523608,-25.663988,-50.957882,3,3,0,-26.715159,-25.663988,-50.957882,-90.000000,224,True,False,True,False,True,False
215,2,Tier 2 — Consistent reversal,3,BRD-A29426959,carbinoxamine,-0.563777,-25.495083,-51.292380,3,3,0,-25.783747,-25.495083,-51.292380,-90.000000,225,True,False,True,False,True,False
216,2,Tier 2 — Consistent reversal,3,BRD-K02953697,naringin,-22.209127,-31.235346,-25.480282,3,3,0,-26.308252,-25.480282,-31.235346,-90.000000,226,True,False,True,False,True,False
217,2,Tier 2 — Consistent reversal,3,BRD-K33396764,alpha-linolenic-acid,-1.888230,-25.443546,-46.210857,3,3,0,-24.514211,-25.443546,-46.210857,-90.000000,227,True,False,True,False,True,False
218,2,Tier 2 — Consistent reversal,3,BRD-K77690805,BRD-K77690805,-1.726568,-52.502760,-25.429200,3,3,0,-26.552843,-25.429200,-52.502760,-90.000000,228,True,False,True,False,True,False
219,2,Tier 2 — Consistent reversal,3,BRD-A22256192,terazosin,-1.832276,-32.487250,-25.293695,3,3,0,-19.871074,-25.293695,-32.487250,-90.000000,229,True,False,True,False,True,False
220,2,Tier 2 — Consistent reversal,3,BRD-A20131130,"2',5'-dideoxyadenosine",-26.151047,-25.192337,-11.648531,3,3,0,-20.997305,-25.192337,-26.151047,-90.000000,230,True,False,True,False,True,False
221,2,Tier 2 — Consistent reversal,3,BRD-K74913225,brinzolamide,-0.317125,-25.046082,-27.541878,3,3,0,-17.635028,-25.046082,-27.541878,-90.000000,231,True,False,True,False,True,False
222,2,Tier 2 — Consistent reversal,3,BRD-K83322645,L-693403,-20.509268,-43.357353,-24.734047,3,3,0,-29.533556,-24.734047,-43.357353,-90.000000,232,True,False,True,False,True,False
223,2,Tier 2 — Consistent reversal,3,BRD-K88761633,BRD-K88761633,-16.914759,-70.868250,-24.508900,3,3,0,-37.430636,-24.508900,-70.868250,-90.000000,233,True,False,True,False,True,False
224,2,Tier 2 — Consistent reversal,3,BRD-K73285375,BRD-K73285375,-2.607470,-56.528816,-24.497684,3,3,0,-27.877990,-24.497684,-56.528816,-90.000000,234,True,False,True,False,True,False
225,2,Tier 2 — Consistent reversal,3,BRD-K00610438,altanserin,-1.268499,-24.189026,-29.787619,3,3,0,-18.415048,-24.189026,-29.787619,-90.000000,235,True,False,True,False,True,False
226,2,Tier 2 — Consistent reversal,3,BRD-K19360254,ergocornine,-2.889359,-43.981503,-24.147800,3,3,0,-23.672887,-24.147800,-43.981503,-90.000000,236,True,False,True,False,True,False
227,2,Tier 2 — Consistent reversal,3,BRD-K57304726,PRE-084,-32.055430,-24.128910,-19.416977,3,3,0,-25.200439,-24.128910,-32.055430,-90.000000,237,True,False,True,False,True,False
228,2,Tier 2 — Consistent reversal,3,BRD-K11158509,tyrphostin-B44,-42.065100,-24.039783,-2.642706,3,3,0,-22.915863,-24.039783,-42.065100,-90.000000,238,True,False,True,False,True,False
229,2,Tier 2 — Consistent reversal,3,BRD-A15070535,bucladesine,-8.866414,-48.353860,-24.015038,3,3,0,-27.078437,-24.015038,-48.353860,-90.000000,239,True,False,True,False,True,False
230,2,Tier 2 — Consistent reversal,3,BRD-K64052750,gefitinib,-0.246653,-23.987715,-28.309679,3,3,0,-17.514682,-23.987715,-28.309679,-90.000000,240,True,False,True,False,True,False
231,2,Tier 2 — Consistent reversal,3,BRD-K32412559,morphothebaine,-12.646565,-36.976660,-23.855549,3,3,0,-24.492925,-23.855549,-36.976660,-90.000000,241,True,False,True,False,True,False
232,2,Tier 2 — Consistent reversal,3,BRD-K29905972,axitinib,-23.636223,-24.478056,-15.838995,3,3,0,-21.317758,-23.636223,-24.478056,-90.000000,242,True,False,True,False,True,False
233,2,Tier 2 — Consistent reversal,3,BRD-K91900765,VX-745,-3.506191,-50.101020,-23.507390,3,3,0,-25.704867,-23.507390,-50.101020,-90.000000,243,True,False,True,False,True,False
234,2,Tier 2 — Consistent reversal,3,BRD-A93659613,GR-89696,-0.176180,-28.498250,-23.491217,3,3,0,-17.388549,-23.491217,-28.498250,-90.000000,244,True,False,True,False,True,False
235,2,Tier 2 — Consistent reversal,3,BRD-K76810206,nicergoline,-0.352361,-23.314870,-34.184980,3,3,0,-19.284070,-23.314870,-34.184980,-90.000000,245,True,False,True,False,True,False
236,2,Tier 2 — Consistent reversal,3,BRD-K34415467,trimethobenzamide,-0.739958,-47.280365,-23.117010,3,3,0,-23.712444,-23.117010,-47.280365,-90.000000,246,True,False,True,False,True,False
237,2,Tier 2 — Consistent reversal,3,BRD-K67017579,cilostazol,-0.211417,-36.568356,-22.951760,3,3,0,-19.910511,-22.951760,-36.568356,-90.000000,247,True,False,True,False,True,False
238,2,Tier 2 — Consistent reversal,3,BRD-K40758068,efavirenz,-0.105708,-35.422207,-22.948090,3,3,0,-19.492002,-22.948090,-35.422207,-90.000000,248,True,False,True,False,True,False
239,2,Tier 2 — Consistent reversal,3,BRD-K69032158,diprotin-a,-54.488186,-13.800956,-22.888230,3,3,0,-30.392457,-22.888230,-54.488186,-90.000000,249,True,False,True,False,True,False
240,2,Tier 2 — Consistent reversal,3,BRD-A26845397,isamoltane,-22.871426,-23.398657,-14.201612,3,3,0,-20.157232,-22.871426,-23.398657,-90.000000,250,True,False,True,False,True,False
241,2,Tier 2 — Consistent reversal,3,BRD-K88429204,pyrimethamine,-0.810430,-40.721493,-22.615700,3,3,0,-21.382541,-22.615700,-40.721493,-90.000000,251,True,False,True,False,True,False
242,2,Tier 2 — Consistent reversal,3,BRD-K73290745,ICI-199441,-29.123062,-22.577028,-2.219873,3,3,0,-17.973321,-22.577028,-29.123062,-90.000000,252,True,False,True,False,True,False
243,2,Tier 2 — Consistent reversal,3,BRD-K34995470,SU-1498,-13.426502,-22.293472,-42.485855,3,3,0,-26.068610,-22.293472,-42.485855,-90.000000,253,True,False,True,False,True,False
244,2,Tier 2 — Consistent reversal,3,BRD-K69470111,montelukast,-57.386080,-18.616861,-22.124363,3,3,0,-32.709101,-22.124363,-57.386080,-90.000000,254,True,False,True,False,True,False
245,2,Tier 2 — Consistent reversal,3,BRD-K66019333,oxantel,-0.634249,-56.577790,-22.064173,3,3,0,-26.425404,-22.064173,-56.577790,-90.000000,255,True,False,True,False,True,False
246,2,Tier 2 — Consistent reversal,3,BRD-K97181089,amiloride,-0.211417,-21.814112,-25.152254,3,3,0,-15.725927,-21.814112,-25.152254,-90.000000,256,True,False,True,False,True,False
247,2,Tier 2 — Consistent reversal,3,BRD-A64092382,mexiletine,-0.026619,-21.536064,-26.785965,3,3,0,-16.116216,-21.536064,-26.785965,-90.000000,257,True,False,True,False,True,False
248,2,Tier 2 — Consistent reversal,3,BRD-K91691979,BRD-K91691979,-23.076328,-21.416920,-3.065539,3,3,0,-15.852929,-21.416920,-23.076328,-90.000000,258,True,False,True,False,True,False
249,2,Tier 2 — Consistent reversal,3,BRD-A62434282,goserelin,-2.396054,-21.244648,-38.874107,3,3,0,-20.838270,-21.244648,-38.874107,-90.000000,259,True,False,True,False,True,False
250,2,Tier 2 — Consistent reversal,3,BRD-A00993607,alprenolol,-6.438649,-25.744873,-21.190912,3,3,0,-17.791478,-21.190912,-25.744873,-90.000000,260,True,False,True,False,True,False
251,2,Tier 2 — Consistent reversal,3,BRD-K59650319,YM-298198,-2.642706,-27.541283,-21.123638,3,3,0,-17.102542,-21.123638,-27.541283,-90.000000,261,True,False,True,False,True,False
252,2,Tier 2 — Consistent reversal,3,BRD-A67862938,naftidrofuryl,-0.246653,-21.861070,-20.998476,3,3,0,-14.368733,-20.998476,-21.861070,-90.000000,262,True,False,True,False,True,False
253,2,Tier 2 — Consistent reversal,3,BRD-K66766661,17-beta-estradiol,-19.438934,-47.582447,-20.952120,3,3,0,-29.324500,-20.952120,-47.582447,-90.000000,263,True,False,True,False,True,False
254,2,Tier 2 — Consistent reversal,3,BRD-K61192372,capecitabine,-20.727330,-18.568151,-25.382187,3,3,0,-21.559223,-20.727330,-25.382187,-90.000000,264,True,False,True,False,True,False
255,2,Tier 2 — Consistent reversal,3,BRD-K35377380,I-OMe-AG-538,-20.671190,-3.235872,-28.822933,3,3,0,-17.576665,-20.671190,-28.822933,-90.000000,265,True,False,True,False,True,False
256,2,Tier 2 — Consistent reversal,3,BRD-K64402243,ivachtin,-12.131063,-20.589695,-37.968860,3,3,0,-23.563206,-20.589695,-37.968860,-90.000000,266,True,False,True,False,True,False
257,2,Tier 2 — Consistent reversal,3,BRD-K09255212,clioquinol,-20.524092,-28.100351,-0.246653,3,3,0,-16.290365,-20.524092,-28.100351,-90.000000,267,True,False,True,False,True,False
258,2,Tier 2 — Consistent reversal,3,BRD-K55889443,rifapentine,-20.363806,-39.359016,-6.507782,3,3,0,-22.076868,-20.363806,-39.359016,-90.000000,268,True,False,True,False,True,False
259,2,Tier 2 — Consistent reversal,3,BRD-K01493881,apigenin,-20.269176,-5.087570,-38.934540,3,3,0,-21.430429,-20.269176,-38.934540,-90.000000,269,True,False,True,False,True,False
260,2,Tier 2 — Consistent reversal,3,BRD-K97440753,dihydroergocristine,-6.131078,-43.774242,-20.199110,3,3,0,-23.368143,-20.199110,-43.774242,-90.000000,270,True,False,True,False,True,False
261,2,Tier 2 — Consistent reversal,3,BRD-K98763141,niflumic-acid,-2.255109,-31.422790,-20.082914,3,3,0,-17.920271,-20.082914,-31.422790,-90.000000,271,True,False,True,False,True,False
262,2,Tier 2 — Consistent reversal,3,BRD-K89237706,noscapine,-11.301954,-29.520351,-19.943844,3,3,0,-20.255383,-19.943844,-29.520351,-90.000000,272,True,False,True,False,True,False
263,2,Tier 2 — Consistent reversal,3,BRD-A13133631,fluorometholone,-3.382664,-19.840298,-86.329124,3,3,0,-36.517362,-19.840298,-86.329124,-90.000000,273,True,False,True,False,True,False
264,2,Tier 2 — Consistent reversal,3,BRD-K32107296,temozolomide,-2.501762,-19.772045,-34.350536,3,3,0,-18.874781,-19.772045,-34.350536,-90.000000,274,True,False,True,False,True,False
265,2,Tier 2 — Consistent reversal,3,BRD-K71289571,zafirlukast,-0.211417,-19.616613,-32.971027,3,3,0,-17.599685,-19.616613,-32.971027,-90.000000,275,True,False,True,False,True,False
266,2,Tier 2 — Consistent reversal,3,BRD-K37848908,ceforanide,-8.058926,-19.586256,-27.514320,3,3,0,-18.386501,-19.586256,-27.514320,-90.000000,276,True,False,True,False,True,False
267,2,Tier 2 — Consistent reversal,3,BRD-K10098805,rhapontin,-9.251698,-22.798767,-19.577702,3,3,0,-17.209389,-19.577702,-22.798767,-90.000000,277,True,False,True,False,True,False
268,2,Tier 2 — Consistent reversal,3,BRD-K72024482,MRS-1754,-14.682419,-23.594890,-19.559725,3,3,0,-19.279011,-19.559725,-23.594890,-90.000000,278,True,False,True,False,True,False
269,2,Tier 2 — Consistent reversal,3,BRD-A65440446,cimaterol,-9.597921,-19.553513,-45.703537,3,3,0,-24.951657,-19.553513,-45.703537,-90.000000,279,True,False,True,False,True,False
270,2,Tier 2 — Consistent reversal,3,BRD-K46435977,valaciclovir,-0.032529,-19.488544,-33.788160,3,3,0,-17.769744,-19.488544,-33.788160,-90.000000,280,True,False,True,False,True,False
271,2,Tier 2 — Consistent reversal,3,BRD-K61737877,VEGF-receptor-2-kinase-inhibitor-IV,-41.095596,-19.329592,-15.621565,3,3,0,-25.348918,-19.329592,-41.095596,-90.000000,281,True,False,True,False,True,False
272,2,Tier 2 — Consistent reversal,3,BRD-K68103045,CGS-20625,-1.409443,-19.064957,-23.834904,3,3,0,-14.769768,-19.064957,-23.834904,-90.000000,282,True,False,True,False,True,False
273,2,Tier 2 — Consistent reversal,3,BRD-A80151636,bromocriptine,-0.458069,-25.077732,-18.926039,3,3,0,-14.820613,-18.926039,-25.077732,-90.000000,283,True,False,True,False,True,False
274,2,Tier 2 — Consistent reversal,3,BRD-K66093087,FGIN-1-43,-6.880393,-29.967308,-18.738186,3,3,0,-18.528629,-18.738186,-29.967308,-90.000000,284,True,False,True,False,True,False
275,2,Tier 2 — Consistent reversal,3,BRD-K07691486,roscovitine,-1.198027,-18.553024,-21.839210,3,3,0,-13.863420,-18.553024,-21.839210,-90.000000,285,True,False,True,False,True,False
276,2,Tier 2 — Consistent reversal,3,BRD-K02965346,SU-11274,-9.081675,-18.510520,-48.262688,3,3,0,-25.284961,-18.510520,-48.262688,-90.000000,286,True,False,True,False,True,False
277,2,Tier 2 — Consistent reversal,3,BRD-A20239487,atenolol-(+/-),-18.498348,-9.315193,-19.777353,3,3,0,-15.863631,-18.498348,-19.777353,-90.000000,287,True,False,True,False,True,False
278,2,Tier 2 — Consistent reversal,3,BRD-K16444452,ibudilast,-3.100775,-18.393906,-48.769560,3,3,0,-23.421414,-18.393906,-48.769560,-90.000000,288,True,False,True,False,True,False
279,2,Tier 2 — Consistent reversal,3,BRD-A11170096,pravastatin,-26.371996,-4.404510,-18.381556,3,3,0,-16.386021,-18.381556,-26.371996,-90.000000,289,True,False,True,False,True,False
280,2,Tier 2 — Consistent reversal,3,BRD-K64514229,toltrazuril,-0.035656,-18.241253,-23.031767,3,3,0,-13.769559,-18.241253,-23.031767,-90.000000,290,True,False,True,False,True,False
281,2,Tier 2 — Consistent reversal,3,BRD-K24538644,KU-C104502N,-45.365192,-12.755462,-18.196653,3,3,0,-25.439102,-18.196653,-45.365192,-90.000000,291,True,False,True,False,True,False
282,2,Tier 2 — Consistent reversal,3,BRD-K02265150,amoxapine,-0.070472,-21.397915,-18.027267,3,3,0,-13.165218,-18.027267,-21.397915,-90.000000,292,True,False,True,False,True,False
283,2,Tier 2 — Consistent reversal,3,BRD-K87991767,umbelliferone,-2.043693,-17.899122,-35.406200,3,3,0,-18.449672,-17.899122,-35.406200,-90.000000,293,True,False,True,False,True,False
284,2,Tier 2 — Consistent reversal,3,BRD-A35588707,teniposide,-0.176180,-17.689169,-31.638176,3,3,0,-16.501175,-17.689169,-31.638176,-90.000000,294,True,False,True,False,True,False
285,2,Tier 2 — Consistent reversal,3,BRD-K68144790,glycodeoxycholic-acid,-16.216640,-17.645040,-20.719955,3,3,0,-18.193878,-17.645040,-20.719955,-90.000000,295,True,False,True,False,True,False
286,2,Tier 2 — Consistent reversal,3,BRD-A69815203,cyclosporin-a,-5.964047,-60.424280,-17.577848,3,3,0,-27.988725,-17.577848,-60.424280,-90.000000,296,True,False,True,False,True,False
287,2,Tier 2 — Consistent reversal,3,BRD-K97951054,BRD-K97951054,-3.981677,-41.229424,-17.495960,3,3,0,-20.902354,-17.495960,-41.229424,-90.000000,297,True,False,True,False,True,False
288,2,Tier 2 — Consistent reversal,3,BRD-K43796186,benzyl-quinazolin-4-yl-amine,-15.994439,-17.422342,-26.949821,3,3,0,-20.122201,-17.422342,-26.949821,-90.000000,298,True,False,True,False,True,False
289,2,Tier 2 — Consistent reversal,3,BRD-K34157611,cimetidine,-17.354698,-12.151534,-27.200666,3,3,0,-18.902299,-17.354698,-27.200666,-90.000000,299,True,False,True,False,True,False
290,2,Tier 2 — Consistent reversal,3,BRD-K07220430,cinnarizine,-37.458992,-10.807158,-17.294180,3,3,0,-21.853443,-17.294180,-37.458992,-90.000000,300,True,False,True,False,True,False
291,2,Tier 2 — Consistent reversal,3,BRD-K44876623,zolpidem,-3.594080,-42.208298,-17.248924,3,3,0,-21.017101,-17.248924,-42.208298,-90.000000,301,True,False,True,False,True,False
292,2,Tier 2 — Consistent reversal,3,BRD-K47717570,NBQX,-24.722570,-5.914675,-17.204040,3,3,0,-15.947095,-17.204040,-24.722570,-90.000000,302,True,False,True,False,True,False
293,2,Tier 2 — Consistent reversal,3,BRD-A24429032,BE-2254,-1.268499,-17.184492,-23.671690,3,3,0,-14.041560,-17.184492,-23.671690,-90.000000,303,True,False,True,False,True,False
294,2,Tier 2 — Consistent reversal,3,BRD-K83010055,VU-0415374-1,-42.715720,-12.876731,-16.890469,3,3,0,-24.160973,-16.890469,-42.715720,-90.000000,304,True,False,True,False,True,False
295,2,Tier 2 — Consistent reversal,3,BRD-A20968261,WAY-213613,-2.043693,-31.797865,-16.754532,3,3,0,-16.865363,-16.754532,-31.797865,-90.000000,305,True,False,True,False,True,False
296,2,Tier 2 — Consistent reversal,3,BRD-A97674275,ranolazine,-18.882723,-12.796988,-16.434448,3,3,0,-16.038053,-16.434448,-18.882723,-90.000000,306,True,False,True,False,True,False
297,2,Tier 2 — Consistent reversal,3,BRD-K41445866,alfaxalone,-11.669247,-16.301176,-22.055264,3,3,0,-16.675229,-16.301176,-22.055264,-90.000000,307,True,False,True,False,True,False
298,2,Tier 2 — Consistent reversal,3,BRD-K16977723,PP-3,-16.185818,-17.984653,-6.344736,3,3,0,-13.505069,-16.185818,-17.984653,-90.000000,308,True,False,True,False,True,False
299,2,Tier 2 — Consistent reversal,3,BRD-K87696786,LY-456236,-1.444679,-16.076168,-32.944610,3,3,0,-16.821819,-16.076168,-32.944610,-90.000000,309,True,False,True,False,True,False
300,2,Tier 2 — Consistent reversal,3,BRD-A03359064,ICI-89406,-24.370798,-15.774468,-14.047446,3,3,0,-18.064237,-15.774468,-24.370798,-90.000000,310,True,False,True,False,True,False
301,2,Tier 2 — Consistent reversal,3,BRD-K63150726,JTE-907,-15.621770,-15.621337,-26.528410,3,3,0,-19.257172,-15.621770,-26.528410,-90.000000,311,True,False,True,False,True,False
302,2,Tier 2 — Consistent reversal,3,BRD-K97810537,beclomethasone-dipropionate,-0.105708,-15.490071,-48.801193,3,3,0,-21.465657,-15.490071,-48.801193,-90.000000,312,True,False,True,False,True,False
303,2,Tier 2 — Consistent reversal,3,BRD-K88560311,rucaparib,-15.364149,-23.761574,-5.343648,3,3,0,-14.823124,-15.364149,-23.761574,-90.000000,313,True,False,True,False,True,False
304,2,Tier 2 — Consistent reversal,3,BRD-K42260897,ezetimibe,-0.317125,-15.270478,-16.500273,3,3,0,-10.695959,-15.270478,-16.500273,-90.000000,314,True,False,True,False,True,False
305,2,Tier 2 — Consistent reversal,3,BRD-A69917777,aminopentamide,-13.492756,-17.044273,-15.264025,3,3,0,-15.267018,-15.264025,-17.044273,-90.000000,315,True,False,True,False,True,False
306,2,Tier 2 — Consistent reversal,3,BRD-K31342827,bisindolylmaleimide,-15.214352,-3.664553,-76.460430,3,3,0,-31.779778,-15.214352,-76.460430,-90.000000,316,True,False,True,False,True,False
307,2,Tier 2 — Consistent reversal,3,BRD-K93034159,cladribine,-2.043693,-21.410267,-15.133574,3,3,0,-12.862511,-15.133574,-21.410267,-90.000000,317,True,False,True,False,True,False
308,2,Tier 2 — Consistent reversal,3,BRD-K93325701,damnacanthal,-2.966405,-34.372550,-15.114130,3,3,0,-17.484362,-15.114130,-34.372550,-90.000000,318,True,False,True,False,True,False
309,2,Tier 2 — Consistent reversal,3,BRD-A46179541,doxapram,-1.832276,-61.557808,-15.051449,3,3,0,-26.147178,-15.051449,-61.557808,-90.000000,319,True,False,True,False,True,False
310,2,Tier 2 — Consistent reversal,3,BRD-K72726508,arcyriaflavin-a,-7.379813,-14.720276,-18.317348,3,3,0,-13.472479,-14.720276,-18.317348,-90.000000,320,True,False,True,False,True,False
311,2,Tier 2 — Consistent reversal,3,BRD-K70241288,L-692585,-1.284729,-14.556169,-15.408955,3,3,0,-10.416618,-14.556169,-15.408955,-90.000000,321,True,False,True,False,True,False
312,2,Tier 2 — Consistent reversal,3,BRD-K61177364,NBI-27914,-17.473166,-2.360817,-14.545511,3,3,0,-11.459831,-14.545511,-17.473166,-90.000000,322,True,False,True,False,True,False
313,2,Tier 2 — Consistent reversal,3,BRD-K29582677,flunarizine,-2.668301,-33.007893,-14.531105,3,3,0,-16.735766,-14.531105,-33.007893,-90.000000,323,True,False,True,False,True,False
314,2,Tier 2 — Consistent reversal,3,BRD-A23290232,westcort,-14.501814,-46.316273,-6.609221,3,3,0,-22.475769,-14.501814,-46.316273,-90.000000,324,True,False,True,False,True,False
315,2,Tier 2 — Consistent reversal,3,BRD-K64236792,austricine,-8.745742,-24.391335,-14.414523,3,3,0,-15.850533,-14.414523,-24.391335,-90.000000,325,True,False,True,False,True,False
316,2,Tier 2 — Consistent reversal,3,BRD-A97479839,piperidolate,-14.390360,-55.930256,-12.989431,3,3,0,-27.770016,-14.390360,-55.930256,-90.000000,326,True,False,True,False,True,False
317,2,Tier 2 — Consistent reversal,3,BRD-K91243525,SR-142948,-0.986610,-14.385587,-42.233430,3,3,0,-19.201876,-14.385587,-42.233430,-90.000000,327,True,False,True,False,True,False
318,2,Tier 2 — Consistent reversal,3,BRD-A10523515,GSK-429286A,-34.725510,-13.516853,-14.321780,3,3,0,-20.854714,-14.321780,-34.725510,-90.000000,328,True,False,True,False,True,False
319,2,Tier 2 — Consistent reversal,3,BRD-K01507359,rifampicin,-5.849190,-69.727005,-14.030865,3,3,0,-29.869020,-14.030865,-69.727005,-90.000000,329,True,False,True,False,True,False
320,2,Tier 2 — Consistent reversal,3,BRD-A67373739,AICA-ribonucleotide,-0.916138,-30.752850,-14.009844,3,3,0,-15.226277,-14.009844,-30.752850,-90.000000,330,True,False,True,False,True,False
321,2,Tier 2 — Consistent reversal,3,BRD-A37704979,SB-203580,-0.563777,-13.999083,-34.745995,3,3,0,-16.436285,-13.999083,-34.745995,-90.000000,331,True,False,True,False,True,False
322,2,Tier 2 — Consistent reversal,3,BRD-K23922020,arecaidine-propargyl-ester,-2.607470,-13.829285,-48.350830,3,3,0,-21.595862,-13.829285,-48.350830,-90.000000,332,True,False,True,False,True,False
323,2,Tier 2 — Consistent reversal,3,BRD-K92428153,mycophenolate-mofetil,-1.166700,-13.803356,-34.606598,3,3,0,-16.525551,-13.803356,-34.606598,-90.000000,333,True,False,True,False,True,False
324,2,Tier 2 — Consistent reversal,3,BRD-K68507560,dicycloverine,-8.949965,-13.759909,-34.653595,3,3,0,-19.121156,-13.759909,-34.653595,-90.000000,334,True,False,True,False,True,False
325,2,Tier 2 — Consistent reversal,3,BRD-K18816859,L-694247,-0.105708,-13.702893,-36.244717,3,3,0,-16.684439,-13.702893,-36.244717,-90.000000,335,True,False,True,False,True,False
326,2,Tier 2 — Consistent reversal,3,BRD-K33193182,methylnorlichexanthone,-0.464199,-14.184134,-13.678592,3,3,0,-9.442308,-13.678592,-14.184134,-90.000000,336,True,False,True,False,True,False
327,2,Tier 2 — Consistent reversal,3,BRD-K48059230,YM-298198,-11.752985,-14.460903,-13.347243,3,3,0,-13.187044,-13.347243,-14.460903,-90.000000,337,True,False,True,False,True,False
328,2,Tier 2 — Consistent reversal,3,BRD-K68341547,W-9,-0.986610,-13.177183,-48.258358,3,3,0,-20.807384,-13.177183,-48.258358,-90.000000,338,True,False,True,False,True,False
329,2,Tier 2 — Consistent reversal,3,BRD-K71731651,PNU-120596,-3.875969,-13.077063,-23.132885,3,3,0,-13.361972,-13.077063,-23.132885,-90.000000,339,True,False,True,False,True,False
330,2,Tier 2 — Consistent reversal,3,BRD-K00313977,BRD-K00313977,-3.220379,-13.046007,-15.848743,3,3,0,-10.705043,-13.046007,-15.848743,-90.000000,340,True,False,True,False,True,False
331,2,Tier 2 — Consistent reversal,3,BRD-K57080016,selumetinib,-0.986610,-13.033357,-26.820774,3,3,0,-13.613580,-13.033357,-26.820774,-90.000000,341,True,False,True,False,True,False
332,2,Tier 2 — Consistent reversal,3,BRD-A37837077,cyclazosin,-13.009496,-1.021846,-14.538468,3,3,0,-9.523270,-13.009496,-14.538468,-90.000000,342,True,False,True,False,True,False
333,2,Tier 2 — Consistent reversal,3,BRD-K35430135,SR-59230A,-12.853776,-25.260170,-1.338971,3,3,0,-13.150972,-12.853776,-25.260170,-90.000000,343,True,False,True,False,True,False
334,2,Tier 2 — Consistent reversal,3,BRD-A87606379,nadolol,-2.536998,-13.381566,-12.836651,3,3,0,-9.585072,-12.836651,-13.381566,-90.000000,344,True,False,True,False,True,False
335,2,Tier 2 — Consistent reversal,3,BRD-A80641450,FR-139317,-0.845666,-12.818225,-21.881973,3,3,0,-11.848621,-12.818225,-21.881973,-90.000000,345,True,False,True,False,True,False
336,2,Tier 2 — Consistent reversal,3,BRD-K18135438,chenodeoxycholic-acid,-12.403101,-18.583965,-2.959831,3,3,0,-11.315632,-12.403101,-18.583965,-90.000000,346,True,False,True,False,True,False
337,2,Tier 2 — Consistent reversal,3,BRD-A18620900,estriol,-3.953820,-12.397411,-22.592964,3,3,0,-12.981398,-12.397411,-22.592964,-90.000000,347,True,False,True,False,True,False
338,2,Tier 2 — Consistent reversal,3,BRD-K04010869,prostaglandin-a1,-1.127555,-12.389999,-28.559423,3,3,0,-14.025659,-12.389999,-28.559423,-90.000000,348,True,False,True,False,True,False
339,2,Tier 2 — Consistent reversal,3,BRD-K63954456,BRD-K63954456,-14.619130,-6.096643,-12.342458,3,3,0,-11.019410,-12.342458,-14.619130,-90.000000,349,True,False,True,False,True,False
340,2,Tier 2 — Consistent reversal,3,BRD-K99818283,PIK-90,-1.268499,-12.302413,-15.883277,3,3,0,-9.818063,-12.302413,-15.883277,-90.000000,350,True,False,True,False,True,False
341,2,Tier 2 — Consistent reversal,3,BRD-K87048468,RS-102221,-25.745722,-12.222409,-1.233263,3,3,0,-13.067131,-12.222409,-25.745722,-90.000000,351,True,False,True,False,True,False
342,2,Tier 2 — Consistent reversal,3,BRD-K22828899,TUL-XXI039,-9.114861,-23.666769,-11.903160,3,3,0,-14.894930,-11.903160,-23.666769,-90.000000,352,True,False,True,False,True,False
343,2,Tier 2 — Consistent reversal,3,BRD-A78303415,hyoscyamine,-11.666001,-5.461593,-14.947844,3,3,0,-10.691813,-11.666001,-14.947844,-90.000000,353,True,False,True,False,True,False
344,2,Tier 2 — Consistent reversal,3,BRD-A56892734,esomeprazole,-54.606840,-11.556303,-2.043693,3,3,0,-22.735612,-11.556303,-54.606840,-90.000000,354,True,False,True,False,True,False
345,2,Tier 2 — Consistent reversal,3,BRD-K63945320,dihydrosamidin,-61.922634,-11.459940,-6.297504,3,3,0,-26.560026,-11.459940,-61.922634,-90.000000,355,True,False,True,False,True,False
346,2,Tier 2 — Consistent reversal,3,BRD-A12016240,LY-278584,-1.162791,-23.849854,-11.232839,3,3,0,-12.081828,-11.232839,-23.849854,-90.000000,356,True,False,True,False,True,False
347,2,Tier 2 — Consistent reversal,3,BRD-K04853698,LDN-193189,-0.077463,-15.436676,-11.193589,3,3,0,-8.902576,-11.193589,-15.436676,-90.000000,357,True,False,True,False,True,False
348,2,Tier 2 — Consistent reversal,3,BRD-K20287671,SU-4312,-14.358621,-11.037466,-9.921326,3,3,0,-11.772471,-11.037466,-14.358621,-90.000000,358,True,False,True,False,True,False
349,2,Tier 2 — Consistent reversal,3,BRD-A42571354,cetirizine,-0.070472,-22.151243,-11.020118,3,3,0,-11.080611,-11.020118,-22.151243,-90.000000,359,True,False,True,False,True,False
350,2,Tier 2 — Consistent reversal,3,BRD-K20285085,fostamatinib,-0.775194,-11.014312,-21.788822,3,3,0,-11.192776,-11.014312,-21.788822,-90.000000,360,True,False,True,False,True,False
351,2,Tier 2 — Consistent reversal,3,BRD-A73368467,fexofenadine,-0.281889,-10.973228,-11.514895,3,3,0,-7.590004,-10.973228,-11.514895,-90.000000,361,True,False,True,False,True,False
352,2,Tier 2 — Consistent reversal,3,BRD-K16195444,oxymetazoline,-1.937984,-10.878237,-10.941659,3,3,0,-7.919293,-10.878237,-10.941659,-90.000000,362,True,False,True,False,True,False
353,2,Tier 2 — Consistent reversal,3,BRD-A33084410,5'-guanidinonaltrindole,-26.713211,-0.458069,-10.804523,3,3,0,-12.658601,-10.804523,-26.713211,-90.000000,363,True,False,True,False,True,False
354,2,Tier 2 — Consistent reversal,3,BRD-K19136521,indirubin-3-monoxime,-0.498513,-19.154495,-10.780946,3,3,0,-10.144651,-10.780946,-19.154495,-90.000000,364,True,False,True,False,True,False
355,2,Tier 2 — Consistent reversal,3,BRD-A42759514,ornidazole,-0.070472,-10.729706,-17.330334,3,3,0,-9.376837,-10.729706,-17.330334,-90.000000,365,True,False,True,False,True,False
356,2,Tier 2 — Consistent reversal,3,BRD-K48692744,NU-1025,-9.885911,-29.447258,-10.676533,3,3,0,-16.669901,-10.676533,-29.447258,-90.000000,366,True,False,True,False,True,False
357,2,Tier 2 — Consistent reversal,3,BRD-A36318220,necrostatin-1,-10.576480,-3.403516,-13.795343,3,3,0,-9.258446,-10.576480,-13.795343,-90.000000,367,True,False,True,False,True,False
358,2,Tier 2 — Consistent reversal,3,BRD-K35723520,darinaparsin,-0.190177,-13.327713,-10.510445,3,3,0,-8.009445,-10.510445,-13.327713,-90.000000,368,True,False,True,False,True,False
359,2,Tier 2 — Consistent reversal,3,BRD-K14204120,ranitidine,-1.550388,-10.462521,-11.990046,3,3,0,-8.000985,-10.462521,-11.990046,-90.000000,369,True,False,True,False,True,False
360,2,Tier 2 — Consistent reversal,3,BRD-K81916719,triclabendazole,-2.536998,-34.245327,-10.443499,3,3,0,-15.741941,-10.443499,-34.245327,-90.000000,370,True,False,True,False,True,False
361,2,Tier 2 — Consistent reversal,3,BRD-K32696739,noreleagnine,-0.634249,-19.274137,-10.416553,3,3,0,-10.108313,-10.416553,-19.274137,-90.000000,371,True,False,True,False,True,False
362,2,Tier 2 — Consistent reversal,3,BRD-K80451230,zamifenacin,-3.336862,-10.398222,-33.455620,3,3,0,-15.730235,-10.398222,-33.455620,-90.000000,372,True,False,True,False,True,False
363,2,Tier 2 — Consistent reversal,3,BRD-K31920458,mestranol,-0.199200,-15.287923,-10.282350,3,3,0,-8.589824,-10.282350,-15.287923,-90.000000,373,True,False,True,False,True,False
364,2,Tier 2 — Consistent reversal,3,BRD-A27887842,prednisolone,-0.352361,-11.571449,-10.235664,3,3,0,-7.386491,-10.235664,-11.571449,-90.000000,374,True,False,True,False,True,False
365,2,Tier 2 — Consistent reversal,3,BRD-K49456190,prima-1-met,-1.902748,-10.859811,-10.217801,3,3,0,-7.660120,-10.217801,-10.859811,-90.000000,375,True,False,True,False,True,False
366,2,Tier 2 — Consistent reversal,3,BRD-K04218075,clomifene,-0.070472,-10.192813,-18.766533,3,3,0,-9.676606,-10.192813,-18.766533,-90.000000,376,True,False,True,False,True,False
367,2,Tier 2 — Consistent reversal,3,BRD-K77695569,tiabendazole,-0.281889,-26.844849,-10.157458,3,3,0,-12.428065,-10.157458,-26.844849,-90.000000,377,True,False,True,False,True,False
368,2,Tier 2 — Consistent reversal,3,BRD-A71157293,fursultiamine,-9.957019,-5.254379,-13.954142,3,3,0,-9.721847,-9.957019,-13.954142,-90.000000,378,True,False,True,False,True,False
369,2,Tier 2 — Consistent reversal,3,BRD-A65449987,flunisolide,-1.832276,-9.925619,-39.384895,3,3,0,-17.047597,-9.925619,-39.384895,-90.000000,379,True,False,True,False,True,False
370,2,Tier 2 — Consistent reversal,3,BRD-K54462405,doxepin,-0.246653,-19.363598,-9.923738,3,3,0,-9.844663,-9.923738,-19.363598,-90.000000,380,True,False,True,False,True,False
371,2,Tier 2 — Consistent reversal,3,BRD-K04710043,hexamethylenebisacetamide,-0.863248,-9.752680,-23.044321,3,3,0,-11.220083,-9.752680,-23.044321,-90.000000,381,True,False,True,False,True,False
372,2,Tier 2 — Consistent reversal,3,BRD-A30590053,MR-16728,-0.705081,-34.168110,-9.710159,3,3,0,-14.861117,-9.710159,-34.168110,-90.000000,382,True,False,True,False,True,False
373,2,Tier 2 — Consistent reversal,3,BRD-K32247306,primidone,-1.484545,-9.584214,-13.406431,3,3,0,-8.158397,-9.584214,-13.406431,-90.000000,383,True,False,True,False,True,False
374,2,Tier 2 — Consistent reversal,3,BRD-A41995253,brucine,-0.352361,-20.868662,-9.475518,3,3,0,-10.232180,-9.475518,-20.868662,-90.000000,384,True,False,True,False,True,False
375,2,Tier 2 — Consistent reversal,3,BRD-A50684349,fenoldopam,-0.458069,-9.446781,-18.401314,3,3,0,-9.435388,-9.446781,-18.401314,-90.000000,385,True,False,True,False,True,False
376,2,Tier 2 — Consistent reversal,3,BRD-K89923877,scopolamine,-0.105708,-30.219748,-9.397966,3,3,0,-13.241141,-9.397966,-30.219748,-90.000000,386,True,False,True,False,True,False
377,2,Tier 2 — Consistent reversal,3,BRD-K68332390,ponalrestat,-33.503174,-9.385057,-1.409443,3,3,0,-14.765891,-9.385057,-33.503174,-90.000000,387,True,False,True,False,True,False
378,2,Tier 2 — Consistent reversal,3,BRD-K99174507,cardiogenol-c,-1.691332,-56.559334,-9.339630,3,3,0,-22.530099,-9.339630,-56.559334,-90.000000,388,True,False,True,False,True,False
379,2,Tier 2 — Consistent reversal,3,BRD-K55468218,spiperone,-0.281889,-29.854490,-9.332719,3,3,0,-13.156366,-9.332719,-29.854490,-90.000000,389,True,False,True,False,True,False
380,2,Tier 2 — Consistent reversal,3,BRD-K50214219,CS-1657,-18.957315,-5.842337,-9.308505,3,3,0,-11.369386,-9.308505,-18.957315,-90.000000,390,True,False,True,False,True,False
381,2,Tier 2 — Consistent reversal,3,BRD-K93658967,aloisine,-9.308266,-11.564771,-5.320648,3,3,0,-8.731228,-9.308266,-11.564771,-90.000000,391,True,False,True,False,True,False
382,2,Tier 2 — Consistent reversal,3,BRD-K38323065,phenacetin,-31.631142,-9.102650,-9.307935,3,3,0,-16.680576,-9.307935,-31.631142,-90.000000,392,True,False,True,False,True,False
383,2,Tier 2 — Consistent reversal,3,BRD-K18678457,ZD-7288,-9.230704,-21.758482,-2.114165,3,3,0,-11.034450,-9.230704,-21.758482,-90.000000,393,True,False,True,False,True,False
384,2,Tier 2 — Consistent reversal,3,BRD-K09635134,L-erythro-MAPP,-1.624795,-18.328423,-9.127342,3,3,0,-9.693520,-9.127342,-18.328423,-90.000000,394,True,False,True,False,True,False
385,2,Tier 2 — Consistent reversal,3,BRD-A60197193,amisulpride,-7.152925,-9.104758,-9.054271,3,3,0,-8.437318,-9.054271,-9.104758,-90.000000,395,True,False,True,False,True,False
386,2,Tier 2 — Consistent reversal,3,BRD-K21450440,benzthiazide,-0.140163,-27.125336,-8.960535,3,3,0,-12.075345,-8.960535,-27.125336,-90.000000,396,True,False,True,False,True,False
387,2,Tier 2 — Consistent reversal,3,BRD-K39915878,loxapine,-0.317125,-8.951166,-34.779903,3,3,0,-14.682731,-8.951166,-34.779903,-90.000000,397,True,False,True,False,True,False
388,2,Tier 2 — Consistent reversal,3,BRD-A87387433,cefpodoxime,-0.739958,-16.166328,-8.876680,3,3,0,-8.594322,-8.876680,-16.166328,-90.000000,398,True,False,True,False,True,False
389,2,Tier 2 — Consistent reversal,3,BRD-K27351809,nomegestrol-acetate,-1.740576,-8.865608,-14.262863,3,3,0,-8.289682,-8.865608,-14.262863,-90.000000,399,True,False,True,False,True,False
390,2,Tier 2 — Consistent reversal,3,BRD-K17823458,danoprevir,-8.511022,-10.097717,-4.093266,3,3,0,-7.567335,-8.511022,-10.097717,-90.000000,400,True,False,True,False,True,False
391,2,Tier 2 — Consistent reversal,3,BRD-A85025557,NCS-382,-2.396054,-9.261505,-8.409338,3,3,0,-6.688966,-8.409338,-9.261505,-90.000000,401,True,False,True,False,True,False
392,2,Tier 2 — Consistent reversal,3,BRD-A80793822,pemoline,-1.761804,-23.855093,-8.332139,3,3,0,-11.316345,-8.332139,-23.855093,-90.000000,402,True,False,True,False,True,False
393,2,Tier 2 — Consistent reversal,3,BRD-A07440155,labetalol,-0.028737,-10.806827,-8.260821,3,3,0,-6.365462,-8.260821,-10.806827,-90.000000,403,True,False,True,False,True,False
394,2,Tier 2 — Consistent reversal,3,BRD-K91733562,secoisolariciresinol,-2.184637,-8.029334,-19.182842,3,3,0,-9.798938,-8.029334,-19.182842,-90.000000,404,True,False,True,False,True,False
395,2,Tier 2 — Consistent reversal,3,BRD-K78959463,FPL-64176,-1.369436,-18.324192,-7.965750,3,3,0,-9.219793,-7.965750,-18.324192,-90.000000,405,True,False,True,False,True,False
396,2,Tier 2 — Consistent reversal,3,BRD-K19277754,paroxetine,-0.211417,-11.568109,-7.912635,3,3,0,-6.564053,-7.912635,-11.568109,-90.000000,406,True,False,True,False,True,False
397,2,Tier 2 — Consistent reversal,3,BRD-K29582115,ziprasidone,-6.677304,-28.143295,-7.836301,3,3,0,-14.218967,-7.836301,-28.143295,-90.000000,407,True,False,True,False,True,False
398,2,Tier 2 — Consistent reversal,3,BRD-A16444946,acarbose,-0.704722,-28.852951,-7.731301,3,3,0,-12.429658,-7.731301,-28.852951,-90.000000,408,True,False,True,False,True,False
399,2,Tier 2 — Consistent reversal,3,BRD-K63923597,barasertib-HQPA,-0.042677,-13.783743,-7.721090,3,3,0,-7.182503,-7.721090,-13.783743,-90.000000,409,True,False,True,False,True,False
400,2,Tier 2 — Consistent reversal,3,BRD-A79981887,midodrine,-0.105708,-18.945356,-7.577555,3,3,0,-8.876206,-7.577555,-18.945356,-90.000000,410,True,False,True,False,True,False
401,2,Tier 2 — Consistent reversal,3,BRD-K67511046,naloxone,-0.140944,-25.201134,-7.480270,3,3,0,-10.940783,-7.480270,-25.201134,-90.000000,411,True,False,True,False,True,False
402,2,Tier 2 — Consistent reversal,3,BRD-K75089421,procainamide,-0.035236,-21.946564,-7.133111,3,3,0,-9.704970,-7.133111,-21.946564,-90.000000,412,True,False,True,False,True,False
403,2,Tier 2 — Consistent reversal,3,BRD-K43887077,dopamine,-2.783650,-7.117415,-24.478298,3,3,0,-11.459788,-7.117415,-24.478298,-90.000000,413,True,False,True,False,True,False
404,2,Tier 2 — Consistent reversal,3,BRD-K70557564,zosuquidar,-2.115319,-11.002165,-6.945890,3,3,0,-6.687791,-6.945890,-11.002165,-90.000000,414,True,False,True,False,True,False
405,2,Tier 2 — Consistent reversal,3,BRD-K39983086,loteprednol,-0.634249,-6.885658,-29.205853,3,3,0,-12.241920,-6.885658,-29.205853,-90.000000,415,True,False,True,False,True,False
406,2,Tier 2 — Consistent reversal,3,BRD-K82746043,navitoclax,-0.563777,-26.469765,-6.873467,3,3,0,-11.302337,-6.873467,-26.469765,-90.000000,416,True,False,True,False,True,False
407,2,Tier 2 — Consistent reversal,3,BRD-K76205745,losartan,-0.140944,-6.800564,-18.416800,3,3,0,-8.452769,-6.800564,-18.416800,-90.000000,417,True,False,True,False,True,False
408,2,Tier 2 — Consistent reversal,3,BRD-K15502390,nevirapine,-6.714054,-42.020172,-4.840589,3,3,0,-17.858272,-6.714054,-42.020172,-90.000000,418,True,False,True,False,True,False
409,2,Tier 2 — Consistent reversal,3,BRD-A34751532,homosalate,-6.694856,-63.235043,-5.877579,3,3,0,-25.269159,-6.694856,-63.235043,-90.000000,419,True,False,True,False,True,False
410,2,Tier 2 — Consistent reversal,3,BRD-K76908866,CP-724714,-0.028026,-20.324330,-6.694856,3,3,0,-9.015737,-6.694856,-20.324330,-90.000000,420,True,False,True,False,True,False
411,2,Tier 2 — Consistent reversal,3,BRD-K92138166,mammea-a,-6.694583,-0.775194,-18.354614,3,3,0,-8.608130,-6.694583,-18.354614,-90.000000,421,True,False,True,False,True,False
412,2,Tier 2 — Consistent reversal,3,BRD-K49577446,flunisolide,-0.305077,-6.570120,-8.007929,3,3,0,-4.961042,-6.570120,-8.007929,-90.000000,422,True,False,True,False,True,False
413,2,Tier 2 — Consistent reversal,3,BRD-A75478957,PD-166793,-6.349758,-4.580691,-14.769991,3,3,0,-8.566813,-6.349758,-14.769991,-90.000000,423,True,False,True,False,True,False
414,2,Tier 2 — Consistent reversal,3,BRD-M41783010,acamprosate,-1.101382,-6.300859,-59.036920,3,3,0,-22.146387,-6.300859,-59.036920,-90.000000,424,True,False,True,False,True,False
415,2,Tier 2 — Consistent reversal,3,BRD-K71430621,clobenpropit,-0.033664,-40.338066,-6.109602,3,3,0,-15.493777,-6.109602,-40.338066,-90.000000,425,True,False,True,False,True,False
416,2,Tier 2 — Consistent reversal,3,BRD-K07117950,imperatorin,-4.545454,-13.379837,-6.095842,3,3,0,-8.007045,-6.095842,-13.379837,-90.000000,426,True,False,True,False,True,False
417,2,Tier 2 — Consistent reversal,3,BRD-A60571864,budesonide,-0.105708,-20.022762,-6.076979,3,3,0,-8.735150,-6.076979,-20.022762,-90.000000,427,True,False,True,False,True,False
418,2,Tier 2 — Consistent reversal,3,BRD-K17110974,aristolochic-acid,-0.528541,-5.956943,-7.371377,3,3,0,-4.618954,-5.956943,-7.371377,-90.000000,428,True,False,True,False,True,False
419,2,Tier 2 — Consistent reversal,3,BRD-K63151507,MNITMT,-0.951374,-6.507770,-5.946446,3,3,0,-4.468530,-5.946446,-6.507770,-90.000000,429,True,False,True,False,True,False
420,2,Tier 2 — Consistent reversal,3,BRD-K99451608,lopinavir,-4.519183,-64.136940,-5.884426,3,3,0,-24.846849,-5.884426,-64.136940,-90.000000,430,True,False,True,False,True,False
421,2,Tier 2 — Consistent reversal,3,BRD-K23369905,oxiconazole,-1.581956,-5.826497,-18.390210,3,3,0,-8.599554,-5.826497,-18.390210,-90.000000,431,True,False,True,False,True,False
422,2,Tier 2 — Consistent reversal,3,BRD-K97061094,azacyclonol,-0.951374,-18.948906,-5.694738,3,3,0,-8.531673,-5.694738,-18.948906,-90.000000,432,True,False,True,False,True,False
423,2,Tier 2 — Consistent reversal,3,BRD-K81169441,cerivastatin,-7.339175,-4.249021,-5.673009,3,3,0,-5.753735,-5.673009,-7.339175,-90.000000,433,True,False,True,False,True,False
424,2,Tier 2 — Consistent reversal,3,BRD-K33572481,taurodeoxycholic-acid,-5.572911,-32.672960,-3.347428,3,3,0,-13.864433,-5.572911,-32.672960,-90.000000,434,True,False,True,False,True,False
425,2,Tier 2 — Consistent reversal,3,BRD-A51714012,venlafaxine,-9.251589,-5.425160,-2.485295,3,3,0,-5.720682,-5.425160,-9.251589,-90.000000,435,True,False,True,False,True,False
426,2,Tier 2 — Consistent reversal,3,BRD-K69763916,LY-341495,-0.458069,-5.883958,-5.240237,3,3,0,-3.860755,-5.240237,-5.883958,-90.000000,436,True,False,True,False,True,False
427,2,Tier 2 — Consistent reversal,3,BRD-A80017228,bendroflumethiazide,-0.028480,-9.727403,-4.862579,3,3,0,-4.872821,-4.862579,-9.727403,-90.000000,437,True,False,True,False,True,False
428,2,Tier 2 — Consistent reversal,3,BRD-A54236247,ephedrine-(racemic),-4.729257,-2.997605,-6.318149,3,3,0,-4.681670,-4.729257,-6.318149,-90.000000,438,True,False,True,False,True,False
429,2,Tier 2 — Consistent reversal,3,BRD-A77299732,salubrinal,-2.149401,-4.721911,-13.145877,3,3,0,-6.672396,-4.721911,-13.145877,-90.000000,439,True,False,True,False,True,False
430,2,Tier 2 — Consistent reversal,3,BRD-K32795028,1-benzylimidazole,-0.880902,-80.626370,-4.712332,3,3,0,-28.739868,-4.712332,-80.626370,-90.000000,440,True,False,True,False,True,False
431,2,Tier 2 — Consistent reversal,3,BRD-K32398298,alprazolam,-4.030535,-23.497576,-4.574969,3,3,0,-10.701027,-4.574969,-23.497576,-90.000000,441,True,False,True,False,True,False
432,2,Tier 2 — Consistent reversal,3,BRD-K30240666,clemastine,-0.176180,-4.496823,-5.175590,3,3,0,-3.282865,-4.496823,-5.175590,-90.000000,442,True,False,True,False,True,False
433,2,Tier 2 — Consistent reversal,3,BRD-K60511616,pravastatin,-0.317125,-26.212505,-4.474982,3,3,0,-10.334871,-4.474982,-26.212505,-90.000000,443,True,False,True,False,True,False
434,2,Tier 2 — Consistent reversal,3,BRD-K81209512,AG-494,-4.434355,-10.792690,-3.417900,3,3,0,-6.214982,-4.434355,-10.792690,-90.000000,444,True,False,True,False,True,False
435,2,Tier 2 — Consistent reversal,3,BRD-K88568253,iproniazid,-2.352598,-22.940119,-4.298802,3,3,0,-9.863840,-4.298802,-22.940119,-90.000000,445,True,False,True,False,True,False
436,2,Tier 2 — Consistent reversal,3,BRD-A03216249,mepivacaine,-4.228330,-8.787447,-1.130045,3,3,0,-4.715274,-4.228330,-8.787447,-90.000000,446,True,False,True,False,True,False
437,2,Tier 2 — Consistent reversal,3,BRD-K14965640,ibuprofen-(S),-0.905265,-44.165680,-4.034568,3,3,0,-16.368504,-4.034568,-44.165680,-90.000000,447,True,False,True,False,True,False
438,2,Tier 2 — Consistent reversal,3,BRD-K30197592,5-methoxytryptamine,-4.016913,-2.360817,-19.323694,3,3,0,-8.567142,-4.016913,-19.323694,-90.000000,448,True,False,True,False,True,False
439,2,Tier 2 — Consistent reversal,3,BRD-U82589721,HG-5-113-01,-3.023195,-6.871036,-3.950710,3,3,0,-4.614980,-3.950710,-6.871036,-90.000000,449,True,False,True,False,True,False
440,2,Tier 2 — Consistent reversal,3,BRD-K83597974,pargyline,-1.829230,-3.864361,-18.930563,3,3,0,-8.208051,-3.864361,-18.930563,-90.000000,450,True,False,True,False,True,False
441,2,Tier 2 — Consistent reversal,3,BRD-K16554956,PTB1,-0.951374,-3.855321,-17.302746,3,3,0,-7.369814,-3.855321,-17.302746,-90.000000,451,True,False,True,False,True,False
442,2,Tier 2 — Consistent reversal,3,BRD-A02759312,betaxolol,-1.902748,-7.713075,-3.699789,3,3,0,-4.438537,-3.699789,-7.713075,-90.000000,452,True,False,True,False,True,False
443,2,Tier 2 — Consistent reversal,3,BRD-K53061490,ozagrel,-0.028287,-3.592205,-26.293758,3,3,0,-9.971417,-3.592205,-26.293758,-90.000000,453,True,False,True,False,True,False
444,2,Tier 2 — Consistent reversal,3,BRD-K11540476,EMF-BCA1-64,-0.775194,-15.317196,-3.558844,3,3,0,-6.550411,-3.558844,-15.317196,-90.000000,454,True,False,True,False,True,False
445,2,Tier 2 — Consistent reversal,3,BRD-A41304429,practolol,-0.528541,-28.036680,-3.524417,3,3,0,-10.696546,-3.524417,-28.036680,-90.000000,455,True,False,True,False,True,False
446,2,Tier 2 — Consistent reversal,3,BRD-K62810658,PD-98059,-0.422833,-3.488372,-25.219040,3,3,0,-9.710082,-3.488372,-25.219040,-90.000000,456,True,False,True,False,True,False
447,2,Tier 2 — Consistent reversal,3,BRD-K59197931,naproxen,-15.772676,-2.649660,-3.453136,3,3,0,-7.291824,-3.453136,-15.772676,-90.000000,457,True,False,True,False,True,False
448,2,Tier 2 — Consistent reversal,3,BRD-K06221026,DUP-697,-1.937984,-5.178769,-3.403794,3,3,0,-3.506849,-3.403794,-5.178769,-90.000000,458,True,False,True,False,True,False
449,2,Tier 2 — Consistent reversal,3,BRD-K78278890,NM-PP1,-2.341226,-3.370225,-3.911205,3,3,0,-3.207552,-3.370225,-3.911205,-90.000000,459,True,False,True,False,True,False
450,2,Tier 2 — Consistent reversal,3,BRD-A49172652,lansoprazole,-0.065247,-27.459686,-3.347428,3,3,0,-10.290787,-3.347428,-27.459686,-90.000000,460,True,False,True,False,True,False
451,2,Tier 2 — Consistent reversal,3,BRD-K21565985,xylazine,-1.691332,-3.243056,-41.327095,3,3,0,-15.420494,-3.243056,-41.327095,-90.000000,461,True,False,True,False,True,False
452,2,Tier 2 — Consistent reversal,3,BRD-K43764301,dexketoprofen,-2.818887,-3.126845,-15.281195,3,3,0,-7.075642,-3.126845,-15.281195,-90.000000,462,True,False,True,False,True,False
453,2,Tier 2 — Consistent reversal,3,BRD-A26384407,chlorthalidone,-0.105708,-3.107218,-3.542242,3,3,0,-2.251723,-3.107218,-3.542242,-90.000000,463,True,False,True,False,True,False
454,2,Tier 2 — Consistent reversal,3,BRD-K12932420,YM-976,-1.546496,-3.761257,-3.030303,3,3,0,-2.779352,-3.030303,-3.761257,-90.000000,464,True,False,True,False,True,False
455,2,Tier 2 — Consistent reversal,3,BRD-K46937689,phenazone,-0.281889,-13.856799,-3.029123,3,3,0,-5.722604,-3.029123,-13.856799,-90.000000,465,True,False,True,False,True,False
456,2,Tier 2 — Consistent reversal,3,BRD-K01253243,SB-590885,-42.173264,-1.620860,-2.681111,3,3,0,-15.491745,-2.681111,-42.173264,-90.000000,466,True,False,True,False,True,False
457,2,Tier 2 — Consistent reversal,3,BRD-K17894950,indirubin,-0.599013,-5.864889,-2.675087,3,3,0,-3.046330,-2.675087,-5.864889,-90.000000,467,True,False,True,False,True,False
458,2,Tier 2 — Consistent reversal,3,BRD-K90333595,phentolamine,-0.246653,-12.187764,-2.501762,3,3,0,-4.978726,-2.501762,-12.187764,-90.000000,468,True,False,True,False,True,False
459,2,Tier 2 — Consistent reversal,3,BRD-K03557653,sappanone-a,-0.775194,-5.954838,-2.501762,3,3,0,-3.077265,-2.501762,-5.954838,-90.000000,469,True,False,True,False,True,False
460,2,Tier 2 — Consistent reversal,3,BRD-A94756469,digoxin,-2.491618,-8.538326,-0.916138,3,3,0,-3.982027,-2.491618,-8.538326,-90.000000,470,True,False,True,False,True,False
461,2,Tier 2 — Consistent reversal,3,BRD-A29644307,nomifensine,-2.432513,-15.169184,-1.920936,3,3,0,-6.507544,-2.432513,-15.169184,-90.000000,471,True,False,True,False,True,False
462,2,Tier 2 — Consistent reversal,3,BRD-A33168282,sotalol,-0.422833,-2.431290,-3.284186,3,3,0,-2.046103,-2.431290,-3.284186,-90.000000,472,True,False,True,False,True,False
463,2,Tier 2 — Consistent reversal,3,BRD-K04111260,raclopride,-0.176180,-2.386272,-5.810175,3,3,0,-2.790876,-2.386272,-5.810175,-90.000000,473,True,False,True,False,True,False
464,2,Tier 2 — Consistent reversal,3,BRD-K53123955,niridazole,-0.387597,-13.515702,-2.360817,3,3,0,-5.421372,-2.360817,-13.515702,-90.000000,474,True,False,True,False,True,False
465,2,Tier 2 — Consistent reversal,3,BRD-K10042277,desmethylclozapine,-0.704722,-2.325581,-3.945267,3,3,0,-2.325190,-2.325581,-3.945267,-90.000000,475,True,False,True,False,True,False
466,2,Tier 2 — Consistent reversal,3,BRD-K13032584,procarbazine,-0.009607,-8.236534,-2.219873,3,3,0,-3.488671,-2.219873,-8.236534,-90.000000,476,True,False,True,False,True,False
467,2,Tier 2 — Consistent reversal,3,BRD-A31227688,kynuramine,-1.726568,-71.302460,-2.184637,3,3,0,-25.071222,-2.184637,-71.302460,-90.000000,477,True,False,True,False,True,False
468,2,Tier 2 — Consistent reversal,3,BRD-K40901640,cinanserin,-0.246653,-2.149401,-12.168979,3,3,0,-4.855011,-2.149401,-12.168979,-90.000000,478,True,False,True,False,True,False
469,2,Tier 2 — Consistent reversal,3,BRD-K36638830,anabasine,-1.656096,-28.719646,-2.078929,3,3,0,-10.818224,-2.078929,-28.719646,-90.000000,479,True,False,True,False,True,False
470,2,Tier 2 — Consistent reversal,3,BRD-K53972329,ruxolitinib,-0.422833,-2.018300,-2.456859,3,3,0,-1.632664,-2.018300,-2.456859,-90.000000,480,True,False,True,False,True,False
471,2,Tier 2 — Consistent reversal,3,BRD-A28856712,tetrahydrozoline,-0.880902,-2.008457,-24.070486,3,3,0,-8.986615,-2.008457,-24.070486,-90.000000,481,True,False,True,False,True,False
472,2,Tier 2 — Consistent reversal,3,BRD-A22707317,SB-205384,-1.943212,-1.761804,-2.255109,3,3,0,-1.986709,-1.943212,-2.255109,-90.000000,482,True,False,True,False,True,False
473,2,Tier 2 — Consistent reversal,3,BRD-K87049188,fusaric-acid,-19.109642,-1.933463,-1.338971,3,3,0,-7.460692,-1.933463,-19.109642,-90.000000,483,True,False,True,False,True,False
474,2,Tier 2 — Consistent reversal,3,BRD-K67043667,altretamine,-0.352361,-2.008457,-1.902748,3,3,0,-1.421189,-1.902748,-2.008457,-90.000000,484,True,False,True,False,True,False
475,2,Tier 2 — Consistent reversal,3,BRD-K56614220,clofazimine,-0.070472,-2.106664,-1.902748,3,3,0,-1.359962,-1.902748,-2.106664,-90.000000,485,True,False,True,False,True,False
476,2,Tier 2 — Consistent reversal,3,BRD-K74133369,oligomycin-a,-7.457300,-1.797040,-1.268499,3,3,0,-3.507613,-1.797040,-7.457300,-90.000000,486,True,False,True,False,True,False
477,2,Tier 2 — Consistent reversal,3,BRD-K92049597,triamterene,-0.387597,-1.691332,-38.992195,3,3,0,-13.690375,-1.691332,-38.992195,-90.000000,487,True,False,True,False,True,False
478,2,Tier 2 — Consistent reversal,3,BRD-K03319035,maprotiline,-0.845666,-16.991045,-1.620860,3,3,0,-6.485857,-1.620860,-16.991045,-90.000000,488,True,False,True,False,True,False
479,2,Tier 2 — Consistent reversal,3,BRD-A17655518,ibuprofen,-0.528541,-1.444679,-3.461138,3,3,0,-1.811453,-1.444679,-3.461138,-90.000000,489,True,False,True,False,True,False
480,2,Tier 2 — Consistent reversal,3,BRD-K63913457,eicosatrienoic-acid,-12.478835,-0.845666,-1.374207,3,3,0,-4.899569,-1.374207,-12.478835,-90.000000,490,True,False,True,False,True,False
481,2,Tier 2 — Consistent reversal,3,BRD-K40624912,ZM-39923,-1.338971,-24.799952,-1.198027,3,3,0,-9.112317,-1.338971,-24.799952,-90.000000,491,True,False,True,False,True,False
482,2,Tier 2 — Consistent reversal,3,BRD-K31792052,pifithrin,-1.303735,-39.911304,-0.845666,3,3,0,-14.020235,-1.303735,-39.911304,-90.000000,492,True,False,True,False,True,False
483,2,Tier 2 — Consistent reversal,3,BRD-K60274257,dephostatin,-0.140944,-1.303735,-1.303735,3,3,0,-0.916138,-1.303735,-1.303735,-90.000000,493,True,False,True,False,True,False
484,2,Tier 2 — Consistent reversal,3,BRD-K98490050,amsacrine,-19.323400,-1.268499,-1.057082,3,3,0,-7.216327,-1.268499,-19.323400,-90.000000,494,True,False,True,False,True,False
485,2,Tier 2 — Consistent reversal,3,BRD-K23583188,lavendustin-a,-1.479915,-0.599013,-1.233263,3,3,0,-1.104064,-1.233263,-1.479915,-90.000000,495,True,False,True,False,True,False
486,2,Tier 2 — Consistent reversal,3,BRD-K69690935,curcumin,-1.198027,-3.472203,-0.387597,3,3,0,-1.685942,-1.198027,-3.472203,-90.000000,496,True,False,True,False,True,False
487,2,Tier 2 — Consistent reversal,3,BRD-A70268693,PG-9,-1.162791,-11.596447,-1.092318,3,3,0,-4.617185,-1.162791,-11.596447,-90.000000,497,True,False,True,False,True,False
488,2,Tier 2 — Consistent reversal,3,BRD-A84045418,calpeptin,-3.180014,-0.810430,-1.091988,3,3,0,-1.694144,-1.091988,-3.180014,-90.000000,498,True,False,True,False,True,False
489,2,Tier 2 — Consistent reversal,3,BRD-K89210380,biotin,-0.845666,-1.233263,-1.021846,3,3,0,-1.033592,-1.021846,-1.233263,-90.000000,499,True,False,True,False,True,False
490,2,Tier 2 — Consistent reversal,3,BRD-K79116891,proxymetacaine,-0.880902,-6.888521,-0.997629,3,3,0,-2.922350,-0.997629,-6.888521,-90.000000,500,True,False,True,False,True,False
491,2,Tier 2 — Consistent reversal,3,BRD-K01192156,tyrphostin-AG-112,-72.906950,-0.986610,-0.970951,3,3,0,-24.954837,-0.986610,-72.906950,-90.000000,501,True,False,True,False,True,False
492,2,Tier 2 — Consistent reversal,3,BRD-A13084692,troglitazone,-0.986610,-0.563777,-3.604356,3,3,0,-1.718248,-0.986610,-3.604356,-90.000000,502,True,False,True,False,True,False
493,2,Tier 2 — Consistent reversal,3,BRD-K44442813,pidotimod,-0.816573,-15.768085,-0.951374,3,3,0,-5.845344,-0.951374,-15.768085,-90.000000,503,True,False,True,False,True,False
494,2,Tier 2 — Consistent reversal,3,BRD-A15131297,benazepril,-0.422833,-0.880902,-12.412520,3,3,0,-4.572085,-0.880902,-12.412520,-90.000000,504,True,False,True,False,True,False
495,2,Tier 2 — Consistent reversal,3,BRD-K65285700,GP-1a,-0.739556,-0.853048,-27.417057,3,3,0,-9.669887,-0.853048,-27.417057,-90.000000,505,True,False,True,False,True,False
496,2,Tier 2 — Consistent reversal,3,BRD-A20527803,IB-MECA,-9.279743,-0.669486,-0.845666,3,3,0,-3.598298,-0.845666,-9.279743,-90.000000,506,True,False,True,False,True,False
497,2,Tier 2 — Consistent reversal,3,BRD-A02006392,nitrendipine,-0.176180,-0.845666,-1.726568,3,3,0,-0.916138,-0.845666,-1.726568,-90.000000,507,True,False,True,False,True,False
498,2,Tier 2 — Consistent reversal,3,BRD-K71726959,BRD-K71726959,-0.105708,-3.488372,-0.669486,3,3,0,-1.421189,-0.669486,-3.488372,-90.000000,508,True,False,True,False,True,False
499,2,Tier 2 — Consistent reversal,3,BRD-K21733600,rofecoxib,-0.366735,-1.515151,-0.669486,3,3,0,-0.850457,-0.669486,-1.515151,-90.000000,509,True,False,True,False,True,False
500,2,Tier 2 — Consistent reversal,3,BRD-K52219182,ICI-63197,-0.493305,-0.634249,-1.021846,3,3,0,-0.716467,-0.634249,-1.021846,-90.000000,510,True,False,True,False,True,False
501,2,Tier 2 — Consistent reversal,3,BRD-K31542390,mycophenolic-acid,-0.317125,-6.129409,-0.387597,3,3,0,-2.278044,-0.387597,-6.129409,-90.000000,511,True,False,True,False,True,False
502,2,Tier 2 — Consistent reversal,3,BRD-K50311478,tosyl-phenylalanyl-chloromethyl-ketone,-0.211417,-0.317125,-45.972115,3,3,0,-15.500219,-0.317125,-45.972115,-90.000000,512,True,False,True,False,True,False
503,2,Tier 2 — Consistent reversal,3,BRD-A41451487,PK-11195,-0.070472,-0.317125,-0.422833,3,3,0,-0.270143,-0.317125,-0.422833,-90.000000,513,True,False,True,False,True,False
504,2,Tier 2 — Consistent reversal,3,BRD-K30867024,SB-216641,-0.247042,-0.140944,-0.951374,3,3,0,-0.446454,-0.247042,-0.951374,-90.000000,514,True,False,True,False,True,False
505,3,Tier 3 — Partial reversal,3,BRD-K87426499,BRD-K87426499,0.000000,-98.714670,-89.502975,3,2,1,-62.739215,-89.502975,-98.714670,-90.000000,20,False,False,True,True,True,False
506,3,Tier 3 — Partial reversal,3,BRD-A50454580,PD-0325901,0.000000,-92.347720,-88.828580,3,2,1,-60.392100,-88.828580,-92.347720,-90.000000,21,False,False,True,True,True,False
507,3,Tier 3 — Partial reversal,3,BRD-K90885812,propantheline,0.000000,-84.949340,-92.488110,3,2,1,-59.145817,-84.949340,-92.488110,-90.000000,22,False,False,True,False,True,True
508,3,Tier 3 — Partial reversal,3,BRD-K39187410,BRD-K39187410,0.739958,-76.645270,-95.223020,3,2,1,-57.042777,-76.645270,-95.223020,-90.000000,23,False,False,True,False,True,True
509,3,Tier 3 — Partial reversal,3,BRD-K55462201,AM-404,0.000000,-92.548880,-70.693310,3,2,1,-54.414063,-70.693310,-92.548880,-90.000000,24,False,False,True,True,True,False
510,3,Tier 3 — Partial reversal,3,BRD-K86873305,piperacillin,0.000000,-90.123634,-70.280160,3,2,1,-53.467931,-70.280160,-90.123634,-90.000000,25,False,False,True,True,True,False
511,3,Tier 3 — Partial reversal,3,BRD-K88742110,PCI-34051,0.000000,-90.833800,-49.909546,3,2,1,-46.914449,-49.909546,-90.833800,-90.000000,26,False,False,True,True,True,False
512,3,Tier 3 — Partial reversal,3,BRD-A37959677,estrone,0.000000,-91.267944,-45.062786,3,2,1,-45.443577,-45.062786,-91.267944,-90.000000,27,False,False,True,True,True,False
513,3,Tier 3 — Partial reversal,3,BRD-K75478907,GS-39783,1.374207,-90.204460,-31.642422,3,2,1,-40.157558,-31.642422,-90.204460,-90.000000,28,False,False,True,True,True,False
514,3,Tier 3 — Partial reversal,3,BRD-K78373679,Ro-3306,0.000000,-4.016913,-93.164406,3,2,1,-32.393773,-4.016913,-93.164406,-90.000000,29,False,False,True,False,True,True
515,3,Tier 3 — Partial reversal,2,BRD-K18895904,olanzapine,0.742065,-84.909320,-89.407620,3,2,0,-57.858292,-84.909320,-89.407620,-90.000000,515,False,False,True,False,True,False
516,3,Tier 3 — Partial reversal,2,BRD-K98521173,desoxycortone,0.000000,-89.828520,-82.720860,3,2,0,-57.516460,-82.720860,-89.828520,-90.000000,516,False,False,True,False,True,False
517,3,Tier 3 — Partial reversal,2,BRD-K50938287,sumatriptan,0.256458,-84.557160,-82.214890,3,2,0,-55.505197,-82.214890,-84.557160,-90.000000,517,False,False,True,False,True,False
518,3,Tier 3 — Partial reversal,2,BRD-K66876909,linezolid,0.000000,-80.612220,-86.923904,3,2,0,-55.845375,-80.612220,-86.923904,-90.000000,518,False,False,True,False,True,False
519,3,Tier 3 — Partial reversal,2,BRD-K80527266,triacsin-c,0.000000,-86.067750,-80.580710,3,2,0,-55.549487,-80.580710,-86.067750,-90.000000,519,False,False,True,False,True,False
520,3,Tier 3 — Partial reversal,2,BRD-A99177642,deltaline,2.043693,-80.447740,-88.888916,3,2,0,-55.764321,-80.447740,-88.888916,-90.000000,520,False,False,True,False,True,False
521,3,Tier 3 — Partial reversal,2,BRD-K47328134,lysylphenylalanyl-tyrosine,0.000000,-88.278960,-79.226550,3,2,0,-55.835170,-79.226550,-88.278960,-90.000000,521,False,False,True,False,True,False
522,3,Tier 3 — Partial reversal,2,BRD-K53959060,indirubin,0.000000,-80.276474,-78.744340,3,2,0,-53.006938,-78.744340,-80.276474,-90.000000,522,False,False,True,False,True,False
523,3,Tier 3 — Partial reversal,2,BRD-A14985772,L-ascorbyl-6-palmitate,0.000000,-77.968750,-83.937530,3,2,0,-53.968760,-77.968750,-83.937530,-90.000000,523,False,False,True,False,True,False
524,3,Tier 3 — Partial reversal,2,BRD-K05673000,dicloxacillin,0.000000,-77.327600,-80.409380,3,2,0,-52.578993,-77.327600,-80.409380,-90.000000,524,False,False,True,False,True,False
525,3,Tier 3 — Partial reversal,2,BRD-A91555231,norepinephrine,0.000000,-77.281006,-86.315674,3,2,0,-54.532227,-77.281006,-86.315674,-90.000000,525,False,False,True,False,True,False
526,3,Tier 3 — Partial reversal,2,BRD-K47635719,dexamethasone,0.000000,-80.424970,-76.488884,3,2,0,-52.304618,-76.488884,-80.424970,-90.000000,526,False,False,True,False,True,False
527,3,Tier 3 — Partial reversal,2,BRD-K55991774,BAS-09104376,0.000000,-75.299180,-76.458496,3,2,0,-50.585892,-75.299180,-76.458496,-90.000000,527,False,False,True,False,True,False
528,3,Tier 3 — Partial reversal,2,BRD-K94070024,depomedrol,0.000000,-74.272580,-88.007034,3,2,0,-54.093205,-74.272580,-88.007034,-90.000000,528,False,False,True,False,True,False
529,3,Tier 3 — Partial reversal,2,BRD-K22429181,retinol,0.000000,-76.668140,-74.163570,3,2,0,-50.277237,-74.163570,-76.668140,-90.000000,529,False,False,True,False,True,False
530,3,Tier 3 — Partial reversal,2,BRD-K15262564,mupirocin,0.000000,-73.870240,-75.707620,3,2,0,-49.859287,-73.870240,-75.707620,-90.000000,530,False,False,True,False,True,False
531,3,Tier 3 — Partial reversal,2,BRD-A69636825,diltiazem,0.387597,-85.207310,-71.527115,3,2,0,-52.115609,-71.527115,-85.207310,-90.000000,531,False,False,True,False,True,False
532,3,Tier 3 — Partial reversal,2,BRD-K07996107,harpagoside,0.000000,-73.277850,-69.959010,3,2,0,-47.745620,-69.959010,-73.277850,-90.000000,532,False,False,True,False,True,False
533,3,Tier 3 — Partial reversal,2,BRD-K41160163,fenobam,0.000000,-69.893530,-72.971214,3,2,0,-47.621581,-69.893530,-72.971214,-90.000000,533,False,False,True,False,True,False
534,3,Tier 3 — Partial reversal,2,BRD-K49519092,immethridine,0.422833,-81.919910,-69.512420,3,2,0,-50.336499,-69.512420,-81.919910,-90.000000,534,False,False,True,False,True,False
535,3,Tier 3 — Partial reversal,2,BRD-A17065207,brefeldin-a,1.726568,-69.441020,-74.413345,3,2,0,-47.375932,-69.441020,-74.413345,-90.000000,535,False,False,True,False,True,False
536,3,Tier 3 — Partial reversal,2,BRD-K46862739,metyrapone,0.000000,-68.876465,-77.824560,3,2,0,-48.900342,-68.876465,-77.824560,-90.000000,536,False,False,True,False,True,False
537,3,Tier 3 — Partial reversal,2,BRD-K44779798,miglitol,0.000000,-68.497970,-83.879380,3,2,0,-50.792450,-68.497970,-83.879380,-90.000000,537,False,False,True,False,True,False
538,3,Tier 3 — Partial reversal,2,BRD-K05926469,lenalidomide,0.000000,-78.980730,-68.324840,3,2,0,-49.101857,-68.324840,-78.980730,-90.000000,538,False,False,True,False,True,False
539,3,Tier 3 — Partial reversal,2,BRD-K01779529,fluoropyruvate,0.000000,-82.979910,-67.920090,3,2,0,-50.300000,-67.920090,-82.979910,-90.000000,539,False,False,True,False,True,False
540,3,Tier 3 — Partial reversal,2,BRD-K11905747,spectinomycin,0.000000,-67.432150,-82.526740,3,2,0,-49.986297,-67.432150,-82.526740,-90.000000,540,False,False,True,False,True,False
541,3,Tier 3 — Partial reversal,2,BRD-K74765201,tomelukast,2.713178,-68.076040,-67.017690,3,2,0,-44.126851,-67.017690,-68.076040,-90.000000,541,False,False,True,False,True,False
542,3,Tier 3 — Partial reversal,2,BRD-M64432851,sunitinib,0.000000,-70.369620,-66.351640,3,2,0,-45.573753,-66.351640,-70.369620,-90.000000,542,False,False,True,False,True,False
543,3,Tier 3 — Partial reversal,2,BRD-K51485625,ritonavir,0.000000,-65.310050,-72.674880,3,2,0,-45.994977,-65.310050,-72.674880,-90.000000,543,False,False,True,False,True,False
544,3,Tier 3 — Partial reversal,2,BRD-K82846253,repaglinide,0.000000,-71.472010,-64.032800,3,2,0,-45.168270,-64.032800,-71.472010,-90.000000,544,False,False,True,False,True,False
545,3,Tier 3 — Partial reversal,2,BRD-K97764662,PD-173074,0.033184,-63.726395,-63.587700,3,2,0,-42.426970,-63.587700,-63.726395,-90.000000,545,False,False,True,False,True,False
546,3,Tier 3 — Partial reversal,2,BRD-K70401845,erlotinib,0.000000,-63.330680,-67.658800,3,2,0,-43.663160,-63.330680,-67.658800,-90.000000,546,False,False,True,False,True,False
547,3,Tier 3 — Partial reversal,2,BRD-K53561341,aurora-a-inhibitor-i,0.000000,-73.910484,-62.767788,3,2,0,-45.559424,-62.767788,-73.910484,-90.000000,547,False,False,True,False,True,False
548,3,Tier 3 — Partial reversal,2,BRD-K16618170,BRD-K16618170,0.000000,-65.605080,-62.531555,3,2,0,-42.712212,-62.531555,-65.605080,-90.000000,548,False,False,True,False,True,False
549,3,Tier 3 — Partial reversal,2,BRD-A55815733,phylloquinone,0.000000,-62.428043,-75.406920,3,2,0,-45.944988,-62.428043,-75.406920,-90.000000,549,False,False,True,False,True,False
550,3,Tier 3 — Partial reversal,2,BRD-K68336408,tyrphostin-AG-1478,0.563777,-71.827805,-62.043922,3,2,0,-44.435983,-62.043922,-71.827805,-90.000000,550,False,False,True,False,True,False
551,3,Tier 3 — Partial reversal,2,BRD-A62035778,scopolamine,0.000000,-69.300415,-60.806587,3,2,0,-43.369001,-60.806587,-69.300415,-90.000000,551,False,False,True,False,True,False
552,3,Tier 3 — Partial reversal,2,BRD-M47937986,cefatrizine,2.185104,-60.511826,-62.385710,3,2,0,-40.237477,-60.511826,-62.385710,-90.000000,552,False,False,True,False,True,False
553,3,Tier 3 — Partial reversal,2,BRD-A32836748,leu-enkephalin,0.000000,-60.088078,-66.972930,3,2,0,-42.353669,-60.088078,-66.972930,-90.000000,553,False,False,True,False,True,False
554,3,Tier 3 — Partial reversal,2,BRD-K33453211,levocabastine,0.352361,-73.715904,-60.014840,3,2,0,-44.459461,-60.014840,-73.715904,-90.000000,554,False,False,True,False,True,False
555,3,Tier 3 — Partial reversal,2,BRD-K46068882,eugenitol,0.000000,-70.063540,-59.251840,3,2,0,-43.105127,-59.251840,-70.063540,-90.000000,555,False,False,True,False,True,False
556,3,Tier 3 — Partial reversal,2,BRD-A48809242,IB-MECA,54.510720,-59.216393,-80.354890,3,2,0,-28.353521,-59.216393,-80.354890,-90.000000,556,False,False,True,False,True,False
557,3,Tier 3 — Partial reversal,2,BRD-K38055836,etamivan,0.000000,-60.315060,-59.146484,3,2,0,-39.820515,-59.146484,-60.315060,-90.000000,557,False,False,True,False,True,False
558,3,Tier 3 — Partial reversal,2,BRD-A83855350,naltrexone,2.419986,-58.617447,-76.012950,3,2,0,-44.070137,-58.617447,-76.012950,-90.000000,558,False,False,True,False,True,False
559,3,Tier 3 — Partial reversal,2,BRD-K55430733,WAY-629,0.000000,-78.029150,-58.294052,3,2,0,-45.441067,-58.294052,-78.029150,-90.000000,559,False,False,True,False,True,False
560,3,Tier 3 — Partial reversal,2,BRD-K57179821,crotamiton,0.000000,-66.877205,-58.276802,3,2,0,-41.718002,-58.276802,-66.877205,-90.000000,560,False,False,True,False,True,False
561,3,Tier 3 — Partial reversal,2,BRD-K40782193,QX-222,0.000000,-58.220947,-63.141150,3,2,0,-40.454032,-58.220947,-63.141150,-90.000000,561,False,False,True,False,True,False
562,3,Tier 3 — Partial reversal,2,BRD-K24656285,farnesol,0.000000,-57.937300,-61.998030,3,2,0,-39.978443,-57.937300,-61.998030,-90.000000,562,False,False,True,False,True,False
563,3,Tier 3 — Partial reversal,2,BRD-K80778372,Ro-19-4605,0.000000,-81.982765,-57.593420,3,2,0,-46.525395,-57.593420,-81.982765,-90.000000,563,False,False,True,False,True,False
564,3,Tier 3 — Partial reversal,2,BRD-A61858259,CAY-10415,0.000000,-57.485313,-66.522550,3,2,0,-41.335954,-57.485313,-66.522550,-90.000000,564,False,False,True,False,True,False
565,3,Tier 3 — Partial reversal,2,BRD-K48300629,zonisamide,,-62.196900,-51.886986,2,2,0,-57.041943,-57.041943,-62.196900,-90.000000,565,False,False,True,False,True,False
566,3,Tier 3 — Partial reversal,2,BRD-A32161980,carbetocin,0.000000,-61.636898,-56.606857,3,2,0,-39.414585,-56.606857,-61.636898,-90.000000,566,False,False,True,False,True,False
567,3,Tier 3 — Partial reversal,2,BRD-K35559145,levomepromazine,0.000000,-63.420815,-55.351845,3,2,0,-39.590887,-55.351845,-63.420815,-90.000000,567,False,False,True,False,True,False
568,3,Tier 3 — Partial reversal,2,BRD-K23913458,coumarin,0.000000,-73.187294,-54.808727,3,2,0,-42.665340,-54.808727,-73.187294,-90.000000,568,False,False,True,False,True,False
569,3,Tier 3 — Partial reversal,2,BRD-K83963101,MLN-8054,0.000000,-68.586040,-54.645096,3,2,0,-41.077045,-54.645096,-68.586040,-90.000000,569,False,False,True,False,True,False
570,3,Tier 3 — Partial reversal,2,BRD-K05658747,raltegravir,0.000000,-69.030594,-54.236267,3,2,0,-41.088954,-54.236267,-69.030594,-90.000000,570,False,False,True,False,True,False
571,3,Tier 3 — Partial reversal,2,BRD-K54529596,captopril,0.000000,-59.514263,-54.219760,3,2,0,-37.911341,-54.219760,-59.514263,-90.000000,571,False,False,True,False,True,False
572,3,Tier 3 — Partial reversal,2,BRD-K38003476,clocortolone-pivalate,0.000000,-53.925640,-58.941776,3,2,0,-37.622472,-53.925640,-58.941776,-90.000000,572,False,False,True,False,True,False
573,3,Tier 3 — Partial reversal,2,BRD-K92984783,melperone,0.000000,-62.510780,-53.639404,3,2,0,-38.716728,-53.639404,-62.510780,-90.000000,573,False,False,True,False,True,False
574,3,Tier 3 — Partial reversal,2,BRD-K13725475,rhodomyrtoxin,0.000000,-58.177826,-53.618755,3,2,0,-37.265527,-53.618755,-58.177826,-90.000000,574,False,False,True,False,True,False
575,3,Tier 3 — Partial reversal,2,BRD-K80725821,RS-16566,0.000000,-54.284805,-53.370380,3,2,0,-35.885062,-53.370380,-54.284805,-90.000000,575,False,False,True,False,True,False
576,3,Tier 3 — Partial reversal,2,BRD-K46142322,RS-67333,0.916138,-65.317800,-53.303467,3,2,0,-39.235043,-53.303467,-65.317800,-90.000000,576,False,False,True,False,True,False
577,3,Tier 3 — Partial reversal,2,BRD-K15402119,huperzine-a,0.000000,-75.772510,-52.409527,3,2,0,-42.727346,-52.409527,-75.772510,-90.000000,577,False,False,True,False,True,False
578,3,Tier 3 — Partial reversal,2,BRD-K39746403,erythromycin-estolate,0.000000,-52.312200,-65.405380,3,2,0,-39.239193,-52.312200,-65.405380,-90.000000,578,False,False,True,False,True,False
579,3,Tier 3 — Partial reversal,2,BRD-K77641333,naphazoline,0.000000,-55.244522,-52.098797,3,2,0,-35.781106,-52.098797,-55.244522,-90.000000,579,False,False,True,False,True,False
580,3,Tier 3 — Partial reversal,2,BRD-K47659338,EMD-386088,0.000000,-51.261566,-52.884872,3,2,0,-34.715479,-51.261566,-52.884872,-90.000000,580,False,False,True,False,True,False
581,3,Tier 3 — Partial reversal,2,BRD-K20152659,dihomo-gamma-linolenic-acid,3.888171,-52.611137,-50.315240,3,2,0,-33.012735,-50.315240,-52.611137,-90.000000,581,False,False,True,False,True,False
582,3,Tier 3 — Partial reversal,2,BRD-K36055864,cycloheximide,0.000000,-48.755120,-67.596050,3,2,0,-38.783723,-48.755120,-67.596050,-90.000000,582,False,False,True,False,True,False
583,3,Tier 3 — Partial reversal,2,BRD-K94830329,ataluren,0.000000,-48.346290,-66.523660,3,2,0,-38.289983,-48.346290,-66.523660,-90.000000,583,False,False,True,False,True,False
584,3,Tier 3 — Partial reversal,2,BRD-A04668240,CGP-52432,0.000000,-60.776894,-48.040817,3,2,0,-36.272570,-48.040817,-60.776894,-90.000000,584,False,False,True,False,True,False
585,3,Tier 3 — Partial reversal,2,BRD-K40530731,hyoscyamine,0.000000,-60.860374,-47.633030,3,2,0,-36.164468,-47.633030,-60.860374,-90.000000,585,False,False,True,False,True,False
586,3,Tier 3 — Partial reversal,2,BRD-K52620403,STO-609,0.000000,-70.180810,-47.466537,3,2,0,-39.215782,-47.466537,-70.180810,-90.000000,586,False,False,True,False,True,False
587,3,Tier 3 — Partial reversal,2,BRD-K63915849,AS-604850,0.000000,-47.437893,-68.072800,3,2,0,-38.503564,-47.437893,-68.072800,-90.000000,587,False,False,True,False,True,False
588,3,Tier 3 — Partial reversal,2,BRD-A01787639,naftopidil,0.000000,-62.313675,-47.100410,3,2,0,-36.471362,-47.100410,-62.313675,-90.000000,588,False,False,True,False,True,False
589,3,Tier 3 — Partial reversal,2,BRD-K47943470,tyrphostin-51,0.000000,-46.910660,-46.952750,3,2,0,-31.287803,-46.910660,-46.952750,-90.000000,589,False,False,True,False,True,False
590,3,Tier 3 — Partial reversal,2,BRD-K98426715,tubacin,0.000000,-46.549140,-61.754417,3,2,0,-36.101186,-46.549140,-61.754417,-90.000000,590,False,False,True,False,True,False
591,3,Tier 3 — Partial reversal,2,BRD-K57886322,fluocinonide,14.823251,-46.389793,-56.893670,3,2,0,-29.486737,-46.389793,-56.893670,-90.000000,591,False,False,True,False,True,False
592,3,Tier 3 — Partial reversal,2,BRD-K33204703,AG-370,0.000000,-46.256927,-52.133236,3,2,0,-32.796721,-46.256927,-52.133236,-90.000000,592,False,False,True,False,True,False
593,3,Tier 3 — Partial reversal,2,BRD-A37817666,picrotoxin,0.000000,-64.130390,-46.148685,3,2,0,-36.759692,-46.148685,-64.130390,-90.000000,593,False,False,True,False,True,False
594,3,Tier 3 — Partial reversal,2,BRD-K01649396,indatraline,36.006220,-46.112965,-46.786606,3,2,0,-18.964450,-46.112965,-46.786606,-90.000000,594,False,False,True,False,True,False
595,3,Tier 3 — Partial reversal,2,BRD-K08806317,timolol,0.000000,-45.919903,-47.864900,3,2,0,-31.261601,-45.919903,-47.864900,-90.000000,595,False,False,True,False,True,False
596,3,Tier 3 — Partial reversal,2,BRD-A59808129,guggulsterone,0.000000,-45.736454,-65.756200,3,2,0,-37.164218,-45.736454,-65.756200,-90.000000,596,False,False,True,False,True,False
597,3,Tier 3 — Partial reversal,2,BRD-K00824317,fludroxycortide,0.000000,-45.678276,-68.371895,3,2,0,-38.016724,-45.678276,-68.371895,-90.000000,597,False,False,True,False,True,False
598,3,Tier 3 — Partial reversal,2,BRD-A76019558,ketoconazole,14.486939,-45.663555,-51.068428,3,2,0,-27.415015,-45.663555,-51.068428,-90.000000,598,False,False,True,False,True,False
599,3,Tier 3 — Partial reversal,2,BRD-K17349619,HLI-373,1.550388,-45.576640,-59.431763,3,2,0,-34.486005,-45.576640,-59.431763,-90.000000,599,False,False,True,False,True,False
600,3,Tier 3 — Partial reversal,2,BRD-K57930253,nitrazepam,0.000000,-81.476900,-45.404686,3,2,0,-42.293862,-45.404686,-81.476900,-90.000000,600,False,False,True,False,True,False
601,3,Tier 3 — Partial reversal,2,BRD-K40892394,AR-C133057XX,0.000000,-71.732864,-45.367820,3,2,0,-39.033561,-45.367820,-71.732864,-90.000000,601,False,False,True,False,True,False
602,3,Tier 3 — Partial reversal,2,BRD-K32977963,eugenol,3.840733,-44.932730,-61.269627,3,2,0,-34.120541,-44.932730,-61.269627,-90.000000,602,False,False,True,False,True,False
603,3,Tier 3 — Partial reversal,2,BRD-K28667196,fillalbin,0.000000,-44.741264,-57.704254,3,2,0,-34.148506,-44.741264,-57.704254,-90.000000,603,False,False,True,False,True,False
604,3,Tier 3 — Partial reversal,2,BRD-K30570479,VU-0400195-3,0.000000,-62.669506,-44.594543,3,2,0,-35.754683,-44.594543,-62.669506,-90.000000,604,False,False,True,False,True,False
605,3,Tier 3 — Partial reversal,2,BRD-A50737080,CGK-733,2.008457,-57.767708,-44.329273,3,2,0,-33.362841,-44.329273,-57.767708,-90.000000,605,False,False,True,False,True,False
606,3,Tier 3 — Partial reversal,2,BRD-A56359832,zileuton,0.211417,-44.116383,-48.836212,3,2,0,-30.913726,-44.116383,-48.836212,-90.000000,606,False,False,True,False,True,False
607,3,Tier 3 — Partial reversal,2,BRD-K16551401,PNU-22394,0.000000,-43.885520,-60.601000,3,2,0,-34.828840,-43.885520,-60.601000,-90.000000,607,False,False,True,False,True,False
608,3,Tier 3 — Partial reversal,2,BRD-A48261811,argatroban,0.140944,-43.634808,-44.706135,3,2,0,-29.400000,-43.634808,-44.706135,-90.000000,608,False,False,True,False,True,False
609,3,Tier 3 — Partial reversal,2,BRD-K01612348,meropenem,1.090369,-73.156140,-43.405518,3,2,0,-38.490430,-43.405518,-73.156140,-90.000000,609,False,False,True,False,True,False
610,3,Tier 3 — Partial reversal,2,BRD-A26787626,cyclopiazonic-acid,0.000000,-43.297382,-61.329903,3,2,0,-34.875762,-43.297382,-61.329903,-90.000000,610,False,False,True,False,True,False
611,3,Tier 3 — Partial reversal,2,BRD-A35338386,NECA,3.167313,-55.805313,-43.045013,3,2,0,-31.894338,-43.045013,-55.805313,-90.000000,611,False,False,True,False,True,False
612,3,Tier 3 — Partial reversal,2,BRD-K55703048,latrepirdine,0.000000,-61.067230,-42.907585,3,2,0,-34.658272,-42.907585,-61.067230,-90.000000,612,False,False,True,False,True,False
613,3,Tier 3 — Partial reversal,2,BRD-K68246049,TTNPB,0.000000,-63.731110,-42.604370,3,2,0,-35.445160,-42.604370,-63.731110,-90.000000,613,False,False,True,False,True,False
614,3,Tier 3 — Partial reversal,2,BRD-A70461345,naloxone,0.000000,-65.142910,-42.274520,3,2,0,-35.805810,-42.274520,-65.142910,-90.000000,614,False,False,True,False,True,False
615,3,Tier 3 — Partial reversal,2,BRD-A93048969,BRD-A93048969,0.000000,-41.836624,-42.373035,3,2,0,-28.069886,-41.836624,-42.373035,-90.000000,615,False,False,True,False,True,False
616,3,Tier 3 — Partial reversal,2,BRD-K41143549,N20C,15.728773,-71.683685,-41.835250,3,2,0,-32.596721,-41.835250,-71.683685,-90.000000,616,False,False,True,False,True,False
617,3,Tier 3 — Partial reversal,2,BRD-A75552914,isoxicam,1.409443,-69.171190,-41.748665,3,2,0,-36.503471,-41.748665,-69.171190,-90.000000,617,False,False,True,False,True,False
618,3,Tier 3 — Partial reversal,2,BRD-K67831364,ZM-323881,1.162791,-46.595947,-41.590137,3,2,0,-29.007764,-41.590137,-46.595947,-90.000000,618,False,False,True,False,True,False
619,3,Tier 3 — Partial reversal,2,BRD-A32164164,methyllycaconitine,0.000000,-41.552067,-43.479930,3,2,0,-28.343999,-41.552067,-43.479930,-90.000000,619,False,False,True,False,True,False
620,3,Tier 3 — Partial reversal,2,BRD-K18905250,ST-91,0.000000,-55.351000,-41.509650,3,2,0,-32.286883,-41.509650,-55.351000,-90.000000,620,False,False,True,False,True,False
621,3,Tier 3 — Partial reversal,2,BRD-K04146668,GW-441756,0.000000,-58.312340,-41.390285,3,2,0,-33.234208,-41.390285,-58.312340,-90.000000,621,False,False,True,False,True,False
622,3,Tier 3 — Partial reversal,2,BRD-K00317371,RITA,0.000000,-45.818420,-41.050040,3,2,0,-28.956153,-41.050040,-45.818420,-90.000000,622,False,False,True,False,True,False
623,3,Tier 3 — Partial reversal,2,BRD-A90311807,cilastatin,0.000000,-40.759197,-63.788680,3,2,0,-34.849292,-40.759197,-63.788680,-90.000000,623,False,False,True,False,True,False
624,3,Tier 3 — Partial reversal,2,BRD-K64451768,GANT-58,-40.375550,40.602080,-56.195360,3,2,0,-18.656277,-40.375550,-56.195360,-90.000000,624,True,False,False,False,True,False
625,3,Tier 3 — Partial reversal,2,BRD-A15493168,tetracycline,0.000000,-45.202026,-40.327312,3,2,0,-28.509779,-40.327312,-45.202026,-90.000000,625,False,False,True,False,True,False
626,3,Tier 3 — Partial reversal,2,BRD-A06390036,hydroquinidine,0.000000,-40.102448,-64.494290,3,2,0,-34.865579,-40.102448,-64.494290,-90.000000,626,False,False,True,False,True,False
627,3,Tier 3 — Partial reversal,2,BRD-K02715688,"hydrastine-(1r,-9s)",0.000000,-40.054710,-42.078842,3,2,0,-27.377851,-40.054710,-42.078842,-90.000000,627,False,False,True,False,True,False
628,3,Tier 3 — Partial reversal,2,BRD-K48427617,U-0124,0.000000,-39.553844,-71.943560,3,2,0,-37.165801,-39.553844,-71.943560,-90.000000,628,False,False,True,False,True,False
629,3,Tier 3 — Partial reversal,2,BRD-K04833372,GSK-1904529A,0.000000,-49.071552,-39.546570,3,2,0,-29.539374,-39.546570,-49.071552,-90.000000,629,False,False,True,False,True,False
630,3,Tier 3 — Partial reversal,2,BRD-K79437791,acetyl-farnesyl-cysteine,0.000000,-39.310402,-42.336433,3,2,0,-27.215612,-39.310402,-42.336433,-90.000000,630,False,False,True,False,True,False
631,3,Tier 3 — Partial reversal,2,BRD-K97330509,SRC-kinase-inhibitor-II,0.000000,-49.818542,-38.740005,3,2,0,-29.519516,-38.740005,-49.818542,-90.000000,631,False,False,True,False,True,False
632,3,Tier 3 — Partial reversal,2,BRD-K49519144,LY-2140023,0.000000,-38.500805,-49.418000,3,2,0,-29.306268,-38.500805,-49.418000,-90.000000,632,False,False,True,False,True,False
633,3,Tier 3 — Partial reversal,2,BRD-K27499107,carbacyclin,0.000000,-42.648000,-38.385857,3,2,0,-27.011286,-38.385857,-42.648000,-90.000000,633,False,False,True,False,True,False
634,3,Tier 3 — Partial reversal,2,BRD-K77625572,etomoxir,0.000000,-52.312150,-38.218300,3,2,0,-30.176817,-38.218300,-52.312150,-90.000000,634,False,False,True,False,True,False
635,3,Tier 3 — Partial reversal,2,BRD-K87226815,cycloserine-(d),-38.196860,3.045615,-80.090904,3,2,0,-38.414050,-38.196860,-80.090904,-90.000000,635,True,False,False,False,True,False
636,3,Tier 3 — Partial reversal,2,BRD-K29113274,ketoconazole,0.000000,-38.177060,-51.334213,3,2,0,-29.837091,-38.177060,-51.334213,-90.000000,636,False,False,True,False,True,False
637,3,Tier 3 — Partial reversal,2,BRD-A38913120,BH3I-1,0.000000,-42.117878,-38.170883,3,2,0,-26.762920,-38.170883,-42.117878,-90.000000,637,False,False,True,False,True,False
638,3,Tier 3 — Partial reversal,2,BRD-K82731415,olomoucine,2.008457,-41.275345,-37.943428,3,2,0,-25.736772,-37.943428,-41.275345,-90.000000,638,False,False,True,False,True,False
639,3,Tier 3 — Partial reversal,2,BRD-K72264770,QW-BI-011,0.000000,-37.836708,-74.167120,3,2,0,-37.334609,-37.836708,-74.167120,-90.000000,639,False,False,True,False,True,False
640,3,Tier 3 — Partial reversal,2,BRD-A42346008,metanephrine,0.000000,-37.538320,-68.011750,3,2,0,-35.183357,-37.538320,-68.011750,-90.000000,640,False,False,True,False,True,False
641,3,Tier 3 — Partial reversal,2,BRD-K64245000,GW-4064,0.000000,-37.294754,-41.287870,3,2,0,-26.194208,-37.294754,-41.287870,-90.000000,641,False,False,True,False,True,False
642,3,Tier 3 — Partial reversal,2,BRD-A24228527,ofloxacin,4.545454,-58.855140,-37.287704,3,2,0,-30.532463,-37.287704,-58.855140,-90.000000,642,False,False,True,False,True,False
643,3,Tier 3 — Partial reversal,2,BRD-K31627533,rimexolone,0.000000,-39.204544,-37.072025,3,2,0,-25.425523,-37.072025,-39.204544,-90.000000,643,False,False,True,False,True,False
644,3,Tier 3 — Partial reversal,2,BRD-K14880289,GW-501516,2.959831,-36.660625,-44.852850,3,2,0,-26.184548,-36.660625,-44.852850,-90.000000,644,False,False,True,False,True,False
645,3,Tier 3 — Partial reversal,2,BRD-A98378129,talniflumate,0.000000,-36.310100,-36.302643,3,2,0,-24.204248,-36.302643,-36.310100,-90.000000,645,False,False,True,False,True,False
646,3,Tier 3 — Partial reversal,2,BRD-K15563106,phloretin,0.000000,-37.116245,-36.248770,3,2,0,-24.455005,-36.248770,-37.116245,-90.000000,646,False,False,True,False,True,False
647,3,Tier 3 — Partial reversal,2,BRD-K19533706,tranilast,0.000000,-48.171482,-36.179690,3,2,0,-28.117057,-36.179690,-48.171482,-90.000000,647,False,False,True,False,True,False
648,3,Tier 3 — Partial reversal,2,BRD-K89152108,liothyronine,0.000000,-36.099510,-53.624916,3,2,0,-29.908142,-36.099510,-53.624916,-90.000000,648,False,False,True,False,True,False
649,3,Tier 3 — Partial reversal,2,BRD-K06024458,N-arachidonyl-GABA,0.000000,-36.093826,-50.313255,3,2,0,-28.802360,-36.093826,-50.313255,-90.000000,649,False,False,True,False,True,False
650,3,Tier 3 — Partial reversal,2,BRD-K41895714,AS-605240,0.000000,-35.727528,-42.651196,3,2,0,-26.126241,-35.727528,-42.651196,-90.000000,650,False,False,True,False,True,False
651,3,Tier 3 — Partial reversal,2,BRD-K07265709,dexrazoxane,0.000000,-35.518402,-48.658905,3,2,0,-28.059102,-35.518402,-48.658905,-90.000000,651,False,False,True,False,True,False
652,3,Tier 3 — Partial reversal,2,BRD-K74763371,bosentan,0.000000,-35.480804,-41.296790,3,2,0,-25.592531,-35.480804,-41.296790,-90.000000,652,False,False,True,False,True,False
653,3,Tier 3 — Partial reversal,2,BRD-A35623999,CGP-37157,0.000000,-36.261013,-35.429730,3,2,0,-23.896914,-35.429730,-36.261013,-90.000000,653,False,False,True,False,True,False
654,3,Tier 3 — Partial reversal,2,BRD-K43149758,myricetin,0.000000,-43.037530,-35.271920,3,2,0,-26.103150,-35.271920,-43.037530,-90.000000,654,False,False,True,False,True,False
655,3,Tier 3 — Partial reversal,2,BRD-A39268308,epibatidine,12.256795,-34.566980,-39.197807,3,2,0,-20.502664,-34.566980,-39.197807,-90.000000,655,False,False,True,False,True,False
656,3,Tier 3 — Partial reversal,2,BRD-K13819402,desoxypeganine,0.000000,-51.310387,-34.381584,3,2,0,-28.563990,-34.381584,-51.310387,-90.000000,656,False,False,True,False,True,False
657,3,Tier 3 — Partial reversal,2,BRD-A29731977,17-hydroxyprogesterone-caproate,4.338247,-33.954266,-37.235554,3,2,0,-22.283858,-33.954266,-37.235554,-90.000000,657,False,False,True,False,True,False
658,3,Tier 3 — Partial reversal,2,BRD-K24994810,androstenol,0.000000,-43.960052,-33.631954,3,2,0,-25.864002,-33.631954,-43.960052,-90.000000,658,False,False,True,False,True,False
659,3,Tier 3 — Partial reversal,2,BRD-A66395008,parthenolide,0.000000,-68.246160,-33.346420,3,2,0,-33.864193,-33.346420,-68.246160,-90.000000,659,False,False,True,False,True,False
660,3,Tier 3 — Partial reversal,2,BRD-A28318179,aminomethyltransferase,0.000000,-58.428802,-33.192497,3,2,0,-30.540433,-33.192497,-58.428802,-90.000000,660,False,False,True,False,True,False
661,3,Tier 3 — Partial reversal,2,BRD-A50157456,terbutaline,0.000000,-42.802612,-33.100636,3,2,0,-25.301083,-33.100636,-42.802612,-90.000000,661,False,False,True,False,True,False
662,3,Tier 3 — Partial reversal,2,BRD-K49807096,benazepril,0.000000,-33.011806,-36.454567,3,2,0,-23.155458,-33.011806,-36.454567,-90.000000,662,False,False,True,False,True,False
663,3,Tier 3 — Partial reversal,2,BRD-A98725278,methysergide,1.021846,-32.922470,-49.065937,3,2,0,-26.988854,-32.922470,-49.065937,-90.000000,663,False,False,True,False,True,False
664,3,Tier 3 — Partial reversal,2,BRD-A16665823,butoconazole,0.000000,-50.782630,-32.632442,3,2,0,-27.805024,-32.632442,-50.782630,-90.000000,664,False,False,True,False,True,False
665,3,Tier 3 — Partial reversal,2,BRD-K05464208,JX-401,1.585624,-32.274944,-53.875427,3,2,0,-28.188249,-32.274944,-53.875427,-90.000000,665,False,False,True,False,True,False
666,3,Tier 3 — Partial reversal,2,BRD-A47706533,buthionine-sulfoximine,3.347428,-32.150240,-40.631050,3,2,0,-23.144621,-32.150240,-40.631050,-90.000000,666,False,False,True,False,True,False
667,3,Tier 3 — Partial reversal,2,BRD-K11742128,triprolidine,0.000000,-44.621677,-32.135570,3,2,0,-25.585749,-32.135570,-44.621677,-90.000000,667,False,False,True,False,True,False
668,3,Tier 3 — Partial reversal,2,BRD-A49765801,fludroxycortide,-32.036926,19.830887,-73.845870,3,2,0,-28.683970,-32.036926,-73.845870,-90.000000,668,True,False,False,False,True,False
669,3,Tier 3 — Partial reversal,2,BRD-A17819071,gedunin,0.000000,-31.732721,-33.637900,3,2,0,-21.790207,-31.732721,-33.637900,-90.000000,669,False,False,True,False,True,False
670,3,Tier 3 — Partial reversal,2,BRD-K79759585,sildenafil,0.000000,-31.675108,-41.791700,3,2,0,-24.488936,-31.675108,-41.791700,-90.000000,670,False,False,True,False,True,False
671,3,Tier 3 — Partial reversal,2,BRD-K51557114,BRD-K51557114,0.000000,-59.698788,-31.666016,3,2,0,-30.454935,-31.666016,-59.698788,-90.000000,671,False,False,True,False,True,False
672,3,Tier 3 — Partial reversal,2,BRD-K66206289,lobeline,0.000000,-56.985126,-31.288265,3,2,0,-29.424464,-31.288265,-56.985126,-90.000000,672,False,False,True,False,True,False
673,3,Tier 3 — Partial reversal,2,BRD-K21971034,OM-137,0.000000,-39.549820,-31.160496,3,2,0,-23.570105,-31.160496,-39.549820,-90.000000,673,False,False,True,False,True,False
674,3,Tier 3 — Partial reversal,2,BRD-A65615053,zacopride,0.000000,-31.032137,-37.043610,3,2,0,-22.691916,-31.032137,-37.043610,-90.000000,674,False,False,True,False,True,False
675,3,Tier 3 — Partial reversal,2,BRD-K00337317,NU-7441,59.751762,-31.649963,-31.008570,3,2,0,-0.968924,-31.008570,-31.649963,-90.000000,675,False,False,True,False,True,False
676,3,Tier 3 — Partial reversal,2,BRD-K50128260,sildenafil,-30.814380,23.593685,-35.802013,3,2,0,-14.340903,-30.814380,-35.802013,-90.000000,676,True,False,False,False,True,False
677,3,Tier 3 — Partial reversal,2,BRD-K33818169,GW-3965,0.000000,-30.765442,-79.125590,3,2,0,-36.630344,-30.765442,-79.125590,-90.000000,677,False,False,True,False,True,False
678,3,Tier 3 — Partial reversal,2,BRD-A89672324,CGP-55845,2.466093,-37.834663,-30.683111,3,2,0,-22.017227,-30.683111,-37.834663,-90.000000,678,False,False,True,False,True,False
679,3,Tier 3 — Partial reversal,2,BRD-K46419649,U0126,0.000000,-30.673542,-49.501297,3,2,0,-26.724946,-30.673542,-49.501297,-90.000000,679,False,False,True,False,True,False
680,3,Tier 3 — Partial reversal,2,BRD-A83859836,tropisetron,0.000000,-30.598743,-34.943005,3,2,0,-21.847249,-30.598743,-34.943005,-90.000000,680,False,False,True,False,True,False
681,3,Tier 3 — Partial reversal,2,BRD-K73824630,skatole,2.325581,-30.488573,-35.980846,3,2,0,-21.381279,-30.488573,-35.980846,-90.000000,681,False,False,True,False,True,False
682,3,Tier 3 — Partial reversal,2,BRD-A88282067,delcorine,0.000000,-30.283558,-31.832285,3,2,0,-20.705281,-30.283558,-31.832285,-90.000000,682,False,False,True,False,True,False
683,3,Tier 3 — Partial reversal,2,BRD-A84389633,"tropanyl-3,5-dimethylbenzoate",0.000000,-43.808662,-30.150549,3,2,0,-24.653070,-30.150549,-43.808662,-90.000000,683,False,False,True,False,True,False
684,3,Tier 3 — Partial reversal,2,BRD-K94379058,BML-190,0.000000,-30.005325,-45.187325,3,2,0,-25.064217,-30.005325,-45.187325,-90.000000,684,False,False,True,False,True,False
685,3,Tier 3 — Partial reversal,2,BRD-K19687926,lapatinib,4.228330,-29.981476,-33.703850,3,2,0,-19.818999,-29.981476,-33.703850,-90.000000,685,False,False,True,False,True,False
686,3,Tier 3 — Partial reversal,2,BRD-K05395900,nicotine,0.000000,-29.822062,-33.410217,3,2,0,-21.077426,-29.822062,-33.410217,-90.000000,686,False,False,True,False,True,False
687,3,Tier 3 — Partial reversal,2,BRD-K76568384,PHTPP,0.000000,-40.989280,-29.790054,3,2,0,-23.593111,-29.790054,-40.989280,-90.000000,687,False,False,True,False,True,False
688,3,Tier 3 — Partial reversal,2,BRD-K07507905,BRL-37344,2.139008,-50.633900,-29.760960,3,2,0,-26.085284,-29.760960,-50.633900,-90.000000,688,False,False,True,False,True,False
689,3,Tier 3 — Partial reversal,2,BRD-K75181824,acetyl-geranygeranyl-cysteine,0.000000,-29.757202,-49.917940,3,2,0,-26.558381,-29.757202,-49.917940,-90.000000,689,False,False,True,False,True,False
690,3,Tier 3 — Partial reversal,2,BRD-K35586044,yohimbine,-29.571936,7.121448,-55.196390,3,2,0,-25.882293,-29.571936,-55.196390,-90.000000,690,True,False,False,False,True,False
691,3,Tier 3 — Partial reversal,2,BRD-A73680854,PT-630,0.000000,-61.370950,-29.170360,3,2,0,-30.180437,-29.170360,-61.370950,-90.000000,691,False,False,True,False,True,False
692,3,Tier 3 — Partial reversal,2,BRD-K74284736,L-689560,0.000000,-29.140152,-48.108566,3,2,0,-25.749573,-29.140152,-48.108566,-90.000000,692,False,False,True,False,True,False
693,3,Tier 3 — Partial reversal,2,BRD-A13807286,HA-14-1,0.000000,-29.018906,-39.852080,3,2,0,-22.956995,-29.018906,-39.852080,-90.000000,693,False,False,True,False,True,False
694,3,Tier 3 — Partial reversal,2,BRD-K82823076,Ro-15-4513,0.000000,-32.754883,-28.827978,3,2,0,-20.527620,-28.827978,-32.754883,-90.000000,694,False,False,True,False,True,False
695,3,Tier 3 — Partial reversal,2,BRD-A74667430,etodolac,0.000000,-28.816240,-34.381855,3,2,0,-21.066032,-28.816240,-34.381855,-90.000000,695,False,False,True,False,True,False
696,3,Tier 3 — Partial reversal,2,BRD-K92731339,perindopril,0.000000,-28.790184,-31.557276,3,2,0,-20.115820,-28.790184,-31.557276,-90.000000,696,False,False,True,False,True,False
697,3,Tier 3 — Partial reversal,2,BRD-A90515964,guaifenesin,5.285412,-33.734035,-28.507076,3,2,0,-18.985233,-28.507076,-33.734035,-90.000000,697,False,False,True,False,True,False
698,3,Tier 3 — Partial reversal,2,BRD-K09907482,PRL-3-inhibitor-I,0.000000,-28.334888,-56.150528,3,2,0,-28.161805,-28.334888,-56.150528,-90.000000,698,False,False,True,False,True,False
699,3,Tier 3 — Partial reversal,2,BRD-K15588452,R-96544,0.000000,-33.611640,-28.266857,3,2,0,-20.626166,-28.266857,-33.611640,-90.000000,699,False,False,True,False,True,False
700,3,Tier 3 — Partial reversal,2,BRD-K62736196,guanaben-acetate,1.479915,-28.191992,-32.845947,3,2,0,-19.852675,-28.191992,-32.845947,-90.000000,700,False,False,True,False,True,False
701,3,Tier 3 — Partial reversal,2,BRD-K62982419,cilomilast,0.000000,-28.168953,-49.001534,3,2,0,-25.723496,-28.168953,-49.001534,-90.000000,701,False,False,True,False,True,False
702,3,Tier 3 — Partial reversal,2,BRD-K62206109,VUF-5681,0.000000,-44.708480,-28.024551,3,2,0,-24.244344,-28.024551,-44.708480,-90.000000,702,False,False,True,False,True,False
703,3,Tier 3 — Partial reversal,2,BRD-K45542189,diethylcarbamazine,0.000000,-27.474222,-35.812645,3,2,0,-21.095622,-27.474222,-35.812645,-90.000000,703,False,False,True,False,True,False
704,3,Tier 3 — Partial reversal,2,BRD-K17294426,clebopride,0.000000,-27.415348,-53.374220,3,2,0,-26.929856,-27.415348,-53.374220,-90.000000,704,False,False,True,False,True,False
705,3,Tier 3 — Partial reversal,2,BRD-K01555864,dibenzoylmethane,0.000000,-27.358181,-39.316010,3,2,0,-22.224730,-27.358181,-39.316010,-90.000000,705,False,False,True,False,True,False
706,3,Tier 3 — Partial reversal,2,BRD-K82484965,carmoxirole,0.000000,-45.746340,-27.207825,3,2,0,-24.318055,-27.207825,-45.746340,-90.000000,706,False,False,True,False,True,False
707,3,Tier 3 — Partial reversal,2,BRD-K70778732,trazodone,0.000000,-27.102394,-33.449554,3,2,0,-20.183983,-27.102394,-33.449554,-90.000000,707,False,False,True,False,True,False
708,3,Tier 3 — Partial reversal,2,BRD-K95237249,probenecid,0.000000,-31.417057,-26.968525,3,2,0,-19.461861,-26.968525,-31.417057,-90.000000,708,False,False,True,False,True,False
709,3,Tier 3 — Partial reversal,2,BRD-K49404994,levetiracetam,-39.240078,37.524162,-26.915934,3,2,0,-9.543950,-26.915934,-39.240078,-90.000000,709,True,False,False,False,True,False
710,3,Tier 3 — Partial reversal,2,BRD-K47693913,evoxine,8.851402,-55.430977,-26.826473,3,2,0,-24.468683,-26.826473,-55.430977,-90.000000,710,False,False,True,False,True,False
711,3,Tier 3 — Partial reversal,2,BRD-K77554836,triamcinolone,0.000000,-58.443280,-26.611897,3,2,0,-28.351726,-26.611897,-58.443280,-90.000000,711,False,False,True,False,True,False
712,3,Tier 3 — Partial reversal,2,BRD-K61480498,epoxycholesterol,0.000000,-30.934360,-26.252424,3,2,0,-19.062261,-26.252424,-30.934360,-90.000000,712,False,False,True,False,True,False
713,3,Tier 3 — Partial reversal,2,BRD-K37130656,rivaroxaban,0.000000,-25.941010,-26.293110,3,2,0,-17.411373,-25.941010,-26.293110,-90.000000,713,False,False,True,False,True,False
714,3,Tier 3 — Partial reversal,2,BRD-K12516989,zaprinast,-25.771702,28.331404,-26.394028,3,2,0,-7.944775,-25.771702,-26.394028,-90.000000,714,True,False,False,False,True,False
715,3,Tier 3 — Partial reversal,2,BRD-K50859149,sulfafurazole,0.000000,-57.222908,-25.700289,3,2,0,-27.641066,-25.700289,-57.222908,-90.000000,715,False,False,True,False,True,False
716,3,Tier 3 — Partial reversal,2,BRD-A71009679,KU-C103420N,0.000000,-55.458280,-25.512250,3,2,0,-26.990177,-25.512250,-55.458280,-90.000000,716,False,False,True,False,True,False
717,3,Tier 3 — Partial reversal,2,BRD-K56558538,ambroxol,0.000000,-40.889280,-25.433440,3,2,0,-22.107573,-25.433440,-40.889280,-90.000000,717,False,False,True,False,True,False
718,3,Tier 3 — Partial reversal,2,BRD-K38449220,seneciphylline,0.000000,-25.412443,-35.879913,3,2,0,-20.430785,-25.412443,-35.879913,-90.000000,718,False,False,True,False,True,False
719,3,Tier 3 — Partial reversal,2,BRD-K64935403,ebelactone-b,0.000000,-57.471878,-25.305063,3,2,0,-27.592314,-25.305063,-57.471878,-90.000000,719,False,False,True,False,True,False
720,3,Tier 3 — Partial reversal,2,BRD-K95309561,dienestrol,0.000000,-52.341470,-25.261360,3,2,0,-25.867610,-25.261360,-52.341470,-90.000000,720,False,False,True,False,True,False
721,3,Tier 3 — Partial reversal,2,BRD-K70301876,escitalopram,0.493305,-25.230179,-38.135420,3,2,0,-20.957431,-25.230179,-38.135420,-90.000000,721,False,False,True,False,True,False
722,3,Tier 3 — Partial reversal,2,BRD-K01663662,diphenidol,2.871008,-47.119408,-25.006779,3,2,0,-23.085060,-25.006779,-47.119408,-90.000000,722,False,False,True,False,True,False
723,3,Tier 3 — Partial reversal,2,BRD-K91696562,orantinib,0.000000,-24.911058,-70.380970,3,2,0,-31.764009,-24.911058,-70.380970,-90.000000,723,False,False,True,False,True,False
724,3,Tier 3 — Partial reversal,2,BRD-K21317336,phentolamine,0.000000,-30.546143,-24.894548,3,2,0,-18.480230,-24.894548,-30.546143,-90.000000,724,False,False,True,False,True,False
725,3,Tier 3 — Partial reversal,2,BRD-A33833419,TER-14687,2.043693,-38.197998,-24.588995,3,2,0,-20.247767,-24.588995,-38.197998,-90.000000,725,False,False,True,False,True,False
726,3,Tier 3 — Partial reversal,2,BRD-U94846492,quinine,0.000000,-24.529684,-35.652580,3,2,0,-20.060755,-24.529684,-35.652580,-90.000000,726,False,False,True,False,True,False
727,3,Tier 3 — Partial reversal,2,BRD-K40578143,GR-79236,0.000000,-26.346745,-24.500850,3,2,0,-16.949198,-24.500850,-26.346745,-90.000000,727,False,False,True,False,True,False
728,3,Tier 3 — Partial reversal,2,BRD-K35498378,alrestatin,0.000000,-39.734070,-24.017761,3,2,0,-21.250610,-24.017761,-39.734070,-90.000000,728,False,False,True,False,True,False
729,3,Tier 3 — Partial reversal,2,BRD-A22032524,amlodipine,0.281889,-44.940056,-23.941702,3,2,0,-22.866623,-23.941702,-44.940056,-90.000000,729,False,False,True,False,True,False
730,3,Tier 3 — Partial reversal,2,BRD-K85402309,dovitinib,0.000000,-30.472153,-23.390799,3,2,0,-17.954317,-23.390799,-30.472153,-90.000000,730,False,False,True,False,True,False
731,3,Tier 3 — Partial reversal,2,BRD-K57545991,enalapril,0.000000,-46.145010,-23.032910,3,2,0,-23.059307,-23.032910,-46.145010,-90.000000,731,False,False,True,False,True,False
732,3,Tier 3 — Partial reversal,2,BRD-K78280988,anandamide,0.000000,-32.597970,-22.611767,3,2,0,-18.403246,-22.611767,-32.597970,-90.000000,732,False,False,True,False,True,False
733,3,Tier 3 — Partial reversal,2,BRD-K03670461,tyrphostin-AG-82,0.000000,-40.599100,-22.547417,3,2,0,-21.048839,-22.547417,-40.599100,-90.000000,733,False,False,True,False,True,False
734,3,Tier 3 — Partial reversal,2,BRD-K15522385,cinanserin,0.000000,-22.269226,-26.441580,3,2,0,-16.236935,-22.269226,-26.441580,-90.000000,734,False,False,True,False,True,False
735,3,Tier 3 — Partial reversal,2,BRD-K50018155,RS-67506,1.973221,-22.194489,-38.662086,3,2,0,-19.627785,-22.194489,-38.662086,-90.000000,735,False,False,True,False,True,False
736,3,Tier 3 — Partial reversal,2,BRD-K21672174,Ro-28-1675,0.000000,-34.974660,-21.937473,3,2,0,-18.970711,-21.937473,-34.974660,-90.000000,736,False,False,True,False,True,False
737,3,Tier 3 — Partial reversal,2,BRD-K84085265,CG-930,0.000000,-21.909416,-26.433435,3,2,0,-16.114284,-21.909416,-26.433435,-90.000000,737,False,False,True,False,True,False
738,3,Tier 3 — Partial reversal,2,BRD-K93618743,ipriflavone,0.000000,-25.286594,-21.760155,3,2,0,-15.682250,-21.760155,-25.286594,-90.000000,738,False,False,True,False,True,False
739,3,Tier 3 — Partial reversal,2,BRD-K80396088,gliquidone,0.000000,-21.724623,-30.715700,3,2,0,-17.480108,-21.724623,-30.715700,-90.000000,739,False,False,True,False,True,False
740,3,Tier 3 — Partial reversal,2,BRD-A09472452,flecainide,0.000000,-32.143135,-21.387756,3,2,0,-17.843630,-21.387756,-32.143135,-90.000000,740,False,False,True,False,True,False
741,3,Tier 3 — Partial reversal,2,BRD-K28452084,BRD-K28452084,-22.119246,32.071117,-21.079924,3,2,0,-3.709351,-21.079924,-22.119246,-90.000000,741,True,False,False,False,True,False
742,3,Tier 3 — Partial reversal,2,BRD-A38030642,cyclosporin-a,8.785809,-38.283497,-21.020800,3,2,0,-16.839496,-21.020800,-38.283497,-90.000000,742,False,False,True,False,True,False
743,3,Tier 3 — Partial reversal,2,BRD-K93176058,AC-55649,0.000000,-21.009426,-37.437927,3,2,0,-19.482451,-21.009426,-37.437927,-90.000000,743,False,False,True,False,True,False
744,3,Tier 3 — Partial reversal,2,BRD-A05680309,BRD-A05680309,0.000000,-20.738321,-28.278618,3,2,0,-16.338980,-20.738321,-28.278618,-90.000000,744,False,False,True,False,True,False
745,3,Tier 3 — Partial reversal,2,BRD-K49027941,PSB-1115,0.000000,-30.926748,-20.696781,3,2,0,-17.207843,-20.696781,-30.926748,-90.000000,745,False,False,True,False,True,False
746,3,Tier 3 — Partial reversal,2,BRD-K18787491,U-0126,0.000000,-20.460730,-21.814728,3,2,0,-14.091819,-20.460730,-21.814728,-90.000000,746,False,False,True,False,True,False
747,3,Tier 3 — Partial reversal,2,BRD-K95739795,tetrabenazine,0.000000,-35.646782,-19.934326,3,2,0,-18.527036,-19.934326,-35.646782,-90.000000,747,False,False,True,False,True,False
748,3,Tier 3 — Partial reversal,2,BRD-A93255169,thalidomide,0.000000,-19.807978,-24.280853,3,2,0,-14.696277,-19.807978,-24.280853,-90.000000,748,False,False,True,False,True,False
749,3,Tier 3 — Partial reversal,2,BRD-K06817181,"1,2,3,4,5,6-hexabromocyclohexane",0.000000,-19.706755,-30.655073,3,2,0,-16.787276,-19.706755,-30.655073,-90.000000,749,False,False,True,False,True,False
750,3,Tier 3 — Partial reversal,2,BRD-K83153774,mirtazapine,12.717055,-25.916130,-19.578110,3,2,0,-10.925728,-19.578110,-25.916130,-90.000000,750,False,False,True,False,True,False
751,3,Tier 3 — Partial reversal,2,BRD-K10176267,L-701252,2.868962,-19.549429,-19.975279,3,2,0,-12.218582,-19.549429,-19.975279,-90.000000,751,False,False,True,False,True,False
752,3,Tier 3 — Partial reversal,2,BRD-K93258693,GW-9662,0.000000,-25.939274,-19.525488,3,2,0,-15.154921,-19.525488,-25.939274,-90.000000,752,False,False,True,False,True,False
753,3,Tier 3 — Partial reversal,2,BRD-U97083655,teicoplanin,2.783650,-30.491318,-19.261986,3,2,0,-15.656551,-19.261986,-30.491318,-90.000000,753,False,False,True,False,True,False
754,3,Tier 3 — Partial reversal,2,BRD-K67013324,luzindole,1.726568,-19.203870,-20.814861,3,2,0,-12.764054,-19.203870,-20.814861,-90.000000,754,False,False,True,False,True,False
755,3,Tier 3 — Partial reversal,2,BRD-K26373640,IKK-2-inhibitor,0.000000,-19.180298,-33.437637,3,2,0,-17.539312,-19.180298,-33.437637,-90.000000,755,False,False,True,False,True,False
756,3,Tier 3 — Partial reversal,2,BRD-K51033547,tramadol,0.000000,-19.178130,-25.932953,3,2,0,-15.037028,-19.178130,-25.932953,-90.000000,756,False,False,True,False,True,False
757,3,Tier 3 — Partial reversal,2,BRD-K54416256,methimazole,0.000000,-20.664387,-19.173570,3,2,0,-13.279319,-19.173570,-20.664387,-90.000000,757,False,False,True,False,True,False
758,3,Tier 3 — Partial reversal,2,BRD-K83289131,CAY-10618,1.761804,-19.009396,-53.057034,3,2,0,-23.434875,-19.009396,-53.057034,-90.000000,758,False,False,True,False,True,False
759,3,Tier 3 — Partial reversal,2,BRD-K00662280,CL-218872,0.000000,-22.977943,-18.940166,3,2,0,-13.972703,-18.940166,-22.977943,-90.000000,759,False,False,True,False,True,False
760,3,Tier 3 — Partial reversal,2,BRD-K54210043,NS-1619,0.000000,-34.515903,-18.887526,3,2,0,-17.801143,-18.887526,-34.515903,-90.000000,760,False,False,True,False,True,False
761,3,Tier 3 — Partial reversal,2,BRD-K56658166,BRD-K56658166,82.452600,-18.270040,-21.808740,3,2,0,14.124607,-18.270040,-21.808740,-90.000000,761,False,False,True,False,True,False
762,3,Tier 3 — Partial reversal,2,BRD-K84175871,pseudoephedrine,0.000000,-18.180683,-29.181225,3,2,0,-15.787303,-18.180683,-29.181225,-90.000000,762,False,False,True,False,True,False
763,3,Tier 3 — Partial reversal,2,BRD-K86682249,BRD-K86682249,0.023749,-18.802755,-18.120808,3,2,0,-12.299938,-18.120808,-18.802755,-90.000000,763,False,False,True,False,True,False
764,3,Tier 3 — Partial reversal,2,BRD-A65597028,RX-821002,0.000000,-18.120504,-34.733880,3,2,0,-17.618128,-18.120504,-34.733880,-90.000000,764,False,False,True,False,True,False
765,3,Tier 3 — Partial reversal,2,BRD-K59851896,calycanthine,0.000000,-25.316456,-17.688750,3,2,0,-14.335069,-17.688750,-25.316456,-90.000000,765,False,False,True,False,True,False
766,3,Tier 3 — Partial reversal,2,BRD-M07438658,lapatinib,0.000000,-31.599869,-17.663248,3,2,0,-16.421039,-17.663248,-31.599869,-90.000000,766,False,False,True,False,True,False
767,3,Tier 3 — Partial reversal,2,BRD-K16233984,eriochrome-black-t,0.000000,-17.544893,-28.738140,3,2,0,-15.427678,-17.544893,-28.738140,-90.000000,767,False,False,True,False,True,False
768,3,Tier 3 — Partial reversal,2,BRD-K54314721,zolmitriptan,0.022399,-31.314537,-17.543356,3,2,0,-16.278498,-17.543356,-31.314537,-90.000000,768,False,False,True,False,True,False
769,3,Tier 3 — Partial reversal,2,BRD-K64610608,EMF-BCA1-57,0.528541,-17.123022,-30.978567,3,2,0,-15.857683,-17.123022,-30.978567,-90.000000,769,False,False,True,False,True,False
770,3,Tier 3 — Partial reversal,2,BRD-K21009077,BRD-K21009077,0.000000,-21.818540,-17.008041,3,2,0,-12.942194,-17.008041,-21.818540,-90.000000,770,False,False,True,False,True,False
771,3,Tier 3 — Partial reversal,2,BRD-K31553034,zibotentan,1.303735,-31.146858,-16.992252,3,2,0,-15.611792,-16.992252,-31.146858,-90.000000,771,False,False,True,False,True,False
772,3,Tier 3 — Partial reversal,2,BRD-K16604360,BRD-K16604360,0.157381,-27.720720,-16.837446,3,2,0,-14.800262,-16.837446,-27.720720,-90.000000,772,False,False,True,False,True,False
773,3,Tier 3 — Partial reversal,2,BRD-A10303790,talampicillin,0.000000,-16.734034,-23.003660,3,2,0,-13.245898,-16.734034,-23.003660,-90.000000,773,False,False,True,False,True,False
774,3,Tier 3 — Partial reversal,2,BRD-K11433652,aspirin,-16.641079,-75.035300,0.000000,3,2,0,-30.558793,-16.641079,-75.035300,-90.000000,774,True,False,True,False,False,False
775,3,Tier 3 — Partial reversal,2,BRD-K51730347,diphencyprone,0.961415,-21.774510,-16.552792,3,2,0,-12.455296,-16.552792,-21.774510,-90.000000,775,False,False,True,False,True,False
776,3,Tier 3 — Partial reversal,2,BRD-A25143711,hydrocortisone-valerate,0.000000,-23.299532,-16.543720,3,2,0,-13.281084,-16.543720,-23.299532,-90.000000,776,False,False,True,False,True,False
777,3,Tier 3 — Partial reversal,2,BRD-K92758126,MD-920,-20.548977,34.781555,-16.468128,3,2,0,-0.745183,-16.468128,-20.548977,-90.000000,777,True,False,False,False,True,False
778,3,Tier 3 — Partial reversal,2,BRD-K51941867,LM-1685,0.000000,-30.872517,-16.454449,3,2,0,-15.775655,-16.454449,-30.872517,-90.000000,778,False,False,True,False,True,False
779,3,Tier 3 — Partial reversal,2,BRD-A43849199,karakoline,-16.167942,25.222265,-21.997152,3,2,0,-4.314276,-16.167942,-21.997152,-90.000000,779,True,False,False,False,True,False
780,3,Tier 3 — Partial reversal,2,BRD-K41051431,mecillinam,2.713178,-32.876810,-16.024307,3,2,0,-15.395980,-16.024307,-32.876810,-90.000000,780,False,False,True,False,True,False
781,3,Tier 3 — Partial reversal,2,BRD-A97104540,fenoterol,0.000000,-35.289974,-15.978283,3,2,0,-17.089419,-15.978283,-35.289974,-90.000000,781,False,False,True,False,True,False
782,3,Tier 3 — Partial reversal,2,BRD-K68867920,quetiapine,0.023233,-20.120665,-15.873879,3,2,0,-11.990437,-15.873879,-20.120665,-90.000000,782,False,False,True,False,True,False
783,3,Tier 3 — Partial reversal,2,BRD-K43880410,pregnenolone,0.000000,-60.304565,-15.854885,3,2,0,-25.386483,-15.854885,-60.304565,-90.000000,783,False,False,True,False,True,False
784,3,Tier 3 — Partial reversal,2,BRD-A26199074,calmidazolium,3.000068,-15.833775,-17.101383,3,2,0,-9.978363,-15.833775,-17.101383,-90.000000,784,False,False,True,False,True,False
785,3,Tier 3 — Partial reversal,2,BRD-K46652470,nizatidine,0.000000,-15.810411,-26.801110,3,2,0,-14.203840,-15.810411,-26.801110,-90.000000,785,False,False,True,False,True,False
786,3,Tier 3 — Partial reversal,2,BRD-K39520573,GW-5074,2.290345,-41.322540,-15.574613,3,2,0,-18.202269,-15.574613,-41.322540,-90.000000,786,False,False,True,False,True,False
787,3,Tier 3 — Partial reversal,2,BRD-K70883034,nimetazepam,0.000000,-15.535405,-56.939976,3,2,0,-24.158460,-15.535405,-56.939976,-90.000000,787,False,False,True,False,True,False
788,3,Tier 3 — Partial reversal,2,BRD-A74269027,isoxsuprine,0.000000,-15.470020,-16.242676,3,2,0,-10.570899,-15.470020,-16.242676,-90.000000,788,False,False,True,False,True,False
789,3,Tier 3 — Partial reversal,2,BRD-A55756846,H-7,0.000000,-32.770420,-15.438509,3,2,0,-16.069643,-15.438509,-32.770420,-90.000000,789,False,False,True,False,True,False
790,3,Tier 3 — Partial reversal,2,BRD-K20313525,rosmarinic-acid,0.000000,-15.409084,-27.930290,3,2,0,-14.446458,-15.409084,-27.930290,-90.000000,790,False,False,True,False,True,False
791,3,Tier 3 — Partial reversal,2,BRD-K77793136,hydroxyfasudil,0.000000,-45.207280,-15.369286,3,2,0,-20.192189,-15.369286,-45.207280,-90.000000,791,False,False,True,False,True,False
792,3,Tier 3 — Partial reversal,2,BRD-A56245458,reichstein,0.000000,-21.196735,-15.324914,3,2,0,-12.173883,-15.324914,-21.196735,-90.000000,792,False,False,True,False,True,False
793,3,Tier 3 — Partial reversal,2,BRD-K54790157,trioxsalen,0.000000,-22.244423,-15.280796,3,2,0,-12.508406,-15.280796,-22.244423,-90.000000,793,False,False,True,False,True,False
794,3,Tier 3 — Partial reversal,2,BRD-K61097567,SB-218795,0.000000,-18.610065,-15.247704,3,2,0,-11.285923,-15.247704,-18.610065,-90.000000,794,False,False,True,False,True,False
795,3,Tier 3 — Partial reversal,2,BRD-K26979635,NS-3694,0.000000,-30.994476,-15.185964,3,2,0,-15.393480,-15.185964,-30.994476,-90.000000,795,False,False,True,False,True,False
796,3,Tier 3 — Partial reversal,2,BRD-K60690191,MPEP,0.000000,-76.639565,-15.162719,3,2,0,-30.600761,-15.162719,-76.639565,-90.000000,796,False,False,True,False,True,False
797,3,Tier 3 — Partial reversal,2,BRD-A75517195,thiazolopyrimidine,-15.152716,5.240394,-26.256615,3,2,0,-12.056312,-15.152716,-26.256615,-90.000000,797,True,False,False,False,True,False
798,3,Tier 3 — Partial reversal,2,BRD-K37456065,VU-0365114-2,0.000000,-15.150288,-29.919231,3,2,0,-15.023173,-15.150288,-29.919231,-90.000000,798,False,False,True,False,True,False
799,3,Tier 3 — Partial reversal,2,BRD-K10573841,tunicamycin,12.512357,-15.148933,-38.239430,3,2,0,-13.625335,-15.148933,-38.239430,-90.000000,799,False,False,True,False,True,False
800,3,Tier 3 — Partial reversal,2,BRD-K26521938,dinoprostone,0.000000,-15.081528,-29.005198,3,2,0,-14.695575,-15.081528,-29.005198,-90.000000,800,False,False,True,False,True,False
801,3,Tier 3 — Partial reversal,2,BRD-A75455249,kavain,0.000000,-14.973498,-16.929043,3,2,0,-10.634180,-14.973498,-16.929043,-90.000000,801,False,False,True,False,True,False
802,3,Tier 3 — Partial reversal,2,BRD-K85119730,tolbutamide,0.000000,-22.513252,-14.863995,3,2,0,-12.459082,-14.863995,-22.513252,-90.000000,802,False,False,True,False,True,False
803,3,Tier 3 — Partial reversal,2,BRD-K09900591,caffeic-acid,0.000000,-38.950470,-14.783591,3,2,0,-17.911354,-14.783591,-38.950470,-90.000000,803,False,False,True,False,True,False
804,3,Tier 3 — Partial reversal,2,BRD-K81709173,halcinonide,1.268499,-14.737691,-46.608780,3,2,0,-20.025991,-14.737691,-46.608780,-90.000000,804,False,False,True,False,True,False
805,3,Tier 3 — Partial reversal,2,BRD-A83081521,finasteride,0.000000,-58.401800,-14.556753,3,2,0,-24.319518,-14.556753,-58.401800,-90.000000,805,False,False,True,False,True,False
806,3,Tier 3 — Partial reversal,2,BRD-K48115423,2-(4-methoxybenzylthio)-6-methylpyrimidin-4-ol,0.000000,-37.311516,-14.541876,3,2,0,-17.284464,-14.541876,-37.311516,-90.000000,806,False,False,True,False,True,False
807,3,Tier 3 — Partial reversal,2,BRD-K77390737,xanthohumol,11.379644,-48.780200,-14.538889,3,2,0,-17.313148,-14.538889,-48.780200,-90.000000,807,False,False,True,False,True,False
808,3,Tier 3 — Partial reversal,2,BRD-K07859598,GW-5074,0.000000,-14.430531,-25.599953,3,2,0,-13.343495,-14.430531,-25.599953,-90.000000,808,False,False,True,False,True,False
809,3,Tier 3 — Partial reversal,2,BRD-A44090213,indoprofen,0.000000,-34.819190,-14.352799,3,2,0,-16.390663,-14.352799,-34.819190,-90.000000,809,False,False,True,False,True,False
810,3,Tier 3 — Partial reversal,2,BRD-K10177585,PSB-11,-40.056114,46.000450,-14.307788,3,2,0,-2.787817,-14.307788,-40.056114,-90.000000,810,True,False,False,False,True,False
811,3,Tier 3 — Partial reversal,2,BRD-K32292990,CGP-53353,5.667893,-14.274622,-26.929258,3,2,0,-11.845329,-14.274622,-26.929258,-90.000000,811,False,False,True,False,True,False
812,3,Tier 3 — Partial reversal,2,BRD-A84493640,atovaquone,56.658783,-14.250115,-55.526512,3,2,0,-4.372615,-14.250115,-55.526512,-90.000000,812,False,False,True,False,True,False
813,3,Tier 3 — Partial reversal,2,BRD-K38775274,dexamethasone,0.035236,-14.158325,-24.615940,3,2,0,-12.913010,-14.158325,-24.615940,-90.000000,813,False,False,True,False,True,False
814,3,Tier 3 — Partial reversal,2,BRD-K17693482,BRD-K17693482,0.000000,-17.823586,-14.120054,3,2,0,-10.647880,-14.120054,-17.823586,-90.000000,814,False,False,True,False,True,False
815,3,Tier 3 — Partial reversal,2,BRD-A56987319,SQ-22536,0.000000,-17.776590,-14.076845,3,2,0,-10.617812,-14.076845,-17.776590,-90.000000,815,False,False,True,False,True,False
816,3,Tier 3 — Partial reversal,2,BRD-K40742111,baeomycesic-acid,-14.007999,-36.773888,20.886703,3,2,0,-9.965061,-14.007999,-36.773888,-90.000000,816,True,False,True,False,False,False
817,3,Tier 3 — Partial reversal,2,BRD-K91701654,U-0126,0.704722,-16.664555,-13.887339,3,2,0,-9.949057,-13.887339,-16.664555,-90.000000,817,False,False,True,False,True,False
818,3,Tier 3 — Partial reversal,2,BRD-K81062487,taurocholic-acid,4.580691,-22.325144,-13.774456,3,2,0,-10.506303,-13.774456,-22.325144,-90.000000,818,False,False,True,False,True,False
819,3,Tier 3 — Partial reversal,2,BRD-K10670311,sulfasalazine,-18.050606,23.276780,-13.740946,3,2,0,-2.838257,-13.740946,-18.050606,-90.000000,819,True,False,False,False,True,False
820,3,Tier 3 — Partial reversal,2,BRD-A41630653,BRD-A41630653,0.000000,-40.289722,-13.717612,3,2,0,-18.002445,-13.717612,-40.289722,-90.000000,820,False,False,True,False,True,False
821,3,Tier 3 — Partial reversal,2,BRD-A07000685,hydrocortisone-hemisuccinate,0.000000,-13.657474,-21.510254,3,2,0,-11.722576,-13.657474,-21.510254,-90.000000,821,False,False,True,False,True,False
822,3,Tier 3 — Partial reversal,2,BRD-A80383043,4-carboxy-3-hydroxyphenylglycine-(RS),0.000000,-26.860548,-13.612007,3,2,0,-13.490852,-13.612007,-26.860548,-90.000000,822,False,False,True,False,True,False
823,3,Tier 3 — Partial reversal,2,BRD-K08703257,3-amino-benzamide,0.000000,-21.064146,-13.528574,3,2,0,-11.530907,-13.528574,-21.064146,-90.000000,823,False,False,True,False,True,False
824,3,Tier 3 — Partial reversal,2,BRD-K67298865,SB-431542,-17.433710,14.403412,-13.470146,3,2,0,-5.500148,-13.470146,-17.433710,-90.000000,824,True,False,False,False,True,False
825,3,Tier 3 — Partial reversal,2,BRD-K03015355,forskolin,0.000000,-13.284973,-16.132710,3,2,0,-9.805894,-13.284973,-16.132710,-90.000000,825,False,False,True,False,True,False
826,3,Tier 3 — Partial reversal,2,BRD-A58157837,butabindide,0.000000,-13.257112,-32.791344,3,2,0,-15.349486,-13.257112,-32.791344,-90.000000,826,False,False,True,False,True,False
827,3,Tier 3 — Partial reversal,2,BRD-K89014967,AS-703026,0.000000,-13.138687,-30.193052,3,2,0,-14.443913,-13.138687,-30.193052,-90.000000,827,False,False,True,False,True,False
828,3,Tier 3 — Partial reversal,2,BRD-A79314293,cephalosporanic-acid,0.000000,-13.107523,-44.045406,3,2,0,-19.050976,-13.107523,-44.045406,-90.000000,828,False,False,True,False,True,False
829,3,Tier 3 — Partial reversal,2,BRD-A23359898,sibutramine,1.832276,-13.056316,-18.219818,3,2,0,-9.814619,-13.056316,-18.219818,-90.000000,829,False,False,True,False,True,False
830,3,Tier 3 — Partial reversal,2,BRD-K76674262,homoharringtonine,0.000000,-44.295868,-13.042637,3,2,0,-19.112835,-13.042637,-44.295868,-90.000000,830,False,False,True,False,True,False
831,3,Tier 3 — Partial reversal,2,BRD-K63195589,tipifarnib,46.665398,-12.970555,-84.848920,3,2,0,-17.051359,-12.970555,-84.848920,-90.000000,831,False,False,True,False,True,False
832,3,Tier 3 — Partial reversal,2,BRD-K10207760,lasalocid,8.822428,-25.181383,-12.824053,3,2,0,-9.727669,-12.824053,-25.181383,-90.000000,832,False,False,True,False,True,False
833,3,Tier 3 — Partial reversal,2,BRD-K93280214,gabazine,0.000000,-24.899536,-12.670221,3,2,0,-12.523252,-12.670221,-24.899536,-90.000000,833,False,False,True,False,True,False
834,3,Tier 3 — Partial reversal,2,BRD-M00539986,formoterol,0.775194,-38.873610,-12.556725,3,2,0,-16.885047,-12.556725,-38.873610,-90.000000,834,False,False,True,False,True,False
835,3,Tier 3 — Partial reversal,2,BRD-K28428262,brivanib,0.000000,-12.508809,-39.606220,3,2,0,-17.371676,-12.508809,-39.606220,-90.000000,835,False,False,True,False,True,False
836,3,Tier 3 — Partial reversal,2,BRD-K93461745,buspirone,0.634249,-12.475911,-18.959198,3,2,0,-10.266953,-12.475911,-18.959198,-90.000000,836,False,False,True,False,True,False
837,3,Tier 3 — Partial reversal,2,BRD-K91315211,betahistine,0.000000,-38.541985,-12.270323,3,2,0,-16.937436,-12.270323,-38.541985,-90.000000,837,False,False,True,False,True,False
838,3,Tier 3 — Partial reversal,2,BRD-K21520694,sulfacetamide,0.000000,-12.260646,-19.333723,3,2,0,-10.531456,-12.260646,-19.333723,-90.000000,838,False,False,True,False,True,False
839,3,Tier 3 — Partial reversal,2,BRD-A53131506,epitestosterone,0.000000,-12.111186,-24.843056,3,2,0,-12.318081,-12.111186,-24.843056,-90.000000,839,False,False,True,False,True,False
840,3,Tier 3 — Partial reversal,2,BRD-A25576662,streptozotocin,5.910544,-12.014807,-25.219866,3,2,0,-10.441376,-12.014807,-25.219866,-90.000000,840,False,False,True,False,True,False
841,3,Tier 3 — Partial reversal,2,BRD-K14048378,BRD-K14048378,0.000000,-16.620060,-11.949454,3,2,0,-9.523171,-11.949454,-16.620060,-90.000000,841,False,False,True,False,True,False
842,3,Tier 3 — Partial reversal,2,BRD-K91485395,BRD-K91485395,0.000000,-11.923719,-12.533664,3,2,0,-8.152461,-11.923719,-12.533664,-90.000000,842,False,False,True,False,True,False
843,3,Tier 3 — Partial reversal,2,BRD-K02275692,cefotiam,1.233263,-11.874559,-13.973709,3,2,0,-8.205002,-11.874559,-13.973709,-90.000000,843,False,False,True,False,True,False
844,3,Tier 3 — Partial reversal,2,BRD-K27665173,D-64406,0.563777,-11.862955,-40.034320,3,2,0,-17.111166,-11.862955,-40.034320,-90.000000,844,False,False,True,False,True,False
845,3,Tier 3 — Partial reversal,2,BRD-K57569181,pentoxifylline,0.000000,-11.528463,-18.548008,3,2,0,-10.025490,-11.528463,-18.548008,-90.000000,845,False,False,True,False,True,False
846,3,Tier 3 — Partial reversal,2,BRD-K64857848,XMD-885,0.000000,-23.223192,-11.512903,3,2,0,-11.578698,-11.512903,-23.223192,-90.000000,846,False,False,True,False,True,False
847,3,Tier 3 — Partial reversal,2,BRD-K21350491,phenamil,-33.413185,-11.485888,0.000000,3,2,0,-14.966358,-11.485888,-33.413185,-90.000000,847,True,False,True,False,False,False
848,3,Tier 3 — Partial reversal,2,BRD-K53318339,vinpocetine,0.000000,-11.458682,-17.596035,3,2,0,-9.684906,-11.458682,-17.596035,-90.000000,848,False,False,True,False,True,False
849,3,Tier 3 — Partial reversal,2,BRD-K72222507,quinapril,0.916138,-18.010590,-11.448687,3,2,0,-9.514380,-11.448687,-18.010590,-90.000000,849,False,False,True,False,True,False
850,3,Tier 3 — Partial reversal,2,BRD-K95202259,ML-3163,0.000000,-11.362823,-16.963062,3,2,0,-9.441962,-11.362823,-16.963062,-90.000000,850,False,False,True,False,True,False
851,3,Tier 3 — Partial reversal,2,BRD-A64479082,quinidine,2.431290,-11.069737,-23.444118,3,2,0,-10.694188,-11.069737,-23.444118,-90.000000,851,False,False,True,False,True,False
852,3,Tier 3 — Partial reversal,2,BRD-K01095011,finasteride,0.493305,-10.893433,-19.367464,3,2,0,-9.922531,-10.893433,-19.367464,-90.000000,852,False,False,True,False,True,False
853,3,Tier 3 — Partial reversal,2,BRD-A44827100,erythromycin,0.000000,-10.865241,-21.181591,3,2,0,-10.682277,-10.865241,-21.181591,-90.000000,853,False,False,True,False,True,False
854,3,Tier 3 — Partial reversal,2,BRD-A37780065,triamcinolone,3.655008,-10.818613,-34.330254,3,2,0,-13.831286,-10.818613,-34.330254,-90.000000,854,False,False,True,False,True,False
855,3,Tier 3 — Partial reversal,2,BRD-K30189597,SYK-inhibitor,0.000000,-31.987823,-10.815294,3,2,0,-14.267706,-10.815294,-31.987823,-90.000000,855,False,False,True,False,True,False
856,3,Tier 3 — Partial reversal,2,BRD-A00100033,nifurtimox,1.365289,-11.371738,-10.807934,3,2,0,-6.938128,-10.807934,-11.371738,-90.000000,856,False,False,True,False,True,False
857,3,Tier 3 — Partial reversal,2,BRD-K10136726,tosyllysyl-chloromethyl-ketone,0.739958,-10.793091,-17.156162,3,2,0,-9.069765,-10.793091,-17.156162,-90.000000,857,False,False,True,False,True,False
858,3,Tier 3 — Partial reversal,2,BRD-K48367671,febuxostat,0.000000,-17.332972,-10.775507,3,2,0,-9.369493,-10.775507,-17.332972,-90.000000,858,False,False,True,False,True,False
859,3,Tier 3 — Partial reversal,2,BRD-K11399644,phenformin,0.000000,-16.837622,-10.673890,3,2,0,-9.170504,-10.673890,-16.837622,-90.000000,859,False,False,True,False,True,False
860,3,Tier 3 — Partial reversal,2,BRD-K32830106,guanfacine,28.840813,-10.634830,-14.916371,3,2,0,1.096538,-10.634830,-14.916371,-90.000000,860,False,False,True,False,True,False
861,3,Tier 3 — Partial reversal,2,BRD-K56231354,triprolidine,0.000000,-11.296581,-10.601351,3,2,0,-7.299311,-10.601351,-11.296581,-90.000000,861,False,False,True,False,True,False
862,3,Tier 3 — Partial reversal,2,BRD-K10852020,tolcapone,0.000000,-19.783361,-10.552361,3,2,0,-10.111907,-10.552361,-19.783361,-90.000000,862,False,False,True,False,True,False
863,3,Tier 3 — Partial reversal,2,BRD-K12401458,BRD-K12401458,-40.306500,-10.469114,12.295811,3,2,0,-12.826601,-10.469114,-40.306500,-90.000000,863,True,False,True,False,False,False
864,3,Tier 3 — Partial reversal,2,BRD-K14550461,doxercalciferol,0.000000,-20.646107,-10.410500,3,2,0,-10.352202,-10.410500,-20.646107,-90.000000,864,False,False,True,False,True,False
865,3,Tier 3 — Partial reversal,2,BRD-K82688027,RG-13022,-10.681366,-10.321135,2.536998,3,2,0,-6.155168,-10.321135,-10.681366,-90.000000,865,True,False,True,False,False,False
866,3,Tier 3 — Partial reversal,2,BRD-A96255180,ribavirin,0.000000,-23.488110,-10.245821,3,2,0,-11.244644,-10.245821,-23.488110,-90.000000,866,False,False,True,False,True,False
867,3,Tier 3 — Partial reversal,2,BRD-A09056319,alfuzosin,0.211417,-10.709094,-10.162656,3,2,0,-6.886778,-10.162656,-10.709094,-90.000000,867,False,False,True,False,True,False
868,3,Tier 3 — Partial reversal,2,BRD-K35941380,methysergide,0.000000,-53.410583,-10.147991,3,2,0,-21.186191,-10.147991,-53.410583,-90.000000,868,False,False,True,False,True,False
869,3,Tier 3 — Partial reversal,2,BRD-K60487568,SU-4312,0.000000,-10.012097,-51.043995,3,2,0,-20.352031,-10.012097,-51.043995,-90.000000,869,False,False,True,False,True,False
870,3,Tier 3 — Partial reversal,2,BRD-A41555725,chlortetracycline,0.000000,-38.530050,-9.942385,3,2,0,-16.157478,-9.942385,-38.530050,-90.000000,870,False,False,True,False,True,False
871,3,Tier 3 — Partial reversal,2,BRD-K61314889,endo-IWR-1,10.029966,-40.875793,-9.937066,3,2,0,-13.594298,-9.937066,-40.875793,-90.000000,871,False,False,True,False,True,False
872,3,Tier 3 — Partial reversal,2,BRD-A41145729,methoprene-acid,0.000000,-9.909597,-15.044142,3,2,0,-8.317913,-9.909597,-15.044142,-90.000000,872,False,False,True,False,True,False
873,3,Tier 3 — Partial reversal,2,BRD-A25234499,aminoglutethimide,0.000000,-11.181035,-9.845786,3,2,0,-7.008940,-9.845786,-11.181035,-90.000000,873,False,False,True,False,True,False
874,3,Tier 3 — Partial reversal,2,BRD-K35708212,ouabain,0.000000,-9.840159,-11.511603,3,2,0,-7.117254,-9.840159,-11.511603,-90.000000,874,False,False,True,False,True,False
875,3,Tier 3 — Partial reversal,2,BRD-K19507340,megestrol,0.017834,-9.690260,-21.063770,3,2,0,-10.245399,-9.690260,-21.063770,-90.000000,875,False,False,True,False,True,False
876,3,Tier 3 — Partial reversal,2,BRD-K76805682,SB-415286,-14.662604,1.656096,-9.444998,3,2,0,-7.483835,-9.444998,-14.662604,-90.000000,876,True,False,False,False,True,False
877,3,Tier 3 — Partial reversal,2,BRD-A44008656,doxylamine,0.000000,-9.443270,-26.018879,3,2,0,-11.820716,-9.443270,-26.018879,-90.000000,877,False,False,True,False,True,False
878,3,Tier 3 — Partial reversal,2,BRD-A79903587,tegafur,0.000000,-9.430094,-16.941366,3,2,0,-8.790487,-9.430094,-16.941366,-90.000000,878,False,False,True,False,True,False
879,3,Tier 3 — Partial reversal,2,BRD-K60640630,mometasone,5.351136,-9.345024,-21.013996,3,2,0,-8.335961,-9.345024,-21.013996,-90.000000,879,False,False,True,False,True,False
880,3,Tier 3 — Partial reversal,2,BRD-A22844106,tenoxicam,0.000000,-9.191566,-19.377579,3,2,0,-9.523048,-9.191566,-19.377579,-90.000000,880,False,False,True,False,True,False
881,3,Tier 3 — Partial reversal,2,BRD-K84566043,fenpiverinium,-9.161382,4.973015,-49.265152,3,2,0,-17.817840,-9.161382,-49.265152,-90.000000,881,True,False,False,False,True,False
882,3,Tier 3 — Partial reversal,2,BRD-K13533483,cyclosporin-a,0.000000,-9.136940,-11.416927,3,2,0,-6.851289,-9.136940,-11.416927,-90.000000,882,False,False,True,False,True,False
883,3,Tier 3 — Partial reversal,2,BRD-K11163873,phenanthridone,0.000000,-9.116441,-24.720982,3,2,0,-11.279141,-9.116441,-24.720982,-90.000000,883,False,False,True,False,True,False
884,3,Tier 3 — Partial reversal,2,BRD-K94080537,diethyltoluamide,0.000000,-8.973661,-13.495420,3,2,0,-7.489694,-8.973661,-13.495420,-90.000000,884,False,False,True,False,True,False
885,3,Tier 3 — Partial reversal,2,BRD-K40887525,ritanserin,0.000000,-22.351492,-8.809450,3,2,0,-10.386981,-8.809450,-22.351492,-90.000000,885,False,False,True,False,True,False
886,3,Tier 3 — Partial reversal,2,BRD-K24675965,LY-288513,1.127555,-8.642786,-16.455250,3,2,0,-7.990160,-8.642786,-16.455250,-90.000000,886,False,False,True,False,True,False
887,3,Tier 3 — Partial reversal,2,BRD-K31268420,NSC-693868,0.000000,-8.627221,-29.141724,3,2,0,-12.589648,-8.627221,-29.141724,-90.000000,887,False,False,True,False,True,False
888,3,Tier 3 — Partial reversal,2,BRD-A95939040,sertaconazole,0.000000,-18.393246,-8.602415,3,2,0,-8.998554,-8.602415,-18.393246,-90.000000,888,False,False,True,False,True,False
889,3,Tier 3 — Partial reversal,2,BRD-K83063356,RS-102895,0.000000,-15.178069,-8.597604,3,2,0,-7.925224,-8.597604,-15.178069,-90.000000,889,False,False,True,False,True,False
890,3,Tier 3 — Partial reversal,2,BRD-A22769835,homochlorcyclizine,0.493305,-8.586811,-38.987090,3,2,0,-15.693532,-8.586811,-38.987090,-90.000000,890,False,False,True,False,True,False
891,3,Tier 3 — Partial reversal,2,BRD-K31611373,fluprostenol,-27.469269,3.025396,-8.573758,3,2,0,-11.005877,-8.573758,-27.469269,-90.000000,891,True,False,False,False,True,False
892,3,Tier 3 — Partial reversal,2,BRD-K72541103,JAK3-inhibitor-I,7.175425,-8.558803,-18.520750,3,2,0,-6.634709,-8.558803,-18.520750,-90.000000,892,False,False,True,False,True,False
893,3,Tier 3 — Partial reversal,2,BRD-K71103788,duloxetine,,-8.550344,-8.566720,2,2,0,-8.558532,-8.558532,-8.566720,-90.000000,893,False,False,True,False,True,False
894,3,Tier 3 — Partial reversal,2,BRD-K40227168,vinburnine,0.000000,-34.235190,-8.549786,3,2,0,-14.261659,-8.549786,-34.235190,-90.000000,894,False,False,True,False,True,False
895,3,Tier 3 — Partial reversal,2,BRD-K52512893,SC-19220,0.000000,-8.532842,-27.028930,3,2,0,-11.853924,-8.532842,-27.028930,-90.000000,895,False,False,True,False,True,False
896,3,Tier 3 — Partial reversal,2,BRD-K25591257,resveratrol,-19.068016,-8.473719,3.840733,3,2,0,-7.900334,-8.473719,-19.068016,-90.000000,896,True,False,True,False,False,False
897,3,Tier 3 — Partial reversal,2,BRD-A43930669,L-368899,0.000000,-8.432404,-15.223749,3,2,0,-7.885384,-8.432404,-15.223749,-90.000000,897,False,False,True,False,True,False
898,3,Tier 3 — Partial reversal,2,BRD-K61993165,niacin,2.456973,-8.392063,-22.355474,3,2,0,-9.430188,-8.392063,-22.355474,-90.000000,898,False,False,True,False,True,False
899,3,Tier 3 — Partial reversal,2,BRD-K75430629,BRD-K75430629,0.000000,-8.345327,-18.581253,3,2,0,-8.975527,-8.345327,-18.581253,-90.000000,899,False,False,True,False,True,False
900,3,Tier 3 — Partial reversal,2,BRD-K79124250,ioxaglic-acid,-17.670190,11.801076,-8.280089,3,2,0,-4.716401,-8.280089,-17.670190,-90.000000,900,True,False,False,False,True,False
901,3,Tier 3 — Partial reversal,2,BRD-A04327189,synephrine,0.000000,-15.672896,-8.274401,3,2,0,-7.982432,-8.274401,-15.672896,-90.000000,901,False,False,True,False,True,False
902,3,Tier 3 — Partial reversal,2,BRD-K55301415,abiraterone,-11.327005,-8.215973,0.000000,3,2,0,-6.514326,-8.215973,-11.327005,-90.000000,902,True,False,True,False,False,False
903,3,Tier 3 — Partial reversal,2,BRD-K38305202,domperidone,-8.208561,9.202539,-12.029796,3,2,0,-3.678606,-8.208561,-12.029796,-90.000000,903,True,False,False,False,True,False
904,3,Tier 3 — Partial reversal,2,BRD-K88849294,lobaric-acid,-10.111149,2.829169,-8.181967,3,2,0,-5.154649,-8.181967,-10.111149,-90.000000,904,True,False,False,False,True,False
905,3,Tier 3 — Partial reversal,2,BRD-K72166146,dihydroergotamine,2.164634,-8.139535,-10.059464,3,2,0,-5.344788,-8.139535,-10.059464,-90.000000,905,False,False,True,False,True,False
906,3,Tier 3 — Partial reversal,2,BRD-K08589866,linsitinib,0.000000,-8.067348,-39.342590,3,2,0,-15.803313,-8.067348,-39.342590,-90.000000,906,False,False,True,False,True,False
907,3,Tier 3 — Partial reversal,2,BRD-K31283835,tofacitinib,4.545454,-7.964104,-14.974871,3,2,0,-6.131173,-7.964104,-14.974871,-90.000000,907,False,False,True,False,True,False
908,3,Tier 3 — Partial reversal,2,BRD-K81376179,TCS-359,0.000000,-7.917778,-9.784957,3,2,0,-5.900912,-7.917778,-9.784957,-90.000000,908,False,False,True,False,True,False
909,3,Tier 3 — Partial reversal,2,BRD-A93424738,dexamethasone-acetate,17.492280,-7.840644,-28.511934,3,2,0,-6.286766,-7.840644,-28.511934,-90.000000,909,False,False,True,False,True,False
910,3,Tier 3 — Partial reversal,2,BRD-A96897502,U-74389F,0.000000,-7.802525,-12.172730,3,2,0,-6.658418,-7.802525,-12.172730,-90.000000,910,False,False,True,False,True,False
911,3,Tier 3 — Partial reversal,2,BRD-A55962179,omeprazole,0.458069,-13.573585,-7.751406,3,2,0,-6.955641,-7.751406,-13.573585,-90.000000,911,False,False,True,False,True,False
912,3,Tier 3 — Partial reversal,2,BRD-K80348542,cephaeline,-9.126145,-7.716702,0.000000,3,2,0,-5.614282,-7.716702,-9.126145,-90.000000,912,True,False,True,False,False,False
913,3,Tier 3 — Partial reversal,2,BRD-K99621550,tubocurarine,0.000000,-12.620192,-7.710251,3,2,0,-6.776814,-7.710251,-12.620192,-90.000000,913,False,False,True,False,True,False
914,3,Tier 3 — Partial reversal,2,BRD-K27141178,SB-203186,0.000000,-7.703654,-8.168635,3,2,0,-5.290763,-7.703654,-8.168635,-90.000000,914,False,False,True,False,True,False
915,3,Tier 3 — Partial reversal,2,BRD-K95785537,PP-2,0.000000,-11.604197,-7.701603,3,2,0,-6.435267,-7.701603,-11.604197,-90.000000,915,False,False,True,False,True,False
916,3,Tier 3 — Partial reversal,2,BRD-A36267905,buphenine,3.453136,-87.350250,-7.681466,3,2,0,-30.526193,-7.681466,-87.350250,-90.000000,916,False,False,True,False,True,False
917,3,Tier 3 — Partial reversal,2,BRD-K73838513,cinacalcet,0.000000,-12.868229,-7.628411,3,2,0,-6.832213,-7.628411,-12.868229,-90.000000,917,False,False,True,False,True,False
918,3,Tier 3 — Partial reversal,2,BRD-K39569857,avrainvillamide-analog-3,0.000000,-17.715800,-7.610994,3,2,0,-8.442265,-7.610994,-17.715800,-90.000000,918,False,False,True,False,True,False
919,3,Tier 3 — Partial reversal,2,BRD-K69556541,ryanodine,0.000000,-21.665180,-7.555829,3,2,0,-9.740336,-7.555829,-21.665180,-90.000000,919,False,False,True,False,True,False
920,3,Tier 3 — Partial reversal,2,BRD-A37776212,ICI-204448,0.000000,-7.499596,-21.284191,3,2,0,-9.594596,-7.499596,-21.284191,-90.000000,920,False,False,True,False,True,False
921,3,Tier 3 — Partial reversal,2,BRD-K55454768,TAS-301,0.000000,-15.746198,-7.427317,3,2,0,-7.724505,-7.427317,-15.746198,-90.000000,921,False,False,True,False,True,False
922,3,Tier 3 — Partial reversal,2,BRD-K97118047,"4,5,6,7-tetrabromobenzotriazole",-7.352210,11.363092,-20.266400,3,2,0,-5.418506,-7.352210,-20.266400,-90.000000,922,True,False,False,False,True,False
923,3,Tier 3 — Partial reversal,2,BRD-K83023055,GR-135531,0.000000,-15.657171,-7.351453,3,2,0,-7.669541,-7.351453,-15.657171,-90.000000,923,False,False,True,False,True,False
924,3,Tier 3 — Partial reversal,2,BRD-K01902415,pirinixic-acid,1.409443,-7.326778,-10.330202,3,2,0,-5.415846,-7.326778,-10.330202,-90.000000,924,False,False,True,False,True,False
925,3,Tier 3 — Partial reversal,2,BRD-A49148672,galantamine,-45.564526,14.867039,-7.306522,3,2,0,-12.668003,-7.306522,-45.564526,-90.000000,925,True,False,False,False,True,False
926,3,Tier 3 — Partial reversal,2,BRD-A66559694,naltrexone,0.000000,-7.209303,-53.845300,3,2,0,-20.351534,-7.209303,-53.845300,-90.000000,926,False,False,True,False,True,False
927,3,Tier 3 — Partial reversal,2,BRD-K35240538,methylprednisolone,-8.862278,14.321532,-7.189413,3,2,0,-0.576720,-7.189413,-8.862278,-90.000000,927,True,False,False,False,True,False
928,3,Tier 3 — Partial reversal,2,BRD-K04923131,GSK-3-inhibitor-IX,30.897125,-7.152572,-73.118454,3,2,0,-16.457967,-7.152572,-73.118454,-90.000000,928,False,False,True,False,True,False
929,3,Tier 3 — Partial reversal,2,BRD-K57926513,tyrphostin-AG-1295,0.000000,-7.079002,-45.033310,3,2,0,-17.370771,-7.079002,-45.033310,-90.000000,929,False,False,True,False,True,False
930,3,Tier 3 — Partial reversal,2,BRD-K88172511,naltrexone,0.028894,-9.665401,-7.020775,3,2,0,-5.552427,-7.020775,-9.665401,-90.000000,930,False,False,True,False,True,False
931,3,Tier 3 — Partial reversal,2,BRD-K22631935,neurodazine,0.000000,-7.011980,-45.818382,3,2,0,-17.610121,-7.011980,-45.818382,-90.000000,931,False,False,True,False,True,False
932,3,Tier 3 — Partial reversal,2,BRD-K04993501,cefixime,2.466526,-6.963440,-9.121727,3,2,0,-4.539547,-6.963440,-9.121727,-90.000000,932,False,False,True,False,True,False
933,3,Tier 3 — Partial reversal,2,BRD-A13188892,doxazosin,0.000000,-6.941491,-18.230370,3,2,0,-8.390620,-6.941491,-18.230370,-90.000000,933,False,False,True,False,True,False
934,3,Tier 3 — Partial reversal,2,BRD-K73991644,isoquercetin,0.000000,-6.934295,-9.167049,3,2,0,-5.367115,-6.934295,-9.167049,-90.000000,934,False,False,True,False,True,False
935,3,Tier 3 — Partial reversal,2,BRD-A31204924,mitotane,0.000000,-8.799133,-6.739179,3,2,0,-5.179437,-6.739179,-8.799133,-90.000000,935,False,False,True,False,True,False
936,3,Tier 3 — Partial reversal,2,BRD-A85234536,N6-cyclopentyladenosine,21.928629,-9.297014,-6.619029,3,2,0,2.004195,-6.619029,-9.297014,-90.000000,936,False,False,True,False,True,False
937,3,Tier 3 — Partial reversal,2,BRD-K28863208,PNU-282987,1.585624,-6.579898,-6.597593,3,2,0,-3.863956,-6.579898,-6.597593,-90.000000,937,False,False,True,False,True,False
938,3,Tier 3 — Partial reversal,2,BRD-K42095107,daidzein,-6.451620,-11.170626,7.257739,3,2,0,-3.454836,-6.451620,-11.170626,-90.000000,938,True,False,True,False,False,False
939,3,Tier 3 — Partial reversal,2,BRD-K50417881,eticlopride,0.775194,-6.406246,-19.224092,3,2,0,-8.285048,-6.406246,-19.224092,-90.000000,939,False,False,True,False,True,False
940,3,Tier 3 — Partial reversal,2,BRD-K29733039,deforolimus,0.000000,-6.401520,-22.776600,3,2,0,-9.726040,-6.401520,-22.776600,-90.000000,940,False,False,True,False,True,False
941,3,Tier 3 — Partial reversal,2,BRD-K56334280,amonafide,0.000000,-7.258633,-6.305694,3,2,0,-4.521442,-6.305694,-7.258633,-90.000000,941,False,False,True,False,True,False
942,3,Tier 3 — Partial reversal,2,BRD-K09631521,thiotepa,-7.935284,-6.265929,2.607470,3,2,0,-3.864581,-6.265929,-7.935284,-90.000000,942,True,False,True,False,False,False
943,3,Tier 3 — Partial reversal,2,BRD-K52930707,rescinnamine,0.000000,-19.123558,-6.187078,3,2,0,-8.436879,-6.187078,-19.123558,-90.000000,943,False,False,True,False,True,False
944,3,Tier 3 — Partial reversal,2,BRD-K11634954,GBR-13069,-38.927418,5.370153,-6.095842,3,2,0,-13.217702,-6.095842,-38.927418,-90.000000,944,True,False,False,False,True,False
945,3,Tier 3 — Partial reversal,2,BRD-A77722753,hydralazine,-6.087437,-10.320614,15.805964,3,2,0,-0.200696,-6.087437,-10.320614,-90.000000,945,True,False,True,False,False,False
946,3,Tier 3 — Partial reversal,2,BRD-A38793261,BRD-A38793261,0.000000,-5.990134,-12.730184,3,2,0,-6.240106,-5.990134,-12.730184,-90.000000,946,False,False,True,False,True,False
947,3,Tier 3 — Partial reversal,2,BRD-A10420615,cyclopiazonic-acid,0.000000,-13.317424,-5.855055,3,2,0,-6.390826,-5.855055,-13.317424,-90.000000,947,False,False,True,False,True,False
948,3,Tier 3 — Partial reversal,2,BRD-K30816563,ranitidine,12.604802,-5.776535,-7.864151,3,2,0,-0.345295,-5.776535,-7.864151,-90.000000,948,False,False,True,False,True,False
949,3,Tier 3 — Partial reversal,2,BRD-K41859756,NVP-AUY922,0.000000,-44.019890,-5.764422,3,2,0,-16.594771,-5.764422,-44.019890,-90.000000,949,False,False,True,False,True,False
950,3,Tier 3 — Partial reversal,2,BRD-K92817986,BIX-02188,2.607470,-5.715065,-38.282830,3,2,0,-13.796808,-5.715065,-38.282830,-90.000000,950,False,False,True,False,True,False
951,3,Tier 3 — Partial reversal,2,BRD-A18419789,etoposide,0.000000,-5.671305,-15.641444,3,2,0,-7.104250,-5.671305,-15.641444,-90.000000,951,False,False,True,False,True,False
952,3,Tier 3 — Partial reversal,2,BRD-A22143024,estropipate,-14.700025,-5.620908,0.704722,3,2,0,-6.538737,-5.620908,-14.700025,-90.000000,952,True,False,True,False,False,False
953,3,Tier 3 — Partial reversal,2,BRD-K26947839,BRD-K26947839,-59.578117,-5.610674,4.060347,3,2,0,-20.376148,-5.610674,-59.578117,-90.000000,953,True,False,True,False,False,False
954,3,Tier 3 — Partial reversal,2,BRD-K61951118,FG-7142,21.262249,-5.607580,-10.595472,3,2,0,1.686399,-5.607580,-10.595472,-90.000000,954,False,False,True,False,True,False
955,3,Tier 3 — Partial reversal,2,BRD-K46317332,proadifen,0.000000,-6.953239,-5.563560,3,2,0,-4.172266,-5.563560,-6.953239,-90.000000,955,False,False,True,False,True,False
956,3,Tier 3 — Partial reversal,2,BRD-K09436313,prostaglandin,2.501762,-20.770996,-5.532065,3,2,0,-7.933766,-5.532065,-20.770996,-90.000000,956,False,False,True,False,True,False
957,3,Tier 3 — Partial reversal,2,BRD-K92778217,mefenamic-acid,0.563777,-16.796932,-5.499058,3,2,0,-7.244071,-5.499058,-16.796932,-90.000000,957,False,False,True,False,True,False
958,3,Tier 3 — Partial reversal,2,BRD-K96862998,pirfenidone,0.000000,-23.281265,-5.482670,3,2,0,-9.587978,-5.482670,-23.281265,-90.000000,958,False,False,True,False,True,False
959,3,Tier 3 — Partial reversal,2,BRD-K70751730,BRD-K70751730,0.000000,-44.232243,-5.426357,3,2,0,-16.552867,-5.426357,-44.232243,-90.000000,959,False,False,True,False,True,False
960,3,Tier 3 — Partial reversal,2,BRD-K33860217,CP-94253,0.000000,-5.388133,-14.690035,3,2,0,-6.692723,-5.388133,-14.690035,-90.000000,960,False,False,True,False,True,False
961,3,Tier 3 — Partial reversal,2,BRD-A24643465,homoharringtonine,0.000000,-5.355885,-5.426357,3,2,0,-3.594081,-5.355885,-5.426357,-90.000000,961,False,False,True,False,True,False
962,3,Tier 3 — Partial reversal,2,BRD-K95402279,geranylgeraniol,0.000000,-5.285412,-23.317547,3,2,0,-9.534320,-5.285412,-23.317547,-90.000000,962,False,False,True,False,True,False
963,3,Tier 3 — Partial reversal,2,BRD-K39120595,bithionol,16.275806,-5.253787,-5.925996,3,2,0,1.698674,-5.253787,-5.925996,-90.000000,963,False,False,True,False,True,False
964,3,Tier 3 — Partial reversal,2,BRD-K06895174,cisapride,0.029015,-5.179704,-7.223397,3,2,0,-4.124695,-5.179704,-7.223397,-90.000000,964,False,False,True,False,True,False
965,3,Tier 3 — Partial reversal,2,BRD-A36707673,hydroxycholesterol,0.000000,-7.623876,-5.144468,3,2,0,-4.256115,-5.144468,-7.623876,-90.000000,965,False,False,True,False,True,False
966,3,Tier 3 — Partial reversal,2,BRD-K38197229,bumetanide,0.000000,-5.144468,-7.102208,3,2,0,-4.082225,-5.144468,-7.102208,-90.000000,966,False,False,True,False,True,False
967,3,Tier 3 — Partial reversal,2,BRD-A67981824,cefotaxime,3.276956,-29.016073,-5.071164,3,2,0,-10.270094,-5.071164,-29.016073,-90.000000,967,False,False,True,False,True,False
968,3,Tier 3 — Partial reversal,2,BRD-K19111024,clofibric-acid,0.000000,-5.035276,-9.326733,3,2,0,-4.787336,-5.035276,-9.326733,-90.000000,968,False,False,True,False,True,False
969,3,Tier 3 — Partial reversal,2,BRD-K81783531,VX-222,0.000000,-4.927985,-5.496829,3,2,0,-3.474938,-4.927985,-5.496829,-90.000000,969,False,False,True,False,True,False
970,3,Tier 3 — Partial reversal,2,BRD-K80431395,triciribine,0.387597,-61.755740,-4.897815,3,2,0,-22.088653,-4.897815,-61.755740,-90.000000,970,False,False,True,False,True,False
971,3,Tier 3 — Partial reversal,2,BRD-A92651262,nalbuphine,0.000000,-4.863027,-4.914678,3,2,0,-3.259235,-4.863027,-4.914678,-90.000000,971,False,False,True,False,True,False
972,3,Tier 3 — Partial reversal,2,BRD-K61691971,avrainvillamide-analog-1,3.136011,-8.854360,-4.862579,3,2,0,-3.526976,-4.862579,-8.854360,-90.000000,972,False,False,True,False,True,False
973,3,Tier 3 — Partial reversal,2,BRD-K39944607,ochratoxin-a,0.000000,-4.799232,-19.050930,3,2,0,-7.950054,-4.799232,-19.050930,-90.000000,973,False,False,True,False,True,False
974,3,Tier 3 — Partial reversal,2,BRD-K68756823,FR-180204,0.000000,-4.792107,-46.726696,3,2,0,-17.172934,-4.792107,-46.726696,-90.000000,974,False,False,True,False,True,False
975,3,Tier 3 — Partial reversal,2,BRD-K43330982,JTE-013,0.000000,-4.746434,-13.510237,3,2,0,-6.085557,-4.746434,-13.510237,-90.000000,975,False,False,True,False,True,False
976,3,Tier 3 — Partial reversal,2,BRD-K96119599,leucodin,0.000000,-4.699340,-5.807671,3,2,0,-3.502337,-4.699340,-5.807671,-90.000000,976,False,False,True,False,True,False
977,3,Tier 3 — Partial reversal,2,BRD-K06753942,nobiletin,0.000000,-4.792107,-4.686399,3,2,0,-3.159502,-4.686399,-4.792107,-90.000000,977,False,False,True,False,True,False
978,3,Tier 3 — Partial reversal,2,BRD-K70881766,solanine,0.000000,-5.925028,-4.651163,3,2,0,-3.525397,-4.651163,-5.925028,-90.000000,978,False,False,True,False,True,False
979,3,Tier 3 — Partial reversal,2,BRD-K51541829,Ro-25-6981,-4.651163,-11.657699,9.071819,3,2,0,-2.412348,-4.651163,-11.657699,-90.000000,979,True,False,True,False,False,False
980,3,Tier 3 — Partial reversal,2,BRD-K79905821,gabazine,-6.800564,-4.619573,7.822410,3,2,0,-1.199242,-4.619573,-6.800564,-90.000000,980,True,False,True,False,False,False
981,3,Tier 3 — Partial reversal,2,BRD-K26117720,gingerol,0.000000,-4.582148,-9.654686,3,2,0,-4.745611,-4.582148,-9.654686,-90.000000,981,False,False,True,False,True,False
982,3,Tier 3 — Partial reversal,2,BRD-K34154330,tracazolate,0.387597,-4.580691,-64.170815,3,2,0,-22.787970,-4.580691,-64.170815,-90.000000,982,False,False,True,False,True,False
983,3,Tier 3 — Partial reversal,2,BRD-A25004090,erastin,4.087386,-6.458138,-4.535961,3,2,0,-2.302238,-4.535961,-6.458138,-90.000000,983,False,False,True,False,True,False
984,3,Tier 3 — Partial reversal,2,BRD-K63792901,arecaidine-but-2-ynyl-ester,0.000000,-7.143029,-4.515727,3,2,0,-3.886252,-4.515727,-7.143029,-90.000000,984,False,False,True,False,True,False
985,3,Tier 3 — Partial reversal,2,BRD-K68191783,ALW-II-38-3,0.000000,-10.584691,-4.439746,3,2,0,-5.008146,-4.439746,-10.584691,-90.000000,985,False,False,True,False,True,False
986,3,Tier 3 — Partial reversal,2,BRD-K31054881,BMY-7378,1.444679,-4.334038,-23.435852,3,2,0,-8.775070,-4.334038,-23.435852,-90.000000,986,False,False,True,False,True,False
987,3,Tier 3 — Partial reversal,2,BRD-A19661776,mianserin,0.000000,-4.540136,-4.298802,3,2,0,-2.946313,-4.298802,-4.540136,-90.000000,987,False,False,True,False,True,False
988,3,Tier 3 — Partial reversal,2,BRD-K85925969,zalcitabine,-4.252274,-8.560904,14.442003,3,2,0,0.542942,-4.252274,-8.560904,-90.000000,988,True,False,True,False,False,False
989,3,Tier 3 — Partial reversal,2,BRD-K64755930,etazolate,-4.786626,-4.241682,5.128186,3,2,0,-1.300041,-4.241682,-4.786626,-90.000000,989,True,False,True,False,False,False
990,3,Tier 3 — Partial reversal,2,BRD-K65146499,nabumetone,-4.193094,-41.073524,7.657006,3,2,0,-12.536537,-4.193094,-41.073524,-90.000000,990,True,False,True,False,False,False
991,3,Tier 3 — Partial reversal,2,BRD-K89626439,sirolimus,0.000000,-13.069743,-4.160033,3,2,0,-5.743259,-4.160033,-13.069743,-90.000000,991,False,False,True,False,True,False
992,3,Tier 3 — Partial reversal,2,BRD-A29260609,acebutolol,0.000000,-4.792107,-4.157857,3,2,0,-2.983321,-4.157857,-4.792107,-90.000000,992,False,False,True,False,True,False
993,3,Tier 3 — Partial reversal,2,BRD-A72483914,spiroxatrine,40.940040,-4.157857,-16.937197,3,2,0,6.614995,-4.157857,-16.937197,-90.000000,993,False,False,True,False,True,False
994,3,Tier 3 — Partial reversal,2,BRD-A02481876,importazole,0.000000,-4.139232,-75.049110,3,2,0,-26.396114,-4.139232,-75.049110,-90.000000,994,False,False,True,False,True,False
995,3,Tier 3 — Partial reversal,2,BRD-K06080977,eicosatetraynoic-acid,0.000000,-4.087386,-12.276879,3,2,0,-5.454755,-4.087386,-12.276879,-90.000000,995,False,False,True,False,True,False
996,3,Tier 3 — Partial reversal,2,BRD-K79759031,artesunate,0.140944,-16.553577,-4.054787,3,2,0,-6.822473,-4.054787,-16.553577,-90.000000,996,False,False,True,False,True,False
997,3,Tier 3 — Partial reversal,2,BRD-A43671941,oxprenolol,0.000000,-4.052149,-18.125900,3,2,0,-7.392683,-4.052149,-18.125900,-90.000000,997,False,False,True,False,True,False
998,3,Tier 3 — Partial reversal,2,BRD-K27074404,BRD-K27074404,-4.042503,-4.113632,16.965180,3,2,0,2.936348,-4.042503,-4.113632,-90.000000,998,True,False,True,False,False,False
999,3,Tier 3 — Partial reversal,2,BRD-K48722258,dilazep,0.000000,-4.016913,-28.312067,3,2,0,-10.776327,-4.016913,-28.312067,-90.000000,999,False,False,True,False,True,False
1000,3,Tier 3 — Partial reversal,2,BRD-K60923938,veratridine,-4.016913,13.078470,-8.185023,3,2,0,0.292178,-4.016913,-8.185023,-90.000000,1000,True,False,False,False,True,False
1001,3,Tier 3 — Partial reversal,2,BRD-K53987533,fluphenazine,0.000000,-11.075539,-3.954762,3,2,0,-5.010100,-3.954762,-11.075539,-90.000000,1001,False,False,True,False,True,False
1002,3,Tier 3 — Partial reversal,2,BRD-K79353516,indolophenanthridine,0.000000,-7.057286,-3.946441,3,2,0,-3.667909,-3.946441,-7.057286,-90.000000,1002,False,False,True,False,True,False
1003,3,Tier 3 — Partial reversal,2,BRD-K28075147,biochanin-a,-4.553530,-3.888007,3.488372,3,2,0,-1.651055,-3.888007,-4.553530,-90.000000,1003,True,False,True,False,False,False
1004,3,Tier 3 — Partial reversal,2,BRD-K62056274,N-methylquipazine,0.000000,-33.667915,-3.840733,3,2,0,-12.502883,-3.840733,-33.667915,-90.000000,1004,False,False,True,False,True,False
1005,3,Tier 3 — Partial reversal,2,BRD-A61392169,eliprodil,-3.810700,-18.237556,6.946306,3,2,0,-5.033983,-3.810700,-18.237556,-90.000000,1005,True,False,True,False,False,False
1006,3,Tier 3 — Partial reversal,2,BRD-K37798499,etoposide,-3.806832,-9.760395,0.965018,3,2,0,-4.200737,-3.806832,-9.760395,-90.000000,1006,True,False,True,False,False,False
1007,3,Tier 3 — Partial reversal,2,BRD-A56675431,altizide,-3.772134,-50.562187,24.034266,3,2,0,-10.100018,-3.772134,-50.562187,-90.000000,1007,True,False,True,False,False,False
1008,3,Tier 3 — Partial reversal,2,BRD-K48932581,cetraxate,0.000000,-3.730235,-6.545431,3,2,0,-3.425222,-3.730235,-6.545431,-90.000000,1008,False,False,True,False,True,False
1009,3,Tier 3 — Partial reversal,2,BRD-K48722833,iloperidone,0.000000,-3.699789,-31.774687,3,2,0,-11.824825,-3.699789,-31.774687,-90.000000,1009,False,False,True,False,True,False
1010,3,Tier 3 — Partial reversal,2,BRD-A27554692,altrenogest,-7.064630,-3.693751,15.592332,3,2,0,1.611317,-3.693751,-7.064630,-90.000000,1010,True,False,True,False,False,False
1011,3,Tier 3 — Partial reversal,2,BRD-A54029483,IRL-2500,-3.629316,-88.941390,31.475494,3,2,0,-20.365071,-3.629316,-88.941390,-90.000000,1011,True,False,True,False,False,False
1012,3,Tier 3 — Partial reversal,2,BRD-K57222227,indometacin,0.000000,-3.629316,-6.730721,3,2,0,-3.453346,-3.629316,-6.730721,-90.000000,1012,False,False,True,False,True,False
1013,3,Tier 3 — Partial reversal,2,BRD-K63606607,bufalin,-4.580691,-3.629316,0.000000,3,2,0,-2.736669,-3.629316,-4.580691,-90.000000,1013,True,False,True,False,False,False
1014,3,Tier 3 — Partial reversal,2,BRD-K62363391,dapsone,-3.594334,-36.852226,2.818204,3,2,0,-12.542785,-3.594334,-36.852226,-90.000000,1014,True,False,True,False,False,False
1015,3,Tier 3 — Partial reversal,2,BRD-K55677650,CO-101244,0.000000,-3.594080,-3.614581,3,2,0,-2.402887,-3.594080,-3.614581,-90.000000,1015,False,False,True,False,True,False
1016,3,Tier 3 — Partial reversal,2,BRD-K82255054,propofol,0.000000,-5.743481,-3.558844,3,2,0,-3.100775,-3.558844,-5.743481,-90.000000,1016,False,False,True,False,True,False
1017,3,Tier 3 — Partial reversal,2,BRD-A41722204,sulmazole,0.000000,-23.565514,-3.552694,3,2,0,-9.039403,-3.552694,-23.565514,-90.000000,1017,False,False,True,False,True,False
1018,3,Tier 3 — Partial reversal,2,BRD-A11706664,triciribine,0.000000,-45.460487,-3.523608,3,2,0,-16.328032,-3.523608,-45.460487,-90.000000,1018,False,False,True,False,True,False
1019,3,Tier 3 — Partial reversal,2,BRD-K34170797,fexaramine,0.000000,-3.500437,-8.290119,3,2,0,-3.930186,-3.500437,-8.290119,-90.000000,1019,False,False,True,False,True,False
1020,3,Tier 3 — Partial reversal,2,BRD-K34014345,naproxol,0.000000,-3.488372,-6.906624,3,2,0,-3.464999,-3.488372,-6.906624,-90.000000,1020,False,False,True,False,True,False
1021,3,Tier 3 — Partial reversal,2,BRD-K12002134,megestrol,0.000000,-3.453136,-18.963047,3,2,0,-7.472061,-3.453136,-18.963047,-90.000000,1021,False,False,True,False,True,False
1022,3,Tier 3 — Partial reversal,2,BRD-K68095457,palmitoylethanolamide,-3.594080,-3.453136,2.562200,3,2,0,-1.495006,-3.453136,-3.594080,-90.000000,1022,True,False,True,False,False,False
1023,3,Tier 3 — Partial reversal,2,BRD-K42679050,Y-27152,-3.445767,-25.646349,9.351720,3,2,0,-6.580132,-3.445767,-25.646349,-90.000000,1023,True,False,True,False,False,False
1024,3,Tier 3 — Partial reversal,2,BRD-K52911425,GDC-0941,54.355186,-3.397065,-11.372345,3,2,0,13.195259,-3.397065,-11.372345,-90.000000,1024,False,False,True,False,True,False
1025,3,Tier 3 — Partial reversal,2,BRD-K27305650,LY-294002,0.000000,-3.340294,-5.983727,3,2,0,-3.108007,-3.340294,-5.983727,-90.000000,1025,False,False,True,False,True,False
1026,3,Tier 3 — Partial reversal,2,BRD-K67080878,milrinone,-3.487742,-3.312192,1.338971,3,2,0,-1.820321,-3.312192,-3.487742,-90.000000,1026,True,False,True,False,False,False
1027,3,Tier 3 — Partial reversal,2,BRD-K49448285,bisindolylmaleimide,0.000000,-3.146594,-4.157857,3,2,0,-2.434817,-3.146594,-4.157857,-90.000000,1027,False,False,True,False,True,False
1028,3,Tier 3 — Partial reversal,2,BRD-K39339537,epirizole,0.000000,-11.102435,-3.136011,3,2,0,-4.746149,-3.136011,-11.102435,-90.000000,1028,False,False,True,False,True,False
1029,3,Tier 3 — Partial reversal,2,BRD-A92177080,betamethasone-acetate,0.000000,-3.133352,-12.839499,3,2,0,-5.324284,-3.133352,-12.839499,-90.000000,1029,False,False,True,False,True,False
1030,3,Tier 3 — Partial reversal,2,BRD-K55748775,SCH-28080,0.000000,-6.294043,-3.108470,3,2,0,-3.134171,-3.108470,-6.294043,-90.000000,1030,False,False,True,False,True,False
1031,3,Tier 3 — Partial reversal,2,BRD-U44618005,WH-4023,-6.044242,3.746501,-3.100775,3,2,0,-1.799505,-3.100775,-6.044242,-90.000000,1031,True,False,False,False,True,False
1032,3,Tier 3 — Partial reversal,2,BRD-K28453807,nitrocaramiphen,-3.910301,-2.995067,3.457863,3,2,0,-1.149168,-2.995067,-3.910301,-90.000000,1032,True,False,True,False,False,False
1033,3,Tier 3 — Partial reversal,2,BRD-K14807180,SB-221284,0.000000,-2.973519,-9.247992,3,2,0,-4.073837,-2.973519,-9.247992,-90.000000,1033,False,False,True,False,True,False
1034,3,Tier 3 — Partial reversal,2,BRD-A22897758,pinacidil,-2.889359,19.847519,-14.424997,3,2,0,0.844388,-2.889359,-14.424997,-90.000000,1034,True,False,False,False,True,False
1035,3,Tier 3 — Partial reversal,2,BRD-K32656671,BRD-K32656671,0.000000,-2.854123,-16.834316,3,2,0,-6.562813,-2.854123,-16.834316,-90.000000,1035,False,False,True,False,True,False
1036,3,Tier 3 — Partial reversal,2,BRD-K20338176,cefaclor,-19.047373,14.077422,-2.854123,3,2,0,-2.608025,-2.854123,-19.047373,-90.000000,1036,True,False,False,False,True,False
1037,3,Tier 3 — Partial reversal,2,BRD-K52459643,alprostadil,0.000000,-26.074934,-2.818887,3,2,0,-9.631274,-2.818887,-26.074934,-90.000000,1037,False,False,True,False,True,False
1038,3,Tier 3 — Partial reversal,2,BRD-K00675675,CL-82198,0.000000,-15.564301,-2.748414,3,2,0,-6.104238,-2.748414,-15.564301,-90.000000,1038,False,False,True,False,True,False
1039,3,Tier 3 — Partial reversal,2,BRD-K00959089,thenoyltrifluoroacetone,7.937413,-2.856164,-2.748414,3,2,0,0.777612,-2.748414,-2.856164,-90.000000,1039,False,False,True,False,True,False
1040,3,Tier 3 — Partial reversal,2,BRD-K97564742,mepyramine,-2.742922,-12.441508,3.241719,3,2,0,-3.980904,-2.742922,-12.441508,-90.000000,1040,True,False,True,False,False,False
1041,3,Tier 3 — Partial reversal,2,BRD-A64227845,SKF-77434,-2.739900,0.000000,-44.315010,3,2,0,-15.684970,-2.739900,-44.315010,-90.000000,1041,True,False,False,False,True,False
1042,3,Tier 3 — Partial reversal,2,BRD-K55424922,anpirtoline,-2.717679,-2.841923,2.677942,3,2,0,-0.960553,-2.717679,-2.841923,-90.000000,1042,True,False,True,False,False,False
1043,3,Tier 3 — Partial reversal,2,BRD-K43797669,genistein,0.000000,-2.703454,-4.879854,3,2,0,-2.527769,-2.703454,-4.879854,-90.000000,1043,False,False,True,False,True,False
1044,3,Tier 3 — Partial reversal,2,BRD-K74195153,irsogladine,0.000000,-2.642706,-7.310138,3,2,0,-3.317615,-2.642706,-7.310138,-90.000000,1044,False,False,True,False,True,False
1045,3,Tier 3 — Partial reversal,2,BRD-K64614248,salicin,0.000000,-2.642413,-6.947993,3,2,0,-3.196802,-2.642413,-6.947993,-90.000000,1045,False,False,True,False,True,False
1046,3,Tier 3 — Partial reversal,2,BRD-K94176593,TWS-119,-2.572234,8.574074,-45.039690,3,2,0,-13.012617,-2.572234,-45.039690,-90.000000,1046,True,False,False,False,True,False
1047,3,Tier 3 — Partial reversal,2,BRD-K96740444,itopride,-2.561871,47.859330,-39.725140,3,2,0,1.857440,-2.561871,-39.725140,-90.000000,1047,True,False,False,False,True,False
1048,3,Tier 3 — Partial reversal,2,BRD-K70505054,ranitidine,0.000000,-2.536998,-27.521350,3,2,0,-10.019449,-2.536998,-27.521350,-90.000000,1048,False,False,True,False,True,False
1049,3,Tier 3 — Partial reversal,2,BRD-A45543382,metrizamide,-26.399998,-2.536998,1.902748,3,2,0,-9.011416,-2.536998,-26.399998,-90.000000,1049,True,False,True,False,False,False
1050,3,Tier 3 — Partial reversal,2,BRD-K78883024,BRD-K78883024,-2.536998,14.921373,-37.777657,3,2,0,-8.464427,-2.536998,-37.777657,-90.000000,1050,True,False,False,False,True,False
1051,3,Tier 3 — Partial reversal,2,BRD-K65910366,KU-C103904N,33.283127,-4.052149,-2.519432,3,2,0,8.903849,-2.519432,-4.052149,-90.000000,1051,False,False,True,False,True,False
1052,3,Tier 3 — Partial reversal,2,BRD-A15435692,BMY-14802,2.501762,-24.882069,-2.501762,3,2,0,-8.294023,-2.501762,-24.882069,-90.000000,1052,False,False,True,False,True,False
1053,3,Tier 3 — Partial reversal,2,BRD-K70281171,U-99194,1.409443,-2.501762,-6.648811,3,2,0,-2.580377,-2.501762,-6.648811,-90.000000,1053,False,False,True,False,True,False
1054,3,Tier 3 — Partial reversal,2,BRD-K42693031,glimepiride,-2.501762,-4.792107,9.252043,3,2,0,0.652725,-2.501762,-4.792107,-90.000000,1054,True,False,True,False,False,False
1055,3,Tier 3 — Partial reversal,2,BRD-A84389091,L-655708,0.000000,-6.293643,-2.466526,3,2,0,-2.920056,-2.466526,-6.293643,-90.000000,1055,False,False,True,False,True,False
1056,3,Tier 3 — Partial reversal,2,BRD-K80672993,M2-PK-activator,-2.431290,6.741989,-25.700344,3,2,0,-7.129882,-2.431290,-25.700344,-90.000000,1056,True,False,False,False,True,False
1057,3,Tier 3 — Partial reversal,2,BRD-K30990140,FR-122047,1.902748,-2.396054,-37.095238,3,2,0,-12.529514,-2.396054,-37.095238,-90.000000,1057,False,False,True,False,True,False
1058,3,Tier 3 — Partial reversal,2,BRD-K96670504,lonidamine,1.902748,-19.838577,-2.396054,3,2,0,-6.777294,-2.396054,-19.838577,-90.000000,1058,False,False,True,False,True,False
1059,3,Tier 3 — Partial reversal,2,BRD-A54632525,BRD-A54632525,0.000000,-12.376345,-2.396054,3,2,0,-4.924133,-2.396054,-12.376345,-90.000000,1059,False,False,True,False,True,False
1060,3,Tier 3 — Partial reversal,2,BRD-A78322124,dobutamine,3.661832,-9.790035,-2.396054,3,2,0,-2.841419,-2.396054,-9.790035,-90.000000,1060,False,False,True,False,True,False
1061,3,Tier 3 — Partial reversal,2,BRD-A99164655,dihydrexidine,0.000000,-2.473292,-2.396054,3,2,0,-1.623115,-2.396054,-2.473292,-90.000000,1061,False,False,True,False,True,False
1062,3,Tier 3 — Partial reversal,2,BRD-K94832621,Y-134,-2.360817,8.886818,-18.271442,3,2,0,-3.915147,-2.360817,-18.271442,-90.000000,1062,True,False,False,False,True,False
1063,3,Tier 3 — Partial reversal,2,BRD-A49046702,SKF-89976A,-2.360817,35.385418,-37.121017,3,2,0,-1.365472,-2.360817,-37.121017,-90.000000,1063,True,False,False,False,True,False
1064,3,Tier 3 — Partial reversal,2,BRD-A97739905,ketoprofen,-2.345980,24.585886,-43.990623,3,2,0,-7.250239,-2.345980,-43.990623,-90.000000,1064,True,False,False,False,True,False
1065,3,Tier 3 — Partial reversal,2,BRD-K36740062,GSK-1070916,0.000000,-11.245047,-2.325581,3,2,0,-4.523543,-2.325581,-11.245047,-90.000000,1065,False,False,True,False,True,False
1066,3,Tier 3 — Partial reversal,2,BRD-U01690642,acetyl-geranyl-cysteine,0.000000,-12.545020,-2.290345,3,2,0,-4.945122,-2.290345,-12.545020,-90.000000,1066,False,False,True,False,True,False
1067,3,Tier 3 — Partial reversal,2,BRD-K36529613,PU-H71,0.000000,-4.580691,-2.290345,3,2,0,-2.290345,-2.290345,-4.580691,-90.000000,1067,False,False,True,False,True,False
1068,3,Tier 3 — Partial reversal,2,BRD-A65280694,molindone,0.586804,-2.255109,-37.763702,3,2,0,-13.144002,-2.255109,-37.763702,-90.000000,1068,False,False,True,False,True,False
1069,3,Tier 3 — Partial reversal,2,BRD-A97701745,pindolol,0.000000,-5.888205,-2.255109,3,2,0,-2.714438,-2.255109,-5.888205,-90.000000,1069,False,False,True,False,True,False
1070,3,Tier 3 — Partial reversal,2,BRD-A02189320,met-leu-phe,2.008457,-2.219873,-11.358840,3,2,0,-3.856752,-2.219873,-11.358840,-90.000000,1070,False,False,True,False,True,False
1071,3,Tier 3 — Partial reversal,2,BRD-A54490543,pirlindole,0.000000,-13.417249,-2.201839,3,2,0,-5.206363,-2.201839,-13.417249,-90.000000,1071,False,False,True,False,True,False
1072,3,Tier 3 — Partial reversal,2,BRD-K17008822,BD-1008,-2.184637,-28.569162,0.739958,3,2,0,-10.004614,-2.184637,-28.569162,-90.000000,1072,True,False,True,False,False,False
1073,3,Tier 3 — Partial reversal,2,BRD-K59522102,piperine,-2.184637,-13.437392,13.338630,3,2,0,-0.761133,-2.184637,-13.437392,-90.000000,1073,True,False,True,False,False,False
1074,3,Tier 3 — Partial reversal,2,BRD-K76064317,tyrphostin-AG-1296,-2.114165,0.000000,-61.423640,3,2,0,-21.179268,-2.114165,-61.423640,-90.000000,1074,True,False,False,False,True,False
1075,3,Tier 3 — Partial reversal,2,BRD-A63836183,PD-123319,0.000000,-21.306643,-2.114165,3,2,0,-7.806936,-2.114165,-21.306643,-90.000000,1075,False,False,True,False,True,False
1076,3,Tier 3 — Partial reversal,2,BRD-K23623876,decafluorobutane,0.000000,-17.837170,-2.114165,3,2,0,-6.650445,-2.114165,-17.837170,-90.000000,1076,False,False,True,False,True,False
1077,3,Tier 3 — Partial reversal,2,BRD-K46211610,tolazoline,-2.078929,-4.721635,3.030303,3,2,0,-1.256754,-2.078929,-4.721635,-90.000000,1077,True,False,True,False,False,False
1078,3,Tier 3 — Partial reversal,2,BRD-K66792149,quinoclamine,-2.054975,-23.314730,21.656153,3,2,0,-1.237851,-2.054975,-23.314730,-90.000000,1078,True,False,True,False,False,False
1079,3,Tier 3 — Partial reversal,2,BRD-K36007650,puromycin,0.000000,-3.263932,-2.043693,3,2,0,-1.769208,-2.043693,-3.263932,-90.000000,1079,False,False,True,False,True,False
1080,3,Tier 3 — Partial reversal,2,BRD-K12994359,valdecoxib,0.352361,-2.008457,-2.904627,3,2,0,-1.520241,-2.008457,-2.904627,-90.000000,1080,False,False,True,False,True,False
1081,3,Tier 3 — Partial reversal,2,BRD-K25186396,tangeritin,-11.364012,23.997720,-1.990376,3,2,0,3.547777,-1.990376,-11.364012,-90.000000,1081,True,False,False,False,True,False
1082,3,Tier 3 — Partial reversal,2,BRD-K34608650,GP-2a,-1.973221,2.800200,-43.700348,3,2,0,-14.291123,-1.973221,-43.700348,-90.000000,1082,True,False,False,False,True,False
1083,3,Tier 3 — Partial reversal,2,BRD-K14282469,LY-165163,-1.973221,-2.524895,31.634846,3,2,0,9.045577,-1.973221,-2.524895,-90.000000,1083,True,False,True,False,False,False
1084,3,Tier 3 — Partial reversal,2,BRD-K97688263,benzamil,0.000000,-4.767247,-1.937984,3,2,0,-2.235077,-1.937984,-4.767247,-90.000000,1084,False,False,True,False,True,False
1085,3,Tier 3 — Partial reversal,2,BRD-K71003802,hippeastrine,-1.937984,-14.250825,14.591217,3,2,0,-0.532531,-1.937984,-14.250825,-90.000000,1085,True,False,True,False,False,False
1086,3,Tier 3 — Partial reversal,2,BRD-K24053527,dextromethorphan,0.000000,-18.384250,-1.902748,3,2,0,-6.762333,-1.902748,-18.384250,-90.000000,1086,False,False,True,False,True,False
1087,3,Tier 3 — Partial reversal,2,BRD-K20920669,cromoglicic-acid,0.000000,-1.902748,-5.179704,3,2,0,-2.360818,-1.902748,-5.179704,-90.000000,1087,False,False,True,False,True,False
1088,3,Tier 3 — Partial reversal,2,BRD-K30697463,desoximetasone,0.000000,-1.902748,-2.325581,3,2,0,-1.409443,-1.902748,-2.325581,-90.000000,1088,False,False,True,False,True,False
1089,3,Tier 3 — Partial reversal,2,BRD-K04546108,JAK3-inhibitor-VI,-3.270290,16.424980,-1.902748,3,2,0,3.750647,-1.902748,-3.270290,-90.000000,1089,True,False,False,False,True,False
1090,3,Tier 3 — Partial reversal,2,BRD-K20714604,RS-56812,-1.889379,2.043693,-55.611603,3,2,0,-18.485763,-1.889379,-55.611603,-90.000000,1090,True,False,False,False,True,False
1091,3,Tier 3 — Partial reversal,2,BRD-K50841342,PAC-1,-1.857809,0.000000,-1.878294,3,2,0,-1.245367,-1.857809,-1.878294,-90.000000,1091,True,False,False,False,True,False
1092,3,Tier 3 — Partial reversal,2,BRD-K20986251,lithocholic-acid,0.000000,-20.823095,-1.842129,3,2,0,-7.555074,-1.842129,-20.823095,-90.000000,1092,False,False,True,False,True,False
1093,3,Tier 3 — Partial reversal,2,BRD-K33459542,ditolylguanidine,0.000000,-5.756596,-1.832276,3,2,0,-2.529624,-1.832276,-5.756596,-90.000000,1093,False,False,True,False,True,False
1094,3,Tier 3 — Partial reversal,2,BRD-K81473089,tacrine,0.669486,-2.319842,-1.832276,3,2,0,-1.160878,-1.832276,-2.319842,-90.000000,1094,False,False,True,False,True,False
1095,3,Tier 3 — Partial reversal,2,BRD-K67445247,flurofamide,-1.797040,-37.272293,7.435053,3,2,0,-10.544760,-1.797040,-37.272293,-90.000000,1095,True,False,True,False,False,False
1096,3,Tier 3 — Partial reversal,2,BRD-K28168037,fenretinide,66.003525,-22.161076,-1.797040,3,2,0,14.015136,-1.797040,-22.161076,-90.000000,1096,False,False,True,False,True,False
1097,3,Tier 3 — Partial reversal,2,BRD-K47207162,zimelidine,5.142922,-1.784864,-6.500937,3,2,0,-1.047626,-1.784864,-6.500937,-90.000000,1097,False,False,True,False,True,False
1098,3,Tier 3 — Partial reversal,2,BRD-K70976396,cefoxitin,0.000000,-18.234870,-1.780893,3,2,0,-6.671921,-1.780893,-18.234870,-90.000000,1098,False,False,True,False,True,False
1099,3,Tier 3 — Partial reversal,2,BRD-K67680372,CI-966,1.233263,-1.761804,-21.526545,3,2,0,-7.351695,-1.761804,-21.526545,-90.000000,1099,False,False,True,False,True,False
1100,3,Tier 3 — Partial reversal,2,BRD-A75172220,hydrocortisone,-1.761804,-29.490620,25.171673,3,2,0,-2.026917,-1.761804,-29.490620,-90.000000,1100,True,False,True,False,False,False
1101,3,Tier 3 — Partial reversal,2,BRD-K91601245,mercaptopurine,0.000000,-1.691332,-19.204388,3,2,0,-6.965240,-1.691332,-19.204388,-90.000000,1101,False,False,True,False,True,False
1102,3,Tier 3 — Partial reversal,2,BRD-K97799481,theophylline,-1.691332,1.233263,-1.691332,3,2,0,-0.716467,-1.691332,-1.691332,-90.000000,1102,True,False,False,False,True,False
1103,3,Tier 3 — Partial reversal,2,BRD-A93206962,L-755507,11.804602,-4.404510,-1.639684,3,2,0,1.920136,-1.639684,-4.404510,-90.000000,1103,False,False,True,False,True,False
1104,3,Tier 3 — Partial reversal,2,BRD-A72441487,stiripentol,0.000000,-17.819400,-1.620860,3,2,0,-6.480087,-1.620860,-17.819400,-90.000000,1104,False,False,True,False,True,False
1105,3,Tier 3 — Partial reversal,2,BRD-K86600316,RS-79948,-1.585624,-4.862579,3.312192,3,2,0,-1.045337,-1.585624,-4.862579,-90.000000,1105,True,False,True,False,False,False
1106,3,Tier 3 — Partial reversal,2,BRD-A94413429,NTNCB,-1.550388,6.544220,-14.868956,3,2,0,-3.291708,-1.550388,-14.868956,-90.000000,1106,True,False,False,False,True,False
1107,3,Tier 3 — Partial reversal,2,BRD-A89049230,BRD-A89049230,0.000000,-1.544083,-12.487419,3,2,0,-4.677167,-1.544083,-12.487419,-90.000000,1107,False,False,True,False,True,False
1108,3,Tier 3 — Partial reversal,2,BRD-A94543220,bifonazole,0.842757,-15.827907,-1.515151,3,2,0,-5.500100,-1.515151,-15.827907,-90.000000,1108,False,False,True,False,True,False
1109,3,Tier 3 — Partial reversal,2,BRD-A51820102,econazole,0.000000,-1.487451,-28.704649,3,2,0,-10.064033,-1.487451,-28.704649,-90.000000,1109,False,False,True,False,True,False
1110,3,Tier 3 — Partial reversal,2,BRD-A60414806,vincristine,-1.479915,-72.224960,58.874330,3,2,0,-4.943515,-1.479915,-72.224960,-90.000000,1110,True,False,True,False,False,False
1111,3,Tier 3 — Partial reversal,2,BRD-K74514084,pazopanib,-1.479915,-4.369274,0.000000,3,2,0,-1.949730,-1.479915,-4.369274,-90.000000,1111,True,False,True,False,False,False
1112,3,Tier 3 — Partial reversal,2,BRD-K97399794,quercetin,0.000000,-1.472339,-4.897815,3,2,0,-2.123385,-1.472339,-4.897815,-90.000000,1112,False,False,True,False,True,False
1113,3,Tier 3 — Partial reversal,2,BRD-A25775766,securinine,2.360817,-14.203725,-1.444679,3,2,0,-4.429196,-1.444679,-14.203725,-90.000000,1113,False,False,True,False,True,False
1114,3,Tier 3 — Partial reversal,2,BRD-A49370193,Ro-60-0175,-5.135679,-1.444679,0.000000,3,2,0,-2.193453,-1.444679,-5.135679,-90.000000,1114,True,False,True,False,False,False
1115,3,Tier 3 — Partial reversal,2,BRD-K38903228,hesperidin,0.000000,-1.402454,-6.091268,3,2,0,-2.497907,-1.402454,-6.091268,-90.000000,1115,False,False,True,False,True,False
1116,3,Tier 3 — Partial reversal,2,BRD-K66896231,ipidacrine,0.000000,-1.479915,-1.374207,3,2,0,-0.951374,-1.374207,-1.479915,-90.000000,1116,False,False,True,False,True,False
1117,3,Tier 3 — Partial reversal,2,BRD-A63894585,clobetasol,-1.374207,9.502671,-1.479915,3,2,0,2.216183,-1.374207,-1.479915,-90.000000,1117,True,False,False,False,True,False
1118,3,Tier 3 — Partial reversal,2,BRD-K32610195,androstenedione,0.000000,-1.338971,-8.914740,3,2,0,-3.417904,-1.338971,-8.914740,-90.000000,1118,False,False,True,False,True,False
1119,3,Tier 3 — Partial reversal,2,BRD-K17306061,aprepitant,-2.675298,-1.338971,0.000000,3,2,0,-1.338090,-1.338971,-2.675298,-90.000000,1119,True,False,True,False,False,False
1120,3,Tier 3 — Partial reversal,2,BRD-K89375097,pirenzepine,-1.338971,20.851162,-20.026236,3,2,0,-0.171348,-1.338971,-20.026236,-90.000000,1120,True,False,False,False,True,False
1121,3,Tier 3 — Partial reversal,2,BRD-K00256256,BRD-K00256256,-1.330936,4.686399,-13.323057,3,2,0,-3.322531,-1.330936,-13.323057,-90.000000,1121,True,False,False,False,True,False
1122,3,Tier 3 — Partial reversal,2,BRD-K31987754,oleylethanolamide,-20.368584,-1.316660,14.602722,3,2,0,-2.360840,-1.316660,-20.368584,-90.000000,1122,True,False,True,False,False,False
1123,3,Tier 3 — Partial reversal,2,BRD-K28761384,zuclopenthixol,0.000000,-1.303735,-76.904910,3,2,0,-26.069548,-1.303735,-76.904910,-90.000000,1123,False,False,True,False,True,False
1124,3,Tier 3 — Partial reversal,2,BRD-K24526313,levcromakalim,0.000000,-1.303735,-1.409443,3,2,0,-0.904393,-1.303735,-1.409443,-90.000000,1124,False,False,True,False,True,False
1125,3,Tier 3 — Partial reversal,2,BRD-A73581086,ergometrine,-1.268499,9.232933,-7.223397,3,2,0,0.247012,-1.268499,-7.223397,-90.000000,1125,True,False,False,False,True,False
1126,3,Tier 3 — Partial reversal,2,BRD-K32311154,nifekalant,0.000000,-1.233263,-22.517820,3,2,0,-7.917028,-1.233263,-22.517820,-90.000000,1126,False,False,True,False,True,False
1127,3,Tier 3 — Partial reversal,2,BRD-K44084986,Y-27632,0.000000,-1.233263,-7.353433,3,2,0,-2.862232,-1.233263,-7.353433,-90.000000,1127,False,False,True,False,True,False
1128,3,Tier 3 — Partial reversal,2,BRD-A68929948,DAPT-GSI-IX,-54.058712,5.948895,-1.208082,3,2,0,-16.439299,-1.208082,-54.058712,-90.000000,1128,True,False,False,False,True,False
1129,3,Tier 3 — Partial reversal,2,BRD-K09186807,KIN001-244,0.000000,-7.003759,-1.198027,3,2,0,-2.733929,-1.198027,-7.003759,-90.000000,1129,False,False,True,False,True,False
1130,3,Tier 3 — Partial reversal,2,BRD-A82590476,SDZ-NKT-343,-1.198027,16.659798,-20.749454,3,2,0,-1.762561,-1.198027,-20.749454,-90.000000,1130,True,False,False,False,True,False
1131,3,Tier 3 — Partial reversal,2,BRD-K00656370,6-aminochrysene,0.000000,-3.887855,-1.198027,3,2,0,-1.695294,-1.198027,-3.887855,-90.000000,1131,False,False,True,False,True,False
1132,3,Tier 3 — Partial reversal,2,BRD-A89434049,sarmentogenin,0.964975,-1.685020,-1.179414,3,2,0,-0.633153,-1.179414,-1.685020,-90.000000,1132,False,False,True,False,True,False
1133,3,Tier 3 — Partial reversal,2,BRD-K55344148,BU-224,-62.957450,10.624887,-1.162791,3,2,0,-17.831785,-1.162791,-62.957450,-90.000000,1133,True,False,False,False,True,False
1134,3,Tier 3 — Partial reversal,2,BRD-K32755366,reserpic-acid,1.468861,-1.162791,-25.633430,3,2,0,-8.442453,-1.162791,-25.633430,-90.000000,1134,False,False,True,False,True,False
1135,3,Tier 3 — Partial reversal,2,BRD-K08640512,RS-100329,0.000000,-1.444679,-1.137611,3,2,0,-0.860764,-1.137611,-1.444679,-90.000000,1135,False,False,True,False,True,False
1136,3,Tier 3 — Partial reversal,2,BRD-A01145011,zebularine,0.000000,-11.189899,-1.127555,3,2,0,-4.105818,-1.127555,-11.189899,-90.000000,1136,False,False,True,False,True,False
1137,3,Tier 3 — Partial reversal,2,BRD-K06593056,LE-135,0.033283,-2.572234,-1.127555,3,2,0,-1.222169,-1.127555,-2.572234,-90.000000,1137,False,False,True,False,True,False
1138,3,Tier 3 — Partial reversal,2,BRD-K77286328,reversine,0.000000,-1.233263,-1.127555,3,2,0,-0.786939,-1.127555,-1.233263,-90.000000,1138,False,False,True,False,True,False
1139,3,Tier 3 — Partial reversal,2,BRD-A75769826,SDM-25N,0.023043,-57.412000,-1.105789,3,2,0,-19.498249,-1.105789,-57.412000,-90.000000,1139,False,False,True,False,True,False
1140,3,Tier 3 — Partial reversal,2,BRD-K05151076,ZK-164015,-19.451313,-1.095258,23.379616,3,2,0,0.944348,-1.095258,-19.451313,-90.000000,1140,True,False,True,False,False,False
1141,3,Tier 3 — Partial reversal,2,BRD-K49890030,gavestinel,0.000000,-1.092318,-4.298802,3,2,0,-1.797040,-1.092318,-4.298802,-90.000000,1141,False,False,True,False,True,False
1142,3,Tier 3 — Partial reversal,2,BRD-K86434416,selegiline,-1.092318,37.685806,-13.389711,3,2,0,7.734592,-1.092318,-13.389711,-90.000000,1142,True,False,False,False,True,False
1143,3,Tier 3 — Partial reversal,2,BRD-K19605405,ZM-241385,0.669486,-21.482311,-1.057082,3,2,0,-7.289969,-1.057082,-21.482311,-90.000000,1143,False,False,True,False,True,False
1144,3,Tier 3 — Partial reversal,2,BRD-K32645441,dipropyl-5ct,-1.057082,-31.211550,13.196514,3,2,0,-6.357373,-1.057082,-31.211550,-90.000000,1144,True,False,True,False,False,False
1145,3,Tier 3 — Partial reversal,2,BRD-K93754473,tamoxifen,0.000000,-1.057082,-8.258219,3,2,0,-3.105100,-1.057082,-8.258219,-90.000000,1145,False,False,True,False,True,False
1146,3,Tier 3 — Partial reversal,2,BRD-K28578425,cilostamide,1.409443,-3.629316,-1.057082,3,2,0,-1.092318,-1.057082,-3.629316,-90.000000,1146,False,False,True,False,True,False
1147,3,Tier 3 — Partial reversal,2,BRD-K67844266,pevonedistat,-1.057082,-22.674932,57.302345,3,2,0,11.190110,-1.057082,-22.674932,-90.000000,1147,True,False,True,False,False,False
1148,3,Tier 3 — Partial reversal,2,BRD-K28470988,L-690330,0.000000,-1.048272,-14.887165,3,2,0,-5.311812,-1.048272,-14.887165,-90.000000,1148,False,False,True,False,True,False
1149,3,Tier 3 — Partial reversal,2,BRD-K68620903,dydrogesterone,11.834037,-1.026698,-1.198027,3,2,0,3.203104,-1.026698,-1.198027,-90.000000,1149,False,False,True,False,True,False
1150,3,Tier 3 — Partial reversal,2,BRD-A32949107,MRS-1845,-1.021846,4.968287,-15.367980,3,2,0,-3.807180,-1.021846,-15.367980,-90.000000,1150,True,False,False,False,True,False
1151,3,Tier 3 — Partial reversal,2,BRD-A45333398,periplocymarin,-1.021846,-4.981249,3.355008,3,2,0,-0.882696,-1.021846,-4.981249,-90.000000,1151,True,False,True,False,False,False
1152,3,Tier 3 — Partial reversal,2,BRD-K09485525,GANT-61,47.777110,-18.975803,-1.021846,3,2,0,9.259820,-1.021846,-18.975803,-90.000000,1152,False,False,True,False,True,False
1153,3,Tier 3 — Partial reversal,2,BRD-K50325075,UCL-2077,-0.999481,-16.402695,21.926882,3,2,0,1.508235,-0.999481,-16.402695,-90.000000,1153,True,False,True,False,False,False
1154,3,Tier 3 — Partial reversal,2,BRD-A96456596,FPL-55712,-0.986610,-29.043266,4.001588,3,2,0,-8.676096,-0.986610,-29.043266,-90.000000,1154,True,False,True,False,False,False
1155,3,Tier 3 — Partial reversal,2,BRD-K79404599,enzastaurin,0.027749,-0.986610,-9.495766,3,2,0,-3.484876,-0.986610,-9.495766,-90.000000,1155,False,False,True,False,True,False
1156,3,Tier 3 — Partial reversal,2,BRD-K05396879,15-delta-prostaglandin-j2,0.140944,-0.986610,-5.094526,3,2,0,-1.980064,-0.986610,-5.094526,-90.000000,1156,False,False,True,False,True,False
1157,3,Tier 3 — Partial reversal,2,BRD-K00486786,Ro-08-2750,-0.986610,-4.439746,0.775194,3,2,0,-1.550388,-0.986610,-4.439746,-90.000000,1157,True,False,True,False,False,False
1158,3,Tier 3 — Partial reversal,2,BRD-K77008974,WYE-354,2.607470,-1.092318,-0.986610,3,2,0,0.176180,-0.986610,-1.092318,-90.000000,1158,False,False,True,False,True,False
1159,3,Tier 3 — Partial reversal,2,BRD-A29082194,gitoxigenin,-0.951374,-20.355946,3.664553,3,2,0,-5.880923,-0.951374,-20.355946,-90.000000,1159,True,False,True,False,False,False
1160,3,Tier 3 — Partial reversal,2,BRD-K27710560,splitomycin,0.000000,-0.951374,-10.855337,3,2,0,-3.935570,-0.951374,-10.855337,-90.000000,1160,False,False,True,False,True,False
1161,3,Tier 3 — Partial reversal,2,BRD-K82941592,rosuvastatin,-6.448203,2.607470,-0.951374,3,2,0,-1.597369,-0.951374,-6.448203,-90.000000,1161,True,False,False,False,True,False
1162,3,Tier 3 — Partial reversal,2,BRD-K56745457,azauridine,-0.951374,-3.768816,0.634249,3,2,0,-1.361980,-0.951374,-3.768816,-90.000000,1162,True,False,True,False,False,False
1163,3,Tier 3 — Partial reversal,2,BRD-K68402494,ML-9,2.043693,-0.951374,-3.979188,3,2,0,-0.962290,-0.951374,-3.979188,-90.000000,1163,False,False,True,False,True,False
1164,3,Tier 3 — Partial reversal,2,BRD-K66615216,moxifloxacin,-0.951374,-1.127555,4.686399,3,2,0,0.869157,-0.951374,-1.127555,-90.000000,1164,True,False,True,False,False,False
1165,3,Tier 3 — Partial reversal,2,BRD-A29289453,PCA-4248,0.000000,-0.916138,-0.916138,3,2,0,-0.610759,-0.916138,-0.916138,-90.000000,1165,False,False,True,False,True,False
1166,3,Tier 3 — Partial reversal,2,BRD-K63533170,AM-630,-1.585624,-0.916138,3.362163,3,2,0,0.286800,-0.916138,-1.585624,-90.000000,1166,True,False,True,False,False,False
1167,3,Tier 3 — Partial reversal,2,BRD-A43882281,pinacidil,-1.627213,16.732706,-0.916138,3,2,0,4.729785,-0.916138,-1.627213,-90.000000,1167,True,False,False,False,True,False
1168,3,Tier 3 — Partial reversal,2,BRD-K80738081,resveratrol,-0.875691,2.184637,-1.303735,3,2,0,0.001737,-0.875691,-1.303735,-90.000000,1168,True,False,False,False,True,False
1169,3,Tier 3 — Partial reversal,2,BRD-K81847782,scandenin,35.514190,-0.857756,-46.657550,3,2,0,-4.000372,-0.857756,-46.657550,-90.000000,1169,False,False,True,False,True,False
1170,3,Tier 3 — Partial reversal,2,BRD-K62929068,6-benzylaminopurine,-0.845666,15.265034,-1.761804,3,2,0,4.219188,-0.845666,-1.761804,-90.000000,1170,True,False,False,False,True,False
1171,3,Tier 3 — Partial reversal,2,BRD-K41903098,diphenoxylate,28.521622,-0.845666,-8.045177,3,2,0,6.543593,-0.845666,-8.045177,-90.000000,1171,False,False,True,False,True,False
1172,3,Tier 3 — Partial reversal,2,BRD-A18579359,wiskostatin,-0.845148,-3.206483,27.808485,3,2,0,7.918951,-0.845148,-3.206483,-90.000000,1172,True,False,True,False,False,False
1173,3,Tier 3 — Partial reversal,2,BRD-K72903603,zidovudine,0.000000,-13.382148,-0.810430,3,2,0,-4.730859,-0.810430,-13.382148,-90.000000,1173,False,False,True,False,True,False
1174,3,Tier 3 — Partial reversal,2,BRD-A61793559,metolazone,0.000000,-29.501705,-0.775194,3,2,0,-10.092300,-0.775194,-29.501705,-90.000000,1174,False,False,True,False,True,False
1175,3,Tier 3 — Partial reversal,2,BRD-A87445400,yohimbine,0.000000,-15.291097,-0.775194,3,2,0,-5.355430,-0.775194,-15.291097,-90.000000,1175,False,False,True,False,True,False
1176,3,Tier 3 — Partial reversal,2,BRD-K42098891,protriptyline,0.000000,-0.775194,-3.840733,3,2,0,-1.538642,-0.775194,-3.840733,-90.000000,1176,False,False,True,False,True,False
1177,3,Tier 3 — Partial reversal,2,BRD-K40965114,cyanopindolol,5.402758,-0.775194,-0.792201,3,2,0,1.278455,-0.775194,-0.792201,-90.000000,1177,False,False,True,False,True,False
1178,3,Tier 3 — Partial reversal,2,BRD-K54704028,BAY-36-7620,-13.598570,-0.739958,0.704722,3,2,0,-4.544602,-0.739958,-13.598570,-90.000000,1178,True,False,True,False,False,False
1179,3,Tier 3 — Partial reversal,2,BRD-K54708045,nTZDpa,0.000000,-6.852110,-0.739958,3,2,0,-2.530689,-0.739958,-6.852110,-90.000000,1179,False,False,True,False,True,False
1180,3,Tier 3 — Partial reversal,2,BRD-K50135270,GBR-12935,-3.735025,3.613026,-0.739958,3,2,0,-0.287319,-0.739958,-3.735025,-90.000000,1180,True,False,False,False,True,False
1181,3,Tier 3 — Partial reversal,2,BRD-K76872913,benzanthrone,-1.858470,15.971027,-0.711164,3,2,0,4.467131,-0.711164,-1.858470,-90.000000,1181,True,False,False,False,True,False
1182,3,Tier 3 — Partial reversal,2,BRD-K06557128,voriconazole,0.000000,-0.704722,-18.405712,3,2,0,-6.370145,-0.704722,-18.405712,-90.000000,1182,False,False,True,False,True,False
1183,3,Tier 3 — Partial reversal,2,BRD-K86930074,cediranib,0.000000,-0.669486,-54.262344,3,2,0,-18.310610,-0.669486,-54.262344,-90.000000,1183,False,False,True,False,True,False
1184,3,Tier 3 — Partial reversal,2,BRD-K37270826,mifepristone,-2.149401,-0.669486,4.743912,3,2,0,0.641675,-0.669486,-2.149401,-90.000000,1184,True,False,True,False,False,False
1185,3,Tier 3 — Partial reversal,2,BRD-K32536677,AGK-2,-21.816803,43.416610,-0.669486,3,2,0,6.976774,-0.669486,-21.816803,-90.000000,1185,True,False,False,False,True,False
1186,3,Tier 3 — Partial reversal,2,BRD-K87932577,NSC-693868,0.000000,-0.634249,-34.703968,3,2,0,-11.779406,-0.634249,-34.703968,-90.000000,1186,False,False,True,False,True,False
1187,3,Tier 3 — Partial reversal,2,BRD-A81402010,KU-C103443N,0.000000,-0.634249,-6.628996,3,2,0,-2.421082,-0.634249,-6.628996,-90.000000,1187,False,False,True,False,True,False
1188,3,Tier 3 — Partial reversal,2,BRD-K78294846,osthol,-0.599013,-28.595976,4.611480,3,2,0,-8.194503,-0.599013,-28.595976,-90.000000,1188,True,False,True,False,False,False
1189,3,Tier 3 — Partial reversal,2,BRD-K14888893,minoxidil,-0.599013,-4.673552,11.816105,3,2,0,2.181180,-0.599013,-4.673552,-90.000000,1189,True,False,True,False,False,False
1190,3,Tier 3 — Partial reversal,2,BRD-K66404838,nalbuphine,12.236267,-1.092318,-0.599013,3,2,0,3.514978,-0.599013,-1.092318,-90.000000,1190,False,False,True,False,True,False
1191,3,Tier 3 — Partial reversal,2,BRD-K82562631,tolmetin,-0.599013,28.175160,-2.713178,3,2,0,8.287656,-0.599013,-2.713178,-90.000000,1191,True,False,False,False,True,False
1192,3,Tier 3 — Partial reversal,2,BRD-K92015269,GBR-12783,0.281889,-0.563777,-2.317839,3,2,0,-0.866576,-0.563777,-2.317839,-90.000000,1192,False,False,True,False,True,False
1193,3,Tier 3 — Partial reversal,2,BRD-A77291778,cyclopentolate,-0.563777,1.867512,-1.585624,3,2,0,-0.093963,-0.563777,-1.585624,-90.000000,1193,True,False,False,False,True,False
1194,3,Tier 3 — Partial reversal,2,BRD-K15933101,ropinirole,0.000000,-0.528541,-9.828510,3,2,0,-3.452350,-0.528541,-9.828510,-90.000000,1194,False,False,True,False,True,False
1195,3,Tier 3 — Partial reversal,2,BRD-A51829654,BRL-15572,0.000000,-5.573511,-0.528541,3,2,0,-2.034017,-0.528541,-5.573511,-90.000000,1195,False,False,True,False,True,False
1196,3,Tier 3 — Partial reversal,2,BRD-A14395271,mesoridazine,-0.528541,3.534175,-0.599013,3,2,0,0.802207,-0.528541,-0.599013,-90.000000,1196,True,False,False,False,True,False
1197,3,Tier 3 — Partial reversal,2,BRD-K66198023,losartan,-0.518322,-3.136011,0.990738,3,2,0,-0.887865,-0.518322,-3.136011,-90.000000,1197,True,False,True,False,False,False
1198,3,Tier 3 — Partial reversal,2,BRD-K85090592,pilocarpine,0.422833,-0.493305,-75.367590,3,2,0,-25.146021,-0.493305,-75.367590,-90.000000,1198,False,False,True,False,True,False
1199,3,Tier 3 — Partial reversal,2,BRD-K63828191,raloxifene,0.000000,-0.579238,-0.493305,3,2,0,-0.357514,-0.493305,-0.579238,-90.000000,1199,False,False,True,False,True,False
1200,3,Tier 3 — Partial reversal,2,BRD-K35483542,alitretinoin,-0.493305,-4.580691,14.611232,3,2,0,3.179079,-0.493305,-4.580691,-90.000000,1200,True,False,True,False,False,False
1201,3,Tier 3 — Partial reversal,2,BRD-K63630713,etacrynic-acid,1.057082,-0.458069,-11.716060,3,2,0,-3.705682,-0.458069,-11.716060,-90.000000,1201,False,False,True,False,True,False
1202,3,Tier 3 — Partial reversal,2,BRD-U88459701,atorvastatin,0.000000,-1.761804,-0.458069,3,2,0,-0.739958,-0.458069,-1.761804,-90.000000,1202,False,False,True,False,True,False
1203,3,Tier 3 — Partial reversal,2,BRD-K26657438,imiquimod,-0.458069,-5.886890,8.121692,3,2,0,0.592244,-0.458069,-5.886890,-90.000000,1203,True,False,True,False,False,False
1204,3,Tier 3 — Partial reversal,2,BRD-K16664969,GTP-14564,0.000000,-23.005817,-0.422833,3,2,0,-7.809550,-0.422833,-23.005817,-90.000000,1204,False,False,True,False,True,False
1205,3,Tier 3 — Partial reversal,2,BRD-K88759641,EMD-66684,-11.145580,-0.422833,3.925937,3,2,0,-2.547492,-0.422833,-11.145580,-90.000000,1205,True,False,True,False,False,False
1206,3,Tier 3 — Partial reversal,2,BRD-A85424553,thioperamide,0.000000,-13.879182,-0.389400,3,2,0,-4.756194,-0.389400,-13.879182,-90.000000,1206,False,False,True,False,True,False
1207,3,Tier 3 — Partial reversal,2,BRD-A34806832,proscillaridin,-0.387597,-23.883726,0.000000,3,2,0,-8.090441,-0.387597,-23.883726,-90.000000,1207,True,False,True,False,False,False
1208,3,Tier 3 — Partial reversal,2,BRD-K12102668,nialamide,-0.387597,16.860403,-20.932888,3,2,0,-1.486694,-0.387597,-20.932888,-90.000000,1208,True,False,False,False,True,False
1209,3,Tier 3 — Partial reversal,2,BRD-A79672927,tropicamide,0.070472,-0.599013,-0.387597,3,2,0,-0.305379,-0.387597,-0.599013,-90.000000,1209,False,False,True,False,True,False
1210,3,Tier 3 — Partial reversal,2,BRD-A02176148,tubaic-acid,0.000000,-5.952472,-0.352361,3,2,0,-2.101611,-0.352361,-5.952472,-90.000000,1210,False,False,True,False,True,False
1211,3,Tier 3 — Partial reversal,2,BRD-A97437073,rosiglitazone,0.000000,-1.470051,-0.317125,3,2,0,-0.595725,-0.317125,-1.470051,-90.000000,1211,False,False,True,False,True,False
1212,3,Tier 3 — Partial reversal,2,BRD-K60770992,pergolide,-0.317125,-4.933052,5.204123,3,2,0,-0.015351,-0.317125,-4.933052,-90.000000,1212,True,False,True,False,False,False
1213,3,Tier 3 — Partial reversal,2,BRD-A39390670,rabeprazole,0.775194,-0.317125,-0.333204,3,2,0,0.041622,-0.317125,-0.333204,-90.000000,1213,False,False,True,False,True,False
1214,3,Tier 3 — Partial reversal,2,BRD-K71499074,diclofenamide,-0.317125,-0.458069,1.334625,3,2,0,0.186477,-0.317125,-0.458069,-90.000000,1214,True,False,True,False,False,False
1215,3,Tier 3 — Partial reversal,2,BRD-K87158025,benzamil,0.000000,-0.281889,-0.951374,3,2,0,-0.411088,-0.281889,-0.951374,-90.000000,1215,False,False,True,False,True,False
1216,3,Tier 3 — Partial reversal,2,BRD-K09778810,FGIN-1-27,0.035236,-0.810430,-0.281889,3,2,0,-0.352361,-0.281889,-0.810430,-90.000000,1216,False,False,True,False,True,False
1217,3,Tier 3 — Partial reversal,2,BRD-K87990216,piretanide,-1.849822,-0.281889,2.008457,3,2,0,-0.041085,-0.281889,-1.849822,-90.000000,1217,True,False,True,False,False,False
1218,3,Tier 3 — Partial reversal,2,BRD-A35519318,benidipine,-0.281889,22.645687,-22.200499,3,2,0,0.054433,-0.281889,-22.200499,-90.000000,1218,True,False,False,False,True,False
1219,3,Tier 3 — Partial reversal,2,BRD-A04553218,chlorphenamine,-0.281889,-0.458069,1.726568,3,2,0,0.328870,-0.281889,-0.458069,-90.000000,1219,True,False,True,False,False,False
1220,3,Tier 3 — Partial reversal,2,BRD-K90733503,cephalexin,-0.246653,-14.262424,16.591412,3,2,0,0.694112,-0.246653,-14.262424,-90.000000,1220,True,False,True,False,False,False
1221,3,Tier 3 — Partial reversal,2,BRD-A26095496,clobetasol,-0.246653,-7.836043,15.141375,3,2,0,2.352893,-0.246653,-7.836043,-90.000000,1221,True,False,True,False,False,False
1222,3,Tier 3 — Partial reversal,2,BRD-K00615600,AG-14361,-0.176180,-4.016913,1.761804,3,2,0,-0.810430,-0.176180,-4.016913,-90.000000,1222,True,False,True,False,False,False
1223,3,Tier 3 — Partial reversal,2,BRD-A07780951,orciprenaline,0.000000,-0.176180,-1.867512,3,2,0,-0.681231,-0.176180,-1.867512,-90.000000,1223,False,False,True,False,True,False
1224,3,Tier 3 — Partial reversal,2,BRD-K51313569,palbociclib,0.000000,-0.739958,-0.176180,3,2,0,-0.305379,-0.176180,-0.739958,-90.000000,1224,False,False,True,False,True,False
1225,3,Tier 3 — Partial reversal,2,BRD-K52080565,nandrolone,-0.599013,0.458069,-0.176180,3,2,0,-0.105708,-0.176180,-0.599013,-90.000000,1225,True,False,False,False,True,False
1226,3,Tier 3 — Partial reversal,2,BRD-K79425933,benperidol,-0.176180,25.958292,-1.338971,3,2,0,8.147714,-0.176180,-1.338971,-90.000000,1226,True,False,False,False,True,False
1227,3,Tier 3 — Partial reversal,2,BRD-A05186015,bupropion,-0.174649,3.312192,-2.466526,3,2,0,0.223672,-0.174649,-2.466526,-90.000000,1227,True,False,False,False,True,False
1228,3,Tier 3 — Partial reversal,2,BRD-K09416995,lovastatin,-0.140944,2.043693,-9.760395,3,2,0,-2.619216,-0.140944,-9.760395,-90.000000,1228,True,False,False,False,True,False
1229,3,Tier 3 — Partial reversal,2,BRD-A57382968,piroxicam,-0.140944,5.708245,-9.739006,3,2,0,-1.390568,-0.140944,-9.739006,-90.000000,1229,True,False,False,False,True,False
1230,3,Tier 3 — Partial reversal,2,BRD-A79768653,sirolimus,0.070472,-0.140944,-0.669486,3,2,0,-0.246653,-0.140944,-0.669486,-90.000000,1230,False,False,True,False,True,False
1231,3,Tier 3 — Partial reversal,2,BRD-K45033733,famciclovir,-0.140944,3.136011,-2.008457,3,2,0,0.328870,-0.140944,-2.008457,-90.000000,1231,True,False,False,False,True,False
1232,3,Tier 3 — Partial reversal,2,BRD-K82135108,elesclomol,-0.140944,-1.021846,25.013382,3,2,0,7.950197,-0.140944,-1.021846,-90.000000,1232,True,False,True,False,False,False
1233,3,Tier 3 — Partial reversal,2,BRD-K81528515,nilotinib,-0.105708,-17.297497,5.989209,3,2,0,-3.804665,-0.105708,-17.297497,-90.000000,1233,True,False,True,False,False,False
1234,3,Tier 3 — Partial reversal,2,BRD-K35531059,molsidomine,-0.105708,-1.444679,1.409443,3,2,0,-0.046981,-0.105708,-1.444679,-90.000000,1234,True,False,True,False,False,False
1235,3,Tier 3 — Partial reversal,2,BRD-K63979671,etifenin,-0.105708,-8.261377,15.170153,3,2,0,2.267689,-0.105708,-8.261377,-90.000000,1235,True,False,True,False,False,False
1236,3,Tier 3 — Partial reversal,2,BRD-K18574842,nafcillin,-0.105708,-13.832986,22.352463,3,2,0,2.804590,-0.105708,-13.832986,-90.000000,1236,True,False,True,False,False,False
1237,3,Tier 3 — Partial reversal,2,BRD-K00627859,tubastatin-a,-0.070472,0.000000,-2.184637,3,2,0,-0.751703,-0.070472,-2.184637,-90.000000,1237,True,False,False,False,True,False
1238,3,Tier 3 — Partial reversal,2,BRD-K32821942,azathioprine,0.029707,-0.070472,-0.105708,3,2,0,-0.048825,-0.070472,-0.105708,-90.000000,1238,False,False,True,False,True,False
1239,3,Tier 3 — Partial reversal,2,BRD-K59962020,CHEMBL-374350,-0.035236,0.458069,-2.320288,3,2,0,-0.632485,-0.035236,-2.320288,-90.000000,1239,True,False,False,False,True,False
1240,3,Tier 3 — Partial reversal,2,BRD-K30480208,torasemide,-0.035236,-2.315771,1.374207,3,2,0,-0.325600,-0.035236,-2.315771,-90.000000,1240,True,False,True,False,False,False
1241,3,Tier 3 — Partial reversal,2,BRD-A67799922,phenoxybenzamine,-0.029157,22.891350,-5.410268,3,2,0,5.817308,-0.029157,-5.410268,-90.000000,1241,True,False,False,False,True,False
1242,4,Tier 4 — Weak/single-signature,1,BRD-K12079898,PD-160170,1.122445,,-3.584734,2,1,0,-1.231144,-1.231144,-3.584734,-90.000000,1242,False,False,False,False,True,False
1243,4,Tier 4 — Weak/single-signature,1,BRD-K79131256,albendazole,,-3.515823,2.874655,2,1,0,-0.320584,-0.320584,-3.515823,-90.000000,1243,False,False,True,False,False,False
1244,4,Tier 4 — Weak/single-signature,1,BRD-K23192422,lestaurtinib,0.000000,0.000000,-75.024490,3,1,0,-25.008163,0.000000,-75.024490,-90.000000,1244,False,False,False,False,True,False
1245,4,Tier 4 — Weak/single-signature,1,BRD-K94325918,kinetin-riboside,0.000000,-73.839066,1.832276,3,1,0,-24.002263,0.000000,-73.839066,-90.000000,1245,False,False,True,False,False,False
1246,4,Tier 4 — Weak/single-signature,1,BRD-K93568044,hydrocortisone,0.000000,0.000000,-68.597790,3,1,0,-22.865930,0.000000,-68.597790,-90.000000,1246,False,False,False,False,True,False
1247,4,Tier 4 — Weak/single-signature,1,BRD-K63784565,10-hydroxycamptothecin,0.000000,0.000000,-60.796387,3,1,0,-20.265462,0.000000,-60.796387,-90.000000,1247,False,False,False,False,True,False
1248,4,Tier 4 — Weak/single-signature,1,BRD-A79803969,memantine,0.000000,0.000000,-54.834747,3,1,0,-18.278249,0.000000,-54.834747,-90.000000,1248,False,False,False,False,True,False
1249,4,Tier 4 — Weak/single-signature,1,BRD-A41250306,cyclopenthiazide,0.000000,-66.633420,11.899538,3,1,0,-18.244627,0.000000,-66.633420,-90.000000,1249,False,False,True,False,False,False
1250,4,Tier 4 — Weak/single-signature,1,BRD-K50387473,XMD-892,0.000000,0.000000,-49.975890,3,1,0,-16.658630,0.000000,-49.975890,-90.000000,1250,False,False,False,False,True,False
1251,4,Tier 4 — Weak/single-signature,1,BRD-K35458079,edaravone,0.000000,7.998590,-56.455300,3,1,0,-16.152237,0.000000,-56.455300,-90.000000,1251,False,False,False,False,True,False
1252,4,Tier 4 — Weak/single-signature,1,BRD-K06335600,tizanidine,0.000000,0.000000,-47.141476,3,1,0,-15.713825,0.000000,-47.141476,-90.000000,1252,False,False,False,False,True,False
1253,4,Tier 4 — Weak/single-signature,1,BRD-A61599461,BRD-A61599461,0.000000,-46.383034,0.000000,3,1,0,-15.461011,0.000000,-46.383034,-90.000000,1253,False,False,True,False,False,False
1254,4,Tier 4 — Weak/single-signature,1,BRD-K35687265,ON-01910,0.000000,-41.826263,0.000000,3,1,0,-13.942088,0.000000,-41.826263,-90.000000,1254,False,False,True,False,False,False
1255,4,Tier 4 — Weak/single-signature,1,BRD-K88701661,dimercaptosuccinic-acid,0.000000,8.776311,-49.015205,3,1,0,-13.412965,0.000000,-49.015205,-90.000000,1255,False,False,False,False,True,False
1256,4,Tier 4 — Weak/single-signature,1,BRD-A52588987,SKF-83566,0.000000,-43.544106,3.875969,3,1,0,-13.222712,0.000000,-43.544106,-90.000000,1256,False,False,True,False,False,False
1257,4,Tier 4 — Weak/single-signature,1,BRD-K32836707,CAY-10577,0.000000,-42.265990,8.085797,3,1,0,-11.393398,0.000000,-42.265990,-90.000000,1257,False,False,True,False,False,False
1258,4,Tier 4 — Weak/single-signature,1,BRD-A16754160,ampicillin,0.000000,8.707054,-40.287730,3,1,0,-10.526892,0.000000,-40.287730,-90.000000,1258,False,False,False,False,True,False
1259,4,Tier 4 — Weak/single-signature,1,BRD-A36630025,SN-38,0.000000,11.773972,-42.718292,3,1,0,-10.314773,0.000000,-42.718292,-90.000000,1259,False,False,False,False,True,False
1260,4,Tier 4 — Weak/single-signature,1,BRD-K24576554,AT-9283,0.000000,-66.247150,35.503900,3,1,0,-10.247750,0.000000,-66.247150,-90.000000,1260,False,False,True,False,False,False
1261,4,Tier 4 — Weak/single-signature,1,BRD-K80325895,eicosadienoic-acid,0.000000,-27.599014,0.000000,3,1,0,-9.199671,0.000000,-27.599014,-90.000000,1261,False,False,True,False,False,False
1262,4,Tier 4 — Weak/single-signature,1,BRD-M86331534,pyrvinium-pamoate,0.000000,-29.286410,3.417900,3,1,0,-8.622837,0.000000,-29.286410,-90.000000,1262,False,False,True,False,False,False
1263,4,Tier 4 — Weak/single-signature,1,BRD-K28907958,CD-437,0.000000,13.126314,-38.764996,3,1,0,-8.546227,0.000000,-38.764996,-90.000000,1263,False,False,False,False,True,False
1264,4,Tier 4 — Weak/single-signature,1,BRD-K02581333,protein-tyrosine-phosphatase-inhibitor-IV,0.000000,21.180607,-45.259373,3,1,0,-8.026255,0.000000,-45.259373,-90.000000,1264,False,False,False,False,True,False
1265,4,Tier 4 — Weak/single-signature,1,BRD-K37618799,MRS-1220,0.000000,-43.396750,19.890015,3,1,0,-7.835578,0.000000,-43.396750,-90.000000,1265,False,False,True,False,False,False
1266,4,Tier 4 — Weak/single-signature,1,BRD-U25771771,WZ-4-145,0.000000,5.965100,-29.281155,3,1,0,-7.772018,0.000000,-29.281155,-90.000000,1266,False,False,False,False,True,False
1267,4,Tier 4 — Weak/single-signature,1,BRD-K85013741,auraptene,0.000000,-32.662632,11.109852,3,1,0,-7.184260,0.000000,-32.662632,-90.000000,1267,False,False,True,False,False,False
1268,4,Tier 4 — Weak/single-signature,1,BRD-A10070317,propranolol,0.000000,17.578682,-38.996674,3,1,0,-7.139331,0.000000,-38.996674,-90.000000,1268,False,False,False,False,True,False
1269,4,Tier 4 — Weak/single-signature,1,BRD-K03440695,boldine,0.000000,1.761804,-21.518246,3,1,0,-6.585481,0.000000,-21.518246,-90.000000,1269,False,False,False,False,True,False
1270,4,Tier 4 — Weak/single-signature,1,BRD-K92726801,hydrastinine,0.000000,-26.970486,7.961414,3,1,0,-6.336357,0.000000,-26.970486,-90.000000,1270,False,False,True,False,False,False
1271,4,Tier 4 — Weak/single-signature,1,BRD-A14792000,valsartan,0.000000,16.837400,-34.725483,3,1,0,-5.962694,0.000000,-34.725483,-90.000000,1271,False,False,False,False,True,False
1272,4,Tier 4 — Weak/single-signature,1,BRD-K62609077,scoulerine,0.000000,-51.310620,33.472237,3,1,0,-5.946128,0.000000,-51.310620,-90.000000,1272,False,False,True,False,False,False
1273,4,Tier 4 — Weak/single-signature,1,BRD-K05181463,L-741626,0.000000,1.438548,-19.207468,3,1,0,-5.922973,0.000000,-19.207468,-90.000000,1273,False,False,False,False,True,False
1274,4,Tier 4 — Weak/single-signature,1,BRD-A43974575,tranylcypromine,0.000000,-19.118010,1.832276,3,1,0,-5.761911,0.000000,-19.118010,-90.000000,1274,False,False,True,False,False,False
1275,4,Tier 4 — Weak/single-signature,1,BRD-K12765235,carbenoxolone,0.000000,-26.043976,9.156394,3,1,0,-5.629194,0.000000,-26.043976,-90.000000,1275,False,False,True,False,False,False
1276,4,Tier 4 — Weak/single-signature,1,BRD-K61463582,BRD-K61463582,0.000000,-16.121506,0.000000,3,1,0,-5.373835,0.000000,-16.121506,-90.000000,1276,False,False,True,False,False,False
1277,4,Tier 4 — Weak/single-signature,1,BRD-K07881437,danusertib,0.000000,-46.443993,31.223194,3,1,0,-5.073600,0.000000,-46.443993,-90.000000,1277,False,False,True,False,False,False
1278,4,Tier 4 — Weak/single-signature,1,BRD-K17868609,BRL-54443,0.000000,0.810430,-15.675509,3,1,0,-4.955026,0.000000,-15.675509,-90.000000,1278,False,False,False,False,True,False
1279,4,Tier 4 — Weak/single-signature,1,BRD-A15297126,fluocinolone-acetonide,1.513128,0.000000,-15.768276,3,1,0,-4.751716,0.000000,-15.768276,-90.000000,1279,False,False,False,False,True,False
1280,4,Tier 4 — Weak/single-signature,1,BRD-A63445921,nicardipine,0.000000,-23.158182,9.472198,3,1,0,-4.561994,0.000000,-23.158182,-90.000000,1280,False,False,True,False,False,False
1281,4,Tier 4 — Weak/single-signature,1,BRD-K25741894,skimmianine,0.000000,0.000000,-13.613997,3,1,0,-4.537999,0.000000,-13.613997,-90.000000,1281,False,False,False,False,True,False
1282,4,Tier 4 — Weak/single-signature,1,BRD-A90131694,alclometasone,0.000000,3.507628,-16.333324,3,1,0,-4.275232,0.000000,-16.333324,-90.000000,1282,False,False,False,False,True,False
1283,4,Tier 4 — Weak/single-signature,1,BRD-K59633790,VU-0420363-1,0.000000,-12.442986,0.000000,3,1,0,-4.147662,0.000000,-12.442986,-90.000000,1283,False,False,True,False,False,False
1284,4,Tier 4 — Weak/single-signature,1,BRD-A67605442,tetrahydrobiopterin,0.000000,-30.495360,18.203184,3,1,0,-4.097392,0.000000,-30.495360,-90.000000,1284,False,False,True,False,False,False
1285,4,Tier 4 — Weak/single-signature,1,BRD-A23770159,sirolimus,-12.264396,0.000000,0.000000,3,1,0,-4.088132,0.000000,-12.264396,-90.000000,1285,True,False,False,False,False,False
1286,4,Tier 4 — Weak/single-signature,1,BRD-A74904029,EI-231,0.000000,7.223397,-19.456318,3,1,0,-4.077640,0.000000,-19.456318,-90.000000,1286,False,False,False,False,True,False
1287,4,Tier 4 — Weak/single-signature,1,BRD-K79877282,PF-543,0.000000,7.011980,-19.178053,3,1,0,-4.055358,0.000000,-19.178053,-90.000000,1287,False,False,False,False,True,False
1288,4,Tier 4 — Weak/single-signature,1,BRD-A88774919,doxycycline,0.000000,-12.144654,0.000000,3,1,0,-4.048218,0.000000,-12.144654,-90.000000,1288,False,False,True,False,False,False
1289,4,Tier 4 — Weak/single-signature,1,BRD-K01648091,LE-300,0.000000,-25.405424,13.370713,3,1,0,-4.011570,0.000000,-25.405424,-90.000000,1289,False,False,True,False,False,False
1290,4,Tier 4 — Weak/single-signature,1,BRD-K25504083,cytochalasin-d,0.000000,-47.879147,35.913690,3,1,0,-3.988486,0.000000,-47.879147,-90.000000,1290,False,False,True,False,False,False
1291,4,Tier 4 — Weak/single-signature,1,BRD-K51918615,iodophenpropit,0.000000,-21.826702,9.993526,3,1,0,-3.944392,0.000000,-21.826702,-90.000000,1291,False,False,True,False,False,False
1292,4,Tier 4 — Weak/single-signature,1,BRD-A54596827,solifenacin,0.000000,-37.647472,26.137053,3,1,0,-3.836806,0.000000,-37.647472,-90.000000,1292,False,False,True,False,False,False
1293,4,Tier 4 — Weak/single-signature,1,BRD-A07614565,BRD-A07614565,0.000000,-11.358015,0.000000,3,1,0,-3.786005,0.000000,-11.358015,-90.000000,1293,False,False,True,False,False,False
1294,4,Tier 4 — Weak/single-signature,1,BRD-K91370081,anisomycin,0.000000,0.000000,-10.332731,3,1,0,-3.444244,0.000000,-10.332731,-90.000000,1294,False,False,False,False,True,False
1295,4,Tier 4 — Weak/single-signature,1,BRD-A85587465,bemesetron,0.000000,1.797040,-12.109798,3,1,0,-3.437586,0.000000,-12.109798,-90.000000,1295,False,False,False,False,True,False
1296,4,Tier 4 — Weak/single-signature,1,BRD-A60070924,alpha-estradiol,0.000000,4.157857,-14.103032,3,1,0,-3.315058,0.000000,-14.103032,-90.000000,1296,False,False,False,False,True,False
1297,4,Tier 4 — Weak/single-signature,1,BRD-K14609189,BRD-K14609189,-12.863323,2.924595,0.000000,3,1,0,-3.312909,0.000000,-12.863323,-90.000000,1297,True,False,False,False,False,False
1298,4,Tier 4 — Weak/single-signature,1,BRD-K95763993,trapidil,0.000000,14.959612,-24.174675,3,1,0,-3.071688,0.000000,-24.174675,-90.000000,1298,False,False,False,False,True,False
1299,4,Tier 4 — Weak/single-signature,1,BRD-K05977823,tenovin-1,-11.646880,0.000000,2.466526,3,1,0,-3.060118,0.000000,-11.646880,-90.000000,1299,True,False,False,False,False,False
1300,4,Tier 4 — Weak/single-signature,1,BRD-K14236372,BRD-K14236372,0.000000,0.000000,-8.856493,3,1,0,-2.952164,0.000000,-8.856493,-90.000000,1300,False,False,False,False,True,False
1301,4,Tier 4 — Weak/single-signature,1,BRD-A71765365,mepireserpate,0.000000,0.471839,-9.014459,3,1,0,-2.847540,0.000000,-9.014459,-90.000000,1301,False,False,False,False,True,False
1302,4,Tier 4 — Weak/single-signature,1,BRD-K84658672,nateglinide,-36.924232,0.000000,28.742188,3,1,0,-2.727348,0.000000,-36.924232,-90.000000,1302,True,False,False,False,False,False
1303,4,Tier 4 — Weak/single-signature,1,BRD-A73605923,mocimycin,0.000000,-41.482388,33.452866,3,1,0,-2.676507,0.000000,-41.482388,-90.000000,1303,False,False,True,False,False,False
1304,4,Tier 4 — Weak/single-signature,1,BRD-K57631554,5-aminolevulinic-acid,0.000000,0.000000,-8.016703,3,1,0,-2.672234,0.000000,-8.016703,-90.000000,1304,False,False,False,False,True,False
1305,4,Tier 4 — Weak/single-signature,1,BRD-K17705806,JTC-801,0.000000,-15.610649,7.957203,3,1,0,-2.551149,0.000000,-15.610649,-90.000000,1305,False,False,True,False,False,False
1306,4,Tier 4 — Weak/single-signature,1,BRD-A81795050,U-18666A,-8.504855,0.916138,0.000000,3,1,0,-2.529572,0.000000,-8.504855,-90.000000,1306,True,False,False,False,False,False
1307,4,Tier 4 — Weak/single-signature,1,BRD-K59632282,quinidine,0.000000,-12.996459,5.567301,3,1,0,-2.476386,0.000000,-12.996459,-90.000000,1307,False,False,True,False,False,False
1308,4,Tier 4 — Weak/single-signature,1,BRD-K45479396,BP-554,0.000000,2.642706,-9.418017,3,1,0,-2.258437,0.000000,-9.418017,-90.000000,1308,False,False,False,False,True,False
1309,4,Tier 4 — Weak/single-signature,1,BRD-K93433262,alfacalcidol,-8.822728,0.000000,2.219873,3,1,0,-2.200952,0.000000,-8.822728,-90.000000,1309,True,False,False,False,False,False
1310,4,Tier 4 — Weak/single-signature,1,BRD-K79254416,decitabine,-6.917851,0.000000,0.563777,3,1,0,-2.118025,0.000000,-6.917851,-90.000000,1310,True,False,False,False,False,False
1311,4,Tier 4 — Weak/single-signature,1,BRD-K12120659,GR-144053,0.000000,12.008192,-17.891901,3,1,0,-1.961236,0.000000,-17.891901,-90.000000,1311,False,False,False,False,True,False
1312,4,Tier 4 — Weak/single-signature,1,BRD-K16478699,PLX-4720,0.000000,-12.686185,6.874764,3,1,0,-1.937140,0.000000,-12.686185,-90.000000,1312,False,False,True,False,False,False
1313,4,Tier 4 — Weak/single-signature,1,BRD-A42553870,L-152804,0.000000,-5.810164,0.000000,3,1,0,-1.936721,0.000000,-5.810164,-90.000000,1313,False,False,True,False,False,False
1314,4,Tier 4 — Weak/single-signature,1,BRD-K49810818,sorafenib,0.000000,-8.791127,2.995067,3,1,0,-1.932020,0.000000,-8.791127,-90.000000,1314,False,False,True,False,False,False
1315,4,Tier 4 — Weak/single-signature,1,BRD-A49358627,ciprofibrate,0.000000,-9.461025,3.770261,3,1,0,-1.896921,0.000000,-9.461025,-90.000000,1315,False,False,True,False,False,False
1316,4,Tier 4 — Weak/single-signature,1,BRD-K26863634,BIX-01338,0.000000,-6.661896,0.986610,3,1,0,-1.891762,0.000000,-6.661896,-90.000000,1316,False,False,True,False,False,False
1317,4,Tier 4 — Weak/single-signature,1,BRD-K86887724,dofetilide,0.000000,3.347428,-8.950165,3,1,0,-1.867579,0.000000,-8.950165,-90.000000,1317,False,False,False,False,True,False
1318,4,Tier 4 — Weak/single-signature,1,BRD-A24381660,zeranol,0.000000,-16.861103,11.337461,3,1,0,-1.841214,0.000000,-16.861103,-90.000000,1318,False,False,True,False,False,False
1319,4,Tier 4 — Weak/single-signature,1,BRD-K10016611,pyridine-2-aldoxime,0.000000,-10.609988,5.391120,3,1,0,-1.739623,0.000000,-10.609988,-90.000000,1319,False,False,True,False,False,False
1320,4,Tier 4 — Weak/single-signature,1,BRD-K25875056,SC-9,0.000000,-8.954013,3.805497,3,1,0,-1.716172,0.000000,-8.954013,-90.000000,1320,False,False,True,False,False,False
1321,4,Tier 4 — Weak/single-signature,1,BRD-K49294207,BIBU-1361,0.000000,14.346761,-19.402580,3,1,0,-1.685273,0.000000,-19.402580,-90.000000,1321,False,False,False,False,True,False
1322,4,Tier 4 — Weak/single-signature,1,BRD-K92428232,GSK-461364,0.000000,0.000000,-4.634404,3,1,0,-1.544801,0.000000,-4.634404,-90.000000,1322,False,False,False,False,True,False
1323,4,Tier 4 — Weak/single-signature,1,BRD-K33864865,LY-225910,0.000000,-5.211042,0.704722,3,1,0,-1.502107,0.000000,-5.211042,-90.000000,1323,False,False,True,False,False,False
1324,4,Tier 4 — Weak/single-signature,1,BRD-K65417056,meprylcaine,0.000000,-6.088875,1.761804,3,1,0,-1.442357,0.000000,-6.088875,-90.000000,1324,False,False,True,False,False,False
1325,4,Tier 4 — Weak/single-signature,1,BRD-A52326238,isogedunin,0.000000,2.572234,-6.877895,3,1,0,-1.435220,0.000000,-6.877895,-90.000000,1325,False,False,False,False,True,False
1326,4,Tier 4 — Weak/single-signature,1,BRD-K01815685,indole-3-carbinol,0.000000,9.259128,-12.775708,3,1,0,-1.172193,0.000000,-12.775708,-90.000000,1326,False,False,False,False,True,False
1327,4,Tier 4 — Weak/single-signature,1,BRD-K24240364,GYKI-52466,0.000000,-4.596330,1.198027,3,1,0,-1.132768,0.000000,-4.596330,-90.000000,1327,False,False,True,False,False,False
1328,4,Tier 4 — Weak/single-signature,1,BRD-K44497846,enalapril,0.000000,-3.312192,0.000000,3,1,0,-1.104064,0.000000,-3.312192,-90.000000,1328,False,False,True,False,False,False
1329,4,Tier 4 — Weak/single-signature,1,BRD-A73859745,glycodeoxycholic-acid,0.000000,-11.176701,7.896906,3,1,0,-1.093265,0.000000,-11.176701,-90.000000,1329,False,False,True,False,False,False
1330,4,Tier 4 — Weak/single-signature,1,BRD-K28667793,pyrazinamide,0.000000,-4.731605,1.720147,3,1,0,-1.003819,0.000000,-4.731605,-90.000000,1330,False,False,True,False,False,False
1331,4,Tier 4 — Weak/single-signature,1,BRD-A10977446,carvedilol,0.000000,0.493305,-3.488372,3,1,0,-0.998356,0.000000,-3.488372,-90.000000,1331,False,False,False,False,True,False
1332,4,Tier 4 — Weak/single-signature,1,BRD-A07029265,ipratropium,0.000000,-21.025028,18.084084,3,1,0,-0.980315,0.000000,-21.025028,-90.000000,1332,False,False,True,False,False,False
1333,4,Tier 4 — Weak/single-signature,1,BRD-K11696279,BU-239,0.000000,-15.061994,12.123436,3,1,0,-0.979519,0.000000,-15.061994,-90.000000,1333,False,False,True,False,False,False
1334,4,Tier 4 — Weak/single-signature,1,BRD-K72817452,BRD-K72817452,0.000000,0.000000,-2.677942,3,1,0,-0.892647,0.000000,-2.677942,-90.000000,1334,False,False,False,False,True,False
1335,4,Tier 4 — Weak/single-signature,1,BRD-K28307902,flutamide,0.000000,0.704722,-3.347428,3,1,0,-0.880902,0.000000,-3.347428,-90.000000,1335,False,False,False,False,True,False
1336,4,Tier 4 — Weak/single-signature,1,BRD-K23478508,digoxin,0.000000,0.000000,-2.360817,3,1,0,-0.786939,0.000000,-2.360817,-90.000000,1336,False,False,False,False,True,False
1337,4,Tier 4 — Weak/single-signature,1,BRD-K32710582,EI-247,0.000000,2.114165,-4.388732,3,1,0,-0.758189,0.000000,-4.388732,-90.000000,1337,False,False,False,False,True,False
1338,4,Tier 4 — Weak/single-signature,1,BRD-K91336023,mesulergine,0.000000,0.000000,-2.137377,3,1,0,-0.712459,0.000000,-2.137377,-90.000000,1338,False,False,False,False,True,False
1339,4,Tier 4 — Weak/single-signature,1,BRD-K06217810,BRD-K06217810,0.000000,1.902748,-3.946441,3,1,0,-0.681231,0.000000,-3.946441,-90.000000,1339,False,False,False,False,True,False
1340,4,Tier 4 — Weak/single-signature,1,BRD-K71926323,marbofloxacin,0.000000,5.355885,-7.146494,3,1,0,-0.596870,0.000000,-7.146494,-90.000000,1340,False,False,False,False,True,False
1341,4,Tier 4 — Weak/single-signature,1,BRD-K15834839,lobendazole,0.000000,0.422833,-2.184637,3,1,0,-0.587268,0.000000,-2.184637,-90.000000,1341,False,False,False,False,True,False
1342,4,Tier 4 — Weak/single-signature,1,BRD-K08556791,ethoprop,1.832276,0.000000,-3.560576,3,1,0,-0.576100,0.000000,-3.560576,-90.000000,1342,False,False,False,False,True,False
1343,4,Tier 4 — Weak/single-signature,1,BRD-M62162320,rilmenidine,0.000000,0.000000,-1.726568,3,1,0,-0.575523,0.000000,-1.726568,-90.000000,1343,False,False,False,False,True,False
1344,4,Tier 4 — Weak/single-signature,1,BRD-A76093993,cromakalim,0.000000,-10.105508,8.386188,3,1,0,-0.573107,0.000000,-10.105508,-90.000000,1344,False,False,True,False,False,False
1345,4,Tier 4 — Weak/single-signature,1,BRD-A17428743,BW-723C86,0.000000,-7.559899,5.919662,3,1,0,-0.546746,0.000000,-7.559899,-90.000000,1345,False,False,True,False,False,False
1346,4,Tier 4 — Weak/single-signature,1,BRD-K08998509,fananserin,0.000000,3.772024,-5.261240,3,1,0,-0.496405,0.000000,-5.261240,-90.000000,1346,False,False,False,False,True,False
1347,4,Tier 4 — Weak/single-signature,1,BRD-A74500471,ethambutol,0.000000,1.444679,-2.873710,3,1,0,-0.476343,0.000000,-2.873710,-90.000000,1347,False,False,False,False,True,False
1348,4,Tier 4 — Weak/single-signature,1,BRD-K96527333,dehydroisoandosterone,0.000000,-1.420576,0.000000,3,1,0,-0.473525,0.000000,-1.420576,-90.000000,1348,False,False,True,False,False,False
1349,4,Tier 4 — Weak/single-signature,1,BRD-K67566344,KU-0063794,0.000000,-1.374207,0.000000,3,1,0,-0.458069,0.000000,-1.374207,-90.000000,1349,False,False,True,False,False,False
1350,4,Tier 4 — Weak/single-signature,1,BRD-A78360835,cercosporin,0.000000,19.849213,-21.199854,3,1,0,-0.450214,0.000000,-21.199854,-90.000000,1350,False,False,False,False,True,False
1351,4,Tier 4 — Weak/single-signature,1,BRD-K45158365,valsartan,0.000000,5.240592,-6.412723,3,1,0,-0.390710,0.000000,-6.412723,-90.000000,1351,False,False,False,False,True,False
1352,4,Tier 4 — Weak/single-signature,1,BRD-A10355991,norketamine,0.000000,-3.100775,1.973221,3,1,0,-0.375852,0.000000,-3.100775,-90.000000,1352,False,False,True,False,False,False
1353,4,Tier 4 — Weak/single-signature,1,BRD-K97365803,PI-828,0.000000,0.000000,-1.021846,3,1,0,-0.340615,0.000000,-1.021846,-90.000000,1353,False,False,False,False,True,False
1354,4,Tier 4 — Weak/single-signature,1,BRD-K08554278,bisbenzimide,-4.298802,0.000000,3.453136,3,1,0,-0.281889,0.000000,-4.298802,-90.000000,1354,True,False,False,False,False,False
1355,4,Tier 4 — Weak/single-signature,1,BRD-A21723284,naltriben,0.000000,-0.739958,0.000000,3,1,0,-0.246653,0.000000,-0.739958,-90.000000,1356,False,False,True,False,False,False
1356,4,Tier 4 — Weak/single-signature,1,BRD-K37289225,clozapine,0.000000,0.317125,-1.057082,3,1,0,-0.246653,0.000000,-1.057082,-90.000000,1357,False,False,False,False,True,False
1357,4,Tier 4 — Weak/single-signature,1,BRD-K10916986,vinorelbine,0.000000,-9.126145,8.386188,3,1,0,-0.246652,0.000000,-9.126145,-90.000000,1355,False,False,True,False,False,False
1358,4,Tier 4 — Weak/single-signature,1,BRD-A43331270,niguldipine,0.000000,0.000000,-0.637300,3,1,0,-0.212433,0.000000,-0.637300,-90.000000,1358,False,False,False,False,True,False
1359,4,Tier 4 — Weak/single-signature,1,BRD-K99411983,lumicolchicine,0.000000,9.291586,-9.763454,3,1,0,-0.157289,0.000000,-9.763454,-90.000000,1359,False,False,False,False,True,False
1360,4,Tier 4 — Weak/single-signature,1,BRD-A14566392,scopolamine,1.092318,-1.550388,0.000000,3,1,0,-0.152690,0.000000,-1.550388,-90.000000,1360,False,False,True,False,False,False
1361,4,Tier 4 — Weak/single-signature,1,BRD-K27871032,lysergol,0.000000,-1.127555,0.704722,3,1,0,-0.140944,0.000000,-1.127555,-90.000000,1361,False,False,True,False,False,False
1362,4,Tier 4 — Weak/single-signature,1,BRD-K79930101,GW-583340,0.000000,-1.691332,1.380995,3,1,0,-0.103446,0.000000,-1.691332,-90.000000,1362,False,False,True,False,False,False
1363,4,Tier 4 — Weak/single-signature,1,BRD-K14767410,SC-560,0.000000,-1.726568,1.444679,3,1,0,-0.093963,0.000000,-1.726568,-90.000000,1363,False,False,True,False,False,False
1364,4,Tier 4 — Weak/single-signature,1,BRD-K47598052,PP-1,0.000000,1.057082,-1.282087,3,1,0,-0.075001,0.000000,-1.282087,-90.000000,1364,False,False,False,False,True,False
1365,4,Tier 4 — Weak/single-signature,1,BRD-A36066264,estradiol-benzoate,0.000000,-5.378908,5.216907,3,1,0,-0.054000,0.000000,-5.378908,-90.000000,1365,False,False,True,False,False,False
1366,4,Tier 4 — Weak/single-signature,1,BRD-K14200658,syrosingopine,0.000000,-1.057082,0.916138,3,1,0,-0.046981,0.000000,-1.057082,-90.000000,1366,False,False,True,False,False,False
1367,4,Tier 4 — Weak/single-signature,1,BRD-K84421793,BRD-K84421793,-0.739958,0.599013,0.000000,3,1,0,-0.046981,0.000000,-0.739958,-90.000000,1367,True,False,False,False,False,False
1368,4,Tier 4 — Weak/single-signature,1,BRD-K12057390,apigenin,0.000000,1.198027,-1.303735,3,1,0,-0.035236,0.000000,-1.303735,-90.000000,1368,False,False,False,False,True,False
1369,4,Tier 4 — Weak/single-signature,1,BRD-K02992638,lamivudine,0.000000,-3.699789,3.601851,3,1,0,-0.032646,0.000000,-3.699789,-90.000000,1369,False,False,True,False,False,False
1370,4,Tier 4 — Weak/single-signature,1,BRD-K36324071,NF-449,0.000000,-0.779540,0.704940,3,1,0,-0.024867,0.000000,-0.779540,-90.000000,1370,False,False,True,False,False,False
1371,4,Tier 4 — Weak/single-signature,1,BRD-K34776109,glimepiride,0.000000,0.070472,-0.140944,3,1,0,-0.023491,0.000000,-0.140944,-90.000000,1371,False,False,False,False,True,False
1372,4,Tier 4 — Weak/single-signature,1,BRD-K51223576,AG-99,0.000000,-8.220812,8.157790,3,1,0,-0.021007,0.000000,-8.220812,-90.000000,1372,False,False,True,False,False,False
1373,4,Tier 4 — Weak/single-signature,1,BRD-K88611939,aniracetam,0.000000,-2.450954,2.396054,3,1,0,-0.018300,0.000000,-2.450954,-90.000000,1373,False,False,True,False,False,False
1374,4,Tier 4 — Weak/single-signature,1,BRD-K75615183,talipexole,0.000000,0.352361,-0.352361,3,1,0,0.000000,0.000000,-0.352361,-90.000000,1374,False,False,False,False,True,False
1375,4,Tier 4 — Weak/single-signature,1,BRD-K31699485,DMeOB,0.000000,-7.233816,7.240559,3,1,0,0.002248,0.000000,-7.233816,-90.000000,1375,False,False,True,False,False,False
1376,4,Tier 4 — Weak/single-signature,1,BRD-A03816571,CP-55940,-0.775194,0.000000,0.892466,3,1,0,0.039091,0.000000,-0.775194,-90.000000,1376,True,False,False,False,False,False
1377,4,Tier 4 — Weak/single-signature,1,BRD-K22193694,dioxybenzone,0.000000,6.272023,-6.150755,3,1,0,0.040423,0.000000,-6.150755,-90.000000,1377,False,False,False,False,True,False
1378,4,Tier 4 — Weak/single-signature,1,BRD-A62809825,thapsigargin,0.880902,0.000000,-0.747677,3,1,0,0.044408,0.000000,-0.747677,-90.000000,1378,False,False,False,False,True,False
1379,4,Tier 4 — Weak/single-signature,1,BRD-K57546357,prunetin,9.076706,0.000000,-8.930297,3,1,0,0.048803,0.000000,-8.930297,-90.000000,1379,False,False,False,False,True,False
1380,4,Tier 4 — Weak/single-signature,1,BRD-K66956375,oleoylethanolamide,0.000000,-1.515151,1.902748,3,1,0,0.129199,0.000000,-1.515151,-90.000000,1380,False,False,True,False,False,False
1381,4,Tier 4 — Weak/single-signature,1,BRD-A49906757,scopolamine-n-oxide,0.000000,2.697110,-2.219873,3,1,0,0.159079,0.000000,-2.219873,-90.000000,1381,False,False,False,False,True,False
1382,4,Tier 4 — Weak/single-signature,1,BRD-K29313308,HDAC3-selective,0.000000,-0.035173,0.563777,3,1,0,0.176202,0.000000,-0.035173,-90.000000,1382,False,False,True,False,False,False
1383,4,Tier 4 — Weak/single-signature,1,BRD-K65261396,tacrolimus,0.000000,1.202199,-0.634249,3,1,0,0.189317,0.000000,-0.634249,-90.000000,1383,False,False,False,False,True,False
1384,4,Tier 4 — Weak/single-signature,1,BRD-K84595254,strophanthidin,-1.092318,1.797040,0.000000,3,1,0,0.234907,0.000000,-1.092318,-90.000000,1384,True,False,False,False,False,False
1385,4,Tier 4 — Weak/single-signature,1,BRD-K92991072,PAC-1,0.000000,1.728062,-1.021846,3,1,0,0.235405,0.000000,-1.021846,-90.000000,1385,False,False,False,False,True,False
1386,4,Tier 4 — Weak/single-signature,1,BRD-K46137903,prednicarbate,0.000000,5.861854,-5.041750,3,1,0,0.273368,0.000000,-5.041750,-90.000000,1386,False,False,False,False,True,False
1387,4,Tier 4 — Weak/single-signature,1,BRD-K82091397,SB-239063,0.000000,-3.284249,4.369274,3,1,0,0.361675,0.000000,-3.284249,-90.000000,1387,False,False,True,False,False,False
1388,4,Tier 4 — Weak/single-signature,1,BRD-K59773493,benzohydroxamic-acid,2.995067,0.000000,-1.388501,3,1,0,0.535522,0.000000,-1.388501,-90.000000,1388,False,False,False,False,True,False
1389,4,Tier 4 — Weak/single-signature,1,BRD-K18910433,estradiol,0.000000,-4.645367,6.794089,3,1,0,0.716241,0.000000,-4.645367,-90.000000,1389,False,False,True,False,False,False
1390,4,Tier 4 — Weak/single-signature,1,BRD-K19985802,BRD-K19985802,0.000000,7.575757,-5.277701,3,1,0,0.766019,0.000000,-5.277701,-90.000000,1390,False,False,False,False,True,False
1391,4,Tier 4 — Weak/single-signature,1,BRD-K37814297,acepromazine,0.000000,3.519107,-1.162791,3,1,0,0.785439,0.000000,-1.162791,-90.000000,1391,False,False,False,False,True,False
1392,4,Tier 4 — Weak/single-signature,1,BRD-A47633927,NPC-15199,0.000000,3.155152,-0.739958,3,1,0,0.805065,0.000000,-0.739958,-90.000000,1392,False,False,False,False,True,False
1393,4,Tier 4 — Weak/single-signature,1,BRD-K47761761,PD-168077,7.416944,-4.725630,0.000000,3,1,0,0.897105,0.000000,-4.725630,-90.000000,1393,False,False,True,False,False,False
1394,4,Tier 4 — Weak/single-signature,1,BRD-A59215453,lobelanidine,0.000000,-26.498678,29.525944,3,1,0,1.009089,0.000000,-26.498678,-90.000000,1394,False,False,True,False,False,False
1395,4,Tier 4 — Weak/single-signature,1,BRD-K95992530,cyclo-[Arg-Gly-Asp-D-Phe-Val],0.000000,6.971788,-3.875969,3,1,0,1.031940,0.000000,-3.875969,-90.000000,1395,False,False,False,False,True,False
1396,4,Tier 4 — Weak/single-signature,1,BRD-K94920105,DR-2313,0.000000,-0.528541,3.770261,3,1,0,1.080573,0.000000,-0.528541,-90.000000,1396,False,False,True,False,False,False
1397,4,Tier 4 — Weak/single-signature,1,BRD-K08252256,diclofenac,-0.000000,7.103785,-3.735025,3,1,0,1.122920,0.000000,-3.735025,-90.000000,1397,False,False,False,False,True,False
1398,4,Tier 4 — Weak/single-signature,1,BRD-K91938660,memantine,0.000000,-6.765328,10.157125,3,1,0,1.130599,0.000000,-6.765328,-90.000000,1398,False,False,True,False,False,False
1399,4,Tier 4 — Weak/single-signature,1,BRD-K60219430,serdemetan,0.000000,8.240465,-4.816652,3,1,0,1.141271,0.000000,-4.816652,-90.000000,1399,False,False,False,False,True,False
1400,4,Tier 4 — Weak/single-signature,1,BRD-K52721684,PCO-400,0.000000,-10.332004,14.084675,3,1,0,1.250890,0.000000,-10.332004,-90.000000,1400,False,False,True,False,False,False
1401,4,Tier 4 — Weak/single-signature,1,BRD-K14618467,IKK-16,0.000000,5.778717,-2.008457,3,1,0,1.256754,0.000000,-2.008457,-90.000000,1401,False,False,False,False,True,False
1402,4,Tier 4 — Weak/single-signature,1,BRD-K03816923,rottlerin,0.000000,-1.550388,5.342749,3,1,0,1.264120,0.000000,-1.550388,-90.000000,1402,False,False,True,False,False,False
1403,4,Tier 4 — Weak/single-signature,1,BRD-K39823328,VU-0366037-2,0.000000,-14.964619,18.770794,3,1,0,1.268725,0.000000,-14.964619,-90.000000,1403,False,False,True,False,False,False
1404,4,Tier 4 — Weak/single-signature,1,BRD-K66944906,fraxidin,0.000000,-2.255109,6.098737,3,1,0,1.281209,0.000000,-2.255109,-90.000000,1404,False,False,True,False,False,False
1405,4,Tier 4 — Weak/single-signature,1,BRD-A01346607,flumetasone,0.000000,17.646275,-13.700762,3,1,0,1.315171,0.000000,-13.700762,-90.000000,1405,False,False,False,False,True,False
1406,4,Tier 4 — Weak/single-signature,1,BRD-K95655893,MAZ-51,0.000000,-24.285587,28.259035,3,1,0,1.324483,0.000000,-24.285587,-90.000000,1406,False,False,True,False,False,False
1407,4,Tier 4 — Weak/single-signature,1,BRD-A24891640,nimodipine,0.000000,10.439487,-6.002799,3,1,0,1.478896,0.000000,-6.002799,-90.000000,1407,False,False,False,False,True,False
1408,4,Tier 4 — Weak/single-signature,1,BRD-A08187463,racecadotril,0.000000,-6.850915,11.382301,3,1,0,1.510462,0.000000,-6.850915,-90.000000,1408,False,False,True,False,False,False
1409,4,Tier 4 — Weak/single-signature,1,BRD-K32526544,DCEBIO,0.000000,9.654686,-4.729161,3,1,0,1.641842,0.000000,-4.729161,-90.000000,1409,False,False,False,False,True,False
1410,4,Tier 4 — Weak/single-signature,1,BRD-K14693417,cinchonine,0.000000,-6.171062,11.487403,3,1,0,1.772114,0.000000,-6.171062,-90.000000,1410,False,False,True,False,False,False
1411,4,Tier 4 — Weak/single-signature,1,BRD-K43744935,tamoxifen,0.000000,-2.501762,8.129708,3,1,0,1.875982,0.000000,-2.501762,-90.000000,1411,False,False,True,False,False,False
1412,4,Tier 4 — Weak/single-signature,1,BRD-K53878242,MMPX,0.000000,21.217070,-15.204228,3,1,0,2.004281,0.000000,-15.204228,-90.000000,1412,False,False,False,False,True,False
1413,4,Tier 4 — Weak/single-signature,1,BRD-K41713976,E-4031,0.000000,-3.555204,9.656804,3,1,0,2.033867,0.000000,-3.555204,-90.000000,1413,False,False,True,False,False,False
1414,4,Tier 4 — Weak/single-signature,1,BRD-K85030058,benactyzine,0.000000,9.253079,-2.011181,3,1,0,2.413966,0.000000,-2.011181,-90.000000,1414,False,False,False,False,True,False
1415,4,Tier 4 — Weak/single-signature,1,BRD-A74907996,equol,0.000000,-5.192641,12.438337,3,1,0,2.415232,0.000000,-5.192641,-90.000000,1415,False,False,True,False,False,False
1416,4,Tier 4 — Weak/single-signature,1,BRD-K85266041,DNQX,0.000000,9.405815,-2.008457,3,1,0,2.465786,0.000000,-2.008457,-90.000000,1416,False,False,False,False,True,False
1417,4,Tier 4 — Weak/single-signature,1,BRD-K50836978,purvalanol-a,0.000000,16.086313,-8.572708,3,1,0,2.504535,0.000000,-8.572708,-90.000000,1417,False,False,False,False,True,False
1418,4,Tier 4 — Weak/single-signature,1,BRD-K40619305,larixinic-acid,0.000000,-3.488372,11.176847,3,1,0,2.562825,0.000000,-3.488372,-90.000000,1418,False,False,True,False,False,False
1419,4,Tier 4 — Weak/single-signature,1,BRD-A03623303,metoprolol,0.000000,-2.255109,10.059532,3,1,0,2.601474,0.000000,-2.255109,-90.000000,1419,False,False,True,False,False,False
1420,4,Tier 4 — Weak/single-signature,1,BRD-K47278471,diphenhydramine,0.000000,-13.859527,21.993477,3,1,0,2.711317,0.000000,-13.859527,-90.000000,1420,False,False,True,False,False,False
1421,4,Tier 4 — Weak/single-signature,1,BRD-K08132273,tyrphostin,0.000000,-7.271594,15.784987,3,1,0,2.837798,0.000000,-7.271594,-90.000000,1421,False,False,True,False,False,False
1422,4,Tier 4 — Weak/single-signature,1,BRD-A26097136,bulleyaconitine-a,0.000000,-7.957180,16.671694,3,1,0,2.904838,0.000000,-7.957180,-90.000000,1422,False,False,True,False,False,False
1423,4,Tier 4 — Weak/single-signature,1,BRD-K02867583,minaprine,0.000000,-0.986610,10.230580,3,1,0,3.081323,0.000000,-0.986610,-90.000000,1423,False,False,True,False,False,False
1424,4,Tier 4 — Weak/single-signature,1,BRD-K67578145,GDC-0879,0.000000,10.866172,-1.303735,3,1,0,3.187479,0.000000,-1.303735,-90.000000,1424,False,False,False,False,True,False
1425,4,Tier 4 — Weak/single-signature,1,BRD-A59943784,fluticasone,0.000000,17.262627,-6.572033,3,1,0,3.563531,0.000000,-6.572033,-90.000000,1425,False,False,False,False,True,False
1426,4,Tier 4 — Weak/single-signature,1,BRD-K76534306,enrofloxacin,0.000000,16.339634,-5.592599,3,1,0,3.582345,0.000000,-5.592599,-90.000000,1426,False,False,False,False,True,False
1427,4,Tier 4 — Weak/single-signature,1,BRD-K64881305,ispinesib,13.520575,0.000000,-2.642706,3,1,0,3.625956,0.000000,-2.642706,-90.000000,1427,False,False,False,False,True,False
1428,4,Tier 4 — Weak/single-signature,1,BRD-A11609859,SB-205607,0.000000,-2.818887,13.762253,3,1,0,3.647789,0.000000,-2.818887,-90.000000,1428,False,False,True,False,False,False
1429,4,Tier 4 — Weak/single-signature,1,BRD-K05906022,limonin,0.000000,14.552502,-3.242058,3,1,0,3.770148,0.000000,-3.242058,-90.000000,1429,False,False,False,False,True,False
1430,4,Tier 4 — Weak/single-signature,1,BRD-K64670467,JNJ-16259685,0.000000,-2.078929,13.485433,3,1,0,3.802168,0.000000,-2.078929,-90.000000,1430,False,False,True,False,False,False
1431,4,Tier 4 — Weak/single-signature,1,BRD-A82371568,clofarabine,0.000000,-2.386670,14.868993,3,1,0,4.160774,0.000000,-2.386670,-90.000000,1431,False,False,True,False,False,False
1432,4,Tier 4 — Weak/single-signature,1,BRD-K90259198,W-7,0.000000,-0.599013,13.335202,3,1,0,4.245396,0.000000,-0.599013,-90.000000,1432,False,False,True,False,False,False
1433,4,Tier 4 — Weak/single-signature,1,BRD-K84663978,trequinsin,0.000000,17.900623,-5.118864,3,1,0,4.260586,0.000000,-5.118864,-90.000000,1433,False,False,False,False,True,False
1434,4,Tier 4 — Weak/single-signature,1,BRD-A05352148,ipratropium,0.000000,-2.043693,14.830925,3,1,0,4.262411,0.000000,-2.043693,-90.000000,1434,False,False,True,False,False,False
1435,4,Tier 4 — Weak/single-signature,1,BRD-K48935217,epothilone,0.000000,-32.623590,45.984657,3,1,0,4.453689,0.000000,-32.623590,-90.000000,1435,False,False,True,False,False,False
1436,4,Tier 4 — Weak/single-signature,1,BRD-K96037667,norethindrone,0.000000,24.158197,-9.732609,3,1,0,4.808529,0.000000,-9.732609,-90.000000,1436,False,False,False,False,True,False
1437,4,Tier 4 — Weak/single-signature,1,BRD-K95899059,LY-344864,-8.948322,0.000000,25.323082,3,1,0,5.458253,0.000000,-8.948322,-90.000000,1437,True,False,False,False,False,False
1438,4,Tier 4 — Weak/single-signature,1,BRD-K48969316,BRD-K48969316,0.000000,-2.854123,19.453611,3,1,0,5.533163,0.000000,-2.854123,-90.000000,1438,False,False,True,False,False,False
1439,4,Tier 4 — Weak/single-signature,1,BRD-K58033748,BRD-K58033748,0.000000,27.661644,-11.028691,3,1,0,5.544318,0.000000,-11.028691,-90.000000,1439,False,False,False,False,True,False
1440,4,Tier 4 — Weak/single-signature,1,BRD-A58564983,selamectin,0.000000,-15.479920,32.699722,3,1,0,5.739934,0.000000,-15.479920,-90.000000,1440,False,False,True,False,False,False
1441,4,Tier 4 — Weak/single-signature,1,BRD-K64517075,heliomycin,-7.608947,0.000000,25.152992,3,1,0,5.848015,0.000000,-7.608947,-90.000000,1441,True,False,False,False,False,False
1442,4,Tier 4 — Weak/single-signature,1,BRD-K34092021,arvanil,0.000000,-2.184637,21.746637,3,1,0,6.520667,0.000000,-2.184637,-90.000000,1442,False,False,True,False,False,False
1443,4,Tier 4 — Weak/single-signature,1,BRD-K99595596,salsolinol,0.000000,22.523087,-2.748414,3,1,0,6.591558,0.000000,-2.748414,-90.000000,1443,False,False,False,False,True,False
1444,4,Tier 4 — Weak/single-signature,1,BRD-K34508425,KU-C103898N,0.000000,-3.911205,24.148716,3,1,0,6.745837,0.000000,-3.911205,-90.000000,1444,False,False,True,False,False,False
1445,4,Tier 4 — Weak/single-signature,1,BRD-K13571841,pepstatin,0.000000,23.983522,-2.959831,3,1,0,7.007897,0.000000,-2.959831,-90.000000,1445,False,False,False,False,True,False
1446,4,Tier 4 — Weak/single-signature,1,BRD-K29673530,hypericin,0.000000,-7.137075,29.471272,3,1,0,7.444732,0.000000,-7.137075,-90.000000,1446,False,False,True,False,False,False
1447,4,Tier 4 — Weak/single-signature,1,BRD-K75295174,alisertib,0.000000,-16.137636,39.169834,3,1,0,7.677399,0.000000,-16.137636,-90.000000,1447,False,False,True,False,False,False
1448,4,Tier 4 — Weak/single-signature,1,BRD-K12539581,nocodazole,0.000000,-25.553284,50.827618,3,1,0,8.424778,0.000000,-25.553284,-90.000000,1448,False,False,True,False,False,False
1449,4,Tier 4 — Weak/single-signature,1,BRD-A96485169,EBPC,0.000000,-9.020437,35.502323,3,1,0,8.827295,0.000000,-9.020437,-90.000000,1449,False,False,True,False,False,False
1450,4,Tier 4 — Weak/single-signature,1,BRD-K94270326,ecopipam,0.000000,-17.089115,44.737328,3,1,0,9.216071,0.000000,-17.089115,-90.000000,1450,False,False,True,False,False,False
1451,4,Tier 4 — Weak/single-signature,1,BRD-K65331431,retinyl-acetate,0.000000,34.044327,-2.501762,3,1,0,10.514188,0.000000,-2.501762,-90.000000,1451,False,False,False,False,True,False
1452,4,Tier 4 — Weak/single-signature,1,BRD-K19796430,sonidegib,0.000000,63.261080,-29.971554,3,1,0,11.096509,0.000000,-29.971554,-90.000000,1452,False,False,False,False,True,False
1453,4,Tier 4 — Weak/single-signature,1,BRD-K82357231,desloratadine,0.000000,72.910324,-37.398373,3,1,0,11.837317,0.000000,-37.398373,-90.000000,1453,False,False,False,False,True,False
1454,4,Tier 4 — Weak/single-signature,1,BRD-K78431006,crizotinib,0.000000,42.710670,-4.016913,3,1,0,12.897919,0.000000,-4.016913,-90.000000,1454,False,False,False,False,True,False
1455,4,Tier 4 — Weak/single-signature,1,BRD-K59753975,vindesine,0.000000,-15.930811,60.449470,3,1,0,14.839553,0.000000,-15.930811,-90.000000,1455,False,False,True,False,False,False
1456,4,Tier 4 — Weak/single-signature,1,BRD-K15600710,obatoclax,0.000000,-4.792107,67.091880,3,1,0,20.766591,0.000000,-4.792107,-90.000000,1456,False,False,True,False,False,False
1457,4,Tier 4 — Weak/single-signature,1,BRD-K73978287,hydrocortisone,0.000000,82.254745,-5.074331,3,1,0,25.726805,0.000000,-5.074331,-90.000000,1457,False,False,False,False,True,False
1458,4,Tier 4 — Weak/single-signature,1,BRD-K15916496,clotrimazole,0.016222,-3.100775,11.008390,3,1,0,2.641279,0.016222,-3.100775,-90.000000,1458,False,False,True,False,False,False
1459,4,Tier 4 — Weak/single-signature,1,BRD-A34299591,budesonide,0.017249,18.258550,-4.843541,3,1,0,4.477419,0.017249,-4.843541,-90.000000,1459,False,False,False,False,True,False
1460,4,Tier 4 — Weak/single-signature,1,BRD-K90382497,GW-843682X,0.019141,-3.770261,36.643784,3,1,0,10.964221,0.019141,-3.770261,-90.000000,1460,False,False,True,False,False,False
1461,4,Tier 4 — Weak/single-signature,1,BRD-A91008255,bepridil,-7.007206,0.023172,4.694442,3,1,0,-0.763197,0.023172,-7.007206,-90.000000,1461,True,False,False,False,False,False
1462,4,Tier 4 — Weak/single-signature,1,BRD-K29458283,chlorambucil,0.025376,-1.585624,0.246653,3,1,0,-0.437865,0.025376,-1.585624,-90.000000,1462,False,False,True,False,False,False
1463,4,Tier 4 — Weak/single-signature,1,BRD-K56515112,medrysone,0.029578,24.545849,-2.075737,3,1,0,7.499897,0.029578,-2.075737,-90.000000,1463,False,False,False,False,True,False
1464,4,Tier 4 — Weak/single-signature,1,BRD-K29359156,ebselen,-1.620860,0.053614,1.867512,3,1,0,0.100089,0.053614,-1.620860,-90.000000,1464,True,False,False,False,False,False
1465,4,Tier 4 — Weak/single-signature,1,BRD-K89348303,ramipril,0.070472,-7.257779,3.347262,3,1,0,-1.280015,0.070472,-7.257779,-90.000000,1465,False,False,True,False,False,False
1466,4,Tier 4 — Weak/single-signature,1,BRD-A44133049,azasetron,0.070472,0.176180,-0.178999,3,1,0,0.022551,0.070472,-0.178999,-90.000000,1466,False,False,False,False,True,False
1467,4,Tier 4 — Weak/single-signature,1,BRD-K75699339,rizatriptan,0.070472,14.052170,-9.935852,3,1,0,1.395597,0.070472,-9.935852,-90.000000,1467,False,False,False,False,True,False
1468,4,Tier 4 — Weak/single-signature,1,BRD-K47780086,penciclovir,0.070472,-17.100494,27.624830,3,1,0,3.531603,0.070472,-17.100494,-90.000000,1468,False,False,True,False,False,False
1469,4,Tier 4 — Weak/single-signature,1,BRD-A89175223,bisoprolol,0.070472,-1.057082,15.890574,3,1,0,4.967988,0.070472,-1.057082,-90.000000,1469,False,False,True,False,False,False
1470,4,Tier 4 — Weak/single-signature,1,BRD-K14221570,benzopurpurin-4b,0.105708,-0.317125,1.148580,3,1,0,0.312388,0.105708,-0.317125,-90.000000,1470,False,False,True,False,False,False
1471,4,Tier 4 — Weak/single-signature,1,BRD-K54771420,glycocholic-acid,0.105708,-5.830721,7.168631,3,1,0,0.481206,0.105708,-5.830721,-90.000000,1471,False,False,True,False,False,False
1472,4,Tier 4 — Weak/single-signature,1,BRD-A78942461,ICI-118551,-0.053698,0.105708,1.409443,3,1,0,0.487151,0.105708,-0.053698,-90.000000,1472,True,False,False,False,False,False
1473,4,Tier 4 — Weak/single-signature,1,BRD-K04196797,oxcarbazepine,0.105708,-5.653307,21.875010,3,1,0,5.442471,0.105708,-5.653307,-90.000000,1473,False,False,True,False,False,False
1474,4,Tier 4 — Weak/single-signature,1,BRD-K38436528,imipramine,1.115131,-6.142618,0.140944,3,1,0,-1.628848,0.140944,-6.142618,-90.000000,1474,False,False,True,False,False,False
1475,4,Tier 4 — Weak/single-signature,1,BRD-A29322418,canrenoic-acid,0.140944,-6.901579,56.143830,3,1,0,16.461065,0.140944,-6.901579,-90.000000,1475,False,False,True,False,False,False
1476,4,Tier 4 — Weak/single-signature,1,BRD-K59163477,cisapride,1.832276,0.176180,-20.092932,3,1,0,-6.028158,0.176180,-20.092932,-90.000000,1476,False,False,False,False,True,False
1477,4,Tier 4 — Weak/single-signature,1,BRD-K02113016,olaparib,0.211417,4.898273,-55.336323,3,1,0,-16.742211,0.211417,-55.336323,-90.000000,1477,False,False,False,False,True,False
1478,4,Tier 4 — Weak/single-signature,1,BRD-K24023109,diltiazem,0.211417,1.557672,-0.845666,3,1,0,0.307808,0.211417,-0.845666,-90.000000,1478,False,False,False,False,True,False
1479,4,Tier 4 — Weak/single-signature,1,BRD-K62996583,lidoflazine,0.211417,-0.704722,10.291354,3,1,0,3.266016,0.211417,-0.704722,-90.000000,1479,False,False,True,False,False,False
1480,4,Tier 4 — Weak/single-signature,1,BRD-K48869804,icilin,0.281889,1.162791,-9.346495,3,1,0,-2.633939,0.281889,-9.346495,-90.000000,1480,False,False,False,False,True,False
1481,4,Tier 4 — Weak/single-signature,1,BRD-A09467419,mebeverine,0.281889,-14.946643,18.102985,3,1,0,1.146077,0.281889,-14.946643,-90.000000,1481,False,False,True,False,False,False
1482,4,Tier 4 — Weak/single-signature,1,BRD-K39965020,doconexent,0.422833,-0.387597,0.317125,3,1,0,0.117454,0.317125,-0.387597,-90.000000,1482,False,False,True,False,False,False
1483,4,Tier 4 — Weak/single-signature,1,BRD-K99922388,DPO-1,1.290749,-0.669486,0.317125,3,1,0,0.312796,0.317125,-0.669486,-90.000000,1483,False,False,True,False,False,False
1484,4,Tier 4 — Weak/single-signature,1,BRD-K04414442,SB-222200,0.352361,0.387597,-7.227215,3,1,0,-2.162419,0.352361,-7.227215,-90.000000,1484,False,False,False,False,True,False
1485,4,Tier 4 — Weak/single-signature,1,BRD-K30020243,aliskiren,-5.630449,0.352361,5.007267,3,1,0,-0.090274,0.352361,-5.630449,-90.000000,1485,True,False,False,False,False,False
1486,4,Tier 4 — Weak/single-signature,1,BRD-K86204871,terconazole,-0.669486,0.951374,0.352361,3,1,0,0.211416,0.352361,-0.669486,-90.000000,1486,True,False,False,False,False,False
1487,4,Tier 4 — Weak/single-signature,1,BRD-K67537649,PQ-401,0.352361,2.536998,-2.000881,3,1,0,0.296159,0.352361,-2.000881,-90.000000,1487,False,False,False,False,True,False
1488,4,Tier 4 — Weak/single-signature,1,BRD-K70327191,benzoxiquine,6.175654,-0.176180,0.352361,3,1,0,2.117278,0.352361,-0.176180,-90.000000,1488,False,False,True,False,False,False
1489,4,Tier 4 — Weak/single-signature,1,BRD-K06208435,YS-035,-0.493305,10.079624,0.352361,3,1,0,3.312893,0.352361,-0.493305,-90.000000,1489,True,False,False,False,False,False
1490,4,Tier 4 — Weak/single-signature,1,BRD-K99616396,motesanib,-3.417900,0.352361,26.551605,3,1,0,7.828689,0.352361,-3.417900,-90.000000,1490,True,False,False,False,False,False
1491,4,Tier 4 — Weak/single-signature,1,BRD-A68631409,evodiamine,0.387597,-17.494099,4.704533,3,1,0,-4.133990,0.387597,-17.494099,-90.000000,1491,False,False,True,False,False,False
1492,4,Tier 4 — Weak/single-signature,1,BRD-K87947369,tozasertib,0.387597,3.372581,-10.030971,3,1,0,-2.090265,0.387597,-10.030971,-90.000000,1492,False,False,False,False,True,False
1493,4,Tier 4 — Weak/single-signature,1,BRD-K04046242,equilin,-0.070472,1.338971,0.387597,3,1,0,0.552032,0.387597,-0.070472,-90.000000,1493,True,False,False,False,False,False
1494,4,Tier 4 — Weak/single-signature,1,BRD-K99696746,fatostatin,-14.161438,0.387597,17.462090,3,1,0,1.229416,0.387597,-14.161438,-90.000000,1494,True,False,False,False,False,False
1495,4,Tier 4 — Weak/single-signature,1,BRD-K39256324,rottlerin,0.387597,9.358685,-5.517729,3,1,0,1.409518,0.387597,-5.517729,-90.000000,1495,False,False,False,False,True,False
1496,4,Tier 4 — Weak/single-signature,1,BRD-K89839824,raltitrexed,-0.211417,0.387597,23.238321,3,1,0,7.804834,0.387597,-0.211417,-90.000000,1496,True,False,False,False,False,False
1497,4,Tier 4 — Weak/single-signature,1,BRD-K09132007,D-4476,-8.431952,0.422833,4.904160,3,1,0,-1.034986,0.422833,-8.431952,-90.000000,1497,True,False,False,False,False,False
1498,4,Tier 4 — Weak/single-signature,1,BRD-K59273480,propentofylline,0.455597,-1.620860,0.669486,3,1,0,-0.165259,0.455597,-1.620860,-90.000000,1498,False,False,True,False,False,False
1499,4,Tier 4 — Weak/single-signature,1,BRD-K28346421,rifapentine,16.168526,-51.404182,0.493305,3,1,0,-11.580784,0.493305,-51.404182,-90.000000,1499,False,False,True,False,False,False
1500,4,Tier 4 — Weak/single-signature,1,BRD-K06159959,CCMQ,2.431290,-5.463077,0.493305,3,1,0,-0.846161,0.493305,-5.463077,-90.000000,1500,False,False,True,False,False,False
1501,4,Tier 4 — Weak/single-signature,1,BRD-K59753853,MDL-29951,-6.848721,0.528541,4.960658,3,1,0,-0.453174,0.528541,-6.848721,-90.000000,1501,True,False,False,False,False,False
1502,4,Tier 4 — Weak/single-signature,1,BRD-A66435872,HTMT,-0.563777,3.352843,0.528541,3,1,0,1.105869,0.528541,-0.563777,-90.000000,1502,True,False,False,False,False,False
1503,4,Tier 4 — Weak/single-signature,1,BRD-K02637541,celecoxib,-0.070472,0.528541,5.673715,3,1,0,2.043928,0.528541,-0.070472,-90.000000,1503,True,False,False,False,False,False
1504,4,Tier 4 — Weak/single-signature,1,BRD-K20168484,BRD-K20168484,0.528541,-10.840423,19.762638,3,1,0,3.150252,0.528541,-10.840423,-90.000000,1504,False,False,True,False,False,False
1505,4,Tier 4 — Weak/single-signature,1,BRD-K47639036,flavoxate,-0.704722,0.563777,0.739958,3,1,0,0.199671,0.563777,-0.704722,-90.000000,1505,True,False,False,False,False,False
1506,4,Tier 4 — Weak/single-signature,1,BRD-K73397362,purmorphamine,-0.025347,0.563777,3.864399,3,1,0,1.467610,0.563777,-0.025347,-90.000000,1506,True,False,False,False,False,False
1507,4,Tier 4 — Weak/single-signature,1,BRD-K63165456,norcyclobenzaprine,-0.458069,0.637074,0.599013,3,1,0,0.259339,0.599013,-0.458069,-90.000000,1507,True,False,False,False,False,False
1508,4,Tier 4 — Weak/single-signature,1,BRD-A90490067,fulvestrant,5.432397,-10.816460,0.634249,3,1,0,-1.583271,0.634249,-10.816460,-90.000000,1508,False,False,True,False,False,False
1509,4,Tier 4 — Weak/single-signature,1,BRD-A75402480,deoxycorticosterone-acetate,0.634249,-4.193094,2.117364,3,1,0,-0.480493,0.634249,-4.193094,-90.000000,1509,False,False,True,False,False,False
1510,4,Tier 4 — Weak/single-signature,1,BRD-K65639003,icariin,0.634249,-3.629316,3.417900,3,1,0,0.140944,0.634249,-3.629316,-90.000000,1510,False,False,True,False,False,False
1511,4,Tier 4 — Weak/single-signature,1,BRD-K28360340,TW-37,1.374207,0.634249,-1.105732,3,1,0,0.300908,0.634249,-1.105732,-90.000000,1511,False,False,False,False,True,False
1512,4,Tier 4 — Weak/single-signature,1,BRD-K39188321,betamethasone,0.669486,3.210192,-12.594698,3,1,0,-2.905007,0.669486,-12.594698,-90.000000,1512,False,False,False,False,True,False
1513,4,Tier 4 — Weak/single-signature,1,BRD-K68264559,brimonidine,0.700863,7.489916,-0.916138,3,1,0,2.424881,0.700863,-0.916138,-90.000000,1513,False,False,False,False,True,False
1514,4,Tier 4 — Weak/single-signature,1,BRD-A79226577,tropisetron,0.704722,-2.078929,14.397940,3,1,0,4.341244,0.704722,-2.078929,-90.000000,1514,False,False,True,False,False,False
1515,4,Tier 4 — Weak/single-signature,1,BRD-K68437527,EMF-BCA1-60,0.704722,-1.726568,21.967512,3,1,0,6.981889,0.704722,-1.726568,-90.000000,1515,False,False,True,False,False,False
1516,4,Tier 4 — Weak/single-signature,1,BRD-K82823804,PD-407824,0.724613,5.561493,-19.673882,3,1,0,-4.462592,0.724613,-19.673882,-90.000000,1516,False,False,False,False,True,False
1517,4,Tier 4 — Weak/single-signature,1,BRD-K89125793,tinidazole,-0.246653,13.437777,0.810430,3,1,0,4.667185,0.810430,-0.246653,-90.000000,1517,True,False,False,False,False,False
1518,4,Tier 4 — Weak/single-signature,1,BRD-K72034655,peucedanin,0.842860,-21.231285,17.945147,3,1,0,-0.814426,0.842860,-21.231285,-90.000000,1518,False,False,True,False,False,False
1519,4,Tier 4 — Weak/single-signature,1,BRD-K98948170,BRD-K98948170,0.845666,-13.201563,1.409443,3,1,0,-3.648818,0.845666,-13.201563,-90.000000,1519,False,False,True,False,False,False
1520,4,Tier 4 — Weak/single-signature,1,BRD-K09397065,SR-57227A,-0.031077,0.845666,6.429102,3,1,0,2.414564,0.845666,-0.031077,-90.000000,1520,True,False,False,False,False,False
1521,4,Tier 4 — Weak/single-signature,1,BRD-A39415247,norethisterone,-0.739958,9.271772,0.845666,3,1,0,3.125827,0.845666,-0.739958,-90.000000,1521,True,False,False,False,False,False
1522,4,Tier 4 — Weak/single-signature,1,BRD-K28115081,apafant,-1.198027,0.916138,2.255109,3,1,0,0.657740,0.916138,-1.198027,-90.000000,1522,True,False,False,False,False,False
1523,4,Tier 4 — Weak/single-signature,1,BRD-K81729199,AQ-RA741,-0.458069,0.916138,4.091643,3,1,0,1.516571,0.916138,-0.458069,-90.000000,1523,True,False,False,False,False,False
1524,4,Tier 4 — Weak/single-signature,1,BRD-K03109492,NSC-663284,0.916138,40.558170,-28.849209,3,1,0,4.208366,0.916138,-28.849209,-90.000000,1524,False,False,False,False,True,False
1525,4,Tier 4 — Weak/single-signature,1,BRD-A40639672,ketorolac,0.951374,-5.214940,2.114165,3,1,0,-0.716467,0.951374,-5.214940,-90.000000,1525,False,False,True,False,False,False
1526,4,Tier 4 — Weak/single-signature,1,BRD-K33882852,ZK-93423,4.193094,-3.206483,0.951374,3,1,0,0.645995,0.951374,-3.206483,-90.000000,1526,False,False,True,False,False,False
1527,4,Tier 4 — Weak/single-signature,1,BRD-A45499626,UBP-302,-4.013208,0.986610,1.127555,3,1,0,-0.633014,0.986610,-4.013208,-90.000000,1527,True,False,False,False,False,False
1528,4,Tier 4 — Weak/single-signature,1,BRD-K04430056,7-nitroindazole,-1.268499,0.986610,3.382664,3,1,0,1.033592,0.986610,-1.268499,-90.000000,1528,True,False,False,False,False,False
1529,4,Tier 4 — Weak/single-signature,1,BRD-A24514565,warfarin,-3.558844,1.761804,1.021846,3,1,0,-0.258398,1.021846,-3.558844,-90.000000,1529,True,False,False,False,False,False
1530,4,Tier 4 — Weak/single-signature,1,BRD-K14993104,bemegride,1.637519,1.057082,-25.421564,3,1,0,-7.575654,1.057082,-25.421564,-90.000000,1530,False,False,False,False,True,False
1531,4,Tier 4 — Weak/single-signature,1,BRD-K13926615,vardenafil,1.797040,-9.402133,1.066107,3,1,0,-2.179662,1.066107,-9.402133,-90.000000,1531,False,False,True,False,False,False
1532,4,Tier 4 — Weak/single-signature,1,BRD-K93460210,lamotrigine,-1.057082,1.092318,28.744604,3,1,0,9.593280,1.092318,-1.057082,-90.000000,1532,True,False,False,False,False,False
1533,4,Tier 4 — Weak/single-signature,1,BRD-K60460488,nelfinavir,1.113658,-1.656096,9.631897,3,1,0,3.029820,1.113658,-1.656096,-90.000000,1533,False,False,True,False,False,False
1534,4,Tier 4 — Weak/single-signature,1,BRD-K99615199,medroxyprogesterone,1.116081,30.350113,-14.250969,3,1,0,5.738408,1.116081,-14.250969,-90.000000,1534,False,False,False,False,True,False
1535,4,Tier 4 — Weak/single-signature,1,BRD-A34817987,itraconazole,-0.025692,19.185194,1.135952,3,1,0,6.765151,1.135952,-0.025692,-90.000000,1535,True,False,False,False,False,False
1536,4,Tier 4 — Weak/single-signature,1,BRD-K00312224,PPT,1.162791,-10.947301,8.394334,3,1,0,-0.463392,1.162791,-10.947301,-90.000000,1536,False,False,True,False,False,False
1537,4,Tier 4 — Weak/single-signature,1,BRD-K20755323,SKI-II,-0.070472,1.162791,2.977932,3,1,0,1.356750,1.162791,-0.070472,-90.000000,1537,True,False,False,False,False,False
1538,4,Tier 4 — Weak/single-signature,1,BRD-A65671304,candesartan-cilextil,1.162791,7.694764,-2.114165,3,1,0,2.247797,1.162791,-2.114165,-90.000000,1538,False,False,False,False,True,False
1539,4,Tier 4 — Weak/single-signature,1,BRD-A98431941,ephedrine,1.189416,-8.421424,16.065302,3,1,0,2.944431,1.189416,-8.421424,-90.000000,1539,False,False,True,False,False,False
1540,4,Tier 4 — Weak/single-signature,1,BRD-K27316855,calcitriol,-2.055443,2.588621,1.198027,3,1,0,0.577068,1.198027,-2.055443,-90.000000,1540,True,False,False,False,False,False
1541,4,Tier 4 — Weak/single-signature,1,BRD-K32501161,vanoxerine,-0.023365,1.198027,2.677942,3,1,0,1.284201,1.198027,-0.023365,-90.000000,1541,True,False,False,False,False,False
1542,4,Tier 4 — Weak/single-signature,1,BRD-K71534238,GW-9508,-0.599013,2.255109,1.233263,3,1,0,0.963120,1.233263,-0.599013,-90.000000,1542,True,False,False,False,False,False
1543,4,Tier 4 — Weak/single-signature,1,BRD-K36009368,NNC-63-0532,11.975333,-0.563777,1.233263,3,1,0,4.214940,1.233263,-0.563777,-90.000000,1543,False,False,True,False,False,False
1544,4,Tier 4 — Weak/single-signature,1,BRD-K03384561,roquinimex,1.268499,4.545454,-1.867512,3,1,0,1.315480,1.268499,-1.867512,-90.000000,1544,False,False,False,False,True,False
1545,4,Tier 4 — Weak/single-signature,1,BRD-K01567962,pyrazolanthrone,-1.444679,7.847188,1.268499,3,1,0,2.557002,1.268499,-1.444679,-90.000000,1545,True,False,False,False,False,False
1546,4,Tier 4 — Weak/single-signature,1,BRD-K96263742,GW-7647,36.352184,1.295768,-2.149401,3,1,0,11.832850,1.295768,-2.149401,-90.000000,1546,False,False,False,False,True,False
1547,4,Tier 4 — Weak/single-signature,1,BRD-K62858456,lomerizine,1.338971,-21.427060,18.577541,3,1,0,-0.503516,1.338971,-21.427060,-90.000000,1547,False,False,True,False,False,False
1548,4,Tier 4 — Weak/single-signature,1,BRD-A60274948,bromocriptine,-6.308455,1.366118,29.717703,3,1,0,8.258455,1.366118,-6.308455,-90.000000,1548,True,False,False,False,False,False
1549,4,Tier 4 — Weak/single-signature,1,BRD-K72783841,tyrphostin-AG-555,1.374207,-1.409443,8.488855,3,1,0,2.817873,1.374207,-1.409443,-90.000000,1549,False,False,True,False,False,False
1550,4,Tier 4 — Weak/single-signature,1,BRD-K82164249,andarine,-1.761804,31.186853,1.374207,3,1,0,10.266419,1.374207,-1.761804,-90.000000,1550,True,False,False,False,False,False
1551,4,Tier 4 — Weak/single-signature,1,BRD-A37347161,BRL-52537,7.442082,-6.205384,1.377785,3,1,0,0.871494,1.377785,-6.205384,-90.000000,1551,False,False,True,False,False,False
1552,4,Tier 4 — Weak/single-signature,1,BRD-K12762134,XAV-939,1.399341,-11.214052,13.758066,3,1,0,1.314452,1.399341,-11.214052,-90.000000,1552,False,False,True,False,False,False
1553,4,Tier 4 — Weak/single-signature,1,BRD-A88254928,salbutamol,-0.669486,15.619993,1.409443,3,1,0,5.453317,1.409443,-0.669486,-90.000000,1553,True,False,False,False,False,False
1554,4,Tier 4 — Weak/single-signature,1,BRD-A83255679,BRD-A83255679,1.444679,-1.057082,6.819906,3,1,0,2.402501,1.444679,-1.057082,-90.000000,1554,False,False,True,False,False,False
1555,4,Tier 4 — Weak/single-signature,1,BRD-A74975734,homatropine,-2.805907,1.509705,20.314710,3,1,0,6.339502,1.509705,-2.805907,-90.000000,1555,True,False,False,False,False,False
1556,4,Tier 4 — Weak/single-signature,1,BRD-K74141488,naftifine,1.550388,-4.545454,36.061462,3,1,0,11.022132,1.550388,-4.545454,-90.000000,1556,False,False,True,False,False,False
1557,4,Tier 4 — Weak/single-signature,1,BRD-A39290993,cyproterone,1.597858,40.796590,-15.237556,3,1,0,9.052297,1.597858,-15.237556,-90.000000,1557,False,False,False,False,True,False
1558,4,Tier 4 — Weak/single-signature,1,BRD-A01295252,7-hydroxy-PIPAT,30.245632,-1.127555,1.620860,3,1,0,10.246312,1.620860,-1.127555,-90.000000,1558,False,False,True,False,False,False
1559,4,Tier 4 — Weak/single-signature,1,BRD-K92492521,LY-255283,-3.312192,11.034178,1.656096,3,1,0,3.126027,1.656096,-3.312192,-90.000000,1559,True,False,False,False,False,False
1560,4,Tier 4 — Weak/single-signature,1,BRD-A92439610,triamcinolone-acetonide,1.691332,6.674655,-4.298802,3,1,0,1.355728,1.691332,-4.298802,-90.000000,1560,False,False,False,False,True,False
1561,4,Tier 4 — Weak/single-signature,1,BRD-K78633253,EXO-1,6.931181,-1.338971,1.726568,3,1,0,2.439593,1.726568,-1.338971,-90.000000,1561,False,False,True,False,False,False
1562,4,Tier 4 — Weak/single-signature,1,BRD-A42649439,triciribine,1.726568,-10.105815,28.101902,3,1,0,6.574218,1.726568,-10.105815,-90.000000,1562,False,False,True,False,False,False
1563,4,Tier 4 — Weak/single-signature,1,BRD-K05901394,terguride,1.791849,-13.059826,7.630262,3,1,0,-1.212572,1.791849,-13.059826,-90.000000,1563,False,False,True,False,False,False
1564,4,Tier 4 — Weak/single-signature,1,BRD-K51350053,toremifene,-0.020473,1.816787,6.933500,3,1,0,2.909938,1.816787,-0.020473,-90.000000,1564,True,False,False,False,False,False
1565,4,Tier 4 — Weak/single-signature,1,BRD-A27143604,diarylpropionitrile,1.832276,-19.503342,18.581745,3,1,0,0.303560,1.832276,-19.503342,-90.000000,1565,False,False,True,False,False,False
1566,4,Tier 4 — Weak/single-signature,1,BRD-K20995441,U-54494A,24.196705,-2.396054,1.837184,3,1,0,7.879279,1.837184,-2.396054,-90.000000,1566,False,False,True,False,False,False
1567,4,Tier 4 — Weak/single-signature,1,BRD-K36862742,hydroflumethiazide,-7.951529,1.867512,18.746283,3,1,0,4.220756,1.867512,-7.951529,-90.000000,1567,True,False,False,False,False,False
1568,4,Tier 4 — Weak/single-signature,1,BRD-K70358946,aripiprazole,-0.211417,1.872938,12.584383,3,1,0,4.748635,1.872938,-0.211417,-90.000000,1568,True,False,False,False,False,False
1569,4,Tier 4 — Weak/single-signature,1,BRD-K77175907,calcifediol,1.908912,-1.503148,27.312576,3,1,0,9.239447,1.908912,-1.503148,-90.000000,1569,False,False,True,False,False,False
1570,4,Tier 4 — Weak/single-signature,1,BRD-K28143534,cyproheptadine,-27.626350,1.937984,11.756312,3,1,0,-4.644018,1.937984,-27.626350,-90.000000,1570,True,False,False,False,False,False
1571,4,Tier 4 — Weak/single-signature,1,BRD-K02526760,QS-11,-0.458069,1.966053,87.246650,3,1,0,29.584878,1.966053,-0.458069,-90.000000,1571,True,False,False,False,False,False
1572,4,Tier 4 — Weak/single-signature,1,BRD-K53913732,SB-408124,-1.973221,16.670393,1.973221,3,1,0,5.556798,1.973221,-1.973221,-90.000000,1572,True,False,False,False,False,False
1573,4,Tier 4 — Weak/single-signature,1,BRD-A06784547,MRS-1334,6.142131,-7.217343,1.973711,3,1,0,0.299500,1.973711,-7.217343,-90.000000,1573,False,False,True,False,False,False
1574,4,Tier 4 — Weak/single-signature,1,BRD-K89055274,alverine,-4.216251,8.082001,2.008457,3,1,0,1.958069,2.008457,-4.216251,-90.000000,1574,True,False,False,False,False,False
1575,4,Tier 4 — Weak/single-signature,1,BRD-K78637815,LY-320135,-2.078929,2.014898,2.325581,3,1,0,0.753850,2.014898,-2.078929,-90.000000,1575,True,False,False,False,False,False
1576,4,Tier 4 — Weak/single-signature,1,BRD-A39747742,estradiol-valerate,2.036853,-56.931046,58.237780,3,1,0,1.114529,2.036853,-56.931046,-90.000000,1576,False,False,True,False,False,False
1577,4,Tier 4 — Weak/single-signature,1,BRD-K08973992,linoleic-acid,-72.100650,2.078929,9.196828,3,1,0,-20.274964,2.078929,-72.100650,-90.000000,1577,True,False,False,False,False,False
1578,4,Tier 4 — Weak/single-signature,1,BRD-K59037100,oxybenzone,2.093349,16.473131,-4.122622,3,1,0,4.814620,2.093349,-4.122622,-90.000000,1578,False,False,False,False,True,False
1579,4,Tier 4 — Weak/single-signature,1,BRD-K28029915,dolasetron,-26.302773,4.439746,2.114165,3,1,0,-6.582954,2.114165,-26.302773,-90.000000,1579,True,False,False,False,False,False
1580,4,Tier 4 — Weak/single-signature,1,BRD-K85518562,cilastatin,2.130323,28.218184,-6.867816,3,1,0,7.826897,2.130323,-6.867816,-90.000000,1580,False,False,False,False,True,False
1581,4,Tier 4 — Weak/single-signature,1,BRD-K36927236,glibenclamide,-0.061928,10.528376,2.149401,3,1,0,4.205283,2.149401,-0.061928,-90.000000,1581,True,False,False,False,False,False
1582,4,Tier 4 — Weak/single-signature,1,BRD-K24127443,BRD-K24127443,-11.951841,2.219873,7.681466,3,1,0,-0.683501,2.219873,-11.951841,-90.000000,1582,True,False,False,False,False,False
1583,4,Tier 4 — Weak/single-signature,1,BRD-K53979406,ALX-5407,3.501302,2.253899,-0.599013,3,1,0,1.718729,2.253899,-0.599013,-90.000000,1583,False,False,False,False,True,False
1584,4,Tier 4 — Weak/single-signature,1,BRD-K40255344,tyrphostin-A9,3.065539,-4.038487,2.290345,3,1,0,0.439133,2.290345,-4.038487,-90.000000,1584,False,False,True,False,False,False
1585,4,Tier 4 — Weak/single-signature,1,BRD-K11129031,gemfibrozil,-0.563777,7.584703,2.290345,3,1,0,3.103757,2.290345,-0.563777,-90.000000,1585,True,False,False,False,False,False
1586,4,Tier 4 — Weak/single-signature,1,BRD-K87510569,RS-504393,-2.708972,2.321139,8.985201,3,1,0,2.865789,2.321139,-2.708972,-90.000000,1586,True,False,False,False,False,False
1587,4,Tier 4 — Weak/single-signature,1,BRD-K06712146,YM-90709,-0.105708,2.324317,5.774986,3,1,0,2.664532,2.324317,-0.105708,-90.000000,1587,True,False,False,False,False,False
1588,4,Tier 4 — Weak/single-signature,1,BRD-K73391359,quinisocaine,-34.916090,36.590134,2.325581,3,1,0,1.333208,2.325581,-34.916090,-90.000000,1588,True,False,False,False,False,False
1589,4,Tier 4 — Weak/single-signature,1,BRD-K12502280,TG-101348,2.360817,-5.211401,14.692788,3,1,0,3.947401,2.360817,-5.211401,-90.000000,1589,False,False,True,False,False,False
1590,4,Tier 4 — Weak/single-signature,1,BRD-A34208323,VU-0404997-2,-62.027798,8.527132,2.396054,3,1,0,-17.034871,2.396054,-62.027798,-90.000000,1590,True,False,False,False,False,False
1591,4,Tier 4 — Weak/single-signature,1,BRD-K74501079,azithromycin,-1.124778,16.902063,2.396054,3,1,0,6.057780,2.396054,-1.124778,-90.000000,1591,True,False,False,False,False,False
1592,4,Tier 4 — Weak/single-signature,1,BRD-K27184429,levocetirizine,2.435334,-9.796041,15.839487,3,1,0,2.826260,2.435334,-9.796041,-90.000000,1592,False,False,True,False,False,False
1593,4,Tier 4 — Weak/single-signature,1,BRD-K21936341,oxotremorine-sesquifumarate,-20.196830,2.470421,5.165080,3,1,0,-4.187110,2.470421,-20.196830,-90.000000,1593,True,False,False,False,False,False
1594,4,Tier 4 — Weak/single-signature,1,BRD-K78126613,menadione,-0.070472,6.036454,2.525856,3,1,0,2.830613,2.525856,-0.070472,-90.000000,1594,True,False,False,False,False,False
1595,4,Tier 4 — Weak/single-signature,1,BRD-K43978949,PIT,2.536998,-4.502735,3.171247,3,1,0,0.401837,2.536998,-4.502735,-90.000000,1595,False,False,True,False,False,False
1596,4,Tier 4 — Weak/single-signature,1,BRD-K92073408,norethisterone,2.607470,-15.000673,4.797280,3,1,0,-2.531974,2.607470,-15.000673,-90.000000,1596,False,False,True,False,False,False
1597,4,Tier 4 — Weak/single-signature,1,BRD-K36258877,AZ-10417808,-2.854123,18.185295,2.613170,3,1,0,5.981448,2.613170,-2.854123,-90.000000,1597,True,False,False,False,False,False
1598,4,Tier 4 — Weak/single-signature,1,BRD-K83837640,JNJ-26481585,-11.771560,2.677942,11.260572,3,1,0,0.722318,2.677942,-11.771560,-90.000000,1598,True,False,False,False,False,False
1599,4,Tier 4 — Weak/single-signature,1,BRD-K59256312,gabexate,-0.880902,9.469586,2.677942,3,1,0,3.755542,2.677942,-0.880902,-90.000000,1599,True,False,False,False,False,False
1600,4,Tier 4 — Weak/single-signature,1,BRD-K97514127,vinorelbine,6.631120,-62.754456,2.702106,3,1,0,-17.807077,2.702106,-62.754456,-90.000000,1600,False,False,True,False,False,False
1601,4,Tier 4 — Weak/single-signature,1,BRD-K57718010,pentylenetetrazol,-0.138657,8.280479,2.748414,3,1,0,3.630079,2.748414,-0.138657,-90.000000,1601,True,False,False,False,False,False
1602,4,Tier 4 — Weak/single-signature,1,BRD-K44432556,VU-0418946-1,2.748414,-5.320648,29.239230,3,1,0,8.888999,2.748414,-5.320648,-90.000000,1602,False,False,True,False,False,False
1603,4,Tier 4 — Weak/single-signature,1,BRD-K53665955,MK-5108,2.774258,-3.946441,64.752470,3,1,0,21.193429,2.774258,-3.946441,-90.000000,1603,False,False,True,False,False,False
1604,4,Tier 4 — Weak/single-signature,1,BRD-K37516142,idebenone,2.889359,-24.254623,13.823753,3,1,0,-2.513837,2.889359,-24.254623,-90.000000,1604,False,False,True,False,False,False
1605,4,Tier 4 — Weak/single-signature,1,BRD-A29901043,KIN001-127,-1.374925,20.934637,2.889359,3,1,0,7.483024,2.889359,-1.374925,-90.000000,1605,True,False,False,False,False,False
1606,4,Tier 4 — Weak/single-signature,1,BRD-U08759356,EI-346-erlotinib-analog,2.924595,20.093979,-3.065539,3,1,0,6.651012,2.924595,-3.065539,-90.000000,1606,False,False,False,False,True,False
1607,4,Tier 4 — Weak/single-signature,1,BRD-K30743633,TCPOBOP,-4.439746,18.446648,3.030303,3,1,0,5.679068,3.030303,-4.439746,-90.000000,1607,True,False,False,False,False,False
1608,4,Tier 4 — Weak/single-signature,1,BRD-A63998256,helveticoside,-4.569541,3.158976,21.640308,3,1,0,6.743248,3.158976,-4.569541,-90.000000,1608,True,False,False,False,False,False
1609,4,Tier 4 — Weak/single-signature,1,BRD-K47679368,bromfenac,3.770261,-7.827222,3.211668,3,1,0,-0.281764,3.211668,-7.827222,-90.000000,1609,False,False,True,False,False,False
1610,4,Tier 4 — Weak/single-signature,1,BRD-K19309090,SR-95639A,-1.479915,14.771221,3.276956,3,1,0,5.522754,3.276956,-1.479915,-90.000000,1610,True,False,False,False,False,False
1611,4,Tier 4 — Weak/single-signature,1,BRD-A45140972,meclocycline,-1.233263,3.362930,7.326838,3,1,0,3.152168,3.362930,-1.233263,-90.000000,1611,True,False,False,False,False,False
1612,4,Tier 4 — Weak/single-signature,1,BRD-K08619574,thioproperazine,-0.528541,3.454437,5.124505,3,1,0,2.683467,3.454437,-0.528541,-90.000000,1612,True,False,False,False,False,False
1613,4,Tier 4 — Weak/single-signature,1,BRD-K02130563,panobinostat,-0.159703,74.033360,3.523608,3,1,0,25.799088,3.523608,-0.159703,-90.000000,1613,True,False,False,False,False,False
1614,4,Tier 4 — Weak/single-signature,1,BRD-K43860855,iobenguane,3.911205,3.558844,-29.178830,3,1,0,-7.236260,3.558844,-29.178830,-90.000000,1614,False,False,False,False,True,False
1615,4,Tier 4 — Weak/single-signature,1,BRD-A50764878,MDL-73005EF,-0.951374,7.751938,3.579327,3,1,0,3.459964,3.579327,-0.951374,-90.000000,1615,True,False,False,False,False,False
1616,4,Tier 4 — Weak/single-signature,1,BRD-K64746805,MBCQ,-5.625511,3.595129,12.267022,3,1,0,3.412213,3.595129,-5.625511,-90.000000,1616,True,False,False,False,False,False
1617,4,Tier 4 — Weak/single-signature,1,BRD-A13946108,sulindac,-2.360817,5.106444,3.629316,3,1,0,2.124981,3.629316,-2.360817,-90.000000,1617,True,False,False,False,False,False
1618,4,Tier 4 — Weak/single-signature,1,BRD-A04706586,bucladesine,-0.031849,5.352523,3.629316,3,1,0,2.983330,3.629316,-0.031849,-90.000000,1618,True,False,False,False,False,False
1619,4,Tier 4 — Weak/single-signature,1,BRD-K45296539,ZD-7114,-3.574963,3.667802,7.053278,3,1,0,2.382039,3.667802,-3.574963,-90.000000,1619,True,False,False,False,False,False
1620,4,Tier 4 — Weak/single-signature,1,BRD-A39522003,OMDM-2,-1.106749,3.692164,19.634848,3,1,0,7.406754,3.692164,-1.106749,-90.000000,1620,True,False,False,False,False,False
1621,4,Tier 4 — Weak/single-signature,1,BRD-K01436366,XMD-1150,3.735025,4.402099,-31.397861,3,1,0,-7.753579,3.735025,-31.397861,-90.000000,1621,False,False,False,False,True,False
1622,4,Tier 4 — Weak/single-signature,1,BRD-K08287586,butyl-paraben,-0.845666,3.869050,8.733033,3,1,0,3.918806,3.869050,-0.845666,-90.000000,1622,True,False,False,False,False,False
1623,4,Tier 4 — Weak/single-signature,1,BRD-K30563334,rifabutin,-1.374207,3.982769,5.577462,3,1,0,2.728674,3.982769,-1.374207,-90.000000,1623,True,False,False,False,False,False
1624,4,Tier 4 — Weak/single-signature,1,BRD-K69328504,L-690488,5.193217,4.052149,-6.091576,3,1,0,1.051264,4.052149,-6.091576,-90.000000,1624,False,False,False,False,True,False
1625,4,Tier 4 — Weak/single-signature,1,BRD-K26674531,GR-235,-8.631996,6.466114,4.122622,3,1,0,0.652247,4.122622,-8.631996,-90.000000,1625,True,False,False,False,False,False
1626,4,Tier 4 — Weak/single-signature,1,BRD-A56012032,thiorphan,-5.736207,4.282828,10.709205,3,1,0,3.085275,4.282828,-5.736207,-90.000000,1626,True,False,False,False,False,False
1627,4,Tier 4 — Weak/single-signature,1,BRD-A66199457,asiaticoside,-0.880902,4.290030,4.487447,3,1,0,2.632191,4.290030,-0.880902,-90.000000,1627,True,False,False,False,False,False
1628,4,Tier 4 — Weak/single-signature,1,BRD-K96809896,SKF-86002,-0.951374,17.199095,4.556006,3,1,0,6.934576,4.556006,-0.951374,-90.000000,1628,True,False,False,False,False,False
1629,4,Tier 4 — Weak/single-signature,1,BRD-A87719232,naproxen,-0.352361,4.580691,8.108566,3,1,0,4.112299,4.580691,-0.352361,-90.000000,1629,True,False,False,False,False,False
1630,4,Tier 4 — Weak/single-signature,1,BRD-K41996876,tyrphostin-1,-0.140944,4.721635,7.223203,3,1,0,3.934631,4.721635,-0.140944,-90.000000,1630,True,False,False,False,False,False
1631,4,Tier 4 — Weak/single-signature,1,BRD-K18742343,H-8,-0.317125,4.726815,6.393156,3,1,0,3.600949,4.726815,-0.317125,-90.000000,1631,True,False,False,False,False,False
1632,4,Tier 4 — Weak/single-signature,1,BRD-M45964048,verteporfin,-0.211417,4.791438,14.410336,3,1,0,6.330119,4.791438,-0.211417,-90.000000,1632,True,False,False,False,False,False
1633,4,Tier 4 — Weak/single-signature,1,BRD-K74212935,ergocryptine,-11.137169,4.844303,13.746068,3,1,0,2.484401,4.844303,-11.137169,-90.000000,1633,True,False,False,False,False,False
1634,4,Tier 4 — Weak/single-signature,1,BRD-K70577657,H-9,-59.453632,4.862579,34.392494,3,1,0,-6.732853,4.862579,-59.453632,-90.000000,1634,True,False,False,False,False,False
1635,4,Tier 4 — Weak/single-signature,1,BRD-A64977602,mirtazapine,-1.268499,4.933052,6.401876,3,1,0,3.355476,4.933052,-1.268499,-90.000000,1635,True,False,False,False,False,False
1636,4,Tier 4 — Weak/single-signature,1,BRD-K20168442,vecuronium,-4.016913,4.968287,47.003574,3,1,0,15.984983,4.968287,-4.016913,-90.000000,1636,True,False,False,False,False,False
1637,4,Tier 4 — Weak/single-signature,1,BRD-K87024524,phenelzine,-0.352361,5.041535,10.808001,3,1,0,5.165725,5.041535,-0.352361,-90.000000,1637,True,False,False,False,False,False
1638,4,Tier 4 — Weak/single-signature,1,BRD-K75641298,metoclopramide,-18.738724,5.073996,8.229088,3,1,0,-1.811880,5.073996,-18.738724,-90.000000,1638,True,False,False,False,False,False
1639,4,Tier 4 — Weak/single-signature,1,BRD-K98530306,clonidine,-2.360817,5.080403,12.191541,3,1,0,4.970376,5.080403,-2.360817,-90.000000,1639,True,False,False,False,False,False
1640,4,Tier 4 — Weak/single-signature,1,BRD-K58772419,AZD-6482,5.136057,-0.317125,10.838478,3,1,0,5.219137,5.136057,-0.317125,-90.000000,1640,False,False,True,False,False,False
1641,4,Tier 4 — Weak/single-signature,1,BRD-K18799075,BAY-59-3074,-1.709936,5.502062,5.897625,3,1,0,3.229917,5.502062,-1.709936,-90.000000,1641,True,False,False,False,False,False
1642,4,Tier 4 — Weak/single-signature,1,BRD-K21548250,moracizine,-27.150051,5.567301,38.599370,3,1,0,5.672207,5.567301,-27.150051,-90.000000,1642,True,False,False,False,False,False
1643,4,Tier 4 — Weak/single-signature,1,BRD-A44448661,pentobarbital,-0.105708,40.797420,5.573604,3,1,0,15.421772,5.573604,-0.105708,-90.000000,1643,True,False,False,False,False,False
1644,4,Tier 4 — Weak/single-signature,1,BRD-K51276371,aloisine,-1.761804,33.691708,5.602537,3,1,0,12.510814,5.602537,-1.761804,-90.000000,1644,True,False,False,False,False,False
1645,4,Tier 4 — Weak/single-signature,1,BRD-K64314806,BRD-K64314806,5.673009,28.232367,-27.075842,3,1,0,2.276511,5.673009,-27.075842,-90.000000,1645,False,False,False,False,True,False
1646,4,Tier 4 — Weak/single-signature,1,BRD-A41450521,tosufloxacin,-0.007385,5.684049,12.353080,3,1,0,6.009915,5.684049,-0.007385,-90.000000,1646,True,False,False,False,False,False
1647,4,Tier 4 — Weak/single-signature,1,BRD-K54665485,R-59022,-19.131160,12.403170,5.992589,3,1,0,-0.245134,5.992589,-19.131160,-90.000000,1647,True,False,False,False,False,False
1648,4,Tier 4 — Weak/single-signature,1,BRD-K77925998,quipazine,-0.092356,6.580248,6.037973,3,1,0,4.175288,6.037973,-0.092356,-90.000000,1648,True,False,False,False,False,False
1649,4,Tier 4 — Weak/single-signature,1,BRD-A42831637,tetrahydrocannabinol-7-oic-acid,-2.626916,6.114819,8.742410,3,1,0,4.076771,6.114819,-2.626916,-90.000000,1649,True,False,False,False,False,False
1650,4,Tier 4 — Weak/single-signature,1,BRD-K15715913,fluperlapine,-0.070472,6.156192,10.134911,3,1,0,5.406877,6.156192,-0.070472,-90.000000,1650,True,False,False,False,False,False
1651,4,Tier 4 — Weak/single-signature,1,BRD-K66874953,pifithrin-alpha,-0.020076,6.335504,14.413806,3,1,0,6.909744,6.335504,-0.020076,-90.000000,1651,True,False,False,False,False,False
1652,4,Tier 4 — Weak/single-signature,1,BRD-A06726973,dibutyrylcyclic-gmp,-0.739958,6.341721,19.942040,3,1,0,8.514601,6.341721,-0.739958,-90.000000,1652,True,False,False,False,False,False
1653,4,Tier 4 — Weak/single-signature,1,BRD-A61899133,catechin,-61.249130,6.353110,8.961661,3,1,0,-15.311453,6.353110,-61.249130,-90.000000,1653,True,False,False,False,False,False
1654,4,Tier 4 — Weak/single-signature,1,BRD-A15010982,HU-211,6.382023,-19.786514,23.766071,3,1,0,3.453860,6.382023,-19.786514,-90.000000,1654,False,False,True,False,False,False
1655,4,Tier 4 — Weak/single-signature,1,BRD-K40919711,BAPTA-AM,-0.669486,6.400026,7.906618,3,1,0,4.545719,6.400026,-0.669486,-90.000000,1655,True,False,False,False,False,False
1656,4,Tier 4 — Weak/single-signature,1,BRD-A09925278,etilefrine,-15.675967,10.004815,6.413536,3,1,0,0.247461,6.413536,-15.675967,-90.000000,1656,True,False,False,False,False,False
1657,4,Tier 4 — Weak/single-signature,1,BRD-K47983010,BX-795,-0.352361,6.456056,25.334702,3,1,0,10.479466,6.456056,-0.352361,-90.000000,1657,True,False,False,False,False,False
1658,4,Tier 4 — Weak/single-signature,1,BRD-A80928489,1-monopalmitin,-20.007776,16.072855,6.457367,3,1,0,0.840815,6.457367,-20.007776,-90.000000,1658,True,False,False,False,False,False
1659,4,Tier 4 — Weak/single-signature,1,BRD-K99063460,didanosine,-2.748414,12.961865,6.600071,3,1,0,5.604507,6.600071,-2.748414,-90.000000,1659,True,False,False,False,False,False
1660,4,Tier 4 — Weak/single-signature,1,BRD-K53414658,tivozanib,-1.233263,10.263990,6.730092,3,1,0,5.253606,6.730092,-1.233263,-90.000000,1660,True,False,False,False,False,False
1661,4,Tier 4 — Weak/single-signature,1,BRD-A36217750,sulfinpyrazone,-2.889359,6.747149,17.111385,3,1,0,6.989725,6.747149,-2.889359,-90.000000,1661,True,False,False,False,False,False
1662,4,Tier 4 — Weak/single-signature,1,BRD-A75368507,demeclocycline,-19.300869,23.045828,6.794770,3,1,0,3.513243,6.794770,-19.300869,-90.000000,1662,True,False,False,False,False,False
1663,4,Tier 4 — Weak/single-signature,1,BRD-A72703248,SKF-96365,7.799859,-2.232064,6.959909,3,1,0,4.175901,6.959909,-2.232064,-90.000000,1663,False,False,True,False,False,False
1664,4,Tier 4 — Weak/single-signature,1,BRD-K86003836,flubendazole,6.979251,-9.055673,86.738110,3,1,0,28.220563,6.979251,-9.055673,-90.000000,1664,False,False,True,False,False,False
1665,4,Tier 4 — Weak/single-signature,1,BRD-K36965586,m-chlorophenylbiguanide,-15.503474,6.991230,8.300879,3,1,0,-0.070455,6.991230,-15.503474,-90.000000,1665,True,False,False,False,False,False
1666,4,Tier 4 — Weak/single-signature,1,BRD-K17075857,chloroxine,-0.281889,7.069615,16.698763,3,1,0,7.828830,7.069615,-0.281889,-90.000000,1666,True,False,False,False,False,False
1667,4,Tier 4 — Weak/single-signature,1,BRD-A43974499,reboxetine,-1.620860,21.894940,7.152925,3,1,0,9.142335,7.152925,-1.620860,-90.000000,1667,True,False,False,False,False,False
1668,4,Tier 4 — Weak/single-signature,1,BRD-K98143437,SB-239063,-3.946441,7.361519,13.776866,3,1,0,5.730648,7.361519,-3.946441,-90.000000,1668,True,False,False,False,False,False
1669,4,Tier 4 — Weak/single-signature,1,BRD-K50384076,"7,4'-dihydroxyflavone",20.508255,7.384945,-7.554082,3,1,0,6.779706,7.384945,-7.554082,-90.000000,1669,False,False,False,False,True,False
1670,4,Tier 4 — Weak/single-signature,1,BRD-K41868777,W-5,7.514437,-20.939075,11.580974,3,1,0,-0.614555,7.514437,-20.939075,-90.000000,1670,False,False,True,False,False,False
1671,4,Tier 4 — Weak/single-signature,1,BRD-A61856038,tremulacin,-1.479915,7.588944,9.113768,3,1,0,5.074265,7.588944,-1.479915,-90.000000,1671,True,False,False,False,False,False
1672,4,Tier 4 — Weak/single-signature,1,BRD-K93332168,isocarboxazid,-1.620860,20.755100,7.760642,3,1,0,8.964961,7.760642,-1.620860,-90.000000,1672,True,False,False,False,False,False
1673,4,Tier 4 — Weak/single-signature,1,BRD-K54987996,CAY-10578,7.804648,-31.307970,33.192955,3,1,0,3.229878,7.804648,-31.307970,-90.000000,1673,False,False,True,False,False,False
1674,4,Tier 4 — Weak/single-signature,1,BRD-K16336526,capsaicin,7.865531,-3.567340,15.606114,3,1,0,6.634768,7.865531,-3.567340,-90.000000,1674,False,False,True,False,False,False
1675,4,Tier 4 — Weak/single-signature,1,BRD-A63346720,rimcazole,-16.512949,7.882195,8.333829,3,1,0,-0.098975,7.882195,-16.512949,-90.000000,1675,True,False,False,False,False,False
1676,4,Tier 4 — Weak/single-signature,1,BRD-K21283037,riluzole,-0.986610,8.107633,16.472849,3,1,0,7.864624,8.107633,-0.986610,-90.000000,1676,True,False,False,False,False,False
1677,4,Tier 4 — Weak/single-signature,1,BRD-K95901403,XL-147,-2.348110,8.809493,8.138752,3,1,0,4.866712,8.138752,-2.348110,-90.000000,1677,True,False,False,False,False,False
1678,4,Tier 4 — Weak/single-signature,1,BRD-K77771411,moxonidine,-0.066403,15.254639,8.399403,3,1,0,7.862546,8.399403,-0.066403,-90.000000,1678,True,False,False,False,False,False
1679,4,Tier 4 — Weak/single-signature,1,BRD-K07325606,hispidin,-1.162791,8.650913,14.153927,3,1,0,7.214016,8.650913,-1.162791,-90.000000,1679,True,False,False,False,False,False
1680,4,Tier 4 — Weak/single-signature,1,BRD-K49111258,prazosin,-0.007540,8.654278,20.581604,3,1,0,9.742781,8.654278,-0.007540,-90.000000,1680,True,False,False,False,False,False
1681,4,Tier 4 — Weak/single-signature,1,BRD-K13544237,r(-)-propylnorapomorphine,-0.070472,8.672297,23.234810,3,1,0,10.612212,8.672297,-0.070472,-90.000000,1681,True,False,False,False,False,False
1682,4,Tier 4 — Weak/single-signature,1,BRD-K66788707,fludarabine,-15.436663,14.655455,8.738548,3,1,0,2.652447,8.738548,-15.436663,-90.000000,1682,True,False,False,False,False,False
1683,4,Tier 4 — Weak/single-signature,1,BRD-K91301684,noscapine,-21.073896,8.822947,19.015820,3,1,0,2.254957,8.822947,-21.073896,-90.000000,1683,True,False,False,False,False,False
1684,4,Tier 4 — Weak/single-signature,1,BRD-K81272440,dantrolene,-0.704722,21.643755,8.910502,3,1,0,9.949845,8.910502,-0.704722,-90.000000,1684,True,False,False,False,False,False
1685,4,Tier 4 — Weak/single-signature,1,BRD-K89595132,chlorphenamine,-2.431290,8.947096,9.417028,3,1,0,5.310945,8.947096,-2.431290,-90.000000,1685,True,False,False,False,False,False
1686,4,Tier 4 — Weak/single-signature,1,BRD-K46678324,RHO-kinase-inhibitor-II,-5.673009,23.144753,8.986190,3,1,0,8.819311,8.986190,-5.673009,-90.000000,1686,True,False,False,False,False,False
1687,4,Tier 4 — Weak/single-signature,1,BRD-K64157027,ZD-2079,-2.360817,9.121145,14.818721,3,1,0,7.193016,9.121145,-2.360817,-90.000000,1687,True,False,False,False,False,False
1688,4,Tier 4 — Weak/single-signature,1,BRD-A01826957,xanthinol,-3.100775,35.584896,9.125843,3,1,0,13.869988,9.125843,-3.100775,-90.000000,1688,True,False,False,False,False,False
1689,4,Tier 4 — Weak/single-signature,1,BRD-K23383398,T-0901317,-0.021102,9.161382,49.728386,3,1,0,19.622889,9.161382,-0.021102,-90.000000,1689,True,False,False,False,False,False
1690,4,Tier 4 — Weak/single-signature,1,BRD-A59303141,quinethazone,-0.422833,9.328825,12.031386,3,1,0,6.979126,9.328825,-0.422833,-90.000000,1690,True,False,False,False,False,False
1691,4,Tier 4 — Weak/single-signature,1,BRD-A84189516,baccatin-III,-0.387597,22.662453,9.330641,3,1,0,10.535166,9.330641,-0.387597,-90.000000,1691,True,False,False,False,False,False
1692,4,Tier 4 — Weak/single-signature,1,BRD-A85472596,L-670596,-4.122622,9.501084,38.792145,3,1,0,14.723536,9.501084,-4.122622,-90.000000,1692,True,False,False,False,False,False
1693,4,Tier 4 — Weak/single-signature,1,BRD-A69512159,carbidopa,-3.090486,10.150555,12.613790,3,1,0,6.557953,10.150555,-3.090486,-90.000000,1693,True,False,False,False,False,False
1694,4,Tier 4 — Weak/single-signature,1,BRD-K39621635,artemether,-0.810430,16.326223,10.228869,3,1,0,8.581554,10.228869,-0.810430,-90.000000,1694,True,False,False,False,False,False
1695,4,Tier 4 — Weak/single-signature,1,BRD-K47105409,AG-490,-0.211417,10.369073,47.160390,3,1,0,19.106016,10.369073,-0.211417,-90.000000,1695,True,False,False,False,False,False
1696,4,Tier 4 — Weak/single-signature,1,BRD-K89402695,L-655240,-0.669486,10.513257,19.494234,3,1,0,9.779335,10.513257,-0.669486,-90.000000,1696,True,False,False,False,False,False
1697,4,Tier 4 — Weak/single-signature,1,BRD-K32164935,tolazamide,-6.366655,10.528284,11.641811,3,1,0,5.267813,10.528284,-6.366655,-90.000000,1697,True,False,False,False,False,False
1698,4,Tier 4 — Weak/single-signature,1,BRD-K09790412,H-9,-22.359806,10.607520,40.059790,3,1,0,9.435835,10.607520,-22.359806,-90.000000,1698,True,False,False,False,False,False
1699,4,Tier 4 — Weak/single-signature,1,BRD-A87125127,3-matida,-32.812042,10.702262,13.040359,3,1,0,-3.023140,10.702262,-32.812042,-90.000000,1699,True,False,False,False,False,False
1700,4,Tier 4 — Weak/single-signature,1,BRD-A62021152,WAY-161503,-0.627658,10.821315,27.131733,3,1,0,12.441797,10.821315,-0.627658,-90.000000,1700,True,False,False,False,False,False
1701,4,Tier 4 — Weak/single-signature,1,BRD-K94887716,TFMPP,25.562857,-12.006098,10.902482,3,1,0,8.153080,10.902482,-12.006098,-90.000000,1701,False,False,True,False,False,False
1702,4,Tier 4 — Weak/single-signature,1,BRD-K00234327,RU-24969,-3.911205,11.077289,13.716144,3,1,0,6.960743,11.077289,-3.911205,-90.000000,1702,True,False,False,False,False,False
1703,4,Tier 4 — Weak/single-signature,1,BRD-K51465424,ritodrine,-3.829783,11.560943,17.240185,3,1,0,8.323782,11.560943,-3.829783,-90.000000,1703,True,False,False,False,False,False
1704,4,Tier 4 — Weak/single-signature,1,BRD-A32349859,methyl-angolensate,11.709373,55.137930,-4.896355,3,1,0,20.650316,11.709373,-4.896355,-90.000000,1704,False,False,False,False,True,False
1705,4,Tier 4 — Weak/single-signature,1,BRD-K29950728,clomifene,-0.070472,28.007252,12.365902,3,1,0,13.434227,12.365902,-0.070472,-90.000000,1705,True,False,False,False,False,False
1706,4,Tier 4 — Weak/single-signature,1,BRD-A54487287,cortisone-acetate,-1.057082,17.520718,12.414333,3,1,0,9.625990,12.414333,-1.057082,-90.000000,1706,True,False,False,False,False,False
1707,4,Tier 4 — Weak/single-signature,1,BRD-K80315159,DPPE,20.195004,12.475451,-10.883019,3,1,0,7.262479,12.475451,-10.883019,-90.000000,1707,False,False,False,False,True,False
1708,4,Tier 4 — Weak/single-signature,1,BRD-K37561857,zardaverine,-0.704722,20.345295,12.481403,3,1,0,10.707325,12.481403,-0.704722,-90.000000,1708,True,False,False,False,False,False
1709,4,Tier 4 — Weak/single-signature,1,BRD-A58048407,nimodipine,-0.528541,12.572415,27.164920,3,1,0,13.069598,12.572415,-0.528541,-90.000000,1709,True,False,False,False,False,False
1710,4,Tier 4 — Weak/single-signature,1,BRD-A96882008,L-732138,-3.241719,12.762732,28.852169,3,1,0,12.791061,12.762732,-3.241719,-90.000000,1710,True,False,False,False,False,False
1711,4,Tier 4 — Weak/single-signature,1,BRD-K73589401,corticosterone,-2.255109,12.983782,14.911485,3,1,0,8.546719,12.983782,-2.255109,-90.000000,1711,True,False,False,False,False,False
1712,4,Tier 4 — Weak/single-signature,1,BRD-K75532464,FTI-276,-1.444679,14.880310,13.117397,3,1,0,8.851009,13.117397,-1.444679,-90.000000,1712,True,False,False,False,False,False
1713,4,Tier 4 — Weak/single-signature,1,BRD-A36471396,biperiden,13.322994,-6.548071,25.576330,3,1,0,10.783751,13.322994,-6.548071,-90.000000,1713,False,False,True,False,False,False
1714,4,Tier 4 — Weak/single-signature,1,BRD-K55191674,benzylpenicillin,-1.338971,25.519897,13.714516,3,1,0,12.631814,13.714516,-1.338971,-90.000000,1714,True,False,False,False,False,False
1715,4,Tier 4 — Weak/single-signature,1,BRD-K32906660,bis-tyrphostin,-1.902748,35.497696,13.773953,3,1,0,15.789633,13.773953,-1.902748,-90.000000,1715,True,False,False,False,False,False
1716,4,Tier 4 — Weak/single-signature,1,BRD-K80970344,pyrrolidine-dithiocarbamate,65.933930,13.857103,-1.657065,3,1,0,26.044656,13.857103,-1.657065,-90.000000,1716,False,False,False,False,True,False
1717,4,Tier 4 — Weak/single-signature,1,BRD-A70449690,forskolin,-32.303910,46.484540,13.878733,3,1,0,9.353121,13.878733,-32.303910,-90.000000,1717,True,False,False,False,False,False
1718,4,Tier 4 — Weak/single-signature,1,BRD-K76587808,fraxetin,-6.317528,13.939706,24.678932,3,1,0,10.767037,13.939706,-6.317528,-90.000000,1718,True,False,False,False,False,False
1719,4,Tier 4 — Weak/single-signature,1,BRD-K52989797,clomipramine,-0.211417,38.948135,13.984621,3,1,0,17.573780,13.984621,-0.211417,-90.000000,1719,True,False,False,False,False,False
1720,4,Tier 4 — Weak/single-signature,1,BRD-A08709697,heliotrine,-1.092318,14.141226,27.559600,3,1,0,13.536169,14.141226,-1.092318,-90.000000,1720,True,False,False,False,False,False
1721,4,Tier 4 — Weak/single-signature,1,BRD-K03981224,ethisterone,-29.872257,31.177483,14.451266,3,1,0,5.252164,14.451266,-29.872257,-90.000000,1721,True,False,False,False,False,False
1722,4,Tier 4 — Weak/single-signature,1,BRD-K00532621,midazolam,-0.422833,55.292656,14.604107,3,1,0,23.157977,14.604107,-0.422833,-90.000000,1722,True,False,False,False,False,False
1723,4,Tier 4 — Weak/single-signature,1,BRD-A37492983,iocetamic-acid,-41.058340,14.796625,22.002594,3,1,0,-1.419707,14.796625,-41.058340,-90.000000,1723,True,False,False,False,False,False
1724,4,Tier 4 — Weak/single-signature,1,BRD-K96084870,DMBI,-0.140944,26.960697,14.963331,3,1,0,13.927695,14.963331,-0.140944,-90.000000,1724,True,False,False,False,False,False
1725,4,Tier 4 — Weak/single-signature,1,BRD-K12219985,glipizide,-0.105708,16.699696,15.158441,3,1,0,10.584143,15.158441,-0.105708,-90.000000,1725,True,False,False,False,False,False
1726,4,Tier 4 — Weak/single-signature,1,BRD-K56429665,calcipotriol,-0.030149,15.431152,46.431570,3,1,0,20.610858,15.431152,-0.030149,-90.000000,1726,True,False,False,False,False,False
1727,4,Tier 4 — Weak/single-signature,1,BRD-K64994968,progesterone,-0.775194,24.944958,15.534517,3,1,0,13.234760,15.534517,-0.775194,-90.000000,1727,True,False,False,False,False,False
1728,4,Tier 4 — Weak/single-signature,1,BRD-K89162000,tandutinib,-17.128050,15.869639,24.585335,3,1,0,7.775641,15.869639,-17.128050,-90.000000,1728,True,False,False,False,False,False
1729,4,Tier 4 — Weak/single-signature,1,BRD-K93080877,Ala-Ala-Phe-CMK,15.890940,73.537670,-25.772346,3,1,0,21.218755,15.890940,-25.772346,-90.000000,1729,False,False,False,False,True,False
1730,4,Tier 4 — Weak/single-signature,1,BRD-K91781484,BRD-K91781484,17.873634,-8.247793,16.295135,3,1,0,8.640325,16.295135,-8.247793,-90.000000,1730,False,False,True,False,False,False
1731,4,Tier 4 — Weak/single-signature,1,BRD-K26548821,quinpirol-(-),-7.434813,39.334263,16.349844,3,1,0,16.083098,16.349844,-7.434813,-90.000000,1731,True,False,False,False,False,False
1732,4,Tier 4 — Weak/single-signature,1,BRD-K62353524,DY-131,-4.692285,16.494987,24.461958,3,1,0,12.088220,16.494987,-4.692285,-90.000000,1732,True,False,False,False,False,False
1733,4,Tier 4 — Weak/single-signature,1,BRD-K10974103,diloxanide,16.703625,-4.115307,17.118458,3,1,0,9.902259,16.703625,-4.115307,-90.000000,1733,False,False,True,False,False,False
1734,4,Tier 4 — Weak/single-signature,1,BRD-K08890269,CO-102862,-0.528541,34.669174,17.081451,3,1,0,17.074028,17.081451,-0.528541,-90.000000,1734,True,False,False,False,False,False
1735,4,Tier 4 — Weak/single-signature,1,BRD-K25311561,KU-55933,41.192620,17.302792,-9.392183,3,1,0,16.367743,17.302792,-9.392183,-90.000000,1735,False,False,False,False,True,False
1736,4,Tier 4 — Weak/single-signature,1,BRD-K15108141,gemcitabine,-0.041657,17.333858,31.457869,3,1,0,16.250023,17.333858,-0.041657,-90.000000,1736,True,False,False,False,False,False
1737,4,Tier 4 — Weak/single-signature,1,BRD-A36151937,genistein,-0.739958,17.387342,38.434740,3,1,0,18.360708,17.387342,-0.739958,-90.000000,1737,True,False,False,False,False,False
1738,4,Tier 4 — Weak/single-signature,1,BRD-K76133116,benzydamine,-10.579682,18.643478,17.807243,3,1,0,8.623680,17.807243,-10.579682,-90.000000,1738,True,False,False,False,False,False
1739,4,Tier 4 — Weak/single-signature,1,BRD-A72758037,asiatic-acid,-0.246653,22.457920,18.140451,3,1,0,13.450573,18.140451,-0.246653,-90.000000,1739,True,False,False,False,False,False
1740,4,Tier 4 — Weak/single-signature,1,BRD-K15107389,BRD-K15107389,-2.665906,18.474640,71.237520,3,1,0,29.015418,18.474640,-2.665906,-90.000000,1740,True,False,False,False,False,False
1741,4,Tier 4 — Weak/single-signature,1,BRD-A54880345,etomidate,-1.628162,21.867249,19.128286,3,1,0,13.122458,19.128286,-1.628162,-90.000000,1741,True,False,False,False,False,False
1742,4,Tier 4 — Weak/single-signature,1,BRD-K77830450,forskolin,-2.570825,19.257961,20.938223,3,1,0,12.541786,19.257961,-2.570825,-90.000000,1742,True,False,False,False,False,False
1743,4,Tier 4 — Weak/single-signature,1,BRD-K86191271,cytosporone-b,-0.387597,19.324753,26.027359,3,1,0,14.988172,19.324753,-0.387597,-90.000000,1743,True,False,False,False,False,False
1744,4,Tier 4 — Weak/single-signature,1,BRD-K25991148,warfarin,-6.730092,19.415348,27.213917,3,1,0,13.299724,19.415348,-6.730092,-90.000000,1744,True,False,False,False,False,False
1745,4,Tier 4 — Weak/single-signature,1,BRD-A46747628,ouabain,-0.951374,23.201422,19.430412,3,1,0,13.893487,19.430412,-0.951374,-90.000000,1745,True,False,False,False,False,False
1746,4,Tier 4 — Weak/single-signature,1,BRD-K12867552,PCI-24781,-1.031175,71.100310,19.461924,3,1,0,29.843686,19.461924,-1.031175,-90.000000,1746,True,False,False,False,False,False
1747,4,Tier 4 — Weak/single-signature,1,BRD-K41337261,ZM-306416,-2.290345,20.630163,20.005981,3,1,0,12.781933,20.005981,-2.290345,-90.000000,1747,True,False,False,False,False,False
1748,4,Tier 4 — Weak/single-signature,1,BRD-K94919853,10H-phenothiazin-10-yl)(p-tolyl)methanone,-15.768282,25.398825,20.279013,3,1,0,9.969852,20.279013,-15.768282,-90.000000,1748,True,False,False,False,False,False
1749,4,Tier 4 — Weak/single-signature,1,BRD-A15530910,SDZ-21009,-0.669486,36.043650,20.298985,3,1,0,18.557716,20.298985,-0.669486,-90.000000,1749,True,False,False,False,False,False
1750,4,Tier 4 — Weak/single-signature,1,BRD-A17664363,BRD-A17664363,-1.761804,20.401152,38.315376,3,1,0,18.984908,20.401152,-1.761804,-90.000000,1750,True,False,False,False,False,False
1751,4,Tier 4 — Weak/single-signature,1,BRD-K31238592,devazepide,-1.620860,20.478567,32.096806,3,1,0,16.984838,20.478567,-1.620860,-90.000000,1751,True,False,False,False,False,False
1752,4,Tier 4 — Weak/single-signature,1,BRD-A16311756,profenamine,-0.140944,36.447820,20.844536,3,1,0,19.050471,20.844536,-0.140944,-90.000000,1752,True,False,False,False,False,False
1753,4,Tier 4 — Weak/single-signature,1,BRD-K47192521,icosapent,-5.901442,23.746574,20.953571,3,1,0,12.932901,20.953571,-5.901442,-90.000000,1753,True,False,False,False,False,False
1754,4,Tier 4 — Weak/single-signature,1,BRD-K26241953,piceatannol,-1.717990,20.962809,21.652721,3,1,0,13.632513,20.962809,-1.717990,-90.000000,1754,True,False,False,False,False,False
1755,4,Tier 4 — Weak/single-signature,1,BRD-K22031190,diflunisal,-0.017207,21.147974,42.310024,3,1,0,21.146930,21.147974,-0.017207,-90.000000,1755,True,False,False,False,False,False
1756,4,Tier 4 — Weak/single-signature,1,BRD-K44353683,nateglinide,-0.281889,43.607720,21.604546,3,1,0,21.643459,21.604546,-0.281889,-90.000000,1756,True,False,False,False,False,False
1757,4,Tier 4 — Weak/single-signature,1,BRD-K25433859,maprotiline,-0.017683,21.942839,22.049114,3,1,0,14.658090,21.942839,-0.017683,-90.000000,1757,True,False,False,False,False,False
1758,4,Tier 4 — Weak/single-signature,1,BRD-A81177136,KN-62,-0.347609,22.026028,31.418154,3,1,0,17.698858,22.026028,-0.347609,-90.000000,1758,True,False,False,False,False,False
1759,4,Tier 4 — Weak/single-signature,1,BRD-K87905482,anandamide,-2.818887,22.176859,50.030907,3,1,0,23.129627,22.176859,-2.818887,-90.000000,1759,True,False,False,False,False,False
1760,4,Tier 4 — Weak/single-signature,1,BRD-K50660797,epicatechin-gallate-(-),-3.629316,28.631989,22.418797,3,1,0,15.807157,22.418797,-3.629316,-90.000000,1760,True,False,False,False,False,False
1761,4,Tier 4 — Weak/single-signature,1,BRD-K20141153,atomoxetine,-0.105708,38.668960,22.509142,3,1,0,20.357465,22.509142,-0.105708,-90.000000,1761,True,False,False,False,False,False
1762,4,Tier 4 — Weak/single-signature,1,BRD-K52075715,oxibendazole,-2.632106,22.593197,41.856216,3,1,0,20.605769,22.593197,-2.632106,-90.000000,1762,True,False,False,False,False,False
1763,4,Tier 4 — Weak/single-signature,1,BRD-A37052580,physostigmine,-66.551780,40.629020,22.634430,3,1,0,-1.096110,22.634430,-66.551780,-90.000000,1763,True,False,False,False,False,False
1764,4,Tier 4 — Weak/single-signature,1,BRD-K48195008,ethinylestradiol,-1.143001,32.364765,22.667675,3,1,0,17.963146,22.667675,-1.143001,-90.000000,1764,True,False,False,False,False,False
1765,4,Tier 4 — Weak/single-signature,1,BRD-K45401373,betulinic-acid,-0.563777,33.741990,22.851097,3,1,0,18.676437,22.851097,-0.563777,-90.000000,1765,True,False,False,False,False,False
1766,4,Tier 4 — Weak/single-signature,1,BRD-K59331372,SB-366791,-32.259193,66.025780,23.308455,3,1,0,19.025014,23.308455,-32.259193,-90.000000,1766,True,False,False,False,False,False
1767,4,Tier 4 — Weak/single-signature,1,BRD-K43468059,byssochlamic-acid,-1.832276,24.786106,23.661400,3,1,0,15.538410,23.661400,-1.832276,-90.000000,1767,True,False,False,False,False,False
1768,4,Tier 4 — Weak/single-signature,1,BRD-K60060639,N-methyllidocaine-iodide,-0.422833,23.775366,41.862755,3,1,0,21.738429,23.775366,-0.422833,-90.000000,1768,True,False,False,False,False,False
1769,4,Tier 4 — Weak/single-signature,1,BRD-K13049116,BMS-754807,-0.390095,43.913902,23.818700,3,1,0,22.447502,23.818700,-0.390095,-90.000000,1769,True,False,False,False,False,False
1770,4,Tier 4 — Weak/single-signature,1,BRD-K98493452,honokiol,-8.657137,24.787743,44.890263,3,1,0,20.340290,24.787743,-8.657137,-90.000000,1770,True,False,False,False,False,False
1771,4,Tier 4 — Weak/single-signature,1,BRD-K51816706,oxindole-I,-0.634249,25.253262,37.657135,3,1,0,20.758716,25.253262,-0.634249,-90.000000,1771,True,False,False,False,False,False
1772,4,Tier 4 — Weak/single-signature,1,BRD-K79366068,PSB-069,-0.493305,46.740500,25.371883,3,1,0,23.873026,25.371883,-0.493305,-90.000000,1772,True,False,False,False,False,False
1773,4,Tier 4 — Weak/single-signature,1,BRD-K30351863,BRD-K30351863,-8.922538,72.659440,25.448948,3,1,0,29.728617,25.448948,-8.922538,-90.000000,1773,True,False,False,False,False,False
1774,4,Tier 4 — Weak/single-signature,1,BRD-A23226398,estradiol,-2.572222,43.145530,25.538311,3,1,0,22.037206,25.538311,-2.572222,-90.000000,1774,True,False,False,False,False,False
1775,4,Tier 4 — Weak/single-signature,1,BRD-A11605036,thiocolchicoside,-12.430315,25.633220,37.967430,3,1,0,17.056778,25.633220,-12.430315,-90.000000,1775,True,False,False,False,False,False
1776,4,Tier 4 — Weak/single-signature,1,BRD-A24543851,nornicotine,-2.275477,25.671380,29.538645,3,1,0,17.644849,25.671380,-2.275477,-90.000000,1776,True,False,False,False,False,False
1777,4,Tier 4 — Weak/single-signature,1,BRD-K38477985,malonoben,54.099434,-6.149795,25.728806,3,1,0,24.559482,25.728806,-6.149795,-90.000000,1777,False,False,True,False,False,False
1778,4,Tier 4 — Weak/single-signature,1,BRD-K77947974,fluspirilene,-0.181473,42.797184,26.043875,3,1,0,22.886529,26.043875,-0.181473,-90.000000,1778,True,False,False,False,False,False
1779,4,Tier 4 — Weak/single-signature,1,BRD-K42125900,docetaxel,28.384260,-6.624383,26.095554,3,1,0,15.951810,26.095554,-6.624383,-90.000000,1779,False,False,True,False,False,False
1780,4,Tier 4 — Weak/single-signature,1,BRD-K04877770,FTase-inhibitor-B581,-0.422833,27.008500,26.509722,3,1,0,17.698463,26.509722,-0.422833,-90.000000,1780,True,False,False,False,False,False
1781,4,Tier 4 — Weak/single-signature,1,BRD-K95851186,CGP-13501,-16.340078,47.166016,26.581577,3,1,0,19.135838,26.581577,-16.340078,-90.000000,1781,True,False,False,False,False,False
1782,4,Tier 4 — Weak/single-signature,1,BRD-K68873215,phosphodiesterase-V-inhibitor-II,-0.916138,44.286064,26.593737,3,1,0,23.321221,26.593737,-0.916138,-90.000000,1782,True,False,False,False,False,False
1783,4,Tier 4 — Weak/single-signature,1,BRD-K60038276,irbesartan,-0.704722,26.721703,31.549843,3,1,0,19.188941,26.721703,-0.704722,-90.000000,1783,True,False,False,False,False,False
1784,4,Tier 4 — Weak/single-signature,1,BRD-A63043573,cabergoline,-0.422833,27.091068,43.674107,3,1,0,23.447447,27.091068,-0.422833,-90.000000,1784,True,False,False,False,False,False
1785,4,Tier 4 — Weak/single-signature,1,BRD-A65550283,ginsenoside,-24.624100,35.169130,27.360039,3,1,0,12.635023,27.360039,-24.624100,-90.000000,1785,True,False,False,False,False,False
1786,4,Tier 4 — Weak/single-signature,1,BRD-A22684332,procaterol,-1.021846,27.817978,40.512390,3,1,0,22.436174,27.817978,-1.021846,-90.000000,1786,True,False,False,False,False,False
1787,4,Tier 4 — Weak/single-signature,1,BRD-K68190965,GR-46611,-5.414308,57.185673,27.874939,3,1,0,26.548768,27.874939,-5.414308,-90.000000,1787,True,False,False,False,False,False
1788,4,Tier 4 — Weak/single-signature,1,BRD-K47869605,podophyllotoxin,-0.105708,27.912113,84.507720,3,1,0,37.438042,27.912113,-0.105708,-90.000000,1788,True,False,False,False,False,False
1789,4,Tier 4 — Weak/single-signature,1,BRD-A53416814,ceramide,-0.634249,27.996330,29.408339,3,1,0,18.923473,27.996330,-0.634249,-90.000000,1789,True,False,False,False,False,False
1790,4,Tier 4 — Weak/single-signature,1,BRD-K39462424,dexchlorpheniramine,-0.916138,53.740677,28.775536,3,1,0,27.200025,28.775536,-0.916138,-90.000000,1790,True,False,False,False,False,False
1791,4,Tier 4 — Weak/single-signature,1,BRD-K06926592,tretinoin,-0.951374,62.202263,29.525717,3,1,0,30.258869,29.525717,-0.951374,-90.000000,1791,True,False,False,False,False,False
1792,4,Tier 4 — Weak/single-signature,1,BRD-K09602097,forskolin,-13.096307,39.816070,29.536346,3,1,0,18.752036,29.536346,-13.096307,-90.000000,1792,True,False,False,False,False,False
1793,4,Tier 4 — Weak/single-signature,1,BRD-K07303502,arachidonyl-trifluoro-methane,-0.281889,32.854065,30.138954,3,1,0,20.903710,30.138954,-0.281889,-90.000000,1793,True,False,False,False,False,False
1794,4,Tier 4 — Weak/single-signature,1,BRD-A55913614,primaquine,-0.023410,31.736462,30.321348,3,1,0,20.678133,30.321348,-0.023410,-90.000000,1794,True,False,False,False,False,False
1795,4,Tier 4 — Weak/single-signature,1,BRD-K97309399,thiothixene,-20.796995,36.159195,30.479935,3,1,0,15.280712,30.479935,-20.796995,-90.000000,1795,True,False,False,False,False,False
1796,4,Tier 4 — Weak/single-signature,1,BRD-K46212057,voriconazole,-2.184637,35.124080,30.996048,3,1,0,21.311830,30.996048,-2.184637,-90.000000,1796,True,False,False,False,False,False
1797,4,Tier 4 — Weak/single-signature,1,BRD-K78485176,olmesartan-medoxomil,-1.374207,42.376686,31.140839,3,1,0,24.047773,31.140839,-1.374207,-90.000000,1797,True,False,False,False,False,False
1798,4,Tier 4 — Weak/single-signature,1,BRD-K71860425,CDK2-5-inhibitor,-9.275800,31.866623,51.732420,3,1,0,24.774414,31.866623,-9.275800,-90.000000,1798,True,False,False,False,False,False
1799,4,Tier 4 — Weak/single-signature,1,BRD-K17415526,tyrphostin-AG-835,-1.021846,63.198080,32.167557,3,1,0,31.447930,32.167557,-1.021846,-90.000000,1799,True,False,False,False,False,False
1800,4,Tier 4 — Weak/single-signature,1,BRD-K40992116,parachlorophenol,-0.211417,37.140480,32.178497,3,1,0,23.035854,32.178497,-0.211417,-90.000000,1800,True,False,False,False,False,False
1801,4,Tier 4 — Weak/single-signature,1,BRD-K90864987,cobalt(II)-chloride,-6.352330,32.235080,34.957220,3,1,0,20.279990,32.235080,-6.352330,-90.000000,1801,True,False,False,False,False,False
1802,4,Tier 4 — Weak/single-signature,1,BRD-K98404142,BRD-K98404142,-23.297195,33.072403,49.323890,3,1,0,19.699699,33.072403,-23.297195,-90.000000,1802,True,False,False,False,False,False
1803,4,Tier 4 — Weak/single-signature,1,BRD-K11853856,PJ-34,-1.268499,34.924023,35.732113,3,1,0,23.129212,34.924023,-1.268499,-90.000000,1803,True,False,False,False,False,False
1804,4,Tier 4 — Weak/single-signature,1,BRD-K18779551,bifemelane,-0.458069,57.376118,35.303783,3,1,0,30.740611,35.303783,-0.458069,-90.000000,1804,True,False,False,False,False,False
1805,4,Tier 4 — Weak/single-signature,1,BRD-A34706053,CGP-12177,-1.867512,35.698640,36.151325,3,1,0,23.327484,35.698640,-1.867512,-90.000000,1805,True,False,False,False,False,False
1806,4,Tier 4 — Weak/single-signature,1,BRD-A98283014,calmidazolium,35.805160,-20.366596,59.963444,3,1,0,25.134003,35.805160,-20.366596,-90.000000,1806,False,False,True,False,False,False
1807,4,Tier 4 — Weak/single-signature,1,BRD-A77824596,fluocinolone,36.241070,63.943527,-17.442620,3,1,0,27.580659,36.241070,-17.442620,-90.000000,1807,False,False,False,False,True,False
1808,4,Tier 4 — Weak/single-signature,1,BRD-A84174393,meloxicam,-2.971153,48.005670,36.538174,3,1,0,27.190897,36.538174,-2.971153,-90.000000,1808,True,False,False,False,False,False
1809,4,Tier 4 — Weak/single-signature,1,BRD-A72988804,tiaprofenic-acid,-3.215874,44.045547,36.625763,3,1,0,25.818479,36.625763,-3.215874,-90.000000,1809,True,False,False,False,False,False
1810,4,Tier 4 — Weak/single-signature,1,BRD-K54331210,BRD-K54331210,-5.109232,36.631283,44.531310,3,1,0,25.351120,36.631283,-5.109232,-90.000000,1810,True,False,False,False,False,False
1811,4,Tier 4 — Weak/single-signature,1,BRD-K68143200,NSC-95397,-0.015615,51.316530,38.749996,3,1,0,30.016970,38.749996,-0.015615,-90.000000,1811,True,False,False,False,False,False
1812,4,Tier 4 — Weak/single-signature,1,BRD-A79237180,ascorbic-acid,-10.832541,70.979770,38.784300,3,1,0,32.977177,38.784300,-10.832541,-90.000000,1812,True,False,False,False,False,False
1813,4,Tier 4 — Weak/single-signature,1,BRD-K06854232,AM-580,-0.387597,39.020077,53.730106,3,1,0,30.787529,39.020077,-0.387597,-90.000000,1813,True,False,False,False,False,False
1814,4,Tier 4 — Weak/single-signature,1,BRD-K53737926,amitriptyline,-0.563777,41.021670,39.474823,3,1,0,26.644239,39.474823,-0.563777,-90.000000,1814,True,False,False,False,False,False
1815,4,Tier 4 — Weak/single-signature,1,BRD-K85985071,ellipticine,-28.449997,40.077070,72.186950,3,1,0,27.938008,40.077070,-28.449997,-90.000000,1815,True,False,False,False,False,False
1816,4,Tier 4 — Weak/single-signature,1,BRD-A99833829,bethanechol,-2.325581,40.362880,50.412178,3,1,0,29.483159,40.362880,-2.325581,-90.000000,1816,True,False,False,False,False,False
1817,4,Tier 4 — Weak/single-signature,1,BRD-K00184207,GR-206,-1.620860,45.737250,40.642754,3,1,0,28.253048,40.642754,-1.620860,-90.000000,1817,True,False,False,False,False,False
1818,4,Tier 4 — Weak/single-signature,1,BRD-K67860401,AR-A014418,-3.136011,66.172360,41.175797,3,1,0,34.737382,41.175797,-3.136011,-90.000000,1818,True,False,False,False,False,False
1819,4,Tier 4 — Weak/single-signature,1,BRD-K09668667,benzo(a)pyrene,-0.419582,43.503998,63.523140,3,1,0,35.535852,43.503998,-0.419582,-90.000000,1819,True,False,False,False,False,False
1820,4,Tier 4 — Weak/single-signature,1,BRD-K86958018,olvanil,-0.281889,43.651615,58.847250,3,1,0,34.072325,43.651615,-0.281889,-90.000000,1820,True,False,False,False,False,False
1821,4,Tier 4 — Weak/single-signature,1,BRD-K90027355,spironolactone,-0.563777,62.320084,44.499940,3,1,0,35.418749,44.499940,-0.563777,-90.000000,1821,True,False,False,False,False,False
1822,4,Tier 4 — Weak/single-signature,1,BRD-K63504947,semaxanib,-0.704722,63.447090,45.588737,3,1,0,36.110368,45.588737,-0.704722,-90.000000,1822,True,False,False,False,False,False
1823,4,Tier 4 — Weak/single-signature,1,BRD-A31521121,methocarbamol,-1.797040,66.049530,45.760956,3,1,0,36.671149,45.760956,-1.797040,-90.000000,1823,True,False,False,False,False,False
1824,4,Tier 4 — Weak/single-signature,1,BRD-K76211160,BRD-K76211160,-17.091843,52.176598,47.202330,3,1,0,27.429028,47.202330,-17.091843,-90.000000,1824,True,False,False,False,False,False
1825,4,Tier 4 — Weak/single-signature,1,BRD-K14696368,"9-methyl-5H-6-thia-4,5-diaza-chrysene-6,6-dioxide",-1.268499,50.351760,55.747868,3,1,0,34.943710,50.351760,-1.268499,-90.000000,1825,True,False,False,False,False,False
1826,4,Tier 4 — Weak/single-signature,1,BRD-K93331255,lypressin,-38.171204,74.901580,50.510452,3,1,0,29.080276,50.510452,-38.171204,-90.000000,1826,True,False,False,False,False,False
1827,4,Tier 4 — Weak/single-signature,1,BRD-K97509413,coumestrol,-2.279158,53.961803,59.862520,3,1,0,37.181722,53.961803,-2.279158,-90.000000,1827,True,False,False,False,False,False
1828,4,Tier 4 — Weak/single-signature,1,BRD-K09549677,mibefradil,-1.162791,54.717690,54.391400,3,1,0,35.982100,54.391400,-1.162791,-90.000000,1828,True,False,False,False,False,False
1829,4,Tier 4 — Weak/single-signature,1,BRD-K41564320,purvalanol-b,-62.721394,55.539505,61.356430,3,1,0,18.058180,55.539505,-62.721394,-90.000000,1829,True,False,False,False,False,False
1830,4,Tier 4 — Weak/single-signature,1,BRD-K60184833,tyrphostin-AG-99,-2.149401,57.058846,57.160896,3,1,0,37.356780,57.058846,-2.149401,-90.000000,1830,True,False,False,False,False,False
1831,4,Tier 4 — Weak/single-signature,1,BRD-K18855837,varenicline,-23.891748,59.002410,57.074436,3,1,0,30.728366,57.074436,-23.891748,-90.000000,1831,True,False,False,False,False,False
1832,4,Tier 4 — Weak/single-signature,1,BRD-K27450477,EHNA,-20.541193,57.914307,77.270355,3,1,0,38.214490,57.914307,-20.541193,-90.000000,1832,True,False,False,False,False,False
1833,4,Tier 4 — Weak/single-signature,1,BRD-K33312228,halometasone,-1.268499,60.654430,63.362175,3,1,0,40.916035,60.654430,-1.268499,-90.000000,1833,True,False,False,False,False,False
1834,4,Tier 4 — Weak/single-signature,1,BRD-K73319509,PF-04217903,-13.526850,61.831257,67.243960,3,1,0,38.516122,61.831257,-13.526850,-90.000000,1834,True,False,False,False,False,False
1835,4,Tier 4 — Weak/single-signature,1,BRD-K43068349,AMG-9810,-0.070472,68.452210,65.170746,3,1,0,44.517495,65.170746,-0.070472,-90.000000,1835,True,False,False,False,False,False
1836,4,Tier 4 — Weak/single-signature,1,BRD-A02713983,dihydrodeoxygedunin,-2.325581,65.271840,69.889790,3,1,0,44.278683,65.271840,-2.325581,-90.000000,1836,True,False,False,False,False,False
1837,4,Tier 4 — Weak/single-signature,1,BRD-K82561139,ricinine,-5.073996,67.300026,65.536570,3,1,0,42.587533,65.536570,-5.073996,-90.000000,1837,True,False,False,False,False,False
1838,4,Tier 4 — Weak/single-signature,1,BRD-K26801045,pipamperone,-0.528541,75.979730,67.010990,3,1,0,47.487393,67.010990,-0.528541,-90.000000,1838,True,False,False,False,False,False
1839,4,Tier 4 — Weak/single-signature,1,BRD-A50311610,meclizine,-0.317125,81.331380,71.995070,3,1,0,51.003108,71.995070,-0.317125,-90.000000,1839,True,False,False,False,False,False
1840,4,Tier 4 — Weak/single-signature,1,BRD-A23072235,pheniramine,-56.701927,90.495140,87.628876,3,1,0,40.474030,87.628876,-56.701927,-90.000000,1840,True,False,False,False,False,False
1841,4,Tier 4 — Weak/single-signature,0,BRD-A02333338,cyclopamine,0.000000,0.000000,0.000000,3,0,0,0.000000,0.000000,0.000000,-90.000000,1841,False,False,False,False,False,False
1842,4,Tier 4 — Weak/single-signature,0,BRD-A25687296,emetine,0.000000,0.000000,0.000000,3,0,0,0.000000,0.000000,0.000000,-90.000000,1842,False,False,False,False,False,False
1843,4,Tier 4 — Weak/single-signature,0,BRD-A26002865,verrucarin-a,0.000000,0.000000,0.000000,3,0,0,0.000000,0.000000,0.000000,-90.000000,1843,False,False,False,False,False,False
1844,4,Tier 4 — Weak/single-signature,0,BRD-A31312900,montelukast,0.000000,0.000000,0.000000,3,0,0,0.000000,0.000000,0.000000,-90.000000,1844,False,False,False,False,False,False
1845,4,Tier 4 — Weak/single-signature,0,BRD-K03067624,emetine,0.000000,0.000000,0.000000,3,0,0,0.000000,0.000000,0.000000,-90.000000,1845,False,False,False,False,False,False
1846,4,Tier 4 — Weak/single-signature,0,BRD-K19059335,BRD-K19059335,0.000000,0.000000,0.000000,3,0,0,0.000000,0.000000,0.000000,-90.000000,1846,False,False,False,False,False,False
1847,4,Tier 4 — Weak/single-signature,0,BRD-K28120222,parthenolide-(alternate-stereo),0.000000,0.000000,0.000000,3,0,0,0.000000,0.000000,0.000000,-90.000000,1847,False,False,False,False,False,False
1848,4,Tier 4 — Weak/single-signature,0,BRD-K56064827,EI-273,0.000000,0.000000,0.000000,3,0,0,0.000000,0.000000,0.000000,-90.000000,1848,False,False,False,False,False,False
1849,4,Tier 4 — Weak/single-signature,0,BRD-K66043364,noscapine,0.000000,0.000000,0.000000,3,0,0,0.000000,0.000000,0.000000,-90.000000,1849,False,False,False,False,False,False
1850,4,Tier 4 — Weak/single-signature,0,BRD-K74761218,WT-171,0.000000,0.000000,0.000000,3,0,0,0.000000,0.000000,0.000000,-90.000000,1850,False,False,False,False,False,False
1851,4,Tier 4 — Weak/single-signature,0,BRD-K17016787,estriol,0.000000,0.140944,0.000000,3,0,0,0.046981,0.000000,0.000000,-90.000000,1851,False,False,False,False,False,False
1852,4,Tier 4 — Weak/single-signature,0,BRD-K36038115,BRD-K36038115,0.570357,0.000000,0.000000,3,0,0,0.190119,0.000000,0.000000,-90.000000,1852,False,False,False,False,False,False
1853,4,Tier 4 — Weak/single-signature,0,BRD-K99369265,sirolimus,0.000000,0.000000,0.634249,3,0,0,0.211416,0.000000,0.000000,-90.000000,1853,False,False,False,False,False,False
1854,4,Tier 4 — Weak/single-signature,0,BRD-A47494775,dipivefrine,0.000000,2.713178,0.000000,3,0,0,0.904393,0.000000,0.000000,-90.000000,1854,False,False,False,False,False,False
1855,4,Tier 4 — Weak/single-signature,0,BRD-K51967704,BIIB-021,0.000000,0.000000,2.748414,3,0,0,0.916138,0.000000,0.000000,-90.000000,1855,False,False,False,False,False,False
1856,4,Tier 4 — Weak/single-signature,0,BRD-A59985574,topotecan,0.000000,3.136011,0.000000,3,0,0,1.045337,0.000000,0.000000,-90.000000,1856,False,False,False,False,False,False
1857,4,Tier 4 — Weak/single-signature,0,BRD-K40990712,hexamethyleneamiloride,0.000000,0.000000,3.171247,3,0,0,1.057082,0.000000,0.000000,-90.000000,1857,False,False,False,False,False,False
1858,4,Tier 4 — Weak/single-signature,0,BRD-A78377521,monastrol,0.000000,3.253357,0.000000,3,0,0,1.084452,0.000000,0.000000,-90.000000,1858,False,False,False,False,False,False
1859,4,Tier 4 — Weak/single-signature,0,BRD-A28970875,puromycin,0.000000,3.312192,0.000000,3,0,0,1.104064,0.000000,0.000000,-90.000000,1859,False,False,False,False,False,False
1860,4,Tier 4 — Weak/single-signature,0,BRD-A77118605,D-609,0.000000,3.567407,0.000000,3,0,0,1.189136,0.000000,0.000000,-90.000000,1860,False,False,False,False,False,False
1861,4,Tier 4 — Weak/single-signature,0,BRD-K06792661,narciclasine,0.000000,0.000000,3.735025,3,0,0,1.245008,0.000000,0.000000,-90.000000,1861,False,False,False,False,False,False
1862,4,Tier 4 — Weak/single-signature,0,BRD-U86922168,QL-XII-47,0.000000,4.228330,0.000000,3,0,0,1.409443,0.000000,0.000000,-90.000000,1862,False,False,False,False,False,False
1863,4,Tier 4 — Weak/single-signature,0,BRD-A51382177,fosinopril,0.000000,0.000000,4.263566,3,0,0,1.421189,0.000000,0.000000,-90.000000,1863,False,False,False,False,False,False
1864,4,Tier 4 — Weak/single-signature,0,BRD-K23204545,busulfan,0.000000,6.505018,0.000000,3,0,0,2.168339,0.000000,0.000000,-90.000000,1864,False,False,False,False,False,False
1865,4,Tier 4 — Weak/single-signature,0,BRD-A22713669,BVT-948,0.000000,0.000000,7.811948,3,0,0,2.603983,0.000000,0.000000,-90.000000,1865,False,False,False,False,False,False
1866,4,Tier 4 — Weak/single-signature,0,BRD-K99291625,SB-203580,0.000000,8.738548,0.000000,3,0,0,2.912849,0.000000,0.000000,-90.000000,1866,False,False,False,False,False,False
1867,4,Tier 4 — Weak/single-signature,0,BRD-A83892713,rifampicin,0.000000,9.488653,0.000000,3,0,0,3.162884,0.000000,0.000000,-90.000000,1867,False,False,False,False,False,False
1868,4,Tier 4 — Weak/single-signature,0,BRD-A75144621,digoxin,0.000000,10.358066,0.000000,3,0,0,3.452689,0.000000,0.000000,-90.000000,1868,False,False,False,False,False,False
1869,4,Tier 4 — Weak/single-signature,0,BRD-A71203467,L-stepholidine,0.000000,0.000000,11.912037,3,0,0,3.970679,0.000000,0.000000,-90.000000,1869,False,False,False,False,False,False
1870,4,Tier 4 — Weak/single-signature,0,BRD-K85133207,HDAC1-selective,0.000000,0.000000,15.803427,3,0,0,5.267809,0.000000,0.000000,-90.000000,1870,False,False,False,False,False,False
1871,4,Tier 4 — Weak/single-signature,0,BRD-A95696820,acadesine,0.000000,16.007347,0.000000,3,0,0,5.335782,0.000000,0.000000,-90.000000,1871,False,False,False,False,False,False
1872,4,Tier 4 — Weak/single-signature,0,BRD-K88551539,CAY-10585,0.000000,16.333302,0.000000,3,0,0,5.444434,0.000000,0.000000,-90.000000,1872,False,False,False,False,False,False
1873,4,Tier 4 — Weak/single-signature,0,BRD-K13087974,CGP-52411,0.000000,0.000000,16.354334,3,0,0,5.451445,0.000000,0.000000,-90.000000,1873,False,False,False,False,False,False
1874,4,Tier 4 — Weak/single-signature,0,BRD-K45330754,diethylstilbestrol,0.000000,0.000000,19.074158,3,0,0,6.358053,0.000000,0.000000,-90.000000,1874,False,False,False,False,False,False
1875,4,Tier 4 — Weak/single-signature,0,BRD-A39646320,HC-toxin,0.000000,19.419870,0.000000,3,0,0,6.473290,0.000000,0.000000,-90.000000,1875,False,False,False,False,False,False
1876,4,Tier 4 — Weak/single-signature,0,BRD-K19554809,MK-212,0.000000,0.000000,23.620235,3,0,0,7.873412,0.000000,0.000000,-90.000000,1876,False,False,False,False,False,False
1877,4,Tier 4 — Weak/single-signature,0,BRD-K26669427,WR-216174,29.358440,0.000000,0.000000,3,0,0,9.786147,0.000000,0.000000,-90.000000,1877,False,False,False,False,False,False
1878,4,Tier 4 — Weak/single-signature,0,BRD-A52193669,withaferin-a,31.113937,0.000000,0.000000,3,0,0,10.371312,0.000000,0.000000,-90.000000,1878,False,False,False,False,False,False
1879,4,Tier 4 — Weak/single-signature,0,BRD-K69932463,AZD-8055,35.866825,0.000000,0.000000,3,0,0,11.955608,0.000000,0.000000,-90.000000,1879,False,False,False,False,False,False
1880,4,Tier 4 — Weak/single-signature,0,BRD-K12184916,NVP-BEZ235,37.820183,0.000000,0.000000,3,0,0,12.606728,0.000000,0.000000,-90.000000,1880,False,False,False,False,False,False
1881,4,Tier 4 — Weak/single-signature,0,BRD-A80638690,floxuridine,0.000000,41.255010,0.000000,3,0,0,13.751670,0.000000,0.000000,-90.000000,1881,False,False,False,False,False,False
1882,4,Tier 4 — Weak/single-signature,0,BRD-A80960055,celastrol,0.000000,55.906220,0.000000,3,0,0,18.635407,0.000000,0.000000,-90.000000,1882,False,False,False,False,False,False
1883,4,Tier 4 — Weak/single-signature,0,BRD-K11558771,droxinostat,0.000000,56.520320,0.000000,3,0,0,18.840107,0.000000,0.000000,-90.000000,1883,False,False,False,False,False,False
1884,4,Tier 4 — Weak/single-signature,0,BRD-A16694057,BADGE,0.021867,1.518912,0.028035,3,0,0,0.522938,0.028035,0.021867,-90.000000,1884,False,False,False,False,False,False
1885,4,Tier 4 — Weak/single-signature,0,BRD-A75409952,wortmannin,0.000000,0.034839,0.422833,3,0,0,0.152557,0.034839,0.000000,-90.000000,1885,False,False,False,False,False,False
1886,4,Tier 4 — Weak/single-signature,0,BRD-K28936863,ketotifen,0.030077,0.880902,0.140944,3,0,0,0.350641,0.140944,0.030077,-90.000000,1886,False,False,False,False,False,False
1887,4,Tier 4 — Weak/single-signature,0,BRD-A33711280,metixene,0.246653,2.949970,0.000000,3,0,0,1.065541,0.246653,0.000000,-90.000000,1887,False,False,False,False,False,False
1888,4,Tier 4 — Weak/single-signature,0,BRD-K62965247,tipifarnib-P2,21.844427,0.070472,0.246653,3,0,0,7.387184,0.246653,0.070472,-90.000000,1888,False,False,False,False,False,False
1889,4,Tier 4 — Weak/single-signature,0,BRD-K25224017,pirenperone,0.105708,0.352361,3.347428,3,0,0,1.268499,0.352361,0.105708,-90.000000,1889,False,False,False,False,False,False
1890,4,Tier 4 — Weak/single-signature,0,BRD-K53857191,risperidone,0.140944,0.387597,0.634249,3,0,0,0.387597,0.387597,0.140944,-90.000000,1890,False,False,False,False,False,False
1891,4,Tier 4 — Weak/single-signature,0,BRD-K21667562,AM-404,0.000000,0.387597,8.371761,3,0,0,2.919786,0.387597,0.000000,-90.000000,1891,False,False,False,False,False,False
1892,4,Tier 4 — Weak/single-signature,0,BRD-K28178212,GW-441756,0.000000,0.493305,0.458069,3,0,0,0.317125,0.458069,0.000000,-90.000000,1892,False,False,False,False,False,False
1893,4,Tier 4 — Weak/single-signature,0,BRD-K92000912,AM-251,0.026141,0.704722,0.493305,3,0,0,0.408056,0.493305,0.026141,-90.000000,1893,False,False,False,False,False,False
1894,4,Tier 4 — Weak/single-signature,0,BRD-K15791587,L-733060,0.000000,0.493305,0.951374,3,0,0,0.481560,0.493305,0.000000,-90.000000,1894,False,False,False,False,False,False
1895,4,Tier 4 — Weak/single-signature,0,BRD-A99449986,MT-21,0.000000,1.145306,0.493305,3,0,0,0.546204,0.493305,0.000000,-90.000000,1895,False,False,False,False,False,False
1896,4,Tier 4 — Weak/single-signature,0,BRD-K99029477,prometon,0.107219,0.500357,0.536097,3,0,0,0.381225,0.500357,0.107219,-90.000000,1896,False,False,False,False,False,False
1897,4,Tier 4 — Weak/single-signature,0,BRD-A68281735,REV-5901,6.872229,0.000000,0.523283,3,0,0,2.465171,0.523283,0.000000,-90.000000,1897,False,False,False,False,False,False
1898,4,Tier 4 — Weak/single-signature,0,BRD-A83431637,resmethrin,0.000000,0.599013,2.889359,3,0,0,1.162791,0.599013,0.000000,-90.000000,1898,False,False,False,False,False,False
1899,4,Tier 4 — Weak/single-signature,0,BRD-K26664453,cytochalasin-b,0.246653,3.288619,0.599013,3,0,0,1.378095,0.599013,0.246653,-90.000000,1899,False,False,False,False,False,False
1900,4,Tier 4 — Weak/single-signature,0,BRD-A83237092,fulvestrant,0.000000,10.301386,0.599013,3,0,0,3.633466,0.599013,0.000000,-90.000000,1900,False,False,False,False,False,False
1901,4,Tier 4 — Weak/single-signature,0,BRD-K12357156,AG-490,0.000000,9.362287,0.634249,3,0,0,3.332179,0.634249,0.000000,-90.000000,1901,False,False,False,False,False,False
1902,4,Tier 4 — Weak/single-signature,0,BRD-K17743697,KB-R7943,0.000000,0.669486,11.852521,3,0,0,4.174002,0.669486,0.000000,-90.000000,1902,False,False,False,False,False,False
1903,4,Tier 4 — Weak/single-signature,0,BRD-K30677119,PP-30,0.000000,0.704722,0.739958,3,0,0,0.481560,0.704722,0.000000,-90.000000,1903,False,False,False,False,False,False
1904,4,Tier 4 — Weak/single-signature,0,BRD-A58955223,sulforaphane,0.704722,0.000000,0.810430,3,0,0,0.505050,0.704722,0.000000,-90.000000,1904,False,False,False,False,False,False
1905,4,Tier 4 — Weak/single-signature,0,BRD-A95513702,"androsta-1,4-dien-3,17-dione",0.704722,2.255109,0.422833,3,0,0,1.127555,0.704722,0.422833,-90.000000,1905,False,False,False,False,False,False
1906,4,Tier 4 — Weak/single-signature,0,BRD-K67783091,haloperidol,0.246653,9.844547,0.704722,3,0,0,3.598640,0.704722,0.246653,-90.000000,1906,False,False,False,False,False,False
1907,4,Tier 4 — Weak/single-signature,0,BRD-K16277217,piperacetazine,0.739958,6.227402,0.528541,3,0,0,2.498634,0.739958,0.528541,-90.000000,1907,False,False,False,False,False,False
1908,4,Tier 4 — Weak/single-signature,0,BRD-K59369769,tozasertib,0.000000,0.739958,8.298092,3,0,0,3.012683,0.739958,0.000000,-90.000000,1908,False,False,False,False,False,False
1909,4,Tier 4 — Weak/single-signature,0,BRD-K42573370,avrainvillamide-analog-2,0.563777,9.554572,0.739958,3,0,0,3.619436,0.739958,0.563777,-90.000000,1909,False,False,False,False,False,False
1910,4,Tier 4 — Weak/single-signature,0,BRD-K60298136,ITE,0.000000,0.739958,21.903006,3,0,0,7.547655,0.739958,0.000000,-90.000000,1910,False,False,False,False,False,False
1911,4,Tier 4 — Weak/single-signature,0,BRD-K73982490,BI-78D3,0.775194,0.880902,0.634249,3,0,0,0.763448,0.775194,0.634249,-90.000000,1911,False,False,False,False,False,False
1912,4,Tier 4 — Weak/single-signature,0,BRD-K42142750,retrorsine,0.000000,1.585624,0.775194,3,0,0,0.786939,0.775194,0.000000,-90.000000,1912,False,False,False,False,False,False
1913,4,Tier 4 — Weak/single-signature,0,BRD-K59419204,AM-281,0.000000,1.620860,0.775194,3,0,0,0.798684,0.775194,0.000000,-90.000000,1913,False,False,False,False,False,False
1914,4,Tier 4 — Weak/single-signature,0,BRD-K04466929,Merck60,0.000000,10.851343,0.775194,3,0,0,3.875512,0.775194,0.000000,-90.000000,1914,False,False,False,False,False,False
1915,4,Tier 4 — Weak/single-signature,0,BRD-A19037878,trichostatin-a,0.000000,47.991380,0.775194,3,0,0,16.255525,0.775194,0.000000,-90.000000,1915,False,False,False,False,False,False
1916,4,Tier 4 — Weak/single-signature,0,BRD-K89085489,fenretinide,0.810430,0.021274,40.101185,3,0,0,13.644296,0.810430,0.021274,-90.000000,1916,False,False,False,False,False,False
1917,4,Tier 4 — Weak/single-signature,0,BRD-K69023402,thapsigargin,0.000000,0.845666,1.857027,3,0,0,0.900898,0.845666,0.000000,-90.000000,1917,False,False,False,False,False,False
1918,4,Tier 4 — Weak/single-signature,0,BRD-K67174588,toremifene,0.000000,0.845666,3.594080,3,0,0,1.479915,0.845666,0.000000,-90.000000,1918,False,False,False,False,False,False
1919,4,Tier 4 — Weak/single-signature,0,BRD-K85318537,OBAA,0.000000,7.681466,0.845666,3,0,0,2.842377,0.845666,0.000000,-90.000000,1919,False,False,False,False,False,False
1920,4,Tier 4 — Weak/single-signature,0,BRD-A31801025,formestane,0.000000,15.034363,0.845666,3,0,0,5.293343,0.845666,0.000000,-90.000000,1920,False,False,False,False,False,False
1921,4,Tier 4 — Weak/single-signature,0,BRD-K17378184,BP-897,0.281889,0.986610,0.880902,3,0,0,0.716467,0.880902,0.281889,-90.000000,1921,False,False,False,False,False,False
1922,4,Tier 4 — Weak/single-signature,0,BRD-K03842655,penitrem-a,0.031821,0.916138,0.916138,3,0,0,0.621366,0.916138,0.031821,-90.000000,1922,False,False,False,False,False,False
1923,4,Tier 4 — Weak/single-signature,0,BRD-K06980535,promazine,0.070472,0.916138,3.673700,3,0,0,1.553437,0.916138,0.070472,-90.000000,1923,False,False,False,False,False,False
1924,4,Tier 4 — Weak/single-signature,0,BRD-K51302260,KU-C103871,0.000000,0.916138,17.970297,3,0,0,6.295478,0.916138,0.000000,-90.000000,1924,False,False,False,False,False,False
1925,4,Tier 4 — Weak/single-signature,0,BRD-A20126139,medrysone,0.000000,1.656096,0.951374,3,0,0,0.869157,0.951374,0.000000,-90.000000,1925,False,False,False,False,False,False
1926,4,Tier 4 — Weak/single-signature,0,BRD-A85860691,chaetocin,0.599013,69.238670,0.951374,3,0,0,23.596353,0.951374,0.599013,-90.000000,1926,False,False,False,False,False,False
1927,4,Tier 4 — Weak/single-signature,0,BRD-A62025033,temsirolimus,0.000000,0.986610,1.303735,3,0,0,0.763448,0.986610,0.000000,-90.000000,1927,False,False,False,False,False,False
1928,4,Tier 4 — Weak/single-signature,0,BRD-A68930007,ouabain,12.260119,0.986610,0.000000,3,0,0,4.415576,0.986610,0.000000,-90.000000,1928,False,False,False,False,False,False
1929,4,Tier 4 — Weak/single-signature,0,BRD-K72420232,WZ-4002,0.028703,1.092318,4.686399,3,0,0,1.935807,1.092318,0.028703,-90.000000,1929,False,False,False,False,False,False
1930,4,Tier 4 — Weak/single-signature,0,BRD-A53576514,orphenadrine,0.317125,16.132835,1.092318,3,0,0,5.847426,1.092318,0.317125,-90.000000,1930,False,False,False,False,False,False
1931,4,Tier 4 — Weak/single-signature,0,BRD-A92585442,RU-28318,0.000000,1.127555,1.867512,3,0,0,0.998356,1.127555,0.000000,-90.000000,1931,False,False,False,False,False,False
1932,4,Tier 4 — Weak/single-signature,0,BRD-A91866971,SQ-29548,0.000000,1.162791,7.143198,3,0,0,2.768663,1.162791,0.000000,-90.000000,1932,False,False,False,False,False,False
1933,4,Tier 4 — Weak/single-signature,0,BRD-A14798026,mestranol,1.198027,2.818887,0.000000,3,0,0,1.338971,1.198027,0.000000,-90.000000,1933,False,False,False,False,False,False
1934,4,Tier 4 — Weak/single-signature,0,BRD-A62071884,siguazodan,0.000000,12.794786,1.198027,3,0,0,4.664271,1.198027,0.000000,-90.000000,1934,False,False,False,False,False,False
1935,4,Tier 4 — Weak/single-signature,0,BRD-K76723084,isotretinoin,0.031022,1.233263,9.921036,3,0,0,3.728440,1.233263,0.031022,-90.000000,1935,False,False,False,False,False,False
1936,4,Tier 4 — Weak/single-signature,0,BRD-K66707493,lawsone,0.000000,12.771038,1.268499,3,0,0,4.679846,1.268499,0.000000,-90.000000,1936,False,False,False,False,False,False
1937,4,Tier 4 — Weak/single-signature,0,BRD-A41692738,TGX-221,0.000000,1.268499,18.473728,3,0,0,6.580742,1.268499,0.000000,-90.000000,1937,False,False,False,False,False,False
1938,4,Tier 4 — Weak/single-signature,0,BRD-K13646352,midostaurin,0.000000,12.392539,1.303735,3,0,0,4.565425,1.303735,0.000000,-90.000000,1938,False,False,False,False,False,False
1939,4,Tier 4 — Weak/single-signature,0,BRD-K31534764,fluvoxamine,0.599013,19.815445,1.303735,3,0,0,7.239398,1.303735,0.599013,-90.000000,1939,False,False,False,False,False,False
1940,4,Tier 4 — Weak/single-signature,0,BRD-A19736161,ondansetron,0.000000,1.326535,6.363602,3,0,0,2.563379,1.326535,0.000000,-90.000000,1940,False,False,False,False,False,False
1941,4,Tier 4 — Weak/single-signature,0,BRD-A19500257,geldanamycin,0.000000,1.345657,29.283958,3,0,0,10.209872,1.345657,0.000000,-90.000000,1941,False,False,False,False,False,False
1942,4,Tier 4 — Weak/single-signature,0,BRD-A24817035,laudanosine,0.000000,1.409443,1.374207,3,0,0,0.927883,1.374207,0.000000,-90.000000,1942,False,False,False,False,False,False
1943,4,Tier 4 — Weak/single-signature,0,BRD-K81128206,edrophonium,0.000000,1.479915,1.374207,3,0,0,0.951374,1.374207,0.000000,-90.000000,1943,False,False,False,False,False,False
1944,4,Tier 4 — Weak/single-signature,0,BRD-K14765469,vesamicol,0.000000,1.374207,24.460804,3,0,0,8.611670,1.374207,0.000000,-90.000000,1944,False,False,False,False,False,False
1945,4,Tier 4 — Weak/single-signature,0,BRD-A80502530,cinobufagin,0.000000,1.409443,1.797040,3,0,0,1.068828,1.409443,0.000000,-90.000000,1945,False,False,False,False,False,False
1946,4,Tier 4 — Weak/single-signature,0,BRD-K44276885,acarbose,0.000000,1.409443,1.867512,3,0,0,1.092319,1.409443,0.000000,-90.000000,1946,False,False,False,False,False,False
1947,4,Tier 4 — Weak/single-signature,0,BRD-K44849676,capsazepine,1.303735,9.481212,1.409443,3,0,0,4.064797,1.409443,1.303735,-90.000000,1947,False,False,False,False,False,False
1948,4,Tier 4 — Weak/single-signature,0,BRD-K83508485,FK-888,0.000000,1.444679,11.559284,3,0,0,4.334654,1.444679,0.000000,-90.000000,1948,False,False,False,False,False,False
1949,4,Tier 4 — Weak/single-signature,0,BRD-A28422058,L-689560,1.444679,1.444679,12.750671,3,0,0,5.213343,1.444679,1.444679,-90.000000,1949,False,False,False,False,False,False
1950,4,Tier 4 — Weak/single-signature,0,BRD-K05528470,L-745870,19.778788,1.444679,0.880902,3,0,0,7.368123,1.444679,0.880902,-90.000000,1950,False,False,False,False,False,False
1951,4,Tier 4 — Weak/single-signature,0,BRD-K06198550,isorotenone,0.000000,13.152031,1.479915,3,0,0,4.877315,1.479915,0.000000,-90.000000,1951,False,False,False,False,False,False
1952,4,Tier 4 — Weak/single-signature,0,BRD-A93477898,PETCM,11.346019,0.317125,1.486616,3,0,0,4.383253,1.486616,0.317125,-90.000000,1952,False,False,False,False,False,False
1953,4,Tier 4 — Weak/single-signature,0,BRD-K25394294,oxaprozin,0.000000,1.515151,2.501762,3,0,0,1.338971,1.515151,0.000000,-90.000000,1953,False,False,False,False,False,False
1954,4,Tier 4 — Weak/single-signature,0,BRD-K44899736,Ro-16-6941,0.000000,1.524074,31.674149,3,0,0,11.066074,1.524074,0.000000,-90.000000,1954,False,False,False,False,False,False
1955,4,Tier 4 — Weak/single-signature,0,BRD-K11717138,benzbromarone,0.105708,2.149401,1.550388,3,0,0,1.268499,1.550388,0.105708,-90.000000,1955,False,False,False,False,False,False
1956,4,Tier 4 — Weak/single-signature,0,BRD-K26573499,DMAB-anabaseine,0.000000,1.550388,7.293869,3,0,0,2.948086,1.550388,0.000000,-90.000000,1956,False,False,False,False,False,False
1957,4,Tier 4 — Weak/single-signature,0,BRD-K50140147,NVP-TAE684,0.000000,1.559434,5.318636,3,0,0,2.292690,1.559434,0.000000,-90.000000,1957,False,False,False,False,False,False
1958,4,Tier 4 — Weak/single-signature,0,BRD-A24191444,ifenprodil,0.215264,2.325581,1.585624,3,0,0,1.375490,1.585624,0.215264,-90.000000,1958,False,False,False,False,False,False
1959,4,Tier 4 — Weak/single-signature,0,BRD-K71799949,carbamazepine,0.000000,16.630302,1.656096,3,0,0,6.095466,1.656096,0.000000,-90.000000,1959,False,False,False,False,False,False
1960,4,Tier 4 — Weak/single-signature,0,BRD-K26997899,D-64131,0.000000,1.656096,39.698338,3,0,0,13.784811,1.656096,0.000000,-90.000000,1960,False,False,False,False,False,False
1961,4,Tier 4 — Weak/single-signature,0,BRD-K78659596,ixazomib,7.885877,1.726568,0.000000,3,0,0,3.204148,1.726568,0.000000,-90.000000,1961,False,False,False,False,False,False
1962,4,Tier 4 — Weak/single-signature,0,BRD-A71390734,idarubicin,0.000000,18.353360,1.726568,3,0,0,6.693309,1.726568,0.000000,-90.000000,1962,False,False,False,False,False,False
1963,4,Tier 4 — Weak/single-signature,0,BRD-K36864847,BD-1047,1.742910,2.008457,1.585624,3,0,0,1.778997,1.742910,1.585624,-90.000000,1963,False,False,False,False,False,False
1964,4,Tier 4 — Weak/single-signature,0,BRD-K70330367,amantadine,1.832276,1.374207,1.761804,3,0,0,1.656096,1.761804,1.374207,-90.000000,1964,False,False,False,False,False,False
1965,4,Tier 4 — Weak/single-signature,0,BRD-K15601958,SEW-2871,0.000000,8.595952,1.761804,3,0,0,3.452585,1.761804,0.000000,-90.000000,1965,False,False,False,False,False,False
1966,4,Tier 4 — Weak/single-signature,0,BRD-K89997465,chlorpromazine,0.105708,3.820154,1.794215,3,0,0,1.906693,1.794215,0.105708,-90.000000,1966,False,False,False,False,False,False
1967,4,Tier 4 — Weak/single-signature,0,BRD-A90799790,isradipine,2.677942,1.656096,1.797040,3,0,0,2.043693,1.797040,1.656096,-90.000000,1967,False,False,False,False,False,False
1968,4,Tier 4 — Weak/single-signature,0,BRD-A56020723,CA-074-Me,5.797606,0.000000,1.797040,3,0,0,2.531549,1.797040,0.000000,-90.000000,1968,False,False,False,False,False,False
1969,4,Tier 4 — Weak/single-signature,0,BRD-A47829399,artesunate,0.000000,1.826442,1.843419,3,0,0,1.223287,1.826442,0.000000,-90.000000,1969,False,False,False,False,False,False
1970,4,Tier 4 — Weak/single-signature,0,BRD-A89337244,PD-102807,0.000000,2.057021,1.832276,3,0,0,1.296433,1.832276,0.000000,-90.000000,1970,False,False,False,False,False,False
1971,4,Tier 4 — Weak/single-signature,0,BRD-K13211965,L-741742,0.000000,9.464324,1.832276,3,0,0,3.765533,1.832276,0.000000,-90.000000,1971,False,False,False,False,False,False
1972,4,Tier 4 — Weak/single-signature,0,BRD-A72596465,GW-6471,1.021846,36.254320,1.832276,3,0,0,13.036148,1.832276,1.021846,-90.000000,1972,False,False,False,False,False,False
1973,4,Tier 4 — Weak/single-signature,0,BRD-K67506692,tyrphostin-AG-126,0.000000,4.768540,1.867512,3,0,0,2.212017,1.867512,0.000000,-90.000000,1973,False,False,False,False,False,False
1974,4,Tier 4 — Weak/single-signature,0,BRD-K51662849,ilomastat,0.000000,1.874878,6.234840,3,0,0,2.703239,1.874878,0.000000,-90.000000,1974,False,False,False,False,False,False
1975,4,Tier 4 — Weak/single-signature,0,BRD-K14441456,tyrphostin-AG-556,0.000000,1.902748,3.276956,3,0,0,1.726568,1.902748,0.000000,-90.000000,1975,False,False,False,False,False,False
1976,4,Tier 4 — Weak/single-signature,0,BRD-A00267231,hemado,0.000000,1.931052,13.842238,3,0,0,5.257763,1.931052,0.000000,-90.000000,1976,False,False,False,False,False,False
1977,4,Tier 4 — Weak/single-signature,0,BRD-K37991163,paroxetine,3.488372,1.933878,1.585624,3,0,0,2.335958,1.933878,1.585624,-90.000000,1977,False,False,False,False,False,False
1978,4,Tier 4 — Weak/single-signature,0,BRD-K20482099,rutin,0.339918,1.973221,4.138956,3,0,0,2.150698,1.973221,0.339918,-90.000000,1978,False,False,False,False,False,False
1979,4,Tier 4 — Weak/single-signature,0,BRD-A11135865,nor-binaltorphimine,0.000000,1.973221,4.883789,3,0,0,2.285670,1.973221,0.000000,-90.000000,1979,False,False,False,False,False,False
1980,4,Tier 4 — Weak/single-signature,0,BRD-K68132782,terbinafine,0.000000,10.380306,2.008457,3,0,0,4.129588,2.008457,0.000000,-90.000000,1980,False,False,False,False,False,False
1981,4,Tier 4 — Weak/single-signature,0,BRD-K97056771,GNF-2,0.000000,2.008457,11.649716,3,0,0,4.552724,2.008457,0.000000,-90.000000,1981,False,False,False,False,False,False
1982,4,Tier 4 — Weak/single-signature,0,BRD-K25079130,avrainvillamide-analog-4,2.015373,1.867512,11.064423,3,0,0,4.982436,2.015373,1.867512,-90.000000,1982,False,False,False,False,False,False
1983,4,Tier 4 — Weak/single-signature,0,BRD-K87573634,propylpyrazole,0.000000,2.043693,3.629316,3,0,0,1.891003,2.043693,0.000000,-90.000000,1983,False,False,False,False,False,False
1984,4,Tier 4 — Weak/single-signature,0,BRD-K14681867,somatostatin,0.000000,7.274650,2.043693,3,0,0,3.106114,2.043693,0.000000,-90.000000,1984,False,False,False,False,False,False
1985,4,Tier 4 — Weak/single-signature,0,BRD-K62959606,sphingosine,0.000000,2.053279,2.474299,3,0,0,1.509193,2.053279,0.000000,-90.000000,1985,False,False,False,False,False,False
1986,4,Tier 4 — Weak/single-signature,0,BRD-K79145749,dibenzepin,0.000000,5.637773,2.078929,3,0,0,2.572234,2.078929,0.000000,-90.000000,1986,False,False,False,False,False,False
1987,4,Tier 4 — Weak/single-signature,0,BRD-K18036262,L-168049,0.634249,2.078929,23.616587,3,0,0,8.776588,2.078929,0.634249,-90.000000,1987,False,False,False,False,False,False
1988,4,Tier 4 — Weak/single-signature,0,BRD-K83302049,protopine,0.000000,2.110147,7.050654,3,0,0,3.053600,2.110147,0.000000,-90.000000,1988,False,False,False,False,False,False
1989,4,Tier 4 — Weak/single-signature,0,BRD-K10466330,AVA,1.374207,2.149401,3.083015,3,0,0,2.202208,2.149401,1.374207,-90.000000,1989,False,False,False,False,False,False
1990,4,Tier 4 — Weak/single-signature,0,BRD-A71657825,2-(biphenyl-4-ylsulfonamido)pentanedioic-acid,0.000000,2.149401,15.309546,3,0,0,5.819649,2.149401,0.000000,-90.000000,1990,False,False,False,False,False,False
1991,4,Tier 4 — Weak/single-signature,0,BRD-K97158071,droperidol,0.000000,5.092210,2.184637,3,0,0,2.425616,2.184637,0.000000,-90.000000,1991,False,False,False,False,False,False
1992,4,Tier 4 — Weak/single-signature,0,BRD-A30655177,LFM-A13,0.000000,32.559742,2.255109,3,0,0,11.604950,2.255109,0.000000,-90.000000,1992,False,False,False,False,False,False
1993,4,Tier 4 — Weak/single-signature,0,BRD-K66175015,afatinib,2.285207,14.486149,1.585624,3,0,0,6.118993,2.285207,1.585624,-90.000000,1993,False,False,False,False,False,False
1994,4,Tier 4 — Weak/single-signature,0,BRD-K15616905,CCCP,0.000000,2.290345,2.396054,3,0,0,1.562133,2.290345,0.000000,-90.000000,1994,False,False,False,False,False,False
1995,4,Tier 4 — Weak/single-signature,0,BRD-A29485665,bicalutamide,0.000000,2.290345,3.699789,3,0,0,1.996711,2.290345,0.000000,-90.000000,1995,False,False,False,False,False,False
1996,4,Tier 4 — Weak/single-signature,0,BRD-K85242180,beta-CCP,0.000000,12.073347,2.290345,3,0,0,4.787897,2.290345,0.000000,-90.000000,1996,False,False,False,False,False,False
1997,4,Tier 4 — Weak/single-signature,0,BRD-A58207013,pinacidil,2.008457,2.290345,40.051060,3,0,0,14.783287,2.290345,2.008457,-90.000000,1997,False,False,False,False,False,False
1998,4,Tier 4 — Weak/single-signature,0,BRD-K92678294,irilin-a,1.902748,2.360817,10.041836,3,0,0,4.768467,2.360817,1.902748,-90.000000,1998,False,False,False,False,False,False
1999,4,Tier 4 — Weak/single-signature,0,BRD-K50324045,avrainvillamide-analog-6,2.382128,1.561886,3.558844,3,0,0,2.500953,2.382128,1.561886,-90.000000,1999,False,False,False,False,False,False
2000,4,Tier 4 — Weak/single-signature,0,BRD-K81839095,estrone,0.000000,2.431290,14.428568,3,0,0,5.619953,2.431290,0.000000,-90.000000,2000,False,False,False,False,False,False
2001,4,Tier 4 — Weak/single-signature,0,BRD-A34255068,rolipram,0.000000,2.489750,4.404510,3,0,0,2.298087,2.489750,0.000000,-90.000000,2001,False,False,False,False,False,False
2002,4,Tier 4 — Weak/single-signature,0,BRD-K24132293,piperlongumine,0.211417,57.933080,2.536998,3,0,0,20.227165,2.536998,0.211417,-90.000000,2002,False,False,False,False,False,False
2003,4,Tier 4 — Weak/single-signature,0,BRD-K73293050,WZ-3146,2.078929,19.534980,2.572234,3,0,0,8.062048,2.572234,2.078929,-90.000000,2003,False,False,False,False,False,False
2004,4,Tier 4 — Weak/single-signature,0,BRD-K49668410,clarithromycin,1.127555,2.572234,30.808802,3,0,0,11.502864,2.572234,1.127555,-90.000000,2004,False,False,False,False,False,False
2005,4,Tier 4 — Weak/single-signature,0,BRD-A97730597,hexylcaine,0.176180,2.586278,14.031971,3,0,0,5.598143,2.586278,0.176180,-90.000000,2005,False,False,False,False,False,False
2006,4,Tier 4 — Weak/single-signature,0,BRD-K45068323,W-13,0.000000,2.626482,5.272057,3,0,0,2.632846,2.626482,0.000000,-90.000000,2006,False,False,False,False,False,False
2007,4,Tier 4 — Weak/single-signature,0,BRD-K63516691,T-0156,0.000000,2.642706,64.631000,3,0,0,22.424569,2.642706,0.000000,-90.000000,2007,False,False,False,False,False,False
2008,4,Tier 4 — Weak/single-signature,0,BRD-K38251852,paxilline,0.000000,2.673698,16.188480,3,0,0,6.287393,2.673698,0.000000,-90.000000,2008,False,False,False,False,False,False
2009,4,Tier 4 — Weak/single-signature,0,BRD-K12513978,fenbufen,0.000000,5.327128,2.713178,3,0,0,2.680102,2.713178,0.000000,-90.000000,2009,False,False,False,False,False,False
2010,4,Tier 4 — Weak/single-signature,0,BRD-A39230911,chlorphenesin-carbamate,0.000000,2.713178,6.236786,3,0,0,2.983322,2.713178,0.000000,-90.000000,2010,False,False,False,False,False,False
2011,4,Tier 4 — Weak/single-signature,0,BRD-K56001384,antimycin-a,0.000000,11.720535,2.713178,3,0,0,4.811238,2.713178,0.000000,-90.000000,2011,False,False,False,False,False,False
2012,4,Tier 4 — Weak/single-signature,0,BRD-K88358234,xaliproden,0.000000,2.713178,33.884370,3,0,0,12.199183,2.713178,0.000000,-90.000000,2012,False,False,False,False,False,False
2013,4,Tier 4 — Weak/single-signature,0,BRD-A84481105,thioridazine,0.035236,3.531534,2.764931,3,0,0,2.110567,2.764931,0.035236,-90.000000,2013,False,False,False,False,False,False
2014,4,Tier 4 — Weak/single-signature,0,BRD-K37865504,LY-2183240,0.387597,2.783650,5.129686,3,0,0,2.766978,2.783650,0.387597,-90.000000,2014,False,False,False,False,False,False
2015,4,Tier 4 — Weak/single-signature,0,BRD-K71823332,epothilone-a,0.000000,2.818887,31.674988,3,0,0,11.497958,2.818887,0.000000,-90.000000,2015,False,False,False,False,False,False
2016,4,Tier 4 — Weak/single-signature,0,BRD-A69960130,bromocriptine,0.000000,10.898674,2.861486,3,0,0,4.586720,2.861486,0.000000,-90.000000,2016,False,False,False,False,False,False
2017,4,Tier 4 — Weak/single-signature,0,BRD-K86465814,HO-013,2.649886,10.236462,2.883148,3,0,0,5.256499,2.883148,2.649886,-90.000000,2017,False,False,False,False,False,False
2018,4,Tier 4 — Weak/single-signature,0,BRD-K26818574,BIX-01294,0.000000,2.889359,5.813953,3,0,0,2.901104,2.889359,0.000000,-90.000000,2018,False,False,False,False,False,False
2019,4,Tier 4 — Weak/single-signature,0,BRD-A24122750,saclofen,0.000000,5.583015,2.924595,3,0,0,2.835870,2.924595,0.000000,-90.000000,2019,False,False,False,False,False,False
2020,4,Tier 4 — Weak/single-signature,0,BRD-K68202742,trichostatin-a,0.000000,34.716125,2.924595,3,0,0,12.546907,2.924595,0.000000,-90.000000,2020,False,False,False,False,False,False
2021,4,Tier 4 — Weak/single-signature,0,BRD-K45031696,BRD-K45031696,2.924595,3.792075,2.995067,3,0,0,3.237246,2.995067,2.924595,-90.000000,2021,False,False,False,False,False,False
2022,4,Tier 4 — Weak/single-signature,0,BRD-K51476772,ST-638,0.000000,3.010343,16.033287,3,0,0,6.347877,3.010343,0.000000,-90.000000,2022,False,False,False,False,False,False
2023,4,Tier 4 — Weak/single-signature,0,BRD-K90524085,MY-5445,0.000000,3.020643,5.038097,3,0,0,2.686247,3.020643,0.000000,-90.000000,2023,False,False,False,False,False,False
2024,4,Tier 4 — Weak/single-signature,0,BRD-K98297262,BRD-K98297262,0.000000,3.021769,10.172036,3,0,0,4.397935,3.021769,0.000000,-90.000000,2024,False,False,False,False,False,False
2025,4,Tier 4 — Weak/single-signature,0,BRD-K09764130,mead-ethanolamide,0.000000,3.030303,24.203766,3,0,0,9.078023,3.030303,0.000000,-90.000000,2025,False,False,False,False,False,False
2026,4,Tier 4 — Weak/single-signature,0,BRD-A95696066,nisoxetine,0.000000,3.030303,26.140300,3,0,0,9.723534,3.030303,0.000000,-90.000000,2026,False,False,False,False,False,False
2027,4,Tier 4 — Weak/single-signature,0,BRD-K84709232,caffeic-acid,3.030303,36.438560,0.845666,3,0,0,13.438176,3.030303,0.845666,-90.000000,2027,False,False,False,False,False,False
2028,4,Tier 4 — Weak/single-signature,0,BRD-A02990301,lofexidine,45.158090,2.928348,3.030303,3,0,0,17.038914,3.030303,2.928348,-90.000000,2028,False,False,False,False,False,False
2029,4,Tier 4 — Weak/single-signature,0,BRD-A76528577,vincristine,0.000000,3.040012,39.256058,3,0,0,14.098690,3.040012,0.000000,-90.000000,2029,False,False,False,False,False,False
2030,4,Tier 4 — Weak/single-signature,0,BRD-K34437622,5-FP,9.138310,3.100775,0.859479,3,0,0,4.366188,3.100775,0.859479,-90.000000,2030,False,False,False,False,False,False
2031,4,Tier 4 — Weak/single-signature,0,BRD-K07403598,CAY-10470,0.000000,5.941649,3.136011,3,0,0,3.025887,3.136011,0.000000,-90.000000,2031,False,False,False,False,False,False
2032,4,Tier 4 — Weak/single-signature,0,BRD-A14574269,UB-165,0.000000,63.158855,3.276956,3,0,0,22.145270,3.276956,0.000000,-90.000000,2032,False,False,False,False,False,False
2033,4,Tier 4 — Weak/single-signature,0,BRD-K97274161,BRD-K97274161,3.321307,4.165455,0.000000,3,0,0,2.495587,3.321307,0.000000,-90.000000,2033,False,False,False,False,False,False
2034,4,Tier 4 — Weak/single-signature,0,BRD-K73109821,diazoxide,1.620860,12.363295,3.349230,3,0,0,5.777795,3.349230,1.620860,-90.000000,2034,False,False,False,False,False,False
2035,4,Tier 4 — Weak/single-signature,0,BRD-A01320529,salmeterol,0.000000,3.379628,20.848051,3,0,0,8.075893,3.379628,0.000000,-90.000000,2035,False,False,False,False,False,False
2036,4,Tier 4 — Weak/single-signature,0,BRD-K93201660,ML-7,0.000000,28.208790,3.382664,3,0,0,10.530485,3.382664,0.000000,-90.000000,2036,False,False,False,False,False,False
2037,4,Tier 4 — Weak/single-signature,0,BRD-K54233340,dorsomorphin,0.000000,3.417900,27.376562,3,0,0,10.264821,3.417900,0.000000,-90.000000,2037,False,False,False,False,False,False
2038,4,Tier 4 — Weak/single-signature,0,BRD-A86109770,guggulsterone,0.775194,3.422931,11.156237,3,0,0,5.118121,3.422931,0.775194,-90.000000,2038,False,False,False,False,False,False
2039,4,Tier 4 — Weak/single-signature,0,BRD-A67479912,progesterone,0.000000,3.440414,4.584784,3,0,0,2.675066,3.440414,0.000000,-90.000000,2039,False,False,False,False,False,False
2040,4,Tier 4 — Weak/single-signature,0,BRD-A67552655,etomoxir,3.418792,5.601227,3.506003,3,0,0,4.175341,3.506003,3.418792,-90.000000,2040,False,False,False,False,False,False
2041,4,Tier 4 — Weak/single-signature,0,BRD-K92446736,zatebradine,3.521703,2.924595,4.912778,3,0,0,3.786359,3.521703,2.924595,-90.000000,2041,False,False,False,False,False,False
2042,4,Tier 4 — Weak/single-signature,0,BRD-A43150328,penicillic-acid,13.410781,3.594080,0.000000,3,0,0,5.668287,3.594080,0.000000,-90.000000,2042,False,False,False,False,False,False
2043,4,Tier 4 — Weak/single-signature,0,BRD-K91290917,amodiaquine,0.070472,4.577230,3.603576,3,0,0,2.750426,3.603576,0.070472,-90.000000,2043,False,False,False,False,False,False
2044,4,Tier 4 — Weak/single-signature,0,BRD-K50398167,meclofenamic-acid,0.000000,4.856342,3.663168,3,0,0,2.839837,3.663168,0.000000,-90.000000,2044,False,False,False,False,False,False
2045,4,Tier 4 — Weak/single-signature,0,BRD-K62200014,anagrelide,0.739958,14.577089,3.694279,3,0,0,6.337109,3.694279,0.739958,-90.000000,2045,False,False,False,False,False,False
2046,4,Tier 4 — Weak/single-signature,0,BRD-K58299615,Ro-90-7501,0.000000,3.697290,20.168285,3,0,0,7.955192,3.697290,0.000000,-90.000000,2046,False,False,False,False,False,False
2047,4,Tier 4 — Weak/single-signature,0,BRD-K04210847,tamoxifen,0.000000,17.207323,3.735025,3,0,0,6.980783,3.735025,0.000000,-90.000000,2047,False,False,False,False,False,False
2048,4,Tier 4 — Weak/single-signature,0,BRD-K12184470,flunarizine,0.000000,3.788417,6.060606,3,0,0,3.283008,3.788417,0.000000,-90.000000,2048,False,False,False,False,False,False
2049,4,Tier 4 — Weak/single-signature,0,BRD-A69470004,BRD-A69470004,3.805497,6.025370,0.000000,3,0,0,3.276956,3.805497,0.000000,-90.000000,2049,False,False,False,False,False,False
2050,4,Tier 4 — Weak/single-signature,0,BRD-K59469039,tyrphostin-AG-879,13.759688,3.805497,2.889359,3,0,0,6.818181,3.805497,2.889359,-90.000000,2050,False,False,False,False,False,False
2051,4,Tier 4 — Weak/single-signature,0,BRD-K36616567,doxepin,0.105708,3.836573,11.322802,3,0,0,5.088361,3.836573,0.105708,-90.000000,2051,False,False,False,False,False,False
2052,4,Tier 4 — Weak/single-signature,0,BRD-K73395020,ARP-101,1.973221,3.840733,24.047375,3,0,0,9.953776,3.840733,1.973221,-90.000000,2052,False,False,False,False,False,False
2053,4,Tier 4 — Weak/single-signature,0,BRD-K91442916,CAM-9-026,0.000000,8.998069,3.887070,3,0,0,4.295046,3.887070,0.000000,-90.000000,2053,False,False,False,False,False,False
2054,4,Tier 4 — Weak/single-signature,0,BRD-A47065382,huperzine-a,0.000000,3.911205,5.482964,3,0,0,3.131390,3.911205,0.000000,-90.000000,2054,False,False,False,False,False,False
2055,4,Tier 4 — Weak/single-signature,0,BRD-K41170226,deoxycholic-acid,0.000000,3.934824,4.481353,3,0,0,2.805392,3.934824,0.000000,-90.000000,2055,False,False,False,False,False,False
2056,4,Tier 4 — Weak/single-signature,0,BRD-A84702196,penicillin,4.016913,4.052149,2.292903,3,0,0,3.453989,4.016913,2.292903,-90.000000,2056,False,False,False,False,False,False
2057,4,Tier 4 — Weak/single-signature,0,BRD-K62012036,acitretin,2.078929,12.714885,4.052149,3,0,0,6.281988,4.052149,2.078929,-90.000000,2057,False,False,False,False,False,False
2058,4,Tier 4 — Weak/single-signature,0,BRD-A52172093,VU-0413807-2,7.710417,0.000000,4.157857,3,0,0,3.956091,4.157857,0.000000,-90.000000,2058,False,False,False,False,False,False
2059,4,Tier 4 — Weak/single-signature,0,BRD-K50938786,ropivacaine,0.493305,4.157857,14.694408,3,0,0,6.448524,4.157857,0.493305,-90.000000,2059,False,False,False,False,False,False
2060,4,Tier 4 — Weak/single-signature,0,BRD-K08206212,entecavir,4.180420,0.000000,18.067550,3,0,0,7.415990,4.180420,0.000000,-90.000000,2060,False,False,False,False,False,False
2061,4,Tier 4 — Weak/single-signature,0,BRD-K92093830,doxorubicin,0.000000,4.194358,28.594736,3,0,0,10.929698,4.194358,0.000000,-90.000000,2061,False,False,False,False,False,False
2062,4,Tier 4 — Weak/single-signature,0,BRD-K50495309,SRC-kinase-inhibitor-I,0.000000,4.263772,8.854163,3,0,0,4.372645,4.263772,0.000000,-90.000000,2062,False,False,False,False,False,False
2063,4,Tier 4 — Weak/single-signature,0,BRD-K51066026,aminoindazole,0.000000,4.298802,10.278231,3,0,0,4.859011,4.298802,0.000000,-90.000000,2063,False,False,False,False,False,False
2064,4,Tier 4 — Weak/single-signature,0,BRD-M40783228,mesna,4.298802,2.219873,69.192030,3,0,0,25.236902,4.298802,2.219873,-90.000000,2064,False,False,False,False,False,False
2065,4,Tier 4 — Weak/single-signature,0,BRD-A81233518,glycopyrrolate,1.726568,4.320306,9.764156,3,0,0,5.270343,4.320306,1.726568,-90.000000,2065,False,False,False,False,False,False
2066,4,Tier 4 — Weak/single-signature,0,BRD-K74402642,NSC-632839,4.406400,0.000000,35.107445,3,0,0,13.171282,4.406400,0.000000,-90.000000,2066,False,False,False,False,False,False
2067,4,Tier 4 — Weak/single-signature,0,BRD-A92537424,danazol,0.528541,4.502641,21.571112,3,0,0,8.867431,4.502641,0.528541,-90.000000,2067,False,False,False,False,False,False
2068,4,Tier 4 — Weak/single-signature,0,BRD-K07762753,aminopurvalanol-a,0.000000,4.545454,5.426357,3,0,0,3.323937,4.545454,0.000000,-90.000000,2068,False,False,False,False,False,False
2069,4,Tier 4 — Weak/single-signature,0,BRD-K63430059,methoxsalen,2.854123,4.545454,6.025370,3,0,0,4.474982,4.545454,2.854123,-90.000000,2069,False,False,False,False,False,False
2070,4,Tier 4 — Weak/single-signature,0,BRD-A41941932,vitexin,0.000000,4.549715,7.056826,3,0,0,3.868847,4.549715,0.000000,-90.000000,2070,False,False,False,False,False,False
2071,4,Tier 4 — Weak/single-signature,0,BRD-A93236127,digitoxin,5.038760,4.612554,0.000000,3,0,0,3.217105,4.612554,0.000000,-90.000000,2071,False,False,False,False,False,False
2072,4,Tier 4 — Weak/single-signature,0,BRD-K41410256,balsalazide,0.000000,4.615927,55.626130,3,0,0,20.080686,4.615927,0.000000,-90.000000,2072,False,False,False,False,False,False
2073,4,Tier 4 — Weak/single-signature,0,BRD-A55946879,BW-B70C,0.400949,4.615927,61.262020,3,0,0,22.092965,4.615927,0.400949,-90.000000,2073,False,False,False,False,False,False
2074,4,Tier 4 — Weak/single-signature,0,BRD-K11757396,BRD-K11757396,0.000000,4.651163,5.159797,3,0,0,3.270320,4.651163,0.000000,-90.000000,2074,False,False,False,False,False,False
2075,4,Tier 4 — Weak/single-signature,0,BRD-K20742498,RS-39604,0.000000,4.692663,9.818887,3,0,0,4.837183,4.692663,0.000000,-90.000000,2075,False,False,False,False,False,False
2076,4,Tier 4 — Weak/single-signature,0,BRD-A97035593,BRD-A97035593,0.000000,10.297086,4.706517,3,0,0,5.001201,4.706517,0.000000,-90.000000,2076,False,False,False,False,False,False
2077,4,Tier 4 — Weak/single-signature,0,BRD-K26015241,ODQ,0.000000,11.984414,4.721635,3,0,0,5.568683,4.721635,0.000000,-90.000000,2077,False,False,False,False,False,False
2078,4,Tier 4 — Weak/single-signature,0,BRD-K59456551,methotrexate,0.000000,8.526024,4.732151,3,0,0,4.419392,4.732151,0.000000,-90.000000,2078,False,False,False,False,False,False
2079,4,Tier 4 — Weak/single-signature,0,BRD-K96319534,phentermine,0.211417,11.453251,4.845601,3,0,0,5.503423,4.845601,0.211417,-90.000000,2079,False,False,False,False,False,False
2080,4,Tier 4 — Weak/single-signature,0,BRD-A15914070,4-hydroxy-2-nonenal,7.269294,4.888909,0.000000,3,0,0,4.052734,4.888909,0.000000,-90.000000,2080,False,False,False,False,False,False
2081,4,Tier 4 — Weak/single-signature,0,BRD-K36153907,KU-C103885,0.000000,27.461502,4.906114,3,0,0,10.789205,4.906114,0.000000,-90.000000,2081,False,False,False,False,False,False
2082,4,Tier 4 — Weak/single-signature,0,BRD-K92577649,GBR-13069,4.955063,4.265223,8.211285,3,0,0,5.810523,4.955063,4.265223,-90.000000,2082,False,False,False,False,False,False
2083,4,Tier 4 — Weak/single-signature,0,BRD-K33551950,radicicol,50.478798,0.000000,5.003524,3,0,0,18.494107,5.003524,0.000000,-90.000000,2083,False,False,False,False,False,False
2084,4,Tier 4 — Weak/single-signature,0,BRD-K36377456,marmesin,0.000000,5.054151,22.812720,3,0,0,9.288957,5.054151,0.000000,-90.000000,2084,False,False,False,False,False,False
2085,4,Tier 4 — Weak/single-signature,0,BRD-A20697603,thiostrepton,5.073996,31.253250,0.770990,3,0,0,12.366079,5.073996,0.770990,-90.000000,2085,False,False,False,False,False,False
2086,4,Tier 4 — Weak/single-signature,0,BRD-A91992993,siguazodan,1.311996,5.120987,13.606010,3,0,0,6.679664,5.120987,1.311996,-90.000000,2086,False,False,False,False,False,False
2087,4,Tier 4 — Weak/single-signature,0,BRD-K52751261,TAK-715,0.000000,12.309528,5.179704,3,0,0,5.829744,5.179704,0.000000,-90.000000,2087,False,False,False,False,False,False
2088,4,Tier 4 — Weak/single-signature,0,BRD-K83972459,JWE-035,0.000000,5.219556,19.319172,3,0,0,8.179576,5.219556,0.000000,-90.000000,2088,False,False,False,False,False,False
2089,4,Tier 4 — Weak/single-signature,0,BRD-K42635745,suloctidil,0.458069,10.055542,5.230939,3,0,0,5.248183,5.230939,0.458069,-90.000000,2089,False,False,False,False,False,False
2090,4,Tier 4 — Weak/single-signature,0,BRD-A26032986,zaldaride,0.281889,5.245803,10.970252,3,0,0,5.499315,5.245803,0.281889,-90.000000,2090,False,False,False,False,False,False
2091,4,Tier 4 — Weak/single-signature,0,BRD-A19374631,vinpocetine,0.000000,5.249682,6.355629,3,0,0,3.868437,5.249682,0.000000,-90.000000,2091,False,False,False,False,False,False
2092,4,Tier 4 — Weak/single-signature,0,BRD-K99749624,linifanib,0.000000,65.221210,5.260794,3,0,0,23.494001,5.260794,0.000000,-90.000000,2092,False,False,False,False,False,False
2093,4,Tier 4 — Weak/single-signature,0,BRD-K53263234,CITCO,2.290345,40.102585,5.263616,3,0,0,15.885515,5.263616,2.290345,-90.000000,2093,False,False,False,False,False,False
2094,4,Tier 4 — Weak/single-signature,0,BRD-K52394958,GR-159897,0.000000,5.273268,10.295852,3,0,0,5.189707,5.273268,0.000000,-90.000000,2094,False,False,False,False,False,False
2095,4,Tier 4 — Weak/single-signature,0,BRD-K79684402,Ro-10-5824,0.000000,5.285412,9.751098,3,0,0,5.012170,5.285412,0.000000,-90.000000,2095,False,False,False,False,False,False
2096,4,Tier 4 — Weak/single-signature,0,BRD-K78599730,manumycin-a,1.937984,5.331285,31.520851,3,0,0,12.930040,5.331285,1.937984,-90.000000,2096,False,False,False,False,False,False
2097,4,Tier 4 — Weak/single-signature,0,BRD-K19284129,salvinorin-a,0.000000,70.740135,5.355885,3,0,0,25.365340,5.355885,0.000000,-90.000000,2097,False,False,False,False,False,False
2098,4,Tier 4 — Weak/single-signature,0,BRD-A49447682,desoximetasone,0.000000,5.391120,6.633690,3,0,0,4.008270,5.391120,0.000000,-90.000000,2098,False,False,False,False,False,False
2099,4,Tier 4 — Weak/single-signature,0,BRD-K52172416,anastrozole,0.000000,5.391120,15.749781,3,0,0,7.046967,5.391120,0.000000,-90.000000,2099,False,False,False,False,False,False
2100,4,Tier 4 — Weak/single-signature,0,BRD-K81029756,diltiazem,0.000000,14.841866,5.461593,3,0,0,6.767820,5.461593,0.000000,-90.000000,2100,False,False,False,False,False,False
2101,4,Tier 4 — Weak/single-signature,0,BRD-A16332958,modafinil,0.000000,6.758771,5.496829,3,0,0,4.085200,5.496829,0.000000,-90.000000,2101,False,False,False,False,False,False
2102,4,Tier 4 — Weak/single-signature,0,BRD-K67868012,PI-103,0.000000,5.504835,8.629813,3,0,0,4.711549,5.504835,0.000000,-90.000000,2102,False,False,False,False,False,False
2103,4,Tier 4 — Weak/single-signature,0,BRD-A92161634,scopoline,0.000000,11.865200,5.519859,3,0,0,5.795020,5.519859,0.000000,-90.000000,2103,False,False,False,False,False,False
2104,4,Tier 4 — Weak/single-signature,0,BRD-A62057054,MDL-11939,0.000000,6.423689,5.526123,3,0,0,3.983271,5.526123,0.000000,-90.000000,2104,False,False,False,False,False,False
2105,4,Tier 4 — Weak/single-signature,0,BRD-K84937637,sirolimus,0.000000,5.549122,23.188276,3,0,0,9.579133,5.549122,0.000000,-90.000000,2105,False,False,False,False,False,False
2106,4,Tier 4 — Weak/single-signature,0,BRD-K02123250,JNJ-38877605,0.000000,28.097673,5.578377,3,0,0,11.225350,5.578377,0.000000,-90.000000,2106,False,False,False,False,False,False
2107,4,Tier 4 — Weak/single-signature,0,BRD-K87919739,tyrphostin-AG-825,0.000000,38.318466,5.678945,3,0,0,14.665804,5.678945,0.000000,-90.000000,2107,False,False,False,False,False,False
2108,4,Tier 4 — Weak/single-signature,0,BRD-A31374339,fludarabine,0.000000,5.692823,8.519609,3,0,0,4.737477,5.692823,0.000000,-90.000000,2108,False,False,False,False,False,False
2109,4,Tier 4 — Weak/single-signature,0,BRD-K37694030,doxepin,0.176180,26.801971,5.710279,3,0,0,10.896143,5.710279,0.176180,-90.000000,2109,False,False,False,False,False,False
2110,4,Tier 4 — Weak/single-signature,0,BRD-U66370498,androstanol,3.737334,21.792953,5.769768,3,0,0,10.433352,5.769768,3.737334,-90.000000,2110,False,False,False,False,False,False
2111,4,Tier 4 — Weak/single-signature,0,BRD-K53220666,trimetozine,0.000000,5.833966,10.595135,3,0,0,5.476367,5.833966,0.000000,-90.000000,2111,False,False,False,False,False,False
2112,4,Tier 4 — Weak/single-signature,0,BRD-A51410489,yohimbine,0.493305,5.852651,9.664948,3,0,0,5.336968,5.852651,0.493305,-90.000000,2112,False,False,False,False,False,False
2113,4,Tier 4 — Weak/single-signature,0,BRD-K97354755,SU-6656,0.000000,5.897069,51.657227,3,0,0,19.184766,5.897069,0.000000,-90.000000,2113,False,False,False,False,False,False
2114,4,Tier 4 — Weak/single-signature,0,BRD-A00546892,biperiden,0.027327,8.828795,5.906744,3,0,0,4.920955,5.906744,0.027327,-90.000000,2114,False,False,False,False,False,False
2115,4,Tier 4 — Weak/single-signature,0,BRD-K68997413,PF-3845,0.422833,5.918392,39.902653,3,0,0,15.414626,5.918392,0.422833,-90.000000,2115,False,False,False,False,False,False
2116,4,Tier 4 — Weak/single-signature,0,BRD-K16485616,mocetinostat,0.000000,6.765328,5.957757,3,0,0,4.241028,5.957757,0.000000,-90.000000,2116,False,False,False,False,False,False
2117,4,Tier 4 — Weak/single-signature,0,BRD-K46424862,hymecromone,0.000000,22.675072,5.968782,3,0,0,9.547951,5.968782,0.000000,-90.000000,2117,False,False,False,False,False,False
2118,4,Tier 4 — Weak/single-signature,0,BRD-A62525898,prednisone,0.458069,19.476194,5.982876,3,0,0,8.639046,5.982876,0.458069,-90.000000,2118,False,False,False,False,False,False
2119,4,Tier 4 — Weak/single-signature,0,BRD-K39356024,pregnenolone,0.000000,6.087027,11.961181,3,0,0,6.016069,6.087027,0.000000,-90.000000,2119,False,False,False,False,False,False
2120,4,Tier 4 — Weak/single-signature,0,BRD-K54759182,dosulepin,0.000000,6.918182,6.153032,3,0,0,4.357071,6.153032,0.000000,-90.000000,2120,False,False,False,False,False,False
2121,4,Tier 4 — Weak/single-signature,0,BRD-A53107311,BRD-A53107311,0.000000,6.201550,30.186543,3,0,0,12.129364,6.201550,0.000000,-90.000000,2121,False,False,False,False,False,False
2122,4,Tier 4 — Weak/single-signature,0,BRD-K51805276,temefos,0.000000,6.221789,9.433230,3,0,0,5.218340,6.221789,0.000000,-90.000000,2122,False,False,False,False,False,False
2123,4,Tier 4 — Weak/single-signature,0,BRD-K41567364,SB-334867,1.268499,33.532898,6.252899,3,0,0,13.684765,6.252899,1.268499,-90.000000,2123,False,False,False,False,False,False
2124,4,Tier 4 — Weak/single-signature,0,BRD-A18279961,BRD-A18279961,6.308103,4.157857,29.655003,3,0,0,13.373654,6.308103,4.157857,-90.000000,2124,False,False,False,False,False,False
2125,4,Tier 4 — Weak/single-signature,0,BRD-K65503129,CCT-018159,0.000000,8.788183,6.333356,3,0,0,5.040513,6.333356,0.000000,-90.000000,2125,False,False,False,False,False,False
2126,4,Tier 4 — Weak/single-signature,0,BRD-A86044036,flurbiprofen-(+/-),2.184637,6.342494,22.076534,3,0,0,10.201222,6.342494,2.184637,-90.000000,2126,False,False,False,False,False,False
2127,4,Tier 4 — Weak/single-signature,0,BRD-K06388322,pramipexole,0.000000,6.354453,6.468872,3,0,0,4.274442,6.354453,0.000000,-90.000000,2127,False,False,False,False,False,False
2128,4,Tier 4 — Weak/single-signature,0,BRD-K56957086,dacinostat,0.211417,35.744330,6.380984,3,0,0,14.112243,6.380984,0.211417,-90.000000,2128,False,False,False,False,False,False
2129,4,Tier 4 — Weak/single-signature,0,BRD-K43245338,MDL-28170,0.000000,6.444757,10.221064,3,0,0,5.555274,6.444757,0.000000,-90.000000,2129,False,False,False,False,False,False
2130,4,Tier 4 — Weak/single-signature,0,BRD-A73929928,BRD-A73929928,0.528541,6.520976,16.917522,3,0,0,7.989013,6.520976,0.528541,-90.000000,2130,False,False,False,False,False,False
2131,4,Tier 4 — Weak/single-signature,0,BRD-K29173907,isoflupredone-acetate,0.000000,6.557756,11.169838,3,0,0,5.909198,6.557756,0.000000,-90.000000,2131,False,False,False,False,False,False
2132,4,Tier 4 — Weak/single-signature,0,BRD-K81521265,dicyclohexylurea,0.000000,14.822517,6.569241,3,0,0,7.130586,6.569241,0.000000,-90.000000,2132,False,False,False,False,False,False
2133,4,Tier 4 — Weak/single-signature,0,BRD-K98824517,BRD-K98824517,6.624383,53.335857,0.000000,3,0,0,19.986747,6.624383,0.000000,-90.000000,2133,False,False,False,False,False,False
2134,4,Tier 4 — Weak/single-signature,0,BRD-K99946902,hexylresorcinol,0.000000,6.642098,10.408210,3,0,0,5.683436,6.642098,0.000000,-90.000000,2134,False,False,False,False,False,False
2135,4,Tier 4 — Weak/single-signature,0,BRD-K43736954,cortisone,0.692258,6.654918,35.193195,3,0,0,14.180123,6.654918,0.692258,-90.000000,2135,False,False,False,False,False,False
2136,4,Tier 4 — Weak/single-signature,0,BRD-A64228451,terreic-acid-(-),1.162791,6.701628,9.233387,3,0,0,5.699268,6.701628,1.162791,-90.000000,2136,False,False,False,False,False,False
2137,4,Tier 4 — Weak/single-signature,0,BRD-A71459254,cymarin,2.255109,6.781769,8.069063,3,0,0,5.701980,6.781769,2.255109,-90.000000,2137,False,False,False,False,False,False
2138,4,Tier 4 — Weak/single-signature,0,BRD-K24681473,YM-155,0.000000,46.765990,6.785016,3,0,0,17.850335,6.785016,0.000000,-90.000000,2138,False,False,False,False,False,False
2139,4,Tier 4 — Weak/single-signature,0,BRD-K09537769,NU-7026,0.528541,16.836557,6.800564,3,0,0,8.055221,6.800564,0.528541,-90.000000,2139,False,False,False,False,False,False
2140,4,Tier 4 — Weak/single-signature,0,BRD-A98299281,"hydroxytacrine-maleate-(r,s)",5.352344,57.408836,6.805775,3,0,0,23.188985,6.805775,5.352344,-90.000000,2140,False,False,False,False,False,False
2141,4,Tier 4 — Weak/single-signature,0,BRD-K32318651,acyclovir,1.444679,6.906272,6.847002,3,0,0,5.065984,6.847002,1.444679,-90.000000,2141,False,False,False,False,False,False
2142,4,Tier 4 — Weak/single-signature,0,BRD-K76698671,HNHA,0.000000,41.913692,6.872335,3,0,0,16.262009,6.872335,0.000000,-90.000000,2142,False,False,False,False,False,False
2143,4,Tier 4 — Weak/single-signature,0,BRD-A16700644,isoxsuprine,26.346317,1.092318,6.906272,3,0,0,11.448302,6.906272,1.092318,-90.000000,2143,False,False,False,False,False,False
2144,4,Tier 4 — Weak/single-signature,0,BRD-A01317026,"7,8-dihydro-L-biopterin",0.000000,6.976744,51.080055,3,0,0,19.352266,6.976744,0.000000,-90.000000,2144,False,False,False,False,False,False
2145,4,Tier 4 — Weak/single-signature,0,BRD-A48257147,PHCCC,0.000000,7.011980,35.563725,3,0,0,14.191902,7.011980,0.000000,-90.000000,2145,False,False,False,False,False,False
2146,4,Tier 4 — Weak/single-signature,0,BRD-K67277431,picotamide,7.045482,1.268499,69.012886,3,0,0,25.775622,7.045482,1.268499,-90.000000,2146,False,False,False,False,False,False
2147,4,Tier 4 — Weak/single-signature,0,BRD-K63641886,cefuroxime,0.000000,9.550159,7.082452,3,0,0,5.544204,7.082452,0.000000,-90.000000,2147,False,False,False,False,False,False
2148,4,Tier 4 — Weak/single-signature,0,BRD-A43940795,tetrahydropalmatine,2.691380,11.024061,7.109748,3,0,0,6.941730,7.109748,2.691380,-90.000000,2148,False,False,False,False,False,False
2149,4,Tier 4 — Weak/single-signature,0,BRD-K83794624,pirarubicin,0.000000,13.143059,7.152623,3,0,0,6.765227,7.152623,0.000000,-90.000000,2149,False,False,False,False,False,False
2150,4,Tier 4 — Weak/single-signature,0,BRD-K83637872,SANT-1,0.000000,7.699501,7.266215,3,0,0,4.988572,7.266215,0.000000,-90.000000,2150,False,False,False,False,False,False
2151,4,Tier 4 — Weak/single-signature,0,BRD-A28105619,cucurbitacin-i,0.810430,7.306090,46.053097,3,0,0,18.056539,7.306090,0.810430,-90.000000,2151,False,False,False,False,False,False
2152,4,Tier 4 — Weak/single-signature,0,BRD-A09828896,SKF-81297,0.000000,7.307306,12.476924,3,0,0,6.594743,7.307306,0.000000,-90.000000,2152,False,False,False,False,False,False
2153,4,Tier 4 — Weak/single-signature,0,BRD-K72676686,fluvoxamine,0.000000,30.767740,7.323392,3,0,0,12.697044,7.323392,0.000000,-90.000000,2153,False,False,False,False,False,False
2154,4,Tier 4 — Weak/single-signature,0,BRD-A11990600,lorazepam,0.581763,7.353171,17.351986,3,0,0,8.428973,7.353171,0.581763,-90.000000,2154,False,False,False,False,False,False
2155,4,Tier 4 — Weak/single-signature,0,BRD-K59574735,ubenimex,0.000000,14.808067,7.417504,3,0,0,7.408524,7.417504,0.000000,-90.000000,2155,False,False,False,False,False,False
2156,4,Tier 4 — Weak/single-signature,0,BRD-K60160658,tiagabine,0.000000,7.470049,26.866642,3,0,0,11.445564,7.470049,0.000000,-90.000000,2156,False,False,False,False,False,False
2157,4,Tier 4 — Weak/single-signature,0,BRD-K66353228,zoxazolamine,0.000000,16.430454,7.551014,3,0,0,7.993823,7.551014,0.000000,-90.000000,2157,False,False,False,False,False,False
2158,4,Tier 4 — Weak/single-signature,0,BRD-A64290322,cyclosporin-a,0.000000,7.581617,18.458120,3,0,0,8.679912,7.581617,0.000000,-90.000000,2158,False,False,False,False,False,False
2159,4,Tier 4 — Weak/single-signature,0,BRD-K91699951,benzonatate,0.000000,22.151047,7.596549,3,0,0,9.915865,7.596549,0.000000,-90.000000,2159,False,False,False,False,False,False
2160,4,Tier 4 — Weak/single-signature,0,BRD-K07736136,VX-702,0.000000,7.625562,10.217174,3,0,0,5.947579,7.625562,0.000000,-90.000000,2160,False,False,False,False,False,False
2161,4,Tier 4 — Weak/single-signature,0,BRD-K15592317,CP-466722,0.000000,7.691803,17.729229,3,0,0,8.473677,7.691803,0.000000,-90.000000,2161,False,False,False,False,False,False
2162,4,Tier 4 — Weak/single-signature,0,BRD-K72703948,ZM-447439,0.000000,7.733983,67.938255,3,0,0,25.224079,7.733983,0.000000,-90.000000,2162,False,False,False,False,False,False
2163,4,Tier 4 — Weak/single-signature,0,BRD-K47936004,piribedil,0.022506,7.766501,29.173136,3,0,0,12.320714,7.766501,0.022506,-90.000000,2163,False,False,False,False,False,False
2164,4,Tier 4 — Weak/single-signature,0,BRD-K86161929,cortisone,0.000000,7.820516,35.366722,3,0,0,14.395746,7.820516,0.000000,-90.000000,2164,False,False,False,False,False,False
2165,4,Tier 4 — Weak/single-signature,0,BRD-A69927616,isradipine,0.000000,10.918882,7.822410,3,0,0,6.247097,7.822410,0.000000,-90.000000,2165,False,False,False,False,False,False
2166,4,Tier 4 — Weak/single-signature,0,BRD-A25067867,benzatropine,4.439746,7.827487,20.663950,3,0,0,10.977061,7.827487,4.439746,-90.000000,2166,False,False,False,False,False,False
2167,4,Tier 4 — Weak/single-signature,0,BRD-K52850071,WHI-P154,0.000000,23.437778,7.827750,3,0,0,10.421843,7.827750,0.000000,-90.000000,2167,False,False,False,False,False,False
2168,4,Tier 4 — Weak/single-signature,0,BRD-K10995081,perphenazine,0.105708,19.002620,7.900416,3,0,0,9.002915,7.900416,0.105708,-90.000000,2168,False,False,False,False,False,False
2169,4,Tier 4 — Weak/single-signature,0,BRD-K22503835,scriptaid,0.000000,25.966024,7.966460,3,0,0,11.310828,7.966460,0.000000,-90.000000,2169,False,False,False,False,False,False
2170,4,Tier 4 — Weak/single-signature,0,BRD-K92723993,imatinib,7.988336,15.436110,1.797040,3,0,0,8.407162,7.988336,1.797040,-90.000000,2170,False,False,False,False,False,False
2171,4,Tier 4 — Weak/single-signature,0,BRD-K49372556,mofezolac,0.000000,8.020924,16.293716,3,0,0,8.104880,8.020924,0.000000,-90.000000,2171,False,False,False,False,False,False
2172,4,Tier 4 — Weak/single-signature,0,BRD-A91452556,estradiol-cypionate,0.023746,8.040208,15.364005,3,0,0,7.809320,8.040208,0.023746,-90.000000,2172,False,False,False,False,False,False
2173,4,Tier 4 — Weak/single-signature,0,BRD-A18917088,estradiol,10.325998,8.096060,0.352361,3,0,0,6.258140,8.096060,0.352361,-90.000000,2173,False,False,False,False,False,False
2174,4,Tier 4 — Weak/single-signature,0,BRD-A26711594,nicardipine,0.035236,8.103273,42.397530,3,0,0,16.845346,8.103273,0.035236,-90.000000,2174,False,False,False,False,False,False
2175,4,Tier 4 — Weak/single-signature,0,BRD-K74305673,IKK-2-inhibitor-V,6.236786,8.139535,72.343580,3,0,0,28.906634,8.139535,6.236786,-90.000000,2175,False,False,False,False,False,False
2176,4,Tier 4 — Weak/single-signature,0,BRD-K67637637,olopatadine,0.000000,8.163357,15.416548,3,0,0,7.859968,8.163357,0.000000,-90.000000,2176,False,False,False,False,False,False
2177,4,Tier 4 — Weak/single-signature,0,BRD-A80213327,NSC-23766,2.501762,8.184715,27.918610,3,0,0,12.868362,8.184715,2.501762,-90.000000,2177,False,False,False,False,False,False
2178,4,Tier 4 — Weak/single-signature,0,BRD-K15409150,penfluridol,8.210261,5.179704,46.675278,3,0,0,20.021748,8.210261,5.179704,-90.000000,2178,False,False,False,False,False,False
2179,4,Tier 4 — Weak/single-signature,0,BRD-K54411430,robustic-acid,0.000000,8.266013,8.967132,3,0,0,5.744382,8.266013,0.000000,-90.000000,2179,False,False,False,False,False,False
2180,4,Tier 4 — Weak/single-signature,0,BRD-A50675702,fipronil,2.325581,8.321911,10.486761,3,0,0,7.044751,8.321911,2.325581,-90.000000,2180,False,False,False,False,False,False
2181,4,Tier 4 — Weak/single-signature,0,BRD-A60294240,tribenoside,0.000000,8.330930,18.722786,3,0,0,9.017905,8.330930,0.000000,-90.000000,2181,False,False,False,False,False,False
2182,4,Tier 4 — Weak/single-signature,0,BRD-A62336480,niguldipine,0.000000,15.248781,8.331911,3,0,0,7.860231,8.331911,0.000000,-90.000000,2182,False,False,False,False,False,False
2183,4,Tier 4 — Weak/single-signature,0,BRD-K73709114,BRD-K73709114,0.563777,28.895605,8.334577,3,0,0,12.597986,8.334577,0.563777,-90.000000,2183,False,False,False,False,False,False
2184,4,Tier 4 — Weak/single-signature,0,BRD-K76304753,phenazopyridine,1.550388,9.151974,8.402851,3,0,0,6.368404,8.402851,1.550388,-90.000000,2184,False,False,False,False,False,False
2185,4,Tier 4 — Weak/single-signature,0,BRD-K63550407,erythromycin,0.000000,8.407635,10.152010,3,0,0,6.186548,8.407635,0.000000,-90.000000,2185,False,False,False,False,False,False
2186,4,Tier 4 — Weak/single-signature,0,BRD-K37792168,denbufylline,0.000000,12.144382,8.435085,3,0,0,6.859822,8.435085,0.000000,-90.000000,2186,False,False,False,False,False,False
2187,4,Tier 4 — Weak/single-signature,0,BRD-A16820783,BRD-A16820783,2.123916,8.442030,25.705780,3,0,0,12.090575,8.442030,2.123916,-90.000000,2187,False,False,False,False,False,False
2188,4,Tier 4 — Weak/single-signature,0,BRD-K49945136,GR-113808,0.000000,10.812928,8.467024,3,0,0,6.426651,8.467024,0.000000,-90.000000,2188,False,False,False,False,False,False
2189,4,Tier 4 — Weak/single-signature,0,BRD-A01643550,prednisolone-acetate,1.902748,16.167042,8.469791,3,0,0,8.846527,8.469791,1.902748,-90.000000,2189,False,False,False,False,False,False
2190,4,Tier 4 — Weak/single-signature,0,BRD-K34685430,methylergometrine,0.000000,8.494244,17.462566,3,0,0,8.652270,8.494244,0.000000,-90.000000,2190,False,False,False,False,False,False
2191,4,Tier 4 — Weak/single-signature,0,BRD-K39670393,amthamine,0.000000,8.520301,14.591332,3,0,0,7.703877,8.520301,0.000000,-90.000000,2191,False,False,False,False,False,False
2192,4,Tier 4 — Weak/single-signature,0,BRD-A45498368,WYE-125132,12.162828,8.555202,0.000000,3,0,0,6.906010,8.555202,0.000000,-90.000000,2192,False,False,False,False,False,False
2193,4,Tier 4 — Weak/single-signature,0,BRD-A02367930,ethinyl-estradiol,0.986610,8.577066,18.735981,3,0,0,9.433219,8.577066,0.986610,-90.000000,2193,False,False,False,False,False,False
2194,4,Tier 4 — Weak/single-signature,0,BRD-K20655524,mefexamide,8.585411,2.325581,75.600550,3,0,0,28.837181,8.585411,2.325581,-90.000000,2194,False,False,False,False,False,False
2195,4,Tier 4 — Weak/single-signature,0,BRD-A28422330,BRD-A28422330,0.845666,31.278278,8.660421,3,0,0,13.594788,8.660421,0.845666,-90.000000,2195,False,False,False,False,False,False
2196,4,Tier 4 — Weak/single-signature,0,BRD-K47448802,BRD-K47448802,0.000000,8.688004,22.311932,3,0,0,10.333312,8.688004,0.000000,-90.000000,2196,False,False,False,False,False,False
2197,4,Tier 4 — Weak/single-signature,0,BRD-K56700933,phenethyl-isothiocyanate,8.907646,2.854123,12.634958,3,0,0,8.132242,8.907646,2.854123,-90.000000,2197,False,False,False,False,False,False
2198,4,Tier 4 — Weak/single-signature,0,BRD-K50891186,GR-103691,1.585624,11.304185,8.974190,3,0,0,7.288000,8.974190,1.585624,-90.000000,2198,False,False,False,False,False,False
2199,4,Tier 4 — Weak/single-signature,0,BRD-K37080523,isoreserpine,0.000000,8.974730,18.473950,3,0,0,9.149560,8.974730,0.000000,-90.000000,2199,False,False,False,False,False,False
2200,4,Tier 4 — Weak/single-signature,0,BRD-K61401890,deguelin,0.000000,9.155430,30.846525,3,0,0,13.333985,9.155430,0.000000,-90.000000,2200,False,False,False,False,False,False
2201,4,Tier 4 — Weak/single-signature,0,BRD-K15196155,IBC-293,0.000000,9.174744,21.811392,3,0,0,10.328712,9.174744,0.000000,-90.000000,2201,False,False,False,False,False,False
2202,4,Tier 4 — Weak/single-signature,0,BRD-K44067360,flufenamic-acid,3.382664,68.269775,9.196617,3,0,0,26.949685,9.196617,3.382664,-90.000000,2202,False,False,False,False,False,False
2203,4,Tier 4 — Weak/single-signature,0,BRD-K05977355,fluconazole,0.176180,9.274193,10.009171,3,0,0,6.486515,9.274193,0.176180,-90.000000,2203,False,False,False,False,False,False
2204,4,Tier 4 — Weak/single-signature,0,BRD-A04756508,norgestimate,0.000000,9.274813,15.978270,3,0,0,8.417694,9.274813,0.000000,-90.000000,2204,False,False,False,False,False,False
2205,4,Tier 4 — Weak/single-signature,0,BRD-K50168500,canertinib,9.334893,45.033340,0.000000,3,0,0,18.122744,9.334893,0.000000,-90.000000,2205,False,False,False,False,False,False
2206,4,Tier 4 — Weak/single-signature,0,BRD-K49049886,CGS-15943,0.176180,9.350251,29.405600,3,0,0,12.977344,9.350251,0.176180,-90.000000,2206,False,False,False,False,False,False
2207,4,Tier 4 — Weak/single-signature,0,BRD-A95096829,PNU-96415E,0.000000,10.939663,9.431959,3,0,0,6.790541,9.431959,0.000000,-90.000000,2207,False,False,False,False,False,False
2208,4,Tier 4 — Weak/single-signature,0,BRD-K57954781,BRD-K57954781,0.000000,9.443270,9.760395,3,0,0,6.401222,9.443270,0.000000,-90.000000,2208,False,False,False,False,False,False
2209,4,Tier 4 — Weak/single-signature,0,BRD-K86595100,chlordiazepoxide,0.000000,11.592670,9.450314,3,0,0,7.014328,9.450314,0.000000,-90.000000,2209,False,False,False,False,False,False
2210,4,Tier 4 — Weak/single-signature,0,BRD-K86509404,iso-olomoucine,1.973221,18.083065,9.471339,3,0,0,9.842542,9.471339,1.973221,-90.000000,2210,False,False,False,False,False,False
2211,4,Tier 4 — Weak/single-signature,0,BRD-K20197062,SA-94315,0.000000,9.507614,12.001201,3,0,0,7.169605,9.507614,0.000000,-90.000000,2211,False,False,False,False,False,False
2212,4,Tier 4 — Weak/single-signature,0,BRD-K59332007,linopirdine,0.000000,9.515232,14.303114,3,0,0,7.939449,9.515232,0.000000,-90.000000,2212,False,False,False,False,False,False
2213,4,Tier 4 — Weak/single-signature,0,BRD-K15025317,BAY-11-7082,0.528541,9.516499,18.015219,3,0,0,9.353420,9.516499,0.528541,-90.000000,2213,False,False,False,False,False,False
2214,4,Tier 4 — Weak/single-signature,0,BRD-K30064966,BRD-K30064966,0.528541,39.031654,9.525723,3,0,0,16.361973,9.525723,0.528541,-90.000000,2214,False,False,False,False,False,False
2215,4,Tier 4 — Weak/single-signature,0,BRD-A37541666,naloxone,0.000000,9.654686,20.003086,3,0,0,9.885924,9.654686,0.000000,-90.000000,2215,False,False,False,False,False,False
2216,4,Tier 4 — Weak/single-signature,0,BRD-A71799696,BH3I-1,9.790655,13.727761,6.606406,3,0,0,10.041607,9.790655,6.606406,-90.000000,2216,False,False,False,False,False,False
2217,4,Tier 4 — Weak/single-signature,0,BRD-K05434375,HA-1004,0.000000,9.796562,22.410633,3,0,0,10.735732,9.796562,0.000000,-90.000000,2217,False,False,False,False,False,False
2218,4,Tier 4 — Weak/single-signature,0,BRD-A82656074,naltrindole,0.000000,33.107500,9.800674,3,0,0,14.302725,9.800674,0.000000,-90.000000,2218,False,False,False,False,False,False
2219,4,Tier 4 — Weak/single-signature,0,BRD-K73196317,urapidil,0.246653,9.824602,18.610956,3,0,0,9.560737,9.824602,0.246653,-90.000000,2219,False,False,False,False,False,False
2220,4,Tier 4 — Weak/single-signature,0,BRD-K17953061,staurosporine,0.000000,9.846878,17.936674,3,0,0,9.261184,9.846878,0.000000,-90.000000,2220,False,False,False,False,False,False
2221,4,Tier 4 — Weak/single-signature,0,BRD-K69608737,tacrolimus,0.951374,9.900826,13.785427,3,0,0,8.212542,9.900826,0.951374,-90.000000,2221,False,False,False,False,False,False
2222,4,Tier 4 — Weak/single-signature,0,BRD-A03323675,ritonavir,0.000000,9.922263,10.163307,3,0,0,6.695190,9.922263,0.000000,-90.000000,2222,False,False,False,False,False,False
2223,4,Tier 4 — Weak/single-signature,0,BRD-K91509126,piceatannol,0.176180,9.983641,9.936575,3,0,0,6.698799,9.936575,0.176180,-90.000000,2223,False,False,False,False,False,False
2224,4,Tier 4 — Weak/single-signature,0,BRD-A30205217,ethotoin,0.000000,9.992527,21.222618,3,0,0,10.405048,9.992527,0.000000,-90.000000,2224,False,False,False,False,False,False
2225,4,Tier 4 — Weak/single-signature,0,BRD-K94512704,spiramide,10.002397,27.206840,7.567044,3,0,0,14.925427,10.002397,7.567044,-90.000000,2225,False,False,False,False,False,False
2226,4,Tier 4 — Weak/single-signature,0,BRD-K95676198,JAK3-inhibitor-V,0.000000,10.017557,50.492440,3,0,0,20.169999,10.017557,0.000000,-90.000000,2226,False,False,False,False,False,False
2227,4,Tier 4 — Weak/single-signature,0,BRD-K56800335,guanabenz,62.721620,10.055767,6.736683,3,0,0,26.504690,10.055767,6.736683,-90.000000,2227,False,False,False,False,False,False
2228,4,Tier 4 — Weak/single-signature,0,BRD-A11678676,wortmannin,0.140944,10.106485,17.472982,3,0,0,9.240137,10.106485,0.140944,-90.000000,2228,False,False,False,False,False,False
2229,4,Tier 4 — Weak/single-signature,0,BRD-K68407802,KIN001-055,10.139100,30.685087,10.045590,3,0,0,16.956592,10.139100,10.045590,-90.000000,2229,False,False,False,False,False,False
2230,4,Tier 4 — Weak/single-signature,0,BRD-K89930444,AG-592,25.418110,2.796832,10.199604,3,0,0,12.804849,10.199604,2.796832,-90.000000,2230,False,False,False,False,False,False
2231,4,Tier 4 — Weak/single-signature,0,BRD-K56115039,BU-226,0.880902,15.208289,10.217274,3,0,0,8.768822,10.217274,0.880902,-90.000000,2231,False,False,False,False,False,False
2232,4,Tier 4 — Weak/single-signature,0,BRD-K40902647,vincamine,0.000000,10.232946,65.171730,3,0,0,25.134892,10.232946,0.000000,-90.000000,2232,False,False,False,False,False,False
2233,4,Tier 4 — Weak/single-signature,0,BRD-K14844937,BRD-K14844937,0.000000,48.228910,10.255050,3,0,0,19.494653,10.255050,0.000000,-90.000000,2233,False,False,False,False,False,False
2234,4,Tier 4 — Weak/single-signature,0,BRD-K63068307,ZSTK-474,2.709104,21.430270,10.285748,3,0,0,11.475041,10.285748,2.709104,-90.000000,2234,False,False,False,False,False,False
2235,4,Tier 4 — Weak/single-signature,0,BRD-K68783079,BRD-K68783079,0.000000,10.398253,10.676533,3,0,0,7.024929,10.398253,0.000000,-90.000000,2235,False,False,False,False,False,False
2236,4,Tier 4 — Weak/single-signature,0,BRD-K45435259,SCH-23390,0.000000,14.563230,10.399864,3,0,0,8.321031,10.399864,0.000000,-90.000000,2236,False,False,False,False,False,False
2237,4,Tier 4 — Weak/single-signature,0,BRD-A21858158,praziquantel,0.000000,10.407311,23.162243,3,0,0,11.189851,10.407311,0.000000,-90.000000,2237,False,False,False,False,False,False
2238,4,Tier 4 — Weak/single-signature,0,BRD-K31843556,T-0070907,1.185705,10.493803,11.813171,3,0,0,7.830893,10.493803,1.185705,-90.000000,2238,False,False,False,False,False,False
2239,4,Tier 4 — Weak/single-signature,0,BRD-K04412738,tramadol,2.466526,10.500352,13.541580,3,0,0,8.836153,10.500352,2.466526,-90.000000,2239,False,False,False,False,False,False
2240,4,Tier 4 — Weak/single-signature,0,BRD-K18518344,digitoxigenin,4.744958,10.503897,14.763021,3,0,0,10.003959,10.503897,4.744958,-90.000000,2240,False,False,False,False,False,False
2241,4,Tier 4 — Weak/single-signature,0,BRD-A10903566,imiloxan,0.000000,11.013906,10.519499,3,0,0,7.177802,10.519499,0.000000,-90.000000,2241,False,False,False,False,False,False
2242,4,Tier 4 — Weak/single-signature,0,BRD-K71266197,PSB-06126,0.000000,10.570825,13.319239,3,0,0,7.963355,10.570825,0.000000,-90.000000,2242,False,False,False,False,False,False
2243,4,Tier 4 — Weak/single-signature,0,BRD-K31912990,CGP-71683,19.298763,10.294349,10.572676,3,0,0,13.388596,10.572676,10.294349,-90.000000,2243,False,False,False,False,False,False
2244,4,Tier 4 — Weak/single-signature,0,BRD-A01593789,chlormadinone-acetate,3.594080,45.785065,10.611432,3,0,0,19.996859,10.611432,3.594080,-90.000000,2244,False,False,False,False,False,False
2245,4,Tier 4 — Weak/single-signature,0,BRD-A04308630,genipin,0.000000,10.763468,11.544519,3,0,0,7.435996,10.763468,0.000000,-90.000000,2245,False,False,False,False,False,False
2246,4,Tier 4 — Weak/single-signature,0,BRD-A61470182,N-formylmethionylalanine,0.000000,12.796727,10.774214,3,0,0,7.856980,10.774214,0.000000,-90.000000,2246,False,False,False,False,False,False
2247,4,Tier 4 — Weak/single-signature,0,BRD-K74112339,acetohydroxamic-acid,17.530846,7.076483,10.812138,3,0,0,11.806489,10.812138,7.076483,-90.000000,2247,False,False,False,False,False,False
2248,4,Tier 4 — Weak/single-signature,0,BRD-A68589262,troxipide,2.854547,17.465422,10.888752,3,0,0,10.402907,10.888752,2.854547,-90.000000,2248,False,False,False,False,False,False
2249,4,Tier 4 — Weak/single-signature,0,BRD-A26334849,propafenone,0.317125,10.894638,17.444935,3,0,0,9.552233,10.894638,0.317125,-90.000000,2249,False,False,False,False,False,False
2250,4,Tier 4 — Weak/single-signature,0,BRD-A67433117,NCS-382,8.415266,18.069992,10.947028,3,0,0,12.477429,10.947028,8.415266,-90.000000,2250,False,False,False,False,False,False
2251,4,Tier 4 — Weak/single-signature,0,BRD-A28746609,paclitaxel,0.528541,11.114146,55.251007,3,0,0,22.297898,11.114146,0.528541,-90.000000,2251,False,False,False,False,False,False
2252,4,Tier 4 — Weak/single-signature,0,BRD-K85015012,NNC-05-2090,2.114165,28.766262,11.149490,3,0,0,14.009972,11.149490,2.114165,-90.000000,2252,False,False,False,False,False,False
2253,4,Tier 4 — Weak/single-signature,0,BRD-K01292756,pimozide,1.374207,37.293300,11.167043,3,0,0,16.611517,11.167043,1.374207,-90.000000,2253,False,False,False,False,False,False
2254,4,Tier 4 — Weak/single-signature,0,BRD-K04389336,labetalol,0.000000,12.329595,11.238604,3,0,0,7.856066,11.238604,0.000000,-90.000000,2254,False,False,False,False,False,False
2255,4,Tier 4 — Weak/single-signature,0,BRD-A64933752,CV-1808,4.426875,35.901352,11.297619,3,0,0,17.208615,11.297619,4.426875,-90.000000,2255,False,False,False,False,False,False
2256,4,Tier 4 — Weak/single-signature,0,BRD-A72066420,mifobate,43.540590,11.324854,10.861681,3,0,0,21.909042,11.324854,10.861681,-90.000000,2256,False,False,False,False,False,False
2257,4,Tier 4 — Weak/single-signature,0,BRD-A10969569,ambelline,0.000000,38.966390,11.330087,3,0,0,16.765492,11.330087,0.000000,-90.000000,2257,False,False,False,False,False,False
2258,4,Tier 4 — Weak/single-signature,0,BRD-K93441486,diphemanil,0.246653,11.337261,15.227807,3,0,0,8.937240,11.337261,0.246653,-90.000000,2258,False,False,False,False,False,False
2259,4,Tier 4 — Weak/single-signature,0,BRD-A55369275,CGP-54626,2.607470,11.415748,58.373910,3,0,0,24.132376,11.415748,2.607470,-90.000000,2259,False,False,False,False,False,False
2260,4,Tier 4 — Weak/single-signature,0,BRD-K02227374,milnacipran,0.916138,11.423858,14.565800,3,0,0,8.968599,11.423858,0.916138,-90.000000,2260,False,False,False,False,False,False
2261,4,Tier 4 — Weak/single-signature,0,BRD-K72029282,probucol,0.000000,15.732310,11.457611,3,0,0,9.063307,11.457611,0.000000,-90.000000,2261,False,False,False,False,False,False
2262,4,Tier 4 — Weak/single-signature,0,BRD-K02404261,caffeine,1.691332,39.631496,11.526891,3,0,0,17.616573,11.526891,1.691332,-90.000000,2262,False,False,False,False,False,False
2263,4,Tier 4 — Weak/single-signature,0,BRD-K66296774,fluvastatin,0.000000,47.282696,11.614955,3,0,0,19.632550,11.614955,0.000000,-90.000000,2263,False,False,False,False,False,False
2264,4,Tier 4 — Weak/single-signature,0,BRD-A94709349,metaxalone,0.000000,42.635960,11.681047,3,0,0,18.105669,11.681047,0.000000,-90.000000,2264,False,False,False,False,False,False
2265,4,Tier 4 — Weak/single-signature,0,BRD-K94689771,pinocembrin,0.000000,11.710216,32.775505,3,0,0,14.828574,11.710216,0.000000,-90.000000,2265,False,False,False,False,False,False
2266,4,Tier 4 — Weak/single-signature,0,BRD-A68723818,brompheniramine,3.323206,15.785031,11.779338,3,0,0,10.295858,11.779338,3.323206,-90.000000,2266,False,False,False,False,False,False
2267,4,Tier 4 — Weak/single-signature,0,BRD-K42452249,EO-1428,0.000000,11.965945,21.055408,3,0,0,11.007118,11.965945,0.000000,-90.000000,2267,False,False,False,False,False,False
2268,4,Tier 4 — Weak/single-signature,0,BRD-A87848830,bimatoprost,0.000000,12.022827,26.398552,3,0,0,12.807126,12.022827,0.000000,-90.000000,2268,False,False,False,False,False,False
2269,4,Tier 4 — Weak/single-signature,0,BRD-A79479878,testosterone,0.000000,74.015434,12.024352,3,0,0,28.679929,12.024352,0.000000,-90.000000,2269,False,False,False,False,False,False
2270,4,Tier 4 — Weak/single-signature,0,BRD-K53855319,SRT-1720,0.000000,12.215756,20.400454,3,0,0,10.872070,12.215756,0.000000,-90.000000,2270,False,False,False,False,False,False
2271,4,Tier 4 — Weak/single-signature,0,BRD-K15567136,papaverine,41.201607,12.229342,12.228021,3,0,0,21.886323,12.229342,12.228021,-90.000000,2271,False,False,False,False,False,False
2272,4,Tier 4 — Weak/single-signature,0,BRD-K93880783,stavudine,0.000000,34.166626,12.265597,3,0,0,15.477408,12.265597,0.000000,-90.000000,2272,False,False,False,False,False,False
2273,4,Tier 4 — Weak/single-signature,0,BRD-K22134346,simvastatin,0.016502,17.691837,12.283853,3,0,0,9.997397,12.283853,0.016502,-90.000000,2273,False,False,False,False,False,False
2274,4,Tier 4 — Weak/single-signature,0,BRD-K35960502,niclosamide,10.544546,12.290190,49.623245,3,0,0,24.152660,12.290190,10.544546,-90.000000,2274,False,False,False,False,False,False
2275,4,Tier 4 — Weak/single-signature,0,BRD-A59174698,ritodrine,0.000000,16.893036,12.454613,3,0,0,9.782550,12.454613,0.000000,-90.000000,2275,False,False,False,False,False,False
2276,4,Tier 4 — Weak/single-signature,0,BRD-K35133769,BRD-K35133769,0.000000,12.472073,26.339914,3,0,0,12.937329,12.472073,0.000000,-90.000000,2276,False,False,False,False,False,False
2277,4,Tier 4 — Weak/single-signature,0,BRD-A30717181,triamcinolone,0.986610,46.131737,12.664019,3,0,0,19.927455,12.664019,0.986610,-90.000000,2277,False,False,False,False,False,False
2278,4,Tier 4 — Weak/single-signature,0,BRD-A35511923,L-803087,0.422833,21.591911,12.683347,3,0,0,11.566030,12.683347,0.422833,-90.000000,2278,False,False,False,False,False,False
2279,4,Tier 4 — Weak/single-signature,0,BRD-K73999723,telmisartan,0.000000,13.195401,12.813435,3,0,0,8.669612,12.813435,0.000000,-90.000000,2279,False,False,False,False,False,False
2280,4,Tier 4 — Weak/single-signature,0,BRD-K21806131,tegaserod,0.000000,24.865685,12.823234,3,0,0,12.562973,12.823234,0.000000,-90.000000,2280,False,False,False,False,False,False
2281,4,Tier 4 — Weak/single-signature,0,BRD-K37940862,BRD-K37940862,0.000000,12.843404,16.288763,3,0,0,9.710722,12.843404,0.000000,-90.000000,2281,False,False,False,False,False,False
2282,4,Tier 4 — Weak/single-signature,0,BRD-K03600606,catechin,1.268499,12.882860,15.041740,3,0,0,9.731033,12.882860,1.268499,-90.000000,2282,False,False,False,False,False,False
2283,4,Tier 4 — Weak/single-signature,0,BRD-K77677632,SB-200646,0.000000,12.889523,41.107120,3,0,0,17.998881,12.889523,0.000000,-90.000000,2283,False,False,False,False,False,False
2284,4,Tier 4 — Weak/single-signature,0,BRD-A50928468,norgestrel,0.000000,14.519180,12.902239,3,0,0,9.140473,12.902239,0.000000,-90.000000,2284,False,False,False,False,False,False
2285,4,Tier 4 — Weak/single-signature,0,BRD-K34581968,BMS-536924,0.000000,14.815010,12.920660,3,0,0,9.245223,12.920660,0.000000,-90.000000,2285,False,False,False,False,False,False
2286,4,Tier 4 — Weak/single-signature,0,BRD-K71035033,masitinib,0.000000,12.936071,23.306980,3,0,0,12.081017,12.936071,0.000000,-90.000000,2286,False,False,False,False,False,False
2287,4,Tier 4 — Weak/single-signature,0,BRD-A65013509,oxybutynin,13.106832,7.109872,23.367517,3,0,0,14.528074,13.106832,7.109872,-90.000000,2287,False,False,False,False,False,False
2288,4,Tier 4 — Weak/single-signature,0,BRD-K08219523,5-nonyloxytryptamine,13.130750,19.165970,12.718841,3,0,0,15.005187,13.130750,12.718841,-90.000000,2288,False,False,False,False,False,False
2289,4,Tier 4 — Weak/single-signature,0,BRD-K68065987,MK-2206,0.000000,52.237950,13.323818,3,0,0,21.853923,13.323818,0.000000,-90.000000,2289,False,False,False,False,False,False
2290,4,Tier 4 — Weak/single-signature,0,BRD-K11801786,trimidox,0.000000,13.360192,14.039751,3,0,0,9.133314,13.360192,0.000000,-90.000000,2290,False,False,False,False,False,False
2291,4,Tier 4 — Weak/single-signature,0,BRD-K36395411,SB-206553,0.000000,13.898315,13.399918,3,0,0,9.099411,13.399918,0.000000,-90.000000,2291,False,False,False,False,False,False
2292,4,Tier 4 — Weak/single-signature,0,BRD-K10065684,dantron,0.000000,87.922770,13.408682,3,0,0,33.777151,13.408682,0.000000,-90.000000,2292,False,False,False,False,False,False
2293,4,Tier 4 — Weak/single-signature,0,BRD-K67258146,BRD-K67258146,3.946441,13.461487,34.964558,3,0,0,17.457495,13.461487,3.946441,-90.000000,2293,False,False,False,False,False,False
2294,4,Tier 4 — Weak/single-signature,0,BRD-A84134924,pancuronium,2.325581,13.502204,22.106478,3,0,0,12.644754,13.502204,2.325581,-90.000000,2294,False,False,False,False,False,False
2295,4,Tier 4 — Weak/single-signature,0,BRD-K10705233,GW-405833,0.704722,13.543598,22.058529,3,0,0,12.102283,13.543598,0.704722,-90.000000,2295,False,False,False,False,False,False
2296,4,Tier 4 — Weak/single-signature,0,BRD-K53523901,arctigenin,1.070551,18.117460,13.550684,3,0,0,10.912898,13.550684,1.070551,-90.000000,2296,False,False,False,False,False,False
2297,4,Tier 4 — Weak/single-signature,0,BRD-K40645748,mefloquine,1.444679,29.595676,13.605110,3,0,0,14.881822,13.605110,1.444679,-90.000000,2297,False,False,False,False,False,False
2298,4,Tier 4 — Weak/single-signature,0,BRD-K55696337,topotecan,0.000000,13.622478,19.169030,3,0,0,10.930503,13.622478,0.000000,-90.000000,2298,False,False,False,False,False,False
2299,4,Tier 4 — Weak/single-signature,0,BRD-K28806945,L-750667,0.000000,28.798489,13.622721,3,0,0,14.140403,13.622721,0.000000,-90.000000,2299,False,False,False,False,False,False
2300,4,Tier 4 — Weak/single-signature,0,BRD-K93645900,tadalafil,0.176180,13.665027,32.108902,3,0,0,15.316703,13.665027,0.176180,-90.000000,2300,False,False,False,False,False,False
2301,4,Tier 4 — Weak/single-signature,0,BRD-K90789829,nefazodone,0.000000,13.676546,34.565945,3,0,0,16.080830,13.676546,0.000000,-90.000000,2301,False,False,False,False,False,False
2302,4,Tier 4 — Weak/single-signature,0,BRD-K10961822,latanoprost,0.000000,13.906750,36.058500,3,0,0,16.655083,13.906750,0.000000,-90.000000,2302,False,False,False,False,False,False
2303,4,Tier 4 — Weak/single-signature,0,BRD-K42500029,CGP-57380,0.000000,15.860983,13.909897,3,0,0,9.923627,13.909897,0.000000,-90.000000,2303,False,False,False,False,False,False
2304,4,Tier 4 — Weak/single-signature,0,BRD-K25905511,buddleoflavonoloside,5.007399,13.931736,26.356754,3,0,0,15.098630,13.931736,5.007399,-90.000000,2304,False,False,False,False,False,False
2305,4,Tier 4 — Weak/single-signature,0,BRD-K90543092,levonorgestrel,0.000000,28.852490,13.945006,3,0,0,14.265832,13.945006,0.000000,-90.000000,2305,False,False,False,False,False,False
2306,4,Tier 4 — Weak/single-signature,0,BRD-K43405658,tyrphostin-AG-527,0.000000,14.100627,42.847748,3,0,0,18.982792,14.100627,0.000000,-90.000000,2306,False,False,False,False,False,False
2307,4,Tier 4 — Weak/single-signature,0,BRD-K05350981,oligomycin-c,0.458069,29.108570,14.121645,3,0,0,14.562761,14.121645,0.458069,-90.000000,2307,False,False,False,False,False,False
2308,4,Tier 4 — Weak/single-signature,0,BRD-A46393198,tetramisole,0.352361,21.295607,14.200731,3,0,0,11.949566,14.200731,0.352361,-90.000000,2308,False,False,False,False,False,False
2309,4,Tier 4 — Weak/single-signature,0,BRD-A76279427,myriocin,0.000000,32.412910,14.202031,3,0,0,15.538314,14.202031,0.000000,-90.000000,2309,False,False,False,False,False,False
2310,4,Tier 4 — Weak/single-signature,0,BRD-K46556543,potassium-canrenoate,0.000000,27.124073,14.202645,3,0,0,13.775573,14.202645,0.000000,-90.000000,2310,False,False,False,False,False,False
2311,4,Tier 4 — Weak/single-signature,0,BRD-A67748489,K-858,0.000000,14.270015,40.990790,3,0,0,18.420268,14.270015,0.000000,-90.000000,2311,False,False,False,False,False,False
2312,4,Tier 4 — Weak/single-signature,0,BRD-K94649603,taxifolin,14.281706,11.878001,27.868143,3,0,0,18.009283,14.281706,11.878001,-90.000000,2312,False,False,False,False,False,False
2313,4,Tier 4 — Weak/single-signature,0,BRD-A35033682,eriodictyol,0.000000,14.297638,16.470598,3,0,0,10.256079,14.297638,0.000000,-90.000000,2313,False,False,False,False,False,False
2314,4,Tier 4 — Weak/single-signature,0,BRD-K20401833,BRD-K20401833,0.000000,53.849304,14.306360,3,0,0,22.718555,14.306360,0.000000,-90.000000,2314,False,False,False,False,False,False
2315,4,Tier 4 — Weak/single-signature,0,BRD-K31471398,dihydrexidine,0.000000,25.245205,14.339298,3,0,0,13.194834,14.339298,0.000000,-90.000000,2315,False,False,False,False,False,False
2316,4,Tier 4 — Weak/single-signature,0,BRD-A96799240,4-hydroxyretinoic-acid,0.000000,14.435719,38.537193,3,0,0,17.657637,14.435719,0.000000,-90.000000,2316,False,False,False,False,False,False
2317,4,Tier 4 — Weak/single-signature,0,BRD-K70511574,HMN-214,0.000000,14.458103,38.412903,3,0,0,17.623669,14.458103,0.000000,-90.000000,2317,False,False,False,False,False,False
2318,4,Tier 4 — Weak/single-signature,0,BRD-K69837166,trap-101,0.000000,36.495500,14.467854,3,0,0,16.987785,14.467854,0.000000,-90.000000,2318,False,False,False,False,False,False
2319,4,Tier 4 — Weak/single-signature,0,BRD-K67100011,pivmecillinam,0.000000,15.742853,14.486671,3,0,0,10.076508,14.486671,0.000000,-90.000000,2319,False,False,False,False,False,False
2320,4,Tier 4 — Weak/single-signature,0,BRD-K46384212,O-3M3FBS,0.246653,16.305235,14.518171,3,0,0,10.356686,14.518171,0.246653,-90.000000,2320,False,False,False,False,False,False
2321,4,Tier 4 — Weak/single-signature,0,BRD-K13642330,cosmosiin,1.725097,24.207909,14.526484,3,0,0,13.486497,14.526484,1.725097,-90.000000,2321,False,False,False,False,False,False
2322,4,Tier 4 — Weak/single-signature,0,BRD-K96471533,nitazoxanide,0.758509,14.531941,19.095760,3,0,0,11.462070,14.531941,0.758509,-90.000000,2322,False,False,False,False,False,False
2323,4,Tier 4 — Weak/single-signature,0,BRD-K23335153,AMN-082,0.000000,14.572271,37.257282,3,0,0,17.276518,14.572271,0.000000,-90.000000,2323,False,False,False,False,False,False
2324,4,Tier 4 — Weak/single-signature,0,BRD-K06956503,BRD-K06956503,14.600909,7.491915,39.416668,3,0,0,20.503164,14.600909,7.491915,-90.000000,2324,False,False,False,False,False,False
2325,4,Tier 4 — Weak/single-signature,0,BRD-A83326220,brazilin,14.644630,18.108025,10.791745,3,0,0,14.514800,14.644630,10.791745,-90.000000,2325,False,False,False,False,False,False
2326,4,Tier 4 — Weak/single-signature,0,BRD-K67977190,eprosartan,0.000000,14.688194,38.302120,3,0,0,17.663438,14.688194,0.000000,-90.000000,2326,False,False,False,False,False,False
2327,4,Tier 4 — Weak/single-signature,0,BRD-K68488863,ENMD-2076,1.832276,14.781677,26.387947,3,0,0,14.333967,14.781677,1.832276,-90.000000,2327,False,False,False,False,False,False
2328,4,Tier 4 — Weak/single-signature,0,BRD-K02950022,BMS-299897,1.198027,34.034300,14.954399,3,0,0,16.728909,14.954399,1.198027,-90.000000,2328,False,False,False,False,False,False
2329,4,Tier 4 — Weak/single-signature,0,BRD-A09349126,norethindrone,46.935090,1.733905,14.968223,3,0,0,21.212406,14.968223,1.733905,-90.000000,2329,False,False,False,False,False,False
2330,4,Tier 4 — Weak/single-signature,0,BRD-A25569250,KI-16425,0.000000,23.375362,15.088423,3,0,0,12.821262,15.088423,0.000000,-90.000000,2330,False,False,False,False,False,False
2331,4,Tier 4 — Weak/single-signature,0,BRD-K06014311,DH-97,15.157543,12.317620,26.421768,3,0,0,17.965644,15.157543,12.317620,-90.000000,2331,False,False,False,False,False,False
2332,4,Tier 4 — Weak/single-signature,0,BRD-A45664787,iloprost,0.000000,15.207065,18.063007,3,0,0,11.090024,15.207065,0.000000,-90.000000,2332,False,False,False,False,False,False
2333,4,Tier 4 — Weak/single-signature,0,BRD-K51095933,estropipate,21.439283,15.293856,2.265141,3,0,0,12.999427,15.293856,2.265141,-90.000000,2333,False,False,False,False,False,False
2334,4,Tier 4 — Weak/single-signature,0,BRD-A43082555,loxoprofen,0.000000,15.316521,65.666290,3,0,0,26.994270,15.316521,0.000000,-90.000000,2334,False,False,False,False,False,False
2335,4,Tier 4 — Weak/single-signature,0,BRD-K43290182,Ro-04-6790,1.127555,16.050238,15.398993,3,0,0,10.858929,15.398993,1.127555,-90.000000,2335,False,False,False,False,False,False
2336,4,Tier 4 — Weak/single-signature,0,BRD-K08417745,SID-26681509,0.070472,23.442210,15.451294,3,0,0,12.987992,15.451294,0.070472,-90.000000,2336,False,False,False,False,False,False
2337,4,Tier 4 — Weak/single-signature,0,BRD-K61250553,loperamide,3.773657,16.706392,15.525991,3,0,0,12.002013,15.525991,3.773657,-90.000000,2337,False,False,False,False,False,False
2338,4,Tier 4 — Weak/single-signature,0,BRD-K16406336,methylene-blue,0.000000,15.533035,28.931732,3,0,0,14.821589,15.533035,0.000000,-90.000000,2338,False,False,False,False,False,False
2339,4,Tier 4 — Weak/single-signature,0,BRD-A54845972,dihydroergotamine,0.458069,15.537826,24.866623,3,0,0,13.620839,15.537826,0.458069,-90.000000,2339,False,False,False,False,False,False
2340,4,Tier 4 — Weak/single-signature,0,BRD-K90574421,ipsapirone,0.000000,16.806543,15.574663,3,0,0,10.793735,15.574663,0.000000,-90.000000,2340,False,False,False,False,False,False
2341,4,Tier 4 — Weak/single-signature,0,BRD-A52886023,antimycin-a,0.000000,42.577377,15.620332,3,0,0,19.399236,15.620332,0.000000,-90.000000,2341,False,False,False,False,False,False
2342,4,Tier 4 — Weak/single-signature,0,BRD-K78122587,NNC-55-0396,20.345915,5.250164,15.677635,3,0,0,13.757905,15.677635,5.250164,-90.000000,2342,False,False,False,False,False,False
2343,4,Tier 4 — Weak/single-signature,0,BRD-A17453586,MDL-72832,1.374207,15.680117,23.006649,3,0,0,13.353658,15.680117,1.374207,-90.000000,2343,False,False,False,False,False,False
2344,4,Tier 4 — Weak/single-signature,0,BRD-A85280935,quinpirole,4.493710,15.736355,43.850180,3,0,0,21.360082,15.736355,4.493710,-90.000000,2344,False,False,False,False,False,False
2345,4,Tier 4 — Weak/single-signature,0,BRD-A75479906,rimantadine,3.523608,15.742655,42.895910,3,0,0,20.720724,15.742655,3.523608,-90.000000,2345,False,False,False,False,False,False
2346,4,Tier 4 — Weak/single-signature,0,BRD-K59570838,homoveratrylamine,4.228330,15.748413,18.933659,3,0,0,12.970134,15.748413,4.228330,-90.000000,2346,False,False,False,False,False,False
2347,4,Tier 4 — Weak/single-signature,0,BRD-K08502430,angiogenesis-inhibitor,0.000000,28.553223,15.764408,3,0,0,14.772544,15.764408,0.000000,-90.000000,2347,False,False,False,False,False,False
2348,4,Tier 4 — Weak/single-signature,0,BRD-K17896185,FIT,2.219873,15.781613,20.786260,3,0,0,12.929249,15.781613,2.219873,-90.000000,2348,False,False,False,False,False,False
2349,4,Tier 4 — Weak/single-signature,0,BRD-K59058766,chlorprothixene,18.587150,15.823708,12.525014,3,0,0,15.645291,15.823708,12.525014,-90.000000,2349,False,False,False,False,False,False
2350,4,Tier 4 — Weak/single-signature,0,BRD-K64341947,CFM-1571,0.000000,15.879404,32.860230,3,0,0,16.246545,15.879404,0.000000,-90.000000,2350,False,False,False,False,False,False
2351,4,Tier 4 — Weak/single-signature,0,BRD-A74980173,gatifloxacin,0.000000,41.924606,15.999308,3,0,0,19.307971,15.999308,0.000000,-90.000000,2351,False,False,False,False,False,False
2352,4,Tier 4 — Weak/single-signature,0,BRD-A07875874,cilnidipine,0.493305,36.426334,16.056370,3,0,0,17.658670,16.056370,0.493305,-90.000000,2352,False,False,False,False,False,False
2353,4,Tier 4 — Weak/single-signature,0,BRD-K69840642,ISOX,0.000000,59.965170,16.061916,3,0,0,25.342362,16.061916,0.000000,-90.000000,2353,False,False,False,False,False,False
2354,4,Tier 4 — Weak/single-signature,0,BRD-A16478930,amcinonide,0.000000,28.906952,16.068089,3,0,0,14.991680,16.068089,0.000000,-90.000000,2354,False,False,False,False,False,False
2355,4,Tier 4 — Weak/single-signature,0,BRD-K05181084,NGB-2904,1.620860,16.099161,18.027254,3,0,0,11.915758,16.099161,1.620860,-90.000000,2355,False,False,False,False,False,False
2356,4,Tier 4 — Weak/single-signature,0,BRD-A49734948,foliosidine,0.000000,23.895900,16.106739,3,0,0,13.334213,16.106739,0.000000,-90.000000,2356,False,False,False,False,False,False
2357,4,Tier 4 — Weak/single-signature,0,BRD-K18316707,O-1918,0.000000,16.159690,44.525310,3,0,0,20.228333,16.159690,0.000000,-90.000000,2357,False,False,False,False,False,False
2358,4,Tier 4 — Weak/single-signature,0,BRD-K35128472,2-aminopurine,0.000000,16.172441,54.450466,3,0,0,23.540969,16.172441,0.000000,-90.000000,2358,False,False,False,False,False,False
2359,4,Tier 4 — Weak/single-signature,0,BRD-A29437505,RWJ-21757,0.000000,25.149075,16.193756,3,0,0,13.780944,16.193756,0.000000,-90.000000,2359,False,False,False,False,False,False
2360,4,Tier 4 — Weak/single-signature,0,BRD-A64125466,dehydrocholate,0.000000,16.225529,24.145565,3,0,0,13.457031,16.225529,0.000000,-90.000000,2360,False,False,False,False,False,False
2361,4,Tier 4 — Weak/single-signature,0,BRD-A11007541,BCI-hydrochloride,24.786540,7.725242,16.318913,3,0,0,16.276898,16.318913,7.725242,-90.000000,2361,False,False,False,False,False,False
2362,4,Tier 4 — Weak/single-signature,0,BRD-K47323024,methapyrilene,0.000000,16.337875,43.678910,3,0,0,20.005595,16.337875,0.000000,-90.000000,2362,False,False,False,False,False,False
2363,4,Tier 4 — Weak/single-signature,0,BRD-A70731303,avrainvillamide-analog-5,56.801018,16.523315,4.507023,3,0,0,25.943785,16.523315,4.507023,-90.000000,2363,False,False,False,False,False,False
2364,4,Tier 4 — Weak/single-signature,0,BRD-A83695761,chromanol,0.000000,16.598587,25.112171,3,0,0,13.903586,16.598587,0.000000,-90.000000,2364,False,False,False,False,False,False
2365,4,Tier 4 — Weak/single-signature,0,BRD-A41112154,oleanolic-acid,0.428878,16.599663,34.006023,3,0,0,17.011521,16.599663,0.428878,-90.000000,2365,False,False,False,False,False,False
2366,4,Tier 4 — Weak/single-signature,0,BRD-U68942961,JW-7-24-1,3.206483,16.683800,18.443277,3,0,0,12.777853,16.683800,3.206483,-90.000000,2366,False,False,False,False,False,False
2367,4,Tier 4 — Weak/single-signature,0,BRD-U37049823,HG-6-64-01,0.000000,36.223755,16.717087,3,0,0,17.646947,16.717087,0.000000,-90.000000,2367,False,False,False,False,False,False
2368,4,Tier 4 — Weak/single-signature,0,BRD-A07765530,epinephrine-(racemic),0.000000,25.776709,16.760141,3,0,0,14.178950,16.760141,0.000000,-90.000000,2368,False,False,False,False,False,False
2369,4,Tier 4 — Weak/single-signature,0,BRD-K34034388,GBR-12783,0.000000,16.859186,37.370792,3,0,0,18.076659,16.859186,0.000000,-90.000000,2369,False,False,False,False,False,False
2370,4,Tier 4 — Weak/single-signature,0,BRD-K19352500,prochlorperazine,0.026672,18.794338,17.015745,3,0,0,11.945585,17.015745,0.026672,-90.000000,2370,False,False,False,False,False,False
2371,4,Tier 4 — Weak/single-signature,0,BRD-K99498722,plinabulin,16.711033,17.038511,52.378117,3,0,0,28.709220,17.038511,16.711033,-90.000000,2371,False,False,False,False,False,False
2372,4,Tier 4 — Weak/single-signature,0,BRD-K68077509,brucine,18.023150,17.069628,2.465316,3,0,0,12.519365,17.069628,2.465316,-90.000000,2372,False,False,False,False,False,False
2373,4,Tier 4 — Weak/single-signature,0,BRD-K04185004,oxybuprocaine,17.090696,6.437334,57.173800,3,0,0,26.900610,17.090696,6.437334,-90.000000,2373,False,False,False,False,False,False
2374,4,Tier 4 — Weak/single-signature,0,BRD-A44701612,dihydroergocristine,5.780776,17.096690,76.640670,3,0,0,33.172712,17.096690,5.780776,-90.000000,2374,False,False,False,False,False,False
2375,4,Tier 4 — Weak/single-signature,0,BRD-K36737713,AG-957,17.201424,26.306644,9.717491,3,0,0,17.741853,17.201424,9.717491,-90.000000,2375,False,False,False,False,False,False
2376,4,Tier 4 — Weak/single-signature,0,BRD-K67102207,phenylbutyrate,13.367212,17.265680,20.306532,3,0,0,16.979808,17.265680,13.367212,-90.000000,2376,False,False,False,False,False,False
2377,4,Tier 4 — Weak/single-signature,0,BRD-K52313696,tacedinaline,0.000000,17.291650,44.185080,3,0,0,20.492243,17.291650,0.000000,-90.000000,2377,False,False,False,False,False,False
2378,4,Tier 4 — Weak/single-signature,0,BRD-K37447567,hydrocotarnine,27.211527,17.335594,16.668015,3,0,0,20.405045,17.335594,16.668015,-90.000000,2378,False,False,False,False,False,False
2379,4,Tier 4 — Weak/single-signature,0,BRD-K54006094,formoterol,0.352361,17.366077,42.886658,3,0,0,20.201699,17.366077,0.352361,-90.000000,2379,False,False,False,False,False,False
2380,4,Tier 4 — Weak/single-signature,0,BRD-K83144676,olmesartan,0.000000,17.484539,22.582598,3,0,0,13.355712,17.484539,0.000000,-90.000000,2380,False,False,False,False,False,False
2381,4,Tier 4 — Weak/single-signature,0,BRD-K12906962,dichlorobenzamil,0.000000,17.536531,35.060284,3,0,0,17.532272,17.536531,0.000000,-90.000000,2381,False,False,False,False,False,False
2382,4,Tier 4 — Weak/single-signature,0,BRD-K48974000,BRD-K48974000,2.669724,27.691181,17.563280,3,0,0,15.974728,17.563280,2.669724,-90.000000,2382,False,False,False,False,False,False
2383,4,Tier 4 — Weak/single-signature,0,BRD-A95445494,maackiain,0.000000,33.417713,17.649006,3,0,0,17.022240,17.649006,0.000000,-90.000000,2383,False,False,False,False,False,False
2384,4,Tier 4 — Weak/single-signature,0,BRD-K25906698,immepip,0.000000,17.659672,72.878006,3,0,0,30.179226,17.659672,0.000000,-90.000000,2384,False,False,False,False,False,False
2385,4,Tier 4 — Weak/single-signature,0,BRD-K13514097,everolimus,0.000000,21.952057,17.717686,3,0,0,13.223248,17.717686,0.000000,-90.000000,2385,False,False,False,False,False,False
2386,4,Tier 4 — Weak/single-signature,0,BRD-A34907681,rutin,2.572234,22.911823,17.764580,3,0,0,14.416212,17.764580,2.572234,-90.000000,2386,False,False,False,False,False,False
2387,4,Tier 4 — Weak/single-signature,0,BRD-K43236057,polydatin,0.000000,17.853268,23.605430,3,0,0,13.819566,17.853268,0.000000,-90.000000,2387,False,False,False,False,False,False
2388,4,Tier 4 — Weak/single-signature,0,BRD-A15034104,bergenin,0.000000,17.943104,28.851027,3,0,0,15.598044,17.943104,0.000000,-90.000000,2388,False,False,False,False,False,False
2389,4,Tier 4 — Weak/single-signature,0,BRD-K45888792,huperzine-a,31.598354,17.962029,0.739958,3,0,0,16.766780,17.962029,0.739958,-90.000000,2389,False,False,False,False,False,False
2390,4,Tier 4 — Weak/single-signature,0,BRD-K49671696,ketanserin,1.444679,18.971760,18.106203,3,0,0,12.840881,18.106203,1.444679,-90.000000,2390,False,False,False,False,False,False
2391,4,Tier 4 — Weak/single-signature,0,BRD-A39052811,mosapride,0.000000,41.994545,18.321957,3,0,0,20.105501,18.321957,0.000000,-90.000000,2391,False,False,False,False,False,False
2392,4,Tier 4 — Weak/single-signature,0,BRD-K64310881,MW-STK33-3B,0.000000,30.301520,18.474524,3,0,0,16.258681,18.474524,0.000000,-90.000000,2392,False,False,False,False,False,False
2393,4,Tier 4 — Weak/single-signature,0,BRD-K34330170,rotenonic-acid,0.775194,19.191803,18.556680,3,0,0,12.841226,18.556680,0.775194,-90.000000,2393,False,False,False,False,False,False
2394,4,Tier 4 — Weak/single-signature,0,BRD-A81866333,CGS-21680,1.092318,18.574574,50.711933,3,0,0,23.459609,18.574574,1.092318,-90.000000,2394,False,False,False,False,False,False
2395,4,Tier 4 — Weak/single-signature,0,BRD-K39733634,L-161982,1.444679,18.628485,28.451365,3,0,0,16.174843,18.628485,1.444679,-90.000000,2395,False,False,False,False,False,False
2396,4,Tier 4 — Weak/single-signature,0,BRD-A35912562,pregnenolone-succinate,9.619451,51.992508,18.734486,3,0,0,26.782148,18.734486,9.619451,-90.000000,2396,False,False,False,False,False,False
2397,4,Tier 4 — Weak/single-signature,0,BRD-K88789588,letrozole,0.000000,34.276127,18.776482,3,0,0,17.684203,18.776482,0.000000,-90.000000,2397,False,False,False,False,False,False
2398,4,Tier 4 — Weak/single-signature,0,BRD-A70649075,sulconazole,0.026427,22.770594,18.841688,3,0,0,13.879570,18.841688,0.026427,-90.000000,2398,False,False,False,False,False,False
2399,4,Tier 4 — Weak/single-signature,0,BRD-A31195449,TCB2,1.039272,40.419697,18.882484,3,0,0,20.113818,18.882484,1.039272,-90.000000,2399,False,False,False,False,False,False
2400,4,Tier 4 — Weak/single-signature,0,BRD-K62289640,lylamine,19.031397,16.607162,35.198723,3,0,0,23.612427,19.031397,16.607162,-90.000000,2400,False,False,False,False,False,False
2401,4,Tier 4 — Weak/single-signature,0,BRD-K69688083,mestinon,0.000000,21.434187,19.062720,3,0,0,13.498969,19.062720,0.000000,-90.000000,2401,False,False,False,False,False,False
2402,4,Tier 4 — Weak/single-signature,0,BRD-K59637651,NSC-119889,0.000000,19.064100,45.832880,3,0,0,21.632327,19.064100,0.000000,-90.000000,2402,False,False,False,False,False,False
2403,4,Tier 4 — Weak/single-signature,0,BRD-A93000692,ciglitazone,0.000000,19.144474,21.262869,3,0,0,13.469114,19.144474,0.000000,-90.000000,2403,False,False,False,False,False,False
2404,4,Tier 4 — Weak/single-signature,0,BRD-K33106058,cytarabine,,17.251162,21.040710,2,0,0,19.145936,19.145936,17.251162,-90.000000,2404,False,False,False,False,False,False
2405,4,Tier 4 — Weak/single-signature,0,BRD-A94669766,naringenin,0.000000,28.995628,19.194600,3,0,0,16.063409,19.194600,0.000000,-90.000000,2405,False,False,False,False,False,False
2406,4,Tier 4 — Weak/single-signature,0,BRD-A92630576,trimebutine,3.981677,19.273039,61.620240,3,0,0,28.291652,19.273039,3.981677,-90.000000,2406,False,False,False,False,False,False
2407,4,Tier 4 — Weak/single-signature,0,BRD-K19540840,saracatinib,1.198027,24.973288,19.396240,3,0,0,15.189185,19.396240,1.198027,-90.000000,2407,False,False,False,False,False,False
2408,4,Tier 4 — Weak/single-signature,0,BRD-K76775527,nimesulide,0.000000,40.446053,19.399591,3,0,0,19.948548,19.399591,0.000000,-90.000000,2408,False,False,False,False,False,False
2409,4,Tier 4 — Weak/single-signature,0,BRD-A70407468,PSB-36,0.000000,19.416143,22.764338,3,0,0,14.060160,19.416143,0.000000,-90.000000,2409,False,False,False,False,False,False
2410,4,Tier 4 — Weak/single-signature,0,BRD-A42167015,carteolol,0.352361,24.607930,19.473322,3,0,0,14.811204,19.473322,0.352361,-90.000000,2410,False,False,False,False,False,False
2411,4,Tier 4 — Weak/single-signature,0,BRD-A19633847,perhexiline,1.515151,32.513930,19.480455,3,0,0,17.836512,19.480455,1.515151,-90.000000,2411,False,False,False,False,False,False
2412,4,Tier 4 — Weak/single-signature,0,BRD-K90553655,testosterone,2.889359,28.642746,19.636036,3,0,0,17.056047,19.636036,2.889359,-90.000000,2412,False,False,False,False,False,False
2413,4,Tier 4 — Weak/single-signature,0,BRD-K47150025,KI-8751,0.000000,19.775532,32.973537,3,0,0,17.583023,19.775532,0.000000,-90.000000,2413,False,False,False,False,False,False
2414,4,Tier 4 — Weak/single-signature,0,BRD-K69195780,NAN-190,0.000000,22.710325,19.885210,3,0,0,14.198512,19.885210,0.000000,-90.000000,2414,False,False,False,False,False,False
2415,4,Tier 4 — Weak/single-signature,0,BRD-K21853356,RG-14620,0.000000,42.389020,19.950294,3,0,0,20.779771,19.950294,0.000000,-90.000000,2415,False,False,False,False,False,False
2416,4,Tier 4 — Weak/single-signature,0,BRD-K56403959,ZK-756326,11.995482,19.950394,54.534687,3,0,0,28.826854,19.950394,11.995482,-90.000000,2416,False,False,False,False,False,False
2417,4,Tier 4 — Weak/single-signature,0,BRD-K34533029,tyrphostin-AG-494,0.000000,20.001340,20.935797,3,0,0,13.645712,20.001340,0.000000,-90.000000,2417,False,False,False,False,False,False
2418,4,Tier 4 — Weak/single-signature,0,BRD-K94144010,cotinine,0.000000,24.418194,20.001677,3,0,0,14.806624,20.001677,0.000000,-90.000000,2418,False,False,False,False,False,False
2419,4,Tier 4 — Weak/single-signature,0,BRD-K76907295,VU-0418947-2,23.397352,19.384813,20.058540,3,0,0,20.946902,20.058540,19.384813,-90.000000,2419,False,False,False,False,False,False
2420,4,Tier 4 — Weak/single-signature,0,BRD-K10870738,CDC,1.162791,23.822714,20.170815,3,0,0,15.052107,20.170815,1.162791,-90.000000,2420,False,False,False,False,False,False
2421,4,Tier 4 — Weak/single-signature,0,BRD-A89208012,BRD-A89208012,10.007319,20.249329,24.777205,3,0,0,18.344618,20.249329,10.007319,-90.000000,2421,False,False,False,False,False,False
2422,4,Tier 4 — Weak/single-signature,0,BRD-K45117373,Y-26763,0.000000,42.297028,20.260792,3,0,0,20.852607,20.260792,0.000000,-90.000000,2422,False,False,False,False,False,False
2423,4,Tier 4 — Weak/single-signature,0,BRD-K60174629,z-prolyl-prolinal,1.902748,51.262604,20.276764,3,0,0,24.480705,20.276764,1.902748,-90.000000,2423,False,False,False,False,False,False
2424,4,Tier 4 — Weak/single-signature,0,BRD-K28296557,AKT-inhibitor-IV,0.000000,20.310917,31.160270,3,0,0,17.157062,20.310917,0.000000,-90.000000,2424,False,False,False,False,False,False
2425,4,Tier 4 — Weak/single-signature,0,BRD-K18059238,gamma-linolenic-acid,0.000000,20.332584,23.056313,3,0,0,14.462966,20.332584,0.000000,-90.000000,2425,False,False,False,False,False,False
2426,4,Tier 4 — Weak/single-signature,0,BRD-A17535965,gelsemine,0.000000,55.844020,20.339787,3,0,0,25.394602,20.339787,0.000000,-90.000000,2426,False,False,False,False,False,False
2427,4,Tier 4 — Weak/single-signature,0,BRD-A78877355,nefopam,0.387597,25.031006,20.345894,3,0,0,15.254832,20.345894,0.387597,-90.000000,2427,False,False,False,False,False,False
2428,4,Tier 4 — Weak/single-signature,0,BRD-K96720755,relcovaptan,1.103288,33.042946,20.433174,3,0,0,18.193136,20.433174,1.103288,-90.000000,2428,False,False,False,False,False,False
2429,4,Tier 4 — Weak/single-signature,0,BRD-A31575449,CGP-20712,0.211417,20.441652,39.587105,3,0,0,20.080058,20.441652,0.211417,-90.000000,2429,False,False,False,False,False,False
2430,4,Tier 4 — Weak/single-signature,0,BRD-K89732114,trifluoperazine,0.000000,21.591066,20.481512,3,0,0,14.024193,20.481512,0.000000,-90.000000,2430,False,False,False,False,False,False
2431,4,Tier 4 — Weak/single-signature,0,BRD-A39255369,DCPIB,0.563777,20.543547,26.892788,3,0,0,16.000037,20.543547,0.563777,-90.000000,2431,False,False,False,False,False,False
2432,4,Tier 4 — Weak/single-signature,0,BRD-A94297859,BRD-A94297859,23.640594,7.617457,20.577824,3,0,0,17.278625,20.577824,7.617457,-90.000000,2432,False,False,False,False,False,False
2433,4,Tier 4 — Weak/single-signature,0,BRD-K41731458,triclosan,0.317125,21.339296,20.609820,3,0,0,14.088747,20.609820,0.317125,-90.000000,2433,False,False,False,False,False,False
2434,4,Tier 4 — Weak/single-signature,0,BRD-K47631482,bromhexine,0.000000,29.425900,20.626564,3,0,0,16.684155,20.626564,0.000000,-90.000000,2434,False,False,False,False,False,False
2435,4,Tier 4 — Weak/single-signature,0,BRD-A11813248,AM-92016,0.000000,20.692356,21.875866,3,0,0,14.189407,20.692356,0.000000,-90.000000,2435,False,False,False,False,False,False
2436,4,Tier 4 — Weak/single-signature,0,BRD-K76274772,MAPP-D-erythro,0.000000,29.302872,20.732368,3,0,0,16.678413,20.732368,0.000000,-90.000000,2436,False,False,False,False,False,False
2437,4,Tier 4 — Weak/single-signature,0,BRD-K06467078,corynanthine,20.909513,13.163929,23.559547,3,0,0,19.210996,20.909513,13.163929,-90.000000,2437,False,False,False,False,False,False
2438,4,Tier 4 — Weak/single-signature,0,BRD-M72442222,vicriviroc,0.422833,34.826065,21.020443,3,0,0,18.756447,21.020443,0.422833,-90.000000,2438,False,False,False,False,False,False
2439,4,Tier 4 — Weak/single-signature,0,BRD-A81772229,simvastatin,1.832276,36.132465,21.074911,3,0,0,19.679884,21.074911,1.832276,-90.000000,2439,False,False,False,False,False,False
2440,4,Tier 4 — Weak/single-signature,0,BRD-K31633810,DAU-5884,7.425384,21.098160,28.095625,3,0,0,18.873056,21.098160,7.425384,-90.000000,2440,False,False,False,False,False,False
2441,4,Tier 4 — Weak/single-signature,0,BRD-K92301463,"16,16-dimethylprostaglandin-e2",21.230251,16.550428,28.628891,3,0,0,22.136523,21.230251,16.550428,-90.000000,2441,False,False,False,False,False,False
2442,4,Tier 4 — Weak/single-signature,0,BRD-A18202423,CPCCOEt,0.000000,21.323053,37.304770,3,0,0,19.542608,21.323053,0.000000,-90.000000,2442,False,False,False,False,False,False
2443,4,Tier 4 — Weak/single-signature,0,BRD-K95808480,taxifolin,2.959831,38.447426,21.327640,3,0,0,20.911632,21.327640,2.959831,-90.000000,2443,False,False,False,False,False,False
2444,4,Tier 4 — Weak/single-signature,0,BRD-K87142802,veliparib,1.973221,21.841423,21.333496,3,0,0,15.049380,21.333496,1.973221,-90.000000,2444,False,False,False,False,False,False
2445,4,Tier 4 — Weak/single-signature,0,BRD-A95869247,indapamide,0.000000,25.881140,21.393606,3,0,0,15.758249,21.393606,0.000000,-90.000000,2445,False,False,False,False,False,False
2446,4,Tier 4 — Weak/single-signature,0,BRD-K93918653,quizartinib,2.078929,23.451487,21.460558,3,0,0,15.663658,21.460558,2.078929,-90.000000,2446,False,False,False,False,False,False
2447,4,Tier 4 — Weak/single-signature,0,BRD-K81418486,vorinostat,0.000000,74.421410,21.468718,3,0,0,31.963376,21.468718,0.000000,-90.000000,2447,False,False,False,False,False,False
2448,4,Tier 4 — Weak/single-signature,0,BRD-A37432947,ipratropium,0.634249,32.371407,21.485788,3,0,0,18.163815,21.485788,0.634249,-90.000000,2448,False,False,False,False,False,False
2449,4,Tier 4 — Weak/single-signature,0,BRD-K54256913,MK-1775,0.000000,21.613354,49.436317,3,0,0,23.683224,21.613354,0.000000,-90.000000,2449,False,False,False,False,False,False
2450,4,Tier 4 — Weak/single-signature,0,BRD-K81209159,herniarin,0.000000,32.177162,21.681660,3,0,0,17.952941,21.681660,0.000000,-90.000000,2450,False,False,False,False,False,False
2451,4,Tier 4 — Weak/single-signature,0,BRD-A47598013,citalopram,1.515151,21.700860,37.246020,3,0,0,20.154011,21.700860,1.515151,-90.000000,2451,False,False,False,False,False,False
2452,4,Tier 4 — Weak/single-signature,0,BRD-K94294671,OSI-027,21.705940,30.265417,3.981677,3,0,0,18.651011,21.705940,3.981677,-90.000000,2452,False,False,False,False,False,False
2453,4,Tier 4 — Weak/single-signature,0,BRD-A71816415,pravastatin,0.000000,22.766397,21.797745,3,0,0,14.854714,21.797745,0.000000,-90.000000,2453,False,False,False,False,False,False
2454,4,Tier 4 — Weak/single-signature,0,BRD-K50464341,berbamine,0.000000,48.735750,21.858910,3,0,0,23.531553,21.858910,0.000000,-90.000000,2454,False,False,False,False,False,False
2455,4,Tier 4 — Weak/single-signature,0,BRD-K00673382,famotidine,0.000000,37.814460,21.972363,3,0,0,19.928941,21.972363,0.000000,-90.000000,2455,False,False,False,False,False,False
2456,4,Tier 4 — Weak/single-signature,0,BRD-A82329351,cycloheximide,0.000000,34.267220,21.980352,3,0,0,18.749191,21.980352,0.000000,-90.000000,2456,False,False,False,False,False,False
2457,4,Tier 4 — Weak/single-signature,0,BRD-A99411506,esculin,0.000000,21.987844,34.381750,3,0,0,18.789865,21.987844,0.000000,-90.000000,2457,False,False,False,False,False,False
2458,4,Tier 4 — Weak/single-signature,0,BRD-K33226500,indinavir,3.754615,55.034393,22.079716,3,0,0,26.956241,22.079716,3.754615,-90.000000,2458,False,False,False,False,False,False
2459,4,Tier 4 — Weak/single-signature,0,BRD-K70487031,flupentixol,0.000000,22.082940,29.263689,3,0,0,17.115543,22.082940,0.000000,-90.000000,2459,False,False,False,False,False,False
2460,4,Tier 4 — Weak/single-signature,0,BRD-K84987553,MDM2-inhibitor,1.585624,22.103530,23.193111,3,0,0,15.627422,22.103530,1.585624,-90.000000,2460,False,False,False,False,False,False
2461,4,Tier 4 — Weak/single-signature,0,BRD-K91904471,SD-169,22.112572,38.164906,10.355780,3,0,0,23.544419,22.112572,10.355780,-90.000000,2461,False,False,False,False,False,False
2462,4,Tier 4 — Weak/single-signature,0,BRD-K51418664,mitomycin-c,0.000000,29.843586,22.159222,3,0,0,17.334269,22.159222,0.000000,-90.000000,2462,False,False,False,False,False,False
2463,4,Tier 4 — Weak/single-signature,0,BRD-A51182606,chloramphenicol,0.000000,31.579964,22.171104,3,0,0,17.917023,22.171104,0.000000,-90.000000,2463,False,False,False,False,False,False
2464,4,Tier 4 — Weak/single-signature,0,BRD-A47342814,naltrindole,22.182222,23.692760,18.042425,3,0,0,21.305802,22.182222,18.042425,-90.000000,2464,False,False,False,False,False,False
2465,4,Tier 4 — Weak/single-signature,0,BRD-A84205515,estriol,0.000000,34.512085,22.308643,3,0,0,18.940243,22.308643,0.000000,-90.000000,2465,False,False,False,False,False,False
2466,4,Tier 4 — Weak/single-signature,0,BRD-A15415227,GW-1929,0.000000,54.901110,22.315790,3,0,0,25.738967,22.315790,0.000000,-90.000000,2466,False,False,False,False,False,False
2467,4,Tier 4 — Weak/single-signature,0,BRD-A71262238,nafadotride,0.845666,33.392452,22.369010,3,0,0,18.869043,22.369010,0.845666,-90.000000,2467,False,False,False,False,False,False
2468,4,Tier 4 — Weak/single-signature,0,BRD-A39172021,ampiroxicam,0.031965,32.596104,22.387720,3,0,0,18.338596,22.387720,0.031965,-90.000000,2468,False,False,False,False,False,False
2469,4,Tier 4 — Weak/single-signature,0,BRD-A80574334,oxalomalic-acid,49.278640,22.528044,0.000000,3,0,0,23.935561,22.528044,0.000000,-90.000000,2469,False,False,False,False,False,False
2470,4,Tier 4 — Weak/single-signature,0,BRD-K26134695,calpeptin,0.000000,37.268906,22.658072,3,0,0,19.975659,22.658072,0.000000,-90.000000,2470,False,False,False,False,False,False
2471,4,Tier 4 — Weak/single-signature,0,BRD-K48029790,OBAA,0.000000,28.556566,22.916094,3,0,0,17.157553,22.916094,0.000000,-90.000000,2471,False,False,False,False,False,False
2472,4,Tier 4 — Weak/single-signature,0,BRD-A44780397,mifepristone,18.840454,23.898369,23.074820,3,0,0,21.937881,23.074820,18.840454,-90.000000,2472,False,False,False,False,False,False
2473,4,Tier 4 — Weak/single-signature,0,BRD-M16762496,PIK-75,0.000000,28.138970,23.105862,3,0,0,17.081611,23.105862,0.000000,-90.000000,2473,False,False,False,False,False,False
2474,4,Tier 4 — Weak/single-signature,0,BRD-K18618618,cimetidine,3.546994,23.123081,26.586086,3,0,0,17.752054,23.123081,3.546994,-90.000000,2474,False,False,False,False,False,False
2475,4,Tier 4 — Weak/single-signature,0,BRD-A38747044,KU-14R,0.000000,23.145157,44.093620,3,0,0,22.412926,23.145157,0.000000,-90.000000,2475,False,False,False,False,False,False
2476,4,Tier 4 — Weak/single-signature,0,BRD-A08877921,cephalotaxine,19.838830,23.168865,24.491770,3,0,0,22.499822,23.168865,19.838830,-90.000000,2476,False,False,False,False,False,False
2477,4,Tier 4 — Weak/single-signature,0,BRD-A92670106,tocainide,1.620860,23.231556,23.493755,3,0,0,16.115390,23.231556,1.620860,-90.000000,2477,False,False,False,False,False,False
2478,4,Tier 4 — Weak/single-signature,0,BRD-A31007383,SDZ-WAG-994,0.458069,23.276615,27.532036,3,0,0,17.088907,23.276615,0.458069,-90.000000,2478,False,False,False,False,False,False
2479,4,Tier 4 — Weak/single-signature,0,BRD-K68174511,torin-2,17.345041,54.122120,23.411777,3,0,0,31.626313,23.411777,17.345041,-90.000000,2479,False,False,False,False,False,False
2480,4,Tier 4 — Weak/single-signature,0,BRD-K08115555,tyrphostin-AG-1288,0.000000,23.422817,29.384820,3,0,0,17.602546,23.422817,0.000000,-90.000000,2480,False,False,False,False,False,False
2481,4,Tier 4 — Weak/single-signature,0,BRD-K52397688,amperozide,0.317125,23.452751,42.840332,3,0,0,22.203403,23.452751,0.317125,-90.000000,2481,False,False,False,False,False,False
2482,4,Tier 4 — Weak/single-signature,0,BRD-K82795137,loratadine,1.761804,38.209892,23.469002,3,0,0,21.146899,23.469002,1.761804,-90.000000,2482,False,False,False,False,False,False
2483,4,Tier 4 — Weak/single-signature,0,BRD-K51677086,erythromycin-ethylsuccinate,0.211417,23.576134,36.276320,3,0,0,20.021290,23.576134,0.211417,-90.000000,2483,False,False,False,False,False,False
2484,4,Tier 4 — Weak/single-signature,0,BRD-K07888107,depudecin,0.000000,33.591084,23.709393,3,0,0,19.100159,23.709393,0.000000,-90.000000,2484,False,False,False,False,False,False
2485,4,Tier 4 — Weak/single-signature,0,BRD-K69600043,thiethylperazine,0.000000,23.712795,60.679110,3,0,0,28.130635,23.712795,0.000000,-90.000000,2485,False,False,False,False,False,False
2486,4,Tier 4 — Weak/single-signature,0,BRD-A55416093,colforsin,0.000000,24.016464,60.296413,3,0,0,28.104292,24.016464,0.000000,-90.000000,2486,False,False,False,False,False,False
2487,4,Tier 4 — Weak/single-signature,0,BRD-A68039575,liquiritigenin,0.000000,24.205320,37.639370,3,0,0,20.614897,24.205320,0.000000,-90.000000,2487,False,False,False,False,False,False
2488,4,Tier 4 — Weak/single-signature,0,BRD-K96144918,mead-acid,0.000000,24.295830,26.795027,3,0,0,17.030286,24.295830,0.000000,-90.000000,2488,False,False,False,False,False,False
2489,4,Tier 4 — Weak/single-signature,0,BRD-K15935639,z-leu3-VS,24.249306,35.148870,24.497974,3,0,0,27.965383,24.497974,24.249306,-90.000000,2489,False,False,False,False,False,False
2490,4,Tier 4 — Weak/single-signature,0,BRD-A19053259,pseudopelletierine,40.111786,24.590504,15.223869,3,0,0,26.642053,24.590504,15.223869,-90.000000,2490,False,False,False,False,False,False
2491,4,Tier 4 — Weak/single-signature,0,BRD-A55594068,vinblastine,24.615194,6.704825,36.473885,3,0,0,22.597968,24.615194,6.704825,-90.000000,2491,False,False,False,False,False,False
2492,4,Tier 4 — Weak/single-signature,0,BRD-K14536225,piceid,12.314117,24.817484,24.655449,3,0,0,20.595683,24.655449,12.314117,-90.000000,2492,False,False,False,False,False,False
2493,4,Tier 4 — Weak/single-signature,0,BRD-K29555132,arachidonamide,0.000000,48.212170,24.680027,3,0,0,24.297399,24.680027,0.000000,-90.000000,2493,False,False,False,False,False,False
2494,4,Tier 4 — Weak/single-signature,0,BRD-K19462402,buflomedil,24.923111,17.170555,82.605835,3,0,0,41.566500,24.923111,17.170555,-90.000000,2494,False,False,False,False,False,False
2495,4,Tier 4 — Weak/single-signature,0,BRD-K24859147,KIN001-242,0.000000,25.033672,83.550450,3,0,0,36.194707,25.033672,0.000000,-90.000000,2495,False,False,False,False,False,False
2496,4,Tier 4 — Weak/single-signature,0,BRD-K39987650,bisacodyl,0.035236,25.118816,48.382400,3,0,0,24.512151,25.118816,0.035236,-90.000000,2496,False,False,False,False,False,False
2497,4,Tier 4 — Weak/single-signature,0,BRD-K64044582,linoleamide,0.000000,43.619278,25.174986,3,0,0,22.931421,25.174986,0.000000,-90.000000,2497,False,False,False,False,False,False
2498,4,Tier 4 — Weak/single-signature,0,BRD-A42423104,benproperine,0.000000,47.343975,25.225695,3,0,0,24.189890,25.225695,0.000000,-90.000000,2498,False,False,False,False,False,False
2499,4,Tier 4 — Weak/single-signature,0,BRD-K13261168,quinelorane,5.843761,27.417194,25.308043,3,0,0,19.522999,25.308043,5.843761,-90.000000,2499,False,False,False,False,False,False
2500,4,Tier 4 — Weak/single-signature,0,BRD-A18043272,phensuximide,0.000000,25.344864,29.644550,3,0,0,18.329805,25.344864,0.000000,-90.000000,2500,False,False,False,False,False,False
2501,4,Tier 4 — Weak/single-signature,0,BRD-K85871428,SC-68376,28.039785,25.374218,19.802511,3,0,0,24.405505,25.374218,19.802511,-90.000000,2501,False,False,False,False,False,False
2502,4,Tier 4 — Weak/single-signature,0,BRD-K83988098,alvespimycin,0.000000,28.511993,25.456871,3,0,0,17.989621,25.456871,0.000000,-90.000000,2502,False,False,False,False,False,False
2503,4,Tier 4 — Weak/single-signature,0,BRD-A18763547,BAX-channel-blocker,7.459057,25.469599,52.638233,3,0,0,28.522296,25.469599,7.459057,-90.000000,2503,False,False,False,False,False,False
2504,4,Tier 4 — Weak/single-signature,0,BRD-K02590140,O-2050,0.000000,55.107070,25.659860,3,0,0,26.922310,25.659860,0.000000,-90.000000,2504,False,False,False,False,False,False
2505,4,Tier 4 — Weak/single-signature,0,BRD-K60762818,desipramine,0.387597,40.310883,25.700409,3,0,0,22.132963,25.700409,0.387597,-90.000000,2505,False,False,False,False,False,False
2506,4,Tier 4 — Weak/single-signature,0,BRD-A66927094,nemonapride,0.000000,42.245438,25.863031,3,0,0,22.702823,25.863031,0.000000,-90.000000,2506,False,False,False,False,False,False
2507,4,Tier 4 — Weak/single-signature,0,BRD-K12260308,xanthoxyline,2.657131,25.872019,26.309813,3,0,0,18.279654,25.872019,2.657131,-90.000000,2507,False,False,False,False,False,False
2508,4,Tier 4 — Weak/single-signature,0,BRD-K54095730,CMPD-1,12.128630,25.964642,59.759370,3,0,0,32.617547,25.964642,12.128630,-90.000000,2508,False,False,False,False,False,False
2509,4,Tier 4 — Weak/single-signature,0,BRD-A70514680,articaine,9.335952,26.148823,26.620474,3,0,0,20.701750,26.148823,9.335952,-90.000000,2509,False,False,False,False,False,False
2510,4,Tier 4 — Weak/single-signature,0,BRD-A87479750,tenidap,0.000000,34.645203,26.161000,3,0,0,20.268734,26.161000,0.000000,-90.000000,2510,False,False,False,False,False,False
2511,4,Tier 4 — Weak/single-signature,0,BRD-K70914287,BIBX-1382,0.493305,50.198820,26.165560,3,0,0,25.619228,26.165560,0.493305,-90.000000,2511,False,False,False,False,False,False
2512,4,Tier 4 — Weak/single-signature,0,BRD-K17796732,JWH-015,10.073575,26.175533,33.621597,3,0,0,23.290235,26.175533,10.073575,-90.000000,2512,False,False,False,False,False,False
2513,4,Tier 4 — Weak/single-signature,0,BRD-A78295502,hydroquinine,1.867512,45.684273,26.186907,3,0,0,24.579564,26.186907,1.867512,-90.000000,2513,False,False,False,False,False,False
2514,4,Tier 4 — Weak/single-signature,0,BRD-A32917072,BRD-A32917072,0.000000,29.311213,26.267818,3,0,0,18.526344,26.267818,0.000000,-90.000000,2514,False,False,False,False,False,False
2515,4,Tier 4 — Weak/single-signature,0,BRD-A49225603,alimemazine,26.413204,23.606830,43.087605,3,0,0,31.035880,26.413204,23.606830,-90.000000,2515,False,False,False,False,False,False
2516,4,Tier 4 — Weak/single-signature,0,BRD-A12560204,nitrendipine,35.182370,18.238783,26.515198,3,0,0,26.645450,26.515198,18.238783,-90.000000,2516,False,False,False,False,False,False
2517,4,Tier 4 — Weak/single-signature,0,BRD-K51018020,VAMA-37,0.000000,42.678246,26.542694,3,0,0,23.073647,26.542694,0.000000,-90.000000,2517,False,False,False,False,False,False
2518,4,Tier 4 — Weak/single-signature,0,BRD-K46056750,AZD-7762,0.000000,26.566002,36.514690,3,0,0,21.026897,26.566002,0.000000,-90.000000,2518,False,False,False,False,False,False
2519,4,Tier 4 — Weak/single-signature,0,BRD-K77987382,mebendazole,0.000000,26.602566,93.553890,3,0,0,40.052152,26.602566,0.000000,-90.000000,2519,False,False,False,False,False,False
2520,4,Tier 4 — Weak/single-signature,0,BRD-K46742498,alosetron,1.867512,31.845854,26.659680,3,0,0,20.124349,26.659680,1.867512,-90.000000,2520,False,False,False,False,False,False
2521,4,Tier 4 — Weak/single-signature,0,BRD-A48720949,testosterone-propionate,26.802254,16.664303,33.905960,3,0,0,25.790839,26.802254,16.664303,-90.000000,2521,False,False,False,False,False,False
2522,4,Tier 4 — Weak/single-signature,0,BRD-K37194137,III606050,0.000000,44.401054,26.879295,3,0,0,23.760116,26.879295,0.000000,-90.000000,2522,False,False,False,False,False,False
2523,4,Tier 4 — Weak/single-signature,0,BRD-K37392901,NSC-632839,27.507480,22.122711,26.963280,3,0,0,25.531157,26.963280,22.122711,-90.000000,2523,False,False,False,False,False,False
2524,4,Tier 4 — Weak/single-signature,0,BRD-K22010301,JLK-6,0.599013,61.981873,27.102676,3,0,0,29.894521,27.102676,0.599013,-90.000000,2524,False,False,False,False,False,False
2525,4,Tier 4 — Weak/single-signature,0,BRD-K22947005,dexbrompheniramine,0.000000,38.283090,27.153336,3,0,0,21.812142,27.153336,0.000000,-90.000000,2525,False,False,False,False,False,False
2526,4,Tier 4 — Weak/single-signature,0,BRD-K55186349,BRD-K55186349,36.923930,8.707808,27.200695,3,0,0,24.277478,27.200695,8.707808,-90.000000,2526,False,False,False,False,False,False
2527,4,Tier 4 — Weak/single-signature,0,BRD-A68888262,azelastine,0.000000,27.220627,43.026344,3,0,0,23.415657,27.220627,0.000000,-90.000000,2527,False,False,False,False,False,False
2528,4,Tier 4 — Weak/single-signature,0,BRD-K17140735,SCH-79797,0.000000,30.835402,27.277504,3,0,0,19.370969,27.277504,0.000000,-90.000000,2528,False,False,False,False,False,False
2529,4,Tier 4 — Weak/single-signature,0,BRD-K71879491,tretinoin,0.000000,27.304008,27.842655,3,0,0,18.382221,27.304008,0.000000,-90.000000,2529,False,False,False,False,False,False
2530,4,Tier 4 — Weak/single-signature,0,BRD-K47539947,tetradecylthioacetic-acid,0.000000,27.365318,66.956140,3,0,0,31.440486,27.365318,0.000000,-90.000000,2530,False,False,False,False,False,False
2531,4,Tier 4 — Weak/single-signature,0,BRD-K62221994,T-98475,0.000000,42.404224,27.384722,3,0,0,23.262982,27.384722,0.000000,-90.000000,2531,False,False,False,False,False,False
2532,4,Tier 4 — Weak/single-signature,0,BRD-K26429091,J-104129,0.422833,27.442513,56.798412,3,0,0,28.221253,27.442513,0.422833,-90.000000,2532,False,False,False,False,False,False
2533,4,Tier 4 — Weak/single-signature,0,BRD-A23723433,paclitaxel,1.656096,27.466272,36.655823,3,0,0,21.926064,27.466272,1.656096,-90.000000,2533,False,False,False,False,False,False
2534,4,Tier 4 — Weak/single-signature,0,BRD-A22783572,vinblastine,0.000000,27.493158,48.223587,3,0,0,25.238915,27.493158,0.000000,-90.000000,2534,False,False,False,False,False,False
2535,4,Tier 4 — Weak/single-signature,0,BRD-K02283807,GR-32191,2.959831,29.340416,27.514273,3,0,0,19.938173,27.514273,2.959831,-90.000000,2535,False,False,False,False,False,False
2536,4,Tier 4 — Weak/single-signature,0,BRD-K29668683,BD-1063,0.000000,27.610079,37.998585,3,0,0,21.869555,27.610079,0.000000,-90.000000,2536,False,False,False,False,False,False
2537,4,Tier 4 — Weak/single-signature,0,BRD-K31484631,rifabutin,0.000000,27.813566,41.585050,3,0,0,23.132872,27.813566,0.000000,-90.000000,2537,False,False,False,False,False,False
2538,4,Tier 4 — Weak/single-signature,0,BRD-K46018455,bezafibrate,0.000000,32.363050,27.882353,3,0,0,20.081801,27.882353,0.000000,-90.000000,2538,False,False,False,False,False,False
2539,4,Tier 4 — Weak/single-signature,0,BRD-A65145453,ATPA,27.919746,10.830395,33.370804,3,0,0,24.040315,27.919746,10.830395,-90.000000,2539,False,False,False,False,False,False
2540,4,Tier 4 — Weak/single-signature,0,BRD-K63343048,orlistat,1.269203,27.969590,31.927025,3,0,0,20.388606,27.969590,1.269203,-90.000000,2540,False,False,False,False,False,False
2541,4,Tier 4 — Weak/single-signature,0,BRD-A20243730,danazol,0.000000,40.437880,28.011053,3,0,0,22.816311,28.011053,0.000000,-90.000000,2541,False,False,False,False,False,False
2542,4,Tier 4 — Weak/single-signature,0,BRD-K25310650,ormetoprim,18.465914,32.046930,28.112300,3,0,0,26.208381,28.112300,18.465914,-90.000000,2542,False,False,False,False,False,False
2543,4,Tier 4 — Weak/single-signature,0,BRD-K10843433,phenylbutazone,0.000000,31.152353,28.152080,3,0,0,19.768144,28.152080,0.000000,-90.000000,2543,False,False,False,False,False,False
2544,4,Tier 4 — Weak/single-signature,0,BRD-K39111395,BCL2-inhibitor,12.236105,28.189686,66.882210,3,0,0,35.769334,28.189686,12.236105,-90.000000,2544,False,False,False,False,False,False
2545,4,Tier 4 — Weak/single-signature,0,BRD-A65076780,dihydroergocristine,0.000000,28.536114,28.437954,3,0,0,18.991356,28.437954,0.000000,-90.000000,2545,False,False,False,False,False,False
2546,4,Tier 4 — Weak/single-signature,0,BRD-K30097969,pitavastatin,0.000000,52.474255,28.440287,3,0,0,26.971514,28.440287,0.000000,-90.000000,2546,False,False,False,False,False,False
2547,4,Tier 4 — Weak/single-signature,0,BRD-K34820100,tebuthiuron,0.000000,28.539448,29.031998,3,0,0,19.190482,28.539448,0.000000,-90.000000,2547,False,False,False,False,False,False
2548,4,Tier 4 — Weak/single-signature,0,BRD-K04976539,aminogenistein,0.000000,37.410923,28.546148,3,0,0,21.985690,28.546148,0.000000,-90.000000,2548,False,False,False,False,False,False
2549,4,Tier 4 — Weak/single-signature,0,BRD-K67847053,guanabenz,0.634249,28.669796,51.249187,3,0,0,26.851077,28.669796,0.634249,-90.000000,2549,False,False,False,False,False,False
2550,4,Tier 4 — Weak/single-signature,0,BRD-K91623615,ABT-751,0.000000,28.907219,52.570045,3,0,0,27.159088,28.907219,0.000000,-90.000000,2550,False,False,False,False,False,False
2551,4,Tier 4 — Weak/single-signature,0,BRD-A39969961,eplerenone,0.000000,40.246770,28.939577,3,0,0,23.062116,28.939577,0.000000,-90.000000,2551,False,False,False,False,False,False
2552,4,Tier 4 — Weak/single-signature,0,BRD-K63874012,thioperamide,0.458069,28.984268,45.446440,3,0,0,24.962926,28.984268,0.458069,-90.000000,2552,False,False,False,False,False,False
2553,4,Tier 4 — Weak/single-signature,0,BRD-K42221274,NNC-711,0.000000,47.078310,29.229618,3,0,0,25.435976,29.229618,0.000000,-90.000000,2553,False,False,False,False,False,False
2554,4,Tier 4 — Weak/single-signature,0,BRD-K11636097,JNJ-7706621,0.000000,29.370865,31.969986,3,0,0,20.446950,29.370865,0.000000,-90.000000,2554,False,False,False,False,False,False
2555,4,Tier 4 — Weak/single-signature,0,BRD-K37691127,hinokitiol,16.335846,29.407684,41.521530,3,0,0,29.088353,29.407684,16.335846,-90.000000,2555,False,False,False,False,False,False
2556,4,Tier 4 — Weak/single-signature,0,BRD-K18909381,CGS-12066B,0.140944,48.352036,29.430264,3,0,0,25.974415,29.430264,0.140944,-90.000000,2556,False,False,False,False,False,False
2557,4,Tier 4 — Weak/single-signature,0,BRD-A75935363,atracurium,5.128184,45.247010,29.564772,3,0,0,26.646655,29.564772,5.128184,-90.000000,2557,False,False,False,False,False,False
2558,4,Tier 4 — Weak/single-signature,0,BRD-K81876028,CP-93129,0.000000,29.590754,31.222080,3,0,0,20.270945,29.590754,0.000000,-90.000000,2558,False,False,False,False,False,False
2559,4,Tier 4 — Weak/single-signature,0,BRD-K67352070,TC-2559,0.000000,61.159950,29.610247,3,0,0,30.256732,29.610247,0.000000,-90.000000,2559,False,False,False,False,False,False
2560,4,Tier 4 — Weak/single-signature,0,BRD-A23683907,NAS-181,0.000000,29.613285,45.850350,3,0,0,25.154545,29.613285,0.000000,-90.000000,2560,False,False,False,False,False,False
2561,4,Tier 4 — Weak/single-signature,0,BRD-K46469693,SCH-442416,0.916138,58.703003,29.654886,3,0,0,29.758009,29.654886,0.916138,-90.000000,2561,False,False,False,False,False,False
2562,4,Tier 4 — Weak/single-signature,0,BRD-K88625236,nonoxynol-9,1.171669,29.725544,30.841460,3,0,0,20.579558,29.725544,1.171669,-90.000000,2562,False,False,False,False,False,False
2563,4,Tier 4 — Weak/single-signature,0,BRD-A60245366,AS-601245,0.000000,30.072159,31.681864,3,0,0,20.584674,30.072159,0.000000,-90.000000,2563,False,False,False,False,False,False
2564,4,Tier 4 — Weak/single-signature,0,BRD-A13650332,flucloxacillin,0.000000,30.072979,45.028427,3,0,0,25.033802,30.072979,0.000000,-90.000000,2564,False,False,False,False,False,False
2565,4,Tier 4 — Weak/single-signature,0,BRD-K36627727,tamibarotene,0.000000,30.084080,44.860050,3,0,0,24.981377,30.084080,0.000000,-90.000000,2565,False,False,False,False,False,False
2566,4,Tier 4 — Weak/single-signature,0,BRD-K99964838,bosutinib,0.000000,30.108177,38.070240,3,0,0,22.726139,30.108177,0.000000,-90.000000,2566,False,False,False,False,False,False
2567,4,Tier 4 — Weak/single-signature,0,BRD-A08003242,rhodomyrtoxin-b,13.440849,53.253437,30.115345,3,0,0,32.269877,30.115345,13.440849,-90.000000,2567,False,False,False,False,False,False
2568,4,Tier 4 — Weak/single-signature,0,BRD-K74733595,APHA-compound-8,0.563777,60.820213,30.218520,3,0,0,30.534170,30.218520,0.563777,-90.000000,2568,False,False,False,False,False,False
2569,4,Tier 4 — Weak/single-signature,0,BRD-K54094468,remoxipride,0.000000,47.291836,30.352407,3,0,0,25.881414,30.352407,0.000000,-90.000000,2569,False,False,False,False,False,False
2570,4,Tier 4 — Weak/single-signature,0,BRD-K64800655,PHA-793887,0.000000,72.046684,30.448696,3,0,0,34.165127,30.448696,0.000000,-90.000000,2570,False,False,False,False,False,False
2571,4,Tier 4 — Weak/single-signature,0,BRD-A16998493,etodolac,0.000000,30.654652,65.273730,3,0,0,31.976127,30.654652,0.000000,-90.000000,2571,False,False,False,False,False,False
2572,4,Tier 4 — Weak/single-signature,0,BRD-K89274813,DMP-543,0.000000,38.825626,30.867706,3,0,0,23.231111,30.867706,0.000000,-90.000000,2572,False,False,False,False,False,False
2573,4,Tier 4 — Weak/single-signature,0,BRD-A49160188,donepezil,0.026977,30.920664,37.125960,3,0,0,22.691200,30.920664,0.026977,-90.000000,2573,False,False,False,False,False,False
2574,4,Tier 4 — Weak/single-signature,0,BRD-K09497549,kawain,0.000000,31.059578,61.987915,3,0,0,31.015831,31.059578,0.000000,-90.000000,2574,False,False,False,False,False,False
2575,4,Tier 4 — Weak/single-signature,0,BRD-K29178788,dictamnine,7.276114,31.123625,31.486380,3,0,0,23.295373,31.123625,7.276114,-90.000000,2575,False,False,False,False,False,False
2576,4,Tier 4 — Weak/single-signature,0,BRD-K30649484,mafenide,0.000000,54.510620,31.209343,3,0,0,28.573321,31.209343,0.000000,-90.000000,2576,False,False,False,False,False,False
2577,4,Tier 4 — Weak/single-signature,0,BRD-A29734509,disopyramide,0.246653,33.402680,31.362164,3,0,0,21.670499,31.362164,0.246653,-90.000000,2577,False,False,False,False,False,False
2578,4,Tier 4 — Weak/single-signature,0,BRD-K15868788,SDZ-205-557,17.906368,39.747826,31.496952,3,0,0,29.717049,31.496952,17.906368,-90.000000,2578,False,False,False,False,False,False
2579,4,Tier 4 — Weak/single-signature,0,BRD-K19227686,phenolphthalein,0.000000,31.524414,39.703682,3,0,0,23.742699,31.524414,0.000000,-90.000000,2579,False,False,False,False,False,False
2580,4,Tier 4 — Weak/single-signature,0,BRD-K35189033,levonorgestrel,0.140944,34.390926,31.572594,3,0,0,22.034821,31.572594,0.140944,-90.000000,2580,False,False,False,False,False,False
2581,4,Tier 4 — Weak/single-signature,0,BRD-K00603606,ticlopidine,0.449280,31.589718,55.432835,3,0,0,29.157278,31.589718,0.449280,-90.000000,2581,False,False,False,False,False,False
2582,4,Tier 4 — Weak/single-signature,0,BRD-K98157055,SIB-1757,0.000000,72.519390,31.657177,3,0,0,34.725522,31.657177,0.000000,-90.000000,2582,False,False,False,False,False,False
2583,4,Tier 4 — Weak/single-signature,0,BRD-K29653726,topiramate,0.284071,31.766480,33.231846,3,0,0,21.760799,31.766480,0.284071,-90.000000,2583,False,False,False,False,False,False
2584,4,Tier 4 — Weak/single-signature,0,BRD-K84955386,hyperoside,0.000000,31.796364,46.100464,3,0,0,25.965609,31.796364,0.000000,-90.000000,2584,False,False,False,False,False,False
2585,4,Tier 4 — Weak/single-signature,0,BRD-K15086322,JNJ-10191584,0.000000,31.815262,33.064630,3,0,0,21.626631,31.815262,0.000000,-90.000000,2585,False,False,False,False,False,False
2586,4,Tier 4 — Weak/single-signature,0,BRD-K33308633,INCA-6,0.000000,52.671936,31.861190,3,0,0,28.177709,31.861190,0.000000,-90.000000,2586,False,False,False,False,False,False
2587,4,Tier 4 — Weak/single-signature,0,BRD-A07824748,flavanone,30.143421,69.092590,32.027740,3,0,0,43.754584,32.027740,30.143421,-90.000000,2587,False,False,False,False,False,False
2588,4,Tier 4 — Weak/single-signature,0,BRD-K55055802,BRD-K55055802,0.845666,35.273730,32.090084,3,0,0,22.736493,32.090084,0.845666,-90.000000,2588,False,False,False,False,False,False
2589,4,Tier 4 — Weak/single-signature,0,BRD-A63667919,methylergometrine,0.775194,32.135044,35.987957,3,0,0,22.966065,32.135044,0.775194,-90.000000,2589,False,False,False,False,False,False
2590,4,Tier 4 — Weak/single-signature,0,BRD-K88679075,methandriol,0.000000,56.205330,32.434967,3,0,0,29.546766,32.434967,0.000000,-90.000000,2590,False,False,False,False,False,False
2591,4,Tier 4 — Weak/single-signature,0,BRD-K56699285,metergoline,0.000000,35.704600,32.516930,3,0,0,22.740510,32.516930,0.000000,-90.000000,2591,False,False,False,False,False,False
2592,4,Tier 4 — Weak/single-signature,0,BRD-A81377415,BRD-A81377415,0.000000,48.958130,32.621090,3,0,0,27.193073,32.621090,0.000000,-90.000000,2592,False,False,False,False,False,False
2593,4,Tier 4 — Weak/single-signature,0,BRD-K27737647,H-89,0.000000,59.354347,32.659530,3,0,0,30.671292,32.659530,0.000000,-90.000000,2593,False,False,False,False,False,False
2594,4,Tier 4 — Weak/single-signature,0,BRD-K06750613,GSK-1059615,0.000000,34.421260,32.672350,3,0,0,22.364537,32.672350,0.000000,-90.000000,2594,False,False,False,False,False,False
2595,4,Tier 4 — Weak/single-signature,0,BRD-A30437061,camptothecin,0.000000,57.693220,32.825630,3,0,0,30.172950,32.825630,0.000000,-90.000000,2595,False,False,False,False,False,False
2596,4,Tier 4 — Weak/single-signature,0,BRD-K92870997,pterostilbene,0.317125,37.055860,32.834164,3,0,0,23.402383,32.834164,0.317125,-90.000000,2596,False,False,False,False,False,False
2597,4,Tier 4 — Weak/single-signature,0,BRD-K82577285,dipropyl-dopamine,14.605021,45.384080,32.899390,3,0,0,30.962830,32.899390,14.605021,-90.000000,2597,False,False,False,False,False,False
2598,4,Tier 4 — Weak/single-signature,0,BRD-A73741725,exemestane,35.183647,33.047060,11.917196,3,0,0,26.715968,33.047060,11.917196,-90.000000,2598,False,False,False,False,False,False
2599,4,Tier 4 — Weak/single-signature,0,BRD-K99545815,PF-562271,0.000000,33.052830,48.927208,3,0,0,27.326679,33.052830,0.000000,-90.000000,2599,False,False,False,False,False,False
2600,4,Tier 4 — Weak/single-signature,0,BRD-A99571536,dubinidine,0.000000,50.574936,33.479343,3,0,0,28.018093,33.479343,0.000000,-90.000000,2600,False,False,False,False,False,False
2601,4,Tier 4 — Weak/single-signature,0,BRD-K66412701,pazufloxacin,3.030303,58.046295,33.848537,3,0,0,31.641712,33.848537,3.030303,-90.000000,2601,False,False,False,False,False,False
2602,4,Tier 4 — Weak/single-signature,0,BRD-K97863768,prothionamide,0.000000,34.053930,35.913204,3,0,0,23.322378,34.053930,0.000000,-90.000000,2602,False,False,False,False,False,False
2603,4,Tier 4 — Weak/single-signature,0,BRD-K85606544,neratinib,34.183453,57.989246,24.746400,3,0,0,38.973033,34.183453,24.746400,-90.000000,2603,False,False,False,False,False,False
2604,4,Tier 4 — Weak/single-signature,0,BRD-K14821540,FCCP,34.404778,33.584778,62.630486,3,0,0,43.540014,34.404778,33.584778,-90.000000,2604,False,False,False,False,False,False
2605,4,Tier 4 — Weak/single-signature,0,BRD-K70490179,rimcazole,0.000000,76.499750,34.480310,3,0,0,36.993353,34.480310,0.000000,-90.000000,2605,False,False,False,False,False,False
2606,4,Tier 4 — Weak/single-signature,0,BRD-A14208071,oxyphenonium,0.000000,44.600120,34.517994,3,0,0,26.372705,34.517994,0.000000,-90.000000,2606,False,False,False,False,False,False
2607,4,Tier 4 — Weak/single-signature,0,BRD-K13927029,retinol,38.945080,34.538708,3.347428,3,0,0,25.610405,34.538708,3.347428,-90.000000,2607,False,False,False,False,False,False
2608,4,Tier 4 — Weak/single-signature,0,BRD-K04548931,epirubicin,0.000000,34.555927,39.281540,3,0,0,24.612489,34.555927,0.000000,-90.000000,2608,False,False,False,False,False,False
2609,4,Tier 4 — Weak/single-signature,0,BRD-K93480852,KN-93,7.123720,44.965130,34.728737,3,0,0,28.939196,34.728737,7.123720,-90.000000,2609,False,False,False,False,False,False
2610,4,Tier 4 — Weak/single-signature,0,BRD-K56047318,RHC-80267,34.876343,28.358309,57.831142,3,0,0,40.355265,34.876343,28.358309,-90.000000,2610,False,False,False,False,False,False
2611,4,Tier 4 — Weak/single-signature,0,BRD-K32744045,disulfiram,0.528541,35.118332,37.659390,3,0,0,24.435421,35.118332,0.528541,-90.000000,2611,False,False,False,False,False,False
2612,4,Tier 4 — Weak/single-signature,0,BRD-A54927599,KF-38789,0.000000,35.198240,72.368866,3,0,0,35.855702,35.198240,0.000000,-90.000000,2612,False,False,False,False,False,False
2613,4,Tier 4 — Weak/single-signature,0,BRD-A36074203,remacemide,0.105708,45.876755,35.311120,3,0,0,27.097861,35.311120,0.105708,-90.000000,2613,False,False,False,False,False,False
2614,4,Tier 4 — Weak/single-signature,0,BRD-A72711497,lasalocid,54.782303,35.326523,17.475483,3,0,0,35.861436,35.326523,17.475483,-90.000000,2614,False,False,False,False,False,False
2615,4,Tier 4 — Weak/single-signature,0,BRD-A35989968,megestrol-acetate,0.463829,37.878990,35.351738,3,0,0,24.564852,35.351738,0.463829,-90.000000,2615,False,False,False,False,False,False
2616,4,Tier 4 — Weak/single-signature,0,BRD-K92760278,riboflavin,0.211417,47.386530,35.481530,3,0,0,27.693159,35.481530,0.211417,-90.000000,2616,False,False,False,False,False,False
2617,4,Tier 4 — Weak/single-signature,0,BRD-A09161221,nomilin,35.527737,13.490578,47.405334,3,0,0,32.141216,35.527737,13.490578,-90.000000,2617,False,False,False,False,False,False
2618,4,Tier 4 — Weak/single-signature,0,BRD-K25836724,epitestosterone,3.171247,35.540430,65.656980,3,0,0,34.789552,35.540430,3.171247,-90.000000,2618,False,False,False,False,False,False
2619,4,Tier 4 — Weak/single-signature,0,BRD-A06352418,terfenadine,0.000000,36.542282,35.600143,3,0,0,24.047475,35.600143,0.000000,-90.000000,2619,False,False,False,False,False,False
2620,4,Tier 4 — Weak/single-signature,0,BRD-K68392338,ZK-93426,0.000000,35.628822,37.916440,3,0,0,24.515087,35.628822,0.000000,-90.000000,2620,False,False,False,False,False,False
2621,4,Tier 4 — Weak/single-signature,0,BRD-K01265221,BRD-K01265221,2.367900,73.151110,35.743286,3,0,0,37.087432,35.743286,2.367900,-90.000000,2621,False,False,False,False,False,False
2622,4,Tier 4 — Weak/single-signature,0,BRD-K45861246,azaperone,1.550388,36.972584,35.780330,3,0,0,24.767767,35.780330,1.550388,-90.000000,2622,False,False,False,False,False,False
2623,4,Tier 4 — Weak/single-signature,0,BRD-K47832606,floxuridine,1.726568,47.346573,35.955414,3,0,0,28.342852,35.955414,1.726568,-90.000000,2623,False,False,False,False,False,False
2624,4,Tier 4 — Weak/single-signature,0,BRD-K08438429,BRD-K08438429,0.011062,35.975796,42.788357,3,0,0,26.258405,35.975796,0.011062,-90.000000,2624,False,False,False,False,False,False
2625,4,Tier 4 — Weak/single-signature,0,BRD-A09094913,strychnine,13.925956,46.057945,35.983467,3,0,0,31.989123,35.983467,13.925956,-90.000000,2625,False,False,False,False,False,False
2626,4,Tier 4 — Weak/single-signature,0,BRD-K64890080,BI-2536,1.021846,36.024345,63.695250,3,0,0,33.580480,36.024345,1.021846,-90.000000,2626,False,False,False,False,False,False
2627,4,Tier 4 — Weak/single-signature,0,BRD-K77681376,BRD-K77681376,0.000000,63.016926,36.047035,3,0,0,33.021320,36.047035,0.000000,-90.000000,2627,False,False,False,False,False,False
2628,4,Tier 4 — Weak/single-signature,0,BRD-K36198571,WAY-170523,0.000000,54.867250,36.141132,3,0,0,30.336127,36.141132,0.000000,-90.000000,2628,False,False,False,False,False,False
2629,4,Tier 4 — Weak/single-signature,0,BRD-A94624445,bucladesine,0.000000,36.219570,48.203080,3,0,0,28.140883,36.219570,0.000000,-90.000000,2629,False,False,False,False,False,False
2630,4,Tier 4 — Weak/single-signature,0,BRD-K51671335,levosulpiride,0.000000,36.242874,39.388730,3,0,0,25.210535,36.242874,0.000000,-90.000000,2630,False,False,False,False,False,False
2631,4,Tier 4 — Weak/single-signature,0,BRD-K10860596,granisetron,3.382664,36.266327,43.949684,3,0,0,27.866225,36.266327,3.382664,-90.000000,2631,False,False,False,False,False,False
2632,4,Tier 4 — Weak/single-signature,0,BRD-K17674993,diflorasone,1.762575,72.055435,36.636740,3,0,0,36.818250,36.636740,1.762575,-90.000000,2632,False,False,False,False,False,False
2633,4,Tier 4 — Weak/single-signature,0,BRD-K13566078,BMS-345541,0.000000,36.923010,67.221320,3,0,0,34.714777,36.923010,0.000000,-90.000000,2633,False,False,False,False,False,False
2634,4,Tier 4 — Weak/single-signature,0,BRD-K55070890,thiothixene,0.000000,66.091820,37.010320,3,0,0,34.367380,37.010320,0.000000,-90.000000,2634,False,False,False,False,False,False
2635,4,Tier 4 — Weak/single-signature,0,BRD-K87343924,wortmannin,4.071060,37.058190,45.253930,3,0,0,28.794393,37.058190,4.071060,-90.000000,2635,False,False,False,False,False,False
2636,4,Tier 4 — Weak/single-signature,0,BRD-K54142781,cirazoline,1.681888,49.570510,37.114555,3,0,0,29.455651,37.114555,1.681888,-90.000000,2636,False,False,False,False,False,False
2637,4,Tier 4 — Weak/single-signature,0,BRD-K40175214,torin-1,0.402181,37.655632,39.654340,3,0,0,25.904051,37.655632,0.402181,-90.000000,2637,False,False,False,False,False,False
2638,4,Tier 4 — Weak/single-signature,0,BRD-K49061529,BRD-K49061529,8.765838,51.717200,37.797990,3,0,0,32.760343,37.797990,8.765838,-90.000000,2638,False,False,False,False,False,False
2639,4,Tier 4 — Weak/single-signature,0,BRD-K91145395,prostratin,0.000000,37.807510,91.281560,3,0,0,43.029690,37.807510,0.000000,-90.000000,2639,False,False,False,False,False,False
2640,4,Tier 4 — Weak/single-signature,0,BRD-K06543683,bisindolylmaleimide-ix,0.000000,38.073082,45.187460,3,0,0,27.753514,38.073082,0.000000,-90.000000,2640,False,False,False,False,False,False
2641,4,Tier 4 — Weak/single-signature,0,BRD-A41519720,ezetimibe,0.000000,38.159164,46.811096,3,0,0,28.323420,38.159164,0.000000,-90.000000,2641,False,False,False,False,False,False
2642,4,Tier 4 — Weak/single-signature,0,BRD-K13390322,AT-7519,0.000000,38.399690,56.350660,3,0,0,31.583450,38.399690,0.000000,-90.000000,2642,False,False,False,False,False,False
2643,4,Tier 4 — Weak/single-signature,0,BRD-K79092138,nitrofural,6.236786,38.420578,86.524850,3,0,0,43.727405,38.420578,6.236786,-90.000000,2643,False,False,False,False,False,False
2644,4,Tier 4 — Weak/single-signature,0,BRD-K51318897,fenbendazole,2.008457,38.428055,49.361137,3,0,0,29.932550,38.428055,2.008457,-90.000000,2644,False,False,False,False,False,False
2645,4,Tier 4 — Weak/single-signature,0,BRD-A33447119,oxfendazole,0.634249,38.482113,57.218803,3,0,0,32.111722,38.482113,0.634249,-90.000000,2645,False,False,False,False,False,False
2646,4,Tier 4 — Weak/single-signature,0,BRD-K95435023,PHA-665752,0.000000,43.934140,38.579002,3,0,0,27.504381,38.579002,0.000000,-90.000000,2646,False,False,False,False,False,False
2647,4,Tier 4 — Weak/single-signature,0,BRD-K49669041,BX-912,38.612137,14.611734,52.754795,3,0,0,35.326222,38.612137,14.611734,-90.000000,2647,False,False,False,False,False,False
2648,4,Tier 4 — Weak/single-signature,0,BRD-K17849083,tranilast,0.105708,38.764618,50.698814,3,0,0,29.856380,38.764618,0.105708,-90.000000,2648,False,False,False,False,False,False
2649,4,Tier 4 — Weak/single-signature,0,BRD-K52735702,cefdinir,0.000000,38.776806,41.938744,3,0,0,26.905183,38.776806,0.000000,-90.000000,2649,False,False,False,False,False,False
2650,4,Tier 4 — Weak/single-signature,0,BRD-K75958195,pizotifen,1.691332,38.967560,61.216800,3,0,0,33.958564,38.967560,1.691332,-90.000000,2650,False,False,False,False,False,False
2651,4,Tier 4 — Weak/single-signature,0,BRD-K58938839,cyclopamine,1.092318,47.283543,38.989403,3,0,0,29.121755,38.989403,1.092318,-90.000000,2651,False,False,False,False,False,False
2652,4,Tier 4 — Weak/single-signature,0,BRD-A11702965,chromomycin-a3,0.000000,39.135593,60.785397,3,0,0,33.306997,39.135593,0.000000,-90.000000,2652,False,False,False,False,False,False
2653,4,Tier 4 — Weak/single-signature,0,BRD-K05737787,isoeugenol,0.000000,39.598335,47.444430,3,0,0,29.014255,39.598335,0.000000,-90.000000,2653,False,False,False,False,False,False
2654,4,Tier 4 — Weak/single-signature,0,BRD-K80725632,lavendustin-c,0.000000,39.662354,45.328896,3,0,0,28.330417,39.662354,0.000000,-90.000000,2654,False,False,False,False,False,False
2655,4,Tier 4 — Weak/single-signature,0,BRD-K13169950,NSC-3852,13.567163,40.002457,54.988890,3,0,0,36.186170,40.002457,13.567163,-90.000000,2655,False,False,False,False,False,False
2656,4,Tier 4 — Weak/single-signature,0,BRD-K15164005,apoptosis-activator-II,0.000000,40.095100,49.164180,3,0,0,29.753093,40.095100,0.000000,-90.000000,2656,False,False,False,False,False,False
2657,4,Tier 4 — Weak/single-signature,0,BRD-K96778649,tyrphostin-47,40.106136,43.007828,26.112772,3,0,0,36.408912,40.106136,26.112772,-90.000000,2657,False,False,False,False,False,False
2658,4,Tier 4 — Weak/single-signature,0,BRD-K70549064,staurosporine,0.000000,40.114730,43.628180,3,0,0,27.914303,40.114730,0.000000,-90.000000,2658,False,False,False,False,False,False
2659,4,Tier 4 — Weak/single-signature,0,BRD-A44551378,LFM-A12,0.214439,40.302640,59.787674,3,0,0,33.434918,40.302640,0.214439,-90.000000,2659,False,False,False,False,False,False
2660,4,Tier 4 — Weak/single-signature,0,BRD-A27489425,rolitetracycline,0.000000,57.236206,40.318660,3,0,0,32.518289,40.318660,0.000000,-90.000000,2660,False,False,False,False,False,False
2661,4,Tier 4 — Weak/single-signature,0,BRD-A34205397,suloctidil,47.505615,39.997100,40.348920,3,0,0,42.617212,40.348920,39.997100,-90.000000,2661,False,False,False,False,False,False
2662,4,Tier 4 — Weak/single-signature,0,BRD-K81855038,roxatidine-acetate,,38.350210,42.679480,2,0,0,40.514845,40.514845,38.350210,-90.000000,2662,False,False,False,False,False,False
2663,4,Tier 4 — Weak/single-signature,0,BRD-K80334323,noretynodrel,0.000000,40.532757,48.311447,3,0,0,29.614735,40.532757,0.000000,-90.000000,2663,False,False,False,False,False,False
2664,4,Tier 4 — Weak/single-signature,0,BRD-A49680073,cucurbitacin-i,40.810310,4.334038,56.521946,3,0,0,33.888765,40.810310,4.334038,-90.000000,2664,False,False,False,False,False,False
2665,4,Tier 4 — Weak/single-signature,0,BRD-K15519488,CS-110266,4.281128,42.739920,40.894646,3,0,0,29.305231,40.894646,4.281128,-90.000000,2665,False,False,False,False,False,False
2666,4,Tier 4 — Weak/single-signature,0,BRD-M30523314,vinorelbine,0.000000,41.089558,56.034820,3,0,0,32.374793,41.089558,0.000000,-90.000000,2666,False,False,False,False,False,False
2667,4,Tier 4 — Weak/single-signature,0,BRD-K71427192,BRD-K71427192,0.000000,78.267470,41.158493,3,0,0,39.808654,41.158493,0.000000,-90.000000,2667,False,False,False,False,False,False
2668,4,Tier 4 — Weak/single-signature,0,BRD-K53790871,triamcinolone,0.000000,79.265755,41.163406,3,0,0,40.143054,41.163406,0.000000,-90.000000,2668,False,False,False,False,False,False
2669,4,Tier 4 — Weak/single-signature,0,BRD-K41707108,ceramide,0.000000,64.808716,41.233006,3,0,0,35.347241,41.233006,0.000000,-90.000000,2669,False,False,False,False,False,False
2670,4,Tier 4 — Weak/single-signature,0,BRD-K22878149,SB-205607,0.000000,41.325440,61.360930,3,0,0,34.228790,41.325440,0.000000,-90.000000,2670,False,False,False,False,False,False
2671,4,Tier 4 — Weak/single-signature,0,BRD-A14966924,alaproclate,0.000000,41.359580,52.881683,3,0,0,31.413754,41.359580,0.000000,-90.000000,2671,False,False,False,False,False,False
2672,4,Tier 4 — Weak/single-signature,0,BRD-A47144777,dihydro-7-desacetyldeoxygedunin,41.368496,31.544750,58.436493,3,0,0,43.783246,41.368496,31.544750,-90.000000,2672,False,False,False,False,False,False
2673,4,Tier 4 — Weak/single-signature,0,BRD-A62182663,YK-4279,60.357020,26.364023,41.699500,3,0,0,42.806848,41.699500,26.364023,-90.000000,2673,False,False,False,False,False,False
2674,4,Tier 4 — Weak/single-signature,0,BRD-K40656405,L-165041,0.000000,41.728844,48.914513,3,0,0,30.214452,41.728844,0.000000,-90.000000,2674,False,False,False,False,False,False
2675,4,Tier 4 — Weak/single-signature,0,BRD-A31159102,fluoxetine,0.176180,41.754456,59.701880,3,0,0,33.877505,41.754456,0.176180,-90.000000,2675,False,False,False,False,False,False
2676,4,Tier 4 — Weak/single-signature,0,BRD-A88080608,equilin,0.000000,56.911910,42.187737,3,0,0,33.033216,42.187737,0.000000,-90.000000,2676,False,False,False,False,False,False
2677,4,Tier 4 — Weak/single-signature,0,BRD-K37206356,rhamnetin,0.000000,42.420124,52.157814,3,0,0,31.525979,42.420124,0.000000,-90.000000,2677,False,False,False,False,False,False
2678,4,Tier 4 — Weak/single-signature,0,BRD-K82216340,medroxyprogesterone,0.000000,63.880460,42.624596,3,0,0,35.501685,42.624596,0.000000,-90.000000,2678,False,False,False,False,False,False
2679,4,Tier 4 — Weak/single-signature,0,BRD-K43389675,daunorubicin,0.000000,42.724716,67.089035,3,0,0,36.604584,42.724716,0.000000,-90.000000,2679,False,False,False,False,False,False
2680,4,Tier 4 — Weak/single-signature,0,BRD-A38749782,fludrocortisone-acetate,0.000000,42.868484,43.017740,3,0,0,28.628741,42.868484,0.000000,-90.000000,2680,False,False,False,False,False,False
2681,4,Tier 4 — Weak/single-signature,0,BRD-A77050075,heraclenol,0.000000,51.611412,43.029030,3,0,0,31.546814,43.029030,0.000000,-90.000000,2681,False,False,False,False,False,False
2682,4,Tier 4 — Weak/single-signature,0,BRD-K81225797,SCH-58261,0.000000,59.833057,43.396190,3,0,0,34.409749,43.396190,0.000000,-90.000000,2682,False,False,False,False,False,False
2683,4,Tier 4 — Weak/single-signature,0,BRD-K13800121,parecoxib,36.998558,74.289600,43.437060,3,0,0,51.575073,43.437060,36.998558,-90.000000,2683,False,False,False,False,False,False
2684,4,Tier 4 — Weak/single-signature,0,BRD-A58280226,Y-27632,1.550388,61.282734,43.640068,3,0,0,35.491063,43.640068,1.550388,-90.000000,2684,False,False,False,False,False,False
2685,4,Tier 4 — Weak/single-signature,0,BRD-A41833852,naloxone,0.000000,43.694560,46.416980,3,0,0,30.037180,43.694560,0.000000,-90.000000,2685,False,False,False,False,False,False
2686,4,Tier 4 — Weak/single-signature,0,BRD-K55127134,fluphenazine,0.033262,58.431194,43.972010,3,0,0,34.145489,43.972010,0.033262,-90.000000,2686,False,False,False,False,False,False
2687,4,Tier 4 — Weak/single-signature,0,BRD-A15931911,bucladesine,0.071480,43.986256,45.511875,3,0,0,29.856537,43.986256,0.071480,-90.000000,2687,False,False,False,False,False,False
2688,4,Tier 4 — Weak/single-signature,0,BRD-K88304388,dextrorphan,0.823434,52.795708,44.232956,3,0,0,32.617366,44.232956,0.823434,-90.000000,2688,False,False,False,False,False,False
2689,4,Tier 4 — Weak/single-signature,0,BRD-K82381502,acetylcholine,0.000000,44.275055,47.287334,3,0,0,30.520796,44.275055,0.000000,-90.000000,2689,False,False,False,False,False,False
2690,4,Tier 4 — Weak/single-signature,0,BRD-K28849549,mesalazine,0.176180,45.503280,44.559437,3,0,0,30.079632,44.559437,0.176180,-90.000000,2690,False,False,False,False,False,False
2691,4,Tier 4 — Weak/single-signature,0,BRD-K69650333,idarubicin,0.000000,50.233715,44.909477,3,0,0,31.714397,44.909477,0.000000,-90.000000,2691,False,False,False,False,False,False
2692,4,Tier 4 — Weak/single-signature,0,BRD-K15842202,eudesmic-acid,6.960950,45.004253,45.759937,3,0,0,32.575047,45.004253,6.960950,-90.000000,2692,False,False,False,False,False,False
2693,4,Tier 4 — Weak/single-signature,0,BRD-K11630072,carmofur,45.153156,33.228012,80.548386,3,0,0,52.976518,45.153156,33.228012,-90.000000,2693,False,False,False,False,False,False
2694,4,Tier 4 — Weak/single-signature,0,BRD-A10715913,sulpiride,21.212912,56.824554,45.304245,3,0,0,41.113904,45.304245,21.212912,-90.000000,2694,False,False,False,False,False,False
2695,4,Tier 4 — Weak/single-signature,0,BRD-K50866992,tropisetron,1.648564,45.531770,70.795530,3,0,0,39.325288,45.531770,1.648564,-90.000000,2695,False,False,False,False,False,False
2696,4,Tier 4 — Weak/single-signature,0,BRD-K61033289,15-delta-prostaglandin-j2,74.267105,46.410440,34.091026,3,0,0,51.589524,46.410440,34.091026,-90.000000,2696,False,False,False,False,False,False
2697,4,Tier 4 — Weak/single-signature,0,BRD-K78084463,W-12,41.289978,60.362274,46.534300,3,0,0,49.395517,46.534300,41.289978,-90.000000,2697,False,False,False,False,False,False
2698,4,Tier 4 — Weak/single-signature,0,BRD-K09638361,IC-261,46.556927,43.347572,71.834640,3,0,0,53.913046,46.556927,43.347572,-90.000000,2698,False,False,False,False,False,False
2699,4,Tier 4 — Weak/single-signature,0,BRD-A68009927,daunorubicin,0.000000,46.737625,75.557670,3,0,0,40.765098,46.737625,0.000000,-90.000000,2699,False,False,False,False,False,False
2700,4,Tier 4 — Weak/single-signature,0,BRD-K71512533,SNS-314,41.289430,53.454803,46.918780,3,0,0,47.221004,46.918780,41.289430,-90.000000,2700,False,False,False,False,False,False
2701,4,Tier 4 — Weak/single-signature,0,BRD-K18194590,mephentermine,1.092318,46.996040,63.995434,3,0,0,37.361264,46.996040,1.092318,-90.000000,2701,False,False,False,False,False,False
2702,4,Tier 4 — Weak/single-signature,0,BRD-A30435184,metergoline,5.073996,47.087120,73.953550,3,0,0,42.038222,47.087120,5.073996,-90.000000,2702,False,False,False,False,False,False
2703,4,Tier 4 — Weak/single-signature,0,BRD-A66563878,medetomidine,16.179522,47.088210,48.590767,3,0,0,37.286166,47.088210,16.179522,-90.000000,2703,False,False,False,False,False,False
2704,4,Tier 4 — Weak/single-signature,0,BRD-K09963420,saquinavir,0.281889,63.909840,47.089530,3,0,0,37.093753,47.089530,0.281889,-90.000000,2704,False,False,False,False,False,False
2705,4,Tier 4 — Weak/single-signature,0,BRD-A00520476,AF-DX-116,0.000000,47.169907,49.766632,3,0,0,32.312180,47.169907,0.000000,-90.000000,2705,False,False,False,False,False,False
2706,4,Tier 4 — Weak/single-signature,0,BRD-K62374253,rufloxacin,0.029419,51.660330,47.184032,3,0,0,32.957927,47.184032,0.029419,-90.000000,2706,False,False,False,False,False,False
2707,4,Tier 4 — Weak/single-signature,0,BRD-K17497770,butein,23.656824,61.990746,47.372850,3,0,0,44.340140,47.372850,23.656824,-90.000000,2707,False,False,False,False,False,False
2708,4,Tier 4 — Weak/single-signature,0,BRD-K72895815,SSR-69071,0.000000,50.714670,47.410660,3,0,0,32.708443,47.410660,0.000000,-90.000000,2708,False,False,False,False,False,False
2709,4,Tier 4 — Weak/single-signature,0,BRD-A62326914,paroxetine,0.000000,67.485130,47.442825,3,0,0,38.309318,47.442825,0.000000,-90.000000,2709,False,False,False,False,False,False
2710,4,Tier 4 — Weak/single-signature,0,BRD-K82983861,GW-0742,0.000000,53.031883,47.467728,3,0,0,33.499870,47.467728,0.000000,-90.000000,2710,False,False,False,False,False,False
2711,4,Tier 4 — Weak/single-signature,0,BRD-K65814004,diphenyleneiodonium,0.000000,48.076763,47.862840,3,0,0,31.979868,47.862840,0.000000,-90.000000,2711,False,False,False,False,False,False
2712,4,Tier 4 — Weak/single-signature,0,BRD-K17743125,belinostat,12.893725,74.620950,48.166763,3,0,0,45.227146,48.166763,12.893725,-90.000000,2712,False,False,False,False,False,False
2713,4,Tier 4 — Weak/single-signature,0,BRD-K06426971,ryuvidine,0.000000,78.330930,48.262620,3,0,0,42.197850,48.262620,0.000000,-90.000000,2713,False,False,False,False,False,False
2714,4,Tier 4 — Weak/single-signature,0,BRD-K11373525,ZD-7155,0.000000,53.833214,48.274850,3,0,0,34.036021,48.274850,0.000000,-90.000000,2714,False,False,False,False,False,False
2715,4,Tier 4 — Weak/single-signature,0,BRD-K55044200,amoxicillin,0.000000,66.956510,48.322060,3,0,0,38.426190,48.322060,0.000000,-90.000000,2715,False,False,False,False,False,False
2716,4,Tier 4 — Weak/single-signature,0,BRD-K09635314,m-3M3FBS,1.092318,48.445404,53.773438,3,0,0,34.437053,48.445404,1.092318,-90.000000,2716,False,False,False,False,False,False
2717,4,Tier 4 — Weak/single-signature,0,BRD-K66782112,ICI-162846,0.000000,48.474510,66.203340,3,0,0,38.225950,48.474510,0.000000,-90.000000,2717,False,False,False,False,False,False
2718,4,Tier 4 — Weak/single-signature,0,BRD-K73610817,BRD-K73610817,27.830301,60.792492,48.579460,3,0,0,45.734084,48.579460,27.830301,-90.000000,2718,False,False,False,False,False,False
2719,4,Tier 4 — Weak/single-signature,0,BRD-K19220233,JNK-9L,0.000000,57.539650,48.774864,3,0,0,35.438171,48.774864,0.000000,-90.000000,2719,False,False,False,False,False,False
2720,4,Tier 4 — Weak/single-signature,0,BRD-A13122391,triptolide,0.000000,50.771053,49.051940,3,0,0,33.274331,49.051940,0.000000,-90.000000,2720,False,False,False,False,False,False
2721,4,Tier 4 — Weak/single-signature,0,BRD-A84327315,calcitriol,0.000000,77.409190,49.165770,3,0,0,42.191653,49.165770,0.000000,-90.000000,2721,False,False,False,False,False,False
2722,4,Tier 4 — Weak/single-signature,0,BRD-K70799801,quinidine,0.000000,49.573475,52.124054,3,0,0,33.899176,49.573475,0.000000,-90.000000,2722,False,False,False,False,False,False
2723,4,Tier 4 — Weak/single-signature,0,BRD-K91263825,nortriptyline,3.545841,69.035690,49.706080,3,0,0,40.762537,49.706080,3.545841,-90.000000,2723,False,False,False,False,False,False
2724,4,Tier 4 — Weak/single-signature,0,BRD-A65282128,cefazolin,50.044440,29.871378,67.222360,3,0,0,49.046059,50.044440,29.871378,-90.000000,2724,False,False,False,False,False,False
2725,4,Tier 4 — Weak/single-signature,0,BRD-K96271548,coumaric-acid,15.539374,70.109930,50.069565,3,0,0,45.239623,50.069565,15.539374,-90.000000,2725,False,False,False,False,False,False
2726,4,Tier 4 — Weak/single-signature,0,BRD-K96402602,farnesylthiotriazole,4.121147,50.085170,68.380310,3,0,0,40.862209,50.085170,4.121147,-90.000000,2726,False,False,False,False,False,False
2727,4,Tier 4 — Weak/single-signature,0,BRD-K18523449,mestanolone,0.387597,61.526398,50.297123,3,0,0,37.403706,50.297123,0.387597,-90.000000,2727,False,False,False,False,False,False
2728,4,Tier 4 — Weak/single-signature,0,BRD-K86882815,cabergoline,0.634249,56.784164,50.347084,3,0,0,35.921832,50.347084,0.634249,-90.000000,2728,False,False,False,False,False,False
2729,4,Tier 4 — Weak/single-signature,0,BRD-K82036761,sertraline,0.070472,65.323310,50.492880,3,0,0,38.628887,50.492880,0.070472,-90.000000,2729,False,False,False,False,False,False
2730,4,Tier 4 — Weak/single-signature,0,BRD-A73909368,dactinomycin,0.000000,50.691660,75.005100,3,0,0,41.898920,50.691660,0.000000,-90.000000,2730,False,False,False,False,False,False
2731,4,Tier 4 — Weak/single-signature,0,BRD-K82147103,lofepramine,0.458069,50.831173,72.858350,3,0,0,41.382531,50.831173,0.458069,-90.000000,2731,False,False,False,False,False,False
2732,4,Tier 4 — Weak/single-signature,0,BRD-K80639402,SB-258585,0.000000,51.033447,51.905678,3,0,0,34.313042,51.033447,0.000000,-90.000000,2732,False,False,False,False,False,False
2733,4,Tier 4 — Weak/single-signature,0,BRD-K22662435,ganciclovir,0.000000,51.074898,60.867660,3,0,0,37.314186,51.074898,0.000000,-90.000000,2733,False,False,False,False,False,False
2734,4,Tier 4 — Weak/single-signature,0,BRD-K52522949,NCH-51,0.000000,76.246830,51.267677,3,0,0,42.504836,51.267677,0.000000,-90.000000,2734,False,False,False,False,False,False
2735,4,Tier 4 — Weak/single-signature,0,BRD-K28912512,nicotinamide,0.000000,51.590622,92.177590,3,0,0,47.922737,51.590622,0.000000,-90.000000,2735,False,False,False,False,False,False
2736,4,Tier 4 — Weak/single-signature,0,BRD-U51951544,ZG-10,0.000000,59.276230,52.645027,3,0,0,37.307086,52.645027,0.000000,-90.000000,2736,False,False,False,False,False,False
2737,4,Tier 4 — Weak/single-signature,0,BRD-K62792802,LY-83583,0.000000,52.807144,80.223980,3,0,0,44.343708,52.807144,0.000000,-90.000000,2737,False,False,False,False,False,False
2738,4,Tier 4 — Weak/single-signature,0,BRD-K05653692,DL-PDMP,0.880902,56.554077,52.931732,3,0,0,36.788904,52.931732,0.880902,-90.000000,2738,False,False,False,False,False,False
2739,4,Tier 4 — Weak/single-signature,0,BRD-K96799727,pifithrin-mu,1.693259,73.613304,53.005363,3,0,0,42.770642,53.005363,1.693259,-90.000000,2739,False,False,False,False,False,False
2740,4,Tier 4 — Weak/single-signature,0,BRD-K79602928,metformin,0.000000,67.963140,53.169730,3,0,0,40.377623,53.169730,0.000000,-90.000000,2740,False,False,False,False,False,False
2741,4,Tier 4 — Weak/single-signature,0,BRD-M47793593,picrotoxin,0.000000,77.415840,53.199190,3,0,0,43.538343,53.199190,0.000000,-90.000000,2741,False,False,False,False,False,False
2742,4,Tier 4 — Weak/single-signature,0,BRD-K76840893,RS-17053,33.562664,55.983840,53.262234,3,0,0,47.602913,53.262234,33.562664,-90.000000,2742,False,False,False,False,False,False
2743,4,Tier 4 — Weak/single-signature,0,BRD-K52020312,metronidazole,42.523083,60.542618,53.327420,3,0,0,52.131040,53.327420,42.523083,-90.000000,2743,False,False,False,False,False,False
2744,4,Tier 4 — Weak/single-signature,0,BRD-K33583600,isoliquiritigenin,1.092318,79.383575,53.638332,3,0,0,44.704742,53.638332,1.092318,-90.000000,2744,False,False,False,False,False,False
2745,4,Tier 4 — Weak/single-signature,0,BRD-K72238567,fludarabine,0.000000,53.932022,63.888092,3,0,0,39.273371,53.932022,0.000000,-90.000000,2745,False,False,False,False,False,False
2746,4,Tier 4 — Weak/single-signature,0,BRD-K32828673,chelidonine,50.806225,53.933807,76.123960,3,0,0,60.287997,53.933807,50.806225,-90.000000,2746,False,False,False,False,False,False
2747,4,Tier 4 — Weak/single-signature,0,BRD-K49481516,galantamine,0.458069,60.861023,54.036293,3,0,0,38.451795,54.036293,0.458069,-90.000000,2747,False,False,False,False,False,False
2748,4,Tier 4 — Weak/single-signature,0,BRD-K35573744,erbstatin-analog,0.000000,54.318660,65.251400,3,0,0,39.856687,54.318660,0.000000,-90.000000,2748,False,False,False,False,False,False
2749,4,Tier 4 — Weak/single-signature,0,BRD-K06147391,telenzepine,0.000000,54.346073,69.358070,3,0,0,41.234714,54.346073,0.000000,-90.000000,2749,False,False,False,False,False,False
2750,4,Tier 4 — Weak/single-signature,0,BRD-K76617868,fasudil,0.000000,57.818115,54.451694,3,0,0,37.423270,54.451694,0.000000,-90.000000,2750,False,False,False,False,False,False
2751,4,Tier 4 — Weak/single-signature,0,BRD-K39484304,triptolide,0.000000,61.018906,54.648590,3,0,0,38.555832,54.648590,0.000000,-90.000000,2751,False,False,False,False,False,False
2752,4,Tier 4 — Weak/single-signature,0,BRD-K38615104,A-443644,0.000000,54.662373,59.361485,3,0,0,38.007953,54.662373,0.000000,-90.000000,2752,False,False,False,False,False,False
2753,4,Tier 4 — Weak/single-signature,0,BRD-K97752965,nicorandil,0.000000,55.502480,55.005050,3,0,0,36.835843,55.005050,0.000000,-90.000000,2753,False,False,False,False,False,False
2754,4,Tier 4 — Weak/single-signature,0,BRD-K04887706,AKT-inhibitor-1-2,0.000000,77.305490,55.073036,3,0,0,44.126175,55.073036,0.000000,-90.000000,2754,False,False,False,False,False,False
2755,4,Tier 4 — Weak/single-signature,0,BRD-A52650764,ingenol,1.658602,55.171960,87.721280,3,0,0,48.183947,55.171960,1.658602,-90.000000,2755,False,False,False,False,False,False
2756,4,Tier 4 — Weak/single-signature,0,BRD-K13664374,dichloroacetic-acid,2.585069,58.429615,55.186540,3,0,0,38.733741,55.186540,2.585069,-90.000000,2756,False,False,False,False,False,False
2757,4,Tier 4 — Weak/single-signature,0,BRD-A18497530,5-iodotubercidin,0.000000,60.233950,55.267487,3,0,0,38.500479,55.267487,0.000000,-90.000000,2757,False,False,False,False,False,False
2758,4,Tier 4 — Weak/single-signature,0,BRD-A76941896,doxorubicin,0.000000,62.154015,55.398754,3,0,0,39.184256,55.398754,0.000000,-90.000000,2758,False,False,False,False,False,False
2759,4,Tier 4 — Weak/single-signature,0,BRD-A68891053,BW-B70C,0.000000,55.436620,58.638718,3,0,0,38.025113,55.436620,0.000000,-90.000000,2759,False,False,False,False,False,False
2760,4,Tier 4 — Weak/single-signature,0,BRD-K10799896,clobetasol,0.000000,74.089160,55.767002,3,0,0,43.285387,55.767002,0.000000,-90.000000,2760,False,False,False,False,False,False
2761,4,Tier 4 — Weak/single-signature,0,BRD-K09499853,KU-0060648,1.021846,74.874370,56.023080,3,0,0,43.973099,56.023080,1.021846,-90.000000,2761,False,False,False,False,False,False
2762,4,Tier 4 — Weak/single-signature,0,BRD-A65767837,hydrocortisone-acetate,9.826978,64.108280,56.339300,3,0,0,43.424853,56.339300,9.826978,-90.000000,2762,False,False,False,False,False,False
2763,4,Tier 4 — Weak/single-signature,0,BRD-K07237224,moclobemide,0.670582,56.655605,63.589700,3,0,0,40.305296,56.655605,0.670582,-90.000000,2763,False,False,False,False,False,False
2764,4,Tier 4 — Weak/single-signature,0,BRD-K64606589,apicidin,2.466526,87.976585,57.021664,3,0,0,49.154925,57.021664,2.466526,-90.000000,2764,False,False,False,False,False,False
2765,4,Tier 4 — Weak/single-signature,0,BRD-K87909389,alvocidib,0.000000,57.340576,67.111930,3,0,0,41.484169,57.340576,0.000000,-90.000000,2765,False,False,False,False,False,False
2766,4,Tier 4 — Weak/single-signature,0,BRD-K39391626,ethylestrenol,1.057082,57.389397,67.323760,3,0,0,41.923413,57.389397,1.057082,-90.000000,2766,False,False,False,False,False,False
2767,4,Tier 4 — Weak/single-signature,0,BRD-K60230970,MG-132,1.338971,57.644820,64.909230,3,0,0,41.297674,57.644820,1.338971,-90.000000,2767,False,False,False,False,False,False
2768,4,Tier 4 — Weak/single-signature,0,BRD-A77216878,manumycin-a,0.986610,57.949844,78.807750,3,0,0,45.914735,57.949844,0.986610,-90.000000,2768,False,False,False,False,False,False
2769,4,Tier 4 — Weak/single-signature,0,BRD-K70578146,dactinomycin,0.000000,57.975548,64.387910,3,0,0,40.787819,57.975548,0.000000,-90.000000,2769,False,False,False,False,False,False
2770,4,Tier 4 — Weak/single-signature,0,BRD-A63546914,Ro-04-5595,1.409443,57.985683,58.009308,3,0,0,39.134811,57.985683,1.409443,-90.000000,2770,False,False,False,False,False,False
2771,4,Tier 4 — Weak/single-signature,0,BRD-K24201553,SB-269970,7.840895,58.171417,63.949596,3,0,0,43.320636,58.171417,7.840895,-90.000000,2771,False,False,False,False,False,False
2772,4,Tier 4 — Weak/single-signature,0,BRD-A12633378,BRD-A12633378,6.659619,81.925630,58.280712,3,0,0,48.955320,58.280712,6.659619,-90.000000,2772,False,False,False,False,False,False
2773,4,Tier 4 — Weak/single-signature,0,BRD-K61829047,7b-cis,4.510156,58.298030,80.212690,3,0,0,47.673625,58.298030,4.510156,-90.000000,2773,False,False,False,False,False,False
2774,4,Tier 4 — Weak/single-signature,0,BRD-K79090631,CGP-60474,0.000000,75.820910,58.338930,3,0,0,44.719947,58.338930,0.000000,-90.000000,2774,False,False,False,False,False,False
2775,4,Tier 4 — Weak/single-signature,0,BRD-K10467831,tibolone,0.000000,59.725037,58.383550,3,0,0,39.369529,58.383550,0.000000,-90.000000,2775,False,False,False,False,False,False
2776,4,Tier 4 — Weak/single-signature,0,BRD-A09539288,homatropine,4.157857,91.466110,58.395443,3,0,0,51.339803,58.395443,4.157857,-90.000000,2776,False,False,False,False,False,False
2777,4,Tier 4 — Weak/single-signature,0,BRD-A09722536,cyclophosphamide,0.000000,60.600230,58.814700,3,0,0,39.804977,58.814700,0.000000,-90.000000,2777,False,False,False,False,False,False
2778,4,Tier 4 — Weak/single-signature,0,BRD-K60623809,SU-11652,0.000000,67.353040,59.011140,3,0,0,42.121393,59.011140,0.000000,-90.000000,2778,False,False,False,False,False,False
2779,4,Tier 4 — Weak/single-signature,0,BRD-K61341215,vecuronium,0.000000,83.774070,59.627186,3,0,0,47.800419,59.627186,0.000000,-90.000000,2779,False,False,False,False,False,False
2780,4,Tier 4 — Weak/single-signature,0,BRD-K84036904,testosterone,3.619644,60.881110,74.727516,3,0,0,46.409423,60.881110,3.619644,-90.000000,2780,False,False,False,False,False,False
2781,4,Tier 4 — Weak/single-signature,0,BRD-A09495397,bicuculline,0.000000,63.596382,61.135883,3,0,0,41.577422,61.135883,0.000000,-90.000000,2781,False,False,False,False,False,False
2782,4,Tier 4 — Weak/single-signature,0,BRD-A19248578,latrunculin-b,0.000000,70.630066,61.268646,3,0,0,43.966237,61.268646,0.000000,-90.000000,2782,False,False,False,False,False,False
2783,4,Tier 4 — Weak/single-signature,0,BRD-K11663430,pyroxamide,0.000000,79.023834,61.275818,3,0,0,46.766551,61.275818,0.000000,-90.000000,2783,False,False,False,False,False,False
2784,4,Tier 4 — Weak/single-signature,0,BRD-K45988865,tetramethylsilane,0.845666,61.322010,84.828160,3,0,0,48.998612,61.322010,0.845666,-90.000000,2784,False,False,False,False,False,False
2785,4,Tier 4 — Weak/single-signature,0,BRD-K22227508,targinine,1.472384,62.088173,62.814290,3,0,0,42.124949,62.088173,1.472384,-90.000000,2785,False,False,False,False,False,False
2786,4,Tier 4 — Weak/single-signature,0,BRD-K92413528,thiazolidinecarboxylic-acid,0.000000,62.354750,84.736520,3,0,0,49.030423,62.354750,0.000000,-90.000000,2786,False,False,False,False,False,False
2787,4,Tier 4 — Weak/single-signature,0,BRD-A48631911,mibefradil,0.000000,90.473470,62.945217,3,0,0,51.139562,62.945217,0.000000,-90.000000,2787,False,False,False,False,False,False
2788,4,Tier 4 — Weak/single-signature,0,BRD-K49328571,dasatinib,0.000000,63.485382,71.527300,3,0,0,45.004227,63.485382,0.000000,-90.000000,2788,False,False,False,False,False,False
2789,4,Tier 4 — Weak/single-signature,0,BRD-K53780220,BRD-K53780220,0.000000,80.730740,63.501102,3,0,0,48.077281,63.501102,0.000000,-90.000000,2789,False,False,False,False,False,False
2790,4,Tier 4 — Weak/single-signature,0,BRD-K90976994,dehydrocholic-acid,0.000000,64.951706,63.559387,3,0,0,42.837031,63.559387,0.000000,-90.000000,2790,False,False,False,False,False,False
2791,4,Tier 4 — Weak/single-signature,0,BRD-A51929314,BRD-A51929314,0.000000,69.029800,64.063310,3,0,0,44.364370,64.063310,0.000000,-90.000000,2791,False,False,False,False,False,False
2792,4,Tier 4 — Weak/single-signature,0,BRD-K51290057,SA-792709,58.475240,64.473920,75.623400,3,0,0,66.190853,64.473920,58.475240,-90.000000,2792,False,False,False,False,False,False
2793,4,Tier 4 — Weak/single-signature,0,BRD-K71059170,cefixime,0.000000,73.130356,64.993610,3,0,0,46.041322,64.993610,0.000000,-90.000000,2793,False,False,False,False,False,False
2794,4,Tier 4 — Weak/single-signature,0,BRD-A00758722,noretynodrel,0.000000,90.240395,65.201230,3,0,0,51.813875,65.201230,0.000000,-90.000000,2794,False,False,False,False,False,False
2795,4,Tier 4 — Weak/single-signature,0,BRD-A53077924,tianeptine,0.000000,69.546840,65.446930,3,0,0,44.997923,65.446930,0.000000,-90.000000,2795,False,False,False,False,False,False
2796,4,Tier 4 — Weak/single-signature,0,BRD-K07212038,selinidin,43.862240,65.609690,65.910286,3,0,0,58.460739,65.609690,43.862240,-90.000000,2796,False,False,False,False,False,False
2797,4,Tier 4 — Weak/single-signature,0,BRD-A09062839,amyleine,4.699171,69.885050,65.839610,3,0,0,46.807944,65.839610,4.699171,-90.000000,2797,False,False,False,False,False,False
2798,4,Tier 4 — Weak/single-signature,0,BRD-K18619710,digoxigenin,0.000000,67.634796,65.917960,3,0,0,44.517585,65.917960,0.000000,-90.000000,2798,False,False,False,False,False,False
2799,4,Tier 4 — Weak/single-signature,0,BRD-K27721098,clopidogrel,66.030754,82.066720,23.243567,3,0,0,57.113680,66.030754,23.243567,-90.000000,2799,False,False,False,False,False,False
2800,4,Tier 4 — Weak/single-signature,0,BRD-K14920963,erythrosine,0.000000,88.422980,66.321250,3,0,0,51.581410,66.321250,0.000000,-90.000000,2800,False,False,False,False,False,False
2801,4,Tier 4 — Weak/single-signature,0,BRD-K17561142,amiodarone,2.219873,66.414570,67.020390,3,0,0,45.218278,66.414570,2.219873,-90.000000,2801,False,False,False,False,False,False
2802,4,Tier 4 — Weak/single-signature,0,BRD-A64297288,amlodipine,35.006610,67.396810,75.024370,3,0,0,59.142597,67.396810,35.006610,-90.000000,2802,False,False,False,False,False,False
2803,4,Tier 4 — Weak/single-signature,0,BRD-K96362535,tubaic-acid,1.929950,67.652250,78.891770,3,0,0,49.491323,67.652250,1.929950,-90.000000,2803,False,False,False,False,False,False
2804,4,Tier 4 — Weak/single-signature,0,BRD-K88868628,iodoacetic-acid,0.000000,67.659960,73.756620,3,0,0,47.138860,67.659960,0.000000,-90.000000,2804,False,False,False,False,False,False
2805,4,Tier 4 — Weak/single-signature,0,BRD-A41301928,bongkrek-acid,0.000000,68.361530,71.931610,3,0,0,46.764380,68.361530,0.000000,-90.000000,2805,False,False,False,False,False,False
2806,4,Tier 4 — Weak/single-signature,0,BRD-A55484088,BNTX,76.245190,32.381588,68.892640,3,0,0,59.173139,68.892640,32.381588,-90.000000,2806,False,False,False,False,False,False
2807,4,Tier 4 — Weak/single-signature,0,BRD-A16934955,nalbuphine,0.810430,73.288350,68.932450,3,0,0,47.677077,68.932450,0.810430,-90.000000,2807,False,False,False,False,False,False
2808,4,Tier 4 — Weak/single-signature,0,BRD-A52660433,tetrindole,1.338971,74.047140,68.932880,3,0,0,48.106330,68.932880,1.338971,-90.000000,2808,False,False,False,False,False,False
2809,4,Tier 4 — Weak/single-signature,0,BRD-K30296925,flavokavain-b,26.481457,83.310770,69.972230,3,0,0,59.921486,69.972230,26.481457,-90.000000,2809,False,False,False,False,False,False
2810,4,Tier 4 — Weak/single-signature,0,BRD-K85853281,BRD-K85853281,0.000000,71.642850,70.219610,3,0,0,47.287487,70.219610,0.000000,-90.000000,2810,False,False,False,False,False,False
2811,4,Tier 4 — Weak/single-signature,0,BRD-K11911061,GR-127935,0.000000,80.506300,70.278694,3,0,0,50.261665,70.278694,0.000000,-90.000000,2811,False,False,False,False,False,False
2812,4,Tier 4 — Weak/single-signature,0,BRD-K78692225,leflunomide,0.000000,92.743670,71.793260,3,0,0,54.845643,71.793260,0.000000,-90.000000,2812,False,False,False,False,False,False
2813,4,Tier 4 — Weak/single-signature,0,BRD-K57011718,UK-356618,2.071475,72.102560,85.310460,3,0,0,53.161498,72.102560,2.071475,-90.000000,2813,False,False,False,False,False,False
2814,4,Tier 4 — Weak/single-signature,0,BRD-K50422030,clomethiazole,0.000000,72.148300,86.188720,3,0,0,52.779007,72.148300,0.000000,-90.000000,2814,False,False,False,False,False,False
2815,4,Tier 4 — Weak/single-signature,0,BRD-K09471561,levofloxacin,82.750490,55.417133,72.823130,3,0,0,70.330251,72.823130,55.417133,-90.000000,2815,False,False,False,False,False,False
2816,4,Tier 4 — Weak/single-signature,0,BRD-K77908580,entinostat,0.000000,72.988396,90.940640,3,0,0,54.643012,72.988396,0.000000,-90.000000,2816,False,False,False,False,False,False
2817,4,Tier 4 — Weak/single-signature,0,BRD-K13810148,givinostat,0.000000,89.443190,74.159890,3,0,0,54.534360,74.159890,0.000000,-90.000000,2817,False,False,False,False,False,False
2818,4,Tier 4 — Weak/single-signature,0,BRD-K94441233,mevastatin,0.400071,87.076940,74.645134,3,0,0,54.040715,74.645134,0.400071,-90.000000,2818,False,False,False,False,False,False
2819,4,Tier 4 — Weak/single-signature,0,BRD-A15079084,phorbol-12-myristate-13-acetate,1.268499,76.669716,88.583510,3,0,0,55.507242,76.669716,1.268499,-90.000000,2819,False,False,False,False,False,False
2820,4,Tier 4 — Weak/single-signature,0,BRD-A52530684,doxorubicin,0.000000,77.960200,76.806816,3,0,0,51.589005,76.806816,0.000000,-90.000000,2820,False,False,False,False,False,False
2821,4,Tier 4 — Weak/single-signature,0,BRD-K98684188,GSK-0660,37.150036,76.956406,80.735250,3,0,0,64.947231,76.956406,37.150036,-90.000000,2821,False,False,False,False,False,False
2822,4,Tier 4 — Weak/single-signature,0,BRD-A79465854,auranofin,1.021846,95.587290,77.391460,3,0,0,58.000199,77.391460,1.021846,-90.000000,2822,False,False,False,False,False,False
2823,4,Tier 4 — Weak/single-signature,0,BRD-A96107863,nisoldipine,0.845666,82.957490,77.868680,3,0,0,53.890612,77.868680,0.845666,-90.000000,2823,False,False,False,False,False,False
2824,4,Tier 4 — Weak/single-signature,0,BRD-K31491153,1-phenylbiguanide,78.808770,86.599280,0.000000,3,0,0,55.136017,78.808770,0.000000,-90.000000,2824,False,False,False,False,False,False
2825,4,Tier 4 — Weak/single-signature,0,BRD-K15891719,tenofovir,7.575757,87.685560,80.601150,3,0,0,58.620822,80.601150,7.575757,-90.000000,2825,False,False,False,False,False,False
2826,4,Tier 4 — Weak/single-signature,0,BRD-K87555556,amiodarone,0.000000,80.760680,85.225945,3,0,0,55.328875,80.760680,0.000000,-90.000000,2826,False,False,False,False,False,False
2827,4,Tier 4 — Weak/single-signature,0,BRD-K63675182,triflupromazine,0.000000,82.022010,88.013930,3,0,0,56.678647,82.022010,0.000000,-90.000000,2827,False,False,False,False,False,False
2828,4,Tier 4 — Weak/single-signature,0,BRD-K11927976,ER-27319,0.000000,84.900375,82.876854,3,0,0,55.925743,82.876854,0.000000,-90.000000,2828,False,False,False,False,False,False
2829,4,Tier 4 — Weak/single-signature,0,BRD-K21680192,mitoxantrone,0.000000,83.933600,92.129270,3,0,0,58.687623,83.933600,0.000000,-90.000000,2829,False,False,False,False,False,False
2830,4,Tier 4 — Weak/single-signature,0,BRD-K17210248,daunorubicin,0.000000,84.641556,87.508835,3,0,0,57.383464,84.641556,0.000000,-90.000000,2830,False,False,False,False,False,False
2831,4,Tier 4 — Weak/single-signature,0,BRD-K02407574,parbendazole,0.000000,85.339740,97.780130,3,0,0,61.039957,85.339740,0.000000,-90.000000,2831,False,False,False,False,False,False
2832,4,Tier 4 — Weak/single-signature,0,BRD-K61323504,SB-225002,0.020237,85.617256,91.156280,3,0,0,58.931258,85.617256,0.020237,-90.000000,2832,False,False,False,False,False,False
2833,4,Tier 4 — Weak/single-signature,0,BRD-K42748308,XE-991,5.652911,97.674416,86.822070,3,0,0,63.383132,86.822070,5.652911,-90.000000,2833,False,False,False,False,False,False
2834,4,Tier 4 — Weak/single-signature,0,BRD-A45889380,mepacrine,0.000000,89.006340,95.353720,3,0,0,61.453353,89.006340,0.000000,-90.000000,2834,False,False,False,False,False,False
2835,4,Tier 4 — Weak/single-signature,0,BRD-K63265447,docetaxel,4.410570,90.311134,90.097200,3,0,0,61.606301,90.097200,4.410570,-90.000000,2835,False,False,False,False,False,False
2836,4,Tier 4 — Weak/single-signature,0,BRD-K98548675,parthenolide,87.998960,92.451130,94.804080,3,0,0,91.751390,92.451130,87.998960,-90.000000,2836,False,False,False,False,False,False
2837,4,Tier 4 — Weak/single-signature,0,BRD-A47513740,calyculin,1.303735,93.741490,98.466950,3,0,0,64.504058,93.741490,1.303735,-90.000000,2837,False,False,False,False,False,False
