Gene_set,Term,Overlap,P-value,Adjusted P-value,Old P-value,Old Adjusted P-value,Odds Ratio,Combined Score,Genes
MSigDB_Hallmark_2020,Estrogen Response Early,41/200,4.9841979109163495e-12,2.4422569763490117e-10,0,0,4.079997648856756,106.18091320608204,NXT1;SLC24A3;TMPRSS3;HSPB8;ASB13;AREG;RAPGEFL1;SLC7A2;PDLIM3;MYC;STC2;MYBL1;SYBU;CA12;IGFBP4;SIAH2;ELOVL2;DYNLT3;AMFR;GREB1;ITPK1;MYOF;NPY1R;KCNK15;PLAAT3;GFRA1;PDZK1;FOS;DHRS2;OVOL2;REEP1;OLFM1;TUBB2B;DLC1;MPPED2;RARA;BCL2;PGR;MAPT;RAB17;CD44
MSigDB_Hallmark_2020,Estrogen Response Late,39/200,8.084542304812696e-11,1.9807128646791103e-09,0,0,3.8258498885780665,88.90694431339047,NXT1;SLC24A3;TMPRSS3;HSPB8;PTGER3;NAB2;AREG;CXCL14;RAPGEFL1;SCUBE2;PDLIM3;TRIM29;GPER1;CA12;IGFBP4;SIAH2;DYNLT3;AMFR;XRCC3;MYOF;ITPK1;TFPI2;NPY1R;DNAJC12;PLAAT3;PDZK1;FOS;DHRS2;KLK11;OVOL2;BATF;OLFM1;FABP5;BCL2;PGR;MAPT;PKP3;CD44;LTF
MSigDB_Hallmark_2020,Interferon Gamma Response,33/200,1.578600075211017e-07,2.5783801228446603e-06,0,0,3.10414613810354,48.61576237673973,IFITM3;OGFR;C1S;C1R;NLRC5;SECTM1;IFI35;DDX60;PSMB10;MT2A;APOL6;SLC25A28;CCL5;DHX58;CASP4;TRIM21;B2M;HERC6;MX1;TAP1;ISG15;HLA-A;PARP14;PSMB8;PSMB9;ZNFX1;IRF1;OAS3;IL2RB;TRIM14;RBCK1;HLA-DRB1;PFKP
MSigDB_Hallmark_2020,Interferon Alpha Response,21/97,2.9442639264778026e-07,3.606723309935308e-06,0,0,4.318097876269621,64.93657841124616,IFITM3;OGFR;C1S;MX1;TAP1;GMPR;ISG15;IFI35;DDX60;PARP14;PSMB8;PSMB9;SLC25A28;LPAR6;IRF1;DHX58;TRIM14;CD47;TRIM21;B2M;HERC6
MSigDB_Hallmark_2020,p53 Pathway,22/200,0.0052887359756917,0.0518296125617789,0,0,1.922550824846868,10.078349807515492,BTG2;HDAC3;ABHD4;CDKN2A;PVT1;DGKA;ABCC5;PDGFA;TAP1;FOS;RRP8;TM4SF1;PITPNC1;H1-2;DDB2;NINJ1;RACK1;RPL18;TP53;RPS12;S100A10;RAD9A
MSigDB_Hallmark_2020,Hypoxia,20/200,0.0201106839917616,0.1642372525993867,0,0,1.7252828788721943,6.739824576581552,CA12;ANXA2;SDC2;SIAH2;ADM;AK4;FOS;ENO2;EFNA1;GRHPR;MT2A;LDHA;EFNA3;PPP1R3C;STC2;BCL2;PKP1;ALDOC;SLC37A4;PFKP
MSigDB_Hallmark_2020,Epithelial Mesenchymal Transition,19/200,0.0364830384519012,0.2553812691633089,0,0,1.6285163971818135,5.391867684765451,SERPINE2;IGFBP4;COL12A1;IGFBP2;TFPI2;TNC;CAPG;ENO2;AREG;FSTL1;LOXL1;DPYSL3;MGP;COL6A3;VIM;FMOD;PDLIM4;CD44;PFN2
MSigDB_Hallmark_2020,UV Response Up,15/158,0.0584844349799229,0.3343766857943006,0,0,1.6252201663672985,4.613991323041718,H2AX;BTG2;IGFBP2;CLTB;TAP1;FOS;ENO2;HLA-F;OLFM1;PDLIM3;COL2A1;STK25;IRF1;TYRO3;CYP1A1
MSigDB_Hallmark_2020,Myc Targets V2,7/58,0.0614161259622184,0.3343766857943006,0,0,2.1229740451093733,5.923273454067783,NOP56;RCL1;EXOSC5;NOP16;CDK4;MYC;WDR74
MSigDB_Hallmark_2020,Unfolded Protein Response,10/113,0.1505050228699529,0.6069735961931023,0,0,1.5012377033369768,2.842982142810345,H2AX;NOP56;RPS14;EXOSC5;TUBB2A;IMP3;STC2;BANF1;WIPI1;EEF2
MSigDB_Hallmark_2020,TNF-alpha Signaling via NF-kB,16/200,0.1610338112349047,0.6069735961931023,0,0,1.3454387614844825,2.4569607889703047,EGR1;BTG2;TNC;TAP1;FOS;AREG;EFNA1;PER1;TUBB2A;MYC;IRF1;CCL5;NINJ1;KLF9;TRIB1;CD44
MSigDB_Hallmark_2020,Myc Targets V1,16/200,0.1610338112349047,0.6069735961931023,0,0,1.3454387614844825,2.4569607889703047,NOP56;NOP16;RPS5;RPLP0;PHB2;NME1;EEF1B2;LDHA;CDK4;MYC;IMPDH2;RACK1;RPS3;RPS2;CYC1;RPL18
MSigDB_Hallmark_2020,Allograft Rejection,16/200,0.1610338112349047,0.6069735961931023,0,0,1.3454387614844825,2.4569607889703047,RPS9;CDKN2A;WAS;TAP1;CAPG;RPS3A;HLA-A;PSMB10;C2;NME1;RPS19;CCL5;IL2RB;CD47;APBB1;B2M
MSigDB_Hallmark_2020,Apoptosis,13/161,0.1831186396348861,0.6409152387221013,0,0,1.3583155769877762,2.305905091836522,IFITM3;BTG2;ANXA1;TAP1;EMP1;ENO2;CDC25B;LGALS3;AIFM3;IRF1;CASP4;RARA;CD44
MSigDB_Hallmark_2020,Complement,15/200,0.2381786699985319,0.7294221768705041,0,0,1.2534205027970613,1.7983252280958448,APOBEC3F;C1S;CPQ;C1R;TFPI2;WAS;GATA3;C2;PSMB9;LGALS3;IRF1;CCL5;CASP4;FYN;LTF
MSigDB_Hallmark_2020,KRAS Signaling Dn,15/200,0.2381786699985319,0.7294221768705041,0,0,1.2534205027970613,1.7983252280958448,BTG2;IGFBP2;MX1;CCDC106;SLC6A3;COL2A1;CAPN9;FGGY;SIDT1;PKP1;EFHD1;CACNG1;RGS11;SYNPO;GPR19
MSigDB_Hallmark_2020,Fatty Acid Metabolism,12/158,0.2557249761986785,0.737089637278544,0,0,1.2700879165814762,1.7319588468012537,GSTZ1;GCDH;GRHPR;HMGCL;LDHA;ACOT2;CYP1A1;DLST;ENO2;BPHL;CRAT;S100A10
MSigDB_Hallmark_2020,Apical Surface,4/44,0.2789892326304576,0.7435115400244291,0,0,1.5438220757825372,1.97081561305992,SLC34A3;IL2RB;GATA3;MDGA1
MSigDB_Hallmark_2020,Coagulation,10/138,0.3318193083987505,0.7435115400244291,0,0,1.2064103890728477,1.3308693670452632,TF;ANXA1;VWF;C1S;CPQ;C1R;TFPI2;FYN;C2;DUSP14
MSigDB_Hallmark_2020,Myogenesis,14/200,0.3342739220746232,0.7435115400244291,0,0,1.1625406351587897,1.2739056295612785,CAMK2B;PRNP;HSPB8;SOD3;REEP1;MYH3;PPP1R3C;MB;STC2;COL6A3;KIFC3;CACNG1;CRAT;PVALB
MSigDB_Hallmark_2020,E2F Targets,14/200,0.3342739220746232,0.7435115400244291,0,0,1.1625406351587897,1.2739056295612785,H2AX;NOP56;CDKN2A;AURKB;NME1;CDC25B;UBE2S;CDK4;MYC;CENPM;TK1;TP53;MXD3;ASF1B
MSigDB_Hallmark_2020,Xenobiotic Metabolism,14/200,0.3342739220746232,0.7435115400244291,0,0,1.1625406351587897,1.2739056295612785,ARG2;GSTO1;IGFBP4;PTGR1;DHRS1;BPHL;PSMB10;MT2A;TKFC;NINJ1;CYP1A2;CYP1A1;MAN1A1;APOE
MSigDB_Hallmark_2020,Reactive Oxygen Species Pathway,4/49,0.3489952126645279,0.7435115400244291,0,0,1.3719201903715907,1.4442163703953683,PDLIM1;PRNP;STK25;PFKP
MSigDB_Hallmark_2020,Glycolysis,13/200,0.445298974225234,0.8798049979448298,0,0,1.0727805267712518,0.8678894983432057,GOT1;SDC2;MPI;AK4;ENO2;LDHA;EFNA3;STC2;SLC25A10;RBCK1;SLC37A4;CD44;PFKP
MSigDB_Hallmark_2020,Pperoxisome,7/104,0.4488801009922601,0.8798049979448298,0,0,1.1134616530600083,0.8918821856735876,GSTK1;HMGCL;CRABP2;SLC25A19;EPHX2;ABCC5;CRAT
MSigDB_Hallmark_2020,Wnt-beta Catenin Signaling,3/42,0.4754945333878296,0.8961243129232173,0,0,1.1866413421968978,0.8821490475522996,MYC;HEY2;TP53
MSigDB_Hallmark_2020,Bile Acid Metabolism,7/112,0.5275393104366638,0.9573861559776492,0,0,1.028186072116708,0.6575577863461113,GSTK1;EPHX2;RBP1;ABCA4;PIPOX;PEX11G;OPTN
MSigDB_Hallmark_2020,DNA Repair,9/150,0.5671822571773667,0.9925689500603916,0,0,0.9841613431181035,0.5580928858866655,TAF1C;TAF10;IMPDH2;POLR2G;TP53;VPS28;DDB2;NME1;APRT
MSigDB_Hallmark_2020,Hedgehog Signaling,2/36,0.6529857474586863,0.9997959136972896,0,0,0.9069272445820432,0.3865323700505565,HEY2;SLIT1
MSigDB_Hallmark_2020,Angiogenesis,2/36,0.6529857474586863,0.9997959136972896,0,0,0.9069272445820432,0.3865323700505565,PDGFA;FSTL1
MSigDB_Hallmark_2020,UV Response Dn,8/144,0.6560830598680183,0.9997959136972896,0,0,0.9064657267865824,0.3820461903375218,IGFBP5;ANXA2;MYC;SDC2;DLC1;PTPRM;FYN;SYNE1
MSigDB_Hallmark_2020,IL-2/STAT5 Signaling,11/199,0.6730865596816441,0.9997959136972896,0,0,0.9013643815332546,0.3568333391474763,IFITM3;PRNP;GSTO1;MYC;IL2RB;BCL2;FLT3LG;EMP1;CAPG;CD44;BATF
MSigDB_Hallmark_2020,G2-M Checkpoint,11/200,0.6794545558605242,0.9997959136972896,0,0,0.8965470382206091,0.3464839851578923,H2AX;H2BC12;MT2A;DTYMK;NUMA1;UBE2S;CDK4;MYC;E2F4;AURKB;CDC25B
MSigDB_Hallmark_2020,Pancreas Beta Cells,2/40,0.7091948171361859,0.9997959136972896,0,0,0.8112880886426593,0.2787788798860143,CHGA;SCGN
MSigDB_Hallmark_2020,Adipogenesis,10/200,0.7826265710755629,0.9997959136972896,0,0,0.8100383408853259,0.1985400874911237,EPHX2;HSPB8;PTGER3;CYP4B1;SLC25A10;APOE;CD302;CYC1;COQ9;CRAT
MSigDB_Hallmark_2020,Cholesterol Homeostasis,3/74,0.8363977396284994,0.9997959136972896,0,0,0.6507042253521127,0.1162489696289322,LGALS3;FABP5;ALDOC
MSigDB_Hallmark_2020,Inflammatory Response,9/200,0.8656934977176582,0.9997959136972896,0,0,0.7245787483922934,0.1045019075605432,BTG2;HRH1;MYC;IRF1;CCL5;PCDH7;IL2RB;ADM;SLC7A2
MSigDB_Hallmark_2020,Oxidative Phosphorylation,9/200,0.8656934977176582,0.9997959136972896,0,0,0.7245787483922934,0.1045019075605432,TIMM8B;LDHA;OAT;NDUFA2;DLST;CYC1;PHB2;MRPL11;SLC25A6
MSigDB_Hallmark_2020,KRAS Signaling Up,9/200,0.8656934977176582,0.9997959136972896,0,0,0.7245787483922934,0.1045019075605432,BTC;PCSK1N;SLPI;PEG3;KIF5C;EMP1;TRIB1;TSPAN1;PSMB8
MSigDB_Hallmark_2020,PI3K/AKT/mTOR  Signaling,4/105,0.8889433261063144,0.9997959136972896,0,0,0.609424698647789,0.0717425698455827,CDK4;THEM4;ECSIT;AP2M1
MSigDB_Hallmark_2020,Mitotic Spindle,8/199,0.923125998538085,0.9997959136972896,0,0,0.6435377093159101,0.051476287917445,PREX1;NUMA1;PALLD;CDC42EP2;ATG4B;KATNB1;SYNPO;MID1
MSigDB_Hallmark_2020,Androgen Response,3/100,0.9475617927162452,0.9997959136972896,0,0,0.4756268295787196,0.0256187485949343,HSD17B14;PTK2B;B2M
MSigDB_Hallmark_2020,TGF-beta Signaling,1/54,0.9665462694927006,0.9997959136972896,0,0,0.2903675912001364,0.0098800790855841,ID3
MSigDB_Hallmark_2020,IL-6/JAK/STAT3 Signaling,2/87,0.9721600772341608,0.9997959136972896,0,0,0.3617840557275542,0.0102149003006735,IRF1;CD44
MSigDB_Hallmark_2020,Apical Junction,6/200,0.9846534608644008,0.9997959136972896,0,0,0.4743288761865877,0.007335740868166,CDSN;CLDN15;VWF;CADM2;EVL;CRAT
MSigDB_Hallmark_2020,mTORC1 Signaling,6/200,0.9846534608644008,0.9997959136972896,0,0,0.4743288761865877,0.007335740868166,LDHA;BTG2;IGFBP5;GOT1;AK4;SLC37A4
MSigDB_Hallmark_2020,heme Metabolism,6/200,0.9846534608644008,0.9997959136972896,0,0,0.4743288761865877,0.007335740868166,RCL1;HEBP1;BTG2;PIGQ;TSPAN5;OPTN
MSigDB_Hallmark_2020,Protein Secretion,1/96,0.9976320459082216,0.9997959136972896,0,0,0.1616312762184837,0.0003831893084904959,AP2M1
MSigDB_Hallmark_2020,Spermatogenesis,1/135,0.9997959136972896,0.9997959136972896,0,0,0.1143501882534738,2.3339688871300384e-05,PCSK1N
Reactome_2022,Eukaryotic Translation Elongation R-HSA-156842,43/90,1.5833411474009763e-28,1.8984260357337708e-25,0,0,14.587686736079672,933.799334894336,RPL4;RPL30;RPL32;RPLP1;RPL12;RPLP0;RPL8;EEF1B2;RPL7A;RPS14;RPS17;RPS16;RPS15A;RPS19;RPS3;RPL35;RPL37;RPL15;RPS2;RPL18;RPS13;RPS12;RPL19;RPS9;RPL41;RPS5;RPL13A;RPL35A;RPS3A;RPSA;EEF2;EEF1G;RPS28;RPS27;RPS29;RPL27A;EEF1A2;RPL37A;RPL27;RPS20;FAU;RPL28;RPS21
Reactome_2022,Peptide Chain Elongation R-HSA-156902,40/86,4.643221488334906e-26,2.783611282256776e-23,0,0,13.83036834723555,806.7503357649551,RPL4;RPL30;RPL32;RPLP1;RPL12;RPLP0;RPL8;RPL7A;RPS14;RPS17;RPS16;RPS15A;RPS19;RPS3;RPL35;RPL37;RPL15;RPS2;RPL18;RPS13;RPS12;RPL19;RPS9;RPL41;RPS5;RPL13A;RPL35A;RPS3A;RPSA;EEF2;RPS28;RPS27;RPS29;RPL27A;RPL37A;RPL27;RPS20;FAU;RPL28;RPS21
Reactome_2022,Eukaryotic Translation Termination R-HSA-72764,40/90,4.0637878744505895e-25,1.6241605538220857e-22,0,0,12.721222410865874,714.4558039156824,RPL4;RPL30;RPL32;RPLP1;RPL12;RPLP0;RPL8;RPL7A;RPS14;TRMT112;RPS17;RPS16;RPS15A;RPS19;RPS3;RPL35;RPL37;RPL15;RPS2;RPL18;RPS13;RPS12;RPL19;RPS9;RPL41;RPS5;RPL13A;RPL35A;RPS3A;RPSA;RPS28;RPS27;RPS29;RPL27A;RPL37A;RPL27;RPS20;FAU;RPL28;RPS21
Reactome_2022,Formation Of A Pool Of Free 40S Subunits R-HSA-72689,41/98,1.839845411172829e-24,5.514936619990556e-22,0,0,11.443381180223286,625.4077956537948,RPL4;RPL30;RPL32;RPLP1;RPL12;RPLP0;RPL8;RPS14;RPL7A;RPS17;RPS16;RPS15A;RPS19;RPS3;RPL35;RPL37;RPL15;RPS2;RPL18;RPS13;RPS12;RPL19;RPS9;RPL41;RPS5;RPL13A;RPL35A;RPSA;RPS3A;RPS28;RPS27;RPS29;RPL27A;RPL37A;EIF3G;RPL27;RPS20;EIF3F;FAU;RPL28;RPS21
Reactome_2022,Selenocysteine Synthesis R-HSA-2408557,39/90,5.08408917502868e-24,1.0159704868098978e-21,0,0,12.149029586389265,651.6244559780761,RPL4;RPL30;RPL32;RPLP1;RPL12;RPLP0;RPL8;RPL7A;RPS14;RPS17;RPS16;RPS15A;RPS19;RPS3;RPL35;RPL37;RPL15;RPS2;RPL18;RPS13;RPS12;RPL19;RPS9;RPL41;RPS5;RPL13A;RPL35A;RPS3A;RPSA;RPS28;RPS27;RPS29;RPL27A;RPL37A;RPL27;RPS20;FAU;RPL28;RPS21
Reactome_2022,Viral mRNA Translation R-HSA-192823,39/90,5.08408917502868e-24,1.0159704868098978e-21,0,0,12.149029586389265,651.6244559780761,RPL4;RPL30;RPL32;RPLP1;RPL12;RPLP0;RPL8;RPL7A;RPS14;RPS17;RPS16;RPS15A;RPS19;RPS3;RPL35;RPL37;RPL15;RPS2;RPL18;RPS13;RPS12;RPL19;RPS9;RPL41;RPS5;RPL13A;RPL35A;RPS3A;RPSA;RPS28;RPS27;RPS29;RPL27A;RPL37A;RPL27;RPS20;FAU;RPL28;RPS21
Reactome_2022,Nonsense Mediated Decay (NMD) Independent Of Exon Junction Complex (EJC) R-HSA-975956,39/92,1.3716573560032937e-23,2.3494530997827844e-21,0,0,11.68932738009506,615.3663739632236,RPL4;RPL30;RPL32;RPLP1;RPL12;RPLP0;RPL8;RPL7A;RPS14;RPS17;RPS16;RPS15A;RPS19;RPS3;RPL35;RPL37;RPL15;RPS2;RPL18;RPS13;RPS12;RPL19;RPS9;RPL41;RPS5;RPL13A;RPL35A;RPS3A;RPSA;RPS28;RPS27;RPS29;RPL27A;RPL37A;RPL27;RPS20;FAU;RPL28;RPS21
Reactome_2022,L13a-mediated Translational Silencing Of Ceruloplasmin Expression R-HSA-156827,41/108,1.5875581362786871e-22,2.3793527567476815e-20,0,0,9.730214686972952,488.4049636347589,RPL4;RPL30;RPL32;RPLP1;RPL12;RPLP0;RPL8;RPS14;RPL7A;RPS17;RPS16;RPS15A;RPS19;RPS3;RPL35;RPL37;RPL15;RPS2;RPL18;RPS13;RPS12;RPL19;RPS9;RPL41;RPS5;RPL13A;RPL35A;RPSA;RPS3A;RPS28;RPS27;RPS29;RPL27A;RPL37A;EIF3G;RPL27;RPS20;EIF3F;FAU;RPL28;RPS21
Reactome_2022,Response Of EIF2AK4 (GCN2) To Amino Acid Deficiency R-HSA-9633012,39/98,2.244856766848194e-22,2.8754552621673924e-20,0,0,10.49721826885755,523.2677540658223,RPL4;RPL30;RPL32;RPLP1;RPL12;RPLP0;RPL8;RPS14;RPL7A;RPS17;RPS16;RPS15A;RPS19;RPS3;RPL35;RPL37;RPL15;RPS2;RPL18;RPS13;RPS12;RPL19;RPS9;RPL41;RPS5;RPL13A;RPL35A;RPSA;RPS3A;RPS28;RPS27;RPS29;RPL27A;RPL37A;RPL27;RPS20;FAU;RPL28;RPS21
Reactome_2022,GTP Hydrolysis And Joining Of 60S Ribosomal Subunit R-HSA-72706,41/109,2.398211227829352e-22,2.8754552621673924e-20,0,0,9.586611025038732,477.2420975729256,RPL4;RPL30;RPL32;RPLP1;RPL12;RPLP0;RPL8;RPS14;RPL7A;RPS17;RPS16;RPS15A;RPS19;RPS3;RPL35;RPL37;RPL15;RPS2;RPL18;RPS13;RPS12;RPL19;RPS9;RPL41;RPS5;RPL13A;RPL35A;RPSA;RPS3A;RPS28;RPS27;RPS29;RPL27A;RPL37A;EIF3G;RPL27;RPS20;EIF3F;FAU;RPL28;RPS21
Reactome_2022,Selenoamino Acid Metabolism R-HSA-2408522,41/114,1.742366349156886e-21,1.8991793205810056e-19,0,0,8.927607918902247,426.7311129528717,RPL4;RPL30;RPL32;RPLP1;RPL12;RPLP0;RPL8;RPS14;RPL7A;RPS17;RPS16;RPS15A;RPS19;VSIG2;RPS3;RPL35;RPL37;RPL15;RPS2;RPL18;RPS13;RPS12;RPL19;RPS9;RPL41;RPS5;RPL13A;RPL35A;RPSA;RPS3A;MAT1A;RPS28;RPS27;RPS29;RPL27A;RPL37A;RPL27;RPS20;FAU;RPL28;RPS21
Reactome_2022,Cap-dependent Translation Initiation R-HSA-72737,41/116,3.719447531698108e-21,3.7163479920883593e-19,0,0,8.68860945907675,408.7183735819351,RPL4;RPL30;RPL32;RPLP1;RPL12;RPLP0;RPL8;RPS14;RPL7A;RPS17;RPS16;RPS15A;RPS19;RPS3;RPL35;RPL37;RPL15;RPS2;RPL18;RPS13;RPS12;RPL19;RPS9;RPL41;RPS5;RPL13A;RPL35A;RPSA;RPS3A;RPS28;RPS27;RPS29;RPL27A;RPL37A;EIF3G;RPL27;RPS20;EIF3F;FAU;RPL28;RPS21
Reactome_2022,SRP-dependent Cotranslational Protein Targeting To Membrane R-HSA-1799339,39/108,1.412571992107678e-20,1.3028260142593121e-18,0,0,8.971088247224989,410.0351584351592,RPL4;RPL30;RPL32;RPLP1;RPL12;RPLP0;RPL8;RPS14;RPL7A;RPS17;RPS16;RPS15A;RPS19;RPS3;RPL35;RPL37;RPL15;RPS2;RPL18;RPS13;RPS12;RPL19;RPS9;RPL41;RPS5;RPL13A;RPL35A;RPSA;RPS3A;RPS28;RPS27;RPS29;RPL27A;RPL37A;RPL27;RPS20;FAU;RPL28;RPS21
Reactome_2022,Nonsense Mediated Decay (NMD) Enhanced By Exon Junction Complex (EJC) R-HSA-975957,39/112,6.357744680069631e-20,5.444954193859632e-18,0,0,8.477709226532818,374.7319419250901,RPL4;RPL30;RPL32;RPLP1;RPL12;RPLP0;RPL8;RPS14;RPL7A;RPS17;RPS16;RPS15A;RPS19;RPS3;RPL35;RPL37;RPL15;RPS2;RPL18;RPS13;RPS12;RPL19;RPS9;RPL41;RPS5;RPL13A;RPL35A;RPSA;RPS3A;RPS28;RPS27;RPS29;RPL27A;RPL37A;RPL27;RPS20;FAU;RPL28;RPS21
Reactome_2022,Influenza Viral RNA Transcription And Replication R-HSA-168273,40/137,2.6678345103732838e-17,2.1324890519583786e-15,0,0,6.54087830150701,249.6174421535707,RPL4;RPL30;RPL32;RPLP1;RPL12;RPLP0;RPL8;RPS14;RPL7A;RPS17;RPS16;RPS15A;RPS19;RPS3;RPL35;POLR2G;RPL37;RPL15;RPS2;RPL18;RPS13;RPS12;RPL19;RPS9;RPL41;RPS5;RPL13A;RPL35A;RPSA;RPS3A;RPS28;RPS27;RPS29;RPL27A;RPL37A;RPL27;RPS20;FAU;RPL28;RPS21
Reactome_2022,Influenza Infection R-HSA-168255,42/157,1.427977529293233e-16,1.0700906610141167e-14,0,0,5.797204968944099,211.51161669324748,RPL4;RPL30;RPL32;RPLP1;RPL12;RPLP0;RPL8;RPS14;RPL7A;RPS17;RPS16;RPS15A;RPS19;RPS3;RPL35;POLR2G;RPL37;RPL15;RPS2;RPL18;RPS13;RPS12;RPL19;RPS9;RPL41;RPS5;RPL13A;RPL35A;RPSA;ISG15;RPS3A;RPS28;RPS27;RPS29;RPL27A;RPL37A;RPL27;RPS20;FAU;RPL28;RPS21;SLC25A6
Reactome_2022,Major Pathway Of rRNA Processing In Nucleolus And Cytosol R-HSA-6791226,45/179,1.554533783439586e-16,1.0964035331435668e-14,0,0,5.338779249532389,194.332556654599,RPL4;RPL30;RPL32;RPLP1;RPL12;RPLP0;RPL8;RPS14;RPL7A;RPS17;EXOSC5;RPS16;RPS15A;RPS19;NOB1;RPS3;RPL35;RPL37;RPL15;RPS2;RPL18;RPS13;RPS12;RPL19;NOP56;RPS9;RPL41;UTP4;RPS5;DDX56;RPL13A;RPL35A;RPSA;RPS3A;RCL1;RPS28;RPS27;RPS29;RPL27A;RPL37A;RPL27;RPS20;FAU;RPL28;RPS21
Reactome_2022,rRNA Processing In Nucleus And Cytosol R-HSA-8868773,46/189,2.7540789315340497e-16,1.8041766725295874e-14,0,0,5.115838086827848,183.2916713639625,RPL4;RPL30;RPL32;RPLP1;RPL12;RPLP0;RPL8;RPS14;RPL7A;TRMT112;RPS17;EXOSC5;RPS16;RPS15A;RPS19;NOB1;RPS3;RPL35;RPL37;RPL15;RPS2;RPL18;RPS13;RPS12;RPL19;NOP56;RPS9;RPL41;UTP4;RPS5;DDX56;RPL13A;RPL35A;RPSA;RPS3A;RCL1;RPS28;RPS27;RPS29;RPL27A;RPL37A;RPL27;RPS20;FAU;RPL28;RPS21
Reactome_2022,Regulation Of Expression Of SLITs And ROBOs R-HSA-9010553,43/167,2.858995561139463e-16,1.8041766725295874e-14,0,0,5.506479066575155,197.08179276576467,RPL4;RPL30;RPL32;RPLP1;RPL12;RPLP0;RPL8;PSMB10;RPS14;RPL7A;RPS17;RPS16;RPS15A;RPS19;RPS3;RPL35;RPL37;RPL15;RPS2;RPL18;RPS13;RPS12;RPL19;RPS9;RPL41;RPS5;RPL13A;RPL35A;RPSA;RPS3A;PSMB8;PSMB9;RPS28;RPS27;RPS29;RPL27A;RPL37A;COL4A5;RPL27;RPS20;FAU;RPL28;RPS21
Reactome_2022,Cellular Response To Starvation R-HSA-9711097,40/153,1.781559905515122e-15,1.0680451633563157e-13,0,0,5.609928332106315,190.5203864893253,RPL4;RPL30;RPL32;RPLP1;RPL12;RPLP0;RPL8;RPS14;RPL7A;RPS17;RPS16;RPS15A;RPS19;RPS3;RPL35;RPL37;RPL15;RPS2;RPL18;RPS13;RPS12;RPL19;RPS9;RPL41;RPS5;RPL13A;RPL35A;RPSA;RPS3A;RPS28;RPS27;RPS29;RPL27A;RPL37A;RPL27;RPS20;FAU;LAMTOR1;RPL28;RPS21
Reactome_2022,rRNA Processing R-HSA-72312,46/199,2.2624073504396524e-15,1.2917268634176873e-13,0,0,4.778904280711147,161.1558681913454,RPL4;RPL30;RPL32;RPLP1;RPL12;RPLP0;RPL8;RPS14;TRMT112;RPL7A;RPS17;EXOSC5;RPS16;RPS15A;RPS19;NOB1;RPS3;RPL35;RPL37;RPL15;RPS2;RPL18;RPS13;RPS12;RPL19;NOP56;RPL41;RPS9;UTP4;RPS5;DDX56;RPL13A;RPL35A;RPSA;RPS3A;RCL1;RPS28;RPS27;RPS29;RPL27A;RPL37A;RPL27;RPS20;FAU;RPL28;RPS21
Reactome_2022,Translation R-HSA-72766,54/281,3.5336390973174524e-14,1.925833308038012e-12,0,0,3.792065943049185,117.45493122021504,RPL4;RPL30;RPL32;RPLP1;RPLP0;RPL8;EEF1B2;MRPL4;RPS14;TRMT112;RPL7A;RPS17;RPS16;RPS19;RPL35;RPL37;RPS13;RPS12;RPS9;RPS5;MRPL49;MRPS2;RPL13A;RPSA;RPS3A;EEF1G;EEF1A2;RPL37A;RPL27;RPL28;RPL12;MRPL16;MRPL17;MRPL12;MRPL10;MRPL11;RPS15A;RPS3;RPL15;RPS2;RPL18;RPL19;RPL41;RPL35A;EEF2;RPS28;RPS27;RPS29;RPL27A;EIF3G;RPS20;FAU;EIF3F;RPS21
Reactome_2022,Signaling By ROBO Receptors R-HSA-376176,45/209,7.175183558826571e-14,3.740454385666546e-12,0,0,4.355155635955336,131.8112370896583,RPL4;RPL30;RPL32;RPLP1;RPL12;RPLP0;RPL8;PSMB10;RPS14;RPL7A;RPS17;RPS16;RPS15A;RPS19;RPS3;RPL35;RPL37;RPL15;RPS2;RPL18;RPS13;RPS12;RPL19;RPL41;RPS9;RPS5;RPL13A;RPL35A;RPSA;RPS3A;PSMB8;PSMB9;RPS28;RPS27;RPS29;RPL27A;RPL37A;COL4A5;RPL27;RPS20;EVL;FAU;RPL28;RPS21;PFN2
Reactome_2022,"Formation Of Ternary Complex, And Subsequently, 43S Complex R-HSA-72695",21/50,3.1148873492033386e-13,1.5561458048728348e-11,0,0,11.344827586206897,326.7016879245938,RPS9;RPS5;RPS3A;RPSA;RPS14;RPS17;RPS28;RPS16;RPS15A;RPS27;RPS19;RPS29;RPS3;EIF3G;RPS20;RPS2;EIF3F;FAU;RPS21;RPS13;RPS12
Reactome_2022,SARS-CoV-2 Modulates Host Translation Machinery R-HSA-9754678,20/47,8.494937265906447e-13,4.0741719127287306e-11,0,0,11.596487973783466,322.31436199462706,RPS9;RPS5;RPS3A;RPSA;RPS14;RPS17;RPS28;RPS15A;RPS16;RPS27;RPS19;RPS29;RPS3;GEMIN5;RPS20;RPS2;FAU;RPS21;RPS13;RPS12
Reactome_2022,Metabolism Of Amino Acids And Derivatives R-HSA-71291,59/364,4.8102524492356595e-12,2.2182664179359829e-10,0,0,3.083899347939857,80.3672544369103,RPL4;RPL30;RPL32;RPLP1;RPLP0;RPL8;RPS14;RPL7A;RPS17;RPS16;RPS19;VSIG2;RPL35;RPL37;RPS13;AASS;RPS12;ARG2;RPS9;RPS5;PIPOX;RPL13A;RPSA;RPS3A;MAT1A;IVD;RPL37A;RPL27;SLC25A10;RPL28;BCAT2;GCDH;OAT;RPL12;DLST;MRI1;PSMB10;RPS15A;RPS3;RPL15;RPS2;RPL18;RPL19;CHGA;RPL41;RPL35A;PSMB8;PSMB9;ALDH4A1;GSTZ1;GRHPR;RPS28;RPS27;RPS29;RPL27A;KYAT1;RPS20;FAU;RPS21
Reactome_2022,Ribosomal Scanning And Start Codon Recognition R-HSA-72702,21/57,6.5409556853752585e-12,2.8009306667017616e-10,0,0,9.135477582846004,235.26538625550265,RPS9;RPS5;RPS3A;RPSA;RPS14;RPS17;RPS28;RPS16;RPS15A;RPS27;RPS19;RPS29;RPS3;EIF3G;RPS20;RPS2;EIF3F;FAU;RPS21;RPS13;RPS12
Reactome_2022,Translation Initiation Complex Formation R-HSA-72649,21/57,6.5409556853752585e-12,2.8009306667017616e-10,0,0,9.135477582846004,235.26538625550265,RPS9;RPS5;RPS3A;RPSA;RPS14;RPS17;RPS28;RPS16;RPS15A;RPS27;RPS19;RPS29;RPS3;EIF3G;RPS20;RPS2;EIF3F;FAU;RPS21;RPS13;RPS12
Reactome_2022,"mRNA Activation Upon Binding Of Cap-Binding Complex And eIFs, Subsequent Binding To 43S R-HSA-72662",21/58,9.668990948064374e-12,3.9976276368031666e-10,0,0,8.88809862494073,225.42082089881967,RPS9;RPS5;RPS3A;RPSA;RPS14;RPS17;RPS28;RPS16;RPS15A;RPS27;RPS19;RPS29;RPS3;EIF3G;RPS20;RPS2;EIF3F;FAU;RPS21;RPS13;RPS12
Reactome_2022,Axon Guidance R-HSA-422475,67/519,4.476888142410935e-09,1.789262960916904e-07,0,0,2.360606014008596,45.381087055262,RPL4;SEMA5A;RPL30;RPL32;ARPC1B;RPLP1;RPLP0;CLTB;RPL8;RPS6KA4;RPL7A;RPS14;RPS17;RPS16;RPS19;DPYSL3;RPL35;RPL37;AP2M1;RPS13;RPS12;RPS9;SEMA6A;EPHA8;RPS5;RPL13A;RPSA;GFRA1;RPS3A;CACNB1;MYL6;RPL37A;COL4A3;COL4A5;COL6A3;RPL27;EVL;RPL28;PFN2;RPL12;SDC2;ARPC4-TTLL3;PSMB10;RPS15A;ABLIM3;RPS3;MYH14;FYN;RPL15;RPS2;RPL18;RPL19;PRNP;RPL41;SIAH2;RPL35A;PSMB8;PSMB9;EFNA1;RPS28;EFNA3;RPS27;RPS29;RPL27A;RPS20;FAU;RPS21
Reactome_2022,Nervous System Development R-HSA-9675108,68/545,1.3784003188564214e-08,5.33129671712532e-07,0,0,2.2691459301795645,41.070990175219926,RPL4;SEMA5A;RPL30;RPL32;ARPC1B;RPLP1;RPLP0;NAB2;CLTB;RPL8;RPS6KA4;RPL7A;RPS14;RPS17;RPS16;RPS19;DPYSL3;RPL35;RPL37;AP2M1;RPS13;RPS12;RPS9;SEMA6A;EPHA8;RPS5;RPL13A;RPSA;GFRA1;RPS3A;CACNB1;MYL6;RPL37A;COL4A3;COL4A5;COL6A3;RPL27;EVL;RPL28;PFN2;RPL12;SDC2;ARPC4-TTLL3;PSMB10;RPS15A;ABLIM3;RPS3;MYH14;FYN;RPL15;RPS2;RPL18;RPL19;PRNP;RPL41;SIAH2;RPL35A;PSMB8;PSMB9;EFNA1;RPS28;EFNA3;RPS27;RPS29;RPL27A;RPS20;FAU;RPS21
Reactome_2022,Metabolism R-HSA-1430728,173/2049,4.257803210596768e-06,0.00015953456404704767,0,0,1.4918935738260168,18.44988560910568,RPL4;UGT1A10;RPL30;RPL32;ENO2;RPL8;RPS14;AS3MT;RPS17;RPS16;RPS19;VSIG2;CPNE1;RPL35;RPL37;RPS13;RPS12;GSTK1;RPS9;STARD5;MECR;ENTPD3;RPS5;PIPOX;RPSA;MAT1A;PRKAR1B;PPP1R3C;RBP1;ACOT2;FDX2;RPL27;NHLRC1;RPL28;CES2;ACOT4;GCDH;ABHD4;SDC2;GMPR;MRI1;AK4;PLA2G5;PLD2;ALDH3B2;LDHA;TKFC;FUT9;ARSJ;ESD;INPP5J;THEM4;APOE;ARSG;ACBD7;PRNP;GGT7;RPL41;ACBD4;OSBPL5;ADHFE1;EPHX2;COQ9;CYP4F8;PARP14;CYP4F12;ACSF3;GRHPR;RPS28;RPS27;ALPP;TCN1;RPS29;RPL27A;TBXAS1;CYP1A2;NOSTRIN;CYP1A1;KYAT1;MMS19;RPS20;DEGS2;RPS21;ABCD4;RPLP1;MTMR14;RPLP0;MED19;ECSIT;OPLAH;SGSH;TRMT112;RPL7A;SPTLC3;TK1;MAN2C1;SLC37A4;AASS;ARG2;GSTO2;GSTO1;ELOVL2;ABCC5;ACAD9;PLA2G4C;ITPK1;NME2;RPL13A;PLAAT3;AMPD2;RPS3A;PTGR1;PLAAT4;COASY;ADRA2A;APRT;SLC25A19;IVD;RPL37A;SLC25A10;ALDOC;CD44;RBKS;BCAT2;VAC14;ACSS3;DTYMK;OAT;GALT;HDAC3;SFTPA2;CD163L1;RPL12;DLST;HSD17B14;LRP2;HSD17B8;BPHL;PSMB10;HMGCL;SLC25A28;RPS15A;ALDH1B1;RPS3;RPS2;RPL15;RPL18;RPL19;UGT1A6;CHGA;CA12;PTGES2;NDUFA2;CYP4B1;RPL35A;NMNAT3;PSMB8;PSMB9;GSTZ1;ALDH4A1;LYRM4;NMNAT1;ETNK2;IMPDH2;PNPLA4;THRSP;CIAPIN1;FAU;FMOD;PLCD3;CRAT;PLCD4;PFKP
Reactome_2022,Interferon Gamma Signaling R-HSA-877300,16/89,8.436373944707106e-05,0.0030652158665769,0,0,3.4114831445308047,32.000983956171204,CAMK2B;CAMK2D;SP100;HLA-A;HLA-F;MID1;MT2A;TRIM29;IRF1;OAS3;TRIM14;TRIM38;B2M;TRIM21;CD44;HLA-DRB1
Reactome_2022,Metabolism Of RNA R-HSA-8953854,65/666,0.00011544615930909878,0.0040711748532826,0,0,1.7054042626267585,15.462399554701111,RPL4;RPL30;NXT1;RPL32;RPLP1;RPLP0;RPL8;TRMT112;RPL7A;RPS14;RPS17;RPS16;NOB1;RPS19;MYC;RPL35;RPL37;RPS13;RPS12;RPS9;SNRPN;RPS5;DDX56;RPL13A;RPSA;RPS3A;QTRT1;CTU2;CTU1;GPRC5A;RPL37A;GEMIN5;RPL27;RPL28;CD44;COLEC12;RPL12;URM1;OSGEP;PSMB10;EXOSC5;RPS15A;RPS3;POLR2G;LCMT2;RPL15;RPS2;RPL18;RPL19;NOP56;RPL41;UTP4;RPL35A;PSMB8;ADAT2;PSMB9;RCL1;RPS28;RPS27;RPS29;RPL27A;RPS20;FAU;TRMT61A;RPS21
Reactome_2022,SARS-CoV-2-host Interactions R-HSA-9705683,26/196,0.00015268436211399603,0.0052305300049908,0,0,2.388037899723648,20.984018001430048,RPS14;RPS17;RPS16;RPS15A;TKFC;RPS19;RPS3;RPS2;B2M;RPS13;RPS12;RPS9;RPS5;RPSA;ISG15;RPS3A;HLA-A;HLA-F;IL17RC;RPS28;RPS27;RPS29;GEMIN5;RPS20;FAU;RPS21
Reactome_2022,Cellular Responses To Stimuli R-HSA-8953897,69/736,0.00023661814158459693,0.0078806986599981,0,0,1.6309534527775278,13.616933018323088,RPL4;H2AX;RPL30;RPL32;RPLP1;HSPB8;RPLP0;MT1X;RPL8;AREG;RPL7A;RPS14;MT2A;RPS17;RPS16;KAT5;RPS19;MYC;RPL35;RPL37;TRIM21;RPS13;RPS12;RPS9;H2AC6;RPS5;RPL13A;RPSA;WIPI1;RPS3A;FOS;H2BC12;RPL37A;H2BC11;RPL27;PGR;RPL28;TP53;CAMK2B;CAMK2D;HDAC3;RPL12;DCTN3;PSMB10;EXOSC5;RPS15A;HSF1;RPS3;RPL15;RPS2;RPL18;RPL19;RPL41;CDKN2A;RPL35A;SOD3;PSMB8;H1-2;PSMB9;RPS28;RPS27;CDK4;RPS29;UBE2S;RPL27A;RPS20;LAMTOR1;FAU;RPS21
Reactome_2022,Cellular Responses To Stress R-HSA-2262752,67/722,0.0003846129521682499,0.0124635386391819,0,0,1.6109576140229869,12.667399588449031,RPL4;H2AX;RPL30;RPL32;RPLP1;HSPB8;RPLP0;RPL8;AREG;RPL7A;RPS14;RPS17;RPS16;KAT5;RPS19;MYC;RPL35;RPL37;TRIM21;RPS13;RPS12;RPS9;H2AC6;RPS5;RPL13A;RPSA;WIPI1;RPS3A;FOS;H2BC12;RPL37A;H2BC11;RPL27;PGR;RPL28;TP53;CAMK2B;CAMK2D;HDAC3;RPL12;DCTN3;PSMB10;EXOSC5;RPS15A;HSF1;RPS3;RPL15;RPS2;RPL18;RPL19;RPL41;CDKN2A;RPL35A;SOD3;PSMB8;H1-2;PSMB9;RPS28;RPS27;CDK4;RPS29;UBE2S;RPL27A;RPS20;LAMTOR1;FAU;RPS21
Reactome_2022,tRNA Modification In Nucleus And Cytosol R-HSA-6782315,9/42,0.0008024311482771149,0.0253188143890594,0,0,4.229415745544777,30.14670236186028,QTRT1;TRMT112;CTU2;CTU1;URM1;LCMT2;TRMT61A;OSGEP;ADAT2
Reactome_2022,Metabolism Of Proteins R-HSA-392499,147/1890,0.0010459935891638,0.0313646254032187,0,0,1.3417591936372943,9.208208949692724,RPL4;SEMA5A;RPL30;RPL32;RPL8;EEF1B2;C4A;RPS14;TUBB6;RPS17;RPS16;RPS19;KIF5C;MYC;RPL35;RPL37;B2M;RPS13;RPS12;RPS9;TRAPPC2L;IGFBP5;MUCL1;H2AC6;IGFBP4;RPS5;COG4;IGFBP2;RPSA;HLA-A;FBXO10;SLPI;RGS9BP;EEF1A2;RPL27;PGR;TP53;RPL28;SDC2;LYPD1;MRPL16;MRPL17;GATA3;LYPD5;MRPL12;MRPL10;MRPL11;ADAMTS13;COMMD9;ADAMTS19;DPH1;AMDHD2;ARSJ;STC2;TSPAN5;ST8SIA6;APOE;ARSG;DPH7;RPL41;SIAH2;MUC19;FBXO32;EEF2;FBXO31;BMP4;TF;RPS28;RPS27;UBE2S;ALPP;RPS29;RPL27A;CNTN3;RPS20;MUC20;RPS21;H2AX;PSCA;PIGQ;RPLP1;RPLP0;PIGZ;PIGV;AREG;MRPL4;TRMT112;RPL7A;TUBA1B;UCHL1;TUBA1A;MAN1A1;LMCD1;MRPL49;MRPS2;RPL13A;RPS3A;ADRA2A;DDB2;H2BC12;EEF1G;TUBB2B;TRAPPC6A;TUBB2A;AOPEP;H2BC11;RPL37A;RARA;AMTN;FAM20C;KIFC3;LTF;SP100;HDAC3;SFTPA2;RPL12;DCTN3;ASB13;FSTL1;AURKB;PSMB10;CST3;RPS15A;RPS3;RPS2;RPL15;RPL18;RPL19;NOP56;CHGA;CDKN2A;PTGES2;TAF10;AMFR;RPL35A;TUBB4B;PSMB8;PSMB9;FCSK;ASB9;EIF3G;NUCB1;EIF3F;RAB17;FAU;RGS11;MDGA1
Reactome_2022,Methylation R-HSA-156581,5/14,0.0010463594796736,0.0313646254032187,0,0,8.598058074562609,59.0036430499548,TRMT112;AS3MT;GSTO1;CYP1A2;MAT1A
Reactome_2022,Infectious Disease R-HSA-5663205,82/961,0.0012046582612437,0.0345369848545385,0,0,1.4701865916774823,9.881946435782362,RPL4;RPL30;VIPR2;RPL32;RPLP1;ARPC1B;CHURC1-FNTB;RPLP0;ADM;ZDHHC8;RPL8;ANTXR1;PYCARD;RPL7A;RPS14;CYSLTR1;RPS17;RPS16;RPS19;RPL35;BANF1;RPL37;B2M;AP2M1;RPS13;RPS12;RPS9;H2AC6;RPS5;RPL13A;RPSA;RPS3A;HLA-A;HLA-F;IL17RC;H2BC12;PRKAR1B;H2BC11;RPL37A;VAMP1;GEMIN5;RPL27;RPL28;VPS28;SLC25A6;LTF;HDAC3;SDC2;RPL12;ARPC4-TTLL3;WAS;ATP1A4;NOXO1;TARP;PSMB10;TKFC;RPS15A;RPS3;FYN;POLR2G;RPL15;RPS2;RPL18;RPL19;CHGA;RPL41;TAF10;RPL35A;ISG15;EEF2;PARP14;PSMB8;PSMB9;RPS28;RPS27;RPS29;RPL27A;IMPDH2;NOXA1;RPS20;FAU;RPS21
Reactome_2022,Glutathione Conjugation R-HSA-156590,8/36,0.0012098026387744,0.0345369848545385,0,0,4.428335301062574,29.74644804328537,GSTZ1;GSTK1;PRNP;GGT7;GSTO2;GSTO1;ESD;OPLAH
Reactome_2022,Developmental Biology R-HSA-1266738,89/1073,0.0017704215905954,0.0493659415610206,0,0,1.4258445130952635,9.034917331883214,RPL4;SEMA5A;H2AX;RPL30;RPL32;RPLP1;ARPC1B;RPLP0;NAB2;CLTB;MED19;ADIRF;RPL8;RPS6KA4;CASP14;RPL7A;RPS14;RPS17;RPS16;RPS19;MYC;SALL4;DPYSL3;RPL35;RPL37;AP2M1;RPS13;RPS12;RPS9;SEMA6A;H2AC6;EPHA8;RPS5;ADAM11;RPL13A;RPSA;GFRA1;RPS3A;H2BC12;CACNB1;MYL6;H2BC11;RPL37A;COL4A3;RARA;PKP1;COL4A5;COL6A3;RPL27;EVL;PKP3;RPL28;PFN2;HDAC3;SDC2;RPL12;ARPC4-TTLL3;PSMB10;RPS15A;ABLIM3;RPS3;MYH14;FYN;POLR2G;RPL15;RPS2;PI3;RPL18;CACNG4;RPL19;PRNP;RPL41;CDSN;SIAH2;RPL35A;PSMB8;PSMB9;KLK12;BMP4;EFNA1;RPS28;EFNA3;RPS27;CDK4;RPS29;RPL27A;RPS20;FAU;RPS21
Reactome_2022,Post-chaperonin Tubulin Folding Pathway R-HSA-389977,6/23,0.002072873867708,0.056485812895043,0,0,5.464472917880023,33.76399068928324,TUBA1B;TUBB2B;TUBB6;TUBA1A;TUBB2A;TUBB4B
Reactome_2022,Sealing Of Nuclear Envelope (NE) By ESCRT-III R-HSA-9668328,7/31,0.0022062936994223,0.0587854699023867,0,0,4.517822736030829,27.632997254185494,TUBA1B;TUBB6;TUBB2B;TUBA1A;TUBB2A;IST1;TUBB4B
Reactome_2022,Disease R-HSA-1643685,134/1736,0.0023126534381889,0.0602798146171421,0,0,1.3256722454864998,8.045981754037289,RPL4;SEMA5A;RPL30;VIPR2;RPL32;ZDHHC8;RPL8;ANTXR1;PYCARD;RPS14;CYSLTR1;RPS17;RPS16;RPS19;KAT5;MYC;RPL35;BANF1;RPL37;B2M;AP2M1;RPS13;RPS12;SLC34A3;RPS9;MUCL1;H2AC6;RPS5;FLT3LG;RPSA;MAT1A;HLA-A;CDC25C;HLA-F;CDC25B;BTC;PRKAR1B;PPP1R3C;SLPI;RBP1;FDX2;GEMIN5;RPL27;NHLRC1;TP53;RPL28;VPS28;SDC2;PDGFA;TARP;ADAMTS13;TKFC;ADAMTS19;ATG7;PRNP;RPL41;ABCA4;MUC19;ISG15;EEF2;PARP14;RPS28;RPS27;UBE2S;CDK4;RPS29;RPL27A;TBXAS1;NOXA1;RPS20;MUC20;RPS21;RAD9A;H2AX;ABCD4;RPLP1;OGG1;CHURC1-FNTB;ARPC1B;RPLP0;SLC40A1;ADM;OPLAH;AREG;SLC6A3;SGSH;RPL7A;HEY2;SLC37A4;VWF;RPL13A;RPS3A;IL17RC;APRT;H2BC12;EEF1G;H2BC11;RPL37A;VAMP1;SLC25A6;LTF;CAMK2B;CAMK2D;GALT;HDAC3;SFTPA2;RPL12;ARPC4-TTLL3;WAS;ATP1A4;NOXO1;PSMB10;RPS15A;RPS3;FYN;POLR2G;RPS2;RPL15;RPL18;RPL19;MUTYH;CHGA;CDKN2A;BAD;TAF10;NDUFA2;RPL35A;PSMB8;PSMB9;KITLG;IMPDH2;NEURL1;FAU;FMOD
Reactome_2022,Interferon Signaling R-HSA-913531,23/200,0.0025290428996798,0.0645174986535351,0,0,2.023095288750207,12.097936545252772,IFITM3;CAMK2B;EGR1;SP100;CAMK2D;MX1;ISG15;IFI35;HLA-A;HLA-F;MID1;PSMB8;HERC5;MT2A;TRIM29;IRF1;OAS3;TRIM14;TRIM38;B2M;TRIM21;HLA-DRB1;CD44
Reactome_2022,Formation Of Tubulin Folding Intermediates By CCT/TriC R-HSA-389960,6/26,0.0040426950047574,0.1009831523063373,0,0,4.644059405940594,25.592685654437023,TUBA1B;TUBB6;TUBB2B;TUBA1A;TUBB2A;TUBB4B
Reactome_2022,SARS-CoV-2 Infection R-HSA-9694516,29/283,0.0042993714118308,0.1052029861792895,0,0,1.7791434607259458,9.69506235360897,SDC2;ZDHHC8;RPS14;RPS17;RPS16;RPS15A;TKFC;RPS19;RPS3;RPS2;B2M;RPS13;RPS12;RPS9;RPS5;RPSA;ISG15;RPS3A;HLA-A;HLA-F;PARP14;IL17RC;RPS28;RPS27;RPS29;GEMIN5;RPS20;FAU;RPS21
Reactome_2022,Eicosanoids R-HSA-211979,4/12,0.0045645257601629,0.1073111056163792,0,0,7.7322899505766065,41.67271782660137,TBXAS1;CYP4B1;CYP4F8;CYP4F12
Reactome_2022,Lysine Catabolism R-HSA-71064,4/12,0.0045645257601629,0.1073111056163792,0,0,7.7322899505766065,41.67271782660137,GCDH;DLST;PIPOX;AASS
Reactome_2022,Phase II - Conjugation Of Compounds R-HSA-156580,14/107,0.0054126561700704,0.1248033605368169,0,0,2.336709177294324,12.195321023839004,UGT1A10;GSTK1;PRNP;GGT7;GSTO2;GSTO1;MAT1A;OPLAH;GSTZ1;TRMT112;AS3MT;ESD;CYP1A2;UGT1A6
Reactome_2022,Biological Oxidations R-HSA-211859,23/218,0.0072887135370878,0.1648899534144966,0,0,1.8345713979186784,9.028711445780056,GSTK1;UGT1A10;PRNP;GGT7;GSTO2;GSTO1;CYP4B1;MAT1A;CYP4F8;OPLAH;CYP4F12;BPHL;GSTZ1;TRMT112;AS3MT;ALDH1B1;CYP1A2;ESD;TBXAS1;FDX2;CYP1A1;CES2;UGT1A6
Reactome_2022,Chaperonin-mediated Protein Folding R-HSA-390466,12/90,0.0083000506185664,0.1842918646603924,0,0,2.386018624824595,11.432593126792726,NOP56;TUBA1B;TUBB6;TUBB2B;TUBA1A;TUBB2A;HDAC3;RGS9BP;KIFC3;RGS11;TUBB4B;TP53
Reactome_2022,Fatty Acid Metabolism R-HSA-8978868,19/173,0.009256655068769,0.2017950804991656,0,0,1.916813795045655,8.975312911004538,ACBD7;MECR;ACBD4;PTGES2;EPHX2;ELOVL2;CYP4B1;CYP4F8;PTGR1;ACSF3;HSD17B8;CYP1A2;TBXAS1;ACOT2;CYP1A1;THEM4;THRSP;CRAT;ACOT4
Reactome_2022,Synthesis Of diphthamide-EEF2 R-HSA-5358493,3/8,0.010009447407685,0.2069194386519719,0,0,9.272592592592591,42.69311089342232,DPH1;DPH7;EEF2
Reactome_2022,Synthesis Of Epoxy (EET) And Dihydroxyeicosatrienoic Acids (DHET) R-HSA-2142670,3/8,0.010009447407685,0.2069194386519719,0,0,9.272592592592591,42.69311089342232,EPHX2;CYP1A2;CYP1A1
Reactome_2022,Transport Of RCbl Within Body R-HSA-9758890,3/8,0.010009447407685,0.2069194386519719,0,0,9.272592592592591,42.69311089342232,ABCD4;TCN1;LRP2
Reactome_2022,SARS-CoV Infections R-HSA-9679506,34/369,0.0107279461935479,0.2180136862044751,0,0,1.5812777329568375,7.170941369887922,SDC2;CHURC1-FNTB;ATP1A4;ZDHHC8;RPS14;RPS17;CYSLTR1;RPS16;RPS15A;TKFC;RPS19;RPS3;RPS2;B2M;RPS13;AP2M1;RPS12;RPS9;RPS5;RPSA;ISG15;RPS3A;HLA-A;HLA-F;PARP14;IL17RC;RPS28;RPS27;RPS29;IMPDH2;GEMIN5;RPS20;FAU;RPS21
Reactome_2022,Interferon Alpha/Beta Signaling R-HSA-909733,10/72,0.0115964082559704,0.2317348916484766,0,0,2.49946592608417,11.140269255391551,IFITM3;EGR1;IRF1;OAS3;MX1;ISG15;IFI35;HLA-A;HLA-F;PSMB8
Reactome_2022,Post-translational Protein Phosphorylation R-HSA-8957275,13/106,0.0121877123141954,0.2395584764708251,0,0,2.168000713871414,9.555088130303265,IGFBP5;IGFBP4;SDC2;FSTL1;BMP4;CST3;C4A;TF;STC2;AMTN;FAM20C;NUCB1;APOE
Reactome_2022,Cooperation Of Prefoldin And TriC/CCT In Actin And Tubulin Folding R-HSA-389958,6/33,0.0135335413197155,0.2586487075829115,0,0,3.4387605427209387,14.795556547296089,TUBA1B;TUBB6;TUBB2B;TUBA1A;TUBB2A;TUBB4B
Reactome_2022,Protein Folding R-HSA-391251,12/96,0.0135903824668252,0.2586487075829115,0,0,2.214877990997394,9.520415848501775,NOP56;TUBA1B;TUBB6;TUBB2B;TUBA1A;TUBB2A;HDAC3;RGS9BP;KIFC3;RGS11;TUBB4B;TP53
Reactome_2022,Regulation Of IGF Transport And Uptake By IGFBPs R-HSA-381426,14/123,0.0175763612010876,0.3292821418766266,0,0,1.9919991465756348,8.050067734590906,IGFBP5;IGFBP4;SDC2;IGFBP2;FSTL1;BMP4;CST3;C4A;TF;STC2;AMTN;FAM20C;NUCB1;APOE
Reactome_2022,CaMK IV-mediated Phosphorylation Of CREB R-HSA-111932,3/10,0.0195716413772418,0.3610215078663533,0,0,6.62257495590829,26.05104845999128,CAMK2B;CAMK2D;CAMKK1
Reactome_2022,Amyloid Fiber Formation R-HSA-977225,10/79,0.0213121752589662,0.3871711838712201,0,0,2.245057107207985,8.640050104590467,H2AX;H2BC12;CST3;H2AC6;SIAH2;H2BC11;TSPAN5;APOE;B2M;LTF
Reactome_2022,EPH-Ephrin Signaling R-HSA-2682334,11/91,0.0221998947156844,0.396193968938719,0,0,2.130509527754764,8.112272382939219,EFNA1;MYL6;EFNA3;EPHA8;ARPC1B;SDC2;CLTB;ARPC4-TTLL3;MYH14;FYN;AP2M1
Reactome_2022,Cleavage Of Damaged Purine R-HSA-110331,6/37,0.0231305903467142,0.396193968938719,0,0,2.99441073139572,11.278745305128222,H2AX;H2BC12;H2AC6;OGG1;H2BC11;MUTYH
Reactome_2022,NCAM1 Interactions R-HSA-419037,6/37,0.0231305903467142,0.396193968938719,0,0,2.99441073139572,11.278745305128222,CACNB1;PRNP;COL4A3;COL4A5;COL6A3;GFRA1
Reactome_2022,SIRT1 Negatively Regulates rRNA Expression R-HSA-427359,6/37,0.0231305903467142,0.396193968938719,0,0,2.99441073139572,11.278745305128222,H2AX;H2BC12;H2AC6;TAF1C;H2BC11;RRP8
Reactome_2022,Prefoldin Mediated Transfer Of Substrate To CCT/TriC R-HSA-389957,5/28,0.0253133539945912,0.4140482091645819,0,0,3.3619484569339404,12.359945292934835,TUBB6;TUBB2B;TUBA1A;TUBB2A;TUBB4B
Reactome_2022,Biosynthesis Of Specialized Proresolving Mediators (SPMs) R-HSA-9018678,4/19,0.0254439362805611,0.4140482091645819,0,0,4.122350356946733,15.134293450154036,EPHX2;CYP1A2;CYP1A1;PTGR1
Reactome_2022,Endosomal/Vacuolar Pathway R-HSA-1236977,3/11,0.0257125606777852,0.4140482091645819,0,0,5.794444444444444,21.212161209493228,HLA-A;HLA-F;B2M
Reactome_2022,Arachidonic Acid Metabolism R-HSA-2142753,8/59,0.0258995960695109,0.4140482091645819,0,0,2.4282612218441098,8.871720137478007,PTGES2;EPHX2;CYP1A2;TBXAS1;CYP1A1;CYP4B1;PTGR1;CYP4F8
Reactome_2022,B-WICH Complex Positively Regulates rRNA Expression R-HSA-5250924,8/59,0.0258995960695109,0.4140482091645819,0,0,2.4282612218441098,8.871720137478007,H2AX;H2BC12;H2AC6;TAF1C;DDX56;H2BC11;POLR1E;POLR1H
Reactome_2022,Acyl Chain Remodelling Of PE R-HSA-1482839,5/29,0.0291000269968829,0.456344824102522,0,0,3.221695520747458,11.39518917450086,ABHD4;PLA2G4C;PLAAT3;PLA2G5;PLAAT4
Reactome_2022,NGF-stimulated Transcription R-HSA-9031628,6/39,0.0293065483368592,0.456344824102522,0,0,2.812631263126313,9.92843168178606,EGR1;TF;NAB2;ID3;FOS;TRIB1
Reactome_2022,Diseases Of Base Excision Repair R-HSA-9605308,2/5,0.0327544502634672,0.4910192593726155,0,0,10.295504385964913,35.19741010470822,OGG1;MUTYH
Reactome_2022,Butyrophilin (BTN) Family Interactions R-HSA-8851680,3/12,0.0327619188905831,0.4910192593726155,0,0,5.150342935528121,17.6063878258642,BTN3A1;BTN3A3;BTN3A2
Reactome_2022,Glutathione Synthesis And Recycling R-HSA-174403,3/12,0.0327619188905831,0.4910192593726155,0,0,5.150342935528121,17.6063878258642,PRNP;GGT7;OPLAH
Reactome_2022,RHO GTPases Activate PKNs R-HSA-5625740,8/62,0.0337104547729225,0.4989979663300505,0,0,2.292990511172329,7.773116898456274,H2AX;H2BC12;MYL6;H2AC6;H2BC11;MYH14;CDC25C;AREG
Reactome_2022,Carboxyterminal Post-Translational Modifications Of Tubulin R-HSA-8955332,6/41,0.0364754315619055,0.5333419810088381,0,0,2.6516265912305514,8.77984416807562,TUBA1B;TUBB6;TUBB2B;TUBA1A;TUBB2A;TUBB4B
Reactome_2022,Dissolution Of Fibrin Clot R-HSA-75205,3/13,0.0407069460242288,0.5742073915652982,0,0,4.635061728395062,14.838485164101565,ANXA2;SERPINE2;S100A10
Reactome_2022,Mitochondrial Iron-Sulfur Cluster Biogenesis R-HSA-1362409,3/13,0.0407069460242288,0.5742073915652982,0,0,4.635061728395062,14.838485164101565,SLC25A28;LYRM4;FDX2
Reactome_2022,Purine Salvage R-HSA-74217,3/13,0.0407069460242288,0.5742073915652982,0,0,4.635061728395062,14.838485164101565,GMPR;AMPD2;APRT
Reactome_2022,Phase 0 - Rapid Depolarisation R-HSA-5576892,5/32,0.0425189949942961,0.5927938953274546,0,0,2.8632713504931147,9.04165075976992,CAMK2B;CACNB1;CAMK2D;FGF12;CACNG4
Reactome_2022,Classical Antibody-Mediated Complement Activation R-HSA-173623,2/6,0.0471716456045437,0.6394341593524422,0,0,7.721217105263157,23.580305915752213,C1S;C1R
Reactome_2022,FLT3 Signaling Thru SRC Family Kinases R-HSA-9706374,2/6,0.0471716456045437,0.6394341593524422,0,0,7.721217105263157,23.580305915752213,FLT3LG;FYN
Reactome_2022,Diseases Of Metabolism R-HSA-5668914,22/247,0.0477287357043381,0.6394341593524422,0,0,1.5171088814567075,4.615381464557954,SEMA5A;ABCD4;PRNP;GALT;MUCL1;SFTPA2;SDC2;MUC19;MAT1A;OPLAH;APRT;SGSH;ADAMTS13;PPP1R3C;SLPI;ADAMTS19;TBXAS1;FDX2;NHLRC1;FMOD;SLC37A4;MUC20
Reactome_2022,Nucleotide Salvage R-HSA-8956321,4/23,0.0479975599180315,0.6394341593524422,0,0,3.253793462238793,9.880485836121748,GMPR;AMPD2;TK1;APRT
Reactome_2022,"Base-Excision Repair, AP Site Formation R-HSA-73929",6/44,0.0491778959735341,0.6409162746985597,0,0,2.4418968212610737,7.355752717246631,H2AX;H2BC12;H2AC6;OGG1;H2BC11;MUTYH
Reactome_2022,Collagen Chain Trimerization R-HSA-8948216,6/44,0.0491778959735341,0.6409162746985597,0,0,2.4418968212610737,7.355752717246631,COL28A1;COL2A1;COL12A1;COL4A3;COL4A5;COL6A3
Reactome_2022,Metabolic Disorders Of Biological Oxidation Enzymes R-HSA-5579029,5/34,0.0532270701206296,0.6862285706949994,0,0,2.6655200841458906,7.818471991559298,PRNP;TBXAS1;FDX2;MAT1A;OPLAH
Reactome_2022,Defective Intrinsic Pathway For Apoptosis R-HSA-9734009,4/24,0.0549219599610901,0.6931729472983907,0,0,3.0909390444810545,8.969416773190652,CDKN2A;CDC25C;TP53;CDC25B
Reactome_2022,Estrogen-dependent Nuclear Events Downstream Of ESR-membrane Signaling R-HSA-9634638,4/24,0.0549219599610901,0.6931729472983907,0,0,3.0909390444810545,8.969416773190652,BTC;BCL2;FOS;AREG
Reactome_2022,NCAM Signaling For Neurite Out-Growth R-HSA-375165,7/57,0.0568525156066788,0.7026480141251745,0,0,2.165549132947977,6.209267789413684,CACNB1;PRNP;COL4A3;COL4A5;COL6A3;GFRA1;FYN
Reactome_2022,Estrogen-dependent Gene Expression R-HSA-9018519,12/119,0.0587108267421256,0.7026480141251745,0,0,1.7366438833868043,4.923613130670852,H2AX;H2BC12;KAT5;H2AC6;MYC;GREB1;H2BC11;BCL2;PGR;POLR2G;GATA3;FOS
Reactome_2022,EPHA-mediated Growth Cone Collapse R-HSA-3928663,3/15,0.0591888652432382,0.7026480141251745,0,0,3.8621399176954734,10.918353903761268,MYL6;MYH14;FYN
Reactome_2022,Fatty Acids R-HSA-211935,3/15,0.0591888652432382,0.7026480141251745,0,0,3.8621399176954734,10.918353903761268,CYP4B1;CYP4F8;CYP4F12
Reactome_2022,Glycogen Storage Diseases R-HSA-3229121,3/15,0.0591888652432382,0.7026480141251745,0,0,3.8621399176954734,10.918353903761268,PPP1R3C;NHLRC1;SLC37A4
Reactome_2022,Regulation Of Innate Immune Responses To Cytosolic DNA R-HSA-3134975,3/15,0.0591888652432382,0.7026480141251745,0,0,3.8621399176954734,10.918353903761268,TREX1;DDX41;TRIM21
Reactome_2022,Metabolism Of Nucleotides R-HSA-15869,10/95,0.0633145822269897,0.7311605184102118,0,0,1.8208998831320609,5.025027442292828,DTYMK;ENTPD3;IMPDH2;NME2;GMPR;AMPD2;AK4;TK1;COASY;APRT
Reactome_2022,Insulin-like Growth Factor-2 mRNA Binding Proteins (IGF2BPs/IMPs/VICKZs) Bind RNA R-HSA-428359,2/7,0.0634200950080584,0.7311605184102118,0,0,6.176644736842105,17.035028752628328,MYC;CD44
Reactome_2022,Vitamin C (Ascorbate) Metabolism R-HSA-196836,2/7,0.0634200950080584,0.7311605184102118,0,0,6.176644736842105,17.035028752628328,GSTO2;GSTO1
Reactome_2022,Activated PKN1 Stimulates Transcription Of Androgen Receptor Regulated KLK2 And KLK3 R-HSA-5625886,5/36,0.0653605783421564,0.7350753115776553,0,0,2.493285110230566,6.801272831849174,H2AX;H2BC12;H2AC6;H2BC11;AREG
Reactome_2022,RNA Polymerase I Promoter Escape R-HSA-73772,7/59,0.0661972006546756,0.7350753115776553,0,0,2.082036460649177,5.652972803620532,H2AX;H2BC12;H2AC6;TAF1C;H2BC11;POLR1E;POLR1H
Reactome_2022,Transcriptional Regulation Of Granulopoiesis R-HSA-9616222,7/59,0.0661972006546756,0.7350753115776553,0,0,2.082036460649177,5.652972803620532,H2AX;H2BC12;H2AC6;CDK4;MYC;H2BC11;RARA
Reactome_2022,Diseases Of Programmed Cell Death R-HSA-9645723,8/71,0.0662119546708813,0.7350753115776553,0,0,1.964475928112292,5.33334439794025,H2AX;H2BC12;H2AC6;CDKN2A;H2BC11;CDC25C;TP53;CDC25B
Reactome_2022,STING Mediated Induction Of Host Immune Responses R-HSA-1834941,3/16,0.0696607725719004,0.7554369459371842,0,0,3.5648622981956315,9.49721354341695,TREX1;DDX41;TRIM21
Reactome_2022,Sulfur Amino Acid Metabolism R-HSA-1614635,4/26,0.0702875191925787,0.7554369459371842,0,0,2.809645050172233,7.460060051827756,VSIG2;MRI1;SLC25A10;MAT1A
Reactome_2022,Synthesis Of IP3 And IP4 In Cytosol R-HSA-1855204,4/26,0.0702875191925787,0.7554369459371842,0,0,2.809645050172233,7.460060051827756,ITPK1;INPP5J;PLCD3;PLCD4
Reactome_2022,Formation Of beta-catenin:TCF Transactivating Complex R-HSA-201722,7/60,0.0711963093335294,0.7554369459371842,0,0,2.042643690696913,5.397306627831902,H2AX;H2BC12;KAT5;H2AC6;TERT;MYC;H2BC11
Reactome_2022,rRNA Modification In Nucleus And Cytosol R-HSA-6790901,7/60,0.0711963093335294,0.7554369459371842,0,0,2.042643690696913,5.397306627831902,NOP56;RCL1;RPS14;TRMT112;RPS9;UTP4;RPS2
Reactome_2022,EPH-ephrin Mediated Repulsion Of Cells R-HSA-3928665,6/49,0.0757230456634865,0.7729140942283924,0,0,2.1573796914575176,5.567490939599797,EFNA1;EFNA3;EPHA8;CLTB;FYN;AP2M1
Reactome_2022,DNA Damage/Telomere Stress Induced Senescence R-HSA-2559586,7/61,0.0764135343284741,0.7729140942283924,0,0,2.0047099122243632,5.155302884040324,H2AX;H2BC12;KAT5;H2AC6;H2BC11;TP53;H1-2
Reactome_2022,Role Of Nef In HIV-1 Replication And Disease Pathogenesis R-HSA-164952,4/27,0.0787100928511456,0.7729140942283924,0,0,2.687343313516224,6.831183402244523,FYN;HLA-A;B2M;AP2M1
Reactome_2022,Positive Epigenetic Regulation Of rRNA Expression R-HSA-5250913,8/74,0.080257799173708,0.7729140942283924,0,0,1.8748810418231905,4.729408681142495,H2AX;H2BC12;H2AC6;TAF1C;DDX56;H2BC11;POLR1E;POLR1H
Reactome_2022,Acyl Chain Remodelling Of PI R-HSA-1482922,3/17,0.0809010378028539,0.7729140942283924,0,0,3.31005291005291,8.323222798490287,PLA2G4C;PLAAT3;PLA2G5
Reactome_2022,Biosynthesis Of DHA-derived SPMs R-HSA-9018677,3/17,0.0809010378028539,0.7729140942283924,0,0,3.31005291005291,8.323222798490287,EPHX2;CYP1A2;CYP1A1
Reactome_2022,Biosynthesis Of Maresins R-HSA-9018682,2/8,0.08122366628255,0.7729140942283924,0,0,5.146929824561403,12.921617555927076,EPHX2;CYP1A2
Reactome_2022,CREB1 Phosphorylation Thru Activation Of CaMKII/CaMKK/CaMKIV Cascasde R-HSA-442729,2/8,0.08122366628255,0.7729140942283924,0,0,5.146929824561403,12.921617555927076,CAMK2B;CAMKK1
Reactome_2022,Formyl Peptide Receptors Bind Formyl Peptides And Many Other Ligands R-HSA-444473,2/8,0.08122366628255,0.7729140942283924,0,0,5.146929824561403,12.921617555927076,HEBP1;ANXA1
Reactome_2022,Inhibition Of Signaling By Overexpressed EGFR R-HSA-5638303,2/8,0.08122366628255,0.7729140942283924,0,0,5.146929824561403,12.921617555927076,BTC;AREG
Reactome_2022,"Metabolism Of Ingested SeMet, Sec, MeSec Into H2Se R-HSA-2408508",2/8,0.08122366628255,0.7729140942283924,0,0,5.146929824561403,12.921617555927076,VSIG2;MAT1A
Reactome_2022,Myoclonic Epilepsy Of Lafora R-HSA-3785653,2/8,0.08122366628255,0.7729140942283924,0,0,5.146929824561403,12.921617555927076,PPP1R3C;NHLRC1
Reactome_2022,Synthesis Of Ketone Bodies R-HSA-77111,2/8,0.08122366628255,0.7729140942283924,0,0,5.146929824561403,12.921617555927076,HMGCL;ACSS3
Reactome_2022,Nuclear Envelope (NE) Reassembly R-HSA-2995410,8/75,0.0853037690014929,0.8053481813605515,0,0,1.8467990625385469,4.545963559552488,TUBA1B;TUBB6;TUBB2B;TUBA1A;TUBB2A;IST1;BANF1;TUBB4B
Reactome_2022,Peroxisomal Protein Import R-HSA-9033241,7/63,0.0875002533591344,0.8142934683944134,0,0,1.9329066886870356,4.708780252685952,GSTK1;HMGCL;EPHX2;ACOT2;PIPOX;CRAT;ACOT4
Reactome_2022,Paracetamol ADME R-HSA-9753281,4/28,0.087609555815579,0.8142934683944134,0,0,2.5752333882482152,6.2703461649403405,UGT1A10;GGT7;ABCC5;UGT1A6
Reactome_2022,Defective GALNT12 Causes CRCS1 R-HSA-5083636,3/18,0.0928654569923462,0.8371855859685953,0,0,3.089218106995885,7.341846665178802,MUCL1;MUC19;MUC20
Reactome_2022,Defective GALNT3 Causes HFTC R-HSA-5083625,3/18,0.0928654569923462,0.8371855859685953,0,0,3.089218106995885,7.341846665178802,MUCL1;MUC19;MUC20
Reactome_2022,Synthesis Of Glycosylphosphatidylinositol (GPI) R-HSA-162710,3/18,0.0928654569923462,0.8371855859685953,0,0,3.089218106995885,7.341846665178802,PIGQ;PIGZ;PIGV
Reactome_2022,TP53 Regulates Transcription Of Genes Involved In G2 Cell Cycle Arrest R-HSA-6804114,3/18,0.0928654569923462,0.8371855859685953,0,0,3.089218106995885,7.341846665178802,E2F4;CDC25C;TP53
Reactome_2022,Negative Epigenetic Regulation Of rRNA Expression R-HSA-5250941,8/77,0.0959392839303943,0.8475468500967842,0,0,1.7930770152114026,4.203043792476736,H2AX;H2BC12;H2AC6;TAF1C;H2BC11;POLR1E;POLR1H;RRP8
Reactome_2022,Dectin-2 Family R-HSA-5621480,4/29,0.0969710865350481,0.8475468500967842,0,0,2.4720922570016475,5.768237734040245,MUCL1;MUC19;FYN;MUC20
Reactome_2022,Cytochrome P450 - Arranged By Substrate Type R-HSA-211897,7/65,0.0994484803413027,0.8475468500967842,0,0,1.866055411600558,4.307071520942302,CYP1A2;TBXAS1;FDX2;CYP1A1;CYP4B1;CYP4F8;CYP4F12
Reactome_2022,BH3-only Proteins Associate With And Inactivate Anti-Apoptotic BCL-2 Members R-HSA-111453,2/9,0.1003330216523914,0.8475468500967842,0,0,4.411419172932331,10.143001453418323,BAD;BCL2
Reactome_2022,Displacement Of DNA Glycosylase By APEX1 R-HSA-110357,2/9,0.1003330216523914,0.8475468500967842,0,0,4.411419172932331,10.143001453418323,OGG1;MUTYH
Reactome_2022,EGFR Interacts With Phospholipase C-gamma R-HSA-212718,2/9,0.1003330216523914,0.8475468500967842,0,0,4.411419172932331,10.143001453418323,BTC;AREG
Reactome_2022,Formation Of Annular Gap Junctions R-HSA-196025,2/9,0.1003330216523914,0.8475468500967842,0,0,4.411419172932331,10.143001453418323,CLTB;AP2M1
Reactome_2022,Synthesis Of (16-20)-Hydroxyeicosatetraenoic Acids (HETE) R-HSA-2142816,2/9,0.1003330216523914,0.8475468500967842,0,0,4.411419172932331,10.143001453418323,CYP1A2;CYP1A1
Reactome_2022,Phase I - Functionalization Of Compounds R-HSA-211945,10/104,0.1014788134267696,0.8475468500967842,0,0,1.6457658165422009,3.7653562305425594,ALDH1B1;CYP1A2;TBXAS1;FDX2;CYP1A1;CYP4B1;CYP4F8;CYP4F12;BPHL;CES2
Reactome_2022,Deposition Of New CENPA-containing Nucleosomes At Centromere R-HSA-606279,6/53,0.1017904473844344,0.8475468500967842,0,0,1.9733515904781969,4.508790706914251,H2AX;H2BC12;CENPT;H2AC6;H2BC11;CENPM
Reactome_2022,Ion Transport By P-type ATPases R-HSA-936837,6/53,0.1017904473844344,0.8475468500967842,0,0,1.9733515904781969,4.508790706914251,CAMK2B;CAMK2D;ATP8B2;ATP10D;ATP1A4;ATP13A4
Reactome_2022,Defective C1GALT1C1 Causes TNPS R-HSA-5083632,3/19,0.1055070010441856,0.8724337534619211,0,0,2.8959876543209875,6.513012429181496,MUCL1;MUC19;MUC20
Reactome_2022,tRNA Processing R-HSA-72306,10/105,0.1063991433508203,0.8737847457372163,0,0,1.628354827466016,3.648423033836822,QTRT1;COLEC12;TRMT112;CTU2;CTU1;URM1;LCMT2;TRMT61A;OSGEP;ADAT2
Reactome_2022,Post-translational Modification: Synthesis Of GPI-anchored Proteins R-HSA-163125,9/92,0.1073356072723521,0.8754788647588454,0,0,1.677090495978953,3.742921909374704,PSCA;ALPP;PIGQ;LYPD1;PIGZ;CNTN3;LYPD5;PIGV;MDGA1
Reactome_2022,Cleavage Of Damaged Pyrimidine R-HSA-110329,5/42,0.1100943078177787,0.8859266783457493,0,0,2.088300171564805,4.607662955756363,H2AX;H2BC12;H2AC6;OGG1;H2BC11
Reactome_2022,"Gamma Carboxylation, Hypusine Formation And Arylsulfatase Activation R-HSA-163841",5/42,0.1100943078177787,0.8859266783457493,0,0,2.088300171564805,4.607662955756363,DPH1;ARSJ;ARSG;DPH7;EEF2
Reactome_2022,Interleukin-4 And Interleukin-13 Signaling R-HSA-6785807,10/107,0.1166424246231585,0.8920218254730967,0,0,1.5946098177101111,3.426245984662104,OPRD1;ANXA1;MYC;BCL2;TWIST1;GATA3;FOS;VIM;TP53;BATF
Reactome_2022,"Glutamate Binding, Activation Of AMPA Receptors And Synaptic Plasticity R-HSA-399721",4/31,0.1170122857887655,0.8920218254730967,0,0,2.288730245896638,4.910416597978228,CAMK2B;CAMK2D;AP2M1;CACNG4
Reactome_2022,Regulation Of MECP2 Expression And Activity R-HSA-9022692,4/31,0.1170122857887655,0.8920218254730967,0,0,2.288730245896638,4.910416597978228,CAMK2B;CAMK2D;HDAC3;AURKB
Reactome_2022,Smooth Muscle Contraction R-HSA-445355,5/43,0.1187016229839834,0.8920218254730967,0,0,2.033236429904109,4.333116170756969,MYL5;MYL6;ANXA1;ANXA2;ANXA6
Reactome_2022,Nef-mediated Downmodulation Of Cell Surface Receptors By Recruitment To Clathrin Adapters R-HSA-164938,3/20,0.1187766477953349,0.8920218254730967,0,0,2.7254901960784315,5.806685367978844,HLA-A;B2M;AP2M1
Reactome_2022,TP53 Regulates Transcription Of Genes Involved In Cytochrome C Release R-HSA-6803204,3/20,0.1187766477953349,0.8920218254730967,0,0,2.7254901960784315,5.806685367978844,AIFM2;TP53;PRELID3A
Reactome_2022,Senescence-Associated Secretory Phenotype (SASP) R-HSA-2559582,8/81,0.1193506494268282,0.8920218254730967,0,0,1.6944639420355485,3.601904184038735,H2AX;H2BC12;H2AC6;CDKN2A;CDK4;UBE2S;H2BC11;FOS
Reactome_2022,Crosslinking Of Collagen Fibrils R-HSA-2243919,2/10,0.1205233825910272,0.8920218254730967,0,0,3.859786184210526,8.166965968835369,LOXL4;LOXL1
Reactome_2022,Gap Junction Degradation R-HSA-190873,2/10,0.1205233825910272,0.8920218254730967,0,0,3.859786184210526,8.166965968835369,CLTB;AP2M1
Reactome_2022,Ketone Body Metabolism R-HSA-74182,2/10,0.1205233825910272,0.8920218254730967,0,0,3.859786184210526,8.166965968835369,HMGCL;ACSS3
Reactome_2022,Nef Mediated Downregulation Of MHC Class I Complex Cell Surface Expression R-HSA-164940,2/10,0.1205233825910272,0.8920218254730967,0,0,3.859786184210526,8.166965968835369,HLA-A;B2M
Reactome_2022,Purine Ribonucleoside Monophosphate Biosynthesis R-HSA-73817,2/10,0.1205233825910272,0.8920218254730967,0,0,3.859786184210526,8.166965968835369,IMPDH2;COASY
Reactome_2022,Uptake Of Dietary Cobalamins Into Enterocytes R-HSA-9758881,2/10,0.1205233825910272,0.8920218254730967,0,0,3.859786184210526,8.166965968835369,ABCD4;TCN1
Reactome_2022,Meiotic Recombination R-HSA-912446,6/56,0.1240406031443417,0.9056649290708172,0,0,1.8546534653465347,3.870933159270325,H2AX;H2BC12;H2AC6;CDK4;H2BC11;MND1
Reactome_2022,Mitochondrial Translation Elongation R-HSA-5389840,8/82,0.1256387092571431,0.9056649290708172,0,0,1.6714764351127986,3.4672185813855267,MRPL4;MRPL49;MRPL16;MRPS2;MRPL17;MRPL12;MRPL10;MRPL11
Reactome_2022,Mitochondrial Translation Initiation R-HSA-5368286,8/82,0.1256387092571431,0.9056649290708172,0,0,1.6714764351127986,3.4672185813855267,MRPL4;MRPL49;MRPL16;MRPS2;MRPL17;MRPL12;MRPL10;MRPL11
Reactome_2022,Mitochondrial Translation Termination R-HSA-5419276,8/82,0.1256387092571431,0.9056649290708172,0,0,1.6714764351127986,3.4672185813855267,MRPL4;MRPL49;MRPL16;MRPS2;MRPL17;MRPL12;MRPL10;MRPL11
Reactome_2022,Generation Of Second Messenger Molecules R-HSA-202433,4/32,0.1276541893352528,0.9056649290708172,0,0,2.2068722052247587,4.542692652785688,WAS;EVL;TARP;HLA-DRB1
Reactome_2022,Gluconeogenesis R-HSA-70263,4/32,0.1276541893352528,0.9056649290708172,0,0,2.2068722052247587,4.542692652785688,ALDOC;SLC25A10;ENO2;SLC37A4
Reactome_2022,RNA Polymerase I Promoter Opening R-HSA-73728,4/32,0.1276541893352528,0.9056649290708172,0,0,2.2068722052247587,4.542692652785688,H2AX;H2BC12;H2AC6;H2BC11
Reactome_2022,Assembly Of Collagen Fibrils And Other Multimeric Structures R-HSA-2022090,6/57,0.1319450867517739,0.908664574592591,0,0,1.8181906425936711,3.682507786163229,COL2A1;COL4A3;LOXL4;COL4A5;COL6A3;LOXL1
Reactome_2022,Azathioprine ADME R-HSA-9748787,3/21,0.1326241038813206,0.908664574592591,0,0,2.573936899862826,5.199961116419791,ABCC5;IMPDH2;NME2
Reactome_2022,"Cobalamin (Cbl, Vitamin B12) Transport And Metabolism R-HSA-196741",3/21,0.1326241038813206,0.908664574592591,0,0,2.573936899862826,5.199961116419791,ABCD4;TCN1;LRP2
Reactome_2022,Initial Triggering Of Complement R-HSA-166663,3/21,0.1326241038813206,0.908664574592591,0,0,2.573936899862826,5.199961116419791,C4A;C1S;C1R
Reactome_2022,Synthesis Of Leukotrienes (LT) And Eoxins (EX) R-HSA-2142691,3/21,0.1326241038813206,0.908664574592591,0,0,2.573936899862826,5.199961116419791,CYP4B1;CYP4F8;PTGR1
Reactome_2022,TP53 Regulates Transcription Of Additional Cell Cycle Genes With Uncertain Roles In P53 Pathway R-HSA-6804115,3/21,0.1326241038813206,0.908664574592591,0,0,2.573936899862826,5.199961116419791,BTG2;CDC25C;TP53
Reactome_2022,CaM Pathway R-HSA-111997,4/33,0.1386830509895135,0.9327987263834092,0,0,2.130659546668181,4.209254633712598,CAMK2B;CAMK2D;PRKAR1B;CAMKK1
Reactome_2022,Diseases Of Carbohydrate Metabolism R-HSA-5663084,4/33,0.1386830509895135,0.9327987263834092,0,0,2.130659546668181,4.209254633712598,PPP1R3C;NHLRC1;SLC37A4;SGSH
Reactome_2022,Packaging Of Telomere Ends R-HSA-171306,4/33,0.1386830509895135,0.9327987263834092,0,0,2.130659546668181,4.209254633712598,H2AX;H2BC12;H2AC6;H2BC11
Reactome_2022,Killing Mechanisms R-HSA-9664420,2/11,0.1415924672241705,0.9327987263834092,0,0,3.430738304093567,6.7064151162427,NOXA1;NOXO1
Reactome_2022,Metallothioneins Bind Metals R-HSA-5661231,2/11,0.1415924672241705,0.9327987263834092,0,0,3.430738304093567,6.7064151162427,MT2A;MT1X
Reactome_2022,Phenylalanine And Tyrosine Metabolism R-HSA-8963691,2/11,0.1415924672241705,0.9327987263834092,0,0,3.430738304093567,6.7064151162427,GSTZ1;KYAT1
Reactome_2022,"WNT5A-dependent Internalization Of FZD2, FZD5 And ROR2 R-HSA-5140745",2/11,0.1415924672241705,0.9327987263834092,0,0,3.430738304093567,6.7064151162427,CLTB;AP2M1
Reactome_2022,Acyl Chain Remodelling Of PS R-HSA-1482801,3/22,0.1469984275087929,0.9631208447160804,0,0,2.4383365821962317,4.675104143834677,OSBPL5;PLAAT3;PLA2G5
Reactome_2022,DNA Methylation R-HSA-5334118,4/34,0.1500771857459885,0.9726624092402176,0,0,2.059527732015376,3.9061117178419984,H2AX;H2BC12;H2AC6;H2BC11
Reactome_2022,EPHB-mediated Forward Signaling R-HSA-3928662,4/34,0.1500771857459885,0.9726624092402176,0,0,2.059527732015376,3.9061117178419984,ARPC1B;SDC2;ARPC4-TTLL3;FYN
Reactome_2022,Recruitment And ATM-mediated Phosphorylation Of Repair And Signal Proteins At DNA Double Strand Breaks R-HSA-5693565,6/60,0.1570309499396216,0.975635319781914,0,0,1.7169050238357169,3.178527491038638,H2AX;H2BC12;KAT5;H2BC11;APBB1;TP53
Reactome_2022,Ca-dependent Events R-HSA-111996,4/35,0.1618141326399715,0.975635319781914,0,0,1.9929850666950095,3.629837516983112,CAMK2B;CAMK2D;PRKAR1B;CAMKK1
Reactome_2022,Metabolism Of Steroid Hormones R-HSA-196071,4/35,0.1618141326399715,0.975635319781914,0,0,1.9929850666950095,3.629837516983112,CHGA;CD163L1;FDX2;HSD17B14
Reactome_2022,Long-term Potentiation R-HSA-9620244,3/23,0.1618485630250759,0.975635319781914,0,0,2.3162962962962963,4.218193697590248,CAMK2B;CAMK2D;NRGN
Reactome_2022,Activation Of NMDA Receptors And Postsynaptic Events R-HSA-442755,7/74,0.1632851299503442,0.975635319781914,0,0,1.6146147873350012,2.9260975042315067,CAMK2B;CAMK2D;PRKAR1B;LIN7A;MAPT;CAMKK1;NRGN
Reactome_2022,NoRC Negatively Regulates rRNA Expression R-HSA-427413,7/74,0.1632851299503442,0.975635319781914,0,0,1.6146147873350012,2.9260975042315067,H2AX;H2BC12;H2AC6;TAF1C;H2BC11;POLR1E;POLR1H
Reactome_2022,Caspase-mediated Cleavage Of Cytoskeletal Proteins R-HSA-264870,2/12,0.1633585873767592,0.975635319781914,0,0,3.0875,5.593955878256947,MAPT;VIM
Reactome_2022,Cytosolic Iron-Sulfur Cluster Assembly R-HSA-2564830,2/12,0.1633585873767592,0.975635319781914,0,0,3.0875,5.593955878256947,MMS19;CIAPIN1
Reactome_2022,GRB2 Events In EGFR Signaling R-HSA-179812,2/12,0.1633585873767592,0.975635319781914,0,0,3.0875,5.593955878256947,BTC;AREG
Reactome_2022,Interleukin-2 Signaling R-HSA-9020558,2/12,0.1633585873767592,0.975635319781914,0,0,3.0875,5.593955878256947,IL2RB;PTK2B
Reactome_2022,P2Y Receptors R-HSA-417957,2/12,0.1633585873767592,0.975635319781914,0,0,3.0875,5.593955878256947,P2RY10;LPAR6
Reactome_2022,Platelet Adhesion To Exposed Collagen R-HSA-75892,2/12,0.1633585873767592,0.975635319781914,0,0,3.0875,5.593955878256947,VWF;FYN
Reactome_2022,Pregnenolone Biosynthesis R-HSA-196108,2/12,0.1633585873767592,0.975635319781914,0,0,3.0875,5.593955878256947,CD163L1;FDX2
Reactome_2022,Presynaptic Depolarization And Calcium Channel Opening R-HSA-112308,2/12,0.1633585873767592,0.975635319781914,0,0,3.0875,5.593955878256947,CACNB1;CACNG4
Reactome_2022,DNA Double Strand Break Response R-HSA-5693606,6/61,0.1658255790076062,0.975635319781914,0,0,1.6855985598559855,3.028715134233467,H2AX;H2BC12;KAT5;H2BC11;APBB1;TP53
Reactome_2022,Nuclear Events (Kinase And Transcription Factor Activation) R-HSA-198725,6/61,0.1658255790076062,0.975635319781914,0,0,1.6855985598559855,3.028715134233467,EGR1;TF;NAB2;ID3;FOS;TRIB1
Reactome_2022,Post NMDA Receptor Activation Events R-HSA-438064,6/61,0.1658255790076062,0.975635319781914,0,0,1.6855985598559855,3.028715134233467,CAMK2B;CAMK2D;PRKAR1B;MAPT;CAMKK1;NRGN
Reactome_2022,Regulation Of PTEN Gene Transcription R-HSA-8943724,6/61,0.1658255790076062,0.975635319781914,0,0,1.6855985598559855,3.028715134233467,EGR1;HDAC3;SALL4;LAMTOR1;MAF1;TP53
Reactome_2022,Inhibition Of DNA Recombination At Telomere R-HSA-9670095,5/48,0.1661053033925036,0.975635319781914,0,0,1.7963342855499531,3.2246595549246444,H2AX;H2BC12;H2AC6;H2BC11;POLR2G
Reactome_2022,Mitochondrial Translation R-HSA-5368287,8/88,0.1668100421645474,0.975635319781914,0,0,1.5456198347107435,2.7680499221684256,MRPL4;MRPL49;MRPL16;MRPS2;MRPL17;MRPL12;MRPL10;MRPL11
Reactome_2022,HSF1-dependent Transactivation R-HSA-3371571,4/36,0.1738708299644085,0.9999955785910568,0,0,1.9306013179571664,3.377476212373314,CAMK2B;CAMK2D;HSPB8;HSF1
Reactome_2022,Mitochondrial Fatty Acid Beta-Oxidation R-HSA-77289,4/36,0.1738708299644085,0.9999955785910568,0,0,1.9306013179571664,3.377476212373314,ACBD7;MECR;ACOT2;THEM4
Reactome_2022,RUNX2 Regulates Osteoblast Differentiation R-HSA-8940973,3/24,0.1771237965702892,0.9999955785910568,0,0,2.205878894767784,3.818169841947897,HDAC3;HEY2;AREG
Reactome_2022,Collagen Formation R-HSA-1474290,8/90,0.1817590012188861,0.9999955785910568,0,0,1.507760532150776,2.570842736569656,COL28A1;COL2A1;COL12A1;COL4A3;LOXL4;COL4A5;COL6A3;LOXL1
Reactome_2022,Degradation Of Cysteine And Homocysteine R-HSA-1614558,2/13,0.1856588939053469,0.9999955785910568,0,0,2.806668660287081,4.725992724356018,VSIG2;SLC25A10
Reactome_2022,Diseases Associated With Visual Transduction R-HSA-2474795,2/13,0.1856588939053469,0.9999955785910568,0,0,2.806668660287081,4.725992724356018,ABCA4;RBP1
Reactome_2022,FCGR Activation R-HSA-2029481,2/13,0.1856588939053469,0.9999955785910568,0,0,2.806668660287081,4.725992724356018,FYN;TARP
Reactome_2022,Glutamate And Glutamine Metabolism R-HSA-8964539,2/13,0.1856588939053469,0.9999955785910568,0,0,2.806668660287081,4.725992724356018,OAT;KYAT1
Reactome_2022,Glycogen Synthesis R-HSA-3322077,2/13,0.1856588939053469,0.9999955785910568,0,0,2.806668660287081,4.725992724356018,PPP1R3C;NHLRC1
Reactome_2022,IRF3-mediated Induction Of Type I IFN R-HSA-3270619,2/13,0.1856588939053469,0.9999955785910568,0,0,2.806668660287081,4.725992724356018,TREX1;DDX41
Reactome_2022,Nucleotide Biosynthesis R-HSA-8956320,2/13,0.1856588939053469,0.9999955785910568,0,0,2.806668660287081,4.725992724356018,IMPDH2;COASY
Reactome_2022,SHC1 Events In EGFR Signaling R-HSA-180336,2/13,0.1856588939053469,0.9999955785910568,0,0,2.806668660287081,4.725992724356018,BTC;AREG
Reactome_2022,Signal Regulatory Protein Family Interactions R-HSA-391160,2/13,0.1856588939053469,0.9999955785910568,0,0,2.806668660287081,4.725992724356018,PTK2B;CD47
Reactome_2022,Activation Of Arylsulfatases R-HSA-1663150,2/13,0.1856588939053469,0.9999955785910568,0,0,2.806668660287081,4.725992724356018,ARSJ;ARSG
Reactome_2022,G2/M DNA Damage Checkpoint R-HSA-69473,7/77,0.1878646993989724,0.9999955785910568,0,0,1.5451692815854663,2.583574430055092,H2AX;H2BC12;KAT5;H2BC11;CDC25C;TP53;RAD9A
Reactome_2022,Transcriptional Regulation By RUNX2 R-HSA-8878166,10/119,0.1887597791607851,0.9999955785910568,0,0,1.418145087793912,2.364445058366663,LGALS3;HDAC3;MSX2;CDK4;HEY2;TWIST1;AREG;PSMB10;PSMB8;PSMB9
Reactome_2022,Assembly And Cell Surface Presentation Of NMDA Receptors R-HSA-9609736,3/25,0.1927741412377534,0.9999955785910568,0,0,2.1054994388327724,3.4661490331649314,CAMK2B;CAMK2D;LIN7A
Reactome_2022,Termination Of O-glycan Biosynthesis R-HSA-977068,3/25,0.1927741412377534,0.9999955785910568,0,0,2.1054994388327724,3.4661490331649314,MUCL1;MUC19;MUC20
Reactome_2022,Semaphorin Interactions R-HSA-373755,6/64,0.1933923380774849,0.9999955785910568,0,0,1.598156367360874,2.6258257502646445,SEMA5A;MYL6;SEMA6A;DPYSL3;MYH14;FYN
Reactome_2022,RNA Polymerase I Promoter Clearance R-HSA-73854,7/78,0.1963768802451873,0.9999955785910568,0,0,1.523324920621998,2.479545842169446,H2AX;H2BC12;H2AC6;TAF1C;H2BC11;POLR1E;POLR1H
Reactome_2022,Assembly Of ORC Complex At Origin Of Replication R-HSA-68616,4/38,0.1988491982258124,0.9999955785910568,0,0,1.8168427173175696,2.93457987174318,H2AX;H2BC12;H2AC6;H2BC11
Reactome_2022,Association Of TriC/CCT With Target Proteins During Biosynthesis R-HSA-390471,4/38,0.1988491982258124,0.9999955785910568,0,0,1.8168427173175696,2.93457987174318,NOP56;HDAC3;KIFC3;TP53
Reactome_2022,RNA Polymerase I Transcription R-HSA-73864,7/79,0.2050378601823773,0.9999955785910568,0,0,1.50208734746307,2.3801484782363547,H2AX;H2BC12;H2AC6;TAF1C;H2BC11;POLR1E;POLR1H
Reactome_2022,Oxidative Stress Induced Senescence R-HSA-2559580,8/93,0.2052138001102885,0.9999955785910568,0,0,1.4543121050072922,2.303198321397621,H2AX;H2BC12;H2AC6;CDKN2A;CDK4;H2BC11;FOS;TP53
Reactome_2022,Creation Of C4 And C2 Activators R-HSA-166786,2/14,0.2083477589272835,0.9999955785910568,0,0,2.572642543859649,4.035309914463448,C1S;C1R
Reactome_2022,DCC Mediated Attractive Signaling R-HSA-418885,2/14,0.2083477589272835,0.9999955785910568,0,0,2.572642543859649,4.035309914463448,ABLIM3;FYN
Reactome_2022,LGI-ADAM Interactions R-HSA-5682910,2/14,0.2083477589272835,0.9999955785910568,0,0,2.572642543859649,4.035309914463448,ADAM11;CACNG4
Reactome_2022,Response To Metal Ions R-HSA-5660526,2/14,0.2083477589272835,0.9999955785910568,0,0,2.572642543859649,4.035309914463448,MT2A;MT1X
Reactome_2022,Pyroptosis R-HSA-5620971,3/26,0.2087506599821345,0.9999955785910568,0,0,2.013848631239936,3.1549249773487635,IRF1;CASP4;TP53
Reactome_2022,TNFR1-induced NFkappaB Signaling Pathway R-HSA-5357956,3/26,0.2087506599821345,0.9999955785910568,0,0,2.013848631239936,3.1549249773487635,SHARPIN;RACK1;RBCK1
Reactome_2022,Metabolism Of Water-Soluble Vitamins And Cofactors R-HSA-196849,10/122,0.2093693276941197,0.9999955785910568,0,0,1.3799373226111638,2.1577465405225538,ABCD4;GSTO2;NMNAT1;TCN1;GSTO1;SLC25A19;NMNAT3;LRP2;PARP14;COASY
Reactome_2022,DAG And IP3 Signaling R-HSA-1489509,4/39,0.2117231615423637,0.9999955785910568,0,0,1.764838785596611,2.739869328078148,CAMK2B;CAMK2D;PRKAR1B;CAMKK1
Reactome_2022,Elastic Fibre Formation R-HSA-1566948,4/39,0.2117231615423637,0.9999955785910568,0,0,1.764838785596611,2.739869328078148,BMP4;LOXL4;GDF5;LOXL1
Reactome_2022,Muscle Contraction R-HSA-397014,15/196,0.2153962173375637,0.9999955785910568,0,0,1.2813959576197629,1.9672965570029344,CAMK2B;CAMK2D;ANXA1;ANXA2;KCNJ14;ATP1A4;KCNK15;CACNB1;MYL5;MYL6;MYH3;ANXA6;VIM;FGF12;CACNG4
Reactome_2022,Collagen Biosynthesis And Modifying Enzymes R-HSA-1650814,6/67,0.22254427604739,0.9999955785910568,0,0,1.5193150462587242,2.282967158130696,COL28A1;COL2A1;COL12A1;COL4A3;COL4A5;COL6A3
Reactome_2022,Acyl Chain Remodelling Of PC R-HSA-1482788,3/27,0.2250057328903542,0.9999955785910568,0,0,1.929835390946502,2.8785992016446764,PLA2G4C;PLAAT3;PLA2G5
Reactome_2022,Assembly Of Pre-Replicative Complex R-HSA-68867,9/110,0.2269377542220741,0.9999955785910568,0,0,1.3768763973171512,2.04201717208367,H2AX;H2BC12;CDT1;H2AC6;UBE2S;H2BC11;PSMB10;PSMB8;PSMB9
Reactome_2022,Activation Of BAD And Translocation To Mitochondria R-HSA-111447,2/15,0.2312952849853743,0.9999955785910568,0,0,2.3746204453441297,3.476587034318414,BAD;BCL2
Reactome_2022,Diseases Associated With Glycosylation Precursor Biosynthesis R-HSA-5609975,2/15,0.2312952849853743,0.9999955785910568,0,0,2.3746204453441297,3.476587034318414,GALT;SLPI
Reactome_2022,Eicosanoid Ligand-Binding Receptors R-HSA-391903,2/15,0.2312952849853743,0.9999955785910568,0,0,2.3746204453441297,3.476587034318414,CYSLTR1;PTGER3
Reactome_2022,Phase 2 - Plateau Phase R-HSA-5576893,2/15,0.2312952849853743,0.9999955785910568,0,0,2.3746204453441297,3.476587034318414,CACNB1;CACNG4
Reactome_2022,Synthesis Of Prostaglandins (PG) And Thromboxanes (TX) R-HSA-2162123,2/15,0.2312952849853743,0.9999955785910568,0,0,2.3746204453441297,3.476587034318414,PTGES2;TBXAS1
Reactome_2022,WNT5A-dependent Internalization Of FZD4 R-HSA-5099900,2/15,0.2312952849853743,0.9999955785910568,0,0,2.3746204453441297,3.476587034318414,CLTB;AP2M1
Reactome_2022,"Antigen Presentation: Folding, Assembly, Peptide Loading Of Class I MHC R-HSA-983170",3/28,0.2414932753887219,0.9999955785910568,0,0,1.8525432098765435,2.632303936830273,HLA-A;HLA-F;B2M
Reactome_2022,Interconversion Of Nucleotide Di- And Triphosphates R-HSA-499943,3/28,0.2414932753887219,0.9999955785910568,0,0,1.8525432098765435,2.632303936830273,DTYMK;NME2;AK4
Reactome_2022,Diseases Associated With O-glycosylation Of Proteins R-HSA-3906995,6/69,0.2427326890632136,0.9999955785910568,0,0,1.4709256639949708,2.0825284446096286,SEMA5A;ADAMTS13;MUCL1;ADAMTS19;MUC19;MUC20
Reactome_2022,RHOB GTPase Cycle R-HSA-9013026,6/69,0.2427326890632136,0.9999955785910568,0,0,1.4709256639949708,2.0825284446096286,PREX1;STK10;ARHGEF17;MCAM;PCDH7;DLC1
Reactome_2022,Metabolism Of Vitamins And Cofactors R-HSA-196854,14/186,0.2438385916171939,0.9999955785910568,0,0,1.258112493239589,1.775509724142004,ABCD4;GSTO2;GSTO1;SDC2;NMNAT3;COQ9;LRP2;PARP14;COASY;NMNAT1;TCN1;SLC25A19;RBP1;APOE
Reactome_2022,Glycerophospholipid Biosynthesis R-HSA-1483206,10/127,0.2456296658850742,0.9999955785910568,0,0,1.3206118752476368,1.8540470269517548,ABHD4;OSBPL5;ALPP;ETNK2;PLA2G4C;CPNE1;PLAAT3;PLA2G5;PLAAT4;PLD2
Reactome_2022,RUNX1 Regulates Transcription Of Genes Involved In Differentiation Of HSCs R-HSA-8939236,8/98,0.2467237690031937,0.9999955785910568,0,0,1.373149678604224,1.9217036306641784,H2AX;H2BC12;H2AC6;H2BC11;GATA3;PSMB10;PSMB8;PSMB9
Reactome_2022,Cyclin A:Cdk2-associated Events At S Phase Entry R-HSA-69656,7/84,0.2503343322749398,0.9999955785910568,0,0,1.4041738608212595,1.944721717251661,CDK4;MYC;E2F4;PSMB10;PSMB8;CDC25B;PSMB9
Reactome_2022,Defective Pyroptosis R-HSA-9710421,4/42,0.251597578266879,0.9999955785910568,0,0,1.6252492846614064,2.242721110722104,H2AX;H2BC12;H2AC6;H2BC11
Reactome_2022,PRC2 Methylates Histones And DNA R-HSA-212300,4/42,0.251597578266879,0.9999955785910568,0,0,1.6252492846614064,2.242721110722104,H2AX;H2BC12;H2AC6;H2BC11
Reactome_2022,Stabilization Of P53 R-HSA-69541,5/56,0.2540052885663746,0.9999955785910568,0,0,1.513909768359116,2.0746622357961813,CDKN2A;TP53;PSMB10;PSMB8;PSMB9
Reactome_2022,CRMPs In Sema3A Signaling R-HSA-399956,2/16,0.2543859317665836,0.9999955785910568,0,0,2.204887218045113,3.018276173366273,DPYSL3;FYN
Reactome_2022,Hyaluronan Metabolism R-HSA-2142845,2/16,0.2543859317665836,0.9999955785910568,0,0,2.204887218045113,3.018276173366273,ABCC5;CD44
Reactome_2022,Nucleotide-like (Purinergic) Receptors R-HSA-418038,2/16,0.2543859317665836,0.9999955785910568,0,0,2.204887218045113,3.018276173366273,P2RY10;LPAR6
Reactome_2022,Plasma Lipoprotein Assembly R-HSA-8963898,2/16,0.2543859317665836,0.9999955785910568,0,0,2.204887218045113,3.018276173366273,ZDHHC8;APOE
Reactome_2022,Processing Of SMDT1 R-HSA-8949664,2/16,0.2543859317665836,0.9999955785910568,0,0,2.204887218045113,3.018276173366273,STOML2;PHB2
Reactome_2022,Regulation Of KIT Signaling R-HSA-1433559,2/16,0.2543859317665836,0.9999955785910568,0,0,2.204887218045113,3.018276173366273,KITLG;FYN
Reactome_2022,TRAF6-mediated Induction Of TAK1 Complex Within TLR4 Complex R-HSA-937072,2/16,0.2543859317665836,0.9999955785910568,0,0,2.204887218045113,3.018276173366273,NDUFA2;SARM1
Reactome_2022,ESR-mediated Signaling R-HSA-8939211,14/188,0.2561716304031528,0.9999955785910568,0,0,1.243517775995723,1.6935563445315804,H2AX;H2AC6;GREB1;GATA3;FOS;AREG;BTC;H2BC12;KAT5;MYC;H2BC11;BCL2;PGR;POLR2G
Reactome_2022,G1/S-Specific Transcription R-HSA-69205,3/29,0.2581689130380193,0.9999955785910568,0,0,1.781196581196581,2.411991687629163,CDT1;E2F4;TK1
Reactome_2022,Peroxisomal Lipid Metabolism R-HSA-390918,3/29,0.2581689130380193,0.9999955785910568,0,0,1.781196581196581,2.411991687629163,ACBD4;CRAT;ACOT4
Reactome_2022,SUMOylation Of Intracellular Receptors R-HSA-4090294,3/29,0.2581689130380193,0.9999955785910568,0,0,1.781196581196581,2.411991687629163,RARA;PGR;AREG
Reactome_2022,Surfactant Metabolism R-HSA-5683826,3/29,0.2581689130380193,0.9999955785910568,0,0,1.781196581196581,2.411991687629163,SFTPA2;LMCD1;ADRA2A
Reactome_2022,Uptake And Actions Of Bacterial Toxins R-HSA-5339562,3/29,0.2581689130380193,0.9999955785910568,0,0,1.781196581196581,2.411991687629163,VAMP1;EEF2;ANTXR1
Reactome_2022,Metabolism Of Lipids R-HSA-556833,49/732,0.2641370555428479,0.9999955785910568,0,0,1.1107477577787324,1.478724228778154,MTMR14;MED19;SPTLC3;CPNE1;MECR;STARD5;ELOVL2;PLA2G4C;PLAAT3;PTGR1;PLAAT4;ACOT2;FDX2;ACOT4;VAC14;ACSS3;HDAC3;ABHD4;SFTPA2;CD163L1;HSD17B14;PLA2G5;LRP2;HSD17B8;PLD2;ALDH3B2;HMGCL;ARSJ;INPP5J;THEM4;ARSG;ACBD7;CHGA;ACBD4;OSBPL5;PTGES2;EPHX2;CYP4B1;CYP4F8;ACSF3;ETNK2;ALPP;CYP1A2;TBXAS1;CYP1A1;PNPLA4;THRSP;DEGS2;CRAT
Reactome_2022,Condensation Of Prophase Chromosomes R-HSA-2299718,4/43,0.2652279324726316,0.9999955785910568,0,0,1.5834917416466017,2.101555925985897,H2AX;H2BC12;H2AC6;H2BC11
Reactome_2022,Retinoid Metabolism And Transport R-HSA-975634,4/43,0.2652279324726316,0.9999955785910568,0,0,1.5834917416466017,2.101555925985897,SDC2;RBP1;LRP2;APOE
Reactome_2022,NRAGE Signals Death Thru JNK R-HSA-193648,5/57,0.265741846106546,0.9999955785910568,0,0,1.484716849514871,1.9675912285300716,PREX1;ARHGEF37;BAD;ARHGEF17;ARHGEF39
Reactome_2022,Cytokine Signaling In Immune System R-HSA-1280215,47/702,0.2689077926907337,0.9999955785910568,0,0,1.1107737237697275,1.4588754757669633,IFITM3;OPRD1;CAMK2B;IL1RN;SP100;CAMK2D;RPLP0;NLRC5;TWIST1;GATA3;IFI35;PSMB10;HERC5;MT2A;TRIM29;MYC;CCL5;PTK2B;FYN;B2M;TRIM21;EGR1;ANXA1;ANXA2;GSTO1;IL11RA;MX1;FLT3LG;ISG15;FOS;HLA-A;HLA-F;IL17RC;MID1;PSMB8;PSMB9;BATF;IRF1;OAS3;IL2RB;BCL2;TRIM14;TRIM38;VIM;TP53;HLA-DRB1;CD44
Reactome_2022,Activation Of NOXA And Translocation To Mitochondria R-HSA-111448,1/5,0.2696258612601404,0.9999955785910568,0,0,3.857436318816762,5.056018854608482,TP53
Reactome_2022,Chylomicron Clearance R-HSA-8964026,1/5,0.2696258612601404,0.9999955785910568,0,0,3.857436318816762,5.056018854608482,APOE
Reactome_2022,Drug-mediated Inhibition Of CDK4/CDK6 Activity R-HSA-9754119,1/5,0.2696258612601404,0.9999955785910568,0,0,3.857436318816762,5.056018854608482,CDK4
Reactome_2022,Fructose Catabolism R-HSA-70350,1/5,0.2696258612601404,0.9999955785910568,0,0,3.857436318816762,5.056018854608482,TKFC
Reactome_2022,Leukotriene Receptors R-HSA-391906,1/5,0.2696258612601404,0.9999955785910568,0,0,3.857436318816762,5.056018854608482,CYSLTR1
Reactome_2022,N-glycan Trimming And Elongation In cis-Golgi R-HSA-964739,1/5,0.2696258612601404,0.9999955785910568,0,0,3.857436318816762,5.056018854608482,MAN1A1
Reactome_2022,NOSTRIN Mediated eNOS Trafficking R-HSA-203641,1/5,0.2696258612601404,0.9999955785910568,0,0,3.857436318816762,5.056018854608482,NOSTRIN
Reactome_2022,Reelin Signaling Pathway R-HSA-8866376,1/5,0.2696258612601404,0.9999955785910568,0,0,3.857436318816762,5.056018854608482,FYN
Reactome_2022,Sodium-coupled Phosphate Cotransporters R-HSA-427652,1/5,0.2696258612601404,0.9999955785910568,0,0,3.857436318816762,5.056018854608482,SLC34A3
Reactome_2022,Sulfide Oxidation To Sulfate R-HSA-1614517,1/5,0.2696258612601404,0.9999955785910568,0,0,3.857436318816762,5.056018854608482,SLC25A10
Reactome_2022,Synthesis Of GDP-mannose R-HSA-446205,1/5,0.2696258612601404,0.9999955785910568,0,0,3.857436318816762,5.056018854608482,SLPI
Reactome_2022,TFAP2 (AP-2) Family Regulates Transcription Of Cell Cycle Factors R-HSA-8866911,1/5,0.2696258612601404,0.9999955785910568,0,0,3.857436318816762,5.056018854608482,MYC
Reactome_2022,Toxicity Of Botulinum Toxin Type D (botD) R-HSA-5250955,1/5,0.2696258612601404,0.9999955785910568,0,0,3.857436318816762,5.056018854608482,VAMP1
Reactome_2022,Toxicity Of Botulinum Toxin Type F (botF) R-HSA-5250981,1/5,0.2696258612601404,0.9999955785910568,0,0,3.857436318816762,5.056018854608482,VAMP1
Reactome_2022,Tyrosine Catabolism R-HSA-8963684,1/5,0.2696258612601404,0.9999955785910568,0,0,3.857436318816762,5.056018854608482,GSTZ1
Reactome_2022,Vitamin B1 (Thiamin) Metabolism R-HSA-196819,1/5,0.2696258612601404,0.9999955785910568,0,0,3.857436318816762,5.056018854608482,SLC25A19
Reactome_2022,Neutrophil Degranulation R-HSA-6798695,32/468,0.2727856640023786,0.9999955785910568,0,0,1.1353249686711946,1.4748653646708292,SFTPA2;PYCARD;CST3;STK10;LGALS3;COMMD9;DPP7;AIFM2;CPNE1;CEACAM21;ATG7;B2M;ANXA2;IST1;PTGES2;NDUFA2;NME2;HLA-A;TUBB4B;EEF2;APRT;SLPI;TCN1;NPC2;IMPDH2;DLC1;PKP1;ALDOC;LAMTOR1;CD47;CD44;LTF
Reactome_2022,Base Excision Repair R-HSA-73884,6/72,0.2739477572648348,0.9999955785910568,0,0,1.403840384038404,1.8177175985992788,H2AX;H2BC12;H2AC6;OGG1;H2BC11;MUTYH
Reactome_2022,Epigenetic Regulation Of Gene Expression R-HSA-212165,9/116,0.2749789273318007,0.9999955785910568,0,0,1.29925094501519,1.6774119802397678,H2AX;H2BC12;H2AC6;TAF1C;DDX56;H2BC11;POLR1E;POLR1H;RRP8
Reactome_2022,Activation Of BH3-only Proteins R-HSA-114452,3/30,0.2749901183073451,0.9999955785910568,0,0,1.7151348879743942,2.2142736409804407,BAD;BCL2;TP53
Reactome_2022,RNA Polymerase I Transcription Termination R-HSA-73863,3/30,0.2749901183073451,0.9999955785910568,0,0,1.7151348879743942,2.2142736409804407,TAF1C;POLR1E;POLR1H
Reactome_2022,Tight Junction Interactions R-HSA-420029,3/30,0.2749901183073451,0.9999955785910568,0,0,1.7151348879743942,2.2142736409804407,PARD6A;CLDN15;CLDN23
Reactome_2022,Activation Of IRF3/IRF7 Mediated By TBK1/IKK Epsilon R-HSA-936964,2/17,0.2775172514520276,0.9999955785910568,0,0,2.0577850877192985,2.6378174570520185,NDUFA2;SARM1
Reactome_2022,Formation Of Senescence-Associated Heterochromatin Foci (SAHF) R-HSA-2559584,2/17,0.2775172514520276,0.9999955785910568,0,0,2.0577850877192985,2.6378174570520185,TP53;H1-2
Reactome_2022,GAB1 Signalosome R-HSA-180292,2/17,0.2775172514520276,0.9999955785910568,0,0,2.0577850877192985,2.6378174570520185,BTC;AREG
Reactome_2022,Protein Methylation R-HSA-8876725,2/17,0.2775172514520276,0.9999955785910568,0,0,2.0577850877192985,2.6378174570520185,RPS2;EEF2
Reactome_2022,Translocation Of ZAP-70 To Immunological Synapse R-HSA-202430,2/17,0.2775172514520276,0.9999955785910568,0,0,2.0577850877192985,2.6378174570520185,TARP;HLA-DRB1
Reactome_2022,RHO GTPase Effectors R-HSA-195258,19/269,0.28457293744377,0.9999955785910568,0,0,1.174672226855713,1.4762877489414743,H2AX;CENPT;H2AC6;ARPC1B;WAS;ARPC4-TTLL3;NOXO1;CDC25C;AREG;AURKB;H2BC12;MYL6;RPS27;NOXA1;H2BC11;CENPM;MYH14;EVL;PFN2
Reactome_2022,Meiosis R-HSA-1500620,7/88,0.2885289317143606,0.9999955785910568,0,0,1.334546492542639,1.6587877946985663,H2AX;H2BC12;H2AC6;CDK4;H2BC11;MND1;SYNE1
Reactome_2022,RHOQ GTPase Cycle R-HSA-9013406,5/59,0.2895546858884924,0.9999955785910568,0,0,1.4295746694757412,1.7718307166191851,PREX1;SYDE1;DLC1;CDC42EP2;LAMTOR1
Reactome_2022,Chromosome Maintenance R-HSA-73886,9/118,0.2916176550772443,0.9999955785910568,0,0,1.2752748878821685,1.571536209876813,CTC1;H2AX;H2BC12;CENPT;H2AC6;TERT;H2BC11;CENPM;POLR2G
Reactome_2022,Glyoxylate Metabolism And Glycine Degradation R-HSA-389661,3/31,0.2919163136953289,0.9999955785910568,0,0,1.6537918871252204,2.036294294844937,ALDH4A1;GRHPR;DLST
Reactome_2022,Nicotinate Metabolism R-HSA-196807,3/31,0.2919163136953289,0.9999955785910568,0,0,1.6537918871252204,2.036294294844937,NMNAT1;NMNAT3;PARP14
Reactome_2022,RUNX2 Regulates Bone Development R-HSA-8941326,3/31,0.2919163136953289,0.9999955785910568,0,0,1.6537918871252204,2.036294294844937,HDAC3;HEY2;AREG
Reactome_2022,ERCC6 (CSB) And EHMT2 (G9a) Positively Regulate rRNA Expression R-HSA-427389,4/45,0.2928590498040533,0.9999955785910568,0,0,1.506087515570378,1.8495716243744456,H2AX;H2BC12;H2AC6;H2BC11
Reactome_2022,Regulation Of Complement Cascade R-HSA-977606,4/45,0.2928590498040533,0.9999955785910568,0,0,1.506087515570378,1.8495716243744456,C4A;C1S;C1R;CPNE1
Reactome_2022,Formation Of Cornified Envelope R-HSA-6809371,6/74,0.2952620072477437,0.9999955785910568,0,0,1.362405358182877,1.6619876106406626,CASP14;CDSN;PKP1;PKP3;PI3;KLK12
Reactome_2022,RAF/MAP Kinase Cascade R-HSA-5673001,19/271,0.2955268814728809,0.9999955785910568,0,0,1.1652236652236652,1.4204023773936936,CAMK2B;CAMK2D;VWF;CHURC1-FNTB;FLT3LG;PDGFA;WDR83;GFRA1;RASAL3;AREG;PSMB8;PSMB10;PSMB9;BTC;KITLG;RASA4;IL2RB;RGL3;FYN
Reactome_2022,ER-Phagosome Pathway R-HSA-1236974,7/89,0.2982876345367579,0.9999955785910568,0,0,1.3182010432821092,1.5946239020714863,NDUFA2;HLA-A;HLA-F;B2M;PSMB10;PSMB8;PSMB9
Reactome_2022,Cargo Recognition For Clathrin-Mediated Endocytosis R-HSA-8856825,8/104,0.299686372221114,0.9999955785910568,0,0,1.2869146005509642,1.550756258180846,BTC;GRK3;TF;CLTB;LRP2;TARP;AREG;AP2M1
Reactome_2022,LDL Clearance R-HSA-8964038,2/18,0.3005987247549823,0.9999955785910568,0,0,1.9290707236842104,2.3187025842706754,NPC2;AP2M1
Reactome_2022,Regulation Of NF-kappa B Signaling R-HSA-9758274,2/18,0.3005987247549823,0.9999955785910568,0,0,1.9290707236842104,2.3187025842706754,NLRC5;TP53
Reactome_2022,FCGR3A-mediated Phagocytosis R-HSA-9664422,5/60,0.3016022970072065,0.9999955785910568,0,0,1.403507457093607,1.6823086370374214,ARPC1B;ARPC4-TTLL3;WAS;FYN;TARP
Reactome_2022,Meiotic Synapsis R-HSA-1221632,5/60,0.3016022970072065,0.9999955785910568,0,0,1.403507457093607,1.6823086370374214,H2AX;H2BC12;H2AC6;H2BC11;SYNE1
Reactome_2022,Transcriptional Regulation By MECP2 R-HSA-8986944,5/60,0.3016022970072065,0.9999955785910568,0,0,1.403507457093607,1.6823086370374214,CAMK2B;CAMK2D;HDAC3;PVALB;AURKB
Reactome_2022,Nuclear Signaling By ERBB4 R-HSA-1251985,3/32,0.3089089456403207,0.9999955785910568,0,0,1.5966794380587483,1.875633258633037,BTC;PGR;APOE
Reactome_2022,APOBEC3G Mediated Resistance To HIV-1 R-HSA-180689,1/6,0.3141167051715695,0.9999955785910568,0,0,3.085784716516023,3.5733099718543024,BANF1
Reactome_2022,Acrosome Reaction And Sperm:Oocyte Membrane Binding R-HSA-1300645,1/6,0.3141167051715695,0.9999955785910568,0,0,3.085784716516023,3.5733099718543024,IZUMO4
Reactome_2022,Activated NTRK2 Signals Thru FYN R-HSA-9032500,1/6,0.3141167051715695,0.9999955785910568,0,0,3.085784716516023,3.5733099718543024,FYN
Reactome_2022,Activation Of C3 And C5 R-HSA-174577,1/6,0.3141167051715695,0.9999955785910568,0,0,3.085784716516023,3.5733099718543024,C4A
Reactome_2022,Beta Oxidation Of decanoyl-CoA To octanoyl-CoA-CoA R-HSA-77346,1/6,0.3141167051715695,0.9999955785910568,0,0,3.085784716516023,3.5733099718543024,MECR
Reactome_2022,Biosynthesis Of Maresin-Like SPMs R-HSA-9027307,1/6,0.3141167051715695,0.9999955785910568,0,0,3.085784716516023,3.5733099718543024,CYP1A2
Reactome_2022,CLEC7A/inflammasome Pathway R-HSA-5660668,1/6,0.3141167051715695,0.9999955785910568,0,0,3.085784716516023,3.5733099718543024,PYCARD
Reactome_2022,Estrogen Biosynthesis R-HSA-193144,1/6,0.3141167051715695,0.9999955785910568,0,0,3.085784716516023,3.5733099718543024,HSD17B14
Reactome_2022,GDP-fucose Biosynthesis R-HSA-6787639,1/6,0.3141167051715695,0.9999955785910568,0,0,3.085784716516023,3.5733099718543024,FCSK
Reactome_2022,Metal Sequestration By Antimicrobial Proteins R-HSA-6799990,1/6,0.3141167051715695,0.9999955785910568,0,0,3.085784716516023,3.5733099718543024,LTF
Reactome_2022,Methionine Salvage Pathway R-HSA-1237112,1/6,0.3141167051715695,0.9999955785910568,0,0,3.085784716516023,3.5733099718543024,MRI1
Reactome_2022,Mineralocorticoid Biosynthesis R-HSA-193993,1/6,0.3141167051715695,0.9999955785910568,0,0,3.085784716516023,3.5733099718543024,CHGA
Reactome_2022,PTK6 Regulates Cell Cycle R-HSA-8849470,1/6,0.3141167051715695,0.9999955785910568,0,0,3.085784716516023,3.5733099718543024,CDK4
Reactome_2022,PTK6 Promotes HIF1A Stabilization R-HSA-8857538,1/6,0.3141167051715695,0.9999955785910568,0,0,3.085784716516023,3.5733099718543024,LRRK2
Reactome_2022,Phenylalanine Metabolism R-HSA-8964208,1/6,0.3141167051715695,0.9999955785910568,0,0,3.085784716516023,3.5733099718543024,KYAT1
Reactome_2022,Sensing Of DNA Double Strand Breaks R-HSA-5693548,1/6,0.3141167051715695,0.9999955785910568,0,0,3.085784716516023,3.5733099718543024,KAT5
Reactome_2022,Synthesis Of Lipoxins (LX) R-HSA-2142700,1/6,0.3141167051715695,0.9999955785910568,0,0,3.085784716516023,3.5733099718543024,PTGR1
Reactome_2022,Synthesis Of Wybutosine At G37 Of tRNA(Phe) R-HSA-6782861,1/6,0.3141167051715695,0.9999955785910568,0,0,3.085784716516023,3.5733099718543024,LCMT2
Reactome_2022,TNFR1-mediated Ceramide Production R-HSA-5626978,1/6,0.3141167051715695,0.9999955785910568,0,0,3.085784716516023,3.5733099718543024,RACK1
Reactome_2022,Uptake And Function Of Diphtheria Toxin R-HSA-5336415,1/6,0.3141167051715695,0.9999955785910568,0,0,3.085784716516023,3.5733099718543024,EEF2
Reactome_2022,p75NTR Negatively Regulates Cell Cycle Via SC1 R-HSA-193670,1/6,0.3141167051715695,0.9999955785910568,0,0,3.085784716516023,3.5733099718543024,HDAC3
Reactome_2022,Intracellular Signaling By Second Messengers R-HSA-9006925,21/306,0.3169320238708324,0.9999955785910568,0,0,1.138627269929209,1.3083601186281886,CAMK2B;EGR1;CAMK2D;HDAC3;BAD;FLT3LG;PDGFA;AREG;CAMKK1;PSMB8;PSMB10;PSMB9;BTC;KITLG;PRKAR1B;SALL4;THEM4;FYN;LAMTOR1;MAF1;TP53
Reactome_2022,HATs Acetylate Histones R-HSA-3214847,8/106,0.3179050566515219,0.9999955785910568,0,0,1.260516107269354,1.444554616233592,ING4;H2BC12;KAT5;H2AC6;KANSL2;TAF10;H2BC11;JADE2
Reactome_2022,Activation Of HOX Genes During Differentiation R-HSA-5619507,7/91,0.3180045891170027,0.9999955785910568,0,0,1.2866776768510872,1.4741330593740685,H2AX;H2BC12;HDAC3;H2AC6;H2BC11;RARA;POLR2G
Reactome_2022,Metabolism Of Fat-Soluble Vitamins R-HSA-6806667,4/47,0.3208373084685609,0.9999955785910568,0,0,1.4358836826175243,1.632342884105617,SDC2;RBP1;LRP2;APOE
Reactome_2022,PLC Beta Mediated Events R-HSA-112043,4/47,0.3208373084685609,0.9999955785910568,0,0,1.4358836826175243,1.632342884105617,CAMK2B;CAMK2D;PRKAR1B;CAMKK1
Reactome_2022,Signaling By Nuclear Receptors R-HSA-9006931,18/260,0.321008738038642,0.9999955785910568,0,0,1.1491735537190082,1.3057908950446957,H2AX;HDAC3;CRABP2;H2AC6;GREB1;GATA3;FOS;AREG;BTC;H2BC12;KAT5;MYC;H2BC11;RARA;BCL2;PGR;POLR2G;APOE
Reactome_2022,Aflatoxin Activation And Detoxification R-HSA-5423646,2/19,0.3235506899109287,0.9999955785910568,0,0,1.815499226006192,2.048608391942601,GGT7;CYP1A2
Reactome_2022,Other Semaphorin Interactions R-HSA-416700,2/19,0.3235506899109287,0.9999955785910568,0,0,1.815499226006192,2.048608391942601,SEMA5A;SEMA6A
Reactome_2022,Phase 4 - Resting Membrane Potential R-HSA-5576886,2/19,0.3235506899109287,0.9999955785910568,0,0,1.815499226006192,2.048608391942601,KCNJ14;KCNK15
Reactome_2022,RHO GTPases Activate ROCKs R-HSA-5627117,2/19,0.3235506899109287,0.9999955785910568,0,0,1.815499226006192,2.048608391942601,MYL6;MYH14
Reactome_2022,RHO GTPases Activate CIT R-HSA-5625900,2/19,0.3235506899109287,0.9999955785910568,0,0,1.815499226006192,2.048608391942601,MYL6;MYH14
Reactome_2022,Ras Activation Upon Ca2+ Influx Thru NMDA Receptor R-HSA-442982,2/19,0.3235506899109287,0.9999955785910568,0,0,1.815499226006192,2.048608391942601,CAMK2B;CAMK2D
Reactome_2022,SUMOylation Of Transcription Factors R-HSA-3232118,2/19,0.3235506899109287,0.9999955785910568,0,0,1.815499226006192,2.048608391942601,CDKN2A;TP53
Reactome_2022,Scavenging By Class A Receptors R-HSA-3000480,2/19,0.3235506899109287,0.9999955785910568,0,0,1.815499226006192,2.048608391942601,COLEC12;APOE
Reactome_2022,Transcription Of E2F Targets Under Negative Control By DREAM Complex R-HSA-1362277,2/19,0.3235506899109287,0.9999955785910568,0,0,1.815499226006192,2.048608391942601,MYC;E2F4
Reactome_2022,Pre-NOTCH Transcription And Translation R-HSA-1912408,5/62,0.3259096087836239,0.9999955785910568,0,0,1.3541169494221952,1.5181481900931189,H2AX;H2BC12;H2AC6;H2BC11;TP53
Reactome_2022,Oncogene Induced Senescence R-HSA-2559585,3/33,0.3259315328401195,0.9999955785910568,0,0,1.5433744855967078,1.7302276577413505,CDKN2A;CDK4;TP53
Reactome_2022,Resolution Of D-loop Structures Thru Holliday Junction Intermediates R-HSA-5693568,3/33,0.3259315328401195,0.9999955785910568,0,0,1.5433744855967078,1.7302276577413505,EME1;KAT5;XRCC3
Reactome_2022,Telomere Maintenance R-HSA-157579,7/92,0.3279479015541403,0.9999955785910568,0,0,1.2714722883373002,1.4175651153553674,H2AX;H2BC12;CTC1;H2AC6;TERT;H2BC11;POLR2G
Reactome_2022,MAPK1/MAPK3 Signaling R-HSA-5684996,19/277,0.3291451700936901,0.9999955785910568,0,0,1.1377569162932937,1.2643396310414412,CAMK2B;CAMK2D;VWF;CHURC1-FNTB;FLT3LG;PDGFA;WDR83;GFRA1;RASAL3;AREG;PSMB8;PSMB10;PSMB9;BTC;KITLG;RASA4;IL2RB;RGL3;FYN
Reactome_2022,Inositol Phosphate Metabolism R-HSA-1483249,4/48,0.3349038521481215,0.9999955785910568,0,0,1.4031750786281263,1.534949771578234,ITPK1;INPP5J;PLCD3;PLCD4
Reactome_2022,RAC3 GTPase Cycle R-HSA-9013423,7/93,0.3379378848764539,0.9999955785910568,0,0,1.2566205135098805,1.3632990160860328,PREX1;SYDE1;MCAM;ARHGDIB;NOXA1;NOXO1;LAMTOR1
Reactome_2022,Constitutive Signaling By Aberrant PI3K In Cancer R-HSA-2219530,6/78,0.3387400484940725,0.9999955785910568,0,0,1.2864411441144117,1.392601206020154,BTC;KITLG;FLT3LG;PDGFA;FYN;AREG
Reactome_2022,Pre-NOTCH Expression And Processing R-HSA-1912422,6/78,0.3387400484940725,0.9999955785910568,0,0,1.2864411441144117,1.392601206020154,H2AX;H2BC12;H2AC6;H2BC11;RFNG;TP53
Reactome_2022,Mitotic Anaphase R-HSA-68882,16/232,0.3400679259230963,0.9999955785910568,0,0,1.1441424785850742,1.2340834034959038,CENPT;IST1;TUBB4B;PSMB8;AURKB;PSMB10;PSMB9;TUBA1B;TUBB2B;TUBB6;RPS27;TUBA1A;TUBB2A;UBE2S;CENPM;BANF1
Reactome_2022,Resolution Of D-Loop Structures R-HSA-5693537,3/34,0.3429496925834274,0.9999955785910568,0,0,1.493508562325767,1.598310315471997,EME1;KAT5;XRCC3
Reactome_2022,Phosphorylation Of CD3 And TCR Zeta Chains R-HSA-202427,2/20,0.3463033576871464,0.9999955785910568,0,0,1.714546783625731,1.8181742170844557,TARP;HLA-DRB1
Reactome_2022,Sema4D Induced Cell Migration And Growth-Cone Collapse R-HSA-416572,2/20,0.3463033576871464,0.9999955785910568,0,0,1.714546783625731,1.8181742170844557,MYL6;MYH14
Reactome_2022,Mitotic Metaphase And Anaphase R-HSA-2555396,16/233,0.3463717145982176,0.9999955785910568,0,0,1.13880859090456,1.2074135646082598,CENPT;IST1;TUBB4B;PSMB8;AURKB;PSMB10;PSMB9;TUBA1B;TUBB2B;TUBB6;RPS27;TUBA1A;TUBB2A;UBE2S;CENPM;BANF1
Reactome_2022,RMTs Methylate Histone Arginines R-HSA-3214858,4/49,0.3489952126645279,0.9999955785910568,0,0,1.3719201903715907,1.4442163703953683,H2AX;H2AC6;CDK4;RPS2
Reactome_2022,TP53 Regulates Transcription Of Cell Cycle Genes R-HSA-6791312,4/49,0.3489952126645279,0.9999955785910568,0,0,1.3719201903715907,1.4442163703953683,BTG2;E2F4;CDC25C;TP53
Reactome_2022,APEX1-Independent Resolution Of AP Sites Via Single Nucleotide Replacement Pathway R-HSA-5649702,1/7,0.355899468709289,0.9999955785910568,0,0,2.571350314982197,2.656479956571829,OGG1
Reactome_2022,Activation Of RAC1 Downstream Of NMDARs R-HSA-9619229,1/7,0.355899468709289,0.9999955785910568,0,0,2.571350314982197,2.656479956571829,CAMKK1
Reactome_2022,Defective CSF2RA Causes SMDP4 R-HSA-5688890,1/7,0.355899468709289,0.9999955785910568,0,0,2.571350314982197,2.656479956571829,SFTPA2
Reactome_2022,Defective Factor VIII Causes Hemophilia A R-HSA-9662001,1/7,0.355899468709289,0.9999955785910568,0,0,2.571350314982197,2.656479956571829,VWF
Reactome_2022,FLT3 Signaling By CBL Mutants R-HSA-9706377,1/7,0.355899468709289,0.9999955785910568,0,0,2.571350314982197,2.656479956571829,FLT3LG
Reactome_2022,Fructose Metabolism R-HSA-5652084,1/7,0.355899468709289,0.9999955785910568,0,0,2.571350314982197,2.656479956571829,TKFC
Reactome_2022,HDL Assembly R-HSA-8963896,1/7,0.355899468709289,0.9999955785910568,0,0,2.571350314982197,2.656479956571829,ZDHHC8
Reactome_2022,LTC4-CYSLTR Mediated IL4 Production R-HSA-9664535,1/7,0.355899468709289,0.9999955785910568,0,0,2.571350314982197,2.656479956571829,CYSLTR1
Reactome_2022,Loss Of MECP2 Binding Ability To NCoR/SMRT Complex R-HSA-9022537,1/7,0.355899468709289,0.9999955785910568,0,0,2.571350314982197,2.656479956571829,HDAC3
Reactome_2022,Modulation By Mtb Of Host Immune System R-HSA-9637628,1/7,0.355899468709289,0.9999955785910568,0,0,2.571350314982197,2.656479956571829,B2M
Reactome_2022,Nef Mediated CD8 Down-regulation R-HSA-182218,1/7,0.355899468709289,0.9999955785910568,0,0,2.571350314982197,2.656479956571829,AP2M1
Reactome_2022,RUNX1 Regulates Transcription Of Genes Involved In Differentiation Of Myeloid Cells R-HSA-8939246,1/7,0.355899468709289,0.9999955785910568,0,0,2.571350314982197,2.656479956571829,LGALS3
Reactome_2022,RUNX3 Regulates CDKN1A Transcription R-HSA-8941855,1/7,0.355899468709289,0.9999955785910568,0,0,2.571350314982197,2.656479956571829,TP53
Reactome_2022,STAT5 Activation R-HSA-9645135,1/7,0.355899468709289,0.9999955785910568,0,0,2.571350314982197,2.656479956571829,FLT3LG
Reactome_2022,Drug ADME R-HSA-9748784,7/95,0.3580285921213161,0.9999955785910568,0,0,1.227929584866001,1.2612585770663682,UGT1A10;GGT7;ABCC5;IMPDH2;NME2;CES2;UGT1A6
Reactome_2022,Gene And Protein Expression By JAK-STAT Signaling After Interleukin-12 Stimulation R-HSA-8950505,3/35,0.3599311478877496,0.9999955785910568,0,0,1.4467592592592593,1.4783601297613993,ANXA2;GSTO1;RPLP0
Reactome_2022,Negative Regulators Of DDX58/IFIH1 Signaling R-HSA-936440,3/35,0.3599311478877496,0.9999955785910568,0,0,1.4467592592592593,1.4783601297613993,HERC5;NLRC5;ISG15
Reactome_2022,Plasma Lipoprotein Clearance R-HSA-8964043,3/35,0.3599311478877496,0.9999955785910568,0,0,1.4467592592592593,1.4783601297613993,NPC2;APOE;AP2M1
Reactome_2022,Regulation Of TNFR1 Signaling R-HSA-5357905,3/35,0.3599311478877496,0.9999955785910568,0,0,1.4467592592592593,1.4783601297613993,SHARPIN;RACK1;RBCK1
Reactome_2022,Regulation Of RAS By GAPs R-HSA-5658442,5/65,0.3626973781872494,0.9999955785910568,0,0,1.2862050013740038,1.3044516988731591,RASA4;RASAL3;PSMB10;PSMB8;PSMB9
Reactome_2022,p53-Dependent G1 DNA Damage Response R-HSA-69563,5/65,0.3626973781872494,0.9999955785910568,0,0,1.2862050013740038,1.3044516988731591,CDKN2A;TP53;PSMB10;PSMB8;PSMB9
Reactome_2022,Branched-chain Amino Acid Catabolism R-HSA-70895,2/21,0.3687959060349633,0.9999955785910568,0,0,1.6242209141274238,1.6201796707982836,IVD;BCAT2
Reactome_2022,Deregulated CDK5 Triggers Neurodegenerative Pathways In Alzheimers Disease Models R-HSA-8862803,2/21,0.3687959060349633,0.9999955785910568,0,0,1.6242209141274238,1.6201796707982836,CDC25C;CDC25B
Reactome_2022,HS-GAG Degradation R-HSA-2024096,2/21,0.3687959060349633,0.9999955785910568,0,0,1.6242209141274238,1.6201796707982836,SDC2;SGSH
Reactome_2022,Inflammasomes R-HSA-622312,2/21,0.3687959060349633,0.9999955785910568,0,0,1.6242209141274238,1.6201796707982836,PYCARD;BCL2
Reactome_2022,Intrinsic Pathway Of Fibrin Clot Formation R-HSA-140837,2/21,0.3687959060349633,0.9999955785910568,0,0,1.6242209141274238,1.6201796707982836,SERPINE2;VWF
Reactome_2022,Negative Regulation Of NMDA Receptor-Mediated Neuronal Transmission R-HSA-9617324,2/21,0.3687959060349633,0.9999955785910568,0,0,1.6242209141274238,1.6201796707982836,CAMK2B;CAMK2D
Reactome_2022,PD-1 Signaling R-HSA-389948,2/21,0.3687959060349633,0.9999955785910568,0,0,1.6242209141274238,1.6201796707982836,TARP;HLA-DRB1
Reactome_2022,RHO GTPases Activate PAKs R-HSA-5627123,2/21,0.3687959060349633,0.9999955785910568,0,0,1.6242209141274238,1.6201796707982836,MYL6;MYH14
Reactome_2022,"Unblocking Of NMDA Receptors, Glutamate Binding And Activation R-HSA-438066",2/21,0.3687959060349633,0.9999955785910568,0,0,1.6242209141274238,1.6201796707982836,CAMK2B;CAMK2D
Reactome_2022,DNA Replication Pre-Initiation R-HSA-69002,9/127,0.3690431851685891,0.9999955785910568,0,0,1.1774403835639484,1.1737215662323734,H2AX;H2BC12;CDT1;H2AC6;UBE2S;H2BC11;PSMB10;PSMB8;PSMB9
Reactome_2022,Diseases Of Glycosylation R-HSA-3781865,10/143,0.3728358723629579,0.9999955785910568,0,0,1.1607454065627645,1.1452111236837734,SEMA5A;ADAMTS13;GALT;MUCL1;SLPI;ADAMTS19;SDC2;MUC19;FMOD;MUC20
Reactome_2022,RHO GTPases Activate WASPs And WAVEs R-HSA-5663213,3/36,0.376845718220683,0.9999955785910568,0,0,1.4028432472876915,1.36906195531353,ARPC1B;ARPC4-TTLL3;WAS
Reactome_2022,RHOH GTPase Cycle R-HSA-9013407,3/36,0.376845718220683,0.9999955785910568,0,0,1.4028432472876915,1.36906195531353,TUBA1B;ARHGDIB;LAMTOR1
Reactome_2022,Transcriptional Regulation By AP-2 (TFAP2) Family Of Transcription Factors R-HSA-8864260,3/36,0.376845718220683,0.9999955785910568,0,0,1.4028432472876915,1.36906195531353,CHGA;MYC;APOE
Reactome_2022,Autodegradation Of E3 Ubiquitin Ligase COP1 R-HSA-349425,4/51,0.3771764249364349,0.9999955785910568,0,0,1.3134003995933965,1.2806208549549942,TP53;PSMB10;PSMB8;PSMB9
Reactome_2022,Diseases Of DNA Repair R-HSA-9675135,4/51,0.3771764249364349,0.9999955785910568,0,0,1.3134003995933965,1.2806208549549942,KAT5;OGG1;MUTYH;RAD9A
Reactome_2022,Nonhomologous End-Joining (NHEJ) R-HSA-5693571,4/51,0.3771764249364349,0.9999955785910568,0,0,1.3134003995933965,1.2806208549549942,H2AX;H2BC12;KAT5;H2BC11
Reactome_2022,Ubiquitin-dependent Degradation Of Cyclin D R-HSA-75815,4/51,0.3771764249364349,0.9999955785910568,0,0,1.3134003995933965,1.2806208549549942,CDK4;PSMB10;PSMB8;PSMB9
Reactome_2022,Autophagy R-HSA-9612973,9/128,0.3778091454520366,0.9999955785910568,0,0,1.1674833705194236,1.136388755120479,MAP1LC3A;ATG9B;MTMR14;HSF1;ATG4B;WIPI1;LAMTOR1;ATG7;VPS28
Reactome_2022,Anchoring Of Basal Body To Plasma Membrane R-HSA-5620912,7/97,0.3782190195905202,0.9999955785910568,0,0,1.200513808606294,1.167237767878471,TUBA1A;TMEM216;DCTN3;KIF24;B9D1;TUBB4B;CC2D2A
Reactome_2022,MAPK Family Signaling Cascades R-HSA-5683057,21/318,0.3824764643710325,0.9999955785910568,0,0,1.0919132848957411,1.0494249284020634,CAMK2B;CAMK2D;VWF;CHURC1-FNTB;FLT3LG;PDGFA;WDR83;GFRA1;RASAL3;AREG;PSMB8;PSMB10;PSMB9;BTC;KITLG;RASA4;MYC;IL2RB;CDC42EP2;RGL3;FYN
Reactome_2022,Cyclin E Associated Events During G1/S Transition R-HSA-69202,6/82,0.3828324959216083,0.9999955785910568,0,0,1.2184731631057844,1.1699264299224164,CDK4;MYC;E2F4;PSMB10;PSMB8;PSMB9
Reactome_2022,Reproduction R-HSA-1474165,8/113,0.3829734203653255,0.9999955785910568,0,0,1.1760409287682014,1.128751959312528,H2AX;H2BC12;IZUMO4;H2AC6;CDK4;H2BC11;MND1;SYNE1
Reactome_2022,G1/S DNA Damage Checkpoints R-HSA-69615,5/67,0.3872894009295426,0.9999955785910568,0,0,1.2445815493444672,1.180588973750552,CDKN2A;TP53;PSMB10;PSMB8;PSMB9
Reactome_2022,Visual Phototransduction R-HSA-2187338,7/98,0.3883340363524993,0.9999955785910568,0,0,1.187257828876326,1.1230145850747193,RGS9BP;SDC2;CHURC1-FNTB;RBP1;ABCA4;APOE;LRP2
Reactome_2022,Programmed Cell Death R-HSA-5357801,14/208,0.3889850133192681,0.9999955785910568,0,0,1.114121313833613,1.051969457253184,CDKN2A;BAD;NDUFA2;PSMB8;PSMB10;H1-2;PSMB9;IRF1;CASP4;BCL2;PKP1;MAPT;VIM;TP53
Reactome_2022,Mitochondrial Calcium Ion Transport R-HSA-8949215,2/22,0.3909756481809722,0.9999955785910568,0,0,1.5429276315789473,1.4489787708745956,STOML2;PHB2
Reactome_2022,Apoptotic Execution Phase R-HSA-75153,4/52,0.391230238925257,0.9999955785910568,0,0,1.2859692476661175,1.2068294732762703,PKP1;MAPT;VIM;H1-2
Reactome_2022,G-protein Mediated Events R-HSA-112040,4/52,0.391230238925257,0.9999955785910568,0,0,1.2859692476661175,1.2068294732762703,CAMK2B;CAMK2D;PRKAR1B;CAMKK1
Reactome_2022,Signaling By PDGF R-HSA-186797,4/52,0.391230238925257,0.9999955785910568,0,0,1.2859692476661175,1.2068294732762703,COL4A3;COL4A5;COL6A3;PDGFA
Reactome_2022,Macroautophagy R-HSA-1632852,8/114,0.3923579617591756,0.9999955785910568,0,0,1.1648838297208794,1.0898428149932655,MAP1LC3A;ATG9B;MTMR14;HSF1;ATG4B;WIPI1;LAMTOR1;ATG7
Reactome_2022,Defective B3GALTL Causes PpS R-HSA-5083635,3/37,0.3936652965172823,0.9999955785910568,0,0,1.361510530137981,1.269273953552032,SEMA5A;ADAMTS13;ADAMTS19
Reactome_2022,Fatty acyl-CoA Biosynthesis R-HSA-75105,3/37,0.3936652965172823,0.9999955785910568,0,0,1.361510530137981,1.269273953552032,ELOVL2;HSD17B8;ACSF3
Reactome_2022,2-LTR Circle Formation R-HSA-164843,1/8,0.395138860198614,0.9999955785910568,0,0,2.2038971710294635,2.0463582618848988,BANF1
Reactome_2022,Binding Of TCF/LEF:CTNNB1 To Target Gene Promoters R-HSA-4411364,1/8,0.395138860198614,0.9999955785910568,0,0,2.2038971710294635,2.0463582618848988,MYC
Reactome_2022,Coenzyme A Biosynthesis R-HSA-196783,1/8,0.395138860198614,0.9999955785910568,0,0,2.2038971710294635,2.0463582618848988,COASY
Reactome_2022,Defective B4GALT1 Causes B4GALT1-CDG (CDG-2d) R-HSA-3656244,1/8,0.395138860198614,0.9999955785910568,0,0,2.2038971710294635,2.0463582618848988,FMOD
Reactome_2022,Defective CHST6 Causes MCDC1 R-HSA-3656225,1/8,0.395138860198614,0.9999955785910568,0,0,2.2038971710294635,2.0463582618848988,FMOD
Reactome_2022,Defective ST3GAL3 Causes MCT12 And EIEE15 R-HSA-3656243,1/8,0.395138860198614,0.9999955785910568,0,0,2.2038971710294635,2.0463582618848988,FMOD
Reactome_2022,Linoleic Acid (LA) Metabolism R-HSA-2046105,1/8,0.395138860198614,0.9999955785910568,0,0,2.2038971710294635,2.0463582618848988,ELOVL2
Reactome_2022,Nef Mediated CD4 Down-regulation R-HSA-167590,1/8,0.395138860198614,0.9999955785910568,0,0,2.2038971710294635,2.0463582618848988,AP2M1
Reactome_2022,Nef And Signal Transduction R-HSA-164944,1/8,0.395138860198614,0.9999955785910568,0,0,2.2038971710294635,2.0463582618848988,FYN
Reactome_2022,Phosphate Bond Hydrolysis By NTPDase Proteins R-HSA-8850843,1/8,0.395138860198614,0.9999955785910568,0,0,2.2038971710294635,2.0463582618848988,ENTPD3
Reactome_2022,RUNX3 Regulates WNT Signaling R-HSA-8951430,1/8,0.395138860198614,0.9999955785910568,0,0,2.2038971710294635,2.0463582618848988,MYC
Reactome_2022,Regulation Of Cytoskeletal Remodeling And Cell Spreading By IPP Complex Components R-HSA-446388,1/8,0.395138860198614,0.9999955785910568,0,0,2.2038971710294635,2.0463582618848988,PARVB
Reactome_2022,Release Of Hh-Np From Secreting Cell R-HSA-5362798,1/8,0.395138860198614,0.9999955785910568,0,0,2.2038971710294635,2.0463582618848988,SCUBE2
Reactome_2022,Synthesis Of PG R-HSA-1483148,1/8,0.395138860198614,0.9999955785910568,0,0,2.2038971710294635,2.0463582618848988,PLD2
Reactome_2022,Synthesis Of UDP-N-acetyl-glucosamine R-HSA-446210,1/8,0.395138860198614,0.9999955785910568,0,0,2.2038971710294635,2.0463582618848988,AMDHD2
Reactome_2022,Ubiquinol Biosynthesis R-HSA-2142789,1/8,0.395138860198614,0.9999955785910568,0,0,2.2038971710294635,2.0463582618848988,COQ9
Reactome_2022,Host Interactions Of HIV Factors R-HSA-162909,9/130,0.395383103400003,0.9999955785910568,0,0,1.1480630806144003,1.065287849704843,BANF1;FYN;HLA-A;B2M;AP2M1;PSMB10;PSMB8;SLC25A6;PSMB9
Reactome_2022,Apoptosis R-HSA-109581,12/178,0.4008921754544531,0.9999955785910568,0,0,1.1158664508781395,1.0199719868215138,BAD;CDKN2A;NDUFA2;BCL2;PKP1;MAPT;VIM;TP53;PSMB10;PSMB8;H1-2;PSMB9
Reactome_2022,Apoptotic Cleavage Of Cellular Proteins R-HSA-111465,3/38,0.4103638141943511,0.9999955785910568,0,0,1.3225396825396825,1.178000856174929,PKP1;MAPT;VIM
Reactome_2022,FCGR3A-mediated IL10 Synthesis R-HSA-9664323,3/38,0.4103638141943511,0.9999955785910568,0,0,1.3225396825396825,1.178000856174929,PRKAR1B;FYN;TARP
Reactome_2022,HSP90 Chaperone Cycle For Steroid Hormone Receptors (SHR) In Presence Of Ligand R-HSA-3371497,3/38,0.4103638141943511,0.9999955785910568,0,0,1.3225396825396825,1.178000856174929,DCTN3;PGR;AREG
Reactome_2022,O-glycosylation Of TSR Domain-Containing Proteins R-HSA-5173214,3/38,0.4103638141943511,0.9999955785910568,0,0,1.3225396825396825,1.178000856174929,SEMA5A;ADAMTS13;ADAMTS19
Reactome_2022,Signaling By RAF1 Mutants R-HSA-9656223,3/38,0.4103638141943511,0.9999955785910568,0,0,1.3225396825396825,1.178000856174929,CAMK2B;CAMK2D;VWF
Reactome_2022,CD28 Dependent PI3K/Akt Signaling R-HSA-389357,2/23,0.4127972686803664,0.9999955785910568,0,0,1.46937656641604,1.3001024484531318,THEM4;FYN
Reactome_2022,IKK Complex Recruitment Mediated By RIP1 R-HSA-937041,2/23,0.4127972686803664,0.9999955785910568,0,0,1.46937656641604,1.3001024484531318,NDUFA2;SARM1
Reactome_2022,Canonical Retinoid Cycle In Rods (Twilight Vision) R-HSA-2453902,2/23,0.4127972686803664,0.9999955785910568,0,0,1.46937656641604,1.3001024484531318,ABCA4;RBP1
Reactome_2022,G2/M Checkpoints R-HSA-69481,10/148,0.414316937052322,0.9999955785910568,0,0,1.1183894807563106,0.9854398683185132,H2AX;H2BC12;KAT5;H2BC11;CDC25C;TP53;PSMB10;PSMB8;RAD9A;PSMB9
Reactome_2022,Protein Localization R-HSA-9609507,11/164,0.4152769014839181,0.9999955785910568,0,0,1.1096436365211646,0.9751656454250752,TIMM8B;GSTK1;PRNP;HMGCL;EPHX2;ACOT2;PIPOX;BCS1L;CRAT;ACOT4;SLC25A6
Reactome_2022,Innate Immune System R-HSA-168249,65/1035,0.4157355588274893,0.9999955785910568,0,0,1.0352017596409189,0.9086026887565136,PGLYRP2;ARPC1B;DDX41;ECSIT;HERC5;PYCARD;STK10;C4A;LGALS3;AIFM2;DHX58;CASP4;CPNE1;TRIM21;B2M;ANXA2;MUCL1;IST1;NME2;FOS;HLA-A;APRT;SLPI;NPC2;PKP1;ALDOC;CD47;TP53;CD44;LTF;C1S;SFTPA2;C1R;ARPC4-TTLL3;NLRC5;WAS;TARP;PSMB10;PLD2;CST3;TKFC;COMMD9;DPP7;CEACAM21;FYN;PI3;ATG7;CHGA;PTGES2;TREX1;NDUFA2;MUC19;ISG15;EEF2;TUBB4B;PSMB8;PSMB9;BPIFB1;TCN1;IMPDH2;DLC1;SARM1;BCL2;LAMTOR1;MUC20
Reactome_2022,Pyruvate Metabolism And Citric Acid (TCA) Cycle R-HSA-71406,4/54,0.4191802210415902,0.9999955785910568,0,0,1.2343986820428337,1.0732532787006237,GSTZ1;LDHA;ADHFE1;DLST
Reactome_2022,RHOJ GTPase Cycle R-HSA-9013409,4/54,0.4191802210415902,0.9999955785910568,0,0,1.2343986820428337,1.0732532787006237,PREX1;SYDE1;WAS;LAMTOR1
Reactome_2022,Regulation Of RUNX3 Expression And Activity R-HSA-8941858,4/54,0.4191802210415902,0.9999955785910568,0,0,1.2343986820428337,1.0732532787006237,CDKN2A;PSMB10;PSMB8;PSMB9
Reactome_2022,Cellular Senescence R-HSA-2559583,11/165,0.4231716329094486,0.9999955785910568,0,0,1.1023789797609185,0.9480210426413758,H2AX;H2BC12;KAT5;H2AC6;CDK4;UBE2S;CDKN2A;H2BC11;FOS;TP53;H1-2
Reactome_2022,Synthesis Of PA R-HSA-1483166,3/39,0.4269171963881464,0.9999955785910568,0,0,1.2857338820301782,1.094371942018815,ALPP;PLA2G5;PLD2
Reactome_2022,Transcriptional Regulation By VENTX R-HSA-8853884,3/39,0.4269171963881464,0.9999955785910568,0,0,1.2857338820301782,1.094371942018815,CDKN2A;UBE2S;TP53
Reactome_2022,Activation Of Ca-permeable Kainate Receptor R-HSA-451308,1/9,0.4319895782639043,0.9999955785910568,0,0,1.9283073130649135,1.6185321005197275,GRIK4
Reactome_2022,Activation Of PUMA And Translocation To Mitochondria R-HSA-139915,1/9,0.4319895782639043,0.9999955785910568,0,0,1.9283073130649135,1.6185321005197275,TP53
Reactome_2022,Adrenoceptors R-HSA-390696,1/9,0.4319895782639043,0.9999955785910568,0,0,1.9283073130649135,1.6185321005197275,ADRA2A
Reactome_2022,Beta-oxidation Of pristanoyl-CoA R-HSA-389887,1/9,0.4319895782639043,0.9999955785910568,0,0,1.9283073130649135,1.6185321005197275,CRAT
Reactome_2022,Chylomicron Assembly R-HSA-8963888,1/9,0.4319895782639043,0.9999955785910568,0,0,1.9283073130649135,1.6185321005197275,APOE
Reactome_2022,Chylomicron Remodeling R-HSA-8963901,1/9,0.4319895782639043,0.9999955785910568,0,0,1.9283073130649135,1.6185321005197275,APOE
Reactome_2022,Diseases Associated With Surfactant Metabolism R-HSA-5687613,1/9,0.4319895782639043,0.9999955785910568,0,0,1.9283073130649135,1.6185321005197275,SFTPA2
Reactome_2022,GP1b-IX-V Activation Signaling R-HSA-430116,1/9,0.4319895782639043,0.9999955785910568,0,0,1.9283073130649135,1.6185321005197275,VWF
Reactome_2022,Hydrolysis Of LPC R-HSA-1483115,1/9,0.4319895782639043,0.9999955785910568,0,0,1.9283073130649135,1.6185321005197275,PLA2G4C
Reactome_2022,MET Activates RAS Signaling R-HSA-8851805,1/9,0.4319895782639043,0.9999955785910568,0,0,1.9283073130649135,1.6185321005197275,MUC20
Reactome_2022,OAS Antiviral Response R-HSA-8983711,1/9,0.4319895782639043,0.9999955785910568,0,0,1.9283073130649135,1.6185321005197275,OAS3
Reactome_2022,PI5P Regulates TP53 Acetylation R-HSA-6811555,1/9,0.4319895782639043,0.9999955785910568,0,0,1.9283073130649135,1.6185321005197275,TP53
Reactome_2022,Prostanoid Ligand Receptors R-HSA-391908,1/9,0.4319895782639043,0.9999955785910568,0,0,1.9283073130649135,1.6185321005197275,PTGER3
Reactome_2022,TRIF-mediated Programmed Cell Death R-HSA-2562578,1/9,0.4319895782639043,0.9999955785910568,0,0,1.9283073130649135,1.6185321005197275,NDUFA2
Reactome_2022,Complement Cascade R-HSA-166658,4/55,0.4330452298347817,0.9999955785910568,0,0,1.2101301805730529,1.012773800272264,C4A;C1S;C1R;CPNE1
Reactome_2022,Intrinsic Pathway For Apoptosis R-HSA-109606,4/55,0.4330452298347817,0.9999955785910568,0,0,1.2101301805730529,1.012773800272264,BAD;CDKN2A;BCL2;TP53
Reactome_2022,Glycogen Metabolism R-HSA-8982491,2/24,0.4342221223288296,0.9999955785910568,0,0,1.402511961722488,1.1699741786306634,PPP1R3C;NHLRC1
Reactome_2022,RHO GTPases Activate NADPH Oxidases R-HSA-5668599,2/24,0.4342221223288296,0.9999955785910568,0,0,1.402511961722488,1.1699741786306634,NOXA1;NOXO1
Reactome_2022,Sema4D In Semaphorin Signaling R-HSA-400685,2/24,0.4342221223288296,0.9999955785910568,0,0,1.402511961722488,1.1699741786306634,MYL6;MYH14
Reactome_2022,Signaling By EGFR In Cancer R-HSA-1643713,2/24,0.4342221223288296,0.9999955785910568,0,0,1.402511961722488,1.1699741786306634,BTC;AREG
Reactome_2022,Synthesis Of Very Long-Chain Fatty acyl-CoAs R-HSA-75876,2/24,0.4342221223288296,0.9999955785910568,0,0,1.402511961722488,1.1699741786306634,ELOVL2;ACSF3
Reactome_2022,Xenobiotics R-HSA-211981,2/24,0.4342221223288296,0.9999955785910568,0,0,1.402511961722488,1.1699741786306634,CYP1A2;CYP1A1
Reactome_2022,Fcgamma Receptor (FCGR) Dependent Phagocytosis R-HSA-2029480,6/87,0.4379238395736403,0.9999955785910568,0,0,1.1429531842073095,0.9437481777309912,ARPC1B;ARPC4-TTLL3;WAS;FYN;TARP;PLD2
Reactome_2022,"Cell Cycle, Mitotic R-HSA-69278",33/523,0.4421030997217214,0.9999955785910568,0,0,1.0395866701110823,0.848523288604114,H2AX;NUMA1;DCTN3;AURKB;PSMB10;TUBA1B;TUBB6;TUBA1A;MYC;BANF1;TK1;E2F4;CENPT;CDT1;H2AC6;CDKN2A;IST1;TUBB4B;CDC25C;PSMB8;PSMB9;CDC25B;MZT2B;H2BC12;TUBB2B;TUBB2A;RPS27;CDK4;UBE2S;H2BC11;CENPM;TP53;OPTN
Reactome_2022,Regulation Of RUNX2 Expression And Activity R-HSA-8939902,5/72,0.4483124914808593,0.9999955785910568,0,0,1.1513947164425196,0.9237234105706348,MSX2;TWIST1;PSMB10;PSMB8;PSMB9
Reactome_2022,Cell-Cell Communication R-HSA-1500931,8/120,0.4485976147537402,0.9999955785910568,0,0,1.102125147579693,0.8834954512733174,PARD6A;CLDN15;CADM2;CLDN23;PTK2B;FYN;PARVB;CD47
Reactome_2022,PCP/CE Pathway R-HSA-4086400,6/88,0.4488551704866835,0.9999955785910568,0,0,1.128954358850519,0.9043545378090948,PARD6A;CLTB;AP2M1;PSMB10;PSMB8;PSMB9
Reactome_2022,Antigen processing-Cross Presentation R-HSA-1236975,7/104,0.4488801009922601,0.9999955785910568,0,0,1.1134616530600083,0.8918821856735876,NDUFA2;HLA-A;HLA-F;B2M;PSMB10;PSMB8;PSMB9
Reactome_2022,Ub-specific Processing Proteases R-HSA-5689880,13/201,0.4525090090059422,0.9999955785910568,0,0,1.0670168623642624,0.8460884672508743,H2AC6;SIAH2;TAF10;GATA3;AREG;PSMB8;PSMB10;DDB2;PSMB9;H2BC12;MYC;H2BC11;TP53
Reactome_2022,Cyclin A/B1/B2 Associated Events During G2/M Transition R-HSA-69273,2/25,0.4552175907029048,0.9999955785910568,0,0,1.341461670480549,1.0557031741172207,CDC25C;CDC25B
Reactome_2022,Gap Junction Trafficking R-HSA-190828,2/25,0.4552175907029048,0.9999955785910568,0,0,1.341461670480549,1.0557031741172207,CLTB;AP2M1
Reactome_2022,Glucuronidation R-HSA-156588,2/25,0.4552175907029048,0.9999955785910568,0,0,1.341461670480549,1.0557031741172207,UGT1A10;UGT1A6
Reactome_2022,PI3K/AKT Signaling In Cancer R-HSA-2219528,7/105,0.4588881569203554,0.9999955785910568,0,0,1.1020408163265305,0.8584333333567685,BTC;KITLG;BAD;FLT3LG;PDGFA;FYN;AREG
Reactome_2022,Binding And Uptake Of Ligands By Scavenger Receptors R-HSA-2173782,3/41,0.4595019000730531,0.9999955785910568,0,0,1.2179337231968812,0.9470801245151264,COLEC12;DLC1;APOE
Reactome_2022,Paradoxical Activation Of RAF Signaling By Kinase Inactive BRAF R-HSA-6802955,3/41,0.4595019000730531,0.9999955785910568,0,0,1.2179337231968812,0.9470801245151264,CAMK2B;CAMK2D;VWF
Reactome_2022,Antimicrobial Peptides R-HSA-6803157,6/89,0.4597395666540101,0.9999955785910568,0,0,1.1152928545866634,0.8666886227092943,CHGA;PGLYRP2;BPIFB1;PI3;TRIM21;LTF
Reactome_2022,Sphingolipid Metabolism R-HSA-428157,6/89,0.4597395666540101,0.9999955785910568,0,0,1.1152928545866634,0.8666886227092943,ALDH3B2;SFTPA2;SPTLC3;ARSJ;ARSG;DEGS2
Reactome_2022,APC/C:Cdh1 Mediated Degradation Of Cdc20 And APC/C:Cdh1 Targets In Late Mitosis/Early G1 R-HSA-174178,5/73,0.4603530245186539,0.9999955785910568,0,0,1.134401823383929,0.8800254180518411,UBE2S;AURKB;PSMB10;PSMB8;PSMB9
Reactome_2022,RHOC GTPase Cycle R-HSA-9013106,5/73,0.4603530245186539,0.9999955785910568,0,0,1.134401823383929,0.8800254180518411,PREX1;STK10;ARHGEF17;MCAM;DLC1
Reactome_2022,Activation Of AMPK Downstream Of NMDARs R-HSA-9619483,1/10,0.466596919408736,0.9999955785910568,0,0,1.7139596457591528,1.3065334784533316,MAPT
Reactome_2022,Activation Of AP-1 Family Of Transcription Factors R-HSA-450341,1/10,0.466596919408736,0.9999955785910568,0,0,1.7139596457591528,1.3065334784533316,FOS
Reactome_2022,Calcitonin-like Ligand Receptors R-HSA-419812,1/10,0.466596919408736,0.9999955785910568,0,0,1.7139596457591528,1.3065334784533316,ADM
Reactome_2022,Glycoprotein Hormones R-HSA-209822,1/10,0.466596919408736,0.9999955785910568,0,0,1.7139596457591528,1.3065334784533316,CHGA
Reactome_2022,HDL Remodeling R-HSA-8964058,1/10,0.466596919408736,0.9999955785910568,0,0,1.7139596457591528,1.3065334784533316,APOE
Reactome_2022,HuR (ELAVL1) Binds And Stabilizes mRNA R-HSA-450520,1/10,0.466596919408736,0.9999955785910568,0,0,1.7139596457591528,1.3065334784533316,GPRC5A
Reactome_2022,Integration Of Provirus R-HSA-162592,1/10,0.466596919408736,0.9999955785910568,0,0,1.7139596457591528,1.3065334784533316,BANF1
Reactome_2022,Neurotoxicity Of Clostridium Toxins R-HSA-168799,1/10,0.466596919408736,0.9999955785910568,0,0,1.7139596457591528,1.3065334784533316,VAMP1
Reactome_2022,Neurotransmitter Clearance R-HSA-112311,1/10,0.466596919408736,0.9999955785910568,0,0,1.7139596457591528,1.3065334784533316,SLC6A3
Reactome_2022,Organic Anion Transporters R-HSA-428643,1/10,0.466596919408736,0.9999955785910568,0,0,1.7139596457591528,1.3065334784533316,SLC25A10
Reactome_2022,PI3K Events In ERBB4 Signaling R-HSA-1250342,1/10,0.466596919408736,0.9999955785910568,0,0,1.7139596457591528,1.3065334784533316,BTC
Reactome_2022,RUNX3 Regulates p14-ARF R-HSA-8951936,1/10,0.466596919408736,0.9999955785910568,0,0,1.7139596457591528,1.3065334784533316,CDKN2A
Reactome_2022,Reactions Specific To Complex N-glycan Synthesis Pathway R-HSA-975578,1/10,0.466596919408736,0.9999955785910568,0,0,1.7139596457591528,1.3065334784533316,CHGA
Reactome_2022,Receptor Mediated Mitophagy R-HSA-8934903,1/10,0.466596919408736,0.9999955785910568,0,0,1.7139596457591528,1.3065334784533316,MAP1LC3A
Reactome_2022,STAT3 Nuclear Events Downstream Of ALK Signaling R-HSA-9701898,1/10,0.466596919408736,0.9999955785910568,0,0,1.7139596457591528,1.3065334784533316,HDAC3
Reactome_2022,Sodium/Calcium Exchangers R-HSA-425561,1/10,0.466596919408736,0.9999955785910568,0,0,1.7139596457591528,1.3065334784533316,SLC24A3
Reactome_2022,Synthesis Of Pyrophosphates In Cytosol R-HSA-1855167,1/10,0.466596919408736,0.9999955785910568,0,0,1.7139596457591528,1.3065334784533316,ITPK1
Reactome_2022,Thyroxine Biosynthesis R-HSA-209968,1/10,0.466596919408736,0.9999955785910568,0,0,1.7139596457591528,1.3065334784533316,CHGA
Reactome_2022,Urea Cycle R-HSA-70635,1/10,0.466596919408736,0.9999955785910568,0,0,1.7139596457591528,1.3065334784533316,ARG2
Reactome_2022,Signaling By NOTCH R-HSA-157118,13/203,0.4669001182577053,0.9999955785910568,0,0,1.055671544005241,0.8040415942522193,H2AX;HDAC3;H2AC6;RFNG;PSMB8;PSMB10;PSMB9;H2BC12;MYC;HEY2;H2BC11;NEURL1;TP53
Reactome_2022,PIP3 Activates AKT Signaling R-HSA-1257604,17/268,0.4670307243467249,0.9999955785910568,0,0,1.0450355115756789,0.7956484801528654,EGR1;HDAC3;BAD;FLT3LG;PDGFA;AREG;PSMB8;PSMB10;PSMB9;BTC;KITLG;SALL4;THEM4;FYN;LAMTOR1;MAF1;TP53
Reactome_2022,"Cell Death Signaling Via NRAGE, NRIF And NADE R-HSA-204998",5/74,0.4723161368992132,0.9999955785910568,0,0,1.1179014779502252,0.8385454288328493,PREX1;ARHGEF37;BAD;ARHGEF17;ARHGEF39
Reactome_2022,Constitutive Signaling By NOTCH1 HD+PEST Domain Mutants R-HSA-2894862,4/58,0.474030803521277,0.9999955785910568,0,0,1.1427176764903288,0.8530192885224552,HDAC3;MYC;HEY2;NEURL1
Reactome_2022,Death Receptor Signaling R-HSA-73887,9/139,0.4742909455877749,0.9999955785910568,0,0,1.0680664248902465,0.7967074198111364,PREX1;SHARPIN;HDAC3;ARHGEF37;BAD;ARHGEF39;ARHGEF17;RACK1;RBCK1
Reactome_2022,PTEN Regulation R-HSA-6807070,9/139,0.4742909455877749,0.9999955785910568,0,0,1.0680664248902465,0.7967074198111364,EGR1;HDAC3;SALL4;LAMTOR1;MAF1;TP53;PSMB10;PSMB8;PSMB9
Reactome_2022,Intra-Golgi Traffic R-HSA-6811438,3/42,0.4754945333878296,0.9999955785910568,0,0,1.1866413421968978,0.8821490475522996,ALPP;COG4;MAN1A1
Reactome_2022,Infection With Mycobacterium Tuberculosis R-HSA-9635486,2/26,0.4757564926214347,0.9999955785910568,0,0,1.2854989035087718,0.9549317366502892,B2M;LTF
Reactome_2022,N-glycan Antennae Elongation In medial/trans-Golgi R-HSA-975576,2/26,0.4757564926214347,0.9999955785910568,0,0,1.2854989035087718,0.9549317366502892,CHGA;ST8SIA6
Reactome_2022,Role Of Phospholipids In Phagocytosis R-HSA-2029485,2/26,0.4757564926214347,0.9999955785910568,0,0,1.2854989035087718,0.9549317366502892,TARP;PLD2
Reactome_2022,Signaling By ALK R-HSA-201556,2/26,0.4757564926214347,0.9999955785910568,0,0,1.2854989035087718,0.9549317366502892,HDAC3;MYC
Reactome_2022,SCF(Skp2)-mediated Degradation Of P27/P21 R-HSA-187577,4/59,0.487447242581795,0.9999955785910568,0,0,1.121881084319305,0.8061536973215072,CDK4;PSMB10;PSMB8;PSMB9
Reactome_2022,Role Of GTSE1 In G2/M Progression After G2 Checkpoint R-HSA-8852276,4/59,0.487447242581795,0.9999955785910568,0,0,1.121881084319305,0.8061536973215072,TP53;PSMB10;PSMB8;PSMB9
Reactome_2022,Homologous DNA Pairing And Strand Exchange R-HSA-5693579,3/43,0.4912645212107988,0.9999955785910568,0,0,1.1569135802469137,0.8223024231035404,KAT5;XRCC3;RAD9A
Reactome_2022,CREB1 Phosphorylation Thru NMDA Receptor-Mediated Activation Of RAS Signaling R-HSA-442742,2/27,0.4958165438126058,0.9999955785910568,0,0,1.2340131578947369,0.8657210572669342,CAMK2B;CAMK2D
Reactome_2022,G0 And Early G1 R-HSA-1538133,2/27,0.4958165438126058,0.9999955785910568,0,0,1.2340131578947369,0.8657210572669342,MYC;E2F4
Reactome_2022,Gap Junction Trafficking And Regulation R-HSA-157858,2/27,0.4958165438126058,0.9999955785910568,0,0,1.2340131578947369,0.8657210572669342,CLTB;AP2M1
Reactome_2022,Resolution Of D-loop Structures Thru Synthesis-Dependent Strand Annealing (SDSA) R-HSA-5693554,2/27,0.4958165438126058,0.9999955785910568,0,0,1.2340131578947369,0.8657210572669342,KAT5;XRCC3
Reactome_2022,Transcriptional Regulation By Small RNAs R-HSA-5578749,5/76,0.4959751713982031,0.9999955785910568,0,0,1.0862951824715814,0.76174213116684,H2AX;H2BC12;H2AC6;H2BC11;POLR2G
Reactome_2022,Androgen Biosynthesis R-HSA-193048,1/11,0.4990973490974821,0.9999955785910568,0,0,1.542481511914544,1.0719538722983757,CHGA
Reactome_2022,Apoptotic Cleavage Of Cell Adhesion Proteins R-HSA-351906,1/11,0.4990973490974821,0.9999955785910568,0,0,1.542481511914544,1.0719538722983757,PKP1
Reactome_2022,Beta-oxidation Of Very Long Chain Fatty Acids R-HSA-390247,1/11,0.4990973490974821,0.9999955785910568,0,0,1.542481511914544,1.0719538722983757,ACOT4
Reactome_2022,Carnitine Metabolism R-HSA-200425,1/11,0.4990973490974821,0.9999955785910568,0,0,1.542481511914544,1.0719538722983757,THRSP
Reactome_2022,Erythrocytes Take Up Carbon Dioxide And Release Oxygen R-HSA-1237044,1/11,0.4990973490974821,0.9999955785910568,0,0,1.542481511914544,1.0719538722983757,CYB5R2
Reactome_2022,Ethanol Oxidation R-HSA-71384,1/11,0.4990973490974821,0.9999955785910568,0,0,1.542481511914544,1.0719538722983757,ALDH1B1
Reactome_2022,Mucopolysaccharidoses R-HSA-2206281,1/11,0.4990973490974821,0.9999955785910568,0,0,1.542481511914544,1.0719538722983757,SGSH
Reactome_2022,Pyrimidine Salvage R-HSA-73614,1/11,0.4990973490974821,0.9999955785910568,0,0,1.542481511914544,1.0719538722983757,TK1
Reactome_2022,Synthesis Of PIPs At Late Endosome Membrane R-HSA-1660517,1/11,0.4990973490974821,0.9999955785910568,0,0,1.542481511914544,1.0719538722983757,VAC14
Reactome_2022,Uptake And Function Of Anthrax Toxins R-HSA-5210891,1/11,0.4990973490974821,0.9999955785910568,0,0,1.542481511914544,1.0719538722983757,ANTXR1
Reactome_2022,Mitochondrial Fatty Acid Beta-Oxidation Of Saturated Fatty Acids R-HSA-77286,1/11,0.4990973490974821,0.9999955785910568,0,0,1.542481511914544,1.0719538722983757,MECR
Reactome_2022,Clathrin-mediated Endocytosis R-HSA-8856828,9/142,0.5001851528258291,0.9999955785910568,0,0,1.0438067874400645,0.7231252757597924,BTC;GRK3;TF;CLTB;ARPC4-TTLL3;LRP2;TARP;AREG;AP2M1
Reactome_2022,HDACs Deacetylate Histones R-HSA-3214815,4/60,0.5007218753504028,0.9999955785910568,0,0,1.1017886561543893,0.7621121396308455,H2BC12;HDAC3;H2AC6;H2BC11
Reactome_2022,Phospholipid Metabolism R-HSA-1483257,13/208,0.502605339209468,0.9999955785910568,0,0,1.028326417704011,0.7074371906811929,VAC14;ABHD4;OSBPL5;MTMR14;PLA2G4C;PLAAT3;PLA2G5;PLAAT4;PLD2;ETNK2;ALPP;CPNE1;INPP5J
Reactome_2022,Cardiac Conduction R-HSA-5576891,8/126,0.5039460030039605,0.9999955785910568,0,0,1.0457487043003222,0.7166371071469773,CACNB1;CAMK2B;CAMK2D;KCNJ14;ATP1A4;KCNK15;FGF12;CACNG4
Reactome_2022,Interleukin-12 Signaling R-HSA-9020591,3/44,0.5067968517918281,0.9999955785910568,0,0,1.128635953026197,0.7670718302485249,ANXA2;GSTO1;RPLP0
Reactome_2022,Sphingolipid De Novo Biosynthesis R-HSA-1660661,3/44,0.5067968517918281,0.9999955785910568,0,0,1.128635953026197,0.7670718302485249,ALDH3B2;SPTLC3;DEGS2
Reactome_2022,TNF Signaling R-HSA-75893,3/44,0.5067968517918281,0.9999955785910568,0,0,1.128635953026197,0.7670718302485249,SHARPIN;RACK1;RBCK1
Reactome_2022,TP53 Regulates Transcription Of Cell Death Genes R-HSA-5633008,3/44,0.5067968517918281,0.9999955785910568,0,0,1.128635953026197,0.7670718302485249,AIFM2;TP53;PRELID3A
Reactome_2022,Cell Cycle R-HSA-1640170,40/654,0.5126993153130672,0.9999955785910568,0,0,1.0047394413321311,0.6712319940068291,H2AX;NUMA1;DCTN3;AURKB;PSMB10;SYNE1;TUBA1B;TUBB6;TUBA1A;TERT;KAT5;MYC;POLR2G;BANF1;TK1;E2F4;CTC1;CENPT;CDT1;H2AC6;CDKN2A;IST1;MND1;TUBB4B;CDC25C;PSMB8;PSMB9;CDC25B;MZT2B;H2BC12;TUBB2B;TUBB2A;RPS27;CDK4;UBE2S;H2BC11;CENPM;TP53;OPTN;RAD9A
Reactome_2022,Cell-cell Junction Organization R-HSA-421270,4/61,0.5138444414694935,0.9999955785910568,0,0,1.082401225468944,0.7207002978246114,PARD6A;CLDN15;CADM2;CLDN23
Reactome_2022,DAP12 Signaling R-HSA-2424491,2/28,0.5153798620035809,0.9999955785910568,0,0,1.1864878542510122,0.7864647248496595,FYN;B2M
Reactome_2022,Molecules Associated With Elastic Fibres R-HSA-2129379,2/28,0.5153798620035809,0.9999955785910568,0,0,1.1864878542510122,0.7864647248496595,BMP4;GDF5
Reactome_2022,Recycling Pathway Of L1 R-HSA-437239,2/28,0.5153798620035809,0.9999955785910568,0,0,1.1864878542510122,0.7864647248496595,RPS6KA4;AP2M1
Reactome_2022,Nuclear Events Mediated By NFE2L2 R-HSA-9759194,5/78,0.5192242537019924,0.9999955785910568,0,0,1.0564207387999864,0.6923986479144926,CDKN2A;MYC;PSMB10;PSMB8;PSMB9
Reactome_2022,Glycosphingolipid Metabolism R-HSA-1660662,3/45,0.5220781153788182,0.9999955785910568,0,0,1.1017048794826572,0.7160399276300297,SFTPA2;ARSJ;ARSG
Reactome_2022,Transcriptional Regulation By RUNX3 R-HSA-8878159,6/95,0.5236785970377922,0.9999955785910568,0,0,1.039770831015686,0.6726039889899975,CDKN2A;MYC;TP53;PSMB10;PSMB8;PSMB9
Reactome_2022,P75 NTR Receptor-Mediated Signaling R-HSA-193704,6/95,0.5236785970377922,0.9999955785910568,0,0,1.039770831015686,0.6726039889899975,PREX1;HDAC3;ARHGEF37;BAD;ARHGEF17;ARHGEF39
Reactome_2022,RAC1 GTPase Cycle R-HSA-9013149,11/178,0.5245389382715958,0.9999955785910568,0,0,1.0158556127182254,0.6554662210857396,PREX1;PARD6A;ARHGEF39;MCAM;DLC1;ARHGDIB;NOXA1;WAS;NOXO1;LAMTOR1;PLD2
Reactome_2022,Asymmetric Localization Of PCP Proteins R-HSA-4608870,4/62,0.5268054577701309,0.9999955785910568,0,0,1.0636823268761006,0.6817394773536324,PARD6A;PSMB10;PSMB8;PSMB9
Reactome_2022,Regulation Of Actin Dynamics For Phagocytic Cup Formation R-HSA-2029482,4/62,0.5268054577701309,0.9999955785910568,0,0,1.0636823268761006,0.6817394773536324,ARPC1B;ARPC4-TTLL3;WAS;TARP
Reactome_2022,Signaling By BRAF And RAF1 Fusions R-HSA-6802952,4/62,0.5268054577701309,0.9999955785910568,0,0,1.0636823268761006,0.6817394773536324,CAMK2B;CAMK2D;VWF;ATG7
Reactome_2022,TP53 Regulates Transcription Of DNA Repair Genes R-HSA-6796648,4/62,0.5268054577701309,0.9999955785910568,0,0,1.0636823268761006,0.6817394773536324,POLR2G;FOS;TP53;DDB2
Reactome_2022,Immune System R-HSA-168256,118/1943,0.5283013122377634,0.9999955785910568,0,0,0.9967252801992528,0.6359989299115879,IFITM3;IL1RN;PGLYRP2;IFI35;HERC5;PYCARD;STK10;LGALS3;C4A;MT2A;TRIM29;KIF5C;MYC;DHX58;CPNE1;TRIM21;B2M;AP2M1;HERC6;MUCL1;IST1;IL11RA;FLT3LG;HLA-A;FBXO10;HLA-F;MID1;SLPI;PKP1;TRIM14;RBCK1;TP53;TWIST1;GATA3;TARP;PLD2;TKFC;COMMD9;DPP7;THEM4;PI3;ATG7;EGR1;SIAH2;TREX1;MUC19;ISG15;FBXO32;EEF2;FBXO31;UBOX5;BPIFB1;UBE2S;TCN1;BCL2;MUC20;HLA-DRB1;ARPC1B;RPLP0;DDX41;ECSIT;AIFM2;CASP4;PRKG1;ANXA1;ANXA2;BTN3A1;GSTO1;NME2;BTN3A3;FOS;BTN3A2;IL17RC;APRT;NPC2;IRF1;OAS3;EVL;ALDOC;CD47;CD44;LTF;OPRD1;CAMK2B;COLEC12;SP100;CAMK2D;C1S;SFTPA2;C1R;DCTN3;ASB13;NLRC5;ARPC4-TTLL3;WAS;PSMB10;CST3;CCL5;NCR3LG1;PTK2B;CEACAM21;FYN;CHGA;PTGES2;NDUFA2;MX1;TUBB4B;PSMB8;PSMB9;BATF;IMPDH2;DLC1;IL2RB;ASB9;SARM1;TRIM38;VIM;LAMTOR1
Reactome_2022,CD28 Dependent Vav1 Pathway R-HSA-389359,1/12,0.5296190379037359,0.9999955785910568,0,0,1.402181220587137,0.8912226361982584,FYN
Reactome_2022,CREB1 Phosphorylation Thru Activation Of Adenylate Cyclase R-HSA-442720,1/12,0.5296190379037359,0.9999955785910568,0,0,1.402181220587137,0.8912226361982584,PRKAR1B
Reactome_2022,Disorders Of Developmental Biology R-HSA-9675151,1/12,0.5296190379037359,0.9999955785910568,0,0,1.402181220587137,0.8912226361982584,HDAC3
Reactome_2022,Hormone Ligand-Binding Receptors R-HSA-375281,1/12,0.5296190379037359,0.9999955785910568,0,0,1.402181220587137,0.8912226361982584,CHGA
Reactome_2022,Hyaluronan Uptake And Degradation R-HSA-2160916,1/12,0.5296190379037359,0.9999955785910568,0,0,1.402181220587137,0.8912226361982584,CD44
Reactome_2022,Keratan Sulfate Degradation R-HSA-2022857,1/12,0.5296190379037359,0.9999955785910568,0,0,1.402181220587137,0.8912226361982584,FMOD
Reactome_2022,Maturation Of Nucleoprotein R-HSA-9683610,1/12,0.5296190379037359,0.9999955785910568,0,0,1.402181220587137,0.8912226361982584,PARP14
Reactome_2022,Miscellaneous Substrates R-HSA-211958,1/12,0.5296190379037359,0.9999955785910568,0,0,1.402181220587137,0.8912226361982584,CYP4B1
Reactome_2022,PECAM1 Interactions R-HSA-210990,1/12,0.5296190379037359,0.9999955785910568,0,0,1.402181220587137,0.8912226361982584,FYN
Reactome_2022,"POU5F1 (OCT4), SOX2, NANOG Activate Genes Related To Proliferation R-HSA-2892247",1/12,0.5296190379037359,0.9999955785910568,0,0,1.402181220587137,0.8912226361982584,SALL4
Reactome_2022,Peptide Hormone Biosynthesis R-HSA-209952,1/12,0.5296190379037359,0.9999955785910568,0,0,1.402181220587137,0.8912226361982584,CHGA
Reactome_2022,Reversible Hydration Of Carbon Dioxide R-HSA-1475029,1/12,0.5296190379037359,0.9999955785910568,0,0,1.402181220587137,0.8912226361982584,CA12
Reactome_2022,Scavenging Of Heme From Plasma R-HSA-2168880,1/12,0.5296190379037359,0.9999955785910568,0,0,1.402181220587137,0.8912226361982584,DLC1
Reactome_2022,TP53 Regulates Transcription Of Caspase Activators And Caspases R-HSA-6803207,1/12,0.5296190379037359,0.9999955785910568,0,0,1.402181220587137,0.8912226361982584,TP53
Reactome_2022,TP53 Regulates Transcription Of Death Receptors And Ligands R-HSA-6803211,1/12,0.5296190379037359,0.9999955785910568,0,0,1.402181220587137,0.8912226361982584,TP53
Reactome_2022,Telomere C-strand Synthesis Initiation R-HSA-174430,1/12,0.5296190379037359,0.9999955785910568,0,0,1.402181220587137,0.8912226361982584,CTC1
Reactome_2022,Transport Of Nucleosides And Free Purine And Pyrimidine Bases Across Plasma Membrane R-HSA-83936,1/12,0.5296190379037359,0.9999955785910568,0,0,1.402181220587137,0.8912226361982584,SLC25A6
Reactome_2022,Vitamin D (Calciferol) Metabolism R-HSA-196791,1/12,0.5296190379037359,0.9999955785910568,0,0,1.402181220587137,0.8912226361982584,LRP2
Reactome_2022,G1/S Transition R-HSA-69206,8/129,0.5309834089468953,0.9999955785910568,0,0,1.0196571272454067,0.6454679463573008,CDT1;CDK4;MYC;TK1;E2F4;PSMB10;PSMB8;PSMB9
Reactome_2022,Downregulation Of ERBB2 Signaling R-HSA-8863795,2/29,0.5344325141479749,0.9999955785910568,0,0,1.1424829434697856,0.715822478320037,BTC;MATK
Reactome_2022,PIWI-interacting RNA (piRNA) Biogenesis R-HSA-5601884,2/29,0.5344325141479749,0.9999955785910568,0,0,1.1424829434697856,0.715822478320037,POLR2G;MYBL1
Reactome_2022,Negative Regulation Of PI3K/AKT Network R-HSA-199418,7/113,0.5370861098661914,0.9999955785910568,0,0,1.0184316719380522,0.6330539128621216,BTC;KITLG;FLT3LG;PDGFA;THEM4;FYN;AREG
Reactome_2022,RNA Polymerase I Transcription Initiation R-HSA-73762,3/46,0.5370964290352775,0.9999955785910568,0,0,1.07602641401091,0.6688339489871293,TAF1C;POLR1E;POLR1H
Reactome_2022,Autodegradation Of Cdh1 By Cdh1:APC/C R-HSA-174084,4/63,0.5395962005633351,0.9999955785910568,0,0,1.0455979672186078,0.645065141122765,UBE2S;PSMB10;PSMB8;PSMB9
Reactome_2022,Synthesis Of Substrates In N-glycan Biosythesis R-HSA-446219,4/63,0.5395962005633351,0.9999955785910568,0,0,1.0455979672186078,0.645065141122765,SLPI;FCSK;AMDHD2;ST8SIA6
Reactome_2022,Processing Of DNA Double-Strand Break Ends R-HSA-5693607,5/80,0.5420052307911333,0.9999955785910568,0,0,1.0281395987908766,0.6297145576453536,H2AX;H2BC12;KAT5;H2BC11;RAD9A
Reactome_2022,Recruitment Of NuMA To Mitotic Centrosomes R-HSA-380320,5/80,0.5420052307911333,0.9999955785910568,0,0,1.0281395987908766,0.6297145576453536,MZT2B;TUBA1A;NUMA1;DCTN3;TUBB4B
Reactome_2022,Mitotic G1 Phase And G1/S Transition R-HSA-453279,9/147,0.5424717837418896,0.9999955785910568,0,0,1.0057179846801163,0.6151164357084362,CDT1;CDK4;CDKN2A;MYC;TK1;E2F4;PSMB10;PSMB8;PSMB9
Reactome_2022,M Phase R-HSA-68886,23/380,0.5433182125540083,0.9999955785910568,0,0,0.9933429438721096,0.6059988995388953,H2AX;CENPT;H2AC6;NUMA1;IST1;DCTN3;TUBB4B;PSMB8;AURKB;PSMB10;PSMB9;MZT2B;H2BC12;TUBA1B;TUBB2B;TUBB6;RPS27;TUBA1A;TUBB2A;UBE2S;H2BC11;CENPM;BANF1
Reactome_2022,HDR Thru Homologous Recombination (HRR) Or Single Strand Annealing (SSA) R-HSA-5693567,7/114,0.5465543016614273,0.9999955785910568,0,0,1.0088595969963805,0.6094738877349066,H2AX;H2BC12;EME1;KAT5;XRCC3;H2BC11;RAD9A
Reactome_2022,Signaling By NTRK1 (TRKA) R-HSA-187037,7/114,0.5465543016614273,0.9999955785910568,0,0,1.0088595969963805,0.6094738877349066,EGR1;TF;NAB2;ID3;FOS;TRIB1;AP2M1
Reactome_2022,TCF Dependent Signaling In Response To WNT R-HSA-201681,12/198,0.5494253069136583,0.9999955785910568,0,0,0.9948108917776708,0.595774777749093,H2AX;H2BC12;KAT5;TERT;H2AC6;MYC;H2BC11;SOX6;LGR6;PSMB8;PSMB10;PSMB9
Reactome_2022,Cyclin D Associated Events In G1 R-HSA-69231,3/47,0.5518413604648911,0.9999955785910568,0,0,1.0515151515151515,0.6251201471869596,CDKN2A;CDK4;E2F4
Reactome_2022,Hedgehog Ligand Biogenesis R-HSA-5358346,4/64,0.5522086861909529,0.9999955785910568,0,0,1.028116419549698,0.6105256017745421,SCUBE2;PSMB10;PSMB8;PSMB9
Reactome_2022,DDX58/IFIH1-mediated Induction Of Interferon-Alpha/Beta R-HSA-168928,5/81,0.5532039450799019,0.9999955785910568,0,0,1.0145572091812385,0.6006468312481983,HERC5;TKFC;DHX58;NLRC5;ISG15
Reactome_2022,G2/M Transition R-HSA-69275,11/182,0.554698652308121,0.9999955785910568,0,0,0.9918797269340156,0.5845447586989242,MZT2B;TUBA1A;DCTN3;CDC25C;TUBB4B;TP53;OPTN;PSMB10;PSMB8;CDC25B;PSMB9
Reactome_2022,Signaling By NTRKs R-HSA-166520,8/132,0.55745677151249,0.9999955785910568,0,0,0.9948280458544388,0.5813479820506192,EGR1;TF;NAB2;ID3;FYN;FOS;TRIB1;AP2M1
Reactome_2022,Advanced Glycosylation Endproduct Receptor Signaling R-HSA-879415,1/13,0.5582823654115902,0.9999955785910568,0,0,1.2852643111476307,0.7491682456375219,LGALS3
Reactome_2022,Apoptosis Induced DNA Fragmentation R-HSA-140342,1/13,0.5582823654115902,0.9999955785910568,0,0,1.2852643111476307,0.7491682456375219,H1-2
Reactome_2022,Chk1/Chk2(Cds1) Mediated Inactivation Of Cyclin B:Cdk1 Complex R-HSA-75035,1/13,0.5582823654115902,0.9999955785910568,0,0,1.2852643111476307,0.7491682456375219,CDC25C
Reactome_2022,"Defective EXT1 Causes Exostoses 1, TRPS2 And CHDS R-HSA-3656253",1/13,0.5582823654115902,0.9999955785910568,0,0,1.2852643111476307,0.7491682456375219,SDC2
Reactome_2022,Defects In Cobalamin (B12) Metabolism R-HSA-3296469,1/13,0.5582823654115902,0.9999955785910568,0,0,1.2852643111476307,0.7491682456375219,ABCD4
Reactome_2022,ERBB2 Activates PTK6 Signaling R-HSA-8847993,1/13,0.5582823654115902,0.9999955785910568,0,0,1.2852643111476307,0.7491682456375219,BTC
Reactome_2022,SHC1 Events In ERBB4 Signaling R-HSA-1250347,1/13,0.5582823654115902,0.9999955785910568,0,0,1.2852643111476307,0.7491682456375219,BTC
Reactome_2022,Synthesis Of PE R-HSA-1483213,1/13,0.5582823654115902,0.9999955785910568,0,0,1.2852643111476307,0.7491682456375219,ETNK2
Reactome_2022,TFAP2 (AP-2) Family Regulates Transcription Of Growth Factors And Their Receptors R-HSA-8866910,1/13,0.5582823654115902,0.9999955785910568,0,0,1.2852643111476307,0.7491682456375219,CHGA
Reactome_2022,Alpha-Linolenic (Omega3) And Linoleic (Omega6) Acid Metabolism R-HSA-2046104,1/13,0.5582823654115902,0.9999955785910568,0,0,1.2852643111476307,0.7491682456375219,ELOVL2
Reactome_2022,DNA Double-Strand Break Repair R-HSA-5693532,9/149,0.5590073090861716,0.9999955785910568,0,0,0.9912442396313365,0.5765004440426953,H2AX;H2BC12;EME1;KAT5;XRCC3;H2BC11;APBB1;TP53;RAD9A
Reactome_2022,TCR Signaling R-HSA-202403,7/116,0.5652390606330975,0.9999955785910568,0,0,0.9902423503208356,0.5649397183861732,WAS;EVL;TARP;HLA-DRB1;PSMB10;PSMB8;PSMB9
Reactome_2022,Cross-presentation Of Soluble Exogenous Antigens (Endosomes) R-HSA-1236978,3/48,0.5663038520848532,0.9999955785910568,0,0,1.0280932784636487,0.5845990302106314,PSMB10;PSMB8;PSMB9
Reactome_2022,NOTCH1 Intracellular Domain Regulates Transcription R-HSA-2122947,3/48,0.5663038520848532,0.9999955785910568,0,0,1.0280932784636487,0.5845990302106314,HDAC3;MYC;HEY2
Reactome_2022,Mitotic G2-G2/M Phases R-HSA-453274,11/184,0.5695045254180224,0.9999955785910568,0,0,0.980307550847417,0.5519019264352308,MZT2B;TUBA1A;DCTN3;CDC25C;TUBB4B;TP53;OPTN;PSMB10;PSMB8;CDC25B;PSMB9
Reactome_2022,EGFR Downregulation R-HSA-182971,2/31,0.5709673867002444,0.9999955785910568,0,0,1.0635775862068966,0.5960535405571913,BTC;AREG
Reactome_2022,Pyruvate Metabolism R-HSA-70268,2/31,0.5709673867002444,0.9999955785910568,0,0,1.0635775862068966,0.5960535405571913,GSTZ1;LDHA
Reactome_2022,Metabolism Of Carbohydrates R-HSA-71387,17/285,0.5711212697679925,0.9999955785910568,0,0,0.9778480619384344,0.5477452201959776,GALT;SDC2;ABCC5;ENO2;SGSH;TKFC;PPP1R3C;FUT9;NHLRC1;ALDOC;SLC25A10;MAN2C1;FMOD;SLC37A4;CD44;RBKS;PFKP
Reactome_2022,KEAP1-NFE2L2 Pathway R-HSA-9755511,6/100,0.5745217842510272,0.9999955785910568,0,0,0.984200547714346,0.5454609345704751,CDKN2A;MYC;TRIM21;PSMB10;PSMB8;PSMB9
Reactome_2022,RUNX1 Regulates Genes Involved In Megakaryocyte Differentiation And Platelet Function R-HSA-8936459,4/66,0.5768705234094287,0.9999955785910568,0,0,0.9948450868895148,0.5473015231552639,H2AX;H2BC12;H2AC6;H2BC11
Reactome_2022,Netrin-1 Signaling R-HSA-373752,3/49,0.5804761454511425,0.9999955785910568,0,0,1.0056897477187332,0.5470012629720362,ABLIM3;SIAH2;FYN
Reactome_2022,Regulation Of Activated PAK-2p34 By Proteasome Mediated Degradation R-HSA-211733,3/49,0.5804761454511425,0.9999955785910568,0,0,1.0056897477187332,0.5470012629720362,PSMB10;PSMB8;PSMB9
Reactome_2022,Signaling By ERBB2 R-HSA-1227986,3/49,0.5804761454511425,0.9999955785910568,0,0,1.0056897477187332,0.5470012629720362,BTC;MATK;FYN
Reactome_2022,Cilium Assembly R-HSA-5617833,11/186,0.5841056557998474,0.9999955785910568,0,0,0.968999881642798,0.521005456167878,BBS1;TUBA1A;PTGES2;TMEM216;DCTN3;KIF24;IFT80;B9D1;IFT46;TUBB4B;CC2D2A
Reactome_2022,AKT Phosphorylates Targets In Cytosol R-HSA-198323,1/14,0.5852003934503085,0.9999955785910568,0,0,1.186334618544972,0.635639200807025,BAD
Reactome_2022,Interleukin-15 Signaling R-HSA-8983432,1/14,0.5852003934503085,0.9999955785910568,0,0,1.186334618544972,0.635639200807025,IL2RB
Reactome_2022,Pentose Phosphate Pathway R-HSA-71336,1/14,0.5852003934503085,0.9999955785910568,0,0,1.186334618544972,0.635639200807025,RBKS
Reactome_2022,Regulation Of TP53 Activity Thru Association With Co-factors R-HSA-6804759,1/14,0.5852003934503085,0.9999955785910568,0,0,1.186334618544972,0.635639200807025,TP53
Reactome_2022,Repression Of WNT Target Genes R-HSA-4641265,1/14,0.5852003934503085,0.9999955785910568,0,0,1.186334618544972,0.635639200807025,MYC
Reactome_2022,Retrograde Neurotrophin Signaling R-HSA-177504,1/14,0.5852003934503085,0.9999955785910568,0,0,1.186334618544972,0.635639200807025,AP2M1
Reactome_2022,Role Of LAT2/NTAL/LAB On Calcium Mobilization R-HSA-2730905,1/14,0.5852003934503085,0.9999955785910568,0,0,1.186334618544972,0.635639200807025,FYN
Reactome_2022,SEMA3A-Plexin Repulsion Signaling By Inhibiting Integrin Adhesion R-HSA-399955,1/14,0.5852003934503085,0.9999955785910568,0,0,1.186334618544972,0.635639200807025,FYN
Reactome_2022,"Synthesis Of IP2, IP, And Ins In Cytosol R-HSA-1855183",1/14,0.5852003934503085,0.9999955785910568,0,0,1.186334618544972,0.635639200807025,INPP5J
Reactome_2022,TP53 Regulates Transcription Of Genes Involved In G1 Cell Cycle Arrest R-HSA-6804116,1/14,0.5852003934503085,0.9999955785910568,0,0,1.186334618544972,0.635639200807025,TP53
Reactome_2022,TP53 Regulates Transcription Of Additional Cell Death Genes With Uncertain Roles In P53-Dependent Apoptosis R-HSA-6803205,1/14,0.5852003934503085,0.9999955785910568,0,0,1.186334618544972,0.635639200807025,TP53
Reactome_2022,Tryptophan Catabolism R-HSA-71240,1/14,0.5852003934503085,0.9999955785910568,0,0,1.186334618544972,0.635639200807025,KYAT1
Reactome_2022,Cell Cycle Checkpoints R-HSA-69620,16/271,0.5878603964506611,0.9999955785910568,0,0,0.9671201592117712,0.5137978460029516,H2AX;CENPT;CDKN2A;CDC25C;PSMB8;AURKB;PSMB10;PSMB9;H2BC12;RPS27;KAT5;UBE2S;H2BC11;CENPM;TP53;RAD9A
Reactome_2022,"Inactivation, Recovery And Regulation Of Phototransduction Cascade R-HSA-2514859",2/32,0.5884379373481958,0.9999955785910568,0,0,1.0280701754385966,0.5451689766669735,RGS9BP;CHURC1-FNTB
Reactome_2022,RAF Activation R-HSA-5673000,2/32,0.5884379373481958,0.9999955785910568,0,0,1.0280701754385966,0.5451689766669735,CAMK2B;CAMK2D
Reactome_2022,APC/C:Cdc20 Mediated Degradation Of Securin R-HSA-174154,4/67,0.588907412309303,0.9999955785910568,0,0,0.9790015951465704,0.5183679346656748,UBE2S;PSMB10;PSMB8;PSMB9
Reactome_2022,HDR Thru Homologous Recombination (HRR) R-HSA-5685942,4/67,0.588907412309303,0.9999955785910568,0,0,0.9790015951465704,0.5183679346656748,EME1;KAT5;XRCC3;RAD9A
Reactome_2022,Homology Directed Repair R-HSA-5693538,7/119,0.5925830620065341,0.9999955785910568,0,0,0.9635631709331132,0.5041981375706597,H2AX;H2BC12;EME1;KAT5;XRCC3;H2BC11;RAD9A
Reactome_2022,Ion Homeostasis R-HSA-5578775,3/50,0.5943517064376116,0.9999955785910568,0,0,0.9842395587076438,0.5120841304487683,CAMK2B;CAMK2D;ATP1A4
Reactome_2022,Regulation Of Ornithine Decarboxylase (ODC) R-HSA-350562,3/50,0.5943517064376116,0.9999955785910568,0,0,0.9842395587076438,0.5120841304487683,PSMB10;PSMB8;PSMB9
Reactome_2022,Costimulation By CD28 Family R-HSA-388841,4/68,0.6007410711267843,0.9999955785910568,0,0,0.9636532125205932,0.4910692618569429,THEM4;FYN;TARP;HLA-DRB1
Reactome_2022,Striated Muscle Contraction R-HSA-390522,2/33,0.6053738218932949,0.9999955785910568,0,0,0.9948535653650254,0.4993260818370972,MYH3;VIM
Reactome_2022,Phototransduction Cascade R-HSA-2514856,2/33,0.6053738218932949,0.9999955785910568,0,0,0.9948535653650254,0.4993260818370972,RGS9BP;CHURC1-FNTB
Reactome_2022,DNA Replication R-HSA-69306,9/155,0.6070275958266756,0.9999955785910568,0,0,0.9502022502464392,0.4743229344792543,H2AX;H2BC12;CDT1;H2AC6;UBE2S;H2BC11;PSMB10;PSMB8;PSMB9
Reactome_2022,Cell Junction Organization R-HSA-446728,5/86,0.607062845980616,0.9999955785910568,0,0,0.9516757758032832,0.4750032281748996,PARD6A;CLDN15;CADM2;CLDN23;PARVB
Reactome_2022,Complex I Biogenesis R-HSA-6799198,3/51,0.6079251517559462,0.9999955785910568,0,0,0.9636831275720164,0.4796284753696332,ACAD9;NDUFA2;ECSIT
Reactome_2022,GSK3B And BTRC:CUL1-mediated-degradation Of NFE2L2 R-HSA-9762114,3/51,0.6079251517559462,0.9999955785910568,0,0,0.9636831275720164,0.4796284753696332,PSMB10;PSMB8;PSMB9
Reactome_2022,Ubiquitin Mediated Degradation Of Phosphorylated Cdc25A R-HSA-69601,3/51,0.6079251517559462,0.9999955785910568,0,0,0.9636831275720164,0.4796284753696332,PSMB10;PSMB8;PSMB9
Reactome_2022,Vpu Mediated Degradation Of CD4 R-HSA-180534,3/51,0.6079251517559462,0.9999955785910568,0,0,0.9636831275720164,0.4796284753696332,PSMB10;PSMB8;PSMB9
Reactome_2022,Constitutive Signaling By NOTCH1 HD Domain Mutants R-HSA-2691232,1/15,0.6104793104860776,0.9999955785910568,0,0,1.1015377391712642,0.5436208540143108,NEURL1
Reactome_2022,Defects Of Contact Activation System (CAS) And Kallikrein/Kinin System (KKS) R-HSA-9651496,1/15,0.6104793104860776,0.9999955785910568,0,0,1.1015377391712642,0.5436208540143108,VWF
Reactome_2022,ERBB2 Regulates Cell Motility R-HSA-6785631,1/15,0.6104793104860776,0.9999955785910568,0,0,1.1015377391712642,0.5436208540143108,BTC
Reactome_2022,GRB2 Events In ERBB2 Signaling R-HSA-1963640,1/15,0.6104793104860776,0.9999955785910568,0,0,1.1015377391712642,0.5436208540143108,BTC
Reactome_2022,GRB2:SOS Provides Linkage To MAPK Signaling For Integrins R-HSA-354194,1/15,0.6104793104860776,0.9999955785910568,0,0,1.1015377391712642,0.5436208540143108,VWF
Reactome_2022,IRAK2 Mediated Activation Of TAK1 Complex Upon TLR7/8 Or 9 Stimulation R-HSA-975163,1/15,0.6104793104860776,0.9999955785910568,0,0,1.1015377391712642,0.5436208540143108,NDUFA2
Reactome_2022,Membrane Binding And Targetting Of GAG Proteins R-HSA-174490,1/15,0.6104793104860776,0.9999955785910568,0,0,1.1015377391712642,0.5436208540143108,VPS28
Reactome_2022,Metabolism Of Nitric Oxide: NOS3 Activation And Regulation R-HSA-202131,1/15,0.6104793104860776,0.9999955785910568,0,0,1.1015377391712642,0.5436208540143108,NOSTRIN
Reactome_2022,N-Glycan Antennae Elongation R-HSA-975577,1/15,0.6104793104860776,0.9999955785910568,0,0,1.1015377391712642,0.5436208540143108,ST8SIA6
Reactome_2022,Negative Regulation Of FLT3 R-HSA-9706369,1/15,0.6104793104860776,0.9999955785910568,0,0,1.1015377391712642,0.5436208540143108,FLT3LG
Reactome_2022,cGMP Effects R-HSA-418457,1/15,0.6104793104860776,0.9999955785910568,0,0,1.1015377391712642,0.5436208540143108,PRKG1
Reactome_2022,p130Cas Linkage To MAPK Signaling For Integrins R-HSA-372708,1/15,0.6104793104860776,0.9999955785910568,0,0,1.1015377391712642,0.5436208540143108,VWF
Reactome_2022,Orc1 Removal From Chromatin R-HSA-68949,4/69,0.6123668792689482,0.9999955785910568,0,0,0.9487770878215688,0.4653027700308597,CDT1;PSMB10;PSMB8;PSMB9
Reactome_2022,APC/C-mediated Degradation Of Cell Cycle Proteins R-HSA-174143,5/87,0.617376192932312,0.9999955785910568,0,0,0.9400197052259064,0.4533496275582777,UBE2S;AURKB;PSMB10;PSMB8;PSMB9
Reactome_2022,RAC2 GTPase Cycle R-HSA-9013404,5/87,0.617376192932312,0.9999955785910568,0,0,0.9400197052259064,0.4533496275582777,PREX1;SYDE1;MCAM;LAMTOR1;PLD2
Reactome_2022,Regulation Of Apoptosis R-HSA-169911,3/52,0.6211921772149271,0.9999955785910568,0,0,0.9439657344419248,0.4494360387446332,PSMB10;PSMB8;PSMB9
Reactome_2022,Signaling By Non-Receptor Tyrosine Kinases R-HSA-9006927,3/52,0.6211921772149271,0.9999955785910568,0,0,0.9439657344419248,0.4494360387446332,BTC;CDK4;LRRK2
Reactome_2022,CD28 Co-Stimulation R-HSA-389356,2/34,0.6217753170825098,0.9999955785910568,0,0,0.9637129934210528,0.4579337460710411,THEM4;FYN
Reactome_2022,COPI-independent Golgi-to-ER Retrograde Traffic R-HSA-6811436,2/34,0.6217753170825098,0.9999955785910568,0,0,0.9637129934210528,0.4579337460710411,DCTN3;BICD1
Reactome_2022,Regulation Of mRNA Stability By Proteins That Bind AU-rich Elements R-HSA-450531,5/88,0.6275280545164154,0.9999955785910568,0,0,0.9286445038190684,0.4327176011879114,EXOSC5;GPRC5A;PSMB10;PSMB8;PSMB9
Reactome_2022,"PI5P, PP2A And IER3 Regulate PI3K/AKT Signaling R-HSA-6811558",6/106,0.6317411740235633,0.9999955785910568,0,0,0.9248514851485148,0.4247616314954193,BTC;KITLG;FLT3LG;PDGFA;FYN;AREG
Reactome_2022,C-type Lectin Receptors (CLRs) R-HSA-5621481,8/141,0.6326500566369653,0.9999955785910568,0,0,0.9270614552911204,0.424443816855292,PYCARD;MUCL1;MUC19;FYN;MUC20;PSMB10;PSMB8;PSMB9
Reactome_2022,Negative Regulation Of NOTCH4 Signaling R-HSA-9604323,3/53,0.6341494874734205,0.9999955785910568,0,0,0.925037037037037,0.421327144383686,PSMB10;PSMB8;PSMB9
Reactome_2022,Nuclear Receptor Transcription Pathway R-HSA-383280,3/53,0.6341494874734205,0.9999955785910568,0,0,0.925037037037037,0.421327144383686,RARA;PGR;AREG
Reactome_2022,"Nucleotide-binding Domain, Leucine Rich Repeat Containing NLR Signaling Pathways R-HSA-168643",3/53,0.6341494874734205,0.9999955785910568,0,0,0.925037037037037,0.421327144383686,PYCARD;CASP4;BCL2
Reactome_2022,Vif-mediated Degradation Of APOBEC3G R-HSA-180585,3/53,0.6341494874734205,0.9999955785910568,0,0,0.925037037037037,0.421327144383686,PSMB10;PSMB8;PSMB9
Reactome_2022,Caspase Activation Via Death Receptors In Presence Of Ligand R-HSA-140534,1/16,0.6342188492260566,0.9999955785910568,0,0,1.0280471103807176,0.4681327617837304,NDUFA2
Reactome_2022,Cell-extracellular Matrix Interactions R-HSA-446353,1/16,0.6342188492260566,0.9999955785910568,0,0,1.0280471103807176,0.4681327617837304,PARVB
Reactome_2022,Early Phase Of HIV Life Cycle R-HSA-162594,1/16,0.6342188492260566,0.9999955785910568,0,0,1.0280471103807176,0.4681327617837304,BANF1
Reactome_2022,PI3K Events In ERBB2 Signaling R-HSA-1963642,1/16,0.6342188492260566,0.9999955785910568,0,0,1.0280471103807176,0.4681327617837304,BTC
Reactome_2022,PKA Activation In Glucagon Signaling R-HSA-164378,1/16,0.6342188492260566,0.9999955785910568,0,0,1.0280471103807176,0.4681327617837304,PRKAR1B
Reactome_2022,Polo-like Kinase Mediated Events R-HSA-156711,1/16,0.6342188492260566,0.9999955785910568,0,0,1.0280471103807176,0.4681327617837304,CDC25C
Reactome_2022,Rap1 Signaling R-HSA-392517,1/16,0.6342188492260566,0.9999955785910568,0,0,1.0280471103807176,0.4681327617837304,PRKG1
Reactome_2022,Regulation Of Pyruvate Dehydrogenase (PDH) Complex R-HSA-204174,1/16,0.6342188492260566,0.9999955785910568,0,0,1.0280471103807176,0.4681327617837304,GSTZ1
Reactome_2022,Sema3A PAK Dependent Axon Repulsion R-HSA-399954,1/16,0.6342188492260566,0.9999955785910568,0,0,1.0280471103807176,0.4681327617837304,FYN
Reactome_2022,Synthesis Of PIPs At Early Endosome Membrane R-HSA-1660516,1/16,0.6342188492260566,0.9999955785910568,0,0,1.0280471103807176,0.4681327617837304,VAC14
Reactome_2022,TGF-beta Receptor Signaling In EMT (Epithelial To Mesenchymal Transition) R-HSA-2173791,1/16,0.6342188492260566,0.9999955785910568,0,0,1.0280471103807176,0.4681327617837304,PARD6A
Reactome_2022,NLRP3 Inflammasome R-HSA-844456,1/16,0.6342188492260566,0.9999955785910568,0,0,1.0280471103807176,0.4681327617837304,PYCARD
Reactome_2022,Transcription Of E2F Targets Under Negative Control By P107 (RBL1) And P130 (RBL2) In Complex With HDAC1 R-HSA-1362300,1/16,0.6342188492260566,0.9999955785910568,0,0,1.0280471103807176,0.4681327617837304,E2F4
Reactome_2022,VLDLR Internalisation And Degradation R-HSA-8866427,1/16,0.6342188492260566,0.9999955785910568,0,0,1.0280471103807176,0.4681327617837304,AP2M1
Reactome_2022,mRNA Decay By 3 To 5 Exoribonuclease R-HSA-429958,1/16,0.6342188492260566,0.9999955785910568,0,0,1.0280471103807176,0.4681327617837304,EXOSC5
Reactome_2022,"Plasma Lipoprotein Assembly, Remodeling, And Clearance R-HSA-174824",4/71,0.6349794327800735,0.9999955785910568,0,0,0.9203570286950749,0.4179918054471722,NPC2;ZDHHC8;APOE;AP2M1
Reactome_2022,Glucose Metabolism R-HSA-70326,5/89,0.6375154570643895,0.9999955785910568,0,0,0.9175401405409648,0.4130552438473834,ALDOC;SLC25A10;ENO2;SLC37A4;PFKP
Reactome_2022,Impaired BRCA2 Binding To RAD51 R-HSA-9709570,2/35,0.6376446474953021,0.9999955785910568,0,0,0.9344597288676236,0.4204827031950194,KAT5;RAD9A
Reactome_2022,Beta-catenin Independent WNT Signaling R-HSA-3858494,8/142,0.6405584036938514,0.9999955785910568,0,0,0.9200937461453064,0.4098235350243655,PARD6A;MYC;CLTB;AP2M1;PRKG1;PSMB10;PSMB8;PSMB9
Reactome_2022,O-linked Glycosylation R-HSA-5173105,6/107,0.6408279670280169,0.9999955785910568,0,0,0.9156455249485344,0.4074569847164367,SEMA5A;ADAMTS13;MUCL1;ADAMTS19;MUC19;MUC20
Reactome_2022,CDK-mediated Phosphorylation And Removal Of Cdc6 R-HSA-69017,4/72,0.6459598324070882,0.9999955785910568,0,0,0.9067739122007946,0.3962764817267922,UBE2S;PSMB10;PSMB8;PSMB9
Reactome_2022,Cdc20:Phospho-APC/C Mediated Degradation Of Cyclin A R-HSA-174184,4/72,0.6459598324070882,0.9999955785910568,0,0,0.9067739122007946,0.3962764817267922,UBE2S;PSMB10;PSMB8;PSMB9
Reactome_2022,AUF1 (hnRNP D0) Binds And Destabilizes mRNA R-HSA-450408,3/54,0.6467947280099589,0.9999955785910568,0,0,0.9068506414911645,0.3951386766589562,PSMB10;PSMB8;PSMB9
Reactome_2022,Degradation Of AXIN R-HSA-4641257,3/54,0.6467947280099589,0.9999955785910568,0,0,0.9068506414911645,0.3951386766589562,PSMB10;PSMB8;PSMB9
Reactome_2022,FBXL7 Down-Regulates AURKA During Mitotic Entry And In Early Mitosis R-HSA-8854050,3/54,0.6467947280099589,0.9999955785910568,0,0,0.9068506414911645,0.3951386766589562,PSMB10;PSMB8;PSMB9
Reactome_2022,Interleukin-12 Family Signaling R-HSA-447115,3/54,0.6467947280099589,0.9999955785910568,0,0,0.9068506414911645,0.3951386766589562,ANXA2;GSTO1;RPLP0
Reactome_2022,SCF-beta-TrCP Mediated Degradation Of Emi1 R-HSA-174113,3/54,0.6467947280099589,0.9999955785910568,0,0,0.9068506414911645,0.3951386766589562,PSMB10;PSMB8;PSMB9
Reactome_2022,MAPK6/MAPK4 Signaling R-HSA-5687128,5/90,0.6473357785453581,0.9999955785910568,0,0,0.9066970563988168,0.3943136111046744,MYC;CDC42EP2;PSMB10;PSMB8;PSMB9
Reactome_2022,Regulation Of TP53 Activity Thru Phosphorylation R-HSA-6804756,5/90,0.6473357785453581,0.9999955785910568,0,0,0.9066970563988168,0.3943136111046744,KAT5;TAF10;TP53;AURKB;RAD9A
Reactome_2022,Switching Of Origins To A Post-Replicative State R-HSA-69052,5/90,0.6473357785453581,0.9999955785910568,0,0,0.9066970563988168,0.3943136111046744,CDT1;UBE2S;PSMB10;PSMB8;PSMB9
Reactome_2022,Gene Silencing By RNA R-HSA-211000,6/108,0.6497794310266857,0.9999955785910568,0,0,0.9066200737720832,0.3908641410067509,H2AX;H2BC12;H2AC6;H2BC11;POLR2G;MYBL1
Reactome_2022,S Phase R-HSA-69242,9/161,0.6522946624295658,0.9999955785910568,0,0,0.9124004179182448,0.3898311833229391,CDT1;CDK4;UBE2S;MYC;E2F4;PSMB10;PSMB8;CDC25B;PSMB9
Reactome_2022,Aberrant Regulation Of Mitotic Cell Cycle Due To RB1 Defects R-HSA-9687139,2/36,0.6529857474586863,0.9999955785910568,0,0,0.9069272445820432,0.3865323700505565,CDK4;UBE2S
Reactome_2022,Activation Of ATR In Response To Replication Stress R-HSA-176187,2/36,0.6529857474586863,0.9999955785910568,0,0,0.9069272445820432,0.3865323700505565,CDC25C;RAD9A
Reactome_2022,NR1H3 And NR1H2 Regulate Gene Expression Linked To Cholesterol Transport And Efflux R-HSA-9029569,2/36,0.6529857474586863,0.9999955785910568,0,0,0.9069272445820432,0.3865323700505565,HDAC3;APOE
Reactome_2022,Platelet Aggregation (Plug Formation) R-HSA-76009,2/36,0.6529857474586863,0.9999955785910568,0,0,0.9069272445820432,0.3865323700505565,VWF;ADRA2A
Reactome_2022,Regulation Of TP53 Degradation R-HSA-6804757,2/36,0.6529857474586863,0.9999955785910568,0,0,0.9069272445820432,0.3865323700505565,CDKN2A;TP53
Reactome_2022,SMAD2/SMAD3:SMAD4 Heterotrimer Regulates Transcription R-HSA-2173796,2/36,0.6529857474586863,0.9999955785910568,0,0,0.9069272445820432,0.3865323700505565,MYC;E2F4
Reactome_2022,Aberrant Regulation Of Mitotic G1/S Transition In Cancer Due To RB1 Defects R-HSA-9659787,1/17,0.656512678700978,0.9999955785910568,0,0,0.9637428101889892,0.4055557661486483,CDK4
Reactome_2022,Butyrate Response Factor 1 Binds And Destabilizes mRNA R-HSA-450385,1/17,0.656512678700978,0.9999955785910568,0,0,0.9637428101889892,0.4055557661486483,EXOSC5
Reactome_2022,Gastrulation R-HSA-9758941,1/17,0.656512678700978,0.9999955785910568,0,0,0.9637428101889892,0.4055557661486483,BMP4
Reactome_2022,IL-6-type Cytokine Receptor Ligand Interactions R-HSA-6788467,1/17,0.656512678700978,0.9999955785910568,0,0,0.9637428101889892,0.4055557661486483,IL11RA
Reactome_2022,KSRP (KHSRP) Binds And Destabilizes mRNA R-HSA-450604,1/17,0.656512678700978,0.9999955785910568,0,0,0.9637428101889892,0.4055557661486483,EXOSC5
Reactome_2022,MyD88 Deficiency (TLR2/4) R-HSA-5602498,1/17,0.656512678700978,0.9999955785910568,0,0,0.9637428101889892,0.4055557661486483,NDUFA2
Reactome_2022,PKA Activation R-HSA-163615,1/17,0.656512678700978,0.9999955785910568,0,0,0.9637428101889892,0.4055557661486483,PRKAR1B
Reactome_2022,Synthesis Of PIPs At Golgi Membrane R-HSA-1660514,1/17,0.656512678700978,0.9999955785910568,0,0,0.9637428101889892,0.4055557661486483,VAC14
Reactome_2022,Trafficking Of GluR2-containing AMPA Receptors R-HSA-416993,1/17,0.656512678700978,0.9999955785910568,0,0,0.9637428101889892,0.4055557661486483,AP2M1
Reactome_2022,"Tristetraprolin (TTP, ZFP36) Binds And Destabilizes mRNA R-HSA-450513",1/17,0.656512678700978,0.9999955785910568,0,0,0.9637428101889892,0.4055557661486483,EXOSC5
Reactome_2022,Vitamin B5 (Pantothenate) Metabolism R-HSA-199220,1/17,0.656512678700978,0.9999955785910568,0,0,0.9637428101889892,0.4055557661486483,COASY
Reactome_2022,APC:Cdc20 Mediated Degradation Of Cell Cycle Proteins Before Cycle Checkpoint Satisfied R-HSA-179419,4/73,0.6567196384963798,0.9999955785910568,0,0,0.8935845092280877,0.3757505717087301,UBE2S;PSMB10;PSMB8;PSMB9
Reactome_2022,Extra-nuclear Estrogen Signaling R-HSA-9009391,4/73,0.6567196384963798,0.9999955785910568,0,0,0.8935845092280877,0.3757505717087301,BTC;BCL2;FOS;AREG
Reactome_2022,Degradation Of DVL R-HSA-4641258,3/55,0.6591264191607602,0.9999955785910568,0,0,0.889363722697056,0.3707223101666555,PSMB10;PSMB8;PSMB9
Reactome_2022,Hh Mutants Are Degraded By ERAD R-HSA-5362768,3/55,0.6591264191607602,0.9999955785910568,0,0,0.889363722697056,0.3707223101666555,PSMB10;PSMB8;PSMB9
Reactome_2022,RHOG GTPase Cycle R-HSA-9013408,4/74,0.6672569723943721,0.9999955785910568,0,0,0.8807719463403154,0.3563427504295999,PREX1;MCAM;ARHGDIB;LAMTOR1
Reactome_2022,Signaling By NOTCH1 R-HSA-1980143,4/74,0.6672569723943721,0.9999955785910568,0,0,0.8807719463403154,0.3563427504295999,HDAC3;MYC;HEY2;NEURL1
Reactome_2022,Cooperation Of PDCL (PhLP1) And TRiC/CCT In G-protein Beta Folding R-HSA-6814122,2/37,0.6678040451474729,0.9999955785910568,0,0,0.8809680451127819,0.3557000931522752,RGS9BP;RGS11
Reactome_2022,FLT3 Signaling R-HSA-9607240,2/37,0.6678040451474729,0.9999955785910568,0,0,0.8809680451127819,0.3557000931522752,FLT3LG;FYN
Reactome_2022,Formation Of Fibrin Clot (Clotting Cascade) R-HSA-140877,2/37,0.6678040451474729,0.9999955785910568,0,0,0.8809680451127819,0.3557000931522752,SERPINE2;VWF
Reactome_2022,HDR Thru Single Strand Annealing (SSA) R-HSA-5685938,2/37,0.6678040451474729,0.9999955785910568,0,0,0.8809680451127819,0.3557000931522752,KAT5;RAD9A
Reactome_2022,MAP2K And MAPK Activation R-HSA-5674135,2/37,0.6678040451474729,0.9999955785910568,0,0,0.8809680451127819,0.3557000931522752,VWF;WDR83
Reactome_2022,Regulation Of TP53 Expression And Degradation R-HSA-6806003,2/37,0.6678040451474729,0.9999955785910568,0,0,0.8809680451127819,0.3557000931522752,CDKN2A;TP53
Reactome_2022,E3 Ubiquitin Ligases Ubiquitinate Target Proteins R-HSA-8866654,3/56,0.6711438927407595,0.9999955785910568,0,0,0.8725366876310272,0.3479429555006635,H2BC12;H2BC11;HLA-A
Reactome_2022,Transport To Golgi And Subsequent Modification R-HSA-948021,9/164,0.6737770261722098,0.9999955785910568,0,0,0.8945969743056111,0.353237022701666,CHGA;TRAPPC6A;TRAPPC2L;PTGES2;COG4;DCTN3;ST8SIA6;MAN1A1;AREG
Reactome_2022,Neurotransmitter Receptors And Postsynaptic Signal Transmission R-HSA-112314,10/182,0.6765521450225415,0.9999955785910568,0,0,0.8956761127367935,0.3499816377843558,CAMK2B;CAMK2D;PRKAR1B;GRIK4;LIN7A;MAPT;AP2M1;CAMKK1;CACNG4;NRGN
Reactome_2022,Acyl Chain Remodelling Of PG R-HSA-1482925,1/18,0.6774487729260543,0.9999955785910568,0,0,0.9070037217845232,0.3532066056331921,PLA2G5
Reactome_2022,Assembly Of HIV Virion R-HSA-175474,1/18,0.6774487729260543,0.9999955785910568,0,0,0.9070037217845232,0.3532066056331921,VPS28
Reactome_2022,Ephrin Signaling R-HSA-3928664,1/18,0.6774487729260543,0.9999955785910568,0,0,0.9070037217845232,0.3532066056331921,FYN
Reactome_2022,IRAK4 Deficiency (TLR2/4) R-HSA-5603041,1/18,0.6774487729260543,0.9999955785910568,0,0,0.9070037217845232,0.3532066056331921,NDUFA2
Reactome_2022,Lewis Blood Group Biosynthesis R-HSA-9037629,1/18,0.6774487729260543,0.9999955785910568,0,0,0.9070037217845232,0.3532066056331921,FUT9
Reactome_2022,Metabolism Of Angiotensinogen To Angiotensins R-HSA-2022377,1/18,0.6774487729260543,0.9999955785910568,0,0,0.9070037217845232,0.3532066056331921,AOPEP
Reactome_2022,Metabolism Of Amine-Derived Hormones R-HSA-209776,1/18,0.6774487729260543,0.9999955785910568,0,0,0.9070037217845232,0.3532066056331921,CHGA
Reactome_2022,Pre-NOTCH Processing In Golgi R-HSA-1912420,1/18,0.6774487729260543,0.9999955785910568,0,0,0.9070037217845232,0.3532066056331921,RFNG
Reactome_2022,Recycling Of Bile Acids And Salts R-HSA-159418,1/18,0.6774487729260543,0.9999955785910568,0,0,0.9070037217845232,0.3532066056331921,STARD5
Reactome_2022,Regulation Of TLR By Endogenous Ligand R-HSA-5686938,1/18,0.6774487729260543,0.9999955785910568,0,0,0.9070037217845232,0.3532066056331921,NDUFA2
Reactome_2022,Regulation Of Signaling By CBL R-HSA-912631,1/18,0.6774487729260543,0.9999955785910568,0,0,0.9070037217845232,0.3532066056331921,FYN
Reactome_2022,APC/C:Cdc20 Mediated Degradation Of Mitotic Proteins R-HSA-176409,4/75,0.6775704273906923,0.9999955785910568,0,0,0.8683203007169873,0.3379865392551818,UBE2S;PSMB10;PSMB8;PSMB9
Reactome_2022,Diseases Of Mitotic Cell Cycle R-HSA-9675126,2/38,0.6821062661220525,0.9999955785910568,0,0,0.8564510233918129,0.3276523120150889,CDK4;UBE2S
Reactome_2022,Fanconi Anemia Pathway R-HSA-6783310,2/38,0.6821062661220525,0.9999955785910568,0,0,0.8564510233918129,0.3276523120150889,EME1;FANCG
Reactome_2022,Interactions Of Vpr With Host Cellular Proteins R-HSA-176033,2/38,0.6821062661220525,0.9999955785910568,0,0,0.8564510233918129,0.3276523120150889,BANF1;SLC25A6
Reactome_2022,Resolution Of Abasic Sites (AP Sites) R-HSA-73933,2/38,0.6821062661220525,0.9999955785910568,0,0,0.8564510233918129,0.3276523120150889,OGG1;MUTYH
Reactome_2022,Neurexins And Neuroligins R-HSA-6794361,3/57,0.6828472305909078,0.9999955785910568,0,0,0.8563328760859625,0.3266773924005092,SHARPIN;NLGN4X;LIN7A
Reactome_2022,Regulated Necrosis R-HSA-5218859,3/57,0.6828472305909078,0.9999955785910568,0,0,0.8563328760859625,0.3266773924005092,IRF1;CASP4;TP53
Reactome_2022,Signaling By ERBB4 R-HSA-1236394,3/57,0.6828472305909078,0.9999955785910568,0,0,0.8563328760859625,0.3266773924005092,BTC;PGR;APOE
Reactome_2022,Mitotic Prophase R-HSA-68875,6/112,0.6841951181750711,0.9999955785910568,0,0,0.8722211843825892,0.3310185295892273,H2AX;H2BC12;H2AC6;NUMA1;H2BC11;BANF1
Reactome_2022,Downstream TCR Signaling R-HSA-202424,5/94,0.6849054377724205,0.9999955785910568,0,0,0.8657613679520549,0.3276685985146818,TARP;PSMB10;PSMB8;HLA-DRB1;PSMB9
Reactome_2022,Activation Of APC/C And APC/C:Cdc20 Mediated Degradation Of Mitotic Proteins R-HSA-176814,4/76,0.6876590434622766,0.9999955785910568,0,0,0.8562145341387516,0.3206199269670232,UBE2S;PSMB10;PSMB8;PSMB9
Reactome_2022,Protein Ubiquitination R-HSA-8852135,4/76,0.6876590434622766,0.9999955785910568,0,0,0.8562145341387516,0.3206199269670232,H2BC12;UBE2S;H2BC11;HLA-A
Reactome_2022,CDC42 GTPase Cycle R-HSA-9013148,8/149,0.6931238116087699,0.9999955785910568,0,0,0.8740870992321669,0.3203936852875562,PREX1;SYDE1;PARD6A;DLC1;ARHGDIB;CDC42EP2;WAS;LAMTOR1
Reactome_2022,UCH Proteinases R-HSA-5689603,5/95,0.6938624763384204,0.9999955785910568,0,0,0.8560959970687918,0.3128872483029752,UCHL1;H2AC6;PSMB10;PSMB8;PSMB9
Reactome_2022,Hh Mutants Abrogate Ligand Secretion R-HSA-5387390,3/58,0.6942372062951393,0.9999955785910568,0,0,0.8407182940516273,0.3068130634571774,PSMB10;PSMB8;PSMB9
Reactome_2022,Metabolism Of Polyamines R-HSA-351202,3/58,0.6942372062951393,0.9999955785910568,0,0,0.8407182940516273,0.3068130634571774,PSMB10;PSMB8;PSMB9
Reactome_2022,NIK To Noncanonical NF-kB Signaling R-HSA-5676590,3/58,0.6942372062951393,0.9999955785910568,0,0,0.8407182940516273,0.3068130634571774,PSMB10;PSMB8;PSMB9
Reactome_2022,RHOU GTPase Cycle R-HSA-9013420,2/39,0.6959002556032304,0.9999955785910568,0,0,0.8332592460881935,0.3020972562749916,PARD6A;PTK2B
Reactome_2022,Initiation Of Nuclear Envelope (NE) Reformation R-HSA-2995383,1/19,0.6971097564517049,0.9999955785910568,0,0,0.8565689765361089,0.3090607174551257,BANF1
Reactome_2022,Metabolism Of Cofactors R-HSA-8978934,1/19,0.6971097564517049,0.9999955785910568,0,0,0.8565689765361089,0.3090607174551257,COQ9
Reactome_2022,Na+/Cl- Dependent Neurotransmitter Transporters R-HSA-442660,1/19,0.6971097564517049,0.9999955785910568,0,0,0.8565689765361089,0.3090607174551257,SLC6A3
Reactome_2022,Nicotinamide Salvaging R-HSA-197264,1/19,0.6971097564517049,0.9999955785910568,0,0,0.8565689765361089,0.3090607174551257,PARP14
Reactome_2022,PKA-mediated Phosphorylation Of CREB R-HSA-111931,1/19,0.6971097564517049,0.9999955785910568,0,0,0.8565689765361089,0.3090607174551257,PRKAR1B
Reactome_2022,RAS Processing R-HSA-9648002,1/19,0.6971097564517049,0.9999955785910568,0,0,0.8565689765361089,0.3090607174551257,CHURC1-FNTB
Reactome_2022,Regulation Of TP53 Activity Thru Methylation R-HSA-6804760,1/19,0.6971097564517049,0.9999955785910568,0,0,0.8565689765361089,0.3090607174551257,TP53
Reactome_2022,Signaling By FGFR2 IIIa TM R-HSA-8851708,1/19,0.6971097564517049,0.9999955785910568,0,0,0.8565689765361089,0.3090607174551257,POLR2G
Reactome_2022,Signaling By KIT In Disease R-HSA-9669938,1/19,0.6971097564517049,0.9999955785910568,0,0,0.8565689765361089,0.3090607174551257,FYN
Reactome_2022,ABC Transporter Disorders R-HSA-5619084,4/77,0.6975222824614324,0.9999955785910568,0,0,0.8444404323982758,0.3041850246750751,ABCD4;PSMB10;PSMB8;PSMB9
Reactome_2022,Biosynthesis Of N-glycan Precursor (Dolichol LLO) And Transfer To Protein R-HSA-446193,4/77,0.6975222824614324,0.9999955785910568,0,0,0.8444404323982758,0.3041850246750751,SLPI;FCSK;AMDHD2;ST8SIA6
Reactome_2022,Extracellular Matrix Organization R-HSA-1474244,16/291,0.6996936415492487,0.9999955785910568,0,0,0.8958160641355317,0.319907288589648,COL28A1;SDC2;COL12A1;PDGFA;LOXL4;GDF5;LOXL1;BMP4;COL2A1;CAPN9;COL4A3;COL4A5;COL6A3;CD47;FMOD;CD44
Reactome_2022,Interleukin-1 Signaling R-HSA-9020702,6/114,0.7005492021011686,0.9999955785910568,0,0,0.855977264393106,0.3046343282294272,IL1RN;NLRC5;TP53;PSMB10;PSMB8;PSMB9
Reactome_2022,Degradation Of GLI1 By Proteasome R-HSA-5610780,3/59,0.7053152286873172,0.9999955785910568,0,0,0.8256613756613757,0.2882470088019718,PSMB10;PSMB8;PSMB9
Reactome_2022,Degradation Of GLI2 By Proteasome R-HSA-5610783,3/59,0.7053152286873172,0.9999955785910568,0,0,0.8256613756613757,0.2882470088019718,PSMB10;PSMB8;PSMB9
Reactome_2022,GLI3 Is Processed To GLI3R By Proteasome R-HSA-5610785,3/59,0.7053152286873172,0.9999955785910568,0,0,0.8256613756613757,0.2882470088019718,PSMB10;PSMB8;PSMB9
Reactome_2022,O-linked Glycosylation Of Mucins R-HSA-913709,3/59,0.7053152286873172,0.9999955785910568,0,0,0.8256613756613757,0.2882470088019718,MUCL1;MUC19;MUC20
Reactome_2022,Class A/1 (Rhodopsin-like Receptors) R-HSA-373076,18/327,0.7053496852046083,0.9999955785910568,0,0,0.896747572815534,0.313020135172513,OPRD1;CHGA;P2RY10;ANXA1;SFTPA2;GPR68;PTGER3;NPY1R;OPRL1;TRH;GRPR;ADRA2A;HEBP1;GPR143;CYSLTR1;LPAR6;GPER1;CCL5
Reactome_2022,Post-translational Protein Modification R-HSA-597592,80/1383,0.7054973968520915,0.9999955785910568,0,0,0.9430178026374176,0.3289738327199752,SEMA5A;PSCA;PIGQ;PIGZ;PIGV;AREG;C4A;TUBA1B;TUBB6;UCHL1;TUBA1A;MYC;MAN1A1;TRAPPC2L;IGFBP5;MUCL1;H2AC6;IGFBP4;COG4;HLA-A;FBXO10;DDB2;H2BC12;TUBB2B;TRAPPC6A;TUBB2A;SLPI;H2BC11;RARA;AMTN;FAM20C;PGR;TP53;SP100;SDC2;DCTN3;LYPD1;ASB13;GATA3;LYPD5;FSTL1;AURKB;PSMB10;CST3;ADAMTS13;COMMD9;ADAMTS19;DPH1;AMDHD2;ARSJ;STC2;ST8SIA6;APOE;ARSG;RPS2;DPH7;CHGA;CDKN2A;PTGES2;TAF10;AMFR;SIAH2;MUC19;FBXO32;EEF2;TUBB4B;PSMB8;PSMB9;FBXO31;BMP4;TF;UBE2S;ALPP;FCSK;ASB9;NUCB1;CNTN3;RAB17;MDGA1;MUC20
Reactome_2022,G Alpha (12/13) Signaling Events R-HSA-416482,4/78,0.7071600041874716,0.9999955785910568,0,0,0.8329845496237589,0.2886277507146976,PREX1;ARHGEF37;ARHGEF17;ARHGEF39
Reactome_2022,Oncogenic MAPK Signaling R-HSA-6802957,4/78,0.7071600041874716,0.9999955785910568,0,0,0.8329845496237589,0.2886277507146976,CAMK2B;CAMK2D;VWF;ATG7
Reactome_2022,Amine Ligand-Binding Receptors R-HSA-375280,2/40,0.7091948171361859,0.9999955785910568,0,0,0.8112880886426593,0.2787788798860143,GPR143;ADRA2A
Reactome_2022,Diseases Associated With Glycosaminoglycan Metabolism R-HSA-3560782,2/40,0.7091948171361859,0.9999955785910568,0,0,0.8112880886426593,0.2787788798860143,SDC2;FMOD
Reactome_2022,Presynaptic Phase Of Homologous DNA Pairing And Strand Exchange R-HSA-5693616,2/40,0.7091948171361859,0.9999955785910568,0,0,0.8112880886426593,0.2787788798860143,KAT5;RAD9A
Reactome_2022,RNA Polymerase III Abortive And Retractive Initiation R-HSA-749476,2/40,0.7091948171361859,0.9999955785910568,0,0,0.8112880886426593,0.2787788798860143,GTF3C3;NFIX
Reactome_2022,Potential Therapeutics For SARS R-HSA-9679191,5/97,0.7112477053980226,0.9999955785910568,0,0,0.8373956055772608,0.2853295894658639,CYSLTR1;CHURC1-FNTB;IMPDH2;ATP1A4;AP2M1
Reactome_2022,Signaling By WNT R-HSA-195721,16/294,0.7148232262783295,0.9999955785910568,0,0,0.8860053388237829,0.2974497148576217,H2AX;H2AC6;CLTB;PSMB8;PSMB10;PSMB9;H2BC12;PARD6A;KAT5;TERT;MYC;H2BC11;SOX6;LGR6;AP2M1;PRKG1
Reactome_2022,Aberrant Regulation Of Mitotic Exit In Cancer Due To RB1 Defects R-HSA-9687136,1/20,0.7155732297556276,0.9999955785910568,0,0,0.8114431518401591,0.2715667649769631,UBE2S
Reactome_2022,Apoptotic Factor-Mediated Response R-HSA-111471,1/20,0.7155732297556276,0.9999955785910568,0,0,0.8114431518401591,0.2715667649769631,CDKN2A
Reactome_2022,CD209 (DC-SIGN) Signaling R-HSA-5621575,1/20,0.7155732297556276,0.9999955785910568,0,0,0.8114431518401591,0.2715667649769631,FYN
Reactome_2022,Conversion From APC/C:Cdc20 To APC/C:Cdh1 In Late Anaphase R-HSA-176407,1/20,0.7155732297556276,0.9999955785910568,0,0,0.8114431518401591,0.2715667649769631,UBE2S
Reactome_2022,Defective B3GALT6 Causes EDSP2 And SEMDJL1 R-HSA-4420332,1/20,0.7155732297556276,0.9999955785910568,0,0,0.8114431518401591,0.2715667649769631,SDC2
Reactome_2022,Defective B3GAT3 Causes JDSSDHD R-HSA-3560801,1/20,0.7155732297556276,0.9999955785910568,0,0,0.8114431518401591,0.2715667649769631,SDC2
Reactome_2022,"Defective B4GALT7 Causes EDS, Progeroid Type R-HSA-3560783",1/20,0.7155732297556276,0.9999955785910568,0,0,0.8114431518401591,0.2715667649769631,SDC2
Reactome_2022,NOTCH4 Intracellular Domain Regulates Transcription R-HSA-9013695,1/20,0.7155732297556276,0.9999955785910568,0,0,0.8114431518401591,0.2715667649769631,HEY2
Reactome_2022,Phosphorylation Of APC/C R-HSA-176412,1/20,0.7155732297556276,0.9999955785910568,0,0,0.8114431518401591,0.2715667649769631,UBE2S
Reactome_2022,Processing Of Intronless Pre-mRNAs R-HSA-77595,1/20,0.7155732297556276,0.9999955785910568,0,0,0.8114431518401591,0.2715667649769631,COLEC12
Reactome_2022,Regulation Of FZD By Ubiquitination R-HSA-4641263,1/20,0.7155732297556276,0.9999955785910568,0,0,0.8114431518401591,0.2715667649769631,LGR6
Reactome_2022,Syndecan Interactions R-HSA-3000170,1/20,0.7155732297556276,0.9999955785910568,0,0,0.8114431518401591,0.2715667649769631,SDC2
Reactome_2022,Defective CFTR Causes Cystic Fibrosis R-HSA-5678895,3/60,0.7160832882786198,0.9999955785910568,0,0,0.8111327701970977,0.2708849220132154,PSMB10;PSMB8;PSMB9
Reactome_2022,G Alpha (I) Signaling Events R-HSA-418594,17/312,0.7171634504133485,0.9999955785910568,0,0,0.8870545731664291,0.2949026234737412,OPRD1;GPSM1;CAMK2B;CAMK2D;ANXA1;SFTPA2;PTGER3;NPY1R;OPRL1;CAMKK1;ADRA2A;HEBP1;PRKAR1B;RGS9BP;GPER1;CCL5;RGS11
Reactome_2022,Hedgehog Off State R-HSA-5610787,5/98,0.7196751384045041,0.9999955785910568,0,0,0.8283470290491007,0.2724891996621643,PRKAR1B;KIF7;PSMB10;PSMB8;PSMB9
Reactome_2022,Defective Homologous Recombination Repair (HRR) Due To BRCA2 Loss Of Function R-HSA-9701190,2/41,0.7219995673565665,0.9999955785910568,0,0,0.790443657219973,0.2574717968559777,KAT5;RAD9A
Reactome_2022,Intraflagellar Transport R-HSA-5620924,2/41,0.7219995673565665,0.9999955785910568,0,0,0.790443657219973,0.2574717968559777,IFT80;IFT46
Reactome_2022,Non-integrin membrane-ECM Interactions R-HSA-3000171,2/41,0.7219995673565665,0.9999955785910568,0,0,0.790443657219973,0.2574717968559777,SDC2;PDGFA
Reactome_2022,Signaling By Retinoic Acid R-HSA-5362517,2/41,0.7219995673565665,0.9999955785910568,0,0,0.790443657219973,0.2574717968559777,CRABP2;RARA
Reactome_2022,Regulation Of APC/C Activators Between G1/S And Early Anaphase R-HSA-176408,4/80,0.7257601802771272,0.9999955785910568,0,0,0.8109771958727131,0.2599471017425771,UBE2S;PSMB10;PSMB8;PSMB9
Reactome_2022,Dectin-1 Mediated Noncanonical NF-kB Signaling R-HSA-5607761,3/61,0.726543906561665,0.9999955785910568,0,0,0.7971051511281396,0.2546403117608396,PSMB10;PSMB8;PSMB9
Reactome_2022,Signaling By Rho GTPases R-HSA-194315,36/644,0.7286735504715587,0.9999955785910568,0,0,0.9103994122361742,0.2881682269047926,H2AX;ARPC1B;ARPC4-TTLL3;WAS;NOXO1;AREG;AURKB;PLD2;PREX1;STK10;SYDE1;TUBA1B;PARD6A;HINT2;ARHGDIB;MYH14;PTK2B;CENPT;H2AC6;MCAM;PCDH7;ARHGEF39;ARHGEF17;CDC25C;H2BC12;MYL6;RPS27;DLC1;NOXA1;H2BC11;CDC42EP2;CENPM;EVL;LAMTOR1;VIM;PFN2
Reactome_2022,Factors Involved In Megakaryocyte Development And Platelet Production R-HSA-983231,7/136,0.7289018652301297,0.9999955785910568,0,0,0.8358202267329838,0.2642998722696776,PRKAR1B;KIFC2;KIF5C;IRF1;ITPK1;GATA3;TP53
Reactome_2022,CTLA4 Inhibitory Signaling R-HSA-389513,1/21,0.7329120743007788,0.9999955785910568,0,0,0.7708299096138045,0.2395196213019084,FYN
Reactome_2022,Citric Acid Cycle (TCA Cycle) R-HSA-71403,1/21,0.7329120743007788,0.9999955785910568,0,0,0.7708299096138045,0.2395196213019084,DLST
Reactome_2022,Defects In Vitamin And Cofactor Metabolism R-HSA-3296482,1/21,0.7329120743007788,0.9999955785910568,0,0,0.7708299096138045,0.2395196213019084,ABCD4
Reactome_2022,ER Quality Control Compartment (ERQC) R-HSA-901032,1/21,0.7329120743007788,0.9999955785910568,0,0,0.7708299096138045,0.2395196213019084,AMFR
Reactome_2022,Inactivation Of APC/C Via Direct Inhibition Of APC/C Complex R-HSA-141430,1/21,0.7329120743007788,0.9999955785910568,0,0,0.7708299096138045,0.2395196213019084,UBE2S
Reactome_2022,NOTCH2 Activation And Transmission Of Signal To Nucleus R-HSA-2979096,1/21,0.7329120743007788,0.9999955785910568,0,0,0.7708299096138045,0.2395196213019084,NEURL1
Reactome_2022,Nitric Oxide Stimulates Guanylate Cyclase R-HSA-392154,1/21,0.7329120743007788,0.9999955785910568,0,0,0.7708299096138045,0.2395196213019084,PRKG1
Reactome_2022,SHC1 Events In ERBB2 Signaling R-HSA-1250196,1/21,0.7329120743007788,0.9999955785910568,0,0,0.7708299096138045,0.2395196213019084,BTC
Reactome_2022,Signaling By ERBB2 TMD/JMD Mutants R-HSA-9665686,1/21,0.7329120743007788,0.9999955785910568,0,0,0.7708299096138045,0.2395196213019084,BTC
Reactome_2022,VxPx Cargo-Targeting To Cilium R-HSA-5620916,1/21,0.7329120743007788,0.9999955785910568,0,0,0.7708299096138045,0.2395196213019084,PTGES2
Reactome_2022,Kinesins R-HSA-983189,2/42,0.73432480411801,0.9999955785910568,0,0,0.7706414473684211,0.2379770349931076,KIFC2;KIF5C
Reactome_2022,RHOF GTPase Cycle R-HSA-9035034,2/42,0.73432480411801,0.9999955785910568,0,0,0.7706414473684211,0.2379770349931076,SYDE1;MCAM
Reactome_2022,Signaling By SCF-KIT R-HSA-1433557,2/42,0.73432480411801,0.9999955785910568,0,0,0.7706414473684211,0.2379770349931076,KITLG;FYN
Reactome_2022,Centrosome Maturation R-HSA-380287,4/81,0.7347241305869973,0.9999955785910568,0,0,0.8004022336806521,0.2467321388350165,MZT2B;TUBA1A;DCTN3;TUBB4B
Reactome_2022,Signaling By NOTCH4 R-HSA-9013694,4/81,0.7347241305869973,0.9999955785910568,0,0,0.8004022336806521,0.2467321388350165,HEY2;PSMB10;PSMB8;PSMB9
Reactome_2022,RHO GTPases Activate Formins R-HSA-5663220,6/119,0.7388929748445556,0.9999955785910568,0,0,0.8178831157452029,0.2474932242940805,CENPT;RPS27;CENPM;EVL;AURKB;PFN2
Reactome_2022,TRAF6 Mediated Induction Of NFkB And MAP Kinases Upon TLR7/8 Or 9 Activation R-HSA-975138,5/101,0.7438972133378792,0.9999955785910568,0,0,0.8023323715306403,0.2373719639804113,NDUFA2;NLRC5;FOS;ECSIT;TP53
Reactome_2022,HIV Infection R-HSA-162906,12/229,0.7447414114089671,0.9999955785910568,0,0,0.8512735859871151,0.250885835684605,TAF10;BANF1;FYN;POLR2G;HLA-A;B2M;VPS28;PSMB8;AP2M1;PSMB10;PSMB9;SLC25A6
Reactome_2022,Leishmania Infection R-HSA-9658195,13/247,0.7452958866937299,0.9999955785910568,0,0,0.8551406177962194,0.251389087541393,CHGA;VIPR2;ARPC1B;WAS;ARPC4-TTLL3;NOXO1;ADM;TARP;PYCARD;CYSLTR1;PRKAR1B;NOXA1;FYN
Reactome_2022,DAP12 Interactions R-HSA-2172127,2/43,0.7461813881580158,0.9999955785910568,0,0,0.7518051989730423,0.2201184585004491,FYN;B2M
Reactome_2022,GPER1 Signaling R-HSA-9634597,2/43,0.7461813881580158,0.9999955785910568,0,0,0.7518051989730423,0.2201184585004491,PRKAR1B;GPER1
Reactome_2022,Cytosolic Sensors Of Pathogen-Associated DNA R-HSA-1834949,3/63,0.7465552693971478,0.9999955785910568,0,0,0.7704526748971193,0.2251922429274512,TREX1;DDX41;TRIM21
Reactome_2022,Blood Group Systems Biosynthesis R-HSA-9033658,1/22,0.749194739424351,0.9999955785910568,0,0,0.7340845952185311,0.211971573644965,FUT9
Reactome_2022,Common Pathway Of Fibrin Clot Formation R-HSA-140875,1/22,0.749194739424351,0.9999955785910568,0,0,0.7340845952185311,0.211971573644965,SERPINE2
Reactome_2022,Insertion Of Tail-Anchored Proteins Into Endoplasmic Reticulum Membrane R-HSA-9609523,1/22,0.749194739424351,0.9999955785910568,0,0,0.7340845952185311,0.211971573644965,PRNP
Reactome_2022,Nephrin Family Interactions R-HSA-373753,1/22,0.749194739424351,0.9999955785910568,0,0,0.7340845952185311,0.211971573644965,FYN
Reactome_2022,PINK1-PRKN Mediated Mitophagy R-HSA-5205685,1/22,0.749194739424351,0.9999955785910568,0,0,0.7340845952185311,0.211971573644965,MAP1LC3A
Reactome_2022,RNA Polymerase III Transcription Termination R-HSA-73980,1/22,0.749194739424351,0.9999955785910568,0,0,0.7340845952185311,0.211971573644965,NFIX
Reactome_2022,ABC-family Proteins Mediated Transport R-HSA-382556,5/102,0.7516192579532143,0.9999955785910568,0,0,0.794018408818555,0.2267124151794674,ABCC5;ABCA4;PSMB10;PSMB8;PSMB9
Reactome_2022,MyD88 Dependent Cascade Initiated On Endosome R-HSA-975155,5/102,0.7516192579532143,0.9999955785910568,0,0,0.794018408818555,0.2267124151794674,NDUFA2;NLRC5;FOS;ECSIT;TP53
Reactome_2022,Antiviral Mechanism By IFN-stimulated Genes R-HSA-1169410,4/83,0.7519858231663121,0.9999955785910568,0,0,0.7800554709820032,0.2223453010854015,HERC5;OAS3;MX1;ISG15
Reactome_2022,SARS-CoV-2 Activates/Modulates Innate And Adaptive Immune Responses R-HSA-9705671,6/121,0.75320949239061,0.9999955785910568,0,0,0.8035729659922514,0.2277421246309347,TKFC;ISG15;HLA-A;HLA-F;B2M;IL17RC
Reactome_2022,Oxygen-dependent Proline Hydroxylation Of Hypoxia-inducible Factor Alpha R-HSA-1234176,3/64,0.7561132860073878,0.9999955785910568,0,0,0.7577818255413884,0.2118485673895804,PSMB10;PSMB8;PSMB9
Reactome_2022,Aspirin ADME R-HSA-9749641,2/44,0.7575806364989696,0.9999955785910568,0,0,0.7338659147869674,0.2037397421402206,CES2;UGT1A6
Reactome_2022,Interleukin-2 Family Signaling R-HSA-451927,2/44,0.7575806364989696,0.9999955785910568,0,0,0.7338659147869674,0.2037397421402206,IL2RB;PTK2B
Reactome_2022,"Interleukin-3, Interleukin-5 And GM-CSF Signaling R-HSA-512988",2/44,0.7575806364989696,0.9999955785910568,0,0,0.7338659147869674,0.2037397421402206,IL2RB;FYN
Reactome_2022,PI3K Cascade R-HSA-109704,2/44,0.7575806364989696,0.9999955785910568,0,0,0.7338659147869674,0.2037397421402206,THEM4;FLT3LG
Reactome_2022,Toll Like Receptor 7/8 (TLR7/8) Cascade R-HSA-168181,5/103,0.7591665308486432,0.9999955785910568,0,0,0.7858741188148797,0.2165351317310681,NDUFA2;NLRC5;FOS;ECSIT;TP53
Reactome_2022,Degradation Of Beta-Catenin By Destruction Complex R-HSA-195253,4/84,0.7602868332528051,0.9999955785910568,0,0,0.7702635914332784,0.2110980583790444,MYC;PSMB10;PSMB8;PSMB9
Reactome_2022,Transcriptional Regulation Of White Adipocyte Differentiation R-HSA-381340,4/84,0.7602868332528051,0.9999955785910568,0,0,0.7702635914332784,0.2110980583790444,HDAC3;CDK4;ADIRF;MED19
Reactome_2022,Peptide Ligand-Binding Receptors R-HSA-375276,10/196,0.761471409292931,0.9999955785910568,0,0,0.8276365448978139,0.2255331538739348,OPRD1;HEBP1;ANXA1;SFTPA2;GPER1;CCL5;NPY1R;OPRL1;TRH;GRPR
Reactome_2022,Abortive Elongation Of HIV-1 Transcript In Absence Of Tat R-HSA-167242,1/23,0.7644855114599474,0.9999955785910568,0,0,0.7006797639501009,0.1881690959211282,POLR2G
Reactome_2022,BBSome-mediated Cargo-Targeting To Cilium R-HSA-5620922,1/23,0.7644855114599474,0.9999955785910568,0,0,0.7006797639501009,0.1881690959211282,BBS1
Reactome_2022,Digestion R-HSA-8935690,1/23,0.7644855114599474,0.9999955785910568,0,0,0.7006797639501009,0.1881690959211282,ALPP
Reactome_2022,Dopamine Neurotransmitter Release Cycle R-HSA-212676,1/23,0.7644855114599474,0.9999955785910568,0,0,0.7006797639501009,0.1881690959211282,LIN7A
Reactome_2022,RHOBTB1 GTPase Cycle R-HSA-9013422,1/23,0.7644855114599474,0.9999955785910568,0,0,0.7006797639501009,0.1881690959211282,VIM
Reactome_2022,Signaling By NTRK2 (TRKB) R-HSA-9006115,1/23,0.7644855114599474,0.9999955785910568,0,0,0.7006797639501009,0.1881690959211282,FYN
Reactome_2022,Telomere Extension By Telomerase R-HSA-171319,1/23,0.7644855114599474,0.9999955785910568,0,0,0.7006797639501009,0.1881690959211282,TERT
Reactome_2022,Triglyceride Catabolism R-HSA-163560,1/23,0.7644855114599474,0.9999955785910568,0,0,0.7006797639501009,0.1881690959211282,PNPLA4
Reactome_2022,Mitochondrial Protein Import R-HSA-1268020,3/65,0.7653783206650665,0.9999955785910568,0,0,0.7455197132616488,0.1993408113296156,TIMM8B;BCS1L;SLC25A6
Reactome_2022,Transport Of Inorganic Cations/Anions And Amino Acids/Oligopeptides R-HSA-425393,5/104,0.7665400415058936,0.9999955785910568,0,0,0.7778943599223896,0.2068174842115656,SLC34A3;SLC24A3;SLC25A10;SLC15A3;SLC7A2
Reactome_2022,Immunoregulatory Interactions Between A Lymphoid And A non-Lymphoid Cell R-HSA-198933,6/123,0.7669453257988708,0.9999955785910568,0,0,0.7897520521282898,0.2095526226076931,COLEC12;NCR3LG1;HLA-A;HLA-F;TARP;B2M
Reactome_2022,Hedgehog On State R-HSA-5632684,4/85,0.7683705504776827,0.9999955785910568,0,0,0.7607134866882258,0.2004352044283476,KIF7;PSMB10;PSMB8;PSMB9
Reactome_2022,Interleukin-10 Signaling R-HSA-6783783,2/45,0.7685342266756205,0.9999955785910568,0,0,0.7167610159118727,0.1887018016809633,IL1RN;CCL5
Reactome_2022,TAK1-dependent IKK And NF-kappa-B Activation R-HSA-445989,2/45,0.7685342266756205,0.9999955785910568,0,0,0.7167610159118727,0.1887018016809633,NLRC5;TP53
Reactome_2022,Class I MHC Mediated Antigen Processing And Presentation R-HSA-983169,20/378,0.7738905786862298,0.9999955785910568,0,0,0.8591600526016359,0.220224017132072,SIAH2;NDUFA2;ASB13;HLA-A;HLA-F;FBXO10;FBXO32;PSMB8;PSMB10;PSMB9;FBXO31;HERC5;UBOX5;UBE2S;ASB9;RBCK1;B2M;TRIM21;ATG7;HERC6
Reactome_2022,Activation Of NF-kappaB In B Cells R-HSA-1169091,3/66,0.7743548701145391,0.9999955785910568,0,0,0.7336468743876151,0.1876118630534455,PSMB10;PSMB8;PSMB9
Reactome_2022,COPII-mediated Vesicle Transport R-HSA-204005,3/66,0.7743548701145391,0.9999955785910568,0,0,0.7336468743876151,0.1876118630534455,TRAPPC6A;TRAPPC2L;AREG
Reactome_2022,Integrin Cell Surface Interactions R-HSA-216083,3/66,0.7743548701145391,0.9999955785910568,0,0,0.7336468743876151,0.1876118630534455,COL4A3;CD47;CD44
Reactome_2022,Antigen Processing: Ubiquitination And Proteasome Degradation R-HSA-983168,16/307,0.77483393946276,0.9999955785910568,0,0,0.8458296882057967,0.2157766887815565,SIAH2;ASB13;FBXO10;FBXO32;PSMB8;PSMB10;PSMB9;FBXO31;HERC5;UBOX5;UBE2S;ASB9;RBCK1;TRIM21;ATG7;HERC6
Reactome_2022,"Signaling By Rho GTPases, Miro GTPases And RHOBTB3 R-HSA-9716542",36/660,0.7787722994121167,0.9999955785910568,0,0,0.8862748926200703,0.2216011381374845,H2AX;ARPC1B;ARPC4-TTLL3;WAS;NOXO1;AREG;AURKB;PLD2;PREX1;STK10;SYDE1;TUBA1B;PARD6A;HINT2;ARHGDIB;MYH14;PTK2B;CENPT;H2AC6;MCAM;PCDH7;ARHGEF39;ARHGEF17;CDC25C;H2BC12;MYL6;RPS27;DLC1;NOXA1;H2BC11;CDC42EP2;CENPM;EVL;LAMTOR1;VIM;PFN2
Reactome_2022,APC/C:Cdc20 Mediated Degradation Of Cyclin B R-HSA-174048,1/24,0.7788447670548182,0.9999955785910568,0,0,0.6701797006180558,0.1675070767841431,UBE2S
Reactome_2022,Aggrephagy R-HSA-9646399,1/24,0.7788447670548182,0.9999955785910568,0,0,0.6701797006180558,0.1675070767841431,HSF1
Reactome_2022,DARPP-32 Events R-HSA-180024,1/24,0.7788447670548182,0.9999955785910568,0,0,0.6701797006180558,0.1675070767841431,PRKAR1B
Reactome_2022,Impaired BRCA2 Binding To PALB2 R-HSA-9709603,1/24,0.7788447670548182,0.9999955785910568,0,0,0.6701797006180558,0.1675070767841431,KAT5
Reactome_2022,Interleukin-6 Family Signaling R-HSA-6783589,1/24,0.7788447670548182,0.9999955785910568,0,0,0.6701797006180558,0.1675070767841431,IL11RA
Reactome_2022,MicroRNA (miRNA) Biogenesis R-HSA-203927,1/24,0.7788447670548182,0.9999955785910568,0,0,0.6701797006180558,0.1675070767841431,POLR2G
Reactome_2022,Signaling By ERBB2 KD Mutants R-HSA-9664565,1/24,0.7788447670548182,0.9999955785910568,0,0,0.6701797006180558,0.1675070767841431,BTC
Reactome_2022,mTORC1-mediated Signaling R-HSA-166208,1/24,0.7788447670548182,0.9999955785910568,0,0,0.6701797006180558,0.1675070767841431,LAMTOR1
Reactome_2022,HIV Transcription Initiation R-HSA-167161,2/46,0.7790541110135104,0.9999955785910568,0,0,0.7004336124401914,0.1748806034505818,TAF10;POLR2G
Reactome_2022,NR1H2 And NR1H3-mediated Signaling R-HSA-9024446,2/46,0.7790541110135104,0.9999955785910568,0,0,0.7004336124401914,0.1748806034505818,HDAC3;APOE
Reactome_2022,Platelet Degranulation R-HSA-114608,6/125,0.7801054001980703,0.9999955785910568,0,0,0.7763957067975705,0.1927994265966979,TF;SCCPDH;VWF;SFTPA2;PCDH7;PDGFA
Reactome_2022,Toll Like Receptor 9 (TLR9) Cascade R-HSA-168138,5/106,0.7807706533257629,0.9999955785910568,0,0,0.7624088872201318,0.1886762473325375,NDUFA2;NLRC5;FOS;ECSIT;TP53
Reactome_2022,Regulation Of PTEN Stability And Activity R-HSA-8948751,3/67,0.7830477072970895,0.9999955785910568,0,0,0.7221450617283951,0.1766089921597029,PSMB10;PSMB8;PSMB9
Reactome_2022,Regulation Of PLK1 Activity At G2/M Transition R-HSA-2565942,4/87,0.783895247117354,0.9999955785910568,0,0,0.7423036462158353,0.1807360033941747,TUBA1A;DCTN3;TUBB4B;OPTN
Reactome_2022,DNA Repair R-HSA-73894,16/310,0.7873730444245572,0.9999955785910568,0,0,0.8370629449783241,0.2001025209447811,H2AX;H2AC6;OGG1;XRCC3;ISG15;FANCG;DDB2;H2BC12;KAT5;EME1;H2BC11;POLR2G;APBB1;TP53;RAD9A;MUTYH
Reactome_2022,MyD88-independent TLR4 Cascade R-HSA-166166,5/107,0.7876305797126678,0.9999955785910568,0,0,0.7548938784087419,0.1802128764283549,NDUFA2;NLRC5;SARM1;FOS;TP53
Reactome_2022,Signaling By Interleukins R-HSA-449147,24/453,0.7890485673703148,0.9999955785910568,0,0,0.8599173021283574,0.2037379744162616,OPRD1;IL1RN;ANXA1;ANXA2;GSTO1;IL11RA;RPLP0;NLRC5;TWIST1;GATA3;FOS;IL17RC;PSMB8;PSMB10;PSMB9;BATF;MYC;CCL5;IL2RB;BCL2;PTK2B;FYN;VIM;TP53
Reactome_2022,IRS-mediated Signaling R-HSA-112399,2/47,0.7891524398283633,0.9999955785910568,0,0,0.6848318713450292,0.1621652905868272,THEM4;FLT3LG
Reactome_2022,Chromatin Modifying Enzymes R-HSA-3247509,12/238,0.7892608694022214,0.9999955785910568,0,0,0.8169770615946814,0.193344467753125,H2AX;ING4;H2BC12;HDAC3;KAT5;H2AC6;CDK4;KANSL2;TAF10;H2BC11;RPS2;JADE2
Reactome_2022,Opioid Signaling R-HSA-111885,4/88,0.7913412934210045,0.9999955785910568,0,0,0.7334274731309328,0.1716410490160488,CAMK2B;CAMK2D;PRKAR1B;CAMKK1
Reactome_2022,Cell Recruitment (Pro-Inflammatory Response) R-HSA-9664424,1/25,0.7923292103591816,0.9999955785910568,0,0,0.6422213092303478,0.1494951870839969,PYCARD
Reactome_2022,Defective HDR Thru Homologous Recombination (HRR) Due To BRCA1 Loss-Of-Function R-HSA-9701192,1/25,0.7923292103591816,0.9999955785910568,0,0,0.6422213092303478,0.1494951870839969,KAT5
Reactome_2022,Fertilization R-HSA-1187000,1/25,0.7923292103591816,0.9999955785910568,0,0,0.6422213092303478,0.1494951870839969,IZUMO4
Reactome_2022,NOTCH3 Activation And Transmission Of Signal To Nucleus R-HSA-9013507,1/25,0.7923292103591816,0.9999955785910568,0,0,0.6422213092303478,0.1494951870839969,NEURL1
Reactome_2022,NOTCH3 Intracellular Domain Regulates Transcription R-HSA-9013508,1/25,0.7923292103591816,0.9999955785910568,0,0,0.6422213092303478,0.1494951870839969,HEY2
Reactome_2022,Polymerase Switching On C-strand Of Telomere R-HSA-174411,1/25,0.7923292103591816,0.9999955785910568,0,0,0.6422213092303478,0.1494951870839969,CTC1
Reactome_2022,Signaling By ERBB2 In Cancer R-HSA-1227990,1/25,0.7923292103591816,0.9999955785910568,0,0,0.6422213092303478,0.1494951870839969,BTC
Reactome_2022,RHOA GTPase Cycle R-HSA-8980692,7/147,0.7983843028887364,0.9999955785910568,0,0,0.7696944673823286,0.1733084201467529,PREX1;STK10;MCAM;ARHGEF17;PCDH7;DLC1;ARHGDIB
Reactome_2022,Glycolysis R-HSA-70171,3/69,0.79960251500003,0.9999955785910568,0,0,0.7001870557426113,0.1565902049723091,ALDOC;ENO2;PFKP
Reactome_2022,Loss Of Nlp From Mitotic Centrosomes R-HSA-380259,3/69,0.79960251500003,0.9999955785910568,0,0,0.7001870557426113,0.1565902049723091,TUBA1A;DCTN3;TUBB4B
Reactome_2022,GAG Synthesis Requires Tetrasaccharide Linker Sequence R-HSA-1971475,1/26,0.8049920965759397,0.9999955785910568,0,0,0.6164995891536565,0.1337328291182096,SDC2
Reactome_2022,APC-Cdc20 Mediated Degradation Of Nek2A R-HSA-179409,1/26,0.8049920965759397,0.9999955785910568,0,0,0.6164995891536565,0.1337328291182096,UBE2S
Reactome_2022,Attenuation Phase R-HSA-3371568,1/26,0.8049920965759397,0.9999955785910568,0,0,0.6164995891536565,0.1337328291182096,HSF1
Reactome_2022,Calnexin/calreticulin Cycle R-HSA-901042,1/26,0.8049920965759397,0.9999955785910568,0,0,0.6164995891536565,0.1337328291182096,AMFR
Reactome_2022,Caspase Activation Via Extrinsic Apoptotic Signaling Pathway R-HSA-5357769,1/26,0.8049920965759397,0.9999955785910568,0,0,0.6164995891536565,0.1337328291182096,NDUFA2
Reactome_2022,Constitutive Signaling By AKT1 E17K In Cancer R-HSA-5674400,1/26,0.8049920965759397,0.9999955785910568,0,0,0.6164995891536565,0.1337328291182096,BAD
Reactome_2022,FGFR2 Alternative Splicing R-HSA-6803529,1/26,0.8049920965759397,0.9999955785910568,0,0,0.6164995891536565,0.1337328291182096,POLR2G
Reactome_2022,Metal Ion SLC Transporters R-HSA-425410,1/26,0.8049920965759397,0.9999955785910568,0,0,0.6164995891536565,0.1337328291182096,SLC40A1
Reactome_2022,RNA Polymerase III Transcription Initiation From Type 2 Promoter R-HSA-76066,1/26,0.8049920965759397,0.9999955785910568,0,0,0.6164995891536565,0.1337328291182096,GTF3C3
Reactome_2022,Mitotic Prometaphase R-HSA-68877,9/186,0.8054666208599226,0.9999955785910568,0,0,0.7824788661311352,0.1692764045057509,MZT2B;CENPT;RPS27;TUBA1A;NUMA1;DCTN3;CENPM;TUBB4B;AURKB
Reactome_2022,Mitotic Spindle Checkpoint R-HSA-69618,5/110,0.8072086958271494,0.9999955785910568,0,0,0.7332077101244455,0.157033322155488,CENPT;RPS27;UBE2S;CENPM;AURKB
Reactome_2022,Signaling By EGFR R-HSA-177929,2/49,0.808133619647679,0.9999955785910568,0,0,0.6556201007838746,0.1396653491948531,BTC;AREG
Reactome_2022,Signaling By NOTCH3 R-HSA-9012852,2/49,0.808133619647679,0.9999955785910568,0,0,0.6556201007838746,0.1396653491948531,HEY2;NEURL1
Reactome_2022,Deubiquitination R-HSA-5688426,14/279,0.8086270109584881,0.9999955785910568,0,0,0.8125054848617815,0.1725903982401793,H2AC6;SIAH2;TAF10;GATA3;AREG;PSMB8;PSMB10;DDB2;PSMB9;H2BC12;UCHL1;MYC;H2BC11;TP53
Reactome_2022,Response To Elevated Platelet Cytosolic Ca2+ R-HSA-76005,6/130,0.8105360998279417,0.9999955785910568,0,0,0.7448898115618013,0.1564711058424881,TF;SCCPDH;VWF;SFTPA2;PCDH7;PDGFA
Reactome_2022,GPCR Downstream Signaling R-HSA-388396,33/619,0.8113028943558604,0.9999955785910568,0,0,0.8647168099537738,0.1808242284596109,OPRD1;GPSM1;CAMK2B;CAMK2D;VIPR2;SFTPA2;GPR68;DGKA;PTGER3;OPRL1;ADM;TRH;GRPR;CAMKK1;HEBP1;PREX1;CYSLTR1;GRK3;CCL5;GPER1;CHGA;P2RY10;ANXA1;ARHGEF37;ARHGEF39;ARHGEF17;NPY1R;ADRA2A;GPR143;PRKAR1B;LPAR6;RGS9BP;RGS11
Reactome_2022,HCMV Late Events R-HSA-9610379,4/91,0.8124482182133705,0.9999955785910568,0,0,0.7080232536120737,0.1470586234003972,H2BC12;H2AC6;H2BC11;VPS28
Reactome_2022,ATF4 Activates Genes In Response To Endoplasmic Reticulum Stress R-HSA-380994,1/27,0.816883441493938,0.9999955785910568,0,0,0.5927564629290184,0.1198902469061083,EXOSC5
Reactome_2022,Effects Of PIP2 Hydrolysis R-HSA-114508,1/27,0.816883441493938,0.9999955785910568,0,0,0.5927564629290184,0.1198902469061083,DGKA
Reactome_2022,Endogenous Sterols R-HSA-211976,1/27,0.816883441493938,0.9999955785910568,0,0,0.5927564629290184,0.1198902469061083,FDX2
Reactome_2022,FLT3 Signaling In Disease R-HSA-9682385,1/27,0.816883441493938,0.9999955785910568,0,0,0.5927564629290184,0.1198902469061083,FLT3LG
Reactome_2022,Insulin Processing R-HSA-264876,1/27,0.816883441493938,0.9999955785910568,0,0,0.5927564629290184,0.1198902469061083,KIF5C
Reactome_2022,Integrin Signaling R-HSA-354192,1/27,0.816883441493938,0.9999955785910568,0,0,0.5927564629290184,0.1198902469061083,VWF
Reactome_2022,Interleukin Receptor SHC Signaling R-HSA-912526,1/27,0.816883441493938,0.9999955785910568,0,0,0.5927564629290184,0.1198902469061083,IL2RB
Reactome_2022,RNA Pol II CTD Phosphorylation And Interaction With CE R-HSA-77075,1/27,0.816883441493938,0.9999955785910568,0,0,0.5927564629290184,0.1198902469061083,POLR2G
Reactome_2022,RNA Polymerase III Transcription Initiation From Type 1 Promoter R-HSA-76061,1/27,0.816883441493938,0.9999955785910568,0,0,0.5927564629290184,0.1198902469061083,GTF3C3
Reactome_2022,Signaling By BMP R-HSA-201451,1/27,0.816883441493938,0.9999955785910568,0,0,0.5927564629290184,0.1198902469061083,FSTL1
Reactome_2022,VEGFR2 Mediated Vascular Permeability R-HSA-5218920,1/27,0.816883441493938,0.9999955785910568,0,0,0.5927564629290184,0.1198902469061083,THEM4
Reactome_2022,Cargo Trafficking To Periciliary Membrane R-HSA-5620920,2/50,0.8170411834512575,0.9999955785910568,0,0,0.6419270833333334,0.1297114950325434,BBS1;PTGES2
Reactome_2022,Extension Of Telomeres R-HSA-180786,2/50,0.8170411834512575,0.9999955785910568,0,0,0.6419270833333334,0.1297114950325434,CTC1;TERT
Reactome_2022,Golgi-to-ER Retrograde Transport R-HSA-8856688,5/112,0.8194450080179772,0.9999955785910568,0,0,0.7194258461680703,0.1432578208020837,KIFC2;KIF5C;PTGES2;DCTN3;BICD1
Reactome_2022,MyD88:MAL(TIRAP) Cascade Initiated On Plasma Membrane R-HSA-166058,5/112,0.8194450080179772,0.9999955785910568,0,0,0.7194258461680703,0.1432578208020837,NDUFA2;NLRC5;FOS;ECSIT;TP53
Reactome_2022,Separation Of Sister Chromatids R-HSA-2467813,8/170,0.8195010397047886,0.9999955785910568,0,0,0.7599224568921539,0.1512698694895498,CENPT;RPS27;UBE2S;CENPM;AURKB;PSMB10;PSMB8;PSMB9
Reactome_2022,AURKA Activation By TPX2 R-HSA-8854518,3/72,0.8224384710336706,0.9999955785910568,0,0,0.6696367865449991,0.1309016747348067,TUBA1A;DCTN3;TUBB4B
Reactome_2022,Transmission Across Chemical Synapses R-HSA-112315,12/246,0.8239286348365802,0.9999955785910568,0,0,0.7887060424373857,0.1527497726925427,CACNB1;CAMK2B;CAMK2D;PRKAR1B;GRIK4;LIN7A;MAPT;SLC6A3;CAMKK1;AP2M1;CACNG4;NRGN
Reactome_2022,Unattached Kinetochores Signal Amplification Via A MAD2 Inhibitory Signal R-HSA-141444,4/93,0.8255246649109056,0.9999955785910568,0,0,0.692038576162005,0.1326888034662386,CENPT;RPS27;CENPM;AURKB
Reactome_2022,IRS-related Events Triggered By IGF1R R-HSA-2428928,2/51,0.8255765156386904,0.9999955785910568,0,0,0.6287929645542427,0.1205228413114733,FLT3LG;THEM4
Reactome_2022,Synthesis Of PIPs At Plasma Membrane R-HSA-1660499,2/51,0.8255765156386904,0.9999955785910568,0,0,0.6287929645542427,0.1205228413114733,MTMR14;INPP5J
Reactome_2022,Transcriptional Activity Of SMAD2/SMAD3:SMAD4 Heterotrimer R-HSA-2173793,2/51,0.8255765156386904,0.9999955785910568,0,0,0.6287929645542427,0.1205228413114733,MYC;E2F4
Reactome_2022,ER To Golgi Anterograde Transport R-HSA-199977,6/133,0.8271508862903069,0.9999955785910568,0,0,0.7271770484135027,0.1379950435131559,TRAPPC6A;TRAPPC2L;PTGES2;COG4;DCTN3;AREG
Reactome_2022,"Adrenaline,noradrenaline Inhibits Insulin Secretion R-HSA-400042",1/28,0.8280502180953385,0.9999955785910568,0,0,0.5707720867950942,0.107694120117106,ADRA2A
Reactome_2022,Digestion And Absorption R-HSA-8963743,1/28,0.8280502180953385,0.9999955785910568,0,0,0.5707720867950942,0.107694120117106,ALPP
Reactome_2022,Downstream Signal Transduction R-HSA-186763,1/28,0.8280502180953385,0.9999955785910568,0,0,0.5707720867950942,0.107694120117106,PDGFA
Reactome_2022,Keratan Sulfate Biosynthesis R-HSA-2022854,1/28,0.8280502180953385,0.9999955785910568,0,0,0.5707720867950942,0.107694120117106,FMOD
Reactome_2022,Mitophagy R-HSA-5205647,1/28,0.8280502180953385,0.9999955785910568,0,0,0.5707720867950942,0.107694120117106,MAP1LC3A
Reactome_2022,Notch-HLH Transcription Pathway R-HSA-350054,1/28,0.8280502180953385,0.9999955785910568,0,0,0.5707720867950942,0.107694120117106,HDAC3
Reactome_2022,Cellular Response To Hypoxia R-HSA-1234174,3/73,0.8295406938934491,0.9999955785910568,0,0,0.6600352733686067,0.1233494460584429,PSMB10;PSMB8;PSMB9
Reactome_2022,Cell Surface Interactions At Vascular Wall R-HSA-202733,6/134,0.8324240595946814,0.9999955785910568,0,0,0.721457301980198,0.1323248508535536,SDC2;CEACAM21;ESAM;FYN;CD47;CD44
Reactome_2022,IGF1R Signaling Cascade R-HSA-2428924,2/52,0.8337518730402931,0.9999955785910568,0,0,0.6161842105263158,0.1120342651553766,FLT3LG;THEM4
Reactome_2022,RHOD GTPase Cycle R-HSA-9013405,2/52,0.8337518730402931,0.9999955785910568,0,0,0.6161842105263158,0.1120342651553766,HINT2;MCAM
Reactome_2022,Signaling By Hedgehog R-HSA-5358351,6/135,0.8375674399639522,0.9999955785910568,0,0,0.7158262337861693,0.1268827004590858,SCUBE2;PRKAR1B;KIF7;PSMB10;PSMB8;PSMB9
Reactome_2022,Activation Of Kainate Receptors Upon Glutamate Binding R-HSA-451326,1/29,0.8385365420031421,0.9999955785910568,0,0,0.5503580232421645,0.0969164620153726,GRIK4
Reactome_2022,Adherens Junctions Interactions R-HSA-418990,1/29,0.8385365420031421,0.9999955785910568,0,0,0.5503580232421645,0.0969164620153726,CADM2
Reactome_2022,Budding And Maturation Of HIV Virion R-HSA-162588,1/29,0.8385365420031421,0.9999955785910568,0,0,0.5503580232421645,0.0969164620153726,VPS28
Reactome_2022,EGR2 And SOX10-mediated Initiation Of Schwann Cell Myelination R-HSA-9619665,1/29,0.8385365420031421,0.9999955785910568,0,0,0.5503580232421645,0.0969164620153726,NAB2
Reactome_2022,Energy Dependent Regulation Of mTOR By LKB1-AMPK R-HSA-380972,1/29,0.8385365420031421,0.9999955785910568,0,0,0.5503580232421645,0.0969164620153726,LAMTOR1
Reactome_2022,FCERI Mediated MAPK Activation R-HSA-2871796,1/29,0.8385365420031421,0.9999955785910568,0,0,0.5503580232421645,0.0969164620153726,FOS
Reactome_2022,"FOXO-mediated Transcription Of Oxidative Stress, Metabolic And Neuronal Genes R-HSA-9615017",1/29,0.8385365420031421,0.9999955785910568,0,0,0.5503580232421645,0.0969164620153726,FBXO32
Reactome_2022,HSF1 Activation R-HSA-3371511,1/29,0.8385365420031421,0.9999955785910568,0,0,0.5503580232421645,0.0969164620153726,HSF1
Reactome_2022,Processing Of Capped Intronless Pre-mRNA R-HSA-75067,1/29,0.8385365420031421,0.9999955785910568,0,0,0.5503580232421645,0.0969164620153726,COLEC12
Reactome_2022,Regulation Of TP53 Activity Thru Acetylation R-HSA-6804758,1/29,0.8385365420031421,0.9999955785910568,0,0,0.5503580232421645,0.0969164620153726,TP53
Reactome_2022,mRNA Capping R-HSA-72086,1/29,0.8385365420031421,0.9999955785910568,0,0,0.5503580232421645,0.0969164620153726,POLR2G
Reactome_2022,Heparan Sulfate/Heparin (HS-GAG) Metabolism R-HSA-1638091,2/53,0.8415794014241531,0.9999955785910568,0,0,0.6040699174406605,0.1041869063310515,SDC2;SGSH
Reactome_2022,Insulin Receptor Signaling Cascade R-HSA-74751,2/53,0.8415794014241531,0.9999955785910568,0,0,0.6040699174406605,0.1041869063310515,FLT3LG;THEM4
Reactome_2022,Signaling By Type 1 Insulin-like Growth Factor 1 Receptor (IGF1R) R-HSA-2404192,2/53,0.8415794014241531,0.9999955785910568,0,0,0.6040699174406605,0.1041869063310515,FLT3LG;THEM4
Reactome_2022,ISG15 Antiviral Mechanism R-HSA-1169408,3/75,0.8430155313704674,0.9999955785910568,0,0,0.6416323731138546,0.1095714944115977,HERC5;MX1;ISG15
Reactome_2022,HCMV Early Events R-HSA-9609690,4/96,0.843714396690293,0.9999955785910568,0,0,0.6693646586920707,0.1137526562285971,H2BC12;HDAC3;H2AC6;H2BC11
Reactome_2022,MyD88 Cascade Initiated On Plasma Membrane R-HSA-975871,4/96,0.843714396690293,0.9999955785910568,0,0,0.6693646586920707,0.1137526562285971,NLRC5;FOS;ECSIT;TP53
Reactome_2022,Endosomal Sorting Complex Required For Transport (ESCRT) R-HSA-917729,1/30,0.8483838447892401,0.9999955785910568,0,0,0.5313518261411612,0.087365982267739,VPS28
Reactome_2022,HS-GAG Biosynthesis R-HSA-2022928,1/30,0.8483838447892401,0.9999955785910568,0,0,0.5313518261411612,0.087365982267739,SDC2
Reactome_2022,MAPK Targets/ Nuclear Events Mediated By MAP Kinases R-HSA-450282,1/30,0.8483838447892401,0.9999955785910568,0,0,0.5313518261411612,0.087365982267739,FOS
Reactome_2022,Synthesis Of Active Ubiquitin: Roles Of E1 And E2 Enzymes R-HSA-8866652,1/30,0.8483838447892401,0.9999955785910568,0,0,0.5313518261411612,0.087365982267739,UBE2S
Reactome_2022,Transcriptional Regulation Of Pluripotent Stem Cells R-HSA-452723,1/30,0.8483838447892401,0.9999955785910568,0,0,0.5313518261411612,0.087365982267739,SALL4
Reactome_2022,Translation Of Structural Proteins R-HSA-9683701,1/30,0.8483838447892401,0.9999955785910568,0,0,0.5313518261411612,0.087365982267739,PARP14
Reactome_2022,EML4 And NUDC In Mitotic Spindle Formation R-HSA-9648025,4/97,0.8494118778820774,0.9999955785910568,0,0,0.6621317602876832,0.108067237944782,CENPT;RPS27;CENPM;AURKB
Reactome_2022,Synthesis Of DNA R-HSA-69239,5/119,0.8574098598975355,0.9999955785910568,0,0,0.6749974689402815,0.103841087580085,CDT1;UBE2S;PSMB10;PSMB8;PSMB9
Reactome_2022,Activated NOTCH1 Transmits Signal To Nucleus R-HSA-2122948,1/31,0.8576310372901597,0.9999955785910568,0,0,0.5136127088468913,0.0788813067253418,NEURL1
Reactome_2022,Antigen Activates B Cell Receptor Leading To Second Messenger Generation R-HSA-983695,1/31,0.8576310372901597,0.9999955785910568,0,0,0.5136127088468913,0.0788813067253418,FYN
Reactome_2022,Diseases Associated With TLR Signaling Cascade R-HSA-5602358,1/31,0.8576310372901597,0.9999955785910568,0,0,0.5136127088468913,0.0788813067253418,NDUFA2
Reactome_2022,Late Endosomal Microautophagy R-HSA-9615710,1/31,0.8576310372901597,0.9999955785910568,0,0,0.5136127088468913,0.0788813067253418,VPS28
Reactome_2022,Metalloprotease DUBs R-HSA-5689901,1/31,0.8576310372901597,0.9999955785910568,0,0,0.5136127088468913,0.0788813067253418,H2AC6
Reactome_2022,Pausing And Recovery Of Tat-mediated HIV Elongation R-HSA-167238,1/31,0.8576310372901597,0.9999955785910568,0,0,0.5136127088468913,0.0788813067253418,POLR2G
Reactome_2022,Transferrin Endocytosis And Recycling R-HSA-917977,1/31,0.8576310372901597,0.9999955785910568,0,0,0.5136127088468913,0.0788813067253418,TF
Reactome_2022,CLEC7A (Dectin-1) Signaling R-HSA-5607764,4/99,0.8602802268032866,0.9999955785910568,0,0,0.6481227781149744,0.0975405970533911,PYCARD;PSMB10;PSMB8;PSMB9
Reactome_2022,Cellular Response To Heat Stress R-HSA-3371556,4/99,0.8602802268032866,0.9999955785910568,0,0,0.6481227781149744,0.0975405970533911,CAMK2B;CAMK2D;HSPB8;HSF1
Reactome_2022,Toll Like Receptor 4 (TLR4) Cascade R-HSA-166016,6/140,0.8613999789004828,0.9999955785910568,0,0,0.6889315797251367,0.1027860639062142,NDUFA2;NLRC5;SARM1;FOS;ECSIT;TP53
Reactome_2022,COPI-dependent Golgi-to-ER Retrograde Traffic R-HSA-6811434,3/78,0.8614931005051477,0.9999955785910568,0,0,0.6158683127572017,0.0918187177373594,KIFC2;KIF5C;PTGES2
Reactome_2022,FCERI Mediated NF-kB Activation R-HSA-2871837,3/78,0.8614931005051477,0.9999955785910568,0,0,0.6158683127572017,0.0918187177373594,PSMB10;PSMB8;PSMB9
Reactome_2022,Glycosaminoglycan Metabolism R-HSA-1630316,5/120,0.8622483640407195,0.9999955785910568,0,0,0.6690920821534821,0.0991674251511784,SDC2;ABCC5;FMOD;CD44;SGSH
Reactome_2022,Signaling By Receptor Tyrosine Kinases R-HSA-9006934,25/496,0.8624072721794056,0.9999955785910568,0,0,0.8146868765605452,0.1205961808681657,HDAC3;NAB2;PDGFA;AREG;MYC;THEM4;PTK2B;FYN;POLR2G;APOE;AP2M1;EGR1;MATK;FLT3LG;FOS;BTC;TF;KITLG;COL4A3;ID3;COL4A5;COL6A3;PGR;TRIB1;MUC20
Reactome_2022,Activation Of Pre-Replicative Complex R-HSA-68962,1/32,0.8663146630096629,0.9999955785910568,0,0,0.4970180507328968,0.0713256112609003,CDT1
Reactome_2022,Cargo Concentration In ER R-HSA-5694530,1/32,0.8663146630096629,0.9999955785910568,0,0,0.4970180507328968,0.0713256112609003,AREG
Reactome_2022,GPVI-mediated Activation Cascade R-HSA-114604,1/32,0.8663146630096629,0.9999955785910568,0,0,0.4970180507328968,0.0713256112609003,FYN
Reactome_2022,Glucagon Signaling In Metabolic Regulation R-HSA-163359,1/32,0.8663146630096629,0.9999955785910568,0,0,0.4970180507328968,0.0713256112609003,PRKAR1B
Reactome_2022,PERK Regulates Gene Expression R-HSA-381042,1/32,0.8663146630096629,0.9999955785910568,0,0,0.4970180507328968,0.0713256112609003,EXOSC5
Reactome_2022,Signaling By NOTCH2 R-HSA-1980145,1/32,0.8663146630096629,0.9999955785910568,0,0,0.4970180507328968,0.0713256112609003,NEURL1
Reactome_2022,Termination Of Translesion DNA Synthesis R-HSA-5656169,1/32,0.8663146630096629,0.9999955785910568,0,0,0.4970180507328968,0.0713256112609003,ISG15
Reactome_2022,HCMV Infection R-HSA-9609646,5/121,0.8669483057573363,0.9999955785910568,0,0,0.6632885123802484,0.094701633052555,H2BC12;HDAC3;H2AC6;H2BC11;VPS28
Reactome_2022,Downstream Signaling Events Of B Cell Receptor (BCR) R-HSA-1168372,3/79,0.8672136398299402,0.9999955785910568,0,0,0.6077322936972059,0.0865835711637334,PSMB10;PSMB8;PSMB9
Reactome_2022,Intra-Golgi And Retrograde Golgi-to-ER Traffic R-HSA-6811442,8/181,0.8674284105077124,0.9999955785910568,0,0,0.7111832990971194,0.1011461205911912,KIFC2;KIF5C;ALPP;PTGES2;COG4;DCTN3;MAN1A1;BICD1
Reactome_2022,Cellular Response To Chemical Stress R-HSA-9711123,8/182,0.87121946791881,0.9999955785910568,0,0,0.7070580412273202,0.0974759842352019,HDAC3;CDKN2A;MYC;TRIM21;SOD3;PSMB10;PSMB8;PSMB9
Reactome_2022,COPI-mediated Anterograde Transport R-HSA-6807878,3/80,0.8727248005353957,0.9999955785910568,0,0,0.5998075998075998,0.0816548118275222,PTGES2;COG4;DCTN3
Reactome_2022,Citric Acid (TCA) Cycle And Respiratory Electron Transport R-HSA-1428517,7/163,0.8740927213360847,0.9999955785910568,0,0,0.6901585890025196,0.0928738272581795,GSTZ1;LDHA;ADHFE1;ACAD9;NDUFA2;DLST;ECSIT
Reactome_2022,Amino Acid Transport Across Plasma Membrane R-HSA-352230,1/33,0.8744690415712819,0.9999955785910568,0,0,0.4814605587510271,0.0645823424857592,SLC7A2
Reactome_2022,FGFR2 Mutant Receptor Activation R-HSA-1839126,1/33,0.8744690415712819,0.9999955785910568,0,0,0.4814605587510271,0.0645823424857592,POLR2G
Reactome_2022,Formation Of Early Elongation Complex R-HSA-113418,1/33,0.8744690415712819,0.9999955785910568,0,0,0.4814605587510271,0.0645823424857592,POLR2G
Reactome_2022,Glucagon-type Ligand Receptors R-HSA-420092,1/33,0.8744690415712819,0.9999955785910568,0,0,0.4814605587510271,0.0645823424857592,VIPR2
Reactome_2022,HIV Elongation Arrest And Recovery R-HSA-167287,1/33,0.8744690415712819,0.9999955785910568,0,0,0.4814605587510271,0.0645823424857592,POLR2G
Reactome_2022,Keratan Sulfate/Keratin Metabolism R-HSA-1638074,1/33,0.8744690415712819,0.9999955785910568,0,0,0.4814605587510271,0.0645823424857592,FMOD
Reactome_2022,NOD1/2 Signaling Pathway R-HSA-168638,1/33,0.8744690415712819,0.9999955785910568,0,0,0.4814605587510271,0.0645823424857592,CASP4
Reactome_2022,Plasma Lipoprotein Remodeling R-HSA-8963899,1/33,0.8744690415712819,0.9999955785910568,0,0,0.4814605587510271,0.0645823424857592,APOE
Reactome_2022,Sialic Acid Metabolism R-HSA-4085001,1/33,0.8744690415712819,0.9999955785910568,0,0,0.4814605587510271,0.0645823424857592,ST8SIA6
Reactome_2022,Signaling By High-Kinase Activity BRAF Mutants R-HSA-6802948,1/33,0.8744690415712819,0.9999955785910568,0,0,0.4814605587510271,0.0645823424857592,VWF
Reactome_2022,Telomere C-strand (Lagging Strand) Synthesis R-HSA-174417,1/33,0.8744690415712819,0.9999955785910568,0,0,0.4814605587510271,0.0645823424857592,CTC1
Reactome_2022,Late SARS-CoV-2 Infection Events R-HSA-9772573,2/58,0.8759132557034989,0.9999955785910568,0,0,0.5499882518796992,0.0728669623776104,ZDHHC8;PARP14
Reactome_2022,Transcriptional Regulation By RUNX1 R-HSA-8878171,9/204,0.8798360174257522,0.9999955785910568,0,0,0.7095628936820004,0.0908380519889875,H2AX;H2BC12;LGALS3;H2AC6;H2BC11;GATA3;PSMB8;PSMB10;PSMB9
Reactome_2022,Toll Like Receptor 3 (TLR3) Cascade R-HSA-168164,4/103,0.8800156617835674,0.9999955785910568,0,0,0.6218028722147338,0.0794760911432094,NLRC5;SARM1;FOS;TP53
Reactome_2022,Anti-inflammatory Response Favoring Leishmania Infection R-HSA-9662851,7/165,0.8816524735142056,0.9999955785910568,0,0,0.6813492353845029,0.0858209247502611,CHGA;CYSLTR1;VIPR2;PRKAR1B;ADM;FYN;TARP
Reactome_2022,Iron Uptake And Transport R-HSA-917937,2/59,0.8818991351981817,0.9999955785910568,0,0,0.5403104801477377,0.0679049182946262,TF;SLC40A1
Reactome_2022,Detoxification Of Reactive Oxygen Species R-HSA-3299685,1/34,0.882126404510141,0.9999955785910568,0,0,0.4668459450710888,0.0585517799033902,SOD3
Reactome_2022,Lysosome Vesicle Biogenesis R-HSA-432720,1/34,0.882126404510141,0.9999955785910568,0,0,0.4668459450710888,0.0585517799033902,CLTB
Reactome_2022,Asparagine N-linked Glycosylation R-HSA-446203,13/282,0.8828961186588813,0.9999955785910568,0,0,0.7424732758487714,0.0924733619924554,CHGA;TRAPPC2L;PTGES2;COG4;AMFR;DCTN3;AREG;TRAPPC6A;SLPI;FCSK;AMDHD2;ST8SIA6;MAN1A1
Reactome_2022,PI Metabolism R-HSA-1483255,3/82,0.8831426315420124,0.9999955785910568,0,0,0.584560087513674,0.0726424407750948,VAC14;MTMR14;INPP5J
Reactome_2022,MHC Class II Antigen Presentation R-HSA-2132295,4/104,0.8845546755043336,0.9999955785910568,0,0,0.6155518945634267,0.0755103369964904,KIF5C;DCTN3;AP2M1;HLA-DRB1
Reactome_2022,Inwardly Rectifying K+ Channels R-HSA-1296065,1/35,0.8893170218693414,0.9999955785910568,0,0,0.453091014548794,0.0531482565534968,KCNJ14
Reactome_2022,N-glycan Trimming In ER And Calnexin/Calreticulin Cycle R-HSA-532668,1/35,0.8893170218693414,0.9999955785910568,0,0,0.453091014548794,0.0531482565534968,AMFR
Reactome_2022,Nucleotide Catabolism R-HSA-8956319,1/35,0.8893170218693414,0.9999955785910568,0,0,0.453091014548794,0.0531482565534968,ENTPD3
Reactome_2022,RHOBTB GTPase Cycle R-HSA-9706574,1/35,0.8893170218693414,0.9999955785910568,0,0,0.453091014548794,0.0531482565534968,VIM
Reactome_2022,RNA Polymerase III Transcription Initiation R-HSA-76046,1/35,0.8893170218693414,0.9999955785910568,0,0,0.453091014548794,0.0531482565534968,GTF3C3
Reactome_2022,Vpr-mediated Nuclear Import Of PICs R-HSA-180910,1/35,0.8893170218693414,0.9999955785910568,0,0,0.453091014548794,0.0531482565534968,BANF1
Reactome_2022,SUMO E3 Ligases SUMOylate Target Proteins R-HSA-3108232,7/168,0.8922791981885904,0.9999955785910568,0,0,0.6685455785732237,0.0761982798416813,SP100;CDKN2A;RARA;PGR;TP53;AREG;AURKB
Reactome_2022,Ca2+ Pathway R-HSA-4086398,2/61,0.8930769922172188,0.9999955785910568,0,0,0.5219391168599464,0.0590221720054419,MYC;PRKG1
Reactome_2022,Selective Autophagy R-HSA-9663891,2/61,0.8930769922172188,0.9999955785910568,0,0,0.5219391168599464,0.0590221720054419,MAP1LC3A;HSF1
Reactome_2022,Resolution Of Sister Chromatid Cohesion R-HSA-2500257,4/106,0.8931853806924271,0.9999955785910568,0,0,0.6034176438285364,0.0681627367905136,CENPT;RPS27;CENPM;AURKB
Reactome_2022,DNA Damage Recognition In GG-NER R-HSA-5696394,1/37,0.902410001186212,0.9999955785910568,0,0,0.4278736419245869,0.0439367677566969,DDB2
Reactome_2022,Early SARS-CoV-2 Infection Events R-HSA-9772572,1/37,0.902410001186212,0.9999955785910568,0,0,0.4278736419245869,0.0439367677566969,SDC2
Reactome_2022,RHOV GTPase Cycle R-HSA-9013424,1/37,0.902410001186212,0.9999955785910568,0,0,0.4278736419245869,0.0439367677566969,PARD6A
Reactome_2022,Triglyceride Metabolism R-HSA-8979227,1/37,0.902410001186212,0.9999955785910568,0,0,0.4278736419245869,0.0439367677566969,PNPLA4
Reactome_2022,Fc Epsilon Receptor (FCERI) Signaling R-HSA-2454202,5/130,0.9034549398304108,0.9999955785910568,0,0,0.615234954657873,0.0624642162271393,FYN;FOS;PSMB10;PSMB8;PSMB9
Reactome_2022,G Alpha (Q) Signaling Events R-HSA-416476,9/212,0.9044630915067344,0.9999955785910568,0,0,0.6813064577247002,0.0684125570237546,P2RY10;GPR143;CYSLTR1;ANXA1;LPAR6;GPR68;DGKA;TRH;GRPR
Reactome_2022,Signaling By B Cell Receptor (BCR) R-HSA-983705,4/109,0.9050692908977906,0.9999955785910568,0,0,0.5860829999215502,0.058458130104906,FYN;PSMB10;PSMB8;PSMB9
Reactome_2022,Diseases Of Signal Transduction By Growth Factor Receptors And Second Messengers R-HSA-5663202,20/424,0.9068045536404508,0.9999955785910568,0,0,0.75943404023207,0.0742941705098752,CAMK2B;CAMK2D;HDAC3;VWF;BAD;PDGFA;FLT3LG;AREG;PSMB8;PSMB10;PSMB9;BTC;EEF1G;KITLG;MYC;HEY2;NEURL1;FYN;POLR2G;ATG7
Reactome_2022,Interleukin-1 Family Signaling R-HSA-446652,6/152,0.9069774683553564,0.9999955785910568,0,0,0.6319001763190017,0.0616972615968311,IL1RN;NLRC5;TP53;PSMB10;PSMB8;PSMB9
Reactome_2022,Protein-protein Interactions At Synapses R-HSA-6794362,3/88,0.9099751577100332,0.9999955785910568,0,0,0.543122730573711,0.0512371007858364,SHARPIN;NLGN4X;LIN7A
Reactome_2022,G Alpha (S) Signaling Events R-HSA-418555,6/153,0.9101145605544452,0.9999955785910568,0,0,0.627567858826699,0.0591073511837609,CHGA;GRK3;VIPR2;PRKAR1B;GPER1;ADM
Reactome_2022,Metabolism Of Steroids R-HSA-8957322,6/153,0.9101145605544452,0.9999955785910568,0,0,0.627567858826699,0.0591073511837609,CHGA;STARD5;CD163L1;FDX2;HSD17B14;LRP2
Reactome_2022,SUMOylation R-HSA-2990846,7/174,0.9111292712061844,0.9999955785910568,0,0,0.6443182998165519,0.0599670208160763,SP100;CDKN2A;RARA;PGR;TP53;AREG;AURKB
Reactome_2022,Peptide Hormone Metabolism R-HSA-2980736,3/89,0.9138610172477478,0.9999955785910568,0,0,0.5367786391042205,0.0483512908434316,CHGA;AOPEP;KIF5C
Reactome_2022,RAB GEFs Exchange GTP For GDP On RABs R-HSA-8876198,3/89,0.9138610172477478,0.9999955785910568,0,0,0.5367786391042205,0.0483512908434316,TRAPPC6A;TRAPPC2L;RAB3IL1
Reactome_2022,Ovarian Tumor Domain Proteases R-HSA-5689896,1/39,0.9139552663411828,0.9999955785910568,0,0,0.405310729576612,0.0364672863157855,TP53
Reactome_2022,Translesion Synthesis By Y Family DNA Polymerases Bypasses Lesions On DNA Template R-HSA-110313,1/39,0.9139552663411828,0.9999955785910568,0,0,0.405310729576612,0.0364672863157855,ISG15
Reactome_2022,Ion Channel Transport R-HSA-983712,7/175,0.9139787483847148,0.9999955785910568,0,0,0.640448665015139,0.0576070502742509,CAMK2B;CAMK2D;ATP8B2;ATP10D;ATP1A4;ATP13A4;ANO2
Reactome_2022,Organelle Biogenesis And Maintenance R-HSA-1852241,12/275,0.9143118991744786,0.9999955785910568,0,0,0.7006412802905624,0.0627659117097332,BBS1;TUBA1A;HDAC3;PTGES2;TMEM216;DCTN3;KIF24;IFT80;B9D1;TUBB4B;IFT46;CC2D2A
Reactome_2022,Disorders Of Transmembrane Transporters R-HSA-5619115,7/176,0.9167491516254817,0.9999955785910568,0,0,0.6366248247084174,0.0553363194127733,SLC34A3;ABCD4;SLC40A1;SLC6A3;PSMB10;PSMB8;PSMB9
Reactome_2022,Respiratory Electron Transport R-HSA-611105,3/90,0.91759363403213,0.9999955785910568,0,0,0.5305803888179367,0.0456302587504038,ACAD9;NDUFA2;ECSIT
Reactome_2022,Neddylation R-HSA-8951664,10/237,0.9175939906495644,0.9999955785910568,0,0,0.6766563584911165,0.0581926242328752,COMMD9;ASB9;ASB13;FBXO10;FBXO32;PSMB8;PSMB10;DDB2;PSMB9;FBXO31
Reactome_2022,Collagen Degradation R-HSA-1442490,1/40,0.91920551211222,0.9999955785910568,0,0,0.3948970777237006,0.0332683238064123,COL12A1
Reactome_2022,RET Signaling R-HSA-8853659,1/40,0.91920551211222,0.9999955785910568,0,0,0.3948970777237006,0.0332683238064123,GFRA1
Reactome_2022,Signaling By TGF-beta Receptor Complex R-HSA-170834,3/91,0.9211781240162744,0.9999955785910568,0,0,0.5245230078563412,0.043064313816156,PARD6A;MYC;E2F4
Reactome_2022,Regulation Of TP53 Activity R-HSA-5633007,6/157,0.9217626723727766,0.9999955785910568,0,0,0.6108124057438856,0.0497613558751893,KAT5;CDKN2A;TAF10;TP53;AURKB;RAD9A
Reactome_2022,Dual Incision In GG-NER R-HSA-5696400,1/41,0.9241356387481992,0.9999955785910568,0,0,0.3850041084634347,0.0303754469718031,DDB2
Reactome_2022,MTOR Signaling R-HSA-165159,1/41,0.9241356387481992,0.9999955785910568,0,0,0.3850041084634347,0.0303754469718031,LAMTOR1
Reactome_2022,VEGFA-VEGFR2 Pathway R-HSA-4420097,3/93,0.927922643010955,0.9999955785910568,0,0,0.5128120713305898,0.0383618856950964,PTK2B;THEM4;FYN
Reactome_2022,Circadian Clock R-HSA-400253,2/69,0.9286394789395715,0.9999955785910568,0,0,0.4594216417910448,0.0340131387498528,PER1;HDAC3
Reactome_2022,Interleukin-17 Signaling R-HSA-448424,2/69,0.9286394789395715,0.9999955785910568,0,0,0.4594216417910448,0.0340131387498528,FOS;IL17RC
Reactome_2022,Transcription Of HIV Genome R-HSA-167172,2/69,0.9286394789395715,0.9999955785910568,0,0,0.4594216417910448,0.0340131387498528,TAF10;POLR2G
Reactome_2022,Deactivation Of Beta-Catenin Transactivating Complex R-HSA-3769402,1/42,0.928765149480849,0.9999955785910568,0,0,0.3755937230695232,0.0277561400345711,SOX6
Reactome_2022,Formation Of Incision Complex In GG-NER R-HSA-5696395,1/42,0.928765149480849,0.9999955785910568,0,0,0.3755937230695232,0.0277561400345711,DDB2
Reactome_2022,Glucagon-like Peptide-1 (GLP1) Regulates Insulin Secretion R-HSA-381676,1/42,0.928765149480849,0.9999955785910568,0,0,0.3755937230695232,0.0277561400345711,PRKAR1B
Reactome_2022,NS1 Mediated Effects On Host Pathways R-HSA-168276,1/42,0.928765149480849,0.9999955785910568,0,0,0.3755937230695232,0.0277561400345711,ISG15
Reactome_2022,Signaling By FGFR2 In Disease R-HSA-5655253,1/42,0.928765149480849,0.9999955785910568,0,0,0.3755937230695232,0.0277561400345711,POLR2G
Reactome_2022,Vasopressin Regulates Renal Water Homeostasis Via Aquaporins R-HSA-432040,1/42,0.928765149480849,0.9999955785910568,0,0,0.3755937230695232,0.0277561400345711,PRKAR1B
Reactome_2022,Formation Of HIV-1 Elongation Complex Containing HIV-1 Tat R-HSA-167200,1/43,0.9331123601946786,0.9999955785910568,0,0,0.366631451265798,0.025381769415839,POLR2G
Reactome_2022,"Transport Of Vitamins, Nucleosides, And Related Molecules R-HSA-425397",1/43,0.9331123601946786,0.9999955785910568,0,0,0.366631451265798,0.025381769415839,SLC25A6
Reactome_2022,Toll-like Receptor Cascades R-HSA-168898,6/162,0.9344477052727356,0.9999955785910568,0,0,0.591076415333841,0.0400747526664929,NDUFA2;NLRC5;SARM1;FOS;ECSIT;TP53
Reactome_2022,trans-Golgi Network Vesicle Budding R-HSA-199992,2/71,0.9355978274976496,0.9999955785910568,0,0,0.4460573989321129,0.0296938475992456,PTGES2;CLTB
Reactome_2022,RHO GTPase Cycle R-HSA-9012999,20/441,0.9359408359740996,0.9999955785910568,0,0,0.7280939332775529,0.0482020128083789,MCAM;PCDH7;ARHGEF39;ARHGEF17;WAS;NOXO1;PLD2;PREX1;STK10;SYDE1;TUBA1B;PARD6A;HINT2;DLC1;NOXA1;ARHGDIB;CDC42EP2;PTK2B;LAMTOR1;VIM
Reactome_2022,Signaling By TGFB Family Members R-HSA-9006936,4/119,0.9366474226686052,0.9999955785910568,0,0,0.5348327483704606,0.0350039212957264,PARD6A;MYC;E2F4;FSTL1
Reactome_2022,Bile Acid And Bile Salt Metabolism R-HSA-194068,1/45,0.9410276377416612,0.9999955785910568,0,0,0.3499290356315829,0.0212696558163681,STARD5
Reactome_2022,Formation Of HIV Elongation Complex In Absence Of HIV Tat R-HSA-167152,1/45,0.9410276377416612,0.9999955785910568,0,0,0.3499290356315829,0.0212696558163681,POLR2G
Reactome_2022,Heme Signaling R-HSA-9707616,1/45,0.9410276377416612,0.9999955785910568,0,0,0.3499290356315829,0.0212696558163681,HDAC3
Reactome_2022,SUMOylation Of DNA Replication Proteins R-HSA-4615885,1/45,0.9410276377416612,0.9999955785910568,0,0,0.3499290356315829,0.0212696558163681,AURKB
Reactome_2022,TBC/RABGAPs R-HSA-8854214,1/45,0.9410276377416612,0.9999955785910568,0,0,0.3499290356315829,0.0212696558163681,OPTN
Reactome_2022,Signaling By GPCR R-HSA-372790,33/689,0.941564950597296,0.9999955785910568,0,0,0.7694736029638778,0.0463315037755425,OPRD1;GPSM1;CAMK2B;CAMK2D;VIPR2;SFTPA2;GPR68;DGKA;PTGER3;OPRL1;ADM;TRH;GRPR;CAMKK1;HEBP1;PREX1;CYSLTR1;GRK3;CCL5;GPER1;CHGA;P2RY10;ANXA1;ARHGEF37;ARHGEF39;ARHGEF17;NPY1R;ADRA2A;GPR143;PRKAR1B;LPAR6;RGS9BP;RGS11
Reactome_2022,Rab Regulation Of Trafficking R-HSA-9007101,4/122,0.9440621423025553,0.9999955785910568,0,0,0.5211515371513138,0.0299991951350348,TRAPPC6A;TRAPPC2L;RAB3IL1;OPTN
Reactome_2022,XBP1(S) Activates Chaperone Genes R-HSA-381038,1/46,0.944627028266656,0.9999955785910568,0,0,0.3421345750022825,0.019489733178938,WIPI1
Reactome_2022,SLC Transporter Disorders R-HSA-5619102,3/99,0.9450987082574196,0.9999955785910568,0,0,0.4806069958847737,0.0271379083763936,SLC34A3;SLC40A1;SLC6A3
Reactome_2022,TNFR2 Non-Canonical NF-kB Pathway R-HSA-5668541,3/100,0.9475617927162452,0.9999955785910568,0,0,0.4756268295787196,0.0256187485949343,PSMB10;PSMB8;PSMB9
Reactome_2022,G Alpha (Z) Signaling Events R-HSA-418597,1/47,0.9480068896275522,0.9999955785910568,0,0,0.3346790039655604,0.0178696864819379,ADRA2A
Reactome_2022,Viral Messenger RNA Synthesis R-HSA-168325,1/47,0.9480068896275522,0.9999955785910568,0,0,0.3346790039655604,0.0178696864819379,POLR2G
Reactome_2022,Adaptive Immune System R-HSA-1280218,35/733,0.9488081803384878,0.9999955785910568,0,0,0.7665180312303962,0.0402794716469015,COLEC12;DCTN3;WAS;ASB13;TARP;PSMB10;HERC5;KIF5C;NCR3LG1;THEM4;FYN;ATG7;B2M;TRIM21;AP2M1;PRKG1;HERC6;BTN3A1;SIAH2;NDUFA2;BTN3A3;HLA-A;BTN3A2;FBXO10;FBXO32;HLA-F;PSMB8;PSMB9;FBXO31;UBOX5;UBE2S;ASB9;EVL;RBCK1;HLA-DRB1
Reactome_2022,Transcriptional Regulation By TP53 R-HSA-3700989,15/354,0.949638498758075,0.9999955785910568,0,0,0.6783557330861636,0.0350532825372338,BTG2;CDKN2A;TAF10;FOS;CDC25C;AURKB;DDB2;KAT5;AIFM2;POLR2G;LAMTOR1;E2F4;TP53;PRELID3A;RAD9A
Reactome_2022,SUMOylation Of DNA Damage Response And Repair Proteins R-HSA-3108214,2/76,0.950284944967952,0.9999955785910568,0,0,0.4158072546230441,0.0212034245309126,SP100;CDKN2A
Reactome_2022,DNA Damage Bypass R-HSA-73893,1/48,0.9511806006450184,0.9999955785910568,0,0,0.3275406912708264,0.01639384671154,ISG15
Reactome_2022,IRE1alpha Activates Chaperones R-HSA-381070,1/48,0.9511806006450184,0.9999955785910568,0,0,0.3275406912708264,0.01639384671154,WIPI1
Reactome_2022,Retrograde Transport At Trans-Golgi-Network R-HSA-6811440,1/48,0.9511806006450184,0.9999955785910568,0,0,0.3275406912708264,0.01639384671154,COG4
Reactome_2022,Signaling By VEGF R-HSA-194138,3/102,0.9521822594458724,0.9999955785910568,0,0,0.4659683252275844,0.0228318950726678,THEM4;PTK2B;FYN
Reactome_2022,Regulation Of Insulin Secretion R-HSA-422356,2/77,0.9528110023617228,0.9999955785910568,0,0,0.4102412280701754,0.0198305332341918,PRKAR1B;ADRA2A
Reactome_2022,Signaling By Insulin Receptor R-HSA-74752,2/77,0.9528110023617228,0.9999955785910568,0,0,0.4102412280701754,0.0198305332341918,FLT3LG;THEM4
Reactome_2022,mRNA Splicing - Minor Pathway R-HSA-72165,1/49,0.9541607254196808,0.9999955785910568,0,0,0.3206998082717063,0.0150482440673048,POLR2G
Reactome_2022,Aquaporin-mediated Transport R-HSA-445717,1/50,0.956959063002223,0.9999955785910568,0,0,0.3141381449868361,0.013820402397861,PRKAR1B
Reactome_2022,Chondroitin Sulfate/Dermatan Sulfate Metabolism R-HSA-1793185,1/50,0.956959063002223,0.9999955785910568,0,0,0.3141381449868361,0.013820402397861,SDC2
Reactome_2022,Neurotransmitter Release Cycle R-HSA-112310,1/50,0.956959063002223,0.9999955785910568,0,0,0.3141381449868361,0.013820402397861,LIN7A
Reactome_2022,GPCR Ligand Binding R-HSA-500792,20/458,0.956996225081388,0.9999955785910568,0,0,0.699186620013569,0.0307333296552691,OPRD1;CHGA;P2RY10;ANXA1;VIPR2;SFTPA2;GPR68;PTGER3;NPY1R;OPRL1;ADM;TRH;GRPR;ADRA2A;HEBP1;GPR143;CYSLTR1;LPAR6;CCL5;GPER1
Reactome_2022,RNA Polymerase II Pre-transcription Events R-HSA-674695,2/80,0.9596735044366472,0.9999955785910568,0,0,0.3943994601889338,0.0162343304944579,TAF10;POLR2G
Reactome_2022,TP53 Regulates Metabolic Genes R-HSA-5628897,2/81,0.9617403504729136,0.9999955785910568,0,0,0.3893862425049966,0.0151902574204513,LAMTOR1;TP53
Reactome_2022,ADORA2B Mediated Anti-Inflammatory Cytokine Production R-HSA-9660821,4/131,0.9617970814298435,0.9999955785910568,0,0,0.4839860421071748,0.018852120076453,CHGA;VIPR2;PRKAR1B;ADM
Reactome_2022,Formation Of TC-NER Pre-Incision Complex R-HSA-6781823,1/52,0.9620540229671792,0.9999955785910568,0,0,0.301786778803551,0.0116745228424615,POLR2G
Reactome_2022,Metabolism Of Non-Coding RNA R-HSA-194441,1/52,0.9620540229671792,0.9999955785910568,0,0,0.301786778803551,0.0116745228424615,GEMIN5
Reactome_2022,SARS-CoV-1 Infection R-HSA-9678108,1/52,0.9620540229671792,0.9999955785910568,0,0,0.301786778803551,0.0116745228424615,PARP14
Reactome_2022,Transcriptional Activation Of Mitochondrial Biogenesis R-HSA-2151201,1/52,0.9620540229671792,0.9999955785910568,0,0,0.301786778803551,0.0116745228424615,HDAC3
Reactome_2022,Nuclear Envelope Breakdown R-HSA-2980766,1/53,0.9643708227386326,0.9999955785910568,0,0,0.2959673851210416,0.0107375154367104,BANF1
Reactome_2022,Sensory Processing Of Sound By Outer Hair Cells Of Cochlea R-HSA-9662361,1/53,0.9643708227386326,0.9999955785910568,0,0,0.2959673851210416,0.0107375154367104,FSCN2
Reactome_2022,Degradation Of Extracellular Matrix R-HSA-1474228,3/109,0.9655256130792336,0.9999955785910568,0,0,0.435033775914279,0.0152621373330002,CAPN9;COL12A1;CD44
Reactome_2022,Amino Acids Regulate mTORC1 R-HSA-9639288,1/55,0.9685889807538604,0.9999955785910568,0,0,0.2849751970540795,0.0090949621961329,LAMTOR1
Reactome_2022,ECM Proteoglycans R-HSA-3000178,1/55,0.9685889807538604,0.9999955785910568,0,0,0.2849751970540795,0.0090949621961329,FMOD
Reactome_2022,Signaling By ALK Fusions And Activated Point Mutants R-HSA-9725370,1/55,0.9685889807538604,0.9999955785910568,0,0,0.2849751970540795,0.0090949621961329,EEF1G
Reactome_2022,"Respiratory Electron Transport, ATP Synthesis By Chemiosmotic Coupling, Heat Production By Uncoupling Proteins R-HSA-163200",3/112,0.970094228521322,0.9999955785910568,0,0,0.4229924113716162,0.0128429249485872,ACAD9;NDUFA2;ECSIT
Reactome_2022,Chemokine Receptors Bind Chemokines R-HSA-380108,1/56,0.9705070491608042,0.9999955785910568,0,0,0.2797788899678793,0.0083756323454174,CCL5
Reactome_2022,Deadenylation-dependent mRNA Decay R-HSA-429914,1/56,0.9705070491608042,0.9999955785910568,0,0,0.2797788899678793,0.0083756323454174,EXOSC5
Reactome_2022,"Transport Of Bile Salts And Organic Acids, Metal Ions And Amine Compounds R-HSA-425366",2/86,0.9706375795108632,0.9999955785910568,0,0,0.3661105889724311,0.010910873516582,SLC40A1;SLC6A3
Reactome_2022,Cytoprotection By HMOX1 R-HSA-9707564,1/57,0.9723080741643476,0.9999955785910568,0,0,0.2747681652776147,0.007716197886697,HDAC3
Reactome_2022,tRNA Processing In Nucleus R-HSA-6784531,1/57,0.9723080741643476,0.9999955785910568,0,0,0.2747681652776147,0.007716197886697,COLEC12
Reactome_2022,Hemostasis R-HSA-109582,25/576,0.973960008994519,0.9999955785910568,0,0,0.6933594789934631,0.0182943139195519,SERPINE2;SFTPA2;DGKA;SDC2;PDGFA;GATA3;KIF5C;CEACAM21;FYN;PRKG1;S100A10;ANXA2;VWF;PCDH7;ITPK1;ADRA2A;TF;SCCPDH;PRKAR1B;KIFC2;IRF1;ESAM;CD47;TP53;CD44
Reactome_2022,Formation Of RNA Pol II Elongation Complex R-HSA-112382,1/58,0.9739991924747704,0.9999955785910568,0,0,0.269933255488763,0.0071113388226535,POLR2G
Reactome_2022,mRNA 3-End Processing R-HSA-72187,1/58,0.9739991924747704,0.9999955785910568,0,0,0.269933255488763,0.0071113388226535,COLEC12
Reactome_2022,"Platelet Activation, Signaling And Aggregation R-HSA-76002",9/254,0.974898156382707,0.9999955785910568,0,0,0.5632349217602673,0.0143187093713718,TF;SCCPDH;VWF;SFTPA2;DGKA;PCDH7;PDGFA;FYN;ADRA2A
Reactome_2022,Unfolded Protein Response (UPR) R-HSA-381119,2/89,0.9749796635668874,0.9999955785910568,0,0,0.3534293708408953,0.0089554288112854,EXOSC5;WIPI1
Reactome_2022,PPARA Activates Gene Expression R-HSA-1989781,3/116,0.9752999410246916,0.9999955785910568,0,0,0.4079318256309406,0.0102024661208029,HDAC3;CYP1A1;MED19
Reactome_2022,Regulation Of Lipid Metabolism By PPARalpha R-HSA-400206,3/118,0.9775679999231814,0.9999955785910568,0,0,0.4007944176060118,0.0090929930507225,HDAC3;CYP1A1;MED19
Reactome_2022,Signaling By FGFR In Disease R-HSA-1226099,1/61,0.9784781080714184,0.9999955785910568,0,0,0.2563955080799781,0.0055783625439038,POLR2G
Reactome_2022,Class B/2 (Secretin Family Receptors) R-HSA-373080,2/92,0.9786977981448068,0.9999955785910568,0,0,0.341593567251462,0.0073553185086375,VIPR2;ADM
Reactome_2022,Neuronal System R-HSA-112316,15/386,0.9793029539531172,0.9999955785910568,0,0,0.6187697871224903,0.0129410948004815,CAMK2B;CAMK2D;NLGN4X;KCNJ14;GRIK4;LIN7A;SLC6A3;CAMKK1;NRGN;CACNB1;SHARPIN;PRKAR1B;MAPT;AP2M1;CACNG4
Reactome_2022,MAP Kinase Activation R-HSA-450294,1/62,0.9797926567650178,0.9999955785910568,0,0,0.2521788326575697,0.0051480554612243,FOS
Reactome_2022,RAB Geranylgeranylation R-HSA-8873719,1/62,0.9797926567650178,0.9999955785910568,0,0,0.2521788326575697,0.0051480554612243,RAB17
Reactome_2022,Signaling By MET R-HSA-6806834,1/63,0.981026965412478,0.9999955785910568,0,0,0.2480981790229809,0.0047524030166062,MUC20
Reactome_2022,Gap-filling DNA Repair Synthesis And Ligation In TC-NER R-HSA-6782210,1/64,0.9821859280491758,0.9999955785910568,0,0,0.2441470699482203,0.0043884587291347,POLR2G
Reactome_2022,HIV Life Cycle R-HSA-162587,4/149,0.9827333782528266,0.9999955785910568,0,0,0.4234959950008521,0.007376211140266,TAF10;BANF1;POLR2G;VPS28
Reactome_2022,Dual Incision In TC-NER R-HSA-6782135,1/65,0.9832741403359848,0.9999955785910568,0,0,0.240319433032046,0.0040535439132365,POLR2G
Reactome_2022,FOXO-mediated Transcription R-HSA-9614085,1/65,0.9832741403359848,0.9999955785910568,0,0,0.240319433032046,0.0040535439132365,FBXO32
Reactome_2022,Signal Transduction R-HSA-162582,127/2465,0.984695789154878,0.9999955785910568,0,0,0.8187323140807556,0.0126269228650145,VIPR2;GPR68;DGKA;NAB2;WDR83;GRPR;PREX1;STK10;SYDE1;CYSLTR1;KAT5;MYC;SALL4;ARHGDIB;MAF1;SOX6;AP2M1;H2AC6;MATK;NPY1R;FLT3LG;CDC25C;BTC;MYL6;PRKAR1B;RGS9BP;COL4A3;COL4A5;PGR;RBCK1;TRIB1;TP53;PFN2;CRABP2;PDGFA;GATA3;RASAL3;PLD2;SCUBE2;GRK3;SHARPIN;TERT;THEM4;MYH14;APOE;EGR1;ARHGEF37;ARHGEF39;MCAM;GREB1;TF;RPS27;LPAR6;CDK4;NOXA1;BCL2;ID3;RGL3;MUC20;H2AX;GPSM1;LRRK2;CHURC1-FNTB;ARPC1B;CLTB;ADM;TRH;AREG;HEBP1;TUBA1B;HINT2;GPER1;HEY2;RACK1;PRKG1;ANXA1;VWF;ARHGEF17;GFRA1;FOS;KIF7;ADRA2A;H2BC12;RASA4;H2BC11;CDC42EP2;RARA;COL6A3;EVL;OPRD1;CAMK2B;CAMK2D;HDAC3;SFTPA2;PTGER3;ARPC4-TTLL3;WAS;OPRL1;NOXO1;RFNG;FSTL1;CAMKK1;AURKB;PSMB10;PARD6A;CCL5;PTK2B;FYN;POLR2G;E2F4;CENPT;CHGA;P2RY10;BAD;PCDH7;PSMB8;PSMB9;KITLG;GPR143;DLC1;IL2RB;NEURL1;CENPM;VIM;LAMTOR1;RGS11;LGR6
Reactome_2022,RNA Polymerase II Transcription Termination R-HSA-73856,1/67,0.985255313815747,0.9999955785910568,0,0,0.2330121261920769,0.0034612715341501,COLEC12
Reactome_2022,Sensory Processing Of Sound By Inner Hair Cells Of Cochlea R-HSA-9662360,1/67,0.985255313815747,0.9999955785910568,0,0,0.2330121261920769,0.0034612715341501,FSCN2
Reactome_2022,SLC-mediated Transmembrane Transport R-HSA-425407,8/247,0.9853054809965536,0.9999955785910568,0,0,0.5129637954286109,0.0075936866813704,SLC34A3;SLC24A3;SLC40A1;SLC25A10;SLC15A3;SLC6A3;SLC7A2;SLC25A6
Reactome_2022,L1CAM Interactions R-HSA-373760,2/99,0.985409553826886,0.9999955785910568,0,0,0.3168237927292457,0.0046566550493772,RPS6KA4;AP2M1
Reactome_2022,Transport Of Small Molecules R-HSA-382551,30/706,0.9880039173853142,0.9999955785910568,0,0,0.6763642340565418,0.0081627804044755,CAMK2B;CAMK2D;STOML2;SLC24A3;ATP10D;SLC40A1;ATP1A4;ZDHHC8;PHB2;SLC6A3;SLC7A2;PSMB10;CYB5R2;MB;APOE;SLC15A3;AP2M1;SLC34A3;ATP8B2;ABCC5;ABCA4;PSMB8;ANO2;PSMB9;TF;PRKAR1B;NPC2;ATP13A4;SLC25A10;SLC25A6
Reactome_2022,Keratinization R-HSA-6805567,6/208,0.9889283893136644,0.9999955785910568,0,0,0.4553475149495147,0.0050695465095232,CASP14;CDSN;PKP1;PKP3;PI3;KLK12
Reactome_2022,Signaling By FGFR2 R-HSA-5654738,1/72,0.9892419296871818,0.9999955785910568,0,0,0.2165449558484845,0.0023422274973217,POLR2G
Reactome_2022,Integration Of Energy Metabolism R-HSA-163685,2/105,0.9894841550385024,0.9999955785910568,0,0,0.2982722278998467,0.0031531929603348,PRKAR1B;ADRA2A
Reactome_2022,RNA Polymerase II Transcribes snRNA Genes R-HSA-6807505,1/74,0.9905165382242588,0.9999955785910568,0,0,0.2105897052036784,0.0020066495226063,POLR2G
Reactome_2022,Transport Of Mature mRNA Derived From An Intron-Containing Transcript R-HSA-159236,1/74,0.9905165382242588,0.9999955785910568,0,0,0.2105897052036784,0.0020066495226063,NXT1
Reactome_2022,Late Phase Of HIV Life Cycle R-HSA-162599,3/136,0.99074666997979,0.9999955785910568,0,0,0.3462173953402023,0.003218578173378,TAF10;POLR2G;VPS28
Reactome_2022,Nucleotide Excision Repair R-HSA-5696398,2/108,0.9910811986151834,0.9999955785910568,0,0,0.2897840119165839,0.0025961204744363,POLR2G;DDB2
Reactome_2022,Sensory Processing Of Sound R-HSA-9659379,1/75,0.9910960692811096,0.9999955785910568,0,0,0.2077327944213728,0.0018579221442221,FSCN2
Reactome_2022,Transcription-Coupled Nucleotide Excision Repair (TC-NER) R-HSA-6781827,1/77,0.9921510976927236,0.9999955785910568,0,0,0.2022445184448384,0.0015936599217295,POLR2G
Reactome_2022,Generic Transcription Pathway R-HSA-212436,54/1190,0.9929831440499448,0.9999955785910568,0,0,0.7206240017424133,0.0050743386595837,H2AX;BTG2;AREG;LGALS3;KAT5;ZNF727;AIFM2;MYC;HEY2;ZNF324;ZNF19;MSX2;H2AC6;ZNF282;FOS;CDC25C;DDB2;H2BC12;ZNF517;H2BC11;RARA;PGR;TP53;ZNF114;PVALB;ZNF552;CAMK2B;ZNF324B;CAMK2D;HDAC3;TWIST1;GATA3;AURKB;PSMB10;ZNF425;POLR2G;E2F4;APOE;ZNF785;PRELID3A;CHGA;CDKN2A;TAF10;FBXO32;PSMB8;PSMB9;UBE2S;CDK4;ZNF416;LAMTOR1;ZNF775;ZNF135;RAD9A;ZNF530
Reactome_2022,Regulation Of HSF1-mediated Heat Shock Response R-HSA-3371453,1/81,0.993901065308004,0.9999955785910568,0,0,0.1920912078882498,0.00117513893341,HSF1
Reactome_2022,Global Genome Nucleotide Excision Repair (GG-NER) R-HSA-5696399,1/82,0.9942738385122852,0.9999955785910568,0,0,0.189709567140408,0.0010894297278088,DDB2
Reactome_2022,Vesicle-mediated Transport R-HSA-5653656,25/637,0.994481583371258,0.9999955785910568,0,0,0.6221614099677312,0.0034428541836891,COLEC12;DCTN3;CLTB;ARPC4-TTLL3;LRP2;TARP;AREG;BICD1;GRK3;KIF5C;MAN1A1;APOE;AP2M1;TRAPPC2L;PTGES2;COG4;RAB3IL1;BTC;TF;TRAPPC6A;KIFC2;ALPP;DLC1;OPTN;VPS28
Reactome_2022,Platelet Homeostasis R-HSA-418346,1/83,0.9946238343007806,0.9999955785910568,0,0,0.187386015191294,0.0010101360363124,PRKG1
Reactome_2022,Transport Of Mature Transcript To Cytoplasm R-HSA-72202,1/83,0.9946238343007806,0.9999955785910568,0,0,0.187386015191294,0.0010101360363124,NXT1
Reactome_2022,Signaling By FGFR R-HSA-190236,1/86,0.9955506446596812,0.9999955785910568,0,0,0.1807433902073565,0.0008059859600400442,POLR2G
Reactome_2022,Mitochondrial Biogenesis R-HSA-1592230,1/89,0.996317702048956,0.9999955785910568,0,0,0.1745536714723239,0.0006439449543667972,HDAC3
Reactome_2022,Membrane Trafficking R-HSA-199991,22/599,0.9971942628258936,0.9999955785910568,0,0,0.5803718924433264,0.0016306596658941,TRAPPC2L;PTGES2;COG4;DCTN3;CLTB;ARPC4-TTLL3;RAB3IL1;LRP2;TARP;AREG;BICD1;BTC;TF;GRK3;TRAPPC6A;KIFC2;KIF5C;ALPP;MAN1A1;OPTN;VPS28;AP2M1
Reactome_2022,Stimuli-sensing Channels R-HSA-2672351,1/100,0.9981599966997856,0.9999955785910568,0,0,0.1550675198990729,0.00028558757005433134,ANO2
Reactome_2022,Potassium Channels R-HSA-1296071,1/102,0.9983780063670654,0.9999955785910568,0,0,0.1519806047983598,0.0002467117098564092,KCNJ14
Reactome_2022,Gene Expression (Transcription) R-HSA-74160,63/1449,0.9988972429732098,0.9999955785910568,0,0,0.6846123573396301,0.000755377663288483,H2AX;BTG2;AREG;RRP8;LGALS3;KAT5;ZNF727;AIFM2;MYC;HEY2;ZNF324;MYBL1;ZNF19;MSX2;H2AC6;ZNF282;DDX56;FOS;CDC25C;DDB2;H2BC12;ZNF517;H2BC11;RARA;POLR1E;PGR;POLR1H;TP53;ZNF114;PVALB;ZNF552;CAMK2B;COLEC12;GTF3C3;ZNF324B;CAMK2D;NFIX;HDAC3;TWIST1;GATA3;AURKB;PSMB10;TAF1C;ZNF425;POLR2G;E2F4;APOE;ZNF785;PRELID3A;CHGA;CDKN2A;TAF10;FBXO32;PSMB8;PSMB9;UBE2S;CDK4;ZNF416;LAMTOR1;ZNF775;ZNF135;RAD9A;ZNF530
Reactome_2022,mRNA Splicing - Major Pathway R-HSA-72163,3/181,0.9990952769913428,0.9999955785910568,0,0,0.2580663060063809,0.0002335842052456443,COLEC12;SNRPN;POLR2G
Reactome_2022,RNA Polymerase II Transcription R-HSA-73857,55/1312,0.9992583116860948,0.9999955785910568,0,0,0.6593343826591722,0.0004892020467290988,H2AX;BTG2;AREG;LGALS3;KAT5;ZNF727;AIFM2;MYC;HEY2;ZNF324;ZNF19;MSX2;H2AC6;ZNF282;FOS;CDC25C;DDB2;H2BC12;ZNF517;H2BC11;RARA;PGR;TP53;ZNF114;PVALB;ZNF552;CAMK2B;COLEC12;ZNF324B;CAMK2D;HDAC3;TWIST1;GATA3;AURKB;PSMB10;ZNF425;POLR2G;E2F4;APOE;ZNF785;PRELID3A;CHGA;CDKN2A;TAF10;FBXO32;PSMB8;PSMB9;UBE2S;CDK4;ZNF416;LAMTOR1;ZNF775;ZNF135;RAD9A;ZNF530
Reactome_2022,mRNA Splicing R-HSA-72172,3/189,0.9994085302793928,0.9999955785910568,0,0,0.2468604805522368,0.0001460536968899772,COLEC12;SNRPN;POLR2G
Reactome_2022,Processing Of Capped Intron-Containing Pre-mRNA R-HSA-72203,4/242,0.9998146176710724,0.9999955785910568,0,0,0.2567247656888126,4.7596646881765855e-05,COLEC12;SNRPN;NXT1;POLR2G
Reactome_2022,Sensory Perception R-HSA-9709957,10/616,0.9999949236714636,0.9999955785910568,0,0,0.2482897296352151,1.260403438986767e-06,REEP1;RGS9BP;CHURC1-FNTB;SDC2;RBP1;ABCA4;FSCN2;LRP2;APOE;ANO2
Reactome_2022,Olfactory Signaling Pathway R-HSA-381753,2/401,0.9999955501865356,0.9999955785910568,0,0,0.0757774370135866,3.371962097490976e-07,REEP1;ANO2
Reactome_2022,Expression And Translocation Of Olfactory Receptors R-HSA-9752946,1/393,0.9999955785910568,0.9999955785910568,0,0,0.0385482870222863,1.7043811777783206e-07,REEP1
