dataset_id,sample_id,title,source_name,characteristics,treatment,proposed_resistance_status,phenotype_confidence,rule_tier,identity_resistance_evidence,identity_sensitive_evidence,secondary_resistance_evidence,secondary_sensitive_evidence,apply_automatically
GEO:GSE107473,GSM2868040,HBL-100,breast,cell type: normal breast epithelial cells | tissue: breast epithelial | cell line: HBL-100,,UNRESOLVED,LOW,NO_DECISIVE_EVIDENCE,,,,,False
GEO:GSE107473,GSM2868041,SKBR3,breast,cell type: trastuzumab-sensitive cells | tissue: breast adenocarcinoma | cell line: SKBR3,,SENSITIVE_OR_PARENTAL,MODERATE,SECONDARY_FIELD,,,,phrase:\btrastuzumab[- ]sensitive\b | phrase:\bsensitive cells?\b,False
GEO:GSE107473,GSM2868042,JIMT-1,breast,cell type: trastuzumab-resistant cells | tissue: breast adenocarcinoma | cell line: JIMT-1,,RESISTANT,MODERATE,SECONDARY_FIELD,,,phrase:\btrastuzumab[- ]resistant\b | phrase:\bresistant cells?\b,,False
GEO:GSE114575,GSM3145240,10705X1 (SKBr3),SKBr3,tissue: breast cancer | index taga: Index 3 TTAGGC | hci - reference sample name: SKBr3,,UNRESOLVED,LOW,NO_DECISIVE_EVIDENCE,,,,,False
GEO:GSE114575,GSM3145241,10705X2 (Her/trastuz resist),Her/trastuz resist,tissue: breast cancer | index taga: Index 7 CAGATC | hci - reference sample name: Her,,UNRESOLVED,LOW,NO_DECISIVE_EVIDENCE,,,,,False
GEO:GSE114575,GSM3145242,10705X3 (Lap/lapatinib resist),Lap/lapatinib resist,tissue: breast cancer | index taga: Index 13 AGTCAA | hci - reference sample name: Lap,,UNRESOLVED,LOW,NO_DECISIVE_EVIDENCE,,,,,False
GEO:GSE114575,GSM3145243,10705X4 (Her/Lap resist - sequential),Her/Lap resist - sequential,tissue: breast cancer | index taga: Index 21 GTTTCG | hci - reference sample name: Her/Lap,,UNRESOLVED,LOW,NO_DECISIVE_EVIDENCE,,,,,False
GEO:GSE114575,GSM3145244,10705X5 (Lap/Her resist - sequential),Lap/Her resist - sequential,tissue: breast cancer | index taga: Index 9 GATCAG | hci - reference sample name: Lap/Her,,UNRESOLVED,LOW,NO_DECISIVE_EVIDENCE,,,,,False
GEO:GSE119397,GSM3374141,BT474 probe 1,BT474 cell line,cell line: BT474 | tissue: Breast,No treatment.,UNRESOLVED,LOW,NO_DECISIVE_EVIDENCE,,,,,False
GEO:GSE119397,GSM3374142,BT474 probe 2,BT474 cell line,cell line: BT474 | tissue: Breast,No treatment.,UNRESOLVED,LOW,NO_DECISIVE_EVIDENCE,,,,,False
GEO:GSE119397,GSM3374143,BT474 probe 3,BT474 cell line,cell line: BT474 | tissue: Breast,No treatment.,UNRESOLVED,LOW,NO_DECISIVE_EVIDENCE,,,,,False
GEO:GSE119397,GSM3374144,BT474 probe 4,BT474 cell line,cell line: BT474 | tissue: Breast,No treatment.,UNRESOLVED,LOW,NO_DECISIVE_EVIDENCE,,,,,False
GEO:GSE119397,GSM3374145,BT474 probe 5,BT474 cell line,cell line: BT474 | tissue: Breast,No treatment.,UNRESOLVED,LOW,NO_DECISIVE_EVIDENCE,,,,,False
GEO:GSE119397,GSM3374146,BT474 probe 6,BT474 cell line,cell line: BT474 | tissue: Breast,No treatment.,UNRESOLVED,LOW,NO_DECISIVE_EVIDENCE,,,,,False
GEO:GSE119397,GSM3374147,BT474 probe 7,BT474 cell line,cell line: BT474 | tissue: Breast,No treatment.,UNRESOLVED,LOW,NO_DECISIVE_EVIDENCE,,,,,False
GEO:GSE119397,GSM3374148,BT474 probe 8,BT474 cell line,cell line: BT474 | tissue: Breast,No treatment.,UNRESOLVED,LOW,NO_DECISIVE_EVIDENCE,,,,,False
GEO:GSE119397,GSM3374149,BT-RH probe 1,BT-RH cell line,cell line: BT-RH | tissue: Breast,No treatment.,UNRESOLVED,LOW,NO_DECISIVE_EVIDENCE,,,,,False
GEO:GSE119397,GSM3374150,BT-RH probe 2,BT-RH cell line,cell line: BT-RH | tissue: Breast,No treatment.,UNRESOLVED,LOW,NO_DECISIVE_EVIDENCE,,,,,False
GEO:GSE119397,GSM3374151,BT-RH probe 3,BT-RH cell line,cell line: BT-RH | tissue: Breast,No treatment.,UNRESOLVED,LOW,NO_DECISIVE_EVIDENCE,,,,,False
GEO:GSE119397,GSM3374152,BT-RH probe 4,BT-RH cell line,cell line: BT-RH | tissue: Breast,No treatment.,UNRESOLVED,LOW,NO_DECISIVE_EVIDENCE,,,,,False
GEO:GSE119397,GSM3374153,BT-RH probe 5,BT-RH cell line,cell line: BT-RH | tissue: Breast,No treatment.,UNRESOLVED,LOW,NO_DECISIVE_EVIDENCE,,,,,False
GEO:GSE121105,GSM3426212,BT474_replicate1,BT474,cell line background: BT474 | cell type: HER2+ breast cancer cells | sensitivity to her2 antibodies: sensitive | treatment: none,,UNRESOLVED,LOW,NO_DECISIVE_EVIDENCE,,,,,False
GEO:GSE121105,GSM3426213,BT474_replicate2,BT474,cell line background: BT474 | cell type: HER2+ breast cancer cells | sensitivity to her2 antibodies: sensitive | treatment: none,,UNRESOLVED,LOW,NO_DECISIVE_EVIDENCE,,,,,False
GEO:GSE121105,GSM3426214,BT474_replicate3,BT474,cell line background: BT474 | cell type: HER2+ breast cancer cells | sensitivity to her2 antibodies: sensitive | treatment: none,,UNRESOLVED,LOW,NO_DECISIVE_EVIDENCE,,,,,False
GEO:GSE121105,GSM3426215,BT474+trastuzumab_replicate1,BT474+trastuzumab,cell line background: BT474 | cell type: HER2+ breast cancer cells | sensitivity to her2 antibodies: sensitive | treatment: 10 µg/mL trastuzumab for 3 days,,UNRESOLVED,LOW,NO_DECISIVE_EVIDENCE,,,,,False
GEO:GSE121105,GSM3426216,BT474+trastuzumab_replicate2,BT474+trastuzumab,cell line background: BT474 | cell type: HER2+ breast cancer cells | sensitivity to her2 antibodies: sensitive | treatment: 10 µg/mL trastuzumab for 3 days,,UNRESOLVED,LOW,NO_DECISIVE_EVIDENCE,,,,,False
GEO:GSE121105,GSM3426217,BT474+trastuzumab_replicate3,BT474+trastuzumab,cell line background: BT474 | cell type: HER2+ breast cancer cells | sensitivity to her2 antibodies: sensitive | treatment: 10 µg/mL trastuzumab for 3 days,,UNRESOLVED,LOW,NO_DECISIVE_EVIDENCE,,,,,False
GEO:GSE121105,GSM3426218,BT474+trastuzumab+pertuzumab_replicate1,BT474+trastuzumab+pertuzumab,cell line background: BT474 | cell type: HER2+ breast cancer cells | sensitivity to her2 antibodies: sensitive | treatment: 10 µg/mL trastuzumab + 10 µg/mL pertuzumab for 3 days,,UNRESOLVED,LOW,NO_DECISIVE_EVIDENCE,,,,,False
GEO:GSE121105,GSM3426219,BT474+trastuzumab+pertuzumab_replicate2,BT474+trastuzumab+pertuzumab,cell line background: BT474 | cell type: HER2+ breast cancer cells | sensitivity to her2 antibodies: sensitive | treatment: 10 µg/mL trastuzumab + 10 µg/mL pertuzumab for 3 days,,UNRESOLVED,LOW,NO_DECISIVE_EVIDENCE,,,,,False
GEO:GSE121105,GSM3426220,BT474+trastuzumab+pertuzumab_replicate3,BT474+trastuzumab+pertuzumab,cell line background: BT474 | cell type: HER2+ breast cancer cells | sensitivity to her2 antibodies: sensitive | treatment: 10 µg/mL trastuzumab + 10 µg/mL pertuzumab for 3 days,,UNRESOLVED,LOW,NO_DECISIVE_EVIDENCE,,,,,False
GEO:GSE121105,GSM3426221,BT-TR1_replicate1,BT-TR1,cell line background: BT474 | cell type: HER2+ breast cancer cells | sensitivity to her2 antibodies: trastuzumab-resistant | treatment: no treatment for 7 days prior to harvesting,,RESISTANT,MODERATE,SECONDARY_FIELD,,,phrase:\btrastuzumab[- ]resistant\b,,False
GEO:GSE121105,GSM3426222,BT-TR1_replicate2,BT-TR1,cell line background: BT474 | cell type: HER2+ breast cancer cells | sensitivity to her2 antibodies: trastuzumab-resistant | treatment: no treatment for 7 days prior to harvesting,,RESISTANT,MODERATE,SECONDARY_FIELD,,,phrase:\btrastuzumab[- ]resistant\b,,False
GEO:GSE121105,GSM3426223,BT-TR1_replicate3,BT-TR1,cell line background: BT474 | cell type: HER2+ breast cancer cells | sensitivity to her2 antibodies: trastuzumab-resistant | treatment: no treatment for 7 days prior to harvesting,,RESISTANT,MODERATE,SECONDARY_FIELD,,,phrase:\btrastuzumab[- ]resistant\b,,False
GEO:GSE121105,GSM3426224,BT-TR2_replicate1,BT-TR2,cell line background: BT474 | cell type: HER2+ breast cancer cells | sensitivity to her2 antibodies: trastuzumab-resistant | treatment: no treatment for 7 days prior to harvesting,,RESISTANT,MODERATE,SECONDARY_FIELD,,,phrase:\btrastuzumab[- ]resistant\b,,False
GEO:GSE121105,GSM3426225,BT-TR2_replicate2,BT-TR2,cell line background: BT474 | cell type: HER2+ breast cancer cells | sensitivity to her2 antibodies: trastuzumab-resistant | treatment: no treatment for 7 days prior to harvesting,,RESISTANT,MODERATE,SECONDARY_FIELD,,,phrase:\btrastuzumab[- ]resistant\b,,False
GEO:GSE121105,GSM3426226,BT-TR2_replicate3,BT-TR2,cell line background: BT474 | cell type: HER2+ breast cancer cells | sensitivity to her2 antibodies: trastuzumab-resistant | treatment: no treatment for 7 days prior to harvesting,,RESISTANT,MODERATE,SECONDARY_FIELD,,,phrase:\btrastuzumab[- ]resistant\b,,False
GEO:GSE121105,GSM3426227,BT-TPR1_replicate1,BT-TPR1,cell line background: BT474 | cell type: HER2+ breast cancer cells | sensitivity to her2 antibodies: trastuzumab + pertuzumab-resistant | treatment: no treatment for 7 days prior to harvesting,,UNRESOLVED,LOW,NO_DECISIVE_EVIDENCE,,,,,False
GEO:GSE121105,GSM3426228,BT-TPR1_replicate2,BT-TPR1,cell line background: BT474 | cell type: HER2+ breast cancer cells | sensitivity to her2 antibodies: trastuzumab + pertuzumab-resistant | treatment: no treatment for 7 days prior to harvesting,,UNRESOLVED,LOW,NO_DECISIVE_EVIDENCE,,,,,False
GEO:GSE121105,GSM3426229,BT-TPR1_replicate3,BT-TPR1,cell line background: BT474 | cell type: HER2+ breast cancer cells | sensitivity to her2 antibodies: trastuzumab + pertuzumab-resistant | treatment: no treatment for 7 days prior to harvesting,,UNRESOLVED,LOW,NO_DECISIVE_EVIDENCE,,,,,False
GEO:GSE121105,GSM3426230,BT-TPR2_replicate1,BT-TPR2,cell line background: BT474 | cell type: HER2+ breast cancer cells | sensitivity to her2 antibodies: trastuzumab + pertuzumab-resistant | treatment: no treatment for 7 days prior to harvesting,,UNRESOLVED,LOW,NO_DECISIVE_EVIDENCE,,,,,False
GEO:GSE121105,GSM3426231,BT-TPR2_replicate2,BT-TPR2,cell line background: BT474 | cell type: HER2+ breast cancer cells | sensitivity to her2 antibodies: trastuzumab + pertuzumab-resistant | treatment: no treatment for 7 days prior to harvesting,,UNRESOLVED,LOW,NO_DECISIVE_EVIDENCE,,,,,False
GEO:GSE121105,GSM3426232,BT-TPR2_replicate3,BT-TPR2,cell line background: BT474 | cell type: HER2+ breast cancer cells | sensitivity to her2 antibodies: trastuzumab + pertuzumab-resistant | treatment: no treatment for 7 days prior to harvesting,,UNRESOLVED,LOW,NO_DECISIVE_EVIDENCE,,,,,False
GEO:GSE123754,GSM3510887,Trastuzumab-sensitive model (SK),HER2-positive breast cancer,cell line: SK | cell type: Trastuzumab-sensitive breast cancer cells | gender: Female,"Trastuzumab-resistant SK cells (SKTR) were developed by exposing SK cells continuously to trastuzumab (Herceptin, Hoffmann-La Roche Pharma), starting with 1μM concentration for three months of exposure and increasing the concentration up to 2 μM for a 12 months period. Thus, cells resistant to trastuzumab were maintained in 2 μM trastuzumab, a concentration at which SK parental cells were not viable.",SENSITIVE_OR_PARENTAL,HIGH,IDENTITY_FIELD,,phrase:\btrastuzumab[- ]sensitive\b,phrase:\btrastuzumab[- ]resistant\b,phrase:\btrastuzumab[- ]sensitive\b | phrase:\bparental cells?\b,True
GEO:GSE123754,GSM3510888,Trastuzumab-resistant model (SKTR),HER2-positive breast cancer,cell line: SKTR | cell type: Trastuzumab-resistant breast cancer cells | gender: Female,"Trastuzumab-resistant SK cells (SKTR) were developed by exposing SK cells continuously to trastuzumab (Herceptin, Hoffmann-La Roche Pharma), starting with 1μM concentration for three months of exposure and increasing the concentration up to 2 μM for a 12 months period. Thus, cells resistant to trastuzumab were maintained in 2 μM trastuzumab, a concentration at which SK parental cells were not viable.",RESISTANT,HIGH,IDENTITY_FIELD,phrase:\btrastuzumab[- ]resistant\b,,phrase:\btrastuzumab[- ]resistant\b,phrase:\bparental cells?\b,True
GEO:GSE123845,GSM3513973,OB_15_0074_1,Primary Tumor,gender: Female | age: 50.99722222 | menopausal_status: Premenopausal | bc_family_history: No | brca1_status: Not Detected | brca2_status: Detected | cell_type_diagnosis: Invasive carcinoma with lobular feature | er_status_diagnosis: 1 | er_score_diagnosis: 8 | pr_status_diagnosis: 1 | pr_score_diagnosis: 5 | her2_status_diagnosis: 0 | her2_score_diagnosis: 2 | ki67_status_diagnosis: 4 | ki67_diagnosis: 70-80% | tnm_stage_clinical: cT3N3M0 | nac_drug: AC+T | er_status_surgery: Positive | er_score_surgery: 8 | pr_status_surgery: Positive | pr_score_surgery: 5 | her2_status_surgery: 2+ | her2_score_surgery: 2 | ki67_status_surgery: 1 | ki67_surgery: <1% | histological_grade: 2 | nuclear_grade: 2 | lymphovascular_invasion: 0 | bilaterality: 0 | multiplicity: 0 | surgery_type: 0 | surgical_site: 1 | tumor_size: 4 | regional_lymph_nodes: 7 | tnm_stage_pathologic: 12 | pcr_status: 1 | proliferative_index: 35.46091266 | cyt_score: 5.251904416 | subtype_pam50: LumB | subtype_nmc: ER+ | subtype_ihc: ER+ | tumor_purity_pathology: 0.7 | cin_score: 18.87264261 | tumor_purity_facets: 0.543895167 | tumor_purity_consensus: 0.543895167 | tumor_ploidy: 1.985579823 | cnv_burden_del: 0.000774361 | cnv_burden_hemizygote: 0.27644612 | loh_burden_burden: 0.03589481 | cnv_burden_gain: 0.116487768 | cnv_burden_amp: 0.022572184 | til_count: 16050 | tissue_area: 170967008 | til_density: 93.8777614918546 | time: T1 | subtype_consensus: ER+ | mut_load: 73,,UNRESOLVED,LOW,NO_DECISIVE_EVIDENCE,,,,,False
GEO:GSE123845,GSM3513974,OB_15_0080_2,Primary Tumor,gender: Female | age: 52.36666667 | menopausal_status: Postmenopausal | bc_family_history: No | brca1_status: 999 | brca2_status: 999 | cell_type_diagnosis: Invasive ductal carcinoma | er_status_diagnosis: 0 | er_score_diagnosis: 0 | pr_status_diagnosis: 0 | pr_score_diagnosis: 0 | her2_status_diagnosis: 0 | her2_score_diagnosis: 2 | ki67_status_diagnosis: 2 | ki67_diagnosis: 40-50% | tnm_stage_clinical: cT2N2M0 | nac_drug: AC+T | er_status_surgery: 999 | er_score_surgery: 999 | pr_status_surgery: 999 | pr_score_surgery: 999 | her2_status_surgery: 999 | her2_score_surgery: 999 | ki67_status_surgery: 999 | ki67_surgery: 999 | histological_grade: 999 | nuclear_grade: 999 | lymphovascular_invasion: 999 | bilaterality: 999 | multiplicity: 0 | surgery_type: 1 | surgical_site: 2 | tumor_size: 0 | regional_lymph_nodes: 0 | tnm_stage_pathologic: 77 | pcr_status: 0 | proliferative_index: 26.50772107 | cyt_score: 225.4489281 | subtype_pam50: LumB | subtype_nmc: TN | subtype_ihc: TN | tumor_purity_pathology: 0.6 | cin_score: 23.89075876 | tumor_purity_facets: 0.359885842 | tumor_purity_consensus: 0.359885842 | tumor_ploidy: 3.089088909 | cnv_burden_del: 0.027617183 | cnv_burden_hemizygote: 0.015908916 | loh_burden_burden: 0 | cnv_burden_gain: 0.41492249 | cnv_burden_amp: 0.284218811 | til_count: 16418 | tissue_area: 19841900 | til_density: 827.440920476366 | time: T2 | subtype_consensus: TN | mut_load: 5,,UNRESOLVED,LOW,NO_DECISIVE_EVIDENCE,,,,,False
GEO:GSE123845,GSM3513975,OB_15_0107_2,Primary Tumor,gender: Female | age: 49.33611111 | menopausal_status: Premenopausal | bc_family_history: Yes | brca1_status: Detected | brca2_status: Not Detected | cell_type_diagnosis: Invasive ductal carcinoma | er_status_diagnosis: 1 | er_score_diagnosis: 7 | pr_status_diagnosis: 0 | pr_score_diagnosis: 0 | her2_status_diagnosis: 0 | her2_score_diagnosis: 0 | ki67_status_diagnosis: 4 | ki67_diagnosis: 70-80% | tnm_stage_clinical: cT2N2-3M0 | nac_drug: AC+T | er_status_surgery: Positive | er_score_surgery: 3 | pr_status_surgery: Negative | pr_score_surgery: 0 | her2_status_surgery: Negative | her2_score_surgery: 0 | ki67_status_surgery: 4 | ki67_surgery: 80-90% | histological_grade: 3 | nuclear_grade: 2 | lymphovascular_invasion: 0 | bilaterality: 0 | multiplicity: 0 | surgery_type: 0 | surgical_site: 2 | tumor_size: 1.5 | regional_lymph_nodes: 0 | tnm_stage_pathologic: 2 | pcr_status: 1 | proliferative_index: 43.90855596 | cyt_score: 29.12781145 | subtype_pam50: Basal | subtype_nmc: ER+ | subtype_ihc: ER+ | tumor_purity_pathology: 0.8 | cin_score: 20.25265702 | tumor_purity_facets: 0.392749662 | tumor_purity_consensus: 0.392749662 | tumor_ploidy: 3.158569249 | cnv_burden_del: 0.00080515 | cnv_burden_hemizygote: 0.077206773 | loh_burden_burden: 0.132870054 | cnv_burden_gain: 0.245051961 | cnv_burden_amp: 0.284720621 | til_count: 3108 | tissue_area: 38614800 | til_density: 80.4872743093322 | time: T2 | subtype_consensus: TN | mut_load: 72,,UNRESOLVED,LOW,NO_DECISIVE_EVIDENCE,,,,,False
GEO:GSE123845,GSM3513976,OB_15_0107_3,Primary Tumor,gender: Female | age: 49.33611111 | menopausal_status: Premenopausal | bc_family_history: Yes | brca1_status: Detected | brca2_status: Not Detected | cell_type_diagnosis: Invasive ductal carcinoma | er_status_diagnosis: 1 | er_score_diagnosis: 7 | pr_status_diagnosis: 0 | pr_score_diagnosis: 0 | her2_status_diagnosis: 0 | her2_score_diagnosis: 0 | ki67_status_diagnosis: 4 | ki67_diagnosis: 70-80% | tnm_stage_clinical: cT2N2-3M0 | nac_drug: AC+T | er_status_surgery: Positive | er_score_surgery: 3 | pr_status_surgery: Negative | pr_score_surgery: 0 | her2_status_surgery: Negative | her2_score_surgery: 0 | ki67_status_surgery: 4 | ki67_surgery: 80-90% | histological_grade: 3 | nuclear_grade: 2 | lymphovascular_invasion: 0 | bilaterality: 0 | multiplicity: 0 | surgery_type: 0 | surgical_site: 2 | tumor_size: 1.5 | regional_lymph_nodes: 0 | tnm_stage_pathologic: 2 | pcr_status: 1 | proliferative_index: 84.17018722 | cyt_score: 3.335086206 | subtype_pam50: Basal | subtype_nmc: TN | subtype_ihc: ER+ | tumor_purity_pathology: 0.6 | cin_score: 9.2257445 | tumor_purity_facets: 0.341634433 | tumor_purity_consensus: 0.341634433 | tumor_ploidy: 1.777377539 | cnv_burden_del: 0.000877578 | cnv_burden_hemizygote: 0.335556078 | loh_burden_burden: 0.078167936 | cnv_burden_gain: 0.112804136 | cnv_burden_amp: 0.001472733 | til_count: 8457 | tissue_area: 222082000 | til_density: 38.0805288136814 | time: T3 | subtype_consensus: TN | mut_load: 102,,UNRESOLVED,LOW,NO_DECISIVE_EVIDENCE,,,,,False
GEO:GSE123845,GSM3513977,OB_15_0119_1,Primary Tumor,gender: Female | age: 36.18888889 | menopausal_status: Premenopausal | bc_family_history: No | brca1_status: Not Detected | brca2_status: Not Detected | cell_type_diagnosis: Invasive ductal carcinoma | er_status_diagnosis: 0 | er_score_diagnosis: 0 | pr_status_diagnosis: 0 | pr_score_diagnosis: 0 | her2_status_diagnosis: 0 | her2_score_diagnosis: 1 | ki67_status_diagnosis: 4 | ki67_diagnosis: >95% | tnm_stage_clinical: cT1N2-3M0 | nac_drug: AC+T | er_status_surgery: 999 | er_score_surgery: 999 | pr_status_surgery: 999 | pr_score_surgery: 999 | her2_status_surgery: 999 | her2_score_surgery: 999 | ki67_status_surgery: 999 | ki67_surgery: 999 | histological_grade: 999 | nuclear_grade: 999 | lymphovascular_invasion: 999 | bilaterality: 0 | multiplicity: 0 | surgery_type: 1 | surgical_site: 2 | tumor_size: 0 | regional_lymph_nodes: 0 | tnm_stage_pathologic: 77 | pcr_status: 0 | proliferative_index: 41.80649123 | cyt_score: 29.19511603 | subtype_pam50: Basal | subtype_nmc: TN | subtype_ihc: TN | tumor_purity_pathology: 0.8 | cin_score: 20.60353702 | tumor_purity_facets: 0.417142108 | tumor_purity_consensus: 0.417142108 | tumor_ploidy: 2.468525055 | cnv_burden_del: 0.004515912 | cnv_burden_hemizygote: 0.113246691 | loh_burden_burden: 0.065009443 | cnv_burden_gain: 0.291668805 | cnv_burden_amp: 0.110585354 | til_count: 2083 | tissue_area: 18504100 | til_density: 112.569646726942 | time: T1 | subtype_consensus: TN | mut_load: 137,,UNRESOLVED,LOW,NO_DECISIVE_EVIDENCE,,,,,False
GEO:GSE123845,GSM3513978,OB_15_0139_1,Primary Tumor,gender: Female | age: 50.93055556 | menopausal_status: Premenopausal | bc_family_history: No | brca1_status: 999 | brca2_status: 999 | cell_type_diagnosis: Invasive ductal carcinoma | er_status_diagnosis: 0 | er_score_diagnosis: 0 | pr_status_diagnosis: 0 | pr_score_diagnosis: 0 | her2_status_diagnosis: 0 | her2_score_diagnosis: 0 | ki67_status_diagnosis: 2 | ki67_diagnosis: 40-50% | tnm_stage_clinical: cT2N3M0 | nac_drug: AC+T | er_status_surgery: Negative | er_score_surgery: 0 | pr_status_surgery: Negative | pr_score_surgery: 0 | her2_status_surgery: Negative | her2_score_surgery: 1 | ki67_status_surgery: 3 | ki67_surgery: 0.7 | histological_grade: 3 | nuclear_grade: 3 | lymphovascular_invasion: 1 | bilaterality: 0 | multiplicity: 1 | surgery_type: 0 | surgical_site: 2 | tumor_size: 2.3 | regional_lymph_nodes: 1 | tnm_stage_pathologic: 8 | pcr_status: 1 | proliferative_index: 32.17924014 | cyt_score: 17.61665121 | subtype_pam50: Basal | subtype_nmc: TN | subtype_ihc: TN | tumor_purity_pathology: 0.8 | cin_score: 14.23884324 | tumor_purity_facets: 0.253797389 | tumor_purity_consensus: 0.253797389 | tumor_ploidy: 3.085060886 | cnv_burden_del: 0 | cnv_burden_hemizygote: 0.084386032 | loh_burden_burden: 0.208622246 | cnv_burden_gain: 0.476909742 | cnv_burden_amp: 0.043055694 | til_count: 1145 | tissue_area: 13517100 | til_density: 84.707518624557 | time: T1 | subtype_consensus: TN | mut_load: 117,,UNRESOLVED,LOW,NO_DECISIVE_EVIDENCE,,,,,False
GEO:GSE123845,GSM3513979,OB_15_0139_2,Primary Tumor,gender: Female | age: 50.93055556 | menopausal_status: Premenopausal | bc_family_history: No | brca1_status: 999 | brca2_status: 999 | cell_type_diagnosis: Invasive ductal carcinoma | er_status_diagnosis: 0 | er_score_diagnosis: 0 | pr_status_diagnosis: 0 | pr_score_diagnosis: 0 | her2_status_diagnosis: 0 | her2_score_diagnosis: 0 | ki67_status_diagnosis: 2 | ki67_diagnosis: 40-50% | tnm_stage_clinical: cT2N3M0 | nac_drug: AC+T | er_status_surgery: Negative | er_score_surgery: 0 | pr_status_surgery: Negative | pr_score_surgery: 0 | her2_status_surgery: Negative | her2_score_surgery: 1 | ki67_status_surgery: 3 | ki67_surgery: 0.7 | histological_grade: 3 | nuclear_grade: 3 | lymphovascular_invasion: 1 | bilaterality: 0 | multiplicity: 1 | surgery_type: 0 | surgical_site: 2 | tumor_size: 2.3 | regional_lymph_nodes: 1 | tnm_stage_pathologic: 8 | pcr_status: 1 | proliferative_index: 19.36229341 | cyt_score: 36.8007038 | subtype_pam50: Basal | subtype_nmc: ER+ | subtype_ihc: TN | tumor_purity_pathology: 0.7 | cin_score: 10.27274815 | tumor_purity_facets: 0.317290832 | tumor_purity_consensus: 0.317290832 | tumor_ploidy: 2.953852802 | cnv_burden_del: 0 | cnv_burden_hemizygote: 0.016647865 | loh_burden_burden: 0 | cnv_burden_gain: 0.683518145 | cnv_burden_amp: 0.041909185 | til_count: 2300 | tissue_area: 24050000 | til_density: 95.6340956340956 | time: T2 | subtype_consensus: TN | mut_load: 47,,UNRESOLVED,LOW,NO_DECISIVE_EVIDENCE,,,,,False
GEO:GSE123845,GSM3513980,OB_15_0139_3,Primary Tumor,gender: Female | age: 50.93055556 | menopausal_status: Premenopausal | bc_family_history: No | brca1_status: 999 | brca2_status: 999 | cell_type_diagnosis: Invasive ductal carcinoma | er_status_diagnosis: 0 | er_score_diagnosis: 0 | pr_status_diagnosis: 0 | pr_score_diagnosis: 0 | her2_status_diagnosis: 0 | her2_score_diagnosis: 0 | ki67_status_diagnosis: 2 | ki67_diagnosis: 40-50% | tnm_stage_clinical: cT2N3M0 | nac_drug: AC+T | er_status_surgery: Negative | er_score_surgery: 0 | pr_status_surgery: Negative | pr_score_surgery: 0 | her2_status_surgery: Negative | her2_score_surgery: 1 | ki67_status_surgery: 3 | ki67_surgery: 0.7 | histological_grade: 3 | nuclear_grade: 3 | lymphovascular_invasion: 1 | bilaterality: 0 | multiplicity: 1 | surgery_type: 0 | surgical_site: 2 | tumor_size: 2.3 | regional_lymph_nodes: 1 | tnm_stage_pathologic: 8 | pcr_status: 1 | proliferative_index: 8.05845931 | cyt_score: 64.2475377 | subtype_pam50: Normal | subtype_nmc: TN | subtype_ihc: TN | tumor_purity_pathology: 0.75 | cin_score: 27.34529725 | tumor_purity_facets: 0.819270329 | tumor_purity_consensus: 0.819270329 | tumor_ploidy: 3.873084631 | cnv_burden_del: 2.13E-05 | cnv_burden_hemizygote: 0.008575785 | loh_burden_burden: 0.024216248 | cnv_burden_gain: 0.328566299 | cnv_burden_amp: 0.243112707 | til_count: 1805 | tissue_area: 40122300 | til_density: 44.9874508689681 | time: T3 | subtype_consensus: TN | mut_load: 91,,UNRESOLVED,LOW,NO_DECISIVE_EVIDENCE,,,,,False
GEO:GSE123845,GSM3513981,OB_15_0157_1,Primary Tumor,gender: Female | age: 39.69166667 | menopausal_status: Premenopausal | bc_family_history: No | brca1_status: Not Detected | brca2_status: Not Detected | cell_type_diagnosis: Invasive ductal carcinoma | er_status_diagnosis: 0 | er_score_diagnosis: 0 | pr_status_diagnosis: 1 | pr_score_diagnosis: 4 | her2_status_diagnosis: 0 | her2_score_diagnosis: 0 | ki67_status_diagnosis: 4 | ki67_diagnosis: 0.8 | tnm_stage_clinical: cT2N2M0 | nac_drug: AC+T | er_status_surgery: Negative | er_score_surgery: 0 | pr_status_surgery: Positive | pr_score_surgery: 4 | her2_status_surgery: Negative | her2_score_surgery: 0 | ki67_status_surgery: 4 | ki67_surgery: 0.8 | histological_grade: 3 | nuclear_grade: 3 | lymphovascular_invasion: 0 | bilaterality: 0 | multiplicity: 0 | surgery_type: 1 | surgical_site: 1 | tumor_size: 2.1 | regional_lymph_nodes: 0 | tnm_stage_pathologic: 7 | pcr_status: 1 | proliferative_index: 27.26652993 | cyt_score: 10.65519592 | subtype_pam50: Basal | subtype_nmc: TN | subtype_ihc: ER+ | tumor_purity_pathology: 0.7 | cin_score: 24.96749503 | tumor_purity_facets: 0.384559081 | tumor_purity_consensus: 0.384559081 | tumor_ploidy: 3.448244312 | cnv_burden_del: 0.000940933 | cnv_burden_hemizygote: 0.015679326 | loh_burden_burden: 0.085049748 | cnv_burden_gain: 0.293279616 | cnv_burden_amp: 0.321132452 | til_count: 10927 | tissue_area: 81847400 | til_density: 133.504546265367 | time: T1 | subtype_consensus: TN | mut_load: 26,,UNRESOLVED,LOW,NO_DECISIVE_EVIDENCE,,,,,False
GEO:GSE123845,GSM3513982,OB_15_0157_3,Primary Tumor,gender: Female | age: 39.69166667 | menopausal_status: Premenopausal | bc_family_history: No | brca1_status: Not Detected | brca2_status: Not Detected | cell_type_diagnosis: Invasive ductal carcinoma | er_status_diagnosis: 0 | er_score_diagnosis: 0 | pr_status_diagnosis: 1 | pr_score_diagnosis: 4 | her2_status_diagnosis: 0 | her2_score_diagnosis: 0 | ki67_status_diagnosis: 4 | ki67_diagnosis: 0.8 | tnm_stage_clinical: cT2N2M0 | nac_drug: AC+T | er_status_surgery: Negative | er_score_surgery: 0 | pr_status_surgery: Positive | pr_score_surgery: 4 | her2_status_surgery: Negative | her2_score_surgery: 0 | ki67_status_surgery: 4 | ki67_surgery: 0.8 | histological_grade: 3 | nuclear_grade: 3 | lymphovascular_invasion: 0 | bilaterality: 0 | multiplicity: 0 | surgery_type: 1 | surgical_site: 1 | tumor_size: 2.1 | regional_lymph_nodes: 0 | tnm_stage_pathologic: 7 | pcr_status: 1 | proliferative_index: 33.33039167 | cyt_score: 4.496776623 | subtype_pam50: Basal | subtype_nmc: TN | subtype_ihc: ER+ | tumor_purity_pathology: 0.7 | cin_score: 29.25677939 | tumor_purity_facets: 0.536085796 | tumor_purity_consensus: 0.536085796 | tumor_ploidy: 3.479554401 | cnv_burden_del: 0.000662282 | cnv_burden_hemizygote: 0.022393572 | loh_burden_burden: 0.096548454 | cnv_burden_gain: 0.233985573 | cnv_burden_amp: 0.251080263 | til_count: 7837 | tissue_area: 164900992 | til_density: 47.5254872936119 | time: T3 | subtype_consensus: TN | mut_load: 32,,UNRESOLVED,LOW,NO_DECISIVE_EVIDENCE,,,,,False
GEO:GSE123845,GSM3513983,OB_15_0181_1,Primary Tumor,gender: Female | age: 40.98611111 | menopausal_status: Premenopausal | bc_family_history: No | brca1_status: 999 | brca2_status: 999 | cell_type_diagnosis: Invasive ductal carcinoma | er_status_diagnosis: 1 | er_score_diagnosis: 4 | pr_status_diagnosis: 0 | pr_score_diagnosis: 0 | her2_status_diagnosis: 1 | her2_score_diagnosis: 3 | ki67_status_diagnosis: 1 | ki67_diagnosis: <5% | tnm_stage_clinical: cT2N2M0 | nac_drug: AC+T+Trastuzumab | er_status_surgery: Positive | er_score_surgery: 4 | pr_status_surgery: Negative | pr_score_surgery: 0 | her2_status_surgery: Positive | her2_score_surgery: 3 | ki67_status_surgery: 1 | ki67_surgery: <5% | histological_grade: 3 | nuclear_grade: 3 | lymphovascular_invasion: 0 | bilaterality: 0 | multiplicity: 0 | surgery_type: 0 | surgical_site: 2 | tumor_size: 5(Tis) | regional_lymph_nodes: 0 | tnm_stage_pathologic: 1 | pcr_status: 0 | proliferative_index: 15.25660834 | cyt_score: 4.767462638 | subtype_pam50: LumA | subtype_nmc: ER+HER2+ | subtype_ihc: ER+HER2+ | tumor_purity_pathology: 0.75 | cin_score: 23.83548903 | tumor_purity_facets: 0.4107295 | tumor_purity_consensus: 0.4107295 | tumor_ploidy: 2.889163405 | cnv_burden_del: 0.0170322 | cnv_burden_hemizygote: 0.025357961 | loh_burden_burden: 0.000819295 | cnv_burden_gain: 0.267456169 | cnv_burden_amp: 0.400425554 | til_count: 1486 | tissue_area: 17413200 | til_density: 85.337560011945 | time: T1 | subtype_consensus: ER+HER2+ | mut_load: 14,,UNRESOLVED,LOW,NO_DECISIVE_EVIDENCE,,,,,False
GEO:GSE123845,GSM3513984,OB_15_0190_1,Primary Tumor,gender: Female | age: 44.45833333 | menopausal_status: Premenopausal | bc_family_history: Yes | brca1_status: Not Detected | brca2_status: Not Detected | cell_type_diagnosis: Invasive ductal carcinoma | er_status_diagnosis: 0 | er_score_diagnosis: 0 | pr_status_diagnosis: 0 | pr_score_diagnosis: 0 | her2_status_diagnosis: 0 | her2_score_diagnosis: 0 | ki67_status_diagnosis: 999 | ki67_diagnosis: 0.9 | tnm_stage_clinical: cT2N0-1M0 | nac_drug: AC+T | er_status_surgery: Negative | er_score_surgery: 0 | pr_status_surgery: Negative | pr_score_surgery: 0 | her2_status_surgery: Negative | her2_score_surgery: 0 | ki67_status_surgery: 4 | ki67_surgery: 80-90% | histological_grade: 3 | nuclear_grade: 3 | lymphovascular_invasion: 0 | bilaterality: 0 | multiplicity: 0 | surgery_type: 1 | surgical_site: 2 | tumor_size: 1.6 | regional_lymph_nodes: 0 | tnm_stage_pathologic: 2 | pcr_status: 1 | proliferative_index: 49.04596048 | cyt_score: 2.799446374 | subtype_pam50: Basal | subtype_nmc: TN | subtype_ihc: TN | tumor_purity_pathology: 0.7 | cin_score: 25.44990907 | tumor_purity_facets: 0.757065275 | tumor_purity_consensus: 0.757065275 | tumor_ploidy: 3.643619657 | cnv_burden_del: 0 | cnv_burden_hemizygote: 3.10E-05 | loh_burden_burden: 0.26384383 | cnv_burden_gain: 0.153209952 | cnv_burden_amp: 0.432616693 | til_count: 668 | tissue_area: 18420500 | til_density: 36.263945061209 | time: T1 | subtype_consensus: TN | mut_load: 87,,UNRESOLVED,LOW,NO_DECISIVE_EVIDENCE,,,,,False
GEO:GSE123845,GSM3513985,OB_15_0190_2,Primary Tumor,gender: Female | age: 44.45833333 | menopausal_status: Premenopausal | bc_family_history: Yes | brca1_status: Not Detected | brca2_status: Not Detected | cell_type_diagnosis: Invasive ductal carcinoma | er_status_diagnosis: 0 | er_score_diagnosis: 0 | pr_status_diagnosis: 0 | pr_score_diagnosis: 0 | her2_status_diagnosis: 0 | her2_score_diagnosis: 0 | ki67_status_diagnosis: 999 | ki67_diagnosis: 0.9 | tnm_stage_clinical: cT2N0-1M0 | nac_drug: AC+T | er_status_surgery: Negative | er_score_surgery: 0 | pr_status_surgery: Negative | pr_score_surgery: 0 | her2_status_surgery: Negative | her2_score_surgery: 0 | ki67_status_surgery: 4 | ki67_surgery: 80-90% | histological_grade: 3 | nuclear_grade: 3 | lymphovascular_invasion: 0 | bilaterality: 0 | multiplicity: 0 | surgery_type: 1 | surgical_site: 2 | tumor_size: 1.6 | regional_lymph_nodes: 0 | tnm_stage_pathologic: 2 | pcr_status: 1 | proliferative_index: 8.578176302 | cyt_score: 42.57502789 | subtype_pam50: Normal | subtype_nmc: TN | subtype_ihc: TN | tumor_purity_pathology: 0.6 | cin_score: 10.50438484 | tumor_purity_facets: 0.287865554 | tumor_purity_consensus: 0.287865554 | tumor_ploidy: 1.588572532 | cnv_burden_del: 0.018526797 | cnv_burden_hemizygote: 0.276897001 | loh_burden_burden: 0 | cnv_burden_gain: 0.012341889 | cnv_burden_amp: 0 | til_count: 898 | tissue_area: 19551700 | til_density: 45.9295099658853 | time: T2 | subtype_consensus: TN | mut_load: 3,,UNRESOLVED,LOW,NO_DECISIVE_EVIDENCE,,,,,False
GEO:GSE123845,GSM3513986,OB_15_0190_3,Primary Tumor,gender: Female | age: 44.45833333 | menopausal_status: Premenopausal | bc_family_history: Yes | brca1_status: Not Detected | brca2_status: Not Detected | cell_type_diagnosis: Invasive ductal carcinoma | er_status_diagnosis: 0 | er_score_diagnosis: 0 | pr_status_diagnosis: 0 | pr_score_diagnosis: 0 | her2_status_diagnosis: 0 | her2_score_diagnosis: 0 | ki67_status_diagnosis: 999 | ki67_diagnosis: 0.9 | tnm_stage_clinical: cT2N0-1M0 | nac_drug: AC+T | er_status_surgery: Negative | er_score_surgery: 0 | pr_status_surgery: Negative | pr_score_surgery: 0 | her2_status_surgery: Negative | her2_score_surgery: 0 | ki67_status_surgery: 4 | ki67_surgery: 80-90% | histological_grade: 3 | nuclear_grade: 3 | lymphovascular_invasion: 0 | bilaterality: 0 | multiplicity: 0 | surgery_type: 1 | surgical_site: 2 | tumor_size: 1.6 | regional_lymph_nodes: 0 | tnm_stage_pathologic: 2 | pcr_status: 1 | proliferative_index: 40.31577906 | cyt_score: 1.523712571 | subtype_pam50: Basal | subtype_nmc: TN | subtype_ihc: TN | tumor_purity_pathology: 0.8 | cin_score: 39.33175159 | tumor_purity_facets: 0.782005098 | tumor_purity_consensus: 0.782005098 | tumor_ploidy: 4.096170329 | cnv_burden_del: 0.000297648 | cnv_burden_hemizygote: 0.0035187 | loh_burden_burden: 0.129420712 | cnv_burden_gain: 0.116281853 | cnv_burden_amp: 0.338499196 | til_count: 3674 | tissue_area: 66850700 | til_density: 54.9582876469506 | time: T3 | subtype_consensus: TN | mut_load: 80,,UNRESOLVED,LOW,NO_DECISIVE_EVIDENCE,,,,,False
GEO:GSE123845,GSM3513987,OB_15_0197_1,Primary Tumor,gender: Female | age: 35.73333333 | menopausal_status: Premenopausal | bc_family_history: No | brca1_status: 999 | brca2_status: 999 | cell_type_diagnosis: Invasive ductal carcinoma | er_status_diagnosis: 1 | er_score_diagnosis: 8 | pr_status_diagnosis: 1 | pr_score_diagnosis: 7 | her2_status_diagnosis: 7 | her2_score_diagnosis: 2 | ki67_status_diagnosis: 2 | ki67_diagnosis: 20-30% | tnm_stage_clinical: 999 | nac_drug: AC+T | er_status_surgery: Positive | er_score_surgery: 8 | pr_status_surgery: Positive | pr_score_surgery: 7 | her2_status_surgery: Positive | her2_score_surgery: 2 | ki67_status_surgery: 1 | ki67_surgery: 10-20% | histological_grade: 2 | nuclear_grade: 3 | lymphovascular_invasion: 0 | bilaterality: 0 | multiplicity: 0 | surgery_type: 1 | surgical_site: 1 | tumor_size: 4 | regional_lymph_nodes: 3 | tnm_stage_pathologic: 8 | pcr_status: 1 | proliferative_index: 18.86199348 | cyt_score: 9.191844211 | subtype_pam50: LumB | subtype_nmc: ER+ | subtype_ihc: ER+ | tumor_purity_pathology: 0.8 | cin_score: 20.89780075 | tumor_purity_facets: 0.447501693 | tumor_purity_consensus: 0.447501693 | tumor_ploidy: 3.365877891 | cnv_burden_del: 0.00511945 | cnv_burden_hemizygote: 0.018487138 | loh_burden_burden: 0.026627321 | cnv_burden_gain: 0.19292439 | cnv_burden_amp: 0.599657806 | til_count: 16674 | tissue_area: 79367200 | til_density: 210.086786481065 | time: T1 | subtype_consensus: ER+ | mut_load: 28,,UNRESOLVED,LOW,NO_DECISIVE_EVIDENCE,,,,,False
GEO:GSE123845,GSM3513988,OB_15_0197_2,Primary Tumor,gender: Female | age: 35.73333333 | menopausal_status: Premenopausal | bc_family_history: No | brca1_status: 999 | brca2_status: 999 | cell_type_diagnosis: Invasive ductal carcinoma | er_status_diagnosis: 1 | er_score_diagnosis: 8 | pr_status_diagnosis: 1 | pr_score_diagnosis: 7 | her2_status_diagnosis: 7 | her2_score_diagnosis: 2 | ki67_status_diagnosis: 2 | ki67_diagnosis: 20-30% | tnm_stage_clinical: 999 | nac_drug: AC+T | er_status_surgery: Positive | er_score_surgery: 8 | pr_status_surgery: Positive | pr_score_surgery: 7 | her2_status_surgery: Positive | her2_score_surgery: 2 | ki67_status_surgery: 1 | ki67_surgery: 10-20% | histological_grade: 2 | nuclear_grade: 3 | lymphovascular_invasion: 0 | bilaterality: 0 | multiplicity: 0 | surgery_type: 1 | surgical_site: 1 | tumor_size: 4 | regional_lymph_nodes: 3 | tnm_stage_pathologic: 8 | pcr_status: 1 | proliferative_index: 11.28606898 | cyt_score: 14.26245421 | subtype_pam50: LumA | subtype_nmc: ER+ | subtype_ihc: ER+ | tumor_purity_pathology: 0.7 | cin_score: 20.37219629 | tumor_purity_facets: 0.291435374 | tumor_purity_consensus: 0.291435374 | tumor_ploidy: 1.390059925 | cnv_burden_del: 0.120909128 | cnv_burden_hemizygote: 0.159941265 | loh_burden_burden: 0 | cnv_burden_gain: 0.200579339 | cnv_burden_amp: 0 | til_count: 3464 | tissue_area: 23974100 | til_density: 144.48926132785 | time: T2 | subtype_consensus: ER+ | mut_load: 2,,UNRESOLVED,LOW,NO_DECISIVE_EVIDENCE,,,,,False
GEO:GSE123845,GSM3513989,OB_15_0201_1,Primary Tumor,gender: Female | age: 36.33333333 | menopausal_status: Premenopausal | bc_family_history: No | brca1_status: Not Detected | brca2_status: Not Detected | cell_type_diagnosis: Invasive ductal carcinoma | er_status_diagnosis: 0 | er_score_diagnosis: 0 | pr_status_diagnosis: 0 | pr_score_diagnosis: 0 | her2_status_diagnosis: 1 | her2_score_diagnosis: 3 | ki67_status_diagnosis: 4 | ki67_diagnosis: 0.8 | tnm_stage_clinical: cT3N1M0 | nac_drug: AC+T+Trastuzumab | er_status_surgery: Negative | er_score_surgery: 0 | pr_status_surgery: Negative | pr_score_surgery: 0 | her2_status_surgery: Positive | her2_score_surgery: 3 | ki67_status_surgery: 2 | ki67_surgery: 40-50% | histological_grade: 2 | nuclear_grade: 2 | lymphovascular_invasion: 0 | bilaterality: 0 | multiplicity: 0 | surgery_type: 1 | surgical_site: 2 | tumor_size: 150x50<U+339B> | regional_lymph_nodes: 0 | tnm_stage_pathologic: 2 | pcr_status: 1 | proliferative_index: 25.44502952 | cyt_score: 58.36954685 | subtype_pam50: Her2 | subtype_nmc: HER2+ | subtype_ihc: HER2+ | tumor_purity_pathology: 0.5 | cin_score: 17.00511191 | tumor_purity_facets: 0.289674799 | tumor_purity_consensus: 0.289674799 | tumor_ploidy: 1.622668198 | cnv_burden_del: 0.044898464 | cnv_burden_hemizygote: 0.22813762 | loh_burden_burden: 0 | cnv_burden_gain: 0.226465115 | cnv_burden_amp: 0.000782502 | til_count: 39191 | tissue_area: 109100000 | til_density: 359.220898258478 | time: T1 | subtype_consensus: HER2+ | mut_load: 6,,UNRESOLVED,LOW,NO_DECISIVE_EVIDENCE,,,,,False
GEO:GSE123845,GSM3513990,OB_15_0201_3,Primary Tumor,gender: Female | age: 36.33333333 | menopausal_status: Premenopausal | bc_family_history: No | brca1_status: Not Detected | brca2_status: Not Detected | cell_type_diagnosis: Invasive ductal carcinoma | er_status_diagnosis: 0 | er_score_diagnosis: 0 | pr_status_diagnosis: 0 | pr_score_diagnosis: 0 | her2_status_diagnosis: 1 | her2_score_diagnosis: 3 | ki67_status_diagnosis: 4 | ki67_diagnosis: 0.8 | tnm_stage_clinical: cT3N1M0 | nac_drug: AC+T+Trastuzumab | er_status_surgery: Negative | er_score_surgery: 0 | pr_status_surgery: Negative | pr_score_surgery: 0 | her2_status_surgery: Positive | her2_score_surgery: 3 | ki67_status_surgery: 2 | ki67_surgery: 40-50% | histological_grade: 2 | nuclear_grade: 2 | lymphovascular_invasion: 0 | bilaterality: 0 | multiplicity: 0 | surgery_type: 1 | surgical_site: 2 | tumor_size: 150x50<U+339B> | regional_lymph_nodes: 0 | tnm_stage_pathologic: 2 | pcr_status: 1 | proliferative_index: 29.29381555 | cyt_score: 10.83337436 | subtype_pam50: Her2 | subtype_nmc: HER2+ | subtype_ihc: HER2+ | tumor_purity_pathology: 0.4 | cin_score: 12.09557241 | tumor_purity_facets: 0.312907053 | tumor_purity_consensus: 0.312907053 | tumor_ploidy: 1.710456891 | cnv_burden_del: 0.073351274 | cnv_burden_hemizygote: 0.154427182 | loh_burden_burden: 0 | cnv_burden_gain: 0.015287116 | cnv_burden_amp: 0.014931001 | til_count: 8986 | tissue_area: 234026000 | til_density: 38.3974430191517 | time: T3 | subtype_consensus: HER2+ | mut_load: 40,,UNRESOLVED,LOW,NO_DECISIVE_EVIDENCE,,,,,False
GEO:GSE123845,GSM3513991,OB_15_0208_1,Primary Tumor,gender: Female | age: 45.55277778 | menopausal_status: Premenopausal | bc_family_history: No | brca1_status: 999 | brca2_status: 999 | cell_type_diagnosis: Invasive ductal carcinoma | er_status_diagnosis: 0 | er_score_diagnosis: 0 | pr_status_diagnosis: 0 | pr_score_diagnosis: 0 | her2_status_diagnosis: 0 | her2_score_diagnosis: 0 | ki67_status_diagnosis: 3 | ki67_diagnosis: 50-60% | tnm_stage_clinical: cT2N3M0 | nac_drug: AC+T | er_status_surgery: Negative | er_score_surgery: 0 | pr_status_surgery: Negative | pr_score_surgery: 0 | her2_status_surgery: Negative | her2_score_surgery: 0 | ki67_status_surgery: 1 | ki67_surgery: 10-20% | histological_grade: 2 | nuclear_grade: 3 | lymphovascular_invasion: 0 | bilaterality: 0 | multiplicity: 0 | surgery_type: 1 | surgical_site: 1 | tumor_size: 0.8 | regional_lymph_nodes: 0 | tnm_stage_pathologic: 2 | pcr_status: 1 | proliferative_index: 45.58286979 | cyt_score: 14.00174632 | subtype_pam50: Basal | subtype_nmc: TN | subtype_ihc: TN | tumor_purity_pathology: 0.75 | cin_score: 14.81145946 | tumor_purity_facets: 0.308974914 | tumor_purity_consensus: 0.308974914 | tumor_ploidy: 2.636029601 | cnv_burden_del: 0.004104749 | cnv_burden_hemizygote: 0.051476026 | loh_burden_burden: 0.004239122 | cnv_burden_gain: 0.602832124 | cnv_burden_amp: 0.058542839 | til_count: 1337 | tissue_area: 48110200 | til_density: 27.7903646212238 | time: T1 | subtype_consensus: TN | mut_load: 61,,UNRESOLVED,LOW,NO_DECISIVE_EVIDENCE,,,,,False
GEO:GSE123845,GSM3513992,OB_15_0234_1,Primary Tumor,gender: Female | age: 48.99444444 | menopausal_status: Postmenopausal | bc_family_history: No | brca1_status: 999 | brca2_status: 999 | cell_type_diagnosis: Invasive ductal carcinoma | er_status_diagnosis: 0 | er_score_diagnosis: 0 | pr_status_diagnosis: 0 | pr_score_diagnosis: 0 | her2_status_diagnosis: 1 | her2_score_diagnosis: 3 | ki67_status_diagnosis: 2 | ki67_diagnosis: 0.3 | tnm_stage_clinical: cT2N3M0 | nac_drug: AC+T+Trastuzumab | er_status_surgery: Positive | er_score_surgery: 8 | pr_status_surgery: Negative | pr_score_surgery: 0 | her2_status_surgery: Positive | her2_score_surgery: 3 | ki67_status_surgery: 1 | ki67_surgery: <10% | histological_grade: 1 | nuclear_grade: 2 | lymphovascular_invasion: 0 | bilaterality: 0 | multiplicity: 0 | surgery_type: 0 | surgical_site: 1 | tumor_size: 0.5(Tis) | regional_lymph_nodes: 0 | tnm_stage_pathologic: 1 | pcr_status: 0 | proliferative_index: 18.42304701 | cyt_score: 1.430489427 | subtype_pam50: Her2 | subtype_nmc: HER2+ | subtype_ihc: HER2+ | tumor_purity_pathology: 0.6 | cin_score: 19.30076409 | tumor_purity_facets: 0.362296978 | tumor_purity_consensus: 0.362296978 | tumor_ploidy: 2.858406089 | cnv_burden_del: 0.013905694 | cnv_burden_hemizygote: 0.043510121 | loh_burden_burden: 0.015003553 | cnv_burden_gain: 0.436584099 | cnv_burden_amp: 0.096557735 | til_count: 259 | tissue_area: 14289500 | til_density: 18.1251968228419 | time: T1 | subtype_consensus: HER2+ | mut_load: 37,,UNRESOLVED,LOW,NO_DECISIVE_EVIDENCE,,,,,False
GEO:GSE123845,GSM3513993,OB_15_0234_2,Primary Tumor,gender: Female | age: 48.99444444 | menopausal_status: Postmenopausal | bc_family_history: No | brca1_status: 999 | brca2_status: 999 | cell_type_diagnosis: Invasive ductal carcinoma | er_status_diagnosis: 0 | er_score_diagnosis: 0 | pr_status_diagnosis: 0 | pr_score_diagnosis: 0 | her2_status_diagnosis: 1 | her2_score_diagnosis: 3 | ki67_status_diagnosis: 2 | ki67_diagnosis: 0.3 | tnm_stage_clinical: cT2N3M0 | nac_drug: AC+T+Trastuzumab | er_status_surgery: Positive | er_score_surgery: 8 | pr_status_surgery: Negative | pr_score_surgery: 0 | her2_status_surgery: Positive | her2_score_surgery: 3 | ki67_status_surgery: 1 | ki67_surgery: <10% | histological_grade: 1 | nuclear_grade: 2 | lymphovascular_invasion: 0 | bilaterality: 0 | multiplicity: 0 | surgery_type: 0 | surgical_site: 1 | tumor_size: 0.5(Tis) | regional_lymph_nodes: 0 | tnm_stage_pathologic: 1 | pcr_status: 0 | proliferative_index: 14.62883115 | cyt_score: 14.86323653 | subtype_pam50: Her2 | subtype_nmc: HER2+ | subtype_ihc: HER2+ | tumor_purity_pathology: 0.6 | cin_score: 16.9301586 | tumor_purity_facets: 0.285417046 | tumor_purity_consensus: 0.285417046 | tumor_ploidy: 1.582463691 | cnv_burden_del: 0.096447001 | cnv_burden_hemizygote: 0.241066266 | loh_burden_burden: 0.000284385 | cnv_burden_gain: 0.25623341 | cnv_burden_amp: 0.00033635 | til_count: 2715 | tissue_area: 19003900 | til_density: 142.865411836518 | time: T2 | subtype_consensus: HER2+ | mut_load: 3,,UNRESOLVED,LOW,NO_DECISIVE_EVIDENCE,,,,,False
GEO:GSE123845,GSM3513994,OB_15_0235_1,Primary Tumor,gender: Female | age: 34.57222222 | menopausal_status: Premenopausal | bc_family_history: No | brca1_status: 999 | brca2_status: 999 | cell_type_diagnosis: Invasive carcinoma with lobular feature | er_status_diagnosis: 1 | er_score_diagnosis: 8 | pr_status_diagnosis: 1 | pr_score_diagnosis: 8 | her2_status_diagnosis: 0 | her2_score_diagnosis: 1 | ki67_status_diagnosis: 1 | ki67_diagnosis: <10% | tnm_stage_clinical: cT2N1-2M0 | nac_drug: AC+T | er_status_surgery: Positive | er_score_surgery: 8 | pr_status_surgery: Positive | pr_score_surgery: 7 | her2_status_surgery: Negative | her2_score_surgery: 1 | ki67_status_surgery: 1 | ki67_surgery: <5% | histological_grade: 2 | nuclear_grade: 2 | lymphovascular_invasion: 0 | bilaterality: 0 | multiplicity: 0 | surgery_type: 0 | surgical_site: 2 | tumor_size: 4.5 | regional_lymph_nodes: 2 | tnm_stage_pathologic: 8 | pcr_status: 1 | proliferative_index: 12.11049055 | cyt_score: 0.885042372 | subtype_pam50: LumA | subtype_nmc: NA | subtype_ihc: ER+ | tumor_purity_pathology: 0.6 | cin_score: NA | tumor_purity_facets: NA | tumor_purity_consensus: 0.6 | tumor_ploidy: NA | cnv_burden_del: NA | cnv_burden_hemizygote: NA | loh_burden_burden: NA | cnv_burden_gain: NA | cnv_burden_amp: NA | til_count: 1699 | tissue_area: 31045500 | til_density: 54.7261277801936 | time: T1 | subtype_consensus: ER+ | mut_load: NA,,UNRESOLVED,LOW,NO_DECISIVE_EVIDENCE,,,,,False
GEO:GSE123845,GSM3513995,OB_15_0235_2,Primary Tumor,gender: Female | age: 34.57222222 | menopausal_status: Premenopausal | bc_family_history: No | brca1_status: 999 | brca2_status: 999 | cell_type_diagnosis: Invasive carcinoma with lobular feature | er_status_diagnosis: 1 | er_score_diagnosis: 8 | pr_status_diagnosis: 1 | pr_score_diagnosis: 8 | her2_status_diagnosis: 0 | her2_score_diagnosis: 1 | ki67_status_diagnosis: 1 | ki67_diagnosis: <10% | tnm_stage_clinical: cT2N1-2M0 | nac_drug: AC+T | er_status_surgery: Positive | er_score_surgery: 8 | pr_status_surgery: Positive | pr_score_surgery: 7 | her2_status_surgery: Negative | her2_score_surgery: 1 | ki67_status_surgery: 1 | ki67_surgery: <5% | histological_grade: 2 | nuclear_grade: 2 | lymphovascular_invasion: 0 | bilaterality: 0 | multiplicity: 0 | surgery_type: 0 | surgical_site: 2 | tumor_size: 4.5 | regional_lymph_nodes: 2 | tnm_stage_pathologic: 8 | pcr_status: 1 | proliferative_index: 49.79794016 | cyt_score: 2.48394847 | subtype_pam50: LumB | subtype_nmc: NA | subtype_ihc: ER+ | tumor_purity_pathology: 0.7 | cin_score: NA | tumor_purity_facets: NA | tumor_purity_consensus: 0.7 | tumor_ploidy: NA | cnv_burden_del: NA | cnv_burden_hemizygote: NA | loh_burden_burden: NA | cnv_burden_gain: NA | cnv_burden_amp: NA | til_count: 3188 | tissue_area: 24880700 | til_density: 128.131443247176 | time: T2 | subtype_consensus: ER+ | mut_load: NA,,UNRESOLVED,LOW,NO_DECISIVE_EVIDENCE,,,,,False
GEO:GSE123845,GSM3513996,OB_15_0235_3,Primary Tumor,gender: Female | age: 34.57222222 | menopausal_status: Premenopausal | bc_family_history: No | brca1_status: 999 | brca2_status: 999 | cell_type_diagnosis: Invasive carcinoma with lobular feature | er_status_diagnosis: 1 | er_score_diagnosis: 8 | pr_status_diagnosis: 1 | pr_score_diagnosis: 8 | her2_status_diagnosis: 0 | her2_score_diagnosis: 1 | ki67_status_diagnosis: 1 | ki67_diagnosis: <10% | tnm_stage_clinical: cT2N1-2M0 | nac_drug: AC+T | er_status_surgery: Positive | er_score_surgery: 8 | pr_status_surgery: Positive | pr_score_surgery: 7 | her2_status_surgery: Negative | her2_score_surgery: 1 | ki67_status_surgery: 1 | ki67_surgery: <5% | histological_grade: 2 | nuclear_grade: 2 | lymphovascular_invasion: 0 | bilaterality: 0 | multiplicity: 0 | surgery_type: 0 | surgical_site: 2 | tumor_size: 4.5 | regional_lymph_nodes: 2 | tnm_stage_pathologic: 8 | pcr_status: 1 | proliferative_index: 2.004391744 | cyt_score: 9.362958934 | subtype_pam50: LumA | subtype_nmc: NA | subtype_ihc: ER+ | tumor_purity_pathology: 0.3 | cin_score: NA | tumor_purity_facets: NA | tumor_purity_consensus: 0.3 | tumor_ploidy: NA | cnv_burden_del: NA | cnv_burden_hemizygote: NA | loh_burden_burden: NA | cnv_burden_gain: NA | cnv_burden_amp: NA | til_count: 470 | tissue_area: 18408700 | til_density: 25.5314063459125 | time: T3 | subtype_consensus: ER+ | mut_load: NA,,UNRESOLVED,LOW,NO_DECISIVE_EVIDENCE,,,,,False
GEO:GSE123845,GSM3513997,OB_15_0238_1,Primary Tumor,gender: Female | age: 54.07777778 | menopausal_status: Premenopausal | bc_family_history: Yes | brca1_status: 999 | brca2_status: 999 | cell_type_diagnosis: Invasive ductal carcinoma | er_status_diagnosis: 1 | er_score_diagnosis: 5 | pr_status_diagnosis: 0 | pr_score_diagnosis: 0 | her2_status_diagnosis: 1 | her2_score_diagnosis: 3 | ki67_status_diagnosis: 1 | ki67_diagnosis: 0.2 | tnm_stage_clinical: cT4N2M0 | nac_drug: AC+T+Trastuzumab | er_status_surgery: Positive | er_score_surgery: 5 | pr_status_surgery: Positive | pr_score_surgery: 5 | her2_status_surgery: Positive | her2_score_surgery: 3 | ki67_status_surgery: 1 | ki67_surgery: <5% | histological_grade: 1 | nuclear_grade: 2 | lymphovascular_invasion: 0 | bilaterality: 0 | multiplicity: 0 | surgery_type: 0 | surgical_site: 1 | tumor_size: 7 | regional_lymph_nodes: 0 | tnm_stage_pathologic: 9 | pcr_status: 1 | proliferative_index: 7.724213011 | cyt_score: 1.851431878 | subtype_pam50: LumB | subtype_nmc: HER2+ | subtype_ihc: ER+HER2+ | tumor_purity_pathology: 0.7 | cin_score: 17.64373981 | tumor_purity_facets: 0.432934644 | tumor_purity_consensus: 0.432934644 | tumor_ploidy: 3.457615088 | cnv_burden_del: 0 | cnv_burden_hemizygote: 0.02611953 | loh_burden_burden: 0.098815599 | cnv_burden_gain: 0.571058434 | cnv_burden_amp: 0.216452505 | til_count: 624 | tissue_area: 25616100 | til_density: 24.3596800449717 | time: T1 | subtype_consensus: ER+HER2+ | mut_load: 46,,UNRESOLVED,LOW,NO_DECISIVE_EVIDENCE,,,,,False
GEO:GSE123845,GSM3513998,OB_15_0238_2,Primary Tumor,gender: Female | age: 54.07777778 | menopausal_status: Premenopausal | bc_family_history: Yes | brca1_status: 999 | brca2_status: 999 | cell_type_diagnosis: Invasive ductal carcinoma | er_status_diagnosis: 1 | er_score_diagnosis: 5 | pr_status_diagnosis: 0 | pr_score_diagnosis: 0 | her2_status_diagnosis: 1 | her2_score_diagnosis: 3 | ki67_status_diagnosis: 1 | ki67_diagnosis: 0.2 | tnm_stage_clinical: cT4N2M0 | nac_drug: AC+T+Trastuzumab | er_status_surgery: Positive | er_score_surgery: 5 | pr_status_surgery: Positive | pr_score_surgery: 5 | her2_status_surgery: Positive | her2_score_surgery: 3 | ki67_status_surgery: 1 | ki67_surgery: <5% | histological_grade: 1 | nuclear_grade: 2 | lymphovascular_invasion: 0 | bilaterality: 0 | multiplicity: 0 | surgery_type: 0 | surgical_site: 1 | tumor_size: 7 | regional_lymph_nodes: 0 | tnm_stage_pathologic: 9 | pcr_status: 1 | proliferative_index: 2.819396353 | cyt_score: 12.19454796 | subtype_pam50: LumA | subtype_nmc: ER+HER2+ | subtype_ihc: ER+HER2+ | tumor_purity_pathology: 0.5 | cin_score: 14.26472299 | tumor_purity_facets: 0.281057522 | tumor_purity_consensus: 0.281057522 | tumor_ploidy: 2.951065886 | cnv_burden_del: 0.001254703 | cnv_burden_hemizygote: 0.026579465 | loh_burden_burden: 0 | cnv_burden_gain: 0.636990482 | cnv_burden_amp: 0.024301536 | til_count: 943 | tissue_area: 28079600 | til_density: 33.5830994743515 | time: T2 | subtype_consensus: ER+HER2+ | mut_load: 17,,UNRESOLVED,LOW,NO_DECISIVE_EVIDENCE,,,,,False
GEO:GSE123845,GSM3513999,OB_15_0243_1,Primary Tumor,gender: Female | age: 44.66388889 | menopausal_status: Premenopausal | bc_family_history: No | brca1_status: 999 | brca2_status: 999 | cell_type_diagnosis: Invasive ductal carcinoma | er_status_diagnosis: 1 | er_score_diagnosis: 8 | pr_status_diagnosis: 1 | pr_score_diagnosis: 8 | her2_status_diagnosis: 1 | her2_score_diagnosis: 3 | ki67_status_diagnosis: 2 | ki67_diagnosis: 20-30% | tnm_stage_clinical: cT2N2M0 | nac_drug: AC+T+Trastuzumab | er_status_surgery: 999 | er_score_surgery: 999 | pr_status_surgery: 999 | pr_score_surgery: 999 | her2_status_surgery: 999 | her2_score_surgery: 999 | ki67_status_surgery: 999 | ki67_surgery: 999 | histological_grade: 999 | nuclear_grade: 999 | lymphovascular_invasion: 999 | bilaterality: 0 | multiplicity: 0 | surgery_type: 1 | surgical_site: 1 | tumor_size: 0 | regional_lymph_nodes: 0 | tnm_stage_pathologic: 77 | pcr_status: 0 | proliferative_index: 15.85459012 | cyt_score: 33.58997618 | subtype_pam50: LumA | subtype_nmc: ER+HER2+ | subtype_ihc: ER+HER2+ | tumor_purity_pathology: 0.7 | cin_score: 22.26462784 | tumor_purity_facets: 0.426421206 | tumor_purity_consensus: 0.426421206 | tumor_ploidy: 3.314375328 | cnv_burden_del: 0.001333486 | cnv_burden_hemizygote: 0.024076876 | loh_burden_burden: 0 | cnv_burden_gain: 0.596214841 | cnv_burden_amp: 0.151997098 | til_count: 1523 | tissue_area: 26287300 | til_density: 57.9367222955572 | time: T1 | subtype_consensus: ER+HER2+ | mut_load: 20,,UNRESOLVED,LOW,NO_DECISIVE_EVIDENCE,,,,,False
GEO:GSE123845,GSM3514000,OB_15_0243_2,Primary Tumor,gender: Female | age: 44.66388889 | menopausal_status: Premenopausal | bc_family_history: No | brca1_status: 999 | brca2_status: 999 | cell_type_diagnosis: Invasive ductal carcinoma | er_status_diagnosis: 1 | er_score_diagnosis: 8 | pr_status_diagnosis: 1 | pr_score_diagnosis: 8 | her2_status_diagnosis: 1 | her2_score_diagnosis: 3 | ki67_status_diagnosis: 2 | ki67_diagnosis: 20-30% | tnm_stage_clinical: cT2N2M0 | nac_drug: AC+T+Trastuzumab | er_status_surgery: 999 | er_score_surgery: 999 | pr_status_surgery: 999 | pr_score_surgery: 999 | her2_status_surgery: 999 | her2_score_surgery: 999 | ki67_status_surgery: 999 | ki67_surgery: 999 | histological_grade: 999 | nuclear_grade: 999 | lymphovascular_invasion: 999 | bilaterality: 0 | multiplicity: 0 | surgery_type: 1 | surgical_site: 1 | tumor_size: 0 | regional_lymph_nodes: 0 | tnm_stage_pathologic: 77 | pcr_status: 0 | proliferative_index: 63.0480273 | cyt_score: 6.347440429 | subtype_pam50: Basal | subtype_nmc: TN | subtype_ihc: ER+HER2+ | tumor_purity_pathology: 0.6 | cin_score: 17.47253724 | tumor_purity_facets: 0.282102992 | tumor_purity_consensus: 0.282102992 | tumor_ploidy: 1.550508491 | cnv_burden_del: 0.058781785 | cnv_burden_hemizygote: 0.171062796 | loh_burden_burden: 0 | cnv_burden_gain: 0.230280048 | cnv_burden_amp: 0 | til_count: 1699 | tissue_area: 23066300 | til_density: 73.6572402162462 | time: T2 | subtype_consensus: ER+HER2+ | mut_load: 1,,UNRESOLVED,LOW,NO_DECISIVE_EVIDENCE,,,,,False
GEO:GSE123845,GSM3514001,OB_15_0246_1,Primary Tumor,gender: Female | age: 27.90555556 | menopausal_status: Premenopausal | bc_family_history: No | brca1_status: Not Detected | brca2_status: Equivocal | cell_type_diagnosis: Invasive ductal carcinoma | er_status_diagnosis: 1 | er_score_diagnosis: 7 | pr_status_diagnosis: 0 | pr_score_diagnosis: 3 | her2_status_diagnosis: 1 | her2_score_diagnosis: 3 | ki67_status_diagnosis: 2 | ki67_diagnosis: 40-50% | tnm_stage_clinical: cT2N1M0 | nac_drug: AC+T+Trastuzumab | er_status_surgery: Positive | er_score_surgery: 8 | pr_status_surgery: Positive | pr_score_surgery: 7 | her2_status_surgery: Positive | her2_score_surgery: 3 | ki67_status_surgery: 1 | ki67_surgery: 0.1 | histological_grade: 3 | nuclear_grade: 3 | lymphovascular_invasion: 0 | bilaterality: 0 | multiplicity: 1 | surgery_type: 0 | surgical_site: 1 | tumor_size: 1.2 | regional_lymph_nodes: 0 | tnm_stage_pathologic: 2 | pcr_status: 1 | proliferative_index: 25.56424898 | cyt_score: 3.36 | subtype_pam50: Her2 | subtype_nmc: ER+HER2+ | subtype_ihc: ER+HER2+ | tumor_purity_pathology: 0.7 | cin_score: 20.9975538 | tumor_purity_facets: 0.473716311 | tumor_purity_consensus: 0.473716311 | tumor_ploidy: 3.726065726 | cnv_burden_del: 0 | cnv_burden_hemizygote: 0.004554559 | loh_burden_burden: 0 | cnv_burden_gain: 0.460205385 | cnv_burden_amp: 0.39117515 | til_count: 17451 | tissue_area: 84861200 | til_density: 205.641683124915 | time: T1 | subtype_consensus: ER+HER2+ | mut_load: 15,,UNRESOLVED,LOW,NO_DECISIVE_EVIDENCE,,,,,False
GEO:GSE123845,GSM3514002,OB_15_0246_2,Primary Tumor,gender: Female | age: 27.90555556 | menopausal_status: Premenopausal | bc_family_history: No | brca1_status: Not Detected | brca2_status: Equivocal | cell_type_diagnosis: Invasive ductal carcinoma | er_status_diagnosis: 1 | er_score_diagnosis: 7 | pr_status_diagnosis: 0 | pr_score_diagnosis: 3 | her2_status_diagnosis: 1 | her2_score_diagnosis: 3 | ki67_status_diagnosis: 2 | ki67_diagnosis: 40-50% | tnm_stage_clinical: cT2N1M0 | nac_drug: AC+T+Trastuzumab | er_status_surgery: Positive | er_score_surgery: 8 | pr_status_surgery: Positive | pr_score_surgery: 7 | her2_status_surgery: Positive | her2_score_surgery: 3 | ki67_status_surgery: 1 | ki67_surgery: 0.1 | histological_grade: 3 | nuclear_grade: 3 | lymphovascular_invasion: 0 | bilaterality: 0 | multiplicity: 1 | surgery_type: 0 | surgical_site: 1 | tumor_size: 1.2 | regional_lymph_nodes: 0 | tnm_stage_pathologic: 2 | pcr_status: 1 | proliferative_index: 47.1502224 | cyt_score: 10.1900736 | subtype_pam50: Basal | subtype_nmc: ER+ | subtype_ihc: ER+HER2+ | tumor_purity_pathology: 0.7 | cin_score: 25.0282811 | tumor_purity_facets: 0.29366179 | tumor_purity_consensus: 0.29366179 | tumor_ploidy: 1.514016312 | cnv_burden_del: 0.117717352 | cnv_burden_hemizygote: 0.158425792 | loh_burden_burden: 0 | cnv_burden_gain: 0.255426613 | cnv_burden_amp: 0.008074654 | til_count: 6617 | tissue_area: 21842900 | til_density: 302.935965462461 | time: T2 | subtype_consensus: ER+HER2+ | mut_load: 4,,UNRESOLVED,LOW,NO_DECISIVE_EVIDENCE,,,,,False
GEO:GSE123845,GSM3514003,OB_15_0251_1,Primary Tumor,gender: Female | age: 53.37222222 | menopausal_status: Postmenopausal | bc_family_history: No | brca1_status: 999 | brca2_status: 999 | cell_type_diagnosis: Invasive ductal carcinoma | er_status_diagnosis: 1 | er_score_diagnosis: 8 | pr_status_diagnosis: 1 | pr_score_diagnosis: 8 | her2_status_diagnosis: 0 | her2_score_diagnosis: 0 | ki67_status_diagnosis: 1 | ki67_diagnosis: <10% | tnm_stage_clinical: cT4N1M0 | nac_drug: AC+T | er_status_surgery: Positive | er_score_surgery: 8 | pr_status_surgery: Positive | pr_score_surgery: 8 | her2_status_surgery: Negative | her2_score_surgery: 0 | ki67_status_surgery: 1 | ki67_surgery: 0.1 | histological_grade: 2 | nuclear_grade: 2 | lymphovascular_invasion: 0 | bilaterality: 0 | multiplicity: 0 | surgery_type: 0 | surgical_site: 1 | tumor_size: 6 | regional_lymph_nodes: 4 | tnm_stage_pathologic: 14 | pcr_status: 1 | proliferative_index: 6.770837066 | cyt_score: 22.90590099 | subtype_pam50: LumA | subtype_nmc: ER+ | subtype_ihc: ER+ | tumor_purity_pathology: 0.6 | cin_score: 17.09675697 | tumor_purity_facets: 0.293654545 | tumor_purity_consensus: 0.293654545 | tumor_ploidy: 1.551501045 | cnv_burden_del: 0.096755073 | cnv_burden_hemizygote: 0.183700784 | loh_burden_burden: 0 | cnv_burden_gain: 0.04826225 | cnv_burden_amp: 0.013733957 | til_count: 224 | tissue_area: 11776700 | til_density: 19.0206084896448 | time: T1 | subtype_consensus: ER+ | mut_load: 17,,UNRESOLVED,LOW,NO_DECISIVE_EVIDENCE,,,,,False
GEO:GSE123845,GSM3514004,OB_15_0261_1,Primary Tumor,gender: Female | age: 56.36388889 | menopausal_status: Postmenopausal | bc_family_history: No | brca1_status: 999 | brca2_status: 999 | cell_type_diagnosis: Invasive ductal carcinoma | er_status_diagnosis: 0 | er_score_diagnosis: 0 | pr_status_diagnosis: 0 | pr_score_diagnosis: 0 | her2_status_diagnosis: 0 | her2_score_diagnosis: 0 | ki67_status_diagnosis: 4 | ki67_diagnosis: 70-80% | tnm_stage_clinical: cT2N2M0 | nac_drug: AC+T | er_status_surgery: Negative | er_score_surgery: 0 | pr_status_surgery: Negative | pr_score_surgery: 0 | her2_status_surgery: Negative | her2_score_surgery: 0 | ki67_status_surgery: 4 | ki67_surgery: 80-90% | histological_grade: 3 | nuclear_grade: 3 | lymphovascular_invasion: 0 | bilaterality: 0 | multiplicity: 0 | surgery_type: 1 | surgical_site: 1 | tumor_size: 2.3 | regional_lymph_nodes: 3 | tnm_stage_pathologic: 8 | pcr_status: 1 | proliferative_index: 61.12895077 | cyt_score: 26.65244079 | subtype_pam50: Basal | subtype_nmc: NA | subtype_ihc: TN | tumor_purity_pathology: 0.8 | cin_score: NA | tumor_purity_facets: NA | tumor_purity_consensus: 0.8 | tumor_ploidy: NA | cnv_burden_del: NA | cnv_burden_hemizygote: NA | loh_burden_burden: NA | cnv_burden_gain: NA | cnv_burden_amp: NA | til_count: 5658 | tissue_area: 43358300 | til_density: 130.494046122657 | time: T1 | subtype_consensus: TN | mut_load: NA,,UNRESOLVED,LOW,NO_DECISIVE_EVIDENCE,,,,,False
GEO:GSE123845,GSM3514005,OB_15_0261_2,Primary Tumor,gender: Female | age: 56.36388889 | menopausal_status: Postmenopausal | bc_family_history: No | brca1_status: 999 | brca2_status: 999 | cell_type_diagnosis: Invasive ductal carcinoma | er_status_diagnosis: 0 | er_score_diagnosis: 0 | pr_status_diagnosis: 0 | pr_score_diagnosis: 0 | her2_status_diagnosis: 0 | her2_score_diagnosis: 0 | ki67_status_diagnosis: 4 | ki67_diagnosis: 70-80% | tnm_stage_clinical: cT2N2M0 | nac_drug: AC+T | er_status_surgery: Negative | er_score_surgery: 0 | pr_status_surgery: Negative | pr_score_surgery: 0 | her2_status_surgery: Negative | her2_score_surgery: 0 | ki67_status_surgery: 4 | ki67_surgery: 80-90% | histological_grade: 3 | nuclear_grade: 3 | lymphovascular_invasion: 0 | bilaterality: 0 | multiplicity: 0 | surgery_type: 1 | surgical_site: 1 | tumor_size: 2.3 | regional_lymph_nodes: 3 | tnm_stage_pathologic: 8 | pcr_status: 1 | proliferative_index: 63.09473868 | cyt_score: 43.9282301 | subtype_pam50: Basal | subtype_nmc: NA | subtype_ihc: TN | tumor_purity_pathology: 0.8 | cin_score: NA | tumor_purity_facets: NA | tumor_purity_consensus: 0.8 | tumor_ploidy: NA | cnv_burden_del: NA | cnv_burden_hemizygote: NA | loh_burden_burden: NA | cnv_burden_gain: NA | cnv_burden_amp: NA | til_count: 892 | tissue_area: 22292000 | til_density: 40.0143549255338 | time: T2 | subtype_consensus: TN | mut_load: NA,,UNRESOLVED,LOW,NO_DECISIVE_EVIDENCE,,,,,False
GEO:GSE123845,GSM3514006,OB_15_0261_3,Primary Tumor,gender: Female | age: 56.36388889 | menopausal_status: Postmenopausal | bc_family_history: No | brca1_status: 999 | brca2_status: 999 | cell_type_diagnosis: Invasive ductal carcinoma | er_status_diagnosis: 0 | er_score_diagnosis: 0 | pr_status_diagnosis: 0 | pr_score_diagnosis: 0 | her2_status_diagnosis: 0 | her2_score_diagnosis: 0 | ki67_status_diagnosis: 4 | ki67_diagnosis: 70-80% | tnm_stage_clinical: cT2N2M0 | nac_drug: AC+T | er_status_surgery: Negative | er_score_surgery: 0 | pr_status_surgery: Negative | pr_score_surgery: 0 | her2_status_surgery: Negative | her2_score_surgery: 0 | ki67_status_surgery: 4 | ki67_surgery: 80-90% | histological_grade: 3 | nuclear_grade: 3 | lymphovascular_invasion: 0 | bilaterality: 0 | multiplicity: 0 | surgery_type: 1 | surgical_site: 1 | tumor_size: 2.3 | regional_lymph_nodes: 3 | tnm_stage_pathologic: 8 | pcr_status: 1 | proliferative_index: 86.18892572 | cyt_score: 4.425584707 | subtype_pam50: Basal | subtype_nmc: NA | subtype_ihc: TN | tumor_purity_pathology: 0.7 | cin_score: NA | tumor_purity_facets: NA | tumor_purity_consensus: 0.7 | tumor_ploidy: NA | cnv_burden_del: NA | cnv_burden_hemizygote: NA | loh_burden_burden: NA | cnv_burden_gain: NA | cnv_burden_amp: NA | til_count: 18399 | tissue_area: 289620000 | til_density: 63.5280712657966 | time: T3 | subtype_consensus: TN | mut_load: NA,,UNRESOLVED,LOW,NO_DECISIVE_EVIDENCE,,,,,False
GEO:GSE123845,GSM3514007,OB_15_0273_1,Primary Tumor,gender: Female | age: 46.76111111 | menopausal_status: Premenopausal | bc_family_history: No | brca1_status: 999 | brca2_status: 999 | cell_type_diagnosis: Invasive ductal carcinoma | er_status_diagnosis: 1 | er_score_diagnosis: 8 | pr_status_diagnosis: 1 | pr_score_diagnosis: 8 | her2_status_diagnosis: 0 | her2_score_diagnosis: 0 | ki67_status_diagnosis: 2 | ki67_diagnosis: 30-40% | tnm_stage_clinical: cT4N3M1(m/contralateral axillary LNs) | nac_drug: AC+T | er_status_surgery: Positive | er_score_surgery: 8 | pr_status_surgery: Positive | pr_score_surgery: 7 | her2_status_surgery: Negative | her2_score_surgery: 2 | ki67_status_surgery: 2 | ki67_surgery: 30-40% | histological_grade: 3 | nuclear_grade: 3 | lymphovascular_invasion: 1 | bilaterality: 0 | multiplicity: 0 | surgery_type: 0 | surgical_site: 2 | tumor_size: 14 | regional_lymph_nodes: 23 | tnm_stage_pathologic: 19 | pcr_status: 1 | proliferative_index: 61.18796869 | cyt_score: 24.72735328 | subtype_pam50: Basal | subtype_nmc: TN | subtype_ihc: ER+ | tumor_purity_pathology: 0.7 | cin_score: 16.66344351 | tumor_purity_facets: 0.340957224 | tumor_purity_consensus: 0.340957224 | tumor_ploidy: 3.821346713 | cnv_burden_del: 0 | cnv_burden_hemizygote: 0.009312648 | loh_burden_burden: 0.041467642 | cnv_burden_gain: 0.578839974 | cnv_burden_amp: 0.265574083 | til_count: 5337 | tissue_area: 182735008 | til_density: 29.2062263187139 | time: T1 | subtype_consensus: ER+ | mut_load: 24,,UNRESOLVED,LOW,NO_DECISIVE_EVIDENCE,,,,,False
GEO:GSE123845,GSM3514008,OB_15_0273_2,Primary Tumor,gender: Female | age: 46.76111111 | menopausal_status: Premenopausal | bc_family_history: No | brca1_status: 999 | brca2_status: 999 | cell_type_diagnosis: Invasive ductal carcinoma | er_status_diagnosis: 1 | er_score_diagnosis: 8 | pr_status_diagnosis: 1 | pr_score_diagnosis: 8 | her2_status_diagnosis: 0 | her2_score_diagnosis: 0 | ki67_status_diagnosis: 2 | ki67_diagnosis: 30-40% | tnm_stage_clinical: cT4N3M1(m/contralateral axillary LNs) | nac_drug: AC+T | er_status_surgery: Positive | er_score_surgery: 8 | pr_status_surgery: Positive | pr_score_surgery: 7 | her2_status_surgery: Negative | her2_score_surgery: 2 | ki67_status_surgery: 2 | ki67_surgery: 30-40% | histological_grade: 3 | nuclear_grade: 3 | lymphovascular_invasion: 1 | bilaterality: 0 | multiplicity: 0 | surgery_type: 0 | surgical_site: 2 | tumor_size: 14 | regional_lymph_nodes: 23 | tnm_stage_pathologic: 19 | pcr_status: 1 | proliferative_index: 33.40027611 | cyt_score: 0.825832913 | subtype_pam50: LumB | subtype_nmc: ER+ | subtype_ihc: ER+ | tumor_purity_pathology: 0.6 | cin_score: 13.7807882 | tumor_purity_facets: 0.558727221 | tumor_purity_consensus: 0.558727221 | tumor_ploidy: 3.668247303 | cnv_burden_del: 0 | cnv_burden_hemizygote: 0 | loh_burden_burden: 0 | cnv_burden_gain: 0.633160715 | cnv_burden_amp: 0.289190714 | til_count: 94 | tissue_area: 24577200 | til_density: 3.82468303956513 | time: T2 | subtype_consensus: ER+ | mut_load: 18,,UNRESOLVED,LOW,NO_DECISIVE_EVIDENCE,,,,,False
GEO:GSE123845,GSM3514009,OB_15_0273_3,Primary Tumor,gender: Female | age: 46.76111111 | menopausal_status: Premenopausal | bc_family_history: No | brca1_status: 999 | brca2_status: 999 | cell_type_diagnosis: Invasive ductal carcinoma | er_status_diagnosis: 1 | er_score_diagnosis: 8 | pr_status_diagnosis: 1 | pr_score_diagnosis: 8 | her2_status_diagnosis: 0 | her2_score_diagnosis: 0 | ki67_status_diagnosis: 2 | ki67_diagnosis: 30-40% | tnm_stage_clinical: cT4N3M1(m/contralateral axillary LNs) | nac_drug: AC+T | er_status_surgery: Positive | er_score_surgery: 8 | pr_status_surgery: Positive | pr_score_surgery: 7 | her2_status_surgery: Negative | her2_score_surgery: 2 | ki67_status_surgery: 2 | ki67_surgery: 30-40% | histological_grade: 3 | nuclear_grade: 3 | lymphovascular_invasion: 1 | bilaterality: 0 | multiplicity: 0 | surgery_type: 0 | surgical_site: 2 | tumor_size: 14 | regional_lymph_nodes: 23 | tnm_stage_pathologic: 19 | pcr_status: 1 | proliferative_index: 42.89785795 | cyt_score: 1.979115964 | subtype_pam50: LumB | subtype_nmc: ER+ | subtype_ihc: ER+ | tumor_purity_pathology: 0.5 | cin_score: 26.43372273 | tumor_purity_facets: 0.410538316 | tumor_purity_consensus: 0.410538316 | tumor_ploidy: 2.42102934 | cnv_burden_del: 0.023709532 | cnv_burden_hemizygote: 0.100906117 | loh_burden_burden: 0.039023985 | cnv_burden_gain: 0.319172746 | cnv_burden_amp: 0.083346011 | til_count: 28747 | tissue_area: 379603008 | til_density: 75.729115402584 | time: T3 | subtype_consensus: ER+ | mut_load: 31,,UNRESOLVED,LOW,NO_DECISIVE_EVIDENCE,,,,,False
GEO:GSE123845,GSM3514010,OB_15_0281_1,Primary Tumor,gender: Female | age: 49.63055556 | menopausal_status: Postmenopausal | bc_family_history: No | brca1_status: Not Detected | brca2_status: Not Detected | cell_type_diagnosis: Invasive ductal carcinoma | er_status_diagnosis: 0 | er_score_diagnosis: 0 | pr_status_diagnosis: 0 | pr_score_diagnosis: 0 | her2_status_diagnosis: 0 | her2_score_diagnosis: 0 | ki67_status_diagnosis: 2 | ki67_diagnosis: 0.4 | tnm_stage_clinical: cT2N1-2M0 | nac_drug: Others | er_status_surgery: Negative | er_score_surgery: 0 | pr_status_surgery: Negative | pr_score_surgery: 0 | her2_status_surgery: Negative | her2_score_surgery: 0 | ki67_status_surgery: 3 | ki67_surgery: 60-70% | histological_grade: 3 | nuclear_grade: 3 | lymphovascular_invasion: 1 | bilaterality: 0 | multiplicity: 0 | surgery_type: 0 | surgical_site: 2 | tumor_size: 5.5 | regional_lymph_nodes: 0 | tnm_stage_pathologic: 9 | pcr_status: 1 | proliferative_index: 28.48852325 | cyt_score: 2.403122968 | subtype_pam50: Basal | subtype_nmc: TN | subtype_ihc: TN | tumor_purity_pathology: 0.7 | cin_score: 25.381365 | tumor_purity_facets: 0.352420408 | tumor_purity_consensus: 0.352420408 | tumor_ploidy: 3.571367296 | cnv_burden_del: 0.000301656 | cnv_burden_hemizygote: 0.047055048 | loh_burden_burden: 0.161117414 | cnv_burden_gain: 0.45803631 | cnv_burden_amp: 0.139739457 | til_count: 585 | tissue_area: 13203200 | til_density: 44.3074406204556 | time: T1 | subtype_consensus: TN | mut_load: 26,,UNRESOLVED,LOW,NO_DECISIVE_EVIDENCE,,,,,False
GEO:GSE123845,GSM3514011,OB_15_0281_2,Primary Tumor,gender: Female | age: 49.63055556 | menopausal_status: Postmenopausal | bc_family_history: No | brca1_status: Not Detected | brca2_status: Not Detected | cell_type_diagnosis: Invasive ductal carcinoma | er_status_diagnosis: 0 | er_score_diagnosis: 0 | pr_status_diagnosis: 0 | pr_score_diagnosis: 0 | her2_status_diagnosis: 0 | her2_score_diagnosis: 0 | ki67_status_diagnosis: 2 | ki67_diagnosis: 0.4 | tnm_stage_clinical: cT2N1-2M0 | nac_drug: Others | er_status_surgery: Negative | er_score_surgery: 0 | pr_status_surgery: Negative | pr_score_surgery: 0 | her2_status_surgery: Negative | her2_score_surgery: 0 | ki67_status_surgery: 3 | ki67_surgery: 60-70% | histological_grade: 3 | nuclear_grade: 3 | lymphovascular_invasion: 1 | bilaterality: 0 | multiplicity: 0 | surgery_type: 0 | surgical_site: 2 | tumor_size: 5.5 | regional_lymph_nodes: 0 | tnm_stage_pathologic: 9 | pcr_status: 1 | proliferative_index: 7.253962774 | cyt_score: 3.958977141 | subtype_pam50: Normal | subtype_nmc: TN | subtype_ihc: TN | tumor_purity_pathology: 0.75 | cin_score: 20.72456282 | tumor_purity_facets: 0.316398408 | tumor_purity_consensus: 0.316398408 | tumor_ploidy: 3.142580831 | cnv_burden_del: 0 | cnv_burden_hemizygote: 0.034426228 | loh_burden_burden: 0 | cnv_burden_gain: 0.63868566 | cnv_burden_amp: 0.048990031 | til_count: NA | tissue_area: NA | til_density: NA | time: T2 | subtype_consensus: TN | mut_load: 8,,UNRESOLVED,LOW,NO_DECISIVE_EVIDENCE,,,,,False
GEO:GSE123845,GSM3514012,OB_15_0286_2,Primary Tumor,gender: Female | age: 59.63055556 | menopausal_status: Postmenopausal | bc_family_history: No | brca1_status: 999 | brca2_status: 999 | cell_type_diagnosis: Invasive ductal carcinoma | er_status_diagnosis: 0 | er_score_diagnosis: 0 | pr_status_diagnosis: 0 | pr_score_diagnosis: 3 | her2_status_diagnosis: 1 | her2_score_diagnosis: 3 | ki67_status_diagnosis: 2 | ki67_diagnosis: 40-50% | tnm_stage_clinical: cT2N2M0 | nac_drug: AC+T+Trastuzumab | er_status_surgery: Negative | er_score_surgery: 0 | pr_status_surgery: Negative | pr_score_surgery: 0 | her2_status_surgery: Positive | her2_score_surgery: 3 | ki67_status_surgery: 0 | ki67_surgery: 1.51E-02 | histological_grade: 2 | nuclear_grade: 3 | lymphovascular_invasion: 0 | bilaterality: 0 | multiplicity: 0 | surgery_type: 1 | surgical_site: 2 | tumor_size: 0.5 | regional_lymph_nodes: 1(mi) | tnm_stage_pathologic: 4 | pcr_status: 1 | proliferative_index: 5.571432328 | cyt_score: 37.33106347 | subtype_pam50: LumA | subtype_nmc: ER+HER2+ | subtype_ihc: HER2+ | tumor_purity_pathology: 0.3 | cin_score: 37.29274447 | tumor_purity_facets: 0.500843408 | tumor_purity_consensus: 0.500843408 | tumor_ploidy: 3.159051245 | cnv_burden_del: 0.014799298 | cnv_burden_hemizygote: 0.025652216 | loh_burden_burden: 0 | cnv_burden_gain: 0.466755482 | cnv_burden_amp: 0.177073047 | til_count: 494 | tissue_area: 21570000 | til_density: 22.9021789522485 | time: T2 | subtype_consensus: HER2+ | mut_load: 4,,UNRESOLVED,LOW,NO_DECISIVE_EVIDENCE,,,,,False
GEO:GSE123845,GSM3514013,OB_15_0295_1,Primary Tumor,gender: Female | age: 46.57777778 | menopausal_status: Premenopausal | bc_family_history: No | brca1_status: 999 | brca2_status: 999 | cell_type_diagnosis: Invasive ductal carcinoma | er_status_diagnosis: 0 | er_score_diagnosis: 3 | pr_status_diagnosis: 0 | pr_score_diagnosis: 0 | her2_status_diagnosis: 0 | her2_score_diagnosis: 0 | ki67_status_diagnosis: 4 | ki67_diagnosis: 70-80% | tnm_stage_clinical: cT2N1M0 | nac_drug: AC+T | er_status_surgery: 999 | er_score_surgery: 999 | pr_status_surgery: 999 | pr_score_surgery: 999 | her2_status_surgery: 999 | her2_score_surgery: 999 | ki67_status_surgery: 999 | ki67_surgery: 999 | histological_grade: 999 | nuclear_grade: 999 | lymphovascular_invasion: 999 | bilaterality: 0 | multiplicity: 0 | surgery_type: 1 | surgical_site: 2 | tumor_size: 0 | regional_lymph_nodes: 0 | tnm_stage_pathologic: 77 | pcr_status: 0 | proliferative_index: 46.87506457 | cyt_score: 58.08104424 | subtype_pam50: Basal | subtype_nmc: TN | subtype_ihc: TN | tumor_purity_pathology: 0.6 | cin_score: 16.82280916 | tumor_purity_facets: 0.230128773 | tumor_purity_consensus: 0.230128773 | tumor_ploidy: 1.552376354 | cnv_burden_del: 0.009757416 | cnv_burden_hemizygote: 0.224903748 | loh_burden_burden: 0 | cnv_burden_gain: 0.03767025 | cnv_burden_amp: 0 | til_count: 1014 | tissue_area: 16893900 | til_density: 60.0216646245094 | time: T1 | subtype_consensus: TN | mut_load: 4,,UNRESOLVED,LOW,NO_DECISIVE_EVIDENCE,,,,,False
GEO:GSE123845,GSM3514014,OB_15_0298_1,Primary Tumor,gender: Female | age: 31.74444444 | menopausal_status: Premenopausal | bc_family_history: No | brca1_status: Not Detected | brca2_status: Equivocal | cell_type_diagnosis: Invasive ductal carcinoma | er_status_diagnosis: 0 | er_score_diagnosis: 2 | pr_status_diagnosis: 0 | pr_score_diagnosis: 0 | her2_status_diagnosis: 0 | her2_score_diagnosis: 0 | ki67_status_diagnosis: 4 | ki67_diagnosis: 70-80% | tnm_stage_clinical: cT2N1M0 | nac_drug: AC+T | er_status_surgery: Negative | er_score_surgery: 0 | pr_status_surgery: Negative | pr_score_surgery: 0 | her2_status_surgery: Negative | her2_score_surgery: 1 | ki67_status_surgery: 3 | ki67_surgery: 60-70% | histological_grade: 3 | nuclear_grade: 3 | lymphovascular_invasion: 0 | bilaterality: 0 | multiplicity: 0 | surgery_type: 1 | surgical_site: 1 | tumor_size: 0.4 | regional_lymph_nodes: 0 | tnm_stage_pathologic: 2 | pcr_status: 1 | proliferative_index: 57.37363685 | cyt_score: 8.224962006 | subtype_pam50: Basal | subtype_nmc: TN | subtype_ihc: TN | tumor_purity_pathology: 0.8 | cin_score: 36.77407382 | tumor_purity_facets: 0.628116445 | tumor_purity_consensus: 0.628116445 | tumor_ploidy: 2.655253877 | cnv_burden_del: 0.010278271 | cnv_burden_hemizygote: 0.125113292 | loh_burden_burden: 0.157737451 | cnv_burden_gain: 0.238979119 | cnv_burden_amp: 0.075122682 | til_count: 4521 | tissue_area: 203446000 | til_density: 22.2221129931284 | time: T1 | subtype_consensus: TN | mut_load: 77,,UNRESOLVED,LOW,NO_DECISIVE_EVIDENCE,,,,,False
GEO:GSE123845,GSM3514015,OB_15_0298_2,Primary Tumor,gender: Female | age: 31.74444444 | menopausal_status: Premenopausal | bc_family_history: No | brca1_status: Not Detected | brca2_status: Equivocal | cell_type_diagnosis: Invasive ductal carcinoma | er_status_diagnosis: 0 | er_score_diagnosis: 2 | pr_status_diagnosis: 0 | pr_score_diagnosis: 0 | her2_status_diagnosis: 0 | her2_score_diagnosis: 0 | ki67_status_diagnosis: 4 | ki67_diagnosis: 70-80% | tnm_stage_clinical: cT2N1M0 | nac_drug: AC+T | er_status_surgery: Negative | er_score_surgery: 0 | pr_status_surgery: Negative | pr_score_surgery: 0 | her2_status_surgery: Negative | her2_score_surgery: 1 | ki67_status_surgery: 3 | ki67_surgery: 60-70% | histological_grade: 3 | nuclear_grade: 3 | lymphovascular_invasion: 0 | bilaterality: 0 | multiplicity: 0 | surgery_type: 1 | surgical_site: 1 | tumor_size: 0.4 | regional_lymph_nodes: 0 | tnm_stage_pathologic: 2 | pcr_status: 1 | proliferative_index: 34.98931403 | cyt_score: 30.3630038 | subtype_pam50: Basal | subtype_nmc: TN | subtype_ihc: TN | tumor_purity_pathology: 0.75 | cin_score: 18.39483085 | tumor_purity_facets: 0.297237034 | tumor_purity_consensus: 0.297237034 | tumor_ploidy: 2.476112427 | cnv_burden_del: 0.008661128 | cnv_burden_hemizygote: 0.076035287 | loh_burden_burden: 0.001952341 | cnv_burden_gain: 0.517925435 | cnv_burden_amp: 0.040555217 | til_count: 6769 | tissue_area: 41359400 | til_density: 163.662915806322 | time: T2 | subtype_consensus: TN | mut_load: 22,,UNRESOLVED,LOW,NO_DECISIVE_EVIDENCE,,,,,False
GEO:GSE123845,GSM3514016,OB_15_0299_1,Primary Tumor,gender: Female | age: 40.32222222 | menopausal_status: Premenopausal | bc_family_history: Yes | brca1_status: Not Detected | brca2_status: Not Detected | cell_type_diagnosis: Invasive ductal carcinoma | er_status_diagnosis: 0 | er_score_diagnosis: 0 | pr_status_diagnosis: 0 | pr_score_diagnosis: 0 | her2_status_diagnosis: 1 | her2_score_diagnosis: 3 | ki67_status_diagnosis: 4 | ki67_diagnosis: 70-80% | tnm_stage_clinical: cT2N1-2M0 | nac_drug: AC+T+Trastuzumab | er_status_surgery: Negative | er_score_surgery: 0 | pr_status_surgery: Negative | pr_score_surgery: 0 | her2_status_surgery: Positive | her2_score_surgery: 3 | ki67_status_surgery: 4 | ki67_surgery: 0.8 | histological_grade: 3 | nuclear_grade: 3 | lymphovascular_invasion: 0 | bilaterality: 0 | multiplicity: 0 | surgery_type: 0 | surgical_site: 2 | tumor_size: 1.5 | regional_lymph_nodes: 0 | tnm_stage_pathologic: 2 | pcr_status: 1 | proliferative_index: 53.49385608 | cyt_score: 10.45465447 | subtype_pam50: Her2 | subtype_nmc: HER2+ | subtype_ihc: HER2+ | tumor_purity_pathology: 0.5 | cin_score: 13.70576611 | tumor_purity_facets: 0.302848312 | tumor_purity_consensus: 0.302848312 | tumor_ploidy: 3.426461392 | cnv_burden_del: 8.40E-05 | cnv_burden_hemizygote: 0.022671617 | loh_burden_burden: 0.060735705 | cnv_burden_gain: 0.631667894 | cnv_burden_amp: 0.143235546 | til_count: 8866 | tissue_area: 128742000 | til_density: 68.8664150005437 | time: T1 | subtype_consensus: HER2+ | mut_load: 52,,UNRESOLVED,LOW,NO_DECISIVE_EVIDENCE,,,,,False
GEO:GSE123845,GSM3514017,OB_15_0299_2,Primary Tumor,gender: Female | age: 40.32222222 | menopausal_status: Premenopausal | bc_family_history: Yes | brca1_status: Not Detected | brca2_status: Not Detected | cell_type_diagnosis: Invasive ductal carcinoma | er_status_diagnosis: 0 | er_score_diagnosis: 0 | pr_status_diagnosis: 0 | pr_score_diagnosis: 0 | her2_status_diagnosis: 1 | her2_score_diagnosis: 3 | ki67_status_diagnosis: 4 | ki67_diagnosis: 70-80% | tnm_stage_clinical: cT2N1-2M0 | nac_drug: AC+T+Trastuzumab | er_status_surgery: Negative | er_score_surgery: 0 | pr_status_surgery: Negative | pr_score_surgery: 0 | her2_status_surgery: Positive | her2_score_surgery: 3 | ki67_status_surgery: 4 | ki67_surgery: 0.8 | histological_grade: 3 | nuclear_grade: 3 | lymphovascular_invasion: 0 | bilaterality: 0 | multiplicity: 0 | surgery_type: 0 | surgical_site: 2 | tumor_size: 1.5 | regional_lymph_nodes: 0 | tnm_stage_pathologic: 2 | pcr_status: 1 | proliferative_index: 46.27295567 | cyt_score: 4.098780306 | subtype_pam50: Her2 | subtype_nmc: HER2+ | subtype_ihc: HER2+ | tumor_purity_pathology: 0.6 | cin_score: 23.32478138 | tumor_purity_facets: 0.495005771 | tumor_purity_consensus: 0.495005771 | tumor_ploidy: 3.538378584 | cnv_burden_del: 0.000305535 | cnv_burden_hemizygote: 0.023062982 | loh_burden_burden: 0.01355816 | cnv_burden_gain: 0.303000844 | cnv_burden_amp: 0.496695067 | til_count: NA | tissue_area: NA | til_density: NA | time: T2 | subtype_consensus: HER2+ | mut_load: 69,,UNRESOLVED,LOW,NO_DECISIVE_EVIDENCE,,,,,False
GEO:GSE123845,GSM3514018,OB_15_0299_3,Primary Tumor,gender: Female | age: 40.32222222 | menopausal_status: Premenopausal | bc_family_history: Yes | brca1_status: Not Detected | brca2_status: Not Detected | cell_type_diagnosis: Invasive ductal carcinoma | er_status_diagnosis: 0 | er_score_diagnosis: 0 | pr_status_diagnosis: 0 | pr_score_diagnosis: 0 | her2_status_diagnosis: 1 | her2_score_diagnosis: 3 | ki67_status_diagnosis: 4 | ki67_diagnosis: 70-80% | tnm_stage_clinical: cT2N1-2M0 | nac_drug: AC+T+Trastuzumab | er_status_surgery: Negative | er_score_surgery: 0 | pr_status_surgery: Negative | pr_score_surgery: 0 | her2_status_surgery: Positive | her2_score_surgery: 3 | ki67_status_surgery: 4 | ki67_surgery: 0.8 | histological_grade: 3 | nuclear_grade: 3 | lymphovascular_invasion: 0 | bilaterality: 0 | multiplicity: 0 | surgery_type: 0 | surgical_site: 2 | tumor_size: 1.5 | regional_lymph_nodes: 0 | tnm_stage_pathologic: 2 | pcr_status: 1 | proliferative_index: 42.12428256 | cyt_score: 6.148024073 | subtype_pam50: Her2 | subtype_nmc: HER2+ | subtype_ihc: HER2+ | tumor_purity_pathology: 0.6 | cin_score: 22.80072134 | tumor_purity_facets: 0.541978764 | tumor_purity_consensus: 0.541978764 | tumor_ploidy: 3.341887268 | cnv_burden_del: 0.000695257 | cnv_burden_hemizygote: 0.00916161 | loh_burden_burden: 0.137735457 | cnv_burden_gain: 0.408871411 | cnv_burden_amp: 0.197383538 | til_count: 1068 | tissue_area: 33931800 | til_density: 31.4748996516542 | time: T3 | subtype_consensus: HER2+ | mut_load: 87,,UNRESOLVED,LOW,NO_DECISIVE_EVIDENCE,,,,,False
GEO:GSE123845,GSM3514019,OB_15_0304_2,Primary Tumor,gender: Female | age: 51.84444444 | menopausal_status: Postmenopausal | bc_family_history: No | brca1_status: 999 | brca2_status: 999 | cell_type_diagnosis: Invasive ductal carcinoma | er_status_diagnosis: 0 | er_score_diagnosis: 0 | pr_status_diagnosis: 0 | pr_score_diagnosis: 0 | her2_status_diagnosis: 0 | her2_score_diagnosis: 1 | ki67_status_diagnosis: 2 | ki67_diagnosis: 0.4 | tnm_stage_clinical: cT1N1-2M0 | nac_drug: AC+T | er_status_surgery: 999 | er_score_surgery: 999 | pr_status_surgery: 999 | pr_score_surgery: 999 | her2_status_surgery: 999 | her2_score_surgery: 999 | ki67_status_surgery: 999 | ki67_surgery: 999 | histological_grade: 999 | nuclear_grade: 999 | lymphovascular_invasion: 999 | bilaterality: 0 | multiplicity: 0 | surgery_type: 1 | surgical_site: 2 | tumor_size: 0 | regional_lymph_nodes: 0 | tnm_stage_pathologic: 77 | pcr_status: 0 | proliferative_index: 6.613171965 | cyt_score: 47.74149558 | subtype_pam50: LumA | subtype_nmc: ER+ | subtype_ihc: TN | tumor_purity_pathology: 0.6 | cin_score: 22.62429752 | tumor_purity_facets: 0.310969624 | tumor_purity_consensus: 0.310969624 | tumor_ploidy: 2.879888437 | cnv_burden_del: 0.002564877 | cnv_burden_hemizygote: 0.052468239 | loh_burden_burden: 0 | cnv_burden_gain: 0.649050734 | cnv_burden_amp: 0.049004177 | til_count: 4218 | tissue_area: 20056900 | til_density: 210.30169168715 | time: T2 | subtype_consensus: TN | mut_load: 5,,UNRESOLVED,LOW,NO_DECISIVE_EVIDENCE,,,,,False
GEO:GSE123845,GSM3514020,OB_15_0306_2,Primary Tumor,gender: Female | age: 43.98611111 | menopausal_status: Premenopausal | bc_family_history: No | brca1_status: 999 | brca2_status: 999 | cell_type_diagnosis: Invasive ductal carcinoma | er_status_diagnosis: 0 | er_score_diagnosis: 0 | pr_status_diagnosis: 0 | pr_score_diagnosis: 0 | her2_status_diagnosis: 1 | her2_score_diagnosis: 3 | ki67_status_diagnosis: 3 | ki67_diagnosis: 50-60% | tnm_stage_clinical: cT2N1-2M0 | nac_drug: AC+T+Trastuzumab | er_status_surgery: Positive | er_score_surgery: 8 | pr_status_surgery: Positive | pr_score_surgery: 8 | her2_status_surgery: 2+ | her2_score_surgery: 2 | ki67_status_surgery: 1 | ki67_surgery: <1% | histological_grade: 1 | nuclear_grade: 1 | lymphovascular_invasion: 0 | bilaterality: 0 | multiplicity: 0 | surgery_type: 0 | surgical_site: 2 | tumor_size: 9 | regional_lymph_nodes: 0 | tnm_stage_pathologic: 9 | pcr_status: 1 | proliferative_index: 5.480185489 | cyt_score: 10.46076001 | subtype_pam50: LumA | subtype_nmc: ER+HER2+ | subtype_ihc: HER2+ | tumor_purity_pathology: 0.7 | cin_score: 34.41063676 | tumor_purity_facets: 0.517723104 | tumor_purity_consensus: 0.517723104 | tumor_ploidy: 3.052289759 | cnv_burden_del: 0.013133984 | cnv_burden_hemizygote: 0.018871547 | loh_burden_burden: 0 | cnv_burden_gain: 0.435988181 | cnv_burden_amp: 0.178652409 | til_count: 931 | tissue_area: 33364600 | til_density: 27.9038262110141 | time: T2 | subtype_consensus: ER+HER2+ | mut_load: 6,,UNRESOLVED,LOW,NO_DECISIVE_EVIDENCE,,,,,False
GEO:GSE123845,GSM3514021,OB_16_0012_1,Primary Tumor,gender: Female | age: 34.01666667 | menopausal_status: Premenopausal | bc_family_history: No | brca1_status: Not Detected | brca2_status: Not Detected | cell_type_diagnosis: Invasive ductal carcinoma | er_status_diagnosis: 1 | er_score_diagnosis: 7 | pr_status_diagnosis: 1 | pr_score_diagnosis: 6 | her2_status_diagnosis: 1 | her2_score_diagnosis: 3 | ki67_status_diagnosis: 4 | ki67_diagnosis: 80-90% | tnm_stage_clinical: cT3N3M0 | nac_drug: AC+T+Trastuzumab | er_status_surgery: Positive | er_score_surgery: 5 | pr_status_surgery: Negative | pr_score_surgery: 0 | her2_status_surgery: Positive | her2_score_surgery: 3 | ki67_status_surgery: 3 | ki67_surgery: 60-70% | histological_grade: 2 | nuclear_grade: 2 | lymphovascular_invasion: 0 | bilaterality: 0 | multiplicity: 0 | surgery_type: 1 | surgical_site: 1 | tumor_size: 3.6(Tis) | regional_lymph_nodes: 0 | tnm_stage_pathologic: 1 | pcr_status: 0 | proliferative_index: 40.63106446 | cyt_score: 18.98710088 | subtype_pam50: Her2 | subtype_nmc: ER+HER2+ | subtype_ihc: ER+HER2+ | tumor_purity_pathology: 0.7 | cin_score: 15.41011174 | tumor_purity_facets: 0.267569871 | tumor_purity_consensus: 0.267569871 | tumor_ploidy: 1.610935972 | cnv_burden_del: 0.032915221 | cnv_burden_hemizygote: 0.16266699 | loh_burden_burden: 0.000291377 | cnv_burden_gain: 0.10346252 | cnv_burden_amp: 0.005755512 | til_count: 562 | tissue_area: 12856200 | til_density: 43.7143168276785 | time: T1 | subtype_consensus: HER2+ | mut_load: 19,,UNRESOLVED,LOW,NO_DECISIVE_EVIDENCE,,,,,False
GEO:GSE123845,GSM3514022,OB_16_0012_2,Primary Tumor,gender: Female | age: 34.01666667 | menopausal_status: Premenopausal | bc_family_history: No | brca1_status: Not Detected | brca2_status: Not Detected | cell_type_diagnosis: Invasive ductal carcinoma | er_status_diagnosis: 1 | er_score_diagnosis: 7 | pr_status_diagnosis: 1 | pr_score_diagnosis: 6 | her2_status_diagnosis: 1 | her2_score_diagnosis: 3 | ki67_status_diagnosis: 4 | ki67_diagnosis: 80-90% | tnm_stage_clinical: cT3N3M0 | nac_drug: AC+T+Trastuzumab | er_status_surgery: Positive | er_score_surgery: 5 | pr_status_surgery: Negative | pr_score_surgery: 0 | her2_status_surgery: Positive | her2_score_surgery: 3 | ki67_status_surgery: 3 | ki67_surgery: 60-70% | histological_grade: 2 | nuclear_grade: 2 | lymphovascular_invasion: 0 | bilaterality: 0 | multiplicity: 0 | surgery_type: 1 | surgical_site: 1 | tumor_size: 3.6(Tis) | regional_lymph_nodes: 0 | tnm_stage_pathologic: 1 | pcr_status: 0 | proliferative_index: 46.46256823 | cyt_score: 13.15299966 | subtype_pam50: Her2 | subtype_nmc: ER+HER2+ | subtype_ihc: ER+HER2+ | tumor_purity_pathology: 0.75 | cin_score: 20.0527005 | tumor_purity_facets: 0.259411213 | tumor_purity_consensus: 0.259411213 | tumor_ploidy: 3.281824075 | cnv_burden_del: 0.01923415 | cnv_burden_hemizygote: 0.055283261 | loh_burden_burden: 0.017094926 | cnv_burden_gain: 0.490048439 | cnv_burden_amp: 0.20573748 | til_count: 723 | tissue_area: 16107800 | til_density: 44.885086728169 | time: T2 | subtype_consensus: HER2+ | mut_load: 69,,UNRESOLVED,LOW,NO_DECISIVE_EVIDENCE,,,,,False
GEO:GSE123845,GSM3514023,OB_16_0029_1,Primary Tumor,gender: Female | age: 38.40277778 | menopausal_status: Premenopausal | bc_family_history: No | brca1_status: Equivocal | brca2_status: Not Detected | cell_type_diagnosis: Invasive ductal carcinoma | er_status_diagnosis: 1 | er_score_diagnosis: 4 | pr_status_diagnosis: 0 | pr_score_diagnosis: 0 | her2_status_diagnosis: 0 | her2_score_diagnosis: 1 | ki67_status_diagnosis: 4 | ki67_diagnosis: 80-90% | tnm_stage_clinical: cT3N3M0 | nac_drug: AC+T | er_status_surgery: Negative | er_score_surgery: 0 | pr_status_surgery: Negative | pr_score_surgery: 0 | her2_status_surgery: Negative | her2_score_surgery: 1 | ki67_status_surgery: 1 | ki67_surgery: 0.1 | histological_grade: 2 | nuclear_grade: 2 | lymphovascular_invasion: 0 | bilaterality: 0 | multiplicity: 0 | surgery_type: 1 | surgical_site: 1 | tumor_size: 1 | regional_lymph_nodes: 2 | tnm_stage_pathologic: 6 | pcr_status: 1 | proliferative_index: 18.99356678 | cyt_score: 63.64301376 | subtype_pam50: Basal | subtype_nmc: ER+ | subtype_ihc: ER+ | tumor_purity_pathology: 0.6 | cin_score: 22.54906277 | tumor_purity_facets: 0.346014267 | tumor_purity_consensus: 0.346014267 | tumor_ploidy: 2.087496383 | cnv_burden_del: 0.033117921 | cnv_burden_hemizygote: 0.128706345 | loh_burden_burden: 0.019294732 | cnv_burden_gain: 0.255511487 | cnv_burden_amp: 0.036465054 | til_count: 2642 | tissue_area: 21616700 | til_density: 122.220320400431 | time: T1 | subtype_consensus: TN | mut_load: 106,,UNRESOLVED,LOW,NO_DECISIVE_EVIDENCE,,,,,False
GEO:GSE123845,GSM3514024,OB_16_0029_2,Primary Tumor,gender: Female | age: 38.40277778 | menopausal_status: Premenopausal | bc_family_history: No | brca1_status: Equivocal | brca2_status: Not Detected | cell_type_diagnosis: Invasive ductal carcinoma | er_status_diagnosis: 1 | er_score_diagnosis: 4 | pr_status_diagnosis: 0 | pr_score_diagnosis: 0 | her2_status_diagnosis: 0 | her2_score_diagnosis: 1 | ki67_status_diagnosis: 4 | ki67_diagnosis: 80-90% | tnm_stage_clinical: cT3N3M0 | nac_drug: AC+T | er_status_surgery: Negative | er_score_surgery: 0 | pr_status_surgery: Negative | pr_score_surgery: 0 | her2_status_surgery: Negative | her2_score_surgery: 1 | ki67_status_surgery: 1 | ki67_surgery: 0.1 | histological_grade: 2 | nuclear_grade: 2 | lymphovascular_invasion: 0 | bilaterality: 0 | multiplicity: 0 | surgery_type: 1 | surgical_site: 1 | tumor_size: 1 | regional_lymph_nodes: 2 | tnm_stage_pathologic: 6 | pcr_status: 1 | proliferative_index: 8.805016517 | cyt_score: 93.6500977 | subtype_pam50: LumB | subtype_nmc: TN | subtype_ihc: ER+ | tumor_purity_pathology: 0.8 | cin_score: 20.69843781 | tumor_purity_facets: 0.390093312 | tumor_purity_consensus: 0.390093312 | tumor_ploidy: 2.716148854 | cnv_burden_del: 0.000676047 | cnv_burden_hemizygote: 0.068488315 | loh_burden_burden: 0 | cnv_burden_gain: 0.627340383 | cnv_burden_amp: 0.046746418 | til_count: 6609 | tissue_area: 34853800 | til_density: 189.620643947001 | time: T2 | subtype_consensus: TN | mut_load: 72,,UNRESOLVED,LOW,NO_DECISIVE_EVIDENCE,,,,,False
GEO:GSE123845,GSM3514025,OB_16_0033_1,Primary Tumor,gender: Female | age: 47.95277778 | menopausal_status: Premenopausal | bc_family_history: No | brca1_status: 999 | brca2_status: 999 | cell_type_diagnosis: Invasive ductal carcinoma | er_status_diagnosis: 0 | er_score_diagnosis: 0 | pr_status_diagnosis: 0 | pr_score_diagnosis: 0 | her2_status_diagnosis: 0 | her2_score_diagnosis: 0 | ki67_status_diagnosis: 2 | ki67_diagnosis: 40-50% | tnm_stage_clinical: cT2N1-2M0 | nac_drug: AC+T | er_status_surgery: Negative | er_score_surgery: 0 | pr_status_surgery: Negative | pr_score_surgery: 0 | her2_status_surgery: Negative | her2_score_surgery: 0 | ki67_status_surgery: 1 | ki67_surgery: <1% | histological_grade: 2 | nuclear_grade: 3 | lymphovascular_invasion: 0 | bilaterality: 0 | multiplicity: 0 | surgery_type: 1 | surgical_site: 2 | tumor_size: 1.5 | regional_lymph_nodes: 0 | tnm_stage_pathologic: 2 | pcr_status: 1 | proliferative_index: 40.33555321 | cyt_score: 18.68899141 | subtype_pam50: Basal | subtype_nmc: TN | subtype_ihc: TN | tumor_purity_pathology: 0.7 | cin_score: 24.85844786 | tumor_purity_facets: 0.2007112 | tumor_purity_consensus: 0.2007112 | tumor_ploidy: 3.634320934 | cnv_burden_del: 0.006407338 | cnv_burden_hemizygote: 0.066841129 | loh_burden_burden: 0.117810548 | cnv_burden_gain: 0.398062118 | cnv_burden_amp: 0.188571526 | til_count: 1671 | tissue_area: 19577600 | til_density: 85.3526479241582 | time: T1 | subtype_consensus: TN | mut_load: 108,,UNRESOLVED,LOW,NO_DECISIVE_EVIDENCE,,,,,False
GEO:GSE123845,GSM3514026,OB_15_0053_1,Primary Tumor,gender: Female | age: 56.13055556 | menopausal_status: Postmenopausal | bc_family_history: No | brca1_status: Not Detected | brca2_status: Not Detected | cell_type_diagnosis: Invasive ductal carcinoma | er_status_diagnosis: 0 | er_score_diagnosis: 2 | pr_status_diagnosis: 0 | pr_score_diagnosis: 0 | her2_status_diagnosis: 0 | her2_score_diagnosis: 0 | ki67_status_diagnosis: 4 | ki67_diagnosis: 80-90% | tnm_stage_clinical: cT2N1M0 | nac_drug: Others | er_status_surgery: 999 | er_score_surgery: 999 | pr_status_surgery: 999 | pr_score_surgery: 999 | her2_status_surgery: 999 | her2_score_surgery: 999 | ki67_status_surgery: 999 | ki67_surgery: 999 | histological_grade: 999 | nuclear_grade: 3 | lymphovascular_invasion: 0 | bilaterality: 0 | multiplicity: 0 | surgery_type: 1 | surgical_site: 2 | tumor_size: 500 <U+339B> | regional_lymph_nodes: 0 | tnm_stage_pathologic: 2 | pcr_status: 1 | proliferative_index: 38.94191654 | cyt_score: 15.16543438 | subtype_pam50: Basal | subtype_nmc: TN | subtype_ihc: TN | tumor_purity_pathology: 0.75 | cin_score: 10.0445637 | tumor_purity_facets: 0.289005571 | tumor_purity_consensus: 0.289005571 | tumor_ploidy: 3.15126149 | cnv_burden_del: 0 | cnv_burden_hemizygote: 0.000630817 | loh_burden_burden: 0.331659057 | cnv_burden_gain: 0.348565534 | cnv_burden_amp: 0.086563837 | til_count: 3223 | tissue_area: 56208000 | til_density: 57.3405920865357 | time: T1 | subtype_consensus: TN | mut_load: 76,,UNRESOLVED,LOW,NO_DECISIVE_EVIDENCE,,,,,False
GEO:GSE123845,GSM3514027,OB_15_0058_3,Primary Tumor,gender: Female | age: 45.97222222 | menopausal_status: Premenopausal | bc_family_history: Yes | brca1_status: Detected | brca2_status: Not Detected | cell_type_diagnosis: Invasive ductal carcinoma | er_status_diagnosis: 0 | er_score_diagnosis: 0 | pr_status_diagnosis: 0 | pr_score_diagnosis: 0 | her2_status_diagnosis: 0 | her2_score_diagnosis: 0 | ki67_status_diagnosis: 3 | ki67_diagnosis: 60-70% | tnm_stage_clinical: cT3N2M0 | nac_drug: AC+T | er_status_surgery: Negative | er_score_surgery: 0 | pr_status_surgery: Negative | pr_score_surgery: 0 | her2_status_surgery: Negative | her2_score_surgery: 0 | ki67_status_surgery: 4 | ki67_surgery: 90-95% | histological_grade: 3 | nuclear_grade: 3 | lymphovascular_invasion: 1 | bilaterality: 0 | multiplicity: 0 | surgery_type: 0 | surgical_site: 1 | tumor_size: 12 | regional_lymph_nodes: 1 | tnm_stage_pathologic: 13 | pcr_status: 1 | proliferative_index: 48.37759404 | cyt_score: 0.851351866 | subtype_pam50: Basal | subtype_nmc: TN | subtype_ihc: TN | tumor_purity_pathology: 0.5 | cin_score: 26.71122876 | tumor_purity_facets: 0.811281641 | tumor_purity_consensus: 0.811281641 | tumor_ploidy: 3.198604724 | cnv_burden_del: 0.004271631 | cnv_burden_hemizygote: 0.028959617 | loh_burden_burden: 0.236174537 | cnv_burden_gain: 0.390017243 | cnv_burden_amp: 0.180353694 | til_count: 2430 | tissue_area: 119505000 | til_density: 20.33387724363 | time: T3 | subtype_consensus: TN | mut_load: 77,,UNRESOLVED,LOW,NO_DECISIVE_EVIDENCE,,,,,False
GEO:GSE123845,GSM3514028,OB_15_0066_3,Primary Tumor,gender: Female | age: 35.41388889 | menopausal_status: Premenopausal | bc_family_history: No | brca1_status: Equivocal | brca2_status: Not Detected | cell_type_diagnosis: Invasive ductal carcinoma | er_status_diagnosis: 1 | er_score_diagnosis: 4 | pr_status_diagnosis: 0 | pr_score_diagnosis: 0 | her2_status_diagnosis: 1 | her2_score_diagnosis: 2 | ki67_status_diagnosis: 4 | ki67_diagnosis: 70-80% | tnm_stage_clinical: cT4N3M0 | nac_drug: AC+T+Trastuzumab | er_status_surgery: Negative | er_score_surgery: 0 | pr_status_surgery: Negative | pr_score_surgery: 0 | her2_status_surgery: Negative | her2_score_surgery: 0 | ki67_status_surgery: 4 | ki67_surgery: 70-80% | histological_grade: 3 | nuclear_grade: 3 | lymphovascular_invasion: 1 | bilaterality: 0 | multiplicity: 0 | surgery_type: 0 | surgical_site: 2 | tumor_size: 4.5 | regional_lymph_nodes: 19 | tnm_stage_pathologic: 18 | pcr_status: 1 | proliferative_index: 56.5795571 | cyt_score: 3.833536227 | subtype_pam50: Basal | subtype_nmc: NA | subtype_ihc: ER+HER2+ | tumor_purity_pathology: 0.85 | cin_score: NA | tumor_purity_facets: NA | tumor_purity_consensus: 0.85 | tumor_ploidy: NA | cnv_burden_del: NA | cnv_burden_hemizygote: NA | loh_burden_burden: NA | cnv_burden_gain: NA | cnv_burden_amp: NA | til_count: 10912 | tissue_area: 547539968 | til_density: 19.9291387619762 | time: T3 | subtype_consensus: ER+HER2+ | mut_load: NA,,UNRESOLVED,LOW,NO_DECISIVE_EVIDENCE,,,,,False
GEO:GSE123845,GSM3514029,OB_15_0068_2,Primary Tumor,gender: Female | age: 42.81388889 | menopausal_status: Premenopausal | bc_family_history: No | brca1_status: 999 | brca2_status: 999 | cell_type_diagnosis: Invasive ductal carcinoma | er_status_diagnosis: 0 | er_score_diagnosis: 0 | pr_status_diagnosis: 0 | pr_score_diagnosis: 0 | her2_status_diagnosis: 0 | her2_score_diagnosis: 1 | ki67_status_diagnosis: 2 | ki67_diagnosis: 40-50% | tnm_stage_clinical: cT2N0-1M0 | nac_drug: AC+T | er_status_surgery: Negative | er_score_surgery: 0 | pr_status_surgery: Negative | pr_score_surgery: 0 | her2_status_surgery: Negative | her2_score_surgery: 1 | ki67_status_surgery: 3 | ki67_surgery: 60-70% | histological_grade: 3 | nuclear_grade: 3 | lymphovascular_invasion: 0 | bilaterality: 0 | multiplicity: 0 | surgery_type: 1 | surgical_site: 2 | tumor_size: 0.6 | regional_lymph_nodes: 0 | tnm_stage_pathologic: 2 | pcr_status: 1 | proliferative_index: 52.57467106 | cyt_score: 9.482214931 | subtype_pam50: Basal | subtype_nmc: NA | subtype_ihc: TN | tumor_purity_pathology: 0.8 | cin_score: NA | tumor_purity_facets: NA | tumor_purity_consensus: 0.8 | tumor_ploidy: NA | cnv_burden_del: NA | cnv_burden_hemizygote: NA | loh_burden_burden: NA | cnv_burden_gain: NA | cnv_burden_amp: NA | til_count: 1032 | tissue_area: 16365900 | til_density: 63.0579436511283 | time: T2 | subtype_consensus: TN | mut_load: NA,,UNRESOLVED,LOW,NO_DECISIVE_EVIDENCE,,,,,False
GEO:GSE123845,GSM3514030,OB_15_0069_3,Primary Tumor,gender: Female | age: 36.025 | menopausal_status: Premenopausal | bc_family_history: Yes | brca1_status: Equivocal | brca2_status: Not Detected | cell_type_diagnosis: Invasive ductal carcinoma | er_status_diagnosis: 0 | er_score_diagnosis: 0 | pr_status_diagnosis: 0 | pr_score_diagnosis: 0 | her2_status_diagnosis: 0 | her2_score_diagnosis: 1 | ki67_status_diagnosis: 4 | ki67_diagnosis: 90-100% | tnm_stage_clinical: cT2N0-1M0 | nac_drug: AC+T | er_status_surgery: Negative | er_score_surgery: 0 | pr_status_surgery: Negative | pr_score_surgery: 0 | her2_status_surgery: Negative | her2_score_surgery: 2 | ki67_status_surgery: 4 | ki67_surgery: 0.9 | histological_grade: 3 | nuclear_grade: 3 | lymphovascular_invasion: 0 | bilaterality: 0 | multiplicity: 0 | surgery_type: 1 | surgical_site: 1 | tumor_size: 1.8 | regional_lymph_nodes: 0 | tnm_stage_pathologic: 2 | pcr_status: 1 | proliferative_index: 85.01259679 | cyt_score: 2.475277762 | subtype_pam50: Basal | subtype_nmc: TN | subtype_ihc: TN | tumor_purity_pathology: 0.8 | cin_score: 29.87504886 | tumor_purity_facets: 0.820290581 | tumor_purity_consensus: 0.820290581 | tumor_ploidy: 3.020557909 | cnv_burden_del: 0.005372799 | cnv_burden_hemizygote: 0.022655226 | loh_burden_burden: 0.307576493 | cnv_burden_gain: 0.410472204 | cnv_burden_amp: 0.093233349 | til_count: 1765 | tissue_area: 39229300 | til_density: 44.9918810684871 | time: T3 | subtype_consensus: TN | mut_load: 47,,UNRESOLVED,LOW,NO_DECISIVE_EVIDENCE,,,,,False
GEO:GSE123845,GSM3514031,OB_15_0131_1,Primary Tumor,gender: Female | age: 33.25555556 | menopausal_status: Premenopausal | bc_family_history: No | brca1_status: Equivocal | brca2_status: Not Detected | cell_type_diagnosis: Invasive ductal carcinoma | er_status_diagnosis: 0 | er_score_diagnosis: 0 | pr_status_diagnosis: 0 | pr_score_diagnosis: 0 | her2_status_diagnosis: 0 | her2_score_diagnosis: 0 | ki67_status_diagnosis: 3 | ki67_diagnosis: 70-80% | tnm_stage_clinical: cT2N1M0 | nac_drug: AC+T | er_status_surgery: Negative | er_score_surgery: 0 | pr_status_surgery: Negative | pr_score_surgery: 0 | her2_status_surgery: Negative | her2_score_surgery: 1 | ki67_status_surgery: 3 | ki67_surgery: 70-80% | histological_grade: 3 | nuclear_grade: 3 | lymphovascular_invasion: 0 | bilaterality: 0 | multiplicity: 0 | surgery_type: 1 | surgical_site: 2 | tumor_size: 0.8 | regional_lymph_nodes: 0 | tnm_stage_pathologic: 2 | pcr_status: 1 | proliferative_index: 45.88948541 | cyt_score: 6.741394514 | subtype_pam50: Basal | subtype_nmc: NA | subtype_ihc: TN | tumor_purity_pathology: 0.75 | cin_score: NA | tumor_purity_facets: NA | tumor_purity_consensus: 0.75 | tumor_ploidy: NA | cnv_burden_del: NA | cnv_burden_hemizygote: NA | loh_burden_burden: NA | cnv_burden_gain: NA | cnv_burden_amp: NA | til_count: 1384 | tissue_area: 23398400 | til_density: 59.1493435448578 | time: T1 | subtype_consensus: TN | mut_load: NA,,UNRESOLVED,LOW,NO_DECISIVE_EVIDENCE,,,,,False
GEO:GSE123845,GSM3514032,OB_15_0135_2,Primary Tumor,gender: Female | age: 50.74722222 | menopausal_status: Postmenopausal | bc_family_history: No | brca1_status: 999 | brca2_status: 999 | cell_type_diagnosis: Invasive ductal carcinoma | er_status_diagnosis: 0 | er_score_diagnosis: 0 | pr_status_diagnosis: 0 | pr_score_diagnosis: 0 | her2_status_diagnosis: 0 | her2_score_diagnosis: 1 | ki67_status_diagnosis: 1 | ki67_diagnosis: 5-10% | tnm_stage_clinical: cT1N1M0 | nac_drug: AC+T | er_status_surgery: Negative | er_score_surgery: 0 | pr_status_surgery: Negative | pr_score_surgery: 0 | her2_status_surgery: Negative | her2_score_surgery: 0 | ki67_status_surgery: 1 | ki67_surgery: <5% | histological_grade: 3 | nuclear_grade: 3 | lymphovascular_invasion: 1 | bilaterality: 0 | multiplicity: 0 | surgery_type: 1 | surgical_site: 2 | tumor_size: 2.2(Tis) | regional_lymph_nodes: 3 | tnm_stage_pathologic: 5 | pcr_status: 1 | proliferative_index: 9.535488663 | cyt_score: 10.602113 | subtype_pam50: LumA | subtype_nmc: NA | subtype_ihc: TN | tumor_purity_pathology: 0.6 | cin_score: NA | tumor_purity_facets: NA | tumor_purity_consensus: 0.6 | tumor_ploidy: NA | cnv_burden_del: NA | cnv_burden_hemizygote: NA | loh_burden_burden: NA | cnv_burden_gain: NA | cnv_burden_amp: NA | til_count: 4879 | tissue_area: 46076100 | til_density: 105.890038436413 | time: T2 | subtype_consensus: TN | mut_load: NA,,UNRESOLVED,LOW,NO_DECISIVE_EVIDENCE,,,,,False
GEO:GSE123845,GSM3514033,OB_15_0202_1,Primary Tumor,gender: Female | age: 51.91388889 | menopausal_status: Premenopausal | bc_family_history: No | brca1_status: 999 | brca2_status: 999 | cell_type_diagnosis: Invasive ductal carcinoma | er_status_diagnosis: 0 | er_score_diagnosis: 0 | pr_status_diagnosis: 0 | pr_score_diagnosis: 0 | her2_status_diagnosis: 0 | her2_score_diagnosis: 0 | ki67_status_diagnosis: 3 | ki67_diagnosis: 70-80% | tnm_stage_clinical: cT2N1M0 | nac_drug: AC+T | er_status_surgery: Negative | er_score_surgery: 0 | pr_status_surgery: Negative | pr_score_surgery: 0 | her2_status_surgery: Negative | her2_score_surgery: 0 | ki67_status_surgery: 1 | ki67_surgery: 10-20% | histological_grade: 3 | nuclear_grade: 3 | lymphovascular_invasion: 0 | bilaterality: 0 | multiplicity: 0 | surgery_type: 0 | surgical_site: 1 | tumor_size: 2.1 | regional_lymph_nodes: 0 | tnm_stage_pathologic: 7 | pcr_status: 1 | proliferative_index: 40.91839573 | cyt_score: 11.6543168 | subtype_pam50: Basal | subtype_nmc: TN | subtype_ihc: TN | tumor_purity_pathology: 0.75 | cin_score: 28.66885641 | tumor_purity_facets: 0.393127667 | tumor_purity_consensus: 0.393127667 | tumor_ploidy: 2.589859492 | cnv_burden_del: 0.023055202 | cnv_burden_hemizygote: 0.122121745 | loh_burden_burden: 0.112175976 | cnv_burden_gain: 0.234326306 | cnv_burden_amp: 0.135212147 | til_count: 5312 | tissue_area: 27246600 | til_density: 194.960105114033 | time: T1 | subtype_consensus: TN | mut_load: 38,,UNRESOLVED,LOW,NO_DECISIVE_EVIDENCE,,,,,False
GEO:GSE123845,GSM3514034,OB_15_0222_2,Primary Tumor,gender: Female | age: 44.68611111 | menopausal_status: Premenopausal | bc_family_history: No | brca1_status: Not Detected | brca2_status: Equivocal | cell_type_diagnosis: Invasive ductal carcinoma | er_status_diagnosis: 0 | er_score_diagnosis: 0 | pr_status_diagnosis: 0 | pr_score_diagnosis: 0 | her2_status_diagnosis: 0 | her2_score_diagnosis: 1 | ki67_status_diagnosis: 4 | ki67_diagnosis: 80-90% | tnm_stage_clinical: cT1N1M0 | nac_drug: AC+T | er_status_surgery: Negative | er_score_surgery: 0 | pr_status_surgery: Negative | pr_score_surgery: 0 | her2_status_surgery: Negative | her2_score_surgery: 0 | ki67_status_surgery: 4 | ki67_surgery: 80-90% | histological_grade: 3 | nuclear_grade: 3 | lymphovascular_invasion: 0 | bilaterality: 0 | multiplicity: 0 | surgery_type: 1 | surgical_site: 1 | tumor_size: 0.8 | regional_lymph_nodes: 0 | tnm_stage_pathologic: 2 | pcr_status: 1 | proliferative_index: 17.35288666 | cyt_score: 152.4391918 | subtype_pam50: LumB | subtype_nmc: NA | subtype_ihc: TN | tumor_purity_pathology: 0.7 | cin_score: NA | tumor_purity_facets: NA | tumor_purity_consensus: 0.7 | tumor_ploidy: NA | cnv_burden_del: NA | cnv_burden_hemizygote: NA | loh_burden_burden: NA | cnv_burden_gain: NA | cnv_burden_amp: NA | til_count: 7153 | tissue_area: 23547500 | til_density: 303.768977598471 | time: T2 | subtype_consensus: TN | mut_load: NA,,UNRESOLVED,LOW,NO_DECISIVE_EVIDENCE,,,,,False
GEO:GSE123845,GSM3514035,OB_15_0237_1,Primary Tumor,gender: Female | age: 53.20833333 | menopausal_status: Postmenopausal | bc_family_history: No | brca1_status: 999 | brca2_status: 999 | cell_type_diagnosis: Invasive ductal carcinoma | er_status_diagnosis: 0 | er_score_diagnosis: 0 | pr_status_diagnosis: 0 | pr_score_diagnosis: 0 | her2_status_diagnosis: 0 | her2_score_diagnosis: 0 | ki67_status_diagnosis: 4 | ki67_diagnosis: 70-80% | tnm_stage_clinical: cT2-3N0-1M0 | nac_drug: AC+T | er_status_surgery: Negative | er_score_surgery: 0 | pr_status_surgery: Negative | pr_score_surgery: 0 | her2_status_surgery: Negative | her2_score_surgery: 0 | ki67_status_surgery: 3 | ki67_surgery: 60-70% | histological_grade: 3 | nuclear_grade: 3 | lymphovascular_invasion: 0 | bilaterality: 0 | multiplicity: 0 | surgery_type: 1 | surgical_site: 2 | tumor_size: 3.2 | regional_lymph_nodes: 0 | tnm_stage_pathologic: 7 | pcr_status: 1 | proliferative_index: 36.47675394 | cyt_score: 8.253471997 | subtype_pam50: Basal | subtype_nmc: NA | subtype_ihc: TN | tumor_purity_pathology: 0.6 | cin_score: NA | tumor_purity_facets: NA | tumor_purity_consensus: 0.6 | tumor_ploidy: NA | cnv_burden_del: NA | cnv_burden_hemizygote: NA | loh_burden_burden: NA | cnv_burden_gain: NA | cnv_burden_amp: NA | til_count: 183 | tissue_area: 15006900 | til_density: 12.194390580333 | time: T1 | subtype_consensus: TN | mut_load: NA,,UNRESOLVED,LOW,NO_DECISIVE_EVIDENCE,,,,,False
GEO:GSE123845,GSM3514036,OB_15_0237_2,Primary Tumor,gender: Female | age: 53.20833333 | menopausal_status: Postmenopausal | bc_family_history: No | brca1_status: 999 | brca2_status: 999 | cell_type_diagnosis: Invasive ductal carcinoma | er_status_diagnosis: 0 | er_score_diagnosis: 0 | pr_status_diagnosis: 0 | pr_score_diagnosis: 0 | her2_status_diagnosis: 0 | her2_score_diagnosis: 0 | ki67_status_diagnosis: 4 | ki67_diagnosis: 70-80% | tnm_stage_clinical: cT2-3N0-1M0 | nac_drug: AC+T | er_status_surgery: Negative | er_score_surgery: 0 | pr_status_surgery: Negative | pr_score_surgery: 0 | her2_status_surgery: Negative | her2_score_surgery: 0 | ki67_status_surgery: 3 | ki67_surgery: 60-70% | histological_grade: 3 | nuclear_grade: 3 | lymphovascular_invasion: 0 | bilaterality: 0 | multiplicity: 0 | surgery_type: 1 | surgical_site: 2 | tumor_size: 3.2 | regional_lymph_nodes: 0 | tnm_stage_pathologic: 7 | pcr_status: 1 | proliferative_index: 7.785172472 | cyt_score: 62.5035959 | subtype_pam50: Normal | subtype_nmc: NA | subtype_ihc: TN | tumor_purity_pathology: 0.6 | cin_score: NA | tumor_purity_facets: NA | tumor_purity_consensus: 0.6 | tumor_ploidy: NA | cnv_burden_del: NA | cnv_burden_hemizygote: NA | loh_burden_burden: NA | cnv_burden_gain: NA | cnv_burden_amp: NA | til_count: 5358 | tissue_area: 21148400 | til_density: 253.352499479866 | time: T2 | subtype_consensus: TN | mut_load: NA,,UNRESOLVED,LOW,NO_DECISIVE_EVIDENCE,,,,,False
GEO:GSE123845,GSM3514037,OB_15_0237_3,Primary Tumor,gender: Female | age: 53.20833333 | menopausal_status: Postmenopausal | bc_family_history: No | brca1_status: 999 | brca2_status: 999 | cell_type_diagnosis: Invasive ductal carcinoma | er_status_diagnosis: 0 | er_score_diagnosis: 0 | pr_status_diagnosis: 0 | pr_score_diagnosis: 0 | her2_status_diagnosis: 0 | her2_score_diagnosis: 0 | ki67_status_diagnosis: 4 | ki67_diagnosis: 70-80% | tnm_stage_clinical: cT2-3N0-1M0 | nac_drug: AC+T | er_status_surgery: Negative | er_score_surgery: 0 | pr_status_surgery: Negative | pr_score_surgery: 0 | her2_status_surgery: Negative | her2_score_surgery: 0 | ki67_status_surgery: 3 | ki67_surgery: 60-70% | histological_grade: 3 | nuclear_grade: 3 | lymphovascular_invasion: 0 | bilaterality: 0 | multiplicity: 0 | surgery_type: 1 | surgical_site: 2 | tumor_size: 3.2 | regional_lymph_nodes: 0 | tnm_stage_pathologic: 7 | pcr_status: 1 | proliferative_index: 53.44102725 | cyt_score: 3.133544319 | subtype_pam50: Basal | subtype_nmc: NA | subtype_ihc: TN | tumor_purity_pathology: 0.8 | cin_score: NA | tumor_purity_facets: NA | tumor_purity_consensus: 0.8 | tumor_ploidy: NA | cnv_burden_del: NA | cnv_burden_hemizygote: NA | loh_burden_burden: NA | cnv_burden_gain: NA | cnv_burden_amp: NA | til_count: 1293 | tissue_area: 37383600 | til_density: 34.5873591628415 | time: T3 | subtype_consensus: TN | mut_load: NA,,UNRESOLVED,LOW,NO_DECISIVE_EVIDENCE,,,,,False
GEO:GSE123845,GSM3514038,OB_15_0253_1,Primary Tumor,gender: Female | age: 33.03333333 | menopausal_status: Premenopausal | bc_family_history: No | brca1_status: Equivocal | brca2_status: Not Detected | cell_type_diagnosis: Invasive ductal carcinoma | er_status_diagnosis: 1 | er_score_diagnosis: 8 | pr_status_diagnosis: 1 | pr_score_diagnosis: 8 | her2_status_diagnosis: 1 | her2_score_diagnosis: 3 | ki67_status_diagnosis: 2 | ki67_diagnosis: 40-50% | tnm_stage_clinical: cT2N1-2M0 | nac_drug: AC+T+Trastuzumab | er_status_surgery: 999 | er_score_surgery: 999 | pr_status_surgery: 999 | pr_score_surgery: 999 | her2_status_surgery: 999 | her2_score_surgery: 999 | ki67_status_surgery: 999 | ki67_surgery: 999 | histological_grade: 1 | nuclear_grade: 2 | lymphovascular_invasion: 0 | bilaterality: 0 | multiplicity: 0 | surgery_type: 1 | surgical_site: 2 | tumor_size: 500 <U+339B>(Tis) | regional_lymph_nodes: 0 | tnm_stage_pathologic: 1 | pcr_status: 0 | proliferative_index: 33.70374236 | cyt_score: 3.520937375 | subtype_pam50: LumB | subtype_nmc: NA | subtype_ihc: ER+HER2+ | tumor_purity_pathology: 0.7 | cin_score: NA | tumor_purity_facets: NA | tumor_purity_consensus: 0.7 | tumor_ploidy: NA | cnv_burden_del: NA | cnv_burden_hemizygote: NA | loh_burden_burden: NA | cnv_burden_gain: NA | cnv_burden_amp: NA | til_count: 568 | tissue_area: 13488600 | til_density: 42.1096333199887 | time: T1 | subtype_consensus: ER+HER2+ | mut_load: NA,,UNRESOLVED,LOW,NO_DECISIVE_EVIDENCE,,,,,False
GEO:GSE123845,GSM3514039,OB_15_0253_2,Primary Tumor,gender: Female | age: 33.03333333 | menopausal_status: Premenopausal | bc_family_history: No | brca1_status: Equivocal | brca2_status: Not Detected | cell_type_diagnosis: Invasive ductal carcinoma | er_status_diagnosis: 1 | er_score_diagnosis: 8 | pr_status_diagnosis: 1 | pr_score_diagnosis: 8 | her2_status_diagnosis: 1 | her2_score_diagnosis: 3 | ki67_status_diagnosis: 2 | ki67_diagnosis: 40-50% | tnm_stage_clinical: cT2N1-2M0 | nac_drug: AC+T+Trastuzumab | er_status_surgery: 999 | er_score_surgery: 999 | pr_status_surgery: 999 | pr_score_surgery: 999 | her2_status_surgery: 999 | her2_score_surgery: 999 | ki67_status_surgery: 999 | ki67_surgery: 999 | histological_grade: 1 | nuclear_grade: 2 | lymphovascular_invasion: 0 | bilaterality: 0 | multiplicity: 0 | surgery_type: 1 | surgical_site: 2 | tumor_size: 500 <U+339B>(Tis) | regional_lymph_nodes: 0 | tnm_stage_pathologic: 1 | pcr_status: 0 | proliferative_index: 59.25117624 | cyt_score: 20.36363671 | subtype_pam50: LumB | subtype_nmc: ER+HER2+ | subtype_ihc: ER+HER2+ | tumor_purity_pathology: 0.7 | cin_score: 34.49822038 | tumor_purity_facets: 0.327736486 | tumor_purity_consensus: 0.327736486 | tumor_ploidy: 2.662860928 | cnv_burden_del: 0.032168643 | cnv_burden_hemizygote: 0.108168627 | loh_burden_burden: 0 | cnv_burden_gain: 0.519187639 | cnv_burden_amp: 0.086922995 | til_count: 2599 | tissue_area: 20105600 | til_density: 129.267467770173 | time: T2 | subtype_consensus: ER+HER2+ | mut_load: 10,,UNRESOLVED,LOW,NO_DECISIVE_EVIDENCE,,,,,False
GEO:GSE123845,GSM3514040,OB_15_0259_2,Primary Tumor,gender: Female | age: 59.83611111 | menopausal_status: Postmenopausal | bc_family_history: No | brca1_status: 999 | brca2_status: 999 | cell_type_diagnosis: Invasive ductal carcinoma | er_status_diagnosis: 0 | er_score_diagnosis: 0 | pr_status_diagnosis: 0 | pr_score_diagnosis: 0 | her2_status_diagnosis: 0 | her2_score_diagnosis: 1 | ki67_status_diagnosis: 4 | ki67_diagnosis: 70-80% | tnm_stage_clinical: cT2N2M0 | nac_drug: Others | er_status_surgery: Negative | er_score_surgery: 0 | pr_status_surgery: Negative | pr_score_surgery: 0 | her2_status_surgery: Negative | her2_score_surgery: 1 | ki67_status_surgery: 1 | ki67_surgery: <5% | histological_grade: 1 | nuclear_grade: 2 | lymphovascular_invasion: 0 | bilaterality: 0 | multiplicity: 0 | surgery_type: 1 | surgical_site: 2 | tumor_size: 2.5(Tis) | regional_lymph_nodes: 0 | tnm_stage_pathologic: 1 | pcr_status: 0 | proliferative_index: 8.15198194 | cyt_score: 54.42611506 | subtype_pam50: LumA | subtype_nmc: NA | subtype_ihc: TN | tumor_purity_pathology: 0.5 | cin_score: NA | tumor_purity_facets: NA | tumor_purity_consensus: 0.5 | tumor_ploidy: NA | cnv_burden_del: NA | cnv_burden_hemizygote: NA | loh_burden_burden: NA | cnv_burden_gain: NA | cnv_burden_amp: NA | til_count: 1723 | tissue_area: 28952100 | til_density: 59.5120906600903 | time: T2 | subtype_consensus: TN | mut_load: NA,,UNRESOLVED,LOW,NO_DECISIVE_EVIDENCE,,,,,False
GEO:GSE123845,GSM3514041,OB_15_0294_1,Primary Tumor,gender: Female | age: 36.50277778 | menopausal_status: Premenopausal | bc_family_history: No | brca1_status: Not Detected | brca2_status: Equivocal | cell_type_diagnosis: Invasive ductal carcinoma | er_status_diagnosis: 0 | er_score_diagnosis: 0 | pr_status_diagnosis: 0 | pr_score_diagnosis: 0 | her2_status_diagnosis: 0 | her2_score_diagnosis: 0 | ki67_status_diagnosis: 1 | ki67_diagnosis: 0.05 | tnm_stage_clinical: cT3N0-1M0 | nac_drug: AC+T | er_status_surgery: Negative | er_score_surgery: 0 | pr_status_surgery: Negative | pr_score_surgery: 0 | her2_status_surgery: Negative | her2_score_surgery: 0 | ki67_status_surgery: 4 | ki67_surgery: 0.8 | histological_grade: 3 | nuclear_grade: 3 | lymphovascular_invasion: 0 | bilaterality: 0 | multiplicity: 0 | surgery_type: 1 | surgical_site: 1 | tumor_size: 0.4 | regional_lymph_nodes: 0 | tnm_stage_pathologic: 2 | pcr_status: 1 | proliferative_index: 48.96873558 | cyt_score: 7.518404086 | subtype_pam50: Basal | subtype_nmc: NA | subtype_ihc: TN | tumor_purity_pathology: 0.7 | cin_score: NA | tumor_purity_facets: NA | tumor_purity_consensus: 0.7 | tumor_ploidy: NA | cnv_burden_del: NA | cnv_burden_hemizygote: NA | loh_burden_burden: NA | cnv_burden_gain: NA | cnv_burden_amp: NA | til_count: 1413 | tissue_area: 95625104 | til_density: 14.7764545176338 | time: T1 | subtype_consensus: TN | mut_load: NA,,UNRESOLVED,LOW,NO_DECISIVE_EVIDENCE,,,,,False
GEO:GSE123845,GSM3514042,OB_15_0294_2,Primary Tumor,gender: Female | age: 36.50277778 | menopausal_status: Premenopausal | bc_family_history: No | brca1_status: Not Detected | brca2_status: Equivocal | cell_type_diagnosis: Invasive ductal carcinoma | er_status_diagnosis: 0 | er_score_diagnosis: 0 | pr_status_diagnosis: 0 | pr_score_diagnosis: 0 | her2_status_diagnosis: 0 | her2_score_diagnosis: 0 | ki67_status_diagnosis: 1 | ki67_diagnosis: 0.05 | tnm_stage_clinical: cT3N0-1M0 | nac_drug: AC+T | er_status_surgery: Negative | er_score_surgery: 0 | pr_status_surgery: Negative | pr_score_surgery: 0 | her2_status_surgery: Negative | her2_score_surgery: 0 | ki67_status_surgery: 4 | ki67_surgery: 0.8 | histological_grade: 3 | nuclear_grade: 3 | lymphovascular_invasion: 0 | bilaterality: 0 | multiplicity: 0 | surgery_type: 1 | surgical_site: 1 | tumor_size: 0.4 | regional_lymph_nodes: 0 | tnm_stage_pathologic: 2 | pcr_status: 1 | proliferative_index: 40.21301269 | cyt_score: 16.02514899 | subtype_pam50: Basal | subtype_nmc: NA | subtype_ihc: TN | tumor_purity_pathology: 0.7 | cin_score: NA | tumor_purity_facets: NA | tumor_purity_consensus: 0.7 | tumor_ploidy: NA | cnv_burden_del: NA | cnv_burden_hemizygote: NA | loh_burden_burden: NA | cnv_burden_gain: NA | cnv_burden_amp: NA | til_count: 4684 | tissue_area: 20239900 | til_density: 231.424068300733 | time: T2 | subtype_consensus: TN | mut_load: NA,,UNRESOLVED,LOW,NO_DECISIVE_EVIDENCE,,,,,False
GEO:GSE123845,GSM3514043,OB_16_0005_1,Primary Tumor,gender: Female | age: 36.18888889 | menopausal_status: Premenopausal | bc_family_history: No | brca1_status: Not Detected | brca2_status: Not Detected | cell_type_diagnosis: Invasive ductal carcinoma | er_status_diagnosis: 1 | er_score_diagnosis: 8 | pr_status_diagnosis: 1 | pr_score_diagnosis: 5 | her2_status_diagnosis: 0 | her2_score_diagnosis: 1 | ki67_status_diagnosis: 2 | ki67_diagnosis: 20-30% | tnm_stage_clinical: cT2N1-2M0 | nac_drug: AC+T | er_status_surgery: Positive | er_score_surgery: 7 | pr_status_surgery: Positive | pr_score_surgery: 5 | her2_status_surgery: Negative | her2_score_surgery: 0 | ki67_status_surgery: 1 | ki67_surgery: <1% | histological_grade: 2 | nuclear_grade: 2 | lymphovascular_invasion: 0 | bilaterality: 0 | multiplicity: 1 | surgery_type: 0 | surgical_site: 1 | tumor_size: 2.3 | regional_lymph_nodes: 0 | tnm_stage_pathologic: 7 | pcr_status: 1 | proliferative_index: 23.46930438 | cyt_score: 15.88244314 | subtype_pam50: LumB | subtype_nmc: ER+ | subtype_ihc: ER+ | tumor_purity_pathology: 0.7 | cin_score: 31.06571683 | tumor_purity_facets: 0.407099079 | tumor_purity_consensus: 0.407099079 | tumor_ploidy: 3.252301856 | cnv_burden_del: 0.006074409 | cnv_burden_hemizygote: 0.035091926 | loh_burden_burden: 0 | cnv_burden_gain: 0.384168688 | cnv_burden_amp: 0.327316223 | til_count: 3159 | tissue_area: 22018900 | til_density: 143.467657330748 | time: T1 | subtype_consensus: ER+ | mut_load: 44,,UNRESOLVED,LOW,NO_DECISIVE_EVIDENCE,,,,,False
GEO:GSE123845,GSM3514044,OB_16_0005_2,Primary Tumor,gender: Female | age: 36.18888889 | menopausal_status: Premenopausal | bc_family_history: No | brca1_status: Not Detected | brca2_status: Not Detected | cell_type_diagnosis: Invasive ductal carcinoma | er_status_diagnosis: 1 | er_score_diagnosis: 8 | pr_status_diagnosis: 1 | pr_score_diagnosis: 5 | her2_status_diagnosis: 0 | her2_score_diagnosis: 1 | ki67_status_diagnosis: 2 | ki67_diagnosis: 20-30% | tnm_stage_clinical: cT2N1-2M0 | nac_drug: AC+T | er_status_surgery: Positive | er_score_surgery: 7 | pr_status_surgery: Positive | pr_score_surgery: 5 | her2_status_surgery: Negative | her2_score_surgery: 0 | ki67_status_surgery: 1 | ki67_surgery: <1% | histological_grade: 2 | nuclear_grade: 2 | lymphovascular_invasion: 0 | bilaterality: 0 | multiplicity: 1 | surgery_type: 0 | surgical_site: 1 | tumor_size: 2.3 | regional_lymph_nodes: 0 | tnm_stage_pathologic: 7 | pcr_status: 1 | proliferative_index: 4.394182385 | cyt_score: 35.23586241 | subtype_pam50: LumA | subtype_nmc: ER+ | subtype_ihc: ER+ | tumor_purity_pathology: 0.5 | cin_score: 20.91929907 | tumor_purity_facets: 0.288597221 | tumor_purity_consensus: 0.288597221 | tumor_ploidy: 2.747689781 | cnv_burden_del: 0.010173158 | cnv_burden_hemizygote: 0.07348614 | loh_burden_burden: 0 | cnv_burden_gain: 0.58370749 | cnv_burden_amp: 0.097834317 | til_count: 672 | tissue_area: 25152300 | til_density: 26.7172385825551 | time: T2 | subtype_consensus: ER+ | mut_load: 18,,UNRESOLVED,LOW,NO_DECISIVE_EVIDENCE,,,,,False
GEO:GSE123845,GSM3514045,OB_16_0006_1,Primary Tumor,"gender: Female | age: 33.91111111 | menopausal_status: Premenopausal | bc_family_history: No | brca1_status: Not Detected | brca2_status: Not Detected | cell_type_diagnosis: Invasive carcinoma, POORLY DIFFERENTIATED | er_status_diagnosis: 0 | er_score_diagnosis: 0 | pr_status_diagnosis: 0 | pr_score_diagnosis: 0 | her2_status_diagnosis: 0 | her2_score_diagnosis: 1 | ki67_status_diagnosis: 2 | ki67_diagnosis: 40-50% | tnm_stage_clinical: cT2-3N0-1M0 | nac_drug: Others | er_status_surgery: 999 | er_score_surgery: 999 | pr_status_surgery: 999 | pr_score_surgery: 999 | her2_status_surgery: 999 | her2_score_surgery: 999 | ki67_status_surgery: 999 | ki67_surgery: 999 | histological_grade: 999 | nuclear_grade: 999 | lymphovascular_invasion: 999 | bilaterality: 0 | multiplicity: 0 | surgery_type: 0 | surgical_site: 2 | tumor_size: 0 | regional_lymph_nodes: 0 | tnm_stage_pathologic: 77 | pcr_status: 0 | proliferative_index: 49.17815438 | cyt_score: 3.147062122 | subtype_pam50: Basal | subtype_nmc: TN | subtype_ihc: TN | tumor_purity_pathology: 0.9 | cin_score: 47.27757322 | tumor_purity_facets: 0.746381506 | tumor_purity_consensus: 0.746381506 | tumor_ploidy: 4.625825278 | cnv_burden_del: 0.001840223 | cnv_burden_hemizygote: 0.008302323 | loh_burden_burden: 0.060226992 | cnv_burden_gain: 0.081054406 | cnv_burden_amp: 0.346029651 | til_count: 247 | tissue_area: 32566400 | til_density: 7.58450427434411 | time: T1 | subtype_consensus: TN | mut_load: 74",,UNRESOLVED,LOW,NO_DECISIVE_EVIDENCE,,,,,False
GEO:GSE123845,GSM3514046,OB_16_0006_2,Primary Tumor,"gender: Female | age: 33.91111111 | menopausal_status: Premenopausal | bc_family_history: No | brca1_status: Not Detected | brca2_status: Not Detected | cell_type_diagnosis: Invasive carcinoma, POORLY DIFFERENTIATED | er_status_diagnosis: 0 | er_score_diagnosis: 0 | pr_status_diagnosis: 0 | pr_score_diagnosis: 0 | her2_status_diagnosis: 0 | her2_score_diagnosis: 1 | ki67_status_diagnosis: 2 | ki67_diagnosis: 40-50% | tnm_stage_clinical: cT2-3N0-1M0 | nac_drug: Others | er_status_surgery: 999 | er_score_surgery: 999 | pr_status_surgery: 999 | pr_score_surgery: 999 | her2_status_surgery: 999 | her2_score_surgery: 999 | ki67_status_surgery: 999 | ki67_surgery: 999 | histological_grade: 999 | nuclear_grade: 999 | lymphovascular_invasion: 999 | bilaterality: 0 | multiplicity: 0 | surgery_type: 0 | surgical_site: 2 | tumor_size: 0 | regional_lymph_nodes: 0 | tnm_stage_pathologic: 77 | pcr_status: 0 | proliferative_index: 6.492904945 | cyt_score: 47.37968869 | subtype_pam50: Normal | subtype_nmc: TN | subtype_ihc: TN | tumor_purity_pathology: 0.8 | cin_score: 41.85552932 | tumor_purity_facets: 0.443254464 | tumor_purity_consensus: 0.443254464 | tumor_ploidy: 2.604208154 | cnv_burden_del: 0.061870909 | cnv_burden_hemizygote: 0.083129057 | loh_burden_burden: 0.059027427 | cnv_burden_gain: 0.342924272 | cnv_burden_amp: 0.197909543 | til_count: 3877 | tissue_area: 43374100 | til_density: 89.3851399798497 | time: T2 | subtype_consensus: TN | mut_load: 68",,UNRESOLVED,LOW,NO_DECISIVE_EVIDENCE,,,,,False
GEO:GSE123845,GSM3514047,OB_16_0011_1,Primary Tumor,gender: Female | age: 42.53888889 | menopausal_status: Premenopausal | bc_family_history: No | brca1_status: Not Detected | brca2_status: Not Detected | cell_type_diagnosis: INVASIVE MICROPAPILLARY CARCINOMA | er_status_diagnosis: 0 | er_score_diagnosis: 0 | pr_status_diagnosis: 0 | pr_score_diagnosis: 0 | her2_status_diagnosis: 0 | her2_score_diagnosis: 0 | ki67_status_diagnosis: 1 | ki67_diagnosis: 10-20% | tnm_stage_clinical: cT1N1-2M0 | nac_drug: Others | er_status_surgery: Negative | er_score_surgery: 0 | pr_status_surgery: Negative | pr_score_surgery: 0 | her2_status_surgery: Negative | her2_score_surgery: 0 | ki67_status_surgery: 2 | ki67_surgery: 0.5 | histological_grade: 3 | nuclear_grade: 3 | lymphovascular_invasion: 0 | bilaterality: 0 | multiplicity: 1 | surgery_type: 1 | surgical_site: 2 | tumor_size: 1.3 | regional_lymph_nodes: 1 | tnm_stage_pathologic: 6 | pcr_status: 1 | proliferative_index: 35.14390224 | cyt_score: 8.426209112 | subtype_pam50: Basal | subtype_nmc: NA | subtype_ihc: TN | tumor_purity_pathology: 0.7 | cin_score: NA | tumor_purity_facets: NA | tumor_purity_consensus: 0.7 | tumor_ploidy: NA | cnv_burden_del: NA | cnv_burden_hemizygote: NA | loh_burden_burden: NA | cnv_burden_gain: NA | cnv_burden_amp: NA | til_count: 275 | tissue_area: 18670500 | til_density: 14.7291181275274 | time: T1 | subtype_consensus: TN | mut_load: NA,,UNRESOLVED,LOW,NO_DECISIVE_EVIDENCE,,,,,False
GEO:GSE123845,GSM3514048,OB_16_0026_1,Primary Tumor,gender: Female | age: 36.88611111 | menopausal_status: Premenopausal | bc_family_history: No | brca1_status: Not Detected | brca2_status: Not Detected | cell_type_diagnosis: Invasive ductal carcinoma | er_status_diagnosis: 0 | er_score_diagnosis: 0 | pr_status_diagnosis: 0 | pr_score_diagnosis: 0 | her2_status_diagnosis: 0 | her2_score_diagnosis: 2 | ki67_status_diagnosis: 4 | ki67_diagnosis: 80-90% | tnm_stage_clinical: cT3N3M0 | nac_drug: AC+T | er_status_surgery: Negative | er_score_surgery: 0 | pr_status_surgery: Negative | pr_score_surgery: 0 | her2_status_surgery: Negative | her2_score_surgery: 0 | ki67_status_surgery: 4 | ki67_surgery: 80-90% | histological_grade: 3 | nuclear_grade: 2 | lymphovascular_invasion: 1 | bilaterality: 0 | multiplicity: 0 | surgery_type: 0 | surgical_site: 2 | tumor_size: 2.3 | regional_lymph_nodes: 6 | tnm_stage_pathologic: 12 | pcr_status: 1 | proliferative_index: 91.28867664 | cyt_score: 7.814454556 | subtype_pam50: Basal | subtype_nmc: NA | subtype_ihc: TN | tumor_purity_pathology: 0.7 | cin_score: NA | tumor_purity_facets: NA | tumor_purity_consensus: 0.7 | tumor_ploidy: NA | cnv_burden_del: NA | cnv_burden_hemizygote: NA | loh_burden_burden: NA | cnv_burden_gain: NA | cnv_burden_amp: NA | til_count: 2789 | tissue_area: 34104100 | til_density: 81.7790236364543 | time: T1 | subtype_consensus: TN | mut_load: NA,,UNRESOLVED,LOW,NO_DECISIVE_EVIDENCE,,,,,False
GEO:GSE123845,GSM3514049,OB_16_0030_1,Primary Tumor,gender: Female | age: 57.09444444 | menopausal_status: 88 | bc_family_history: No | brca1_status: Not Detected | brca2_status: Not Detected | cell_type_diagnosis: Invasive ductal carcinoma | er_status_diagnosis: 0 | er_score_diagnosis: 0 | pr_status_diagnosis: 0 | pr_score_diagnosis: 0 | her2_status_diagnosis: 1 | her2_score_diagnosis: 3 | ki67_status_diagnosis: 2 | ki67_diagnosis: 30-40% | tnm_stage_clinical: cT2N1M0 | nac_drug: TCHP | er_status_surgery: 999 | er_score_surgery: 999 | pr_status_surgery: 999 | pr_score_surgery: 999 | her2_status_surgery: 999 | her2_score_surgery: 999 | ki67_status_surgery: 999 | ki67_surgery: 999 | histological_grade: 999 | nuclear_grade: 999 | lymphovascular_invasion: 999 | bilaterality: 0 | multiplicity: 0 | surgery_type: 1 | surgical_site: 2 | tumor_size: 0 | regional_lymph_nodes: 0 | tnm_stage_pathologic: 77 | pcr_status: 0 | proliferative_index: 19.2177716 | cyt_score: 3.908452379 | subtype_pam50: Her2 | subtype_nmc: HER2+ | subtype_ihc: HER2+ | tumor_purity_pathology: 0.7 | cin_score: 21.73350662 | tumor_purity_facets: 0.289818552 | tumor_purity_consensus: 0.289818552 | tumor_ploidy: 2.71352852 | cnv_burden_del: 0.02133327 | cnv_burden_hemizygote: 0.098913442 | loh_burden_burden: 0 | cnv_burden_gain: 0.59786718 | cnv_burden_amp: 0.048607424 | til_count: 18 | tissue_area: 23232800 | til_density: 0.77476670913536 | time: T1 | subtype_consensus: HER2+ | mut_load: 16,,UNRESOLVED,LOW,NO_DECISIVE_EVIDENCE,,,,,False
GEO:GSE123845,GSM3514050,OB_16_0032_1,Primary Tumor,gender: Female | age: 36.25833333 | menopausal_status: Premenopausal | bc_family_history: No | brca1_status: Not Detected | brca2_status: Detected | cell_type_diagnosis: Invasive ductal carcinoma | er_status_diagnosis: 1 | er_score_diagnosis: 8 | pr_status_diagnosis: 1 | pr_score_diagnosis: 4 | her2_status_diagnosis: 0 | her2_score_diagnosis: 0 | ki67_status_diagnosis: 2 | ki67_diagnosis: 20-30% | tnm_stage_clinical: cT2N1-2M0 | nac_drug: AC+T | er_status_surgery: Positive | er_score_surgery: 8 | pr_status_surgery: Negative | pr_score_surgery: 0 | her2_status_surgery: Negative | her2_score_surgery: 1 | ki67_status_surgery: 1 | ki67_surgery: <1% | histological_grade: 3 | nuclear_grade: 3 | lymphovascular_invasion: 1 | bilaterality: 0 | multiplicity: 0 | surgery_type: 1 | surgical_site: 2 | tumor_size: 1.9 | regional_lymph_nodes: 2 | tnm_stage_pathologic: 6 | pcr_status: 1 | proliferative_index: 27.20552721 | cyt_score: 1.183469476 | subtype_pam50: LumB | subtype_nmc: NA | subtype_ihc: ER+ | tumor_purity_pathology: 0.75 | cin_score: NA | tumor_purity_facets: NA | tumor_purity_consensus: 0.75 | tumor_ploidy: NA | cnv_burden_del: NA | cnv_burden_hemizygote: NA | loh_burden_burden: NA | cnv_burden_gain: NA | cnv_burden_amp: NA | til_count: 323 | tissue_area: 21019300 | til_density: 15.3668295328579 | time: T1 | subtype_consensus: ER+ | mut_load: NA,,UNRESOLVED,LOW,NO_DECISIVE_EVIDENCE,,,,,False
GEO:GSE123845,GSM3514051,OB_16_0034_1,Primary Tumor,gender: Female | age: 49.02222222 | menopausal_status: Premenopausal | bc_family_history: No | brca1_status: Not Detected | brca2_status: Not Detected | cell_type_diagnosis: Invasive ductal carcinoma | er_status_diagnosis: 0 | er_score_diagnosis: 0 | pr_status_diagnosis: 0 | pr_score_diagnosis: 0 | her2_status_diagnosis: 0 | her2_score_diagnosis: 0 | ki67_status_diagnosis: 4 | ki67_diagnosis: 0.8 | tnm_stage_clinical: cT2N2M0 | nac_drug: AC+T | er_status_surgery: Negative | er_score_surgery: 0 | pr_status_surgery: Negative | pr_score_surgery: 0 | her2_status_surgery: Negative | her2_score_surgery: 0 | ki67_status_surgery: 3 | ki67_surgery: 70-80% | histological_grade: 3 | nuclear_grade: 3 | lymphovascular_invasion: 0 | bilaterality: 0 | multiplicity: 0 | surgery_type: 0 | surgical_site: 2 | tumor_size: 2.1 | regional_lymph_nodes: 0 | tnm_stage_pathologic: 7 | pcr_status: 1 | proliferative_index: 42.33075325 | cyt_score: 8.000937445 | subtype_pam50: Basal | subtype_nmc: NA | subtype_ihc: TN | tumor_purity_pathology: 0.5 | cin_score: NA | tumor_purity_facets: NA | tumor_purity_consensus: 0.5 | tumor_ploidy: NA | cnv_burden_del: NA | cnv_burden_hemizygote: NA | loh_burden_burden: NA | cnv_burden_gain: NA | cnv_burden_amp: NA | til_count: 370 | tissue_area: 30683000 | til_density: 12.0587947723495 | time: T1 | subtype_consensus: TN | mut_load: NA,,UNRESOLVED,LOW,NO_DECISIVE_EVIDENCE,,,,,False
GEO:GSE123845,GSM3514052,OB_16_0039_2,Primary Tumor,gender: Female | age: 56.81944444 | menopausal_status: 88 | bc_family_history: No | brca1_status: 999 | brca2_status: 999 | cell_type_diagnosis: Invasive ductal carcinoma | er_status_diagnosis: 0 | er_score_diagnosis: 0 | pr_status_diagnosis: 0 | pr_score_diagnosis: 0 | her2_status_diagnosis: 1 | her2_score_diagnosis: 3 | ki67_status_diagnosis: 2 | ki67_diagnosis: 30-40% | tnm_stage_clinical: cT2N2M0 | nac_drug: AC+T+Trastuzumab | er_status_surgery: 999 | er_score_surgery: 999 | pr_status_surgery: 999 | pr_score_surgery: 999 | her2_status_surgery: 999 | her2_score_surgery: 999 | ki67_status_surgery: 999 | ki67_surgery: 999 | histological_grade: 999 | nuclear_grade: 999 | lymphovascular_invasion: 999 | bilaterality: 0 | multiplicity: 0 | surgery_type: 1 | surgical_site: 1 | tumor_size: 0 | regional_lymph_nodes: 0 | tnm_stage_pathologic: 77 | pcr_status: 0 | proliferative_index: 12.12490181 | cyt_score: 8.242305503 | subtype_pam50: LumA | subtype_nmc: NA | subtype_ihc: HER2+ | tumor_purity_pathology: 0.4 | cin_score: NA | tumor_purity_facets: NA | tumor_purity_consensus: 0.4 | tumor_ploidy: NA | cnv_burden_del: NA | cnv_burden_hemizygote: NA | loh_burden_burden: NA | cnv_burden_gain: NA | cnv_burden_amp: NA | til_count: 526 | tissue_area: 18840500 | til_density: 27.9185796555293 | time: T2 | subtype_consensus: HER2+ | mut_load: NA,,UNRESOLVED,LOW,NO_DECISIVE_EVIDENCE,,,,,False
GEO:GSE123845,GSM3514053,OB_16_0047_1,Primary Tumor,gender: Female | age: 45.25 | menopausal_status: Premenopausal | bc_family_history: No | brca1_status: 999 | brca2_status: 999 | cell_type_diagnosis: Invasive ductal carcinoma | er_status_diagnosis: 0 | er_score_diagnosis: 0 | pr_status_diagnosis: 0 | pr_score_diagnosis: 0 | her2_status_diagnosis: 0 | her2_score_diagnosis: 1 | ki67_status_diagnosis: 4 | ki67_diagnosis: 80-90% | tnm_stage_clinical: cT4N1M0 | nac_drug: AC+T | er_status_surgery: Negative | er_score_surgery: 2 | pr_status_surgery: Negative | pr_score_surgery: 0 | her2_status_surgery: Negative | her2_score_surgery: 1 | ki67_status_surgery: 4 | ki67_surgery: 80-90% | histological_grade: 3 | nuclear_grade: 3 | lymphovascular_invasion: 0 | bilaterality: 0 | multiplicity: 0 | surgery_type: 1 | surgical_site: 1 | tumor_size: 0.7 | regional_lymph_nodes: 0 | tnm_stage_pathologic: 2 | pcr_status: 1 | proliferative_index: 51.50504129 | cyt_score: 16.57847399 | subtype_pam50: Basal | subtype_nmc: NA | subtype_ihc: TN | tumor_purity_pathology: 0.5 | cin_score: NA | tumor_purity_facets: NA | tumor_purity_consensus: 0.5 | tumor_ploidy: NA | cnv_burden_del: NA | cnv_burden_hemizygote: NA | loh_burden_burden: NA | cnv_burden_gain: NA | cnv_burden_amp: NA | til_count: 2548 | tissue_area: 30668800 | til_density: 83.0811769616027 | time: T1 | subtype_consensus: TN | mut_load: NA,,UNRESOLVED,LOW,NO_DECISIVE_EVIDENCE,,,,,False
GEO:GSE123845,GSM3514054,OB_16_0051_1,Primary Tumor,gender: Female | age: 33.66111111 | menopausal_status: Premenopausal | bc_family_history: No | brca1_status: Not Detected | brca2_status: Not Detected | cell_type_diagnosis: Invasive ductal carcinoma | er_status_diagnosis: 1 | er_score_diagnosis: 6 | pr_status_diagnosis: 0 | pr_score_diagnosis: 3 | her2_status_diagnosis: 0 | her2_score_diagnosis: 1 | ki67_status_diagnosis: 3 | ki67_diagnosis: 70-80% | tnm_stage_clinical: cT2N1-2M0 | nac_drug: AC+T | er_status_surgery: Positive | er_score_surgery: 5 | pr_status_surgery: Negative | pr_score_surgery: 0 | her2_status_surgery: Negative | her2_score_surgery: 0 | ki67_status_surgery: 3 | ki67_surgery: 60-70% | histological_grade: 3 | nuclear_grade: 3 | lymphovascular_invasion: 0 | bilaterality: 0 | multiplicity: 0 | surgery_type: 1 | surgical_site: 2 | tumor_size: 0.1(Tis) | regional_lymph_nodes: 0 | tnm_stage_pathologic: 1 | pcr_status: 0 | proliferative_index: 41.30493259 | cyt_score: 2.481491487 | subtype_pam50: Basal | subtype_nmc: ER+ | subtype_ihc: ER+ | tumor_purity_pathology: 0.8 | cin_score: 17.73377151 | tumor_purity_facets: 0.303586309 | tumor_purity_consensus: 0.303586309 | tumor_ploidy: 2.562152556 | cnv_burden_del: 0.009320355 | cnv_burden_hemizygote: 0.092963723 | loh_burden_burden: 0.009401799 | cnv_burden_gain: 0.51060612 | cnv_burden_amp: 0.102679784 | til_count: 3271 | tissue_area: 26585100 | til_density: 123.03884506735 | time: T1 | subtype_consensus: TN | mut_load: 29,,UNRESOLVED,LOW,NO_DECISIVE_EVIDENCE,,,,,False
GEO:GSE123845,GSM3514055,OB_16_0070_1,Primary Tumor,gender: Female | age: 49.10555556 | menopausal_status: Premenopausal | bc_family_history: No | brca1_status: 999 | brca2_status: 999 | cell_type_diagnosis: Invasive ductal carcinoma | er_status_diagnosis: 1 | er_score_diagnosis: 8 | pr_status_diagnosis: 1 | pr_score_diagnosis: 8 | her2_status_diagnosis: 1 | her2_score_diagnosis: 3 | ki67_status_diagnosis: 2 | ki67_diagnosis: 20-30% | tnm_stage_clinical: cT2-3N3M0 | nac_drug: TCHP | er_status_surgery: 999 | er_score_surgery: 999 | pr_status_surgery: 999 | pr_score_surgery: 999 | her2_status_surgery: 999 | her2_score_surgery: 999 | ki67_status_surgery: 999 | ki67_surgery: 999 | histological_grade: 1 | nuclear_grade: 1 | lymphovascular_invasion: 0 | bilaterality: 0 | multiplicity: 1 | surgery_type: 0 | surgical_site: 1 | tumor_size: 1300<U+339B> | regional_lymph_nodes: 0 | tnm_stage_pathologic: 2 | pcr_status: 1 | proliferative_index: 18.56228451 | cyt_score: 55.12686369 | subtype_pam50: LumB | subtype_nmc: ER+HER2+ | subtype_ihc: ER+HER2+ | tumor_purity_pathology: 0.9 | cin_score: 10.83089784 | tumor_purity_facets: 0.268733193 | tumor_purity_consensus: 0.268733193 | tumor_ploidy: 1.797458568 | cnv_burden_del: 0.006599054 | cnv_burden_hemizygote: 0.220637822 | loh_burden_burden: 0 | cnv_burden_gain: 0.128525607 | cnv_burden_amp: 0.000431908 | til_count: 12463 | tissue_area: 71985104 | til_density: 173.133041524813 | time: T1 | subtype_consensus: ER+HER2+ | mut_load: 53,,UNRESOLVED,LOW,NO_DECISIVE_EVIDENCE,,,,,False
GEO:GSE123845,GSM3514056,OB_16_0078_1,Primary Tumor,gender: Female | age: 64.09722222 | menopausal_status: Postmenopausal | bc_family_history: No | brca1_status: 999 | brca2_status: 999 | cell_type_diagnosis: Invasive ductal carcinoma | er_status_diagnosis: 0 | er_score_diagnosis: 0 | pr_status_diagnosis: 0 | pr_score_diagnosis: 0 | her2_status_diagnosis: 1 | her2_score_diagnosis: 3 | ki67_status_diagnosis: 2 | ki67_diagnosis: 30-40% | tnm_stage_clinical: cT2-3N1M0 | nac_drug: AC+T+Trastuzumab | er_status_surgery: 999 | er_score_surgery: 999 | pr_status_surgery: 999 | pr_score_surgery: 999 | her2_status_surgery: 999 | her2_score_surgery: 999 | ki67_status_surgery: 999 | ki67_surgery: 999 | histological_grade: 999 | nuclear_grade: 999 | lymphovascular_invasion: 999 | bilaterality: 0 | multiplicity: 0 | surgery_type: 1 | surgical_site: 2 | tumor_size: 0 | regional_lymph_nodes: 0 | tnm_stage_pathologic: 77 | pcr_status: 0 | proliferative_index: 19.28419514 | cyt_score: 43.71492423 | subtype_pam50: Her2 | subtype_nmc: HER2+ | subtype_ihc: HER2+ | tumor_purity_pathology: 0.7 | cin_score: 23.20915935 | tumor_purity_facets: 0.295925294 | tumor_purity_consensus: 0.295925294 | tumor_ploidy: 2.712209789 | cnv_burden_del: 0.023947412 | cnv_burden_hemizygote: 0.078735393 | loh_burden_burden: 0 | cnv_burden_gain: 0.621068951 | cnv_burden_amp: 0.042715615 | til_count: 1335 | tissue_area: 28477300 | til_density: 46.879444329343 | time: T1 | subtype_consensus: HER2+ | mut_load: 15,,UNRESOLVED,LOW,NO_DECISIVE_EVIDENCE,,,,,False
GEO:GSE123845,GSM3514057,OB_16_0078_2,Primary Tumor,gender: Female | age: 64.09722222 | menopausal_status: Postmenopausal | bc_family_history: No | brca1_status: 999 | brca2_status: 999 | cell_type_diagnosis: Invasive ductal carcinoma | er_status_diagnosis: 0 | er_score_diagnosis: 0 | pr_status_diagnosis: 0 | pr_score_diagnosis: 0 | her2_status_diagnosis: 1 | her2_score_diagnosis: 3 | ki67_status_diagnosis: 2 | ki67_diagnosis: 30-40% | tnm_stage_clinical: cT2-3N1M0 | nac_drug: AC+T+Trastuzumab | er_status_surgery: 999 | er_score_surgery: 999 | pr_status_surgery: 999 | pr_score_surgery: 999 | her2_status_surgery: 999 | her2_score_surgery: 999 | ki67_status_surgery: 999 | ki67_surgery: 999 | histological_grade: 999 | nuclear_grade: 999 | lymphovascular_invasion: 999 | bilaterality: 0 | multiplicity: 0 | surgery_type: 1 | surgical_site: 2 | tumor_size: 0 | regional_lymph_nodes: 0 | tnm_stage_pathologic: 77 | pcr_status: 0 | proliferative_index: 17.85711211 | cyt_score: 28.78761192 | subtype_pam50: Her2 | subtype_nmc: HER2+ | subtype_ihc: HER2+ | tumor_purity_pathology: 0.6 | cin_score: 17.00559536 | tumor_purity_facets: 0.291336381 | tumor_purity_consensus: 0.291336381 | tumor_ploidy: 2.541012599 | cnv_burden_del: 0.005257737 | cnv_burden_hemizygote: 0.089799198 | loh_burden_burden: 0 | cnv_burden_gain: 0.593519355 | cnv_burden_amp: 0.016799894 | til_count: 2798 | tissue_area: 25745900 | til_density: 108.677498164756 | time: T2 | subtype_consensus: HER2+ | mut_load: 5,,UNRESOLVED,LOW,NO_DECISIVE_EVIDENCE,,,,,False
GEO:GSE123845,GSM3514058,OB_16_0080_1,Primary Tumor,gender: Female | age: 43.86666667 | menopausal_status: Premenopausal | bc_family_history: No | brca1_status: 999 | brca2_status: 999 | cell_type_diagnosis: Invasive ductal carcinoma | er_status_diagnosis: 1 | er_score_diagnosis: 8 | pr_status_diagnosis: 1 | pr_score_diagnosis: 8 | her2_status_diagnosis: 0 | her2_score_diagnosis: 1 | ki67_status_diagnosis: 2 | ki67_diagnosis: 30-40% | tnm_stage_clinical: cT4N3M0 | nac_drug: AC+T | er_status_surgery: Positive | er_score_surgery: 8 | pr_status_surgery: Positive | pr_score_surgery: 6 | her2_status_surgery: Negative | her2_score_surgery: 2 | ki67_status_surgery: 1 | ki67_surgery: <5% | histological_grade: 2 | nuclear_grade: 2 | lymphovascular_invasion: 1 | bilaterality: 0 | multiplicity: 0 | surgery_type: 0 | surgical_site: 1 | tumor_size: 7 | regional_lymph_nodes: 11 | tnm_stage_pathologic: 18 | pcr_status: 1 | proliferative_index: 30.20450092 | cyt_score: 1.866092174 | subtype_pam50: LumB | subtype_nmc: ER+ | subtype_ihc: ER+ | tumor_purity_pathology: 0.2 | cin_score: 21.23532713 | tumor_purity_facets: 0.453256075 | tumor_purity_consensus: 0.453256075 | tumor_ploidy: 2.893926561 | cnv_burden_del: 0 | cnv_burden_hemizygote: 0.046983452 | loh_burden_burden: 0.267298256 | cnv_burden_gain: 0.35330306 | cnv_burden_amp: 0.106508933 | til_count: 5462 | tissue_area: 77619200 | til_density: 70.369187005277 | time: T1 | subtype_consensus: ER+ | mut_load: 26,,UNRESOLVED,LOW,NO_DECISIVE_EVIDENCE,,,,,False
GEO:GSE123845,GSM3514059,OB_16_0080_2,Primary Tumor,gender: Female | age: 43.86666667 | menopausal_status: Premenopausal | bc_family_history: No | brca1_status: 999 | brca2_status: 999 | cell_type_diagnosis: Invasive ductal carcinoma | er_status_diagnosis: 1 | er_score_diagnosis: 8 | pr_status_diagnosis: 1 | pr_score_diagnosis: 8 | her2_status_diagnosis: 0 | her2_score_diagnosis: 1 | ki67_status_diagnosis: 2 | ki67_diagnosis: 30-40% | tnm_stage_clinical: cT4N3M0 | nac_drug: AC+T | er_status_surgery: Positive | er_score_surgery: 8 | pr_status_surgery: Positive | pr_score_surgery: 6 | her2_status_surgery: Negative | her2_score_surgery: 2 | ki67_status_surgery: 1 | ki67_surgery: <5% | histological_grade: 2 | nuclear_grade: 2 | lymphovascular_invasion: 1 | bilaterality: 0 | multiplicity: 0 | surgery_type: 0 | surgical_site: 1 | tumor_size: 7 | regional_lymph_nodes: 11 | tnm_stage_pathologic: 18 | pcr_status: 1 | proliferative_index: 4.896808617 | cyt_score: 1.059245014 | subtype_pam50: LumB | subtype_nmc: ER+ | subtype_ihc: ER+ | tumor_purity_pathology: 0.5 | cin_score: 26.82908519 | tumor_purity_facets: 0.529929617 | tumor_purity_consensus: 0.529929617 | tumor_ploidy: 3.031494436 | cnv_burden_del: 0.000693757 | cnv_burden_hemizygote: 0.045528712 | loh_burden_burden: 0.25303249 | cnv_burden_gain: 0.379808096 | cnv_burden_amp: 0.082448514 | til_count: 1204 | tissue_area: 25167400 | til_density: 47.8396655991481 | time: T2 | subtype_consensus: ER+ | mut_load: 22,,UNRESOLVED,LOW,NO_DECISIVE_EVIDENCE,,,,,False
GEO:GSE123845,GSM3514060,OB_16_0080_3,Primary Tumor,gender: Female | age: 43.86666667 | menopausal_status: Premenopausal | bc_family_history: No | brca1_status: 999 | brca2_status: 999 | cell_type_diagnosis: Invasive ductal carcinoma | er_status_diagnosis: 1 | er_score_diagnosis: 8 | pr_status_diagnosis: 1 | pr_score_diagnosis: 8 | her2_status_diagnosis: 0 | her2_score_diagnosis: 1 | ki67_status_diagnosis: 2 | ki67_diagnosis: 30-40% | tnm_stage_clinical: cT4N3M0 | nac_drug: AC+T | er_status_surgery: Positive | er_score_surgery: 8 | pr_status_surgery: Positive | pr_score_surgery: 6 | her2_status_surgery: Negative | her2_score_surgery: 2 | ki67_status_surgery: 1 | ki67_surgery: <5% | histological_grade: 2 | nuclear_grade: 2 | lymphovascular_invasion: 1 | bilaterality: 0 | multiplicity: 0 | surgery_type: 0 | surgical_site: 1 | tumor_size: 7 | regional_lymph_nodes: 11 | tnm_stage_pathologic: 18 | pcr_status: 1 | proliferative_index: 2.019444308 | cyt_score: 0.502991054 | subtype_pam50: LumA | subtype_nmc: ER+ | subtype_ihc: ER+ | tumor_purity_pathology: 0.9 | cin_score: 32.94884215 | tumor_purity_facets: 0.610998386 | tumor_purity_consensus: 0.610998386 | tumor_ploidy: 2.47716697 | cnv_burden_del: 0.016280424 | cnv_burden_hemizygote: 0.124181423 | loh_burden_burden: 0.120595029 | cnv_burden_gain: 0.284301866 | cnv_burden_amp: 0.07440817 | til_count: 9205 | tissue_area: 275027008 | til_density: 33.4694402085776 | time: T3 | subtype_consensus: ER+ | mut_load: 24,,UNRESOLVED,LOW,NO_DECISIVE_EVIDENCE,,,,,False
GEO:GSE123845,GSM3514061,OB_16_0089_1,Primary Tumor,gender: Female | age: 39.78611111 | menopausal_status: Premenopausal | bc_family_history: No | brca1_status: 999 | brca2_status: 999 | cell_type_diagnosis: Invasive ductal carcinoma | er_status_diagnosis: 0 | er_score_diagnosis: 0 | pr_status_diagnosis: 0 | pr_score_diagnosis: 0 | her2_status_diagnosis: 1 | her2_score_diagnosis: 3 | ki67_status_diagnosis: 2 | ki67_diagnosis: 40-50% | tnm_stage_clinical: cT3N2M0 | nac_drug: TCHP | er_status_surgery: 999 | er_score_surgery: 999 | pr_status_surgery: 999 | pr_score_surgery: 999 | her2_status_surgery: 999 | her2_score_surgery: 999 | ki67_status_surgery: 999 | ki67_surgery: 999 | histological_grade: 999 | nuclear_grade: 999 | lymphovascular_invasion: 999 | bilaterality: 0 | multiplicity: 0 | surgery_type: 1 | surgical_site: 2 | tumor_size: 0 | regional_lymph_nodes: 0 | tnm_stage_pathologic: 77 | pcr_status: 0 | proliferative_index: 26.94396052 | cyt_score: 27.74486259 | subtype_pam50: Her2 | subtype_nmc: HER2+ | subtype_ihc: HER2+ | tumor_purity_pathology: 0.6 | cin_score: 16.1985618 | tumor_purity_facets: 0.295575432 | tumor_purity_consensus: 0.295575432 | tumor_ploidy: 2.399458232 | cnv_burden_del: 0.013452458 | cnv_burden_hemizygote: 0.079910305 | loh_burden_burden: 0 | cnv_burden_gain: 0.517155804 | cnv_burden_amp: 0.006089723 | til_count: 2365 | tissue_area: 16047800 | til_density: 147.372225476389 | time: T1 | subtype_consensus: HER2+ | mut_load: 12,,UNRESOLVED,LOW,NO_DECISIVE_EVIDENCE,,,,,False
GEO:GSE123845,GSM3514062,OB_16_0095_1,Primary Tumor,gender: Female | age: 34.46388889 | menopausal_status: Premenopausal | bc_family_history: No | brca1_status: Detected | brca2_status: Equivocal | cell_type_diagnosis: Invasive ductal carcinoma | er_status_diagnosis: 0 | er_score_diagnosis: 0 | pr_status_diagnosis: 0 | pr_score_diagnosis: 0 | her2_status_diagnosis: 0 | her2_score_diagnosis: 0 | ki67_status_diagnosis: 3 | ki67_diagnosis: 60-70% | tnm_stage_clinical: cT1N0-1M0 | nac_drug: AC+T | er_status_surgery: Negative | er_score_surgery: 0 | pr_status_surgery: Negative | pr_score_surgery: 0 | her2_status_surgery: Negative | her2_score_surgery: 0 | ki67_status_surgery: 2 | ki67_surgery: 20-30% | histological_grade: 3 | nuclear_grade: 3 | lymphovascular_invasion: 0 | bilaterality: 0 | multiplicity: 0 | surgery_type: 1 | surgical_site: 1 | tumor_size: 1.8 | regional_lymph_nodes: 0 | tnm_stage_pathologic: 2 | pcr_status: 1 | proliferative_index: 20.9887202 | cyt_score: 16.76343938 | subtype_pam50: Normal | subtype_nmc: ER+ | subtype_ihc: TN | tumor_purity_pathology: 0.6 | cin_score: 10.83244999 | tumor_purity_facets: 0.227365795 | tumor_purity_consensus: 0.227365795 | tumor_ploidy: 2.69410452 | cnv_burden_del: 0.002364169 | cnv_burden_hemizygote: 0.130246105 | loh_burden_burden: 0.277152348 | cnv_burden_gain: 0.332390989 | cnv_burden_amp: 0.066796316 | til_count: 17252 | tissue_area: 111891000 | til_density: 154.18577007981 | time: T1 | subtype_consensus: TN | mut_load: 49,,UNRESOLVED,LOW,NO_DECISIVE_EVIDENCE,,,,,False
GEO:GSE123845,GSM3514063,OB_16_0095_2,Primary Tumor,gender: Female | age: 34.46388889 | menopausal_status: Premenopausal | bc_family_history: No | brca1_status: Detected | brca2_status: Equivocal | cell_type_diagnosis: Invasive ductal carcinoma | er_status_diagnosis: 0 | er_score_diagnosis: 0 | pr_status_diagnosis: 0 | pr_score_diagnosis: 0 | her2_status_diagnosis: 0 | her2_score_diagnosis: 0 | ki67_status_diagnosis: 3 | ki67_diagnosis: 60-70% | tnm_stage_clinical: cT1N0-1M0 | nac_drug: AC+T | er_status_surgery: Negative | er_score_surgery: 0 | pr_status_surgery: Negative | pr_score_surgery: 0 | her2_status_surgery: Negative | her2_score_surgery: 0 | ki67_status_surgery: 2 | ki67_surgery: 20-30% | histological_grade: 3 | nuclear_grade: 3 | lymphovascular_invasion: 0 | bilaterality: 0 | multiplicity: 0 | surgery_type: 1 | surgical_site: 1 | tumor_size: 1.8 | regional_lymph_nodes: 0 | tnm_stage_pathologic: 2 | pcr_status: 1 | proliferative_index: 11.43280336 | cyt_score: 72.78279261 | subtype_pam50: LumB | subtype_nmc: ER+ | subtype_ihc: TN | tumor_purity_pathology: 0.8 | cin_score: 11.35549516 | tumor_purity_facets: 0.268697497 | tumor_purity_consensus: 0.268697497 | tumor_ploidy: 3.042882493 | cnv_burden_del: 0 | cnv_burden_hemizygote: 0.01567607 | loh_burden_burden: 0 | cnv_burden_gain: 0.73983625 | cnv_burden_amp: 0.030583619 | til_count: 1936 | tissue_area: 27156600 | til_density: 71.2902204252373 | time: T2 | subtype_consensus: TN | mut_load: 5,,UNRESOLVED,LOW,NO_DECISIVE_EVIDENCE,,,,,False
GEO:GSE123845,GSM3514064,OB_16_0095_3,Primary Tumor,gender: Female | age: 34.46388889 | menopausal_status: Premenopausal | bc_family_history: No | brca1_status: Detected | brca2_status: Equivocal | cell_type_diagnosis: Invasive ductal carcinoma | er_status_diagnosis: 0 | er_score_diagnosis: 0 | pr_status_diagnosis: 0 | pr_score_diagnosis: 0 | her2_status_diagnosis: 0 | her2_score_diagnosis: 0 | ki67_status_diagnosis: 3 | ki67_diagnosis: 60-70% | tnm_stage_clinical: cT1N0-1M0 | nac_drug: AC+T | er_status_surgery: Negative | er_score_surgery: 0 | pr_status_surgery: Negative | pr_score_surgery: 0 | her2_status_surgery: Negative | her2_score_surgery: 0 | ki67_status_surgery: 2 | ki67_surgery: 20-30% | histological_grade: 3 | nuclear_grade: 3 | lymphovascular_invasion: 0 | bilaterality: 0 | multiplicity: 0 | surgery_type: 1 | surgical_site: 1 | tumor_size: 1.8 | regional_lymph_nodes: 0 | tnm_stage_pathologic: 2 | pcr_status: 1 | proliferative_index: 33.2377569 | cyt_score: 14.68958815 | subtype_pam50: Basal | subtype_nmc: TN | subtype_ihc: TN | tumor_purity_pathology: 0.9 | cin_score: 30.86908242 | tumor_purity_facets: 0.733810095 | tumor_purity_consensus: 0.733810095 | tumor_ploidy: 3.021528453 | cnv_burden_del: 0.005604177 | cnv_burden_hemizygote: 0.092345504 | loh_burden_burden: 0.303555232 | cnv_burden_gain: 0.318915941 | cnv_burden_amp: 0.066662365 | til_count: 11415 | tissue_area: 231205968 | til_density: 49.3715629347422 | time: T3 | subtype_consensus: TN | mut_load: 68,,UNRESOLVED,LOW,NO_DECISIVE_EVIDENCE,,,,,False
GEO:GSE123845,GSM3514065,OB_16_0096_1,Primary Tumor,gender: Female | age: 33.98055556 | menopausal_status: Premenopausal | bc_family_history: No | brca1_status: Detected | brca2_status: Not Detected | cell_type_diagnosis: Invasive ductal carcinoma | er_status_diagnosis: 0 | er_score_diagnosis: 0 | pr_status_diagnosis: 0 | pr_score_diagnosis: 0 | her2_status_diagnosis: 0 | her2_score_diagnosis: 0 | ki67_status_diagnosis: 4 | ki67_diagnosis: 0.9 | tnm_stage_clinical: cT3N3M0 | nac_drug: AC+T | er_status_surgery: 999 | er_score_surgery: 999 | pr_status_surgery: 999 | pr_score_surgery: 999 | her2_status_surgery: 999 | her2_score_surgery: 999 | ki67_status_surgery: 999 | ki67_surgery: 999 | histological_grade: 999 | nuclear_grade: 999 | lymphovascular_invasion: 999 | bilaterality: 1 | multiplicity: 0 | surgery_type: 0 | surgical_site: 3 | tumor_size: 0 | regional_lymph_nodes: 0 | tnm_stage_pathologic: 77 | pcr_status: 0 | proliferative_index: 37.05280407 | cyt_score: 12.4351357 | subtype_pam50: Basal | subtype_nmc: TN | subtype_ihc: TN | tumor_purity_pathology: 0.9 | cin_score: 28.20994794 | tumor_purity_facets: 0.416377387 | tumor_purity_consensus: 0.416377387 | tumor_ploidy: 3.074522178 | cnv_burden_del: 0.007356909 | cnv_burden_hemizygote: 0.041188865 | loh_burden_burden: 0.019650061 | cnv_burden_gain: 0.365352152 | cnv_burden_amp: 0.172485929 | til_count: 4707 | tissue_area: 30608600 | til_density: 153.780310108924 | time: T1 | subtype_consensus: TN | mut_load: 78,,UNRESOLVED,LOW,NO_DECISIVE_EVIDENCE,,,,,False
GEO:GSE123845,GSM3514066,OB_16_0096_2,Primary Tumor,gender: Female | age: 33.98055556 | menopausal_status: Premenopausal | bc_family_history: No | brca1_status: Detected | brca2_status: Not Detected | cell_type_diagnosis: Invasive ductal carcinoma | er_status_diagnosis: 0 | er_score_diagnosis: 0 | pr_status_diagnosis: 0 | pr_score_diagnosis: 0 | her2_status_diagnosis: 0 | her2_score_diagnosis: 0 | ki67_status_diagnosis: 4 | ki67_diagnosis: 0.9 | tnm_stage_clinical: cT3N3M0 | nac_drug: AC+T | er_status_surgery: 999 | er_score_surgery: 999 | pr_status_surgery: 999 | pr_score_surgery: 999 | her2_status_surgery: 999 | her2_score_surgery: 999 | ki67_status_surgery: 999 | ki67_surgery: 999 | histological_grade: 999 | nuclear_grade: 999 | lymphovascular_invasion: 999 | bilaterality: 1 | multiplicity: 0 | surgery_type: 0 | surgical_site: 3 | tumor_size: 0 | regional_lymph_nodes: 0 | tnm_stage_pathologic: 77 | pcr_status: 0 | proliferative_index: 6.602805045 | cyt_score: 50.82851168 | subtype_pam50: Normal | subtype_nmc: TN | subtype_ihc: TN | tumor_purity_pathology: 0.2 | cin_score: 23.88361885 | tumor_purity_facets: 0.305446916 | tumor_purity_consensus: 0.305446916 | tumor_ploidy: 1.238217519 | cnv_burden_del: 0.138083343 | cnv_burden_hemizygote: 0.212895491 | loh_burden_burden: 0 | cnv_burden_gain: 0.152848426 | cnv_burden_amp: 0 | til_count: 12989 | tissue_area: 25456700 | til_density: 510.238954774185 | time: T2 | subtype_consensus: TN | mut_load: 2,,UNRESOLVED,LOW,NO_DECISIVE_EVIDENCE,,,,,False
GEO:GSE123845,GSM3514067,OB_16_0100_1,Primary Tumor,gender: Female | age: 42.13333333 | menopausal_status: Premenopausal | bc_family_history: No | brca1_status: 999 | brca2_status: 999 | cell_type_diagnosis: Invasive ductal carcinoma | er_status_diagnosis: 1 | er_score_diagnosis: 6 | pr_status_diagnosis: 0 | pr_score_diagnosis: 0 | her2_status_diagnosis: 1 | her2_score_diagnosis: 3 | ki67_status_diagnosis: 2 | ki67_diagnosis: 40-50% | tnm_stage_clinical: cT4N2M0 | nac_drug: AC+T+Trastuzumab | er_status_surgery: Positive | er_score_surgery: 7 | pr_status_surgery: Negative | pr_score_surgery: 0 | her2_status_surgery: 2+ | her2_score_surgery: 2 | ki67_status_surgery: 2 | ki67_surgery: 30-40% | histological_grade: 2 | nuclear_grade: 2 | lymphovascular_invasion: 0 | bilaterality: 0 | multiplicity: 0 | surgery_type: 0 | surgical_site: 2 | tumor_size: 2 | regional_lymph_nodes: 0 | tnm_stage_pathologic: 2 | pcr_status: 1 | proliferative_index: 20.18486517 | cyt_score: 10.9011559 | subtype_pam50: LumB | subtype_nmc: ER+HER2+ | subtype_ihc: ER+HER2+ | tumor_purity_pathology: 0.3 | cin_score: 12.61855871 | tumor_purity_facets: 0.282653105 | tumor_purity_consensus: 0.282653105 | tumor_ploidy: 1.842342671 | cnv_burden_del: 0.028073107 | cnv_burden_hemizygote: 0.191043796 | loh_burden_burden: 0 | cnv_burden_gain: 0.15485329 | cnv_burden_amp: 0.00183192 | til_count: 1863 | tissue_area: 37789900 | til_density: 49.2988867395786 | time: T1 | subtype_consensus: ER+HER2+ | mut_load: 15,,UNRESOLVED,LOW,NO_DECISIVE_EVIDENCE,,,,,False
GEO:GSE123845,GSM3514068,OB_16_0100_2,Primary Tumor,gender: Female | age: 42.13333333 | menopausal_status: Premenopausal | bc_family_history: No | brca1_status: 999 | brca2_status: 999 | cell_type_diagnosis: Invasive ductal carcinoma | er_status_diagnosis: 1 | er_score_diagnosis: 6 | pr_status_diagnosis: 0 | pr_score_diagnosis: 0 | her2_status_diagnosis: 1 | her2_score_diagnosis: 3 | ki67_status_diagnosis: 2 | ki67_diagnosis: 40-50% | tnm_stage_clinical: cT4N2M0 | nac_drug: AC+T+Trastuzumab | er_status_surgery: Positive | er_score_surgery: 7 | pr_status_surgery: Negative | pr_score_surgery: 0 | her2_status_surgery: 2+ | her2_score_surgery: 2 | ki67_status_surgery: 2 | ki67_surgery: 30-40% | histological_grade: 2 | nuclear_grade: 2 | lymphovascular_invasion: 0 | bilaterality: 0 | multiplicity: 0 | surgery_type: 0 | surgical_site: 2 | tumor_size: 2 | regional_lymph_nodes: 0 | tnm_stage_pathologic: 2 | pcr_status: 1 | proliferative_index: 14.60447656 | cyt_score: 13.81489052 | subtype_pam50: LumA | subtype_nmc: ER+HER2+ | subtype_ihc: ER+HER2+ | tumor_purity_pathology: 0.2 | cin_score: 17.18536483 | tumor_purity_facets: 0.252467698 | tumor_purity_consensus: 0.252467698 | tumor_ploidy: 2.962832243 | cnv_burden_del: 0.015180978 | cnv_burden_hemizygote: 0.048700384 | loh_burden_burden: 0 | cnv_burden_gain: 0.712688407 | cnv_burden_amp: 0.057913342 | til_count: 273 | tissue_area: 21005800 | til_density: 12.996410515191 | time: T2 | subtype_consensus: ER+HER2+ | mut_load: 7,,UNRESOLVED,LOW,NO_DECISIVE_EVIDENCE,,,,,False
GEO:GSE123845,GSM3514069,OB_16_0101_2,Primary Tumor,gender: Female | age: 39.91944444 | menopausal_status: Premenopausal | bc_family_history: No | brca1_status: Not Detected | brca2_status: Not Detected | cell_type_diagnosis: Invasive ductal carcinoma | er_status_diagnosis: 0 | er_score_diagnosis: 0 | pr_status_diagnosis: 0 | pr_score_diagnosis: 0 | her2_status_diagnosis: 1 | her2_score_diagnosis: 3 | ki67_status_diagnosis: 3 | ki67_diagnosis: 50-60% | tnm_stage_clinical: cT4N3M0 | nac_drug: AC+T+Trastuzumab | er_status_surgery: Negative | er_score_surgery: 0 | pr_status_surgery: Negative | pr_score_surgery: 0 | her2_status_surgery: Positive | her2_score_surgery: 3 | ki67_status_surgery: 4 | ki67_surgery: 70-80% | histological_grade: 3 | nuclear_grade: 3 | lymphovascular_invasion: 1 | bilaterality: 0 | multiplicity: 0 | surgery_type: 0 | surgical_site: 2 | tumor_size: 13 | regional_lymph_nodes: 13 | tnm_stage_pathologic: 18 | pcr_status: 1 | proliferative_index: 15.25174969 | cyt_score: 2.825048672 | subtype_pam50: Her2 | subtype_nmc: HER2+ | subtype_ihc: HER2+ | tumor_purity_pathology: 0.3 | cin_score: 29.98403836 | tumor_purity_facets: 0.539512842 | tumor_purity_consensus: 0.539512842 | tumor_ploidy: 2.5783938 | cnv_burden_del: 0.003344598 | cnv_burden_hemizygote: 0.105959489 | loh_burden_burden: 0.149284862 | cnv_burden_gain: 0.344011376 | cnv_burden_amp: 0.086845844 | til_count: 386 | tissue_area: 14533500 | til_density: 26.5593284480683 | time: T2 | subtype_consensus: HER2+ | mut_load: 29,,UNRESOLVED,LOW,NO_DECISIVE_EVIDENCE,,,,,False
GEO:GSE123845,GSM3514070,OB_16_0101_3,Primary Tumor,gender: Female | age: 39.91944444 | menopausal_status: Premenopausal | bc_family_history: No | brca1_status: Not Detected | brca2_status: Not Detected | cell_type_diagnosis: Invasive ductal carcinoma | er_status_diagnosis: 0 | er_score_diagnosis: 0 | pr_status_diagnosis: 0 | pr_score_diagnosis: 0 | her2_status_diagnosis: 1 | her2_score_diagnosis: 3 | ki67_status_diagnosis: 3 | ki67_diagnosis: 50-60% | tnm_stage_clinical: cT4N3M0 | nac_drug: AC+T+Trastuzumab | er_status_surgery: Negative | er_score_surgery: 0 | pr_status_surgery: Negative | pr_score_surgery: 0 | her2_status_surgery: Positive | her2_score_surgery: 3 | ki67_status_surgery: 4 | ki67_surgery: 70-80% | histological_grade: 3 | nuclear_grade: 3 | lymphovascular_invasion: 1 | bilaterality: 0 | multiplicity: 0 | surgery_type: 0 | surgical_site: 2 | tumor_size: 13 | regional_lymph_nodes: 13 | tnm_stage_pathologic: 18 | pcr_status: 1 | proliferative_index: 26.0509876 | cyt_score: 5.517390688 | subtype_pam50: Her2 | subtype_nmc: HER2+ | subtype_ihc: HER2+ | tumor_purity_pathology: 0.9 | cin_score: 9.033521636 | tumor_purity_facets: 0.242042802 | tumor_purity_consensus: 0.242042802 | tumor_ploidy: 3.01697388 | cnv_burden_del: 0 | cnv_burden_hemizygote: 0.022372674 | loh_burden_burden: 0.205805801 | cnv_burden_gain: 0.550767143 | cnv_burden_amp: 0.048608722 | til_count: 39476 | tissue_area: 291561984 | til_density: 135.394880561658 | time: T3 | subtype_consensus: HER2+ | mut_load: 19,,UNRESOLVED,LOW,NO_DECISIVE_EVIDENCE,,,,,False
GEO:GSE123845,GSM3514071,OB_16_0118_2,Primary Tumor,gender: Female | age: 55.48611111 | menopausal_status: Postmenopausal | bc_family_history: No | brca1_status: 999 | brca2_status: 999 | cell_type_diagnosis: Invasive ductal carcinoma | er_status_diagnosis: 0 | er_score_diagnosis: 0 | pr_status_diagnosis: 0 | pr_score_diagnosis: 0 | her2_status_diagnosis: 1 | her2_score_diagnosis: 3 | ki67_status_diagnosis: 1 | ki67_diagnosis: 10-20% | tnm_stage_clinical: cT2N1M0 | nac_drug: AC+T+Trastuzumab | er_status_surgery: Negative | er_score_surgery: 0 | pr_status_surgery: Negative | pr_score_surgery: 0 | her2_status_surgery: 2+ | her2_score_surgery: 2 | ki67_status_surgery: 1 | ki67_surgery: <5% | histological_grade: 2 | nuclear_grade: 2 | lymphovascular_invasion: 0 | bilaterality: 0 | multiplicity: 0 | surgery_type: 1 | surgical_site: 2 | tumor_size: 2.2 | regional_lymph_nodes: 1 | tnm_stage_pathologic: 8 | pcr_status: 1 | proliferative_index: 9.603585576 | cyt_score: 16.3001227 | subtype_pam50: LumA | subtype_nmc: HER2+ | subtype_ihc: HER2+ | tumor_purity_pathology: 0.3 | cin_score: 15.19705851 | tumor_purity_facets: 0.259184111 | tumor_purity_consensus: 0.259184111 | tumor_ploidy: 2.748897902 | cnv_burden_del: 0.000454524 | cnv_burden_hemizygote: 0.060763993 | loh_burden_burden: 0 | cnv_burden_gain: 0.725971273 | cnv_burden_amp: 0.014863717 | til_count: 1098 | tissue_area: 24167500 | til_density: 45.4329161063412 | time: T2 | subtype_consensus: HER2+ | mut_load: 9,,UNRESOLVED,LOW,NO_DECISIVE_EVIDENCE,,,,,False
GEO:GSE123845,GSM3514072,OB_16_0123_1,Primary Tumor,gender: Female | age: 46.73611111 | menopausal_status: Premenopausal | bc_family_history: No | brca1_status: 999 | brca2_status: 999 | cell_type_diagnosis: Invasive ductal carcinoma | er_status_diagnosis: 1 | er_score_diagnosis: 8 | pr_status_diagnosis: 1 | pr_score_diagnosis: 8 | her2_status_diagnosis: 1 | her2_score_diagnosis: 3 | ki67_status_diagnosis: 2 | ki67_diagnosis: 40-50% | tnm_stage_clinical: cT2N1M0 | nac_drug: TCHP | er_status_surgery: Positive | er_score_surgery: 8 | pr_status_surgery: Positive | pr_score_surgery: 4 | her2_status_surgery: 2+ | her2_score_surgery: 2 | ki67_status_surgery: 1 | ki67_surgery: <5% | histological_grade: 1 | nuclear_grade: 2 | lymphovascular_invasion: 0 | bilaterality: 0 | multiplicity: 0 | surgery_type: 1 | surgical_site: 2 | tumor_size: 0.6(Tis) | regional_lymph_nodes: 0 | tnm_stage_pathologic: 1 | pcr_status: 0 | proliferative_index: 39.15545604 | cyt_score: 14.90264406 | subtype_pam50: LumB | subtype_nmc: ER+HER2+ | subtype_ihc: ER+HER2+ | tumor_purity_pathology: 0.3 | cin_score: 13.0082567 | tumor_purity_facets: 0.302343058 | tumor_purity_consensus: 0.302343058 | tumor_ploidy: 3.030046983 | cnv_burden_del: 0 | cnv_burden_hemizygote: 0.054255309 | loh_burden_burden: 0.145887434 | cnv_burden_gain: 0.55878878 | cnv_burden_amp: 0.052829937 | til_count: 1835 | tissue_area: 20629500 | til_density: 88.9502896337769 | time: T1 | subtype_consensus: ER+HER2+ | mut_load: 338,,UNRESOLVED,LOW,NO_DECISIVE_EVIDENCE,,,,,False
GEO:GSE123845,GSM3514073,OB_16_0123_2,Primary Tumor,gender: Female | age: 46.73611111 | menopausal_status: Premenopausal | bc_family_history: No | brca1_status: 999 | brca2_status: 999 | cell_type_diagnosis: Invasive ductal carcinoma | er_status_diagnosis: 1 | er_score_diagnosis: 8 | pr_status_diagnosis: 1 | pr_score_diagnosis: 8 | her2_status_diagnosis: 1 | her2_score_diagnosis: 3 | ki67_status_diagnosis: 2 | ki67_diagnosis: 40-50% | tnm_stage_clinical: cT2N1M0 | nac_drug: TCHP | er_status_surgery: Positive | er_score_surgery: 8 | pr_status_surgery: Positive | pr_score_surgery: 4 | her2_status_surgery: 2+ | her2_score_surgery: 2 | ki67_status_surgery: 1 | ki67_surgery: <5% | histological_grade: 1 | nuclear_grade: 2 | lymphovascular_invasion: 0 | bilaterality: 0 | multiplicity: 0 | surgery_type: 1 | surgical_site: 2 | tumor_size: 0.6(Tis) | regional_lymph_nodes: 0 | tnm_stage_pathologic: 1 | pcr_status: 0 | proliferative_index: 20.10204662 | cyt_score: 90.99252881 | subtype_pam50: LumB | subtype_nmc: ER+HER2+ | subtype_ihc: ER+HER2+ | tumor_purity_pathology: 0.5 | cin_score: 25.48982668 | tumor_purity_facets: 0.403333973 | tumor_purity_consensus: 0.403333973 | tumor_ploidy: 3.073433784 | cnv_burden_del: 0.018865323 | cnv_burden_hemizygote: 0.045733689 | loh_burden_burden: 0 | cnv_burden_gain: 0.429633512 | cnv_burden_amp: 0.270915458 | til_count: 4906 | tissue_area: 19974600 | til_density: 245.611927147477 | time: T2 | subtype_consensus: ER+HER2+ | mut_load: 11,,UNRESOLVED,LOW,NO_DECISIVE_EVIDENCE,,,,,False
GEO:GSE123845,GSM3514074,OB_16_0081_1,Primary Tumor,gender: Female | age: 32.87222222 | menopausal_status: Premenopausal | bc_family_history: No | brca1_status: Not Detected | brca2_status: Not Detected | cell_type_diagnosis: Invasive ductal carcinoma | er_status_diagnosis: 0 | er_score_diagnosis: NA | pr_status_diagnosis: 0 | pr_score_diagnosis: 0 | her2_status_diagnosis: 0 | her2_score_diagnosis: 0 | ki67_status_diagnosis: 1 | ki67_diagnosis: 20-30% | tnm_stage_clinical: cT2N0-1M0 | nac_drug: Others | er_status_surgery: 999 | er_score_surgery: 999 | pr_status_surgery: 999 | pr_score_surgery: 999 | her2_status_surgery: 999 | her2_score_surgery: 999 | ki67_status_surgery: 999 | ki67_surgery: 999 | histological_grade: 999 | nuclear_grade: 999 | lymphovascular_invasion: 999 | bilaterality: 0 | multiplicity: 0 | surgery_type: 1 | surgical_site: 1 | tumor_size: 0 | regional_lymph_nodes: 0 | tnm_stage_pathologic: 77 | pcr_status: 0 | proliferative_index: 25.11228159 | cyt_score: 39.08137664 | subtype_pam50: Basal | subtype_nmc: TN | subtype_ihc: TN | tumor_purity_pathology: 0.2 | cin_score: 19.76375966 | tumor_purity_facets: 0.291988018 | tumor_purity_consensus: 0.291988018 | tumor_ploidy: 1.234738889 | cnv_burden_del: 0.129272037 | cnv_burden_hemizygote: 0.235297247 | loh_burden_burden: 0 | cnv_burden_gain: 0.120748921 | cnv_burden_amp: 0 | til_count: 2890 | tissue_area: 19743800 | til_density: 146.375064577234 | time: T1 | subtype_consensus: TN | mut_load: 5,,UNRESOLVED,LOW,NO_DECISIVE_EVIDENCE,,,,,False
GEO:GSE123845,GSM3514075,OB_16_0102_1,Primary Tumor,gender: Female | age: 52.48055556 | menopausal_status: Premenopausal | bc_family_history: No | brca1_status: 999 | brca2_status: 999 | cell_type_diagnosis: Invasive ductal carcinoma | er_status_diagnosis: 0 | er_score_diagnosis: 0 | pr_status_diagnosis: 0 | pr_score_diagnosis: 0 | her2_status_diagnosis: 0 | her2_score_diagnosis: 0 | ki67_status_diagnosis: 2 | ki67_diagnosis: 40-50% | tnm_stage_clinical: cT2N2M0 | nac_drug: Others | er_status_surgery: Negative | er_score_surgery: 0 | pr_status_surgery: Negative | pr_score_surgery: 0 | her2_status_surgery: Negative | her2_score_surgery: 0 | ki67_status_surgery: 1 | ki67_surgery: 10-20% | histological_grade: 1 | nuclear_grade: 2 | lymphovascular_invasion: 1 | bilaterality: 0 | multiplicity: 0 | surgery_type: 1 | surgical_site: 1 | tumor_size: 790 <U+339B>(Tis) | regional_lymph_nodes: 0 | tnm_stage_pathologic: 1 | pcr_status: 0 | proliferative_index: 35.00601355 | cyt_score: 20.44239712 | subtype_pam50: Basal | subtype_nmc: TN | subtype_ihc: TN | tumor_purity_pathology: 0.9 | cin_score: 37.92283066 | tumor_purity_facets: 0.517114141 | tumor_purity_consensus: 0.517114141 | tumor_ploidy: 2.626173829 | cnv_burden_del: 0.034077465 | cnv_burden_hemizygote: 0.096936196 | loh_burden_burden: 0.054479605 | cnv_burden_gain: 0.406016425 | cnv_burden_amp: 0.155046474 | til_count: 3926 | tissue_area: 34159200 | til_density: 114.932434014848 | time: T1 | subtype_consensus: TN | mut_load: 115,,UNRESOLVED,LOW,NO_DECISIVE_EVIDENCE,,,,,False
GEO:GSE123845,GSM3514076,OB_16_0102_2,Primary Tumor,gender: Female | age: 52.48055556 | menopausal_status: Premenopausal | bc_family_history: No | brca1_status: 999 | brca2_status: 999 | cell_type_diagnosis: Invasive ductal carcinoma | er_status_diagnosis: 0 | er_score_diagnosis: 0 | pr_status_diagnosis: 0 | pr_score_diagnosis: 0 | her2_status_diagnosis: 0 | her2_score_diagnosis: 0 | ki67_status_diagnosis: 2 | ki67_diagnosis: 40-50% | tnm_stage_clinical: cT2N2M0 | nac_drug: Others | er_status_surgery: Negative | er_score_surgery: 0 | pr_status_surgery: Negative | pr_score_surgery: 0 | her2_status_surgery: Negative | her2_score_surgery: 0 | ki67_status_surgery: 1 | ki67_surgery: 10-20% | histological_grade: 1 | nuclear_grade: 2 | lymphovascular_invasion: 1 | bilaterality: 0 | multiplicity: 0 | surgery_type: 1 | surgical_site: 1 | tumor_size: 790 <U+339B>(Tis) | regional_lymph_nodes: 0 | tnm_stage_pathologic: 1 | pcr_status: 0 | proliferative_index: 23.34880253 | cyt_score: 63.79782755 | subtype_pam50: Basal | subtype_nmc: TN | subtype_ihc: TN | tumor_purity_pathology: 0.7 | cin_score: 11.05919449 | tumor_purity_facets: 0.404665423 | tumor_purity_consensus: 0.404665423 | tumor_ploidy: 2.994978459 | cnv_burden_del: 0 | cnv_burden_hemizygote: 0.003579979 | loh_burden_burden: 0.03052068 | cnv_burden_gain: 0.579410159 | cnv_burden_amp: 0.250605425 | til_count: 11314 | tissue_area: 30061700 | til_density: 376.359287731565 | time: T2 | subtype_consensus: TN | mut_load: 75,,UNRESOLVED,LOW,NO_DECISIVE_EVIDENCE,,,,,False
GEO:GSE123845,GSM3514077,OB_16_0108_1,Primary Tumor,gender: Female | age: 30.425 | menopausal_status: Premenopausal | bc_family_history: Yes | brca1_status: Not Detected | brca2_status: Detected | cell_type_diagnosis: Invasive carcinoma with lobular feature | er_status_diagnosis: 1 | er_score_diagnosis: 6 | pr_status_diagnosis: 1 | pr_score_diagnosis: 5 | her2_status_diagnosis: 0 | her2_score_diagnosis: 0 | ki67_status_diagnosis: 1 | ki67_diagnosis: 10-20% | tnm_stage_clinical: cT2N3M0 | nac_drug: AC+T | er_status_surgery: Positive | er_score_surgery: 7 | pr_status_surgery: Negative | pr_score_surgery: 2 | her2_status_surgery: Negative | her2_score_surgery: 1 | ki67_status_surgery: 1 | ki67_surgery: <5% | histological_grade: 3 | nuclear_grade: 3 | lymphovascular_invasion: 1 | bilaterality: 1 | multiplicity: 0 | surgery_type: 0 | surgical_site: 4 | tumor_size: 6 | regional_lymph_nodes: 8 | tnm_stage_pathologic: 14 | pcr_status: 1 | proliferative_index: 4.877912163 | cyt_score: 24.21851771 | subtype_pam50: LumA | subtype_nmc: ER+ | subtype_ihc: ER+ | tumor_purity_pathology: 0.2 | cin_score: 25.1652404 | tumor_purity_facets: 0.290731039 | tumor_purity_consensus: 0.290731039 | tumor_ploidy: 1.177508083 | cnv_burden_del: 0.118219031 | cnv_burden_hemizygote: 0.268499383 | loh_burden_burden: 0 | cnv_burden_gain: 0.162935005 | cnv_burden_amp: 0 | til_count: 29573 | tissue_area: 95803696 | til_density: 308.683289212558 | time: T1 | subtype_consensus: ER+ | mut_load: 6,,UNRESOLVED,LOW,NO_DECISIVE_EVIDENCE,,,,,False
GEO:GSE123845,GSM3514078,OB_16_0115_2,Primary Tumor,gender: Female | age: 54.53611111 | menopausal_status: Postmenopausal | bc_family_history: No | brca1_status: Not Detected | brca2_status: Not Detected | cell_type_diagnosis: Invasive ductal carcinoma | er_status_diagnosis: 0 | er_score_diagnosis: 0 | pr_status_diagnosis: 0 | pr_score_diagnosis: 0 | her2_status_diagnosis: 0 | her2_score_diagnosis: 0 | ki67_status_diagnosis: 4 | ki67_diagnosis: 80-90% | tnm_stage_clinical: cT2N2M0 | nac_drug: AC+T | er_status_surgery: Negative | er_score_surgery: 0 | pr_status_surgery: Negative | pr_score_surgery: 0 | her2_status_surgery: Negative | her2_score_surgery: 0 | ki67_status_surgery: 4 | ki67_surgery: >90% | histological_grade: 3 | nuclear_grade: 3 | lymphovascular_invasion: 0 | bilaterality: 0 | multiplicity: 1 | surgery_type: 0 | surgical_site: 2 | tumor_size: 2.5 | regional_lymph_nodes: 13 | tnm_stage_pathologic: 18 | pcr_status: 1 | proliferative_index: 50.27810945 | cyt_score: 4.512515928 | subtype_pam50: Basal | subtype_nmc: TN | subtype_ihc: TN | tumor_purity_pathology: 0.8 | cin_score: 41.70482565 | tumor_purity_facets: 0.651973043 | tumor_purity_consensus: 0.651973043 | tumor_ploidy: 3.902178269 | cnv_burden_del: 0.000707697 | cnv_burden_hemizygote: 0.005772284 | loh_burden_burden: 0 | cnv_burden_gain: 0.341661979 | cnv_burden_amp: 0.417678771 | til_count: 911 | tissue_area: 18165400 | til_density: 50.1502857079943 | time: T2 | subtype_consensus: TN | mut_load: 87,,UNRESOLVED,LOW,NO_DECISIVE_EVIDENCE,,,,,False
GEO:GSE123845,GSM3514079,OB_16_0115_3,Primary Tumor,gender: Female | age: 54.53611111 | menopausal_status: Postmenopausal | bc_family_history: No | brca1_status: Not Detected | brca2_status: Not Detected | cell_type_diagnosis: Invasive ductal carcinoma | er_status_diagnosis: 0 | er_score_diagnosis: 0 | pr_status_diagnosis: 0 | pr_score_diagnosis: 0 | her2_status_diagnosis: 0 | her2_score_diagnosis: 0 | ki67_status_diagnosis: 4 | ki67_diagnosis: 80-90% | tnm_stage_clinical: cT2N2M0 | nac_drug: AC+T | er_status_surgery: Negative | er_score_surgery: 0 | pr_status_surgery: Negative | pr_score_surgery: 0 | her2_status_surgery: Negative | her2_score_surgery: 0 | ki67_status_surgery: 4 | ki67_surgery: >90% | histological_grade: 3 | nuclear_grade: 3 | lymphovascular_invasion: 0 | bilaterality: 0 | multiplicity: 1 | surgery_type: 0 | surgical_site: 2 | tumor_size: 2.5 | regional_lymph_nodes: 13 | tnm_stage_pathologic: 18 | pcr_status: 1 | proliferative_index: 49.02732154 | cyt_score: 1.538960688 | subtype_pam50: Basal | subtype_nmc: TN | subtype_ihc: TN | tumor_purity_pathology: 0.9 | cin_score: 42.89404382 | tumor_purity_facets: 0.673720406 | tumor_purity_consensus: 0.673720406 | tumor_ploidy: 4.112785677 | cnv_burden_del: 0.00354698 | cnv_burden_hemizygote: 0.020660855 | loh_burden_burden: 0.134996961 | cnv_burden_gain: 0.146262117 | cnv_burden_amp: 0.306647399 | til_count: 18086 | tissue_area: 208630304 | til_density: 86.6892280423461 | time: T3 | subtype_consensus: TN | mut_load: 92,,UNRESOLVED,LOW,NO_DECISIVE_EVIDENCE,,,,,False
GEO:GSE123845,GSM3514080,OB_16_0131_1,Primary Tumor,gender: Female | age: 38.58611111 | menopausal_status: Premenopausal | bc_family_history: No | brca1_status: Equivocal | brca2_status: Not Detected | cell_type_diagnosis: Invasive ductal carcinoma | er_status_diagnosis: 1 | er_score_diagnosis: 8 | pr_status_diagnosis: 1 | pr_score_diagnosis: 8 | her2_status_diagnosis: 0 | her2_score_diagnosis: 2 | ki67_status_diagnosis: 2 | ki67_diagnosis: 30-40% | tnm_stage_clinical: cT2-3N0-1M0 | nac_drug: AC+T | er_status_surgery: 999 | er_score_surgery: 999 | pr_status_surgery: 999 | pr_score_surgery: 999 | her2_status_surgery: 999 | her2_score_surgery: 999 | ki67_status_surgery: 999 | ki67_surgery: 999 | histological_grade: 999 | nuclear_grade: 999 | lymphovascular_invasion: 999 | bilaterality: 0 | multiplicity: 0 | surgery_type: 1 | surgical_site: 1 | tumor_size: 0 | regional_lymph_nodes: 0 | tnm_stage_pathologic: 77 | pcr_status: 0 | proliferative_index: 32.57206797 | cyt_score: 2.790698837 | subtype_pam50: LumB | subtype_nmc: ER+ | subtype_ihc: ER+ | tumor_purity_pathology: 0.5 | cin_score: 17.84589907 | tumor_purity_facets: 0.256235699 | tumor_purity_consensus: 0.256235699 | tumor_ploidy: 2.908092333 | cnv_burden_del: 0.001064693 | cnv_burden_hemizygote: 0.052334561 | loh_burden_burden: 0.004733838 | cnv_burden_gain: 0.682134922 | cnv_burden_amp: 0.085469866 | til_count: 2369 | tissue_area: 23175200 | til_density: 102.22134005316 | time: T1 | subtype_consensus: ER+ | mut_load: 24,,UNRESOLVED,LOW,NO_DECISIVE_EVIDENCE,,,,,False
GEO:GSE123845,GSM3514081,OB_16_0147_1,Primary Tumor,gender: Female | age: 29.25 | menopausal_status: Premenopausal | bc_family_history: No | brca1_status: Detected | brca2_status: Equivocal | cell_type_diagnosis: Invasive ductal carcinoma | er_status_diagnosis: 0 | er_score_diagnosis: 0 | pr_status_diagnosis: 0 | pr_score_diagnosis: 0 | her2_status_diagnosis: 0 | her2_score_diagnosis: 0 | ki67_status_diagnosis: 4 | ki67_diagnosis: 90-100% | tnm_stage_clinical: cT2N0-1M0 | nac_drug: AC+T | er_status_surgery: Negative | er_score_surgery: 0 | pr_status_surgery: Negative | pr_score_surgery: 0 | her2_status_surgery: Negative | her2_score_surgery: 0 | ki67_status_surgery: 1 | ki67_surgery: <5% | histological_grade: 1 | nuclear_grade: 2 | lymphovascular_invasion: 0 | bilaterality: 0 | multiplicity: 0 | surgery_type: 1 | surgical_site: 1 | tumor_size: 0.3(Tis) | regional_lymph_nodes: 0 | tnm_stage_pathologic: 1 | pcr_status: 0 | proliferative_index: 81.86172876 | cyt_score: 3.58290385 | subtype_pam50: LumB | subtype_nmc: TN | subtype_ihc: TN | tumor_purity_pathology: 0.5 | cin_score: 32.03997929 | tumor_purity_facets: 0.641222943 | tumor_purity_consensus: 0.641222943 | tumor_ploidy: 4.230192649 | cnv_burden_del: 0.002169348 | cnv_burden_hemizygote: 0.003098411 | loh_burden_burden: 0.101690386 | cnv_burden_gain: 0.186027087 | cnv_burden_amp: 0.343143463 | til_count: 2903 | tissue_area: 25295200 | til_density: 114.764856573579 | time: T1 | subtype_consensus: TN | mut_load: 83,,UNRESOLVED,LOW,NO_DECISIVE_EVIDENCE,,,,,False
GEO:GSE123845,GSM3514082,OB_16_0149_1,Primary Tumor,gender: Female | age: 35.54166667 | menopausal_status: Premenopausal | bc_family_history: No | brca1_status: Not Detected | brca2_status: Not Detected | cell_type_diagnosis: Mucinous carcinoma with signet ring cell differentiation | er_status_diagnosis: 0 | er_score_diagnosis: 0 | pr_status_diagnosis: 1 | pr_score_diagnosis: 4 | her2_status_diagnosis: 1 | her2_score_diagnosis: 3 | ki67_status_diagnosis: 2 | ki67_diagnosis: 0.3 | tnm_stage_clinical: cT3N2M0 | nac_drug: TCHP | er_status_surgery: 999 | er_score_surgery: 999 | pr_status_surgery: 999 | pr_score_surgery: 999 | her2_status_surgery: 999 | her2_score_surgery: 999 | ki67_status_surgery: 999 | ki67_surgery: 999 | histological_grade: 999 | nuclear_grade: 999 | lymphovascular_invasion: 999 | bilaterality: 0 | multiplicity: 0 | surgery_type: 1 | surgical_site: 1 | tumor_size: 0 | regional_lymph_nodes: 0 | tnm_stage_pathologic: 77 | pcr_status: 0 | proliferative_index: 22.85575414 | cyt_score: 18.64802402 | subtype_pam50: Her2 | subtype_nmc: ER+HER2+ | subtype_ihc: ER+HER2+ | tumor_purity_pathology: 0.5 | cin_score: 12.67115906 | tumor_purity_facets: 0.548210322 | tumor_purity_consensus: 0.548210322 | tumor_ploidy: 3.310787586 | cnv_burden_del: 0 | cnv_burden_hemizygote: 0.00200824 | loh_burden_burden: 0.036680425 | cnv_burden_gain: 0.601095885 | cnv_burden_amp: 0.199914886 | til_count: 512 | tissue_area: 8237830 | til_density: 62.1522901055254 | time: T1 | subtype_consensus: ER+HER2+ | mut_load: 80,,UNRESOLVED,LOW,NO_DECISIVE_EVIDENCE,,,,,False
GEO:GSE123845,GSM3514083,OB_16_0153_2,Primary Tumor,gender: Female | age: 34.47777778 | menopausal_status: Premenopausal | bc_family_history: No | brca1_status: Detected | brca2_status: Detected | cell_type_diagnosis: Invasive ductal carcinoma | er_status_diagnosis: 0 | er_score_diagnosis: 0 | pr_status_diagnosis: 0 | pr_score_diagnosis: 0 | her2_status_diagnosis: 0 | her2_score_diagnosis: 0 | ki67_status_diagnosis: 2 | ki67_diagnosis: 40-50% | tnm_stage_clinical: cT2N0-1M0 | nac_drug: AC+T | er_status_surgery: Negative | er_score_surgery: 0 | pr_status_surgery: Negative | pr_score_surgery: 0 | her2_status_surgery: Negative | her2_score_surgery: 1 | ki67_status_surgery: 1 | ki67_surgery: 10-20% | histological_grade: 2 | nuclear_grade: 2 | lymphovascular_invasion: 0 | bilaterality: 0 | multiplicity: 0 | surgery_type: 0 | surgical_site: 2 | tumor_size: 0.8 | regional_lymph_nodes: 0 | tnm_stage_pathologic: 2 | pcr_status: 1 | proliferative_index: 44.54114895 | cyt_score: 14.23441253 | subtype_pam50: Basal | subtype_nmc: TN | subtype_ihc: TN | tumor_purity_pathology: 0.3 | cin_score: 23.69679967 | tumor_purity_facets: 0.325805134 | tumor_purity_consensus: 0.325805134 | tumor_ploidy: 2.971717245 | cnv_burden_del: 0.00305572 | cnv_burden_hemizygote: 0.094841807 | loh_burden_burden: 0.003734053 | cnv_burden_gain: 0.620682785 | cnv_burden_amp: 0.097128719 | til_count: 2055 | tissue_area: 31680000 | til_density: 64.8674242424242 | time: T2 | subtype_consensus: TN | mut_load: 62,,UNRESOLVED,LOW,NO_DECISIVE_EVIDENCE,,,,,False
GEO:GSE123845,GSM3514084,OB_16_0156_1,Primary Tumor,gender: Female | age: 35.02777778 | menopausal_status: Premenopausal | bc_family_history: No | brca1_status: Not Detected | brca2_status: Not Detected | cell_type_diagnosis: Invasive ductal carcinoma | er_status_diagnosis: 1 | er_score_diagnosis: 6 | pr_status_diagnosis: 1 | pr_score_diagnosis: 8 | her2_status_diagnosis: 1 | her2_score_diagnosis: 3 | ki67_status_diagnosis: 1 | ki67_diagnosis: 0.2 | tnm_stage_clinical: cT4N2-3M0 | nac_drug: AC+T+Trastuzumab | er_status_surgery: Positive | er_score_surgery: 7 | pr_status_surgery: Positive | pr_score_surgery: 6 | her2_status_surgery: Positive | her2_score_surgery: 3 | ki67_status_surgery: 1 | ki67_surgery: <5% | histological_grade: 2 | nuclear_grade: 2 | lymphovascular_invasion: 1 | bilaterality: 0 | multiplicity: 0 | surgery_type: 0 | surgical_site: 2 | tumor_size: 5.5 | regional_lymph_nodes: 2 | tnm_stage_pathologic: 13 | pcr_status: 1 | proliferative_index: 11.85276105 | cyt_score: 13.16515856 | subtype_pam50: LumA | subtype_nmc: NA | subtype_ihc: ER+HER2+ | tumor_purity_pathology: 0.6 | cin_score: NA | tumor_purity_facets: NA | tumor_purity_consensus: 0.6 | tumor_ploidy: NA | cnv_burden_del: NA | cnv_burden_hemizygote: NA | loh_burden_burden: NA | cnv_burden_gain: NA | cnv_burden_amp: NA | til_count: 904 | tissue_area: 5029300 | til_density: 179.746684429245 | time: T1 | subtype_consensus: ER+HER2+ | mut_load: NA,,UNRESOLVED,LOW,NO_DECISIVE_EVIDENCE,,,,,False
GEO:GSE123845,GSM3514085,OB_16_0156_2,Primary Tumor,gender: Female | age: 35.02777778 | menopausal_status: Premenopausal | bc_family_history: No | brca1_status: Not Detected | brca2_status: Not Detected | cell_type_diagnosis: Invasive ductal carcinoma | er_status_diagnosis: 1 | er_score_diagnosis: 6 | pr_status_diagnosis: 1 | pr_score_diagnosis: 8 | her2_status_diagnosis: 1 | her2_score_diagnosis: 3 | ki67_status_diagnosis: 1 | ki67_diagnosis: 0.2 | tnm_stage_clinical: cT4N2-3M0 | nac_drug: AC+T+Trastuzumab | er_status_surgery: Positive | er_score_surgery: 7 | pr_status_surgery: Positive | pr_score_surgery: 6 | her2_status_surgery: Positive | her2_score_surgery: 3 | ki67_status_surgery: 1 | ki67_surgery: <5% | histological_grade: 2 | nuclear_grade: 2 | lymphovascular_invasion: 1 | bilaterality: 0 | multiplicity: 0 | surgery_type: 0 | surgical_site: 2 | tumor_size: 5.5 | regional_lymph_nodes: 2 | tnm_stage_pathologic: 13 | pcr_status: 1 | proliferative_index: 20.9270429 | cyt_score: 6.197305866 | subtype_pam50: LumA | subtype_nmc: ER+HER2+ | subtype_ihc: ER+HER2+ | tumor_purity_pathology: 0.6 | cin_score: 14.64171578 | tumor_purity_facets: 0.208064323 | tumor_purity_consensus: 0.208064323 | tumor_ploidy: 3.005337956 | cnv_burden_del: 0.004418596 | cnv_burden_hemizygote: 0.080591714 | loh_burden_burden: 0 | cnv_burden_gain: 0.533260263 | cnv_burden_amp: 0.031187777 | til_count: 84 | tissue_area: 22149500 | til_density: 3.7924106638976 | time: T2 | subtype_consensus: ER+HER2+ | mut_load: 28,,UNRESOLVED,LOW,NO_DECISIVE_EVIDENCE,,,,,False
GEO:GSE123845,GSM3514086,OB_16_0163_1,Primary Tumor,gender: Female | age: 37.29444444 | menopausal_status: Premenopausal | bc_family_history: Yes | brca1_status: Not Detected | brca2_status: Not Detected | cell_type_diagnosis: Invasive ductal carcinoma | er_status_diagnosis: 1 | er_score_diagnosis: 8 | pr_status_diagnosis: 1 | pr_score_diagnosis: 6 | her2_status_diagnosis: 0 | her2_score_diagnosis: 0 | ki67_status_diagnosis: 2 | ki67_diagnosis: 20-30% | tnm_stage_clinical: cT3N1-2M0 | nac_drug: AC+T | er_status_surgery: Positive | er_score_surgery: 8 | pr_status_surgery: Positive | pr_score_surgery: 4 | her2_status_surgery: Negative | her2_score_surgery: 0 | ki67_status_surgery: 1 | ki67_surgery: <5% | histological_grade: 2 | nuclear_grade: 2 | lymphovascular_invasion: 1 | bilaterality: 0 | multiplicity: 0 | surgery_type: 1 | surgical_site: 1 | tumor_size: 3.4 | regional_lymph_nodes: 1 | tnm_stage_pathologic: 8 | pcr_status: 1 | proliferative_index: 38.83910563 | cyt_score: 0.884985876 | subtype_pam50: LumB | subtype_nmc: NA | subtype_ihc: ER+ | tumor_purity_pathology: 0.6 | cin_score: NA | tumor_purity_facets: NA | tumor_purity_consensus: 0.6 | tumor_ploidy: NA | cnv_burden_del: NA | cnv_burden_hemizygote: NA | loh_burden_burden: NA | cnv_burden_gain: NA | cnv_burden_amp: NA | til_count: 617 | tissue_area: 6935910 | til_density: 88.9573249941248 | time: T1 | subtype_consensus: ER+ | mut_load: NA,,UNRESOLVED,LOW,NO_DECISIVE_EVIDENCE,,,,,False
GEO:GSE123845,GSM3514087,OB_16_0163_2,Primary Tumor,gender: Female | age: 37.29444444 | menopausal_status: Premenopausal | bc_family_history: Yes | brca1_status: Not Detected | brca2_status: Not Detected | cell_type_diagnosis: Invasive ductal carcinoma | er_status_diagnosis: 1 | er_score_diagnosis: 8 | pr_status_diagnosis: 1 | pr_score_diagnosis: 6 | her2_status_diagnosis: 0 | her2_score_diagnosis: 0 | ki67_status_diagnosis: 2 | ki67_diagnosis: 20-30% | tnm_stage_clinical: cT3N1-2M0 | nac_drug: AC+T | er_status_surgery: Positive | er_score_surgery: 8 | pr_status_surgery: Positive | pr_score_surgery: 4 | her2_status_surgery: Negative | her2_score_surgery: 0 | ki67_status_surgery: 1 | ki67_surgery: <5% | histological_grade: 2 | nuclear_grade: 2 | lymphovascular_invasion: 1 | bilaterality: 0 | multiplicity: 0 | surgery_type: 1 | surgical_site: 1 | tumor_size: 3.4 | regional_lymph_nodes: 1 | tnm_stage_pathologic: 8 | pcr_status: 1 | proliferative_index: 14.25991826 | cyt_score: 4.198987973 | subtype_pam50: LumA | subtype_nmc: NA | subtype_ihc: ER+ | tumor_purity_pathology: 0.2 | cin_score: NA | tumor_purity_facets: NA | tumor_purity_consensus: 0.2 | tumor_ploidy: NA | cnv_burden_del: NA | cnv_burden_hemizygote: NA | loh_burden_burden: NA | cnv_burden_gain: NA | cnv_burden_amp: NA | til_count: 366 | tissue_area: 18284900 | til_density: 20.0165163604942 | time: T2 | subtype_consensus: ER+ | mut_load: NA,,UNRESOLVED,LOW,NO_DECISIVE_EVIDENCE,,,,,False
GEO:GSE123845,GSM3514088,OB_16_0163_3,Primary Tumor,gender: Female | age: 37.29444444 | menopausal_status: Premenopausal | bc_family_history: Yes | brca1_status: Not Detected | brca2_status: Not Detected | cell_type_diagnosis: Invasive ductal carcinoma | er_status_diagnosis: 1 | er_score_diagnosis: 8 | pr_status_diagnosis: 1 | pr_score_diagnosis: 6 | her2_status_diagnosis: 0 | her2_score_diagnosis: 0 | ki67_status_diagnosis: 2 | ki67_diagnosis: 20-30% | tnm_stage_clinical: cT3N1-2M0 | nac_drug: AC+T | er_status_surgery: Positive | er_score_surgery: 8 | pr_status_surgery: Positive | pr_score_surgery: 4 | her2_status_surgery: Negative | her2_score_surgery: 0 | ki67_status_surgery: 1 | ki67_surgery: <5% | histological_grade: 2 | nuclear_grade: 2 | lymphovascular_invasion: 1 | bilaterality: 0 | multiplicity: 0 | surgery_type: 1 | surgical_site: 1 | tumor_size: 3.4 | regional_lymph_nodes: 1 | tnm_stage_pathologic: 8 | pcr_status: 1 | proliferative_index: 3.485315426 | cyt_score: 37.79987963 | subtype_pam50: LumA | subtype_nmc: NA | subtype_ihc: ER+ | tumor_purity_pathology: 0.2 | cin_score: NA | tumor_purity_facets: NA | tumor_purity_consensus: 0.2 | tumor_ploidy: NA | cnv_burden_del: NA | cnv_burden_hemizygote: NA | loh_burden_burden: NA | cnv_burden_gain: NA | cnv_burden_amp: NA | til_count: 40 | tissue_area: 4579930 | til_density: 8.73375793953183 | time: T3 | subtype_consensus: ER+ | mut_load: NA,,UNRESOLVED,LOW,NO_DECISIVE_EVIDENCE,,,,,False
GEO:GSE123845,GSM3514089,OB_16_0168_1,Primary Tumor,gender: Female | age: 41.93888889 | menopausal_status: Premenopausal | bc_family_history: No | brca1_status: Not Detected | brca2_status: Not Detected | cell_type_diagnosis: Invasive ductal carcinoma | er_status_diagnosis: 1 | er_score_diagnosis: 8 | pr_status_diagnosis: 1 | pr_score_diagnosis: 8 | her2_status_diagnosis: 0 | her2_score_diagnosis: 0 | ki67_status_diagnosis: 1 | ki67_diagnosis: <5% | tnm_stage_clinical: cT2N2-3M0 | nac_drug: AC+T | er_status_surgery: Positive | er_score_surgery: 8 | pr_status_surgery: Positive | pr_score_surgery: 8 | her2_status_surgery: Negative | her2_score_surgery: 0 | ki67_status_surgery: 1 | ki67_surgery: 0.1 | histological_grade: 1 | nuclear_grade: 2 | lymphovascular_invasion: 1 | bilaterality: 0 | multiplicity: 0 | surgery_type: 1 | surgical_site: 1 | tumor_size: 5.5 | regional_lymph_nodes: 7 | tnm_stage_pathologic: 14 | pcr_status: 1 | proliferative_index: 12.61597884 | cyt_score: 0.894986033 | subtype_pam50: LumA | subtype_nmc: NA | subtype_ihc: ER+ | tumor_purity_pathology: 0.3 | cin_score: NA | tumor_purity_facets: NA | tumor_purity_consensus: 0.3 | tumor_ploidy: NA | cnv_burden_del: NA | cnv_burden_hemizygote: NA | loh_burden_burden: NA | cnv_burden_gain: NA | cnv_burden_amp: NA | til_count: 828 | tissue_area: 11102400 | til_density: 74.5784695201038 | time: T1 | subtype_consensus: ER+ | mut_load: NA,,UNRESOLVED,LOW,NO_DECISIVE_EVIDENCE,,,,,False
GEO:GSE123845,GSM3514090,OB_16_0168_2,Primary Tumor,gender: Female | age: 41.93888889 | menopausal_status: Premenopausal | bc_family_history: No | brca1_status: Not Detected | brca2_status: Not Detected | cell_type_diagnosis: Invasive ductal carcinoma | er_status_diagnosis: 1 | er_score_diagnosis: 8 | pr_status_diagnosis: 1 | pr_score_diagnosis: 8 | her2_status_diagnosis: 0 | her2_score_diagnosis: 0 | ki67_status_diagnosis: 1 | ki67_diagnosis: <5% | tnm_stage_clinical: cT2N2-3M0 | nac_drug: AC+T | er_status_surgery: Positive | er_score_surgery: 8 | pr_status_surgery: Positive | pr_score_surgery: 8 | her2_status_surgery: Negative | her2_score_surgery: 0 | ki67_status_surgery: 1 | ki67_surgery: 0.1 | histological_grade: 1 | nuclear_grade: 2 | lymphovascular_invasion: 1 | bilaterality: 0 | multiplicity: 0 | surgery_type: 1 | surgical_site: 1 | tumor_size: 5.5 | regional_lymph_nodes: 7 | tnm_stage_pathologic: 14 | pcr_status: 1 | proliferative_index: 11.87874251 | cyt_score: 2.596228033 | subtype_pam50: LumA | subtype_nmc: ER+ | subtype_ihc: ER+ | tumor_purity_pathology: 0.5 | cin_score: 16.46296275 | tumor_purity_facets: 0.3 | tumor_purity_consensus: 0.3 | tumor_ploidy: 1.941477078 | cnv_burden_del: 0.041330184 | cnv_burden_hemizygote: 0.089779709 | loh_burden_burden: 0 | cnv_burden_gain: 0.062713827 | cnv_burden_amp: 0.033741486 | til_count: 1199 | tissue_area: 29039100 | til_density: 41.2891584105568 | time: T2 | subtype_consensus: ER+ | mut_load: 27,,UNRESOLVED,LOW,NO_DECISIVE_EVIDENCE,,,,,False
GEO:GSE123845,GSM3514091,OB_16_0168_3,Primary Tumor,gender: Female | age: 41.93888889 | menopausal_status: Premenopausal | bc_family_history: No | brca1_status: Not Detected | brca2_status: Not Detected | cell_type_diagnosis: Invasive ductal carcinoma | er_status_diagnosis: 1 | er_score_diagnosis: 8 | pr_status_diagnosis: 1 | pr_score_diagnosis: 8 | her2_status_diagnosis: 0 | her2_score_diagnosis: 0 | ki67_status_diagnosis: 1 | ki67_diagnosis: <5% | tnm_stage_clinical: cT2N2-3M0 | nac_drug: AC+T | er_status_surgery: Positive | er_score_surgery: 8 | pr_status_surgery: Positive | pr_score_surgery: 8 | her2_status_surgery: Negative | her2_score_surgery: 0 | ki67_status_surgery: 1 | ki67_surgery: 0.1 | histological_grade: 1 | nuclear_grade: 2 | lymphovascular_invasion: 1 | bilaterality: 0 | multiplicity: 0 | surgery_type: 1 | surgical_site: 1 | tumor_size: 5.5 | regional_lymph_nodes: 7 | tnm_stage_pathologic: 14 | pcr_status: 1 | proliferative_index: 5.906958028 | cyt_score: 2.159907405 | subtype_pam50: LumA | subtype_nmc: NA | subtype_ihc: ER+ | tumor_purity_pathology: 0.6 | cin_score: NA | tumor_purity_facets: NA | tumor_purity_consensus: 0.6 | tumor_ploidy: NA | cnv_burden_del: NA | cnv_burden_hemizygote: NA | loh_burden_burden: NA | cnv_burden_gain: NA | cnv_burden_amp: NA | til_count: 792 | tissue_area: 8836560 | til_density: 89.6276379043429 | time: T3 | subtype_consensus: ER+ | mut_load: NA,,UNRESOLVED,LOW,NO_DECISIVE_EVIDENCE,,,,,False
GEO:GSE123845,GSM3514092,OB_16_0173_1,Primary Tumor,gender: Female | age: 47.76944444 | menopausal_status: Premenopausal | bc_family_history: No | brca1_status: 999 | brca2_status: 999 | cell_type_diagnosis: Invasive ductal carcinoma | er_status_diagnosis: 1 | er_score_diagnosis: 4 | pr_status_diagnosis: 0 | pr_score_diagnosis: 0 | her2_status_diagnosis: 1 | her2_score_diagnosis: 3 | ki67_status_diagnosis: 1 | ki67_diagnosis: 10-20% | tnm_stage_clinical: cT2N1-2M0 | nac_drug: TCHP | er_status_surgery: 999 | er_score_surgery: 999 | pr_status_surgery: 999 | pr_score_surgery: 999 | her2_status_surgery: 999 | her2_score_surgery: 999 | ki67_status_surgery: 999 | ki67_surgery: 999 | histological_grade: 999 | nuclear_grade: 999 | lymphovascular_invasion: 999 | bilaterality: 0 | multiplicity: 0 | surgery_type: 1 | surgical_site: 2 | tumor_size: 0 | regional_lymph_nodes: 0 | tnm_stage_pathologic: 77 | pcr_status: 0 | proliferative_index: 16.77573834 | cyt_score: 30.68659805 | subtype_pam50: Her2 | subtype_nmc: HER2+ | subtype_ihc: ER+HER2+ | tumor_purity_pathology: 0.6 | cin_score: 20.73650285 | tumor_purity_facets: 0.424303243 | tumor_purity_consensus: 0.424303243 | tumor_ploidy: 3.125115597 | cnv_burden_del: 0.010457285 | cnv_burden_hemizygote: 0.024573666 | loh_burden_burden: 0 | cnv_burden_gain: 0.377035227 | cnv_burden_amp: 0.364808216 | til_count: 3244 | tissue_area: 12411200 | til_density: 261.376820935929 | time: T1 | subtype_consensus: ER+HER2+ | mut_load: 88,,UNRESOLVED,LOW,NO_DECISIVE_EVIDENCE,,,,,False
GEO:GSE123845,GSM3514093,OB_16_0175_1,Primary Tumor,gender: Female | age: 34.625 | menopausal_status: Premenopausal | bc_family_history: Yes | brca1_status: Detected | brca2_status: Equivocal | cell_type_diagnosis: Invasive ductal carcinoma | er_status_diagnosis: 0 | er_score_diagnosis: 0 | pr_status_diagnosis: 0 | pr_score_diagnosis: 0 | her2_status_diagnosis: 0 | her2_score_diagnosis: 1 | ki67_status_diagnosis: 3 | ki67_diagnosis: 70-80% | tnm_stage_clinical: cT3-4N3M0 | nac_drug: Others | er_status_surgery: Negative | er_score_surgery: 0 | pr_status_surgery: Negative | pr_score_surgery: 0 | her2_status_surgery: Negative | her2_score_surgery: 1 | ki67_status_surgery: 4 | ki67_surgery: 70-80% | histological_grade: 3 | nuclear_grade: 3 | lymphovascular_invasion: 0 | bilaterality: 1 | multiplicity: 0 | surgery_type: 0 | surgical_site: 4 | tumor_size: 1.6 | regional_lymph_nodes: 0 | tnm_stage_pathologic: 2 | pcr_status: 1 | proliferative_index: 47.99264336 | cyt_score: 8.901898674 | subtype_pam50: Basal | subtype_nmc: TN | subtype_ihc: TN | tumor_purity_pathology: 0.5 | cin_score: 25.09491836 | tumor_purity_facets: 0.475486515 | tumor_purity_consensus: 0.475486515 | tumor_ploidy: 3.218137598 | cnv_burden_del: 0.001422382 | cnv_burden_hemizygote: 0.073066589 | loh_burden_burden: 0.106338434 | cnv_burden_gain: 0.231932815 | cnv_burden_amp: 0.182005629 | til_count: 852 | tissue_area: 22792100 | til_density: 37.3813733705977 | time: T1 | subtype_consensus: TN | mut_load: 112,,UNRESOLVED,LOW,NO_DECISIVE_EVIDENCE,,,,,False
GEO:GSE123845,GSM3514094,OB_16_0175_2,Primary Tumor,gender: Female | age: 34.625 | menopausal_status: Premenopausal | bc_family_history: Yes | brca1_status: Detected | brca2_status: Equivocal | cell_type_diagnosis: Invasive ductal carcinoma | er_status_diagnosis: 0 | er_score_diagnosis: 0 | pr_status_diagnosis: 0 | pr_score_diagnosis: 0 | her2_status_diagnosis: 0 | her2_score_diagnosis: 1 | ki67_status_diagnosis: 3 | ki67_diagnosis: 70-80% | tnm_stage_clinical: cT3-4N3M0 | nac_drug: Others | er_status_surgery: Negative | er_score_surgery: 0 | pr_status_surgery: Negative | pr_score_surgery: 0 | her2_status_surgery: Negative | her2_score_surgery: 1 | ki67_status_surgery: 4 | ki67_surgery: 70-80% | histological_grade: 3 | nuclear_grade: 3 | lymphovascular_invasion: 0 | bilaterality: 1 | multiplicity: 0 | surgery_type: 0 | surgical_site: 4 | tumor_size: 1.6 | regional_lymph_nodes: 0 | tnm_stage_pathologic: 2 | pcr_status: 1 | proliferative_index: 62.80328951 | cyt_score: 44.2067427 | subtype_pam50: Basal | subtype_nmc: TN | subtype_ihc: TN | tumor_purity_pathology: 0.3 | cin_score: 23.90283182 | tumor_purity_facets: 0.395728196 | tumor_purity_consensus: 0.395728196 | tumor_ploidy: 2.915608784 | cnv_burden_del: 0.004612461 | cnv_burden_hemizygote: 0.065346407 | loh_burden_burden: 0.146112348 | cnv_burden_gain: 0.23800181 | cnv_burden_amp: 0.150608554 | til_count: 4168 | tissue_area: 31223300 | til_density: 133.490053902054 | time: T2 | subtype_consensus: TN | mut_load: 89,,UNRESOLVED,LOW,NO_DECISIVE_EVIDENCE,,,,,False
GEO:GSE123845,GSM3514095,OB_16_0184_1,Primary Tumor,gender: Female | age: 44.35833333 | menopausal_status: Premenopausal | bc_family_history: No | brca1_status: 999 | brca2_status: 999 | cell_type_diagnosis: Mucinous carcinoma | er_status_diagnosis: 0 | er_score_diagnosis: 0 | pr_status_diagnosis: 0 | pr_score_diagnosis: 0 | her2_status_diagnosis: 1 | her2_score_diagnosis: 3 | ki67_status_diagnosis: 1 | ki67_diagnosis: 5-10% | tnm_stage_clinical: cT3N3M0 | nac_drug: AC+T+Trastuzumab | er_status_surgery: Negative | er_score_surgery: 0 | pr_status_surgery: Negative | pr_score_surgery: 0 | her2_status_surgery: Positive | her2_score_surgery: 3 | ki67_status_surgery: 2 | ki67_surgery: 40-50% | histological_grade: 2 | nuclear_grade: 2 | lymphovascular_invasion: 1 | bilaterality: 0 | multiplicity: 1 | surgery_type: 0 | surgical_site: 2 | tumor_size: 2.5 | regional_lymph_nodes: 5 | tnm_stage_pathologic: 12 | pcr_status: 1 | proliferative_index: 23.84383487 | cyt_score: 2.82439374 | subtype_pam50: Her2 | subtype_nmc: ER+HER2+ | subtype_ihc: HER2+ | tumor_purity_pathology: 0.4 | cin_score: 22.15687983 | tumor_purity_facets: 0.299630273 | tumor_purity_consensus: 0.299630273 | tumor_ploidy: 3.002470497 | cnv_burden_del: 0.011365856 | cnv_burden_hemizygote: 0.070496744 | loh_burden_burden: 0.027426529 | cnv_burden_gain: 0.60127335 | cnv_burden_amp: 0.071447017 | til_count: 962 | tissue_area: 24921300 | til_density: 38.6015175773334 | time: T1 | subtype_consensus: HER2+ | mut_load: 28,,UNRESOLVED,LOW,NO_DECISIVE_EVIDENCE,,,,,False
GEO:GSE123845,GSM3514096,OB_16_0184_2,Primary Tumor,gender: Female | age: 44.35833333 | menopausal_status: Premenopausal | bc_family_history: No | brca1_status: 999 | brca2_status: 999 | cell_type_diagnosis: Mucinous carcinoma | er_status_diagnosis: 0 | er_score_diagnosis: 0 | pr_status_diagnosis: 0 | pr_score_diagnosis: 0 | her2_status_diagnosis: 1 | her2_score_diagnosis: 3 | ki67_status_diagnosis: 1 | ki67_diagnosis: 5-10% | tnm_stage_clinical: cT3N3M0 | nac_drug: AC+T+Trastuzumab | er_status_surgery: Negative | er_score_surgery: 0 | pr_status_surgery: Negative | pr_score_surgery: 0 | her2_status_surgery: Positive | her2_score_surgery: 3 | ki67_status_surgery: 2 | ki67_surgery: 40-50% | histological_grade: 2 | nuclear_grade: 2 | lymphovascular_invasion: 1 | bilaterality: 0 | multiplicity: 1 | surgery_type: 0 | surgical_site: 2 | tumor_size: 2.5 | regional_lymph_nodes: 5 | tnm_stage_pathologic: 12 | pcr_status: 1 | proliferative_index: 20.92085081 | cyt_score: 2.861817604 | subtype_pam50: Her2 | subtype_nmc: HER2+ | subtype_ihc: HER2+ | tumor_purity_pathology: 0.8 | cin_score: 23.10670099 | tumor_purity_facets: 0.369497489 | tumor_purity_consensus: 0.369497489 | tumor_ploidy: 2.93187598 | cnv_burden_del: 0 | cnv_burden_hemizygote: 0.045847747 | loh_burden_burden: 0 | cnv_burden_gain: 0.635876272 | cnv_burden_amp: 0.054646334 | til_count: 350 | tissue_area: 21919800 | til_density: 15.9672989717059 | time: T2 | subtype_consensus: HER2+ | mut_load: 14,,UNRESOLVED,LOW,NO_DECISIVE_EVIDENCE,,,,,False
GEO:GSE123845,GSM3514097,OB_16_0188_2,Primary Tumor,gender: Female | age: 38.30277778 | menopausal_status: Premenopausal | bc_family_history: No | brca1_status: Not Detected | brca2_status: Not Detected | cell_type_diagnosis: Invasive ductal carcinoma | er_status_diagnosis: 1 | er_score_diagnosis: 8 | pr_status_diagnosis: 1 | pr_score_diagnosis: 8 | her2_status_diagnosis: 0 | her2_score_diagnosis: 0 | ki67_status_diagnosis: 2 | ki67_diagnosis: 30-40% | tnm_stage_clinical: cT3N1M0 | nac_drug: AC+T | er_status_surgery: Positive | er_score_surgery: 8 | pr_status_surgery: Positive | pr_score_surgery: 4 | her2_status_surgery: Negative | her2_score_surgery: 0 | ki67_status_surgery: 0 | ki67_surgery: 9.00E-04 | histological_grade: 2 | nuclear_grade: 2 | lymphovascular_invasion: 1 | bilaterality: 0 | multiplicity: 0 | surgery_type: 0 | surgical_site: 1 | tumor_size: 7 | regional_lymph_nodes: 2 | tnm_stage_pathologic: 13 | pcr_status: 1 | proliferative_index: 11.18503079 | cyt_score: 12.03918602 | subtype_pam50: LumA | subtype_nmc: ER+ | subtype_ihc: ER+ | tumor_purity_pathology: 0.15 | cin_score: 28.30300237 | tumor_purity_facets: 0.406531883 | tumor_purity_consensus: 0.406531883 | tumor_ploidy: 2.280680784 | cnv_burden_del: 0.049067418 | cnv_burden_hemizygote: 0.134057955 | loh_burden_burden: 0.016552661 | cnv_burden_gain: 0.405477883 | cnv_burden_amp: 0.033925336 | til_count: 128 | tissue_area: 21362600 | til_density: 5.99178002677577 | time: T2 | subtype_consensus: ER+ | mut_load: 29,,UNRESOLVED,LOW,NO_DECISIVE_EVIDENCE,,,,,False
GEO:GSE123845,GSM3514098,OB_16_0191_3,Primary Tumor,gender: Female | age: 61.06944444 | menopausal_status: Postmenopausal | bc_family_history: No | brca1_status: 999 | brca2_status: 999 | cell_type_diagnosis: Invasive ductal carcinoma | er_status_diagnosis: 0 | er_score_diagnosis: 2 | pr_status_diagnosis: 0 | pr_score_diagnosis: 0 | her2_status_diagnosis: 1 | her2_score_diagnosis: 3 | ki67_status_diagnosis: 2 | ki67_diagnosis: 20-30% | tnm_stage_clinical: cT3N3M0 | nac_drug: AC+T+Trastuzumab | er_status_surgery: Positive | er_score_surgery: 8 | pr_status_surgery: Positive | pr_score_surgery: 7 | her2_status_surgery: Positive | her2_score_surgery: 3 | ki67_status_surgery: 2 | ki67_surgery: 40-50% | histological_grade: 3 | nuclear_grade: 3 | lymphovascular_invasion: 0 | bilaterality: 0 | multiplicity: 0 | surgery_type: 0 | surgical_site: 1 | tumor_size: 6.5 | regional_lymph_nodes: 12 | tnm_stage_pathologic: 18 | pcr_status: 1 | proliferative_index: 27.31295861 | cyt_score: 3.158813068 | subtype_pam50: Her2 | subtype_nmc: ER+HER2+ | subtype_ihc: HER2+ | tumor_purity_pathology: 0.9 | cin_score: 16.32310882 | tumor_purity_facets: 0.388465362 | tumor_purity_consensus: 0.388465362 | tumor_ploidy: 3.980302209 | cnv_burden_del: 0 | cnv_burden_hemizygote: 0 | loh_burden_burden: 0.024928975 | cnv_burden_gain: 0.745319131 | cnv_burden_amp: 0.123438351 | til_count: 1818 | tissue_area: 51445500 | til_density: 35.33836778727 | time: T3 | subtype_consensus: HER2+ | mut_load: 45,,UNRESOLVED,LOW,NO_DECISIVE_EVIDENCE,,,,,False
GEO:GSE123845,GSM3514099,OB_16_0192_1,Primary Tumor,gender: Female | age: 55.38611111 | menopausal_status: Postmenopausal | bc_family_history: No | brca1_status: 999 | brca2_status: 999 | cell_type_diagnosis: Invasive ductal carcinoma | er_status_diagnosis: 0 | er_score_diagnosis: 0 | pr_status_diagnosis: 0 | pr_score_diagnosis: 0 | her2_status_diagnosis: 1 | her2_score_diagnosis: 2 | ki67_status_diagnosis: 2 | ki67_diagnosis: 30-40% | tnm_stage_clinical: 999 | nac_drug: AC+T+Trastuzumab | er_status_surgery: Negative | er_score_surgery: 0 | pr_status_surgery: Negative | pr_score_surgery: 0 | her2_status_surgery: 2+ | her2_score_surgery: 2 | ki67_status_surgery: 2 | ki67_surgery: 30-40% | histological_grade: 2 | nuclear_grade: 2 | lymphovascular_invasion: 0 | bilaterality: 0 | multiplicity: 0 | surgery_type: 1 | surgical_site: 2 | tumor_size: 0.11 | regional_lymph_nodes: 0 | tnm_stage_pathologic: 2 | pcr_status: 1 | proliferative_index: 37.24691469 | cyt_score: 2.212961816 | subtype_pam50: Basal | subtype_nmc: TN | subtype_ihc: HER2+ | tumor_purity_pathology: 0.2 | cin_score: 23.46584919 | tumor_purity_facets: 0.519987598 | tumor_purity_consensus: 0.519987598 | tumor_ploidy: 3.353775027 | cnv_burden_del: 0.00090529 | cnv_burden_hemizygote: 0.01232022 | loh_burden_burden: 9.11E-05 | cnv_burden_gain: 0.499102735 | cnv_burden_amp: 0.213079534 | til_count: 753 | tissue_area: 24978600 | til_density: 30.1458048089164 | time: T1 | subtype_consensus: HER2+ | mut_load: 37,,UNRESOLVED,LOW,NO_DECISIVE_EVIDENCE,,,,,False
GEO:GSE123845,GSM3514100,OB_16_0192_2,Primary Tumor,gender: Female | age: 55.38611111 | menopausal_status: Postmenopausal | bc_family_history: No | brca1_status: 999 | brca2_status: 999 | cell_type_diagnosis: Invasive ductal carcinoma | er_status_diagnosis: 0 | er_score_diagnosis: 0 | pr_status_diagnosis: 0 | pr_score_diagnosis: 0 | her2_status_diagnosis: 1 | her2_score_diagnosis: 2 | ki67_status_diagnosis: 2 | ki67_diagnosis: 30-40% | tnm_stage_clinical: 999 | nac_drug: AC+T+Trastuzumab | er_status_surgery: Negative | er_score_surgery: 0 | pr_status_surgery: Negative | pr_score_surgery: 0 | her2_status_surgery: 2+ | her2_score_surgery: 2 | ki67_status_surgery: 2 | ki67_surgery: 30-40% | histological_grade: 2 | nuclear_grade: 2 | lymphovascular_invasion: 0 | bilaterality: 0 | multiplicity: 0 | surgery_type: 1 | surgical_site: 2 | tumor_size: 0.11 | regional_lymph_nodes: 0 | tnm_stage_pathologic: 2 | pcr_status: 1 | proliferative_index: 25.6782616 | cyt_score: 11.42486324 | subtype_pam50: Basal | subtype_nmc: TN | subtype_ihc: HER2+ | tumor_purity_pathology: 0.8 | cin_score: 29.55855 | tumor_purity_facets: 0.440161267 | tumor_purity_consensus: 0.440161267 | tumor_ploidy: 3.163100675 | cnv_burden_del: 0.020001175 | cnv_burden_hemizygote: 0.031879554 | loh_burden_burden: 0 | cnv_burden_gain: 0.327267564 | cnv_burden_amp: 0.332913665 | til_count: 402 | tissue_area: 35089600 | til_density: 11.4563859377137 | time: T2 | subtype_consensus: HER2+ | mut_load: 7,,UNRESOLVED,LOW,NO_DECISIVE_EVIDENCE,,,,,False
GEO:GSE123845,GSM3514101,OB_16_0199_1,Primary Tumor,gender: Female | age: 66.09444444 | menopausal_status: Postmenopausal | bc_family_history: No | brca1_status: 999 | brca2_status: 999 | cell_type_diagnosis: Invasive ductal carcinoma | er_status_diagnosis: 1 | er_score_diagnosis: 8 | pr_status_diagnosis: 0 | pr_score_diagnosis: 0 | her2_status_diagnosis: 0 | her2_score_diagnosis: 0 | ki67_status_diagnosis: 2 | ki67_diagnosis: 40-50% | tnm_stage_clinical: cT2N1M0 | nac_drug: AC+T | er_status_surgery: Positive | er_score_surgery: 8 | pr_status_surgery: Negative | pr_score_surgery: 4 | her2_status_surgery: Negative | her2_score_surgery: 1 | ki67_status_surgery: 2 | ki67_surgery: 30-40% | histological_grade: 2 | nuclear_grade: 2 | lymphovascular_invasion: 1 | bilaterality: 0 | multiplicity: 0 | surgery_type: 0 | surgical_site: 1 | tumor_size: 9 | regional_lymph_nodes: 4 | tnm_stage_pathologic: 14 | pcr_status: 1 | proliferative_index: 33.28379987 | cyt_score: 2.157776633 | subtype_pam50: LumB | subtype_nmc: ER+ | subtype_ihc: ER+ | tumor_purity_pathology: 0.5 | cin_score: 26.49013724 | tumor_purity_facets: 0.521751931 | tumor_purity_consensus: 0.521751931 | tumor_ploidy: 3.049150541 | cnv_burden_del: 0.007983398 | cnv_burden_hemizygote: 0.043828201 | loh_burden_burden: 0.13416094 | cnv_burden_gain: 0.456106214 | cnv_burden_amp: 0.104115937 | til_count: 1404 | tissue_area: 25081800 | til_density: 55.9768437671937 | time: T1 | subtype_consensus: ER+ | mut_load: 32,,UNRESOLVED,LOW,NO_DECISIVE_EVIDENCE,,,,,False
GEO:GSE123845,GSM3514102,OB_16_0207_1,Primary Tumor,gender: Female | age: 43 | menopausal_status: Premenopausal | bc_family_history: No | brca1_status: 999 | brca2_status: 999 | cell_type_diagnosis: Invasive ductal carcinoma | er_status_diagnosis: 1 | er_score_diagnosis: 6 | pr_status_diagnosis: 1 | pr_score_diagnosis: 5 | her2_status_diagnosis: 1 | her2_score_diagnosis: 3 | ki67_status_diagnosis: 2 | ki67_diagnosis: 40-50% | tnm_stage_clinical: cT2N1-2M0 | nac_drug: AC+T+Trastuzumab | er_status_surgery: 999 | er_score_surgery: 999 | pr_status_surgery: 999 | pr_score_surgery: 999 | her2_status_surgery: 999 | her2_score_surgery: 999 | ki67_status_surgery: 999 | ki67_surgery: 999 | histological_grade: 999 | nuclear_grade: 999 | lymphovascular_invasion: 999 | bilaterality: 0 | multiplicity: 0 | surgery_type: 1 | surgical_site: 2 | tumor_size: 0 | regional_lymph_nodes: 0 | tnm_stage_pathologic: 77 | pcr_status: 0 | proliferative_index: 35.17532521 | cyt_score: 2.60067299 | subtype_pam50: Her2 | subtype_nmc: ER+HER2+ | subtype_ihc: ER+HER2+ | tumor_purity_pathology: 0.4 | cin_score: 13.74114599 | tumor_purity_facets: 0.364322328 | tumor_purity_consensus: 0.364322328 | tumor_ploidy: 1.791638788 | cnv_burden_del: 0.000898396 | cnv_burden_hemizygote: 0.304913624 | loh_burden_burden: 0.047901288 | cnv_burden_gain: 0.131519469 | cnv_burden_amp: 0 | til_count: 794 | tissue_area: 9592360 | til_density: 82.7742078070464 | time: T1 | subtype_consensus: ER+HER2+ | mut_load: 41,,UNRESOLVED,LOW,NO_DECISIVE_EVIDENCE,,,,,False
GEO:GSE123845,GSM3514103,OB_16_0207_2,Primary Tumor,gender: Female | age: 43 | menopausal_status: Premenopausal | bc_family_history: No | brca1_status: 999 | brca2_status: 999 | cell_type_diagnosis: Invasive ductal carcinoma | er_status_diagnosis: 1 | er_score_diagnosis: 6 | pr_status_diagnosis: 1 | pr_score_diagnosis: 5 | her2_status_diagnosis: 1 | her2_score_diagnosis: 3 | ki67_status_diagnosis: 2 | ki67_diagnosis: 40-50% | tnm_stage_clinical: cT2N1-2M0 | nac_drug: AC+T+Trastuzumab | er_status_surgery: 999 | er_score_surgery: 999 | pr_status_surgery: 999 | pr_score_surgery: 999 | her2_status_surgery: 999 | her2_score_surgery: 999 | ki67_status_surgery: 999 | ki67_surgery: 999 | histological_grade: 999 | nuclear_grade: 999 | lymphovascular_invasion: 999 | bilaterality: 0 | multiplicity: 0 | surgery_type: 1 | surgical_site: 2 | tumor_size: 0 | regional_lymph_nodes: 0 | tnm_stage_pathologic: 77 | pcr_status: 0 | proliferative_index: 12.70259899 | cyt_score: 4.70720724 | subtype_pam50: LumA | subtype_nmc: ER+HER2+ | subtype_ihc: ER+HER2+ | tumor_purity_pathology: 0.2 | cin_score: 21.9604145 | tumor_purity_facets: 0.307520341 | tumor_purity_consensus: 0.307520341 | tumor_ploidy: 3.352667865 | cnv_burden_del: 0.023639164 | cnv_burden_hemizygote: 0.012300328 | loh_burden_burden: 0 | cnv_burden_gain: 0.432963384 | cnv_burden_amp: 0.319877677 | til_count: 742 | tissue_area: 19856300 | til_density: 37.3684926194709 | time: T2 | subtype_consensus: ER+HER2+ | mut_load: 16,,UNRESOLVED,LOW,NO_DECISIVE_EVIDENCE,,,,,False
GEO:GSE123845,GSM3514104,OB_16_0215_1,Primary Tumor,gender: Female | age: 31.51388889 | menopausal_status: Premenopausal | bc_family_history: No | brca1_status: Not Detected | brca2_status: Not Detected | cell_type_diagnosis: Invasive ductal carcinoma | er_status_diagnosis: 1 | er_score_diagnosis: 8 | pr_status_diagnosis: 0 | pr_score_diagnosis: 0 | her2_status_diagnosis: 0 | her2_score_diagnosis: 0 | ki67_status_diagnosis: 1 | ki67_diagnosis: 20-30% | tnm_stage_clinical: cT2N1M0 | nac_drug: AC+T | er_status_surgery: Positive | er_score_surgery: 8 | pr_status_surgery: Negative | pr_score_surgery: 0 | her2_status_surgery: Negative | her2_score_surgery: 0 | ki67_status_surgery: 1 | ki67_surgery: <10% | histological_grade: 2 | nuclear_grade: 2 | lymphovascular_invasion: 0 | bilaterality: 0 | multiplicity: 0 | surgery_type: 0 | surgical_site: 1 | tumor_size: 10(Tis) | regional_lymph_nodes: 0 | tnm_stage_pathologic: 1 | pcr_status: 0 | proliferative_index: 29.99973107 | cyt_score: 4.244502327 | subtype_pam50: LumB | subtype_nmc: ER+ | subtype_ihc: ER+ | tumor_purity_pathology: 0.2 | cin_score: 20.15757706 | tumor_purity_facets: 0.318387279 | tumor_purity_consensus: 0.318387279 | tumor_ploidy: 3.106359853 | cnv_burden_del: 0.000594343 | cnv_burden_hemizygote: 0.045370936 | loh_burden_burden: 0.001056846 | cnv_burden_gain: 0.642007293 | cnv_burden_amp: 0.072234696 | til_count: 503 | tissue_area: 17127700 | til_density: 29.3676325484449 | time: T1 | subtype_consensus: ER+ | mut_load: 48,,UNRESOLVED,LOW,NO_DECISIVE_EVIDENCE,,,,,False
GEO:GSE123845,GSM3514105,OB_16_0215_2,Primary Tumor,gender: Female | age: 31.51388889 | menopausal_status: Premenopausal | bc_family_history: No | brca1_status: Not Detected | brca2_status: Not Detected | cell_type_diagnosis: Invasive ductal carcinoma | er_status_diagnosis: 1 | er_score_diagnosis: 8 | pr_status_diagnosis: 0 | pr_score_diagnosis: 0 | her2_status_diagnosis: 0 | her2_score_diagnosis: 0 | ki67_status_diagnosis: 1 | ki67_diagnosis: 20-30% | tnm_stage_clinical: cT2N1M0 | nac_drug: AC+T | er_status_surgery: Positive | er_score_surgery: 8 | pr_status_surgery: Negative | pr_score_surgery: 0 | her2_status_surgery: Negative | her2_score_surgery: 0 | ki67_status_surgery: 1 | ki67_surgery: <10% | histological_grade: 2 | nuclear_grade: 2 | lymphovascular_invasion: 0 | bilaterality: 0 | multiplicity: 0 | surgery_type: 0 | surgical_site: 1 | tumor_size: 10(Tis) | regional_lymph_nodes: 0 | tnm_stage_pathologic: 1 | pcr_status: 0 | proliferative_index: 2.491987277 | cyt_score: 8.467047892 | subtype_pam50: LumA | subtype_nmc: ER+ | subtype_ihc: ER+ | tumor_purity_pathology: 0.7 | cin_score: 31.74972023 | tumor_purity_facets: 0.433014471 | tumor_purity_consensus: 0.433014471 | tumor_ploidy: 3.053704362 | cnv_burden_del: 0.028659905 | cnv_burden_hemizygote: 0.025393036 | loh_burden_burden: 0 | cnv_burden_gain: 0.435551339 | cnv_burden_amp: 0.191581736 | til_count: 3665 | tissue_area: 28797800 | til_density: 127.266666203668 | time: T2 | subtype_consensus: ER+ | mut_load: 132,,UNRESOLVED,LOW,NO_DECISIVE_EVIDENCE,,,,,False
GEO:GSE123845,GSM3514106,OB_16_0221_1,Primary Tumor,gender: Female | age: 44.41111111 | menopausal_status: Premenopausal | bc_family_history: Yes | brca1_status: 999 | brca2_status: 999 | cell_type_diagnosis: Invasive ductal carcinoma | er_status_diagnosis: 1 | er_score_diagnosis: 7 | pr_status_diagnosis: 1 | pr_score_diagnosis: 8 | her2_status_diagnosis: 1 | her2_score_diagnosis: 3 | ki67_status_diagnosis: 3 | ki67_diagnosis: 60-70% | tnm_stage_clinical: cT3N2M0 | nac_drug: TCHP | er_status_surgery: Positive | er_score_surgery: 7 | pr_status_surgery: Positive | pr_score_surgery: 8 | her2_status_surgery: Positive | her2_score_surgery: 3 | ki67_status_surgery: 1 | ki67_surgery: <5% | histological_grade: 2 | nuclear_grade: 2 | lymphovascular_invasion: 0 | bilaterality: 1 | multiplicity: 0 | surgery_type: 0 | surgical_site: 4 | tumor_size: 9.5 | regional_lymph_nodes: 0 | tnm_stage_pathologic: 9 | pcr_status: 1 | proliferative_index: 9.537831084 | cyt_score: 3.522768797 | subtype_pam50: LumA | subtype_nmc: ER+HER2+ | subtype_ihc: ER+HER2+ | tumor_purity_pathology: 0.7 | cin_score: 9.76550098 | tumor_purity_facets: 0.208316896 | tumor_purity_consensus: 0.208316896 | tumor_ploidy: 3.367655206 | cnv_burden_del: 0 | cnv_burden_hemizygote: 0.001129569 | loh_burden_burden: 0 | cnv_burden_gain: 0.679558401 | cnv_burden_amp: 0.045653938 | til_count: 569 | tissue_area: 22544500 | til_density: 25.2389718113065 | time: T1 | subtype_consensus: ER+HER2+ | mut_load: 22,,UNRESOLVED,LOW,NO_DECISIVE_EVIDENCE,,,,,False
GEO:GSE123845,GSM3514107,OB_16_0234_1,Primary Tumor,gender: Female | age: 39.46944444 | menopausal_status: Premenopausal | bc_family_history: No | brca1_status: Not Detected | brca2_status: Not Detected | cell_type_diagnosis: Invasive ductal carcinoma | er_status_diagnosis: 0 | er_score_diagnosis: 0 | pr_status_diagnosis: 0 | pr_score_diagnosis: 0 | her2_status_diagnosis: 1 | her2_score_diagnosis: 3 | ki67_status_diagnosis: 3 | ki67_diagnosis: 50-60% | tnm_stage_clinical: cT2N2M0 | nac_drug: TCHP | er_status_surgery: Negative | er_score_surgery: 0 | pr_status_surgery: Negative | pr_score_surgery: 0 | her2_status_surgery: Positive | her2_score_surgery: 3 | ki67_status_surgery: 2 | ki67_surgery: 40-50% | histological_grade: 2 | nuclear_grade: 3 | lymphovascular_invasion: 0 | bilaterality: 0 | multiplicity: 0 | surgery_type: 1 | surgical_site: 2 | tumor_size: 0.9 | regional_lymph_nodes: 0 | tnm_stage_pathologic: 2 | pcr_status: 1 | proliferative_index: 16.49260422 | cyt_score: 13.32521294 | subtype_pam50: Her2 | subtype_nmc: HER2+ | subtype_ihc: HER2+ | tumor_purity_pathology: 0.4 | cin_score: 22.44426704 | tumor_purity_facets: 0.292640277 | tumor_purity_consensus: 0.292640277 | tumor_ploidy: 2.01022218 | cnv_burden_del: 0.049314088 | cnv_burden_hemizygote: 0.183516257 | loh_burden_burden: 0.013229843 | cnv_burden_gain: 0.211172692 | cnv_burden_amp: 0.026280777 | til_count: 401 | tissue_area: 7822740 | til_density: 51.2608114292435 | time: T1 | subtype_consensus: HER2+ | mut_load: 29,,UNRESOLVED,LOW,NO_DECISIVE_EVIDENCE,,,,,False
GEO:GSE123845,GSM3514108,OB_16_0234_2,Primary Tumor,gender: Female | age: 39.46944444 | menopausal_status: Premenopausal | bc_family_history: No | brca1_status: Not Detected | brca2_status: Not Detected | cell_type_diagnosis: Invasive ductal carcinoma | er_status_diagnosis: 0 | er_score_diagnosis: 0 | pr_status_diagnosis: 0 | pr_score_diagnosis: 0 | her2_status_diagnosis: 1 | her2_score_diagnosis: 3 | ki67_status_diagnosis: 3 | ki67_diagnosis: 50-60% | tnm_stage_clinical: cT2N2M0 | nac_drug: TCHP | er_status_surgery: Negative | er_score_surgery: 0 | pr_status_surgery: Negative | pr_score_surgery: 0 | her2_status_surgery: Positive | her2_score_surgery: 3 | ki67_status_surgery: 2 | ki67_surgery: 40-50% | histological_grade: 2 | nuclear_grade: 3 | lymphovascular_invasion: 0 | bilaterality: 0 | multiplicity: 0 | surgery_type: 1 | surgical_site: 2 | tumor_size: 0.9 | regional_lymph_nodes: 0 | tnm_stage_pathologic: 2 | pcr_status: 1 | proliferative_index: 27.22674687 | cyt_score: 10.929021 | subtype_pam50: Her2 | subtype_nmc: HER2+ | subtype_ihc: HER2+ | tumor_purity_pathology: 0.5 | cin_score: 24.71728047 | tumor_purity_facets: 0.284328545 | tumor_purity_consensus: 0.284328545 | tumor_ploidy: 1.760426221 | cnv_burden_del: 0.039439869 | cnv_burden_hemizygote: 0.163567002 | loh_burden_burden: 0 | cnv_burden_gain: 0.304669595 | cnv_burden_amp: 0 | til_count: 3517 | tissue_area: 22868000 | til_density: 153.795697043904 | time: T2 | subtype_consensus: HER2+ | mut_load: 5,,UNRESOLVED,LOW,NO_DECISIVE_EVIDENCE,,,,,False
GEO:GSE123845,GSM3514109,OB_16_0237_1,Primary Tumor,gender: Female | age: 58.55833333 | menopausal_status: Postmenopausal | bc_family_history: No | brca1_status: 999 | brca2_status: 999 | cell_type_diagnosis: Invasive ductal carcinoma | er_status_diagnosis: 0 | er_score_diagnosis: 0 | pr_status_diagnosis: 0 | pr_score_diagnosis: 3 | her2_status_diagnosis: 0 | her2_score_diagnosis: 0 | ki67_status_diagnosis: 4 | ki67_diagnosis: 70-80% | tnm_stage_clinical: cT1N1-2M0 | nac_drug: AC+T | er_status_surgery: 999 | er_score_surgery: 999 | pr_status_surgery: 999 | pr_score_surgery: 999 | her2_status_surgery: 999 | her2_score_surgery: 999 | ki67_status_surgery: 999 | ki67_surgery: 999 | histological_grade: 999 | nuclear_grade: 999 | lymphovascular_invasion: 999 | bilaterality: 0 | multiplicity: 0 | surgery_type: 1 | surgical_site: 2 | tumor_size: 0 | regional_lymph_nodes: 0 | tnm_stage_pathologic: 77 | pcr_status: 0 | proliferative_index: 33.30181452 | cyt_score: 39.00199995 | subtype_pam50: Basal | subtype_nmc: TN | subtype_ihc: TN | tumor_purity_pathology: 0.3 | cin_score: 38.87977824 | tumor_purity_facets: 0.331876477 | tumor_purity_consensus: 0.331876477 | tumor_ploidy: 1.787054197 | cnv_burden_del: 0.089167906 | cnv_burden_hemizygote: 0.18881849 | loh_burden_burden: 0.00698068 | cnv_burden_gain: 0.34895756 | cnv_burden_amp: 0.006011983 | til_count: 1959 | tissue_area: 21562400 | til_density: 90.8525952584128 | time: T1 | subtype_consensus: TN | mut_load: 96,,UNRESOLVED,LOW,NO_DECISIVE_EVIDENCE,,,,,False
GEO:GSE123845,GSM3514110,OB_16_0240_1,Primary Tumor,gender: Female | age: 48.225 | menopausal_status: Premenopausal | bc_family_history: No | brca1_status: 999 | brca2_status: 999 | cell_type_diagnosis: Invasive ductal carcinoma | er_status_diagnosis: 1 | er_score_diagnosis: 7 | pr_status_diagnosis: 1 | pr_score_diagnosis: 8 | her2_status_diagnosis: 1 | her2_score_diagnosis: 2 | ki67_status_diagnosis: 1 | ki67_diagnosis: 10-20% | tnm_stage_clinical: cT3N3M0 | nac_drug: AC+T+Trastuzumab | er_status_surgery: Positive | er_score_surgery: 7 | pr_status_surgery: Positive | pr_score_surgery: 7 | her2_status_surgery: Negative | her2_score_surgery: 0 | ki67_status_surgery: 2 | ki67_surgery: 20-30% | histological_grade: 2 | nuclear_grade: 3 | lymphovascular_invasion: 1 | bilaterality: 0 | multiplicity: 1 | surgery_type: 0 | surgical_site: 1 | tumor_size: 0.4 | regional_lymph_nodes: 6 | tnm_stage_pathologic: 11 | pcr_status: 1 | proliferative_index: 14.7081969 | cyt_score: 3.512150338 | subtype_pam50: LumB | subtype_nmc: ER+ | subtype_ihc: ER+HER2+ | tumor_purity_pathology: 0.4 | cin_score: 41.97132316 | tumor_purity_facets: 0.385929064 | tumor_purity_consensus: 0.385929064 | tumor_ploidy: 2.838585366 | cnv_burden_del: 0.082478559 | cnv_burden_hemizygote: 0.081481424 | loh_burden_burden: 0.028083378 | cnv_burden_gain: 0.285763971 | cnv_burden_amp: 0.289454332 | til_count: 1574 | tissue_area: 23649300 | til_density: 66.5558811465879 | time: T1 | subtype_consensus: ER+HER2+ | mut_load: 12,,UNRESOLVED,LOW,NO_DECISIVE_EVIDENCE,,,,,False
GEO:GSE123845,GSM3514111,OB_16_0240_2,Primary Tumor,gender: Female | age: 48.225 | menopausal_status: Premenopausal | bc_family_history: No | brca1_status: 999 | brca2_status: 999 | cell_type_diagnosis: Invasive ductal carcinoma | er_status_diagnosis: 1 | er_score_diagnosis: 7 | pr_status_diagnosis: 1 | pr_score_diagnosis: 8 | her2_status_diagnosis: 1 | her2_score_diagnosis: 2 | ki67_status_diagnosis: 1 | ki67_diagnosis: 10-20% | tnm_stage_clinical: cT3N3M0 | nac_drug: AC+T+Trastuzumab | er_status_surgery: Positive | er_score_surgery: 7 | pr_status_surgery: Positive | pr_score_surgery: 7 | her2_status_surgery: Negative | her2_score_surgery: 0 | ki67_status_surgery: 2 | ki67_surgery: 20-30% | histological_grade: 2 | nuclear_grade: 3 | lymphovascular_invasion: 1 | bilaterality: 0 | multiplicity: 1 | surgery_type: 0 | surgical_site: 1 | tumor_size: 0.4 | regional_lymph_nodes: 6 | tnm_stage_pathologic: 11 | pcr_status: 1 | proliferative_index: 14.81497343 | cyt_score: 4.787640337 | subtype_pam50: LumA | subtype_nmc: ER+ | subtype_ihc: ER+HER2+ | tumor_purity_pathology: 0.3 | cin_score: 15.86265825 | tumor_purity_facets: 0.430701036 | tumor_purity_consensus: 0.430701036 | tumor_ploidy: 3.391822454 | cnv_burden_del: 0 | cnv_burden_hemizygote: 0.00010882 | loh_burden_burden: 0.030561047 | cnv_burden_gain: 0.51866144 | cnv_burden_amp: 0.327109348 | til_count: 489 | tissue_area: 18542300 | til_density: 26.3721329069209 | time: T2 | subtype_consensus: ER+HER2+ | mut_load: 19,,UNRESOLVED,LOW,NO_DECISIVE_EVIDENCE,,,,,False
GEO:GSE123845,GSM3514112,OB_16_0243_1,Primary Tumor,gender: Female | age: 43.11666667 | menopausal_status: Premenopausal | bc_family_history: No | brca1_status: 999 | brca2_status: 999 | cell_type_diagnosis: Invasive ductal carcinoma | er_status_diagnosis: 1 | er_score_diagnosis: 8 | pr_status_diagnosis: 1 | pr_score_diagnosis: 4 | her2_status_diagnosis: 1 | her2_score_diagnosis: 3 | ki67_status_diagnosis: 4 | ki67_diagnosis: 70-80% | tnm_stage_clinical: cT4N0-1M0 | nac_drug: AC+T+Trastuzumab | er_status_surgery: Positive | er_score_surgery: 6 | pr_status_surgery: Positive | pr_score_surgery: 6 | her2_status_surgery: Positive | her2_score_surgery: 3 | ki67_status_surgery: 1 | ki67_surgery: 20-30% | histological_grade: 2 | nuclear_grade: 2 | lymphovascular_invasion: 0 | bilaterality: 0 | multiplicity: 0 | surgery_type: 0 | surgical_site: 1 | tumor_size: 700x600<U+339B> | regional_lymph_nodes: 0 | tnm_stage_pathologic: 2 | pcr_status: 1 | proliferative_index: 38.11698703 | cyt_score: 6.702432394 | subtype_pam50: LumB | subtype_nmc: ER+HER2+ | subtype_ihc: ER+HER2+ | tumor_purity_pathology: 0.3 | cin_score: 23.38175585 | tumor_purity_facets: 0.254488721 | tumor_purity_consensus: 0.254488721 | tumor_ploidy: 3.689113837 | cnv_burden_del: 0.014339235 | cnv_burden_hemizygote: 0.043819421 | loh_burden_burden: 0 | cnv_burden_gain: 0.584572671 | cnv_burden_amp: 0.205523105 | til_count: 1987 | tissue_area: 29577500 | til_density: 67.1794438339954 | time: T1 | subtype_consensus: ER+HER2+ | mut_load: 18,,UNRESOLVED,LOW,NO_DECISIVE_EVIDENCE,,,,,False
GEO:GSE123845,GSM3514113,OB_16_0243_2,Primary Tumor,gender: Female | age: 43.11666667 | menopausal_status: Premenopausal | bc_family_history: No | brca1_status: 999 | brca2_status: 999 | cell_type_diagnosis: Invasive ductal carcinoma | er_status_diagnosis: 1 | er_score_diagnosis: 8 | pr_status_diagnosis: 1 | pr_score_diagnosis: 4 | her2_status_diagnosis: 1 | her2_score_diagnosis: 3 | ki67_status_diagnosis: 4 | ki67_diagnosis: 70-80% | tnm_stage_clinical: cT4N0-1M0 | nac_drug: AC+T+Trastuzumab | er_status_surgery: Positive | er_score_surgery: 6 | pr_status_surgery: Positive | pr_score_surgery: 6 | her2_status_surgery: Positive | her2_score_surgery: 3 | ki67_status_surgery: 1 | ki67_surgery: 20-30% | histological_grade: 2 | nuclear_grade: 2 | lymphovascular_invasion: 0 | bilaterality: 0 | multiplicity: 0 | surgery_type: 0 | surgical_site: 1 | tumor_size: 700x600<U+339B> | regional_lymph_nodes: 0 | tnm_stage_pathologic: 2 | pcr_status: 1 | proliferative_index: 29.23576584 | cyt_score: 4.6070598 | subtype_pam50: LumB | subtype_nmc: ER+HER2+ | subtype_ihc: ER+HER2+ | tumor_purity_pathology: 0.9 | cin_score: 18.18297643 | tumor_purity_facets: 0.337602526 | tumor_purity_consensus: 0.337602526 | tumor_ploidy: 3.823485079 | cnv_burden_del: 0 | cnv_burden_hemizygote: 0.015111241 | loh_burden_burden: 0.050646177 | cnv_burden_gain: 0.67661337 | cnv_burden_amp: 0.185825452 | til_count: 2715 | tissue_area: 26591000 | til_density: 102.102215035162 | time: T2 | subtype_consensus: ER+HER2+ | mut_load: 32,,UNRESOLVED,LOW,NO_DECISIVE_EVIDENCE,,,,,False
GEO:GSE123845,GSM3514114,OB_16_0244_2,Primary Tumor,gender: Female | age: 46 | menopausal_status: Premenopausal | bc_family_history: No | brca1_status: 999 | brca2_status: 999 | cell_type_diagnosis: Invasive ductal carcinoma | er_status_diagnosis: 1 | er_score_diagnosis: 8 | pr_status_diagnosis: 1 | pr_score_diagnosis: 7 | her2_status_diagnosis: 1 | her2_score_diagnosis: 3 | ki67_status_diagnosis: 1 | ki67_diagnosis: 20-30% | tnm_stage_clinical: cT3N2M0 | nac_drug: AC+T+Trastuzumab | er_status_surgery: Positive | er_score_surgery: 8 | pr_status_surgery: Positive | pr_score_surgery: 8 | her2_status_surgery: Positive | her2_score_surgery: 3 | ki67_status_surgery: 1 | ki67_surgery: 1-5% | histological_grade: 1 | nuclear_grade: 1 | lymphovascular_invasion: 1 | bilaterality: 0 | multiplicity: 0 | surgery_type: 1 | surgical_site: 1 | tumor_size: 1 | regional_lymph_nodes: 0 | tnm_stage_pathologic: 2 | pcr_status: 1 | proliferative_index: 13.11590216 | cyt_score: 8.859977427 | subtype_pam50: LumA | subtype_nmc: ER+HER2+ | subtype_ihc: ER+HER2+ | tumor_purity_pathology: 0.4 | cin_score: 35.57735586 | tumor_purity_facets: 0.328001251 | tumor_purity_consensus: 0.328001251 | tumor_ploidy: 3.910034342 | cnv_burden_del: 0.000448205 | cnv_burden_hemizygote: 0.030906798 | loh_burden_burden: 0.011898737 | cnv_burden_gain: 0.688241677 | cnv_burden_amp: 0.033993067 | til_count: 4322 | tissue_area: 22630900 | til_density: 190.977822357927 | time: T2 | subtype_consensus: ER+HER2+ | mut_load: 17,,UNRESOLVED,LOW,NO_DECISIVE_EVIDENCE,,,,,False
GEO:GSE123845,GSM3514115,OB_16_0253_1,Primary Tumor,gender: Female | age: 68.14166667 | menopausal_status: Postmenopausal | bc_family_history: No | brca1_status: 999 | brca2_status: 999 | cell_type_diagnosis: Invasive ductal carcinoma | er_status_diagnosis: 1 | er_score_diagnosis: 5 | pr_status_diagnosis: 0 | pr_score_diagnosis: 0 | her2_status_diagnosis: 1 | her2_score_diagnosis: 3 | ki67_status_diagnosis: 2 | ki67_diagnosis: 20-30% | tnm_stage_clinical: cT2N2-3M0 | nac_drug: AC+T+Trastuzumab | er_status_surgery: 999 | er_score_surgery: 999 | pr_status_surgery: 999 | pr_score_surgery: 999 | her2_status_surgery: 999 | her2_score_surgery: 999 | ki67_status_surgery: 999 | ki67_surgery: 999 | histological_grade: 999 | nuclear_grade: 999 | lymphovascular_invasion: 999 | bilaterality: 0 | multiplicity: 0 | surgery_type: 1 | surgical_site: 1 | tumor_size: 0 | regional_lymph_nodes: 0 | tnm_stage_pathologic: 77 | pcr_status: 0 | proliferative_index: 4.034319194 | cyt_score: 39.97784136 | subtype_pam50: Normal | subtype_nmc: ER+ | subtype_ihc: ER+HER2+ | tumor_purity_pathology: 0.2 | cin_score: 19.24698072 | tumor_purity_facets: 0.295893748 | tumor_purity_consensus: 0.295893748 | tumor_ploidy: 2.925799292 | cnv_burden_del: 0.005193621 | cnv_burden_hemizygote: 0.050398829 | loh_burden_burden: 0 | cnv_burden_gain: 0.665348031 | cnv_burden_amp: 0.063432259 | til_count: 2556 | tissue_area: 13494100 | til_density: 189.416115191084 | time: T1 | subtype_consensus: ER+HER2+ | mut_load: NA,,UNRESOLVED,LOW,NO_DECISIVE_EVIDENCE,,,,,False
GEO:GSE123845,GSM3514116,OB_16_0259_1,Primary Tumor,gender: Female | age: 53.87222222 | menopausal_status: Postmenopausal | bc_family_history: No | brca1_status: 999 | brca2_status: 999 | cell_type_diagnosis: Invasive ductal carcinoma | er_status_diagnosis: 0 | er_score_diagnosis: 0 | pr_status_diagnosis: 0 | pr_score_diagnosis: 0 | her2_status_diagnosis: 1 | her2_score_diagnosis: 3 | ki67_status_diagnosis: 2 | ki67_diagnosis: 30-40% | tnm_stage_clinical: cT2N3M0 | nac_drug: AC+T+Trastuzumab | er_status_surgery: Negative | er_score_surgery: 0 | pr_status_surgery: Negative | pr_score_surgery: 0 | her2_status_surgery: Positive | her2_score_surgery: 3 | ki67_status_surgery: 1 | ki67_surgery: <5% | histological_grade: 2 | nuclear_grade: 2 | lymphovascular_invasion: 1 | bilaterality: 0 | multiplicity: 1 | surgery_type: 1 | surgical_site: 1 | tumor_size: 0.2 | regional_lymph_nodes: 2 | tnm_stage_pathologic: 6 | pcr_status: 1 | proliferative_index: 7.089115511 | cyt_score: 18.26591908 | subtype_pam50: LumA | subtype_nmc: ER+HER2+ | subtype_ihc: HER2+ | tumor_purity_pathology: 0.3 | cin_score: 28.63742395 | tumor_purity_facets: 0.491563042 | tumor_purity_consensus: 0.491563042 | tumor_ploidy: 3.063464955 | cnv_burden_del: 0.008558211 | cnv_burden_hemizygote: 0.010705937 | loh_burden_burden: 0 | cnv_burden_gain: 0.481430144 | cnv_burden_amp: 0.16411194 | til_count: 3090 | tissue_area: 16050600 | til_density: 192.516167619902 | time: T1 | subtype_consensus: HER2+ | mut_load: 2,,UNRESOLVED,LOW,NO_DECISIVE_EVIDENCE,,,,,False
GEO:GSE123845,GSM3514117,OB_16_0269_1,Primary Tumor,gender: Female | age: 35.16666667 | menopausal_status: Premenopausal | bc_family_history: No | brca1_status: Not Detected | brca2_status: Not Detected | cell_type_diagnosis: Invasive ductal carcinoma | er_status_diagnosis: 0 | er_score_diagnosis: 0 | pr_status_diagnosis: 0 | pr_score_diagnosis: 0 | her2_status_diagnosis: 0 | her2_score_diagnosis: 0 | ki67_status_diagnosis: 3 | ki67_diagnosis: 70-80% | tnm_stage_clinical: cT1N1M0 | nac_drug: AC+T | er_status_surgery: 999 | er_score_surgery: 999 | pr_status_surgery: 999 | pr_score_surgery: 999 | her2_status_surgery: 999 | her2_score_surgery: 999 | ki67_status_surgery: 999 | ki67_surgery: 999 | histological_grade: 999 | nuclear_grade: 999 | lymphovascular_invasion: 999 | bilaterality: 0 | multiplicity: 0 | surgery_type: 1 | surgical_site: 2 | tumor_size: 0 | regional_lymph_nodes: 0 | tnm_stage_pathologic: 77 | pcr_status: 0 | proliferative_index: 53.02375099 | cyt_score: 19.07906444 | subtype_pam50: Basal | subtype_nmc: TN | subtype_ihc: TN | tumor_purity_pathology: 0.9 | cin_score: 34.29147057 | tumor_purity_facets: 0.292328082 | tumor_purity_consensus: 0.292328082 | tumor_ploidy: 2.88265953 | cnv_burden_del: 0.043635444 | cnv_burden_hemizygote: 0.084125571 | loh_burden_burden: 0 | cnv_burden_gain: 0.333862333 | cnv_burden_amp: 0.307476423 | til_count: 3885 | tissue_area: 25170900 | til_density: 154.344898275389 | time: T1 | subtype_consensus: TN | mut_load: 45,,UNRESOLVED,LOW,NO_DECISIVE_EVIDENCE,,,,,False
GEO:GSE123845,GSM3514118,OB_16_0269_2,Primary Tumor,gender: Female | age: 35.16666667 | menopausal_status: Premenopausal | bc_family_history: No | brca1_status: Not Detected | brca2_status: Not Detected | cell_type_diagnosis: Invasive ductal carcinoma | er_status_diagnosis: 0 | er_score_diagnosis: 0 | pr_status_diagnosis: 0 | pr_score_diagnosis: 0 | her2_status_diagnosis: 0 | her2_score_diagnosis: 0 | ki67_status_diagnosis: 3 | ki67_diagnosis: 70-80% | tnm_stage_clinical: cT1N1M0 | nac_drug: AC+T | er_status_surgery: 999 | er_score_surgery: 999 | pr_status_surgery: 999 | pr_score_surgery: 999 | her2_status_surgery: 999 | her2_score_surgery: 999 | ki67_status_surgery: 999 | ki67_surgery: 999 | histological_grade: 999 | nuclear_grade: 999 | lymphovascular_invasion: 999 | bilaterality: 0 | multiplicity: 0 | surgery_type: 1 | surgical_site: 2 | tumor_size: 0 | regional_lymph_nodes: 0 | tnm_stage_pathologic: 77 | pcr_status: 0 | proliferative_index: 37.53613304 | cyt_score: 34.39290915 | subtype_pam50: Basal | subtype_nmc: TN | subtype_ihc: TN | tumor_purity_pathology: 0.6 | cin_score: 23.63870584 | tumor_purity_facets: 0.266632696 | tumor_purity_consensus: 0.266632696 | tumor_ploidy: 3.080095771 | cnv_burden_del: 0.000798533 | cnv_burden_hemizygote: 0.056013094 | loh_burden_burden: 0.002225615 | cnv_burden_gain: 0.592422142 | cnv_burden_amp: 0.047460098 | til_count: 4659 | tissue_area: 16540200 | til_density: 281.677367867378 | time: T2 | subtype_consensus: TN | mut_load: 52,,UNRESOLVED,LOW,NO_DECISIVE_EVIDENCE,,,,,False
GEO:GSE123845,GSM3514119,OB_16_0283_2,Primary Tumor,gender: Female | age: 33 | menopausal_status: Premenopausal | bc_family_history: No | brca1_status: Not Detected | brca2_status: Not Detected | cell_type_diagnosis: Invasive ductal carcinoma | er_status_diagnosis: 1 | er_score_diagnosis: 5 | pr_status_diagnosis: 1 | pr_score_diagnosis: 4 | her2_status_diagnosis: 0 | her2_score_diagnosis: 0 | ki67_status_diagnosis: 2 | ki67_diagnosis: 40-50% | tnm_stage_clinical: cT2N0-1M0 | nac_drug: AC+T | er_status_surgery: 999 | er_score_surgery: 999 | pr_status_surgery: 999 | pr_score_surgery: 999 | her2_status_surgery: 999 | her2_score_surgery: 999 | ki67_status_surgery: 999 | ki67_surgery: 999 | histological_grade: 2 | nuclear_grade: 2 | lymphovascular_invasion: 0 | bilaterality: 0 | multiplicity: 0 | surgery_type: 1 | surgical_site: 2 | tumor_size: 1 | regional_lymph_nodes: 0 | tnm_stage_pathologic: 2 | pcr_status: 1 | proliferative_index: 14.57703615 | cyt_score: 13.90746203 | subtype_pam50: LumA | subtype_nmc: ER+HER2+ | subtype_ihc: ER+ | tumor_purity_pathology: 0.4 | cin_score: 44.57102616 | tumor_purity_facets: 0.337730849 | tumor_purity_consensus: 0.337730849 | tumor_ploidy: 2.658040502 | cnv_burden_del: 0.039800361 | cnv_burden_hemizygote: 0.078995377 | loh_burden_burden: 0 | cnv_burden_gain: 0.519758119 | cnv_burden_amp: 0.118668768 | til_count: 2525 | tissue_area: 21347900 | til_density: 118.27861288464 | time: T2 | subtype_consensus: ER+ | mut_load: 4,,UNRESOLVED,LOW,NO_DECISIVE_EVIDENCE,,,,,False
GEO:GSE123845,GSM3514120,OB_16_0315_1,Primary Tumor,gender: Female | age: 54.44166667 | menopausal_status: Postmenopausal | bc_family_history: No | brca1_status: 999 | brca2_status: 999 | cell_type_diagnosis: Invasive ductal carcinoma | er_status_diagnosis: 1 | er_score_diagnosis: 8 | pr_status_diagnosis: 1 | pr_score_diagnosis: 4 | her2_status_diagnosis: 0 | her2_score_diagnosis: 1 | ki67_status_diagnosis: 3 | ki67_diagnosis: 60-70% | tnm_stage_clinical: cT2N1-2M0 | nac_drug: AC+T | er_status_surgery: Positive | er_score_surgery: 7 | pr_status_surgery: Positive | pr_score_surgery: 6 | her2_status_surgery: Negative | her2_score_surgery: 2 | ki67_status_surgery: 2 | ki67_surgery: 30-40% | histological_grade: 2 | nuclear_grade: 2 | lymphovascular_invasion: 1 | bilaterality: 0 | multiplicity: 0 | surgery_type: 0 | surgical_site: 2 | tumor_size: 12 | regional_lymph_nodes: 7 | tnm_stage_pathologic: 14 | pcr_status: 1 | proliferative_index: 30.09522883 | cyt_score: 5.745241509 | subtype_pam50: LumB | subtype_nmc: ER+ | subtype_ihc: ER+ | tumor_purity_pathology: 0.6 | cin_score: 24.58273707 | tumor_purity_facets: 0.316707706 | tumor_purity_consensus: 0.316707706 | tumor_ploidy: 2.427962581 | cnv_burden_del: 0.039529093 | cnv_burden_hemizygote: 0.102007562 | loh_burden_burden: 0 | cnv_burden_gain: 0.569566082 | cnv_burden_amp: 0.051404019 | til_count: 3358 | tissue_area: 27866800 | til_density: 120.501815780786 | time: T1 | subtype_consensus: ER+ | mut_load: 16,,UNRESOLVED,LOW,NO_DECISIVE_EVIDENCE,,,,,False
GEO:GSE123845,GSM3514121,OB_16_0315_2,Primary Tumor,gender: Female | age: 54.44166667 | menopausal_status: Postmenopausal | bc_family_history: No | brca1_status: 999 | brca2_status: 999 | cell_type_diagnosis: Invasive ductal carcinoma | er_status_diagnosis: 1 | er_score_diagnosis: 8 | pr_status_diagnosis: 1 | pr_score_diagnosis: 4 | her2_status_diagnosis: 0 | her2_score_diagnosis: 1 | ki67_status_diagnosis: 3 | ki67_diagnosis: 60-70% | tnm_stage_clinical: cT2N1-2M0 | nac_drug: AC+T | er_status_surgery: Positive | er_score_surgery: 7 | pr_status_surgery: Positive | pr_score_surgery: 6 | her2_status_surgery: Negative | her2_score_surgery: 2 | ki67_status_surgery: 2 | ki67_surgery: 30-40% | histological_grade: 2 | nuclear_grade: 2 | lymphovascular_invasion: 1 | bilaterality: 0 | multiplicity: 0 | surgery_type: 0 | surgical_site: 2 | tumor_size: 12 | regional_lymph_nodes: 7 | tnm_stage_pathologic: 14 | pcr_status: 1 | proliferative_index: 11.00710818 | cyt_score: 12.60963917 | subtype_pam50: LumA | subtype_nmc: ER+ | subtype_ihc: ER+ | tumor_purity_pathology: 0.6 | cin_score: 27.82053738 | tumor_purity_facets: 0.360254917 | tumor_purity_consensus: 0.360254917 | tumor_ploidy: 3.344633782 | cnv_burden_del: 0.000572465 | cnv_burden_hemizygote: 0.050976775 | loh_burden_burden: 0 | cnv_burden_gain: 0.530388065 | cnv_burden_amp: 0.210356672 | til_count: 302 | tissue_area: 19031400 | til_density: 15.8685120380004 | time: T2 | subtype_consensus: ER+ | mut_load: 5,,UNRESOLVED,LOW,NO_DECISIVE_EVIDENCE,,,,,False
GEO:GSE123845,GSM3514122,OB_16_0315_3,Primary Tumor,gender: Female | age: 54.44166667 | menopausal_status: Postmenopausal | bc_family_history: No | brca1_status: 999 | brca2_status: 999 | cell_type_diagnosis: Invasive ductal carcinoma | er_status_diagnosis: 1 | er_score_diagnosis: 8 | pr_status_diagnosis: 1 | pr_score_diagnosis: 4 | her2_status_diagnosis: 0 | her2_score_diagnosis: 1 | ki67_status_diagnosis: 3 | ki67_diagnosis: 60-70% | tnm_stage_clinical: cT2N1-2M0 | nac_drug: AC+T | er_status_surgery: Positive | er_score_surgery: 7 | pr_status_surgery: Positive | pr_score_surgery: 6 | her2_status_surgery: Negative | her2_score_surgery: 2 | ki67_status_surgery: 2 | ki67_surgery: 30-40% | histological_grade: 2 | nuclear_grade: 2 | lymphovascular_invasion: 1 | bilaterality: 0 | multiplicity: 0 | surgery_type: 0 | surgical_site: 2 | tumor_size: 12 | regional_lymph_nodes: 7 | tnm_stage_pathologic: 14 | pcr_status: 1 | proliferative_index: 47.87232039 | cyt_score: 8.732284924 | subtype_pam50: LumB | subtype_nmc: ER+ | subtype_ihc: ER+ | tumor_purity_pathology: 0.7 | cin_score: 34.88199683 | tumor_purity_facets: 0.538124907 | tumor_purity_consensus: 0.538124907 | tumor_ploidy: 3.672260534 | cnv_burden_del: 0.006271613 | cnv_burden_hemizygote: 0.014733712 | loh_burden_burden: 0.003416288 | cnv_burden_gain: 0.407721397 | cnv_burden_amp: 0.301601982 | til_count: 386 | tissue_area: 31242400 | til_density: 12.3550047371521 | time: T3 | subtype_consensus: ER+ | mut_load: 46,,UNRESOLVED,LOW,NO_DECISIVE_EVIDENCE,,,,,False
GEO:GSE123845,GSM3514123,OB_16_0317_1,Primary Tumor,gender: Female | age: 32.73055556 | menopausal_status: Premenopausal | bc_family_history: No | brca1_status: Detected | brca2_status: Not Detected | cell_type_diagnosis: Invasive ductal carcinoma | er_status_diagnosis: 1 | er_score_diagnosis: 6 | pr_status_diagnosis: 0 | pr_score_diagnosis: 0 | her2_status_diagnosis: 0 | her2_score_diagnosis: 0 | ki67_status_diagnosis: 4 | ki67_diagnosis: 80-90% | tnm_stage_clinical: cT3-4N0M0 | nac_drug: AC+T | er_status_surgery: 999 | er_score_surgery: 999 | pr_status_surgery: 999 | pr_score_surgery: 999 | her2_status_surgery: 999 | her2_score_surgery: 999 | ki67_status_surgery: 999 | ki67_surgery: 999 | histological_grade: 999 | nuclear_grade: 999 | lymphovascular_invasion: 999 | bilaterality: 1 | multiplicity: 0 | surgery_type: 0 | surgical_site: 3 | tumor_size: 0 | regional_lymph_nodes: 0 | tnm_stage_pathologic: 77 | pcr_status: 0 | proliferative_index: 58.35220718 | cyt_score: 55.112162 | subtype_pam50: Basal | subtype_nmc: ER+ | subtype_ihc: ER+ | tumor_purity_pathology: 0.7 | cin_score: 15.90629983 | tumor_purity_facets: 0.290499756 | tumor_purity_consensus: 0.290499756 | tumor_ploidy: 4.112571586 | cnv_burden_del: 0 | cnv_burden_hemizygote: 0.000626287 | loh_burden_burden: 0.22739223 | cnv_burden_gain: 0.200440991 | cnv_burden_amp: 0.497108454 | til_count: 6039 | tissue_area: 20020500 | til_density: 301.640818161385 | time: T1 | subtype_consensus: ER+ | mut_load: 85,,UNRESOLVED,LOW,NO_DECISIVE_EVIDENCE,,,,,False
GEO:GSE123845,GSM3514124,OB_16_0320_1,Primary Tumor,gender: Female | age: 36.25833333 | menopausal_status: Premenopausal | bc_family_history: Yes | brca1_status: Detected | brca2_status: Not Detected | cell_type_diagnosis: Invasive ductal carcinoma | er_status_diagnosis: 0 | er_score_diagnosis: 2 | pr_status_diagnosis: 0 | pr_score_diagnosis: 0 | her2_status_diagnosis: 0 | her2_score_diagnosis: 0 | ki67_status_diagnosis: 4 | ki67_diagnosis: 80-90% | tnm_stage_clinical: cT2N0-1M0 | nac_drug: AC+T | er_status_surgery: 999 | er_score_surgery: 999 | pr_status_surgery: 999 | pr_score_surgery: 999 | her2_status_surgery: 999 | her2_score_surgery: 999 | ki67_status_surgery: 999 | ki67_surgery: 999 | histological_grade: 999 | nuclear_grade: 999 | lymphovascular_invasion: 999 | bilaterality: 1 | multiplicity: 0 | surgery_type: 0 | surgical_site: 4 | tumor_size: 0 | regional_lymph_nodes: 0 | tnm_stage_pathologic: 77 | pcr_status: 0 | proliferative_index: 45.10883801 | cyt_score: 72.52976975 | subtype_pam50: Basal | subtype_nmc: ER+ | subtype_ihc: TN | tumor_purity_pathology: 0.8 | cin_score: 17.96043383 | tumor_purity_facets: 0.355401212 | tumor_purity_consensus: 0.355401212 | tumor_ploidy: 3.357141895 | cnv_burden_del: 0 | cnv_burden_hemizygote: 0.021841447 | loh_burden_burden: 0.037868085 | cnv_burden_gain: 0.382508614 | cnv_burden_amp: 0.178440536 | til_count: 6675 | tissue_area: 30151400 | til_density: 221.382755029617 | time: T1 | subtype_consensus: TN | mut_load: 75,,UNRESOLVED,LOW,NO_DECISIVE_EVIDENCE,,,,,False
GEO:GSE123845,GSM3514125,OB_16_0336_1,Primary Tumor,gender: Female | age: 38.95555556 | menopausal_status: Premenopausal | bc_family_history: No | brca1_status: Not Detected | brca2_status: Not Detected | cell_type_diagnosis: Invasive ductal carcinoma | er_status_diagnosis: 1 | er_score_diagnosis: 4 | pr_status_diagnosis: 0 | pr_score_diagnosis: 0 | her2_status_diagnosis: 1 | her2_score_diagnosis: 3 | ki67_status_diagnosis: 2 | ki67_diagnosis: 40-50% | tnm_stage_clinical: cT3-4N2M0 | nac_drug: AC+T+Trastuzumab | er_status_surgery: Negative | er_score_surgery: 0 | pr_status_surgery: Negative | pr_score_surgery: 0 | her2_status_surgery: Positive | her2_score_surgery: 3 | ki67_status_surgery: 3 | ki67_surgery: 50-60% | histological_grade: 3 | nuclear_grade: 3 | lymphovascular_invasion: 0 | bilaterality: 0 | multiplicity: 0 | surgery_type: 1 | surgical_site: 1 | tumor_size: 0.9 | regional_lymph_nodes: 0 | tnm_stage_pathologic: 2 | pcr_status: 1 | proliferative_index: 27.51022826 | cyt_score: 16.43541299 | subtype_pam50: LumB | subtype_nmc: NA | subtype_ihc: ER+HER2+ | tumor_purity_pathology: 0.8 | cin_score: NA | tumor_purity_facets: NA | tumor_purity_consensus: 0.8 | tumor_ploidy: NA | cnv_burden_del: NA | cnv_burden_hemizygote: NA | loh_burden_burden: NA | cnv_burden_gain: NA | cnv_burden_amp: NA | til_count: 463 | tissue_area: 7788840 | til_density: 59.444025040956 | time: T1 | subtype_consensus: ER+HER2+ | mut_load: NA,,UNRESOLVED,LOW,NO_DECISIVE_EVIDENCE,,,,,False
GEO:GSE123845,GSM3514126,OB_16_0336_2,Primary Tumor,gender: Female | age: 38.95555556 | menopausal_status: Premenopausal | bc_family_history: No | brca1_status: Not Detected | brca2_status: Not Detected | cell_type_diagnosis: Invasive ductal carcinoma | er_status_diagnosis: 1 | er_score_diagnosis: 4 | pr_status_diagnosis: 0 | pr_score_diagnosis: 0 | her2_status_diagnosis: 1 | her2_score_diagnosis: 3 | ki67_status_diagnosis: 2 | ki67_diagnosis: 40-50% | tnm_stage_clinical: cT3-4N2M0 | nac_drug: AC+T+Trastuzumab | er_status_surgery: Negative | er_score_surgery: 0 | pr_status_surgery: Negative | pr_score_surgery: 0 | her2_status_surgery: Positive | her2_score_surgery: 3 | ki67_status_surgery: 3 | ki67_surgery: 50-60% | histological_grade: 3 | nuclear_grade: 3 | lymphovascular_invasion: 0 | bilaterality: 0 | multiplicity: 0 | surgery_type: 1 | surgical_site: 1 | tumor_size: 0.9 | regional_lymph_nodes: 0 | tnm_stage_pathologic: 2 | pcr_status: 1 | proliferative_index: 18.10334886 | cyt_score: 23.29235068 | subtype_pam50: LumB | subtype_nmc: HER2+ | subtype_ihc: ER+HER2+ | tumor_purity_pathology: 0.7 | cin_score: 19.10951041 | tumor_purity_facets: 0.306485046 | tumor_purity_consensus: 0.306485046 | tumor_ploidy: 2.672566246 | cnv_burden_del: 0.002708951 | cnv_burden_hemizygote: 0.071588647 | loh_burden_burden: 0 | cnv_burden_gain: 0.738419127 | cnv_burden_amp: 0.008483147 | til_count: 1622 | tissue_area: 24408800 | til_density: 66.4514437416014 | time: T2 | subtype_consensus: ER+HER2+ | mut_load: 7,,UNRESOLVED,LOW,NO_DECISIVE_EVIDENCE,,,,,False
GEO:GSE123845,GSM3514127,OB_16_0341_1,Primary Tumor,gender: Female | age: 36.10833333 | menopausal_status: Premenopausal | bc_family_history: No | brca1_status: Not Detected | brca2_status: Not Detected | cell_type_diagnosis: Invasive ductal carcinoma | er_status_diagnosis: 1 | er_score_diagnosis: 8 | pr_status_diagnosis: 1 | pr_score_diagnosis: 8 | her2_status_diagnosis: 0 | her2_score_diagnosis: 1 | ki67_status_diagnosis: 3 | ki67_diagnosis: 70-80% | tnm_stage_clinical: cT2N0M0 | nac_drug: AC+T | er_status_surgery: Positive | er_score_surgery: 8 | pr_status_surgery: Positive | pr_score_surgery: 5 | her2_status_surgery: Negative | her2_score_surgery: 0 | ki67_status_surgery: 1 | ki67_surgery: <10% | histological_grade: 2 | nuclear_grade: 2 | lymphovascular_invasion: 1 | bilaterality: 0 | multiplicity: 0 | surgery_type: 1 | surgical_site: 2 | tumor_size: 3 | regional_lymph_nodes: 0 | tnm_stage_pathologic: 7 | pcr_status: 1 | proliferative_index: 32.06561016 | cyt_score: 12.47359611 | subtype_pam50: LumB | subtype_nmc: ER+ | subtype_ihc: ER+ | tumor_purity_pathology: 0.7 | cin_score: 7.563446442 | tumor_purity_facets: 0.199722832 | tumor_purity_consensus: 0.199722832 | tumor_ploidy: 2.040836333 | cnv_burden_del: 0 | cnv_burden_hemizygote: 0.124613679 | loh_burden_burden: 0.019899227 | cnv_burden_gain: 0.156543886 | cnv_burden_amp: 0.022354073 | til_count: 282 | tissue_area: 7161530 | til_density: 39.377060488471 | time: T1 | subtype_consensus: ER+ | mut_load: 29,,UNRESOLVED,LOW,NO_DECISIVE_EVIDENCE,,,,,False
GEO:GSE123845,GSM3514128,OB_16_0341_2,Primary Tumor,gender: Female | age: 36.10833333 | menopausal_status: Premenopausal | bc_family_history: No | brca1_status: Not Detected | brca2_status: Not Detected | cell_type_diagnosis: Invasive ductal carcinoma | er_status_diagnosis: 1 | er_score_diagnosis: 8 | pr_status_diagnosis: 1 | pr_score_diagnosis: 8 | her2_status_diagnosis: 0 | her2_score_diagnosis: 1 | ki67_status_diagnosis: 3 | ki67_diagnosis: 70-80% | tnm_stage_clinical: cT2N0M0 | nac_drug: AC+T | er_status_surgery: Positive | er_score_surgery: 8 | pr_status_surgery: Positive | pr_score_surgery: 5 | her2_status_surgery: Negative | her2_score_surgery: 0 | ki67_status_surgery: 1 | ki67_surgery: <10% | histological_grade: 2 | nuclear_grade: 2 | lymphovascular_invasion: 1 | bilaterality: 0 | multiplicity: 0 | surgery_type: 1 | surgical_site: 2 | tumor_size: 3 | regional_lymph_nodes: 0 | tnm_stage_pathologic: 7 | pcr_status: 1 | proliferative_index: 6.229342684 | cyt_score: 6.310277331 | subtype_pam50: LumA | subtype_nmc: ER+ | subtype_ihc: ER+ | tumor_purity_pathology: 0.4 | cin_score: 14.5245166 | tumor_purity_facets: 0.242569296 | tumor_purity_consensus: 0.242569296 | tumor_ploidy: 1.466265798 | cnv_burden_del: 0.037352867 | cnv_burden_hemizygote: 0.169897568 | loh_burden_burden: 0 | cnv_burden_gain: 0.135159956 | cnv_burden_amp: 0.004629379 | til_count: 138 | tissue_area: 12721500 | til_density: 10.8477773847424 | time: T2 | subtype_consensus: ER+ | mut_load: 6,,UNRESOLVED,LOW,NO_DECISIVE_EVIDENCE,,,,,False
GEO:GSE123845,GSM3514129,OB_16_0344_1,Primary Tumor,gender: Female | age: 46.72222222 | menopausal_status: Premenopausal | bc_family_history: No | brca1_status: Not Detected | brca2_status: Not Detected | cell_type_diagnosis: Invasive ductal carcinoma | er_status_diagnosis: 0 | er_score_diagnosis: 2 | pr_status_diagnosis: 0 | pr_score_diagnosis: 0 | her2_status_diagnosis: 0 | her2_score_diagnosis: 0 | ki67_status_diagnosis: 4 | ki67_diagnosis: 80-90% | tnm_stage_clinical: cT2N2M0 | nac_drug: AC+T | er_status_surgery: Negative | er_score_surgery: 0 | pr_status_surgery: Negative | pr_score_surgery: 0 | her2_status_surgery: Negative | her2_score_surgery: 0 | ki67_status_surgery: 3 | ki67_surgery: 60-70% | histological_grade: 3 | nuclear_grade: 3 | lymphovascular_invasion: 0 | bilaterality: 0 | multiplicity: 0 | surgery_type: 0 | surgical_site: 2 | tumor_size: 0.5 | regional_lymph_nodes: 1 | tnm_stage_pathologic: 6 | pcr_status: 1 | proliferative_index: 32.18917583 | cyt_score: 10.01456939 | subtype_pam50: Normal | subtype_nmc: ER+ | subtype_ihc: TN | tumor_purity_pathology: 0.3 | cin_score: 24.89335491 | tumor_purity_facets: 0.510476478 | tumor_purity_consensus: 0.510476478 | tumor_ploidy: 3.180867903 | cnv_burden_del: 0.007560884 | cnv_burden_hemizygote: 0.008101584 | loh_burden_burden: 0 | cnv_burden_gain: 0.47120607 | cnv_burden_amp: 0.226520592 | til_count: 837 | tissue_area: 27372100 | til_density: 30.5785818406333 | time: T1 | subtype_consensus: TN | mut_load: 66,,UNRESOLVED,LOW,NO_DECISIVE_EVIDENCE,,,,,False
GEO:GSE123845,GSM3514130,OB_16_0344_2,Primary Tumor,gender: Female | age: 46.72222222 | menopausal_status: Premenopausal | bc_family_history: No | brca1_status: Not Detected | brca2_status: Not Detected | cell_type_diagnosis: Invasive ductal carcinoma | er_status_diagnosis: 0 | er_score_diagnosis: 2 | pr_status_diagnosis: 0 | pr_score_diagnosis: 0 | her2_status_diagnosis: 0 | her2_score_diagnosis: 0 | ki67_status_diagnosis: 4 | ki67_diagnosis: 80-90% | tnm_stage_clinical: cT2N2M0 | nac_drug: AC+T | er_status_surgery: Negative | er_score_surgery: 0 | pr_status_surgery: Negative | pr_score_surgery: 0 | her2_status_surgery: Negative | her2_score_surgery: 0 | ki67_status_surgery: 3 | ki67_surgery: 60-70% | histological_grade: 3 | nuclear_grade: 3 | lymphovascular_invasion: 0 | bilaterality: 0 | multiplicity: 0 | surgery_type: 0 | surgical_site: 2 | tumor_size: 0.5 | regional_lymph_nodes: 1 | tnm_stage_pathologic: 6 | pcr_status: 1 | proliferative_index: 25.91227327 | cyt_score: 16.23698864 | subtype_pam50: Basal | subtype_nmc: TN | subtype_ihc: TN | tumor_purity_pathology: 0.7 | cin_score: 15.1373984 | tumor_purity_facets: 0.297853039 | tumor_purity_consensus: 0.297853039 | tumor_ploidy: 2.520503467 | cnv_burden_del: 0.0115488 | cnv_burden_hemizygote: 0.081602394 | loh_burden_burden: 0.004232848 | cnv_burden_gain: 0.611901142 | cnv_burden_amp: 0.060887089 | til_count: 1564 | tissue_area: 16529900 | til_density: 94.6164223619018 | time: T2 | subtype_consensus: TN | mut_load: 54,,UNRESOLVED,LOW,NO_DECISIVE_EVIDENCE,,,,,False
GEO:GSE123845,GSM3514131,OB_16_0344_3,Primary Tumor,gender: Female | age: 46.72222222 | menopausal_status: Premenopausal | bc_family_history: No | brca1_status: Not Detected | brca2_status: Not Detected | cell_type_diagnosis: Invasive ductal carcinoma | er_status_diagnosis: 0 | er_score_diagnosis: 2 | pr_status_diagnosis: 0 | pr_score_diagnosis: 0 | her2_status_diagnosis: 0 | her2_score_diagnosis: 0 | ki67_status_diagnosis: 4 | ki67_diagnosis: 80-90% | tnm_stage_clinical: cT2N2M0 | nac_drug: AC+T | er_status_surgery: Negative | er_score_surgery: 0 | pr_status_surgery: Negative | pr_score_surgery: 0 | her2_status_surgery: Negative | her2_score_surgery: 0 | ki67_status_surgery: 3 | ki67_surgery: 60-70% | histological_grade: 3 | nuclear_grade: 3 | lymphovascular_invasion: 0 | bilaterality: 0 | multiplicity: 0 | surgery_type: 0 | surgical_site: 2 | tumor_size: 0.5 | regional_lymph_nodes: 1 | tnm_stage_pathologic: 6 | pcr_status: 1 | proliferative_index: 62.63223558 | cyt_score: 3.186220331 | subtype_pam50: Basal | subtype_nmc: ER+ | subtype_ihc: TN | tumor_purity_pathology: 0.3 | cin_score: 30.83135986 | tumor_purity_facets: 0.334740698 | tumor_purity_consensus: 0.334740698 | tumor_ploidy: 2.502287513 | cnv_burden_del: 0.05122 | cnv_burden_hemizygote: 0.105402659 | loh_burden_burden: 0.015578816 | cnv_burden_gain: 0.295173869 | cnv_burden_amp: 0.136415839 | til_count: 1569 | tissue_area: 34646900 | til_density: 45.2854367923249 | time: T3 | subtype_consensus: TN | mut_load: 84,,UNRESOLVED,LOW,NO_DECISIVE_EVIDENCE,,,,,False
GEO:GSE123845,GSM3514132,OB_16_0347_1,Primary Tumor,gender: Female | age: 55.30277778 | menopausal_status: Postmenopausal | bc_family_history: No | brca1_status: 999 | brca2_status: 999 | cell_type_diagnosis: Invasive ductal carcinoma | er_status_diagnosis: 0 | er_score_diagnosis: 0 | pr_status_diagnosis: 0 | pr_score_diagnosis: 0 | her2_status_diagnosis: 0 | her2_score_diagnosis: 0 | ki67_status_diagnosis: 4 | ki67_diagnosis: 0.8 | tnm_stage_clinical: cT2N0-1M0 | nac_drug: AC+T | er_status_surgery: 999 | er_score_surgery: 999 | pr_status_surgery: 999 | pr_score_surgery: 999 | her2_status_surgery: 999 | her2_score_surgery: 999 | ki67_status_surgery: 999 | ki67_surgery: 999 | histological_grade: 999 | nuclear_grade: 999 | lymphovascular_invasion: 999 | bilaterality: 0 | multiplicity: 0 | surgery_type: 1 | surgical_site: 2 | tumor_size: 0 | regional_lymph_nodes: 0 | tnm_stage_pathologic: 77 | pcr_status: 0 | proliferative_index: 46.80752143 | cyt_score: 3.398529094 | subtype_pam50: Basal | subtype_nmc: TN | subtype_ihc: TN | tumor_purity_pathology: 0.8 | cin_score: 8.022793005 | tumor_purity_facets: 0.235283917 | tumor_purity_consensus: 0.235283917 | tumor_ploidy: 2.122515165 | cnv_burden_del: 0.000281568 | cnv_burden_hemizygote: 0.076663725 | loh_burden_burden: 0 | cnv_burden_gain: 0.213591715 | cnv_burden_amp: 0.001100728 | til_count: 279 | tissue_area: 9362460 | til_density: 29.7998602931281 | time: T1 | subtype_consensus: TN | mut_load: 18,,UNRESOLVED,LOW,NO_DECISIVE_EVIDENCE,,,,,False
GEO:GSE123845,GSM3514133,OB_16_0347_2,Primary Tumor,gender: Female | age: 55.30277778 | menopausal_status: Postmenopausal | bc_family_history: No | brca1_status: 999 | brca2_status: 999 | cell_type_diagnosis: Invasive ductal carcinoma | er_status_diagnosis: 0 | er_score_diagnosis: 0 | pr_status_diagnosis: 0 | pr_score_diagnosis: 0 | her2_status_diagnosis: 0 | her2_score_diagnosis: 0 | ki67_status_diagnosis: 4 | ki67_diagnosis: 0.8 | tnm_stage_clinical: cT2N0-1M0 | nac_drug: AC+T | er_status_surgery: 999 | er_score_surgery: 999 | pr_status_surgery: 999 | pr_score_surgery: 999 | her2_status_surgery: 999 | her2_score_surgery: 999 | ki67_status_surgery: 999 | ki67_surgery: 999 | histological_grade: 999 | nuclear_grade: 999 | lymphovascular_invasion: 999 | bilaterality: 0 | multiplicity: 0 | surgery_type: 1 | surgical_site: 2 | tumor_size: 0 | regional_lymph_nodes: 0 | tnm_stage_pathologic: 77 | pcr_status: 0 | proliferative_index: 19.97257979 | cyt_score: 16.04356569 | subtype_pam50: Basal | subtype_nmc: NA | subtype_ihc: TN | tumor_purity_pathology: 0.3 | cin_score: NA | tumor_purity_facets: NA | tumor_purity_consensus: 0.3 | tumor_ploidy: NA | cnv_burden_del: NA | cnv_burden_hemizygote: NA | loh_burden_burden: NA | cnv_burden_gain: NA | cnv_burden_amp: NA | til_count: 184 | tissue_area: 11798400 | til_density: 15.5953349606726 | time: T2 | subtype_consensus: TN | mut_load: NA,,UNRESOLVED,LOW,NO_DECISIVE_EVIDENCE,,,,,False
GEO:GSE123845,GSM3514134,OB_16_0348_1,Primary Tumor,gender: Female | age: 55.69166667 | menopausal_status: Postmenopausal | bc_family_history: No | brca1_status: 999 | brca2_status: 999 | cell_type_diagnosis: Invasive ductal carcinoma | er_status_diagnosis: 0 | er_score_diagnosis: 0 | pr_status_diagnosis: 0 | pr_score_diagnosis: 0 | her2_status_diagnosis: 0 | her2_score_diagnosis: 0 | ki67_status_diagnosis: 3 | ki67_diagnosis: 60-70% | tnm_stage_clinical: cT2N3M0 | nac_drug: AC+T | er_status_surgery: Negative | er_score_surgery: 2 | pr_status_surgery: Negative | pr_score_surgery: 0 | her2_status_surgery: Negative | her2_score_surgery: 0 | ki67_status_surgery: 3 | ki67_surgery: 60-70% | histological_grade: 3 | nuclear_grade: 3 | lymphovascular_invasion: 0 | bilaterality: 0 | multiplicity: 0 | surgery_type: 1 | surgical_site: 2 | tumor_size: 1.9 | regional_lymph_nodes: 1 | tnm_stage_pathologic: 6 | pcr_status: 1 | proliferative_index: 34.70501167 | cyt_score: 2.827012557 | subtype_pam50: Basal | subtype_nmc: NA | subtype_ihc: TN | tumor_purity_pathology: 0.6 | cin_score: NA | tumor_purity_facets: NA | tumor_purity_consensus: 0.6 | tumor_ploidy: NA | cnv_burden_del: NA | cnv_burden_hemizygote: NA | loh_burden_burden: NA | cnv_burden_gain: NA | cnv_burden_amp: NA | til_count: 115 | tissue_area: 4965290 | til_density: 23.1607821496831 | time: T1 | subtype_consensus: TN | mut_load: NA,,UNRESOLVED,LOW,NO_DECISIVE_EVIDENCE,,,,,False
GEO:GSE123845,GSM3514135,OB_16_0348_2,Primary Tumor,gender: Female | age: 55.69166667 | menopausal_status: Postmenopausal | bc_family_history: No | brca1_status: 999 | brca2_status: 999 | cell_type_diagnosis: Invasive ductal carcinoma | er_status_diagnosis: 0 | er_score_diagnosis: 0 | pr_status_diagnosis: 0 | pr_score_diagnosis: 0 | her2_status_diagnosis: 0 | her2_score_diagnosis: 0 | ki67_status_diagnosis: 3 | ki67_diagnosis: 60-70% | tnm_stage_clinical: cT2N3M0 | nac_drug: AC+T | er_status_surgery: Negative | er_score_surgery: 2 | pr_status_surgery: Negative | pr_score_surgery: 0 | her2_status_surgery: Negative | her2_score_surgery: 0 | ki67_status_surgery: 3 | ki67_surgery: 60-70% | histological_grade: 3 | nuclear_grade: 3 | lymphovascular_invasion: 0 | bilaterality: 0 | multiplicity: 0 | surgery_type: 1 | surgical_site: 2 | tumor_size: 1.9 | regional_lymph_nodes: 1 | tnm_stage_pathologic: 6 | pcr_status: 1 | proliferative_index: 24.13137173 | cyt_score: 22.21599424 | subtype_pam50: Basal | subtype_nmc: TN | subtype_ihc: TN | tumor_purity_pathology: 0.6 | cin_score: 25.07532856 | tumor_purity_facets: 0.432205324 | tumor_purity_consensus: 0.432205324 | tumor_ploidy: 2.606657957 | cnv_burden_del: 0.000967368 | cnv_burden_hemizygote: 0.126231525 | loh_burden_burden: 0.242608062 | cnv_burden_gain: 0.269656375 | cnv_burden_amp: 0.047193187 | til_count: 1666 | tissue_area: 12414100 | til_density: 134.20223777801 | time: T2 | subtype_consensus: TN | mut_load: 58,,UNRESOLVED,LOW,NO_DECISIVE_EVIDENCE,,,,,False
GEO:GSE123845,GSM3514136,OB_16_0355_1,Primary Tumor,gender: Female | age: 32.55555556 | menopausal_status: Premenopausal | bc_family_history: No | brca1_status: Not Detected | brca2_status: Detected | cell_type_diagnosis: Invasive ductal carcinoma | er_status_diagnosis: 0 | er_score_diagnosis: 0 | pr_status_diagnosis: 0 | pr_score_diagnosis: 0 | her2_status_diagnosis: 0 | her2_score_diagnosis: 1 | ki67_status_diagnosis: 4 | ki67_diagnosis: 0.8 | tnm_stage_clinical: cT3N3M0 | nac_drug: AC+T | er_status_surgery: Negative | er_score_surgery: 0 | pr_status_surgery: Negative | pr_score_surgery: 0 | her2_status_surgery: Negative | her2_score_surgery: 0 | ki67_status_surgery: 4 | ki67_surgery: 0.9 | histological_grade: 3 | nuclear_grade: 3 | lymphovascular_invasion: 1 | bilaterality: 0 | multiplicity: 0 | surgery_type: 0 | surgical_site: 1 | tumor_size: 3.8 | regional_lymph_nodes: 0 | tnm_stage_pathologic: 7 | pcr_status: 1 | proliferative_index: 31.98233 | cyt_score: 15.90006604 | subtype_pam50: Basal | subtype_nmc: TN | subtype_ihc: TN | tumor_purity_pathology: 0.7 | cin_score: 9.000491371 | tumor_purity_facets: 0.165618863 | tumor_purity_consensus: 0.165618863 | tumor_ploidy: 2.068601248 | cnv_burden_del: 0.010478508 | cnv_burden_hemizygote: 0.164210583 | loh_burden_burden: 0 | cnv_burden_gain: 0.231160593 | cnv_burden_amp: 0.017594449 | til_count: 2610 | tissue_area: 15082600 | til_density: 173.047087372204 | time: T1 | subtype_consensus: TN | mut_load: 29,,UNRESOLVED,LOW,NO_DECISIVE_EVIDENCE,,,,,False
GEO:GSE123845,GSM3514137,OB_16_0355_2,Primary Tumor,gender: Female | age: 32.55555556 | menopausal_status: Premenopausal | bc_family_history: No | brca1_status: Not Detected | brca2_status: Detected | cell_type_diagnosis: Invasive ductal carcinoma | er_status_diagnosis: 0 | er_score_diagnosis: 0 | pr_status_diagnosis: 0 | pr_score_diagnosis: 0 | her2_status_diagnosis: 0 | her2_score_diagnosis: 1 | ki67_status_diagnosis: 4 | ki67_diagnosis: 0.8 | tnm_stage_clinical: cT3N3M0 | nac_drug: AC+T | er_status_surgery: Negative | er_score_surgery: 0 | pr_status_surgery: Negative | pr_score_surgery: 0 | her2_status_surgery: Negative | her2_score_surgery: 0 | ki67_status_surgery: 4 | ki67_surgery: 0.9 | histological_grade: 3 | nuclear_grade: 3 | lymphovascular_invasion: 1 | bilaterality: 0 | multiplicity: 0 | surgery_type: 0 | surgical_site: 1 | tumor_size: 3.8 | regional_lymph_nodes: 0 | tnm_stage_pathologic: 7 | pcr_status: 1 | proliferative_index: 35.961092 | cyt_score: 34.17883117 | subtype_pam50: Basal | subtype_nmc: NA | subtype_ihc: TN | tumor_purity_pathology: 0.6 | cin_score: NA | tumor_purity_facets: NA | tumor_purity_consensus: 0.6 | tumor_ploidy: NA | cnv_burden_del: NA | cnv_burden_hemizygote: NA | loh_burden_burden: NA | cnv_burden_gain: NA | cnv_burden_amp: NA | til_count: 4363 | tissue_area: 23917000 | til_density: 182.422544633524 | time: T2 | subtype_consensus: TN | mut_load: NA,,UNRESOLVED,LOW,NO_DECISIVE_EVIDENCE,,,,,False
GEO:GSE123845,GSM3514138,OB_16_0359_1,Primary Tumor,gender: Female | age: 52.23611111 | menopausal_status: Postmenopausal | bc_family_history: No | brca1_status: 999 | brca2_status: 999 | cell_type_diagnosis: Invasive ductal carcinoma | er_status_diagnosis: 0 | er_score_diagnosis: 3 | pr_status_diagnosis: 0 | pr_score_diagnosis: 0 | her2_status_diagnosis: 1 | her2_score_diagnosis: 3 | ki67_status_diagnosis: 2 | ki67_diagnosis: 20-30% | tnm_stage_clinical: cT1N3M0 | nac_drug: AC+T+Trastuzumab | er_status_surgery: 999 | er_score_surgery: 999 | pr_status_surgery: 999 | pr_score_surgery: 999 | her2_status_surgery: 999 | her2_score_surgery: 999 | ki67_status_surgery: 999 | ki67_surgery: 999 | histological_grade: 999 | nuclear_grade: 999 | lymphovascular_invasion: 999 | bilaterality: 0 | multiplicity: 0 | surgery_type: 1 | surgical_site: 1 | tumor_size: 0 | regional_lymph_nodes: 0 | tnm_stage_pathologic: 77 | pcr_status: 0 | proliferative_index: 25.02346799 | cyt_score: 20.8455271 | subtype_pam50: Her2 | subtype_nmc: HER2+ | subtype_ihc: HER2+ | tumor_purity_pathology: 0.7 | cin_score: 4.454584717 | tumor_purity_facets: 0.3 | tumor_purity_consensus: 0.3 | tumor_ploidy: 2.115775902 | cnv_burden_del: 0 | cnv_burden_hemizygote: 0.02382002 | loh_burden_burden: 0 | cnv_burden_gain: 0.042285267 | cnv_burden_amp: 0.003104955 | til_count: 453 | tissue_area: 10025000 | til_density: 45.1870324189526 | time: T1 | subtype_consensus: HER2+ | mut_load: 14,,UNRESOLVED,LOW,NO_DECISIVE_EVIDENCE,,,,,False
GEO:GSE123845,GSM3514139,OB_16_0359_2,Primary Tumor,gender: Female | age: 52.23611111 | menopausal_status: Postmenopausal | bc_family_history: No | brca1_status: 999 | brca2_status: 999 | cell_type_diagnosis: Invasive ductal carcinoma | er_status_diagnosis: 0 | er_score_diagnosis: 3 | pr_status_diagnosis: 0 | pr_score_diagnosis: 0 | her2_status_diagnosis: 1 | her2_score_diagnosis: 3 | ki67_status_diagnosis: 2 | ki67_diagnosis: 20-30% | tnm_stage_clinical: cT1N3M0 | nac_drug: AC+T+Trastuzumab | er_status_surgery: 999 | er_score_surgery: 999 | pr_status_surgery: 999 | pr_score_surgery: 999 | her2_status_surgery: 999 | her2_score_surgery: 999 | ki67_status_surgery: 999 | ki67_surgery: 999 | histological_grade: 999 | nuclear_grade: 999 | lymphovascular_invasion: 999 | bilaterality: 0 | multiplicity: 0 | surgery_type: 1 | surgical_site: 1 | tumor_size: 0 | regional_lymph_nodes: 0 | tnm_stage_pathologic: 77 | pcr_status: 0 | proliferative_index: 10.29243397 | cyt_score: 75.80134893 | subtype_pam50: LumB | subtype_nmc: HER2+ | subtype_ihc: HER2+ | tumor_purity_pathology: 0.8 | cin_score: 17.44494701 | tumor_purity_facets: 0.206659229 | tumor_purity_consensus: 0.206659229 | tumor_ploidy: 3.323412369 | cnv_burden_del: 0.021783889 | cnv_burden_hemizygote: 0.0770757 | loh_burden_burden: 0 | cnv_burden_gain: 0.544875615 | cnv_burden_amp: 0.19929188 | til_count: 204 | tissue_area: 11290600 | til_density: 18.0681274688679 | time: T2 | subtype_consensus: HER2+ | mut_load: 14,,UNRESOLVED,LOW,NO_DECISIVE_EVIDENCE,,,,,False
GEO:GSE123845,GSM3514140,OB_16_0361_1,Primary Tumor,gender: Female | age: 64.67222222 | menopausal_status: Postmenopausal | bc_family_history: No | brca1_status: 999 | brca2_status: 999 | cell_type_diagnosis: Invasive ductal carcinoma | er_status_diagnosis: 0 | er_score_diagnosis: 0 | pr_status_diagnosis: 0 | pr_score_diagnosis: 0 | her2_status_diagnosis: 1 | her2_score_diagnosis: 3 | ki67_status_diagnosis: 2 | ki67_diagnosis: 30-40% | tnm_stage_clinical: cT2N0-1M0 | nac_drug: AC+T+Trastuzumab | er_status_surgery: 999 | er_score_surgery: 999 | pr_status_surgery: 999 | pr_score_surgery: 999 | her2_status_surgery: 999 | her2_score_surgery: 999 | ki67_status_surgery: 999 | ki67_surgery: 999 | histological_grade: 999 | nuclear_grade: 999 | lymphovascular_invasion: 999 | bilaterality: 0 | multiplicity: 0 | surgery_type: 1 | surgical_site: 2 | tumor_size: 0 | regional_lymph_nodes: 0 | tnm_stage_pathologic: 77 | pcr_status: 0 | proliferative_index: 17.30906961 | cyt_score: 28.6294097 | subtype_pam50: Her2 | subtype_nmc: NA | subtype_ihc: HER2+ | tumor_purity_pathology: 0.4 | cin_score: NA | tumor_purity_facets: NA | tumor_purity_consensus: 0.4 | tumor_ploidy: NA | cnv_burden_del: NA | cnv_burden_hemizygote: NA | loh_burden_burden: NA | cnv_burden_gain: NA | cnv_burden_amp: NA | til_count: 670 | tissue_area: 3168590 | til_density: 211.450519000565 | time: T1 | subtype_consensus: HER2+ | mut_load: NA,,UNRESOLVED,LOW,NO_DECISIVE_EVIDENCE,,,,,False
GEO:GSE123845,GSM3514141,OB_16_0364_2,Primary Tumor,gender: Female | age: 36.075 | menopausal_status: Premenopausal | bc_family_history: No | brca1_status: Not Detected | brca2_status: Not Detected | cell_type_diagnosis: Invasive ductal carcinoma | er_status_diagnosis: 1 | er_score_diagnosis: 3 | pr_status_diagnosis: 0 | pr_score_diagnosis: 0 | her2_status_diagnosis: 0 | her2_score_diagnosis: 0 | ki67_status_diagnosis: 4 | ki67_diagnosis: >90% | tnm_stage_clinical: cT1N1M0 | nac_drug: AC+T | er_status_surgery: Negative | er_score_surgery: 3 | pr_status_surgery: Negative | pr_score_surgery: 0 | her2_status_surgery: Negative | her2_score_surgery: 0 | ki67_status_surgery: 4 | ki67_surgery: 0.9 | histological_grade: 3 | nuclear_grade: 3 | lymphovascular_invasion: 0 | bilaterality: 0 | multiplicity: 0 | surgery_type: 0 | surgical_site: 2 | tumor_size: 1.5 | regional_lymph_nodes: 1 | tnm_stage_pathologic: 6 | pcr_status: 1 | proliferative_index: 65.65747283 | cyt_score: 39.59770195 | subtype_pam50: Basal | subtype_nmc: TN | subtype_ihc: ER+ | tumor_purity_pathology: 0.2 | cin_score: 6.366029511 | tumor_purity_facets: 0.261992762 | tumor_purity_consensus: 0.261992762 | tumor_ploidy: 2.026377422 | cnv_burden_del: 0.001492556 | cnv_burden_hemizygote: 0.096609778 | loh_burden_burden: 0 | cnv_burden_gain: 0.314170501 | cnv_burden_amp: 0 | til_count: 2365 | tissue_area: 26351300 | til_density: 89.7488928439963 | time: T2 | subtype_consensus: TN | mut_load: 6,,UNRESOLVED,LOW,NO_DECISIVE_EVIDENCE,,,,,False
GEO:GSE123845,GSM3514142,OB_16_0364_3,Primary Tumor,gender: Female | age: 36.075 | menopausal_status: Premenopausal | bc_family_history: No | brca1_status: Not Detected | brca2_status: Not Detected | cell_type_diagnosis: Invasive ductal carcinoma | er_status_diagnosis: 1 | er_score_diagnosis: 3 | pr_status_diagnosis: 0 | pr_score_diagnosis: 0 | her2_status_diagnosis: 0 | her2_score_diagnosis: 0 | ki67_status_diagnosis: 4 | ki67_diagnosis: >90% | tnm_stage_clinical: cT1N1M0 | nac_drug: AC+T | er_status_surgery: Negative | er_score_surgery: 3 | pr_status_surgery: Negative | pr_score_surgery: 0 | her2_status_surgery: Negative | her2_score_surgery: 0 | ki67_status_surgery: 4 | ki67_surgery: 0.9 | histological_grade: 3 | nuclear_grade: 3 | lymphovascular_invasion: 0 | bilaterality: 0 | multiplicity: 0 | surgery_type: 0 | surgical_site: 2 | tumor_size: 1.5 | regional_lymph_nodes: 1 | tnm_stage_pathologic: 6 | pcr_status: 1 | proliferative_index: 95.67919785 | cyt_score: 9.82 | subtype_pam50: Basal | subtype_nmc: TN | subtype_ihc: ER+ | tumor_purity_pathology: 0.2 | cin_score: 18.04379398 | tumor_purity_facets: 0.511737117 | tumor_purity_consensus: 0.511737117 | tumor_ploidy: 2.97345865 | cnv_burden_del: 2.97E-05 | cnv_burden_hemizygote: 0.05085419 | loh_burden_burden: 0.334594228 | cnv_burden_gain: 0.183454073 | cnv_burden_amp: 0.338516372 | til_count: 1039 | tissue_area: 3972020 | til_density: 261.579750353724 | time: T3 | subtype_consensus: TN | mut_load: 67,,UNRESOLVED,LOW,NO_DECISIVE_EVIDENCE,,,,,False
GEO:GSE123845,GSM3514143,OB_17_0001_1,Primary Tumor,gender: Female | age: 39.20833333 | menopausal_status: Premenopausal | bc_family_history: No | brca1_status: Not Detected | brca2_status: Not Detected | cell_type_diagnosis: Invasive ductal carcinoma | er_status_diagnosis: 0 | er_score_diagnosis: 0 | pr_status_diagnosis: 0 | pr_score_diagnosis: 0 | her2_status_diagnosis: 0 | her2_score_diagnosis: 1 | ki67_status_diagnosis: 3 | ki67_diagnosis: 60-70% | tnm_stage_clinical: cT3N1-2M0 | nac_drug: AC+T | er_status_surgery: Negative | er_score_surgery: 0 | pr_status_surgery: Negative | pr_score_surgery: 0 | her2_status_surgery: Negative | her2_score_surgery: 0 | ki67_status_surgery: 4 | ki67_surgery: >90% | histological_grade: 3 | nuclear_grade: 3 | lymphovascular_invasion: 1 | bilaterality: 0 | multiplicity: 0 | surgery_type: 0 | surgical_site: 2 | tumor_size: 4.8 | regional_lymph_nodes: 22 | tnm_stage_pathologic: 18 | pcr_status: 1 | proliferative_index: 51.10059484 | cyt_score: 9.219148551 | subtype_pam50: Basal | subtype_nmc: TN | subtype_ihc: TN | tumor_purity_pathology: 0.9 | cin_score: 35.82236657 | tumor_purity_facets: 0.252247067 | tumor_purity_consensus: 0.252247067 | tumor_ploidy: 6.745344631 | cnv_burden_del: 0.000135142 | cnv_burden_hemizygote: 0.005513286 | loh_burden_burden: 0.040162555 | cnv_burden_gain: 0.245435188 | cnv_burden_amp: 0.476172397 | til_count: 411 | tissue_area: 7876110 | til_density: 52.1831208553461 | time: T1 | subtype_consensus: TN | mut_load: 22,,UNRESOLVED,LOW,NO_DECISIVE_EVIDENCE,,,,,False
GEO:GSE123845,GSM3514144,OB_17_0001_2,Primary Tumor,gender: Female | age: 39.20833333 | menopausal_status: Premenopausal | bc_family_history: No | brca1_status: Not Detected | brca2_status: Not Detected | cell_type_diagnosis: Invasive ductal carcinoma | er_status_diagnosis: 0 | er_score_diagnosis: 0 | pr_status_diagnosis: 0 | pr_score_diagnosis: 0 | her2_status_diagnosis: 0 | her2_score_diagnosis: 1 | ki67_status_diagnosis: 3 | ki67_diagnosis: 60-70% | tnm_stage_clinical: cT3N1-2M0 | nac_drug: AC+T | er_status_surgery: Negative | er_score_surgery: 0 | pr_status_surgery: Negative | pr_score_surgery: 0 | her2_status_surgery: Negative | her2_score_surgery: 0 | ki67_status_surgery: 4 | ki67_surgery: >90% | histological_grade: 3 | nuclear_grade: 3 | lymphovascular_invasion: 1 | bilaterality: 0 | multiplicity: 0 | surgery_type: 0 | surgical_site: 2 | tumor_size: 4.8 | regional_lymph_nodes: 22 | tnm_stage_pathologic: 18 | pcr_status: 1 | proliferative_index: 25.2545339 | cyt_score: 28.12024182 | subtype_pam50: Basal | subtype_nmc: TN | subtype_ihc: TN | tumor_purity_pathology: 0.4 | cin_score: 8.582363657 | tumor_purity_facets: 0.177793635 | tumor_purity_consensus: 0.177793635 | tumor_ploidy: 1.610608483 | cnv_burden_del: 0.023875963 | cnv_burden_hemizygote: 0.10851447 | loh_burden_burden: 0 | cnv_burden_gain: 0.068851694 | cnv_burden_amp: 0 | til_count: 1548 | tissue_area: 14528700 | til_density: 106.547729666109 | time: T2 | subtype_consensus: TN | mut_load: 3,,UNRESOLVED,LOW,NO_DECISIVE_EVIDENCE,,,,,False
GEO:GSE123845,GSM3514145,OB_17_0001_3,Primary Tumor,gender: Female | age: 39.20833333 | menopausal_status: Premenopausal | bc_family_history: No | brca1_status: Not Detected | brca2_status: Not Detected | cell_type_diagnosis: Invasive ductal carcinoma | er_status_diagnosis: 0 | er_score_diagnosis: 0 | pr_status_diagnosis: 0 | pr_score_diagnosis: 0 | her2_status_diagnosis: 0 | her2_score_diagnosis: 1 | ki67_status_diagnosis: 3 | ki67_diagnosis: 60-70% | tnm_stage_clinical: cT3N1-2M0 | nac_drug: AC+T | er_status_surgery: Negative | er_score_surgery: 0 | pr_status_surgery: Negative | pr_score_surgery: 0 | her2_status_surgery: Negative | her2_score_surgery: 0 | ki67_status_surgery: 4 | ki67_surgery: >90% | histological_grade: 3 | nuclear_grade: 3 | lymphovascular_invasion: 1 | bilaterality: 0 | multiplicity: 0 | surgery_type: 0 | surgical_site: 2 | tumor_size: 4.8 | regional_lymph_nodes: 22 | tnm_stage_pathologic: 18 | pcr_status: 1 | proliferative_index: 41.17481349 | cyt_score: 8.67226614 | subtype_pam50: Basal | subtype_nmc: ER+ | subtype_ihc: TN | tumor_purity_pathology: 0.4 | cin_score: 30.46491463 | tumor_purity_facets: 0.431408263 | tumor_purity_consensus: 0.431408263 | tumor_ploidy: 2.559983006 | cnv_burden_del: 0.091772719 | cnv_burden_hemizygote: 0.06891796 | loh_burden_burden: 0.021660649 | cnv_burden_gain: 0.211565726 | cnv_burden_amp: 0.377355417 | til_count: 1319 | tissue_area: 38692100 | til_density: 34.0896462068484 | time: T3 | subtype_consensus: TN | mut_load: 14,,UNRESOLVED,LOW,NO_DECISIVE_EVIDENCE,,,,,False
GEO:GSE123845,GSM3514146,OB_17_0018_2,Primary Tumor,gender: Female | age: 43.80833333 | menopausal_status: Premenopausal | bc_family_history: Yes | brca1_status: Not Detected | brca2_status: Not Detected | cell_type_diagnosis: Invasive ductal carcinoma | er_status_diagnosis: 0 | er_score_diagnosis: 0 | pr_status_diagnosis: 0 | pr_score_diagnosis: 0 | her2_status_diagnosis: 0 | her2_score_diagnosis: 0 | ki67_status_diagnosis: 4 | ki67_diagnosis: >90% | tnm_stage_clinical: cT2N1M0 | nac_drug: AC+T | er_status_surgery: 999 | er_score_surgery: 999 | pr_status_surgery: 999 | pr_score_surgery: 999 | her2_status_surgery: 999 | her2_score_surgery: 999 | ki67_status_surgery: 999 | ki67_surgery: 999 | histological_grade: 999 | nuclear_grade: 999 | lymphovascular_invasion: 999 | bilaterality: 0 | multiplicity: 0 | surgery_type: 1 | surgical_site: 2 | tumor_size: 0 | regional_lymph_nodes: 0 | tnm_stage_pathologic: 77 | pcr_status: 0 | proliferative_index: 63.23045023 | cyt_score: 14.0068983 | subtype_pam50: Basal | subtype_nmc: ER+ | subtype_ihc: TN | tumor_purity_pathology: 0.7 | cin_score: 40.24475728 | tumor_purity_facets: 0.298348945 | tumor_purity_consensus: 0.298348945 | tumor_ploidy: 2.388296886 | cnv_burden_del: 0.024145791 | cnv_burden_hemizygote: 0.137117991 | loh_burden_burden: 0 | cnv_burden_gain: 0.313374254 | cnv_burden_amp: 0.163480784 | til_count: 681 | tissue_area: 15935100 | til_density: 42.7358472805317 | time: T2 | subtype_consensus: TN | mut_load: 28,,UNRESOLVED,LOW,NO_DECISIVE_EVIDENCE,,,,,False
GEO:GSE123845,GSM3514147,OB_17_0038_1,Primary Tumor,gender: Female | age: 49.96111111 | menopausal_status: Premenopausal | bc_family_history: No | brca1_status: 999 | brca2_status: 999 | cell_type_diagnosis: Invasive ductal carcinoma | er_status_diagnosis: 1 | er_score_diagnosis: 3 | pr_status_diagnosis: 0 | pr_score_diagnosis: 3 | her2_status_diagnosis: 7 | her2_score_diagnosis: 3 | ki67_status_diagnosis: 2 | ki67_diagnosis: 30-40% | tnm_stage_clinical: cT2N2-3M0 | nac_drug: AC+T | er_status_surgery: Positive | er_score_surgery: 5 | pr_status_surgery: Negative | pr_score_surgery: 3 | her2_status_surgery: Negative | her2_score_surgery: 0 | ki67_status_surgery: 1 | ki67_surgery: 10-20% | histological_grade: 3 | nuclear_grade: 3 | lymphovascular_invasion: 1 | bilaterality: 0 | multiplicity: 0 | surgery_type: 1 | surgical_site: 2 | tumor_size: 2.5 | regional_lymph_nodes: 0 | tnm_stage_pathologic: 7 | pcr_status: 1 | proliferative_index: 18.69303153 | cyt_score: 2.402207318 | subtype_pam50: LumB | subtype_nmc: TN | subtype_ihc: ER+ | tumor_purity_pathology: 0.8 | cin_score: 30.81322824 | tumor_purity_facets: 0.249549548 | tumor_purity_consensus: 0.249549548 | tumor_ploidy: 3.335059962 | cnv_burden_del: 0.033082205 | cnv_burden_hemizygote: 0.081163564 | loh_burden_burden: 0.016066447 | cnv_burden_gain: 0.370453005 | cnv_burden_amp: 0.263386803 | til_count: 708 | tissue_area: 28577800 | til_density: 24.7744752920099 | time: T1 | subtype_consensus: ER+ | mut_load: 107,,UNRESOLVED,LOW,NO_DECISIVE_EVIDENCE,,,,,False
GEO:GSE123845,GSM3514148,OB_17_0038_2,Primary Tumor,gender: Female | age: 49.96111111 | menopausal_status: Premenopausal | bc_family_history: No | brca1_status: 999 | brca2_status: 999 | cell_type_diagnosis: Invasive ductal carcinoma | er_status_diagnosis: 1 | er_score_diagnosis: 3 | pr_status_diagnosis: 0 | pr_score_diagnosis: 3 | her2_status_diagnosis: 7 | her2_score_diagnosis: 3 | ki67_status_diagnosis: 2 | ki67_diagnosis: 30-40% | tnm_stage_clinical: cT2N2-3M0 | nac_drug: AC+T | er_status_surgery: Positive | er_score_surgery: 5 | pr_status_surgery: Negative | pr_score_surgery: 3 | her2_status_surgery: Negative | her2_score_surgery: 0 | ki67_status_surgery: 1 | ki67_surgery: 10-20% | histological_grade: 3 | nuclear_grade: 3 | lymphovascular_invasion: 1 | bilaterality: 0 | multiplicity: 0 | surgery_type: 1 | surgical_site: 2 | tumor_size: 2.5 | regional_lymph_nodes: 0 | tnm_stage_pathologic: 7 | pcr_status: 1 | proliferative_index: 12.97452262 | cyt_score: 4.196248324 | subtype_pam50: Her2 | subtype_nmc: ER+ | subtype_ihc: ER+ | tumor_purity_pathology: 0.4 | cin_score: 25.06736434 | tumor_purity_facets: 0.345575993 | tumor_purity_consensus: 0.345575993 | tumor_ploidy: 3.15054912 | cnv_burden_del: 0 | cnv_burden_hemizygote: 0.040353866 | loh_burden_burden: 0 | cnv_burden_gain: 0.581461196 | cnv_burden_amp: 0.16748945 | til_count: 681 | tissue_area: 16557800 | til_density: 41.1286523571972 | time: T2 | subtype_consensus: ER+ | mut_load: 27,,UNRESOLVED,LOW,NO_DECISIVE_EVIDENCE,,,,,False
GEO:GSE123845,GSM3514149,OB_17_0038_3,Primary Tumor,gender: Female | age: 49.96111111 | menopausal_status: Premenopausal | bc_family_history: No | brca1_status: 999 | brca2_status: 999 | cell_type_diagnosis: Invasive ductal carcinoma | er_status_diagnosis: 1 | er_score_diagnosis: 3 | pr_status_diagnosis: 0 | pr_score_diagnosis: 3 | her2_status_diagnosis: 7 | her2_score_diagnosis: 3 | ki67_status_diagnosis: 2 | ki67_diagnosis: 30-40% | tnm_stage_clinical: cT2N2-3M0 | nac_drug: AC+T | er_status_surgery: Positive | er_score_surgery: 5 | pr_status_surgery: Negative | pr_score_surgery: 3 | her2_status_surgery: Negative | her2_score_surgery: 0 | ki67_status_surgery: 1 | ki67_surgery: 10-20% | histological_grade: 3 | nuclear_grade: 3 | lymphovascular_invasion: 1 | bilaterality: 0 | multiplicity: 0 | surgery_type: 1 | surgical_site: 2 | tumor_size: 2.5 | regional_lymph_nodes: 0 | tnm_stage_pathologic: 7 | pcr_status: 1 | proliferative_index: 4.249759636 | cyt_score: 3.927352798 | subtype_pam50: LumA | subtype_nmc: TN | subtype_ihc: ER+ | tumor_purity_pathology: 0.7 | cin_score: 24.2846156 | tumor_purity_facets: 0.295021624 | tumor_purity_consensus: 0.295021624 | tumor_ploidy: 3.35310202 | cnv_burden_del: 0.004161657 | cnv_burden_hemizygote: 0.043204773 | loh_burden_burden: 0 | cnv_burden_gain: 0.579153257 | cnv_burden_amp: 0.214815836 | til_count: 180 | tissue_area: 16500100 | til_density: 10.9090247937891 | time: T3 | subtype_consensus: ER+ | mut_load: 46,,UNRESOLVED,LOW,NO_DECISIVE_EVIDENCE,,,,,False
GEO:GSE123845,GSM3514150,OB_17_0045_1,Primary Tumor,gender: Female | age: 44.69722222 | menopausal_status: Premenopausal | bc_family_history: No | brca1_status: 999 | brca2_status: 999 | cell_type_diagnosis: Invasive ductal carcinoma | er_status_diagnosis: 1 | er_score_diagnosis: 8 | pr_status_diagnosis: 1 | pr_score_diagnosis: 8 | her2_status_diagnosis: 1 | her2_score_diagnosis: 3 | ki67_status_diagnosis: 2 | ki67_diagnosis: 20-30% | tnm_stage_clinical: cT3N1M0 | nac_drug: TCHP | er_status_surgery: Positive | er_score_surgery: 8 | pr_status_surgery: Positive | pr_score_surgery: 5 | her2_status_surgery: Positive | her2_score_surgery: 3 | ki67_status_surgery: 1 | ki67_surgery: 10-20% | histological_grade: 2 | nuclear_grade: 2 | lymphovascular_invasion: 0 | bilaterality: 0 | multiplicity: 0 | surgery_type: 0 | surgical_site: 1 | tumor_size: 7 | regional_lymph_nodes: 7 | tnm_stage_pathologic: 14 | pcr_status: 1 | proliferative_index: 15.99447756 | cyt_score: 1.869010433 | subtype_pam50: LumB | subtype_nmc: ER+HER2+ | subtype_ihc: ER+HER2+ | tumor_purity_pathology: 0.9 | cin_score: 13.71529993 | tumor_purity_facets: 0.351616422 | tumor_purity_consensus: 0.351616422 | tumor_ploidy: 1.758355068 | cnv_burden_del: 0.024406757 | cnv_burden_hemizygote: 0.241167924 | loh_burden_burden: 0.003012301 | cnv_burden_gain: 0.05562966 | cnv_burden_amp: 0.003995186 | til_count: 1302 | tissue_area: 23157800 | til_density: 56.2229572757343 | time: T1 | subtype_consensus: ER+HER2+ | mut_load: 31,,UNRESOLVED,LOW,NO_DECISIVE_EVIDENCE,,,,,False
GEO:GSE123845,GSM3514151,OB_17_0050_1,Primary Tumor,gender: Female | age: 50.58888889 | menopausal_status: Postmenopausal | bc_family_history: No | brca1_status: 999 | brca2_status: 999 | cell_type_diagnosis: Invasive ductal carcinoma | er_status_diagnosis: 0 | er_score_diagnosis: 0 | pr_status_diagnosis: 0 | pr_score_diagnosis: 0 | her2_status_diagnosis: 0 | her2_score_diagnosis: 2 | ki67_status_diagnosis: 4 | ki67_diagnosis: 70-80% | tnm_stage_clinical: cT2-3N3M0 | nac_drug: AC+T | er_status_surgery: 999 | er_score_surgery: 999 | pr_status_surgery: 999 | pr_score_surgery: 999 | her2_status_surgery: 999 | her2_score_surgery: 999 | ki67_status_surgery: 999 | ki67_surgery: 999 | histological_grade: 999 | nuclear_grade: 999 | lymphovascular_invasion: 999 | bilaterality: 0 | multiplicity: 0 | surgery_type: 1 | surgical_site: 1 | tumor_size: 0 | regional_lymph_nodes: 0 | tnm_stage_pathologic: 77 | pcr_status: 0 | proliferative_index: 21.95081529 | cyt_score: 8.873781607 | subtype_pam50: Her2 | subtype_nmc: TN | subtype_ihc: TN | tumor_purity_pathology: 0.8 | cin_score: 30.01313788 | tumor_purity_facets: 0.486677445 | tumor_purity_consensus: 0.486677445 | tumor_ploidy: 3.373486764 | cnv_burden_del: 0.000331984 | cnv_burden_hemizygote: 0.035503549 | loh_burden_burden: 0.026387597 | cnv_burden_gain: 0.386174358 | cnv_burden_amp: 0.294203012 | til_count: 3490 | tissue_area: 31366700 | til_density: 111.264493874077 | time: T1 | subtype_consensus: TN | mut_load: 60,,UNRESOLVED,LOW,NO_DECISIVE_EVIDENCE,,,,,False
GEO:GSE123845,GSM3514152,OB_17_0058_1,Primary Tumor,gender: Female | age: 57.03055556 | menopausal_status: Postmenopausal | bc_family_history: No | brca1_status: 999 | brca2_status: 999 | cell_type_diagnosis: Invasive ductal carcinoma | er_status_diagnosis: 0 | er_score_diagnosis: 2 | pr_status_diagnosis: 0 | pr_score_diagnosis: 0 | her2_status_diagnosis: 1 | her2_score_diagnosis: 3 | ki67_status_diagnosis: 4 | ki67_diagnosis: 80-90% | tnm_stage_clinical: cT2N3M0 | nac_drug: AC+T+Trastuzumab | er_status_surgery: 999 | er_score_surgery: 999 | pr_status_surgery: 999 | pr_score_surgery: 999 | her2_status_surgery: 999 | her2_score_surgery: 999 | ki67_status_surgery: 999 | ki67_surgery: 999 | histological_grade: 999 | nuclear_grade: 999 | lymphovascular_invasion: 999 | bilaterality: 0 | multiplicity: 0 | surgery_type: 1 | surgical_site: 1 | tumor_size: 0 | regional_lymph_nodes: 0 | tnm_stage_pathologic: 77 | pcr_status: 0 | proliferative_index: 46.13208933 | cyt_score: 19.68044715 | subtype_pam50: Basal | subtype_nmc: HER2+ | subtype_ihc: HER2+ | tumor_purity_pathology: 0.3 | cin_score: 23.32432587 | tumor_purity_facets: 0.346744597 | tumor_purity_consensus: 0.346744597 | tumor_ploidy: 2.798605615 | cnv_burden_del: 0.007111689 | cnv_burden_hemizygote: 0.092710421 | loh_burden_burden: 0.001070589 | cnv_burden_gain: 0.612671141 | cnv_burden_amp: 0.076783471 | til_count: 5751 | tissue_area: 38955900 | til_density: 147.628472195483 | time: T1 | subtype_consensus: HER2+ | mut_load: 11,,UNRESOLVED,LOW,NO_DECISIVE_EVIDENCE,,,,,False
GEO:GSE123845,GSM3514153,OB_17_0058_2,Primary Tumor,gender: Female | age: 57.03055556 | menopausal_status: Postmenopausal | bc_family_history: No | brca1_status: 999 | brca2_status: 999 | cell_type_diagnosis: Invasive ductal carcinoma | er_status_diagnosis: 0 | er_score_diagnosis: 2 | pr_status_diagnosis: 0 | pr_score_diagnosis: 0 | her2_status_diagnosis: 1 | her2_score_diagnosis: 3 | ki67_status_diagnosis: 4 | ki67_diagnosis: 80-90% | tnm_stage_clinical: cT2N3M0 | nac_drug: AC+T+Trastuzumab | er_status_surgery: 999 | er_score_surgery: 999 | pr_status_surgery: 999 | pr_score_surgery: 999 | her2_status_surgery: 999 | her2_score_surgery: 999 | ki67_status_surgery: 999 | ki67_surgery: 999 | histological_grade: 999 | nuclear_grade: 999 | lymphovascular_invasion: 999 | bilaterality: 0 | multiplicity: 0 | surgery_type: 1 | surgical_site: 1 | tumor_size: 0 | regional_lymph_nodes: 0 | tnm_stage_pathologic: 77 | pcr_status: 0 | proliferative_index: 25.04316137 | cyt_score: 37.41181231 | subtype_pam50: Basal | subtype_nmc: TN | subtype_ihc: HER2+ | tumor_purity_pathology: 0.2 | cin_score: 24.8736417 | tumor_purity_facets: 0.293696931 | tumor_purity_consensus: 0.293696931 | tumor_ploidy: 2.713889065 | cnv_burden_del: 0.034171756 | cnv_burden_hemizygote: 0.054911623 | loh_burden_burden: 0 | cnv_burden_gain: 0.489628258 | cnv_burden_amp: 0.123022449 | til_count: 3393 | tissue_area: 12503000 | til_density: 271.374870031193 | time: T2 | subtype_consensus: HER2+ | mut_load: 10,,UNRESOLVED,LOW,NO_DECISIVE_EVIDENCE,,,,,False
GEO:GSE123845,GSM3514154,OB_17_0066_1,Primary Tumor,gender: Female | age: 41.63888889 | menopausal_status: Premenopausal | bc_family_history: No | brca1_status: 999 | brca2_status: 999 | cell_type_diagnosis: Invasive ductal carcinoma | er_status_diagnosis: 0 | er_score_diagnosis: 0 | pr_status_diagnosis: 0 | pr_score_diagnosis: 0 | her2_status_diagnosis: 0 | her2_score_diagnosis: 0 | ki67_status_diagnosis: 3 | ki67_diagnosis: 60-70% | tnm_stage_clinical: cT2N1-2M0 | nac_drug: AC+T | er_status_surgery: 999 | er_score_surgery: 999 | pr_status_surgery: 999 | pr_score_surgery: 999 | her2_status_surgery: 999 | her2_score_surgery: 999 | ki67_status_surgery: 999 | ki67_surgery: 999 | histological_grade: 999 | nuclear_grade: 999 | lymphovascular_invasion: 999 | bilaterality: 0 | multiplicity: 0 | surgery_type: 1 | surgical_site: 1 | tumor_size: 0 | regional_lymph_nodes: 0 | tnm_stage_pathologic: 77 | pcr_status: 0 | proliferative_index: 38.38061985 | cyt_score: 15.48741425 | subtype_pam50: Basal | subtype_nmc: TN | subtype_ihc: TN | tumor_purity_pathology: 0.8 | cin_score: 29.83235054 | tumor_purity_facets: 0.503292585 | tumor_purity_consensus: 0.503292585 | tumor_ploidy: 3.495812675 | cnv_burden_del: 0 | cnv_burden_hemizygote: 0.012497432 | loh_burden_burden: 0 | cnv_burden_gain: 0.429409993 | cnv_burden_amp: 0.278842666 | til_count: 5697 | tissue_area: 31829200 | til_density: 178.986590929084 | time: T1 | subtype_consensus: TN | mut_load: 42,,UNRESOLVED,LOW,NO_DECISIVE_EVIDENCE,,,,,False
GEO:GSE123845,GSM3514155,OB_17_0084_1,Primary Tumor,gender: Female | age: 31.68333333 | menopausal_status: Premenopausal | bc_family_history: No | brca1_status: Not Detected | brca2_status: Not Detected | cell_type_diagnosis: Invasive ductal carcinoma | er_status_diagnosis: 1 | er_score_diagnosis: 8 | pr_status_diagnosis: 1 | pr_score_diagnosis: 7 | her2_status_diagnosis: 0 | her2_score_diagnosis: 1 | ki67_status_diagnosis: 2 | ki67_diagnosis: 20-30% | tnm_stage_clinical: cT2N3M0 | nac_drug: AC+T | er_status_surgery: Positive | er_score_surgery: 7 | pr_status_surgery: Negative | pr_score_surgery: 0 | her2_status_surgery: Negative | her2_score_surgery: 0 | ki67_status_surgery: 1 | ki67_surgery: <1% | histological_grade: 2 | nuclear_grade: 2 | lymphovascular_invasion: 0 | bilaterality: 0 | multiplicity: 0 | surgery_type: 1 | surgical_site: 1 | tumor_size: 0.6 | regional_lymph_nodes: 0 | tnm_stage_pathologic: 2 | pcr_status: 1 | proliferative_index: 33.36509688 | cyt_score: 20.02056193 | subtype_pam50: LumB | subtype_nmc: ER+ | subtype_ihc: ER+ | tumor_purity_pathology: 0.3 | cin_score: 24.93738864 | tumor_purity_facets: 0.406993116 | tumor_purity_consensus: 0.406993116 | tumor_ploidy: 2.9217608 | cnv_burden_del: 0.007366191 | cnv_burden_hemizygote: 0.063665615 | loh_burden_burden: 0.164008495 | cnv_burden_gain: 0.421215431 | cnv_burden_amp: 0.171299697 | til_count: 4184 | tissue_area: 24344400 | til_density: 171.86704129081 | time: T1 | subtype_consensus: ER+ | mut_load: 84,,UNRESOLVED,LOW,NO_DECISIVE_EVIDENCE,,,,,False
GEO:GSE123845,GSM3514156,OB_17_0084_2,Primary Tumor,gender: Female | age: 31.68333333 | menopausal_status: Premenopausal | bc_family_history: No | brca1_status: Not Detected | brca2_status: Not Detected | cell_type_diagnosis: Invasive ductal carcinoma | er_status_diagnosis: 1 | er_score_diagnosis: 8 | pr_status_diagnosis: 1 | pr_score_diagnosis: 7 | her2_status_diagnosis: 0 | her2_score_diagnosis: 1 | ki67_status_diagnosis: 2 | ki67_diagnosis: 20-30% | tnm_stage_clinical: cT2N3M0 | nac_drug: AC+T | er_status_surgery: Positive | er_score_surgery: 7 | pr_status_surgery: Negative | pr_score_surgery: 0 | her2_status_surgery: Negative | her2_score_surgery: 0 | ki67_status_surgery: 1 | ki67_surgery: <1% | histological_grade: 2 | nuclear_grade: 2 | lymphovascular_invasion: 0 | bilaterality: 0 | multiplicity: 0 | surgery_type: 1 | surgical_site: 1 | tumor_size: 0.6 | regional_lymph_nodes: 0 | tnm_stage_pathologic: 2 | pcr_status: 1 | proliferative_index: 9.989700835 | cyt_score: 42.07247319 | subtype_pam50: LumB | subtype_nmc: ER+ | subtype_ihc: ER+ | tumor_purity_pathology: 0.1 | cin_score: 15.02565399 | tumor_purity_facets: 0.277944376 | tumor_purity_consensus: 0.277944376 | tumor_ploidy: 2.516105026 | cnv_burden_del: 0.006736419 | cnv_burden_hemizygote: 0.089593938 | loh_burden_burden: 0.001385276 | cnv_burden_gain: 0.579663535 | cnv_burden_amp: 0.070939904 | til_count: 7428 | tissue_area: 29430100 | til_density: 252.39465717072 | time: T2 | subtype_consensus: ER+ | mut_load: 56,,UNRESOLVED,LOW,NO_DECISIVE_EVIDENCE,,,,,False
GEO:GSE123845,GSM3514157,OB_17_0099_1,Primary Tumor,gender: Female | age: 47 | menopausal_status: Postmenopausal | bc_family_history: No | brca1_status: 999 | brca2_status: 999 | cell_type_diagnosis: Invasive ductal carcinoma | er_status_diagnosis: 0 | er_score_diagnosis: 0 | pr_status_diagnosis: 0 | pr_score_diagnosis: 0 | her2_status_diagnosis: 1 | her2_score_diagnosis: 3 | ki67_status_diagnosis: 2 | ki67_diagnosis: 20-30% | tnm_stage_clinical: cT2N1-2M0 | nac_drug: AC+T+Trastuzumab | er_status_surgery: 999 | er_score_surgery: 999 | pr_status_surgery: 999 | pr_score_surgery: 999 | her2_status_surgery: 999 | her2_score_surgery: 999 | ki67_status_surgery: 999 | ki67_surgery: 999 | histological_grade: 999 | nuclear_grade: 999 | lymphovascular_invasion: 999 | bilaterality: 0 | multiplicity: 0 | surgery_type: 1 | surgical_site: 1 | tumor_size: 0 | regional_lymph_nodes: 0 | tnm_stage_pathologic: 77 | pcr_status: 0 | proliferative_index: 14.84258292 | cyt_score: 6.272272316 | subtype_pam50: Her2 | subtype_nmc: HER2+ | subtype_ihc: HER2+ | tumor_purity_pathology: 0.7 | cin_score: 12.58402448 | tumor_purity_facets: 0.356082643 | tumor_purity_consensus: 0.356082643 | tumor_ploidy: 2.896293392 | cnv_burden_del: 0 | cnv_burden_hemizygote: 0.031452253 | loh_burden_burden: 0.007202613 | cnv_burden_gain: 0.630594139 | cnv_burden_amp: 0.079311447 | til_count: 1447 | tissue_area: 8961200 | til_density: 161.473909744231 | time: T1 | subtype_consensus: HER2+ | mut_load: 51,,UNRESOLVED,LOW,NO_DECISIVE_EVIDENCE,,,,,False
GEO:GSE123845,GSM3514158,OB_17_0100_1,Primary Tumor,gender: Female | age: 25 | menopausal_status: Premenopausal | bc_family_history: Yes | brca1_status: Not Detected | brca2_status: Not Detected | cell_type_diagnosis: Invasive ductal carcinoma | er_status_diagnosis: 1 | er_score_diagnosis: 3 | pr_status_diagnosis: 0 | pr_score_diagnosis: 0 | her2_status_diagnosis: 0 | her2_score_diagnosis: 0 | ki67_status_diagnosis: 4 | ki67_diagnosis: 80-90% | tnm_stage_clinical: cT4aN3M0 | nac_drug: AC+T | er_status_surgery: 0 | er_score_surgery: 0 | pr_status_surgery: 0 | pr_score_surgery: 0 | her2_status_surgery: 0 | her2_score_surgery: 0 | ki67_status_surgery: 4 | ki67_surgery: 80-90% | histological_grade: 3 | nuclear_grade: 3 | lymphovascular_invasion: 0 | bilaterality: 0 | multiplicity: 0 | surgery_type: 0 | surgical_site: 2 | tumor_size: 4 | regional_lymph_nodes: 1 | tnm_stage_pathologic: 8 | pcr_status: 1 | proliferative_index: 28.70113071 | cyt_score: 8.665996769 | subtype_pam50: Basal | subtype_nmc: ER+ | subtype_ihc: ER+ | tumor_purity_pathology: 0.7 | cin_score: 34.54905767 | tumor_purity_facets: 0.552825301 | tumor_purity_consensus: 0.552825301 | tumor_ploidy: 2.887040008 | cnv_burden_del: 0.014612915 | cnv_burden_hemizygote: 0.087039825 | loh_burden_burden: 0.140143512 | cnv_burden_gain: 0.307134593 | cnv_burden_amp: 0.146392886 | til_count: 1043 | tissue_area: 32339500 | til_density: 32.2515808840582 | time: T1 | subtype_consensus: ER+ | mut_load: 68,,UNRESOLVED,LOW,NO_DECISIVE_EVIDENCE,,,,,False
GEO:GSE123845,GSM3514159,OB_17_0127_1,Primary Tumor,gender: Female | age: 26.64722222 | menopausal_status: Premenopausal | bc_family_history: No | brca1_status: 999 | brca2_status: 999 | cell_type_diagnosis: Invasive ductal carcinoma | er_status_diagnosis: 0 | er_score_diagnosis: 0 | pr_status_diagnosis: 0 | pr_score_diagnosis: 0 | her2_status_diagnosis: 1 | her2_score_diagnosis: 3 | ki67_status_diagnosis: 2 | ki67_diagnosis: 20-30% | tnm_stage_clinical: cT2N1-2M0 | nac_drug: AC+T+Trastuzumab | er_status_surgery: 0 | er_score_surgery: 0 | pr_status_surgery: 0 | pr_score_surgery: 0 | her2_status_surgery: 1 | her2_score_surgery: 3 | ki67_status_surgery: 2 | ki67_surgery: 20-30% | histological_grade: 3 | nuclear_grade: 3 | lymphovascular_invasion: 0 | bilaterality: 0 | multiplicity: 0 | surgery_type: 1 | surgical_site: 1 | tumor_size: 0.6(Tis) | regional_lymph_nodes: 0 | tnm_stage_pathologic: 1 | pcr_status: 0 | proliferative_index: 41.3058169 | cyt_score: 13.22176993 | subtype_pam50: Her2 | subtype_nmc: HER2+ | subtype_ihc: HER2+ | tumor_purity_pathology: 0.6 | cin_score: 13.27203202 | tumor_purity_facets: 0.313039353 | tumor_purity_consensus: 0.313039353 | tumor_ploidy: 2.966336099 | cnv_burden_del: 0 | cnv_burden_hemizygote: 0.037059248 | loh_burden_burden: 0 | cnv_burden_gain: 0.736771324 | cnv_burden_amp: 0.03165206 | til_count: 3959 | tissue_area: 18671700 | til_density: 212.032112769592 | time: T1 | subtype_consensus: HER2+ | mut_load: 40,,UNRESOLVED,LOW,NO_DECISIVE_EVIDENCE,,,,,False
GEO:GSE123845,GSM3514160,OB_17_0127_2,Primary Tumor,gender: Female | age: 26.64722222 | menopausal_status: Premenopausal | bc_family_history: No | brca1_status: 999 | brca2_status: 999 | cell_type_diagnosis: Invasive ductal carcinoma | er_status_diagnosis: 0 | er_score_diagnosis: 0 | pr_status_diagnosis: 0 | pr_score_diagnosis: 0 | her2_status_diagnosis: 1 | her2_score_diagnosis: 3 | ki67_status_diagnosis: 2 | ki67_diagnosis: 20-30% | tnm_stage_clinical: cT2N1-2M0 | nac_drug: AC+T+Trastuzumab | er_status_surgery: 0 | er_score_surgery: 0 | pr_status_surgery: 0 | pr_score_surgery: 0 | her2_status_surgery: 1 | her2_score_surgery: 3 | ki67_status_surgery: 2 | ki67_surgery: 20-30% | histological_grade: 3 | nuclear_grade: 3 | lymphovascular_invasion: 0 | bilaterality: 0 | multiplicity: 0 | surgery_type: 1 | surgical_site: 1 | tumor_size: 0.6(Tis) | regional_lymph_nodes: 0 | tnm_stage_pathologic: 1 | pcr_status: 0 | proliferative_index: 19.7236901 | cyt_score: 22.61352029 | subtype_pam50: Her2 | subtype_nmc: HER2+ | subtype_ihc: HER2+ | tumor_purity_pathology: 0.1 | cin_score: 11.82080375 | tumor_purity_facets: 0.232647533 | tumor_purity_consensus: 0.232647533 | tumor_ploidy: 3.169368498 | cnv_burden_del: 0.00065518 | cnv_burden_hemizygote: 0.034457155 | loh_burden_burden: 0 | cnv_burden_gain: 0.6989608 | cnv_burden_amp: 0.068863823 | til_count: 1998 | tissue_area: 14630200 | til_density: 136.566827521155 | time: T2 | subtype_consensus: HER2+ | mut_load: 13,,UNRESOLVED,LOW,NO_DECISIVE_EVIDENCE,,,,,False
GEO:GSE123845,GSM3514161,OB_17_0128_1,Primary Tumor,gender: Female | age: 32.88055556 | menopausal_status: Premenopausal | bc_family_history: Yes | brca1_status: Not Detected | brca2_status: Not Detected | cell_type_diagnosis: Invasive ductal carcinoma | er_status_diagnosis: 1 | er_score_diagnosis: 8 | pr_status_diagnosis: 1 | pr_score_diagnosis: 6 | her2_status_diagnosis: 1 | her2_score_diagnosis: 3 | ki67_status_diagnosis: 1 | ki67_diagnosis: 10-20% | tnm_stage_clinical: 999 | nac_drug: AC+T+Trastuzumab | er_status_surgery: 1 | er_score_surgery: 8 | pr_status_surgery: 0 | pr_score_surgery: 0 | her2_status_surgery: 1 | her2_score_surgery: 3 | ki67_status_surgery: 1 | ki67_surgery: <5% | histological_grade: 1 | nuclear_grade: 2 | lymphovascular_invasion: 0 | bilaterality: 0 | multiplicity: 0 | surgery_type: 1 | surgical_site: 2 | tumor_size: 3 | regional_lymph_nodes: 0 | tnm_stage_pathologic: 7 | pcr_status: 1 | proliferative_index: 15.74229082 | cyt_score: 3.905227266 | subtype_pam50: LumA | subtype_nmc: ER+HER2+ | subtype_ihc: ER+HER2+ | tumor_purity_pathology: 0.6 | cin_score: 33.80375555 | tumor_purity_facets: 0.37506325 | tumor_purity_consensus: 0.37506325 | tumor_ploidy: 2.586225645 | cnv_burden_del: 0.044627593 | cnv_burden_hemizygote: 0.125651924 | loh_burden_burden: 0 | cnv_burden_gain: 0.483102504 | cnv_burden_amp: 0.071221742 | til_count: 3337 | tissue_area: 27058300 | til_density: 123.326299139266 | time: T1 | subtype_consensus: ER+HER2+ | mut_load: 8,,UNRESOLVED,LOW,NO_DECISIVE_EVIDENCE,,,,,False
GEO:GSE123845,GSM3514162,OB_17_0128_2,Primary Tumor,gender: Female | age: 32.88055556 | menopausal_status: Premenopausal | bc_family_history: Yes | brca1_status: Not Detected | brca2_status: Not Detected | cell_type_diagnosis: Invasive ductal carcinoma | er_status_diagnosis: 1 | er_score_diagnosis: 8 | pr_status_diagnosis: 1 | pr_score_diagnosis: 6 | her2_status_diagnosis: 1 | her2_score_diagnosis: 3 | ki67_status_diagnosis: 1 | ki67_diagnosis: 10-20% | tnm_stage_clinical: 999 | nac_drug: AC+T+Trastuzumab | er_status_surgery: 1 | er_score_surgery: 8 | pr_status_surgery: 0 | pr_score_surgery: 0 | her2_status_surgery: 1 | her2_score_surgery: 3 | ki67_status_surgery: 1 | ki67_surgery: <5% | histological_grade: 1 | nuclear_grade: 2 | lymphovascular_invasion: 0 | bilaterality: 0 | multiplicity: 0 | surgery_type: 1 | surgical_site: 2 | tumor_size: 3 | regional_lymph_nodes: 0 | tnm_stage_pathologic: 7 | pcr_status: 1 | proliferative_index: 8.073976708 | cyt_score: 6.414047084 | subtype_pam50: LumA | subtype_nmc: ER+HER2+ | subtype_ihc: ER+HER2+ | tumor_purity_pathology: 0.1 | cin_score: 20.57042149 | tumor_purity_facets: 0.292917976 | tumor_purity_consensus: 0.292917976 | tumor_ploidy: 1.575935362 | cnv_burden_del: 0.121885291 | cnv_burden_hemizygote: 0.17608876 | loh_burden_burden: 0.001700283 | cnv_burden_gain: 0.189530896 | cnv_burden_amp: 0.004940513 | til_count: 703 | tissue_area: 25744500 | til_density: 27.3068033948999 | time: T2 | subtype_consensus: ER+HER2+ | mut_load: 7,,UNRESOLVED,LOW,NO_DECISIVE_EVIDENCE,,,,,False
GEO:GSE123845,GSM3514163,OB_17_0134_1,Primary Tumor,gender: Female | age: 47.75555556 | menopausal_status: Premenopausal | bc_family_history: No | brca1_status: 999 | brca2_status: 999 | cell_type_diagnosis: Invasive ductal carcinoma | er_status_diagnosis: 1 | er_score_diagnosis: 8 | pr_status_diagnosis: 1 | pr_score_diagnosis: 8 | her2_status_diagnosis: 1 | her2_score_diagnosis: 3 | ki67_status_diagnosis: 3 | ki67_diagnosis: 70-80% | tnm_stage_clinical: cT2N2M0 | nac_drug: AC+T+Trastuzumab | er_status_surgery: 1 | er_score_surgery: 8 | pr_status_surgery: 1 | pr_score_surgery: 7 | her2_status_surgery: 1 | her2_score_surgery: 3 | ki67_status_surgery: 1 | ki67_surgery: <5% | histological_grade: 2 | nuclear_grade: 2 | lymphovascular_invasion: 0 | bilaterality: 0 | multiplicity: 0 | surgery_type: 1 | surgical_site: 1 | tumor_size: 940x900 <U+339B> | regional_lymph_nodes: 0 | tnm_stage_pathologic: 2 | pcr_status: 1 | proliferative_index: 15.86408105 | cyt_score: 34.53333607 | subtype_pam50: LumB | subtype_nmc: ER+HER2+ | subtype_ihc: ER+HER2+ | tumor_purity_pathology: 0.6 | cin_score: 27.37271492 | tumor_purity_facets: 0.610964628 | tumor_purity_consensus: 0.610964628 | tumor_ploidy: 3.929513295 | cnv_burden_del: 0.000512145 | cnv_burden_hemizygote: 0.008713206 | loh_burden_burden: 0.003404363 | cnv_burden_gain: 0.460506769 | cnv_burden_amp: 0.33511443 | til_count: 2986 | tissue_area: 19042300 | til_density: 156.808788854288 | time: T1 | subtype_consensus: ER+HER2+ | mut_load: 35,,UNRESOLVED,LOW,NO_DECISIVE_EVIDENCE,,,,,False
GEO:GSE123845,GSM3514164,OB_17_0134_2,Primary Tumor,gender: Female | age: 47.75555556 | menopausal_status: Premenopausal | bc_family_history: No | brca1_status: 999 | brca2_status: 999 | cell_type_diagnosis: Invasive ductal carcinoma | er_status_diagnosis: 1 | er_score_diagnosis: 8 | pr_status_diagnosis: 1 | pr_score_diagnosis: 8 | her2_status_diagnosis: 1 | her2_score_diagnosis: 3 | ki67_status_diagnosis: 3 | ki67_diagnosis: 70-80% | tnm_stage_clinical: cT2N2M0 | nac_drug: AC+T+Trastuzumab | er_status_surgery: 1 | er_score_surgery: 8 | pr_status_surgery: 1 | pr_score_surgery: 7 | her2_status_surgery: 1 | her2_score_surgery: 3 | ki67_status_surgery: 1 | ki67_surgery: <5% | histological_grade: 2 | nuclear_grade: 2 | lymphovascular_invasion: 0 | bilaterality: 0 | multiplicity: 0 | surgery_type: 1 | surgical_site: 1 | tumor_size: 940x900 <U+339B> | regional_lymph_nodes: 0 | tnm_stage_pathologic: 2 | pcr_status: 1 | proliferative_index: 7.288722258 | cyt_score: 15.30333297 | subtype_pam50: LumA | subtype_nmc: ER+HER2+ | subtype_ihc: ER+HER2+ | tumor_purity_pathology: 0.05 | cin_score: 8.841122559 | tumor_purity_facets: 0.27305546 | tumor_purity_consensus: 0.27305546 | tumor_ploidy: 2.127287902 | cnv_burden_del: 0.000576508 | cnv_burden_hemizygote: 0.129003178 | loh_burden_burden: 0 | cnv_burden_gain: 0.196349256 | cnv_burden_amp: 0.000278197 | til_count: 3517 | tissue_area: 21906400 | til_density: 160.546689551912 | time: T2 | subtype_consensus: ER+HER2+ | mut_load: 3,,UNRESOLVED,LOW,NO_DECISIVE_EVIDENCE,,,,,False
GEO:GSE123845,GSM3514165,OB_17_0155_1,Primary Tumor,gender: Female | age: 52.675 | menopausal_status: Premenopausal | bc_family_history: Yes | brca1_status: 999 | brca2_status: 999 | cell_type_diagnosis: Invasive ductal carcinoma | er_status_diagnosis: 0 | er_score_diagnosis: 0 | pr_status_diagnosis: 0 | pr_score_diagnosis: 0 | her2_status_diagnosis: 1 | her2_score_diagnosis: 3 | ki67_status_diagnosis: 1 | ki67_diagnosis: 10-20% | tnm_stage_clinical: cT2N2-3M0 | nac_drug: AC+T+Trastuzumab | er_status_surgery: 0 | er_score_surgery: 0 | pr_status_surgery: 0 | pr_score_surgery: 0 | her2_status_surgery: 1 | her2_score_surgery: 3 | ki67_status_surgery: 2 | ki67_surgery: 30-40% | histological_grade: 3 | nuclear_grade: 3 | lymphovascular_invasion: 0 | bilaterality: 0 | multiplicity: 0 | surgery_type: 0 | surgical_site: 2 | tumor_size: 1.3 | regional_lymph_nodes: 0 | tnm_stage_pathologic: 2 | pcr_status: 1 | proliferative_index: 22.16868346 | cyt_score: 3.382957286 | subtype_pam50: Her2 | subtype_nmc: HER2+ | subtype_ihc: HER2+ | tumor_purity_pathology: 0.7 | cin_score: 19.83939076 | tumor_purity_facets: 0.341260036 | tumor_purity_consensus: 0.341260036 | tumor_ploidy: 2.969517354 | cnv_burden_del: 0.000401582 | cnv_burden_hemizygote: 0.078701024 | loh_burden_burden: 0.014202003 | cnv_burden_gain: 0.331708302 | cnv_burden_amp: 0.33674061 | til_count: 1232 | tissue_area: 29013600 | til_density: 42.4628450106157 | time: T1 | subtype_consensus: HER2+ | mut_load: 44,,UNRESOLVED,LOW,NO_DECISIVE_EVIDENCE,,,,,False
GEO:GSE123845,GSM3514166,OB_17_0155_2,Primary Tumor,gender: Female | age: 52.675 | menopausal_status: Premenopausal | bc_family_history: Yes | brca1_status: 999 | brca2_status: 999 | cell_type_diagnosis: Invasive ductal carcinoma | er_status_diagnosis: 0 | er_score_diagnosis: 0 | pr_status_diagnosis: 0 | pr_score_diagnosis: 0 | her2_status_diagnosis: 1 | her2_score_diagnosis: 3 | ki67_status_diagnosis: 1 | ki67_diagnosis: 10-20% | tnm_stage_clinical: cT2N2-3M0 | nac_drug: AC+T+Trastuzumab | er_status_surgery: 0 | er_score_surgery: 0 | pr_status_surgery: 0 | pr_score_surgery: 0 | her2_status_surgery: 1 | her2_score_surgery: 3 | ki67_status_surgery: 2 | ki67_surgery: 30-40% | histological_grade: 3 | nuclear_grade: 3 | lymphovascular_invasion: 0 | bilaterality: 0 | multiplicity: 0 | surgery_type: 0 | surgical_site: 2 | tumor_size: 1.3 | regional_lymph_nodes: 0 | tnm_stage_pathologic: 2 | pcr_status: 1 | proliferative_index: 18.12441739 | cyt_score: 3.687180495 | subtype_pam50: Her2 | subtype_nmc: HER2+ | subtype_ihc: HER2+ | tumor_purity_pathology: 0.7 | cin_score: 24.76829399 | tumor_purity_facets: 0.289276531 | tumor_purity_consensus: 0.289276531 | tumor_ploidy: 2.823503337 | cnv_burden_del: 0.024052979 | cnv_burden_hemizygote: 0.125076707 | loh_burden_burden: 0.005614829 | cnv_burden_gain: 0.510171377 | cnv_burden_amp: 0.096313647 | til_count: 2713 | tissue_area: 30504100 | til_density: 88.9388639559928 | time: T2 | subtype_consensus: HER2+ | mut_load: 22,,UNRESOLVED,LOW,NO_DECISIVE_EVIDENCE,,,,,False
GEO:GSE123845,GSM3514167,OB_17_0155_3,Primary Tumor,gender: Female | age: 52.675 | menopausal_status: Premenopausal | bc_family_history: Yes | brca1_status: 999 | brca2_status: 999 | cell_type_diagnosis: Invasive ductal carcinoma | er_status_diagnosis: 0 | er_score_diagnosis: 0 | pr_status_diagnosis: 0 | pr_score_diagnosis: 0 | her2_status_diagnosis: 1 | her2_score_diagnosis: 3 | ki67_status_diagnosis: 1 | ki67_diagnosis: 10-20% | tnm_stage_clinical: cT2N2-3M0 | nac_drug: AC+T+Trastuzumab | er_status_surgery: 0 | er_score_surgery: 0 | pr_status_surgery: 0 | pr_score_surgery: 0 | her2_status_surgery: 1 | her2_score_surgery: 3 | ki67_status_surgery: 2 | ki67_surgery: 30-40% | histological_grade: 3 | nuclear_grade: 3 | lymphovascular_invasion: 0 | bilaterality: 0 | multiplicity: 0 | surgery_type: 0 | surgical_site: 2 | tumor_size: 1.3 | regional_lymph_nodes: 0 | tnm_stage_pathologic: 2 | pcr_status: 1 | proliferative_index: 27.67939805 | cyt_score: 2.874995652 | subtype_pam50: Her2 | subtype_nmc: HER2+ | subtype_ihc: HER2+ | tumor_purity_pathology: 0.7 | cin_score: 27.16671654 | tumor_purity_facets: 0.298670094 | tumor_purity_consensus: 0.298670094 | tumor_ploidy: 2.555026384 | cnv_burden_del: 0.054110874 | cnv_burden_hemizygote: 0.125312061 | loh_burden_burden: 0.009905655 | cnv_burden_gain: 0.381494673 | cnv_burden_amp: 0.135146349 | til_count: 713 | tissue_area: 27826800 | til_density: 25.622780916239 | time: T3 | subtype_consensus: HER2+ | mut_load: 21,,UNRESOLVED,LOW,NO_DECISIVE_EVIDENCE,,,,,False
GEO:GSE123845,GSM3514168,OB_17_0169_1,Primary Tumor,gender: Female | age: 50.66944444 | menopausal_status: Postmenopausal | bc_family_history: Yes | brca1_status: 999 | brca2_status: 999 | cell_type_diagnosis: Invasive ductal carcinoma | er_status_diagnosis: 1 | er_score_diagnosis: 3 | pr_status_diagnosis: 0 | pr_score_diagnosis: 0 | her2_status_diagnosis: 1 | her2_score_diagnosis: 3 | ki67_status_diagnosis: 2 | ki67_diagnosis: 30-40% | tnm_stage_clinical: cT2-3N0-1M0 | nac_drug: AC+T+Trastuzumab | er_status_surgery: 999 | er_score_surgery: 999 | pr_status_surgery: 999 | pr_score_surgery: 999 | her2_status_surgery: 999 | her2_score_surgery: 999 | ki67_status_surgery: 999 | ki67_surgery: 999 | histological_grade: 999 | nuclear_grade: 999 | lymphovascular_invasion: 999 | bilaterality: 0 | multiplicity: 0 | surgery_type: 1 | surgical_site: 2 | tumor_size: 0 | regional_lymph_nodes: 0 | tnm_stage_pathologic: 77 | pcr_status: 0 | proliferative_index: 19.13660312 | cyt_score: 35.68157087 | subtype_pam50: Basal | subtype_nmc: HER2+ | subtype_ihc: ER+HER2+ | tumor_purity_pathology: 0.1 | cin_score: 22.12775181 | tumor_purity_facets: 0.29113332 | tumor_purity_consensus: 0.29113332 | tumor_ploidy: 1.209220801 | cnv_burden_del: 0.179551746 | cnv_burden_hemizygote: 0.227909174 | loh_burden_burden: 0 | cnv_burden_gain: 0.191018802 | cnv_burden_amp: 0.000958379 | til_count: 4416 | tissue_area: 19973700 | til_density: 221.090734315625 | time: T1 | subtype_consensus: HER2+ | mut_load: 4,,UNRESOLVED,LOW,NO_DECISIVE_EVIDENCE,,,,,False
GEO:GSE123845,GSM3514169,OB_17_0169_2,Primary Tumor,gender: Female | age: 50.66944444 | menopausal_status: Postmenopausal | bc_family_history: Yes | brca1_status: 999 | brca2_status: 999 | cell_type_diagnosis: Invasive ductal carcinoma | er_status_diagnosis: 1 | er_score_diagnosis: 3 | pr_status_diagnosis: 0 | pr_score_diagnosis: 0 | her2_status_diagnosis: 1 | her2_score_diagnosis: 3 | ki67_status_diagnosis: 2 | ki67_diagnosis: 30-40% | tnm_stage_clinical: cT2-3N0-1M0 | nac_drug: AC+T+Trastuzumab | er_status_surgery: 999 | er_score_surgery: 999 | pr_status_surgery: 999 | pr_score_surgery: 999 | her2_status_surgery: 999 | her2_score_surgery: 999 | ki67_status_surgery: 999 | ki67_surgery: 999 | histological_grade: 999 | nuclear_grade: 999 | lymphovascular_invasion: 999 | bilaterality: 0 | multiplicity: 0 | surgery_type: 1 | surgical_site: 2 | tumor_size: 0 | regional_lymph_nodes: 0 | tnm_stage_pathologic: 77 | pcr_status: 0 | proliferative_index: 23.54435629 | cyt_score: 55.11486914 | subtype_pam50: Her2 | subtype_nmc: HER2+ | subtype_ihc: ER+HER2+ | tumor_purity_pathology: 0.3 | cin_score: 12.74066295 | tumor_purity_facets: 0.289690622 | tumor_purity_consensus: 0.289690622 | tumor_ploidy: 1.604162999 | cnv_burden_del: 0.033955353 | cnv_burden_hemizygote: 0.201094891 | loh_burden_burden: 0 | cnv_burden_gain: 0.109704587 | cnv_burden_amp: 0.001390858 | til_count: 3031 | tissue_area: 19619300 | til_density: 154.490731065838 | time: T2 | subtype_consensus: HER2+ | mut_load: 5,,UNRESOLVED,LOW,NO_DECISIVE_EVIDENCE,,,,,False
GEO:GSE123845,GSM3514170,OB_17_0179_1,Primary Tumor,gender: Female | age: 52.61666667 | menopausal_status: Postmenopausal | bc_family_history: No | brca1_status: 999 | brca2_status: 999 | cell_type_diagnosis: Invasive ductal carcinoma | er_status_diagnosis: 0 | er_score_diagnosis: 0 | pr_status_diagnosis: 0 | pr_score_diagnosis: 0 | her2_status_diagnosis: 0 | her2_score_diagnosis: 0 | ki67_status_diagnosis: 4 | ki67_diagnosis: 70-80% | tnm_stage_clinical: cT2N0-1M0 | nac_drug: AC+T | er_status_surgery: 999 | er_score_surgery: 999 | pr_status_surgery: 999 | pr_score_surgery: 999 | her2_status_surgery: 999 | her2_score_surgery: 999 | ki67_status_surgery: 999 | ki67_surgery: 999 | histological_grade: 999 | nuclear_grade: 999 | lymphovascular_invasion: 999 | bilaterality: 0 | multiplicity: 0 | surgery_type: 1 | surgical_site: 1 | tumor_size: 0 | regional_lymph_nodes: 0 | tnm_stage_pathologic: 77 | pcr_status: 0 | proliferative_index: 38.78637744 | cyt_score: 6.300238091 | subtype_pam50: Basal | subtype_nmc: TN | subtype_ihc: TN | tumor_purity_pathology: 0.6 | cin_score: 28.90868633 | tumor_purity_facets: 0.708357358 | tumor_purity_consensus: 0.708357358 | tumor_ploidy: 3.640658296 | cnv_burden_del: 0 | cnv_burden_hemizygote: 0.003344602 | loh_burden_burden: 0 | cnv_burden_gain: 0.483936711 | cnv_burden_amp: 0.233607465 | til_count: 3580 | tissue_area: 28206800 | til_density: 126.919749847554 | time: T1 | subtype_consensus: TN | mut_load: 95,,UNRESOLVED,LOW,NO_DECISIVE_EVIDENCE,,,,,False
GEO:GSE123845,GSM3514171,OB_17_0179_2,Primary Tumor,gender: Female | age: 52.61666667 | menopausal_status: Postmenopausal | bc_family_history: No | brca1_status: 999 | brca2_status: 999 | cell_type_diagnosis: Invasive ductal carcinoma | er_status_diagnosis: 0 | er_score_diagnosis: 0 | pr_status_diagnosis: 0 | pr_score_diagnosis: 0 | her2_status_diagnosis: 0 | her2_score_diagnosis: 0 | ki67_status_diagnosis: 4 | ki67_diagnosis: 70-80% | tnm_stage_clinical: cT2N0-1M0 | nac_drug: AC+T | er_status_surgery: 999 | er_score_surgery: 999 | pr_status_surgery: 999 | pr_score_surgery: 999 | her2_status_surgery: 999 | her2_score_surgery: 999 | ki67_status_surgery: 999 | ki67_surgery: 999 | histological_grade: 999 | nuclear_grade: 999 | lymphovascular_invasion: 999 | bilaterality: 0 | multiplicity: 0 | surgery_type: 1 | surgical_site: 1 | tumor_size: 0 | regional_lymph_nodes: 0 | tnm_stage_pathologic: 77 | pcr_status: 0 | proliferative_index: 19.98609688 | cyt_score: 41.83452163 | subtype_pam50: Basal | subtype_nmc: TN | subtype_ihc: TN | tumor_purity_pathology: 0.05 | cin_score: 19.23531089 | tumor_purity_facets: 0.292565173 | tumor_purity_consensus: 0.292565173 | tumor_ploidy: 1.387844816 | cnv_burden_del: 0.11168264 | cnv_burden_hemizygote: 0.187541098 | loh_burden_burden: 0 | cnv_burden_gain: 0.135730937 | cnv_burden_amp: 0 | til_count: 1131 | tissue_area: 12640900 | til_density: 89.4714775055574 | time: T2 | subtype_consensus: TN | mut_load: 4,,UNRESOLVED,LOW,NO_DECISIVE_EVIDENCE,,,,,False
GEO:GSE123845,GSM3514172,OB_17_0166_1,Primary Tumor,gender: Female | age: 49.92222222 | menopausal_status: Postmenopausal | bc_family_history: Yes | brca1_status: Not Detected | brca2_status: Not Detected | cell_type_diagnosis: Invasive ductal carcinoma | er_status_diagnosis: 1 | er_score_diagnosis: 4 | pr_status_diagnosis: 0 | pr_score_diagnosis: 0 | her2_status_diagnosis: 1 | her2_score_diagnosis: 3 | ki67_status_diagnosis: 1 | ki67_diagnosis: 0.2 | tnm_stage_clinical: cT3N1M0 | nac_drug: AC+T+Trastuzumab | er_status_surgery: 1 | er_score_surgery: 5 | pr_status_surgery: 0 | pr_score_surgery: 0 | her2_status_surgery: 1 | her2_score_surgery: 3 | ki67_status_surgery: 1 | ki67_surgery: <5% | histological_grade: 3 | nuclear_grade: 3 | lymphovascular_invasion: 0 | bilaterality: 0 | multiplicity: 0 | surgery_type: 0 | surgical_site: 2 | tumor_size: 7(Tis) | regional_lymph_nodes: 0 | tnm_stage_pathologic: 1 | pcr_status: 0 | proliferative_index: 8.753243877 | cyt_score: 14.71616798 | subtype_pam50: LumA | subtype_nmc: ER+HER2+ | subtype_ihc: ER+HER2+ | tumor_purity_pathology: 0.05 | cin_score: 21.93436694 | tumor_purity_facets: 0.348392848 | tumor_purity_consensus: 0.348392848 | tumor_ploidy: 3.003753906 | cnv_burden_del: 0.000142893 | cnv_burden_hemizygote: 0.043788856 | loh_burden_burden: 0 | cnv_burden_gain: 0.736483465 | cnv_burden_amp: 0.007021253 | til_count: 2392 | tissue_area: 20981900 | til_density: 114.003021651995 | time: T1 | subtype_consensus: ER+HER2+ | mut_load: 1,,UNRESOLVED,LOW,NO_DECISIVE_EVIDENCE,,,,,False
GEO:GSE123845,GSM3514173,OB_17_0166_2,Primary Tumor,gender: Female | age: 50 | menopausal_status: Postmenopausal | bc_family_history: Yes | brca1_status: Not Detected | brca2_status: Not Detected | cell_type_diagnosis: Invasive ductal carcinoma | er_status_diagnosis: 1 | er_score_diagnosis: 4 | pr_status_diagnosis: 0 | pr_score_diagnosis: 0 | her2_status_diagnosis: 1 | her2_score_diagnosis: 3 | ki67_status_diagnosis: 1 | ki67_diagnosis: 0.2 | tnm_stage_clinical: cT3N1M0 | nac_drug: AC+T+Trastuzumab | er_status_surgery: 1 | er_score_surgery: 5 | pr_status_surgery: 0 | pr_score_surgery: 0 | her2_status_surgery: 1 | her2_score_surgery: 3 | ki67_status_surgery: 1 | ki67_surgery: <5% | histological_grade: 3 | nuclear_grade: 3 | lymphovascular_invasion: 0 | bilaterality: 0 | multiplicity: 0 | surgery_type: 0 | surgical_site: 2 | tumor_size: 7(Tis) | regional_lymph_nodes: 0 | tnm_stage_pathologic: 1 | pcr_status: 0 | proliferative_index: 7.261670697 | cyt_score: 17.18073922 | subtype_pam50: LumA | subtype_nmc: ER+HER2+ | subtype_ihc: ER+HER2+ | tumor_purity_pathology: 0.1 | cin_score: 17.14102524 | tumor_purity_facets: 0.266645409 | tumor_purity_consensus: 0.266645409 | tumor_ploidy: 1.657096795 | cnv_burden_del: 0.039539079 | cnv_burden_hemizygote: 0.138678924 | loh_burden_burden: 0 | cnv_burden_gain: 0.151568085 | cnv_burden_amp: 0 | til_count: 3470 | tissue_area: 18597100 | til_density: 186.588231498459 | time: T2 | subtype_consensus: ER+HER2+ | mut_load: 3,,UNRESOLVED,LOW,NO_DECISIVE_EVIDENCE,,,,,False
GEO:GSE123845,GSM3514174,OB_17_0171_1,Primary Tumor,gender: Female | age: 24.87222222 | menopausal_status: Premenopausal | bc_family_history: No | brca1_status: Not Detected | brca2_status: Not Detected | cell_type_diagnosis: Invasive ductal carcinoma | er_status_diagnosis: 1 | er_score_diagnosis: 8 | pr_status_diagnosis: 1 | pr_score_diagnosis: 7 | her2_status_diagnosis: 0 | her2_score_diagnosis: 1 | ki67_status_diagnosis: 3 | ki67_diagnosis: 50-60% | tnm_stage_clinical: 999 | nac_drug: AC+T | er_status_surgery: 1 | er_score_surgery: 8 | pr_status_surgery: 1 | pr_score_surgery: 4 | her2_status_surgery: 7 | her2_score_surgery: 2 | ki67_status_surgery: 1 | ki67_surgery: <5% | histological_grade: 2 | nuclear_grade: 3 | lymphovascular_invasion: 1 | bilaterality: 0 | multiplicity: 0 | surgery_type: 0 | surgical_site: 1 | tumor_size: 11.5 | regional_lymph_nodes: 17 | tnm_stage_pathologic: 18 | pcr_status: 1 | proliferative_index: 7.977427262 | cyt_score: 2.820992733 | subtype_pam50: LumA | subtype_nmc: ER+ | subtype_ihc: ER+ | tumor_purity_pathology: 0.6 | cin_score: 27.94039795 | tumor_purity_facets: 0.451264057 | tumor_purity_consensus: 0.451264057 | tumor_ploidy: 3.323971559 | cnv_burden_del: 0.003386422 | cnv_burden_hemizygote: 0.050496201 | loh_burden_burden: 0.035827481 | cnv_burden_gain: 0.309803307 | cnv_burden_amp: 0.231461532 | til_count: 2453 | tissue_area: 44993400 | til_density: 54.5191072468406 | time: T1 | subtype_consensus: ER+ | mut_load: 43,,UNRESOLVED,LOW,NO_DECISIVE_EVIDENCE,,,,,False
GEO:GSE123845,GSM3514175,OB_17_0171_2,Primary Tumor,gender: Female | age: 24.87222222 | menopausal_status: Premenopausal | bc_family_history: No | brca1_status: Not Detected | brca2_status: Not Detected | cell_type_diagnosis: Invasive ductal carcinoma | er_status_diagnosis: 1 | er_score_diagnosis: 8 | pr_status_diagnosis: 1 | pr_score_diagnosis: 7 | her2_status_diagnosis: 0 | her2_score_diagnosis: 1 | ki67_status_diagnosis: 3 | ki67_diagnosis: 50-60% | tnm_stage_clinical: 999 | nac_drug: AC+T | er_status_surgery: 1 | er_score_surgery: 8 | pr_status_surgery: 1 | pr_score_surgery: 4 | her2_status_surgery: 7 | her2_score_surgery: 2 | ki67_status_surgery: 1 | ki67_surgery: <5% | histological_grade: 2 | nuclear_grade: 3 | lymphovascular_invasion: 1 | bilaterality: 0 | multiplicity: 0 | surgery_type: 0 | surgical_site: 1 | tumor_size: 11.5 | regional_lymph_nodes: 17 | tnm_stage_pathologic: 18 | pcr_status: 1 | proliferative_index: 2.581884433 | cyt_score: 3.136941185 | subtype_pam50: LumA | subtype_nmc: ER+ | subtype_ihc: ER+ | tumor_purity_pathology: 0.3 | cin_score: 19.59680614 | tumor_purity_facets: 0.538286515 | tumor_purity_consensus: 0.538286515 | tumor_ploidy: 3.777879916 | cnv_burden_del: 0 | cnv_burden_hemizygote: 0.006898482 | loh_burden_burden: 0.011532057 | cnv_burden_gain: 0.262176197 | cnv_burden_amp: 0.55775414 | til_count: 1615 | tissue_area: 27061800 | til_density: 59.6782180047151 | time: T2 | subtype_consensus: ER+ | mut_load: 39,,UNRESOLVED,LOW,NO_DECISIVE_EVIDENCE,,,,,False
GEO:GSE123845,GSM3514176,OB_17_0181_1,Primary Tumor,gender: Female | age: 59.18888889 | menopausal_status: Postmenopausal | bc_family_history: No | brca1_status: Not Detected | brca2_status: Not Detected | cell_type_diagnosis: Invasive ductal carcinoma | er_status_diagnosis: 1 | er_score_diagnosis: 8 | pr_status_diagnosis: 1 | pr_score_diagnosis: 8 | her2_status_diagnosis: 1 | her2_score_diagnosis: 3 | ki67_status_diagnosis: 3 | ki67_diagnosis: 50-60% | tnm_stage_clinical: cT2N1-2M0 | nac_drug: AC+T+Trastuzumab | er_status_surgery: 1 | er_score_surgery: 8 | pr_status_surgery: 1 | pr_score_surgery: 8 | her2_status_surgery: 1 | her2_score_surgery: 3 | ki67_status_surgery: 2 | ki67_surgery: 30-40% | histological_grade: 3 | nuclear_grade: 3 | lymphovascular_invasion: 0 | bilaterality: 0 | multiplicity: 0 | surgery_type: 0 | surgical_site: 2 | tumor_size: 1.3 | regional_lymph_nodes: 0 | tnm_stage_pathologic: 2 | pcr_status: 1 | proliferative_index: 35.03505638 | cyt_score: 5.213012565 | subtype_pam50: LumB | subtype_nmc: ER+HER2+ | subtype_ihc: ER+HER2+ | tumor_purity_pathology: 0.6 | cin_score: 27.87349817 | tumor_purity_facets: 0.434598847 | tumor_purity_consensus: 0.434598847 | tumor_ploidy: 3.298614836 | cnv_burden_del: 0.003214046 | cnv_burden_hemizygote: 0.05078211 | loh_burden_burden: 0 | cnv_burden_gain: 0.312858637 | cnv_burden_amp: 0.362925306 | til_count: 1817 | tissue_area: 27962400 | til_density: 64.9801161559809 | time: T1 | subtype_consensus: ER+HER2+ | mut_load: 57,,UNRESOLVED,LOW,NO_DECISIVE_EVIDENCE,,,,,False
GEO:GSE123845,GSM3514177,OB_17_0181_2,Primary Tumor,gender: Female | age: 59.18888889 | menopausal_status: Postmenopausal | bc_family_history: No | brca1_status: Not Detected | brca2_status: Not Detected | cell_type_diagnosis: Invasive ductal carcinoma | er_status_diagnosis: 1 | er_score_diagnosis: 8 | pr_status_diagnosis: 1 | pr_score_diagnosis: 8 | her2_status_diagnosis: 1 | her2_score_diagnosis: 3 | ki67_status_diagnosis: 3 | ki67_diagnosis: 50-60% | tnm_stage_clinical: cT2N1-2M0 | nac_drug: AC+T+Trastuzumab | er_status_surgery: 1 | er_score_surgery: 8 | pr_status_surgery: 1 | pr_score_surgery: 8 | her2_status_surgery: 1 | her2_score_surgery: 3 | ki67_status_surgery: 2 | ki67_surgery: 30-40% | histological_grade: 3 | nuclear_grade: 3 | lymphovascular_invasion: 0 | bilaterality: 0 | multiplicity: 0 | surgery_type: 0 | surgical_site: 2 | tumor_size: 1.3 | regional_lymph_nodes: 0 | tnm_stage_pathologic: 2 | pcr_status: 1 | proliferative_index: 11.12742594 | cyt_score: 7.680768191 | subtype_pam50: LumA | subtype_nmc: ER+HER2+ | subtype_ihc: ER+HER2+ | tumor_purity_pathology: 0.8 | cin_score: 27.0492739 | tumor_purity_facets: 0.322828948 | tumor_purity_consensus: 0.322828948 | tumor_ploidy: 2.193390361 | cnv_burden_del: 0.075843441 | cnv_burden_hemizygote: 0.106416154 | loh_burden_burden: 0.000306359 | cnv_burden_gain: 0.461058246 | cnv_burden_amp: 0.042373579 | til_count: 2126 | tissue_area: 22142700 | til_density: 96.013584612536 | time: T2 | subtype_consensus: ER+HER2+ | mut_load: 24,,UNRESOLVED,LOW,NO_DECISIVE_EVIDENCE,,,,,False
GEO:GSE123845,GSM3514178,OB_17_0183_1,Primary Tumor,gender: Female | age: 33.78055556 | menopausal_status: Premenopausal | bc_family_history: No | brca1_status: Not Detected | brca2_status: Not Detected | cell_type_diagnosis: Invasive ductal carcinoma | er_status_diagnosis: 1 | er_score_diagnosis: 8 | pr_status_diagnosis: 1 | pr_score_diagnosis: 7 | her2_status_diagnosis: 0 | her2_score_diagnosis: 1 | ki67_status_diagnosis: 1 | ki67_diagnosis: 10-20% | tnm_stage_clinical: cT2N3M0 | nac_drug: AC+T | er_status_surgery: 1 | er_score_surgery: 8 | pr_status_surgery: 1 | pr_score_surgery: 7 | her2_status_surgery: 0 | her2_score_surgery: 1 | ki67_status_surgery: 1 | ki67_surgery: 10-20% | histological_grade: 2 | nuclear_grade: 2 | lymphovascular_invasion: 0 | bilaterality: 0 | multiplicity: 0 | surgery_type: 1 | surgical_site: 1 | tumor_size: 0.6 | regional_lymph_nodes: 1(mi) | tnm_stage_pathologic: 4 | pcr_status: 1 | proliferative_index: 21.11465936 | cyt_score: 5.335025773 | subtype_pam50: LumB | subtype_nmc: ER+ | subtype_ihc: ER+ | tumor_purity_pathology: 0.6 | cin_score: 23.98871915 | tumor_purity_facets: 0.556128011 | tumor_purity_consensus: 0.556128011 | tumor_ploidy: 4.097050136 | cnv_burden_del: 0 | cnv_burden_hemizygote: 0.002379973 | loh_burden_burden: 0.013811299 | cnv_burden_gain: 0.122211139 | cnv_burden_amp: 0.658707911 | til_count: 2187 | tissue_area: 22289500 | til_density: 98.1179479126943 | time: T1 | subtype_consensus: ER+ | mut_load: 45,,UNRESOLVED,LOW,NO_DECISIVE_EVIDENCE,,,,,False
GEO:GSE123845,GSM3514179,OB_17_0202_1,Primary Tumor,gender: Female | age: 37.18611111 | menopausal_status: Premenopausal | bc_family_history: Yes | brca1_status: Detected | brca2_status: Not Detected | cell_type_diagnosis: Invasive ductal carcinoma | er_status_diagnosis: 0 | er_score_diagnosis: 0 | pr_status_diagnosis: 0 | pr_score_diagnosis: 0 | her2_status_diagnosis: 0 | her2_score_diagnosis: 0 | ki67_status_diagnosis: 4 | ki67_diagnosis: 0.9 | tnm_stage_clinical: cT2N0-1M0 | nac_drug: AC+T | er_status_surgery: 999 | er_score_surgery: 999 | pr_status_surgery: 999 | pr_score_surgery: 999 | her2_status_surgery: 999 | her2_score_surgery: 999 | ki67_status_surgery: 999 | ki67_surgery: 999 | histological_grade: 999 | nuclear_grade: 999 | lymphovascular_invasion: 999 | bilaterality: 0 | multiplicity: 0 | surgery_type: 0 | surgical_site: 1 | tumor_size: 0 | regional_lymph_nodes: 0 | tnm_stage_pathologic: 77 | pcr_status: 0 | proliferative_index: 57.3145922 | cyt_score: 17.35664426 | subtype_pam50: Basal | subtype_nmc: TN | subtype_ihc: TN | tumor_purity_pathology: 0.8 | cin_score: 23.57757624 | tumor_purity_facets: 0.330252602 | tumor_purity_consensus: 0.330252602 | tumor_ploidy: 4.721839982 | cnv_burden_del: 0.000533612 | cnv_burden_hemizygote: 0.036826934 | loh_burden_burden: 0.026749012 | cnv_burden_gain: 0.244947641 | cnv_burden_amp: 0.409387122 | til_count: 5496 | tissue_area: 23552100 | til_density: 233.354987453348 | time: T1 | subtype_consensus: TN | mut_load: 82,,UNRESOLVED,LOW,NO_DECISIVE_EVIDENCE,,,,,False
GEO:GSE123845,GSM3514180,OB_17_0230_1,Primary Tumor,gender: Female | age: 43.86944444 | menopausal_status: Premenopausal | bc_family_history: Yes | brca1_status: Not Detected | brca2_status: Not Detected | cell_type_diagnosis: Invasive ductal carcinoma | er_status_diagnosis: 0 | er_score_diagnosis: 2 | pr_status_diagnosis: 0 | pr_score_diagnosis: 3 | her2_status_diagnosis: 0 | her2_score_diagnosis: 2 | ki67_status_diagnosis: 3 | ki67_diagnosis: 60-70% | tnm_stage_clinical: 999 | nac_drug: AC+T | er_status_surgery: 0 | er_score_surgery: 2 | pr_status_surgery: 0 | pr_score_surgery: 0 | her2_status_surgery: 0 | her2_score_surgery: 1 | ki67_status_surgery: 1 | ki67_surgery: 0.1 | histological_grade: 2 | nuclear_grade: 3 | lymphovascular_invasion: 0 | bilaterality: 0 | multiplicity: 0 | surgery_type: 1 | surgical_site: 2 | tumor_size: 2.8(Tis) | regional_lymph_nodes: 0 | tnm_stage_pathologic: 1 | pcr_status: 0 | proliferative_index: 34.4123631 | cyt_score: 12.66265375 | subtype_pam50: Basal | subtype_nmc: TN | subtype_ihc: TN | tumor_purity_pathology: 0.4 | cin_score: 15.93424629 | tumor_purity_facets: 0.289149898 | tumor_purity_consensus: 0.289149898 | tumor_ploidy: 2.36657153 | cnv_burden_del: 0.005358501 | cnv_burden_hemizygote: 0.096212226 | loh_burden_burden: 0.006220417 | cnv_burden_gain: 0.54721863 | cnv_burden_amp: 0.047850996 | til_count: 2124 | tissue_area: 21236900 | til_density: 100.01459723406 | time: T1 | subtype_consensus: TN | mut_load: 25,,UNRESOLVED,LOW,NO_DECISIVE_EVIDENCE,,,,,False
GEO:GSE123845,GSM3514181,OB_17_0230_2,Primary Tumor,gender: Female | age: 43.86944444 | menopausal_status: Premenopausal | bc_family_history: Yes | brca1_status: Not Detected | brca2_status: Not Detected | cell_type_diagnosis: Invasive ductal carcinoma | er_status_diagnosis: 0 | er_score_diagnosis: 2 | pr_status_diagnosis: 0 | pr_score_diagnosis: 3 | her2_status_diagnosis: 0 | her2_score_diagnosis: 2 | ki67_status_diagnosis: 3 | ki67_diagnosis: 60-70% | tnm_stage_clinical: 999 | nac_drug: AC+T | er_status_surgery: 0 | er_score_surgery: 2 | pr_status_surgery: 0 | pr_score_surgery: 0 | her2_status_surgery: 0 | her2_score_surgery: 1 | ki67_status_surgery: 1 | ki67_surgery: 0.1 | histological_grade: 2 | nuclear_grade: 3 | lymphovascular_invasion: 0 | bilaterality: 0 | multiplicity: 0 | surgery_type: 1 | surgical_site: 2 | tumor_size: 2.8(Tis) | regional_lymph_nodes: 0 | tnm_stage_pathologic: 1 | pcr_status: 0 | proliferative_index: 5.033203128 | cyt_score: 28.44475347 | subtype_pam50: Normal | subtype_nmc: ER+ | subtype_ihc: TN | tumor_purity_pathology: 0.4 | cin_score: 37.43809118 | tumor_purity_facets: 0.523482272 | tumor_purity_consensus: 0.523482272 | tumor_ploidy: 3.46857633 | cnv_burden_del: 0.00095588 | cnv_burden_hemizygote: 0.009557178 | loh_burden_burden: 0 | cnv_burden_gain: 0.488360337 | cnv_burden_amp: 0.183743224 | til_count: 319 | tissue_area: 10841400 | til_density: 29.4242441013153 | time: T2 | subtype_consensus: TN | mut_load: 11,,UNRESOLVED,LOW,NO_DECISIVE_EVIDENCE,,,,,False
GEO:GSE123845,GSM3514182,OB_17_0234_1,Primary Tumor,gender: Female | age: 49.44166667 | menopausal_status: Premenopausal | bc_family_history: No | brca1_status: 999 | brca2_status: 999 | cell_type_diagnosis: Invasive ductal carcinoma | er_status_diagnosis: 0 | er_score_diagnosis: 0 | pr_status_diagnosis: 0 | pr_score_diagnosis: 0 | her2_status_diagnosis: 0 | her2_score_diagnosis: 0 | ki67_status_diagnosis: 1 | ki67_diagnosis: 5-10% | tnm_stage_clinical: cT2N1-2M0 | nac_drug: AC+T | er_status_surgery: 0 | er_score_surgery: 0 | pr_status_surgery: 0 | pr_score_surgery: 0 | her2_status_surgery: 0 | her2_score_surgery: 1 | ki67_status_surgery: 3 | ki67_surgery: 60-70% | histological_grade: 3 | nuclear_grade: 3 | lymphovascular_invasion: 0 | bilaterality: 0 | multiplicity: 0 | surgery_type: 0 | surgical_site: 1 | tumor_size: 2.1 | regional_lymph_nodes: 0 | tnm_stage_pathologic: 7 | pcr_status: 1 | proliferative_index: 20.4482816 | cyt_score: 7.486588008 | subtype_pam50: Her2 | subtype_nmc: TN | subtype_ihc: TN | tumor_purity_pathology: 0.8 | cin_score: 20.94403464 | tumor_purity_facets: 0.348659988 | tumor_purity_consensus: 0.348659988 | tumor_ploidy: 3.585259437 | cnv_burden_del: 0 | cnv_burden_hemizygote: 0.015175838 | loh_burden_burden: 0 | cnv_burden_gain: 0.455358413 | cnv_burden_amp: 0.327273345 | til_count: 261 | tissue_area: 22679500 | til_density: 11.5081902158337 | time: T1 | subtype_consensus: TN | mut_load: 12,,UNRESOLVED,LOW,NO_DECISIVE_EVIDENCE,,,,,False
GEO:GSE123845,GSM3514183,OB_17_0234_2,Primary Tumor,gender: Female | age: 49.44166667 | menopausal_status: Premenopausal | bc_family_history: No | brca1_status: 999 | brca2_status: 999 | cell_type_diagnosis: Invasive ductal carcinoma | er_status_diagnosis: 0 | er_score_diagnosis: 0 | pr_status_diagnosis: 0 | pr_score_diagnosis: 0 | her2_status_diagnosis: 0 | her2_score_diagnosis: 0 | ki67_status_diagnosis: 1 | ki67_diagnosis: 5-10% | tnm_stage_clinical: cT2N1-2M0 | nac_drug: AC+T | er_status_surgery: 0 | er_score_surgery: 0 | pr_status_surgery: 0 | pr_score_surgery: 0 | her2_status_surgery: 0 | her2_score_surgery: 1 | ki67_status_surgery: 3 | ki67_surgery: 60-70% | histological_grade: 3 | nuclear_grade: 3 | lymphovascular_invasion: 0 | bilaterality: 0 | multiplicity: 0 | surgery_type: 0 | surgical_site: 1 | tumor_size: 2.1 | regional_lymph_nodes: 0 | tnm_stage_pathologic: 7 | pcr_status: 1 | proliferative_index: 14.87724884 | cyt_score: 37.8011058 | subtype_pam50: LumA | subtype_nmc: TN | subtype_ihc: TN | tumor_purity_pathology: 0.02 | cin_score: 19.86588368 | tumor_purity_facets: 0.281994901 | tumor_purity_consensus: 0.281994901 | tumor_ploidy: 1.657450872 | cnv_burden_del: 0.090482252 | cnv_burden_hemizygote: 0.166712098 | loh_burden_burden: 0 | cnv_burden_gain: 0.333731258 | cnv_burden_amp: 0.000116133 | til_count: 565 | tissue_area: 34062500 | til_density: 16.5871559633028 | time: T2 | subtype_consensus: TN | mut_load: 12,,UNRESOLVED,LOW,NO_DECISIVE_EVIDENCE,,,,,False
GEO:GSE123845,GSM3514184,OB_17_0234_3,Primary Tumor,gender: Female | age: 49.44166667 | menopausal_status: Premenopausal | bc_family_history: No | brca1_status: 999 | brca2_status: 999 | cell_type_diagnosis: Invasive ductal carcinoma | er_status_diagnosis: 0 | er_score_diagnosis: 0 | pr_status_diagnosis: 0 | pr_score_diagnosis: 0 | her2_status_diagnosis: 0 | her2_score_diagnosis: 0 | ki67_status_diagnosis: 1 | ki67_diagnosis: 5-10% | tnm_stage_clinical: cT2N1-2M0 | nac_drug: AC+T | er_status_surgery: 0 | er_score_surgery: 0 | pr_status_surgery: 0 | pr_score_surgery: 0 | her2_status_surgery: 0 | her2_score_surgery: 1 | ki67_status_surgery: 3 | ki67_surgery: 60-70% | histological_grade: 3 | nuclear_grade: 3 | lymphovascular_invasion: 0 | bilaterality: 0 | multiplicity: 0 | surgery_type: 0 | surgical_site: 1 | tumor_size: 2.1 | regional_lymph_nodes: 0 | tnm_stage_pathologic: 7 | pcr_status: 1 | proliferative_index: 46.43975616 | cyt_score: 2.672377219 | subtype_pam50: Basal | subtype_nmc: TN | subtype_ihc: TN | tumor_purity_pathology: 0.8 | cin_score: 14.38579513 | tumor_purity_facets: 0.422865597 | tumor_purity_consensus: 0.422865597 | tumor_ploidy: 2.806949709 | cnv_burden_del: 0.00057418 | cnv_burden_hemizygote: 0.038596809 | loh_burden_burden: 0.240336832 | cnv_burden_gain: 0.370060288 | cnv_burden_amp: 0.047082596 | til_count: 2645 | tissue_area: 83397000 | til_density: 31.7157691523676 | time: T3 | subtype_consensus: TN | mut_load: 19,,UNRESOLVED,LOW,NO_DECISIVE_EVIDENCE,,,,,False
GEO:GSE123845,GSM3514185,OB_17_0249_1,Primary Tumor,gender: Female | age: 60.88611111 | menopausal_status: Postmenopausal | bc_family_history: No | brca1_status: 999 | brca2_status: 999 | cell_type_diagnosis: Invasive ductal carcinoma | er_status_diagnosis: 1 | er_score_diagnosis: 8 | pr_status_diagnosis: 0 | pr_score_diagnosis: 3 | her2_status_diagnosis: 0 | her2_score_diagnosis: 1 | ki67_status_diagnosis: 2 | ki67_diagnosis: 30-40% | tnm_stage_clinical: cT3N2M0 | nac_drug: AC+T | er_status_surgery: 1 | er_score_surgery: 8 | pr_status_surgery: 1 | pr_score_surgery: 5 | her2_status_surgery: 0 | her2_score_surgery: 2 | ki67_status_surgery: 1 | ki67_surgery: <5% | histological_grade: 1 | nuclear_grade: 2 | lymphovascular_invasion: 0 | bilaterality: 0 | multiplicity: 0 | surgery_type: 0 | surgical_site: 1 | tumor_size: 7 | regional_lymph_nodes: 7 | tnm_stage_pathologic: 14 | pcr_status: 1 | proliferative_index: 20.75542232 | cyt_score: 1.515519713 | subtype_pam50: LumB | subtype_nmc: ER+ | subtype_ihc: ER+ | tumor_purity_pathology: 0.6 | cin_score: 33.32881516 | tumor_purity_facets: 0.45191773 | tumor_purity_consensus: 0.45191773 | tumor_ploidy: 3.37860013 | cnv_burden_del: 0.009132977 | cnv_burden_hemizygote: 0.027901154 | loh_burden_burden: 0.039648622 | cnv_burden_gain: 0.285421828 | cnv_burden_amp: 0.289271378 | til_count: 2913 | tissue_area: 24601500 | til_density: 118.407414182062 | time: T1 | subtype_consensus: ER+ | mut_load: 27,,UNRESOLVED,LOW,NO_DECISIVE_EVIDENCE,,,,,False
GEO:GSE123845,GSM3514186,OB_17_0255_2,Primary Tumor,gender: Female | age: 45.48888889 | menopausal_status: Premenopausal | bc_family_history: No | brca1_status: 999 | brca2_status: 999 | cell_type_diagnosis: Invasive ductal carcinoma | er_status_diagnosis: 0 | er_score_diagnosis: 0 | pr_status_diagnosis: 0 | pr_score_diagnosis: 0 | her2_status_diagnosis: 0 | her2_score_diagnosis: 1 | ki67_status_diagnosis: 1 | ki67_diagnosis: 20-30% | tnm_stage_clinical: cT2(multiple)N0N0 | nac_drug: AC+T | er_status_surgery: 0 | er_score_surgery: 0 | pr_status_surgery: 0 | pr_score_surgery: 0 | her2_status_surgery: 0 | her2_score_surgery: 1 | ki67_status_surgery: 1 | ki67_surgery: <10% | histological_grade: 2 | nuclear_grade: 3 | lymphovascular_invasion: 0 | bilaterality: 0 | multiplicity: 1 | surgery_type: 1 | surgical_site: 2 | tumor_size: 0.8 | regional_lymph_nodes: 0 | tnm_stage_pathologic: 2 | pcr_status: 1 | proliferative_index: 7.940675401 | cyt_score: 2.444176753 | subtype_pam50: LumA | subtype_nmc: TN | subtype_ihc: TN | tumor_purity_pathology: 0.05 | cin_score: 22.61205249 | tumor_purity_facets: 0.281270886 | tumor_purity_consensus: 0.281270886 | tumor_ploidy: 2.925171452 | cnv_burden_del: 0.007002197 | cnv_burden_hemizygote: 0.05114816 | loh_burden_burden: 0 | cnv_burden_gain: 0.668810711 | cnv_burden_amp: 0.068864434 | til_count: 973 | tissue_area: 28806500 | til_density: 33.7770989186468 | time: T2 | subtype_consensus: TN | mut_load: 16,,UNRESOLVED,LOW,NO_DECISIVE_EVIDENCE,,,,,False
GEO:GSE123845,GSM3514187,OB_17_0257_1,Primary Tumor,gender: Female | age: 58.40277778 | menopausal_status: Postmenopausal | bc_family_history: No | brca1_status: Not Detected | brca2_status: Not Detected | cell_type_diagnosis: Invasive ductal carcinoma | er_status_diagnosis: 1 | er_score_diagnosis: 8 | pr_status_diagnosis: 1 | pr_score_diagnosis: 8 | her2_status_diagnosis: 0 | her2_score_diagnosis: 1 | ki67_status_diagnosis: 2 | ki67_diagnosis: 30-40% | tnm_stage_clinical: cT2N1M0 | nac_drug: AC+T | er_status_surgery: 1 | er_score_surgery: 8 | pr_status_surgery: 1 | pr_score_surgery: 8 | her2_status_surgery: 0 | her2_score_surgery: 1 | ki67_status_surgery: 1 | ki67_surgery: 0.05 | histological_grade: 2 | nuclear_grade: 3 | lymphovascular_invasion: 0 | bilaterality: 0 | multiplicity: 0 | surgery_type: 1 | surgical_site: 2 | tumor_size: 2.1 | regional_lymph_nodes: 1 | tnm_stage_pathologic: 8 | pcr_status: 1 | proliferative_index: 19.12010185 | cyt_score: 4.967484273 | subtype_pam50: LumB | subtype_nmc: ER+ | subtype_ihc: ER+ | tumor_purity_pathology: 0.7 | cin_score: 37.26235639 | tumor_purity_facets: 0.437047065 | tumor_purity_consensus: 0.437047065 | tumor_ploidy: 2.573348243 | cnv_burden_del: 0.024738514 | cnv_burden_hemizygote: 0.127555766 | loh_burden_burden: 0.004031976 | cnv_burden_gain: 0.395159339 | cnv_burden_amp: 0.121590485 | til_count: 5153 | tissue_area: 25043400 | til_density: 205.762795786515 | time: T1 | subtype_consensus: ER+ | mut_load: 37,,UNRESOLVED,LOW,NO_DECISIVE_EVIDENCE,,,,,False
GEO:GSE123845,GSM3514188,OB_17_0257_2,Primary Tumor,gender: Female | age: 58.40277778 | menopausal_status: Postmenopausal | bc_family_history: No | brca1_status: Not Detected | brca2_status: Not Detected | cell_type_diagnosis: Invasive ductal carcinoma | er_status_diagnosis: 1 | er_score_diagnosis: 8 | pr_status_diagnosis: 1 | pr_score_diagnosis: 8 | her2_status_diagnosis: 0 | her2_score_diagnosis: 1 | ki67_status_diagnosis: 2 | ki67_diagnosis: 30-40% | tnm_stage_clinical: cT2N1M0 | nac_drug: AC+T | er_status_surgery: 1 | er_score_surgery: 8 | pr_status_surgery: 1 | pr_score_surgery: 8 | her2_status_surgery: 0 | her2_score_surgery: 1 | ki67_status_surgery: 1 | ki67_surgery: 0.05 | histological_grade: 2 | nuclear_grade: 3 | lymphovascular_invasion: 0 | bilaterality: 0 | multiplicity: 0 | surgery_type: 1 | surgical_site: 2 | tumor_size: 2.1 | regional_lymph_nodes: 1 | tnm_stage_pathologic: 8 | pcr_status: 1 | proliferative_index: 14.01779105 | cyt_score: 8.447336858 | subtype_pam50: LumA | subtype_nmc: ER+ | subtype_ihc: ER+ | tumor_purity_pathology: 0.5 | cin_score: 12.03300036 | tumor_purity_facets: 0.244086111 | tumor_purity_consensus: 0.244086111 | tumor_ploidy: 2.681776447 | cnv_burden_del: 0.000152567 | cnv_burden_hemizygote: 0.059558634 | loh_burden_burden: 0 | cnv_burden_gain: 0.654393657 | cnv_burden_amp: 0.016970209 | til_count: 1496 | tissue_area: 21799200 | til_density: 68.6263716099673 | time: T2 | subtype_consensus: ER+ | mut_load: 30,,UNRESOLVED,LOW,NO_DECISIVE_EVIDENCE,,,,,False
GEO:GSE123845,GSM3514189,OB_17_0266_1,Primary Tumor,gender: Female | age: 43.575 | menopausal_status: Premenopausal | bc_family_history: No | brca1_status: Not Detected | brca2_status: Not Detected | cell_type_diagnosis: Invasive ductal carcinoma | er_status_diagnosis: 1 | er_score_diagnosis: 7 | pr_status_diagnosis: 1 | pr_score_diagnosis: 8 | her2_status_diagnosis: 0 | her2_score_diagnosis: 0 | ki67_status_diagnosis: 1 | ki67_diagnosis: 10-20% | tnm_stage_clinical: cT2N0M0 | nac_drug: AC+T | er_status_surgery: 0 | er_score_surgery: 1 | pr_status_surgery: 7 | pr_score_surgery: 1 | her2_status_surgery: 5 | her2_score_surgery: 0 | ki67_status_surgery: 1 | ki67_surgery: <5% | histological_grade: 2 | nuclear_grade: 2 | lymphovascular_invasion: 0 | bilaterality: 0 | multiplicity: 0 | surgery_type: 1 | surgical_site: 1 | tumor_size: 0.7 | regional_lymph_nodes: 0 | tnm_stage_pathologic: 2 | pcr_status: 1 | proliferative_index: 11.12563919 | cyt_score: 1.146647287 | subtype_pam50: LumA | subtype_nmc: ER+ | subtype_ihc: ER+ | tumor_purity_pathology: 0.3 | cin_score: 26.49542091 | tumor_purity_facets: 0.400324354 | tumor_purity_consensus: 0.400324354 | tumor_ploidy: 3.184586222 | cnv_burden_del: 0.010203374 | cnv_burden_hemizygote: 0.084724392 | loh_burden_burden: 0.046802048 | cnv_burden_gain: 0.311935703 | cnv_burden_amp: 0.383387588 | til_count: 1822 | tissue_area: 25082100 | til_density: 72.641445493001 | time: T1 | subtype_consensus: ER+ | mut_load: 32,,UNRESOLVED,LOW,NO_DECISIVE_EVIDENCE,,,,,False
GEO:GSE123845,GSM3514190,OB_17_0266_2,Primary Tumor,gender: Female | age: 43.575 | menopausal_status: Premenopausal | bc_family_history: No | brca1_status: Not Detected | brca2_status: Not Detected | cell_type_diagnosis: Invasive ductal carcinoma | er_status_diagnosis: 1 | er_score_diagnosis: 7 | pr_status_diagnosis: 1 | pr_score_diagnosis: 8 | her2_status_diagnosis: 0 | her2_score_diagnosis: 0 | ki67_status_diagnosis: 1 | ki67_diagnosis: 10-20% | tnm_stage_clinical: cT2N0M0 | nac_drug: AC+T | er_status_surgery: 0 | er_score_surgery: 1 | pr_status_surgery: 7 | pr_score_surgery: 1 | her2_status_surgery: 5 | her2_score_surgery: 0 | ki67_status_surgery: 1 | ki67_surgery: <5% | histological_grade: 2 | nuclear_grade: 2 | lymphovascular_invasion: 0 | bilaterality: 0 | multiplicity: 0 | surgery_type: 1 | surgical_site: 1 | tumor_size: 0.7 | regional_lymph_nodes: 0 | tnm_stage_pathologic: 2 | pcr_status: 1 | proliferative_index: 21.18269213 | cyt_score: 2.062425756 | subtype_pam50: LumB | subtype_nmc: ER+ | subtype_ihc: ER+ | tumor_purity_pathology: 0.7 | cin_score: 33.53688591 | tumor_purity_facets: 0.329110927 | tumor_purity_consensus: 0.329110927 | tumor_ploidy: 2.677713082 | cnv_burden_del: 0.068570886 | cnv_burden_hemizygote: 0.099020229 | loh_burden_burden: 0.001166112 | cnv_burden_gain: 0.396589136 | cnv_burden_amp: 0.176520845 | til_count: 1802 | tissue_area: 60731700 | til_density: 29.6714895186534 | time: T2 | subtype_consensus: ER+ | mut_load: 35,,UNRESOLVED,LOW,NO_DECISIVE_EVIDENCE,,,,,False
GEO:GSE123845,GSM3514191,OB_17_0275_1,Primary Tumor,gender: Female | age: 56.77222222 | menopausal_status: Postmenopausal | bc_family_history: No | brca1_status: Not Detected | brca2_status: Not Detected | cell_type_diagnosis: Invasive ductal carcinoma | er_status_diagnosis: 0 | er_score_diagnosis: 0 | pr_status_diagnosis: 0 | pr_score_diagnosis: 0 | her2_status_diagnosis: 1 | her2_score_diagnosis: 3 | ki67_status_diagnosis: 3 | ki67_diagnosis: 60-70% | tnm_stage_clinical: cT3N2-3M0 | nac_drug: AC+T+Trastuzumab | er_status_surgery: 0 | er_score_surgery: 0 | pr_status_surgery: 0 | pr_score_surgery: 0 | her2_status_surgery: 1 | her2_score_surgery: 3 | ki67_status_surgery: 3 | ki67_surgery: 50-60% | histological_grade: 3 | nuclear_grade: 3 | lymphovascular_invasion: 0 | bilaterality: 0 | multiplicity: 0 | surgery_type: 1 | surgical_site: 1 | tumor_size: 0.7 | regional_lymph_nodes: 0 | tnm_stage_pathologic: 2 | pcr_status: 1 | proliferative_index: 25.33092307 | cyt_score: 8.842827602 | subtype_pam50: Her2 | subtype_nmc: HER2+ | subtype_ihc: HER2+ | tumor_purity_pathology: 0.6 | cin_score: 30.2982412 | tumor_purity_facets: 0.35206226 | tumor_purity_consensus: 0.35206226 | tumor_ploidy: 2.690161835 | cnv_burden_del: 0.039701469 | cnv_burden_hemizygote: 0.122846375 | loh_burden_burden: 0.006870083 | cnv_burden_gain: 0.435122536 | cnv_burden_amp: 0.08863728 | til_count: 2996 | tissue_area: 23407200 | til_density: 127.99480501726 | time: T1 | subtype_consensus: HER2+ | mut_load: 114,,UNRESOLVED,LOW,NO_DECISIVE_EVIDENCE,,,,,False
GEO:GSE123845,GSM3514192,OB_17_0275_2,Primary Tumor,gender: Female | age: 56.77222222 | menopausal_status: Postmenopausal | bc_family_history: No | brca1_status: Not Detected | brca2_status: Not Detected | cell_type_diagnosis: Invasive ductal carcinoma | er_status_diagnosis: 0 | er_score_diagnosis: 0 | pr_status_diagnosis: 0 | pr_score_diagnosis: 0 | her2_status_diagnosis: 1 | her2_score_diagnosis: 3 | ki67_status_diagnosis: 3 | ki67_diagnosis: 60-70% | tnm_stage_clinical: cT3N2-3M0 | nac_drug: AC+T+Trastuzumab | er_status_surgery: 0 | er_score_surgery: 0 | pr_status_surgery: 0 | pr_score_surgery: 0 | her2_status_surgery: 1 | her2_score_surgery: 3 | ki67_status_surgery: 3 | ki67_surgery: 50-60% | histological_grade: 3 | nuclear_grade: 3 | lymphovascular_invasion: 0 | bilaterality: 0 | multiplicity: 0 | surgery_type: 1 | surgical_site: 1 | tumor_size: 0.7 | regional_lymph_nodes: 0 | tnm_stage_pathologic: 2 | pcr_status: 1 | proliferative_index: 26.28583362 | cyt_score: 4.74215141 | subtype_pam50: Her2 | subtype_nmc: HER2+ | subtype_ihc: HER2+ | tumor_purity_pathology: 0.7 | cin_score: 31.43002135 | tumor_purity_facets: 0.519772921 | tumor_purity_consensus: 0.519772921 | tumor_ploidy: 3.640176157 | cnv_burden_del: 0.003099825 | cnv_burden_hemizygote: 0.04898168 | loh_burden_burden: 0.023691478 | cnv_burden_gain: 0.204635589 | cnv_burden_amp: 0.453154703 | til_count: 4050 | tissue_area: 53851700 | til_density: 75.2065394407233 | time: T2 | subtype_consensus: HER2+ | mut_load: 152,,UNRESOLVED,LOW,NO_DECISIVE_EVIDENCE,,,,,False
GEO:GSE123845,GSM3514193,OB_17_0286_1,Primary Tumor,gender: Female | age: 61.825 | menopausal_status: Postmenopausal | bc_family_history: No | brca1_status: 999 | brca2_status: 999 | cell_type_diagnosis: Invasive ductal carcinoma | er_status_diagnosis: 1 | er_score_diagnosis: 5 | pr_status_diagnosis: 0 | pr_score_diagnosis: 0 | her2_status_diagnosis: 1 | her2_score_diagnosis: 3 | ki67_status_diagnosis: 2 | ki67_diagnosis: 0.3 | tnm_stage_clinical: cT2N1M0 | nac_drug: AC+T+Trastuzumab | er_status_surgery: 1 | er_score_surgery: 6 | pr_status_surgery: 0 | pr_score_surgery: 0 | her2_status_surgery: 1 | her2_score_surgery: 3 | ki67_status_surgery: 1 | ki67_surgery: 1-5% | histological_grade: 1 | nuclear_grade: 2 | lymphovascular_invasion: 0 | bilaterality: 0 | multiplicity: 0 | surgery_type: 1 | surgical_site: 1 | tumor_size: 3(Tis) | regional_lymph_nodes: 0 | tnm_stage_pathologic: 1 | pcr_status: 0 | proliferative_index: 13.42111862 | cyt_score: 25.37543103 | subtype_pam50: LumA | subtype_nmc: ER+HER2+ | subtype_ihc: ER+HER2+ | tumor_purity_pathology: 0.3 | cin_score: 24.74217477 | tumor_purity_facets: 0.341607716 | tumor_purity_consensus: 0.341607716 | tumor_ploidy: 2.853195914 | cnv_burden_del: 0.020808317 | cnv_burden_hemizygote: 0.111302459 | loh_burden_burden: 0.001033581 | cnv_burden_gain: 0.53558017 | cnv_burden_amp: 0.080075139 | til_count: 762 | tissue_area: 20029500 | til_density: 38.0438852692279 | time: T1 | subtype_consensus: ER+HER2+ | mut_load: 38,,UNRESOLVED,LOW,NO_DECISIVE_EVIDENCE,,,,,False
GEO:GSE123845,GSM3514194,OB_17_0286_2,Primary Tumor,gender: Female | age: 61.825 | menopausal_status: Postmenopausal | bc_family_history: No | brca1_status: 999 | brca2_status: 999 | cell_type_diagnosis: Invasive ductal carcinoma | er_status_diagnosis: 1 | er_score_diagnosis: 5 | pr_status_diagnosis: 0 | pr_score_diagnosis: 0 | her2_status_diagnosis: 1 | her2_score_diagnosis: 3 | ki67_status_diagnosis: 2 | ki67_diagnosis: 0.3 | tnm_stage_clinical: cT2N1M0 | nac_drug: AC+T+Trastuzumab | er_status_surgery: 1 | er_score_surgery: 6 | pr_status_surgery: 0 | pr_score_surgery: 0 | her2_status_surgery: 1 | her2_score_surgery: 3 | ki67_status_surgery: 1 | ki67_surgery: 1-5% | histological_grade: 1 | nuclear_grade: 2 | lymphovascular_invasion: 0 | bilaterality: 0 | multiplicity: 0 | surgery_type: 1 | surgical_site: 1 | tumor_size: 3(Tis) | regional_lymph_nodes: 0 | tnm_stage_pathologic: 1 | pcr_status: 0 | proliferative_index: 12.15170928 | cyt_score: 40.94488979 | subtype_pam50: LumA | subtype_nmc: ER+HER2+ | subtype_ihc: ER+HER2+ | tumor_purity_pathology: 0.3 | cin_score: 27.80714073 | tumor_purity_facets: 0.294261487 | tumor_purity_consensus: 0.294261487 | tumor_ploidy: 2.535708347 | cnv_burden_del: 0.079021894 | cnv_burden_hemizygote: 0.111670899 | loh_burden_burden: 0 | cnv_burden_gain: 0.51997441 | cnv_burden_amp: 0.096417881 | til_count: 3852 | tissue_area: 24736500 | til_density: 155.721302528652 | time: T2 | subtype_consensus: ER+HER2+ | mut_load: 10,,UNRESOLVED,LOW,NO_DECISIVE_EVIDENCE,,,,,False
GEO:GSE123845,GSM3514195,OB_17_0290_1,Primary Tumor,gender: Female | age: 37.58333333 | menopausal_status: Premenopausal | bc_family_history: No | brca1_status: 999 | brca2_status: 999 | cell_type_diagnosis: Invasive ductal carcinoma | er_status_diagnosis: 0 | er_score_diagnosis: 0 | pr_status_diagnosis: 1 | pr_score_diagnosis: 6 | her2_status_diagnosis: 0 | her2_score_diagnosis: 2 | ki67_status_diagnosis: 4 | ki67_diagnosis: 70-80% | tnm_stage_clinical: cT3N2M0 | nac_drug: AC+T | er_status_surgery: 999 | er_score_surgery: 999 | pr_status_surgery: 999 | pr_score_surgery: 999 | her2_status_surgery: 999 | her2_score_surgery: 999 | ki67_status_surgery: 999 | ki67_surgery: 999 | histological_grade: 999 | nuclear_grade: 999 | lymphovascular_invasion: 999 | bilaterality: 0 | multiplicity: 0 | surgery_type: 1 | surgical_site: 2 | tumor_size: 0 | regional_lymph_nodes: 0 | tnm_stage_pathologic: 77 | pcr_status: 0 | proliferative_index: 37.08214174 | cyt_score: 20.08804122 | subtype_pam50: Basal | subtype_nmc: TN | subtype_ihc: ER+ | tumor_purity_pathology: 0.2 | cin_score: 20.47950177 | tumor_purity_facets: 0.319539912 | tumor_purity_consensus: 0.319539912 | tumor_ploidy: 2.376680301 | cnv_burden_del: 0.032082218 | cnv_burden_hemizygote: 0.158683457 | loh_burden_burden: 0.008285095 | cnv_burden_gain: 0.471300858 | cnv_burden_amp: 0.039784552 | til_count: 8432 | tissue_area: 31947500 | til_density: 263.933015102903 | time: T1 | subtype_consensus: TN | mut_load: 48,,UNRESOLVED,LOW,NO_DECISIVE_EVIDENCE,,,,,False
GEO:GSE123845,GSM3514196,OB_17_0294_1,Primary Tumor,gender: Female | age: 37.65 | menopausal_status: Premenopausal | bc_family_history: Yes | brca1_status: Detected | brca2_status: Not Detected | cell_type_diagnosis: Invasive ductal carcinoma | er_status_diagnosis: 0 | er_score_diagnosis: 0 | pr_status_diagnosis: 1 | pr_score_diagnosis: 3 | her2_status_diagnosis: 0 | her2_score_diagnosis: 0 | ki67_status_diagnosis: 2 | ki67_diagnosis: 30-40% | tnm_stage_clinical: cT2N1M0 | nac_drug: AC+T | er_status_surgery: 0 | er_score_surgery: 0 | pr_status_surgery: 0 | pr_score_surgery: 0 | her2_status_surgery: 0 | her2_score_surgery: 999 | ki67_status_surgery: 2 | ki67_surgery: 60-70% | histological_grade: 3 | nuclear_grade: 3 | lymphovascular_invasion: 0 | bilaterality: 1 | multiplicity: 0 | surgery_type: 0 | surgical_site: 3 | tumor_size: 1.4 | regional_lymph_nodes: 1 | tnm_stage_pathologic: 6 | pcr_status: 1 | proliferative_index: 20.41123374 | cyt_score: 1.661144184 | subtype_pam50: Basal | subtype_nmc: TN | subtype_ihc: ER+ | tumor_purity_pathology: 0.7 | cin_score: 33.38237602 | tumor_purity_facets: 0.492777408 | tumor_purity_consensus: 0.492777408 | tumor_ploidy: 2.712050619 | cnv_burden_del: 0.008899945 | cnv_burden_hemizygote: 0.130683456 | loh_burden_burden: 0.164543926 | cnv_burden_gain: 0.197203463 | cnv_burden_amp: 0.114782409 | til_count: 1242 | tissue_area: 19428700 | til_density: 63.9260475482148 | time: T1 | subtype_consensus: TN | mut_load: 44,,UNRESOLVED,LOW,NO_DECISIVE_EVIDENCE,,,,,False
GEO:GSE123845,GSM3514197,OB_17_0294_2,Primary Tumor,gender: Female | age: 37.65 | menopausal_status: Premenopausal | bc_family_history: Yes | brca1_status: Detected | brca2_status: Not Detected | cell_type_diagnosis: Invasive ductal carcinoma | er_status_diagnosis: 0 | er_score_diagnosis: 0 | pr_status_diagnosis: 1 | pr_score_diagnosis: 3 | her2_status_diagnosis: 0 | her2_score_diagnosis: 0 | ki67_status_diagnosis: 2 | ki67_diagnosis: 30-40% | tnm_stage_clinical: cT2N1M0 | nac_drug: AC+T | er_status_surgery: 0 | er_score_surgery: 0 | pr_status_surgery: 0 | pr_score_surgery: 0 | her2_status_surgery: 0 | her2_score_surgery: 999 | ki67_status_surgery: 2 | ki67_surgery: 60-70% | histological_grade: 3 | nuclear_grade: 3 | lymphovascular_invasion: 0 | bilaterality: 1 | multiplicity: 0 | surgery_type: 0 | surgical_site: 3 | tumor_size: 1.4 | regional_lymph_nodes: 1 | tnm_stage_pathologic: 6 | pcr_status: 1 | proliferative_index: 35.15378964 | cyt_score: 6.018371873 | subtype_pam50: Basal | subtype_nmc: TN | subtype_ihc: ER+ | tumor_purity_pathology: 0.6 | cin_score: 25.80332857 | tumor_purity_facets: 0.490517603 | tumor_purity_consensus: 0.490517603 | tumor_ploidy: 3.056614004 | cnv_burden_del: 0.017747822 | cnv_burden_hemizygote: 0.041552405 | loh_burden_burden: 0.034830335 | cnv_burden_gain: 0.283145208 | cnv_burden_amp: 0.425159068 | til_count: 2813 | tissue_area: 27447300 | til_density: 102.487312048908 | time: T2 | subtype_consensus: TN | mut_load: 36,,UNRESOLVED,LOW,NO_DECISIVE_EVIDENCE,,,,,False
GEO:GSE123845,GSM3514198,OB_17_0312_1,Primary Tumor,gender: Female | age: 36.20833333 | menopausal_status: Premenopausal | bc_family_history: No | brca1_status: Not Detected | brca2_status: Not Detected | cell_type_diagnosis: Invasive ductal carcinoma | er_status_diagnosis: 1 | er_score_diagnosis: 7 | pr_status_diagnosis: 1 | pr_score_diagnosis: 8 | her2_status_diagnosis: 0 | her2_score_diagnosis: 0 | ki67_status_diagnosis: 2 | ki67_diagnosis: 30-40% | tnm_stage_clinical: 999 | nac_drug: AC+T | er_status_surgery: 1 | er_score_surgery: 8 | pr_status_surgery: 1 | pr_score_surgery: 8 | her2_status_surgery: 0 | her2_score_surgery: 0 | ki67_status_surgery: 2 | ki67_surgery: 60-70% | histological_grade: 2 | nuclear_grade: 3 | lymphovascular_invasion: 0 | bilaterality: 0 | multiplicity: 0 | surgery_type: 1 | surgical_site: 1 | tumor_size: 2 | regional_lymph_nodes: 1 | tnm_stage_pathologic: 6 | pcr_status: 1 | proliferative_index: 17.94648728 | cyt_score: 1.886796226 | subtype_pam50: LumA | subtype_nmc: ER+ | subtype_ihc: ER+ | tumor_purity_pathology: 0.7 | cin_score: 27.84362647 | tumor_purity_facets: 0.648229979 | tumor_purity_consensus: 0.648229979 | tumor_ploidy: 4.503366284 | cnv_burden_del: 0.0003117 | cnv_burden_hemizygote: 0.005534352 | loh_burden_burden: 0.037668436 | cnv_burden_gain: 0.230100571 | cnv_burden_amp: 0.550094156 | til_count: 5082 | tissue_area: 26245900 | til_density: 193.63024319989 | time: T1 | subtype_consensus: ER+ | mut_load: 21,,UNRESOLVED,LOW,NO_DECISIVE_EVIDENCE,,,,,False
GEO:GSE123845,GSM3514199,OB_17_0312_2,Primary Tumor,gender: Female | age: 36.20833333 | menopausal_status: Premenopausal | bc_family_history: No | brca1_status: Not Detected | brca2_status: Not Detected | cell_type_diagnosis: Invasive ductal carcinoma | er_status_diagnosis: 1 | er_score_diagnosis: 7 | pr_status_diagnosis: 1 | pr_score_diagnosis: 8 | her2_status_diagnosis: 0 | her2_score_diagnosis: 0 | ki67_status_diagnosis: 2 | ki67_diagnosis: 30-40% | tnm_stage_clinical: 999 | nac_drug: AC+T | er_status_surgery: 1 | er_score_surgery: 8 | pr_status_surgery: 1 | pr_score_surgery: 8 | her2_status_surgery: 0 | her2_score_surgery: 0 | ki67_status_surgery: 2 | ki67_surgery: 60-70% | histological_grade: 2 | nuclear_grade: 3 | lymphovascular_invasion: 0 | bilaterality: 0 | multiplicity: 0 | surgery_type: 1 | surgical_site: 1 | tumor_size: 2 | regional_lymph_nodes: 1 | tnm_stage_pathologic: 6 | pcr_status: 1 | proliferative_index: 16.50982434 | cyt_score: 2.465664211 | subtype_pam50: LumA | subtype_nmc: ER+ | subtype_ihc: ER+ | tumor_purity_pathology: 0.7 | cin_score: 12.19849203 | tumor_purity_facets: 0.257330986 | tumor_purity_consensus: 0.257330986 | tumor_ploidy: 2.553120733 | cnv_burden_del: 0.003955325 | cnv_burden_hemizygote: 0.012866943 | loh_burden_burden: 0.215829257 | cnv_burden_gain: 0.537864417 | cnv_burden_amp: 0.035864454 | til_count: 409 | tissue_area: 13583900 | til_density: 30.109173359639 | time: T2 | subtype_consensus: ER+ | mut_load: 14,,UNRESOLVED,LOW,NO_DECISIVE_EVIDENCE,,,,,False
GEO:GSE132055,GSM3840098,AU565-P,human breast cancer cells,cell model: AU565 | anti-her2 resistance: Sensitive | treatment: None (parental),"HER2+ breast cancer cells resistant to HER2-targeted therapy were generated by long term culture of the parental (P) cells in their original media with increasing concentrations of lapatinib (0.1 to 1 μM), or lapatinib (0.1 to 1 μM) plus trastuzumab (1 to 50 μg/ml). Responsive cells were cultured with their respective treatments until growth resumed. The time to the development of resistant growth varied from 3 to 12 months. P cells were also treated for 24 h with lapatinib (1 µM) or lapatinib plus trastuzumab (L: 1 µM, T: 50 µg/ml).",UNRESOLVED,LOW,NO_DECISIVE_EVIDENCE,,,,,False
GEO:GSE132055,GSM3840099,AU565-P L,human breast cancer cells,"cell model: AU565 | anti-her2 resistance: Sensitive | treatment: Lapatinib, 24h","HER2+ breast cancer cells resistant to HER2-targeted therapy were generated by long term culture of the parental (P) cells in their original media with increasing concentrations of lapatinib (0.1 to 1 μM), or lapatinib (0.1 to 1 μM) plus trastuzumab (1 to 50 μg/ml). Responsive cells were cultured with their respective treatments until growth resumed. The time to the development of resistant growth varied from 3 to 12 months. P cells were also treated for 24 h with lapatinib (1 µM) or lapatinib plus trastuzumab (L: 1 µM, T: 50 µg/ml).",UNRESOLVED,LOW,NO_DECISIVE_EVIDENCE,,,,,False
GEO:GSE132055,GSM3840100,AU565-P LT,human breast cancer cells,"cell model: AU565 | anti-her2 resistance: Sensitive | treatment: Lapatinib plus trastuzumab, 24h","HER2+ breast cancer cells resistant to HER2-targeted therapy were generated by long term culture of the parental (P) cells in their original media with increasing concentrations of lapatinib (0.1 to 1 μM), or lapatinib (0.1 to 1 μM) plus trastuzumab (1 to 50 μg/ml). Responsive cells were cultured with their respective treatments until growth resumed. The time to the development of resistant growth varied from 3 to 12 months. P cells were also treated for 24 h with lapatinib (1 µM) or lapatinib plus trastuzumab (L: 1 µM, T: 50 µg/ml).",UNRESOLVED,LOW,NO_DECISIVE_EVIDENCE,,,,,False
GEO:GSE132055,GSM3840101,AU565-LR,human breast cancer cells,"cell model: AU565 | anti-her2 resistance: Resistant | treatment: Lapatinib, long-term","HER2+ breast cancer cells resistant to HER2-targeted therapy were generated by long term culture of the parental (P) cells in their original media with increasing concentrations of lapatinib (0.1 to 1 μM), or lapatinib (0.1 to 1 μM) plus trastuzumab (1 to 50 μg/ml). Responsive cells were cultured with their respective treatments until growth resumed. The time to the development of resistant growth varied from 3 to 12 months. P cells were also treated for 24 h with lapatinib (1 µM) or lapatinib plus trastuzumab (L: 1 µM, T: 50 µg/ml).",UNRESOLVED,LOW,NO_DECISIVE_EVIDENCE,,,,,False
GEO:GSE132055,GSM3840102,AU565-LTR,human breast cancer cells,"cell model: AU565 | anti-her2 resistance: Resistant | treatment: Lapatinib plus trastuzumab, long-term","HER2+ breast cancer cells resistant to HER2-targeted therapy were generated by long term culture of the parental (P) cells in their original media with increasing concentrations of lapatinib (0.1 to 1 μM), or lapatinib (0.1 to 1 μM) plus trastuzumab (1 to 50 μg/ml). Responsive cells were cultured with their respective treatments until growth resumed. The time to the development of resistant growth varied from 3 to 12 months. P cells were also treated for 24 h with lapatinib (1 µM) or lapatinib plus trastuzumab (L: 1 µM, T: 50 µg/ml).",UNRESOLVED,LOW,NO_DECISIVE_EVIDENCE,,,,,False
GEO:GSE132055,GSM3840103,SKBR3-P,human breast cancer cells,cell model: SKBR3 | anti-her2 resistance: Sensitive | treatment: None (parental),"HER2+ breast cancer cells resistant to HER2-targeted therapy were generated by long term culture of the parental (P) cells in their original media with increasing concentrations of lapatinib (0.1 to 1 μM), or lapatinib (0.1 to 1 μM) plus trastuzumab (1 to 50 μg/ml). Responsive cells were cultured with their respective treatments until growth resumed. The time to the development of resistant growth varied from 3 to 12 months. P cells were also treated for 24 h with lapatinib (1 µM) or lapatinib plus trastuzumab (L: 1 µM, T: 50 µg/ml).",UNRESOLVED,LOW,NO_DECISIVE_EVIDENCE,,,,,False
GEO:GSE132055,GSM3840104,SKBR3-P L,human breast cancer cells,"cell model: SKBR3 | anti-her2 resistance: Sensitive | treatment: Lapatinib, 24h","HER2+ breast cancer cells resistant to HER2-targeted therapy were generated by long term culture of the parental (P) cells in their original media with increasing concentrations of lapatinib (0.1 to 1 μM), or lapatinib (0.1 to 1 μM) plus trastuzumab (1 to 50 μg/ml). Responsive cells were cultured with their respective treatments until growth resumed. The time to the development of resistant growth varied from 3 to 12 months. P cells were also treated for 24 h with lapatinib (1 µM) or lapatinib plus trastuzumab (L: 1 µM, T: 50 µg/ml).",UNRESOLVED,LOW,NO_DECISIVE_EVIDENCE,,,,,False
GEO:GSE132055,GSM3840105,SKBR3-P LT,human breast cancer cells,"cell model: SKBR3 | anti-her2 resistance: Sensitive | treatment: Lapatinib plus trastuzumab, 24h","HER2+ breast cancer cells resistant to HER2-targeted therapy were generated by long term culture of the parental (P) cells in their original media with increasing concentrations of lapatinib (0.1 to 1 μM), or lapatinib (0.1 to 1 μM) plus trastuzumab (1 to 50 μg/ml). Responsive cells were cultured with their respective treatments until growth resumed. The time to the development of resistant growth varied from 3 to 12 months. P cells were also treated for 24 h with lapatinib (1 µM) or lapatinib plus trastuzumab (L: 1 µM, T: 50 µg/ml).",UNRESOLVED,LOW,NO_DECISIVE_EVIDENCE,,,,,False
GEO:GSE132055,GSM3840106,SKBR3-LR,human breast cancer cells,"cell model: SKBR3 | anti-her2 resistance: Resistant | treatment: Lapatinib, long-term","HER2+ breast cancer cells resistant to HER2-targeted therapy were generated by long term culture of the parental (P) cells in their original media with increasing concentrations of lapatinib (0.1 to 1 μM), or lapatinib (0.1 to 1 μM) plus trastuzumab (1 to 50 μg/ml). Responsive cells were cultured with their respective treatments until growth resumed. The time to the development of resistant growth varied from 3 to 12 months. P cells were also treated for 24 h with lapatinib (1 µM) or lapatinib plus trastuzumab (L: 1 µM, T: 50 µg/ml).",UNRESOLVED,LOW,NO_DECISIVE_EVIDENCE,,,,,False
GEO:GSE132055,GSM3840107,SKBR3-LTR,human breast cancer cells,"cell model: SKBR3 | anti-her2 resistance: Resistant | treatment: Lapatinib plus trastuzumab, long-term","HER2+ breast cancer cells resistant to HER2-targeted therapy were generated by long term culture of the parental (P) cells in their original media with increasing concentrations of lapatinib (0.1 to 1 μM), or lapatinib (0.1 to 1 μM) plus trastuzumab (1 to 50 μg/ml). Responsive cells were cultured with their respective treatments until growth resumed. The time to the development of resistant growth varied from 3 to 12 months. P cells were also treated for 24 h with lapatinib (1 µM) or lapatinib plus trastuzumab (L: 1 µM, T: 50 µg/ml).",UNRESOLVED,LOW,NO_DECISIVE_EVIDENCE,,,,,False
GEO:GSE132055,GSM3840108,UACC812-P,human breast cancer cells,cell model: UACC812 | anti-her2 resistance: Sensitive | treatment: None (parental),"HER2+ breast cancer cells resistant to HER2-targeted therapy were generated by long term culture of the parental (P) cells in their original media with increasing concentrations of lapatinib (0.1 to 1 μM), or lapatinib (0.1 to 1 μM) plus trastuzumab (1 to 50 μg/ml). Responsive cells were cultured with their respective treatments until growth resumed. The time to the development of resistant growth varied from 3 to 12 months. P cells were also treated for 24 h with lapatinib (1 µM) or lapatinib plus trastuzumab (L: 1 µM, T: 50 µg/ml).",UNRESOLVED,LOW,NO_DECISIVE_EVIDENCE,,,,,False
GEO:GSE132055,GSM3840109,UACC812-P L,human breast cancer cells,"cell model: UACC812 | anti-her2 resistance: Sensitive | treatment: Lapatinib, 24h","HER2+ breast cancer cells resistant to HER2-targeted therapy were generated by long term culture of the parental (P) cells in their original media with increasing concentrations of lapatinib (0.1 to 1 μM), or lapatinib (0.1 to 1 μM) plus trastuzumab (1 to 50 μg/ml). Responsive cells were cultured with their respective treatments until growth resumed. The time to the development of resistant growth varied from 3 to 12 months. P cells were also treated for 24 h with lapatinib (1 µM) or lapatinib plus trastuzumab (L: 1 µM, T: 50 µg/ml).",UNRESOLVED,LOW,NO_DECISIVE_EVIDENCE,,,,,False
GEO:GSE132055,GSM3840110,UACC812-P LT,human breast cancer cells,"cell model: UACC812 | anti-her2 resistance: Sensitive | treatment: Lapatinib plus trastuzumab, 24h","HER2+ breast cancer cells resistant to HER2-targeted therapy were generated by long term culture of the parental (P) cells in their original media with increasing concentrations of lapatinib (0.1 to 1 μM), or lapatinib (0.1 to 1 μM) plus trastuzumab (1 to 50 μg/ml). Responsive cells were cultured with their respective treatments until growth resumed. The time to the development of resistant growth varied from 3 to 12 months. P cells were also treated for 24 h with lapatinib (1 µM) or lapatinib plus trastuzumab (L: 1 µM, T: 50 µg/ml).",UNRESOLVED,LOW,NO_DECISIVE_EVIDENCE,,,,,False
GEO:GSE132055,GSM3840111,UACC812-LR,human breast cancer cells,"cell model: UACC812 | anti-her2 resistance: Resistant | treatment: Lapatinib, long-term","HER2+ breast cancer cells resistant to HER2-targeted therapy were generated by long term culture of the parental (P) cells in their original media with increasing concentrations of lapatinib (0.1 to 1 μM), or lapatinib (0.1 to 1 μM) plus trastuzumab (1 to 50 μg/ml). Responsive cells were cultured with their respective treatments until growth resumed. The time to the development of resistant growth varied from 3 to 12 months. P cells were also treated for 24 h with lapatinib (1 µM) or lapatinib plus trastuzumab (L: 1 µM, T: 50 µg/ml).",UNRESOLVED,LOW,NO_DECISIVE_EVIDENCE,,,,,False
GEO:GSE132055,GSM3840112,UACC812-LTR,human breast cancer cells,"cell model: UACC812 | anti-her2 resistance: Resistant | treatment: Lapatinib plus trastuzumab, long-term","HER2+ breast cancer cells resistant to HER2-targeted therapy were generated by long term culture of the parental (P) cells in their original media with increasing concentrations of lapatinib (0.1 to 1 μM), or lapatinib (0.1 to 1 μM) plus trastuzumab (1 to 50 μg/ml). Responsive cells were cultured with their respective treatments until growth resumed. The time to the development of resistant growth varied from 3 to 12 months. P cells were also treated for 24 h with lapatinib (1 µM) or lapatinib plus trastuzumab (L: 1 µM, T: 50 µg/ml).",UNRESOLVED,LOW,NO_DECISIVE_EVIDENCE,,,,,False
GEO:GSE148186,GSM4455863,MCF7 ctrl 1,breast cancer cells,treatment: control | cell line: MCF7 (tamoxifen-sensitive),"Cells were treated with either OGT inhibitor OSMI-1, or DMSO for control at 40μM concentration for 24 hours.",UNRESOLVED,LOW,NO_DECISIVE_EVIDENCE,,,,,False
GEO:GSE148186,GSM4455864,MCF7 ctrl 2_a,breast cancer cells,treatment: control | cell line: MCF7 (tamoxifen-sensitive),"Cells were treated with either OGT inhibitor OSMI-1, or DMSO for control at 40μM concentration for 24 hours.",UNRESOLVED,LOW,NO_DECISIVE_EVIDENCE,,,,,False
GEO:GSE148186,GSM4455865,MCF7 ctrl 2_b,breast cancer cells,treatment: control | cell line: MCF7 (tamoxifen-sensitive),"Cells were treated with either OGT inhibitor OSMI-1, or DMSO for control at 40μM concentration for 24 hours.",UNRESOLVED,LOW,NO_DECISIVE_EVIDENCE,,,,,False
GEO:GSE148186,GSM4455866,MCF7 ctrl 3,breast cancer cells,treatment: control | cell line: MCF7 (tamoxifen-sensitive),"Cells were treated with either OGT inhibitor OSMI-1, or DMSO for control at 40μM concentration for 24 hours.",UNRESOLVED,LOW,NO_DECISIVE_EVIDENCE,,,,,False
GEO:GSE148186,GSM4455867,MCF7 OSMI-1 1,breast cancer cells,treatment: OGT inhibitor OSMI-1 | cell line: MCF7 (tamoxifen-sensitive),"Cells were treated with either OGT inhibitor OSMI-1, or DMSO for control at 40μM concentration for 24 hours.",UNRESOLVED,LOW,NO_DECISIVE_EVIDENCE,,,,,False
GEO:GSE148186,GSM4455868,MCF7 OSMI-1 2_a,breast cancer cells,treatment: OGT inhibitor OSMI-1 | cell line: MCF7 (tamoxifen-sensitive),"Cells were treated with either OGT inhibitor OSMI-1, or DMSO for control at 40μM concentration for 24 hours.",UNRESOLVED,LOW,NO_DECISIVE_EVIDENCE,,,,,False
GEO:GSE148186,GSM4455869,MCF7 OSMI-1 2_b,breast cancer cells,treatment: OGT inhibitor OSMI-1 | cell line: MCF7 (tamoxifen-sensitive),"Cells were treated with either OGT inhibitor OSMI-1, or DMSO for control at 40μM concentration for 24 hours.",UNRESOLVED,LOW,NO_DECISIVE_EVIDENCE,,,,,False
GEO:GSE148186,GSM4455870,MCF7 OSMI-1 3,breast cancer cells,treatment: OGT inhibitor OSMI-1 | cell line: MCF7 (tamoxifen-sensitive),"Cells were treated with either OGT inhibitor OSMI-1, or DMSO for control at 40μM concentration for 24 hours.",UNRESOLVED,LOW,NO_DECISIVE_EVIDENCE,,,,,False
GEO:GSE148186,GSM4455871,TAMR ctrl 1,breast cancer cells,treatment: control | cell line: TAMR (tamoxifen-resistant),"Cells were treated with either OGT inhibitor OSMI-1, or DMSO for control at 40μM concentration for 24 hours.",UNRESOLVED,LOW,NO_DECISIVE_EVIDENCE,,,,,False
GEO:GSE148186,GSM4455872,TAMR ctrl 2_a,breast cancer cells,treatment: control | cell line: TAMR (tamoxifen-resistant),"Cells were treated with either OGT inhibitor OSMI-1, or DMSO for control at 40μM concentration for 24 hours.",UNRESOLVED,LOW,NO_DECISIVE_EVIDENCE,,,,,False
GEO:GSE148186,GSM4455873,TAMR ctrl 2_b,breast cancer cells,treatment: control | cell line: TAMR (tamoxifen-resistant),"Cells were treated with either OGT inhibitor OSMI-1, or DMSO for control at 40μM concentration for 24 hours.",UNRESOLVED,LOW,NO_DECISIVE_EVIDENCE,,,,,False
GEO:GSE148186,GSM4455874,TAMR ctrl 3,breast cancer cells,treatment: control | cell line: TAMR (tamoxifen-resistant),"Cells were treated with either OGT inhibitor OSMI-1, or DMSO for control at 40μM concentration for 24 hours.",UNRESOLVED,LOW,NO_DECISIVE_EVIDENCE,,,,,False
GEO:GSE148186,GSM4455875,TAMR OSMI-1 1,breast cancer cells,treatment: OGT inhibitor OSMI-1 | cell line: TAMR (tamoxifen-resistant),"Cells were treated with either OGT inhibitor OSMI-1, or DMSO for control at 40μM concentration for 24 hours.",UNRESOLVED,LOW,NO_DECISIVE_EVIDENCE,,,,,False
GEO:GSE148186,GSM4455876,TAMR OSMI-1 2,breast cancer cells,treatment: OGT inhibitor OSMI-1 | cell line: TAMR (tamoxifen-resistant),"Cells were treated with either OGT inhibitor OSMI-1, or DMSO for control at 40μM concentration for 24 hours.",UNRESOLVED,LOW,NO_DECISIVE_EVIDENCE,,,,,False
GEO:GSE148186,GSM4455877,TAMR OSMI-1 3_a,breast cancer cells,treatment: OGT inhibitor OSMI-1 | cell line: TAMR (tamoxifen-resistant),"Cells were treated with either OGT inhibitor OSMI-1, or DMSO for control at 40μM concentration for 24 hours.",UNRESOLVED,LOW,NO_DECISIVE_EVIDENCE,,,,,False
GEO:GSE148186,GSM4455878,TAMR OSMI-1 3_b,breast cancer cells,treatment: OGT inhibitor OSMI-1 | cell line: TAMR (tamoxifen-resistant),"Cells were treated with either OGT inhibitor OSMI-1, or DMSO for control at 40μM concentration for 24 hours.",UNRESOLVED,LOW,NO_DECISIVE_EVIDENCE,,,,,False
GEO:GSE15043,GSM375719,Wildtype BT474 rep1,Wildtype BT474 cells,cell type: Wildtype BT474 cells,,UNRESOLVED,LOW,NO_DECISIVE_EVIDENCE,,,,,False
GEO:GSE15043,GSM375720,Wildtype BT474 rep2,Wildtype BT474 cells,cell type: Wildtype BT474 cells,,UNRESOLVED,LOW,NO_DECISIVE_EVIDENCE,,,,,False
GEO:GSE15043,GSM375721,Clone BT/HerR1.0C rep1,Herceptin-resistant clone BT/HerR1.0C,cell type: Herceptin-resistant clone BT/HerR1.0C,,RESISTANT,HIGH,IDENTITY_FIELD,phrase:\bherceptin[- ]resistant\b | phrase:\bresistant clone\b,,phrase:\bherceptin[- ]resistant\b | phrase:\bresistant clone\b,,True
GEO:GSE15043,GSM375722,Clone BT/HerR1.0C rep2,Herceptin-resistant clone BT/HerR1.0C,cell type: Herceptin-resistant clone BT/HerR1.0C,,RESISTANT,HIGH,IDENTITY_FIELD,phrase:\bherceptin[- ]resistant\b | phrase:\bresistant clone\b,,phrase:\bherceptin[- ]resistant\b | phrase:\bresistant clone\b,,True
GEO:GSE15043,GSM375723,Clone BT/HerR1.0E rep1,Herceptin-resistant clone BT/HerR1.0E,cell type: Herceptin-resistant clone BT/HerR1.0E,,RESISTANT,HIGH,IDENTITY_FIELD,phrase:\bherceptin[- ]resistant\b | phrase:\bresistant clone\b,,phrase:\bherceptin[- ]resistant\b | phrase:\bresistant clone\b,,True
GEO:GSE15043,GSM375724,Clone BT/HerR1.0E rep2,Herceptin-resistant clone BT/HerR1.0E,cell type: Herceptin-resistant clone BT/HerR1.0E,,RESISTANT,HIGH,IDENTITY_FIELD,phrase:\bherceptin[- ]resistant\b | phrase:\bresistant clone\b,,phrase:\bherceptin[- ]resistant\b | phrase:\bresistant clone\b,,True
GEO:GSE15043,GSM375725,Clone BT/HerR0.2D rep1,Herceptin-resistant clone BT/HerR0.2D,cell type: Herceptin-resistant clone BT/HerR0.2D,,RESISTANT,HIGH,IDENTITY_FIELD,phrase:\bherceptin[- ]resistant\b | phrase:\bresistant clone\b,,phrase:\bherceptin[- ]resistant\b | phrase:\bresistant clone\b,,True
GEO:GSE15043,GSM375726,Clone BT/HerR0.2D rep2,Herceptin-resistant clone BT/HerR0.2D,cell type: Herceptin-resistant clone BT/HerR0.2D,,RESISTANT,HIGH,IDENTITY_FIELD,phrase:\bherceptin[- ]resistant\b | phrase:\bresistant clone\b,,phrase:\bherceptin[- ]resistant\b | phrase:\bresistant clone\b,,True
GEO:GSE15043,GSM375727,Clone BT/HerR0.2J rep1,Herceptin-resistant clone BT/HerR0.2J,cell type: Herceptin-resistant clone BT/HerR0.2J,,RESISTANT,HIGH,IDENTITY_FIELD,phrase:\bherceptin[- ]resistant\b | phrase:\bresistant clone\b,,phrase:\bherceptin[- ]resistant\b | phrase:\bresistant clone\b,,True
GEO:GSE15043,GSM375728,Clone BT/HerR0.2J rep2,Herceptin-resistant clone BT/HerR0.2J,cell type: Herceptin-resistant clone BT/HerR0.2J,,RESISTANT,HIGH,IDENTITY_FIELD,phrase:\bherceptin[- ]resistant\b | phrase:\bresistant clone\b,,phrase:\bherceptin[- ]resistant\b | phrase:\bresistant clone\b,,True
GEO:GSE161420,GSM4906780,MJH1_G1M1,PDX1,treatment: untreated | animal id: mouse 1,"mice were randomized when tumors reached 5mm diameter and treated for 3 weeks; paclitaxel weekly 6.5mg/kg, lapatinib 6x/week 30mg/kg, T-DM1 weekly 3.6mg/kg, trastuzumab weekly 6mg/kg, pertuzumab weekly 20mg/kg",UNRESOLVED,LOW,NO_DECISIVE_EVIDENCE,,,,,False
GEO:GSE161420,GSM4906781,MJH1_G1M2,PDX1,treatment: untreated | animal id: mouse 2,"mice were randomized when tumors reached 5mm diameter and treated for 3 weeks; paclitaxel weekly 6.5mg/kg, lapatinib 6x/week 30mg/kg, T-DM1 weekly 3.6mg/kg, trastuzumab weekly 6mg/kg, pertuzumab weekly 20mg/kg",UNRESOLVED,LOW,NO_DECISIVE_EVIDENCE,,,,,False
GEO:GSE161420,GSM4906782,MJH1_G1M3,PDX1,treatment: untreated | animal id: mouse 3,"mice were randomized when tumors reached 5mm diameter and treated for 3 weeks; paclitaxel weekly 6.5mg/kg, lapatinib 6x/week 30mg/kg, T-DM1 weekly 3.6mg/kg, trastuzumab weekly 6mg/kg, pertuzumab weekly 20mg/kg",UNRESOLVED,LOW,NO_DECISIVE_EVIDENCE,,,,,False
GEO:GSE161420,GSM4906783,MJH1_G2M1,PDX1,treatment: lapatinib | animal id: mouse 1,"mice were randomized when tumors reached 5mm diameter and treated for 3 weeks; paclitaxel weekly 6.5mg/kg, lapatinib 6x/week 30mg/kg, T-DM1 weekly 3.6mg/kg, trastuzumab weekly 6mg/kg, pertuzumab weekly 20mg/kg",UNRESOLVED,LOW,NO_DECISIVE_EVIDENCE,,,,,False
GEO:GSE161420,GSM4906784,MJH1_G2M2,PDX1,treatment: lapatinib | animal id: mouse 2,"mice were randomized when tumors reached 5mm diameter and treated for 3 weeks; paclitaxel weekly 6.5mg/kg, lapatinib 6x/week 30mg/kg, T-DM1 weekly 3.6mg/kg, trastuzumab weekly 6mg/kg, pertuzumab weekly 20mg/kg",UNRESOLVED,LOW,NO_DECISIVE_EVIDENCE,,,,,False
GEO:GSE161420,GSM4906785,MJH1_G2M3,PDX1,treatment: lapatinib | animal id: mouse 3,"mice were randomized when tumors reached 5mm diameter and treated for 3 weeks; paclitaxel weekly 6.5mg/kg, lapatinib 6x/week 30mg/kg, T-DM1 weekly 3.6mg/kg, trastuzumab weekly 6mg/kg, pertuzumab weekly 20mg/kg",UNRESOLVED,LOW,NO_DECISIVE_EVIDENCE,,,,,False
GEO:GSE161420,GSM4906786,MJH1_G3M1,PDX1,treatment: paclitaxel | animal id: mouse 1,"mice were randomized when tumors reached 5mm diameter and treated for 3 weeks; paclitaxel weekly 6.5mg/kg, lapatinib 6x/week 30mg/kg, T-DM1 weekly 3.6mg/kg, trastuzumab weekly 6mg/kg, pertuzumab weekly 20mg/kg",UNRESOLVED,LOW,NO_DECISIVE_EVIDENCE,,,,,False
GEO:GSE161420,GSM4906787,MJH1_G3M2,PDX1,treatment: paclitaxel | animal id: mouse 2,"mice were randomized when tumors reached 5mm diameter and treated for 3 weeks; paclitaxel weekly 6.5mg/kg, lapatinib 6x/week 30mg/kg, T-DM1 weekly 3.6mg/kg, trastuzumab weekly 6mg/kg, pertuzumab weekly 20mg/kg",UNRESOLVED,LOW,NO_DECISIVE_EVIDENCE,,,,,False
GEO:GSE161420,GSM4906788,MJH1_G3M3,PDX1,treatment: paclitaxel | animal id: mouse 3,"mice were randomized when tumors reached 5mm diameter and treated for 3 weeks; paclitaxel weekly 6.5mg/kg, lapatinib 6x/week 30mg/kg, T-DM1 weekly 3.6mg/kg, trastuzumab weekly 6mg/kg, pertuzumab weekly 20mg/kg",UNRESOLVED,LOW,NO_DECISIVE_EVIDENCE,,,,,False
GEO:GSE161420,GSM4906789,MJH1_G4M1,PDX1,treatment: T-DM1 | animal id: mouse 1,"mice were randomized when tumors reached 5mm diameter and treated for 3 weeks; paclitaxel weekly 6.5mg/kg, lapatinib 6x/week 30mg/kg, T-DM1 weekly 3.6mg/kg, trastuzumab weekly 6mg/kg, pertuzumab weekly 20mg/kg",UNRESOLVED,LOW,NO_DECISIVE_EVIDENCE,,,,,False
GEO:GSE161420,GSM4906790,MJH1_G4M2,PDX1,treatment: T-DM1 | animal id: mouse 2,"mice were randomized when tumors reached 5mm diameter and treated for 3 weeks; paclitaxel weekly 6.5mg/kg, lapatinib 6x/week 30mg/kg, T-DM1 weekly 3.6mg/kg, trastuzumab weekly 6mg/kg, pertuzumab weekly 20mg/kg",UNRESOLVED,LOW,NO_DECISIVE_EVIDENCE,,,,,False
GEO:GSE161420,GSM4906791,MJH1_G4M4,PDX1,treatment: T-DM1 | animal id: mouse 3,"mice were randomized when tumors reached 5mm diameter and treated for 3 weeks; paclitaxel weekly 6.5mg/kg, lapatinib 6x/week 30mg/kg, T-DM1 weekly 3.6mg/kg, trastuzumab weekly 6mg/kg, pertuzumab weekly 20mg/kg",UNRESOLVED,LOW,NO_DECISIVE_EVIDENCE,,,,,False
GEO:GSE161420,GSM4906792,MJH1_G5M1,PDX1,treatment: trastuzumab | animal id: mouse 1,"mice were randomized when tumors reached 5mm diameter and treated for 3 weeks; paclitaxel weekly 6.5mg/kg, lapatinib 6x/week 30mg/kg, T-DM1 weekly 3.6mg/kg, trastuzumab weekly 6mg/kg, pertuzumab weekly 20mg/kg",UNRESOLVED,LOW,NO_DECISIVE_EVIDENCE,,,,,False
GEO:GSE161420,GSM4906793,MJH1_G5M2,PDX1,treatment: trastuzumab | animal id: mouse 2,"mice were randomized when tumors reached 5mm diameter and treated for 3 weeks; paclitaxel weekly 6.5mg/kg, lapatinib 6x/week 30mg/kg, T-DM1 weekly 3.6mg/kg, trastuzumab weekly 6mg/kg, pertuzumab weekly 20mg/kg",UNRESOLVED,LOW,NO_DECISIVE_EVIDENCE,,,,,False
GEO:GSE161420,GSM4906794,MJH1_G5M3,PDX1,treatment: trastuzumab | animal id: mouse 3,"mice were randomized when tumors reached 5mm diameter and treated for 3 weeks; paclitaxel weekly 6.5mg/kg, lapatinib 6x/week 30mg/kg, T-DM1 weekly 3.6mg/kg, trastuzumab weekly 6mg/kg, pertuzumab weekly 20mg/kg",UNRESOLVED,LOW,NO_DECISIVE_EVIDENCE,,,,,False
GEO:GSE161420,GSM4906795,MJH1_G6M1,PDX1,treatment: pertuzumab | animal id: mouse 1,"mice were randomized when tumors reached 5mm diameter and treated for 3 weeks; paclitaxel weekly 6.5mg/kg, lapatinib 6x/week 30mg/kg, T-DM1 weekly 3.6mg/kg, trastuzumab weekly 6mg/kg, pertuzumab weekly 20mg/kg",UNRESOLVED,LOW,NO_DECISIVE_EVIDENCE,,,,,False
GEO:GSE161420,GSM4906796,MJH1_G6M2,PDX1,treatment: pertuzumab | animal id: mouse 2,"mice were randomized when tumors reached 5mm diameter and treated for 3 weeks; paclitaxel weekly 6.5mg/kg, lapatinib 6x/week 30mg/kg, T-DM1 weekly 3.6mg/kg, trastuzumab weekly 6mg/kg, pertuzumab weekly 20mg/kg",UNRESOLVED,LOW,NO_DECISIVE_EVIDENCE,,,,,False
GEO:GSE161420,GSM4906797,MJH1_G6M3,PDX1,treatment: pertuzumab | animal id: mouse 3,"mice were randomized when tumors reached 5mm diameter and treated for 3 weeks; paclitaxel weekly 6.5mg/kg, lapatinib 6x/week 30mg/kg, T-DM1 weekly 3.6mg/kg, trastuzumab weekly 6mg/kg, pertuzumab weekly 20mg/kg",UNRESOLVED,LOW,NO_DECISIVE_EVIDENCE,,,,,False
GEO:GSE161420,GSM4906798,MJH2_G1M1,PDX2,treatment: untreated | animal id: mouse 1,"mice were randomized when tumors reached 5mm diameter and treated for 3 weeks; paclitaxel weekly 6.5mg/kg, lapatinib 6x/week 30mg/kg, T-DM1 weekly 3.6mg/kg, trastuzumab weekly 6mg/kg, pertuzumab weekly 20mg/kg",UNRESOLVED,LOW,NO_DECISIVE_EVIDENCE,,,,,False
GEO:GSE161420,GSM4906799,MJH2_G1M2,PDX2,treatment: untreated | animal id: mouse 2,"mice were randomized when tumors reached 5mm diameter and treated for 3 weeks; paclitaxel weekly 6.5mg/kg, lapatinib 6x/week 30mg/kg, T-DM1 weekly 3.6mg/kg, trastuzumab weekly 6mg/kg, pertuzumab weekly 20mg/kg",UNRESOLVED,LOW,NO_DECISIVE_EVIDENCE,,,,,False
GEO:GSE161420,GSM4906800,MJH2_G1M3,PDX2,treatment: untreated | animal id: mouse 3,"mice were randomized when tumors reached 5mm diameter and treated for 3 weeks; paclitaxel weekly 6.5mg/kg, lapatinib 6x/week 30mg/kg, T-DM1 weekly 3.6mg/kg, trastuzumab weekly 6mg/kg, pertuzumab weekly 20mg/kg",UNRESOLVED,LOW,NO_DECISIVE_EVIDENCE,,,,,False
GEO:GSE161420,GSM4906801,MJH2_G2M1,PDX2,treatment: paclitaxel | animal id: mouse 1,"mice were randomized when tumors reached 5mm diameter and treated for 3 weeks; paclitaxel weekly 6.5mg/kg, lapatinib 6x/week 30mg/kg, T-DM1 weekly 3.6mg/kg, trastuzumab weekly 6mg/kg, pertuzumab weekly 20mg/kg",UNRESOLVED,LOW,NO_DECISIVE_EVIDENCE,,,,,False
GEO:GSE161420,GSM4906802,MJH2_G2M2,PDX2,treatment: paclitaxel | animal id: mouse 2,"mice were randomized when tumors reached 5mm diameter and treated for 3 weeks; paclitaxel weekly 6.5mg/kg, lapatinib 6x/week 30mg/kg, T-DM1 weekly 3.6mg/kg, trastuzumab weekly 6mg/kg, pertuzumab weekly 20mg/kg",UNRESOLVED,LOW,NO_DECISIVE_EVIDENCE,,,,,False
GEO:GSE161420,GSM4906803,MJH2_G2M3,PDX2,treatment: paclitaxel | animal id: mouse 3,"mice were randomized when tumors reached 5mm diameter and treated for 3 weeks; paclitaxel weekly 6.5mg/kg, lapatinib 6x/week 30mg/kg, T-DM1 weekly 3.6mg/kg, trastuzumab weekly 6mg/kg, pertuzumab weekly 20mg/kg",UNRESOLVED,LOW,NO_DECISIVE_EVIDENCE,,,,,False
GEO:GSE161420,GSM4906804,MJH2_G3M1,PDX2,treatment: lapatinib | animal id: mouse 1,"mice were randomized when tumors reached 5mm diameter and treated for 3 weeks; paclitaxel weekly 6.5mg/kg, lapatinib 6x/week 30mg/kg, T-DM1 weekly 3.6mg/kg, trastuzumab weekly 6mg/kg, pertuzumab weekly 20mg/kg",UNRESOLVED,LOW,NO_DECISIVE_EVIDENCE,,,,,False
GEO:GSE161420,GSM4906805,MJH2_G3M2,PDX2,treatment: lapatinib | animal id: mouse 2,"mice were randomized when tumors reached 5mm diameter and treated for 3 weeks; paclitaxel weekly 6.5mg/kg, lapatinib 6x/week 30mg/kg, T-DM1 weekly 3.6mg/kg, trastuzumab weekly 6mg/kg, pertuzumab weekly 20mg/kg",UNRESOLVED,LOW,NO_DECISIVE_EVIDENCE,,,,,False
GEO:GSE161420,GSM4906806,MJH2_G3M3,PDX2,treatment: lapatinib | animal id: mouse 3,"mice were randomized when tumors reached 5mm diameter and treated for 3 weeks; paclitaxel weekly 6.5mg/kg, lapatinib 6x/week 30mg/kg, T-DM1 weekly 3.6mg/kg, trastuzumab weekly 6mg/kg, pertuzumab weekly 20mg/kg",UNRESOLVED,LOW,NO_DECISIVE_EVIDENCE,,,,,False
GEO:GSE161420,GSM4906807,MJH2_G4M1,PDX2,treatment: T-DM1 | animal id: mouse 1,"mice were randomized when tumors reached 5mm diameter and treated for 3 weeks; paclitaxel weekly 6.5mg/kg, lapatinib 6x/week 30mg/kg, T-DM1 weekly 3.6mg/kg, trastuzumab weekly 6mg/kg, pertuzumab weekly 20mg/kg",UNRESOLVED,LOW,NO_DECISIVE_EVIDENCE,,,,,False
GEO:GSE161420,GSM4906808,MJH2_G4M2,PDX2,treatment: T-DM1 | animal id: mouse 2,"mice were randomized when tumors reached 5mm diameter and treated for 3 weeks; paclitaxel weekly 6.5mg/kg, lapatinib 6x/week 30mg/kg, T-DM1 weekly 3.6mg/kg, trastuzumab weekly 6mg/kg, pertuzumab weekly 20mg/kg",UNRESOLVED,LOW,NO_DECISIVE_EVIDENCE,,,,,False
GEO:GSE161420,GSM4906809,MJH2_G4M4,PDX2,treatment: T-DM1 | animal id: mouse 3,"mice were randomized when tumors reached 5mm diameter and treated for 3 weeks; paclitaxel weekly 6.5mg/kg, lapatinib 6x/week 30mg/kg, T-DM1 weekly 3.6mg/kg, trastuzumab weekly 6mg/kg, pertuzumab weekly 20mg/kg",UNRESOLVED,LOW,NO_DECISIVE_EVIDENCE,,,,,False
GEO:GSE161420,GSM4906810,MJH2_G5M1,PDX2,treatment: trastuzumab | animal id: mouse 1,"mice were randomized when tumors reached 5mm diameter and treated for 3 weeks; paclitaxel weekly 6.5mg/kg, lapatinib 6x/week 30mg/kg, T-DM1 weekly 3.6mg/kg, trastuzumab weekly 6mg/kg, pertuzumab weekly 20mg/kg",UNRESOLVED,LOW,NO_DECISIVE_EVIDENCE,,,,,False
GEO:GSE161420,GSM4906811,MJH2_G5M2,PDX2,treatment: trastuzumab | animal id: mouse 2,"mice were randomized when tumors reached 5mm diameter and treated for 3 weeks; paclitaxel weekly 6.5mg/kg, lapatinib 6x/week 30mg/kg, T-DM1 weekly 3.6mg/kg, trastuzumab weekly 6mg/kg, pertuzumab weekly 20mg/kg",UNRESOLVED,LOW,NO_DECISIVE_EVIDENCE,,,,,False
GEO:GSE161420,GSM4906812,MJH2_G5M3,PDX2,treatment: trastuzumab | animal id: mouse 3,"mice were randomized when tumors reached 5mm diameter and treated for 3 weeks; paclitaxel weekly 6.5mg/kg, lapatinib 6x/week 30mg/kg, T-DM1 weekly 3.6mg/kg, trastuzumab weekly 6mg/kg, pertuzumab weekly 20mg/kg",UNRESOLVED,LOW,NO_DECISIVE_EVIDENCE,,,,,False
GEO:GSE161420,GSM4906813,MJH2_G6M1,PDX2,treatment: pertuzumab | animal id: mouse 1,"mice were randomized when tumors reached 5mm diameter and treated for 3 weeks; paclitaxel weekly 6.5mg/kg, lapatinib 6x/week 30mg/kg, T-DM1 weekly 3.6mg/kg, trastuzumab weekly 6mg/kg, pertuzumab weekly 20mg/kg",UNRESOLVED,LOW,NO_DECISIVE_EVIDENCE,,,,,False
GEO:GSE161420,GSM4906814,MJH2_G6M2,PDX2,treatment: pertuzumab | animal id: mouse 2,"mice were randomized when tumors reached 5mm diameter and treated for 3 weeks; paclitaxel weekly 6.5mg/kg, lapatinib 6x/week 30mg/kg, T-DM1 weekly 3.6mg/kg, trastuzumab weekly 6mg/kg, pertuzumab weekly 20mg/kg",UNRESOLVED,LOW,NO_DECISIVE_EVIDENCE,,,,,False
GEO:GSE161420,GSM4906815,MJH2_G6M3,PDX2,treatment: pertuzumab | animal id: mouse 3,"mice were randomized when tumors reached 5mm diameter and treated for 3 weeks; paclitaxel weekly 6.5mg/kg, lapatinib 6x/week 30mg/kg, T-DM1 weekly 3.6mg/kg, trastuzumab weekly 6mg/kg, pertuzumab weekly 20mg/kg",UNRESOLVED,LOW,NO_DECISIVE_EVIDENCE,,,,,False
GEO:GSE161420,GSM4906816,1 MJ_H1_G1,PDX1,treatment: untreated | animal id: mouse 1,"mice were randomized when tumors reached 5mm diameter and treated for 3 weeks; paclitaxel weekly 6.5mg/kg, lapatinib 6x/week 30mg/kg, T-DM1 weekly 3.6mg/kg, trastuzumab weekly 6mg/kg, pertuzumab weekly 20mg/kg",UNRESOLVED,LOW,NO_DECISIVE_EVIDENCE,,,,,False
GEO:GSE161420,GSM4906817,1 MJ_H1_G2,PDX1,treatment: lapatinib | animal id: mouse 1,"mice were randomized when tumors reached 5mm diameter and treated for 3 weeks; paclitaxel weekly 6.5mg/kg, lapatinib 6x/week 30mg/kg, T-DM1 weekly 3.6mg/kg, trastuzumab weekly 6mg/kg, pertuzumab weekly 20mg/kg",UNRESOLVED,LOW,NO_DECISIVE_EVIDENCE,,,,,False
GEO:GSE161420,GSM4906818,1 MJ_H1_G3,PDX1,treatment: paclitaxel | animal id: mouse 1,"mice were randomized when tumors reached 5mm diameter and treated for 3 weeks; paclitaxel weekly 6.5mg/kg, lapatinib 6x/week 30mg/kg, T-DM1 weekly 3.6mg/kg, trastuzumab weekly 6mg/kg, pertuzumab weekly 20mg/kg",UNRESOLVED,LOW,NO_DECISIVE_EVIDENCE,,,,,False
GEO:GSE161420,GSM4906819,1 MJ_H1_G4,PDX1,treatment: T-DM1 | animal id: mouse 1,"mice were randomized when tumors reached 5mm diameter and treated for 3 weeks; paclitaxel weekly 6.5mg/kg, lapatinib 6x/week 30mg/kg, T-DM1 weekly 3.6mg/kg, trastuzumab weekly 6mg/kg, pertuzumab weekly 20mg/kg",UNRESOLVED,LOW,NO_DECISIVE_EVIDENCE,,,,,False
GEO:GSE161420,GSM4906820,1 MJ_H1_G5,PDX1,treatment: trastuzumab | animal id: mouse 1,"mice were randomized when tumors reached 5mm diameter and treated for 3 weeks; paclitaxel weekly 6.5mg/kg, lapatinib 6x/week 30mg/kg, T-DM1 weekly 3.6mg/kg, trastuzumab weekly 6mg/kg, pertuzumab weekly 20mg/kg",UNRESOLVED,LOW,NO_DECISIVE_EVIDENCE,,,,,False
GEO:GSE161420,GSM4906821,1 MJ_H1_G6,PDX1,treatment: pertuzumab | animal id: mouse 1,"mice were randomized when tumors reached 5mm diameter and treated for 3 weeks; paclitaxel weekly 6.5mg/kg, lapatinib 6x/week 30mg/kg, T-DM1 weekly 3.6mg/kg, trastuzumab weekly 6mg/kg, pertuzumab weekly 20mg/kg",UNRESOLVED,LOW,NO_DECISIVE_EVIDENCE,,,,,False
GEO:GSE161420,GSM4906822,1 MJ_H2_G1,PDX2,treatment: untreated | animal id: mouse 1,"mice were randomized when tumors reached 5mm diameter and treated for 3 weeks; paclitaxel weekly 6.5mg/kg, lapatinib 6x/week 30mg/kg, T-DM1 weekly 3.6mg/kg, trastuzumab weekly 6mg/kg, pertuzumab weekly 20mg/kg",UNRESOLVED,LOW,NO_DECISIVE_EVIDENCE,,,,,False
GEO:GSE161420,GSM4906823,1 MJ_H2_G2,PDX2,treatment: paclitaxel | animal id: mouse 1,"mice were randomized when tumors reached 5mm diameter and treated for 3 weeks; paclitaxel weekly 6.5mg/kg, lapatinib 6x/week 30mg/kg, T-DM1 weekly 3.6mg/kg, trastuzumab weekly 6mg/kg, pertuzumab weekly 20mg/kg",UNRESOLVED,LOW,NO_DECISIVE_EVIDENCE,,,,,False
GEO:GSE161420,GSM4906824,1 MJ_H2_G3,PDX2,treatment: lapatinib | animal id: mouse 1,"mice were randomized when tumors reached 5mm diameter and treated for 3 weeks; paclitaxel weekly 6.5mg/kg, lapatinib 6x/week 30mg/kg, T-DM1 weekly 3.6mg/kg, trastuzumab weekly 6mg/kg, pertuzumab weekly 20mg/kg",UNRESOLVED,LOW,NO_DECISIVE_EVIDENCE,,,,,False
GEO:GSE161420,GSM4906825,1 MJ_H2_G4,PDX2,treatment: T-DM1 | animal id: mouse 1,"mice were randomized when tumors reached 5mm diameter and treated for 3 weeks; paclitaxel weekly 6.5mg/kg, lapatinib 6x/week 30mg/kg, T-DM1 weekly 3.6mg/kg, trastuzumab weekly 6mg/kg, pertuzumab weekly 20mg/kg",UNRESOLVED,LOW,NO_DECISIVE_EVIDENCE,,,,,False
GEO:GSE161420,GSM4906826,1 MJ_H2_G5,PDX2,treatment: trastuzumab | animal id: mouse 1,"mice were randomized when tumors reached 5mm diameter and treated for 3 weeks; paclitaxel weekly 6.5mg/kg, lapatinib 6x/week 30mg/kg, T-DM1 weekly 3.6mg/kg, trastuzumab weekly 6mg/kg, pertuzumab weekly 20mg/kg",UNRESOLVED,LOW,NO_DECISIVE_EVIDENCE,,,,,False
GEO:GSE161420,GSM4906827,1 MJ_H2_G6,PDX2,treatment: pertuzumab | animal id: mouse 1,"mice were randomized when tumors reached 5mm diameter and treated for 3 weeks; paclitaxel weekly 6.5mg/kg, lapatinib 6x/week 30mg/kg, T-DM1 weekly 3.6mg/kg, trastuzumab weekly 6mg/kg, pertuzumab weekly 20mg/kg",UNRESOLVED,LOW,NO_DECISIVE_EVIDENCE,,,,,False
GEO:GSE161420,GSM4906828,2 MJ_H1_G1,PDX1,treatment: untreated | animal id: mouse 2,"mice were randomized when tumors reached 5mm diameter and treated for 3 weeks; paclitaxel weekly 6.5mg/kg, lapatinib 6x/week 30mg/kg, T-DM1 weekly 3.6mg/kg, trastuzumab weekly 6mg/kg, pertuzumab weekly 20mg/kg",UNRESOLVED,LOW,NO_DECISIVE_EVIDENCE,,,,,False
GEO:GSE161420,GSM4906829,2 MJ_H1_G2,PDX1,treatment: lapatinib | animal id: mouse 2,"mice were randomized when tumors reached 5mm diameter and treated for 3 weeks; paclitaxel weekly 6.5mg/kg, lapatinib 6x/week 30mg/kg, T-DM1 weekly 3.6mg/kg, trastuzumab weekly 6mg/kg, pertuzumab weekly 20mg/kg",UNRESOLVED,LOW,NO_DECISIVE_EVIDENCE,,,,,False
GEO:GSE161420,GSM4906830,2 MJ_H1_G3,PDX1,treatment: paclitaxel | animal id: mouse 2,"mice were randomized when tumors reached 5mm diameter and treated for 3 weeks; paclitaxel weekly 6.5mg/kg, lapatinib 6x/week 30mg/kg, T-DM1 weekly 3.6mg/kg, trastuzumab weekly 6mg/kg, pertuzumab weekly 20mg/kg",UNRESOLVED,LOW,NO_DECISIVE_EVIDENCE,,,,,False
GEO:GSE161420,GSM4906831,2 MJ_H1_G4,PDX1,treatment: T-DM1 | animal id: mouse 2,"mice were randomized when tumors reached 5mm diameter and treated for 3 weeks; paclitaxel weekly 6.5mg/kg, lapatinib 6x/week 30mg/kg, T-DM1 weekly 3.6mg/kg, trastuzumab weekly 6mg/kg, pertuzumab weekly 20mg/kg",UNRESOLVED,LOW,NO_DECISIVE_EVIDENCE,,,,,False
GEO:GSE161420,GSM4906832,2 MJ_H1_G5,PDX1,treatment: trastuzumab | animal id: mouse 2,"mice were randomized when tumors reached 5mm diameter and treated for 3 weeks; paclitaxel weekly 6.5mg/kg, lapatinib 6x/week 30mg/kg, T-DM1 weekly 3.6mg/kg, trastuzumab weekly 6mg/kg, pertuzumab weekly 20mg/kg",UNRESOLVED,LOW,NO_DECISIVE_EVIDENCE,,,,,False
GEO:GSE161420,GSM4906833,2 MJ_H1_G6,PDX1,treatment: pertuzumab | animal id: mouse 2,"mice were randomized when tumors reached 5mm diameter and treated for 3 weeks; paclitaxel weekly 6.5mg/kg, lapatinib 6x/week 30mg/kg, T-DM1 weekly 3.6mg/kg, trastuzumab weekly 6mg/kg, pertuzumab weekly 20mg/kg",UNRESOLVED,LOW,NO_DECISIVE_EVIDENCE,,,,,False
GEO:GSE161420,GSM4906834,2 MJ_H2_G1,PDX2,treatment: untreated | animal id: mouse 2,"mice were randomized when tumors reached 5mm diameter and treated for 3 weeks; paclitaxel weekly 6.5mg/kg, lapatinib 6x/week 30mg/kg, T-DM1 weekly 3.6mg/kg, trastuzumab weekly 6mg/kg, pertuzumab weekly 20mg/kg",UNRESOLVED,LOW,NO_DECISIVE_EVIDENCE,,,,,False
GEO:GSE161420,GSM4906835,2 MJ_H2_G2,PDX2,treatment: paclitaxel | animal id: mouse 2,"mice were randomized when tumors reached 5mm diameter and treated for 3 weeks; paclitaxel weekly 6.5mg/kg, lapatinib 6x/week 30mg/kg, T-DM1 weekly 3.6mg/kg, trastuzumab weekly 6mg/kg, pertuzumab weekly 20mg/kg",UNRESOLVED,LOW,NO_DECISIVE_EVIDENCE,,,,,False
GEO:GSE161420,GSM4906836,2 MJ_H2_G3,PDX2,treatment: lapatinib | animal id: mouse 2,"mice were randomized when tumors reached 5mm diameter and treated for 3 weeks; paclitaxel weekly 6.5mg/kg, lapatinib 6x/week 30mg/kg, T-DM1 weekly 3.6mg/kg, trastuzumab weekly 6mg/kg, pertuzumab weekly 20mg/kg",UNRESOLVED,LOW,NO_DECISIVE_EVIDENCE,,,,,False
GEO:GSE161420,GSM4906837,2 MJ_H2_G4,PDX2,treatment: T-DM1 | animal id: mouse 2,"mice were randomized when tumors reached 5mm diameter and treated for 3 weeks; paclitaxel weekly 6.5mg/kg, lapatinib 6x/week 30mg/kg, T-DM1 weekly 3.6mg/kg, trastuzumab weekly 6mg/kg, pertuzumab weekly 20mg/kg",UNRESOLVED,LOW,NO_DECISIVE_EVIDENCE,,,,,False
GEO:GSE161420,GSM4906838,2 MJ_H2_G5,PDX2,treatment: trastuzumab | animal id: mouse 2,"mice were randomized when tumors reached 5mm diameter and treated for 3 weeks; paclitaxel weekly 6.5mg/kg, lapatinib 6x/week 30mg/kg, T-DM1 weekly 3.6mg/kg, trastuzumab weekly 6mg/kg, pertuzumab weekly 20mg/kg",UNRESOLVED,LOW,NO_DECISIVE_EVIDENCE,,,,,False
GEO:GSE161420,GSM4906839,2 MJ_H2_G6,PDX2,treatment: pertuzumab | animal id: mouse 2,"mice were randomized when tumors reached 5mm diameter and treated for 3 weeks; paclitaxel weekly 6.5mg/kg, lapatinib 6x/week 30mg/kg, T-DM1 weekly 3.6mg/kg, trastuzumab weekly 6mg/kg, pertuzumab weekly 20mg/kg",UNRESOLVED,LOW,NO_DECISIVE_EVIDENCE,,,,,False
GEO:GSE161422,GSM4906841,hert1_batch1,PDX tumor and stroma cells,cell line: PDX1 | animal id: mouse 1,"mice were randomized when tumors reached 5mm diameter and treated for 3 weeks; paclitaxel weekly 6.5mg/kg, lapatinib 6x/week 30mg/kg, T-DM1 weekly 3.6mg/kg, trastuzumab weekly 6mg/kg, pertuzumab weekly 20mg/kg",UNRESOLVED,LOW,NO_DECISIVE_EVIDENCE,,,,,False
GEO:GSE161422,GSM4906842,hert2_batch1,PDX tumor and stroma cells,cell line: PDX2 | animal id: mouse 1,"mice were randomized when tumors reached 5mm diameter and treated for 3 weeks; paclitaxel weekly 6.5mg/kg, lapatinib 6x/week 30mg/kg, T-DM1 weekly 3.6mg/kg, trastuzumab weekly 6mg/kg, pertuzumab weekly 20mg/kg",UNRESOLVED,LOW,NO_DECISIVE_EVIDENCE,,,,,False
GEO:GSE161422,GSM4906843,hert1_batch2,PDX tumor and stroma cells,cell line: PDX1 | animal id: mouse 2,"mice were randomized when tumors reached 5mm diameter and treated for 3 weeks; paclitaxel weekly 6.5mg/kg, lapatinib 6x/week 30mg/kg, T-DM1 weekly 3.6mg/kg, trastuzumab weekly 6mg/kg, pertuzumab weekly 20mg/kg",UNRESOLVED,LOW,NO_DECISIVE_EVIDENCE,,,,,False
GEO:GSE161422,GSM4906844,hert2_batch2,PDX tumor and stroma cells,cell line: PDX2 | animal id: mouse 2,"mice were randomized when tumors reached 5mm diameter and treated for 3 weeks; paclitaxel weekly 6.5mg/kg, lapatinib 6x/week 30mg/kg, T-DM1 weekly 3.6mg/kg, trastuzumab weekly 6mg/kg, pertuzumab weekly 20mg/kg",UNRESOLVED,LOW,NO_DECISIVE_EVIDENCE,,,,,False
GEO:GSE161423,GSM4906780,MJH1_G1M1,PDX1,treatment: untreated | animal id: mouse 1,"mice were randomized when tumors reached 5mm diameter and treated for 3 weeks; paclitaxel weekly 6.5mg/kg, lapatinib 6x/week 30mg/kg, T-DM1 weekly 3.6mg/kg, trastuzumab weekly 6mg/kg, pertuzumab weekly 20mg/kg",UNRESOLVED,LOW,NO_DECISIVE_EVIDENCE,,,,,False
GEO:GSE161423,GSM4906781,MJH1_G1M2,PDX1,treatment: untreated | animal id: mouse 2,"mice were randomized when tumors reached 5mm diameter and treated for 3 weeks; paclitaxel weekly 6.5mg/kg, lapatinib 6x/week 30mg/kg, T-DM1 weekly 3.6mg/kg, trastuzumab weekly 6mg/kg, pertuzumab weekly 20mg/kg",UNRESOLVED,LOW,NO_DECISIVE_EVIDENCE,,,,,False
GEO:GSE161423,GSM4906782,MJH1_G1M3,PDX1,treatment: untreated | animal id: mouse 3,"mice were randomized when tumors reached 5mm diameter and treated for 3 weeks; paclitaxel weekly 6.5mg/kg, lapatinib 6x/week 30mg/kg, T-DM1 weekly 3.6mg/kg, trastuzumab weekly 6mg/kg, pertuzumab weekly 20mg/kg",UNRESOLVED,LOW,NO_DECISIVE_EVIDENCE,,,,,False
GEO:GSE161423,GSM4906783,MJH1_G2M1,PDX1,treatment: lapatinib | animal id: mouse 1,"mice were randomized when tumors reached 5mm diameter and treated for 3 weeks; paclitaxel weekly 6.5mg/kg, lapatinib 6x/week 30mg/kg, T-DM1 weekly 3.6mg/kg, trastuzumab weekly 6mg/kg, pertuzumab weekly 20mg/kg",UNRESOLVED,LOW,NO_DECISIVE_EVIDENCE,,,,,False
GEO:GSE161423,GSM4906784,MJH1_G2M2,PDX1,treatment: lapatinib | animal id: mouse 2,"mice were randomized when tumors reached 5mm diameter and treated for 3 weeks; paclitaxel weekly 6.5mg/kg, lapatinib 6x/week 30mg/kg, T-DM1 weekly 3.6mg/kg, trastuzumab weekly 6mg/kg, pertuzumab weekly 20mg/kg",UNRESOLVED,LOW,NO_DECISIVE_EVIDENCE,,,,,False
GEO:GSE161423,GSM4906785,MJH1_G2M3,PDX1,treatment: lapatinib | animal id: mouse 3,"mice were randomized when tumors reached 5mm diameter and treated for 3 weeks; paclitaxel weekly 6.5mg/kg, lapatinib 6x/week 30mg/kg, T-DM1 weekly 3.6mg/kg, trastuzumab weekly 6mg/kg, pertuzumab weekly 20mg/kg",UNRESOLVED,LOW,NO_DECISIVE_EVIDENCE,,,,,False
GEO:GSE161423,GSM4906786,MJH1_G3M1,PDX1,treatment: paclitaxel | animal id: mouse 1,"mice were randomized when tumors reached 5mm diameter and treated for 3 weeks; paclitaxel weekly 6.5mg/kg, lapatinib 6x/week 30mg/kg, T-DM1 weekly 3.6mg/kg, trastuzumab weekly 6mg/kg, pertuzumab weekly 20mg/kg",UNRESOLVED,LOW,NO_DECISIVE_EVIDENCE,,,,,False
GEO:GSE161423,GSM4906787,MJH1_G3M2,PDX1,treatment: paclitaxel | animal id: mouse 2,"mice were randomized when tumors reached 5mm diameter and treated for 3 weeks; paclitaxel weekly 6.5mg/kg, lapatinib 6x/week 30mg/kg, T-DM1 weekly 3.6mg/kg, trastuzumab weekly 6mg/kg, pertuzumab weekly 20mg/kg",UNRESOLVED,LOW,NO_DECISIVE_EVIDENCE,,,,,False
GEO:GSE161423,GSM4906788,MJH1_G3M3,PDX1,treatment: paclitaxel | animal id: mouse 3,"mice were randomized when tumors reached 5mm diameter and treated for 3 weeks; paclitaxel weekly 6.5mg/kg, lapatinib 6x/week 30mg/kg, T-DM1 weekly 3.6mg/kg, trastuzumab weekly 6mg/kg, pertuzumab weekly 20mg/kg",UNRESOLVED,LOW,NO_DECISIVE_EVIDENCE,,,,,False
GEO:GSE161423,GSM4906789,MJH1_G4M1,PDX1,treatment: T-DM1 | animal id: mouse 1,"mice were randomized when tumors reached 5mm diameter and treated for 3 weeks; paclitaxel weekly 6.5mg/kg, lapatinib 6x/week 30mg/kg, T-DM1 weekly 3.6mg/kg, trastuzumab weekly 6mg/kg, pertuzumab weekly 20mg/kg",UNRESOLVED,LOW,NO_DECISIVE_EVIDENCE,,,,,False
GEO:GSE161423,GSM4906790,MJH1_G4M2,PDX1,treatment: T-DM1 | animal id: mouse 2,"mice were randomized when tumors reached 5mm diameter and treated for 3 weeks; paclitaxel weekly 6.5mg/kg, lapatinib 6x/week 30mg/kg, T-DM1 weekly 3.6mg/kg, trastuzumab weekly 6mg/kg, pertuzumab weekly 20mg/kg",UNRESOLVED,LOW,NO_DECISIVE_EVIDENCE,,,,,False
GEO:GSE161423,GSM4906791,MJH1_G4M4,PDX1,treatment: T-DM1 | animal id: mouse 3,"mice were randomized when tumors reached 5mm diameter and treated for 3 weeks; paclitaxel weekly 6.5mg/kg, lapatinib 6x/week 30mg/kg, T-DM1 weekly 3.6mg/kg, trastuzumab weekly 6mg/kg, pertuzumab weekly 20mg/kg",UNRESOLVED,LOW,NO_DECISIVE_EVIDENCE,,,,,False
GEO:GSE161423,GSM4906792,MJH1_G5M1,PDX1,treatment: trastuzumab | animal id: mouse 1,"mice were randomized when tumors reached 5mm diameter and treated for 3 weeks; paclitaxel weekly 6.5mg/kg, lapatinib 6x/week 30mg/kg, T-DM1 weekly 3.6mg/kg, trastuzumab weekly 6mg/kg, pertuzumab weekly 20mg/kg",UNRESOLVED,LOW,NO_DECISIVE_EVIDENCE,,,,,False
GEO:GSE161423,GSM4906793,MJH1_G5M2,PDX1,treatment: trastuzumab | animal id: mouse 2,"mice were randomized when tumors reached 5mm diameter and treated for 3 weeks; paclitaxel weekly 6.5mg/kg, lapatinib 6x/week 30mg/kg, T-DM1 weekly 3.6mg/kg, trastuzumab weekly 6mg/kg, pertuzumab weekly 20mg/kg",UNRESOLVED,LOW,NO_DECISIVE_EVIDENCE,,,,,False
GEO:GSE161423,GSM4906794,MJH1_G5M3,PDX1,treatment: trastuzumab | animal id: mouse 3,"mice were randomized when tumors reached 5mm diameter and treated for 3 weeks; paclitaxel weekly 6.5mg/kg, lapatinib 6x/week 30mg/kg, T-DM1 weekly 3.6mg/kg, trastuzumab weekly 6mg/kg, pertuzumab weekly 20mg/kg",UNRESOLVED,LOW,NO_DECISIVE_EVIDENCE,,,,,False
GEO:GSE161423,GSM4906795,MJH1_G6M1,PDX1,treatment: pertuzumab | animal id: mouse 1,"mice were randomized when tumors reached 5mm diameter and treated for 3 weeks; paclitaxel weekly 6.5mg/kg, lapatinib 6x/week 30mg/kg, T-DM1 weekly 3.6mg/kg, trastuzumab weekly 6mg/kg, pertuzumab weekly 20mg/kg",UNRESOLVED,LOW,NO_DECISIVE_EVIDENCE,,,,,False
GEO:GSE161423,GSM4906796,MJH1_G6M2,PDX1,treatment: pertuzumab | animal id: mouse 2,"mice were randomized when tumors reached 5mm diameter and treated for 3 weeks; paclitaxel weekly 6.5mg/kg, lapatinib 6x/week 30mg/kg, T-DM1 weekly 3.6mg/kg, trastuzumab weekly 6mg/kg, pertuzumab weekly 20mg/kg",UNRESOLVED,LOW,NO_DECISIVE_EVIDENCE,,,,,False
GEO:GSE161423,GSM4906797,MJH1_G6M3,PDX1,treatment: pertuzumab | animal id: mouse 3,"mice were randomized when tumors reached 5mm diameter and treated for 3 weeks; paclitaxel weekly 6.5mg/kg, lapatinib 6x/week 30mg/kg, T-DM1 weekly 3.6mg/kg, trastuzumab weekly 6mg/kg, pertuzumab weekly 20mg/kg",UNRESOLVED,LOW,NO_DECISIVE_EVIDENCE,,,,,False
GEO:GSE161423,GSM4906798,MJH2_G1M1,PDX2,treatment: untreated | animal id: mouse 1,"mice were randomized when tumors reached 5mm diameter and treated for 3 weeks; paclitaxel weekly 6.5mg/kg, lapatinib 6x/week 30mg/kg, T-DM1 weekly 3.6mg/kg, trastuzumab weekly 6mg/kg, pertuzumab weekly 20mg/kg",UNRESOLVED,LOW,NO_DECISIVE_EVIDENCE,,,,,False
GEO:GSE161423,GSM4906799,MJH2_G1M2,PDX2,treatment: untreated | animal id: mouse 2,"mice were randomized when tumors reached 5mm diameter and treated for 3 weeks; paclitaxel weekly 6.5mg/kg, lapatinib 6x/week 30mg/kg, T-DM1 weekly 3.6mg/kg, trastuzumab weekly 6mg/kg, pertuzumab weekly 20mg/kg",UNRESOLVED,LOW,NO_DECISIVE_EVIDENCE,,,,,False
GEO:GSE161423,GSM4906800,MJH2_G1M3,PDX2,treatment: untreated | animal id: mouse 3,"mice were randomized when tumors reached 5mm diameter and treated for 3 weeks; paclitaxel weekly 6.5mg/kg, lapatinib 6x/week 30mg/kg, T-DM1 weekly 3.6mg/kg, trastuzumab weekly 6mg/kg, pertuzumab weekly 20mg/kg",UNRESOLVED,LOW,NO_DECISIVE_EVIDENCE,,,,,False
GEO:GSE161423,GSM4906801,MJH2_G2M1,PDX2,treatment: paclitaxel | animal id: mouse 1,"mice were randomized when tumors reached 5mm diameter and treated for 3 weeks; paclitaxel weekly 6.5mg/kg, lapatinib 6x/week 30mg/kg, T-DM1 weekly 3.6mg/kg, trastuzumab weekly 6mg/kg, pertuzumab weekly 20mg/kg",UNRESOLVED,LOW,NO_DECISIVE_EVIDENCE,,,,,False
GEO:GSE161423,GSM4906802,MJH2_G2M2,PDX2,treatment: paclitaxel | animal id: mouse 2,"mice were randomized when tumors reached 5mm diameter and treated for 3 weeks; paclitaxel weekly 6.5mg/kg, lapatinib 6x/week 30mg/kg, T-DM1 weekly 3.6mg/kg, trastuzumab weekly 6mg/kg, pertuzumab weekly 20mg/kg",UNRESOLVED,LOW,NO_DECISIVE_EVIDENCE,,,,,False
GEO:GSE161423,GSM4906803,MJH2_G2M3,PDX2,treatment: paclitaxel | animal id: mouse 3,"mice were randomized when tumors reached 5mm diameter and treated for 3 weeks; paclitaxel weekly 6.5mg/kg, lapatinib 6x/week 30mg/kg, T-DM1 weekly 3.6mg/kg, trastuzumab weekly 6mg/kg, pertuzumab weekly 20mg/kg",UNRESOLVED,LOW,NO_DECISIVE_EVIDENCE,,,,,False
GEO:GSE161423,GSM4906804,MJH2_G3M1,PDX2,treatment: lapatinib | animal id: mouse 1,"mice were randomized when tumors reached 5mm diameter and treated for 3 weeks; paclitaxel weekly 6.5mg/kg, lapatinib 6x/week 30mg/kg, T-DM1 weekly 3.6mg/kg, trastuzumab weekly 6mg/kg, pertuzumab weekly 20mg/kg",UNRESOLVED,LOW,NO_DECISIVE_EVIDENCE,,,,,False
GEO:GSE161423,GSM4906805,MJH2_G3M2,PDX2,treatment: lapatinib | animal id: mouse 2,"mice were randomized when tumors reached 5mm diameter and treated for 3 weeks; paclitaxel weekly 6.5mg/kg, lapatinib 6x/week 30mg/kg, T-DM1 weekly 3.6mg/kg, trastuzumab weekly 6mg/kg, pertuzumab weekly 20mg/kg",UNRESOLVED,LOW,NO_DECISIVE_EVIDENCE,,,,,False
GEO:GSE161423,GSM4906806,MJH2_G3M3,PDX2,treatment: lapatinib | animal id: mouse 3,"mice were randomized when tumors reached 5mm diameter and treated for 3 weeks; paclitaxel weekly 6.5mg/kg, lapatinib 6x/week 30mg/kg, T-DM1 weekly 3.6mg/kg, trastuzumab weekly 6mg/kg, pertuzumab weekly 20mg/kg",UNRESOLVED,LOW,NO_DECISIVE_EVIDENCE,,,,,False
GEO:GSE161423,GSM4906807,MJH2_G4M1,PDX2,treatment: T-DM1 | animal id: mouse 1,"mice were randomized when tumors reached 5mm diameter and treated for 3 weeks; paclitaxel weekly 6.5mg/kg, lapatinib 6x/week 30mg/kg, T-DM1 weekly 3.6mg/kg, trastuzumab weekly 6mg/kg, pertuzumab weekly 20mg/kg",UNRESOLVED,LOW,NO_DECISIVE_EVIDENCE,,,,,False
GEO:GSE161423,GSM4906808,MJH2_G4M2,PDX2,treatment: T-DM1 | animal id: mouse 2,"mice were randomized when tumors reached 5mm diameter and treated for 3 weeks; paclitaxel weekly 6.5mg/kg, lapatinib 6x/week 30mg/kg, T-DM1 weekly 3.6mg/kg, trastuzumab weekly 6mg/kg, pertuzumab weekly 20mg/kg",UNRESOLVED,LOW,NO_DECISIVE_EVIDENCE,,,,,False
GEO:GSE161423,GSM4906809,MJH2_G4M4,PDX2,treatment: T-DM1 | animal id: mouse 3,"mice were randomized when tumors reached 5mm diameter and treated for 3 weeks; paclitaxel weekly 6.5mg/kg, lapatinib 6x/week 30mg/kg, T-DM1 weekly 3.6mg/kg, trastuzumab weekly 6mg/kg, pertuzumab weekly 20mg/kg",UNRESOLVED,LOW,NO_DECISIVE_EVIDENCE,,,,,False
GEO:GSE161423,GSM4906810,MJH2_G5M1,PDX2,treatment: trastuzumab | animal id: mouse 1,"mice were randomized when tumors reached 5mm diameter and treated for 3 weeks; paclitaxel weekly 6.5mg/kg, lapatinib 6x/week 30mg/kg, T-DM1 weekly 3.6mg/kg, trastuzumab weekly 6mg/kg, pertuzumab weekly 20mg/kg",UNRESOLVED,LOW,NO_DECISIVE_EVIDENCE,,,,,False
GEO:GSE161423,GSM4906811,MJH2_G5M2,PDX2,treatment: trastuzumab | animal id: mouse 2,"mice were randomized when tumors reached 5mm diameter and treated for 3 weeks; paclitaxel weekly 6.5mg/kg, lapatinib 6x/week 30mg/kg, T-DM1 weekly 3.6mg/kg, trastuzumab weekly 6mg/kg, pertuzumab weekly 20mg/kg",UNRESOLVED,LOW,NO_DECISIVE_EVIDENCE,,,,,False
GEO:GSE161423,GSM4906812,MJH2_G5M3,PDX2,treatment: trastuzumab | animal id: mouse 3,"mice were randomized when tumors reached 5mm diameter and treated for 3 weeks; paclitaxel weekly 6.5mg/kg, lapatinib 6x/week 30mg/kg, T-DM1 weekly 3.6mg/kg, trastuzumab weekly 6mg/kg, pertuzumab weekly 20mg/kg",UNRESOLVED,LOW,NO_DECISIVE_EVIDENCE,,,,,False
GEO:GSE161423,GSM4906813,MJH2_G6M1,PDX2,treatment: pertuzumab | animal id: mouse 1,"mice were randomized when tumors reached 5mm diameter and treated for 3 weeks; paclitaxel weekly 6.5mg/kg, lapatinib 6x/week 30mg/kg, T-DM1 weekly 3.6mg/kg, trastuzumab weekly 6mg/kg, pertuzumab weekly 20mg/kg",UNRESOLVED,LOW,NO_DECISIVE_EVIDENCE,,,,,False
GEO:GSE161423,GSM4906814,MJH2_G6M2,PDX2,treatment: pertuzumab | animal id: mouse 2,"mice were randomized when tumors reached 5mm diameter and treated for 3 weeks; paclitaxel weekly 6.5mg/kg, lapatinib 6x/week 30mg/kg, T-DM1 weekly 3.6mg/kg, trastuzumab weekly 6mg/kg, pertuzumab weekly 20mg/kg",UNRESOLVED,LOW,NO_DECISIVE_EVIDENCE,,,,,False
GEO:GSE161423,GSM4906815,MJH2_G6M3,PDX2,treatment: pertuzumab | animal id: mouse 3,"mice were randomized when tumors reached 5mm diameter and treated for 3 weeks; paclitaxel weekly 6.5mg/kg, lapatinib 6x/week 30mg/kg, T-DM1 weekly 3.6mg/kg, trastuzumab weekly 6mg/kg, pertuzumab weekly 20mg/kg",UNRESOLVED,LOW,NO_DECISIVE_EVIDENCE,,,,,False
GEO:GSE161423,GSM4906816,1 MJ_H1_G1,PDX1,treatment: untreated | animal id: mouse 1,"mice were randomized when tumors reached 5mm diameter and treated for 3 weeks; paclitaxel weekly 6.5mg/kg, lapatinib 6x/week 30mg/kg, T-DM1 weekly 3.6mg/kg, trastuzumab weekly 6mg/kg, pertuzumab weekly 20mg/kg",UNRESOLVED,LOW,NO_DECISIVE_EVIDENCE,,,,,False
GEO:GSE161423,GSM4906817,1 MJ_H1_G2,PDX1,treatment: lapatinib | animal id: mouse 1,"mice were randomized when tumors reached 5mm diameter and treated for 3 weeks; paclitaxel weekly 6.5mg/kg, lapatinib 6x/week 30mg/kg, T-DM1 weekly 3.6mg/kg, trastuzumab weekly 6mg/kg, pertuzumab weekly 20mg/kg",UNRESOLVED,LOW,NO_DECISIVE_EVIDENCE,,,,,False
GEO:GSE161423,GSM4906818,1 MJ_H1_G3,PDX1,treatment: paclitaxel | animal id: mouse 1,"mice were randomized when tumors reached 5mm diameter and treated for 3 weeks; paclitaxel weekly 6.5mg/kg, lapatinib 6x/week 30mg/kg, T-DM1 weekly 3.6mg/kg, trastuzumab weekly 6mg/kg, pertuzumab weekly 20mg/kg",UNRESOLVED,LOW,NO_DECISIVE_EVIDENCE,,,,,False
GEO:GSE161423,GSM4906819,1 MJ_H1_G4,PDX1,treatment: T-DM1 | animal id: mouse 1,"mice were randomized when tumors reached 5mm diameter and treated for 3 weeks; paclitaxel weekly 6.5mg/kg, lapatinib 6x/week 30mg/kg, T-DM1 weekly 3.6mg/kg, trastuzumab weekly 6mg/kg, pertuzumab weekly 20mg/kg",UNRESOLVED,LOW,NO_DECISIVE_EVIDENCE,,,,,False
GEO:GSE161423,GSM4906820,1 MJ_H1_G5,PDX1,treatment: trastuzumab | animal id: mouse 1,"mice were randomized when tumors reached 5mm diameter and treated for 3 weeks; paclitaxel weekly 6.5mg/kg, lapatinib 6x/week 30mg/kg, T-DM1 weekly 3.6mg/kg, trastuzumab weekly 6mg/kg, pertuzumab weekly 20mg/kg",UNRESOLVED,LOW,NO_DECISIVE_EVIDENCE,,,,,False
GEO:GSE161423,GSM4906821,1 MJ_H1_G6,PDX1,treatment: pertuzumab | animal id: mouse 1,"mice were randomized when tumors reached 5mm diameter and treated for 3 weeks; paclitaxel weekly 6.5mg/kg, lapatinib 6x/week 30mg/kg, T-DM1 weekly 3.6mg/kg, trastuzumab weekly 6mg/kg, pertuzumab weekly 20mg/kg",UNRESOLVED,LOW,NO_DECISIVE_EVIDENCE,,,,,False
GEO:GSE161423,GSM4906822,1 MJ_H2_G1,PDX2,treatment: untreated | animal id: mouse 1,"mice were randomized when tumors reached 5mm diameter and treated for 3 weeks; paclitaxel weekly 6.5mg/kg, lapatinib 6x/week 30mg/kg, T-DM1 weekly 3.6mg/kg, trastuzumab weekly 6mg/kg, pertuzumab weekly 20mg/kg",UNRESOLVED,LOW,NO_DECISIVE_EVIDENCE,,,,,False
GEO:GSE161423,GSM4906823,1 MJ_H2_G2,PDX2,treatment: paclitaxel | animal id: mouse 1,"mice were randomized when tumors reached 5mm diameter and treated for 3 weeks; paclitaxel weekly 6.5mg/kg, lapatinib 6x/week 30mg/kg, T-DM1 weekly 3.6mg/kg, trastuzumab weekly 6mg/kg, pertuzumab weekly 20mg/kg",UNRESOLVED,LOW,NO_DECISIVE_EVIDENCE,,,,,False
GEO:GSE161423,GSM4906824,1 MJ_H2_G3,PDX2,treatment: lapatinib | animal id: mouse 1,"mice were randomized when tumors reached 5mm diameter and treated for 3 weeks; paclitaxel weekly 6.5mg/kg, lapatinib 6x/week 30mg/kg, T-DM1 weekly 3.6mg/kg, trastuzumab weekly 6mg/kg, pertuzumab weekly 20mg/kg",UNRESOLVED,LOW,NO_DECISIVE_EVIDENCE,,,,,False
GEO:GSE161423,GSM4906825,1 MJ_H2_G4,PDX2,treatment: T-DM1 | animal id: mouse 1,"mice were randomized when tumors reached 5mm diameter and treated for 3 weeks; paclitaxel weekly 6.5mg/kg, lapatinib 6x/week 30mg/kg, T-DM1 weekly 3.6mg/kg, trastuzumab weekly 6mg/kg, pertuzumab weekly 20mg/kg",UNRESOLVED,LOW,NO_DECISIVE_EVIDENCE,,,,,False
GEO:GSE161423,GSM4906826,1 MJ_H2_G5,PDX2,treatment: trastuzumab | animal id: mouse 1,"mice were randomized when tumors reached 5mm diameter and treated for 3 weeks; paclitaxel weekly 6.5mg/kg, lapatinib 6x/week 30mg/kg, T-DM1 weekly 3.6mg/kg, trastuzumab weekly 6mg/kg, pertuzumab weekly 20mg/kg",UNRESOLVED,LOW,NO_DECISIVE_EVIDENCE,,,,,False
GEO:GSE161423,GSM4906827,1 MJ_H2_G6,PDX2,treatment: pertuzumab | animal id: mouse 1,"mice were randomized when tumors reached 5mm diameter and treated for 3 weeks; paclitaxel weekly 6.5mg/kg, lapatinib 6x/week 30mg/kg, T-DM1 weekly 3.6mg/kg, trastuzumab weekly 6mg/kg, pertuzumab weekly 20mg/kg",UNRESOLVED,LOW,NO_DECISIVE_EVIDENCE,,,,,False
GEO:GSE161423,GSM4906828,2 MJ_H1_G1,PDX1,treatment: untreated | animal id: mouse 2,"mice were randomized when tumors reached 5mm diameter and treated for 3 weeks; paclitaxel weekly 6.5mg/kg, lapatinib 6x/week 30mg/kg, T-DM1 weekly 3.6mg/kg, trastuzumab weekly 6mg/kg, pertuzumab weekly 20mg/kg",UNRESOLVED,LOW,NO_DECISIVE_EVIDENCE,,,,,False
GEO:GSE161423,GSM4906829,2 MJ_H1_G2,PDX1,treatment: lapatinib | animal id: mouse 2,"mice were randomized when tumors reached 5mm diameter and treated for 3 weeks; paclitaxel weekly 6.5mg/kg, lapatinib 6x/week 30mg/kg, T-DM1 weekly 3.6mg/kg, trastuzumab weekly 6mg/kg, pertuzumab weekly 20mg/kg",UNRESOLVED,LOW,NO_DECISIVE_EVIDENCE,,,,,False
GEO:GSE161423,GSM4906830,2 MJ_H1_G3,PDX1,treatment: paclitaxel | animal id: mouse 2,"mice were randomized when tumors reached 5mm diameter and treated for 3 weeks; paclitaxel weekly 6.5mg/kg, lapatinib 6x/week 30mg/kg, T-DM1 weekly 3.6mg/kg, trastuzumab weekly 6mg/kg, pertuzumab weekly 20mg/kg",UNRESOLVED,LOW,NO_DECISIVE_EVIDENCE,,,,,False
GEO:GSE161423,GSM4906831,2 MJ_H1_G4,PDX1,treatment: T-DM1 | animal id: mouse 2,"mice were randomized when tumors reached 5mm diameter and treated for 3 weeks; paclitaxel weekly 6.5mg/kg, lapatinib 6x/week 30mg/kg, T-DM1 weekly 3.6mg/kg, trastuzumab weekly 6mg/kg, pertuzumab weekly 20mg/kg",UNRESOLVED,LOW,NO_DECISIVE_EVIDENCE,,,,,False
GEO:GSE161423,GSM4906832,2 MJ_H1_G5,PDX1,treatment: trastuzumab | animal id: mouse 2,"mice were randomized when tumors reached 5mm diameter and treated for 3 weeks; paclitaxel weekly 6.5mg/kg, lapatinib 6x/week 30mg/kg, T-DM1 weekly 3.6mg/kg, trastuzumab weekly 6mg/kg, pertuzumab weekly 20mg/kg",UNRESOLVED,LOW,NO_DECISIVE_EVIDENCE,,,,,False
GEO:GSE161423,GSM4906833,2 MJ_H1_G6,PDX1,treatment: pertuzumab | animal id: mouse 2,"mice were randomized when tumors reached 5mm diameter and treated for 3 weeks; paclitaxel weekly 6.5mg/kg, lapatinib 6x/week 30mg/kg, T-DM1 weekly 3.6mg/kg, trastuzumab weekly 6mg/kg, pertuzumab weekly 20mg/kg",UNRESOLVED,LOW,NO_DECISIVE_EVIDENCE,,,,,False
GEO:GSE161423,GSM4906834,2 MJ_H2_G1,PDX2,treatment: untreated | animal id: mouse 2,"mice were randomized when tumors reached 5mm diameter and treated for 3 weeks; paclitaxel weekly 6.5mg/kg, lapatinib 6x/week 30mg/kg, T-DM1 weekly 3.6mg/kg, trastuzumab weekly 6mg/kg, pertuzumab weekly 20mg/kg",UNRESOLVED,LOW,NO_DECISIVE_EVIDENCE,,,,,False
GEO:GSE161423,GSM4906835,2 MJ_H2_G2,PDX2,treatment: paclitaxel | animal id: mouse 2,"mice were randomized when tumors reached 5mm diameter and treated for 3 weeks; paclitaxel weekly 6.5mg/kg, lapatinib 6x/week 30mg/kg, T-DM1 weekly 3.6mg/kg, trastuzumab weekly 6mg/kg, pertuzumab weekly 20mg/kg",UNRESOLVED,LOW,NO_DECISIVE_EVIDENCE,,,,,False
GEO:GSE161423,GSM4906836,2 MJ_H2_G3,PDX2,treatment: lapatinib | animal id: mouse 2,"mice were randomized when tumors reached 5mm diameter and treated for 3 weeks; paclitaxel weekly 6.5mg/kg, lapatinib 6x/week 30mg/kg, T-DM1 weekly 3.6mg/kg, trastuzumab weekly 6mg/kg, pertuzumab weekly 20mg/kg",UNRESOLVED,LOW,NO_DECISIVE_EVIDENCE,,,,,False
GEO:GSE161423,GSM4906837,2 MJ_H2_G4,PDX2,treatment: T-DM1 | animal id: mouse 2,"mice were randomized when tumors reached 5mm diameter and treated for 3 weeks; paclitaxel weekly 6.5mg/kg, lapatinib 6x/week 30mg/kg, T-DM1 weekly 3.6mg/kg, trastuzumab weekly 6mg/kg, pertuzumab weekly 20mg/kg",UNRESOLVED,LOW,NO_DECISIVE_EVIDENCE,,,,,False
GEO:GSE161423,GSM4906838,2 MJ_H2_G5,PDX2,treatment: trastuzumab | animal id: mouse 2,"mice were randomized when tumors reached 5mm diameter and treated for 3 weeks; paclitaxel weekly 6.5mg/kg, lapatinib 6x/week 30mg/kg, T-DM1 weekly 3.6mg/kg, trastuzumab weekly 6mg/kg, pertuzumab weekly 20mg/kg",UNRESOLVED,LOW,NO_DECISIVE_EVIDENCE,,,,,False
GEO:GSE161423,GSM4906839,2 MJ_H2_G6,PDX2,treatment: pertuzumab | animal id: mouse 2,"mice were randomized when tumors reached 5mm diameter and treated for 3 weeks; paclitaxel weekly 6.5mg/kg, lapatinib 6x/week 30mg/kg, T-DM1 weekly 3.6mg/kg, trastuzumab weekly 6mg/kg, pertuzumab weekly 20mg/kg",UNRESOLVED,LOW,NO_DECISIVE_EVIDENCE,,,,,False
GEO:GSE161423,GSM4906841,hert1_batch1,PDX tumor and stroma cells,cell line: PDX1 | animal id: mouse 1,"mice were randomized when tumors reached 5mm diameter and treated for 3 weeks; paclitaxel weekly 6.5mg/kg, lapatinib 6x/week 30mg/kg, T-DM1 weekly 3.6mg/kg, trastuzumab weekly 6mg/kg, pertuzumab weekly 20mg/kg",UNRESOLVED,LOW,NO_DECISIVE_EVIDENCE,,,,,False
GEO:GSE161423,GSM4906842,hert2_batch1,PDX tumor and stroma cells,cell line: PDX2 | animal id: mouse 1,"mice were randomized when tumors reached 5mm diameter and treated for 3 weeks; paclitaxel weekly 6.5mg/kg, lapatinib 6x/week 30mg/kg, T-DM1 weekly 3.6mg/kg, trastuzumab weekly 6mg/kg, pertuzumab weekly 20mg/kg",UNRESOLVED,LOW,NO_DECISIVE_EVIDENCE,,,,,False
GEO:GSE161423,GSM4906843,hert1_batch2,PDX tumor and stroma cells,cell line: PDX1 | animal id: mouse 2,"mice were randomized when tumors reached 5mm diameter and treated for 3 weeks; paclitaxel weekly 6.5mg/kg, lapatinib 6x/week 30mg/kg, T-DM1 weekly 3.6mg/kg, trastuzumab weekly 6mg/kg, pertuzumab weekly 20mg/kg",UNRESOLVED,LOW,NO_DECISIVE_EVIDENCE,,,,,False
GEO:GSE161423,GSM4906844,hert2_batch2,PDX tumor and stroma cells,cell line: PDX2 | animal id: mouse 2,"mice were randomized when tumors reached 5mm diameter and treated for 3 weeks; paclitaxel weekly 6.5mg/kg, lapatinib 6x/week 30mg/kg, T-DM1 weekly 3.6mg/kg, trastuzumab weekly 6mg/kg, pertuzumab weekly 20mg/kg",UNRESOLVED,LOW,NO_DECISIVE_EVIDENCE,,,,,False
GEO:GSE161743,GSM4913841,101-O,Patient 101,tissue: breast tumor specimen | disease state: HER2-positive | time point: post-treatment | treatment: trastuzumab + pertuzumab,,UNRESOLVED,LOW,NO_DECISIVE_EVIDENCE,,,,,False
GEO:GSE161743,GSM4913842,101-R,Patient 101,tissue: breast tumor specimen | disease state: HER2-positive | time point: pre-treatment | treatment: n/a,,UNRESOLVED,LOW,NO_DECISIVE_EVIDENCE,,,,,False
GEO:GSE161743,GSM4913843,103-O,Patient 103,tissue: breast tumor specimen | disease state: HER2-positive | time point: post-treatment | treatment: trastuzumab,,UNRESOLVED,LOW,NO_DECISIVE_EVIDENCE,,,,,False
GEO:GSE161743,GSM4913844,103-R,Patient 103,tissue: breast tumor specimen | disease state: HER2-positive | time point: pre-treatment | treatment: n/a,,UNRESOLVED,LOW,NO_DECISIVE_EVIDENCE,,,,,False
GEO:GSE161743,GSM4913845,107-O,Patient 107,tissue: breast tumor specimen | disease state: HER2-positive | time point: post-treatment | treatment: trastuzumab + lapatinib,,UNRESOLVED,LOW,NO_DECISIVE_EVIDENCE,,,,,False
GEO:GSE161743,GSM4913846,107-R,Patient 107,tissue: breast tumor specimen | disease state: HER2-positive | time point: pre-treatment | treatment: n/a,,UNRESOLVED,LOW,NO_DECISIVE_EVIDENCE,,,,,False
GEO:GSE161743,GSM4913847,108-O,Patient 108,tissue: breast tumor specimen | disease state: HER2-positive | time point: post-treatment | treatment: trastuzumab,,UNRESOLVED,LOW,NO_DECISIVE_EVIDENCE,,,,,False
GEO:GSE161743,GSM4913848,108-R,Patient 108,tissue: breast tumor specimen | disease state: HER2-positive | time point: pre-treatment | treatment: n/a,,UNRESOLVED,LOW,NO_DECISIVE_EVIDENCE,,,,,False
GEO:GSE161743,GSM4913849,109-O,Patient 109,tissue: breast tumor specimen | disease state: HER2-positive | time point: post-treatment | treatment: trastuzumab + pertuzumab,,UNRESOLVED,LOW,NO_DECISIVE_EVIDENCE,,,,,False
GEO:GSE161743,GSM4913850,111-O,Patient 111,tissue: breast tumor specimen | disease state: HER2-positive | time point: post-treatment | treatment: pertuzumab,,UNRESOLVED,LOW,NO_DECISIVE_EVIDENCE,,,,,False
GEO:GSE161743,GSM4913851,111-R,Patient 111,tissue: breast tumor specimen | disease state: HER2-positive | time point: pre-treatment | treatment: n/a,,UNRESOLVED,LOW,NO_DECISIVE_EVIDENCE,,,,,False
GEO:GSE161743,GSM4913852,112-O,Patient 112,tissue: breast tumor specimen | disease state: HER2-positive | time point: post-treatment | treatment: trastuzumab + lapatinib,,UNRESOLVED,LOW,NO_DECISIVE_EVIDENCE,,,,,False
GEO:GSE161743,GSM4913853,113-O,Patient 113,tissue: breast tumor specimen | disease state: HER2-positive | time point: post-treatment | treatment: trastuzumab,,UNRESOLVED,LOW,NO_DECISIVE_EVIDENCE,,,,,False
GEO:GSE161743,GSM4913854,113-R,Patient 113,tissue: breast tumor specimen | disease state: HER2-positive | time point: pre-treatment | treatment: n/a,,UNRESOLVED,LOW,NO_DECISIVE_EVIDENCE,,,,,False
GEO:GSE161743,GSM4913855,115-O,Patient 115,tissue: breast tumor specimen | disease state: HER2-positive | time point: post-treatment | treatment: trastuzumab + pertuzumab,,UNRESOLVED,LOW,NO_DECISIVE_EVIDENCE,,,,,False
GEO:GSE161743,GSM4913856,116-O,Patient 116,tissue: breast tumor specimen | disease state: HER2-positive | time point: post-treatment | treatment: pertuzumab,,UNRESOLVED,LOW,NO_DECISIVE_EVIDENCE,,,,,False
GEO:GSE161743,GSM4913857,116-R,Patient 116,tissue: breast tumor specimen | disease state: HER2-positive | time point: pre-treatment | treatment: n/a,,UNRESOLVED,LOW,NO_DECISIVE_EVIDENCE,,,,,False
GEO:GSE161743,GSM4913858,117-O,Patient 117,tissue: breast tumor specimen | disease state: HER2-positive | time point: post-treatment | treatment: trastuzumab,,UNRESOLVED,LOW,NO_DECISIVE_EVIDENCE,,,,,False
GEO:GSE161743,GSM4913859,117-R,Patient 117,tissue: breast tumor specimen | disease state: HER2-positive | time point: pre-treatment | treatment: n/a,,UNRESOLVED,LOW,NO_DECISIVE_EVIDENCE,,,,,False
GEO:GSE161743,GSM4913860,118-O,Patient 118,tissue: breast tumor specimen | disease state: HER2-positive | time point: post-treatment | treatment: pertuzumab,,UNRESOLVED,LOW,NO_DECISIVE_EVIDENCE,,,,,False
GEO:GSE161743,GSM4913861,119-O,Patient 119,tissue: breast tumor specimen | disease state: HER2-positive | time point: post-treatment | treatment: trastuzumab + pertuzumab,,UNRESOLVED,LOW,NO_DECISIVE_EVIDENCE,,,,,False
GEO:GSE161743,GSM4913862,119-R,Patient 119,tissue: breast tumor specimen | disease state: HER2-positive | time point: pre-treatment | treatment: n/a,,UNRESOLVED,LOW,NO_DECISIVE_EVIDENCE,,,,,False
GEO:GSE161743,GSM4913863,120-O,Patient 120,tissue: breast tumor specimen | disease state: HER2-positive | time point: post-treatment | treatment: trastuzumab + pertuzumab,,UNRESOLVED,LOW,NO_DECISIVE_EVIDENCE,,,,,False
GEO:GSE161743,GSM4913864,120-R,Patient 120,tissue: breast tumor specimen | disease state: HER2-positive | time point: pre-treatment | treatment: n/a,,UNRESOLVED,LOW,NO_DECISIVE_EVIDENCE,,,,,False
GEO:GSE161743,GSM4913865,121-O,Patient 121,tissue: breast tumor specimen | disease state: HER2-positive | time point: post-treatment | treatment: trastuzumab + lapatinib,,UNRESOLVED,LOW,NO_DECISIVE_EVIDENCE,,,,,False
GEO:GSE161743,GSM4913866,123-O,Patient 123,tissue: breast tumor specimen | disease state: HER2-positive | time point: post-treatment | treatment: trastuzumab,,UNRESOLVED,LOW,NO_DECISIVE_EVIDENCE,,,,,False
GEO:GSE161743,GSM4913867,123-R,Patient 123,tissue: breast tumor specimen | disease state: HER2-positive | time point: pre-treatment | treatment: n/a,,UNRESOLVED,LOW,NO_DECISIVE_EVIDENCE,,,,,False
GEO:GSE161743,GSM4913868,125-O,Patient 125,tissue: breast tumor specimen | disease state: HER2-positive | time point: post-treatment | treatment: trastuzumab + lapatinib,,UNRESOLVED,LOW,NO_DECISIVE_EVIDENCE,,,,,False
GEO:GSE161743,GSM4913869,125-R,Patient 125,tissue: breast tumor specimen | disease state: HER2-positive | time point: pre-treatment | treatment: n/a,,UNRESOLVED,LOW,NO_DECISIVE_EVIDENCE,,,,,False
GEO:GSE161743,GSM4913870,128-O,Patient 128,tissue: breast tumor specimen | disease state: HER2-positive | time point: post-treatment | treatment: pertuzumab,,UNRESOLVED,LOW,NO_DECISIVE_EVIDENCE,,,,,False
GEO:GSE161743,GSM4913871,128-R,Patient 128,tissue: breast tumor specimen | disease state: HER2-positive | time point: pre-treatment | treatment: n/a,,UNRESOLVED,LOW,NO_DECISIVE_EVIDENCE,,,,,False
GEO:GSE161743,GSM4913872,124-O,Patient 124,tissue: breast tumor specimen | disease state: HER2-positive | time point: post-treatment | treatment: trastuzumab + lapatinib,,UNRESOLVED,LOW,NO_DECISIVE_EVIDENCE,,,,,False
GEO:GSE161743,GSM4913873,131-O,Patient 131,tissue: breast tumor specimen | disease state: HER2-positive | time point: post-treatment | treatment: trastuzumab + lapatinib,,UNRESOLVED,LOW,NO_DECISIVE_EVIDENCE,,,,,False
GEO:GSE161743,GSM4913874,133-R,Patient 133,tissue: breast tumor specimen | disease state: HER2-positive | time point: pre-treatment | treatment: n/a,,UNRESOLVED,LOW,NO_DECISIVE_EVIDENCE,,,,,False
GEO:GSE17630,GSM440114,T100,SKBR3 resistant to trastuzumab and lapatinib,tissue: breast cancer | cell line: SKBR3_T100 | genome/variation: HER2 overexpressing,,UNRESOLVED,LOW,NO_DECISIVE_EVIDENCE,,,,,False
GEO:GSE17630,GSM440115,T0,SKBR3 sensitive,tissue: breast cancer | cell line: SKBR3_T0,,UNRESOLVED,LOW,NO_DECISIVE_EVIDENCE,,,,,False
GEO:GSE186402,GSM5651031,4T1-MCF7 mixed multi-omics sample RNA,breast cancer cells,cell type: breast cancer cells | human cell line: MCF7 | mouse cell line: 4T1 | treatment: none,Drug-treated group was treated by Trastuzumab for 72h.,UNRESOLVED,LOW,NO_DECISIVE_EVIDENCE,,,,,False
GEO:GSE186402,GSM5651032,4T1-MCF7 mixed multi-omics sample protein,breast cancer cells,cell type: breast cancer cells | human cell line: MCF7 | mouse cell line: 4T1 | treatment: none | antibody: anti-human Epcam antibody and anti-mouse Epcam antibody,Drug-treated group was treated by Trastuzumab for 72h.,UNRESOLVED,LOW,NO_DECISIVE_EVIDENCE,,,,,False
GEO:GSE186402,GSM5651033,4T1-MCF7 mixed single-omics sample RNA,breast cancer cells,cell type: breast cancer cells | human cell line: MCF7 | mouse cell line: 4T1 | treatment: none,Drug-treated group was treated by Trastuzumab for 72h.,UNRESOLVED,LOW,NO_DECISIVE_EVIDENCE,,,,,False
GEO:GSE186402,GSM5651034,MCF7 multi-omics sample RNA _rep1,breast cancer cells,cell type: breast cancer cells | human cell line: MCF7 | treatment: none,Drug-treated group was treated by Trastuzumab for 72h.,UNRESOLVED,LOW,NO_DECISIVE_EVIDENCE,,,,,False
GEO:GSE186402,GSM5651035,MCF7 multi-omics sample protein _rep1,breast cancer cells,"cell type: breast cancer cells | human cell line: MCF7 | treatment: none | antibody: anti-human Epcam antibody, anti-human HER2 antibody and anti-human EGFR antibody",Drug-treated group was treated by Trastuzumab for 72h.,UNRESOLVED,LOW,NO_DECISIVE_EVIDENCE,,,,,False
GEO:GSE186402,GSM5651036,MCF7 multi-omics sample RNA _rep2,breast cancer cells,cell type: breast cancer cells | human cell line: MCF7 | treatment: none,Drug-treated group was treated by Trastuzumab for 72h.,UNRESOLVED,LOW,NO_DECISIVE_EVIDENCE,,,,,False
GEO:GSE186402,GSM5651037,MCF7 multi-omics sample protein _rep2,breast cancer cells,"cell type: breast cancer cells | human cell line: MCF7 | treatment: none | antibody: anti-human Epcam antibody, anti-human HER2 antibody and anti-human EGFR antibody",Drug-treated group was treated by Trastuzumab for 72h.,UNRESOLVED,LOW,NO_DECISIVE_EVIDENCE,,,,,False
GEO:GSE186402,GSM5651038,SK-BR-3 multi-omics sample RNA _rep1,breast cancer cells,cell type: breast cancer cells | human cell line: SK-BR-3 | treatment: none,Drug-treated group was treated by Trastuzumab for 72h.,UNRESOLVED,LOW,NO_DECISIVE_EVIDENCE,,,,,False
GEO:GSE186402,GSM5651039,SK-BR-3 multi-omics sample protein _rep1,breast cancer cells,"cell type: breast cancer cells | human cell line: SK-BR-3 | treatment: none | antibody: anti-human Epcam antibody, anti-human HER2 antibody and anti-human EGFR antibody",Drug-treated group was treated by Trastuzumab for 72h.,UNRESOLVED,LOW,NO_DECISIVE_EVIDENCE,,,,,False
GEO:GSE186402,GSM5651040,SK-BR-3 multi-omics sample RNA _rep2,breast cancer cells,cell type: breast cancer cells | human cell line: SK-BR-3 | treatment: none,Drug-treated group was treated by Trastuzumab for 72h.,UNRESOLVED,LOW,NO_DECISIVE_EVIDENCE,,,,,False
GEO:GSE186402,GSM5651041,SK-BR-3 multi-omics sample protein _rep2,breast cancer cells,"cell type: breast cancer cells | human cell line: SK-BR-3 | treatment: none | antibody: anti-human Epcam antibody, anti-human HER2 antibody and anti-human EGFR antibody",Drug-treated group was treated by Trastuzumab for 72h.,UNRESOLVED,LOW,NO_DECISIVE_EVIDENCE,,,,,False
GEO:GSE186402,GSM5651042,MDA-MB-231 multi-omics sample RNA _rep1,breast cancer cells,cell type: breast cancer cells | human cell line: MDA-MB-231 | treatment: none,Drug-treated group was treated by Trastuzumab for 72h.,UNRESOLVED,LOW,NO_DECISIVE_EVIDENCE,,,,,False
GEO:GSE186402,GSM5651043,MDA-MB-231 multi-omics sample protein _rep1,breast cancer cells,"cell type: breast cancer cells | human cell line: MDA-MB-231 | treatment: none | antibody: anti-human Epcam antibody, anti-human HER2 antibody and anti-human EGFR antibody",Drug-treated group was treated by Trastuzumab for 72h.,UNRESOLVED,LOW,NO_DECISIVE_EVIDENCE,,,,,False
GEO:GSE186402,GSM5651044,MDA-MB-231 multi-omics sample RNA _rep2,breast cancer cells,cell type: breast cancer cells | human cell line: MDA-MB-231 | treatment: none,Drug-treated group was treated by Trastuzumab for 72h.,UNRESOLVED,LOW,NO_DECISIVE_EVIDENCE,,,,,False
GEO:GSE186402,GSM5651045,MDA-MB-231 multi-omics sample protein _rep2,breast cancer cells,"cell type: breast cancer cells | human cell line: MDA-MB-231 | treatment: none | antibody: anti-human Epcam antibody, anti-human HER2 antibody and anti-human EGFR antibody",Drug-treated group was treated by Trastuzumab for 72h.,UNRESOLVED,LOW,NO_DECISIVE_EVIDENCE,,,,,False
GEO:GSE186402,GSM5651046,Drug-treated SK-BR-3 multi-omics sample RNA _rep1,breast cancer cells,cell type: breast cancer cells | human cell line: SK-BR-3 | treatment: Trastuzumab,Drug-treated group was treated by Trastuzumab for 72h.,UNRESOLVED,LOW,NO_DECISIVE_EVIDENCE,,,,,False
GEO:GSE186402,GSM5651047,Drug-treated SK-BR-3 multi-omics sample protein _rep1,breast cancer cells,"cell type: breast cancer cells | human cell line: SK-BR-3 | treatment: Trastuzumab | antibody: anti-human Epcam antibody, anti-human HER2 antibody and anti-human EGFR antibody",Drug-treated group was treated by Trastuzumab for 72h.,UNRESOLVED,LOW,NO_DECISIVE_EVIDENCE,,,,,False
GEO:GSE186402,GSM5651048,Drug-treated SK-BR-3 multi-omics sample RNA _rep2,breast cancer cells,cell type: breast cancer cells | human cell line: SK-BR-3 | treatment: Trastuzumab,Drug-treated group was treated by Trastuzumab for 72h.,UNRESOLVED,LOW,NO_DECISIVE_EVIDENCE,,,,,False
GEO:GSE186402,GSM5651049,Drug-treated SK-BR-3 multi-omics sample protein _rep2,breast cancer cells,"cell type: breast cancer cells | human cell line: SK-BR-3 | treatment: Trastuzumab | antibody: anti-human Epcam antibody, anti-human HER2 antibody and anti-human EGFR antibody",Drug-treated group was treated by Trastuzumab for 72h.,UNRESOLVED,LOW,NO_DECISIVE_EVIDENCE,,,,,False
GEO:GSE188513,GSM5684378,SKBR3_1,SKBR3,cell line: SKBR3 | cell type: Breast cancer cells | cell type: HER2 positive,,UNRESOLVED,LOW,NO_DECISIVE_EVIDENCE,,,,,False
GEO:GSE188513,GSM5684379,SKBR3_2,SKBR3,cell line: SKBR3 | cell type: Breast cancer cells | cell type: HER2 positive,,UNRESOLVED,LOW,NO_DECISIVE_EVIDENCE,,,,,False
GEO:GSE189160,GSM5695543,HR-1-IP,breast cancer cell,cell line background: BT474 | cell type: resistant cells | antibody: anti-m6A antibody,,RESISTANT,MODERATE,SECONDARY_FIELD,,,phrase:\bresistant cells?\b,,False
GEO:GSE189160,GSM5695544,HS-1-IP,breast cancer cell,cell line background: BT474 | cell type: sensitive cells | antibody: anti-m6A antibody,,SENSITIVE_OR_PARENTAL,MODERATE,SECONDARY_FIELD,,,,phrase:\bsensitive cells?\b,False
GEO:GSE189160,GSM5695545,HR-1-Input,breast cancer cell,cell line background: BT474 | cell type: resistant cells,,RESISTANT,MODERATE,SECONDARY_FIELD,,,phrase:\bresistant cells?\b,,False
GEO:GSE189160,GSM5695546,HS-1-Input,breast cancer cell,cell line background: BT474 | cell type: sensitive cells,,SENSITIVE_OR_PARENTAL,MODERATE,SECONDARY_FIELD,,,,phrase:\bsensitive cells?\b,False
GEO:GSE189160,GSM5695547,HR-2-IP,breast cancer cell,cell line background: BT474 | cell type: resistant cells | antibody: anti-m6A antibody,,RESISTANT,MODERATE,SECONDARY_FIELD,,,phrase:\bresistant cells?\b,,False
GEO:GSE189160,GSM5695548,HS-2-IP,breast cancer cell,cell line background: BT474 | cell type: sensitive cells | antibody: anti-m6A antibody,,SENSITIVE_OR_PARENTAL,MODERATE,SECONDARY_FIELD,,,,phrase:\bsensitive cells?\b,False
GEO:GSE189160,GSM5695549,HR-2-Input,breast cancer cell,cell line background: BT474 | cell type: resistant cells,,RESISTANT,MODERATE,SECONDARY_FIELD,,,phrase:\bresistant cells?\b,,False
GEO:GSE189160,GSM5695550,HS-2-Input,breast cancer cell,cell line background: BT474 | cell type: sensitive cells,,SENSITIVE_OR_PARENTAL,MODERATE,SECONDARY_FIELD,,,,phrase:\bsensitive cells?\b,False
GEO:GSE189160,GSM5695551,HR-3-IP,breast cancer cell,cell line background: BT474 | cell type: resistant cells | antibody: anti-m6A antibody,,RESISTANT,MODERATE,SECONDARY_FIELD,,,phrase:\bresistant cells?\b,,False
GEO:GSE189160,GSM5695552,HS-3-IP,breast cancer cell,cell line background: BT474 | cell type: sensitive cells | antibody: anti-m6A antibody,,SENSITIVE_OR_PARENTAL,MODERATE,SECONDARY_FIELD,,,,phrase:\bsensitive cells?\b,False
GEO:GSE189160,GSM5695553,HR-3-Input,breast cancer cell,cell line background: BT474 | cell type: resistant cells,,RESISTANT,MODERATE,SECONDARY_FIELD,,,phrase:\bresistant cells?\b,,False
GEO:GSE189160,GSM5695554,HS-3-Input,breast cancer cell,cell line background: BT474 | cell type: sensitive cells,,SENSITIVE_OR_PARENTAL,MODERATE,SECONDARY_FIELD,,,,phrase:\bsensitive cells?\b,False
GEO:GSE197822,GSM5930922,"BT474, biological rep1",BT474 cell line,cell line: BT474 cell line,"Cell from 6-well plates were rinsed with PBS, scrapped, centrifuged and placed into the Trizol solution.",SENSITIVE_OR_PARENTAL,HIGH,IDENTITY_FIELD,,paired_parental_alias:bt474,,paired_parental_alias:bt474 | paired_parental_alias:skbr3,True
GEO:GSE197822,GSM5930923,"BT474, biological rep2",BT474 cell line,cell line: BT474 cell line,"Cell from 6-well plates were rinsed with PBS, scrapped, centrifuged and placed into the Trizol solution.",SENSITIVE_OR_PARENTAL,HIGH,IDENTITY_FIELD,,paired_parental_alias:bt474,,paired_parental_alias:bt474 | paired_parental_alias:skbr3,True
GEO:GSE197822,GSM5930924,"BT474, biological rep3",BT474 cell line,cell line: BT474 cell line,"Cell from 6-well plates were rinsed with PBS, scrapped, centrifuged and placed into the Trizol solution.",SENSITIVE_OR_PARENTAL,HIGH,IDENTITY_FIELD,,paired_parental_alias:bt474,,paired_parental_alias:bt474 | paired_parental_alias:skbr3,True
GEO:GSE197822,GSM5930925,"BT474r, biological rep1",BT474r cell line,cell line: BT474r cell line,"Cell from 6-well plates were rinsed with PBS, scrapped, centrifuged and placed into the Trizol solution.",RESISTANT,HIGH,IDENTITY_FIELD,resistant_alias:bt474r,,resistant_alias:bt474r,paired_parental_alias:bt474 | paired_parental_alias:skbr3,True
GEO:GSE197822,GSM5930926,"BT474r, biological rep2",BT474r cell line,cell line: BT474r cell line,"Cell from 6-well plates were rinsed with PBS, scrapped, centrifuged and placed into the Trizol solution.",RESISTANT,HIGH,IDENTITY_FIELD,resistant_alias:bt474r,,resistant_alias:bt474r,paired_parental_alias:bt474 | paired_parental_alias:skbr3,True
GEO:GSE197822,GSM5930927,"BT474r, biological rep3",BT474r cell line,cell line: BT474r cell line,"Cell from 6-well plates were rinsed with PBS, scrapped, centrifuged and placed into the Trizol solution.",RESISTANT,HIGH,IDENTITY_FIELD,resistant_alias:bt474r,,resistant_alias:bt474r,paired_parental_alias:bt474 | paired_parental_alias:skbr3,True
GEO:GSE197822,GSM5930928,"SKBR3, biological rep1",SKBR3 cell line,cell line: SKBR3 cell line,"Cell from 6-well plates were rinsed with PBS, scrapped, centrifuged and placed into the Trizol solution.",SENSITIVE_OR_PARENTAL,HIGH,IDENTITY_FIELD,,paired_parental_alias:skbr3,,paired_parental_alias:bt474 | paired_parental_alias:skbr3,True
GEO:GSE197822,GSM5930929,"SKBR3, biological rep2",SKBR3 cell line,cell line: SKBR3 cell line,"Cell from 6-well plates were rinsed with PBS, scrapped, centrifuged and placed into the Trizol solution.",SENSITIVE_OR_PARENTAL,HIGH,IDENTITY_FIELD,,paired_parental_alias:skbr3,,paired_parental_alias:bt474 | paired_parental_alias:skbr3,True
GEO:GSE197822,GSM5930930,"SKBR3, biological rep3",SKBR3 cell line,cell line: SKBR3 cell line,"Cell from 6-well plates were rinsed with PBS, scrapped, centrifuged and placed into the Trizol solution.",SENSITIVE_OR_PARENTAL,HIGH,IDENTITY_FIELD,,paired_parental_alias:skbr3,,paired_parental_alias:bt474 | paired_parental_alias:skbr3,True
GEO:GSE197822,GSM5930931,"SKBR3r, biological rep1",SKBR3r cell line,cell line: SKBR3r cell line,"Cell from 6-well plates were rinsed with PBS, scrapped, centrifuged and placed into the Trizol solution.",RESISTANT,HIGH,IDENTITY_FIELD,resistant_alias:skbr3r,,resistant_alias:skbr3r,paired_parental_alias:bt474 | paired_parental_alias:skbr3,True
GEO:GSE197822,GSM5930932,"SKBR3r, biological rep2",SKBR3r cell line,cell line: SKBR3r cell line,"Cell from 6-well plates were rinsed with PBS, scrapped, centrifuged and placed into the Trizol solution.",RESISTANT,HIGH,IDENTITY_FIELD,resistant_alias:skbr3r,,resistant_alias:skbr3r,paired_parental_alias:bt474 | paired_parental_alias:skbr3,True
GEO:GSE197822,GSM5930933,"SKBR3r, biological rep3",SKBR3r cell line,cell line: SKBR3r cell line,"Cell from 6-well plates were rinsed with PBS, scrapped, centrifuged and placed into the Trizol solution.",RESISTANT,HIGH,IDENTITY_FIELD,resistant_alias:skbr3r,,resistant_alias:skbr3r,paired_parental_alias:bt474 | paired_parental_alias:skbr3,True
GEO:GSE217624,GSM6722935,NBR14,Healthy breast epithelium,tissue: Healthy breast epithelium | treatment: No treatment | breast cancer_pathological_subtype: No cancer,"Chemotherapy treatment included a standard-of-care sequential doxorubicin and cyclophosphamide followed by paclitaxel, and additional Herceptin for HER2+ patients",UNRESOLVED,LOW,NO_DECISIVE_EVIDENCE,,,,,False
GEO:GSE217624,GSM6722936,NBR15_1,Healthy breast epithelium,tissue: Healthy breast epithelium | treatment: No treatment | breast cancer_pathological_subtype: No cancer,"Chemotherapy treatment included a standard-of-care sequential doxorubicin and cyclophosphamide followed by paclitaxel, and additional Herceptin for HER2+ patients",UNRESOLVED,LOW,NO_DECISIVE_EVIDENCE,,,,,False
GEO:GSE217624,GSM6722937,NBR15_3,Healthy breast epithelium,tissue: Healthy breast epithelium | treatment: No treatment | breast cancer_pathological_subtype: No cancer,"Chemotherapy treatment included a standard-of-care sequential doxorubicin and cyclophosphamide followed by paclitaxel, and additional Herceptin for HER2+ patients",UNRESOLVED,LOW,NO_DECISIVE_EVIDENCE,,,,,False
GEO:GSE217624,GSM6722938,ST_1C,breast cancer tumor,tissue: breast cancer tumor | treatment: pre-treatment | breast cancer_pathological_subtype: ER+/HER2+,"Chemotherapy treatment included a standard-of-care sequential doxorubicin and cyclophosphamide followed by paclitaxel, and additional Herceptin for HER2+ patients",UNRESOLVED,LOW,NO_DECISIVE_EVIDENCE,,,,,False
GEO:GSE217624,GSM6722939,ST_1N_B,Normal breast tumor adjacent,tissue: Normal breast tumor adjacent | treatment: post-treatment | breast cancer_pathological_subtype: ER+/HER2+,"Chemotherapy treatment included a standard-of-care sequential doxorubicin and cyclophosphamide followed by paclitaxel, and additional Herceptin for HER2+ patients",UNRESOLVED,LOW,NO_DECISIVE_EVIDENCE,,,,,False
GEO:GSE217624,GSM6722940,ST_1T,breast cancer tumor,tissue: breast cancer tumor | treatment: post-treatment | breast cancer_pathological_subtype: ER+/HER2+,"Chemotherapy treatment included a standard-of-care sequential doxorubicin and cyclophosphamide followed by paclitaxel, and additional Herceptin for HER2+ patients",UNRESOLVED,LOW,NO_DECISIVE_EVIDENCE,,,,,False
GEO:GSE217624,GSM6722941,ST_5C,breast cancer tumor,tissue: breast cancer tumor | treatment: pre-treatment | breast cancer_pathological_subtype: ER+,"Chemotherapy treatment included a standard-of-care sequential doxorubicin and cyclophosphamide followed by paclitaxel, and additional Herceptin for HER2+ patients",UNRESOLVED,LOW,NO_DECISIVE_EVIDENCE,,,,,False
GEO:GSE217624,GSM6722942,ST_5N,Normal breast tumor adjacent,tissue: Normal breast tumor adjacent | treatment: post-treatment | breast cancer_pathological_subtype: ER+,"Chemotherapy treatment included a standard-of-care sequential doxorubicin and cyclophosphamide followed by paclitaxel, and additional Herceptin for HER2+ patients",UNRESOLVED,LOW,NO_DECISIVE_EVIDENCE,,,,,False
GEO:GSE217624,GSM6722943,ST_5T,breast cancer tumor,tissue: breast cancer tumor | treatment: post-treatment | breast cancer_pathological_subtype: ER+,"Chemotherapy treatment included a standard-of-care sequential doxorubicin and cyclophosphamide followed by paclitaxel, and additional Herceptin for HER2+ patients",UNRESOLVED,LOW,NO_DECISIVE_EVIDENCE,,,,,False
GEO:GSE217624,GSM6722944,ST_6C,breast cancer tumor,tissue: breast cancer tumor | treatment: pre-treatment | breast cancer_pathological_subtype: ER+,"Chemotherapy treatment included a standard-of-care sequential doxorubicin and cyclophosphamide followed by paclitaxel, and additional Herceptin for HER2+ patients",UNRESOLVED,LOW,NO_DECISIVE_EVIDENCE,,,,,False
GEO:GSE217624,GSM6722945,ST_6N,Normal breast tumor adjacent,tissue: Normal breast tumor adjacent | treatment: post-treatment | breast cancer_pathological_subtype: ER+,"Chemotherapy treatment included a standard-of-care sequential doxorubicin and cyclophosphamide followed by paclitaxel, and additional Herceptin for HER2+ patients",UNRESOLVED,LOW,NO_DECISIVE_EVIDENCE,,,,,False
GEO:GSE217624,GSM6722946,ST_6T,breast cancer tumor,tissue: breast cancer tumor | treatment: post-treatment | breast cancer_pathological_subtype: ER+,"Chemotherapy treatment included a standard-of-care sequential doxorubicin and cyclophosphamide followed by paclitaxel, and additional Herceptin for HER2+ patients",UNRESOLVED,LOW,NO_DECISIVE_EVIDENCE,,,,,False
GEO:GSE217624,GSM6722947,ST_7C,breast cancer tumor,tissue: breast cancer tumor | treatment: pre-treatment | breast cancer_pathological_subtype: ER+,"Chemotherapy treatment included a standard-of-care sequential doxorubicin and cyclophosphamide followed by paclitaxel, and additional Herceptin for HER2+ patients",UNRESOLVED,LOW,NO_DECISIVE_EVIDENCE,,,,,False
GEO:GSE217624,GSM6722948,ST_7N,Normal breast tumor adjacent,tissue: Normal breast tumor adjacent | treatment: post-treatment | breast cancer_pathological_subtype: ER+,"Chemotherapy treatment included a standard-of-care sequential doxorubicin and cyclophosphamide followed by paclitaxel, and additional Herceptin for HER2+ patients",UNRESOLVED,LOW,NO_DECISIVE_EVIDENCE,,,,,False
GEO:GSE217624,GSM6722949,ST_7T,breast cancer tumor,tissue: breast cancer tumor | treatment: post-treatment | breast cancer_pathological_subtype: ER+,"Chemotherapy treatment included a standard-of-care sequential doxorubicin and cyclophosphamide followed by paclitaxel, and additional Herceptin for HER2+ patients",UNRESOLVED,LOW,NO_DECISIVE_EVIDENCE,,,,,False
GEO:GSE217624,GSM6722950,ST_8C,breast cancer tumor,tissue: breast cancer tumor | treatment: pre-treatment | breast cancer_pathological_subtype: ER+/HER2+,"Chemotherapy treatment included a standard-of-care sequential doxorubicin and cyclophosphamide followed by paclitaxel, and additional Herceptin for HER2+ patients",UNRESOLVED,LOW,NO_DECISIVE_EVIDENCE,,,,,False
GEO:GSE217624,GSM6722951,ST_8N_C,Normal breast tumor adjacent,tissue: Normal breast tumor adjacent | treatment: post-treatment | breast cancer_pathological_subtype: ER+/HER2+,"Chemotherapy treatment included a standard-of-care sequential doxorubicin and cyclophosphamide followed by paclitaxel, and additional Herceptin for HER2+ patients",UNRESOLVED,LOW,NO_DECISIVE_EVIDENCE,,,,,False
GEO:GSE217624,GSM6722952,ST_8T,breast cancer tumor,tissue: breast cancer tumor | treatment: post-treatment | breast cancer_pathological_subtype: ER+/HER2+,"Chemotherapy treatment included a standard-of-care sequential doxorubicin and cyclophosphamide followed by paclitaxel, and additional Herceptin for HER2+ patients",UNRESOLVED,LOW,NO_DECISIVE_EVIDENCE,,,,,False
GEO:GSE217624,GSM6722953,ST_10C,breast cancer tumor,tissue: breast cancer tumor | treatment: pre-treatment | breast cancer_pathological_subtype: ER+,"Chemotherapy treatment included a standard-of-care sequential doxorubicin and cyclophosphamide followed by paclitaxel, and additional Herceptin for HER2+ patients",UNRESOLVED,LOW,NO_DECISIVE_EVIDENCE,,,,,False
GEO:GSE217624,GSM6722954,ST_10N_B,Normal breast tumor adjacent,tissue: Normal breast tumor adjacent | treatment: post-treatment | breast cancer_pathological_subtype: ER+,"Chemotherapy treatment included a standard-of-care sequential doxorubicin and cyclophosphamide followed by paclitaxel, and additional Herceptin for HER2+ patients",UNRESOLVED,LOW,NO_DECISIVE_EVIDENCE,,,,,False
GEO:GSE217624,GSM6722955,ST_10T,breast cancer tumor,tissue: breast cancer tumor | treatment: post-treatment | breast cancer_pathological_subtype: ER+,"Chemotherapy treatment included a standard-of-care sequential doxorubicin and cyclophosphamide followed by paclitaxel, and additional Herceptin for HER2+ patients",UNRESOLVED,LOW,NO_DECISIVE_EVIDENCE,,,,,False
GEO:GSE217624,GSM6722956,ST_11C,breast cancer tumor,tissue: breast cancer tumor | treatment: pre-treatment | breast cancer_pathological_subtype: ER+,"Chemotherapy treatment included a standard-of-care sequential doxorubicin and cyclophosphamide followed by paclitaxel, and additional Herceptin for HER2+ patients",UNRESOLVED,LOW,NO_DECISIVE_EVIDENCE,,,,,False
GEO:GSE217624,GSM6722957,ST_11N_B,Normal breast tumor adjacent,tissue: Normal breast tumor adjacent | treatment: post-treatment | breast cancer_pathological_subtype: ER+,"Chemotherapy treatment included a standard-of-care sequential doxorubicin and cyclophosphamide followed by paclitaxel, and additional Herceptin for HER2+ patients",UNRESOLVED,LOW,NO_DECISIVE_EVIDENCE,,,,,False
GEO:GSE217624,GSM6722958,ST_11T,breast cancer tumor,tissue: breast cancer tumor | treatment: post-treatment | breast cancer_pathological_subtype: ER+,"Chemotherapy treatment included a standard-of-care sequential doxorubicin and cyclophosphamide followed by paclitaxel, and additional Herceptin for HER2+ patients",UNRESOLVED,LOW,NO_DECISIVE_EVIDENCE,,,,,False
GEO:GSE217624,GSM6722959,ST_12C,breast cancer tumor,tissue: breast cancer tumor | treatment: pre-treatment | breast cancer_pathological_subtype: ER+,"Chemotherapy treatment included a standard-of-care sequential doxorubicin and cyclophosphamide followed by paclitaxel, and additional Herceptin for HER2+ patients",UNRESOLVED,LOW,NO_DECISIVE_EVIDENCE,,,,,False
GEO:GSE217624,GSM6722960,ST_12N,Normal breast tumor adjacent,tissue: Normal breast tumor adjacent | treatment: post-treatment | breast cancer_pathological_subtype: ER+,"Chemotherapy treatment included a standard-of-care sequential doxorubicin and cyclophosphamide followed by paclitaxel, and additional Herceptin for HER2+ patients",UNRESOLVED,LOW,NO_DECISIVE_EVIDENCE,,,,,False
GEO:GSE217624,GSM6722961,ST_12T,breast cancer tumor,tissue: breast cancer tumor | treatment: post-treatment | breast cancer_pathological_subtype: ER+,"Chemotherapy treatment included a standard-of-care sequential doxorubicin and cyclophosphamide followed by paclitaxel, and additional Herceptin for HER2+ patients",UNRESOLVED,LOW,NO_DECISIVE_EVIDENCE,,,,,False
GEO:GSE217624,GSM6722962,ST_13C,breast cancer tumor,tissue: breast cancer tumor | treatment: pre-treatment | breast cancer_pathological_subtype: ER+/HER2+,"Chemotherapy treatment included a standard-of-care sequential doxorubicin and cyclophosphamide followed by paclitaxel, and additional Herceptin for HER2+ patients",UNRESOLVED,LOW,NO_DECISIVE_EVIDENCE,,,,,False
GEO:GSE217624,GSM6722963,ST_13N_B,Normal breast tumor adjacent,tissue: Normal breast tumor adjacent | treatment: post-treatment | breast cancer_pathological_subtype: ER+/HER2+,"Chemotherapy treatment included a standard-of-care sequential doxorubicin and cyclophosphamide followed by paclitaxel, and additional Herceptin for HER2+ patients",UNRESOLVED,LOW,NO_DECISIVE_EVIDENCE,,,,,False
GEO:GSE217624,GSM6722964,ST_13T,breast cancer tumor,tissue: breast cancer tumor | treatment: post-treatment | breast cancer_pathological_subtype: ER+/HER2+,"Chemotherapy treatment included a standard-of-care sequential doxorubicin and cyclophosphamide followed by paclitaxel, and additional Herceptin for HER2+ patients",UNRESOLVED,LOW,NO_DECISIVE_EVIDENCE,,,,,False
GEO:GSE217624,GSM6722965,ST_14C,breast cancer tumor,tissue: breast cancer tumor | treatment: pre-treatment | breast cancer_pathological_subtype: ER+,"Chemotherapy treatment included a standard-of-care sequential doxorubicin and cyclophosphamide followed by paclitaxel, and additional Herceptin for HER2+ patients",UNRESOLVED,LOW,NO_DECISIVE_EVIDENCE,,,,,False
GEO:GSE217624,GSM6722966,ST_14N,Normal breast tumor adjacent,tissue: Normal breast tumor adjacent | treatment: post-treatment | breast cancer_pathological_subtype: ER+,"Chemotherapy treatment included a standard-of-care sequential doxorubicin and cyclophosphamide followed by paclitaxel, and additional Herceptin for HER2+ patients",UNRESOLVED,LOW,NO_DECISIVE_EVIDENCE,,,,,False
GEO:GSE217624,GSM6722967,ST_14T,breast cancer tumor,tissue: breast cancer tumor | treatment: post-treatment | breast cancer_pathological_subtype: ER+,"Chemotherapy treatment included a standard-of-care sequential doxorubicin and cyclophosphamide followed by paclitaxel, and additional Herceptin for HER2+ patients",UNRESOLVED,LOW,NO_DECISIVE_EVIDENCE,,,,,False
GEO:GSE217624,GSM6722968,ST_16C,breast cancer tumor,tissue: breast cancer tumor | treatment: pre-treatment | breast cancer_pathological_subtype: ER+,"Chemotherapy treatment included a standard-of-care sequential doxorubicin and cyclophosphamide followed by paclitaxel, and additional Herceptin for HER2+ patients",UNRESOLVED,LOW,NO_DECISIVE_EVIDENCE,,,,,False
GEO:GSE217624,GSM6722969,ST_23C,breast cancer tumor,tissue: breast cancer tumor | treatment: pre-treatment | breast cancer_pathological_subtype: ER+,"Chemotherapy treatment included a standard-of-care sequential doxorubicin and cyclophosphamide followed by paclitaxel, and additional Herceptin for HER2+ patients",UNRESOLVED,LOW,NO_DECISIVE_EVIDENCE,,,,,False
GEO:GSE217624,GSM6722970,ST_23N,Normal breast tumor adjacent,tissue: Normal breast tumor adjacent | treatment: post-treatment | breast cancer_pathological_subtype: ER+,"Chemotherapy treatment included a standard-of-care sequential doxorubicin and cyclophosphamide followed by paclitaxel, and additional Herceptin for HER2+ patients",UNRESOLVED,LOW,NO_DECISIVE_EVIDENCE,,,,,False
GEO:GSE217624,GSM6722971,ST_23T,breast cancer tumor,tissue: breast cancer tumor | treatment: post-treatment | breast cancer_pathological_subtype: ER+,"Chemotherapy treatment included a standard-of-care sequential doxorubicin and cyclophosphamide followed by paclitaxel, and additional Herceptin for HER2+ patients",UNRESOLVED,LOW,NO_DECISIVE_EVIDENCE,,,,,False
GEO:GSE217624,GSM6722972,ST_24C,breast cancer tumor,tissue: breast cancer tumor | treatment: pre-treatment | breast cancer_pathological_subtype: ER+,"Chemotherapy treatment included a standard-of-care sequential doxorubicin and cyclophosphamide followed by paclitaxel, and additional Herceptin for HER2+ patients",UNRESOLVED,LOW,NO_DECISIVE_EVIDENCE,,,,,False
GEO:GSE217624,GSM6722973,ST_24T,breast cancer tumor,tissue: breast cancer tumor | treatment: post-treatment | breast cancer_pathological_subtype: ER+,"Chemotherapy treatment included a standard-of-care sequential doxorubicin and cyclophosphamide followed by paclitaxel, and additional Herceptin for HER2+ patients",UNRESOLVED,LOW,NO_DECISIVE_EVIDENCE,,,,,False
GEO:GSE217624,GSM6722974,ST_28C,breast cancer tumor,tissue: breast cancer tumor | treatment: pre-treatment | breast cancer_pathological_subtype: ER+/HER2+,"Chemotherapy treatment included a standard-of-care sequential doxorubicin and cyclophosphamide followed by paclitaxel, and additional Herceptin for HER2+ patients",UNRESOLVED,LOW,NO_DECISIVE_EVIDENCE,,,,,False
GEO:GSE217624,GSM6722975,ST_28N,Normal breast tumor adjacent,tissue: Normal breast tumor adjacent | treatment: post-treatment | breast cancer_pathological_subtype: ER+/HER2+,"Chemotherapy treatment included a standard-of-care sequential doxorubicin and cyclophosphamide followed by paclitaxel, and additional Herceptin for HER2+ patients",UNRESOLVED,LOW,NO_DECISIVE_EVIDENCE,,,,,False
GEO:GSE217624,GSM6722976,ST_28T,breast cancer tumor,tissue: breast cancer tumor | treatment: post-treatment | breast cancer_pathological_subtype: ER+/HER2+,"Chemotherapy treatment included a standard-of-care sequential doxorubicin and cyclophosphamide followed by paclitaxel, and additional Herceptin for HER2+ patients",UNRESOLVED,LOW,NO_DECISIVE_EVIDENCE,,,,,False
GEO:GSE217624,GSM6722977,ST_29C,breast cancer tumor,tissue: breast cancer tumor | treatment: pre-treatment | breast cancer_pathological_subtype: ER+/HER2+,"Chemotherapy treatment included a standard-of-care sequential doxorubicin and cyclophosphamide followed by paclitaxel, and additional Herceptin for HER2+ patients",UNRESOLVED,LOW,NO_DECISIVE_EVIDENCE,,,,,False
GEO:GSE217624,GSM6722978,ST_29N,Normal breast tumor adjacent,tissue: Normal breast tumor adjacent | treatment: post-treatment | breast cancer_pathological_subtype: ER+/HER2+,"Chemotherapy treatment included a standard-of-care sequential doxorubicin and cyclophosphamide followed by paclitaxel, and additional Herceptin for HER2+ patients",UNRESOLVED,LOW,NO_DECISIVE_EVIDENCE,,,,,False
GEO:GSE217624,GSM6722979,ST_31C,breast cancer tumor,tissue: breast cancer tumor | treatment: pre-treatment | breast cancer_pathological_subtype: ER+/HER2+,"Chemotherapy treatment included a standard-of-care sequential doxorubicin and cyclophosphamide followed by paclitaxel, and additional Herceptin for HER2+ patients",UNRESOLVED,LOW,NO_DECISIVE_EVIDENCE,,,,,False
GEO:GSE217624,GSM6722980,ST_31N,Normal breast tumor adjacent,tissue: Normal breast tumor adjacent | treatment: post-treatment | breast cancer_pathological_subtype: ER+/HER2+,"Chemotherapy treatment included a standard-of-care sequential doxorubicin and cyclophosphamide followed by paclitaxel, and additional Herceptin for HER2+ patients",UNRESOLVED,LOW,NO_DECISIVE_EVIDENCE,,,,,False
GEO:GSE217624,GSM6722981,ST_31T,breast cancer tumor,tissue: breast cancer tumor | treatment: post-treatment | breast cancer_pathological_subtype: ER+/HER2+,"Chemotherapy treatment included a standard-of-care sequential doxorubicin and cyclophosphamide followed by paclitaxel, and additional Herceptin for HER2+ patients",UNRESOLVED,LOW,NO_DECISIVE_EVIDENCE,,,,,False
GEO:GSE217624,GSM6722982,ST_32C,breast cancer tumor,tissue: breast cancer tumor | treatment: pre-treatment | breast cancer_pathological_subtype: ER+,"Chemotherapy treatment included a standard-of-care sequential doxorubicin and cyclophosphamide followed by paclitaxel, and additional Herceptin for HER2+ patients",UNRESOLVED,LOW,NO_DECISIVE_EVIDENCE,,,,,False
GEO:GSE217624,GSM6722983,ST_32N,Normal breast tumor adjacent,tissue: Normal breast tumor adjacent | treatment: post-treatment | breast cancer_pathological_subtype: ER+,"Chemotherapy treatment included a standard-of-care sequential doxorubicin and cyclophosphamide followed by paclitaxel, and additional Herceptin for HER2+ patients",UNRESOLVED,LOW,NO_DECISIVE_EVIDENCE,,,,,False
GEO:GSE217624,GSM6722984,ST_32T,breast cancer tumor,tissue: breast cancer tumor | treatment: post-treatment | breast cancer_pathological_subtype: ER+,"Chemotherapy treatment included a standard-of-care sequential doxorubicin and cyclophosphamide followed by paclitaxel, and additional Herceptin for HER2+ patients",UNRESOLVED,LOW,NO_DECISIVE_EVIDENCE,,,,,False
GEO:GSE217624,GSM6722985,ST_35C,breast cancer tumor,tissue: breast cancer tumor | treatment: pre-treatment | breast cancer_pathological_subtype: ER+/HER2+,"Chemotherapy treatment included a standard-of-care sequential doxorubicin and cyclophosphamide followed by paclitaxel, and additional Herceptin for HER2+ patients",UNRESOLVED,LOW,NO_DECISIVE_EVIDENCE,,,,,False
GEO:GSE217624,GSM6722986,ST_35N,Normal breast tumor adjacent,tissue: Normal breast tumor adjacent | treatment: post-treatment | breast cancer_pathological_subtype: ER+/HER2+,"Chemotherapy treatment included a standard-of-care sequential doxorubicin and cyclophosphamide followed by paclitaxel, and additional Herceptin for HER2+ patients",UNRESOLVED,LOW,NO_DECISIVE_EVIDENCE,,,,,False
GEO:GSE217624,GSM6722987,ST_35T,breast cancer tumor,tissue: breast cancer tumor | treatment: post-treatment | breast cancer_pathological_subtype: ER+/HER2+,"Chemotherapy treatment included a standard-of-care sequential doxorubicin and cyclophosphamide followed by paclitaxel, and additional Herceptin for HER2+ patients",UNRESOLVED,LOW,NO_DECISIVE_EVIDENCE,,,,,False
GEO:GSE217624,GSM6722988,ST_42C,breast cancer tumor,tissue: breast cancer tumor | treatment: pre-treatment | breast cancer_pathological_subtype: TNBC,"Chemotherapy treatment included a standard-of-care sequential doxorubicin and cyclophosphamide followed by paclitaxel, and additional Herceptin for HER2+ patients",UNRESOLVED,LOW,NO_DECISIVE_EVIDENCE,,,,,False
GEO:GSE217624,GSM6722989,ST_42N,Normal breast tumor adjacent,tissue: Normal breast tumor adjacent | treatment: post-treatment | breast cancer_pathological_subtype: TNBC,"Chemotherapy treatment included a standard-of-care sequential doxorubicin and cyclophosphamide followed by paclitaxel, and additional Herceptin for HER2+ patients",UNRESOLVED,LOW,NO_DECISIVE_EVIDENCE,,,,,False
GEO:GSE217624,GSM6722990,ST_42T,breast cancer tumor,tissue: breast cancer tumor | treatment: post-treatment | breast cancer_pathological_subtype: TNBC,"Chemotherapy treatment included a standard-of-care sequential doxorubicin and cyclophosphamide followed by paclitaxel, and additional Herceptin for HER2+ patients",UNRESOLVED,LOW,NO_DECISIVE_EVIDENCE,,,,,False
GEO:GSE217624,GSM6722991,ST_43C,breast cancer tumor,tissue: breast cancer tumor | treatment: pre-treatment | breast cancer_pathological_subtype: ER+,"Chemotherapy treatment included a standard-of-care sequential doxorubicin and cyclophosphamide followed by paclitaxel, and additional Herceptin for HER2+ patients",UNRESOLVED,LOW,NO_DECISIVE_EVIDENCE,,,,,False
GEO:GSE217624,GSM6722992,ST_43N,Normal breast tumor adjacent,tissue: Normal breast tumor adjacent | treatment: post-treatment | breast cancer_pathological_subtype: ER+,"Chemotherapy treatment included a standard-of-care sequential doxorubicin and cyclophosphamide followed by paclitaxel, and additional Herceptin for HER2+ patients",UNRESOLVED,LOW,NO_DECISIVE_EVIDENCE,,,,,False
GEO:GSE217624,GSM6722993,ST_43T,breast cancer tumor,tissue: breast cancer tumor | treatment: post-treatment | breast cancer_pathological_subtype: ER+,"Chemotherapy treatment included a standard-of-care sequential doxorubicin and cyclophosphamide followed by paclitaxel, and additional Herceptin for HER2+ patients",UNRESOLVED,LOW,NO_DECISIVE_EVIDENCE,,,,,False
GEO:GSE217624,GSM6722994,ST_47C,breast cancer tumor,tissue: breast cancer tumor | treatment: pre-treatment | breast cancer_pathological_subtype: ER+/HER2+,"Chemotherapy treatment included a standard-of-care sequential doxorubicin and cyclophosphamide followed by paclitaxel, and additional Herceptin for HER2+ patients",UNRESOLVED,LOW,NO_DECISIVE_EVIDENCE,,,,,False
GEO:GSE217624,GSM6722995,ST_47N,Normal breast tumor adjacent,tissue: Normal breast tumor adjacent | treatment: post-treatment | breast cancer_pathological_subtype: ER+/HER2+,"Chemotherapy treatment included a standard-of-care sequential doxorubicin and cyclophosphamide followed by paclitaxel, and additional Herceptin for HER2+ patients",UNRESOLVED,LOW,NO_DECISIVE_EVIDENCE,,,,,False
GEO:GSE217624,GSM6722996,ST_47T,breast cancer tumor,tissue: breast cancer tumor | treatment: post-treatment | breast cancer_pathological_subtype: ER+/HER2+,"Chemotherapy treatment included a standard-of-care sequential doxorubicin and cyclophosphamide followed by paclitaxel, and additional Herceptin for HER2+ patients",UNRESOLVED,LOW,NO_DECISIVE_EVIDENCE,,,,,False
GEO:GSE217624,GSM6722997,ST_48N,Normal breast tumor adjacent,tissue: Normal breast tumor adjacent | treatment: post-treatment | breast cancer_pathological_subtype: ER+/HER2+,"Chemotherapy treatment included a standard-of-care sequential doxorubicin and cyclophosphamide followed by paclitaxel, and additional Herceptin for HER2+ patients",UNRESOLVED,LOW,NO_DECISIVE_EVIDENCE,,,,,False
GEO:GSE217624,GSM6722998,ST_49C,breast cancer tumor,tissue: breast cancer tumor | treatment: pre-treatment | breast cancer_pathological_subtype: ER+/HER2+,"Chemotherapy treatment included a standard-of-care sequential doxorubicin and cyclophosphamide followed by paclitaxel, and additional Herceptin for HER2+ patients",UNRESOLVED,LOW,NO_DECISIVE_EVIDENCE,,,,,False
GEO:GSE217624,GSM6722999,ST_49N,Normal breast tumor adjacent,tissue: Normal breast tumor adjacent | treatment: post-treatment | breast cancer_pathological_subtype: ER+/HER2+,"Chemotherapy treatment included a standard-of-care sequential doxorubicin and cyclophosphamide followed by paclitaxel, and additional Herceptin for HER2+ patients",UNRESOLVED,LOW,NO_DECISIVE_EVIDENCE,,,,,False
GEO:GSE217624,GSM6723000,ST_49T,breast cancer tumor,tissue: breast cancer tumor | treatment: post-treatment | breast cancer_pathological_subtype: ER+/HER2+,"Chemotherapy treatment included a standard-of-care sequential doxorubicin and cyclophosphamide followed by paclitaxel, and additional Herceptin for HER2+ patients",UNRESOLVED,LOW,NO_DECISIVE_EVIDENCE,,,,,False
GEO:GSE217624,GSM6723001,ST_52C__Lt,breast cancer tumor,tissue: breast cancer tumor | treatment: pre-treatment | breast cancer_pathological_subtype: ER+,"Chemotherapy treatment included a standard-of-care sequential doxorubicin and cyclophosphamide followed by paclitaxel, and additional Herceptin for HER2+ patients",UNRESOLVED,LOW,NO_DECISIVE_EVIDENCE,,,,,False
GEO:GSE217624,GSM6723002,ST_52C__Rt,breast cancer tumor,tissue: breast cancer tumor | treatment: pre-treatment | breast cancer_pathological_subtype: ER+,"Chemotherapy treatment included a standard-of-care sequential doxorubicin and cyclophosphamide followed by paclitaxel, and additional Herceptin for HER2+ patients",UNRESOLVED,LOW,NO_DECISIVE_EVIDENCE,,,,,False
GEO:GSE217624,GSM6723003,ST_52N__Lt,Normal breast tumor adjacent,tissue: Normal breast tumor adjacent | treatment: post-treatment | breast cancer_pathological_subtype: ER+,"Chemotherapy treatment included a standard-of-care sequential doxorubicin and cyclophosphamide followed by paclitaxel, and additional Herceptin for HER2+ patients",UNRESOLVED,LOW,NO_DECISIVE_EVIDENCE,,,,,False
GEO:GSE217624,GSM6723004,ST_52T__Lt,breast cancer tumor,tissue: breast cancer tumor | treatment: post-treatment | breast cancer_pathological_subtype: ER+,"Chemotherapy treatment included a standard-of-care sequential doxorubicin and cyclophosphamide followed by paclitaxel, and additional Herceptin for HER2+ patients",UNRESOLVED,LOW,NO_DECISIVE_EVIDENCE,,,,,False
GEO:GSE217624,GSM6723005,ST_52T__Rt,breast cancer tumor,tissue: breast cancer tumor | treatment: post-treatment | breast cancer_pathological_subtype: ER+,"Chemotherapy treatment included a standard-of-care sequential doxorubicin and cyclophosphamide followed by paclitaxel, and additional Herceptin for HER2+ patients",UNRESOLVED,LOW,NO_DECISIVE_EVIDENCE,,,,,False
GEO:GSE217624,GSM6723006,ST_56C_B,breast cancer tumor,tissue: breast cancer tumor | treatment: pre-treatment | breast cancer_pathological_subtype: ER+,"Chemotherapy treatment included a standard-of-care sequential doxorubicin and cyclophosphamide followed by paclitaxel, and additional Herceptin for HER2+ patients",UNRESOLVED,LOW,NO_DECISIVE_EVIDENCE,,,,,False
GEO:GSE217624,GSM6723007,ST_56N,Normal breast tumor adjacent,tissue: Normal breast tumor adjacent | treatment: post-treatment | breast cancer_pathological_subtype: ER+,"Chemotherapy treatment included a standard-of-care sequential doxorubicin and cyclophosphamide followed by paclitaxel, and additional Herceptin for HER2+ patients",UNRESOLVED,LOW,NO_DECISIVE_EVIDENCE,,,,,False
GEO:GSE217624,GSM6723008,ST_56T,breast cancer tumor,tissue: breast cancer tumor | treatment: post-treatment | breast cancer_pathological_subtype: ER+,"Chemotherapy treatment included a standard-of-care sequential doxorubicin and cyclophosphamide followed by paclitaxel, and additional Herceptin for HER2+ patients",UNRESOLVED,LOW,NO_DECISIVE_EVIDENCE,,,,,False
GEO:GSE217624,GSM6723009,ST_57C,breast cancer tumor,tissue: breast cancer tumor | treatment: pre-treatment | breast cancer_pathological_subtype: TNBC,"Chemotherapy treatment included a standard-of-care sequential doxorubicin and cyclophosphamide followed by paclitaxel, and additional Herceptin for HER2+ patients",UNRESOLVED,LOW,NO_DECISIVE_EVIDENCE,,,,,False
GEO:GSE217624,GSM6723010,ST_57N,Normal breast tumor adjacent,tissue: Normal breast tumor adjacent | treatment: post-treatment | breast cancer_pathological_subtype: TNBC,"Chemotherapy treatment included a standard-of-care sequential doxorubicin and cyclophosphamide followed by paclitaxel, and additional Herceptin for HER2+ patients",UNRESOLVED,LOW,NO_DECISIVE_EVIDENCE,,,,,False
GEO:GSE217624,GSM6723011,ST_57R,breast cancer tumor,tissue: breast cancer tumor | treatment: post-treatment | breast cancer_pathological_subtype: TNBC,"Chemotherapy treatment included a standard-of-care sequential doxorubicin and cyclophosphamide followed by paclitaxel, and additional Herceptin for HER2+ patients",UNRESOLVED,LOW,NO_DECISIVE_EVIDENCE,,,,,False
GEO:GSE217624,GSM6723012,ST_57T,breast cancer tumor,tissue: breast cancer tumor | treatment: post-treatment | breast cancer_pathological_subtype: TNBC,"Chemotherapy treatment included a standard-of-care sequential doxorubicin and cyclophosphamide followed by paclitaxel, and additional Herceptin for HER2+ patients",UNRESOLVED,LOW,NO_DECISIVE_EVIDENCE,,,,,False
GEO:GSE217624,GSM6723013,ST_58C,breast cancer tumor,tissue: breast cancer tumor | treatment: pre-treatment | breast cancer_pathological_subtype: ER+/HER2+,"Chemotherapy treatment included a standard-of-care sequential doxorubicin and cyclophosphamide followed by paclitaxel, and additional Herceptin for HER2+ patients",UNRESOLVED,LOW,NO_DECISIVE_EVIDENCE,,,,,False
GEO:GSE217624,GSM6723014,ST_58N,Normal breast tumor adjacent,tissue: Normal breast tumor adjacent | treatment: post-treatment | breast cancer_pathological_subtype: ER+/HER2+,"Chemotherapy treatment included a standard-of-care sequential doxorubicin and cyclophosphamide followed by paclitaxel, and additional Herceptin for HER2+ patients",UNRESOLVED,LOW,NO_DECISIVE_EVIDENCE,,,,,False
GEO:GSE217624,GSM6723015,ST_58T,breast cancer tumor,tissue: breast cancer tumor | treatment: post-treatment | breast cancer_pathological_subtype: ER+/HER2+,"Chemotherapy treatment included a standard-of-care sequential doxorubicin and cyclophosphamide followed by paclitaxel, and additional Herceptin for HER2+ patients",UNRESOLVED,LOW,NO_DECISIVE_EVIDENCE,,,,,False
GEO:GSE217624,GSM6723016,ST_60C,breast cancer tumor,tissue: breast cancer tumor | treatment: pre-treatment | breast cancer_pathological_subtype: TNBC,"Chemotherapy treatment included a standard-of-care sequential doxorubicin and cyclophosphamide followed by paclitaxel, and additional Herceptin for HER2+ patients",UNRESOLVED,LOW,NO_DECISIVE_EVIDENCE,,,,,False
GEO:GSE217624,GSM6723017,ST_60N,Normal breast tumor adjacent,tissue: Normal breast tumor adjacent | treatment: post-treatment | breast cancer_pathological_subtype: TNBC,"Chemotherapy treatment included a standard-of-care sequential doxorubicin and cyclophosphamide followed by paclitaxel, and additional Herceptin for HER2+ patients",UNRESOLVED,LOW,NO_DECISIVE_EVIDENCE,,,,,False
GEO:GSE217624,GSM6723018,ST_60T,breast cancer tumor,tissue: breast cancer tumor | treatment: post-treatment | breast cancer_pathological_subtype: TNBC,"Chemotherapy treatment included a standard-of-care sequential doxorubicin and cyclophosphamide followed by paclitaxel, and additional Herceptin for HER2+ patients",UNRESOLVED,LOW,NO_DECISIVE_EVIDENCE,,,,,False
GEO:GSE230326,GSM7213900,BT474_DMSO_Rep_1,Cell line,genotype: Parental | treatment: DMSO | cell line: BT474,BT474 parental and BRD8 KO cells were treated with neratinib (200nM) for 4h.,UNRESOLVED,LOW,NO_DECISIVE_EVIDENCE,,,,,False
GEO:GSE230326,GSM7213901,BT474_DMSO_Rep_2,Cell line,genotype: Parental | treatment: DMSO | cell line: BT474,BT474 parental and BRD8 KO cells were treated with neratinib (200nM) for 4h.,UNRESOLVED,LOW,NO_DECISIVE_EVIDENCE,,,,,False
GEO:GSE230326,GSM7213902,BT474_DMSO_Rep_3,Cell line,genotype: Parental | treatment: DMSO | cell line: BT474,BT474 parental and BRD8 KO cells were treated with neratinib (200nM) for 4h.,UNRESOLVED,LOW,NO_DECISIVE_EVIDENCE,,,,,False
GEO:GSE230326,GSM7213903,BT474_KO_DMSO_Rep_1,Cell line,genotype: BRD8 KO | treatment: DMSO | cell line: BT474,BT474 parental and BRD8 KO cells were treated with neratinib (200nM) for 4h.,UNRESOLVED,LOW,NO_DECISIVE_EVIDENCE,,,,,False
GEO:GSE230326,GSM7213904,BT474_KO_DMSO_Rep_2,Cell line,genotype: BRD8 KO | treatment: DMSO | cell line: BT474,BT474 parental and BRD8 KO cells were treated with neratinib (200nM) for 4h.,UNRESOLVED,LOW,NO_DECISIVE_EVIDENCE,,,,,False
GEO:GSE230326,GSM7213905,BT474_KO_DMSO_Rep_3,Cell line,genotype: BRD8 KO | treatment: DMSO | cell line: BT474,BT474 parental and BRD8 KO cells were treated with neratinib (200nM) for 4h.,UNRESOLVED,LOW,NO_DECISIVE_EVIDENCE,,,,,False
GEO:GSE230326,GSM7213906,BT474_Ner_Rep_1,Cell line,genotype: Parental | treatment: neratinib (200nM) for 4h | cell line: BT474,BT474 parental and BRD8 KO cells were treated with neratinib (200nM) for 4h.,UNRESOLVED,LOW,NO_DECISIVE_EVIDENCE,,,,,False
GEO:GSE230326,GSM7213907,BT474_Ner_Rep_2,Cell line,genotype: Parental | treatment: neratinib (200nM) for 4h | cell line: BT474,BT474 parental and BRD8 KO cells were treated with neratinib (200nM) for 4h.,UNRESOLVED,LOW,NO_DECISIVE_EVIDENCE,,,,,False
GEO:GSE230326,GSM7213908,BT474_Ner_Rep_3,Cell line,genotype: Parental | treatment: neratinib (200nM) for 4h | cell line: BT474,BT474 parental and BRD8 KO cells were treated with neratinib (200nM) for 4h.,UNRESOLVED,LOW,NO_DECISIVE_EVIDENCE,,,,,False
GEO:GSE230326,GSM7213909,BT474_KO_Ner_Rep_1,Cell line,genotype: BRD8 KO | treatment: neratinib (200nM) for 4h | cell line: BT474,BT474 parental and BRD8 KO cells were treated with neratinib (200nM) for 4h.,UNRESOLVED,LOW,NO_DECISIVE_EVIDENCE,,,,,False
GEO:GSE230326,GSM7213910,BT474_KO_Ner_Rep_2,Cell line,genotype: BRD8 KO | treatment: neratinib (200nM) for 4h | cell line: BT474,BT474 parental and BRD8 KO cells were treated with neratinib (200nM) for 4h.,UNRESOLVED,LOW,NO_DECISIVE_EVIDENCE,,,,,False
GEO:GSE230326,GSM7213911,BT474_KO_Ner_Rep_3,Cell line,genotype: BRD8 KO | treatment: neratinib (200nM) for 4h | cell line: BT474,BT474 parental and BRD8 KO cells were treated with neratinib (200nM) for 4h.,UNRESOLVED,LOW,NO_DECISIVE_EVIDENCE,,,,,False
GEO:GSE230327,GSM7213912,1-D: DMSO treated BT474 cells,Cell line,treatment: DMSO treated | cell line: BT474,"BT474 cells were treated with DMSO as control, fulvestrant (100 nM), neratinib (200nM) or both (fulvestrant plus neratinib) for 4h.",UNRESOLVED,LOW,NO_DECISIVE_EVIDENCE,,,,,False
GEO:GSE230327,GSM7213913,2-F: Fulvestrant treated BT474 cells,Cell line,treatment: Fulvestrant treated | cell line: BT474,"BT474 cells were treated with DMSO as control, fulvestrant (100 nM), neratinib (200nM) or both (fulvestrant plus neratinib) for 4h.",UNRESOLVED,LOW,NO_DECISIVE_EVIDENCE,,,,,False
GEO:GSE230327,GSM7213914,3-N: Neratinib treated BT474 cells,Cell line,treatment: Neratinib treated | cell line: BT474,"BT474 cells were treated with DMSO as control, fulvestrant (100 nM), neratinib (200nM) or both (fulvestrant plus neratinib) for 4h.",UNRESOLVED,LOW,NO_DECISIVE_EVIDENCE,,,,,False
GEO:GSE230327,GSM7213915,4-F-N: Fulvestrant + neratinib treated BT474 cells,Cell line,treatment: Fulvestrant + neratinib treated | cell line: BT474,"BT474 cells were treated with DMSO as control, fulvestrant (100 nM), neratinib (200nM) or both (fulvestrant plus neratinib) for 4h.",UNRESOLVED,LOW,NO_DECISIVE_EVIDENCE,,,,,False
GEO:GSE237605,GSM7634668,"S0_Baseline, 0hr, ATAC-Seq, rep1",BT474,cell line: BT474 | cell type: Breast cancer epithelial cells | time: 0 hr,,SENSITIVE_OR_PARENTAL,HIGH,IDENTITY_FIELD,,paired_parental_alias:bt474,,paired_parental_alias:bt474,True
GEO:GSE237605,GSM7634669,"S0_Baseline, 0hr, ATAC-Seq, rep2",BT474,cell line: BT474 | cell type: Breast cancer epithelial cells | time: 0 hr,,SENSITIVE_OR_PARENTAL,HIGH,IDENTITY_FIELD,,paired_parental_alias:bt474,,paired_parental_alias:bt474,True
GEO:GSE237605,GSM7634670,"S1_Con, 1 hr, ATAC-Seq, rep 1",BT474,cell line: BT474 | cell type: Breast cancer epithelial cells | time: 1 hr,,SENSITIVE_OR_PARENTAL,HIGH,IDENTITY_FIELD,,paired_parental_alias:bt474,,paired_parental_alias:bt474,True
GEO:GSE237605,GSM7634671,"S1_Con, 1 hr, ATAC-Seq, rep 2",BT474,cell line: BT474 | cell type: Breast cancer epithelial cells | time: 1 hr,,SENSITIVE_OR_PARENTAL,HIGH,IDENTITY_FIELD,,paired_parental_alias:bt474,,paired_parental_alias:bt474,True
GEO:GSE237605,GSM7634672,"S1_HRG, 1 hr, ATAC-Seq, rep 1",BT474,cell line: BT474 | cell type: Breast cancer epithelial cells | time: 1 hr,,SENSITIVE_OR_PARENTAL,HIGH,IDENTITY_FIELD,,paired_parental_alias:bt474,,paired_parental_alias:bt474,True
GEO:GSE237605,GSM7634673,"S1_HRG, 1 hr, ATAC-Seq, rep 2",BT474,cell line: BT474 | cell type: Breast cancer epithelial cells | time: 1 hr,,SENSITIVE_OR_PARENTAL,HIGH,IDENTITY_FIELD,,paired_parental_alias:bt474,,paired_parental_alias:bt474,True
GEO:GSE237605,GSM7634674,"S1_EGF, 1 hr, ATAC-Seq, rep 1",BT474,cell line: BT474 | cell type: Breast cancer epithelial cells | time: 1 hr,,SENSITIVE_OR_PARENTAL,HIGH,IDENTITY_FIELD,,paired_parental_alias:bt474,,paired_parental_alias:bt474,True
GEO:GSE237605,GSM7634675,"S1_EGF, 1 hr, ATAC-Seq, rep 2",BT474,cell line: BT474 | cell type: Breast cancer epithelial cells | time: 1 hr,,SENSITIVE_OR_PARENTAL,HIGH,IDENTITY_FIELD,,paired_parental_alias:bt474,,paired_parental_alias:bt474,True
GEO:GSE237605,GSM7634676,"S12_Con, 12 hr, ATAC-Seq, rep 1",BT474,cell line: BT474 | cell type: Breast cancer epithelial cells | time: 12 hr,,SENSITIVE_OR_PARENTAL,HIGH,IDENTITY_FIELD,,paired_parental_alias:bt474,,paired_parental_alias:bt474,True
GEO:GSE237605,GSM7634677,"S12_Con, 12 hr, ATAC-Seq, rep 2",BT474,cell line: BT474 | cell type: Breast cancer epithelial cells | time: 12 hr,,SENSITIVE_OR_PARENTAL,HIGH,IDENTITY_FIELD,,paired_parental_alias:bt474,,paired_parental_alias:bt474,True
GEO:GSE237605,GSM7634678,"S12_HRG, 12 hr, ATAC-Seq, rep 1",BT474,cell line: BT474 | cell type: Breast cancer epithelial cells | time: 12 hr,,SENSITIVE_OR_PARENTAL,HIGH,IDENTITY_FIELD,,paired_parental_alias:bt474,,paired_parental_alias:bt474,True
GEO:GSE237605,GSM7634679,"S12_HRG, 12 hr, ATAC-Seq, rep 2",BT474,cell line: BT474 | cell type: Breast cancer epithelial cells | time: 12 hr,,SENSITIVE_OR_PARENTAL,HIGH,IDENTITY_FIELD,,paired_parental_alias:bt474,,paired_parental_alias:bt474,True
GEO:GSE237605,GSM7634680,"S12_EGF, 12 hr, ATAC-Seq, rep 1",BT474,cell line: BT474 | cell type: Breast cancer epithelial cells | time: 12 hr,,SENSITIVE_OR_PARENTAL,HIGH,IDENTITY_FIELD,,paired_parental_alias:bt474,,paired_parental_alias:bt474,True
GEO:GSE237605,GSM7634681,"S12_EGF, 12 hr, ATAC-Seq, rep 2",BT474,cell line: BT474 | cell type: Breast cancer epithelial cells | time: 12 hr,,SENSITIVE_OR_PARENTAL,HIGH,IDENTITY_FIELD,,paired_parental_alias:bt474,,paired_parental_alias:bt474,True
GEO:GSE237605,GSM7634682,"S24_Con, 24 hr, ATAC-Seq, rep 1",BT474,cell line: BT474 | cell type: Breast cancer epithelial cells | time: 24 hr,,SENSITIVE_OR_PARENTAL,HIGH,IDENTITY_FIELD,,paired_parental_alias:bt474,,paired_parental_alias:bt474,True
GEO:GSE237605,GSM7634683,"S24_Con, 24 hr, ATAC-Seq, rep 2",BT474,cell line: BT474 | cell type: Breast cancer epithelial cells | time: 24 hr,,SENSITIVE_OR_PARENTAL,HIGH,IDENTITY_FIELD,,paired_parental_alias:bt474,,paired_parental_alias:bt474,True
GEO:GSE237605,GSM7634684,"S24_HRG, 24 hr, ATAC-Seq, rep 1",BT474,cell line: BT474 | cell type: Breast cancer epithelial cells | time: 24 hr,,SENSITIVE_OR_PARENTAL,HIGH,IDENTITY_FIELD,,paired_parental_alias:bt474,,paired_parental_alias:bt474,True
GEO:GSE237605,GSM7634685,"S24_HRG, 24 hr, ATAC-Seq, rep 2",BT474,cell line: BT474 | cell type: Breast cancer epithelial cells | time: 24 hr,,SENSITIVE_OR_PARENTAL,HIGH,IDENTITY_FIELD,,paired_parental_alias:bt474,,paired_parental_alias:bt474,True
GEO:GSE237605,GSM7634686,"S24_EGF, 24 hr, ATAC-Seq, rep 1",BT474,cell line: BT474 | cell type: Breast cancer epithelial cells | time: 24 hr,,SENSITIVE_OR_PARENTAL,HIGH,IDENTITY_FIELD,,paired_parental_alias:bt474,,paired_parental_alias:bt474,True
GEO:GSE237605,GSM7634687,"S24_EGF, 24 hr, ATAC-Seq, rep 2",BT474,cell line: BT474 | cell type: Breast cancer epithelial cells | time: 24 hr,,SENSITIVE_OR_PARENTAL,HIGH,IDENTITY_FIELD,,paired_parental_alias:bt474,,paired_parental_alias:bt474,True
GEO:GSE237605,GSM7634688,"R0_baseline, 0 hr, ATAC-Seq, rep 1",BT474R,cell line: BT474R | cell type: Breast cancer epithelial cells | time: 0 hr,,RESISTANT,HIGH,IDENTITY_FIELD,resistant_alias:bt474r,,resistant_alias:bt474r,paired_parental_alias:bt474,True
GEO:GSE237605,GSM7634689,"R0_baseline, 0 hr, ATAC-Seq, rep 2",BT474R,cell line: BT474R | cell type: Breast cancer epithelial cells | time: 0 hr,,RESISTANT,HIGH,IDENTITY_FIELD,resistant_alias:bt474r,,resistant_alias:bt474r,paired_parental_alias:bt474,True
GEO:GSE237605,GSM7634690,"R1_Con, 1 hr, ATAC-Seq, rep 1",BT474R,cell line: BT474R | cell type: Breast cancer epithelial cells | time: 1 hr,,RESISTANT,HIGH,IDENTITY_FIELD,resistant_alias:bt474r,,resistant_alias:bt474r,paired_parental_alias:bt474,True
GEO:GSE237605,GSM7634691,"R1_Con, 1 hr, ATAC-Seq, rep 2",BT474R,cell line: BT474R | cell type: Breast cancer epithelial cells | time: 1 hr,,RESISTANT,HIGH,IDENTITY_FIELD,resistant_alias:bt474r,,resistant_alias:bt474r,paired_parental_alias:bt474,True
GEO:GSE237605,GSM7634692,"R1_HRG, 1 hr, ATAC-Seq, rep 1",BT474R,cell line: BT474R | cell type: Breast cancer epithelial cells | time: 1 hr,,RESISTANT,HIGH,IDENTITY_FIELD,resistant_alias:bt474r,,resistant_alias:bt474r,paired_parental_alias:bt474,True
GEO:GSE237605,GSM7634693,"R1_HRG, 1 hr, ATAC-Seq, rep 2",BT474R,cell line: BT474R | cell type: Breast cancer epithelial cells | time: 1 hr,,RESISTANT,HIGH,IDENTITY_FIELD,resistant_alias:bt474r,,resistant_alias:bt474r,paired_parental_alias:bt474,True
GEO:GSE237605,GSM7634694,"R1_EGF, 1 hr, ATAC-Seq, rep 1",BT474R,cell line: BT474R | cell type: Breast cancer epithelial cells | time: 1 hr,,RESISTANT,HIGH,IDENTITY_FIELD,resistant_alias:bt474r,,resistant_alias:bt474r,paired_parental_alias:bt474,True
GEO:GSE237605,GSM7634695,"R1_EGF, 1 hr, ATAC-Seq, rep 2",BT474R,cell line: BT474R | cell type: Breast cancer epithelial cells | time: 1 hr,,RESISTANT,HIGH,IDENTITY_FIELD,resistant_alias:bt474r,,resistant_alias:bt474r,paired_parental_alias:bt474,True
GEO:GSE237605,GSM7634696,"R12_Con, 12 hr, ATAC-Seq, rep 1",BT474R,cell line: BT474R | cell type: Breast cancer epithelial cells | time: 12 hr,,RESISTANT,HIGH,IDENTITY_FIELD,resistant_alias:bt474r,,resistant_alias:bt474r,paired_parental_alias:bt474,True
GEO:GSE237605,GSM7634697,"R12_Con, 12 hr, ATAC-Seq, rep 2",BT474R,cell line: BT474R | cell type: Breast cancer epithelial cells | time: 12 hr,,RESISTANT,HIGH,IDENTITY_FIELD,resistant_alias:bt474r,,resistant_alias:bt474r,paired_parental_alias:bt474,True
GEO:GSE237605,GSM7634698,"R12_HRG, 12 hr, ATAC-Seq, rep 1",BT474R,cell line: BT474R | cell type: Breast cancer epithelial cells | time: 12 hr,,RESISTANT,HIGH,IDENTITY_FIELD,resistant_alias:bt474r,,resistant_alias:bt474r,paired_parental_alias:bt474,True
GEO:GSE237605,GSM7634699,"R12_HRG, 12 hr, ATAC-Seq, rep 2",BT474R,cell line: BT474R | cell type: Breast cancer epithelial cells | time: 12 hr,,RESISTANT,HIGH,IDENTITY_FIELD,resistant_alias:bt474r,,resistant_alias:bt474r,paired_parental_alias:bt474,True
GEO:GSE237605,GSM7634700,"R12_EGF, 12 hr, ATAC-Seq, rep 1",BT474R,cell line: BT474R | cell type: Breast cancer epithelial cells | time: 12 hr,,RESISTANT,HIGH,IDENTITY_FIELD,resistant_alias:bt474r,,resistant_alias:bt474r,paired_parental_alias:bt474,True
GEO:GSE237605,GSM7634701,"R12_EGF, 12 hr, ATAC-Seq, rep 2",BT474R,cell line: BT474R | cell type: Breast cancer epithelial cells | time: 12 hr,,RESISTANT,HIGH,IDENTITY_FIELD,resistant_alias:bt474r,,resistant_alias:bt474r,paired_parental_alias:bt474,True
GEO:GSE237605,GSM7634702,"R24_Con, 24 hr, ATAC-Seq, rep 1",BT474R,cell line: BT474R | cell type: Breast cancer epithelial cells | time: 24 hr,,RESISTANT,HIGH,IDENTITY_FIELD,resistant_alias:bt474r,,resistant_alias:bt474r,paired_parental_alias:bt474,True
GEO:GSE237605,GSM7634703,"R24_Con, 24 hr, ATAC-Seq, rep 2",BT474R,cell line: BT474R | cell type: Breast cancer epithelial cells | time: 24 hr,,RESISTANT,HIGH,IDENTITY_FIELD,resistant_alias:bt474r,,resistant_alias:bt474r,paired_parental_alias:bt474,True
GEO:GSE237605,GSM7634704,"R24_HRG, 24 hr, ATAC-Seq, rep 1",BT474R,cell line: BT474R | cell type: Breast cancer epithelial cells | time: 24 hr,,RESISTANT,HIGH,IDENTITY_FIELD,resistant_alias:bt474r,,resistant_alias:bt474r,paired_parental_alias:bt474,True
GEO:GSE237605,GSM7634705,"R24_HRG, 24 hr, ATAC-Seq, rep 2",BT474R,cell line: BT474R | cell type: Breast cancer epithelial cells | time: 24 hr,,RESISTANT,HIGH,IDENTITY_FIELD,resistant_alias:bt474r,,resistant_alias:bt474r,paired_parental_alias:bt474,True
GEO:GSE237605,GSM7634706,"R24_EGF, 24 hr, ATAC-Seq, rep 1",BT474R,cell line: BT474R | cell type: Breast cancer epithelial cells | time: 24 hr,,RESISTANT,HIGH,IDENTITY_FIELD,resistant_alias:bt474r,,resistant_alias:bt474r,paired_parental_alias:bt474,True
GEO:GSE237605,GSM7634707,"R24_EGF, 24 hr, ATAC-Seq, rep 2",BT474R,cell line: BT474R | cell type: Breast cancer epithelial cells | time: 24 hr,,RESISTANT,HIGH,IDENTITY_FIELD,resistant_alias:bt474r,,resistant_alias:bt474r,paired_parental_alias:bt474,True
GEO:GSE237606,GSM7634708,"S0_Baseline, 0 hr. RNA-Seq, rep 1",BT474,cell line: BT474 | cell type: Breast cancer epithelial cells | time: 0 hr,,SENSITIVE_OR_PARENTAL,HIGH,IDENTITY_FIELD,,paired_parental_alias:bt474,,paired_parental_alias:bt474,True
GEO:GSE237606,GSM7634709,"S0_Baseline, 0 hr. RNA-Seq, rep 2",BT474,cell line: BT474 | cell type: Breast cancer epithelial cells | time: 0 hr,,SENSITIVE_OR_PARENTAL,HIGH,IDENTITY_FIELD,,paired_parental_alias:bt474,,paired_parental_alias:bt474,True
GEO:GSE237606,GSM7634710,"S1_Con, 1 hr. RNA-Seq, rep 1",BT474,cell line: BT474 | cell type: Breast cancer epithelial cells | time: 1 hr,,SENSITIVE_OR_PARENTAL,HIGH,IDENTITY_FIELD,,paired_parental_alias:bt474,,paired_parental_alias:bt474,True
GEO:GSE237606,GSM7634711,"S1_Con, 1 hr. RNA-Seq, rep 2",BT474,cell line: BT474 | cell type: Breast cancer epithelial cells | time: 1 hr,,SENSITIVE_OR_PARENTAL,HIGH,IDENTITY_FIELD,,paired_parental_alias:bt474,,paired_parental_alias:bt474,True
GEO:GSE237606,GSM7634712,"S1_HRG, 1 hr. RNA-Seq, rep 1",BT474,cell line: BT474 | cell type: Breast cancer epithelial cells | time: 1 hr,,SENSITIVE_OR_PARENTAL,HIGH,IDENTITY_FIELD,,paired_parental_alias:bt474,,paired_parental_alias:bt474,True
GEO:GSE237606,GSM7634713,"S1_HRG, 1 hr. RNA-Seq, rep 2",BT474,cell line: BT474 | cell type: Breast cancer epithelial cells | time: 1 hr,,SENSITIVE_OR_PARENTAL,HIGH,IDENTITY_FIELD,,paired_parental_alias:bt474,,paired_parental_alias:bt474,True
GEO:GSE237606,GSM7634714,"S1_EGF, 1 hr. RNA-Seq, rep 1",BT474,cell line: BT474 | cell type: Breast cancer epithelial cells | time: 1 hr,,SENSITIVE_OR_PARENTAL,HIGH,IDENTITY_FIELD,,paired_parental_alias:bt474,,paired_parental_alias:bt474,True
GEO:GSE237606,GSM7634715,"S1_EGF, 1 hr. RNA-Seq, rep 2",BT474,cell line: BT474 | cell type: Breast cancer epithelial cells | time: 1 hr,,SENSITIVE_OR_PARENTAL,HIGH,IDENTITY_FIELD,,paired_parental_alias:bt474,,paired_parental_alias:bt474,True
GEO:GSE237606,GSM7634716,"S12_Con, 12 hr. RNA-Seq, rep 1",BT474,cell line: BT474 | cell type: Breast cancer epithelial cells | time: 12 hr,,SENSITIVE_OR_PARENTAL,HIGH,IDENTITY_FIELD,,paired_parental_alias:bt474,,paired_parental_alias:bt474,True
GEO:GSE237606,GSM7634717,"S12_Con, 12 hr. RNA-Seq, rep 2",BT474,cell line: BT474 | cell type: Breast cancer epithelial cells | time: 12 hr,,SENSITIVE_OR_PARENTAL,HIGH,IDENTITY_FIELD,,paired_parental_alias:bt474,,paired_parental_alias:bt474,True
GEO:GSE237606,GSM7634718,"S12_HRG, 12 hr. RNA-Seq, rep 1",BT474,cell line: BT474 | cell type: Breast cancer epithelial cells | time: 12 hr,,SENSITIVE_OR_PARENTAL,HIGH,IDENTITY_FIELD,,paired_parental_alias:bt474,,paired_parental_alias:bt474,True
GEO:GSE237606,GSM7634719,"S12_HRG, 12 hr. RNA-Seq, rep 2",BT474,cell line: BT474 | cell type: Breast cancer epithelial cells | time: 12 hr,,SENSITIVE_OR_PARENTAL,HIGH,IDENTITY_FIELD,,paired_parental_alias:bt474,,paired_parental_alias:bt474,True
GEO:GSE237606,GSM7634720,"S12_EGF, 12 hr. RNA-Seq, rep 1",BT474,cell line: BT474 | cell type: Breast cancer epithelial cells | time: 12 hr,,SENSITIVE_OR_PARENTAL,HIGH,IDENTITY_FIELD,,paired_parental_alias:bt474,,paired_parental_alias:bt474,True
GEO:GSE237606,GSM7634721,"S12_EGF, 12 hr. RNA-Seq, rep 2",BT474,cell line: BT474 | cell type: Breast cancer epithelial cells | time: 12 hr,,SENSITIVE_OR_PARENTAL,HIGH,IDENTITY_FIELD,,paired_parental_alias:bt474,,paired_parental_alias:bt474,True
GEO:GSE237606,GSM7634722,"S24_Con, 24 hr. RNA-Seq, rep 1",BT474,cell line: BT474 | cell type: Breast cancer epithelial cells | time: 24 hr,,SENSITIVE_OR_PARENTAL,HIGH,IDENTITY_FIELD,,paired_parental_alias:bt474,,paired_parental_alias:bt474,True
GEO:GSE237606,GSM7634723,"S24_Con, 24 hr. RNA-Seq, rep 2",BT474,cell line: BT474 | cell type: Breast cancer epithelial cells | time: 24 hr,,SENSITIVE_OR_PARENTAL,HIGH,IDENTITY_FIELD,,paired_parental_alias:bt474,,paired_parental_alias:bt474,True
GEO:GSE237606,GSM7634724,"S24_HRG, 24 hr. RNA-Seq, rep 1",BT474,cell line: BT474 | cell type: Breast cancer epithelial cells | time: 24 hr,,SENSITIVE_OR_PARENTAL,HIGH,IDENTITY_FIELD,,paired_parental_alias:bt474,,paired_parental_alias:bt474,True
GEO:GSE237606,GSM7634725,"S24_HRG, 24 hr. RNA-Seq, rep 2",BT474,cell line: BT474 | cell type: Breast cancer epithelial cells | time: 24 hr,,SENSITIVE_OR_PARENTAL,HIGH,IDENTITY_FIELD,,paired_parental_alias:bt474,,paired_parental_alias:bt474,True
GEO:GSE237606,GSM7634726,"S24_EGF, 24 hr. RNA-Seq, rep 1",BT474,cell line: BT474 | cell type: Breast cancer epithelial cells | time: 24 hr,,SENSITIVE_OR_PARENTAL,HIGH,IDENTITY_FIELD,,paired_parental_alias:bt474,,paired_parental_alias:bt474,True
GEO:GSE237606,GSM7634727,"S24_EGF, 24 hr. RNA-Seq, rep 2",BT474,cell line: BT474 | cell type: Breast cancer epithelial cells | time: 24 hr,,SENSITIVE_OR_PARENTAL,HIGH,IDENTITY_FIELD,,paired_parental_alias:bt474,,paired_parental_alias:bt474,True
GEO:GSE237606,GSM7634728,"R0_baseline, 0 hr. RNA-Seq, rep 1",BT474R,cell line: BT474R | cell type: Breast cancer epithelial cells | time: 0 hr,,RESISTANT,HIGH,IDENTITY_FIELD,resistant_alias:bt474r,,resistant_alias:bt474r,paired_parental_alias:bt474,True
GEO:GSE237606,GSM7634729,"R0_baseline, 0 hr. RNA-Seq, rep 2",BT474R,cell line: BT474R | cell type: Breast cancer epithelial cells | time: 0 hr,,RESISTANT,HIGH,IDENTITY_FIELD,resistant_alias:bt474r,,resistant_alias:bt474r,paired_parental_alias:bt474,True
GEO:GSE237606,GSM7634730,"R1_Con, 1 hr. RNA-Seq, rep 1",BT474R,cell line: BT474R | cell type: Breast cancer epithelial cells | time: 1 hr,,RESISTANT,HIGH,IDENTITY_FIELD,resistant_alias:bt474r,,resistant_alias:bt474r,paired_parental_alias:bt474,True
GEO:GSE237606,GSM7634731,"R1_Con, 1 hr. RNA-Seq, rep 2",BT474R,cell line: BT474R | cell type: Breast cancer epithelial cells | time: 1 hr,,RESISTANT,HIGH,IDENTITY_FIELD,resistant_alias:bt474r,,resistant_alias:bt474r,paired_parental_alias:bt474,True
GEO:GSE237606,GSM7634732,"R1_HRG, 1 hr. RNA-Seq, rep 1",BT474R,cell line: BT474R | cell type: Breast cancer epithelial cells | time: 1 hr,,RESISTANT,HIGH,IDENTITY_FIELD,resistant_alias:bt474r,,resistant_alias:bt474r,paired_parental_alias:bt474,True
GEO:GSE237606,GSM7634733,"R1_HRG, 1 hr. RNA-Seq, rep 2",BT474R,cell line: BT474R | cell type: Breast cancer epithelial cells | time: 1 hr,,RESISTANT,HIGH,IDENTITY_FIELD,resistant_alias:bt474r,,resistant_alias:bt474r,paired_parental_alias:bt474,True
GEO:GSE237606,GSM7634734,"R1_EGF, 1 hr. RNA-Seq, rep 1",BT474R,cell line: BT474R | cell type: Breast cancer epithelial cells | time: 1 hr,,RESISTANT,HIGH,IDENTITY_FIELD,resistant_alias:bt474r,,resistant_alias:bt474r,paired_parental_alias:bt474,True
GEO:GSE237606,GSM7634735,"R1_EGF, 1 hr. RNA-Seq, rep 2",BT474R,cell line: BT474R | cell type: Breast cancer epithelial cells | time: 1 hr,,RESISTANT,HIGH,IDENTITY_FIELD,resistant_alias:bt474r,,resistant_alias:bt474r,paired_parental_alias:bt474,True
GEO:GSE237606,GSM7634736,"R12_Con, 12 hr. RNA-Seq, rep 1",BT474R,cell line: BT474R | cell type: Breast cancer epithelial cells | time: 12 hr,,RESISTANT,HIGH,IDENTITY_FIELD,resistant_alias:bt474r,,resistant_alias:bt474r,paired_parental_alias:bt474,True
GEO:GSE237606,GSM7634737,"R12_Con, 12 hr. RNA-Seq, rep 2",BT474R,cell line: BT474R | cell type: Breast cancer epithelial cells | time: 12 hr,,RESISTANT,HIGH,IDENTITY_FIELD,resistant_alias:bt474r,,resistant_alias:bt474r,paired_parental_alias:bt474,True
GEO:GSE237606,GSM7634738,"R12_HRG, 12 hr. RNA-Seq, rep 1",BT474R,cell line: BT474R | cell type: Breast cancer epithelial cells | time: 12 hr,,RESISTANT,HIGH,IDENTITY_FIELD,resistant_alias:bt474r,,resistant_alias:bt474r,paired_parental_alias:bt474,True
GEO:GSE237606,GSM7634739,"R12_HRG, 12 hr. RNA-Seq, rep 2",BT474R,cell line: BT474R | cell type: Breast cancer epithelial cells | time: 12 hr,,RESISTANT,HIGH,IDENTITY_FIELD,resistant_alias:bt474r,,resistant_alias:bt474r,paired_parental_alias:bt474,True
GEO:GSE237606,GSM7634740,"R12_EGF, 12 hr. RNA-Seq, rep 1",BT474R,cell line: BT474R | cell type: Breast cancer epithelial cells | time: 12 hr,,RESISTANT,HIGH,IDENTITY_FIELD,resistant_alias:bt474r,,resistant_alias:bt474r,paired_parental_alias:bt474,True
GEO:GSE237606,GSM7634741,"R12_EGF, 12 hr. RNA-Seq, rep 2",BT474R,cell line: BT474R | cell type: Breast cancer epithelial cells | time: 12 hr,,RESISTANT,HIGH,IDENTITY_FIELD,resistant_alias:bt474r,,resistant_alias:bt474r,paired_parental_alias:bt474,True
GEO:GSE237606,GSM7634742,"R24_Con, 24 hr. RNA-Seq, rep 1",BT474R,cell line: BT474R | cell type: Breast cancer epithelial cells | time: 24 hr,,RESISTANT,HIGH,IDENTITY_FIELD,resistant_alias:bt474r,,resistant_alias:bt474r,paired_parental_alias:bt474,True
GEO:GSE237606,GSM7634743,"R24_Con, 24 hr. RNA-Seq, rep 2",BT474R,cell line: BT474R | cell type: Breast cancer epithelial cells | time: 24 hr,,RESISTANT,HIGH,IDENTITY_FIELD,resistant_alias:bt474r,,resistant_alias:bt474r,paired_parental_alias:bt474,True
GEO:GSE237606,GSM7634744,"R24_HRG, 24 hr. RNA-Seq, rep 1",BT474R,cell line: BT474R | cell type: Breast cancer epithelial cells | time: 24 hr,,RESISTANT,HIGH,IDENTITY_FIELD,resistant_alias:bt474r,,resistant_alias:bt474r,paired_parental_alias:bt474,True
GEO:GSE237606,GSM7634745,"R24_HRG, 24 hr. RNA-Seq, rep 2",BT474R,cell line: BT474R | cell type: Breast cancer epithelial cells | time: 24 hr,,RESISTANT,HIGH,IDENTITY_FIELD,resistant_alias:bt474r,,resistant_alias:bt474r,paired_parental_alias:bt474,True
GEO:GSE237606,GSM7634746,"R24_EGF, 24 hr. RNA-Seq, rep 1",BT474R,cell line: BT474R | cell type: Breast cancer epithelial cells | time: 24 hr,,RESISTANT,HIGH,IDENTITY_FIELD,resistant_alias:bt474r,,resistant_alias:bt474r,paired_parental_alias:bt474,True
GEO:GSE237606,GSM7634747,"R24_EGF, 24 hr. RNA-Seq, rep 2",BT474R,cell line: BT474R | cell type: Breast cancer epithelial cells | time: 24 hr,,RESISTANT,HIGH,IDENTITY_FIELD,resistant_alias:bt474r,,resistant_alias:bt474r,paired_parental_alias:bt474,True
GEO:GSE237607,GSM7634668,"S0_Baseline, 0hr, ATAC-Seq, rep1",BT474,cell line: BT474 | cell type: Breast cancer epithelial cells | time: 0 hr,,SENSITIVE_OR_PARENTAL,HIGH,IDENTITY_FIELD,,paired_parental_alias:bt474,,paired_parental_alias:bt474,True
GEO:GSE237607,GSM7634669,"S0_Baseline, 0hr, ATAC-Seq, rep2",BT474,cell line: BT474 | cell type: Breast cancer epithelial cells | time: 0 hr,,SENSITIVE_OR_PARENTAL,HIGH,IDENTITY_FIELD,,paired_parental_alias:bt474,,paired_parental_alias:bt474,True
GEO:GSE237607,GSM7634670,"S1_Con, 1 hr, ATAC-Seq, rep 1",BT474,cell line: BT474 | cell type: Breast cancer epithelial cells | time: 1 hr,,SENSITIVE_OR_PARENTAL,HIGH,IDENTITY_FIELD,,paired_parental_alias:bt474,,paired_parental_alias:bt474,True
GEO:GSE237607,GSM7634671,"S1_Con, 1 hr, ATAC-Seq, rep 2",BT474,cell line: BT474 | cell type: Breast cancer epithelial cells | time: 1 hr,,SENSITIVE_OR_PARENTAL,HIGH,IDENTITY_FIELD,,paired_parental_alias:bt474,,paired_parental_alias:bt474,True
GEO:GSE237607,GSM7634672,"S1_HRG, 1 hr, ATAC-Seq, rep 1",BT474,cell line: BT474 | cell type: Breast cancer epithelial cells | time: 1 hr,,SENSITIVE_OR_PARENTAL,HIGH,IDENTITY_FIELD,,paired_parental_alias:bt474,,paired_parental_alias:bt474,True
GEO:GSE237607,GSM7634673,"S1_HRG, 1 hr, ATAC-Seq, rep 2",BT474,cell line: BT474 | cell type: Breast cancer epithelial cells | time: 1 hr,,SENSITIVE_OR_PARENTAL,HIGH,IDENTITY_FIELD,,paired_parental_alias:bt474,,paired_parental_alias:bt474,True
GEO:GSE237607,GSM7634674,"S1_EGF, 1 hr, ATAC-Seq, rep 1",BT474,cell line: BT474 | cell type: Breast cancer epithelial cells | time: 1 hr,,SENSITIVE_OR_PARENTAL,HIGH,IDENTITY_FIELD,,paired_parental_alias:bt474,,paired_parental_alias:bt474,True
GEO:GSE237607,GSM7634675,"S1_EGF, 1 hr, ATAC-Seq, rep 2",BT474,cell line: BT474 | cell type: Breast cancer epithelial cells | time: 1 hr,,SENSITIVE_OR_PARENTAL,HIGH,IDENTITY_FIELD,,paired_parental_alias:bt474,,paired_parental_alias:bt474,True
GEO:GSE237607,GSM7634676,"S12_Con, 12 hr, ATAC-Seq, rep 1",BT474,cell line: BT474 | cell type: Breast cancer epithelial cells | time: 12 hr,,SENSITIVE_OR_PARENTAL,HIGH,IDENTITY_FIELD,,paired_parental_alias:bt474,,paired_parental_alias:bt474,True
GEO:GSE237607,GSM7634677,"S12_Con, 12 hr, ATAC-Seq, rep 2",BT474,cell line: BT474 | cell type: Breast cancer epithelial cells | time: 12 hr,,SENSITIVE_OR_PARENTAL,HIGH,IDENTITY_FIELD,,paired_parental_alias:bt474,,paired_parental_alias:bt474,True
GEO:GSE237607,GSM7634678,"S12_HRG, 12 hr, ATAC-Seq, rep 1",BT474,cell line: BT474 | cell type: Breast cancer epithelial cells | time: 12 hr,,SENSITIVE_OR_PARENTAL,HIGH,IDENTITY_FIELD,,paired_parental_alias:bt474,,paired_parental_alias:bt474,True
GEO:GSE237607,GSM7634679,"S12_HRG, 12 hr, ATAC-Seq, rep 2",BT474,cell line: BT474 | cell type: Breast cancer epithelial cells | time: 12 hr,,SENSITIVE_OR_PARENTAL,HIGH,IDENTITY_FIELD,,paired_parental_alias:bt474,,paired_parental_alias:bt474,True
GEO:GSE237607,GSM7634680,"S12_EGF, 12 hr, ATAC-Seq, rep 1",BT474,cell line: BT474 | cell type: Breast cancer epithelial cells | time: 12 hr,,SENSITIVE_OR_PARENTAL,HIGH,IDENTITY_FIELD,,paired_parental_alias:bt474,,paired_parental_alias:bt474,True
GEO:GSE237607,GSM7634681,"S12_EGF, 12 hr, ATAC-Seq, rep 2",BT474,cell line: BT474 | cell type: Breast cancer epithelial cells | time: 12 hr,,SENSITIVE_OR_PARENTAL,HIGH,IDENTITY_FIELD,,paired_parental_alias:bt474,,paired_parental_alias:bt474,True
GEO:GSE237607,GSM7634682,"S24_Con, 24 hr, ATAC-Seq, rep 1",BT474,cell line: BT474 | cell type: Breast cancer epithelial cells | time: 24 hr,,SENSITIVE_OR_PARENTAL,HIGH,IDENTITY_FIELD,,paired_parental_alias:bt474,,paired_parental_alias:bt474,True
GEO:GSE237607,GSM7634683,"S24_Con, 24 hr, ATAC-Seq, rep 2",BT474,cell line: BT474 | cell type: Breast cancer epithelial cells | time: 24 hr,,SENSITIVE_OR_PARENTAL,HIGH,IDENTITY_FIELD,,paired_parental_alias:bt474,,paired_parental_alias:bt474,True
GEO:GSE237607,GSM7634684,"S24_HRG, 24 hr, ATAC-Seq, rep 1",BT474,cell line: BT474 | cell type: Breast cancer epithelial cells | time: 24 hr,,SENSITIVE_OR_PARENTAL,HIGH,IDENTITY_FIELD,,paired_parental_alias:bt474,,paired_parental_alias:bt474,True
GEO:GSE237607,GSM7634685,"S24_HRG, 24 hr, ATAC-Seq, rep 2",BT474,cell line: BT474 | cell type: Breast cancer epithelial cells | time: 24 hr,,SENSITIVE_OR_PARENTAL,HIGH,IDENTITY_FIELD,,paired_parental_alias:bt474,,paired_parental_alias:bt474,True
GEO:GSE237607,GSM7634686,"S24_EGF, 24 hr, ATAC-Seq, rep 1",BT474,cell line: BT474 | cell type: Breast cancer epithelial cells | time: 24 hr,,SENSITIVE_OR_PARENTAL,HIGH,IDENTITY_FIELD,,paired_parental_alias:bt474,,paired_parental_alias:bt474,True
GEO:GSE237607,GSM7634687,"S24_EGF, 24 hr, ATAC-Seq, rep 2",BT474,cell line: BT474 | cell type: Breast cancer epithelial cells | time: 24 hr,,SENSITIVE_OR_PARENTAL,HIGH,IDENTITY_FIELD,,paired_parental_alias:bt474,,paired_parental_alias:bt474,True
GEO:GSE237607,GSM7634688,"R0_baseline, 0 hr, ATAC-Seq, rep 1",BT474R,cell line: BT474R | cell type: Breast cancer epithelial cells | time: 0 hr,,RESISTANT,HIGH,IDENTITY_FIELD,resistant_alias:bt474r,,resistant_alias:bt474r,paired_parental_alias:bt474,True
GEO:GSE237607,GSM7634689,"R0_baseline, 0 hr, ATAC-Seq, rep 2",BT474R,cell line: BT474R | cell type: Breast cancer epithelial cells | time: 0 hr,,RESISTANT,HIGH,IDENTITY_FIELD,resistant_alias:bt474r,,resistant_alias:bt474r,paired_parental_alias:bt474,True
GEO:GSE237607,GSM7634690,"R1_Con, 1 hr, ATAC-Seq, rep 1",BT474R,cell line: BT474R | cell type: Breast cancer epithelial cells | time: 1 hr,,RESISTANT,HIGH,IDENTITY_FIELD,resistant_alias:bt474r,,resistant_alias:bt474r,paired_parental_alias:bt474,True
GEO:GSE237607,GSM7634691,"R1_Con, 1 hr, ATAC-Seq, rep 2",BT474R,cell line: BT474R | cell type: Breast cancer epithelial cells | time: 1 hr,,RESISTANT,HIGH,IDENTITY_FIELD,resistant_alias:bt474r,,resistant_alias:bt474r,paired_parental_alias:bt474,True
GEO:GSE237607,GSM7634692,"R1_HRG, 1 hr, ATAC-Seq, rep 1",BT474R,cell line: BT474R | cell type: Breast cancer epithelial cells | time: 1 hr,,RESISTANT,HIGH,IDENTITY_FIELD,resistant_alias:bt474r,,resistant_alias:bt474r,paired_parental_alias:bt474,True
GEO:GSE237607,GSM7634693,"R1_HRG, 1 hr, ATAC-Seq, rep 2",BT474R,cell line: BT474R | cell type: Breast cancer epithelial cells | time: 1 hr,,RESISTANT,HIGH,IDENTITY_FIELD,resistant_alias:bt474r,,resistant_alias:bt474r,paired_parental_alias:bt474,True
GEO:GSE237607,GSM7634694,"R1_EGF, 1 hr, ATAC-Seq, rep 1",BT474R,cell line: BT474R | cell type: Breast cancer epithelial cells | time: 1 hr,,RESISTANT,HIGH,IDENTITY_FIELD,resistant_alias:bt474r,,resistant_alias:bt474r,paired_parental_alias:bt474,True
GEO:GSE237607,GSM7634695,"R1_EGF, 1 hr, ATAC-Seq, rep 2",BT474R,cell line: BT474R | cell type: Breast cancer epithelial cells | time: 1 hr,,RESISTANT,HIGH,IDENTITY_FIELD,resistant_alias:bt474r,,resistant_alias:bt474r,paired_parental_alias:bt474,True
GEO:GSE237607,GSM7634696,"R12_Con, 12 hr, ATAC-Seq, rep 1",BT474R,cell line: BT474R | cell type: Breast cancer epithelial cells | time: 12 hr,,RESISTANT,HIGH,IDENTITY_FIELD,resistant_alias:bt474r,,resistant_alias:bt474r,paired_parental_alias:bt474,True
GEO:GSE237607,GSM7634697,"R12_Con, 12 hr, ATAC-Seq, rep 2",BT474R,cell line: BT474R | cell type: Breast cancer epithelial cells | time: 12 hr,,RESISTANT,HIGH,IDENTITY_FIELD,resistant_alias:bt474r,,resistant_alias:bt474r,paired_parental_alias:bt474,True
GEO:GSE237607,GSM7634698,"R12_HRG, 12 hr, ATAC-Seq, rep 1",BT474R,cell line: BT474R | cell type: Breast cancer epithelial cells | time: 12 hr,,RESISTANT,HIGH,IDENTITY_FIELD,resistant_alias:bt474r,,resistant_alias:bt474r,paired_parental_alias:bt474,True
GEO:GSE237607,GSM7634699,"R12_HRG, 12 hr, ATAC-Seq, rep 2",BT474R,cell line: BT474R | cell type: Breast cancer epithelial cells | time: 12 hr,,RESISTANT,HIGH,IDENTITY_FIELD,resistant_alias:bt474r,,resistant_alias:bt474r,paired_parental_alias:bt474,True
GEO:GSE237607,GSM7634700,"R12_EGF, 12 hr, ATAC-Seq, rep 1",BT474R,cell line: BT474R | cell type: Breast cancer epithelial cells | time: 12 hr,,RESISTANT,HIGH,IDENTITY_FIELD,resistant_alias:bt474r,,resistant_alias:bt474r,paired_parental_alias:bt474,True
GEO:GSE237607,GSM7634701,"R12_EGF, 12 hr, ATAC-Seq, rep 2",BT474R,cell line: BT474R | cell type: Breast cancer epithelial cells | time: 12 hr,,RESISTANT,HIGH,IDENTITY_FIELD,resistant_alias:bt474r,,resistant_alias:bt474r,paired_parental_alias:bt474,True
GEO:GSE237607,GSM7634702,"R24_Con, 24 hr, ATAC-Seq, rep 1",BT474R,cell line: BT474R | cell type: Breast cancer epithelial cells | time: 24 hr,,RESISTANT,HIGH,IDENTITY_FIELD,resistant_alias:bt474r,,resistant_alias:bt474r,paired_parental_alias:bt474,True
GEO:GSE237607,GSM7634703,"R24_Con, 24 hr, ATAC-Seq, rep 2",BT474R,cell line: BT474R | cell type: Breast cancer epithelial cells | time: 24 hr,,RESISTANT,HIGH,IDENTITY_FIELD,resistant_alias:bt474r,,resistant_alias:bt474r,paired_parental_alias:bt474,True
GEO:GSE237607,GSM7634704,"R24_HRG, 24 hr, ATAC-Seq, rep 1",BT474R,cell line: BT474R | cell type: Breast cancer epithelial cells | time: 24 hr,,RESISTANT,HIGH,IDENTITY_FIELD,resistant_alias:bt474r,,resistant_alias:bt474r,paired_parental_alias:bt474,True
GEO:GSE237607,GSM7634705,"R24_HRG, 24 hr, ATAC-Seq, rep 2",BT474R,cell line: BT474R | cell type: Breast cancer epithelial cells | time: 24 hr,,RESISTANT,HIGH,IDENTITY_FIELD,resistant_alias:bt474r,,resistant_alias:bt474r,paired_parental_alias:bt474,True
GEO:GSE237607,GSM7634706,"R24_EGF, 24 hr, ATAC-Seq, rep 1",BT474R,cell line: BT474R | cell type: Breast cancer epithelial cells | time: 24 hr,,RESISTANT,HIGH,IDENTITY_FIELD,resistant_alias:bt474r,,resistant_alias:bt474r,paired_parental_alias:bt474,True
GEO:GSE237607,GSM7634707,"R24_EGF, 24 hr, ATAC-Seq, rep 2",BT474R,cell line: BT474R | cell type: Breast cancer epithelial cells | time: 24 hr,,RESISTANT,HIGH,IDENTITY_FIELD,resistant_alias:bt474r,,resistant_alias:bt474r,paired_parental_alias:bt474,True
GEO:GSE237607,GSM7634708,"S0_Baseline, 0 hr. RNA-Seq, rep 1",BT474,cell line: BT474 | cell type: Breast cancer epithelial cells | time: 0 hr,,SENSITIVE_OR_PARENTAL,HIGH,IDENTITY_FIELD,,paired_parental_alias:bt474,,paired_parental_alias:bt474,True
GEO:GSE237607,GSM7634709,"S0_Baseline, 0 hr. RNA-Seq, rep 2",BT474,cell line: BT474 | cell type: Breast cancer epithelial cells | time: 0 hr,,SENSITIVE_OR_PARENTAL,HIGH,IDENTITY_FIELD,,paired_parental_alias:bt474,,paired_parental_alias:bt474,True
GEO:GSE237607,GSM7634710,"S1_Con, 1 hr. RNA-Seq, rep 1",BT474,cell line: BT474 | cell type: Breast cancer epithelial cells | time: 1 hr,,SENSITIVE_OR_PARENTAL,HIGH,IDENTITY_FIELD,,paired_parental_alias:bt474,,paired_parental_alias:bt474,True
GEO:GSE237607,GSM7634711,"S1_Con, 1 hr. RNA-Seq, rep 2",BT474,cell line: BT474 | cell type: Breast cancer epithelial cells | time: 1 hr,,SENSITIVE_OR_PARENTAL,HIGH,IDENTITY_FIELD,,paired_parental_alias:bt474,,paired_parental_alias:bt474,True
GEO:GSE237607,GSM7634712,"S1_HRG, 1 hr. RNA-Seq, rep 1",BT474,cell line: BT474 | cell type: Breast cancer epithelial cells | time: 1 hr,,SENSITIVE_OR_PARENTAL,HIGH,IDENTITY_FIELD,,paired_parental_alias:bt474,,paired_parental_alias:bt474,True
GEO:GSE237607,GSM7634713,"S1_HRG, 1 hr. RNA-Seq, rep 2",BT474,cell line: BT474 | cell type: Breast cancer epithelial cells | time: 1 hr,,SENSITIVE_OR_PARENTAL,HIGH,IDENTITY_FIELD,,paired_parental_alias:bt474,,paired_parental_alias:bt474,True
GEO:GSE237607,GSM7634714,"S1_EGF, 1 hr. RNA-Seq, rep 1",BT474,cell line: BT474 | cell type: Breast cancer epithelial cells | time: 1 hr,,SENSITIVE_OR_PARENTAL,HIGH,IDENTITY_FIELD,,paired_parental_alias:bt474,,paired_parental_alias:bt474,True
GEO:GSE237607,GSM7634715,"S1_EGF, 1 hr. RNA-Seq, rep 2",BT474,cell line: BT474 | cell type: Breast cancer epithelial cells | time: 1 hr,,SENSITIVE_OR_PARENTAL,HIGH,IDENTITY_FIELD,,paired_parental_alias:bt474,,paired_parental_alias:bt474,True
GEO:GSE237607,GSM7634716,"S12_Con, 12 hr. RNA-Seq, rep 1",BT474,cell line: BT474 | cell type: Breast cancer epithelial cells | time: 12 hr,,SENSITIVE_OR_PARENTAL,HIGH,IDENTITY_FIELD,,paired_parental_alias:bt474,,paired_parental_alias:bt474,True
GEO:GSE237607,GSM7634717,"S12_Con, 12 hr. RNA-Seq, rep 2",BT474,cell line: BT474 | cell type: Breast cancer epithelial cells | time: 12 hr,,SENSITIVE_OR_PARENTAL,HIGH,IDENTITY_FIELD,,paired_parental_alias:bt474,,paired_parental_alias:bt474,True
GEO:GSE237607,GSM7634718,"S12_HRG, 12 hr. RNA-Seq, rep 1",BT474,cell line: BT474 | cell type: Breast cancer epithelial cells | time: 12 hr,,SENSITIVE_OR_PARENTAL,HIGH,IDENTITY_FIELD,,paired_parental_alias:bt474,,paired_parental_alias:bt474,True
GEO:GSE237607,GSM7634719,"S12_HRG, 12 hr. RNA-Seq, rep 2",BT474,cell line: BT474 | cell type: Breast cancer epithelial cells | time: 12 hr,,SENSITIVE_OR_PARENTAL,HIGH,IDENTITY_FIELD,,paired_parental_alias:bt474,,paired_parental_alias:bt474,True
GEO:GSE237607,GSM7634720,"S12_EGF, 12 hr. RNA-Seq, rep 1",BT474,cell line: BT474 | cell type: Breast cancer epithelial cells | time: 12 hr,,SENSITIVE_OR_PARENTAL,HIGH,IDENTITY_FIELD,,paired_parental_alias:bt474,,paired_parental_alias:bt474,True
GEO:GSE237607,GSM7634721,"S12_EGF, 12 hr. RNA-Seq, rep 2",BT474,cell line: BT474 | cell type: Breast cancer epithelial cells | time: 12 hr,,SENSITIVE_OR_PARENTAL,HIGH,IDENTITY_FIELD,,paired_parental_alias:bt474,,paired_parental_alias:bt474,True
GEO:GSE237607,GSM7634722,"S24_Con, 24 hr. RNA-Seq, rep 1",BT474,cell line: BT474 | cell type: Breast cancer epithelial cells | time: 24 hr,,SENSITIVE_OR_PARENTAL,HIGH,IDENTITY_FIELD,,paired_parental_alias:bt474,,paired_parental_alias:bt474,True
GEO:GSE237607,GSM7634723,"S24_Con, 24 hr. RNA-Seq, rep 2",BT474,cell line: BT474 | cell type: Breast cancer epithelial cells | time: 24 hr,,SENSITIVE_OR_PARENTAL,HIGH,IDENTITY_FIELD,,paired_parental_alias:bt474,,paired_parental_alias:bt474,True
GEO:GSE237607,GSM7634724,"S24_HRG, 24 hr. RNA-Seq, rep 1",BT474,cell line: BT474 | cell type: Breast cancer epithelial cells | time: 24 hr,,SENSITIVE_OR_PARENTAL,HIGH,IDENTITY_FIELD,,paired_parental_alias:bt474,,paired_parental_alias:bt474,True
GEO:GSE237607,GSM7634725,"S24_HRG, 24 hr. RNA-Seq, rep 2",BT474,cell line: BT474 | cell type: Breast cancer epithelial cells | time: 24 hr,,SENSITIVE_OR_PARENTAL,HIGH,IDENTITY_FIELD,,paired_parental_alias:bt474,,paired_parental_alias:bt474,True
GEO:GSE237607,GSM7634726,"S24_EGF, 24 hr. RNA-Seq, rep 1",BT474,cell line: BT474 | cell type: Breast cancer epithelial cells | time: 24 hr,,SENSITIVE_OR_PARENTAL,HIGH,IDENTITY_FIELD,,paired_parental_alias:bt474,,paired_parental_alias:bt474,True
GEO:GSE237607,GSM7634727,"S24_EGF, 24 hr. RNA-Seq, rep 2",BT474,cell line: BT474 | cell type: Breast cancer epithelial cells | time: 24 hr,,SENSITIVE_OR_PARENTAL,HIGH,IDENTITY_FIELD,,paired_parental_alias:bt474,,paired_parental_alias:bt474,True
GEO:GSE237607,GSM7634728,"R0_baseline, 0 hr. RNA-Seq, rep 1",BT474R,cell line: BT474R | cell type: Breast cancer epithelial cells | time: 0 hr,,RESISTANT,HIGH,IDENTITY_FIELD,resistant_alias:bt474r,,resistant_alias:bt474r,paired_parental_alias:bt474,True
GEO:GSE237607,GSM7634729,"R0_baseline, 0 hr. RNA-Seq, rep 2",BT474R,cell line: BT474R | cell type: Breast cancer epithelial cells | time: 0 hr,,RESISTANT,HIGH,IDENTITY_FIELD,resistant_alias:bt474r,,resistant_alias:bt474r,paired_parental_alias:bt474,True
GEO:GSE237607,GSM7634730,"R1_Con, 1 hr. RNA-Seq, rep 1",BT474R,cell line: BT474R | cell type: Breast cancer epithelial cells | time: 1 hr,,RESISTANT,HIGH,IDENTITY_FIELD,resistant_alias:bt474r,,resistant_alias:bt474r,paired_parental_alias:bt474,True
GEO:GSE237607,GSM7634731,"R1_Con, 1 hr. RNA-Seq, rep 2",BT474R,cell line: BT474R | cell type: Breast cancer epithelial cells | time: 1 hr,,RESISTANT,HIGH,IDENTITY_FIELD,resistant_alias:bt474r,,resistant_alias:bt474r,paired_parental_alias:bt474,True
GEO:GSE237607,GSM7634732,"R1_HRG, 1 hr. RNA-Seq, rep 1",BT474R,cell line: BT474R | cell type: Breast cancer epithelial cells | time: 1 hr,,RESISTANT,HIGH,IDENTITY_FIELD,resistant_alias:bt474r,,resistant_alias:bt474r,paired_parental_alias:bt474,True
GEO:GSE237607,GSM7634733,"R1_HRG, 1 hr. RNA-Seq, rep 2",BT474R,cell line: BT474R | cell type: Breast cancer epithelial cells | time: 1 hr,,RESISTANT,HIGH,IDENTITY_FIELD,resistant_alias:bt474r,,resistant_alias:bt474r,paired_parental_alias:bt474,True
GEO:GSE237607,GSM7634734,"R1_EGF, 1 hr. RNA-Seq, rep 1",BT474R,cell line: BT474R | cell type: Breast cancer epithelial cells | time: 1 hr,,RESISTANT,HIGH,IDENTITY_FIELD,resistant_alias:bt474r,,resistant_alias:bt474r,paired_parental_alias:bt474,True
GEO:GSE237607,GSM7634735,"R1_EGF, 1 hr. RNA-Seq, rep 2",BT474R,cell line: BT474R | cell type: Breast cancer epithelial cells | time: 1 hr,,RESISTANT,HIGH,IDENTITY_FIELD,resistant_alias:bt474r,,resistant_alias:bt474r,paired_parental_alias:bt474,True
GEO:GSE237607,GSM7634736,"R12_Con, 12 hr. RNA-Seq, rep 1",BT474R,cell line: BT474R | cell type: Breast cancer epithelial cells | time: 12 hr,,RESISTANT,HIGH,IDENTITY_FIELD,resistant_alias:bt474r,,resistant_alias:bt474r,paired_parental_alias:bt474,True
GEO:GSE237607,GSM7634737,"R12_Con, 12 hr. RNA-Seq, rep 2",BT474R,cell line: BT474R | cell type: Breast cancer epithelial cells | time: 12 hr,,RESISTANT,HIGH,IDENTITY_FIELD,resistant_alias:bt474r,,resistant_alias:bt474r,paired_parental_alias:bt474,True
GEO:GSE237607,GSM7634738,"R12_HRG, 12 hr. RNA-Seq, rep 1",BT474R,cell line: BT474R | cell type: Breast cancer epithelial cells | time: 12 hr,,RESISTANT,HIGH,IDENTITY_FIELD,resistant_alias:bt474r,,resistant_alias:bt474r,paired_parental_alias:bt474,True
GEO:GSE237607,GSM7634739,"R12_HRG, 12 hr. RNA-Seq, rep 2",BT474R,cell line: BT474R | cell type: Breast cancer epithelial cells | time: 12 hr,,RESISTANT,HIGH,IDENTITY_FIELD,resistant_alias:bt474r,,resistant_alias:bt474r,paired_parental_alias:bt474,True
GEO:GSE237607,GSM7634740,"R12_EGF, 12 hr. RNA-Seq, rep 1",BT474R,cell line: BT474R | cell type: Breast cancer epithelial cells | time: 12 hr,,RESISTANT,HIGH,IDENTITY_FIELD,resistant_alias:bt474r,,resistant_alias:bt474r,paired_parental_alias:bt474,True
GEO:GSE237607,GSM7634741,"R12_EGF, 12 hr. RNA-Seq, rep 2",BT474R,cell line: BT474R | cell type: Breast cancer epithelial cells | time: 12 hr,,RESISTANT,HIGH,IDENTITY_FIELD,resistant_alias:bt474r,,resistant_alias:bt474r,paired_parental_alias:bt474,True
GEO:GSE237607,GSM7634742,"R24_Con, 24 hr. RNA-Seq, rep 1",BT474R,cell line: BT474R | cell type: Breast cancer epithelial cells | time: 24 hr,,RESISTANT,HIGH,IDENTITY_FIELD,resistant_alias:bt474r,,resistant_alias:bt474r,paired_parental_alias:bt474,True
GEO:GSE237607,GSM7634743,"R24_Con, 24 hr. RNA-Seq, rep 2",BT474R,cell line: BT474R | cell type: Breast cancer epithelial cells | time: 24 hr,,RESISTANT,HIGH,IDENTITY_FIELD,resistant_alias:bt474r,,resistant_alias:bt474r,paired_parental_alias:bt474,True
GEO:GSE237607,GSM7634744,"R24_HRG, 24 hr. RNA-Seq, rep 1",BT474R,cell line: BT474R | cell type: Breast cancer epithelial cells | time: 24 hr,,RESISTANT,HIGH,IDENTITY_FIELD,resistant_alias:bt474r,,resistant_alias:bt474r,paired_parental_alias:bt474,True
GEO:GSE237607,GSM7634745,"R24_HRG, 24 hr. RNA-Seq, rep 2",BT474R,cell line: BT474R | cell type: Breast cancer epithelial cells | time: 24 hr,,RESISTANT,HIGH,IDENTITY_FIELD,resistant_alias:bt474r,,resistant_alias:bt474r,paired_parental_alias:bt474,True
GEO:GSE237607,GSM7634746,"R24_EGF, 24 hr. RNA-Seq, rep 1",BT474R,cell line: BT474R | cell type: Breast cancer epithelial cells | time: 24 hr,,RESISTANT,HIGH,IDENTITY_FIELD,resistant_alias:bt474r,,resistant_alias:bt474r,paired_parental_alias:bt474,True
GEO:GSE237607,GSM7634747,"R24_EGF, 24 hr. RNA-Seq, rep 2",BT474R,cell line: BT474R | cell type: Breast cancer epithelial cells | time: 24 hr,,RESISTANT,HIGH,IDENTITY_FIELD,resistant_alias:bt474r,,resistant_alias:bt474r,paired_parental_alias:bt474,True
GEO:GSE244533,GSM7818783,SKBR3_rep1,SKBR3,"cell line: SKBR3 | cell type: Breast; Mammary gland, epithelial | treatment: none",,UNRESOLVED,LOW,NO_DECISIVE_EVIDENCE,,,,,False
GEO:GSE244533,GSM7818784,SKBR3_rep2,SKBR3,"cell line: SKBR3 | cell type: Breast; Mammary gland, epithelial | treatment: none",,UNRESOLVED,LOW,NO_DECISIVE_EVIDENCE,,,,,False
GEO:GSE244533,GSM7818785,SKBR3_rep3,SKBR3,"cell line: SKBR3 | cell type: Breast; Mammary gland, epithelial | treatment: none",,UNRESOLVED,LOW,NO_DECISIVE_EVIDENCE,,,,,False
GEO:GSE244533,GSM7818786,SKBR3_HR_rep1,SKBR3,"cell line: SKBR3 | cell type: Breast; Mammary gland, epithelial | treatment: trastuzumab",,UNRESOLVED,LOW,NO_DECISIVE_EVIDENCE,,,,,False
GEO:GSE244533,GSM7818787,SKBR3_HR_rep2,SKBR3,"cell line: SKBR3 | cell type: Breast; Mammary gland, epithelial | treatment: trastuzumab",,UNRESOLVED,LOW,NO_DECISIVE_EVIDENCE,,,,,False
GEO:GSE244533,GSM7818788,SKBR3_HR_rep3,SKBR3,"cell line: SKBR3 | cell type: Breast; Mammary gland, epithelial | treatment: trastuzumab",,UNRESOLVED,LOW,NO_DECISIVE_EVIDENCE,,,,,False
GEO:GSE244535,GSM7818793,SKBR3 H3K27me3 cuttag rep1,SKBR3,"cell line: SKBR3 | cell type: Breast; Mammary gland, epithelial | treatment: none",,UNRESOLVED,LOW,NO_DECISIVE_EVIDENCE,,,,,False
GEO:GSE244535,GSM7818794,SKBR3 H3K27me3 cuttag rep2,SKBR3,"cell line: SKBR3 | cell type: Breast; Mammary gland, epithelial | treatment: none",,UNRESOLVED,LOW,NO_DECISIVE_EVIDENCE,,,,,False
GEO:GSE244535,GSM7818795,SKBR3_HR H3K27me3 cuttag rep1,SKBR3,"cell line: SKBR3 | cell type: Breast; Mammary gland, epithelial | treatment: trastuzumab",,UNRESOLVED,LOW,NO_DECISIVE_EVIDENCE,,,,,False
GEO:GSE244535,GSM7818796,SKBR3_HR H3K27me3 cuttag rep2,SKBR3,"cell line: SKBR3 | cell type: Breast; Mammary gland, epithelial | treatment: trastuzumab",,UNRESOLVED,LOW,NO_DECISIVE_EVIDENCE,,,,,False
GEO:GSE244535,GSM7818797,SKBR3 H3K4me3 cuttag rep1,SKBR3,"cell line: SKBR3 | cell type: Breast; Mammary gland, epithelial | treatment: none",,UNRESOLVED,LOW,NO_DECISIVE_EVIDENCE,,,,,False
GEO:GSE244535,GSM7818798,SKBR3 H3K4me3 cuttag rep2,SKBR3,"cell line: SKBR3 | cell type: Breast; Mammary gland, epithelial | treatment: none",,UNRESOLVED,LOW,NO_DECISIVE_EVIDENCE,,,,,False
GEO:GSE244535,GSM7818799,SKBR3_HR H3K4me3 cuttag rep1,SKBR3,"cell line: SKBR3 | cell type: Breast; Mammary gland, epithelial | treatment: trastuzumab",,UNRESOLVED,LOW,NO_DECISIVE_EVIDENCE,,,,,False
GEO:GSE244535,GSM7818800,SKBR3_HR H3K4me3 cuttag rep2,SKBR3,"cell line: SKBR3 | cell type: Breast; Mammary gland, epithelial | treatment: trastuzumab",,UNRESOLVED,LOW,NO_DECISIVE_EVIDENCE,,,,,False
GEO:GSE244535,GSM7818801,SKBR3 H3K27ac cuttag rep1,SKBR3,"cell line: SKBR3 | cell type: Breast; Mammary gland, epithelial | treatment: none",,UNRESOLVED,LOW,NO_DECISIVE_EVIDENCE,,,,,False
GEO:GSE244535,GSM7818802,SKBR3 H3K27ac cuttag rep2,SKBR3,"cell line: SKBR3 | cell type: Breast; Mammary gland, epithelial | treatment: none",,UNRESOLVED,LOW,NO_DECISIVE_EVIDENCE,,,,,False
GEO:GSE244535,GSM7818803,SKBR3_HR H3K27ac cuttag rep1,SKBR3,"cell line: SKBR3 | cell type: Breast; Mammary gland, epithelial | treatment: trastuzumab",,UNRESOLVED,LOW,NO_DECISIVE_EVIDENCE,,,,,False
GEO:GSE244535,GSM7818804,SKBR3_HR H3K27ac cuttag rep2,SKBR3,"cell line: SKBR3 | cell type: Breast; Mammary gland, epithelial | treatment: trastuzumab",,UNRESOLVED,LOW,NO_DECISIVE_EVIDENCE,,,,,False
GEO:GSE244535,GSM7818805,SKBR3 cuttag input,SKBR3,"cell line: SKBR3 | cell type: Breast; Mammary gland, epithelial | treatment: none",,UNRESOLVED,LOW,NO_DECISIVE_EVIDENCE,,,,,False
GEO:GSE244535,GSM7818806,SKBR3_HR cuttag input,SKBR3,"cell line: SKBR3 | cell type: Breast; Mammary gland, epithelial | treatment: trastuzumab",,UNRESOLVED,LOW,NO_DECISIVE_EVIDENCE,,,,,False
GEO:GSE244537,GSM7818783,SKBR3_rep1,SKBR3,"cell line: SKBR3 | cell type: Breast; Mammary gland, epithelial | treatment: none",,UNRESOLVED,LOW,NO_DECISIVE_EVIDENCE,,,,,False
GEO:GSE244537,GSM7818784,SKBR3_rep2,SKBR3,"cell line: SKBR3 | cell type: Breast; Mammary gland, epithelial | treatment: none",,UNRESOLVED,LOW,NO_DECISIVE_EVIDENCE,,,,,False
GEO:GSE244537,GSM7818785,SKBR3_rep3,SKBR3,"cell line: SKBR3 | cell type: Breast; Mammary gland, epithelial | treatment: none",,UNRESOLVED,LOW,NO_DECISIVE_EVIDENCE,,,,,False
GEO:GSE244537,GSM7818786,SKBR3_HR_rep1,SKBR3,"cell line: SKBR3 | cell type: Breast; Mammary gland, epithelial | treatment: trastuzumab",,UNRESOLVED,LOW,NO_DECISIVE_EVIDENCE,,,,,False
GEO:GSE244537,GSM7818787,SKBR3_HR_rep2,SKBR3,"cell line: SKBR3 | cell type: Breast; Mammary gland, epithelial | treatment: trastuzumab",,UNRESOLVED,LOW,NO_DECISIVE_EVIDENCE,,,,,False
GEO:GSE244537,GSM7818788,SKBR3_HR_rep3,SKBR3,"cell line: SKBR3 | cell type: Breast; Mammary gland, epithelial | treatment: trastuzumab",,UNRESOLVED,LOW,NO_DECISIVE_EVIDENCE,,,,,False
GEO:GSE244537,GSM7818793,SKBR3 H3K27me3 cuttag rep1,SKBR3,"cell line: SKBR3 | cell type: Breast; Mammary gland, epithelial | treatment: none",,UNRESOLVED,LOW,NO_DECISIVE_EVIDENCE,,,,,False
GEO:GSE244537,GSM7818794,SKBR3 H3K27me3 cuttag rep2,SKBR3,"cell line: SKBR3 | cell type: Breast; Mammary gland, epithelial | treatment: none",,UNRESOLVED,LOW,NO_DECISIVE_EVIDENCE,,,,,False
GEO:GSE244537,GSM7818795,SKBR3_HR H3K27me3 cuttag rep1,SKBR3,"cell line: SKBR3 | cell type: Breast; Mammary gland, epithelial | treatment: trastuzumab",,UNRESOLVED,LOW,NO_DECISIVE_EVIDENCE,,,,,False
GEO:GSE244537,GSM7818796,SKBR3_HR H3K27me3 cuttag rep2,SKBR3,"cell line: SKBR3 | cell type: Breast; Mammary gland, epithelial | treatment: trastuzumab",,UNRESOLVED,LOW,NO_DECISIVE_EVIDENCE,,,,,False
GEO:GSE244537,GSM7818797,SKBR3 H3K4me3 cuttag rep1,SKBR3,"cell line: SKBR3 | cell type: Breast; Mammary gland, epithelial | treatment: none",,UNRESOLVED,LOW,NO_DECISIVE_EVIDENCE,,,,,False
GEO:GSE244537,GSM7818798,SKBR3 H3K4me3 cuttag rep2,SKBR3,"cell line: SKBR3 | cell type: Breast; Mammary gland, epithelial | treatment: none",,UNRESOLVED,LOW,NO_DECISIVE_EVIDENCE,,,,,False
GEO:GSE244537,GSM7818799,SKBR3_HR H3K4me3 cuttag rep1,SKBR3,"cell line: SKBR3 | cell type: Breast; Mammary gland, epithelial | treatment: trastuzumab",,UNRESOLVED,LOW,NO_DECISIVE_EVIDENCE,,,,,False
GEO:GSE244537,GSM7818800,SKBR3_HR H3K4me3 cuttag rep2,SKBR3,"cell line: SKBR3 | cell type: Breast; Mammary gland, epithelial | treatment: trastuzumab",,UNRESOLVED,LOW,NO_DECISIVE_EVIDENCE,,,,,False
GEO:GSE244537,GSM7818801,SKBR3 H3K27ac cuttag rep1,SKBR3,"cell line: SKBR3 | cell type: Breast; Mammary gland, epithelial | treatment: none",,UNRESOLVED,LOW,NO_DECISIVE_EVIDENCE,,,,,False
GEO:GSE244537,GSM7818802,SKBR3 H3K27ac cuttag rep2,SKBR3,"cell line: SKBR3 | cell type: Breast; Mammary gland, epithelial | treatment: none",,UNRESOLVED,LOW,NO_DECISIVE_EVIDENCE,,,,,False
GEO:GSE244537,GSM7818803,SKBR3_HR H3K27ac cuttag rep1,SKBR3,"cell line: SKBR3 | cell type: Breast; Mammary gland, epithelial | treatment: trastuzumab",,UNRESOLVED,LOW,NO_DECISIVE_EVIDENCE,,,,,False
GEO:GSE244537,GSM7818804,SKBR3_HR H3K27ac cuttag rep2,SKBR3,"cell line: SKBR3 | cell type: Breast; Mammary gland, epithelial | treatment: trastuzumab",,UNRESOLVED,LOW,NO_DECISIVE_EVIDENCE,,,,,False
GEO:GSE244537,GSM7818805,SKBR3 cuttag input,SKBR3,"cell line: SKBR3 | cell type: Breast; Mammary gland, epithelial | treatment: none",,UNRESOLVED,LOW,NO_DECISIVE_EVIDENCE,,,,,False
GEO:GSE244537,GSM7818806,SKBR3_HR cuttag input,SKBR3,"cell line: SKBR3 | cell type: Breast; Mammary gland, epithelial | treatment: trastuzumab",,UNRESOLVED,LOW,NO_DECISIVE_EVIDENCE,,,,,False
GEO:GSE245486,GSM7843744,BT474T_1,BT474 cells,knockout: Control,Cells were transduced with lentivirus and selected with puromycin.,UNRESOLVED,LOW,NO_DECISIVE_EVIDENCE,,,,,False
GEO:GSE245486,GSM7843745,BT474T_2,BT474 cells,knockout: Control,Cells were transduced with lentivirus and selected with puromycin.,UNRESOLVED,LOW,NO_DECISIVE_EVIDENCE,,,,,False
GEO:GSE245486,GSM7843746,HR6_1,BT474 cells,knockout: Control,Cells were transduced with lentivirus and selected with puromycin.,UNRESOLVED,LOW,NO_DECISIVE_EVIDENCE,,,,,False
GEO:GSE245486,GSM7843747,HR6_2,BT474 cells,knockout: Control,Cells were transduced with lentivirus and selected with puromycin.,UNRESOLVED,LOW,NO_DECISIVE_EVIDENCE,,,,,False
GEO:GSE245486,GSM7843748,HR6_Z8KO1_1,BT474 cells,knockout: ZMYND8,Cells were transduced with lentivirus and selected with puromycin.,UNRESOLVED,LOW,NO_DECISIVE_EVIDENCE,,,,,False
GEO:GSE245486,GSM7843749,HR6_Z8KO1_2,BT474 cells,knockout: ZMYND8,Cells were transduced with lentivirus and selected with puromycin.,UNRESOLVED,LOW,NO_DECISIVE_EVIDENCE,,,,,False
GEO:GSE245486,GSM7843750,HR6_Z8KO2_1,BT474 cells,knockout: ZMYND8,Cells were transduced with lentivirus and selected with puromycin.,UNRESOLVED,LOW,NO_DECISIVE_EVIDENCE,,,,,False
GEO:GSE245486,GSM7843751,HR6_Z8KO2_2,BT474 cells,knockout: ZMYND8,Cells were transduced with lentivirus and selected with puromycin.,UNRESOLVED,LOW,NO_DECISIVE_EVIDENCE,,,,,False
GEO:GSE262860,GSM8180641,"PDX-M1 tumor (J000100674, 6th generation)",breast cancer tumor tissue,tissue: breast cancer tumor tissue | cell type: Mammary Epithelial Cells | genotype: Control | treatment: No | generation: 6th generation,No treatment,UNRESOLVED,LOW,NO_DECISIVE_EVIDENCE,,,,,False
GEO:GSE262860,GSM8180642,"PDX-M2 tumor (J000111056, 6th generation)",breast cancer tumor tissue,tissue: breast cancer tumor tissue | cell type: Mammary Epithelial Cells | genotype: Control | treatment: No | generation: 6th generation,No treatment,UNRESOLVED,LOW,NO_DECISIVE_EVIDENCE,,,,,False
GEO:GSE286038,GSM8715425,"Multiome, PDX, DMSO Treatment, GEX",breast cancer xenograft,tissue: breast cancer xenograft | cell type: breast cancer cells | treatment: DMSO,"When tumors reached ~100 mm3, mice were randomized into four groups, and treated with either vehicle, fulvestrant (5 mg/mouse/week s.c.), neratinib (40 mg/kg P.O.) or a combination of fulvestrant and neratinib for four to five weeks.",UNRESOLVED,LOW,NO_DECISIVE_EVIDENCE,,,,,False
GEO:GSE286038,GSM8715426,"Multiome, PDX, DMSO Treatment, ATAC",breast cancer xenograft,tissue: breast cancer xenograft | cell type: breast cancer cells | treatment: DMSO,"When tumors reached ~100 mm3, mice were randomized into four groups, and treated with either vehicle, fulvestrant (5 mg/mouse/week s.c.), neratinib (40 mg/kg P.O.) or a combination of fulvestrant and neratinib for four to five weeks.",UNRESOLVED,LOW,NO_DECISIVE_EVIDENCE,,,,,False
GEO:GSE286038,GSM8715427,"Multiome, PDX, Neratinib Treatment, GEX",breast cancer xenograft,tissue: breast cancer xenograft | cell type: breast cancer cells | treatment: Neratinib,"When tumors reached ~100 mm3, mice were randomized into four groups, and treated with either vehicle, fulvestrant (5 mg/mouse/week s.c.), neratinib (40 mg/kg P.O.) or a combination of fulvestrant and neratinib for four to five weeks.",UNRESOLVED,LOW,NO_DECISIVE_EVIDENCE,,,,,False
GEO:GSE286038,GSM8715428,"Multiome, PDX, Neratinib Treatment, ATAC",breast cancer xenograft,tissue: breast cancer xenograft | cell type: breast cancer cells | treatment: Neratinib,"When tumors reached ~100 mm3, mice were randomized into four groups, and treated with either vehicle, fulvestrant (5 mg/mouse/week s.c.), neratinib (40 mg/kg P.O.) or a combination of fulvestrant and neratinib for four to five weeks.",UNRESOLVED,LOW,NO_DECISIVE_EVIDENCE,,,,,False
GEO:GSE286038,GSM8715429,"Multiome, PDX, Fulvestrant Treatment, GEX",breast cancer xenograft,tissue: breast cancer xenograft | cell type: breast cancer cells | treatment: Fulvestrant,"When tumors reached ~100 mm3, mice were randomized into four groups, and treated with either vehicle, fulvestrant (5 mg/mouse/week s.c.), neratinib (40 mg/kg P.O.) or a combination of fulvestrant and neratinib for four to five weeks.",UNRESOLVED,LOW,NO_DECISIVE_EVIDENCE,,,,,False
GEO:GSE286038,GSM8715430,"Multiome, PDX, Fulvestrant Treatment, ATAC",breast cancer xenograft,tissue: breast cancer xenograft | cell type: breast cancer cells | treatment: Fulvestrant,"When tumors reached ~100 mm3, mice were randomized into four groups, and treated with either vehicle, fulvestrant (5 mg/mouse/week s.c.), neratinib (40 mg/kg P.O.) or a combination of fulvestrant and neratinib for four to five weeks.",UNRESOLVED,LOW,NO_DECISIVE_EVIDENCE,,,,,False
GEO:GSE286038,GSM8715431,"Multiome, PDX, Neratinib and Fulvestrant Treatments, GEX",breast cancer xenograft,tissue: breast cancer xenograft | cell type: breast cancer cells | treatment: Neratinib+Fulvestrant,"When tumors reached ~100 mm3, mice were randomized into four groups, and treated with either vehicle, fulvestrant (5 mg/mouse/week s.c.), neratinib (40 mg/kg P.O.) or a combination of fulvestrant and neratinib for four to five weeks.",UNRESOLVED,LOW,NO_DECISIVE_EVIDENCE,,,,,False
GEO:GSE286038,GSM8715432,"Multiome, PDX, Neratinib and Fulvestrant Treatment, ATAC",breast cancer xenograft,tissue: breast cancer xenograft | cell type: breast cancer cells | treatment: Neratinib+Fulvestrant,"When tumors reached ~100 mm3, mice were randomized into four groups, and treated with either vehicle, fulvestrant (5 mg/mouse/week s.c.), neratinib (40 mg/kg P.O.) or a combination of fulvestrant and neratinib for four to five weeks.",UNRESOLVED,LOW,NO_DECISIVE_EVIDENCE,,,,,False
GEO:GSE297715,GSM8997256,SKBR3 H3K27me3 rep1,SKBR3,"cell line: SKBR3 | cell type: Breast; Mammary gland, epithelial",,UNRESOLVED,LOW,NO_DECISIVE_EVIDENCE,,,,,False
GEO:GSE297715,GSM8997257,SKBR3 H3K27me3 rep2,SKBR3,"cell line: SKBR3 | cell type: Breast; Mammary gland, epithelial",,UNRESOLVED,LOW,NO_DECISIVE_EVIDENCE,,,,,False
GEO:GSE297715,GSM8997258,SKBR3 H3K4me3 rep1,SKBR3,"cell line: SKBR3 | cell type: Breast; Mammary gland, epithelial",,UNRESOLVED,LOW,NO_DECISIVE_EVIDENCE,,,,,False
GEO:GSE297715,GSM8997259,SKBR3 H3K4me3 rep2,SKBR3,"cell line: SKBR3 | cell type: Breast; Mammary gland, epithelial",,UNRESOLVED,LOW,NO_DECISIVE_EVIDENCE,,,,,False
GEO:GSE297715,GSM8997260,SKBR3 H3K27ac rep1,SKBR3,"cell line: SKBR3 | cell type: Breast; Mammary gland, epithelial",,UNRESOLVED,LOW,NO_DECISIVE_EVIDENCE,,,,,False
GEO:GSE297715,GSM8997261,SKBR3 H3K27ac rep2,SKBR3,"cell line: SKBR3 | cell type: Breast; Mammary gland, epithelial",,UNRESOLVED,LOW,NO_DECISIVE_EVIDENCE,,,,,False
GEO:GSE297715,GSM8997262,SKBR3 CTCF rep1,SKBR3,"cell line: SKBR3 | cell type: Breast; Mammary gland, epithelial",,UNRESOLVED,LOW,NO_DECISIVE_EVIDENCE,,,,,False
GEO:GSE297715,GSM8997263,SKBR3 CTCF rep2,SKBR3,"cell line: SKBR3 | cell type: Breast; Mammary gland, epithelial",,UNRESOLVED,LOW,NO_DECISIVE_EVIDENCE,,,,,False
GEO:GSE297715,GSM8997264,SKBR3 RNApolII rep1,SKBR3,"cell line: SKBR3 | cell type: Breast; Mammary gland, epithelial",,UNRESOLVED,LOW,NO_DECISIVE_EVIDENCE,,,,,False
GEO:GSE297715,GSM8997265,SKBR3 RNApolII rep2,SKBR3,"cell line: SKBR3 | cell type: Breast; Mammary gland, epithelial",,UNRESOLVED,LOW,NO_DECISIVE_EVIDENCE,,,,,False
GEO:GSE297715,GSM8997266,JIMT1 H3K27me3 rep1,JIMT1,"cell line: JIMT1 | cell type: Breast; Mammary gland, epithelial",,UNRESOLVED,LOW,NO_DECISIVE_EVIDENCE,,,,,False
GEO:GSE297715,GSM8997267,JIMT1 H3K27me3 rep2,JIMT1,"cell line: JIMT1 | cell type: Breast; Mammary gland, epithelial",,UNRESOLVED,LOW,NO_DECISIVE_EVIDENCE,,,,,False
GEO:GSE297715,GSM8997268,JIMT1 H3K4me3 rep1,JIMT1,"cell line: JIMT1 | cell type: Breast; Mammary gland, epithelial",,UNRESOLVED,LOW,NO_DECISIVE_EVIDENCE,,,,,False
GEO:GSE297715,GSM8997269,JIMT1 H3K4me3 rep2,JIMT1,"cell line: JIMT1 | cell type: Breast; Mammary gland, epithelial",,UNRESOLVED,LOW,NO_DECISIVE_EVIDENCE,,,,,False
GEO:GSE297715,GSM8997270,JIMT1 H3K27ac rep1,JIMT1,"cell line: JIMT1 | cell type: Breast; Mammary gland, epithelial",,UNRESOLVED,LOW,NO_DECISIVE_EVIDENCE,,,,,False
GEO:GSE297715,GSM8997271,JIMT1 H3K27ac rep2,JIMT1,"cell line: JIMT1 | cell type: Breast; Mammary gland, epithelial",,UNRESOLVED,LOW,NO_DECISIVE_EVIDENCE,,,,,False
GEO:GSE297715,GSM8997272,JIMT1 CTCF rep1,JIMT1,"cell line: JIMT1 | cell type: Breast; Mammary gland, epithelial",,UNRESOLVED,LOW,NO_DECISIVE_EVIDENCE,,,,,False
GEO:GSE297715,GSM8997273,JIMT1 CTCF rep2,JIMT1,"cell line: JIMT1 | cell type: Breast; Mammary gland, epithelial",,UNRESOLVED,LOW,NO_DECISIVE_EVIDENCE,,,,,False
GEO:GSE297715,GSM8997274,JIMT1 RNApolII rep1,JIMT1,"cell line: JIMT1 | cell type: Breast; Mammary gland, epithelial",,UNRESOLVED,LOW,NO_DECISIVE_EVIDENCE,,,,,False
GEO:GSE297715,GSM8997275,JIMT1 RNApolII rep2,JIMT1,"cell line: JIMT1 | cell type: Breast; Mammary gland, epithelial",,UNRESOLVED,LOW,NO_DECISIVE_EVIDENCE,,,,,False
GEO:GSE297774,GSM8999191,JIMT1_rep1,JIMT1,"cell line: JIMT1 | cell type: Breast; Mammary gland, epithelial",,UNRESOLVED,LOW,NO_DECISIVE_EVIDENCE,,,,,False
GEO:GSE297774,GSM8999192,JIMT1_rep2,JIMT1,"cell line: JIMT1 | cell type: Breast; Mammary gland, epithelial",,UNRESOLVED,LOW,NO_DECISIVE_EVIDENCE,,,,,False
GEO:GSE297774,GSM8999193,JIMT1_rep3,JIMT1,"cell line: JIMT1 | cell type: Breast; Mammary gland, epithelial",,UNRESOLVED,LOW,NO_DECISIVE_EVIDENCE,,,,,False
GEO:GSE300749,GSM9067954,BT-474_SCR_1,Breast,tissue: Breast | cell line: BT-474 | cell type: epithelial cell | genotype: WT | treatment: -,"Human HER2+ breast cancer cell lines BT474 TS (trastuzumab-sensitive) and TR (trastuzumab-resistant) were obtained from the American Type Culture Collection (ATCC, Manassas, VI, USA). The CB2R knockout (KO) cell line was generated by knocking out CB2R expression in TS cells using CRISPR/Cas9. The following RNA guide targeting CB2R exon 3 was cloned into the pLv-puro-sgRNA lentiviral plasmid: TCC GGA ATC ATC TAC ACC TA (TGG) (Addgene #7140, Watertown, MA, USA). TS cells stably expressing Cas9 (via infection with a pCLIP-hCMV-Cas9-Nuclease-Blast lentiviral plasmid, kindly donated by Dr. Markus Müschen, City of Hope Comprehensive Cancer Center, Duarte, CA, USA) were infected with the CB2R-targeting guide. Cells incorporating both Cas9 and guide were selected via antibiotic resistance, and CB2R knockout was confirmed by genomic PCR. The scramble control (SCR) cell line was generated using the same protocol but with a scramble guide (CCT AAG GTT AAG TCG CCC TCG CTC GAG CGA GGG CGA CTT AAC CT TAGG). The CB2R rescue (RESC) and TR CB2R cell lines were derived from CB2R KO and TR cells, respectively, via lentiviral transduction of the pLv-neo-CMV-hCNR2 plasmid. Briefly, lentiviral particles were produced by transfecting HEK293T cells with envelope (pMD2.G, Addgene #12259), packaging (psPAX2, Addgene #12260), and donor plasmids (CB2R, pLv-neo-hCNR2, Vector Builder, Neu-Isenburg, Germany). Conditioned medium containing recombinant lentiviruses was collected, filtered, and used to infect CB2R KO and TR cells.",AMBIGUOUS,LOW,SECONDARY_FIELD_CONFLICT,,,phrase:\btrastuzumab[- ]resistant\b,phrase:\btrastuzumab[- ]sensitive\b,False
GEO:GSE300749,GSM9067955,BT-474_SCR_2,Breast,tissue: Breast | cell line: BT-474 | cell type: epithelial cell | genotype: WT | treatment: -,"Human HER2+ breast cancer cell lines BT474 TS (trastuzumab-sensitive) and TR (trastuzumab-resistant) were obtained from the American Type Culture Collection (ATCC, Manassas, VI, USA). The CB2R knockout (KO) cell line was generated by knocking out CB2R expression in TS cells using CRISPR/Cas9. The following RNA guide targeting CB2R exon 3 was cloned into the pLv-puro-sgRNA lentiviral plasmid: TCC GGA ATC ATC TAC ACC TA (TGG) (Addgene #7140, Watertown, MA, USA). TS cells stably expressing Cas9 (via infection with a pCLIP-hCMV-Cas9-Nuclease-Blast lentiviral plasmid, kindly donated by Dr. Markus Müschen, City of Hope Comprehensive Cancer Center, Duarte, CA, USA) were infected with the CB2R-targeting guide. Cells incorporating both Cas9 and guide were selected via antibiotic resistance, and CB2R knockout was confirmed by genomic PCR. The scramble control (SCR) cell line was generated using the same protocol but with a scramble guide (CCT AAG GTT AAG TCG CCC TCG CTC GAG CGA GGG CGA CTT AAC CT TAGG). The CB2R rescue (RESC) and TR CB2R cell lines were derived from CB2R KO and TR cells, respectively, via lentiviral transduction of the pLv-neo-CMV-hCNR2 plasmid. Briefly, lentiviral particles were produced by transfecting HEK293T cells with envelope (pMD2.G, Addgene #12259), packaging (psPAX2, Addgene #12260), and donor plasmids (CB2R, pLv-neo-hCNR2, Vector Builder, Neu-Isenburg, Germany). Conditioned medium containing recombinant lentiviruses was collected, filtered, and used to infect CB2R KO and TR cells.",AMBIGUOUS,LOW,SECONDARY_FIELD_CONFLICT,,,phrase:\btrastuzumab[- ]resistant\b,phrase:\btrastuzumab[- ]sensitive\b,False
GEO:GSE300749,GSM9067956,BT-474_SCR_3,Breast,tissue: Breast | cell line: BT-474 | cell type: epithelial cell | genotype: WT | treatment: -,"Human HER2+ breast cancer cell lines BT474 TS (trastuzumab-sensitive) and TR (trastuzumab-resistant) were obtained from the American Type Culture Collection (ATCC, Manassas, VI, USA). The CB2R knockout (KO) cell line was generated by knocking out CB2R expression in TS cells using CRISPR/Cas9. The following RNA guide targeting CB2R exon 3 was cloned into the pLv-puro-sgRNA lentiviral plasmid: TCC GGA ATC ATC TAC ACC TA (TGG) (Addgene #7140, Watertown, MA, USA). TS cells stably expressing Cas9 (via infection with a pCLIP-hCMV-Cas9-Nuclease-Blast lentiviral plasmid, kindly donated by Dr. Markus Müschen, City of Hope Comprehensive Cancer Center, Duarte, CA, USA) were infected with the CB2R-targeting guide. Cells incorporating both Cas9 and guide were selected via antibiotic resistance, and CB2R knockout was confirmed by genomic PCR. The scramble control (SCR) cell line was generated using the same protocol but with a scramble guide (CCT AAG GTT AAG TCG CCC TCG CTC GAG CGA GGG CGA CTT AAC CT TAGG). The CB2R rescue (RESC) and TR CB2R cell lines were derived from CB2R KO and TR cells, respectively, via lentiviral transduction of the pLv-neo-CMV-hCNR2 plasmid. Briefly, lentiviral particles were produced by transfecting HEK293T cells with envelope (pMD2.G, Addgene #12259), packaging (psPAX2, Addgene #12260), and donor plasmids (CB2R, pLv-neo-hCNR2, Vector Builder, Neu-Isenburg, Germany). Conditioned medium containing recombinant lentiviruses was collected, filtered, and used to infect CB2R KO and TR cells.",AMBIGUOUS,LOW,SECONDARY_FIELD_CONFLICT,,,phrase:\btrastuzumab[- ]resistant\b,phrase:\btrastuzumab[- ]sensitive\b,False
GEO:GSE300749,GSM9067957,BT-474_CB2R_KO_1,Breast,tissue: Breast | cell line: BT-474 | cell type: epithelial cell | genotype: CB2R KO | treatment: -,"Human HER2+ breast cancer cell lines BT474 TS (trastuzumab-sensitive) and TR (trastuzumab-resistant) were obtained from the American Type Culture Collection (ATCC, Manassas, VI, USA). The CB2R knockout (KO) cell line was generated by knocking out CB2R expression in TS cells using CRISPR/Cas9. The following RNA guide targeting CB2R exon 3 was cloned into the pLv-puro-sgRNA lentiviral plasmid: TCC GGA ATC ATC TAC ACC TA (TGG) (Addgene #7140, Watertown, MA, USA). TS cells stably expressing Cas9 (via infection with a pCLIP-hCMV-Cas9-Nuclease-Blast lentiviral plasmid, kindly donated by Dr. Markus Müschen, City of Hope Comprehensive Cancer Center, Duarte, CA, USA) were infected with the CB2R-targeting guide. Cells incorporating both Cas9 and guide were selected via antibiotic resistance, and CB2R knockout was confirmed by genomic PCR. The scramble control (SCR) cell line was generated using the same protocol but with a scramble guide (CCT AAG GTT AAG TCG CCC TCG CTC GAG CGA GGG CGA CTT AAC CT TAGG). The CB2R rescue (RESC) and TR CB2R cell lines were derived from CB2R KO and TR cells, respectively, via lentiviral transduction of the pLv-neo-CMV-hCNR2 plasmid. Briefly, lentiviral particles were produced by transfecting HEK293T cells with envelope (pMD2.G, Addgene #12259), packaging (psPAX2, Addgene #12260), and donor plasmids (CB2R, pLv-neo-hCNR2, Vector Builder, Neu-Isenburg, Germany). Conditioned medium containing recombinant lentiviruses was collected, filtered, and used to infect CB2R KO and TR cells.",AMBIGUOUS,LOW,SECONDARY_FIELD_CONFLICT,,,phrase:\btrastuzumab[- ]resistant\b,phrase:\btrastuzumab[- ]sensitive\b,False
GEO:GSE300749,GSM9067958,BT-474_CB2R_KO_2,Breast,tissue: Breast | cell line: BT-474 | cell type: epithelial cell | genotype: CB2R KO | treatment: -,"Human HER2+ breast cancer cell lines BT474 TS (trastuzumab-sensitive) and TR (trastuzumab-resistant) were obtained from the American Type Culture Collection (ATCC, Manassas, VI, USA). The CB2R knockout (KO) cell line was generated by knocking out CB2R expression in TS cells using CRISPR/Cas9. The following RNA guide targeting CB2R exon 3 was cloned into the pLv-puro-sgRNA lentiviral plasmid: TCC GGA ATC ATC TAC ACC TA (TGG) (Addgene #7140, Watertown, MA, USA). TS cells stably expressing Cas9 (via infection with a pCLIP-hCMV-Cas9-Nuclease-Blast lentiviral plasmid, kindly donated by Dr. Markus Müschen, City of Hope Comprehensive Cancer Center, Duarte, CA, USA) were infected with the CB2R-targeting guide. Cells incorporating both Cas9 and guide were selected via antibiotic resistance, and CB2R knockout was confirmed by genomic PCR. The scramble control (SCR) cell line was generated using the same protocol but with a scramble guide (CCT AAG GTT AAG TCG CCC TCG CTC GAG CGA GGG CGA CTT AAC CT TAGG). The CB2R rescue (RESC) and TR CB2R cell lines were derived from CB2R KO and TR cells, respectively, via lentiviral transduction of the pLv-neo-CMV-hCNR2 plasmid. Briefly, lentiviral particles were produced by transfecting HEK293T cells with envelope (pMD2.G, Addgene #12259), packaging (psPAX2, Addgene #12260), and donor plasmids (CB2R, pLv-neo-hCNR2, Vector Builder, Neu-Isenburg, Germany). Conditioned medium containing recombinant lentiviruses was collected, filtered, and used to infect CB2R KO and TR cells.",AMBIGUOUS,LOW,SECONDARY_FIELD_CONFLICT,,,phrase:\btrastuzumab[- ]resistant\b,phrase:\btrastuzumab[- ]sensitive\b,False
GEO:GSE300749,GSM9067959,BT-474_CB2R_KO_3,Breast,tissue: Breast | cell line: BT-474 | cell type: epithelial cell | genotype: CB2R KO | treatment: -,"Human HER2+ breast cancer cell lines BT474 TS (trastuzumab-sensitive) and TR (trastuzumab-resistant) were obtained from the American Type Culture Collection (ATCC, Manassas, VI, USA). The CB2R knockout (KO) cell line was generated by knocking out CB2R expression in TS cells using CRISPR/Cas9. The following RNA guide targeting CB2R exon 3 was cloned into the pLv-puro-sgRNA lentiviral plasmid: TCC GGA ATC ATC TAC ACC TA (TGG) (Addgene #7140, Watertown, MA, USA). TS cells stably expressing Cas9 (via infection with a pCLIP-hCMV-Cas9-Nuclease-Blast lentiviral plasmid, kindly donated by Dr. Markus Müschen, City of Hope Comprehensive Cancer Center, Duarte, CA, USA) were infected with the CB2R-targeting guide. Cells incorporating both Cas9 and guide were selected via antibiotic resistance, and CB2R knockout was confirmed by genomic PCR. The scramble control (SCR) cell line was generated using the same protocol but with a scramble guide (CCT AAG GTT AAG TCG CCC TCG CTC GAG CGA GGG CGA CTT AAC CT TAGG). The CB2R rescue (RESC) and TR CB2R cell lines were derived from CB2R KO and TR cells, respectively, via lentiviral transduction of the pLv-neo-CMV-hCNR2 plasmid. Briefly, lentiviral particles were produced by transfecting HEK293T cells with envelope (pMD2.G, Addgene #12259), packaging (psPAX2, Addgene #12260), and donor plasmids (CB2R, pLv-neo-hCNR2, Vector Builder, Neu-Isenburg, Germany). Conditioned medium containing recombinant lentiviruses was collected, filtered, and used to infect CB2R KO and TR cells.",AMBIGUOUS,LOW,SECONDARY_FIELD_CONFLICT,,,phrase:\btrastuzumab[- ]resistant\b,phrase:\btrastuzumab[- ]sensitive\b,False
GEO:GSE300749,GSM9067960,BT-474_Trastuzumab_Sensible_1,Breast,tissue: Breast | cell line: BT-474 | cell type: epithelial cell | genotype: WT | treatment: Trastuzumab,"Human HER2+ breast cancer cell lines BT474 TS (trastuzumab-sensitive) and TR (trastuzumab-resistant) were obtained from the American Type Culture Collection (ATCC, Manassas, VI, USA). The CB2R knockout (KO) cell line was generated by knocking out CB2R expression in TS cells using CRISPR/Cas9. The following RNA guide targeting CB2R exon 3 was cloned into the pLv-puro-sgRNA lentiviral plasmid: TCC GGA ATC ATC TAC ACC TA (TGG) (Addgene #7140, Watertown, MA, USA). TS cells stably expressing Cas9 (via infection with a pCLIP-hCMV-Cas9-Nuclease-Blast lentiviral plasmid, kindly donated by Dr. Markus Müschen, City of Hope Comprehensive Cancer Center, Duarte, CA, USA) were infected with the CB2R-targeting guide. Cells incorporating both Cas9 and guide were selected via antibiotic resistance, and CB2R knockout was confirmed by genomic PCR. The scramble control (SCR) cell line was generated using the same protocol but with a scramble guide (CCT AAG GTT AAG TCG CCC TCG CTC GAG CGA GGG CGA CTT AAC CT TAGG). The CB2R rescue (RESC) and TR CB2R cell lines were derived from CB2R KO and TR cells, respectively, via lentiviral transduction of the pLv-neo-CMV-hCNR2 plasmid. Briefly, lentiviral particles were produced by transfecting HEK293T cells with envelope (pMD2.G, Addgene #12259), packaging (psPAX2, Addgene #12260), and donor plasmids (CB2R, pLv-neo-hCNR2, Vector Builder, Neu-Isenburg, Germany). Conditioned medium containing recombinant lentiviruses was collected, filtered, and used to infect CB2R KO and TR cells.",AMBIGUOUS,LOW,SECONDARY_FIELD_CONFLICT,,,phrase:\btrastuzumab[- ]resistant\b,phrase:\btrastuzumab[- ]sensitive\b,False
GEO:GSE300749,GSM9067961,BT-474_Trastuzumab_Sensible_2,Breast,tissue: Breast | cell line: BT-474 | cell type: epithelial cell | genotype: WT | treatment: Trastuzumab,"Human HER2+ breast cancer cell lines BT474 TS (trastuzumab-sensitive) and TR (trastuzumab-resistant) were obtained from the American Type Culture Collection (ATCC, Manassas, VI, USA). The CB2R knockout (KO) cell line was generated by knocking out CB2R expression in TS cells using CRISPR/Cas9. The following RNA guide targeting CB2R exon 3 was cloned into the pLv-puro-sgRNA lentiviral plasmid: TCC GGA ATC ATC TAC ACC TA (TGG) (Addgene #7140, Watertown, MA, USA). TS cells stably expressing Cas9 (via infection with a pCLIP-hCMV-Cas9-Nuclease-Blast lentiviral plasmid, kindly donated by Dr. Markus Müschen, City of Hope Comprehensive Cancer Center, Duarte, CA, USA) were infected with the CB2R-targeting guide. Cells incorporating both Cas9 and guide were selected via antibiotic resistance, and CB2R knockout was confirmed by genomic PCR. The scramble control (SCR) cell line was generated using the same protocol but with a scramble guide (CCT AAG GTT AAG TCG CCC TCG CTC GAG CGA GGG CGA CTT AAC CT TAGG). The CB2R rescue (RESC) and TR CB2R cell lines were derived from CB2R KO and TR cells, respectively, via lentiviral transduction of the pLv-neo-CMV-hCNR2 plasmid. Briefly, lentiviral particles were produced by transfecting HEK293T cells with envelope (pMD2.G, Addgene #12259), packaging (psPAX2, Addgene #12260), and donor plasmids (CB2R, pLv-neo-hCNR2, Vector Builder, Neu-Isenburg, Germany). Conditioned medium containing recombinant lentiviruses was collected, filtered, and used to infect CB2R KO and TR cells.",AMBIGUOUS,LOW,SECONDARY_FIELD_CONFLICT,,,phrase:\btrastuzumab[- ]resistant\b,phrase:\btrastuzumab[- ]sensitive\b,False
GEO:GSE300749,GSM9067962,BT-474_Trastuzumab_Sensible_3,Breast,tissue: Breast | cell line: BT-474 | cell type: epithelial cell | genotype: WT | treatment: Trastuzumab,"Human HER2+ breast cancer cell lines BT474 TS (trastuzumab-sensitive) and TR (trastuzumab-resistant) were obtained from the American Type Culture Collection (ATCC, Manassas, VI, USA). The CB2R knockout (KO) cell line was generated by knocking out CB2R expression in TS cells using CRISPR/Cas9. The following RNA guide targeting CB2R exon 3 was cloned into the pLv-puro-sgRNA lentiviral plasmid: TCC GGA ATC ATC TAC ACC TA (TGG) (Addgene #7140, Watertown, MA, USA). TS cells stably expressing Cas9 (via infection with a pCLIP-hCMV-Cas9-Nuclease-Blast lentiviral plasmid, kindly donated by Dr. Markus Müschen, City of Hope Comprehensive Cancer Center, Duarte, CA, USA) were infected with the CB2R-targeting guide. Cells incorporating both Cas9 and guide were selected via antibiotic resistance, and CB2R knockout was confirmed by genomic PCR. The scramble control (SCR) cell line was generated using the same protocol but with a scramble guide (CCT AAG GTT AAG TCG CCC TCG CTC GAG CGA GGG CGA CTT AAC CT TAGG). The CB2R rescue (RESC) and TR CB2R cell lines were derived from CB2R KO and TR cells, respectively, via lentiviral transduction of the pLv-neo-CMV-hCNR2 plasmid. Briefly, lentiviral particles were produced by transfecting HEK293T cells with envelope (pMD2.G, Addgene #12259), packaging (psPAX2, Addgene #12260), and donor plasmids (CB2R, pLv-neo-hCNR2, Vector Builder, Neu-Isenburg, Germany). Conditioned medium containing recombinant lentiviruses was collected, filtered, and used to infect CB2R KO and TR cells.",AMBIGUOUS,LOW,SECONDARY_FIELD_CONFLICT,,,phrase:\btrastuzumab[- ]resistant\b,phrase:\btrastuzumab[- ]sensitive\b,False
GEO:GSE300749,GSM9067963,BT-474_Trastuzumab_Resistance_1,Breast,tissue: Breast | cell line: BT-474 | cell type: epithelial cell | genotype: WT | treatment: Trastuzumab,"Human HER2+ breast cancer cell lines BT474 TS (trastuzumab-sensitive) and TR (trastuzumab-resistant) were obtained from the American Type Culture Collection (ATCC, Manassas, VI, USA). The CB2R knockout (KO) cell line was generated by knocking out CB2R expression in TS cells using CRISPR/Cas9. The following RNA guide targeting CB2R exon 3 was cloned into the pLv-puro-sgRNA lentiviral plasmid: TCC GGA ATC ATC TAC ACC TA (TGG) (Addgene #7140, Watertown, MA, USA). TS cells stably expressing Cas9 (via infection with a pCLIP-hCMV-Cas9-Nuclease-Blast lentiviral plasmid, kindly donated by Dr. Markus Müschen, City of Hope Comprehensive Cancer Center, Duarte, CA, USA) were infected with the CB2R-targeting guide. Cells incorporating both Cas9 and guide were selected via antibiotic resistance, and CB2R knockout was confirmed by genomic PCR. The scramble control (SCR) cell line was generated using the same protocol but with a scramble guide (CCT AAG GTT AAG TCG CCC TCG CTC GAG CGA GGG CGA CTT AAC CT TAGG). The CB2R rescue (RESC) and TR CB2R cell lines were derived from CB2R KO and TR cells, respectively, via lentiviral transduction of the pLv-neo-CMV-hCNR2 plasmid. Briefly, lentiviral particles were produced by transfecting HEK293T cells with envelope (pMD2.G, Addgene #12259), packaging (psPAX2, Addgene #12260), and donor plasmids (CB2R, pLv-neo-hCNR2, Vector Builder, Neu-Isenburg, Germany). Conditioned medium containing recombinant lentiviruses was collected, filtered, and used to infect CB2R KO and TR cells.",AMBIGUOUS,LOW,SECONDARY_FIELD_CONFLICT,,,phrase:\btrastuzumab[- ]resistant\b,phrase:\btrastuzumab[- ]sensitive\b,False
GEO:GSE300749,GSM9067964,BT-474_Trastuzumab_Resistance_2,Breast,tissue: Breast | cell line: BT-474 | cell type: epithelial cell | genotype: WT | treatment: Trastuzumab,"Human HER2+ breast cancer cell lines BT474 TS (trastuzumab-sensitive) and TR (trastuzumab-resistant) were obtained from the American Type Culture Collection (ATCC, Manassas, VI, USA). The CB2R knockout (KO) cell line was generated by knocking out CB2R expression in TS cells using CRISPR/Cas9. The following RNA guide targeting CB2R exon 3 was cloned into the pLv-puro-sgRNA lentiviral plasmid: TCC GGA ATC ATC TAC ACC TA (TGG) (Addgene #7140, Watertown, MA, USA). TS cells stably expressing Cas9 (via infection with a pCLIP-hCMV-Cas9-Nuclease-Blast lentiviral plasmid, kindly donated by Dr. Markus Müschen, City of Hope Comprehensive Cancer Center, Duarte, CA, USA) were infected with the CB2R-targeting guide. Cells incorporating both Cas9 and guide were selected via antibiotic resistance, and CB2R knockout was confirmed by genomic PCR. The scramble control (SCR) cell line was generated using the same protocol but with a scramble guide (CCT AAG GTT AAG TCG CCC TCG CTC GAG CGA GGG CGA CTT AAC CT TAGG). The CB2R rescue (RESC) and TR CB2R cell lines were derived from CB2R KO and TR cells, respectively, via lentiviral transduction of the pLv-neo-CMV-hCNR2 plasmid. Briefly, lentiviral particles were produced by transfecting HEK293T cells with envelope (pMD2.G, Addgene #12259), packaging (psPAX2, Addgene #12260), and donor plasmids (CB2R, pLv-neo-hCNR2, Vector Builder, Neu-Isenburg, Germany). Conditioned medium containing recombinant lentiviruses was collected, filtered, and used to infect CB2R KO and TR cells.",AMBIGUOUS,LOW,SECONDARY_FIELD_CONFLICT,,,phrase:\btrastuzumab[- ]resistant\b,phrase:\btrastuzumab[- ]sensitive\b,False
GEO:GSE300749,GSM9067965,BT-474_Trastuzumab_Resistance_3,Breast,tissue: Breast | cell line: BT-474 | cell type: epithelial cell | genotype: WT | treatment: Trastuzumab,"Human HER2+ breast cancer cell lines BT474 TS (trastuzumab-sensitive) and TR (trastuzumab-resistant) were obtained from the American Type Culture Collection (ATCC, Manassas, VI, USA). The CB2R knockout (KO) cell line was generated by knocking out CB2R expression in TS cells using CRISPR/Cas9. The following RNA guide targeting CB2R exon 3 was cloned into the pLv-puro-sgRNA lentiviral plasmid: TCC GGA ATC ATC TAC ACC TA (TGG) (Addgene #7140, Watertown, MA, USA). TS cells stably expressing Cas9 (via infection with a pCLIP-hCMV-Cas9-Nuclease-Blast lentiviral plasmid, kindly donated by Dr. Markus Müschen, City of Hope Comprehensive Cancer Center, Duarte, CA, USA) were infected with the CB2R-targeting guide. Cells incorporating both Cas9 and guide were selected via antibiotic resistance, and CB2R knockout was confirmed by genomic PCR. The scramble control (SCR) cell line was generated using the same protocol but with a scramble guide (CCT AAG GTT AAG TCG CCC TCG CTC GAG CGA GGG CGA CTT AAC CT TAGG). The CB2R rescue (RESC) and TR CB2R cell lines were derived from CB2R KO and TR cells, respectively, via lentiviral transduction of the pLv-neo-CMV-hCNR2 plasmid. Briefly, lentiviral particles were produced by transfecting HEK293T cells with envelope (pMD2.G, Addgene #12259), packaging (psPAX2, Addgene #12260), and donor plasmids (CB2R, pLv-neo-hCNR2, Vector Builder, Neu-Isenburg, Germany). Conditioned medium containing recombinant lentiviruses was collected, filtered, and used to infect CB2R KO and TR cells.",AMBIGUOUS,LOW,SECONDARY_FIELD_CONFLICT,,,phrase:\btrastuzumab[- ]resistant\b,phrase:\btrastuzumab[- ]sensitive\b,False
GEO:GSE327983,GSM9669705,protein1,Bone,tissue: Bone,,UNRESOLVED,LOW,NO_DECISIVE_EVIDENCE,,,,,False
GEO:GSE327983,GSM9669706,protein2,Bone,tissue: Bone,,UNRESOLVED,LOW,NO_DECISIVE_EVIDENCE,,,,,False
GEO:GSE327983,GSM9669707,protein3,Bone,tissue: Bone,,UNRESOLVED,LOW,NO_DECISIVE_EVIDENCE,,,,,False
GEO:GSE327983,GSM9669708,protein4,Bone,tissue: Bone,,UNRESOLVED,LOW,NO_DECISIVE_EVIDENCE,,,,,False
GEO:GSE327983,GSM9669709,protein5,Bone,tissue: Bone,,UNRESOLVED,LOW,NO_DECISIVE_EVIDENCE,,,,,False
GEO:GSE327983,GSM9669710,protein6,Bone,tissue: Bone,,UNRESOLVED,LOW,NO_DECISIVE_EVIDENCE,,,,,False
GEO:GSE327983,GSM9669711,protein7,Bone,tissue: Bone,,UNRESOLVED,LOW,NO_DECISIVE_EVIDENCE,,,,,False
GEO:GSE327983,GSM9669712,protein8,Bone,tissue: Bone,,UNRESOLVED,LOW,NO_DECISIVE_EVIDENCE,,,,,False
GEO:GSE327983,GSM9669713,protein9,Bone,tissue: Bone,,UNRESOLVED,LOW,NO_DECISIVE_EVIDENCE,,,,,False
GEO:GSE327983,GSM9669714,protein10,Bone,tissue: Bone,,UNRESOLVED,LOW,NO_DECISIVE_EVIDENCE,,,,,False
GEO:GSE327983,GSM9669715,protein11,Bone,tissue: Bone,,UNRESOLVED,LOW,NO_DECISIVE_EVIDENCE,,,,,False
GEO:GSE327983,GSM9669716,protein12,Bone,tissue: Bone,,UNRESOLVED,LOW,NO_DECISIVE_EVIDENCE,,,,,False
GEO:GSE327983,GSM9669717,protein13,Bone,tissue: Bone,,UNRESOLVED,LOW,NO_DECISIVE_EVIDENCE,,,,,False
GEO:GSE327983,GSM9669718,protein14,Bone,tissue: Bone,,UNRESOLVED,LOW,NO_DECISIVE_EVIDENCE,,,,,False
GEO:GSE327983,GSM9669719,protein15,Bone,tissue: Bone,,UNRESOLVED,LOW,NO_DECISIVE_EVIDENCE,,,,,False
GEO:GSE327983,GSM9669720,protein16,Bone,tissue: Bone,,UNRESOLVED,LOW,NO_DECISIVE_EVIDENCE,,,,,False
GEO:GSE327983,GSM9669721,protein17,Bone,tissue: Bone,,UNRESOLVED,LOW,NO_DECISIVE_EVIDENCE,,,,,False
GEO:GSE327983,GSM9669722,protein18,Bone,tissue: Bone,,UNRESOLVED,LOW,NO_DECISIVE_EVIDENCE,,,,,False
GEO:GSE327983,GSM9669723,protein19,Bone,tissue: Bone,,UNRESOLVED,LOW,NO_DECISIVE_EVIDENCE,,,,,False
GEO:GSE327983,GSM9669724,protein20,Bone,tissue: Bone,,UNRESOLVED,LOW,NO_DECISIVE_EVIDENCE,,,,,False
GEO:GSE327983,GSM9669725,protein21,Bone,tissue: Bone,,UNRESOLVED,LOW,NO_DECISIVE_EVIDENCE,,,,,False
GEO:GSE327983,GSM9669726,protein22,Bone,tissue: Bone,,UNRESOLVED,LOW,NO_DECISIVE_EVIDENCE,,,,,False
GEO:GSE327983,GSM9669727,protein23,Bone,tissue: Bone,,UNRESOLVED,LOW,NO_DECISIVE_EVIDENCE,,,,,False
GEO:GSE327983,GSM9669728,protein24,Bone,tissue: Bone,,UNRESOLVED,LOW,NO_DECISIVE_EVIDENCE,,,,,False
GEO:GSE327983,GSM9669729,protein25,Bone,tissue: Bone,,UNRESOLVED,LOW,NO_DECISIVE_EVIDENCE,,,,,False
GEO:GSE327983,GSM9669730,protein26,Bone,tissue: Bone,,UNRESOLVED,LOW,NO_DECISIVE_EVIDENCE,,,,,False
GEO:GSE327983,GSM9669731,protein27,Bone,tissue: Bone,,UNRESOLVED,LOW,NO_DECISIVE_EVIDENCE,,,,,False
GEO:GSE327983,GSM9669732,protein28,Bone,tissue: Bone,,UNRESOLVED,LOW,NO_DECISIVE_EVIDENCE,,,,,False
GEO:GSE327983,GSM9669733,protein29,Bone,tissue: Bone,,UNRESOLVED,LOW,NO_DECISIVE_EVIDENCE,,,,,False
GEO:GSE327983,GSM9669734,protein30,Bone,tissue: Bone,,UNRESOLVED,LOW,NO_DECISIVE_EVIDENCE,,,,,False
GEO:GSE327983,GSM9669735,protein31,Bone,tissue: Bone,,UNRESOLVED,LOW,NO_DECISIVE_EVIDENCE,,,,,False
GEO:GSE327983,GSM9669736,protein32,Bone,tissue: Bone,,UNRESOLVED,LOW,NO_DECISIVE_EVIDENCE,,,,,False
GEO:GSE327983,GSM9669737,protein33,Bone,tissue: Bone,,UNRESOLVED,LOW,NO_DECISIVE_EVIDENCE,,,,,False
GEO:GSE327983,GSM9669738,protein34,Bone,tissue: Bone,,UNRESOLVED,LOW,NO_DECISIVE_EVIDENCE,,,,,False
GEO:GSE327983,GSM9669739,protein35,Bone,tissue: Bone,,UNRESOLVED,LOW,NO_DECISIVE_EVIDENCE,,,,,False
GEO:GSE327983,GSM9669740,protein36,Bone,tissue: Bone,,UNRESOLVED,LOW,NO_DECISIVE_EVIDENCE,,,,,False
GEO:GSE327983,GSM9669741,protein37,Bone,tissue: Bone,,UNRESOLVED,LOW,NO_DECISIVE_EVIDENCE,,,,,False
GEO:GSE327983,GSM9669742,protein38,Bone,tissue: Bone,,UNRESOLVED,LOW,NO_DECISIVE_EVIDENCE,,,,,False
GEO:GSE327983,GSM9669743,protein39,Bone,tissue: Bone,,UNRESOLVED,LOW,NO_DECISIVE_EVIDENCE,,,,,False
GEO:GSE327983,GSM9669744,protein40,Bone,tissue: Bone,,UNRESOLVED,LOW,NO_DECISIVE_EVIDENCE,,,,,False
GEO:GSE327983,GSM9669745,protein41,Bone,tissue: Bone,,UNRESOLVED,LOW,NO_DECISIVE_EVIDENCE,,,,,False
GEO:GSE327983,GSM9669746,protein42,Bone,tissue: Bone,,UNRESOLVED,LOW,NO_DECISIVE_EVIDENCE,,,,,False
GEO:GSE327983,GSM9669747,protein43,Bone,tissue: Bone,,UNRESOLVED,LOW,NO_DECISIVE_EVIDENCE,,,,,False
GEO:GSE327983,GSM9669748,protein44,Bone,tissue: Bone,,UNRESOLVED,LOW,NO_DECISIVE_EVIDENCE,,,,,False
GEO:GSE327983,GSM9669749,protein45,Bone,tissue: Bone,,UNRESOLVED,LOW,NO_DECISIVE_EVIDENCE,,,,,False
GEO:GSE327983,GSM9669750,protein46,Bone,tissue: Bone,,UNRESOLVED,LOW,NO_DECISIVE_EVIDENCE,,,,,False
GEO:GSE327983,GSM9669751,protein47,Bone,tissue: Bone,,UNRESOLVED,LOW,NO_DECISIVE_EVIDENCE,,,,,False
GEO:GSE327983,GSM9669752,protein48,Bone,tissue: Bone,,UNRESOLVED,LOW,NO_DECISIVE_EVIDENCE,,,,,False
GEO:GSE327983,GSM9669753,protein49,Bone,tissue: Bone,,UNRESOLVED,LOW,NO_DECISIVE_EVIDENCE,,,,,False
GEO:GSE327983,GSM9669754,protein50,Bone,tissue: Bone,,UNRESOLVED,LOW,NO_DECISIVE_EVIDENCE,,,,,False
GEO:GSE327983,GSM9669755,protein51,Bone,tissue: Bone,,UNRESOLVED,LOW,NO_DECISIVE_EVIDENCE,,,,,False
GEO:GSE327983,GSM9669756,protein52,Bone,tissue: Bone,,UNRESOLVED,LOW,NO_DECISIVE_EVIDENCE,,,,,False
GEO:GSE327983,GSM9669757,protein53,Bone,tissue: Bone,,UNRESOLVED,LOW,NO_DECISIVE_EVIDENCE,,,,,False
GEO:GSE327983,GSM9669758,protein54,Brain,tissue: Brain,,UNRESOLVED,LOW,NO_DECISIVE_EVIDENCE,,,,,False
GEO:GSE327983,GSM9669759,protein55,Brain,tissue: Brain,,UNRESOLVED,LOW,NO_DECISIVE_EVIDENCE,,,,,False
GEO:GSE327983,GSM9669760,protein56,Brain,tissue: Brain,,UNRESOLVED,LOW,NO_DECISIVE_EVIDENCE,,,,,False
GEO:GSE327983,GSM9669761,protein57,Brain,tissue: Brain,,UNRESOLVED,LOW,NO_DECISIVE_EVIDENCE,,,,,False
GEO:GSE327983,GSM9669762,protein58,Brain,tissue: Brain,,UNRESOLVED,LOW,NO_DECISIVE_EVIDENCE,,,,,False
GEO:GSE327983,GSM9669763,protein59,Brain,tissue: Brain,,UNRESOLVED,LOW,NO_DECISIVE_EVIDENCE,,,,,False
GEO:GSE327983,GSM9669764,protein60,Brain,tissue: Brain,,UNRESOLVED,LOW,NO_DECISIVE_EVIDENCE,,,,,False
GEO:GSE327983,GSM9669765,protein61,Brain,tissue: Brain,,UNRESOLVED,LOW,NO_DECISIVE_EVIDENCE,,,,,False
GEO:GSE327983,GSM9669766,protein62,Brain,tissue: Brain,,UNRESOLVED,LOW,NO_DECISIVE_EVIDENCE,,,,,False
GEO:GSE327983,GSM9669767,protein63,Brain,tissue: Brain,,UNRESOLVED,LOW,NO_DECISIVE_EVIDENCE,,,,,False
GEO:GSE327983,GSM9669768,protein64,Brain,tissue: Brain,,UNRESOLVED,LOW,NO_DECISIVE_EVIDENCE,,,,,False
GEO:GSE327983,GSM9669769,protein65,Brain,tissue: Brain,,UNRESOLVED,LOW,NO_DECISIVE_EVIDENCE,,,,,False
GEO:GSE327983,GSM9669770,protein66,Brain,tissue: Brain,,UNRESOLVED,LOW,NO_DECISIVE_EVIDENCE,,,,,False
GEO:GSE327983,GSM9669771,protein67,Brain,tissue: Brain,,UNRESOLVED,LOW,NO_DECISIVE_EVIDENCE,,,,,False
GEO:GSE327983,GSM9669772,protein68,Brain,tissue: Brain,,UNRESOLVED,LOW,NO_DECISIVE_EVIDENCE,,,,,False
GEO:GSE327983,GSM9669773,protein69,Brain,tissue: Brain,,UNRESOLVED,LOW,NO_DECISIVE_EVIDENCE,,,,,False
GEO:GSE327983,GSM9669774,protein70,Brain,tissue: Brain,,UNRESOLVED,LOW,NO_DECISIVE_EVIDENCE,,,,,False
GEO:GSE327983,GSM9669775,protein71,Brain,tissue: Brain,,UNRESOLVED,LOW,NO_DECISIVE_EVIDENCE,,,,,False
GEO:GSE327983,GSM9669776,protein72,Brain,tissue: Brain,,UNRESOLVED,LOW,NO_DECISIVE_EVIDENCE,,,,,False
GEO:GSE327983,GSM9669777,protein73,Brain,tissue: Brain,,UNRESOLVED,LOW,NO_DECISIVE_EVIDENCE,,,,,False
GEO:GSE327983,GSM9669778,protein74,Brain,tissue: Brain,,UNRESOLVED,LOW,NO_DECISIVE_EVIDENCE,,,,,False
GEO:GSE327983,GSM9669779,protein75,Brain,tissue: Brain,,UNRESOLVED,LOW,NO_DECISIVE_EVIDENCE,,,,,False
GEO:GSE327983,GSM9669780,protein76,Brain,tissue: Brain,,UNRESOLVED,LOW,NO_DECISIVE_EVIDENCE,,,,,False
GEO:GSE327983,GSM9669781,protein77,Brain,tissue: Brain,,UNRESOLVED,LOW,NO_DECISIVE_EVIDENCE,,,,,False
GEO:GSE327983,GSM9669782,protein78,Brain,tissue: Brain,,UNRESOLVED,LOW,NO_DECISIVE_EVIDENCE,,,,,False
GEO:GSE327983,GSM9669783,protein79,Brain,tissue: Brain,,UNRESOLVED,LOW,NO_DECISIVE_EVIDENCE,,,,,False
GEO:GSE327983,GSM9669784,protein80,Brain,tissue: Brain,,UNRESOLVED,LOW,NO_DECISIVE_EVIDENCE,,,,,False
GEO:GSE327983,GSM9669785,protein81,Brain,tissue: Brain,,UNRESOLVED,LOW,NO_DECISIVE_EVIDENCE,,,,,False
GEO:GSE327983,GSM9669786,protein82,Brain,tissue: Brain,,UNRESOLVED,LOW,NO_DECISIVE_EVIDENCE,,,,,False
GEO:GSE327983,GSM9669787,protein83,Brain,tissue: Brain,,UNRESOLVED,LOW,NO_DECISIVE_EVIDENCE,,,,,False
GEO:GSE327983,GSM9669788,protein84,Brain,tissue: Brain,,UNRESOLVED,LOW,NO_DECISIVE_EVIDENCE,,,,,False
GEO:GSE327983,GSM9669789,protein85,Brain,tissue: Brain,,UNRESOLVED,LOW,NO_DECISIVE_EVIDENCE,,,,,False
GEO:GSE327983,GSM9669790,protein86,Brain,tissue: Brain,,UNRESOLVED,LOW,NO_DECISIVE_EVIDENCE,,,,,False
GEO:GSE327983,GSM9669791,protein87,Brain,tissue: Brain,,UNRESOLVED,LOW,NO_DECISIVE_EVIDENCE,,,,,False
GEO:GSE327983,GSM9669792,protein88,Brain,tissue: Brain,,UNRESOLVED,LOW,NO_DECISIVE_EVIDENCE,,,,,False
GEO:GSE327983,GSM9669793,protein89,Brain,tissue: Brain,,UNRESOLVED,LOW,NO_DECISIVE_EVIDENCE,,,,,False
GEO:GSE327983,GSM9669794,protein90,Brain,tissue: Brain,,UNRESOLVED,LOW,NO_DECISIVE_EVIDENCE,,,,,False
GEO:GSE327983,GSM9669795,protein91,Brain,tissue: Brain,,UNRESOLVED,LOW,NO_DECISIVE_EVIDENCE,,,,,False
GEO:GSE327983,GSM9669796,protein92,Brain,tissue: Brain,,UNRESOLVED,LOW,NO_DECISIVE_EVIDENCE,,,,,False
GEO:GSE327983,GSM9669797,protein93,Brain,tissue: Brain,,UNRESOLVED,LOW,NO_DECISIVE_EVIDENCE,,,,,False
GEO:GSE327983,GSM9669798,protein94,Brain,tissue: Brain,,UNRESOLVED,LOW,NO_DECISIVE_EVIDENCE,,,,,False
GEO:GSE327983,GSM9669799,protein95,Brain,tissue: Brain,,UNRESOLVED,LOW,NO_DECISIVE_EVIDENCE,,,,,False
GEO:GSE327983,GSM9669800,protein96,Brain,tissue: Brain,,UNRESOLVED,LOW,NO_DECISIVE_EVIDENCE,,,,,False
GEO:GSE327983,GSM9669801,protein97,Brain,tissue: Brain,,UNRESOLVED,LOW,NO_DECISIVE_EVIDENCE,,,,,False
GEO:GSE327983,GSM9669802,protein98,Brain,tissue: Brain,,UNRESOLVED,LOW,NO_DECISIVE_EVIDENCE,,,,,False
GEO:GSE327983,GSM9669803,protein99,Brain,tissue: Brain,,UNRESOLVED,LOW,NO_DECISIVE_EVIDENCE,,,,,False
GEO:GSE327983,GSM9669804,protein100,Brain,tissue: Brain,,UNRESOLVED,LOW,NO_DECISIVE_EVIDENCE,,,,,False
GEO:GSE327983,GSM9669805,protein101,Brain,tissue: Brain,,UNRESOLVED,LOW,NO_DECISIVE_EVIDENCE,,,,,False
GEO:GSE327983,GSM9669806,protein102,Brain,tissue: Brain,,UNRESOLVED,LOW,NO_DECISIVE_EVIDENCE,,,,,False
GEO:GSE327983,GSM9669807,protein103,Brain,tissue: Brain,,UNRESOLVED,LOW,NO_DECISIVE_EVIDENCE,,,,,False
GEO:GSE327983,GSM9669808,protein104,Brain,tissue: Brain,,UNRESOLVED,LOW,NO_DECISIVE_EVIDENCE,,,,,False
GEO:GSE327983,GSM9669809,protein105,Brain,tissue: Brain,,UNRESOLVED,LOW,NO_DECISIVE_EVIDENCE,,,,,False
GEO:GSE327983,GSM9669810,protein106,Brain,tissue: Brain,,UNRESOLVED,LOW,NO_DECISIVE_EVIDENCE,,,,,False
GEO:GSE327983,GSM9669811,protein107,Brain,tissue: Brain,,UNRESOLVED,LOW,NO_DECISIVE_EVIDENCE,,,,,False
GEO:GSE327983,GSM9669812,protein108,Brain,tissue: Brain,,UNRESOLVED,LOW,NO_DECISIVE_EVIDENCE,,,,,False
GEO:GSE327983,GSM9669813,protein109,Brain,tissue: Brain,,UNRESOLVED,LOW,NO_DECISIVE_EVIDENCE,,,,,False
GEO:GSE327983,GSM9669814,protein110,Brain,tissue: Brain,,UNRESOLVED,LOW,NO_DECISIVE_EVIDENCE,,,,,False
GEO:GSE327983,GSM9669815,protein111,Brain,tissue: Brain,,UNRESOLVED,LOW,NO_DECISIVE_EVIDENCE,,,,,False
GEO:GSE327983,GSM9669816,protein112,Brain,tissue: Brain,,UNRESOLVED,LOW,NO_DECISIVE_EVIDENCE,,,,,False
GEO:GSE327983,GSM9669817,protein113,Brain,tissue: Brain,,UNRESOLVED,LOW,NO_DECISIVE_EVIDENCE,,,,,False
GEO:GSE327983,GSM9669818,protein114,Brain,tissue: Brain,,UNRESOLVED,LOW,NO_DECISIVE_EVIDENCE,,,,,False
GEO:GSE327983,GSM9669819,protein115,Brain,tissue: Brain,,UNRESOLVED,LOW,NO_DECISIVE_EVIDENCE,,,,,False
GEO:GSE327983,GSM9669820,protein116,Brain,tissue: Brain,,UNRESOLVED,LOW,NO_DECISIVE_EVIDENCE,,,,,False
GEO:GSE327983,GSM9669821,protein117,Brain,tissue: Brain,,UNRESOLVED,LOW,NO_DECISIVE_EVIDENCE,,,,,False
GEO:GSE327983,GSM9669822,protein118,Brain,tissue: Brain,,UNRESOLVED,LOW,NO_DECISIVE_EVIDENCE,,,,,False
GEO:GSE327983,GSM9669823,protein119,Brain,tissue: Brain,,UNRESOLVED,LOW,NO_DECISIVE_EVIDENCE,,,,,False
GEO:GSE327983,GSM9669824,protein120,Brain,tissue: Brain,,UNRESOLVED,LOW,NO_DECISIVE_EVIDENCE,,,,,False
GEO:GSE327983,GSM9669825,protein121,Brain,tissue: Brain,,UNRESOLVED,LOW,NO_DECISIVE_EVIDENCE,,,,,False
GEO:GSE327983,GSM9669826,protein122,Brain,tissue: Brain,,UNRESOLVED,LOW,NO_DECISIVE_EVIDENCE,,,,,False
GEO:GSE327983,GSM9669827,protein123,Brain,tissue: Brain,,UNRESOLVED,LOW,NO_DECISIVE_EVIDENCE,,,,,False
GEO:GSE327983,GSM9669828,protein124,Brain,tissue: Brain,,UNRESOLVED,LOW,NO_DECISIVE_EVIDENCE,,,,,False
GEO:GSE327983,GSM9669829,protein125,Brain,tissue: Brain,,UNRESOLVED,LOW,NO_DECISIVE_EVIDENCE,,,,,False
GEO:GSE327983,GSM9669830,protein126,Brain,tissue: Brain,,UNRESOLVED,LOW,NO_DECISIVE_EVIDENCE,,,,,False
GEO:GSE327983,GSM9669831,protein127,Brain,tissue: Brain,,UNRESOLVED,LOW,NO_DECISIVE_EVIDENCE,,,,,False
GEO:GSE327983,GSM9669832,protein128,Brain,tissue: Brain,,UNRESOLVED,LOW,NO_DECISIVE_EVIDENCE,,,,,False
GEO:GSE327983,GSM9669833,protein129,Brain,tissue: Brain,,UNRESOLVED,LOW,NO_DECISIVE_EVIDENCE,,,,,False
GEO:GSE327983,GSM9669834,protein130,Brain,tissue: Brain,,UNRESOLVED,LOW,NO_DECISIVE_EVIDENCE,,,,,False
GEO:GSE327983,GSM9669835,protein131,Brain,tissue: Brain,,UNRESOLVED,LOW,NO_DECISIVE_EVIDENCE,,,,,False
GEO:GSE327983,GSM9669836,protein132,Brain,tissue: Brain,,UNRESOLVED,LOW,NO_DECISIVE_EVIDENCE,,,,,False
GEO:GSE327983,GSM9669837,protein133,Brain,tissue: Brain,,UNRESOLVED,LOW,NO_DECISIVE_EVIDENCE,,,,,False
GEO:GSE327983,GSM9669838,protein134,Brain,tissue: Brain,,UNRESOLVED,LOW,NO_DECISIVE_EVIDENCE,,,,,False
GEO:GSE327983,GSM9669839,protein135,Brain,tissue: Brain,,UNRESOLVED,LOW,NO_DECISIVE_EVIDENCE,,,,,False
GEO:GSE327983,GSM9669840,protein136,Brain,tissue: Brain,,UNRESOLVED,LOW,NO_DECISIVE_EVIDENCE,,,,,False
GEO:GSE327983,GSM9669841,protein137,Brain,tissue: Brain,,UNRESOLVED,LOW,NO_DECISIVE_EVIDENCE,,,,,False
GEO:GSE327983,GSM9669842,protein138,Brain,tissue: Brain,,UNRESOLVED,LOW,NO_DECISIVE_EVIDENCE,,,,,False
GEO:GSE327983,GSM9669843,protein139,Brain,tissue: Brain,,UNRESOLVED,LOW,NO_DECISIVE_EVIDENCE,,,,,False
GEO:GSE327983,GSM9669844,protein140,Brain,tissue: Brain,,UNRESOLVED,LOW,NO_DECISIVE_EVIDENCE,,,,,False
GEO:GSE327983,GSM9669845,protein141,Brain,tissue: Brain,,UNRESOLVED,LOW,NO_DECISIVE_EVIDENCE,,,,,False
GEO:GSE327983,GSM9669846,protein142,Brain,tissue: Brain,,UNRESOLVED,LOW,NO_DECISIVE_EVIDENCE,,,,,False
GEO:GSE327983,GSM9669847,protein143,Brain,tissue: Brain,,UNRESOLVED,LOW,NO_DECISIVE_EVIDENCE,,,,,False
GEO:GSE327983,GSM9669848,protein144,Brain,tissue: Brain,,UNRESOLVED,LOW,NO_DECISIVE_EVIDENCE,,,,,False
GEO:GSE327983,GSM9669849,protein145,Brain,tissue: Brain,,UNRESOLVED,LOW,NO_DECISIVE_EVIDENCE,,,,,False
GEO:GSE327983,GSM9669850,protein146,Brain,tissue: Brain,,UNRESOLVED,LOW,NO_DECISIVE_EVIDENCE,,,,,False
GEO:GSE327983,GSM9669851,protein147,Brain,tissue: Brain,,UNRESOLVED,LOW,NO_DECISIVE_EVIDENCE,,,,,False
GEO:GSE327983,GSM9669852,protein148,Brain,tissue: Brain,,UNRESOLVED,LOW,NO_DECISIVE_EVIDENCE,,,,,False
GEO:GSE327983,GSM9669853,protein149,Brain,tissue: Brain,,UNRESOLVED,LOW,NO_DECISIVE_EVIDENCE,,,,,False
GEO:GSE327983,GSM9669854,protein150,Brain,tissue: Brain,,UNRESOLVED,LOW,NO_DECISIVE_EVIDENCE,,,,,False
GEO:GSE327983,GSM9669855,protein151,Brain,tissue: Brain,,UNRESOLVED,LOW,NO_DECISIVE_EVIDENCE,,,,,False
GEO:GSE327983,GSM9669856,protein152,Brain,tissue: Brain,,UNRESOLVED,LOW,NO_DECISIVE_EVIDENCE,,,,,False
GEO:GSE327983,GSM9669857,protein153,Brain,tissue: Brain,,UNRESOLVED,LOW,NO_DECISIVE_EVIDENCE,,,,,False
GEO:GSE327983,GSM9669858,protein154,Brain,tissue: Brain,,UNRESOLVED,LOW,NO_DECISIVE_EVIDENCE,,,,,False
GEO:GSE327983,GSM9669859,protein155,Brain,tissue: Brain,,UNRESOLVED,LOW,NO_DECISIVE_EVIDENCE,,,,,False
GEO:GSE327983,GSM9669860,protein156,Brain,tissue: Brain,,UNRESOLVED,LOW,NO_DECISIVE_EVIDENCE,,,,,False
GEO:GSE327983,GSM9669861,protein157,Brain,tissue: Brain,,UNRESOLVED,LOW,NO_DECISIVE_EVIDENCE,,,,,False
GEO:GSE327983,GSM9669862,protein158,Brain,tissue: Brain,,UNRESOLVED,LOW,NO_DECISIVE_EVIDENCE,,,,,False
GEO:GSE327983,GSM9669863,protein159,Brain,tissue: Brain,,UNRESOLVED,LOW,NO_DECISIVE_EVIDENCE,,,,,False
GEO:GSE327983,GSM9669864,protein160,Brain,tissue: Brain,,UNRESOLVED,LOW,NO_DECISIVE_EVIDENCE,,,,,False
GEO:GSE327983,GSM9669865,protein161,Brain,tissue: Brain,,UNRESOLVED,LOW,NO_DECISIVE_EVIDENCE,,,,,False
GEO:GSE327983,GSM9669866,protein162,Brain,tissue: Brain,,UNRESOLVED,LOW,NO_DECISIVE_EVIDENCE,,,,,False
GEO:GSE327983,GSM9669867,protein163,Brain,tissue: Brain,,UNRESOLVED,LOW,NO_DECISIVE_EVIDENCE,,,,,False
GEO:GSE327983,GSM9669868,protein164,Brain,tissue: Brain,,UNRESOLVED,LOW,NO_DECISIVE_EVIDENCE,,,,,False
GEO:GSE327983,GSM9669869,protein165,Brain,tissue: Brain,,UNRESOLVED,LOW,NO_DECISIVE_EVIDENCE,,,,,False
GEO:GSE327983,GSM9669870,protein166,Brain,tissue: Brain,,UNRESOLVED,LOW,NO_DECISIVE_EVIDENCE,,,,,False
GEO:GSE327983,GSM9669871,protein167,Brain,tissue: Brain,,UNRESOLVED,LOW,NO_DECISIVE_EVIDENCE,,,,,False
GEO:GSE327983,GSM9669872,protein168,Brain,tissue: Brain,,UNRESOLVED,LOW,NO_DECISIVE_EVIDENCE,,,,,False
GEO:GSE327983,GSM9669873,protein169,Brain,tissue: Brain,,UNRESOLVED,LOW,NO_DECISIVE_EVIDENCE,,,,,False
GEO:GSE327983,GSM9669874,protein170,Brain,tissue: Brain,,UNRESOLVED,LOW,NO_DECISIVE_EVIDENCE,,,,,False
GEO:GSE327983,GSM9669875,protein171,Brain,tissue: Brain,,UNRESOLVED,LOW,NO_DECISIVE_EVIDENCE,,,,,False
GEO:GSE327983,GSM9669876,protein172,Brain,tissue: Brain,,UNRESOLVED,LOW,NO_DECISIVE_EVIDENCE,,,,,False
GEO:GSE327983,GSM9669877,protein173,Brain,tissue: Brain,,UNRESOLVED,LOW,NO_DECISIVE_EVIDENCE,,,,,False
GEO:GSE327983,GSM9669878,protein174,Brain,tissue: Brain,,UNRESOLVED,LOW,NO_DECISIVE_EVIDENCE,,,,,False
GEO:GSE327983,GSM9669879,protein175,Brain,tissue: Brain,,UNRESOLVED,LOW,NO_DECISIVE_EVIDENCE,,,,,False
GEO:GSE327983,GSM9669880,protein176,Brain,tissue: Brain,,UNRESOLVED,LOW,NO_DECISIVE_EVIDENCE,,,,,False
GEO:GSE327983,GSM9669881,protein177,Brain,tissue: Brain,,UNRESOLVED,LOW,NO_DECISIVE_EVIDENCE,,,,,False
GEO:GSE327983,GSM9669882,protein178,Brain,tissue: Brain,,UNRESOLVED,LOW,NO_DECISIVE_EVIDENCE,,,,,False
GEO:GSE327983,GSM9669883,protein179,Brain,tissue: Brain,,UNRESOLVED,LOW,NO_DECISIVE_EVIDENCE,,,,,False
GEO:GSE327983,GSM9669884,protein180,Brain,tissue: Brain,,UNRESOLVED,LOW,NO_DECISIVE_EVIDENCE,,,,,False
GEO:GSE327983,GSM9669885,protein181,Brain,tissue: Brain,,UNRESOLVED,LOW,NO_DECISIVE_EVIDENCE,,,,,False
GEO:GSE327983,GSM9669886,protein182,Brain,tissue: Brain,,UNRESOLVED,LOW,NO_DECISIVE_EVIDENCE,,,,,False
GEO:GSE327983,GSM9669887,protein183,Brain,tissue: Brain,,UNRESOLVED,LOW,NO_DECISIVE_EVIDENCE,,,,,False
GEO:GSE327983,GSM9669888,protein184,Brain,tissue: Brain,,UNRESOLVED,LOW,NO_DECISIVE_EVIDENCE,,,,,False
GEO:GSE327983,GSM9669889,protein185,Brain,tissue: Brain,,UNRESOLVED,LOW,NO_DECISIVE_EVIDENCE,,,,,False
GEO:GSE327983,GSM9669890,protein186,Brain,tissue: Brain,,UNRESOLVED,LOW,NO_DECISIVE_EVIDENCE,,,,,False
GEO:GSE327983,GSM9669891,protein187,Brain,tissue: Brain,,UNRESOLVED,LOW,NO_DECISIVE_EVIDENCE,,,,,False
GEO:GSE327983,GSM9669892,protein188,Brain,tissue: Brain,,UNRESOLVED,LOW,NO_DECISIVE_EVIDENCE,,,,,False
GEO:GSE327983,GSM9669893,protein189,Brain,tissue: Brain,,UNRESOLVED,LOW,NO_DECISIVE_EVIDENCE,,,,,False
GEO:GSE327983,GSM9669894,protein190,Brain,tissue: Brain,,UNRESOLVED,LOW,NO_DECISIVE_EVIDENCE,,,,,False
GEO:GSE327983,GSM9669895,protein191,Brain,tissue: Brain,,UNRESOLVED,LOW,NO_DECISIVE_EVIDENCE,,,,,False
GEO:GSE327983,GSM9669896,protein192,Brain,tissue: Brain,,UNRESOLVED,LOW,NO_DECISIVE_EVIDENCE,,,,,False
GEO:GSE327983,GSM9669897,RNA1,Bone,tissue: Bone,,UNRESOLVED,LOW,NO_DECISIVE_EVIDENCE,,,,,False
GEO:GSE327983,GSM9669898,RNA2,Bone,tissue: Bone,,UNRESOLVED,LOW,NO_DECISIVE_EVIDENCE,,,,,False
GEO:GSE327983,GSM9669899,RNA3,Bone,tissue: Bone,,UNRESOLVED,LOW,NO_DECISIVE_EVIDENCE,,,,,False
GEO:GSE327983,GSM9669900,RNA4,Bone,tissue: Bone,,UNRESOLVED,LOW,NO_DECISIVE_EVIDENCE,,,,,False
GEO:GSE327983,GSM9669901,RNA5,Bone,tissue: Bone,,UNRESOLVED,LOW,NO_DECISIVE_EVIDENCE,,,,,False
GEO:GSE327983,GSM9669902,RNA6,Bone,tissue: Bone,,UNRESOLVED,LOW,NO_DECISIVE_EVIDENCE,,,,,False
GEO:GSE327983,GSM9669903,RNA7,Bone,tissue: Bone,,UNRESOLVED,LOW,NO_DECISIVE_EVIDENCE,,,,,False
GEO:GSE327983,GSM9669904,RNA8,Bone,tissue: Bone,,UNRESOLVED,LOW,NO_DECISIVE_EVIDENCE,,,,,False
GEO:GSE327983,GSM9669905,RNA9,Bone,tissue: Bone,,UNRESOLVED,LOW,NO_DECISIVE_EVIDENCE,,,,,False
GEO:GSE327983,GSM9669906,RNA10,Bone,tissue: Bone,,UNRESOLVED,LOW,NO_DECISIVE_EVIDENCE,,,,,False
GEO:GSE327983,GSM9669907,RNA11,Bone,tissue: Bone,,UNRESOLVED,LOW,NO_DECISIVE_EVIDENCE,,,,,False
GEO:GSE327983,GSM9669908,RNA12,Bone,tissue: Bone,,UNRESOLVED,LOW,NO_DECISIVE_EVIDENCE,,,,,False
GEO:GSE327983,GSM9669909,RNA13,Bone,tissue: Bone,,UNRESOLVED,LOW,NO_DECISIVE_EVIDENCE,,,,,False
GEO:GSE327983,GSM9669910,RNA14,Bone,tissue: Bone,,UNRESOLVED,LOW,NO_DECISIVE_EVIDENCE,,,,,False
GEO:GSE327983,GSM9669911,RNA15,Bone,tissue: Bone,,UNRESOLVED,LOW,NO_DECISIVE_EVIDENCE,,,,,False
GEO:GSE327983,GSM9669912,RNA16,Bone,tissue: Bone,,UNRESOLVED,LOW,NO_DECISIVE_EVIDENCE,,,,,False
GEO:GSE327983,GSM9669913,RNA17,Bone,tissue: Bone,,UNRESOLVED,LOW,NO_DECISIVE_EVIDENCE,,,,,False
GEO:GSE327983,GSM9669914,RNA18,Bone,tissue: Bone,,UNRESOLVED,LOW,NO_DECISIVE_EVIDENCE,,,,,False
GEO:GSE327983,GSM9669915,RNA19,Bone,tissue: Bone,,UNRESOLVED,LOW,NO_DECISIVE_EVIDENCE,,,,,False
GEO:GSE327983,GSM9669916,RNA20,Bone,tissue: Bone,,UNRESOLVED,LOW,NO_DECISIVE_EVIDENCE,,,,,False
GEO:GSE327983,GSM9669917,RNA21,Bone,tissue: Bone,,UNRESOLVED,LOW,NO_DECISIVE_EVIDENCE,,,,,False
GEO:GSE327983,GSM9669918,RNA22,Bone,tissue: Bone,,UNRESOLVED,LOW,NO_DECISIVE_EVIDENCE,,,,,False
GEO:GSE327983,GSM9669919,RNA23,Bone,tissue: Bone,,UNRESOLVED,LOW,NO_DECISIVE_EVIDENCE,,,,,False
GEO:GSE327983,GSM9669920,RNA24,Bone,tissue: Bone,,UNRESOLVED,LOW,NO_DECISIVE_EVIDENCE,,,,,False
GEO:GSE327983,GSM9669921,RNA25,Bone,tissue: Bone,,UNRESOLVED,LOW,NO_DECISIVE_EVIDENCE,,,,,False
GEO:GSE327983,GSM9669922,RNA26,Bone,tissue: Bone,,UNRESOLVED,LOW,NO_DECISIVE_EVIDENCE,,,,,False
GEO:GSE327983,GSM9669923,RNA27,Bone,tissue: Bone,,UNRESOLVED,LOW,NO_DECISIVE_EVIDENCE,,,,,False
GEO:GSE327983,GSM9669924,RNA28,Bone,tissue: Bone,,UNRESOLVED,LOW,NO_DECISIVE_EVIDENCE,,,,,False
GEO:GSE327983,GSM9669925,RNA29,Bone,tissue: Bone,,UNRESOLVED,LOW,NO_DECISIVE_EVIDENCE,,,,,False
GEO:GSE327983,GSM9669926,RNA30,Bone,tissue: Bone,,UNRESOLVED,LOW,NO_DECISIVE_EVIDENCE,,,,,False
GEO:GSE327983,GSM9669927,RNA31,Bone,tissue: Bone,,UNRESOLVED,LOW,NO_DECISIVE_EVIDENCE,,,,,False
GEO:GSE327983,GSM9669928,RNA32,Bone,tissue: Bone,,UNRESOLVED,LOW,NO_DECISIVE_EVIDENCE,,,,,False
GEO:GSE327983,GSM9669929,RNA33,Bone,tissue: Bone,,UNRESOLVED,LOW,NO_DECISIVE_EVIDENCE,,,,,False
GEO:GSE327983,GSM9669930,RNA34,Bone,tissue: Bone,,UNRESOLVED,LOW,NO_DECISIVE_EVIDENCE,,,,,False
GEO:GSE327983,GSM9669931,RNA35,Bone,tissue: Bone,,UNRESOLVED,LOW,NO_DECISIVE_EVIDENCE,,,,,False
GEO:GSE327983,GSM9669932,RNA36,Bone,tissue: Bone,,UNRESOLVED,LOW,NO_DECISIVE_EVIDENCE,,,,,False
GEO:GSE327983,GSM9669933,RNA37,Bone,tissue: Bone,,UNRESOLVED,LOW,NO_DECISIVE_EVIDENCE,,,,,False
GEO:GSE327983,GSM9669934,RNA38,Bone,tissue: Bone,,UNRESOLVED,LOW,NO_DECISIVE_EVIDENCE,,,,,False
GEO:GSE327983,GSM9669935,RNA39,Chest Wall,tissue: Chest Wall,,UNRESOLVED,LOW,NO_DECISIVE_EVIDENCE,,,,,False
GEO:GSE327983,GSM9669936,RNA40,Chest Wall,tissue: Chest Wall,,UNRESOLVED,LOW,NO_DECISIVE_EVIDENCE,,,,,False
GEO:GSE327983,GSM9669937,RNA41,Chest Wall,tissue: Chest Wall,,UNRESOLVED,LOW,NO_DECISIVE_EVIDENCE,,,,,False
GEO:GSE327983,GSM9669938,RNA42,Chest Wall,tissue: Chest Wall,,UNRESOLVED,LOW,NO_DECISIVE_EVIDENCE,,,,,False
GEO:GSE327983,GSM9669939,RNA43,Chest Wall,tissue: Chest Wall,,UNRESOLVED,LOW,NO_DECISIVE_EVIDENCE,,,,,False
GEO:GSE327983,GSM9669940,RNA44,Chest Wall,tissue: Chest Wall,,UNRESOLVED,LOW,NO_DECISIVE_EVIDENCE,,,,,False
GEO:GSE327983,GSM9669941,RNA45,Chest Wall,tissue: Chest Wall,,UNRESOLVED,LOW,NO_DECISIVE_EVIDENCE,,,,,False
GEO:GSE327983,GSM9669942,RNA46,Chest Wall,tissue: Chest Wall,,UNRESOLVED,LOW,NO_DECISIVE_EVIDENCE,,,,,False
GEO:GSE327983,GSM9669943,RNA47,Chest Wall,tissue: Chest Wall,,UNRESOLVED,LOW,NO_DECISIVE_EVIDENCE,,,,,False
GEO:GSE327983,GSM9669944,RNA48,Chest Wall,tissue: Chest Wall,,UNRESOLVED,LOW,NO_DECISIVE_EVIDENCE,,,,,False
GEO:GSE327983,GSM9669945,RNA49,Chest Wall,tissue: Chest Wall,,UNRESOLVED,LOW,NO_DECISIVE_EVIDENCE,,,,,False
GEO:GSE327983,GSM9669946,RNA50,Chest Wall,tissue: Chest Wall,,UNRESOLVED,LOW,NO_DECISIVE_EVIDENCE,,,,,False
GEO:GSE327983,GSM9669947,RNA51,Chest Wall,tissue: Chest Wall,,UNRESOLVED,LOW,NO_DECISIVE_EVIDENCE,,,,,False
GEO:GSE327983,GSM9669948,RNA52,Chest Wall,tissue: Chest Wall,,UNRESOLVED,LOW,NO_DECISIVE_EVIDENCE,,,,,False
GEO:GSE327983,GSM9669949,RNA53,Chest Wall,tissue: Chest Wall,,UNRESOLVED,LOW,NO_DECISIVE_EVIDENCE,,,,,False
GEO:GSE327983,GSM9669950,RNA54,Chest Wall,tissue: Chest Wall,,UNRESOLVED,LOW,NO_DECISIVE_EVIDENCE,,,,,False
GEO:GSE327983,GSM9669951,RNA55,Chest Wall,tissue: Chest Wall,,UNRESOLVED,LOW,NO_DECISIVE_EVIDENCE,,,,,False
GEO:GSE327983,GSM9669952,RNA56,Chest Wall,tissue: Chest Wall,,UNRESOLVED,LOW,NO_DECISIVE_EVIDENCE,,,,,False
GEO:GSE327983,GSM9669953,RNA57,Chest Wall,tissue: Chest Wall,,UNRESOLVED,LOW,NO_DECISIVE_EVIDENCE,,,,,False
GEO:GSE327983,GSM9669954,RNA58,Chest Wall,tissue: Chest Wall,,UNRESOLVED,LOW,NO_DECISIVE_EVIDENCE,,,,,False
GEO:GSE327983,GSM9669955,RNA59,Chest Wall,tissue: Chest Wall,,UNRESOLVED,LOW,NO_DECISIVE_EVIDENCE,,,,,False
GEO:GSE327983,GSM9669956,RNA60,Bone,tissue: Bone,,UNRESOLVED,LOW,NO_DECISIVE_EVIDENCE,,,,,False
GEO:GSE327983,GSM9669957,RNA61,Bone,tissue: Bone,,UNRESOLVED,LOW,NO_DECISIVE_EVIDENCE,,,,,False
GEO:GSE327983,GSM9669958,RNA62,Bone,tissue: Bone,,UNRESOLVED,LOW,NO_DECISIVE_EVIDENCE,,,,,False
GEO:GSE327983,GSM9669959,RNA63,Bone,tissue: Bone,,UNRESOLVED,LOW,NO_DECISIVE_EVIDENCE,,,,,False
GEO:GSE327983,GSM9669960,RNA64,Bone,tissue: Bone,,UNRESOLVED,LOW,NO_DECISIVE_EVIDENCE,,,,,False
GEO:GSE327983,GSM9669961,RNA65,Bone,tissue: Bone,,UNRESOLVED,LOW,NO_DECISIVE_EVIDENCE,,,,,False
GEO:GSE327983,GSM9669962,RNA66,Bone,tissue: Bone,,UNRESOLVED,LOW,NO_DECISIVE_EVIDENCE,,,,,False
GEO:GSE327983,GSM9669963,RNA67,Bone,tissue: Bone,,UNRESOLVED,LOW,NO_DECISIVE_EVIDENCE,,,,,False
GEO:GSE327983,GSM9669964,RNA68,Bone,tissue: Bone,,UNRESOLVED,LOW,NO_DECISIVE_EVIDENCE,,,,,False
GEO:GSE327983,GSM9669965,RNA69,Bone,tissue: Bone,,UNRESOLVED,LOW,NO_DECISIVE_EVIDENCE,,,,,False
GEO:GSE327983,GSM9669966,RNA70,Bone,tissue: Bone,,UNRESOLVED,LOW,NO_DECISIVE_EVIDENCE,,,,,False
GEO:GSE327983,GSM9669967,RNA71,Bone,tissue: Bone,,UNRESOLVED,LOW,NO_DECISIVE_EVIDENCE,,,,,False
GEO:GSE327983,GSM9669968,RNA72,Bone,tissue: Bone,,UNRESOLVED,LOW,NO_DECISIVE_EVIDENCE,,,,,False
GEO:GSE327983,GSM9669969,RNA73,Bone,tissue: Bone,,UNRESOLVED,LOW,NO_DECISIVE_EVIDENCE,,,,,False
GEO:GSE327983,GSM9669970,RNA74,Bone,tissue: Bone,,UNRESOLVED,LOW,NO_DECISIVE_EVIDENCE,,,,,False
GEO:GSE327983,GSM9669971,RNA75,Bone,tissue: Bone,,UNRESOLVED,LOW,NO_DECISIVE_EVIDENCE,,,,,False
GEO:GSE327983,GSM9669972,RNA76,Bone,tissue: Bone,,UNRESOLVED,LOW,NO_DECISIVE_EVIDENCE,,,,,False
GEO:GSE327983,GSM9669973,RNA77,Bone,tissue: Bone,,UNRESOLVED,LOW,NO_DECISIVE_EVIDENCE,,,,,False
GEO:GSE327983,GSM9669974,RNA78,Bone,tissue: Bone,,UNRESOLVED,LOW,NO_DECISIVE_EVIDENCE,,,,,False
GEO:GSE327983,GSM9669975,RNA79,Bone,tissue: Bone,,UNRESOLVED,LOW,NO_DECISIVE_EVIDENCE,,,,,False
GEO:GSE327983,GSM9669976,RNA80,Bone,tissue: Bone,,UNRESOLVED,LOW,NO_DECISIVE_EVIDENCE,,,,,False
GEO:GSE327983,GSM9669977,RNA81,Bone,tissue: Bone,,UNRESOLVED,LOW,NO_DECISIVE_EVIDENCE,,,,,False
GEO:GSE327983,GSM9669978,RNA82,Bone,tissue: Bone,,UNRESOLVED,LOW,NO_DECISIVE_EVIDENCE,,,,,False
GEO:GSE327983,GSM9669979,RNA83,Bone,tissue: Bone,,UNRESOLVED,LOW,NO_DECISIVE_EVIDENCE,,,,,False
GEO:GSE327983,GSM9669980,RNA84,Bone,tissue: Bone,,UNRESOLVED,LOW,NO_DECISIVE_EVIDENCE,,,,,False
GEO:GSE327983,GSM9669981,RNA85,Bone,tissue: Bone,,UNRESOLVED,LOW,NO_DECISIVE_EVIDENCE,,,,,False
GEO:GSE327983,GSM9669982,RNA86,Bone,tissue: Bone,,UNRESOLVED,LOW,NO_DECISIVE_EVIDENCE,,,,,False
GEO:GSE327983,GSM9669983,RNA87,Bone,tissue: Bone,,UNRESOLVED,LOW,NO_DECISIVE_EVIDENCE,,,,,False
GEO:GSE327983,GSM9669984,RNA88,Bone,tissue: Bone,,UNRESOLVED,LOW,NO_DECISIVE_EVIDENCE,,,,,False
GEO:GSE327983,GSM9669985,RNA89,Bone,tissue: Bone,,UNRESOLVED,LOW,NO_DECISIVE_EVIDENCE,,,,,False
GEO:GSE327983,GSM9669986,RNA90,Bone,tissue: Bone,,UNRESOLVED,LOW,NO_DECISIVE_EVIDENCE,,,,,False
GEO:GSE327983,GSM9669987,RNA91,Bone,tissue: Bone,,UNRESOLVED,LOW,NO_DECISIVE_EVIDENCE,,,,,False
GEO:GSE327983,GSM9669988,RNA92,Bone,tissue: Bone,,UNRESOLVED,LOW,NO_DECISIVE_EVIDENCE,,,,,False
GEO:GSE327983,GSM9669989,RNA93,Bone,tissue: Bone,,UNRESOLVED,LOW,NO_DECISIVE_EVIDENCE,,,,,False
GEO:GSE327983,GSM9669990,RNA94,Bone,tissue: Bone,,UNRESOLVED,LOW,NO_DECISIVE_EVIDENCE,,,,,False
GEO:GSE327983,GSM9669991,RNA95,Bone,tissue: Bone,,UNRESOLVED,LOW,NO_DECISIVE_EVIDENCE,,,,,False
GEO:GSE69042,GSM1691130,BT-474-Trastuzumab-1,BT-474-Trastuzumab,sample type: Xenograft tissue | host strain info: 8-wk-old female nude mice | cell type: BT-474 human breast carcinoma cells growing in murine brain | treated with: Trastuzumab | time point: 48h after a single treatment,Tissues were collected 48h after a single treatment with trastuzumab or T-DM1 at the same dose (15mg/kg),UNRESOLVED,LOW,NO_DECISIVE_EVIDENCE,,,,,False
GEO:GSE69042,GSM1691131,BT-474-Trastuzumab-2,BT-474-Trastuzumab,sample type: Xenograft tissue | host strain info: 8-wk-old female nude mice | cell type: BT-474 human breast carcinoma cells growing in murine brain | treated with: Trastuzumab | time point: 48h after a single treatment,Tissues were collected 48h after a single treatment with trastuzumab or T-DM1 at the same dose (15mg/kg),UNRESOLVED,LOW,NO_DECISIVE_EVIDENCE,,,,,False
GEO:GSE69042,GSM1691132,BT-474-Trastuzumab-3,BT-474-Trastuzumab,sample type: Xenograft tissue | host strain info: 8-wk-old female nude mice | cell type: BT-474 human breast carcinoma cells growing in murine brain | treated with: Trastuzumab | time point: 48h after a single treatment,Tissues were collected 48h after a single treatment with trastuzumab or T-DM1 at the same dose (15mg/kg),UNRESOLVED,LOW,NO_DECISIVE_EVIDENCE,,,,,False
GEO:GSE69042,GSM1691133,BT-474-TDM-1-1,BT-474-TDM-1,sample type: Xenograft tissue | host strain info: 8-wk-old female nude mice | cell type: BT-474 human breast carcinoma cells growing in murine brain | treated with: T-DM1 | time point: 48h after a single treatment,Tissues were collected 48h after a single treatment with trastuzumab or T-DM1 at the same dose (15mg/kg),UNRESOLVED,LOW,NO_DECISIVE_EVIDENCE,,,,,False
GEO:GSE69042,GSM1691134,BT-474-TDM-1-2,BT-474-TDM-1,sample type: Xenograft tissue | host strain info: 8-wk-old female nude mice | cell type: BT-474 human breast carcinoma cells growing in murine brain | treated with: T-DM1 | time point: 48h after a single treatment,Tissues were collected 48h after a single treatment with trastuzumab or T-DM1 at the same dose (15mg/kg),UNRESOLVED,LOW,NO_DECISIVE_EVIDENCE,,,,,False
GEO:GSE69042,GSM1691135,BT-474-TDM-1-3,BT-474-TDM-1,sample type: Xenograft tissue | host strain info: 8-wk-old female nude mice | cell type: BT-474 human breast carcinoma cells growing in murine brain | treated with: T-DM1 | time point: 48h after a single treatment,Tissues were collected 48h after a single treatment with trastuzumab or T-DM1 at the same dose (15mg/kg),UNRESOLVED,LOW,NO_DECISIVE_EVIDENCE,,,,,False
GEO:GSE69042,GSM1691136,BT-474-TDM-1-4,BT-474-TDM-1,sample type: Xenograft tissue | host strain info: 8-wk-old female nude mice | cell type: BT-474 human breast carcinoma cells growing in murine brain | treated with: T-DM1 | time point: 48h after a single treatment,Tissues were collected 48h after a single treatment with trastuzumab or T-DM1 at the same dose (15mg/kg),UNRESOLVED,LOW,NO_DECISIVE_EVIDENCE,,,,,False
GEO:GSE69042,GSM1691137,BT-474-Trastuzumab-4,BT-474-Trastuzumab,sample type: Xenograft tissue | host strain info: 8-wk-old female nude mice | cell type: BT-474 human breast carcinoma cells growing in murine brain | treated with: Trastuzumab | time point: 48h after a single treatment,Tissues were collected 48h after a single treatment with trastuzumab or T-DM1 at the same dose (15mg/kg),UNRESOLVED,LOW,NO_DECISIVE_EVIDENCE,,,,,False
GEO:GSE83608,GSM2210881,ATCC-P,Breast Cancer Cell Line,strain: BT474 | phenotype: parental line,"Resistant derivatives of both BT474 P lines to HER-targeted therapies were derived independently: cells were treated with gradually increasing doses until cells resume growth in the presence of 1 μM L, 50 μg/ml T, or the combination.",UNRESOLVED,LOW,NO_DECISIVE_EVIDENCE,,,,,False
GEO:GSE83608,GSM2210882,ATCC-LTR,Breast Cancer Cell Line,strain: BT474 | phenotype: resistant to the combination of Lapatinib and Trastuzumab treatment,"Resistant derivatives of both BT474 P lines to HER-targeted therapies were derived independently: cells were treated with gradually increasing doses until cells resume growth in the presence of 1 μM L, 50 μg/ml T, or the combination.",UNRESOLVED,LOW,NO_DECISIVE_EVIDENCE,,,,,False
GEO:GSE83608,GSM2210883,AZ-P,Breast Cancer Cell Line,strain: BT474 | phenotype: parental line,"Resistant derivatives of both BT474 P lines to HER-targeted therapies were derived independently: cells were treated with gradually increasing doses until cells resume growth in the presence of 1 μM L, 50 μg/ml T, or the combination.",UNRESOLVED,LOW,NO_DECISIVE_EVIDENCE,,,,,False
GEO:GSE83608,GSM2210884,AZ-LR,Breast Cancer Cell Line,strain: BT474 | phenotype: resistant to Lapatinib treatment,"Resistant derivatives of both BT474 P lines to HER-targeted therapies were derived independently: cells were treated with gradually increasing doses until cells resume growth in the presence of 1 μM L, 50 μg/ml T, or the combination.",UNRESOLVED,LOW,NO_DECISIVE_EVIDENCE,,,,,False
GEO:GSE89216,GSM2360999,"BT474 resistant, trastuzumab-treated, n1",breast cancer cell line BT-474,cell line: BT-474,"The trastuzumab-conditioned BT-474.R cell lines were established by culturing the BT-474 cell line in the appropriate media supplemented with 15 μg/ml of recombinant humanized monoclonal HER2 antibody, trastuzumab (Herceptin, Genentech, USA). Trastuzumab was dissolved in sterile water at a stock concentration of 20 mg/ml. Resistant populations were obtained for the four cell lines through lifetime exposure to the drug for a minimum of 8 months.",UNRESOLVED,LOW,NO_DECISIVE_EVIDENCE,,,,,False
GEO:GSE89216,GSM2361000,"BT474 resistant, trastuzumab-treated, n2",breast cancer cell line BT-474,cell line: BT-474,"The trastuzumab-conditioned BT-474.R cell lines were established by culturing the BT-474 cell line in the appropriate media supplemented with 15 μg/ml of recombinant humanized monoclonal HER2 antibody, trastuzumab (Herceptin, Genentech, USA). Trastuzumab was dissolved in sterile water at a stock concentration of 20 mg/ml. Resistant populations were obtained for the four cell lines through lifetime exposure to the drug for a minimum of 8 months.",UNRESOLVED,LOW,NO_DECISIVE_EVIDENCE,,,,,False
GEO:GSE89216,GSM2361001,"BT474 resistant, non-treated, n1",breast cancer cell line BT-474,cell line: BT-474,"The trastuzumab-conditioned BT-474.R cell lines were established by culturing the BT-474 cell line in the appropriate media supplemented with 15 μg/ml of recombinant humanized monoclonal HER2 antibody, trastuzumab (Herceptin, Genentech, USA). Trastuzumab was dissolved in sterile water at a stock concentration of 20 mg/ml. Resistant populations were obtained for the four cell lines through lifetime exposure to the drug for a minimum of 8 months.",UNRESOLVED,LOW,NO_DECISIVE_EVIDENCE,,,,,False
GEO:GSE89216,GSM2361002,"BT474 resistant, non-treated, n2",breast cancer cell line BT-474,cell line: BT-474,"The trastuzumab-conditioned BT-474.R cell lines were established by culturing the BT-474 cell line in the appropriate media supplemented with 15 μg/ml of recombinant humanized monoclonal HER2 antibody, trastuzumab (Herceptin, Genentech, USA). Trastuzumab was dissolved in sterile water at a stock concentration of 20 mg/ml. Resistant populations were obtained for the four cell lines through lifetime exposure to the drug for a minimum of 8 months.",UNRESOLVED,LOW,NO_DECISIVE_EVIDENCE,,,,,False
GEO:GSE89216,GSM2361003,"BT474 sensitive, trastuzumab-treated, n1",breast cancer cell line BT-474,cell line: BT-474,"The trastuzumab-conditioned BT-474.R cell lines were established by culturing the BT-474 cell line in the appropriate media supplemented with 15 μg/ml of recombinant humanized monoclonal HER2 antibody, trastuzumab (Herceptin, Genentech, USA). Trastuzumab was dissolved in sterile water at a stock concentration of 20 mg/ml. Resistant populations were obtained for the four cell lines through lifetime exposure to the drug for a minimum of 8 months.",UNRESOLVED,LOW,NO_DECISIVE_EVIDENCE,,,,,False
GEO:GSE89216,GSM2361004,"BT474 sensitive, trastuzumab-treated, n2",breast cancer cell line BT-474,cell line: BT-474,"The trastuzumab-conditioned BT-474.R cell lines were established by culturing the BT-474 cell line in the appropriate media supplemented with 15 μg/ml of recombinant humanized monoclonal HER2 antibody, trastuzumab (Herceptin, Genentech, USA). Trastuzumab was dissolved in sterile water at a stock concentration of 20 mg/ml. Resistant populations were obtained for the four cell lines through lifetime exposure to the drug for a minimum of 8 months.",UNRESOLVED,LOW,NO_DECISIVE_EVIDENCE,,,,,False
GEO:GSE89216,GSM2361005,"BT474 sensitive, non-treated, n1",breast cancer cell line BT-474,cell line: BT-474,"The trastuzumab-conditioned BT-474.R cell lines were established by culturing the BT-474 cell line in the appropriate media supplemented with 15 μg/ml of recombinant humanized monoclonal HER2 antibody, trastuzumab (Herceptin, Genentech, USA). Trastuzumab was dissolved in sterile water at a stock concentration of 20 mg/ml. Resistant populations were obtained for the four cell lines through lifetime exposure to the drug for a minimum of 8 months.",UNRESOLVED,LOW,NO_DECISIVE_EVIDENCE,,,,,False
GEO:GSE89216,GSM2361006,"BT474 sensitive, non-treated, n2",breast cancer cell line BT-474,cell line: BT-474,"The trastuzumab-conditioned BT-474.R cell lines were established by culturing the BT-474 cell line in the appropriate media supplemented with 15 μg/ml of recombinant humanized monoclonal HER2 antibody, trastuzumab (Herceptin, Genentech, USA). Trastuzumab was dissolved in sterile water at a stock concentration of 20 mg/ml. Resistant populations were obtained for the four cell lines through lifetime exposure to the drug for a minimum of 8 months.",UNRESOLVED,LOW,NO_DECISIVE_EVIDENCE,,,,,False
SRA:SRR26401907,SRS19172533,"GSM7843751 | GSM7843751 | PATHOLOGY, UT SOUTHWESTERN MEDICAL CENTER",,,,UNRESOLVED,LOW,NO_DECISIVE_EVIDENCE,,,,,False
SRA:SRR26401908,SRS19172532,"GSM7843750 | GSM7843750 | PATHOLOGY, UT SOUTHWESTERN MEDICAL CENTER",,,,UNRESOLVED,LOW,NO_DECISIVE_EVIDENCE,,,,,False
SRA:SRR26401909,SRS19172530,"GSM7843749 | GSM7843749 | PATHOLOGY, UT SOUTHWESTERN MEDICAL CENTER",,,,UNRESOLVED,LOW,NO_DECISIVE_EVIDENCE,,,,,False
SRA:SRR26401910,SRS19172529,"GSM7843748 | GSM7843748 | PATHOLOGY, UT SOUTHWESTERN MEDICAL CENTER",,,,UNRESOLVED,LOW,NO_DECISIVE_EVIDENCE,,,,,False
SRA:SRR33650052,SRS25103977,GSM8997275 | GSM8997275 | JSPH,,,,UNRESOLVED,LOW,NO_DECISIVE_EVIDENCE,,,,,False
SRA:SRR33650053,SRS25103976,GSM8997274 | GSM8997274 | JSPH,,,,UNRESOLVED,LOW,NO_DECISIVE_EVIDENCE,,,,,False
SRA:SRR33650054,SRS25103975,GSM8997273 | GSM8997273 | JSPH,,,,UNRESOLVED,LOW,NO_DECISIVE_EVIDENCE,,,,,False
SRA:SRR33650055,SRS25103974,GSM8997272 | GSM8997272 | JSPH,,,,UNRESOLVED,LOW,NO_DECISIVE_EVIDENCE,,,,,False
SRA:SRR33650056,SRS25103973,GSM8997271 | GSM8997271 | JSPH,,,,UNRESOLVED,LOW,NO_DECISIVE_EVIDENCE,,,,,False
SRA:SRR33650057,SRS25103972,GSM8997270 | GSM8997270 | JSPH,,,,UNRESOLVED,LOW,NO_DECISIVE_EVIDENCE,,,,,False
SRA:SRR33650058,SRS25103971,GSM8997269 | GSM8997269 | JSPH,,,,UNRESOLVED,LOW,NO_DECISIVE_EVIDENCE,,,,,False
SRA:SRR33650059,SRS25103970,GSM8997268 | GSM8997268 | JSPH,,,,UNRESOLVED,LOW,NO_DECISIVE_EVIDENCE,,,,,False
SRA:SRR33650060,SRS25103969,GSM8997267 | GSM8997267 | JSPH,,,,UNRESOLVED,LOW,NO_DECISIVE_EVIDENCE,,,,,False
SRA:SRR33650061,SRS25103968,GSM8997266 | GSM8997266 | JSPH,,,,UNRESOLVED,LOW,NO_DECISIVE_EVIDENCE,,,,,False
SRA:SRR33650062,SRS25103967,GSM8997265 | GSM8997265 | JSPH,,,,UNRESOLVED,LOW,NO_DECISIVE_EVIDENCE,,,,,False
SRA:SRR33650063,SRS25103966,GSM8997264 | GSM8997264 | JSPH,,,,UNRESOLVED,LOW,NO_DECISIVE_EVIDENCE,,,,,False
SRA:SRR33650064,SRS25103965,GSM8997263 | GSM8997263 | JSPH,,,,UNRESOLVED,LOW,NO_DECISIVE_EVIDENCE,,,,,False
SRA:SRR33650065,SRS25103964,GSM8997262 | GSM8997262 | JSPH,,,,UNRESOLVED,LOW,NO_DECISIVE_EVIDENCE,,,,,False
SRA:SRR33650066,SRS25103963,GSM8997261 | GSM8997261 | JSPH,,,,UNRESOLVED,LOW,NO_DECISIVE_EVIDENCE,,,,,False
SRA:SRR33650067,SRS25103962,GSM8997260 | GSM8997260 | JSPH,,,,UNRESOLVED,LOW,NO_DECISIVE_EVIDENCE,,,,,False
SRA:SRR33650068,SRS25103961,GSM8997259 | GSM8997259 | JSPH,,,,UNRESOLVED,LOW,NO_DECISIVE_EVIDENCE,,,,,False
SRA:SRR33650069,SRS25103960,GSM8997258 | GSM8997258 | JSPH,,,,UNRESOLVED,LOW,NO_DECISIVE_EVIDENCE,,,,,False
SRA:SRR33650070,SRS25103959,GSM8997257 | GSM8997257 | JSPH,,,,UNRESOLVED,LOW,NO_DECISIVE_EVIDENCE,,,,,False
SRA:SRR33650071,SRS25103958,GSM8997256 | GSM8997256 | JSPH,,,,UNRESOLVED,LOW,NO_DECISIVE_EVIDENCE,,,,,False
SRA:SRR33662215,SRS25115165,GSM8999193 | GSM8999193 | JSPH,,,,UNRESOLVED,LOW,NO_DECISIVE_EVIDENCE,,,,,False
SRA:SRR33662216,SRS25115164,GSM8999192 | GSM8999192 | JSPH,,,,UNRESOLVED,LOW,NO_DECISIVE_EVIDENCE,,,,,False
SRA:SRR33662217,SRS25115163,GSM8999191 | GSM8999191 | JSPH,,,,UNRESOLVED,LOW,NO_DECISIVE_EVIDENCE,,,,,False
BIOSTUDIES:E-MTAB-7433,BT474_ctrl_1,,,,Characteristics[organism]=Homo sapiens | Characteristics[organism part]=mammary gland | Characteristics[cell type]=epithelial cell | Characteristics[cell line]=BT474 | Characteristics[disease]=ductal carcinoma | Characteristics[phenotype]=HER2 positive | Factor Value[compound]=dimethyl sulfoxide | Factor Value[dose]=1,UNRESOLVED,LOW,NO_DECISIVE_EVIDENCE,,,,,False
BIOSTUDIES:E-MTAB-7433,BT474_ctrl_2,,,,Characteristics[organism]=Homo sapiens | Characteristics[organism part]=mammary gland | Characteristics[cell type]=epithelial cell | Characteristics[cell line]=BT474 | Characteristics[disease]=ductal carcinoma | Characteristics[phenotype]=HER2 positive | Factor Value[compound]=dimethyl sulfoxide | Factor Value[dose]=1,UNRESOLVED,LOW,NO_DECISIVE_EVIDENCE,,,,,False
BIOSTUDIES:E-MTAB-7433,BT474_ctrl_3,,,,Characteristics[organism]=Homo sapiens | Characteristics[organism part]=mammary gland | Characteristics[cell type]=epithelial cell | Characteristics[cell line]=BT474 | Characteristics[disease]=ductal carcinoma | Characteristics[phenotype]=HER2 positive | Factor Value[compound]=dimethyl sulfoxide | Factor Value[dose]=1,UNRESOLVED,LOW,NO_DECISIVE_EVIDENCE,,,,,False
BIOSTUDIES:E-MTAB-7433,BT474_kdm5i_1,,,,Characteristics[organism]=Homo sapiens | Characteristics[organism part]=mammary gland | Characteristics[cell type]=epithelial cell | Characteristics[cell line]=BT474 | Characteristics[disease]=ductal carcinoma | Characteristics[phenotype]=HER2 positive | Factor Value[compound]=KDM5-inh1 | Factor Value[dose]=1,UNRESOLVED,LOW,NO_DECISIVE_EVIDENCE,,,,,False
BIOSTUDIES:E-MTAB-7433,BT474_kdm5i_2,,,,Characteristics[organism]=Homo sapiens | Characteristics[organism part]=mammary gland | Characteristics[cell type]=epithelial cell | Characteristics[cell line]=BT474 | Characteristics[disease]=ductal carcinoma | Characteristics[phenotype]=HER2 positive | Factor Value[compound]=KDM5-inh1 | Factor Value[dose]=1,UNRESOLVED,LOW,NO_DECISIVE_EVIDENCE,,,,,False
BIOSTUDIES:E-MTAB-7433,BT474_kdm5i_3,,,,Characteristics[organism]=Homo sapiens | Characteristics[organism part]=mammary gland | Characteristics[cell type]=epithelial cell | Characteristics[cell line]=BT474 | Characteristics[disease]=ductal carcinoma | Characteristics[phenotype]=HER2 positive | Factor Value[compound]=KDM5-inh1 | Factor Value[dose]=1,UNRESOLVED,LOW,NO_DECISIVE_EVIDENCE,,,,,False
BIOSTUDIES:E-MTAB-965,P2227,,,,Characteristics [DiseaseState]=breast cancer | Characteristics [CellLine]=BT474 | Characteristics [Organism]=Homo sapiens | Factor Value [CELL_LINE]=BT474 | Factor Value [COMPOUND]=human immunoglobulin G | Factor Value [TIME]=24,UNRESOLVED,LOW,NO_DECISIVE_EVIDENCE,,,,,False
BIOSTUDIES:E-MTAB-965,P2228,,,,Characteristics [DiseaseState]=breast cancer | Characteristics [CellLine]=BT474 | Characteristics [Organism]=Homo sapiens | Factor Value [CELL_LINE]=BT474 | Factor Value [COMPOUND]=trastuzumab | Factor Value [TIME]=24,UNRESOLVED,LOW,NO_DECISIVE_EVIDENCE,,,,,False
BIOSTUDIES:E-MTAB-965,P2229,,,,Characteristics [DiseaseState]=breast cancer | Characteristics [CellLine]=BT474 | Characteristics [Organism]=Homo sapiens | Factor Value [CELL_LINE]=BT474 | Factor Value [COMPOUND]=human immunoglobulin G | Factor Value [TIME]=48,UNRESOLVED,LOW,NO_DECISIVE_EVIDENCE,,,,,False
BIOSTUDIES:E-MTAB-965,P2230,,,,Characteristics [DiseaseState]=breast cancer | Characteristics [CellLine]=BT474 | Characteristics [Organism]=Homo sapiens | Factor Value [CELL_LINE]=BT474 | Factor Value [COMPOUND]=trastuzumab | Factor Value [TIME]=48,UNRESOLVED,LOW,NO_DECISIVE_EVIDENCE,,,,,False
BIOSTUDIES:E-MTAB-965,P2231,,,,Characteristics [DiseaseState]=breast cancer | Characteristics [CellLine]=BT474 | Characteristics [Organism]=Homo sapiens | Factor Value [CELL_LINE]=BT474 | Factor Value [COMPOUND]=human immunoglobulin G | Factor Value [TIME]=24,UNRESOLVED,LOW,NO_DECISIVE_EVIDENCE,,,,,False
BIOSTUDIES:E-MTAB-965,P2232,,,,Characteristics [DiseaseState]=breast cancer | Characteristics [CellLine]=BT474 | Characteristics [Organism]=Homo sapiens | Factor Value [CELL_LINE]=BT474 | Factor Value [COMPOUND]=trastuzumab | Factor Value [TIME]=24,UNRESOLVED,LOW,NO_DECISIVE_EVIDENCE,,,,,False
BIOSTUDIES:E-MTAB-965,P2233,,,,Characteristics [DiseaseState]=breast cancer | Characteristics [CellLine]=BT474 | Characteristics [Organism]=Homo sapiens | Factor Value [CELL_LINE]=BT474 | Factor Value [COMPOUND]=human immunoglobulin G | Factor Value [TIME]=48,UNRESOLVED,LOW,NO_DECISIVE_EVIDENCE,,,,,False
BIOSTUDIES:E-MTAB-965,P2234,,,,Characteristics [DiseaseState]=breast cancer | Characteristics [CellLine]=BT474 | Characteristics [Organism]=Homo sapiens | Factor Value [CELL_LINE]=BT474 | Factor Value [COMPOUND]=trastuzumab | Factor Value [TIME]=48,UNRESOLVED,LOW,NO_DECISIVE_EVIDENCE,,,,,False
BIOSTUDIES:E-MTAB-965,P2235,,,,Characteristics [DiseaseState]=breast cancer | Characteristics [CellLine]=SKBr3 | Characteristics [Organism]=Homo sapiens | Factor Value [CELL_LINE]=SKBr3 | Factor Value [COMPOUND]=human immunoglobulin G | Factor Value [TIME]=20,UNRESOLVED,LOW,NO_DECISIVE_EVIDENCE,,,,,False
BIOSTUDIES:E-MTAB-965,P2237,,,,Characteristics [DiseaseState]=breast cancer | Characteristics [CellLine]=SKBr3 | Characteristics [Organism]=Homo sapiens | Factor Value [CELL_LINE]=SKBr3 | Factor Value [COMPOUND]=trastuzumab | Factor Value [TIME]=20,UNRESOLVED,LOW,NO_DECISIVE_EVIDENCE,,,,,False
BIOSTUDIES:E-MTAB-965,P2239,,,,Characteristics [DiseaseState]=breast cancer | Characteristics [CellLine]=BT474 | Characteristics [Organism]=Homo sapiens | Factor Value [CELL_LINE]=BT474 | Factor Value [COMPOUND]=human immunoglobulin G | Factor Value [TIME]=24,UNRESOLVED,LOW,NO_DECISIVE_EVIDENCE,,,,,False
BIOSTUDIES:E-MTAB-965,P2240,,,,Characteristics [DiseaseState]=breast cancer | Characteristics [CellLine]=BT474 | Characteristics [Organism]=Homo sapiens | Factor Value [CELL_LINE]=BT474 | Factor Value [COMPOUND]=trastuzumab | Factor Value [TIME]=24,UNRESOLVED,LOW,NO_DECISIVE_EVIDENCE,,,,,False
BIOSTUDIES:E-MTAB-965,P2241,,,,Characteristics [DiseaseState]=breast cancer | Characteristics [CellLine]=BT474 | Characteristics [Organism]=Homo sapiens | Factor Value [CELL_LINE]=BT474 | Factor Value [COMPOUND]=human immunoglobulin G | Factor Value [TIME]=48,UNRESOLVED,LOW,NO_DECISIVE_EVIDENCE,,,,,False
BIOSTUDIES:E-MTAB-965,P2242,,,,Characteristics [DiseaseState]=breast cancer | Characteristics [CellLine]=BT474 | Characteristics [Organism]=Homo sapiens | Factor Value [CELL_LINE]=BT474 | Factor Value [COMPOUND]=trastuzumab | Factor Value [TIME]=48,UNRESOLVED,LOW,NO_DECISIVE_EVIDENCE,,,,,False
BIOSTUDIES:E-MTAB-965,P2243,,,,Characteristics [DiseaseState]=breast cancer | Characteristics [CellLine]=BT474 | Characteristics [Organism]=Homo sapiens | Factor Value [CELL_LINE]=BT474 | Factor Value [COMPOUND]=human immunoglobulin G | Factor Value [TIME]=24,UNRESOLVED,LOW,NO_DECISIVE_EVIDENCE,,,,,False
BIOSTUDIES:E-MTAB-965,P2244,,,,Characteristics [DiseaseState]=breast cancer | Characteristics [CellLine]=BT474 | Characteristics [Organism]=Homo sapiens | Factor Value [CELL_LINE]=BT474 | Factor Value [COMPOUND]=trastuzumab | Factor Value [TIME]=24,UNRESOLVED,LOW,NO_DECISIVE_EVIDENCE,,,,,False
BIOSTUDIES:E-MTAB-965,P2245,,,,Characteristics [DiseaseState]=breast cancer | Characteristics [CellLine]=BT474 | Characteristics [Organism]=Homo sapiens | Factor Value [CELL_LINE]=BT474 | Factor Value [COMPOUND]=human immunoglobulin G | Factor Value [TIME]=48,UNRESOLVED,LOW,NO_DECISIVE_EVIDENCE,,,,,False
BIOSTUDIES:E-MTAB-965,P2246,,,,Characteristics [DiseaseState]=breast cancer | Characteristics [CellLine]=BT474 | Characteristics [Organism]=Homo sapiens | Factor Value [CELL_LINE]=BT474 | Factor Value [COMPOUND]=trastuzumab | Factor Value [TIME]=48,UNRESOLVED,LOW,NO_DECISIVE_EVIDENCE,,,,,False
BIOSTUDIES:E-MTAB-965,P2247,,,,Characteristics [DiseaseState]=breast cancer | Characteristics [CellLine]=SKBr3 | Characteristics [Organism]=Homo sapiens | Factor Value [CELL_LINE]=SKBr3 | Factor Value [COMPOUND]=human immunoglobulin G | Factor Value [TIME]=20,UNRESOLVED,LOW,NO_DECISIVE_EVIDENCE,,,,,False
BIOSTUDIES:E-MTAB-965,P2248,,,,Characteristics [DiseaseState]=breast cancer | Characteristics [CellLine]=SKBr3 | Characteristics [Organism]=Homo sapiens | Factor Value [CELL_LINE]=SKBr3 | Factor Value [COMPOUND]=trastuzumab | Factor Value [TIME]=20,UNRESOLVED,LOW,NO_DECISIVE_EVIDENCE,,,,,False
BIOSTUDIES:E-MTAB-965,P2249,,,,Characteristics [DiseaseState]=breast cancer | Characteristics [CellLine]=SKBr3 | Characteristics [Organism]=Homo sapiens | Factor Value [CELL_LINE]=SKBr3 | Factor Value [COMPOUND]=human immunoglobulin G | Factor Value [TIME]=20,UNRESOLVED,LOW,NO_DECISIVE_EVIDENCE,,,,,False
BIOSTUDIES:E-MTAB-965,P2250,,,,Characteristics [DiseaseState]=breast cancer | Characteristics [CellLine]=SKBr3 | Characteristics [Organism]=Homo sapiens | Factor Value [CELL_LINE]=SKBr3 | Factor Value [COMPOUND]=trastuzumab | Factor Value [TIME]=20,UNRESOLVED,LOW,NO_DECISIVE_EVIDENCE,,,,,False
BIOSTUDIES:E-MTAB-965,P2255,,,,Characteristics [DiseaseState]=breast cancer | Characteristics [CellLine]=SKBr3 | Characteristics [Organism]=Homo sapiens | Factor Value [CELL_LINE]=SKBr3 | Factor Value [COMPOUND]=human immunoglobulin G | Factor Value [TIME]=20,UNRESOLVED,LOW,NO_DECISIVE_EVIDENCE,,,,,False
BIOSTUDIES:E-MTAB-965,P2256,,,,Characteristics [DiseaseState]=breast cancer | Characteristics [CellLine]=SKBr3 | Characteristics [Organism]=Homo sapiens | Factor Value [CELL_LINE]=SKBr3 | Factor Value [COMPOUND]=trastuzumab | Factor Value [TIME]=20,UNRESOLVED,LOW,NO_DECISIVE_EVIDENCE,,,,,False
BIOSTUDIES:E-MTAB-12224,1-2D-JIMT-control,,,,Characteristics[organism]=Homo sapiens | Characteristics[cell line]=JIMT-1 | Characteristics[organism part]=mammary gland | Characteristics[disease]=breast ductal adenocarcinoma | Characteristics[phenotype]=trastuzumab resistant | Factor Value[cell line]=JIMT-1 | Factor Value[phenotype]=trastuzumab resistant,RESISTANT,MODERATE,SECONDARY_FIELD,,,phrase:\btrastuzumab[- ]resistant\b,,False
BIOSTUDIES:E-MTAB-12224,1-2D-JIMT-DAC,,,,Characteristics[organism]=Homo sapiens | Characteristics[cell line]=JIMT-1 | Characteristics[organism part]=mammary gland | Characteristics[disease]=breast ductal adenocarcinoma | Characteristics[phenotype]=trastuzumab resistant | Factor Value[cell line]=JIMT-1 | Factor Value[phenotype]=trastuzumab resistant | Factor Value[stimulus]=decitabine,RESISTANT,MODERATE,SECONDARY_FIELD,,,phrase:\btrastuzumab[- ]resistant\b,,False
BIOSTUDIES:E-MTAB-12224,1-2D-T47D-control,,,,Characteristics[organism]=Homo sapiens | Characteristics[cell line]=T-47D | Characteristics[organism part]=mammary gland | Characteristics[disease]=breast ductal adenocarcinoma | Characteristics[phenotype]=luminal A subtype | Factor Value[cell line]=T-47D | Factor Value[phenotype]=luminal A subtype,UNRESOLVED,LOW,NO_DECISIVE_EVIDENCE,,,,,False
BIOSTUDIES:E-MTAB-12224,1-2D-T47D-DAC,,,,Characteristics[organism]=Homo sapiens | Characteristics[cell line]=T-47D | Characteristics[organism part]=mammary gland | Characteristics[disease]=breast ductal adenocarcinoma | Characteristics[phenotype]=luminal A subtype | Factor Value[cell line]=T-47D | Factor Value[phenotype]=luminal A subtype | Factor Value[stimulus]=decitabine,UNRESOLVED,LOW,NO_DECISIVE_EVIDENCE,,,,,False
BIOSTUDIES:E-MTAB-12224,2-2D-JIMT-control,,,,Characteristics[organism]=Homo sapiens | Characteristics[cell line]=JIMT-1 | Characteristics[organism part]=mammary gland | Characteristics[disease]=breast ductal adenocarcinoma | Characteristics[phenotype]=trastuzumab resistant | Factor Value[cell line]=JIMT-1 | Factor Value[phenotype]=trastuzumab resistant,RESISTANT,MODERATE,SECONDARY_FIELD,,,phrase:\btrastuzumab[- ]resistant\b,,False
BIOSTUDIES:E-MTAB-12224,2-2D-JIMT-DAC,,,,Characteristics[organism]=Homo sapiens | Characteristics[cell line]=JIMT-1 | Characteristics[organism part]=mammary gland | Characteristics[disease]=breast ductal adenocarcinoma | Characteristics[phenotype]=trastuzumab resistant | Factor Value[cell line]=JIMT-1 | Factor Value[phenotype]=trastuzumab resistant | Factor Value[stimulus]=decitabine,RESISTANT,MODERATE,SECONDARY_FIELD,,,phrase:\btrastuzumab[- ]resistant\b,,False
BIOSTUDIES:E-MTAB-12224,2-2D-T47D-control,,,,Characteristics[organism]=Homo sapiens | Characteristics[cell line]=T-47D | Characteristics[organism part]=mammary gland | Characteristics[disease]=breast ductal adenocarcinoma | Characteristics[phenotype]=luminal A subtype | Factor Value[cell line]=T-47D | Factor Value[phenotype]=luminal A subtype,UNRESOLVED,LOW,NO_DECISIVE_EVIDENCE,,,,,False
BIOSTUDIES:E-MTAB-12224,2-2D-T47D-DAC,,,,Characteristics[organism]=Homo sapiens | Characteristics[cell line]=T-47D | Characteristics[organism part]=mammary gland | Characteristics[disease]=breast ductal adenocarcinoma | Characteristics[phenotype]=luminal A subtype | Factor Value[cell line]=T-47D | Factor Value[phenotype]=luminal A subtype | Factor Value[stimulus]=decitabine,UNRESOLVED,LOW,NO_DECISIVE_EVIDENCE,,,,,False
BIOSTUDIES:E-MTAB-12224,3-2D-JIMT-control,,,,Characteristics[organism]=Homo sapiens | Characteristics[cell line]=JIMT-1 | Characteristics[organism part]=mammary gland | Characteristics[disease]=breast ductal adenocarcinoma | Characteristics[phenotype]=trastuzumab resistant | Factor Value[cell line]=JIMT-1 | Factor Value[phenotype]=trastuzumab resistant,RESISTANT,MODERATE,SECONDARY_FIELD,,,phrase:\btrastuzumab[- ]resistant\b,,False
BIOSTUDIES:E-MTAB-12224,3-2D-JIMT-DAC,,,,Characteristics[organism]=Homo sapiens | Characteristics[cell line]=JIMT-1 | Characteristics[organism part]=mammary gland | Characteristics[disease]=breast ductal adenocarcinoma | Characteristics[phenotype]=trastuzumab resistant | Factor Value[cell line]=JIMT-1 | Factor Value[phenotype]=trastuzumab resistant | Factor Value[stimulus]=decitabine,RESISTANT,MODERATE,SECONDARY_FIELD,,,phrase:\btrastuzumab[- ]resistant\b,,False
BIOSTUDIES:E-MTAB-12224,3-2D-T47D-control,,,,Characteristics[organism]=Homo sapiens | Characteristics[cell line]=T-47D | Characteristics[organism part]=mammary gland | Characteristics[disease]=breast ductal adenocarcinoma | Characteristics[phenotype]=luminal A subtype | Factor Value[cell line]=T-47D | Factor Value[phenotype]=luminal A subtype,UNRESOLVED,LOW,NO_DECISIVE_EVIDENCE,,,,,False
BIOSTUDIES:E-MTAB-12224,3-2D-T47D-DAC,,,,Characteristics[organism]=Homo sapiens | Characteristics[cell line]=T-47D | Characteristics[organism part]=mammary gland | Characteristics[disease]=breast ductal adenocarcinoma | Characteristics[phenotype]=luminal A subtype | Factor Value[cell line]=T-47D | Factor Value[phenotype]=luminal A subtype | Factor Value[stimulus]=decitabine,UNRESOLVED,LOW,NO_DECISIVE_EVIDENCE,,,,,False
BIOSTUDIES:E-MTAB-12225,1-2D-JIMT-control,,,,Characteristics[organism]=Homo sapiens | Characteristics[cell line]=JIMT-1 | Characteristics[organism part]=mammary gland | Characteristics[disease]=breast ductal adenocarcinoma | Characteristics[phenotype]=trastuzumab resistant | Factor Value[cell line]=JIMT-1 | Factor Value[phenotype]=trastuzumab resistant,RESISTANT,MODERATE,SECONDARY_FIELD,,,phrase:\btrastuzumab[- ]resistant\b,,False
BIOSTUDIES:E-MTAB-12225,1-2D-JIMT-DAC,,,,Characteristics[organism]=Homo sapiens | Characteristics[cell line]=JIMT-1 | Characteristics[organism part]=mammary gland | Characteristics[disease]=breast ductal adenocarcinoma | Characteristics[phenotype]=trastuzumab resistant | Factor Value[cell line]=JIMT-1 | Factor Value[phenotype]=trastuzumab resistant | Factor Value[stimulus]=decitabine,RESISTANT,MODERATE,SECONDARY_FIELD,,,phrase:\btrastuzumab[- ]resistant\b,,False
BIOSTUDIES:E-MTAB-12225,1-2D-T47D-control,,,,Characteristics[organism]=Homo sapiens | Characteristics[cell line]=T-47D | Characteristics[organism part]=mammary gland | Characteristics[disease]=breast ductal adenocarcinoma | Characteristics[phenotype]=luminal A subtype | Factor Value[cell line]=T-47D | Factor Value[phenotype]=luminal A subtype,UNRESOLVED,LOW,NO_DECISIVE_EVIDENCE,,,,,False
BIOSTUDIES:E-MTAB-12225,1-2D-T47D-DAC,,,,Characteristics[organism]=Homo sapiens | Characteristics[cell line]=T-47D | Characteristics[organism part]=mammary gland | Characteristics[disease]=breast ductal adenocarcinoma | Characteristics[phenotype]=luminal A subtype | Factor Value[cell line]=T-47D | Factor Value[phenotype]=luminal A subtype | Factor Value[stimulus]=decitabine,UNRESOLVED,LOW,NO_DECISIVE_EVIDENCE,,,,,False
BIOSTUDIES:E-MTAB-12225,2-2D-JIMT-control,,,,Characteristics[organism]=Homo sapiens | Characteristics[cell line]=JIMT-1 | Characteristics[organism part]=mammary gland | Characteristics[disease]=breast ductal adenocarcinoma | Characteristics[phenotype]=trastuzumab resistant | Factor Value[cell line]=JIMT-1 | Factor Value[phenotype]=trastuzumab resistant,RESISTANT,MODERATE,SECONDARY_FIELD,,,phrase:\btrastuzumab[- ]resistant\b,,False
BIOSTUDIES:E-MTAB-12225,2-2D-JIMT-DAC,,,,Characteristics[organism]=Homo sapiens | Characteristics[cell line]=JIMT-1 | Characteristics[organism part]=mammary gland | Characteristics[disease]=breast ductal adenocarcinoma | Characteristics[phenotype]=trastuzumab resistant | Factor Value[cell line]=JIMT-1 | Factor Value[phenotype]=trastuzumab resistant | Factor Value[stimulus]=decitabine,RESISTANT,MODERATE,SECONDARY_FIELD,,,phrase:\btrastuzumab[- ]resistant\b,,False
BIOSTUDIES:E-MTAB-12225,2-2D-T47D-control,,,,Characteristics[organism]=Homo sapiens | Characteristics[cell line]=T-47D | Characteristics[organism part]=mammary gland | Characteristics[disease]=breast ductal adenocarcinoma | Characteristics[phenotype]=luminal A subtype | Factor Value[cell line]=T-47D | Factor Value[phenotype]=luminal A subtype,UNRESOLVED,LOW,NO_DECISIVE_EVIDENCE,,,,,False
BIOSTUDIES:E-MTAB-12225,2-2D-T47D-DAC,,,,Characteristics[organism]=Homo sapiens | Characteristics[cell line]=T-47D | Characteristics[organism part]=mammary gland | Characteristics[disease]=breast ductal adenocarcinoma | Characteristics[phenotype]=luminal A subtype | Factor Value[cell line]=T-47D | Factor Value[phenotype]=luminal A subtype | Factor Value[stimulus]=decitabine,UNRESOLVED,LOW,NO_DECISIVE_EVIDENCE,,,,,False
BIOSTUDIES:E-MTAB-12225,3-2D-JIMT-control,,,,Characteristics[organism]=Homo sapiens | Characteristics[cell line]=JIMT-1 | Characteristics[organism part]=mammary gland | Characteristics[disease]=breast ductal adenocarcinoma | Characteristics[phenotype]=trastuzumab resistant | Factor Value[cell line]=JIMT-1 | Factor Value[phenotype]=trastuzumab resistant,RESISTANT,MODERATE,SECONDARY_FIELD,,,phrase:\btrastuzumab[- ]resistant\b,,False
BIOSTUDIES:E-MTAB-12225,3-2D-JIMT-DAC,,,,Characteristics[organism]=Homo sapiens | Characteristics[cell line]=JIMT-1 | Characteristics[organism part]=mammary gland | Characteristics[disease]=breast ductal adenocarcinoma | Characteristics[phenotype]=trastuzumab resistant | Factor Value[cell line]=JIMT-1 | Factor Value[phenotype]=trastuzumab resistant | Factor Value[stimulus]=decitabine,RESISTANT,MODERATE,SECONDARY_FIELD,,,phrase:\btrastuzumab[- ]resistant\b,,False
BIOSTUDIES:E-MTAB-12225,3-2D-T47D-control,,,,Characteristics[organism]=Homo sapiens | Characteristics[cell line]=T-47D | Characteristics[organism part]=mammary gland | Characteristics[disease]=breast ductal adenocarcinoma | Characteristics[phenotype]=luminal A subtype | Factor Value[cell line]=T-47D | Factor Value[phenotype]=luminal A subtype,UNRESOLVED,LOW,NO_DECISIVE_EVIDENCE,,,,,False
BIOSTUDIES:E-MTAB-12225,3-2D-T47D-DAC,,,,Characteristics[organism]=Homo sapiens | Characteristics[cell line]=T-47D | Characteristics[organism part]=mammary gland | Characteristics[disease]=breast ductal adenocarcinoma | Characteristics[phenotype]=luminal A subtype | Factor Value[cell line]=T-47D | Factor Value[phenotype]=luminal A subtype | Factor Value[stimulus]=decitabine,UNRESOLVED,LOW,NO_DECISIVE_EVIDENCE,,,,,False
