dataset_id,sample_id,title,source_name,characteristics,treatment,description,current_resistance_status,cell_line,replicate_type,resistance_hints,control_hints,ambiguous_short_tokens
GEO:GSE107473,GSM2868040,HBL-100,breast,cell type: normal breast epithelial cells | tissue: breast epithelial | cell line: HBL-100,,,AMBIGUOUS,SKBR3,UNRESOLVED,,,
GEO:GSE107473,GSM2868041,SKBR3,breast,cell type: trastuzumab-sensitive cells | tissue: breast adenocarcinoma | cell line: SKBR3,,,AMBIGUOUS,SKBR3,UNRESOLVED,,trastuzumab-sensitive,
GEO:GSE107473,GSM2868042,JIMT-1,breast,cell type: trastuzumab-resistant cells | tissue: breast adenocarcinoma | cell line: JIMT-1,,,AMBIGUOUS,SKBR3,UNRESOLVED,trastuzumab-resistant,,
GEO:GSE114575,GSM3145240,10705X1 (SKBr3),SKBr3,tissue: breast cancer | index taga: Index 3 TTAGGC | hci - reference sample name: SKBr3,,,SENSITIVE_OR_PARENTAL,SKBR3,UNRESOLVED,,parental,
GEO:GSE114575,GSM3145241,10705X2 (Her/trastuz resist),Her/trastuz resist,tissue: breast cancer | index taga: Index 7 CAGATC | hci - reference sample name: Her,,,RESISTANT,,UNRESOLVED,resistant,,
GEO:GSE114575,GSM3145242,10705X3 (Lap/lapatinib resist),Lap/lapatinib resist,tissue: breast cancer | index taga: Index 13 AGTCAA | hci - reference sample name: Lap,,,EXCLUDED,,UNRESOLVED,,,
GEO:GSE114575,GSM3145243,10705X4 (Her/Lap resist - sequential),Her/Lap resist - sequential,tissue: breast cancer | index taga: Index 21 GTTTCG | hci - reference sample name: Her/Lap,,,EXCLUDED,,UNRESOLVED,,,
GEO:GSE114575,GSM3145244,10705X5 (Lap/Her resist - sequential),Lap/Her resist - sequential,tissue: breast cancer | index taga: Index 9 GATCAG | hci - reference sample name: Lap/Her,,,EXCLUDED,,UNRESOLVED,,,
GEO:GSE119397,GSM3374141,BT474 probe 1,BT474 cell line,cell line: BT474 | tissue: Breast,No treatment.,Gene expression data from BT474 cells under standard conditions,UNRESOLVED,BT474,UNRESOLVED,,,
GEO:GSE119397,GSM3374142,BT474 probe 2,BT474 cell line,cell line: BT474 | tissue: Breast,No treatment.,Gene expression data from BT474 cells under standard conditions,UNRESOLVED,BT474,UNRESOLVED,,,
GEO:GSE119397,GSM3374143,BT474 probe 3,BT474 cell line,cell line: BT474 | tissue: Breast,No treatment.,Gene expression data from BT474 cells under standard conditions,UNRESOLVED,BT474,UNRESOLVED,,,
GEO:GSE119397,GSM3374144,BT474 probe 4,BT474 cell line,cell line: BT474 | tissue: Breast,No treatment.,Gene expression data from BT474 cells under standard conditions,UNRESOLVED,BT474,UNRESOLVED,,,
GEO:GSE119397,GSM3374145,BT474 probe 5,BT474 cell line,cell line: BT474 | tissue: Breast,No treatment.,Gene expression data from BT474 cells under standard conditions,UNRESOLVED,BT474,UNRESOLVED,,,
GEO:GSE119397,GSM3374146,BT474 probe 6,BT474 cell line,cell line: BT474 | tissue: Breast,No treatment.,Gene expression data from BT474 cells under standard conditions,UNRESOLVED,BT474,UNRESOLVED,,,
GEO:GSE119397,GSM3374147,BT474 probe 7,BT474 cell line,cell line: BT474 | tissue: Breast,No treatment.,Gene expression data from BT474 cells under standard conditions,UNRESOLVED,BT474,UNRESOLVED,,,
GEO:GSE119397,GSM3374148,BT474 probe 8,BT474 cell line,cell line: BT474 | tissue: Breast,No treatment.,Gene expression data from BT474 cells under standard conditions,UNRESOLVED,BT474,UNRESOLVED,,,
GEO:GSE119397,GSM3374149,BT-RH probe 1,BT-RH cell line,cell line: BT-RH | tissue: Breast,No treatment.,Gene expression data from BT-RH cells under standard conditions,UNRESOLVED,BT474,UNRESOLVED,,,
GEO:GSE119397,GSM3374150,BT-RH probe 2,BT-RH cell line,cell line: BT-RH | tissue: Breast,No treatment.,Gene expression data from BT-RH cells under standard conditions,UNRESOLVED,BT474,UNRESOLVED,,,
GEO:GSE119397,GSM3374151,BT-RH probe 3,BT-RH cell line,cell line: BT-RH | tissue: Breast,No treatment.,Gene expression data from BT-RH cells under standard conditions,UNRESOLVED,BT474,UNRESOLVED,,,
GEO:GSE119397,GSM3374152,BT-RH probe 4,BT-RH cell line,cell line: BT-RH | tissue: Breast,No treatment.,Gene expression data from BT-RH cells under standard conditions,UNRESOLVED,BT474,UNRESOLVED,,,
GEO:GSE119397,GSM3374153,BT-RH probe 5,BT-RH cell line,cell line: BT-RH | tissue: Breast,No treatment.,Gene expression data from BT-RH cells under standard conditions,UNRESOLVED,BT474,UNRESOLVED,,,
GEO:GSE121105,GSM3426212,BT474_replicate1,BT474,cell line background: BT474 | cell type: HER2+ breast cancer cells | sensitivity to her2 antibodies: sensitive | treatment: none,,Sample_BT474_1,SENSITIVE_OR_PARENTAL,BT474,UNRESOLVED,,parental | sensitive,
GEO:GSE121105,GSM3426213,BT474_replicate2,BT474,cell line background: BT474 | cell type: HER2+ breast cancer cells | sensitivity to her2 antibodies: sensitive | treatment: none,,Sample_BT474_2,SENSITIVE_OR_PARENTAL,BT474,UNRESOLVED,,parental | sensitive,
GEO:GSE121105,GSM3426214,BT474_replicate3,BT474,cell line background: BT474 | cell type: HER2+ breast cancer cells | sensitivity to her2 antibodies: sensitive | treatment: none,,Sample_BT474_3,SENSITIVE_OR_PARENTAL,BT474,UNRESOLVED,,parental | sensitive,
GEO:GSE121105,GSM3426215,BT474+trastuzumab_replicate1,BT474+trastuzumab,cell line background: BT474 | cell type: HER2+ breast cancer cells | sensitivity to her2 antibodies: sensitive | treatment: 10 µg/mL trastuzumab for 3 days,,Sample_BT474_10T_1,EXCLUDED,BT474,UNRESOLVED,,sensitive,
GEO:GSE121105,GSM3426216,BT474+trastuzumab_replicate2,BT474+trastuzumab,cell line background: BT474 | cell type: HER2+ breast cancer cells | sensitivity to her2 antibodies: sensitive | treatment: 10 µg/mL trastuzumab for 3 days,,Sample_BT474_10T_2,EXCLUDED,BT474,UNRESOLVED,,sensitive,
GEO:GSE121105,GSM3426217,BT474+trastuzumab_replicate3,BT474+trastuzumab,cell line background: BT474 | cell type: HER2+ breast cancer cells | sensitivity to her2 antibodies: sensitive | treatment: 10 µg/mL trastuzumab for 3 days,,Sample_BT474_10T_3,EXCLUDED,BT474,UNRESOLVED,,sensitive,
GEO:GSE121105,GSM3426218,BT474+trastuzumab+pertuzumab_replicate1,BT474+trastuzumab+pertuzumab,cell line background: BT474 | cell type: HER2+ breast cancer cells | sensitivity to her2 antibodies: sensitive | treatment: 10 µg/mL trastuzumab + 10 µg/mL pertuzumab for 3 days,,Sample_BT474_10T10P_1,EXCLUDED,BT474,UNRESOLVED,,sensitive,
GEO:GSE121105,GSM3426219,BT474+trastuzumab+pertuzumab_replicate2,BT474+trastuzumab+pertuzumab,cell line background: BT474 | cell type: HER2+ breast cancer cells | sensitivity to her2 antibodies: sensitive | treatment: 10 µg/mL trastuzumab + 10 µg/mL pertuzumab for 3 days,,Sample_BT474_10T10P_2,EXCLUDED,BT474,UNRESOLVED,,sensitive,
GEO:GSE121105,GSM3426220,BT474+trastuzumab+pertuzumab_replicate3,BT474+trastuzumab+pertuzumab,cell line background: BT474 | cell type: HER2+ breast cancer cells | sensitivity to her2 antibodies: sensitive | treatment: 10 µg/mL trastuzumab + 10 µg/mL pertuzumab for 3 days,,Sample_BT474_10T10P_3,EXCLUDED,BT474,UNRESOLVED,,sensitive,
GEO:GSE121105,GSM3426221,BT-TR1_replicate1,BT-TR1,cell line background: BT474 | cell type: HER2+ breast cancer cells | sensitivity to her2 antibodies: trastuzumab-resistant | treatment: no treatment for 7 days prior to harvesting,,Sample_BT-TR1_1,RESISTANT,BT474,UNRESOLVED,trastuzumab-resistant | resistant,,
GEO:GSE121105,GSM3426222,BT-TR1_replicate2,BT-TR1,cell line background: BT474 | cell type: HER2+ breast cancer cells | sensitivity to her2 antibodies: trastuzumab-resistant | treatment: no treatment for 7 days prior to harvesting,,Sample_BT-TR1_2,RESISTANT,BT474,UNRESOLVED,trastuzumab-resistant | resistant,,
GEO:GSE121105,GSM3426223,BT-TR1_replicate3,BT-TR1,cell line background: BT474 | cell type: HER2+ breast cancer cells | sensitivity to her2 antibodies: trastuzumab-resistant | treatment: no treatment for 7 days prior to harvesting,,Sample_BT-TR1_3,RESISTANT,BT474,UNRESOLVED,trastuzumab-resistant | resistant,,
GEO:GSE121105,GSM3426224,BT-TR2_replicate1,BT-TR2,cell line background: BT474 | cell type: HER2+ breast cancer cells | sensitivity to her2 antibodies: trastuzumab-resistant | treatment: no treatment for 7 days prior to harvesting,,Sample_BT-TR2_1,RESISTANT,BT474,UNRESOLVED,trastuzumab-resistant | resistant,,
GEO:GSE121105,GSM3426225,BT-TR2_replicate2,BT-TR2,cell line background: BT474 | cell type: HER2+ breast cancer cells | sensitivity to her2 antibodies: trastuzumab-resistant | treatment: no treatment for 7 days prior to harvesting,,Sample_BT-TR2_2,RESISTANT,BT474,UNRESOLVED,trastuzumab-resistant | resistant,,
GEO:GSE121105,GSM3426226,BT-TR2_replicate3,BT-TR2,cell line background: BT474 | cell type: HER2+ breast cancer cells | sensitivity to her2 antibodies: trastuzumab-resistant | treatment: no treatment for 7 days prior to harvesting,,Sample_BT-TR2_3,RESISTANT,BT474,UNRESOLVED,trastuzumab-resistant | resistant,,
GEO:GSE121105,GSM3426227,BT-TPR1_replicate1,BT-TPR1,cell line background: BT474 | cell type: HER2+ breast cancer cells | sensitivity to her2 antibodies: trastuzumab + pertuzumab-resistant | treatment: no treatment for 7 days prior to harvesting,,Sample_BT-TPR1_1,EXCLUDED,BT474,UNRESOLVED,,,
GEO:GSE121105,GSM3426228,BT-TPR1_replicate2,BT-TPR1,cell line background: BT474 | cell type: HER2+ breast cancer cells | sensitivity to her2 antibodies: trastuzumab + pertuzumab-resistant | treatment: no treatment for 7 days prior to harvesting,,Sample_BT-TPR1_2,EXCLUDED,BT474,UNRESOLVED,,,
GEO:GSE121105,GSM3426229,BT-TPR1_replicate3,BT-TPR1,cell line background: BT474 | cell type: HER2+ breast cancer cells | sensitivity to her2 antibodies: trastuzumab + pertuzumab-resistant | treatment: no treatment for 7 days prior to harvesting,,Sample_BT-TPR1_3,EXCLUDED,BT474,UNRESOLVED,,,
GEO:GSE121105,GSM3426230,BT-TPR2_replicate1,BT-TPR2,cell line background: BT474 | cell type: HER2+ breast cancer cells | sensitivity to her2 antibodies: trastuzumab + pertuzumab-resistant | treatment: no treatment for 7 days prior to harvesting,,Sample_BT-TPR2_1,EXCLUDED,BT474,UNRESOLVED,,,
GEO:GSE121105,GSM3426231,BT-TPR2_replicate2,BT-TPR2,cell line background: BT474 | cell type: HER2+ breast cancer cells | sensitivity to her2 antibodies: trastuzumab + pertuzumab-resistant | treatment: no treatment for 7 days prior to harvesting,,Sample_BT-TPR2_2,EXCLUDED,BT474,UNRESOLVED,,,
GEO:GSE121105,GSM3426232,BT-TPR2_replicate3,BT-TPR2,cell line background: BT474 | cell type: HER2+ breast cancer cells | sensitivity to her2 antibodies: trastuzumab + pertuzumab-resistant | treatment: no treatment for 7 days prior to harvesting,,Sample_BT-TPR2_3,EXCLUDED,BT474,UNRESOLVED,,,
GEO:GSE123754,GSM3510887,Trastuzumab-sensitive model (SK),HER2-positive breast cancer,cell line: SK | cell type: Trastuzumab-sensitive breast cancer cells | gender: Female,"Trastuzumab-resistant SK cells (SKTR) were developed by exposing SK cells continuously to trastuzumab (Herceptin, Hoffmann-La Roche Pharma), starting with 1μM concentration for three months of exposure and increasing the concentration up to 2 μM for a 12 months period. Thus, cells resistant to trastuzumab were maintained in 2 μM trastuzumab, a concentration at which SK parental cells were not viable.",SKBR3 | Trastuzumab-sensitive HER2-positive breast cancer cell line.,SENSITIVE_OR_PARENTAL,SKBR3,UNRESOLVED,trastuzumab-resistant | resistant,parental | trastuzumab-sensitive | parental,
GEO:GSE123754,GSM3510888,Trastuzumab-resistant model (SKTR),HER2-positive breast cancer,cell line: SKTR | cell type: Trastuzumab-resistant breast cancer cells | gender: Female,"Trastuzumab-resistant SK cells (SKTR) were developed by exposing SK cells continuously to trastuzumab (Herceptin, Hoffmann-La Roche Pharma), starting with 1μM concentration for three months of exposure and increasing the concentration up to 2 μM for a 12 months period. Thus, cells resistant to trastuzumab were maintained in 2 μM trastuzumab, a concentration at which SK parental cells were not viable.",SKTR | Trastuzumab-resistant HER2-positive breast cancer cell line.,RESISTANT,SKBR3,UNRESOLVED,trastuzumab-resistant | resistant,parental | parental,
GEO:GSE132055,GSM3840098,AU565-P,human breast cancer cells,cell model: AU565 | anti-her2 resistance: Sensitive | treatment: None (parental),"HER2+ breast cancer cells resistant to HER2-targeted therapy were generated by long term culture of the parental (P) cells in their original media with increasing concentrations of lapatinib (0.1 to 1 μM), or lapatinib (0.1 to 1 μM) plus trastuzumab (1 to 50 μg/ml). Responsive cells were cultured with their respective treatments until growth resumed. The time to the development of resistant growth varied from 3 to 12 months. P cells were also treated for 24 h with lapatinib (1 µM) or lapatinib plus trastuzumab (L: 1 µM, T: 50 µg/ml).",anti-HER2 sensitive | processed data file: MVA_fpkm_genelevel_GEO_submission_5-28-19.txt,AMBIGUOUS,SKBR3 | AU565,UNRESOLVED,resistance | resistant,parental | parental | sensitive,
GEO:GSE132055,GSM3840099,AU565-P L,human breast cancer cells,"cell model: AU565 | anti-her2 resistance: Sensitive | treatment: Lapatinib, 24h","HER2+ breast cancer cells resistant to HER2-targeted therapy were generated by long term culture of the parental (P) cells in their original media with increasing concentrations of lapatinib (0.1 to 1 μM), or lapatinib (0.1 to 1 μM) plus trastuzumab (1 to 50 μg/ml). Responsive cells were cultured with their respective treatments until growth resumed. The time to the development of resistant growth varied from 3 to 12 months. P cells were also treated for 24 h with lapatinib (1 µM) or lapatinib plus trastuzumab (L: 1 µM, T: 50 µg/ml).",anti-HER2 sensitive | processed data file: MVA_fpkm_genelevel_GEO_submission_5-28-19.txt,AMBIGUOUS,SKBR3 | AU565,UNRESOLVED,resistance | resistant,parental | parental | sensitive,
GEO:GSE132055,GSM3840100,AU565-P LT,human breast cancer cells,"cell model: AU565 | anti-her2 resistance: Sensitive | treatment: Lapatinib plus trastuzumab, 24h","HER2+ breast cancer cells resistant to HER2-targeted therapy were generated by long term culture of the parental (P) cells in their original media with increasing concentrations of lapatinib (0.1 to 1 μM), or lapatinib (0.1 to 1 μM) plus trastuzumab (1 to 50 μg/ml). Responsive cells were cultured with their respective treatments until growth resumed. The time to the development of resistant growth varied from 3 to 12 months. P cells were also treated for 24 h with lapatinib (1 µM) or lapatinib plus trastuzumab (L: 1 µM, T: 50 µg/ml).",anti-HER2 sensitive | processed data file: MVA_fpkm_genelevel_GEO_submission_5-28-19.txt,AMBIGUOUS,SKBR3 | AU565,UNRESOLVED,resistance | resistant,parental | parental | sensitive,
GEO:GSE132055,GSM3840101,AU565-LR,human breast cancer cells,"cell model: AU565 | anti-her2 resistance: Resistant | treatment: Lapatinib, long-term","HER2+ breast cancer cells resistant to HER2-targeted therapy were generated by long term culture of the parental (P) cells in their original media with increasing concentrations of lapatinib (0.1 to 1 μM), or lapatinib (0.1 to 1 μM) plus trastuzumab (1 to 50 μg/ml). Responsive cells were cultured with their respective treatments until growth resumed. The time to the development of resistant growth varied from 3 to 12 months. P cells were also treated for 24 h with lapatinib (1 µM) or lapatinib plus trastuzumab (L: 1 µM, T: 50 µg/ml).",anti-HER2-resistant | processed data file: MVA_fpkm_genelevel_GEO_submission_5-28-19.txt,AMBIGUOUS,SKBR3 | AU565,UNRESOLVED,resistance | resistant,parental | parental,
GEO:GSE132055,GSM3840102,AU565-LTR,human breast cancer cells,"cell model: AU565 | anti-her2 resistance: Resistant | treatment: Lapatinib plus trastuzumab, long-term","HER2+ breast cancer cells resistant to HER2-targeted therapy were generated by long term culture of the parental (P) cells in their original media with increasing concentrations of lapatinib (0.1 to 1 μM), or lapatinib (0.1 to 1 μM) plus trastuzumab (1 to 50 μg/ml). Responsive cells were cultured with their respective treatments until growth resumed. The time to the development of resistant growth varied from 3 to 12 months. P cells were also treated for 24 h with lapatinib (1 µM) or lapatinib plus trastuzumab (L: 1 µM, T: 50 µg/ml).",anti-HER2-resistant | processed data file: MVA_fpkm_genelevel_GEO_submission_5-28-19.txt,AMBIGUOUS,SKBR3 | AU565,UNRESOLVED,resistance | resistant,parental | parental,
GEO:GSE132055,GSM3840103,SKBR3-P,human breast cancer cells,cell model: SKBR3 | anti-her2 resistance: Sensitive | treatment: None (parental),"HER2+ breast cancer cells resistant to HER2-targeted therapy were generated by long term culture of the parental (P) cells in their original media with increasing concentrations of lapatinib (0.1 to 1 μM), or lapatinib (0.1 to 1 μM) plus trastuzumab (1 to 50 μg/ml). Responsive cells were cultured with their respective treatments until growth resumed. The time to the development of resistant growth varied from 3 to 12 months. P cells were also treated for 24 h with lapatinib (1 µM) or lapatinib plus trastuzumab (L: 1 µM, T: 50 µg/ml).",anti-HER2 sensitive | processed data file: MVA_fpkm_genelevel_GEO_submission_5-28-19.txt,AMBIGUOUS,SKBR3 | AU565,UNRESOLVED,resistance | resistant,parental | parental | sensitive,
GEO:GSE132055,GSM3840104,SKBR3-P L,human breast cancer cells,"cell model: SKBR3 | anti-her2 resistance: Sensitive | treatment: Lapatinib, 24h","HER2+ breast cancer cells resistant to HER2-targeted therapy were generated by long term culture of the parental (P) cells in their original media with increasing concentrations of lapatinib (0.1 to 1 μM), or lapatinib (0.1 to 1 μM) plus trastuzumab (1 to 50 μg/ml). Responsive cells were cultured with their respective treatments until growth resumed. The time to the development of resistant growth varied from 3 to 12 months. P cells were also treated for 24 h with lapatinib (1 µM) or lapatinib plus trastuzumab (L: 1 µM, T: 50 µg/ml).",anti-HER2 sensitive | processed data file: MVA_fpkm_genelevel_GEO_submission_5-28-19.txt,AMBIGUOUS,SKBR3 | AU565,UNRESOLVED,resistance | resistant,parental | parental | sensitive,
GEO:GSE132055,GSM3840105,SKBR3-P LT,human breast cancer cells,"cell model: SKBR3 | anti-her2 resistance: Sensitive | treatment: Lapatinib plus trastuzumab, 24h","HER2+ breast cancer cells resistant to HER2-targeted therapy were generated by long term culture of the parental (P) cells in their original media with increasing concentrations of lapatinib (0.1 to 1 μM), or lapatinib (0.1 to 1 μM) plus trastuzumab (1 to 50 μg/ml). Responsive cells were cultured with their respective treatments until growth resumed. The time to the development of resistant growth varied from 3 to 12 months. P cells were also treated for 24 h with lapatinib (1 µM) or lapatinib plus trastuzumab (L: 1 µM, T: 50 µg/ml).",anti-HER2 sensitive | processed data file: MVA_fpkm_genelevel_GEO_submission_5-28-19.txt,AMBIGUOUS,SKBR3 | AU565,UNRESOLVED,resistance | resistant,parental | parental | sensitive,
GEO:GSE132055,GSM3840106,SKBR3-LR,human breast cancer cells,"cell model: SKBR3 | anti-her2 resistance: Resistant | treatment: Lapatinib, long-term","HER2+ breast cancer cells resistant to HER2-targeted therapy were generated by long term culture of the parental (P) cells in their original media with increasing concentrations of lapatinib (0.1 to 1 μM), or lapatinib (0.1 to 1 μM) plus trastuzumab (1 to 50 μg/ml). Responsive cells were cultured with their respective treatments until growth resumed. The time to the development of resistant growth varied from 3 to 12 months. P cells were also treated for 24 h with lapatinib (1 µM) or lapatinib plus trastuzumab (L: 1 µM, T: 50 µg/ml).",anti-HER2-resistant | processed data file: MVA_fpkm_genelevel_GEO_submission_5-28-19.txt,AMBIGUOUS,SKBR3 | AU565,UNRESOLVED,resistance | resistant,parental | parental,
GEO:GSE132055,GSM3840107,SKBR3-LTR,human breast cancer cells,"cell model: SKBR3 | anti-her2 resistance: Resistant | treatment: Lapatinib plus trastuzumab, long-term","HER2+ breast cancer cells resistant to HER2-targeted therapy were generated by long term culture of the parental (P) cells in their original media with increasing concentrations of lapatinib (0.1 to 1 μM), or lapatinib (0.1 to 1 μM) plus trastuzumab (1 to 50 μg/ml). Responsive cells were cultured with their respective treatments until growth resumed. The time to the development of resistant growth varied from 3 to 12 months. P cells were also treated for 24 h with lapatinib (1 µM) or lapatinib plus trastuzumab (L: 1 µM, T: 50 µg/ml).",anti-HER2-resistant | processed data file: MVA_fpkm_genelevel_GEO_submission_5-28-19.txt,AMBIGUOUS,SKBR3 | AU565,UNRESOLVED,resistance | resistant,parental | parental,
GEO:GSE132055,GSM3840108,UACC812-P,human breast cancer cells,cell model: UACC812 | anti-her2 resistance: Sensitive | treatment: None (parental),"HER2+ breast cancer cells resistant to HER2-targeted therapy were generated by long term culture of the parental (P) cells in their original media with increasing concentrations of lapatinib (0.1 to 1 μM), or lapatinib (0.1 to 1 μM) plus trastuzumab (1 to 50 μg/ml). Responsive cells were cultured with their respective treatments until growth resumed. The time to the development of resistant growth varied from 3 to 12 months. P cells were also treated for 24 h with lapatinib (1 µM) or lapatinib plus trastuzumab (L: 1 µM, T: 50 µg/ml).",anti-HER2 sensitive | processed data file: MVA_fpkm_genelevel_GEO_submission_5-28-19.txt,AMBIGUOUS,SKBR3 | AU565,UNRESOLVED,resistance | resistant,parental | parental | sensitive,
GEO:GSE132055,GSM3840109,UACC812-P L,human breast cancer cells,"cell model: UACC812 | anti-her2 resistance: Sensitive | treatment: Lapatinib, 24h","HER2+ breast cancer cells resistant to HER2-targeted therapy were generated by long term culture of the parental (P) cells in their original media with increasing concentrations of lapatinib (0.1 to 1 μM), or lapatinib (0.1 to 1 μM) plus trastuzumab (1 to 50 μg/ml). Responsive cells were cultured with their respective treatments until growth resumed. The time to the development of resistant growth varied from 3 to 12 months. P cells were also treated for 24 h with lapatinib (1 µM) or lapatinib plus trastuzumab (L: 1 µM, T: 50 µg/ml).",anti-HER2 sensitive | processed data file: MVA_fpkm_genelevel_GEO_submission_5-28-19.txt,AMBIGUOUS,SKBR3 | AU565,UNRESOLVED,resistance | resistant,parental | parental | sensitive,
GEO:GSE132055,GSM3840110,UACC812-P LT,human breast cancer cells,"cell model: UACC812 | anti-her2 resistance: Sensitive | treatment: Lapatinib plus trastuzumab, 24h","HER2+ breast cancer cells resistant to HER2-targeted therapy were generated by long term culture of the parental (P) cells in their original media with increasing concentrations of lapatinib (0.1 to 1 μM), or lapatinib (0.1 to 1 μM) plus trastuzumab (1 to 50 μg/ml). Responsive cells were cultured with their respective treatments until growth resumed. The time to the development of resistant growth varied from 3 to 12 months. P cells were also treated for 24 h with lapatinib (1 µM) or lapatinib plus trastuzumab (L: 1 µM, T: 50 µg/ml).",anti-HER2 sensitive | processed data file: MVA_fpkm_genelevel_GEO_submission_5-28-19.txt,AMBIGUOUS,SKBR3 | AU565,UNRESOLVED,resistance | resistant,parental | parental | sensitive,
GEO:GSE132055,GSM3840111,UACC812-LR,human breast cancer cells,"cell model: UACC812 | anti-her2 resistance: Resistant | treatment: Lapatinib, long-term","HER2+ breast cancer cells resistant to HER2-targeted therapy were generated by long term culture of the parental (P) cells in their original media with increasing concentrations of lapatinib (0.1 to 1 μM), or lapatinib (0.1 to 1 μM) plus trastuzumab (1 to 50 μg/ml). Responsive cells were cultured with their respective treatments until growth resumed. The time to the development of resistant growth varied from 3 to 12 months. P cells were also treated for 24 h with lapatinib (1 µM) or lapatinib plus trastuzumab (L: 1 µM, T: 50 µg/ml).",anti-HER2-resistant | processed data file: MVA_fpkm_genelevel_GEO_submission_5-28-19.txt,AMBIGUOUS,SKBR3 | AU565,UNRESOLVED,resistance | resistant,parental | parental,
GEO:GSE132055,GSM3840112,UACC812-LTR,human breast cancer cells,"cell model: UACC812 | anti-her2 resistance: Resistant | treatment: Lapatinib plus trastuzumab, long-term","HER2+ breast cancer cells resistant to HER2-targeted therapy were generated by long term culture of the parental (P) cells in their original media with increasing concentrations of lapatinib (0.1 to 1 μM), or lapatinib (0.1 to 1 μM) plus trastuzumab (1 to 50 μg/ml). Responsive cells were cultured with their respective treatments until growth resumed. The time to the development of resistant growth varied from 3 to 12 months. P cells were also treated for 24 h with lapatinib (1 µM) or lapatinib plus trastuzumab (L: 1 µM, T: 50 µg/ml).",anti-HER2-resistant | processed data file: MVA_fpkm_genelevel_GEO_submission_5-28-19.txt,AMBIGUOUS,SKBR3 | AU565,UNRESOLVED,resistance | resistant,parental | parental,
GEO:GSE15043,GSM375719,Wildtype BT474 rep1,Wildtype BT474 cells,cell type: Wildtype BT474 cells,,Gene expression data from wildtype BT474 cells,SENSITIVE_OR_PARENTAL,BT474,UNRESOLVED,,parental,
GEO:GSE15043,GSM375720,Wildtype BT474 rep2,Wildtype BT474 cells,cell type: Wildtype BT474 cells,,Gene expression data from wildtype BT474 cells,SENSITIVE_OR_PARENTAL,BT474,UNRESOLVED,,parental,
GEO:GSE15043,GSM375721,Clone BT/HerR1.0C rep1,Herceptin-resistant clone BT/HerR1.0C,cell type: Herceptin-resistant clone BT/HerR1.0C,,Gene expression data from Herceptin-resistant BT/HerR1.0C clone,RESISTANT,,UNRESOLVED,herceptin-resistant | resistant clone | resistant,,
GEO:GSE15043,GSM375722,Clone BT/HerR1.0C rep2,Herceptin-resistant clone BT/HerR1.0C,cell type: Herceptin-resistant clone BT/HerR1.0C,,Gene expression data from Herceptin-resistant BT/HerR1.0C clone,RESISTANT,,UNRESOLVED,herceptin-resistant | resistant clone | resistant,,
GEO:GSE15043,GSM375723,Clone BT/HerR1.0E rep1,Herceptin-resistant clone BT/HerR1.0E,cell type: Herceptin-resistant clone BT/HerR1.0E,,Gene expression data from Herceptin-resistant BT/HerR1.0e clone,RESISTANT,,UNRESOLVED,herceptin-resistant | resistant clone | resistant,,
GEO:GSE15043,GSM375724,Clone BT/HerR1.0E rep2,Herceptin-resistant clone BT/HerR1.0E,cell type: Herceptin-resistant clone BT/HerR1.0E,,Gene expression data from Herceptin-resistant BT/HerR1.0E clone,RESISTANT,,UNRESOLVED,herceptin-resistant | resistant clone | resistant,,
GEO:GSE15043,GSM375725,Clone BT/HerR0.2D rep1,Herceptin-resistant clone BT/HerR0.2D,cell type: Herceptin-resistant clone BT/HerR0.2D,,Gene expression data from Herceptin-resistant BT/HerR0.2D clone,RESISTANT,,UNRESOLVED,herceptin-resistant | resistant clone | resistant,,
GEO:GSE15043,GSM375726,Clone BT/HerR0.2D rep2,Herceptin-resistant clone BT/HerR0.2D,cell type: Herceptin-resistant clone BT/HerR0.2D,,Gene expression data from Herceptin-resistant BT/HerR0.2D clone,RESISTANT,,UNRESOLVED,herceptin-resistant | resistant clone | resistant,,
GEO:GSE15043,GSM375727,Clone BT/HerR0.2J rep1,Herceptin-resistant clone BT/HerR0.2J,cell type: Herceptin-resistant clone BT/HerR0.2J,,Gene expression data from Herceptin-resistant BT/HerR0.2J clone,RESISTANT,,UNRESOLVED,herceptin-resistant | resistant clone | resistant,,
GEO:GSE15043,GSM375728,Clone BT/HerR0.2J rep2,Herceptin-resistant clone BT/HerR0.2J,cell type: Herceptin-resistant clone BT/HerR0.2J,,Gene expression data from Herceptin-resistant BT/HerR0.2J clone,RESISTANT,,UNRESOLVED,herceptin-resistant | resistant clone | resistant,,
GEO:GSE161743,GSM4913841,101-O,Patient 101,tissue: breast tumor specimen | disease state: HER2-positive | time point: post-treatment | treatment: trastuzumab + pertuzumab,,,UNRESOLVED,,UNRESOLVED,,,
GEO:GSE161743,GSM4913842,101-R,Patient 101,tissue: breast tumor specimen | disease state: HER2-positive | time point: pre-treatment | treatment: n/a,,,UNRESOLVED,,UNRESOLVED,,,
GEO:GSE161743,GSM4913843,103-O,Patient 103,tissue: breast tumor specimen | disease state: HER2-positive | time point: post-treatment | treatment: trastuzumab,,,UNRESOLVED,,UNRESOLVED,,,
GEO:GSE161743,GSM4913844,103-R,Patient 103,tissue: breast tumor specimen | disease state: HER2-positive | time point: pre-treatment | treatment: n/a,,,UNRESOLVED,,UNRESOLVED,,,
GEO:GSE161743,GSM4913845,107-O,Patient 107,tissue: breast tumor specimen | disease state: HER2-positive | time point: post-treatment | treatment: trastuzumab + lapatinib,,,UNRESOLVED,,UNRESOLVED,,,
GEO:GSE161743,GSM4913846,107-R,Patient 107,tissue: breast tumor specimen | disease state: HER2-positive | time point: pre-treatment | treatment: n/a,,,UNRESOLVED,,UNRESOLVED,,,
GEO:GSE161743,GSM4913847,108-O,Patient 108,tissue: breast tumor specimen | disease state: HER2-positive | time point: post-treatment | treatment: trastuzumab,,,UNRESOLVED,,UNRESOLVED,,,
GEO:GSE161743,GSM4913848,108-R,Patient 108,tissue: breast tumor specimen | disease state: HER2-positive | time point: pre-treatment | treatment: n/a,,,UNRESOLVED,,UNRESOLVED,,,
GEO:GSE161743,GSM4913849,109-O,Patient 109,tissue: breast tumor specimen | disease state: HER2-positive | time point: post-treatment | treatment: trastuzumab + pertuzumab,,,UNRESOLVED,,UNRESOLVED,,,
GEO:GSE161743,GSM4913850,111-O,Patient 111,tissue: breast tumor specimen | disease state: HER2-positive | time point: post-treatment | treatment: pertuzumab,,,UNRESOLVED,,UNRESOLVED,,,
GEO:GSE161743,GSM4913851,111-R,Patient 111,tissue: breast tumor specimen | disease state: HER2-positive | time point: pre-treatment | treatment: n/a,,,UNRESOLVED,,UNRESOLVED,,,
GEO:GSE161743,GSM4913852,112-O,Patient 112,tissue: breast tumor specimen | disease state: HER2-positive | time point: post-treatment | treatment: trastuzumab + lapatinib,,,UNRESOLVED,,UNRESOLVED,,,
GEO:GSE161743,GSM4913853,113-O,Patient 113,tissue: breast tumor specimen | disease state: HER2-positive | time point: post-treatment | treatment: trastuzumab,,,UNRESOLVED,,UNRESOLVED,,,
GEO:GSE161743,GSM4913854,113-R,Patient 113,tissue: breast tumor specimen | disease state: HER2-positive | time point: pre-treatment | treatment: n/a,,,UNRESOLVED,,UNRESOLVED,,,
GEO:GSE161743,GSM4913855,115-O,Patient 115,tissue: breast tumor specimen | disease state: HER2-positive | time point: post-treatment | treatment: trastuzumab + pertuzumab,,,UNRESOLVED,,UNRESOLVED,,,
GEO:GSE161743,GSM4913856,116-O,Patient 116,tissue: breast tumor specimen | disease state: HER2-positive | time point: post-treatment | treatment: pertuzumab,,,UNRESOLVED,,UNRESOLVED,,,
GEO:GSE161743,GSM4913857,116-R,Patient 116,tissue: breast tumor specimen | disease state: HER2-positive | time point: pre-treatment | treatment: n/a,,,UNRESOLVED,,UNRESOLVED,,,
GEO:GSE161743,GSM4913858,117-O,Patient 117,tissue: breast tumor specimen | disease state: HER2-positive | time point: post-treatment | treatment: trastuzumab,,,UNRESOLVED,,UNRESOLVED,,,
GEO:GSE161743,GSM4913859,117-R,Patient 117,tissue: breast tumor specimen | disease state: HER2-positive | time point: pre-treatment | treatment: n/a,,,UNRESOLVED,,UNRESOLVED,,,
GEO:GSE161743,GSM4913860,118-O,Patient 118,tissue: breast tumor specimen | disease state: HER2-positive | time point: post-treatment | treatment: pertuzumab,,,UNRESOLVED,,UNRESOLVED,,,
GEO:GSE161743,GSM4913861,119-O,Patient 119,tissue: breast tumor specimen | disease state: HER2-positive | time point: post-treatment | treatment: trastuzumab + pertuzumab,,,UNRESOLVED,,UNRESOLVED,,,
GEO:GSE161743,GSM4913862,119-R,Patient 119,tissue: breast tumor specimen | disease state: HER2-positive | time point: pre-treatment | treatment: n/a,,,UNRESOLVED,,UNRESOLVED,,,
GEO:GSE161743,GSM4913863,120-O,Patient 120,tissue: breast tumor specimen | disease state: HER2-positive | time point: post-treatment | treatment: trastuzumab + pertuzumab,,,UNRESOLVED,,UNRESOLVED,,,
GEO:GSE161743,GSM4913864,120-R,Patient 120,tissue: breast tumor specimen | disease state: HER2-positive | time point: pre-treatment | treatment: n/a,,,UNRESOLVED,,UNRESOLVED,,,
GEO:GSE161743,GSM4913865,121-O,Patient 121,tissue: breast tumor specimen | disease state: HER2-positive | time point: post-treatment | treatment: trastuzumab + lapatinib,,,UNRESOLVED,,UNRESOLVED,,,
GEO:GSE161743,GSM4913866,123-O,Patient 123,tissue: breast tumor specimen | disease state: HER2-positive | time point: post-treatment | treatment: trastuzumab,,,UNRESOLVED,,UNRESOLVED,,,
GEO:GSE161743,GSM4913867,123-R,Patient 123,tissue: breast tumor specimen | disease state: HER2-positive | time point: pre-treatment | treatment: n/a,,,UNRESOLVED,,UNRESOLVED,,,
GEO:GSE161743,GSM4913868,125-O,Patient 125,tissue: breast tumor specimen | disease state: HER2-positive | time point: post-treatment | treatment: trastuzumab + lapatinib,,,UNRESOLVED,,UNRESOLVED,,,
GEO:GSE161743,GSM4913869,125-R,Patient 125,tissue: breast tumor specimen | disease state: HER2-positive | time point: pre-treatment | treatment: n/a,,,UNRESOLVED,,UNRESOLVED,,,
GEO:GSE161743,GSM4913870,128-O,Patient 128,tissue: breast tumor specimen | disease state: HER2-positive | time point: post-treatment | treatment: pertuzumab,,,UNRESOLVED,,UNRESOLVED,,,
GEO:GSE161743,GSM4913871,128-R,Patient 128,tissue: breast tumor specimen | disease state: HER2-positive | time point: pre-treatment | treatment: n/a,,,UNRESOLVED,,UNRESOLVED,,,
GEO:GSE161743,GSM4913872,124-O,Patient 124,tissue: breast tumor specimen | disease state: HER2-positive | time point: post-treatment | treatment: trastuzumab + lapatinib,,,UNRESOLVED,,UNRESOLVED,,,
GEO:GSE161743,GSM4913873,131-O,Patient 131,tissue: breast tumor specimen | disease state: HER2-positive | time point: post-treatment | treatment: trastuzumab + lapatinib,,,UNRESOLVED,,UNRESOLVED,,,
GEO:GSE161743,GSM4913874,133-R,Patient 133,tissue: breast tumor specimen | disease state: HER2-positive | time point: pre-treatment | treatment: n/a,,,UNRESOLVED,,UNRESOLVED,,,
GEO:GSE17630,GSM440114,T100,SKBR3 resistant to trastuzumab and lapatinib,tissue: breast cancer | cell line: SKBR3_T100 | genome/variation: HER2 overexpressing,,technical replicate of SKBR3_DS,AMBIGUOUS,SKBR3,TECHNICAL,resistant,,
GEO:GSE17630,GSM440115,T0,SKBR3 sensitive,tissue: breast cancer | cell line: SKBR3_T0,,technical replicate of SKBR3_NORM (dye swapped),SENSITIVE_OR_PARENTAL,SKBR3,TECHNICAL,,parental | sensitive,
GEO:GSE188513,GSM5684378,SKBR3_1,SKBR3,cell line: SKBR3 | cell type: Breast cancer cells | cell type: HER2 positive,,ATAC-J9_S12,UNRESOLVED,SKBR3,UNRESOLVED,,,
GEO:GSE188513,GSM5684379,SKBR3_2,SKBR3,cell line: SKBR3 | cell type: Breast cancer cells | cell type: HER2 positive,,ATAC-J10_S2,UNRESOLVED,SKBR3,UNRESOLVED,,,
GEO:GSE230326,GSM7213900,BT474_DMSO_Rep_1,Cell line,genotype: Parental | treatment: DMSO | cell line: BT474,BT474 parental and BRD8 KO cells were treated with neratinib (200nM) for 4h.,"BT474 parental and BRD8 KO cells were treated with neratinib (200nM) for 4h, then total RNA was extracted using E.Z.N.A total RNA kit (Omega Bio-tek). RNA sequencing libraries were prepared using the Illumina TruSeq RNA Library Prep Kit v2 following the manufacturer’s instructions. Each library was sequenced in single read mode, 1 × 50 bp, using the HiSeq4000 platform.",SENSITIVE_OR_PARENTAL,BT474,UNRESOLVED,,parental | parental,
GEO:GSE230326,GSM7213901,BT474_DMSO_Rep_2,Cell line,genotype: Parental | treatment: DMSO | cell line: BT474,BT474 parental and BRD8 KO cells were treated with neratinib (200nM) for 4h.,"BT474 parental and BRD8 KO cells were treated with neratinib (200nM) for 4h, then total RNA was extracted using E.Z.N.A total RNA kit (Omega Bio-tek). RNA sequencing libraries were prepared using the Illumina TruSeq RNA Library Prep Kit v2 following the manufacturer’s instructions. Each library was sequenced in single read mode, 1 × 50 bp, using the HiSeq4000 platform.",SENSITIVE_OR_PARENTAL,BT474,UNRESOLVED,,parental | parental,
GEO:GSE230326,GSM7213902,BT474_DMSO_Rep_3,Cell line,genotype: Parental | treatment: DMSO | cell line: BT474,BT474 parental and BRD8 KO cells were treated with neratinib (200nM) for 4h.,"BT474 parental and BRD8 KO cells were treated with neratinib (200nM) for 4h, then total RNA was extracted using E.Z.N.A total RNA kit (Omega Bio-tek). RNA sequencing libraries were prepared using the Illumina TruSeq RNA Library Prep Kit v2 following the manufacturer’s instructions. Each library was sequenced in single read mode, 1 × 50 bp, using the HiSeq4000 platform.",SENSITIVE_OR_PARENTAL,BT474,UNRESOLVED,,parental | parental,
GEO:GSE230326,GSM7213903,BT474_KO_DMSO_Rep_1,Cell line,genotype: BRD8 KO | treatment: DMSO | cell line: BT474,BT474 parental and BRD8 KO cells were treated with neratinib (200nM) for 4h.,"BT474 parental and BRD8 KO cells were treated with neratinib (200nM) for 4h, then total RNA was extracted using E.Z.N.A total RNA kit (Omega Bio-tek). RNA sequencing libraries were prepared using the Illumina TruSeq RNA Library Prep Kit v2 following the manufacturer’s instructions. Each library was sequenced in single read mode, 1 × 50 bp, using the HiSeq4000 platform.",SENSITIVE_OR_PARENTAL,BT474,UNRESOLVED,,parental | parental,
GEO:GSE230326,GSM7213904,BT474_KO_DMSO_Rep_2,Cell line,genotype: BRD8 KO | treatment: DMSO | cell line: BT474,BT474 parental and BRD8 KO cells were treated with neratinib (200nM) for 4h.,"BT474 parental and BRD8 KO cells were treated with neratinib (200nM) for 4h, then total RNA was extracted using E.Z.N.A total RNA kit (Omega Bio-tek). RNA sequencing libraries were prepared using the Illumina TruSeq RNA Library Prep Kit v2 following the manufacturer’s instructions. Each library was sequenced in single read mode, 1 × 50 bp, using the HiSeq4000 platform.",SENSITIVE_OR_PARENTAL,BT474,UNRESOLVED,,parental | parental,
GEO:GSE230326,GSM7213905,BT474_KO_DMSO_Rep_3,Cell line,genotype: BRD8 KO | treatment: DMSO | cell line: BT474,BT474 parental and BRD8 KO cells were treated with neratinib (200nM) for 4h.,"BT474 parental and BRD8 KO cells were treated with neratinib (200nM) for 4h, then total RNA was extracted using E.Z.N.A total RNA kit (Omega Bio-tek). RNA sequencing libraries were prepared using the Illumina TruSeq RNA Library Prep Kit v2 following the manufacturer’s instructions. Each library was sequenced in single read mode, 1 × 50 bp, using the HiSeq4000 platform.",SENSITIVE_OR_PARENTAL,BT474,UNRESOLVED,,parental | parental,
GEO:GSE230326,GSM7213906,BT474_Ner_Rep_1,Cell line,genotype: Parental | treatment: neratinib (200nM) for 4h | cell line: BT474,BT474 parental and BRD8 KO cells were treated with neratinib (200nM) for 4h.,"BT474 parental and BRD8 KO cells were treated with neratinib (200nM) for 4h, then total RNA was extracted using E.Z.N.A total RNA kit (Omega Bio-tek). RNA sequencing libraries were prepared using the Illumina TruSeq RNA Library Prep Kit v2 following the manufacturer’s instructions. Each library was sequenced in single read mode, 1 × 50 bp, using the HiSeq4000 platform.",SENSITIVE_OR_PARENTAL,BT474,UNRESOLVED,,parental | parental,
GEO:GSE230326,GSM7213907,BT474_Ner_Rep_2,Cell line,genotype: Parental | treatment: neratinib (200nM) for 4h | cell line: BT474,BT474 parental and BRD8 KO cells were treated with neratinib (200nM) for 4h.,"BT474 parental and BRD8 KO cells were treated with neratinib (200nM) for 4h, then total RNA was extracted using E.Z.N.A total RNA kit (Omega Bio-tek). RNA sequencing libraries were prepared using the Illumina TruSeq RNA Library Prep Kit v2 following the manufacturer’s instructions. Each library was sequenced in single read mode, 1 × 50 bp, using the HiSeq4000 platform.",SENSITIVE_OR_PARENTAL,BT474,UNRESOLVED,,parental | parental,
GEO:GSE230326,GSM7213908,BT474_Ner_Rep_3,Cell line,genotype: Parental | treatment: neratinib (200nM) for 4h | cell line: BT474,BT474 parental and BRD8 KO cells were treated with neratinib (200nM) for 4h.,"BT474 parental and BRD8 KO cells were treated with neratinib (200nM) for 4h, then total RNA was extracted using E.Z.N.A total RNA kit (Omega Bio-tek). RNA sequencing libraries were prepared using the Illumina TruSeq RNA Library Prep Kit v2 following the manufacturer’s instructions. Each library was sequenced in single read mode, 1 × 50 bp, using the HiSeq4000 platform.",SENSITIVE_OR_PARENTAL,BT474,UNRESOLVED,,parental | parental,
GEO:GSE230326,GSM7213909,BT474_KO_Ner_Rep_1,Cell line,genotype: BRD8 KO | treatment: neratinib (200nM) for 4h | cell line: BT474,BT474 parental and BRD8 KO cells were treated with neratinib (200nM) for 4h.,"BT474 parental and BRD8 KO cells were treated with neratinib (200nM) for 4h, then total RNA was extracted using E.Z.N.A total RNA kit (Omega Bio-tek). RNA sequencing libraries were prepared using the Illumina TruSeq RNA Library Prep Kit v2 following the manufacturer’s instructions. Each library was sequenced in single read mode, 1 × 50 bp, using the HiSeq4000 platform.",SENSITIVE_OR_PARENTAL,BT474,UNRESOLVED,,parental | parental,
GEO:GSE230326,GSM7213910,BT474_KO_Ner_Rep_2,Cell line,genotype: BRD8 KO | treatment: neratinib (200nM) for 4h | cell line: BT474,BT474 parental and BRD8 KO cells were treated with neratinib (200nM) for 4h.,"BT474 parental and BRD8 KO cells were treated with neratinib (200nM) for 4h, then total RNA was extracted using E.Z.N.A total RNA kit (Omega Bio-tek). RNA sequencing libraries were prepared using the Illumina TruSeq RNA Library Prep Kit v2 following the manufacturer’s instructions. Each library was sequenced in single read mode, 1 × 50 bp, using the HiSeq4000 platform.",SENSITIVE_OR_PARENTAL,BT474,UNRESOLVED,,parental | parental,
GEO:GSE230326,GSM7213911,BT474_KO_Ner_Rep_3,Cell line,genotype: BRD8 KO | treatment: neratinib (200nM) for 4h | cell line: BT474,BT474 parental and BRD8 KO cells were treated with neratinib (200nM) for 4h.,"BT474 parental and BRD8 KO cells were treated with neratinib (200nM) for 4h, then total RNA was extracted using E.Z.N.A total RNA kit (Omega Bio-tek). RNA sequencing libraries were prepared using the Illumina TruSeq RNA Library Prep Kit v2 following the manufacturer’s instructions. Each library was sequenced in single read mode, 1 × 50 bp, using the HiSeq4000 platform.",SENSITIVE_OR_PARENTAL,BT474,UNRESOLVED,,parental | parental,
GEO:GSE230327,GSM7213912,1-D: DMSO treated BT474 cells,Cell line,treatment: DMSO treated | cell line: BT474,"BT474 cells were treated with DMSO as control, fulvestrant (100 nM), neratinib (200nM) or both (fulvestrant plus neratinib) for 4h.","scRNA- seq was performed by the UW- Madison Biotechnology Center Gene Expression Center.  For the single cell preparation, BT474 cells were treated with DMSO as control, fulvestrant (100 nM), neratinib (200nM) or both (fulvestrant plus neratinib) for 4h, then cells were digested with trypsin into single cells and resuspended with buffer 1x PBS (Ca++/Mg++-free) + w/v 0.04% BSA (non-acetylated) + 1U/ml RNase Inhibitor for cell number counting and cell viability measurement using Countess® II Automated Cell Counter. The scRNA-seq libraries were constructed using Chromium Next GEM Single Cell 3’ v3 Reagent Kit according to the manufacturer’s guidelines (10x Genomics). cDNA libraries were uniquely sample indexed and pooled for sequencing. A MiSeq (Illumina) sequencing run was used to sample balance on a NovaSeq SP flowcell (Illumina) using a 28×72bp sequencing reaction targeting 3000 cells per sample with a depth of 60000 reads per cell according to the manufacturer's recommendations (10x Genomics).",SENSITIVE_OR_PARENTAL,BT474,UNRESOLVED,,parental | control,
GEO:GSE230327,GSM7213913,2-F: Fulvestrant treated BT474 cells,Cell line,treatment: Fulvestrant treated | cell line: BT474,"BT474 cells were treated with DMSO as control, fulvestrant (100 nM), neratinib (200nM) or both (fulvestrant plus neratinib) for 4h.","scRNA- seq was performed by the UW- Madison Biotechnology Center Gene Expression Center.  For the single cell preparation, BT474 cells were treated with DMSO as control, fulvestrant (100 nM), neratinib (200nM) or both (fulvestrant plus neratinib) for 4h, then cells were digested with trypsin into single cells and resuspended with buffer 1x PBS (Ca++/Mg++-free) + w/v 0.04% BSA (non-acetylated) + 1U/ml RNase Inhibitor for cell number counting and cell viability measurement using Countess® II Automated Cell Counter. The scRNA-seq libraries were constructed using Chromium Next GEM Single Cell 3’ v3 Reagent Kit according to the manufacturer’s guidelines (10x Genomics). cDNA libraries were uniquely sample indexed and pooled for sequencing. A MiSeq (Illumina) sequencing run was used to sample balance on a NovaSeq SP flowcell (Illumina) using a 28×72bp sequencing reaction targeting 3000 cells per sample with a depth of 60000 reads per cell according to the manufacturer's recommendations (10x Genomics).",SENSITIVE_OR_PARENTAL,BT474,UNRESOLVED,,parental | control,
GEO:GSE230327,GSM7213914,3-N: Neratinib treated BT474 cells,Cell line,treatment: Neratinib treated | cell line: BT474,"BT474 cells were treated with DMSO as control, fulvestrant (100 nM), neratinib (200nM) or both (fulvestrant plus neratinib) for 4h.","scRNA- seq was performed by the UW- Madison Biotechnology Center Gene Expression Center.  For the single cell preparation, BT474 cells were treated with DMSO as control, fulvestrant (100 nM), neratinib (200nM) or both (fulvestrant plus neratinib) for 4h, then cells were digested with trypsin into single cells and resuspended with buffer 1x PBS (Ca++/Mg++-free) + w/v 0.04% BSA (non-acetylated) + 1U/ml RNase Inhibitor for cell number counting and cell viability measurement using Countess® II Automated Cell Counter. The scRNA-seq libraries were constructed using Chromium Next GEM Single Cell 3’ v3 Reagent Kit according to the manufacturer’s guidelines (10x Genomics). cDNA libraries were uniquely sample indexed and pooled for sequencing. A MiSeq (Illumina) sequencing run was used to sample balance on a NovaSeq SP flowcell (Illumina) using a 28×72bp sequencing reaction targeting 3000 cells per sample with a depth of 60000 reads per cell according to the manufacturer's recommendations (10x Genomics).",SENSITIVE_OR_PARENTAL,BT474,UNRESOLVED,,parental | control,
GEO:GSE230327,GSM7213915,4-F-N: Fulvestrant + neratinib treated BT474 cells,Cell line,treatment: Fulvestrant + neratinib treated | cell line: BT474,"BT474 cells were treated with DMSO as control, fulvestrant (100 nM), neratinib (200nM) or both (fulvestrant plus neratinib) for 4h.","scRNA- seq was performed by the UW- Madison Biotechnology Center Gene Expression Center.  For the single cell preparation, BT474 cells were treated with DMSO as control, fulvestrant (100 nM), neratinib (200nM) or both (fulvestrant plus neratinib) for 4h, then cells were digested with trypsin into single cells and resuspended with buffer 1x PBS (Ca++/Mg++-free) + w/v 0.04% BSA (non-acetylated) + 1U/ml RNase Inhibitor for cell number counting and cell viability measurement using Countess® II Automated Cell Counter. The scRNA-seq libraries were constructed using Chromium Next GEM Single Cell 3’ v3 Reagent Kit according to the manufacturer’s guidelines (10x Genomics). cDNA libraries were uniquely sample indexed and pooled for sequencing. A MiSeq (Illumina) sequencing run was used to sample balance on a NovaSeq SP flowcell (Illumina) using a 28×72bp sequencing reaction targeting 3000 cells per sample with a depth of 60000 reads per cell according to the manufacturer's recommendations (10x Genomics).",SENSITIVE_OR_PARENTAL,BT474,UNRESOLVED,,parental | control,
GEO:GSE237605,GSM7634668,"S0_Baseline, 0hr, ATAC-Seq, rep1",BT474,cell line: BT474 | cell type: Breast cancer epithelial cells | time: 0 hr,,COHP_43564,SENSITIVE_OR_PARENTAL,BT474,UNRESOLVED,,parental,hr
GEO:GSE237605,GSM7634669,"S0_Baseline, 0hr, ATAC-Seq, rep2",BT474,cell line: BT474 | cell type: Breast cancer epithelial cells | time: 0 hr,,COHP_43565,SENSITIVE_OR_PARENTAL,BT474,UNRESOLVED,,parental,hr
GEO:GSE237605,GSM7634670,"S1_Con, 1 hr, ATAC-Seq, rep 1",BT474,cell line: BT474 | cell type: Breast cancer epithelial cells | time: 1 hr,,COHP_43566,SENSITIVE_OR_PARENTAL,BT474,UNRESOLVED,,parental,hr
GEO:GSE237605,GSM7634671,"S1_Con, 1 hr, ATAC-Seq, rep 2",BT474,cell line: BT474 | cell type: Breast cancer epithelial cells | time: 1 hr,,COHP_43567,SENSITIVE_OR_PARENTAL,BT474,UNRESOLVED,,parental,hr
GEO:GSE237605,GSM7634672,"S1_HRG, 1 hr, ATAC-Seq, rep 1",BT474,cell line: BT474 | cell type: Breast cancer epithelial cells | time: 1 hr,,COHP_43568,SENSITIVE_OR_PARENTAL,BT474,UNRESOLVED,,parental,hr
GEO:GSE237605,GSM7634673,"S1_HRG, 1 hr, ATAC-Seq, rep 2",BT474,cell line: BT474 | cell type: Breast cancer epithelial cells | time: 1 hr,,COHP_43569,SENSITIVE_OR_PARENTAL,BT474,UNRESOLVED,,parental,hr
GEO:GSE237605,GSM7634674,"S1_EGF, 1 hr, ATAC-Seq, rep 1",BT474,cell line: BT474 | cell type: Breast cancer epithelial cells | time: 1 hr,,COHP_43570,SENSITIVE_OR_PARENTAL,BT474,UNRESOLVED,,parental,hr
GEO:GSE237605,GSM7634675,"S1_EGF, 1 hr, ATAC-Seq, rep 2",BT474,cell line: BT474 | cell type: Breast cancer epithelial cells | time: 1 hr,,COHP_43571,SENSITIVE_OR_PARENTAL,BT474,UNRESOLVED,,parental,hr
GEO:GSE237605,GSM7634676,"S12_Con, 12 hr, ATAC-Seq, rep 1",BT474,cell line: BT474 | cell type: Breast cancer epithelial cells | time: 12 hr,,COHP_43576,SENSITIVE_OR_PARENTAL,BT474,UNRESOLVED,,parental,hr
GEO:GSE237605,GSM7634677,"S12_Con, 12 hr, ATAC-Seq, rep 2",BT474,cell line: BT474 | cell type: Breast cancer epithelial cells | time: 12 hr,,COHP_43577,SENSITIVE_OR_PARENTAL,BT474,UNRESOLVED,,parental,hr
GEO:GSE237605,GSM7634678,"S12_HRG, 12 hr, ATAC-Seq, rep 1",BT474,cell line: BT474 | cell type: Breast cancer epithelial cells | time: 12 hr,,COHP_43578,SENSITIVE_OR_PARENTAL,BT474,UNRESOLVED,,parental,hr
GEO:GSE237605,GSM7634679,"S12_HRG, 12 hr, ATAC-Seq, rep 2",BT474,cell line: BT474 | cell type: Breast cancer epithelial cells | time: 12 hr,,COHP_43579,SENSITIVE_OR_PARENTAL,BT474,UNRESOLVED,,parental,hr
GEO:GSE237605,GSM7634680,"S12_EGF, 12 hr, ATAC-Seq, rep 1",BT474,cell line: BT474 | cell type: Breast cancer epithelial cells | time: 12 hr,,COHP_43580,SENSITIVE_OR_PARENTAL,BT474,UNRESOLVED,,parental,hr
GEO:GSE237605,GSM7634681,"S12_EGF, 12 hr, ATAC-Seq, rep 2",BT474,cell line: BT474 | cell type: Breast cancer epithelial cells | time: 12 hr,,COHP_43581,SENSITIVE_OR_PARENTAL,BT474,UNRESOLVED,,parental,hr
GEO:GSE237605,GSM7634682,"S24_Con, 24 hr, ATAC-Seq, rep 1",BT474,cell line: BT474 | cell type: Breast cancer epithelial cells | time: 24 hr,,COHP_43586,SENSITIVE_OR_PARENTAL,BT474,UNRESOLVED,,parental,hr
GEO:GSE237605,GSM7634683,"S24_Con, 24 hr, ATAC-Seq, rep 2",BT474,cell line: BT474 | cell type: Breast cancer epithelial cells | time: 24 hr,,COHP_43587,SENSITIVE_OR_PARENTAL,BT474,UNRESOLVED,,parental,hr
GEO:GSE237605,GSM7634684,"S24_HRG, 24 hr, ATAC-Seq, rep 1",BT474,cell line: BT474 | cell type: Breast cancer epithelial cells | time: 24 hr,,COHP_43588,SENSITIVE_OR_PARENTAL,BT474,UNRESOLVED,,parental,hr
GEO:GSE237605,GSM7634685,"S24_HRG, 24 hr, ATAC-Seq, rep 2",BT474,cell line: BT474 | cell type: Breast cancer epithelial cells | time: 24 hr,,COHP_43589,SENSITIVE_OR_PARENTAL,BT474,UNRESOLVED,,parental,hr
GEO:GSE237605,GSM7634686,"S24_EGF, 24 hr, ATAC-Seq, rep 1",BT474,cell line: BT474 | cell type: Breast cancer epithelial cells | time: 24 hr,,COHP_43590,SENSITIVE_OR_PARENTAL,BT474,UNRESOLVED,,parental,hr
GEO:GSE237605,GSM7634687,"S24_EGF, 24 hr, ATAC-Seq, rep 2",BT474,cell line: BT474 | cell type: Breast cancer epithelial cells | time: 24 hr,,COHP_43591,SENSITIVE_OR_PARENTAL,BT474,UNRESOLVED,,parental,hr
GEO:GSE237605,GSM7634688,"R0_baseline, 0 hr, ATAC-Seq, rep 1",BT474R,cell line: BT474R | cell type: Breast cancer epithelial cells | time: 0 hr,,COHP_43596,RESISTANT,BT474,UNRESOLVED,bt474r | resistant,,hr
GEO:GSE237605,GSM7634689,"R0_baseline, 0 hr, ATAC-Seq, rep 2",BT474R,cell line: BT474R | cell type: Breast cancer epithelial cells | time: 0 hr,,COHP_43597,RESISTANT,BT474,UNRESOLVED,bt474r | resistant,,hr
GEO:GSE237605,GSM7634690,"R1_Con, 1 hr, ATAC-Seq, rep 1",BT474R,cell line: BT474R | cell type: Breast cancer epithelial cells | time: 1 hr,,COHP_43598,RESISTANT,BT474,UNRESOLVED,bt474r | resistant,,hr
GEO:GSE237605,GSM7634691,"R1_Con, 1 hr, ATAC-Seq, rep 2",BT474R,cell line: BT474R | cell type: Breast cancer epithelial cells | time: 1 hr,,COHP_43599,RESISTANT,BT474,UNRESOLVED,bt474r | resistant,,hr
GEO:GSE237605,GSM7634692,"R1_HRG, 1 hr, ATAC-Seq, rep 1",BT474R,cell line: BT474R | cell type: Breast cancer epithelial cells | time: 1 hr,,COHP_43600,RESISTANT,BT474,UNRESOLVED,bt474r | resistant,,hr
GEO:GSE237605,GSM7634693,"R1_HRG, 1 hr, ATAC-Seq, rep 2",BT474R,cell line: BT474R | cell type: Breast cancer epithelial cells | time: 1 hr,,COHP_43601,RESISTANT,BT474,UNRESOLVED,bt474r | resistant,,hr
GEO:GSE237605,GSM7634694,"R1_EGF, 1 hr, ATAC-Seq, rep 1",BT474R,cell line: BT474R | cell type: Breast cancer epithelial cells | time: 1 hr,,COHP_43602,RESISTANT,BT474,UNRESOLVED,bt474r | resistant,,hr
GEO:GSE237605,GSM7634695,"R1_EGF, 1 hr, ATAC-Seq, rep 2",BT474R,cell line: BT474R | cell type: Breast cancer epithelial cells | time: 1 hr,,COHP_43603,RESISTANT,BT474,UNRESOLVED,bt474r | resistant,,hr
GEO:GSE237605,GSM7634696,"R12_Con, 12 hr, ATAC-Seq, rep 1",BT474R,cell line: BT474R | cell type: Breast cancer epithelial cells | time: 12 hr,,COHP_43608,RESISTANT,BT474,UNRESOLVED,bt474r | resistant,,hr
GEO:GSE237605,GSM7634697,"R12_Con, 12 hr, ATAC-Seq, rep 2",BT474R,cell line: BT474R | cell type: Breast cancer epithelial cells | time: 12 hr,,COHP_43609,RESISTANT,BT474,UNRESOLVED,bt474r | resistant,,hr
GEO:GSE237605,GSM7634698,"R12_HRG, 12 hr, ATAC-Seq, rep 1",BT474R,cell line: BT474R | cell type: Breast cancer epithelial cells | time: 12 hr,,COHP_43610,RESISTANT,BT474,UNRESOLVED,bt474r | resistant,,hr
GEO:GSE237605,GSM7634699,"R12_HRG, 12 hr, ATAC-Seq, rep 2",BT474R,cell line: BT474R | cell type: Breast cancer epithelial cells | time: 12 hr,,COHP_43611,RESISTANT,BT474,UNRESOLVED,bt474r | resistant,,hr
GEO:GSE237605,GSM7634700,"R12_EGF, 12 hr, ATAC-Seq, rep 1",BT474R,cell line: BT474R | cell type: Breast cancer epithelial cells | time: 12 hr,,COHP_43612,RESISTANT,BT474,UNRESOLVED,bt474r | resistant,,hr
GEO:GSE237605,GSM7634701,"R12_EGF, 12 hr, ATAC-Seq, rep 2",BT474R,cell line: BT474R | cell type: Breast cancer epithelial cells | time: 12 hr,,COHP_43613,RESISTANT,BT474,UNRESOLVED,bt474r | resistant,,hr
GEO:GSE237605,GSM7634702,"R24_Con, 24 hr, ATAC-Seq, rep 1",BT474R,cell line: BT474R | cell type: Breast cancer epithelial cells | time: 24 hr,,COHP_43618,RESISTANT,BT474,UNRESOLVED,bt474r | resistant,,hr
GEO:GSE237605,GSM7634703,"R24_Con, 24 hr, ATAC-Seq, rep 2",BT474R,cell line: BT474R | cell type: Breast cancer epithelial cells | time: 24 hr,,COHP_43619,RESISTANT,BT474,UNRESOLVED,bt474r | resistant,,hr
GEO:GSE237605,GSM7634704,"R24_HRG, 24 hr, ATAC-Seq, rep 1",BT474R,cell line: BT474R | cell type: Breast cancer epithelial cells | time: 24 hr,,COHP_43620,RESISTANT,BT474,UNRESOLVED,bt474r | resistant,,hr
GEO:GSE237605,GSM7634705,"R24_HRG, 24 hr, ATAC-Seq, rep 2",BT474R,cell line: BT474R | cell type: Breast cancer epithelial cells | time: 24 hr,,COHP_43621,RESISTANT,BT474,UNRESOLVED,bt474r | resistant,,hr
GEO:GSE237605,GSM7634706,"R24_EGF, 24 hr, ATAC-Seq, rep 1",BT474R,cell line: BT474R | cell type: Breast cancer epithelial cells | time: 24 hr,,COHP_43622,RESISTANT,BT474,UNRESOLVED,bt474r | resistant,,hr
GEO:GSE237605,GSM7634707,"R24_EGF, 24 hr, ATAC-Seq, rep 2",BT474R,cell line: BT474R | cell type: Breast cancer epithelial cells | time: 24 hr,,COHP_43623,RESISTANT,BT474,UNRESOLVED,bt474r | resistant,,hr
GEO:GSE237606,GSM7634708,"S0_Baseline, 0 hr. RNA-Seq, rep 1",BT474,cell line: BT474 | cell type: Breast cancer epithelial cells | time: 0 hr,,COHP_45251,SENSITIVE_OR_PARENTAL,BT474,UNRESOLVED,,parental,hr
GEO:GSE237606,GSM7634709,"S0_Baseline, 0 hr. RNA-Seq, rep 2",BT474,cell line: BT474 | cell type: Breast cancer epithelial cells | time: 0 hr,,COHP_45252,SENSITIVE_OR_PARENTAL,BT474,UNRESOLVED,,parental,hr
GEO:GSE237606,GSM7634710,"S1_Con, 1 hr. RNA-Seq, rep 1",BT474,cell line: BT474 | cell type: Breast cancer epithelial cells | time: 1 hr,,COHP_45253,SENSITIVE_OR_PARENTAL,BT474,UNRESOLVED,,parental,hr
GEO:GSE237606,GSM7634711,"S1_Con, 1 hr. RNA-Seq, rep 2",BT474,cell line: BT474 | cell type: Breast cancer epithelial cells | time: 1 hr,,COHP_45254,SENSITIVE_OR_PARENTAL,BT474,UNRESOLVED,,parental,hr
GEO:GSE237606,GSM7634712,"S1_HRG, 1 hr. RNA-Seq, rep 1",BT474,cell line: BT474 | cell type: Breast cancer epithelial cells | time: 1 hr,,COHP_45255,SENSITIVE_OR_PARENTAL,BT474,UNRESOLVED,,parental,hr
GEO:GSE237606,GSM7634713,"S1_HRG, 1 hr. RNA-Seq, rep 2",BT474,cell line: BT474 | cell type: Breast cancer epithelial cells | time: 1 hr,,COHP_45256,SENSITIVE_OR_PARENTAL,BT474,UNRESOLVED,,parental,hr
GEO:GSE237606,GSM7634714,"S1_EGF, 1 hr. RNA-Seq, rep 1",BT474,cell line: BT474 | cell type: Breast cancer epithelial cells | time: 1 hr,,COHP_45257,SENSITIVE_OR_PARENTAL,BT474,UNRESOLVED,,parental,hr
GEO:GSE237606,GSM7634715,"S1_EGF, 1 hr. RNA-Seq, rep 2",BT474,cell line: BT474 | cell type: Breast cancer epithelial cells | time: 1 hr,,COHP_45258,SENSITIVE_OR_PARENTAL,BT474,UNRESOLVED,,parental,hr
GEO:GSE237606,GSM7634716,"S12_Con, 12 hr. RNA-Seq, rep 1",BT474,cell line: BT474 | cell type: Breast cancer epithelial cells | time: 12 hr,,COHP_45263,SENSITIVE_OR_PARENTAL,BT474,UNRESOLVED,,parental,hr
GEO:GSE237606,GSM7634717,"S12_Con, 12 hr. RNA-Seq, rep 2",BT474,cell line: BT474 | cell type: Breast cancer epithelial cells | time: 12 hr,,COHP_45264,SENSITIVE_OR_PARENTAL,BT474,UNRESOLVED,,parental,hr
GEO:GSE237606,GSM7634718,"S12_HRG, 12 hr. RNA-Seq, rep 1",BT474,cell line: BT474 | cell type: Breast cancer epithelial cells | time: 12 hr,,COHP_45265,SENSITIVE_OR_PARENTAL,BT474,UNRESOLVED,,parental,hr
GEO:GSE237606,GSM7634719,"S12_HRG, 12 hr. RNA-Seq, rep 2",BT474,cell line: BT474 | cell type: Breast cancer epithelial cells | time: 12 hr,,COHP_45266,SENSITIVE_OR_PARENTAL,BT474,UNRESOLVED,,parental,hr
GEO:GSE237606,GSM7634720,"S12_EGF, 12 hr. RNA-Seq, rep 1",BT474,cell line: BT474 | cell type: Breast cancer epithelial cells | time: 12 hr,,COHP_45267,SENSITIVE_OR_PARENTAL,BT474,UNRESOLVED,,parental,hr
GEO:GSE237606,GSM7634721,"S12_EGF, 12 hr. RNA-Seq, rep 2",BT474,cell line: BT474 | cell type: Breast cancer epithelial cells | time: 12 hr,,COHP_45268,SENSITIVE_OR_PARENTAL,BT474,UNRESOLVED,,parental,hr
GEO:GSE237606,GSM7634722,"S24_Con, 24 hr. RNA-Seq, rep 1",BT474,cell line: BT474 | cell type: Breast cancer epithelial cells | time: 24 hr,,COHP_45273,SENSITIVE_OR_PARENTAL,BT474,UNRESOLVED,,parental,hr
GEO:GSE237606,GSM7634723,"S24_Con, 24 hr. RNA-Seq, rep 2",BT474,cell line: BT474 | cell type: Breast cancer epithelial cells | time: 24 hr,,COHP_45274,SENSITIVE_OR_PARENTAL,BT474,UNRESOLVED,,parental,hr
GEO:GSE237606,GSM7634724,"S24_HRG, 24 hr. RNA-Seq, rep 1",BT474,cell line: BT474 | cell type: Breast cancer epithelial cells | time: 24 hr,,COHP_45275,SENSITIVE_OR_PARENTAL,BT474,UNRESOLVED,,parental,hr
GEO:GSE237606,GSM7634725,"S24_HRG, 24 hr. RNA-Seq, rep 2",BT474,cell line: BT474 | cell type: Breast cancer epithelial cells | time: 24 hr,,COHP_45276,SENSITIVE_OR_PARENTAL,BT474,UNRESOLVED,,parental,hr
GEO:GSE237606,GSM7634726,"S24_EGF, 24 hr. RNA-Seq, rep 1",BT474,cell line: BT474 | cell type: Breast cancer epithelial cells | time: 24 hr,,COHP_45277,SENSITIVE_OR_PARENTAL,BT474,UNRESOLVED,,parental,hr
GEO:GSE237606,GSM7634727,"S24_EGF, 24 hr. RNA-Seq, rep 2",BT474,cell line: BT474 | cell type: Breast cancer epithelial cells | time: 24 hr,,COHP_45278,SENSITIVE_OR_PARENTAL,BT474,UNRESOLVED,,parental,hr
GEO:GSE237606,GSM7634728,"R0_baseline, 0 hr. RNA-Seq, rep 1",BT474R,cell line: BT474R | cell type: Breast cancer epithelial cells | time: 0 hr,,COHP_45283,RESISTANT,BT474,UNRESOLVED,bt474r | resistant,,hr
GEO:GSE237606,GSM7634729,"R0_baseline, 0 hr. RNA-Seq, rep 2",BT474R,cell line: BT474R | cell type: Breast cancer epithelial cells | time: 0 hr,,COHP_45284,RESISTANT,BT474,UNRESOLVED,bt474r | resistant,,hr
GEO:GSE237606,GSM7634730,"R1_Con, 1 hr. RNA-Seq, rep 1",BT474R,cell line: BT474R | cell type: Breast cancer epithelial cells | time: 1 hr,,COHP_45285,RESISTANT,BT474,UNRESOLVED,bt474r | resistant,,hr
GEO:GSE237606,GSM7634731,"R1_Con, 1 hr. RNA-Seq, rep 2",BT474R,cell line: BT474R | cell type: Breast cancer epithelial cells | time: 1 hr,,COHP_45286,RESISTANT,BT474,UNRESOLVED,bt474r | resistant,,hr
GEO:GSE237606,GSM7634732,"R1_HRG, 1 hr. RNA-Seq, rep 1",BT474R,cell line: BT474R | cell type: Breast cancer epithelial cells | time: 1 hr,,COHP_45287,RESISTANT,BT474,UNRESOLVED,bt474r | resistant,,hr
GEO:GSE237606,GSM7634733,"R1_HRG, 1 hr. RNA-Seq, rep 2",BT474R,cell line: BT474R | cell type: Breast cancer epithelial cells | time: 1 hr,,COHP_45288,RESISTANT,BT474,UNRESOLVED,bt474r | resistant,,hr
GEO:GSE237606,GSM7634734,"R1_EGF, 1 hr. RNA-Seq, rep 1",BT474R,cell line: BT474R | cell type: Breast cancer epithelial cells | time: 1 hr,,COHP_45289,RESISTANT,BT474,UNRESOLVED,bt474r | resistant,,hr
GEO:GSE237606,GSM7634735,"R1_EGF, 1 hr. RNA-Seq, rep 2",BT474R,cell line: BT474R | cell type: Breast cancer epithelial cells | time: 1 hr,,COHP_45290,RESISTANT,BT474,UNRESOLVED,bt474r | resistant,,hr
GEO:GSE237606,GSM7634736,"R12_Con, 12 hr. RNA-Seq, rep 1",BT474R,cell line: BT474R | cell type: Breast cancer epithelial cells | time: 12 hr,,COHP_45295,RESISTANT,BT474,UNRESOLVED,bt474r | resistant,,hr
GEO:GSE237606,GSM7634737,"R12_Con, 12 hr. RNA-Seq, rep 2",BT474R,cell line: BT474R | cell type: Breast cancer epithelial cells | time: 12 hr,,COHP_45296,RESISTANT,BT474,UNRESOLVED,bt474r | resistant,,hr
GEO:GSE237606,GSM7634738,"R12_HRG, 12 hr. RNA-Seq, rep 1",BT474R,cell line: BT474R | cell type: Breast cancer epithelial cells | time: 12 hr,,COHP_45297,RESISTANT,BT474,UNRESOLVED,bt474r | resistant,,hr
GEO:GSE237606,GSM7634739,"R12_HRG, 12 hr. RNA-Seq, rep 2",BT474R,cell line: BT474R | cell type: Breast cancer epithelial cells | time: 12 hr,,COHP_45298,RESISTANT,BT474,UNRESOLVED,bt474r | resistant,,hr
GEO:GSE237606,GSM7634740,"R12_EGF, 12 hr. RNA-Seq, rep 1",BT474R,cell line: BT474R | cell type: Breast cancer epithelial cells | time: 12 hr,,COHP_45299,RESISTANT,BT474,UNRESOLVED,bt474r | resistant,,hr
GEO:GSE237606,GSM7634741,"R12_EGF, 12 hr. RNA-Seq, rep 2",BT474R,cell line: BT474R | cell type: Breast cancer epithelial cells | time: 12 hr,,COHP_45300,RESISTANT,BT474,UNRESOLVED,bt474r | resistant,,hr
GEO:GSE237606,GSM7634742,"R24_Con, 24 hr. RNA-Seq, rep 1",BT474R,cell line: BT474R | cell type: Breast cancer epithelial cells | time: 24 hr,,COHP_45305,RESISTANT,BT474,UNRESOLVED,bt474r | resistant,,hr
GEO:GSE237606,GSM7634743,"R24_Con, 24 hr. RNA-Seq, rep 2",BT474R,cell line: BT474R | cell type: Breast cancer epithelial cells | time: 24 hr,,COHP_45306,RESISTANT,BT474,UNRESOLVED,bt474r | resistant,,hr
GEO:GSE237606,GSM7634744,"R24_HRG, 24 hr. RNA-Seq, rep 1",BT474R,cell line: BT474R | cell type: Breast cancer epithelial cells | time: 24 hr,,COHP_45307,RESISTANT,BT474,UNRESOLVED,bt474r | resistant,,hr
GEO:GSE237606,GSM7634745,"R24_HRG, 24 hr. RNA-Seq, rep 2",BT474R,cell line: BT474R | cell type: Breast cancer epithelial cells | time: 24 hr,,COHP_45308,RESISTANT,BT474,UNRESOLVED,bt474r | resistant,,hr
GEO:GSE237606,GSM7634746,"R24_EGF, 24 hr. RNA-Seq, rep 1",BT474R,cell line: BT474R | cell type: Breast cancer epithelial cells | time: 24 hr,,COHP_45309,RESISTANT,BT474,UNRESOLVED,bt474r | resistant,,hr
GEO:GSE237606,GSM7634747,"R24_EGF, 24 hr. RNA-Seq, rep 2",BT474R,cell line: BT474R | cell type: Breast cancer epithelial cells | time: 24 hr,,COHP_45310,RESISTANT,BT474,UNRESOLVED,bt474r | resistant,,hr
GEO:GSE237607,GSM7634668,"S0_Baseline, 0hr, ATAC-Seq, rep1",BT474,cell line: BT474 | cell type: Breast cancer epithelial cells | time: 0 hr,,COHP_43564,SENSITIVE_OR_PARENTAL,BT474,UNRESOLVED,,parental,hr
GEO:GSE237607,GSM7634669,"S0_Baseline, 0hr, ATAC-Seq, rep2",BT474,cell line: BT474 | cell type: Breast cancer epithelial cells | time: 0 hr,,COHP_43565,SENSITIVE_OR_PARENTAL,BT474,UNRESOLVED,,parental,hr
GEO:GSE237607,GSM7634670,"S1_Con, 1 hr, ATAC-Seq, rep 1",BT474,cell line: BT474 | cell type: Breast cancer epithelial cells | time: 1 hr,,COHP_43566,SENSITIVE_OR_PARENTAL,BT474,UNRESOLVED,,parental,hr
GEO:GSE237607,GSM7634671,"S1_Con, 1 hr, ATAC-Seq, rep 2",BT474,cell line: BT474 | cell type: Breast cancer epithelial cells | time: 1 hr,,COHP_43567,SENSITIVE_OR_PARENTAL,BT474,UNRESOLVED,,parental,hr
GEO:GSE237607,GSM7634672,"S1_HRG, 1 hr, ATAC-Seq, rep 1",BT474,cell line: BT474 | cell type: Breast cancer epithelial cells | time: 1 hr,,COHP_43568,SENSITIVE_OR_PARENTAL,BT474,UNRESOLVED,,parental,hr
GEO:GSE237607,GSM7634673,"S1_HRG, 1 hr, ATAC-Seq, rep 2",BT474,cell line: BT474 | cell type: Breast cancer epithelial cells | time: 1 hr,,COHP_43569,SENSITIVE_OR_PARENTAL,BT474,UNRESOLVED,,parental,hr
GEO:GSE237607,GSM7634674,"S1_EGF, 1 hr, ATAC-Seq, rep 1",BT474,cell line: BT474 | cell type: Breast cancer epithelial cells | time: 1 hr,,COHP_43570,SENSITIVE_OR_PARENTAL,BT474,UNRESOLVED,,parental,hr
GEO:GSE237607,GSM7634675,"S1_EGF, 1 hr, ATAC-Seq, rep 2",BT474,cell line: BT474 | cell type: Breast cancer epithelial cells | time: 1 hr,,COHP_43571,SENSITIVE_OR_PARENTAL,BT474,UNRESOLVED,,parental,hr
GEO:GSE237607,GSM7634676,"S12_Con, 12 hr, ATAC-Seq, rep 1",BT474,cell line: BT474 | cell type: Breast cancer epithelial cells | time: 12 hr,,COHP_43576,SENSITIVE_OR_PARENTAL,BT474,UNRESOLVED,,parental,hr
GEO:GSE237607,GSM7634677,"S12_Con, 12 hr, ATAC-Seq, rep 2",BT474,cell line: BT474 | cell type: Breast cancer epithelial cells | time: 12 hr,,COHP_43577,SENSITIVE_OR_PARENTAL,BT474,UNRESOLVED,,parental,hr
GEO:GSE237607,GSM7634678,"S12_HRG, 12 hr, ATAC-Seq, rep 1",BT474,cell line: BT474 | cell type: Breast cancer epithelial cells | time: 12 hr,,COHP_43578,SENSITIVE_OR_PARENTAL,BT474,UNRESOLVED,,parental,hr
GEO:GSE237607,GSM7634679,"S12_HRG, 12 hr, ATAC-Seq, rep 2",BT474,cell line: BT474 | cell type: Breast cancer epithelial cells | time: 12 hr,,COHP_43579,SENSITIVE_OR_PARENTAL,BT474,UNRESOLVED,,parental,hr
GEO:GSE237607,GSM7634680,"S12_EGF, 12 hr, ATAC-Seq, rep 1",BT474,cell line: BT474 | cell type: Breast cancer epithelial cells | time: 12 hr,,COHP_43580,SENSITIVE_OR_PARENTAL,BT474,UNRESOLVED,,parental,hr
GEO:GSE237607,GSM7634681,"S12_EGF, 12 hr, ATAC-Seq, rep 2",BT474,cell line: BT474 | cell type: Breast cancer epithelial cells | time: 12 hr,,COHP_43581,SENSITIVE_OR_PARENTAL,BT474,UNRESOLVED,,parental,hr
GEO:GSE237607,GSM7634682,"S24_Con, 24 hr, ATAC-Seq, rep 1",BT474,cell line: BT474 | cell type: Breast cancer epithelial cells | time: 24 hr,,COHP_43586,SENSITIVE_OR_PARENTAL,BT474,UNRESOLVED,,parental,hr
GEO:GSE237607,GSM7634683,"S24_Con, 24 hr, ATAC-Seq, rep 2",BT474,cell line: BT474 | cell type: Breast cancer epithelial cells | time: 24 hr,,COHP_43587,SENSITIVE_OR_PARENTAL,BT474,UNRESOLVED,,parental,hr
GEO:GSE237607,GSM7634684,"S24_HRG, 24 hr, ATAC-Seq, rep 1",BT474,cell line: BT474 | cell type: Breast cancer epithelial cells | time: 24 hr,,COHP_43588,SENSITIVE_OR_PARENTAL,BT474,UNRESOLVED,,parental,hr
GEO:GSE237607,GSM7634685,"S24_HRG, 24 hr, ATAC-Seq, rep 2",BT474,cell line: BT474 | cell type: Breast cancer epithelial cells | time: 24 hr,,COHP_43589,SENSITIVE_OR_PARENTAL,BT474,UNRESOLVED,,parental,hr
GEO:GSE237607,GSM7634686,"S24_EGF, 24 hr, ATAC-Seq, rep 1",BT474,cell line: BT474 | cell type: Breast cancer epithelial cells | time: 24 hr,,COHP_43590,SENSITIVE_OR_PARENTAL,BT474,UNRESOLVED,,parental,hr
GEO:GSE237607,GSM7634687,"S24_EGF, 24 hr, ATAC-Seq, rep 2",BT474,cell line: BT474 | cell type: Breast cancer epithelial cells | time: 24 hr,,COHP_43591,SENSITIVE_OR_PARENTAL,BT474,UNRESOLVED,,parental,hr
GEO:GSE237607,GSM7634688,"R0_baseline, 0 hr, ATAC-Seq, rep 1",BT474R,cell line: BT474R | cell type: Breast cancer epithelial cells | time: 0 hr,,COHP_43596,RESISTANT,BT474,UNRESOLVED,bt474r | resistant,,hr
GEO:GSE237607,GSM7634689,"R0_baseline, 0 hr, ATAC-Seq, rep 2",BT474R,cell line: BT474R | cell type: Breast cancer epithelial cells | time: 0 hr,,COHP_43597,RESISTANT,BT474,UNRESOLVED,bt474r | resistant,,hr
GEO:GSE237607,GSM7634690,"R1_Con, 1 hr, ATAC-Seq, rep 1",BT474R,cell line: BT474R | cell type: Breast cancer epithelial cells | time: 1 hr,,COHP_43598,RESISTANT,BT474,UNRESOLVED,bt474r | resistant,,hr
GEO:GSE237607,GSM7634691,"R1_Con, 1 hr, ATAC-Seq, rep 2",BT474R,cell line: BT474R | cell type: Breast cancer epithelial cells | time: 1 hr,,COHP_43599,RESISTANT,BT474,UNRESOLVED,bt474r | resistant,,hr
GEO:GSE237607,GSM7634692,"R1_HRG, 1 hr, ATAC-Seq, rep 1",BT474R,cell line: BT474R | cell type: Breast cancer epithelial cells | time: 1 hr,,COHP_43600,RESISTANT,BT474,UNRESOLVED,bt474r | resistant,,hr
GEO:GSE237607,GSM7634693,"R1_HRG, 1 hr, ATAC-Seq, rep 2",BT474R,cell line: BT474R | cell type: Breast cancer epithelial cells | time: 1 hr,,COHP_43601,RESISTANT,BT474,UNRESOLVED,bt474r | resistant,,hr
GEO:GSE237607,GSM7634694,"R1_EGF, 1 hr, ATAC-Seq, rep 1",BT474R,cell line: BT474R | cell type: Breast cancer epithelial cells | time: 1 hr,,COHP_43602,RESISTANT,BT474,UNRESOLVED,bt474r | resistant,,hr
GEO:GSE237607,GSM7634695,"R1_EGF, 1 hr, ATAC-Seq, rep 2",BT474R,cell line: BT474R | cell type: Breast cancer epithelial cells | time: 1 hr,,COHP_43603,RESISTANT,BT474,UNRESOLVED,bt474r | resistant,,hr
GEO:GSE237607,GSM7634696,"R12_Con, 12 hr, ATAC-Seq, rep 1",BT474R,cell line: BT474R | cell type: Breast cancer epithelial cells | time: 12 hr,,COHP_43608,RESISTANT,BT474,UNRESOLVED,bt474r | resistant,,hr
GEO:GSE237607,GSM7634697,"R12_Con, 12 hr, ATAC-Seq, rep 2",BT474R,cell line: BT474R | cell type: Breast cancer epithelial cells | time: 12 hr,,COHP_43609,RESISTANT,BT474,UNRESOLVED,bt474r | resistant,,hr
GEO:GSE237607,GSM7634698,"R12_HRG, 12 hr, ATAC-Seq, rep 1",BT474R,cell line: BT474R | cell type: Breast cancer epithelial cells | time: 12 hr,,COHP_43610,RESISTANT,BT474,UNRESOLVED,bt474r | resistant,,hr
GEO:GSE237607,GSM7634699,"R12_HRG, 12 hr, ATAC-Seq, rep 2",BT474R,cell line: BT474R | cell type: Breast cancer epithelial cells | time: 12 hr,,COHP_43611,RESISTANT,BT474,UNRESOLVED,bt474r | resistant,,hr
GEO:GSE237607,GSM7634700,"R12_EGF, 12 hr, ATAC-Seq, rep 1",BT474R,cell line: BT474R | cell type: Breast cancer epithelial cells | time: 12 hr,,COHP_43612,RESISTANT,BT474,UNRESOLVED,bt474r | resistant,,hr
GEO:GSE237607,GSM7634701,"R12_EGF, 12 hr, ATAC-Seq, rep 2",BT474R,cell line: BT474R | cell type: Breast cancer epithelial cells | time: 12 hr,,COHP_43613,RESISTANT,BT474,UNRESOLVED,bt474r | resistant,,hr
GEO:GSE237607,GSM7634702,"R24_Con, 24 hr, ATAC-Seq, rep 1",BT474R,cell line: BT474R | cell type: Breast cancer epithelial cells | time: 24 hr,,COHP_43618,RESISTANT,BT474,UNRESOLVED,bt474r | resistant,,hr
GEO:GSE237607,GSM7634703,"R24_Con, 24 hr, ATAC-Seq, rep 2",BT474R,cell line: BT474R | cell type: Breast cancer epithelial cells | time: 24 hr,,COHP_43619,RESISTANT,BT474,UNRESOLVED,bt474r | resistant,,hr
GEO:GSE237607,GSM7634704,"R24_HRG, 24 hr, ATAC-Seq, rep 1",BT474R,cell line: BT474R | cell type: Breast cancer epithelial cells | time: 24 hr,,COHP_43620,RESISTANT,BT474,UNRESOLVED,bt474r | resistant,,hr
GEO:GSE237607,GSM7634705,"R24_HRG, 24 hr, ATAC-Seq, rep 2",BT474R,cell line: BT474R | cell type: Breast cancer epithelial cells | time: 24 hr,,COHP_43621,RESISTANT,BT474,UNRESOLVED,bt474r | resistant,,hr
GEO:GSE237607,GSM7634706,"R24_EGF, 24 hr, ATAC-Seq, rep 1",BT474R,cell line: BT474R | cell type: Breast cancer epithelial cells | time: 24 hr,,COHP_43622,RESISTANT,BT474,UNRESOLVED,bt474r | resistant,,hr
GEO:GSE237607,GSM7634707,"R24_EGF, 24 hr, ATAC-Seq, rep 2",BT474R,cell line: BT474R | cell type: Breast cancer epithelial cells | time: 24 hr,,COHP_43623,RESISTANT,BT474,UNRESOLVED,bt474r | resistant,,hr
GEO:GSE237607,GSM7634708,"S0_Baseline, 0 hr. RNA-Seq, rep 1",BT474,cell line: BT474 | cell type: Breast cancer epithelial cells | time: 0 hr,,COHP_45251,SENSITIVE_OR_PARENTAL,BT474,UNRESOLVED,,parental,hr
GEO:GSE237607,GSM7634709,"S0_Baseline, 0 hr. RNA-Seq, rep 2",BT474,cell line: BT474 | cell type: Breast cancer epithelial cells | time: 0 hr,,COHP_45252,SENSITIVE_OR_PARENTAL,BT474,UNRESOLVED,,parental,hr
GEO:GSE237607,GSM7634710,"S1_Con, 1 hr. RNA-Seq, rep 1",BT474,cell line: BT474 | cell type: Breast cancer epithelial cells | time: 1 hr,,COHP_45253,SENSITIVE_OR_PARENTAL,BT474,UNRESOLVED,,parental,hr
GEO:GSE237607,GSM7634711,"S1_Con, 1 hr. RNA-Seq, rep 2",BT474,cell line: BT474 | cell type: Breast cancer epithelial cells | time: 1 hr,,COHP_45254,SENSITIVE_OR_PARENTAL,BT474,UNRESOLVED,,parental,hr
GEO:GSE237607,GSM7634712,"S1_HRG, 1 hr. RNA-Seq, rep 1",BT474,cell line: BT474 | cell type: Breast cancer epithelial cells | time: 1 hr,,COHP_45255,SENSITIVE_OR_PARENTAL,BT474,UNRESOLVED,,parental,hr
GEO:GSE237607,GSM7634713,"S1_HRG, 1 hr. RNA-Seq, rep 2",BT474,cell line: BT474 | cell type: Breast cancer epithelial cells | time: 1 hr,,COHP_45256,SENSITIVE_OR_PARENTAL,BT474,UNRESOLVED,,parental,hr
GEO:GSE237607,GSM7634714,"S1_EGF, 1 hr. RNA-Seq, rep 1",BT474,cell line: BT474 | cell type: Breast cancer epithelial cells | time: 1 hr,,COHP_45257,SENSITIVE_OR_PARENTAL,BT474,UNRESOLVED,,parental,hr
GEO:GSE237607,GSM7634715,"S1_EGF, 1 hr. RNA-Seq, rep 2",BT474,cell line: BT474 | cell type: Breast cancer epithelial cells | time: 1 hr,,COHP_45258,SENSITIVE_OR_PARENTAL,BT474,UNRESOLVED,,parental,hr
GEO:GSE237607,GSM7634716,"S12_Con, 12 hr. RNA-Seq, rep 1",BT474,cell line: BT474 | cell type: Breast cancer epithelial cells | time: 12 hr,,COHP_45263,SENSITIVE_OR_PARENTAL,BT474,UNRESOLVED,,parental,hr
GEO:GSE237607,GSM7634717,"S12_Con, 12 hr. RNA-Seq, rep 2",BT474,cell line: BT474 | cell type: Breast cancer epithelial cells | time: 12 hr,,COHP_45264,SENSITIVE_OR_PARENTAL,BT474,UNRESOLVED,,parental,hr
GEO:GSE237607,GSM7634718,"S12_HRG, 12 hr. RNA-Seq, rep 1",BT474,cell line: BT474 | cell type: Breast cancer epithelial cells | time: 12 hr,,COHP_45265,SENSITIVE_OR_PARENTAL,BT474,UNRESOLVED,,parental,hr
GEO:GSE237607,GSM7634719,"S12_HRG, 12 hr. RNA-Seq, rep 2",BT474,cell line: BT474 | cell type: Breast cancer epithelial cells | time: 12 hr,,COHP_45266,SENSITIVE_OR_PARENTAL,BT474,UNRESOLVED,,parental,hr
GEO:GSE237607,GSM7634720,"S12_EGF, 12 hr. RNA-Seq, rep 1",BT474,cell line: BT474 | cell type: Breast cancer epithelial cells | time: 12 hr,,COHP_45267,SENSITIVE_OR_PARENTAL,BT474,UNRESOLVED,,parental,hr
GEO:GSE237607,GSM7634721,"S12_EGF, 12 hr. RNA-Seq, rep 2",BT474,cell line: BT474 | cell type: Breast cancer epithelial cells | time: 12 hr,,COHP_45268,SENSITIVE_OR_PARENTAL,BT474,UNRESOLVED,,parental,hr
GEO:GSE237607,GSM7634722,"S24_Con, 24 hr. RNA-Seq, rep 1",BT474,cell line: BT474 | cell type: Breast cancer epithelial cells | time: 24 hr,,COHP_45273,SENSITIVE_OR_PARENTAL,BT474,UNRESOLVED,,parental,hr
GEO:GSE237607,GSM7634723,"S24_Con, 24 hr. RNA-Seq, rep 2",BT474,cell line: BT474 | cell type: Breast cancer epithelial cells | time: 24 hr,,COHP_45274,SENSITIVE_OR_PARENTAL,BT474,UNRESOLVED,,parental,hr
GEO:GSE237607,GSM7634724,"S24_HRG, 24 hr. RNA-Seq, rep 1",BT474,cell line: BT474 | cell type: Breast cancer epithelial cells | time: 24 hr,,COHP_45275,SENSITIVE_OR_PARENTAL,BT474,UNRESOLVED,,parental,hr
GEO:GSE237607,GSM7634725,"S24_HRG, 24 hr. RNA-Seq, rep 2",BT474,cell line: BT474 | cell type: Breast cancer epithelial cells | time: 24 hr,,COHP_45276,SENSITIVE_OR_PARENTAL,BT474,UNRESOLVED,,parental,hr
GEO:GSE237607,GSM7634726,"S24_EGF, 24 hr. RNA-Seq, rep 1",BT474,cell line: BT474 | cell type: Breast cancer epithelial cells | time: 24 hr,,COHP_45277,SENSITIVE_OR_PARENTAL,BT474,UNRESOLVED,,parental,hr
GEO:GSE237607,GSM7634727,"S24_EGF, 24 hr. RNA-Seq, rep 2",BT474,cell line: BT474 | cell type: Breast cancer epithelial cells | time: 24 hr,,COHP_45278,SENSITIVE_OR_PARENTAL,BT474,UNRESOLVED,,parental,hr
GEO:GSE237607,GSM7634728,"R0_baseline, 0 hr. RNA-Seq, rep 1",BT474R,cell line: BT474R | cell type: Breast cancer epithelial cells | time: 0 hr,,COHP_45283,RESISTANT,BT474,UNRESOLVED,bt474r | resistant,,hr
GEO:GSE237607,GSM7634729,"R0_baseline, 0 hr. RNA-Seq, rep 2",BT474R,cell line: BT474R | cell type: Breast cancer epithelial cells | time: 0 hr,,COHP_45284,RESISTANT,BT474,UNRESOLVED,bt474r | resistant,,hr
GEO:GSE237607,GSM7634730,"R1_Con, 1 hr. RNA-Seq, rep 1",BT474R,cell line: BT474R | cell type: Breast cancer epithelial cells | time: 1 hr,,COHP_45285,RESISTANT,BT474,UNRESOLVED,bt474r | resistant,,hr
GEO:GSE237607,GSM7634731,"R1_Con, 1 hr. RNA-Seq, rep 2",BT474R,cell line: BT474R | cell type: Breast cancer epithelial cells | time: 1 hr,,COHP_45286,RESISTANT,BT474,UNRESOLVED,bt474r | resistant,,hr
GEO:GSE237607,GSM7634732,"R1_HRG, 1 hr. RNA-Seq, rep 1",BT474R,cell line: BT474R | cell type: Breast cancer epithelial cells | time: 1 hr,,COHP_45287,RESISTANT,BT474,UNRESOLVED,bt474r | resistant,,hr
GEO:GSE237607,GSM7634733,"R1_HRG, 1 hr. RNA-Seq, rep 2",BT474R,cell line: BT474R | cell type: Breast cancer epithelial cells | time: 1 hr,,COHP_45288,RESISTANT,BT474,UNRESOLVED,bt474r | resistant,,hr
GEO:GSE237607,GSM7634734,"R1_EGF, 1 hr. RNA-Seq, rep 1",BT474R,cell line: BT474R | cell type: Breast cancer epithelial cells | time: 1 hr,,COHP_45289,RESISTANT,BT474,UNRESOLVED,bt474r | resistant,,hr
GEO:GSE237607,GSM7634735,"R1_EGF, 1 hr. RNA-Seq, rep 2",BT474R,cell line: BT474R | cell type: Breast cancer epithelial cells | time: 1 hr,,COHP_45290,RESISTANT,BT474,UNRESOLVED,bt474r | resistant,,hr
GEO:GSE237607,GSM7634736,"R12_Con, 12 hr. RNA-Seq, rep 1",BT474R,cell line: BT474R | cell type: Breast cancer epithelial cells | time: 12 hr,,COHP_45295,RESISTANT,BT474,UNRESOLVED,bt474r | resistant,,hr
GEO:GSE237607,GSM7634737,"R12_Con, 12 hr. RNA-Seq, rep 2",BT474R,cell line: BT474R | cell type: Breast cancer epithelial cells | time: 12 hr,,COHP_45296,RESISTANT,BT474,UNRESOLVED,bt474r | resistant,,hr
GEO:GSE237607,GSM7634738,"R12_HRG, 12 hr. RNA-Seq, rep 1",BT474R,cell line: BT474R | cell type: Breast cancer epithelial cells | time: 12 hr,,COHP_45297,RESISTANT,BT474,UNRESOLVED,bt474r | resistant,,hr
GEO:GSE237607,GSM7634739,"R12_HRG, 12 hr. RNA-Seq, rep 2",BT474R,cell line: BT474R | cell type: Breast cancer epithelial cells | time: 12 hr,,COHP_45298,RESISTANT,BT474,UNRESOLVED,bt474r | resistant,,hr
GEO:GSE237607,GSM7634740,"R12_EGF, 12 hr. RNA-Seq, rep 1",BT474R,cell line: BT474R | cell type: Breast cancer epithelial cells | time: 12 hr,,COHP_45299,RESISTANT,BT474,UNRESOLVED,bt474r | resistant,,hr
GEO:GSE237607,GSM7634741,"R12_EGF, 12 hr. RNA-Seq, rep 2",BT474R,cell line: BT474R | cell type: Breast cancer epithelial cells | time: 12 hr,,COHP_45300,RESISTANT,BT474,UNRESOLVED,bt474r | resistant,,hr
GEO:GSE237607,GSM7634742,"R24_Con, 24 hr. RNA-Seq, rep 1",BT474R,cell line: BT474R | cell type: Breast cancer epithelial cells | time: 24 hr,,COHP_45305,RESISTANT,BT474,UNRESOLVED,bt474r | resistant,,hr
GEO:GSE237607,GSM7634743,"R24_Con, 24 hr. RNA-Seq, rep 2",BT474R,cell line: BT474R | cell type: Breast cancer epithelial cells | time: 24 hr,,COHP_45306,RESISTANT,BT474,UNRESOLVED,bt474r | resistant,,hr
GEO:GSE237607,GSM7634744,"R24_HRG, 24 hr. RNA-Seq, rep 1",BT474R,cell line: BT474R | cell type: Breast cancer epithelial cells | time: 24 hr,,COHP_45307,RESISTANT,BT474,UNRESOLVED,bt474r | resistant,,hr
GEO:GSE237607,GSM7634745,"R24_HRG, 24 hr. RNA-Seq, rep 2",BT474R,cell line: BT474R | cell type: Breast cancer epithelial cells | time: 24 hr,,COHP_45308,RESISTANT,BT474,UNRESOLVED,bt474r | resistant,,hr
GEO:GSE237607,GSM7634746,"R24_EGF, 24 hr. RNA-Seq, rep 1",BT474R,cell line: BT474R | cell type: Breast cancer epithelial cells | time: 24 hr,,COHP_45309,RESISTANT,BT474,UNRESOLVED,bt474r | resistant,,hr
GEO:GSE237607,GSM7634747,"R24_EGF, 24 hr. RNA-Seq, rep 2",BT474R,cell line: BT474R | cell type: Breast cancer epithelial cells | time: 24 hr,,COHP_45310,RESISTANT,BT474,UNRESOLVED,bt474r | resistant,,hr
GEO:GSE244533,GSM7818783,SKBR3_rep1,SKBR3,"cell line: SKBR3 | cell type: Breast; Mammary gland, epithelial | treatment: none",,,UNRESOLVED,SKBR3,UNRESOLVED,,,
GEO:GSE244533,GSM7818784,SKBR3_rep2,SKBR3,"cell line: SKBR3 | cell type: Breast; Mammary gland, epithelial | treatment: none",,,UNRESOLVED,SKBR3,UNRESOLVED,,,
GEO:GSE244533,GSM7818785,SKBR3_rep3,SKBR3,"cell line: SKBR3 | cell type: Breast; Mammary gland, epithelial | treatment: none",,,UNRESOLVED,SKBR3,UNRESOLVED,,,
GEO:GSE244533,GSM7818786,SKBR3_HR_rep1,SKBR3,"cell line: SKBR3 | cell type: Breast; Mammary gland, epithelial | treatment: trastuzumab",,,UNRESOLVED,SKBR3,UNRESOLVED,,,
GEO:GSE244533,GSM7818787,SKBR3_HR_rep2,SKBR3,"cell line: SKBR3 | cell type: Breast; Mammary gland, epithelial | treatment: trastuzumab",,,UNRESOLVED,SKBR3,UNRESOLVED,,,
GEO:GSE244533,GSM7818788,SKBR3_HR_rep3,SKBR3,"cell line: SKBR3 | cell type: Breast; Mammary gland, epithelial | treatment: trastuzumab",,,UNRESOLVED,SKBR3,UNRESOLVED,,,
GEO:GSE244535,GSM7818793,SKBR3 H3K27me3 cuttag rep1,SKBR3,"cell line: SKBR3 | cell type: Breast; Mammary gland, epithelial | treatment: none",,,UNRESOLVED,SKBR3,UNRESOLVED,,,
GEO:GSE244535,GSM7818794,SKBR3 H3K27me3 cuttag rep2,SKBR3,"cell line: SKBR3 | cell type: Breast; Mammary gland, epithelial | treatment: none",,,UNRESOLVED,SKBR3,UNRESOLVED,,,
GEO:GSE244535,GSM7818795,SKBR3_HR H3K27me3 cuttag rep1,SKBR3,"cell line: SKBR3 | cell type: Breast; Mammary gland, epithelial | treatment: trastuzumab",,,UNRESOLVED,SKBR3,UNRESOLVED,,,
GEO:GSE244535,GSM7818796,SKBR3_HR H3K27me3 cuttag rep2,SKBR3,"cell line: SKBR3 | cell type: Breast; Mammary gland, epithelial | treatment: trastuzumab",,,UNRESOLVED,SKBR3,UNRESOLVED,,,
GEO:GSE244535,GSM7818797,SKBR3 H3K4me3 cuttag rep1,SKBR3,"cell line: SKBR3 | cell type: Breast; Mammary gland, epithelial | treatment: none",,,UNRESOLVED,SKBR3,UNRESOLVED,,,
GEO:GSE244535,GSM7818798,SKBR3 H3K4me3 cuttag rep2,SKBR3,"cell line: SKBR3 | cell type: Breast; Mammary gland, epithelial | treatment: none",,,UNRESOLVED,SKBR3,UNRESOLVED,,,
GEO:GSE244535,GSM7818799,SKBR3_HR H3K4me3 cuttag rep1,SKBR3,"cell line: SKBR3 | cell type: Breast; Mammary gland, epithelial | treatment: trastuzumab",,,UNRESOLVED,SKBR3,UNRESOLVED,,,
GEO:GSE244535,GSM7818800,SKBR3_HR H3K4me3 cuttag rep2,SKBR3,"cell line: SKBR3 | cell type: Breast; Mammary gland, epithelial | treatment: trastuzumab",,,UNRESOLVED,SKBR3,UNRESOLVED,,,
GEO:GSE244535,GSM7818801,SKBR3 H3K27ac cuttag rep1,SKBR3,"cell line: SKBR3 | cell type: Breast; Mammary gland, epithelial | treatment: none",,,UNRESOLVED,SKBR3,UNRESOLVED,,,
GEO:GSE244535,GSM7818802,SKBR3 H3K27ac cuttag rep2,SKBR3,"cell line: SKBR3 | cell type: Breast; Mammary gland, epithelial | treatment: none",,,UNRESOLVED,SKBR3,UNRESOLVED,,,
GEO:GSE244535,GSM7818803,SKBR3_HR H3K27ac cuttag rep1,SKBR3,"cell line: SKBR3 | cell type: Breast; Mammary gland, epithelial | treatment: trastuzumab",,,UNRESOLVED,SKBR3,UNRESOLVED,,,
GEO:GSE244535,GSM7818804,SKBR3_HR H3K27ac cuttag rep2,SKBR3,"cell line: SKBR3 | cell type: Breast; Mammary gland, epithelial | treatment: trastuzumab",,,UNRESOLVED,SKBR3,UNRESOLVED,,,
GEO:GSE244535,GSM7818805,SKBR3 cuttag input,SKBR3,"cell line: SKBR3 | cell type: Breast; Mammary gland, epithelial | treatment: none",,,UNRESOLVED,SKBR3,UNRESOLVED,,,
GEO:GSE244535,GSM7818806,SKBR3_HR cuttag input,SKBR3,"cell line: SKBR3 | cell type: Breast; Mammary gland, epithelial | treatment: trastuzumab",,,UNRESOLVED,SKBR3,UNRESOLVED,,,
GEO:GSE244537,GSM7818783,SKBR3_rep1,SKBR3,"cell line: SKBR3 | cell type: Breast; Mammary gland, epithelial | treatment: none",,,UNRESOLVED,SKBR3,UNRESOLVED,,,
GEO:GSE244537,GSM7818784,SKBR3_rep2,SKBR3,"cell line: SKBR3 | cell type: Breast; Mammary gland, epithelial | treatment: none",,,UNRESOLVED,SKBR3,UNRESOLVED,,,
GEO:GSE244537,GSM7818785,SKBR3_rep3,SKBR3,"cell line: SKBR3 | cell type: Breast; Mammary gland, epithelial | treatment: none",,,UNRESOLVED,SKBR3,UNRESOLVED,,,
GEO:GSE244537,GSM7818786,SKBR3_HR_rep1,SKBR3,"cell line: SKBR3 | cell type: Breast; Mammary gland, epithelial | treatment: trastuzumab",,,UNRESOLVED,SKBR3,UNRESOLVED,,,
GEO:GSE244537,GSM7818787,SKBR3_HR_rep2,SKBR3,"cell line: SKBR3 | cell type: Breast; Mammary gland, epithelial | treatment: trastuzumab",,,UNRESOLVED,SKBR3,UNRESOLVED,,,
GEO:GSE244537,GSM7818788,SKBR3_HR_rep3,SKBR3,"cell line: SKBR3 | cell type: Breast; Mammary gland, epithelial | treatment: trastuzumab",,,UNRESOLVED,SKBR3,UNRESOLVED,,,
GEO:GSE244537,GSM7818793,SKBR3 H3K27me3 cuttag rep1,SKBR3,"cell line: SKBR3 | cell type: Breast; Mammary gland, epithelial | treatment: none",,,UNRESOLVED,SKBR3,UNRESOLVED,,,
GEO:GSE244537,GSM7818794,SKBR3 H3K27me3 cuttag rep2,SKBR3,"cell line: SKBR3 | cell type: Breast; Mammary gland, epithelial | treatment: none",,,UNRESOLVED,SKBR3,UNRESOLVED,,,
GEO:GSE244537,GSM7818795,SKBR3_HR H3K27me3 cuttag rep1,SKBR3,"cell line: SKBR3 | cell type: Breast; Mammary gland, epithelial | treatment: trastuzumab",,,UNRESOLVED,SKBR3,UNRESOLVED,,,
GEO:GSE244537,GSM7818796,SKBR3_HR H3K27me3 cuttag rep2,SKBR3,"cell line: SKBR3 | cell type: Breast; Mammary gland, epithelial | treatment: trastuzumab",,,UNRESOLVED,SKBR3,UNRESOLVED,,,
GEO:GSE244537,GSM7818797,SKBR3 H3K4me3 cuttag rep1,SKBR3,"cell line: SKBR3 | cell type: Breast; Mammary gland, epithelial | treatment: none",,,UNRESOLVED,SKBR3,UNRESOLVED,,,
GEO:GSE244537,GSM7818798,SKBR3 H3K4me3 cuttag rep2,SKBR3,"cell line: SKBR3 | cell type: Breast; Mammary gland, epithelial | treatment: none",,,UNRESOLVED,SKBR3,UNRESOLVED,,,
GEO:GSE244537,GSM7818799,SKBR3_HR H3K4me3 cuttag rep1,SKBR3,"cell line: SKBR3 | cell type: Breast; Mammary gland, epithelial | treatment: trastuzumab",,,UNRESOLVED,SKBR3,UNRESOLVED,,,
GEO:GSE244537,GSM7818800,SKBR3_HR H3K4me3 cuttag rep2,SKBR3,"cell line: SKBR3 | cell type: Breast; Mammary gland, epithelial | treatment: trastuzumab",,,UNRESOLVED,SKBR3,UNRESOLVED,,,
GEO:GSE244537,GSM7818801,SKBR3 H3K27ac cuttag rep1,SKBR3,"cell line: SKBR3 | cell type: Breast; Mammary gland, epithelial | treatment: none",,,UNRESOLVED,SKBR3,UNRESOLVED,,,
GEO:GSE244537,GSM7818802,SKBR3 H3K27ac cuttag rep2,SKBR3,"cell line: SKBR3 | cell type: Breast; Mammary gland, epithelial | treatment: none",,,UNRESOLVED,SKBR3,UNRESOLVED,,,
GEO:GSE244537,GSM7818803,SKBR3_HR H3K27ac cuttag rep1,SKBR3,"cell line: SKBR3 | cell type: Breast; Mammary gland, epithelial | treatment: trastuzumab",,,UNRESOLVED,SKBR3,UNRESOLVED,,,
GEO:GSE244537,GSM7818804,SKBR3_HR H3K27ac cuttag rep2,SKBR3,"cell line: SKBR3 | cell type: Breast; Mammary gland, epithelial | treatment: trastuzumab",,,UNRESOLVED,SKBR3,UNRESOLVED,,,
GEO:GSE244537,GSM7818805,SKBR3 cuttag input,SKBR3,"cell line: SKBR3 | cell type: Breast; Mammary gland, epithelial | treatment: none",,,UNRESOLVED,SKBR3,UNRESOLVED,,,
GEO:GSE244537,GSM7818806,SKBR3_HR cuttag input,SKBR3,"cell line: SKBR3 | cell type: Breast; Mammary gland, epithelial | treatment: trastuzumab",,,UNRESOLVED,SKBR3,UNRESOLVED,,,
GEO:GSE245486,GSM7843744,BT474T_1,BT474 cells,knockout: Control,Cells were transduced with lentivirus and selected with puromycin.,,SENSITIVE_OR_PARENTAL,BT474,UNRESOLVED,,parental | control,
GEO:GSE245486,GSM7843745,BT474T_2,BT474 cells,knockout: Control,Cells were transduced with lentivirus and selected with puromycin.,,SENSITIVE_OR_PARENTAL,BT474,UNRESOLVED,,parental | control,
GEO:GSE245486,GSM7843746,HR6_1,BT474 cells,knockout: Control,Cells were transduced with lentivirus and selected with puromycin.,,SENSITIVE_OR_PARENTAL,BT474,UNRESOLVED,,parental | control,
GEO:GSE245486,GSM7843747,HR6_2,BT474 cells,knockout: Control,Cells were transduced with lentivirus and selected with puromycin.,,SENSITIVE_OR_PARENTAL,BT474,UNRESOLVED,,parental | control,
GEO:GSE245486,GSM7843748,HR6_Z8KO1_1,BT474 cells,knockout: ZMYND8,Cells were transduced with lentivirus and selected with puromycin.,,UNRESOLVED,BT474,UNRESOLVED,,,
GEO:GSE245486,GSM7843749,HR6_Z8KO1_2,BT474 cells,knockout: ZMYND8,Cells were transduced with lentivirus and selected with puromycin.,,UNRESOLVED,BT474,UNRESOLVED,,,
GEO:GSE245486,GSM7843750,HR6_Z8KO2_1,BT474 cells,knockout: ZMYND8,Cells were transduced with lentivirus and selected with puromycin.,,UNRESOLVED,BT474,UNRESOLVED,,,
GEO:GSE245486,GSM7843751,HR6_Z8KO2_2,BT474 cells,knockout: ZMYND8,Cells were transduced with lentivirus and selected with puromycin.,,UNRESOLVED,BT474,UNRESOLVED,,,
GEO:GSE262860,GSM8180641,"PDX-M1 tumor (J000100674, 6th generation)",breast cancer tumor tissue,tissue: breast cancer tumor tissue | cell type: Mammary Epithelial Cells | genotype: Control | treatment: No | generation: 6th generation,No treatment,,SENSITIVE_OR_PARENTAL,,UNRESOLVED,,parental | control,
GEO:GSE262860,GSM8180642,"PDX-M2 tumor (J000111056, 6th generation)",breast cancer tumor tissue,tissue: breast cancer tumor tissue | cell type: Mammary Epithelial Cells | genotype: Control | treatment: No | generation: 6th generation,No treatment,,SENSITIVE_OR_PARENTAL,,UNRESOLVED,,parental | control,
GEO:GSE286038,GSM8715425,"Multiome, PDX, DMSO Treatment, GEX",breast cancer xenograft,tissue: breast cancer xenograft | cell type: breast cancer cells | treatment: DMSO,"When tumors reached ~100 mm3, mice were randomized into four groups, and treated with either vehicle, fulvestrant (5 mg/mouse/week s.c.), neratinib (40 mg/kg P.O.) or a combination of fulvestrant and neratinib for four to five weeks.",Library name: HCI032-CON_RNA,UNRESOLVED,,UNRESOLVED,,vehicle | vehicle,
GEO:GSE286038,GSM8715426,"Multiome, PDX, DMSO Treatment, ATAC",breast cancer xenograft,tissue: breast cancer xenograft | cell type: breast cancer cells | treatment: DMSO,"When tumors reached ~100 mm3, mice were randomized into four groups, and treated with either vehicle, fulvestrant (5 mg/mouse/week s.c.), neratinib (40 mg/kg P.O.) or a combination of fulvestrant and neratinib for four to five weeks.",Library name: HCI032-CON_ATAC,UNRESOLVED,,UNRESOLVED,,vehicle | vehicle,
GEO:GSE286038,GSM8715427,"Multiome, PDX, Neratinib Treatment, GEX",breast cancer xenograft,tissue: breast cancer xenograft | cell type: breast cancer cells | treatment: Neratinib,"When tumors reached ~100 mm3, mice were randomized into four groups, and treated with either vehicle, fulvestrant (5 mg/mouse/week s.c.), neratinib (40 mg/kg P.O.) or a combination of fulvestrant and neratinib for four to five weeks.",Library name: HCI032-NER_RNA,UNRESOLVED,,UNRESOLVED,,vehicle | vehicle,
GEO:GSE286038,GSM8715428,"Multiome, PDX, Neratinib Treatment, ATAC",breast cancer xenograft,tissue: breast cancer xenograft | cell type: breast cancer cells | treatment: Neratinib,"When tumors reached ~100 mm3, mice were randomized into four groups, and treated with either vehicle, fulvestrant (5 mg/mouse/week s.c.), neratinib (40 mg/kg P.O.) or a combination of fulvestrant and neratinib for four to five weeks.",Library name: HCI032-NER_ATAC,UNRESOLVED,,UNRESOLVED,,vehicle | vehicle,
GEO:GSE286038,GSM8715429,"Multiome, PDX, Fulvestrant Treatment, GEX",breast cancer xenograft,tissue: breast cancer xenograft | cell type: breast cancer cells | treatment: Fulvestrant,"When tumors reached ~100 mm3, mice were randomized into four groups, and treated with either vehicle, fulvestrant (5 mg/mouse/week s.c.), neratinib (40 mg/kg P.O.) or a combination of fulvestrant and neratinib for four to five weeks.",Library name: HCI032-FV_RNA,UNRESOLVED,,UNRESOLVED,,vehicle | vehicle,
GEO:GSE286038,GSM8715430,"Multiome, PDX, Fulvestrant Treatment, ATAC",breast cancer xenograft,tissue: breast cancer xenograft | cell type: breast cancer cells | treatment: Fulvestrant,"When tumors reached ~100 mm3, mice were randomized into four groups, and treated with either vehicle, fulvestrant (5 mg/mouse/week s.c.), neratinib (40 mg/kg P.O.) or a combination of fulvestrant and neratinib for four to five weeks.",Library name: HCI032-FV_ATAC,UNRESOLVED,,UNRESOLVED,,vehicle | vehicle,
GEO:GSE286038,GSM8715431,"Multiome, PDX, Neratinib and Fulvestrant Treatments, GEX",breast cancer xenograft,tissue: breast cancer xenograft | cell type: breast cancer cells | treatment: Neratinib+Fulvestrant,"When tumors reached ~100 mm3, mice were randomized into four groups, and treated with either vehicle, fulvestrant (5 mg/mouse/week s.c.), neratinib (40 mg/kg P.O.) or a combination of fulvestrant and neratinib for four to five weeks.",Library name: HCI032-FVNER_RNA,UNRESOLVED,,UNRESOLVED,,vehicle | vehicle,
GEO:GSE286038,GSM8715432,"Multiome, PDX, Neratinib and Fulvestrant Treatment, ATAC",breast cancer xenograft,tissue: breast cancer xenograft | cell type: breast cancer cells | treatment: Neratinib+Fulvestrant,"When tumors reached ~100 mm3, mice were randomized into four groups, and treated with either vehicle, fulvestrant (5 mg/mouse/week s.c.), neratinib (40 mg/kg P.O.) or a combination of fulvestrant and neratinib for four to five weeks.",Library name: HCI032-FVNER_ATAC,UNRESOLVED,,UNRESOLVED,,vehicle | vehicle,
GEO:GSE297715,GSM8997256,SKBR3 H3K27me3 rep1,SKBR3,"cell line: SKBR3 | cell type: Breast; Mammary gland, epithelial",,Library name: SKBR3 H3K27me3 rep1,UNRESOLVED,SKBR3,UNRESOLVED,,,
GEO:GSE297715,GSM8997257,SKBR3 H3K27me3 rep2,SKBR3,"cell line: SKBR3 | cell type: Breast; Mammary gland, epithelial",,Library name: SKBR3 H3K27me3 rep2,UNRESOLVED,SKBR3,UNRESOLVED,,,
GEO:GSE297715,GSM8997258,SKBR3 H3K4me3 rep1,SKBR3,"cell line: SKBR3 | cell type: Breast; Mammary gland, epithelial",,Library name: SKBR3 H3K4me3 rep1,UNRESOLVED,SKBR3,UNRESOLVED,,,
GEO:GSE297715,GSM8997259,SKBR3 H3K4me3 rep2,SKBR3,"cell line: SKBR3 | cell type: Breast; Mammary gland, epithelial",,Library name: SKBR3 H3K4me3 rep2,UNRESOLVED,SKBR3,UNRESOLVED,,,
GEO:GSE297715,GSM8997260,SKBR3 H3K27ac rep1,SKBR3,"cell line: SKBR3 | cell type: Breast; Mammary gland, epithelial",,Library name: SKBR3 H3K27ac rep1,UNRESOLVED,SKBR3,UNRESOLVED,,,
GEO:GSE297715,GSM8997261,SKBR3 H3K27ac rep2,SKBR3,"cell line: SKBR3 | cell type: Breast; Mammary gland, epithelial",,Library name: SKBR3 H3K27ac rep2,UNRESOLVED,SKBR3,UNRESOLVED,,,
GEO:GSE297715,GSM8997262,SKBR3 CTCF rep1,SKBR3,"cell line: SKBR3 | cell type: Breast; Mammary gland, epithelial",,Library name: SKBR3 CTCF rep1,UNRESOLVED,SKBR3,UNRESOLVED,,,
GEO:GSE297715,GSM8997263,SKBR3 CTCF rep2,SKBR3,"cell line: SKBR3 | cell type: Breast; Mammary gland, epithelial",,Library name: SKBR3 CTCF rep2,UNRESOLVED,SKBR3,UNRESOLVED,,,
GEO:GSE297715,GSM8997264,SKBR3 RNApolII rep1,SKBR3,"cell line: SKBR3 | cell type: Breast; Mammary gland, epithelial",,Library name: SKBR3 RNApolII rep1,UNRESOLVED,SKBR3,UNRESOLVED,,,
GEO:GSE297715,GSM8997265,SKBR3 RNApolII rep2,SKBR3,"cell line: SKBR3 | cell type: Breast; Mammary gland, epithelial",,Library name: SKBR3 RNApolII rep2,UNRESOLVED,SKBR3,UNRESOLVED,,,
GEO:GSE297715,GSM8997266,JIMT1 H3K27me3 rep1,JIMT1,"cell line: JIMT1 | cell type: Breast; Mammary gland, epithelial",,Library name: JIMT1 H3K27me3 rep1,UNRESOLVED,,UNRESOLVED,,,
GEO:GSE297715,GSM8997267,JIMT1 H3K27me3 rep2,JIMT1,"cell line: JIMT1 | cell type: Breast; Mammary gland, epithelial",,Library name: JIMT1 H3K27me3 rep2,UNRESOLVED,,UNRESOLVED,,,
GEO:GSE297715,GSM8997268,JIMT1 H3K4me3 rep1,JIMT1,"cell line: JIMT1 | cell type: Breast; Mammary gland, epithelial",,Library name: JIMT1 H3K4me3 rep1,UNRESOLVED,,UNRESOLVED,,,
GEO:GSE297715,GSM8997269,JIMT1 H3K4me3 rep2,JIMT1,"cell line: JIMT1 | cell type: Breast; Mammary gland, epithelial",,Library name: JIMT1 H3K4me3 rep2,UNRESOLVED,,UNRESOLVED,,,
GEO:GSE297715,GSM8997270,JIMT1 H3K27ac rep1,JIMT1,"cell line: JIMT1 | cell type: Breast; Mammary gland, epithelial",,Library name: JIMT1 H3K27ac rep1,UNRESOLVED,,UNRESOLVED,,,
GEO:GSE297715,GSM8997271,JIMT1 H3K27ac rep2,JIMT1,"cell line: JIMT1 | cell type: Breast; Mammary gland, epithelial",,Library name: JIMT1 H3K27ac rep2,UNRESOLVED,,UNRESOLVED,,,
GEO:GSE297715,GSM8997272,JIMT1 CTCF rep1,JIMT1,"cell line: JIMT1 | cell type: Breast; Mammary gland, epithelial",,Library name: JIMT1 CTCF rep1,UNRESOLVED,,UNRESOLVED,,,
GEO:GSE297715,GSM8997273,JIMT1 CTCF rep2,JIMT1,"cell line: JIMT1 | cell type: Breast; Mammary gland, epithelial",,Library name: JIMT1 CTCF rep2,UNRESOLVED,,UNRESOLVED,,,
GEO:GSE297715,GSM8997274,JIMT1 RNApolII rep1,JIMT1,"cell line: JIMT1 | cell type: Breast; Mammary gland, epithelial",,Library name: JIMT1 RNApolII rep1,UNRESOLVED,,UNRESOLVED,,,
GEO:GSE297715,GSM8997275,JIMT1 RNApolII rep2,JIMT1,"cell line: JIMT1 | cell type: Breast; Mammary gland, epithelial",,Library name: JIMT1 RNApolII rep2,UNRESOLVED,,UNRESOLVED,,,
GEO:GSE297774,GSM8999191,JIMT1_rep1,JIMT1,"cell line: JIMT1 | cell type: Breast; Mammary gland, epithelial",,Library name: JIMT1_rep1,UNRESOLVED,,UNRESOLVED,,,
GEO:GSE297774,GSM8999192,JIMT1_rep2,JIMT1,"cell line: JIMT1 | cell type: Breast; Mammary gland, epithelial",,Library name: JIMT1_rep2,UNRESOLVED,,UNRESOLVED,,,
GEO:GSE297774,GSM8999193,JIMT1_rep3,JIMT1,"cell line: JIMT1 | cell type: Breast; Mammary gland, epithelial",,Library name: JIMT1_rep3,UNRESOLVED,,UNRESOLVED,,,
GEO:GSE300749,GSM9067954,BT-474_SCR_1,Breast,tissue: Breast | cell line: BT-474 | cell type: epithelial cell | genotype: WT | treatment: -,"Human HER2+ breast cancer cell lines BT474 TS (trastuzumab-sensitive) and TR (trastuzumab-resistant) were obtained from the American Type Culture Collection (ATCC, Manassas, VI, USA). The CB2R knockout (KO) cell line was generated by knocking out CB2R expression in TS cells using CRISPR/Cas9. The following RNA guide targeting CB2R exon 3 was cloned into the pLv-puro-sgRNA lentiviral plasmid: TCC GGA ATC ATC TAC ACC TA (TGG) (Addgene #7140, Watertown, MA, USA). TS cells stably expressing Cas9 (via infection with a pCLIP-hCMV-Cas9-Nuclease-Blast lentiviral plasmid, kindly donated by Dr. Markus Müschen, City of Hope Comprehensive Cancer Center, Duarte, CA, USA) were infected with the CB2R-targeting guide. Cells incorporating both Cas9 and guide were selected via antibiotic resistance, and CB2R knockout was confirmed by genomic PCR. The scramble control (SCR) cell line was generated using the same protocol but with a scramble guide (CCT AAG GTT AAG TCG CCC TCG CTC GAG CGA GGG CGA CTT AAC CT TAGG). The CB2R rescue (RESC) and TR CB2R cell lines were derived from CB2R KO and TR cells, respectively, via lentiviral transduction of the pLv-neo-CMV-hCNR2 plasmid. Briefly, lentiviral particles were produced by transfecting HEK293T cells with envelope (pMD2.G, Addgene #12259), packaging (psPAX2, Addgene #12260), and donor plasmids (CB2R, pLv-neo-hCNR2, Vector Builder, Neu-Isenburg, Germany). Conditioned medium containing recombinant lentiviruses was collected, filtered, and used to infect CB2R KO and TR cells.",Library name: SCR1,AMBIGUOUS,BT474,UNRESOLVED,trastuzumab-resistant | resistance,trastuzumab-sensitive | control | wt,tr
GEO:GSE300749,GSM9067955,BT-474_SCR_2,Breast,tissue: Breast | cell line: BT-474 | cell type: epithelial cell | genotype: WT | treatment: -,"Human HER2+ breast cancer cell lines BT474 TS (trastuzumab-sensitive) and TR (trastuzumab-resistant) were obtained from the American Type Culture Collection (ATCC, Manassas, VI, USA). The CB2R knockout (KO) cell line was generated by knocking out CB2R expression in TS cells using CRISPR/Cas9. The following RNA guide targeting CB2R exon 3 was cloned into the pLv-puro-sgRNA lentiviral plasmid: TCC GGA ATC ATC TAC ACC TA (TGG) (Addgene #7140, Watertown, MA, USA). TS cells stably expressing Cas9 (via infection with a pCLIP-hCMV-Cas9-Nuclease-Blast lentiviral plasmid, kindly donated by Dr. Markus Müschen, City of Hope Comprehensive Cancer Center, Duarte, CA, USA) were infected with the CB2R-targeting guide. Cells incorporating both Cas9 and guide were selected via antibiotic resistance, and CB2R knockout was confirmed by genomic PCR. The scramble control (SCR) cell line was generated using the same protocol but with a scramble guide (CCT AAG GTT AAG TCG CCC TCG CTC GAG CGA GGG CGA CTT AAC CT TAGG). The CB2R rescue (RESC) and TR CB2R cell lines were derived from CB2R KO and TR cells, respectively, via lentiviral transduction of the pLv-neo-CMV-hCNR2 plasmid. Briefly, lentiviral particles were produced by transfecting HEK293T cells with envelope (pMD2.G, Addgene #12259), packaging (psPAX2, Addgene #12260), and donor plasmids (CB2R, pLv-neo-hCNR2, Vector Builder, Neu-Isenburg, Germany). Conditioned medium containing recombinant lentiviruses was collected, filtered, and used to infect CB2R KO and TR cells.",Library name: SCR2,AMBIGUOUS,BT474,UNRESOLVED,trastuzumab-resistant | resistance,trastuzumab-sensitive | control | wt,tr
GEO:GSE300749,GSM9067956,BT-474_SCR_3,Breast,tissue: Breast | cell line: BT-474 | cell type: epithelial cell | genotype: WT | treatment: -,"Human HER2+ breast cancer cell lines BT474 TS (trastuzumab-sensitive) and TR (trastuzumab-resistant) were obtained from the American Type Culture Collection (ATCC, Manassas, VI, USA). The CB2R knockout (KO) cell line was generated by knocking out CB2R expression in TS cells using CRISPR/Cas9. The following RNA guide targeting CB2R exon 3 was cloned into the pLv-puro-sgRNA lentiviral plasmid: TCC GGA ATC ATC TAC ACC TA (TGG) (Addgene #7140, Watertown, MA, USA). TS cells stably expressing Cas9 (via infection with a pCLIP-hCMV-Cas9-Nuclease-Blast lentiviral plasmid, kindly donated by Dr. Markus Müschen, City of Hope Comprehensive Cancer Center, Duarte, CA, USA) were infected with the CB2R-targeting guide. Cells incorporating both Cas9 and guide were selected via antibiotic resistance, and CB2R knockout was confirmed by genomic PCR. The scramble control (SCR) cell line was generated using the same protocol but with a scramble guide (CCT AAG GTT AAG TCG CCC TCG CTC GAG CGA GGG CGA CTT AAC CT TAGG). The CB2R rescue (RESC) and TR CB2R cell lines were derived from CB2R KO and TR cells, respectively, via lentiviral transduction of the pLv-neo-CMV-hCNR2 plasmid. Briefly, lentiviral particles were produced by transfecting HEK293T cells with envelope (pMD2.G, Addgene #12259), packaging (psPAX2, Addgene #12260), and donor plasmids (CB2R, pLv-neo-hCNR2, Vector Builder, Neu-Isenburg, Germany). Conditioned medium containing recombinant lentiviruses was collected, filtered, and used to infect CB2R KO and TR cells.",Library name: SCR3,AMBIGUOUS,BT474,UNRESOLVED,trastuzumab-resistant | resistance,trastuzumab-sensitive | control | wt,tr
GEO:GSE300749,GSM9067957,BT-474_CB2R_KO_1,Breast,tissue: Breast | cell line: BT-474 | cell type: epithelial cell | genotype: CB2R KO | treatment: -,"Human HER2+ breast cancer cell lines BT474 TS (trastuzumab-sensitive) and TR (trastuzumab-resistant) were obtained from the American Type Culture Collection (ATCC, Manassas, VI, USA). The CB2R knockout (KO) cell line was generated by knocking out CB2R expression in TS cells using CRISPR/Cas9. The following RNA guide targeting CB2R exon 3 was cloned into the pLv-puro-sgRNA lentiviral plasmid: TCC GGA ATC ATC TAC ACC TA (TGG) (Addgene #7140, Watertown, MA, USA). TS cells stably expressing Cas9 (via infection with a pCLIP-hCMV-Cas9-Nuclease-Blast lentiviral plasmid, kindly donated by Dr. Markus Müschen, City of Hope Comprehensive Cancer Center, Duarte, CA, USA) were infected with the CB2R-targeting guide. Cells incorporating both Cas9 and guide were selected via antibiotic resistance, and CB2R knockout was confirmed by genomic PCR. The scramble control (SCR) cell line was generated using the same protocol but with a scramble guide (CCT AAG GTT AAG TCG CCC TCG CTC GAG CGA GGG CGA CTT AAC CT TAGG). The CB2R rescue (RESC) and TR CB2R cell lines were derived from CB2R KO and TR cells, respectively, via lentiviral transduction of the pLv-neo-CMV-hCNR2 plasmid. Briefly, lentiviral particles were produced by transfecting HEK293T cells with envelope (pMD2.G, Addgene #12259), packaging (psPAX2, Addgene #12260), and donor plasmids (CB2R, pLv-neo-hCNR2, Vector Builder, Neu-Isenburg, Germany). Conditioned medium containing recombinant lentiviruses was collected, filtered, and used to infect CB2R KO and TR cells.",Library name: KO1,AMBIGUOUS,BT474,UNRESOLVED,trastuzumab-resistant | resistance,trastuzumab-sensitive | control,tr
GEO:GSE300749,GSM9067958,BT-474_CB2R_KO_2,Breast,tissue: Breast | cell line: BT-474 | cell type: epithelial cell | genotype: CB2R KO | treatment: -,"Human HER2+ breast cancer cell lines BT474 TS (trastuzumab-sensitive) and TR (trastuzumab-resistant) were obtained from the American Type Culture Collection (ATCC, Manassas, VI, USA). The CB2R knockout (KO) cell line was generated by knocking out CB2R expression in TS cells using CRISPR/Cas9. The following RNA guide targeting CB2R exon 3 was cloned into the pLv-puro-sgRNA lentiviral plasmid: TCC GGA ATC ATC TAC ACC TA (TGG) (Addgene #7140, Watertown, MA, USA). TS cells stably expressing Cas9 (via infection with a pCLIP-hCMV-Cas9-Nuclease-Blast lentiviral plasmid, kindly donated by Dr. Markus Müschen, City of Hope Comprehensive Cancer Center, Duarte, CA, USA) were infected with the CB2R-targeting guide. Cells incorporating both Cas9 and guide were selected via antibiotic resistance, and CB2R knockout was confirmed by genomic PCR. The scramble control (SCR) cell line was generated using the same protocol but with a scramble guide (CCT AAG GTT AAG TCG CCC TCG CTC GAG CGA GGG CGA CTT AAC CT TAGG). The CB2R rescue (RESC) and TR CB2R cell lines were derived from CB2R KO and TR cells, respectively, via lentiviral transduction of the pLv-neo-CMV-hCNR2 plasmid. Briefly, lentiviral particles were produced by transfecting HEK293T cells with envelope (pMD2.G, Addgene #12259), packaging (psPAX2, Addgene #12260), and donor plasmids (CB2R, pLv-neo-hCNR2, Vector Builder, Neu-Isenburg, Germany). Conditioned medium containing recombinant lentiviruses was collected, filtered, and used to infect CB2R KO and TR cells.",Library name: KO2,AMBIGUOUS,BT474,UNRESOLVED,trastuzumab-resistant | resistance,trastuzumab-sensitive | control,tr
GEO:GSE300749,GSM9067959,BT-474_CB2R_KO_3,Breast,tissue: Breast | cell line: BT-474 | cell type: epithelial cell | genotype: CB2R KO | treatment: -,"Human HER2+ breast cancer cell lines BT474 TS (trastuzumab-sensitive) and TR (trastuzumab-resistant) were obtained from the American Type Culture Collection (ATCC, Manassas, VI, USA). The CB2R knockout (KO) cell line was generated by knocking out CB2R expression in TS cells using CRISPR/Cas9. The following RNA guide targeting CB2R exon 3 was cloned into the pLv-puro-sgRNA lentiviral plasmid: TCC GGA ATC ATC TAC ACC TA (TGG) (Addgene #7140, Watertown, MA, USA). TS cells stably expressing Cas9 (via infection with a pCLIP-hCMV-Cas9-Nuclease-Blast lentiviral plasmid, kindly donated by Dr. Markus Müschen, City of Hope Comprehensive Cancer Center, Duarte, CA, USA) were infected with the CB2R-targeting guide. Cells incorporating both Cas9 and guide were selected via antibiotic resistance, and CB2R knockout was confirmed by genomic PCR. The scramble control (SCR) cell line was generated using the same protocol but with a scramble guide (CCT AAG GTT AAG TCG CCC TCG CTC GAG CGA GGG CGA CTT AAC CT TAGG). The CB2R rescue (RESC) and TR CB2R cell lines were derived from CB2R KO and TR cells, respectively, via lentiviral transduction of the pLv-neo-CMV-hCNR2 plasmid. Briefly, lentiviral particles were produced by transfecting HEK293T cells with envelope (pMD2.G, Addgene #12259), packaging (psPAX2, Addgene #12260), and donor plasmids (CB2R, pLv-neo-hCNR2, Vector Builder, Neu-Isenburg, Germany). Conditioned medium containing recombinant lentiviruses was collected, filtered, and used to infect CB2R KO and TR cells.",Library name: KO3,AMBIGUOUS,BT474,UNRESOLVED,trastuzumab-resistant | resistance,trastuzumab-sensitive | control,tr
GEO:GSE300749,GSM9067960,BT-474_Trastuzumab_Sensible_1,Breast,tissue: Breast | cell line: BT-474 | cell type: epithelial cell | genotype: WT | treatment: Trastuzumab,"Human HER2+ breast cancer cell lines BT474 TS (trastuzumab-sensitive) and TR (trastuzumab-resistant) were obtained from the American Type Culture Collection (ATCC, Manassas, VI, USA). The CB2R knockout (KO) cell line was generated by knocking out CB2R expression in TS cells using CRISPR/Cas9. The following RNA guide targeting CB2R exon 3 was cloned into the pLv-puro-sgRNA lentiviral plasmid: TCC GGA ATC ATC TAC ACC TA (TGG) (Addgene #7140, Watertown, MA, USA). TS cells stably expressing Cas9 (via infection with a pCLIP-hCMV-Cas9-Nuclease-Blast lentiviral plasmid, kindly donated by Dr. Markus Müschen, City of Hope Comprehensive Cancer Center, Duarte, CA, USA) were infected with the CB2R-targeting guide. Cells incorporating both Cas9 and guide were selected via antibiotic resistance, and CB2R knockout was confirmed by genomic PCR. The scramble control (SCR) cell line was generated using the same protocol but with a scramble guide (CCT AAG GTT AAG TCG CCC TCG CTC GAG CGA GGG CGA CTT AAC CT TAGG). The CB2R rescue (RESC) and TR CB2R cell lines were derived from CB2R KO and TR cells, respectively, via lentiviral transduction of the pLv-neo-CMV-hCNR2 plasmid. Briefly, lentiviral particles were produced by transfecting HEK293T cells with envelope (pMD2.G, Addgene #12259), packaging (psPAX2, Addgene #12260), and donor plasmids (CB2R, pLv-neo-hCNR2, Vector Builder, Neu-Isenburg, Germany). Conditioned medium containing recombinant lentiviruses was collected, filtered, and used to infect CB2R KO and TR cells.",Library name: TS1,AMBIGUOUS,BT474,UNRESOLVED,trastuzumab-resistant | resistance,trastuzumab-sensitive | control | wt,tr
GEO:GSE300749,GSM9067961,BT-474_Trastuzumab_Sensible_2,Breast,tissue: Breast | cell line: BT-474 | cell type: epithelial cell | genotype: WT | treatment: Trastuzumab,"Human HER2+ breast cancer cell lines BT474 TS (trastuzumab-sensitive) and TR (trastuzumab-resistant) were obtained from the American Type Culture Collection (ATCC, Manassas, VI, USA). The CB2R knockout (KO) cell line was generated by knocking out CB2R expression in TS cells using CRISPR/Cas9. The following RNA guide targeting CB2R exon 3 was cloned into the pLv-puro-sgRNA lentiviral plasmid: TCC GGA ATC ATC TAC ACC TA (TGG) (Addgene #7140, Watertown, MA, USA). TS cells stably expressing Cas9 (via infection with a pCLIP-hCMV-Cas9-Nuclease-Blast lentiviral plasmid, kindly donated by Dr. Markus Müschen, City of Hope Comprehensive Cancer Center, Duarte, CA, USA) were infected with the CB2R-targeting guide. Cells incorporating both Cas9 and guide were selected via antibiotic resistance, and CB2R knockout was confirmed by genomic PCR. The scramble control (SCR) cell line was generated using the same protocol but with a scramble guide (CCT AAG GTT AAG TCG CCC TCG CTC GAG CGA GGG CGA CTT AAC CT TAGG). The CB2R rescue (RESC) and TR CB2R cell lines were derived from CB2R KO and TR cells, respectively, via lentiviral transduction of the pLv-neo-CMV-hCNR2 plasmid. Briefly, lentiviral particles were produced by transfecting HEK293T cells with envelope (pMD2.G, Addgene #12259), packaging (psPAX2, Addgene #12260), and donor plasmids (CB2R, pLv-neo-hCNR2, Vector Builder, Neu-Isenburg, Germany). Conditioned medium containing recombinant lentiviruses was collected, filtered, and used to infect CB2R KO and TR cells.",Library name: TS2,AMBIGUOUS,BT474,UNRESOLVED,trastuzumab-resistant | resistance,trastuzumab-sensitive | control | wt,tr
GEO:GSE300749,GSM9067962,BT-474_Trastuzumab_Sensible_3,Breast,tissue: Breast | cell line: BT-474 | cell type: epithelial cell | genotype: WT | treatment: Trastuzumab,"Human HER2+ breast cancer cell lines BT474 TS (trastuzumab-sensitive) and TR (trastuzumab-resistant) were obtained from the American Type Culture Collection (ATCC, Manassas, VI, USA). The CB2R knockout (KO) cell line was generated by knocking out CB2R expression in TS cells using CRISPR/Cas9. The following RNA guide targeting CB2R exon 3 was cloned into the pLv-puro-sgRNA lentiviral plasmid: TCC GGA ATC ATC TAC ACC TA (TGG) (Addgene #7140, Watertown, MA, USA). TS cells stably expressing Cas9 (via infection with a pCLIP-hCMV-Cas9-Nuclease-Blast lentiviral plasmid, kindly donated by Dr. Markus Müschen, City of Hope Comprehensive Cancer Center, Duarte, CA, USA) were infected with the CB2R-targeting guide. Cells incorporating both Cas9 and guide were selected via antibiotic resistance, and CB2R knockout was confirmed by genomic PCR. The scramble control (SCR) cell line was generated using the same protocol but with a scramble guide (CCT AAG GTT AAG TCG CCC TCG CTC GAG CGA GGG CGA CTT AAC CT TAGG). The CB2R rescue (RESC) and TR CB2R cell lines were derived from CB2R KO and TR cells, respectively, via lentiviral transduction of the pLv-neo-CMV-hCNR2 plasmid. Briefly, lentiviral particles were produced by transfecting HEK293T cells with envelope (pMD2.G, Addgene #12259), packaging (psPAX2, Addgene #12260), and donor plasmids (CB2R, pLv-neo-hCNR2, Vector Builder, Neu-Isenburg, Germany). Conditioned medium containing recombinant lentiviruses was collected, filtered, and used to infect CB2R KO and TR cells.",Library name: TS3,AMBIGUOUS,BT474,UNRESOLVED,trastuzumab-resistant | resistance,trastuzumab-sensitive | control | wt,tr
GEO:GSE300749,GSM9067963,BT-474_Trastuzumab_Resistance_1,Breast,tissue: Breast | cell line: BT-474 | cell type: epithelial cell | genotype: WT | treatment: Trastuzumab,"Human HER2+ breast cancer cell lines BT474 TS (trastuzumab-sensitive) and TR (trastuzumab-resistant) were obtained from the American Type Culture Collection (ATCC, Manassas, VI, USA). The CB2R knockout (KO) cell line was generated by knocking out CB2R expression in TS cells using CRISPR/Cas9. The following RNA guide targeting CB2R exon 3 was cloned into the pLv-puro-sgRNA lentiviral plasmid: TCC GGA ATC ATC TAC ACC TA (TGG) (Addgene #7140, Watertown, MA, USA). TS cells stably expressing Cas9 (via infection with a pCLIP-hCMV-Cas9-Nuclease-Blast lentiviral plasmid, kindly donated by Dr. Markus Müschen, City of Hope Comprehensive Cancer Center, Duarte, CA, USA) were infected with the CB2R-targeting guide. Cells incorporating both Cas9 and guide were selected via antibiotic resistance, and CB2R knockout was confirmed by genomic PCR. The scramble control (SCR) cell line was generated using the same protocol but with a scramble guide (CCT AAG GTT AAG TCG CCC TCG CTC GAG CGA GGG CGA CTT AAC CT TAGG). The CB2R rescue (RESC) and TR CB2R cell lines were derived from CB2R KO and TR cells, respectively, via lentiviral transduction of the pLv-neo-CMV-hCNR2 plasmid. Briefly, lentiviral particles were produced by transfecting HEK293T cells with envelope (pMD2.G, Addgene #12259), packaging (psPAX2, Addgene #12260), and donor plasmids (CB2R, pLv-neo-hCNR2, Vector Builder, Neu-Isenburg, Germany). Conditioned medium containing recombinant lentiviruses was collected, filtered, and used to infect CB2R KO and TR cells.",Library name: TR1,AMBIGUOUS,BT474,UNRESOLVED,trastuzumab-resistant | resistance,trastuzumab-sensitive | control | wt,tr
GEO:GSE300749,GSM9067964,BT-474_Trastuzumab_Resistance_2,Breast,tissue: Breast | cell line: BT-474 | cell type: epithelial cell | genotype: WT | treatment: Trastuzumab,"Human HER2+ breast cancer cell lines BT474 TS (trastuzumab-sensitive) and TR (trastuzumab-resistant) were obtained from the American Type Culture Collection (ATCC, Manassas, VI, USA). The CB2R knockout (KO) cell line was generated by knocking out CB2R expression in TS cells using CRISPR/Cas9. The following RNA guide targeting CB2R exon 3 was cloned into the pLv-puro-sgRNA lentiviral plasmid: TCC GGA ATC ATC TAC ACC TA (TGG) (Addgene #7140, Watertown, MA, USA). TS cells stably expressing Cas9 (via infection with a pCLIP-hCMV-Cas9-Nuclease-Blast lentiviral plasmid, kindly donated by Dr. Markus Müschen, City of Hope Comprehensive Cancer Center, Duarte, CA, USA) were infected with the CB2R-targeting guide. Cells incorporating both Cas9 and guide were selected via antibiotic resistance, and CB2R knockout was confirmed by genomic PCR. The scramble control (SCR) cell line was generated using the same protocol but with a scramble guide (CCT AAG GTT AAG TCG CCC TCG CTC GAG CGA GGG CGA CTT AAC CT TAGG). The CB2R rescue (RESC) and TR CB2R cell lines were derived from CB2R KO and TR cells, respectively, via lentiviral transduction of the pLv-neo-CMV-hCNR2 plasmid. Briefly, lentiviral particles were produced by transfecting HEK293T cells with envelope (pMD2.G, Addgene #12259), packaging (psPAX2, Addgene #12260), and donor plasmids (CB2R, pLv-neo-hCNR2, Vector Builder, Neu-Isenburg, Germany). Conditioned medium containing recombinant lentiviruses was collected, filtered, and used to infect CB2R KO and TR cells.",Library name: TR2,AMBIGUOUS,BT474,UNRESOLVED,trastuzumab-resistant | resistance,trastuzumab-sensitive | control | wt,tr
GEO:GSE300749,GSM9067965,BT-474_Trastuzumab_Resistance_3,Breast,tissue: Breast | cell line: BT-474 | cell type: epithelial cell | genotype: WT | treatment: Trastuzumab,"Human HER2+ breast cancer cell lines BT474 TS (trastuzumab-sensitive) and TR (trastuzumab-resistant) were obtained from the American Type Culture Collection (ATCC, Manassas, VI, USA). The CB2R knockout (KO) cell line was generated by knocking out CB2R expression in TS cells using CRISPR/Cas9. The following RNA guide targeting CB2R exon 3 was cloned into the pLv-puro-sgRNA lentiviral plasmid: TCC GGA ATC ATC TAC ACC TA (TGG) (Addgene #7140, Watertown, MA, USA). TS cells stably expressing Cas9 (via infection with a pCLIP-hCMV-Cas9-Nuclease-Blast lentiviral plasmid, kindly donated by Dr. Markus Müschen, City of Hope Comprehensive Cancer Center, Duarte, CA, USA) were infected with the CB2R-targeting guide. Cells incorporating both Cas9 and guide were selected via antibiotic resistance, and CB2R knockout was confirmed by genomic PCR. The scramble control (SCR) cell line was generated using the same protocol but with a scramble guide (CCT AAG GTT AAG TCG CCC TCG CTC GAG CGA GGG CGA CTT AAC CT TAGG). The CB2R rescue (RESC) and TR CB2R cell lines were derived from CB2R KO and TR cells, respectively, via lentiviral transduction of the pLv-neo-CMV-hCNR2 plasmid. Briefly, lentiviral particles were produced by transfecting HEK293T cells with envelope (pMD2.G, Addgene #12259), packaging (psPAX2, Addgene #12260), and donor plasmids (CB2R, pLv-neo-hCNR2, Vector Builder, Neu-Isenburg, Germany). Conditioned medium containing recombinant lentiviruses was collected, filtered, and used to infect CB2R KO and TR cells.",Library name: TR3,AMBIGUOUS,BT474,UNRESOLVED,trastuzumab-resistant | resistance,trastuzumab-sensitive | control | wt,tr
GEO:GSE327983,GSM9669705,protein1,Bone,tissue: Bone,,Library name: DSP-1001660022162-A-H12-Y | DSP-1001660022162-A-H12.stats.txt | DSP-1001660022162-A-H12.dcc,UNRESOLVED,,UNRESOLVED,,,
GEO:GSE327983,GSM9669706,protein2,Bone,tissue: Bone,,Library name: DSP-1001660022162-A-H11-Y | DSP-1001660022162-A-H11.stats.txt | DSP-1001660022162-A-H11.dcc,UNRESOLVED,,UNRESOLVED,,,
GEO:GSE327983,GSM9669707,protein3,Bone,tissue: Bone,,Library name: DSP-1001660022162-A-H10-Y | DSP-1001660022162-A-H10.stats.txt | DSP-1001660022162-A-H10.dcc,UNRESOLVED,,UNRESOLVED,,,
GEO:GSE327983,GSM9669708,protein4,Bone,tissue: Bone,,Library name: DSP-1001660022162-A-H09-Y | DSP-1001660022162-A-H09.stats.txt | DSP-1001660022162-A-H09.dcc,UNRESOLVED,,UNRESOLVED,,,
GEO:GSE327983,GSM9669709,protein5,Bone,tissue: Bone,,Library name: DSP-1001660022162-A-H08-Y | DSP-1001660022162-A-H08.stats.txt | DSP-1001660022162-A-H08.dcc,UNRESOLVED,,UNRESOLVED,,,
GEO:GSE327983,GSM9669710,protein6,Bone,tissue: Bone,,Library name: DSP-1001660022162-A-H07-Y | DSP-1001660022162-A-H07.stats.txt | DSP-1001660022162-A-H07.dcc,UNRESOLVED,,UNRESOLVED,,,
GEO:GSE327983,GSM9669711,protein7,Bone,tissue: Bone,,Library name: DSP-1001660022162-A-H06-Y | DSP-1001660022162-A-H06.stats.txt | DSP-1001660022162-A-H06.dcc,UNRESOLVED,,UNRESOLVED,,,
GEO:GSE327983,GSM9669712,protein8,Bone,tissue: Bone,,Library name: DSP-1001660022162-A-H05-Y | DSP-1001660022162-A-H05.stats.txt | DSP-1001660022162-A-H05.dcc,UNRESOLVED,,UNRESOLVED,,,
GEO:GSE327983,GSM9669713,protein9,Bone,tissue: Bone,,Library name: DSP-1001660022162-A-H04-Y | DSP-1001660022162-A-H04.stats.txt | DSP-1001660022162-A-H04.dcc,UNRESOLVED,,UNRESOLVED,,,
GEO:GSE327983,GSM9669714,protein10,Bone,tissue: Bone,,Library name: DSP-1001660022162-A-H03-Y | DSP-1001660022162-A-H03.stats.txt | DSP-1001660022162-A-H03.dcc,UNRESOLVED,,UNRESOLVED,,,
GEO:GSE327983,GSM9669715,protein11,Bone,tissue: Bone,,Library name: DSP-1001660022162-A-H02-Y | DSP-1001660022162-A-H02.stats.txt | DSP-1001660022162-A-H02.dcc,UNRESOLVED,,UNRESOLVED,,,
GEO:GSE327983,GSM9669716,protein12,Bone,tissue: Bone,,Library name: DSP-1001660022162-A-H01-Y | DSP-1001660022162-A-H01.stats.txt | DSP-1001660022162-A-H01.dcc,UNRESOLVED,,UNRESOLVED,,,
GEO:GSE327983,GSM9669717,protein13,Bone,tissue: Bone,,Library name: DSP-1001660022162-A-G12-Y | DSP-1001660022162-A-G12.stats.txt | DSP-1001660022162-A-G12.dcc,UNRESOLVED,,UNRESOLVED,,,
GEO:GSE327983,GSM9669718,protein14,Bone,tissue: Bone,,Library name: DSP-1001660022162-A-G11-Y | DSP-1001660022162-A-G11.stats.txt | DSP-1001660022162-A-G11.dcc,UNRESOLVED,,UNRESOLVED,,,
GEO:GSE327983,GSM9669719,protein15,Bone,tissue: Bone,,Library name: DSP-1001660022162-A-G10-Y | DSP-1001660022162-A-G10.stats.txt | DSP-1001660022162-A-G10.dcc,UNRESOLVED,,UNRESOLVED,,,
GEO:GSE327983,GSM9669720,protein16,Bone,tissue: Bone,,Library name: DSP-1001660022162-A-G09-Y | DSP-1001660022162-A-G09.stats.txt | DSP-1001660022162-A-G09.dcc,UNRESOLVED,,UNRESOLVED,,,
GEO:GSE327983,GSM9669721,protein17,Bone,tissue: Bone,,Library name: DSP-1001660022162-A-G08-Y | DSP-1001660022162-A-G08.stats.txt | DSP-1001660022162-A-G08.dcc,UNRESOLVED,,UNRESOLVED,,,
GEO:GSE327983,GSM9669722,protein18,Bone,tissue: Bone,,Library name: DSP-1001660022162-A-G07-Y | DSP-1001660022162-A-G07.stats.txt | DSP-1001660022162-A-G07.dcc,UNRESOLVED,,UNRESOLVED,,,
GEO:GSE327983,GSM9669723,protein19,Bone,tissue: Bone,,Library name: DSP-1001660022162-A-G06-Y | DSP-1001660022162-A-G06.stats.txt | DSP-1001660022162-A-G06.dcc,UNRESOLVED,,UNRESOLVED,,,
GEO:GSE327983,GSM9669724,protein20,Bone,tissue: Bone,,Library name: DSP-1001660022162-A-G05-Y | DSP-1001660022162-A-G05.stats.txt | DSP-1001660022162-A-G05.dcc,UNRESOLVED,,UNRESOLVED,,,
GEO:GSE327983,GSM9669725,protein21,Bone,tissue: Bone,,Library name: DSP-1001660022162-A-G04-Y | DSP-1001660022162-A-G04.stats.txt | DSP-1001660022162-A-G04.dcc,UNRESOLVED,,UNRESOLVED,,,
GEO:GSE327983,GSM9669726,protein22,Bone,tissue: Bone,,Library name: DSP-1001660022162-A-G03-Y | DSP-1001660022162-A-G03.stats.txt | DSP-1001660022162-A-G03.dcc,UNRESOLVED,,UNRESOLVED,,,
GEO:GSE327983,GSM9669727,protein23,Bone,tissue: Bone,,Library name: DSP-1001660022162-A-G02-Y | DSP-1001660022162-A-G02.stats.txt | DSP-1001660022162-A-G02.dcc,UNRESOLVED,,UNRESOLVED,,,
GEO:GSE327983,GSM9669728,protein24,Bone,tissue: Bone,,Library name: DSP-1001660022162-A-G01-Y | DSP-1001660022162-A-G01.stats.txt | DSP-1001660022162-A-G01.dcc,UNRESOLVED,,UNRESOLVED,,,
GEO:GSE327983,GSM9669729,protein25,Bone,tissue: Bone,,Library name: DSP-1001660022162-A-F12-Y | DSP-1001660022162-A-F12.stats.txt | DSP-1001660022162-A-F12.dcc,UNRESOLVED,,UNRESOLVED,,,
GEO:GSE327983,GSM9669730,protein26,Bone,tissue: Bone,,Library name: DSP-1001660022162-A-F11-Y | DSP-1001660022162-A-F11.stats.txt | DSP-1001660022162-A-F11.dcc,UNRESOLVED,,UNRESOLVED,,,
GEO:GSE327983,GSM9669731,protein27,Bone,tissue: Bone,,Library name: DSP-1001660022162-A-F10-Y | DSP-1001660022162-A-F10.stats.txt | DSP-1001660022162-A-F10.dcc,UNRESOLVED,,UNRESOLVED,,,
GEO:GSE327983,GSM9669732,protein28,Bone,tissue: Bone,,Library name: DSP-1001660022162-A-F09-Y | DSP-1001660022162-A-F09.stats.txt | DSP-1001660022162-A-F09.dcc,UNRESOLVED,,UNRESOLVED,,,
GEO:GSE327983,GSM9669733,protein29,Bone,tissue: Bone,,Library name: DSP-1001660022162-A-F08-Y | DSP-1001660022162-A-F08.stats.txt | DSP-1001660022162-A-F08.dcc,UNRESOLVED,,UNRESOLVED,,,
GEO:GSE327983,GSM9669734,protein30,Bone,tissue: Bone,,Library name: DSP-1001660022162-A-F07-Y | DSP-1001660022162-A-F07.stats.txt | DSP-1001660022162-A-F07.dcc,UNRESOLVED,,UNRESOLVED,,,
GEO:GSE327983,GSM9669735,protein31,Bone,tissue: Bone,,Library name: DSP-1001660022162-A-F06-Y | DSP-1001660022162-A-F06.stats.txt | DSP-1001660022162-A-F06.dcc,UNRESOLVED,,UNRESOLVED,,,
GEO:GSE327983,GSM9669736,protein32,Bone,tissue: Bone,,Library name: DSP-1001660022162-A-F05-Y | DSP-1001660022162-A-F05.stats.txt | DSP-1001660022162-A-F05.dcc,UNRESOLVED,,UNRESOLVED,,,
GEO:GSE327983,GSM9669737,protein33,Bone,tissue: Bone,,Library name: DSP-1001660022162-A-F04-Y | DSP-1001660022162-A-F04.stats.txt | DSP-1001660022162-A-F04.dcc,UNRESOLVED,,UNRESOLVED,,,
GEO:GSE327983,GSM9669738,protein34,Bone,tissue: Bone,,Library name: DSP-1001660022162-A-F03-Y | DSP-1001660022162-A-F03.stats.txt | DSP-1001660022162-A-F03.dcc,UNRESOLVED,,UNRESOLVED,,,
GEO:GSE327983,GSM9669739,protein35,Bone,tissue: Bone,,Library name: DSP-1001660022162-A-F02-Y | DSP-1001660022162-A-F02.stats.txt | DSP-1001660022162-A-F02.dcc,UNRESOLVED,,UNRESOLVED,,,
GEO:GSE327983,GSM9669740,protein36,Bone,tissue: Bone,,Library name: DSP-1001660022162-A-F01-Y | DSP-1001660022162-A-F01.stats.txt | DSP-1001660022162-A-F01.dcc,UNRESOLVED,,UNRESOLVED,,,
GEO:GSE327983,GSM9669741,protein37,Bone,tissue: Bone,,Library name: DSP-1001660022162-A-E12-Y | DSP-1001660022162-A-E12.stats.txt | DSP-1001660022162-A-E12.dcc,UNRESOLVED,,UNRESOLVED,,,
GEO:GSE327983,GSM9669742,protein38,Bone,tissue: Bone,,Library name: DSP-1001660022162-A-E11-Y | DSP-1001660022162-A-E11.stats.txt | DSP-1001660022162-A-E11.dcc,UNRESOLVED,,UNRESOLVED,,,
GEO:GSE327983,GSM9669743,protein39,Bone,tissue: Bone,,Library name: DSP-1001660022162-A-E10-Y | DSP-1001660022162-A-E10.stats.txt | DSP-1001660022162-A-E10.dcc,UNRESOLVED,,UNRESOLVED,,,
GEO:GSE327983,GSM9669744,protein40,Bone,tissue: Bone,,Library name: DSP-1001660022162-A-E09-Y | DSP-1001660022162-A-E09.stats.txt | DSP-1001660022162-A-E09.dcc,UNRESOLVED,,UNRESOLVED,,,
GEO:GSE327983,GSM9669745,protein41,Bone,tissue: Bone,,Library name: DSP-1001660022162-A-E08-Y | DSP-1001660022162-A-E08.stats.txt | DSP-1001660022162-A-E08.dcc,UNRESOLVED,,UNRESOLVED,,,
GEO:GSE327983,GSM9669746,protein42,Bone,tissue: Bone,,Library name: DSP-1001660022162-A-E07-Y | DSP-1001660022162-A-E07.stats.txt | DSP-1001660022162-A-E07.dcc,UNRESOLVED,,UNRESOLVED,,,
GEO:GSE327983,GSM9669747,protein43,Bone,tissue: Bone,,Library name: DSP-1001660022162-A-E06-Y | DSP-1001660022162-A-E06.stats.txt | DSP-1001660022162-A-E06.dcc,UNRESOLVED,,UNRESOLVED,,,
GEO:GSE327983,GSM9669748,protein44,Bone,tissue: Bone,,Library name: DSP-1001660022162-A-E05-Y | DSP-1001660022162-A-E05.stats.txt | DSP-1001660022162-A-E05.dcc,UNRESOLVED,,UNRESOLVED,,,
GEO:GSE327983,GSM9669749,protein45,Bone,tissue: Bone,,Library name: DSP-1001660022162-A-E04-Y | DSP-1001660022162-A-E04.stats.txt | DSP-1001660022162-A-E04.dcc,UNRESOLVED,,UNRESOLVED,,,
GEO:GSE327983,GSM9669750,protein46,Bone,tissue: Bone,,Library name: DSP-1001660022162-A-E03-Y | DSP-1001660022162-A-E03.stats.txt | DSP-1001660022162-A-E03.dcc,UNRESOLVED,,UNRESOLVED,,,
GEO:GSE327983,GSM9669751,protein47,Bone,tissue: Bone,,Library name: DSP-1001660022162-A-E02-Y | DSP-1001660022162-A-E02.stats.txt | DSP-1001660022162-A-E02.dcc,UNRESOLVED,,UNRESOLVED,,,
GEO:GSE327983,GSM9669752,protein48,Bone,tissue: Bone,,Library name: DSP-1001660022162-A-E01-Y | DSP-1001660022162-A-E01.stats.txt | DSP-1001660022162-A-E01.dcc,UNRESOLVED,,UNRESOLVED,,,
GEO:GSE327983,GSM9669753,protein49,Bone,tissue: Bone,,Library name: DSP-1001660022162-A-D12-Y | DSP-1001660022162-A-D12.stats.txt | DSP-1001660022162-A-D12.dcc,UNRESOLVED,,UNRESOLVED,,,
GEO:GSE327983,GSM9669754,protein50,Bone,tissue: Bone,,Library name: DSP-1001660022162-A-D11-Y | DSP-1001660022162-A-D11.stats.txt | DSP-1001660022162-A-D11.dcc,UNRESOLVED,,UNRESOLVED,,,
GEO:GSE327983,GSM9669755,protein51,Bone,tissue: Bone,,Library name: DSP-1001660022162-A-D10-Y | DSP-1001660022162-A-D10.stats.txt | DSP-1001660022162-A-D10.dcc,UNRESOLVED,,UNRESOLVED,,,
GEO:GSE327983,GSM9669756,protein52,Bone,tissue: Bone,,Library name: DSP-1001660022162-A-D09-Y | DSP-1001660022162-A-D09.stats.txt | DSP-1001660022162-A-D09.dcc,UNRESOLVED,,UNRESOLVED,,,
GEO:GSE327983,GSM9669757,protein53,Bone,tissue: Bone,,Library name: DSP-1001660022162-A-D08-Y | DSP-1001660022162-A-D08.stats.txt | DSP-1001660022162-A-D08.dcc,UNRESOLVED,,UNRESOLVED,,,
GEO:GSE327983,GSM9669758,protein54,Brain,tissue: Brain,,Library name: DSP-1001660022162-A-D07-Y | DSP-1001660022162-A-D07.stats.txt | DSP-1001660022162-A-D07.dcc,UNRESOLVED,,UNRESOLVED,,,
GEO:GSE327983,GSM9669759,protein55,Brain,tissue: Brain,,Library name: DSP-1001660022162-A-D06-Y | DSP-1001660022162-A-D06.stats.txt | DSP-1001660022162-A-D06.dcc,UNRESOLVED,,UNRESOLVED,,,
GEO:GSE327983,GSM9669760,protein56,Brain,tissue: Brain,,Library name: DSP-1001660022162-A-D05-Y | DSP-1001660022162-A-D05.stats.txt | DSP-1001660022162-A-D05.dcc,UNRESOLVED,,UNRESOLVED,,,
GEO:GSE327983,GSM9669761,protein57,Brain,tissue: Brain,,Library name: DSP-1001660022162-A-D04-Y | DSP-1001660022162-A-D04.stats.txt | DSP-1001660022162-A-D04.dcc,UNRESOLVED,,UNRESOLVED,,,
GEO:GSE327983,GSM9669762,protein58,Brain,tissue: Brain,,Library name: DSP-1001660022162-A-D03-Y | DSP-1001660022162-A-D03.stats.txt | DSP-1001660022162-A-D03.dcc,UNRESOLVED,,UNRESOLVED,,,
GEO:GSE327983,GSM9669763,protein59,Brain,tissue: Brain,,Library name: DSP-1001660022162-A-D02-Y | DSP-1001660022162-A-D02.stats.txt | DSP-1001660022162-A-D02.dcc,UNRESOLVED,,UNRESOLVED,,,
GEO:GSE327983,GSM9669764,protein60,Brain,tissue: Brain,,Library name: DSP-1001660022162-A-D01-Y | DSP-1001660022162-A-D01.stats.txt | DSP-1001660022162-A-D01.dcc,UNRESOLVED,,UNRESOLVED,,,
GEO:GSE327983,GSM9669765,protein61,Brain,tissue: Brain,,Library name: DSP-1001660022162-A-C12-Y | DSP-1001660022162-A-C12.stats.txt | DSP-1001660022162-A-C12.dcc,UNRESOLVED,,UNRESOLVED,,,
GEO:GSE327983,GSM9669766,protein62,Brain,tissue: Brain,,Library name: DSP-1001660022162-A-C11-Y | DSP-1001660022162-A-C11.stats.txt | DSP-1001660022162-A-C11.dcc,UNRESOLVED,,UNRESOLVED,,,
GEO:GSE327983,GSM9669767,protein63,Brain,tissue: Brain,,Library name: DSP-1001660022162-A-C10-Y | DSP-1001660022162-A-C10.stats.txt | DSP-1001660022162-A-C10.dcc,UNRESOLVED,,UNRESOLVED,,,
GEO:GSE327983,GSM9669768,protein64,Brain,tissue: Brain,,Library name: DSP-1001660022162-A-C09-Y | DSP-1001660022162-A-C09.stats.txt | DSP-1001660022162-A-C09.dcc,UNRESOLVED,,UNRESOLVED,,,
GEO:GSE327983,GSM9669769,protein65,Brain,tissue: Brain,,Library name: DSP-1001660022162-A-C08-Y | DSP-1001660022162-A-C08.stats.txt | DSP-1001660022162-A-C08.dcc,UNRESOLVED,,UNRESOLVED,,,
GEO:GSE327983,GSM9669770,protein66,Brain,tissue: Brain,,Library name: DSP-1001660022162-A-C07-Y | DSP-1001660022162-A-C07.stats.txt | DSP-1001660022162-A-C07.dcc,UNRESOLVED,,UNRESOLVED,,,
GEO:GSE327983,GSM9669771,protein67,Brain,tissue: Brain,,Library name: DSP-1001660022162-A-C06-Y | DSP-1001660022162-A-C06.stats.txt | DSP-1001660022162-A-C06.dcc,UNRESOLVED,,UNRESOLVED,,,
GEO:GSE327983,GSM9669772,protein68,Brain,tissue: Brain,,Library name: DSP-1001660022162-A-C05-Y | DSP-1001660022162-A-C05.stats.txt | DSP-1001660022162-A-C05.dcc,UNRESOLVED,,UNRESOLVED,,,
GEO:GSE327983,GSM9669773,protein69,Brain,tissue: Brain,,Library name: DSP-1001660022162-A-C04-Y | DSP-1001660022162-A-C04.stats.txt | DSP-1001660022162-A-C04.dcc,UNRESOLVED,,UNRESOLVED,,,
GEO:GSE327983,GSM9669774,protein70,Brain,tissue: Brain,,Library name: DSP-1001660022162-A-C03-Y | DSP-1001660022162-A-C03.stats.txt | DSP-1001660022162-A-C03.dcc,UNRESOLVED,,UNRESOLVED,,,
GEO:GSE327983,GSM9669775,protein71,Brain,tissue: Brain,,Library name: DSP-1001660022162-A-C02-Y | DSP-1001660022162-A-C02.stats.txt | DSP-1001660022162-A-C02.dcc,UNRESOLVED,,UNRESOLVED,,,
GEO:GSE327983,GSM9669776,protein72,Brain,tissue: Brain,,Library name: DSP-1001660022162-A-C01-Y | DSP-1001660022162-A-C01.stats.txt | DSP-1001660022162-A-C01.dcc,UNRESOLVED,,UNRESOLVED,,,
GEO:GSE327983,GSM9669777,protein73,Brain,tissue: Brain,,Library name: DSP-1001660022162-A-B12-Y | DSP-1001660022162-A-B12.stats.txt | DSP-1001660022162-A-B12.dcc,UNRESOLVED,,UNRESOLVED,,,
GEO:GSE327983,GSM9669778,protein74,Brain,tissue: Brain,,Library name: DSP-1001660022162-A-B11-Y,UNRESOLVED,,UNRESOLVED,,,
GEO:GSE327983,GSM9669779,protein75,Brain,tissue: Brain,,Library name: DSP-1001660022162-A-B10-Y | DSP-1001660022162-A-B10.stats.txt | DSP-1001660022162-A-B10.dcc,UNRESOLVED,,UNRESOLVED,,,
GEO:GSE327983,GSM9669780,protein76,Brain,tissue: Brain,,Library name: DSP-1001660022162-A-B09-Y | DSP-1001660022162-A-B09.stats.txt | DSP-1001660022162-A-B09.dcc,UNRESOLVED,,UNRESOLVED,,,
GEO:GSE327983,GSM9669781,protein77,Brain,tissue: Brain,,Library name: DSP-1001660022162-A-B08-Y | DSP-1001660022162-A-B08.stats.txt | DSP-1001660022162-A-B08.dcc,UNRESOLVED,,UNRESOLVED,,,
GEO:GSE327983,GSM9669782,protein78,Brain,tissue: Brain,,Library name: DSP-1001660022162-A-B07-Y | DSP-1001660022162-A-B07.stats.txt | DSP-1001660022162-A-B07.dcc,UNRESOLVED,,UNRESOLVED,,,
GEO:GSE327983,GSM9669783,protein79,Brain,tissue: Brain,,Library name: DSP-1001660022162-A-B06-Y | DSP-1001660022162-A-B06.stats.txt | DSP-1001660022162-A-B06.dcc,UNRESOLVED,,UNRESOLVED,,,
GEO:GSE327983,GSM9669784,protein80,Brain,tissue: Brain,,Library name: DSP-1001660022162-A-B05-Y | DSP-1001660022162-A-B05.stats.txt | DSP-1001660022162-A-B05.dcc,UNRESOLVED,,UNRESOLVED,,,
GEO:GSE327983,GSM9669785,protein81,Brain,tissue: Brain,,Library name: DSP-1001660022162-A-B04-Y | DSP-1001660022162-A-B04.stats.txt | DSP-1001660022162-A-B04.dcc,UNRESOLVED,,UNRESOLVED,,,
GEO:GSE327983,GSM9669786,protein82,Brain,tissue: Brain,,Library name: DSP-1001660022162-A-B03-Y | DSP-1001660022162-A-B03.stats.txt | DSP-1001660022162-A-B03.dcc,UNRESOLVED,,UNRESOLVED,,,
GEO:GSE327983,GSM9669787,protein83,Brain,tissue: Brain,,Library name: DSP-1001660022162-A-B02-Y | DSP-1001660022162-A-B02.stats.txt | DSP-1001660022162-A-B02.dcc,UNRESOLVED,,UNRESOLVED,,,
GEO:GSE327983,GSM9669788,protein84,Brain,tissue: Brain,,Library name: DSP-1001660022162-A-B01-Y | DSP-1001660022162-A-B01.stats.txt | DSP-1001660022162-A-B01.dcc,UNRESOLVED,,UNRESOLVED,,,
GEO:GSE327983,GSM9669789,protein85,Brain,tissue: Brain,,Library name: DSP-1001660022162-A-A12-Y | DSP-1001660022162-A-A12.stats.txt | DSP-1001660022162-A-A12.dcc,UNRESOLVED,,UNRESOLVED,,,
GEO:GSE327983,GSM9669790,protein86,Brain,tissue: Brain,,Library name: DSP-1001660022162-A-A11-Y | DSP-1001660022162-A-A11.stats.txt | DSP-1001660022162-A-A11.dcc,UNRESOLVED,,UNRESOLVED,,,
GEO:GSE327983,GSM9669791,protein87,Brain,tissue: Brain,,Library name: DSP-1001660022162-A-A10-Y | DSP-1001660022162-A-A10.stats.txt | DSP-1001660022162-A-A10.dcc,UNRESOLVED,,UNRESOLVED,,,
GEO:GSE327983,GSM9669792,protein88,Brain,tissue: Brain,,Library name: DSP-1001660022162-A-A09-Y | DSP-1001660022162-A-A09.stats.txt | DSP-1001660022162-A-A09.dcc,UNRESOLVED,,UNRESOLVED,,,
GEO:GSE327983,GSM9669793,protein89,Brain,tissue: Brain,,Library name: DSP-1001660022162-A-A08-Y | DSP-1001660022162-A-A08.stats.txt | DSP-1001660022162-A-A08.dcc,UNRESOLVED,,UNRESOLVED,,,
GEO:GSE327983,GSM9669794,protein90,Brain,tissue: Brain,,Library name: DSP-1001660022162-A-A07-Y | DSP-1001660022162-A-A07.stats.txt | DSP-1001660022162-A-A07.dcc,UNRESOLVED,,UNRESOLVED,,,
GEO:GSE327983,GSM9669795,protein91,Brain,tissue: Brain,,Library name: DSP-1001660022162-A-A06-Y | DSP-1001660022162-A-A06.stats.txt | DSP-1001660022162-A-A06.dcc,UNRESOLVED,,UNRESOLVED,,,
GEO:GSE327983,GSM9669796,protein92,Brain,tissue: Brain,,Library name: DSP-1001660022162-A-A05-Y | DSP-1001660022162-A-A05.stats.txt | DSP-1001660022162-A-A05.dcc,UNRESOLVED,,UNRESOLVED,,,
GEO:GSE327983,GSM9669797,protein93,Brain,tissue: Brain,,Library name: DSP-1001660022162-A-A04-Y | DSP-1001660022162-A-A04.stats.txt | DSP-1001660022162-A-A04.dcc,UNRESOLVED,,UNRESOLVED,,,
GEO:GSE327983,GSM9669798,protein94,Brain,tissue: Brain,,Library name: DSP-1001660022162-A-A03-Y | DSP-1001660022162-A-A03.stats.txt | DSP-1001660022162-A-A03.dcc,UNRESOLVED,,UNRESOLVED,,,
GEO:GSE327983,GSM9669799,protein95,Brain,tissue: Brain,,Library name: DSP-1001660022162-A-A02-Y | DSP-1001660022162-A-A02.stats.txt | DSP-1001660022162-A-A02.dcc,UNRESOLVED,,UNRESOLVED,,,
GEO:GSE327983,GSM9669800,protein96,Brain,tissue: Brain,,Library name: DSP-1001660022162-A-A01-Y | DSP-1001660022162-A-A01.stats.txt | DSP-1001660022162-A-A01.dcc,UNRESOLVED,,UNRESOLVED,,,
GEO:GSE327983,GSM9669801,protein97,Brain,tissue: Brain,,Library name: DSP-1001660022162-A-H12 | DSP-1001660022162-A-H12.dcc | DSP-1001660022162-A-H12.stats.txt,UNRESOLVED,,UNRESOLVED,,,
GEO:GSE327983,GSM9669802,protein98,Brain,tissue: Brain,,Library name: DSP-1001660022162-A-H11 | DSP-1001660022162-A-H11.dcc | DSP-1001660022162-A-H11.stats.txt,UNRESOLVED,,UNRESOLVED,,,
GEO:GSE327983,GSM9669803,protein99,Brain,tissue: Brain,,Library name: DSP-1001660022162-A-H10 | DSP-1001660022162-A-H10.dcc | DSP-1001660022162-A-H10.stats.txt,UNRESOLVED,,UNRESOLVED,,,
GEO:GSE327983,GSM9669804,protein100,Brain,tissue: Brain,,Library name: DSP-1001660022162-A-H09 | DSP-1001660022162-A-H09.dcc | DSP-1001660022162-A-H09.stats.txt,UNRESOLVED,,UNRESOLVED,,,
GEO:GSE327983,GSM9669805,protein101,Brain,tissue: Brain,,Library name: DSP-1001660022162-A-H08 | DSP-1001660022162-A-H08.dcc | DSP-1001660022162-A-H08.stats.txt,UNRESOLVED,,UNRESOLVED,,,
GEO:GSE327983,GSM9669806,protein102,Brain,tissue: Brain,,Library name: DSP-1001660022162-A-H07 | DSP-1001660022162-A-H07.dcc | DSP-1001660022162-A-H07.stats.txt,UNRESOLVED,,UNRESOLVED,,,
GEO:GSE327983,GSM9669807,protein103,Brain,tissue: Brain,,Library name: DSP-1001660022162-A-H06 | DSP-1001660022162-A-H06.dcc | DSP-1001660022162-A-H06.stats.txt,UNRESOLVED,,UNRESOLVED,,,
GEO:GSE327983,GSM9669808,protein104,Brain,tissue: Brain,,Library name: DSP-1001660022162-A-H05 | DSP-1001660022162-A-H05.dcc | DSP-1001660022162-A-H05.stats.txt,UNRESOLVED,,UNRESOLVED,,,
GEO:GSE327983,GSM9669809,protein105,Brain,tissue: Brain,,Library name: DSP-1001660022162-A-H04 | DSP-1001660022162-A-H04.dcc | DSP-1001660022162-A-H04.stats.txt,UNRESOLVED,,UNRESOLVED,,,
GEO:GSE327983,GSM9669810,protein106,Brain,tissue: Brain,,Library name: DSP-1001660022162-A-H03 | DSP-1001660022162-A-H03.dcc | DSP-1001660022162-A-H03.stats.txt,UNRESOLVED,,UNRESOLVED,,,
GEO:GSE327983,GSM9669811,protein107,Brain,tissue: Brain,,Library name: DSP-1001660022162-A-H02 | DSP-1001660022162-A-H02.dcc | DSP-1001660022162-A-H02.stats.txt,UNRESOLVED,,UNRESOLVED,,,
GEO:GSE327983,GSM9669812,protein108,Brain,tissue: Brain,,Library name: DSP-1001660022162-A-H01 | DSP-1001660022162-A-H01.dcc | DSP-1001660022162-A-H01.stats.txt,UNRESOLVED,,UNRESOLVED,,,
GEO:GSE327983,GSM9669813,protein109,Brain,tissue: Brain,,Library name: DSP-1001660022162-A-G12 | DSP-1001660022162-A-G12.dcc | DSP-1001660022162-A-G12.stats.txt,UNRESOLVED,,UNRESOLVED,,,
GEO:GSE327983,GSM9669814,protein110,Brain,tissue: Brain,,Library name: DSP-1001660022162-A-G11 | DSP-1001660022162-A-G11.dcc | DSP-1001660022162-A-G11.stats.txt,UNRESOLVED,,UNRESOLVED,,,
GEO:GSE327983,GSM9669815,protein111,Brain,tissue: Brain,,Library name: DSP-1001660022162-A-G10 | DSP-1001660022162-A-G10.dcc | DSP-1001660022162-A-G10.stats.txt,UNRESOLVED,,UNRESOLVED,,,
GEO:GSE327983,GSM9669816,protein112,Brain,tissue: Brain,,Library name: DSP-1001660022162-A-G09 | DSP-1001660022162-A-G09.dcc | DSP-1001660022162-A-G09.stats.txt,UNRESOLVED,,UNRESOLVED,,,
GEO:GSE327983,GSM9669817,protein113,Brain,tissue: Brain,,Library name: DSP-1001660022162-A-G08 | DSP-1001660022162-A-G08.dcc | DSP-1001660022162-A-G08.stats.txt,UNRESOLVED,,UNRESOLVED,,,
GEO:GSE327983,GSM9669818,protein114,Brain,tissue: Brain,,Library name: DSP-1001660022162-A-G07 | DSP-1001660022162-A-G07.dcc | DSP-1001660022162-A-G07.stats.txt,UNRESOLVED,,UNRESOLVED,,,
GEO:GSE327983,GSM9669819,protein115,Brain,tissue: Brain,,Library name: DSP-1001660022162-A-G06 | DSP-1001660022162-A-G06.dcc | DSP-1001660022162-A-G06.stats.txt,UNRESOLVED,,UNRESOLVED,,,
GEO:GSE327983,GSM9669820,protein116,Brain,tissue: Brain,,Library name: DSP-1001660022162-A-G05 | DSP-1001660022162-A-G05.dcc | DSP-1001660022162-A-G05.stats.txt,UNRESOLVED,,UNRESOLVED,,,
GEO:GSE327983,GSM9669821,protein117,Brain,tissue: Brain,,Library name: DSP-1001660022162-A-G04 | DSP-1001660022162-A-G04.dcc | DSP-1001660022162-A-G04.stats.txt,UNRESOLVED,,UNRESOLVED,,,
GEO:GSE327983,GSM9669822,protein118,Brain,tissue: Brain,,Library name: DSP-1001660022162-A-G03 | DSP-1001660022162-A-G03.dcc | DSP-1001660022162-A-G03.stats.txt,UNRESOLVED,,UNRESOLVED,,,
GEO:GSE327983,GSM9669823,protein119,Brain,tissue: Brain,,Library name: DSP-1001660022162-A-G02 | DSP-1001660022162-A-G02.dcc | DSP-1001660022162-A-G02.stats.txt,UNRESOLVED,,UNRESOLVED,,,
GEO:GSE327983,GSM9669824,protein120,Brain,tissue: Brain,,Library name: DSP-1001660022162-A-G01 | DSP-1001660022162-A-G01.dcc | DSP-1001660022162-A-G01.stats.txt,UNRESOLVED,,UNRESOLVED,,,
GEO:GSE327983,GSM9669825,protein121,Brain,tissue: Brain,,Library name: DSP-1001660022162-A-F12 | DSP-1001660022162-A-F12.dcc | DSP-1001660022162-A-F12.stats.txt,UNRESOLVED,,UNRESOLVED,,,
GEO:GSE327983,GSM9669826,protein122,Brain,tissue: Brain,,Library name: DSP-1001660022162-A-F11 | DSP-1001660022162-A-F11.dcc | DSP-1001660022162-A-F11.stats.txt,UNRESOLVED,,UNRESOLVED,,,
GEO:GSE327983,GSM9669827,protein123,Brain,tissue: Brain,,Library name: DSP-1001660022162-A-F10 | DSP-1001660022162-A-F10.dcc | DSP-1001660022162-A-F10.stats.txt,UNRESOLVED,,UNRESOLVED,,,
GEO:GSE327983,GSM9669828,protein124,Brain,tissue: Brain,,Library name: DSP-1001660022162-A-F09 | DSP-1001660022162-A-F09.dcc | DSP-1001660022162-A-F09.stats.txt,UNRESOLVED,,UNRESOLVED,,,
GEO:GSE327983,GSM9669829,protein125,Brain,tissue: Brain,,Library name: DSP-1001660022162-A-F08 | DSP-1001660022162-A-F08.dcc | DSP-1001660022162-A-F08.stats.txt,UNRESOLVED,,UNRESOLVED,,,
GEO:GSE327983,GSM9669830,protein126,Brain,tissue: Brain,,Library name: DSP-1001660022162-A-F07 | DSP-1001660022162-A-F07.dcc | DSP-1001660022162-A-F07.stats.txt,UNRESOLVED,,UNRESOLVED,,,
GEO:GSE327983,GSM9669831,protein127,Brain,tissue: Brain,,Library name: DSP-1001660022162-A-F06 | DSP-1001660022162-A-F06.dcc | DSP-1001660022162-A-F06.stats.txt,UNRESOLVED,,UNRESOLVED,,,
GEO:GSE327983,GSM9669832,protein128,Brain,tissue: Brain,,Library name: DSP-1001660022162-A-F05 | DSP-1001660022162-A-F05.dcc | DSP-1001660022162-A-F05.stats.txt,UNRESOLVED,,UNRESOLVED,,,
GEO:GSE327983,GSM9669833,protein129,Brain,tissue: Brain,,Library name: DSP-1001660022162-A-F04 | DSP-1001660022162-A-F04.dcc | DSP-1001660022162-A-F04.stats.txt,UNRESOLVED,,UNRESOLVED,,,
GEO:GSE327983,GSM9669834,protein130,Brain,tissue: Brain,,Library name: DSP-1001660022162-A-F03 | DSP-1001660022162-A-F03.dcc | DSP-1001660022162-A-F03.stats.txt,UNRESOLVED,,UNRESOLVED,,,
GEO:GSE327983,GSM9669835,protein131,Brain,tissue: Brain,,Library name: DSP-1001660022162-A-F02 | DSP-1001660022162-A-F02.dcc | DSP-1001660022162-A-F02.stats.txt,UNRESOLVED,,UNRESOLVED,,,
GEO:GSE327983,GSM9669836,protein132,Brain,tissue: Brain,,Library name: DSP-1001660022162-A-F01 | DSP-1001660022162-A-F01.dcc | DSP-1001660022162-A-F01.stats.txt,UNRESOLVED,,UNRESOLVED,,,
GEO:GSE327983,GSM9669837,protein133,Brain,tissue: Brain,,Library name: DSP-1001660022162-A-E12 | DSP-1001660022162-A-E12.dcc | DSP-1001660022162-A-E12.stats.txt,UNRESOLVED,,UNRESOLVED,,,
GEO:GSE327983,GSM9669838,protein134,Brain,tissue: Brain,,Library name: DSP-1001660022162-A-E11 | DSP-1001660022162-A-E11.dcc | DSP-1001660022162-A-E11.stats.txt,UNRESOLVED,,UNRESOLVED,,,
GEO:GSE327983,GSM9669839,protein135,Brain,tissue: Brain,,Library name: DSP-1001660022162-A-E10 | DSP-1001660022162-A-E10.dcc | DSP-1001660022162-A-E10.stats.txt,UNRESOLVED,,UNRESOLVED,,,
GEO:GSE327983,GSM9669840,protein136,Brain,tissue: Brain,,Library name: DSP-1001660022162-A-E09 | DSP-1001660022162-A-E09.dcc | DSP-1001660022162-A-E09.stats.txt,UNRESOLVED,,UNRESOLVED,,,
GEO:GSE327983,GSM9669841,protein137,Brain,tissue: Brain,,Library name: DSP-1001660022162-A-E08 | DSP-1001660022162-A-E08.dcc | DSP-1001660022162-A-E08.stats.txt,UNRESOLVED,,UNRESOLVED,,,
GEO:GSE327983,GSM9669842,protein138,Brain,tissue: Brain,,Library name: DSP-1001660022162-A-E07 | DSP-1001660022162-A-E07.dcc | DSP-1001660022162-A-E07.stats.txt,UNRESOLVED,,UNRESOLVED,,,
GEO:GSE327983,GSM9669843,protein139,Brain,tissue: Brain,,Library name: DSP-1001660022162-A-E06 | DSP-1001660022162-A-E06.dcc | DSP-1001660022162-A-E06.stats.txt,UNRESOLVED,,UNRESOLVED,,,
GEO:GSE327983,GSM9669844,protein140,Brain,tissue: Brain,,Library name: DSP-1001660022162-A-E05 | DSP-1001660022162-A-E05.dcc | DSP-1001660022162-A-E05.stats.txt,UNRESOLVED,,UNRESOLVED,,,
GEO:GSE327983,GSM9669845,protein141,Brain,tissue: Brain,,Library name: DSP-1001660022162-A-E04 | DSP-1001660022162-A-E04.dcc | DSP-1001660022162-A-E04.stats.txt,UNRESOLVED,,UNRESOLVED,,,
GEO:GSE327983,GSM9669846,protein142,Brain,tissue: Brain,,Library name: DSP-1001660022162-A-E03 | DSP-1001660022162-A-E03.dcc | DSP-1001660022162-A-E03.stats.txt,UNRESOLVED,,UNRESOLVED,,,
GEO:GSE327983,GSM9669847,protein143,Brain,tissue: Brain,,Library name: DSP-1001660022162-A-E02 | DSP-1001660022162-A-E02.dcc | DSP-1001660022162-A-E02.stats.txt,UNRESOLVED,,UNRESOLVED,,,
GEO:GSE327983,GSM9669848,protein144,Brain,tissue: Brain,,Library name: DSP-1001660022162-A-E01 | DSP-1001660022162-A-E01.dcc | DSP-1001660022162-A-E01.stats.txt,UNRESOLVED,,UNRESOLVED,,,
GEO:GSE327983,GSM9669849,protein145,Brain,tissue: Brain,,Library name: DSP-1001660022162-A-D12 | DSP-1001660022162-A-D12.dcc | DSP-1001660022162-A-D12.stats.txt,UNRESOLVED,,UNRESOLVED,,,
GEO:GSE327983,GSM9669850,protein146,Brain,tissue: Brain,,Library name: DSP-1001660022162-A-D11 | DSP-1001660022162-A-D11.dcc | DSP-1001660022162-A-D11.stats.txt,UNRESOLVED,,UNRESOLVED,,,
GEO:GSE327983,GSM9669851,protein147,Brain,tissue: Brain,,Library name: DSP-1001660022162-A-D10 | DSP-1001660022162-A-D10.dcc | DSP-1001660022162-A-D10.stats.txt,UNRESOLVED,,UNRESOLVED,,,
GEO:GSE327983,GSM9669852,protein148,Brain,tissue: Brain,,Library name: DSP-1001660022162-A-D09 | DSP-1001660022162-A-D09.dcc | DSP-1001660022162-A-D09.stats.txt,UNRESOLVED,,UNRESOLVED,,,
GEO:GSE327983,GSM9669853,protein149,Brain,tissue: Brain,,Library name: DSP-1001660022162-A-D08 | DSP-1001660022162-A-D08.dcc | DSP-1001660022162-A-D08.stats.txt,UNRESOLVED,,UNRESOLVED,,,
GEO:GSE327983,GSM9669854,protein150,Brain,tissue: Brain,,Library name: DSP-1001660022162-A-D07 | DSP-1001660022162-A-D07.dcc | DSP-1001660022162-A-D07.stats.txt,UNRESOLVED,,UNRESOLVED,,,
GEO:GSE327983,GSM9669855,protein151,Brain,tissue: Brain,,Library name: DSP-1001660022162-A-D06 | DSP-1001660022162-A-D06.dcc | DSP-1001660022162-A-D06.stats.txt,UNRESOLVED,,UNRESOLVED,,,
GEO:GSE327983,GSM9669856,protein152,Brain,tissue: Brain,,Library name: DSP-1001660022162-A-D05 | DSP-1001660022162-A-D05.dcc | DSP-1001660022162-A-D05.stats.txt,UNRESOLVED,,UNRESOLVED,,,
GEO:GSE327983,GSM9669857,protein153,Brain,tissue: Brain,,Library name: DSP-1001660022162-A-D04 | DSP-1001660022162-A-D04.dcc | DSP-1001660022162-A-D04.stats.txt,UNRESOLVED,,UNRESOLVED,,,
GEO:GSE327983,GSM9669858,protein154,Brain,tissue: Brain,,Library name: DSP-1001660022162-A-D03 | DSP-1001660022162-A-D03.dcc | DSP-1001660022162-A-D03.stats.txt,UNRESOLVED,,UNRESOLVED,,,
GEO:GSE327983,GSM9669859,protein155,Brain,tissue: Brain,,Library name: DSP-1001660022162-A-D02 | DSP-1001660022162-A-D02.dcc | DSP-1001660022162-A-D02.stats.txt,UNRESOLVED,,UNRESOLVED,,,
GEO:GSE327983,GSM9669860,protein156,Brain,tissue: Brain,,Library name: DSP-1001660022162-A-D01 | DSP-1001660022162-A-D01.dcc | DSP-1001660022162-A-D01.stats.txt,UNRESOLVED,,UNRESOLVED,,,
GEO:GSE327983,GSM9669861,protein157,Brain,tissue: Brain,,Library name: DSP-1001660022162-A-C12 | DSP-1001660022162-A-C12.dcc | DSP-1001660022162-A-C12.stats.txt,UNRESOLVED,,UNRESOLVED,,,
GEO:GSE327983,GSM9669862,protein158,Brain,tissue: Brain,,Library name: DSP-1001660022162-A-C11 | DSP-1001660022162-A-C11.dcc | DSP-1001660022162-A-C11.stats.txt,UNRESOLVED,,UNRESOLVED,,,
GEO:GSE327983,GSM9669863,protein159,Brain,tissue: Brain,,Library name: DSP-1001660022162-A-C10 | DSP-1001660022162-A-C10.dcc | DSP-1001660022162-A-C10.stats.txt,UNRESOLVED,,UNRESOLVED,,,
GEO:GSE327983,GSM9669864,protein160,Brain,tissue: Brain,,Library name: DSP-1001660022162-A-C09 | DSP-1001660022162-A-C09.dcc | DSP-1001660022162-A-C09.stats.txt,UNRESOLVED,,UNRESOLVED,,,
GEO:GSE327983,GSM9669865,protein161,Brain,tissue: Brain,,Library name: DSP-1001660022162-A-C08 | DSP-1001660022162-A-C08.dcc | DSP-1001660022162-A-C08.stats.txt,UNRESOLVED,,UNRESOLVED,,,
GEO:GSE327983,GSM9669866,protein162,Brain,tissue: Brain,,Library name: DSP-1001660022162-A-C07 | DSP-1001660022162-A-C07.dcc | DSP-1001660022162-A-C07.stats.txt,UNRESOLVED,,UNRESOLVED,,,
GEO:GSE327983,GSM9669867,protein163,Brain,tissue: Brain,,Library name: DSP-1001660022162-A-C06 | DSP-1001660022162-A-C06.dcc | DSP-1001660022162-A-C06.stats.txt,UNRESOLVED,,UNRESOLVED,,,
GEO:GSE327983,GSM9669868,protein164,Brain,tissue: Brain,,Library name: DSP-1001660022162-A-C05 | DSP-1001660022162-A-C05.dcc | DSP-1001660022162-A-C05.stats.txt,UNRESOLVED,,UNRESOLVED,,,
GEO:GSE327983,GSM9669869,protein165,Brain,tissue: Brain,,Library name: DSP-1001660022162-A-C04 | DSP-1001660022162-A-C04.dcc | DSP-1001660022162-A-C04.stats.txt,UNRESOLVED,,UNRESOLVED,,,
GEO:GSE327983,GSM9669870,protein166,Brain,tissue: Brain,,Library name: DSP-1001660022162-A-C03 | DSP-1001660022162-A-C03.dcc | DSP-1001660022162-A-C03.stats.txt,UNRESOLVED,,UNRESOLVED,,,
GEO:GSE327983,GSM9669871,protein167,Brain,tissue: Brain,,Library name: DSP-1001660022162-A-C02 | DSP-1001660022162-A-C02.dcc | DSP-1001660022162-A-C02.stats.txt,UNRESOLVED,,UNRESOLVED,,,
GEO:GSE327983,GSM9669872,protein168,Brain,tissue: Brain,,Library name: DSP-1001660022162-A-C01 | DSP-1001660022162-A-C01.dcc | DSP-1001660022162-A-C01.stats.txt,UNRESOLVED,,UNRESOLVED,,,
GEO:GSE327983,GSM9669873,protein169,Brain,tissue: Brain,,Library name: DSP-1001660022162-A-B12 | DSP-1001660022162-A-B12.dcc | DSP-1001660022162-A-B12.stats.txt,UNRESOLVED,,UNRESOLVED,,,
GEO:GSE327983,GSM9669874,protein170,Brain,tissue: Brain,,Library name: DSP-1001660022162-A-B11,UNRESOLVED,,UNRESOLVED,,,
GEO:GSE327983,GSM9669875,protein171,Brain,tissue: Brain,,Library name: DSP-1001660022162-A-B10 | DSP-1001660022162-A-B10.dcc | DSP-1001660022162-A-B10.stats.txt,UNRESOLVED,,UNRESOLVED,,,
GEO:GSE327983,GSM9669876,protein172,Brain,tissue: Brain,,Library name: DSP-1001660022162-A-B09 | DSP-1001660022162-A-B09.dcc | DSP-1001660022162-A-B09.stats.txt,UNRESOLVED,,UNRESOLVED,,,
GEO:GSE327983,GSM9669877,protein173,Brain,tissue: Brain,,Library name: DSP-1001660022162-A-B08 | DSP-1001660022162-A-B08.dcc | DSP-1001660022162-A-B08.stats.txt,UNRESOLVED,,UNRESOLVED,,,
GEO:GSE327983,GSM9669878,protein174,Brain,tissue: Brain,,Library name: DSP-1001660022162-A-B07 | DSP-1001660022162-A-B07.dcc | DSP-1001660022162-A-B07.stats.txt,UNRESOLVED,,UNRESOLVED,,,
GEO:GSE327983,GSM9669879,protein175,Brain,tissue: Brain,,Library name: DSP-1001660022162-A-B06 | DSP-1001660022162-A-B06.dcc | DSP-1001660022162-A-B06.stats.txt,UNRESOLVED,,UNRESOLVED,,,
GEO:GSE327983,GSM9669880,protein176,Brain,tissue: Brain,,Library name: DSP-1001660022162-A-B05 | DSP-1001660022162-A-B05.dcc | DSP-1001660022162-A-B05.stats.txt,UNRESOLVED,,UNRESOLVED,,,
GEO:GSE327983,GSM9669881,protein177,Brain,tissue: Brain,,Library name: DSP-1001660022162-A-B04 | DSP-1001660022162-A-B04.dcc | DSP-1001660022162-A-B04.stats.txt,UNRESOLVED,,UNRESOLVED,,,
GEO:GSE327983,GSM9669882,protein178,Brain,tissue: Brain,,Library name: DSP-1001660022162-A-B03 | DSP-1001660022162-A-B03.dcc | DSP-1001660022162-A-B03.stats.txt,UNRESOLVED,,UNRESOLVED,,,
GEO:GSE327983,GSM9669883,protein179,Brain,tissue: Brain,,Library name: DSP-1001660022162-A-B02 | DSP-1001660022162-A-B02.dcc | DSP-1001660022162-A-B02.stats.txt,UNRESOLVED,,UNRESOLVED,,,
GEO:GSE327983,GSM9669884,protein180,Brain,tissue: Brain,,Library name: DSP-1001660022162-A-B01 | DSP-1001660022162-A-B01.dcc | DSP-1001660022162-A-B01.stats.txt,UNRESOLVED,,UNRESOLVED,,,
GEO:GSE327983,GSM9669885,protein181,Brain,tissue: Brain,,Library name: DSP-1001660022162-A-A12 | DSP-1001660022162-A-A12.dcc | DSP-1001660022162-A-A12.stats.txt,UNRESOLVED,,UNRESOLVED,,,
GEO:GSE327983,GSM9669886,protein182,Brain,tissue: Brain,,Library name: DSP-1001660022162-A-A11 | DSP-1001660022162-A-A11.dcc | DSP-1001660022162-A-A11.stats.txt,UNRESOLVED,,UNRESOLVED,,,
GEO:GSE327983,GSM9669887,protein183,Brain,tissue: Brain,,Library name: DSP-1001660022162-A-A10 | DSP-1001660022162-A-A10.dcc | DSP-1001660022162-A-A10.stats.txt,UNRESOLVED,,UNRESOLVED,,,
GEO:GSE327983,GSM9669888,protein184,Brain,tissue: Brain,,Library name: DSP-1001660022162-A-A09 | DSP-1001660022162-A-A09.dcc | DSP-1001660022162-A-A09.stats.txt,UNRESOLVED,,UNRESOLVED,,,
GEO:GSE327983,GSM9669889,protein185,Brain,tissue: Brain,,Library name: DSP-1001660022162-A-A08 | DSP-1001660022162-A-A08.dcc | DSP-1001660022162-A-A08.stats.txt,UNRESOLVED,,UNRESOLVED,,,
GEO:GSE327983,GSM9669890,protein186,Brain,tissue: Brain,,Library name: DSP-1001660022162-A-A07 | DSP-1001660022162-A-A07.dcc | DSP-1001660022162-A-A07.stats.txt,UNRESOLVED,,UNRESOLVED,,,
GEO:GSE327983,GSM9669891,protein187,Brain,tissue: Brain,,Library name: DSP-1001660022162-A-A06 | DSP-1001660022162-A-A06.dcc | DSP-1001660022162-A-A06.stats.txt,UNRESOLVED,,UNRESOLVED,,,
GEO:GSE327983,GSM9669892,protein188,Brain,tissue: Brain,,Library name: DSP-1001660022162-A-A05 | DSP-1001660022162-A-A05.dcc | DSP-1001660022162-A-A05.stats.txt,UNRESOLVED,,UNRESOLVED,,,
GEO:GSE327983,GSM9669893,protein189,Brain,tissue: Brain,,Library name: DSP-1001660022162-A-A04 | DSP-1001660022162-A-A04.dcc | DSP-1001660022162-A-A04.stats.txt,UNRESOLVED,,UNRESOLVED,,,
GEO:GSE327983,GSM9669894,protein190,Brain,tissue: Brain,,Library name: DSP-1001660022162-A-A03 | DSP-1001660022162-A-A03.dcc | DSP-1001660022162-A-A03.stats.txt,UNRESOLVED,,UNRESOLVED,,,
GEO:GSE327983,GSM9669895,protein191,Brain,tissue: Brain,,Library name: DSP-1001660022162-A-A02 | DSP-1001660022162-A-A02.dcc | DSP-1001660022162-A-A02.stats.txt,UNRESOLVED,,UNRESOLVED,,,
GEO:GSE327983,GSM9669896,protein192,Brain,tissue: Brain,,Library name: DSP-1001660022162-A-A01 | DSP-1001660022162-A-A01.dcc | DSP-1001660022162-A-A01.stats.txt,UNRESOLVED,,UNRESOLVED,,,
GEO:GSE327983,GSM9669897,RNA1,Bone,tissue: Bone,,Library name: DSP-1001660022159-B-H11,UNRESOLVED,,UNRESOLVED,,,
GEO:GSE327983,GSM9669898,RNA2,Bone,tissue: Bone,,Library name: DSP-1001660022159-B-H10,UNRESOLVED,,UNRESOLVED,,,
GEO:GSE327983,GSM9669899,RNA3,Bone,tissue: Bone,,Library name: DSP-1001660022159-B-H09,UNRESOLVED,,UNRESOLVED,,,
GEO:GSE327983,GSM9669900,RNA4,Bone,tissue: Bone,,Library name: DSP-1001660022159-B-H08,UNRESOLVED,,UNRESOLVED,,,
GEO:GSE327983,GSM9669901,RNA5,Bone,tissue: Bone,,Library name: DSP-1001660022159-B-H07,UNRESOLVED,,UNRESOLVED,,,
GEO:GSE327983,GSM9669902,RNA6,Bone,tissue: Bone,,Library name: DSP-1001660022159-B-H06,UNRESOLVED,,UNRESOLVED,,,
GEO:GSE327983,GSM9669903,RNA7,Bone,tissue: Bone,,Library name: DSP-1001660022159-B-H05,UNRESOLVED,,UNRESOLVED,,,
GEO:GSE327983,GSM9669904,RNA8,Bone,tissue: Bone,,Library name: DSP-1001660022159-B-H04,UNRESOLVED,,UNRESOLVED,,,
GEO:GSE327983,GSM9669905,RNA9,Bone,tissue: Bone,,Library name: DSP-1001660022159-B-H03,UNRESOLVED,,UNRESOLVED,,,
GEO:GSE327983,GSM9669906,RNA10,Bone,tissue: Bone,,Library name: DSP-1001660022159-B-H02,UNRESOLVED,,UNRESOLVED,,,
GEO:GSE327983,GSM9669907,RNA11,Bone,tissue: Bone,,Library name: DSP-1001660022159-B-H01,UNRESOLVED,,UNRESOLVED,,,
GEO:GSE327983,GSM9669908,RNA12,Bone,tissue: Bone,,Library name: DSP-1001660022159-B-G12,UNRESOLVED,,UNRESOLVED,,,
GEO:GSE327983,GSM9669909,RNA13,Bone,tissue: Bone,,Library name: DSP-1001660022159-B-G11,UNRESOLVED,,UNRESOLVED,,,
GEO:GSE327983,GSM9669910,RNA14,Bone,tissue: Bone,,Library name: DSP-1001660022159-B-G10,UNRESOLVED,,UNRESOLVED,,,
GEO:GSE327983,GSM9669911,RNA15,Bone,tissue: Bone,,Library name: DSP-1001660022159-B-G09,UNRESOLVED,,UNRESOLVED,,,
GEO:GSE327983,GSM9669912,RNA16,Bone,tissue: Bone,,Library name: DSP-1001660022159-B-G08,UNRESOLVED,,UNRESOLVED,,,
GEO:GSE327983,GSM9669913,RNA17,Bone,tissue: Bone,,Library name: DSP-1001660022159-B-G07,UNRESOLVED,,UNRESOLVED,,,
GEO:GSE327983,GSM9669914,RNA18,Bone,tissue: Bone,,Library name: DSP-1001660022159-B-G06,UNRESOLVED,,UNRESOLVED,,,
GEO:GSE327983,GSM9669915,RNA19,Bone,tissue: Bone,,Library name: DSP-1001660022159-B-G05,UNRESOLVED,,UNRESOLVED,,,
GEO:GSE327983,GSM9669916,RNA20,Bone,tissue: Bone,,Library name: DSP-1001660022159-B-G04,UNRESOLVED,,UNRESOLVED,,,
GEO:GSE327983,GSM9669917,RNA21,Bone,tissue: Bone,,Library name: DSP-1001660022159-B-G03,UNRESOLVED,,UNRESOLVED,,,
GEO:GSE327983,GSM9669918,RNA22,Bone,tissue: Bone,,Library name: DSP-1001660022159-B-G02,UNRESOLVED,,UNRESOLVED,,,
GEO:GSE327983,GSM9669919,RNA23,Bone,tissue: Bone,,Library name: DSP-1001660022159-B-G01,UNRESOLVED,,UNRESOLVED,,,
GEO:GSE327983,GSM9669920,RNA24,Bone,tissue: Bone,,Library name: DSP-1001660022159-B-F12,UNRESOLVED,,UNRESOLVED,,,
GEO:GSE327983,GSM9669921,RNA25,Bone,tissue: Bone,,Library name: DSP-1001660022159-B-F11,UNRESOLVED,,UNRESOLVED,,,
GEO:GSE327983,GSM9669922,RNA26,Bone,tissue: Bone,,Library name: DSP-1001660022159-B-F10,UNRESOLVED,,UNRESOLVED,,,
GEO:GSE327983,GSM9669923,RNA27,Bone,tissue: Bone,,Library name: DSP-1001660022159-B-F09,UNRESOLVED,,UNRESOLVED,,,
GEO:GSE327983,GSM9669924,RNA28,Bone,tissue: Bone,,Library name: DSP-1001660022159-B-F08,UNRESOLVED,,UNRESOLVED,,,
GEO:GSE327983,GSM9669925,RNA29,Bone,tissue: Bone,,Library name: DSP-1001660022159-B-F07,UNRESOLVED,,UNRESOLVED,,,
GEO:GSE327983,GSM9669926,RNA30,Bone,tissue: Bone,,Library name: DSP-1001660022159-B-F06,UNRESOLVED,,UNRESOLVED,,,
GEO:GSE327983,GSM9669927,RNA31,Bone,tissue: Bone,,Library name: DSP-1001660022159-B-F05,UNRESOLVED,,UNRESOLVED,,,
GEO:GSE327983,GSM9669928,RNA32,Bone,tissue: Bone,,Library name: DSP-1001660022159-B-F04,UNRESOLVED,,UNRESOLVED,,,
GEO:GSE327983,GSM9669929,RNA33,Bone,tissue: Bone,,Library name: DSP-1001660022159-B-F03,UNRESOLVED,,UNRESOLVED,,,
GEO:GSE327983,GSM9669930,RNA34,Bone,tissue: Bone,,Library name: DSP-1001660022159-B-F02,UNRESOLVED,,UNRESOLVED,,,
GEO:GSE327983,GSM9669931,RNA35,Bone,tissue: Bone,,Library name: DSP-1001660022159-B-F01,UNRESOLVED,,UNRESOLVED,,,
GEO:GSE327983,GSM9669932,RNA36,Bone,tissue: Bone,,Library name: DSP-1001660022159-B-E12,UNRESOLVED,,UNRESOLVED,,,
GEO:GSE327983,GSM9669933,RNA37,Bone,tissue: Bone,,Library name: DSP-1001660022159-B-E11,UNRESOLVED,,UNRESOLVED,,,
GEO:GSE327983,GSM9669934,RNA38,Bone,tissue: Bone,,Library name: DSP-1001660022159-B-E10,UNRESOLVED,,UNRESOLVED,,,
GEO:GSE327983,GSM9669935,RNA39,Chest Wall,tissue: Chest Wall,,Library name: DSP-1001660022159-B-E09,UNRESOLVED,,UNRESOLVED,,,
GEO:GSE327983,GSM9669936,RNA40,Chest Wall,tissue: Chest Wall,,Library name: DSP-1001660022159-B-E08,UNRESOLVED,,UNRESOLVED,,,
GEO:GSE327983,GSM9669937,RNA41,Chest Wall,tissue: Chest Wall,,Library name: DSP-1001660022159-B-E07,UNRESOLVED,,UNRESOLVED,,,
GEO:GSE327983,GSM9669938,RNA42,Chest Wall,tissue: Chest Wall,,Library name: DSP-1001660022159-B-E06,UNRESOLVED,,UNRESOLVED,,,
GEO:GSE327983,GSM9669939,RNA43,Chest Wall,tissue: Chest Wall,,Library name: DSP-1001660022159-B-E05,UNRESOLVED,,UNRESOLVED,,,
GEO:GSE327983,GSM9669940,RNA44,Chest Wall,tissue: Chest Wall,,Library name: DSP-1001660022159-B-E04,UNRESOLVED,,UNRESOLVED,,,
GEO:GSE327983,GSM9669941,RNA45,Chest Wall,tissue: Chest Wall,,Library name: DSP-1001660022159-B-E03,UNRESOLVED,,UNRESOLVED,,,
GEO:GSE327983,GSM9669942,RNA46,Chest Wall,tissue: Chest Wall,,Library name: DSP-1001660022159-B-E02,UNRESOLVED,,UNRESOLVED,,,
GEO:GSE327983,GSM9669943,RNA47,Chest Wall,tissue: Chest Wall,,Library name: DSP-1001660022159-B-E01,UNRESOLVED,,UNRESOLVED,,,
GEO:GSE327983,GSM9669944,RNA48,Chest Wall,tissue: Chest Wall,,Library name: DSP-1001660022159-B-D12,UNRESOLVED,,UNRESOLVED,,,
GEO:GSE327983,GSM9669945,RNA49,Chest Wall,tissue: Chest Wall,,Library name: DSP-1001660022159-B-D11,UNRESOLVED,,UNRESOLVED,,,
GEO:GSE327983,GSM9669946,RNA50,Chest Wall,tissue: Chest Wall,,Library name: DSP-1001660022159-B-D10,UNRESOLVED,,UNRESOLVED,,,
GEO:GSE327983,GSM9669947,RNA51,Chest Wall,tissue: Chest Wall,,Library name: DSP-1001660022159-B-D09,UNRESOLVED,,UNRESOLVED,,,
GEO:GSE327983,GSM9669948,RNA52,Chest Wall,tissue: Chest Wall,,Library name: DSP-1001660022159-B-D08,UNRESOLVED,,UNRESOLVED,,,
GEO:GSE327983,GSM9669949,RNA53,Chest Wall,tissue: Chest Wall,,Library name: DSP-1001660022159-B-D07,UNRESOLVED,,UNRESOLVED,,,
GEO:GSE327983,GSM9669950,RNA54,Chest Wall,tissue: Chest Wall,,Library name: DSP-1001660022159-B-D06,UNRESOLVED,,UNRESOLVED,,,
GEO:GSE327983,GSM9669951,RNA55,Chest Wall,tissue: Chest Wall,,Library name: DSP-1001660022159-B-D05,UNRESOLVED,,UNRESOLVED,,,
GEO:GSE327983,GSM9669952,RNA56,Chest Wall,tissue: Chest Wall,,Library name: DSP-1001660022159-B-D04,UNRESOLVED,,UNRESOLVED,,,
GEO:GSE327983,GSM9669953,RNA57,Chest Wall,tissue: Chest Wall,,Library name: DSP-1001660022159-B-D03,UNRESOLVED,,UNRESOLVED,,,
GEO:GSE327983,GSM9669954,RNA58,Chest Wall,tissue: Chest Wall,,Library name: DSP-1001660022159-B-D02,UNRESOLVED,,UNRESOLVED,,,
GEO:GSE327983,GSM9669955,RNA59,Chest Wall,tissue: Chest Wall,,Library name: DSP-1001660022159-B-D01,UNRESOLVED,,UNRESOLVED,,,
GEO:GSE327983,GSM9669956,RNA60,Bone,tissue: Bone,,Library name: DSP-1001660022159-B-C12,UNRESOLVED,,UNRESOLVED,,,
GEO:GSE327983,GSM9669957,RNA61,Bone,tissue: Bone,,Library name: DSP-1001660022159-B-C11,UNRESOLVED,,UNRESOLVED,,,
GEO:GSE327983,GSM9669958,RNA62,Bone,tissue: Bone,,Library name: DSP-1001660022159-B-C10,UNRESOLVED,,UNRESOLVED,,,
GEO:GSE327983,GSM9669959,RNA63,Bone,tissue: Bone,,Library name: DSP-1001660022159-B-C09,UNRESOLVED,,UNRESOLVED,,,
GEO:GSE327983,GSM9669960,RNA64,Bone,tissue: Bone,,Library name: DSP-1001660022159-B-C08,UNRESOLVED,,UNRESOLVED,,,
GEO:GSE327983,GSM9669961,RNA65,Bone,tissue: Bone,,Library name: DSP-1001660022159-B-C07,UNRESOLVED,,UNRESOLVED,,,
GEO:GSE327983,GSM9669962,RNA66,Bone,tissue: Bone,,Library name: DSP-1001660022159-B-C06,UNRESOLVED,,UNRESOLVED,,,
GEO:GSE327983,GSM9669963,RNA67,Bone,tissue: Bone,,Library name: DSP-1001660022159-B-C05,UNRESOLVED,,UNRESOLVED,,,
GEO:GSE327983,GSM9669964,RNA68,Bone,tissue: Bone,,Library name: DSP-1001660022159-B-C04,UNRESOLVED,,UNRESOLVED,,,
GEO:GSE327983,GSM9669965,RNA69,Bone,tissue: Bone,,Library name: DSP-1001660022159-B-C03,UNRESOLVED,,UNRESOLVED,,,
GEO:GSE327983,GSM9669966,RNA70,Bone,tissue: Bone,,Library name: DSP-1001660022159-B-C02,UNRESOLVED,,UNRESOLVED,,,
GEO:GSE327983,GSM9669967,RNA71,Bone,tissue: Bone,,Library name: DSP-1001660022159-B-C01,UNRESOLVED,,UNRESOLVED,,,
GEO:GSE327983,GSM9669968,RNA72,Bone,tissue: Bone,,Library name: DSP-1001660022159-B-B12,UNRESOLVED,,UNRESOLVED,,,
GEO:GSE327983,GSM9669969,RNA73,Bone,tissue: Bone,,Library name: DSP-1001660022159-B-B11,UNRESOLVED,,UNRESOLVED,,,
GEO:GSE327983,GSM9669970,RNA74,Bone,tissue: Bone,,Library name: DSP-1001660022159-B-B10,UNRESOLVED,,UNRESOLVED,,,
GEO:GSE327983,GSM9669971,RNA75,Bone,tissue: Bone,,Library name: DSP-1001660022159-B-B09,UNRESOLVED,,UNRESOLVED,,,
GEO:GSE327983,GSM9669972,RNA76,Bone,tissue: Bone,,Library name: DSP-1001660022159-B-B08,UNRESOLVED,,UNRESOLVED,,,
GEO:GSE327983,GSM9669973,RNA77,Bone,tissue: Bone,,Library name: DSP-1001660022159-B-B07,UNRESOLVED,,UNRESOLVED,,,
GEO:GSE327983,GSM9669974,RNA78,Bone,tissue: Bone,,Library name: DSP-1001660022159-B-B06,UNRESOLVED,,UNRESOLVED,,,
GEO:GSE327983,GSM9669975,RNA79,Bone,tissue: Bone,,Library name: DSP-1001660022159-B-B05,UNRESOLVED,,UNRESOLVED,,,
GEO:GSE327983,GSM9669976,RNA80,Bone,tissue: Bone,,Library name: DSP-1001660022159-B-B04,UNRESOLVED,,UNRESOLVED,,,
GEO:GSE327983,GSM9669977,RNA81,Bone,tissue: Bone,,Library name: DSP-1001660022159-B-B03,UNRESOLVED,,UNRESOLVED,,,
GEO:GSE327983,GSM9669978,RNA82,Bone,tissue: Bone,,Library name: DSP-1001660022159-B-B02,UNRESOLVED,,UNRESOLVED,,,
GEO:GSE327983,GSM9669979,RNA83,Bone,tissue: Bone,,Library name: DSP-1001660022159-B-B01,UNRESOLVED,,UNRESOLVED,,,
GEO:GSE327983,GSM9669980,RNA84,Bone,tissue: Bone,,Library name: DSP-1001660022159-B-A12,UNRESOLVED,,UNRESOLVED,,,
GEO:GSE327983,GSM9669981,RNA85,Bone,tissue: Bone,,Library name: DSP-1001660022159-B-A11,UNRESOLVED,,UNRESOLVED,,,
GEO:GSE327983,GSM9669982,RNA86,Bone,tissue: Bone,,Library name: DSP-1001660022159-B-A10,UNRESOLVED,,UNRESOLVED,,,
GEO:GSE327983,GSM9669983,RNA87,Bone,tissue: Bone,,Library name: DSP-1001660022159-B-A09,UNRESOLVED,,UNRESOLVED,,,
GEO:GSE327983,GSM9669984,RNA88,Bone,tissue: Bone,,Library name: DSP-1001660022159-B-A08,UNRESOLVED,,UNRESOLVED,,,
GEO:GSE327983,GSM9669985,RNA89,Bone,tissue: Bone,,Library name: DSP-1001660022159-B-A07,UNRESOLVED,,UNRESOLVED,,,
GEO:GSE327983,GSM9669986,RNA90,Bone,tissue: Bone,,Library name: DSP-1001660022159-B-A06,UNRESOLVED,,UNRESOLVED,,,
GEO:GSE327983,GSM9669987,RNA91,Bone,tissue: Bone,,Library name: DSP-1001660022159-B-A05,UNRESOLVED,,UNRESOLVED,,,
GEO:GSE327983,GSM9669988,RNA92,Bone,tissue: Bone,,Library name: DSP-1001660022159-B-A04,UNRESOLVED,,UNRESOLVED,,,
GEO:GSE327983,GSM9669989,RNA93,Bone,tissue: Bone,,Library name: DSP-1001660022159-B-A03,UNRESOLVED,,UNRESOLVED,,,
GEO:GSE327983,GSM9669990,RNA94,Bone,tissue: Bone,,Library name: DSP-1001660022159-B-A02,UNRESOLVED,,UNRESOLVED,,,
GEO:GSE327983,GSM9669991,RNA95,Bone,tissue: Bone,,Library name: DSP-1001660022159-B-A01,UNRESOLVED,,UNRESOLVED,,,
SRA:SRR26401907,SRS19172533,"GSM7843751 | GSM7843751 | PATHOLOGY, UT SOUTHWESTERN MEDICAL CENTER",,,,,UNRESOLVED,,UNRESOLVED,,,
SRA:SRR26401908,SRS19172532,"GSM7843750 | GSM7843750 | PATHOLOGY, UT SOUTHWESTERN MEDICAL CENTER",,,,,UNRESOLVED,,UNRESOLVED,,,
SRA:SRR26401909,SRS19172530,"GSM7843749 | GSM7843749 | PATHOLOGY, UT SOUTHWESTERN MEDICAL CENTER",,,,,UNRESOLVED,,UNRESOLVED,,,
SRA:SRR26401910,SRS19172529,"GSM7843748 | GSM7843748 | PATHOLOGY, UT SOUTHWESTERN MEDICAL CENTER",,,,,UNRESOLVED,,UNRESOLVED,,,
SRA:SRR33650052,SRS25103977,GSM8997275 | GSM8997275 | JSPH,,,,,UNRESOLVED,,UNRESOLVED,,,
SRA:SRR33650053,SRS25103976,GSM8997274 | GSM8997274 | JSPH,,,,,UNRESOLVED,,UNRESOLVED,,,
SRA:SRR33650054,SRS25103975,GSM8997273 | GSM8997273 | JSPH,,,,,UNRESOLVED,,UNRESOLVED,,,
SRA:SRR33650055,SRS25103974,GSM8997272 | GSM8997272 | JSPH,,,,,UNRESOLVED,,UNRESOLVED,,,
SRA:SRR33650056,SRS25103973,GSM8997271 | GSM8997271 | JSPH,,,,,UNRESOLVED,,UNRESOLVED,,,
SRA:SRR33650057,SRS25103972,GSM8997270 | GSM8997270 | JSPH,,,,,UNRESOLVED,,UNRESOLVED,,,
SRA:SRR33650058,SRS25103971,GSM8997269 | GSM8997269 | JSPH,,,,,UNRESOLVED,,UNRESOLVED,,,
SRA:SRR33650059,SRS25103970,GSM8997268 | GSM8997268 | JSPH,,,,,UNRESOLVED,,UNRESOLVED,,,
SRA:SRR33650060,SRS25103969,GSM8997267 | GSM8997267 | JSPH,,,,,UNRESOLVED,,UNRESOLVED,,,
SRA:SRR33650061,SRS25103968,GSM8997266 | GSM8997266 | JSPH,,,,,UNRESOLVED,,UNRESOLVED,,,
SRA:SRR33650062,SRS25103967,GSM8997265 | GSM8997265 | JSPH,,,,,UNRESOLVED,,UNRESOLVED,,,
SRA:SRR33650063,SRS25103966,GSM8997264 | GSM8997264 | JSPH,,,,,UNRESOLVED,,UNRESOLVED,,,
SRA:SRR33650064,SRS25103965,GSM8997263 | GSM8997263 | JSPH,,,,,UNRESOLVED,,UNRESOLVED,,,
SRA:SRR33650065,SRS25103964,GSM8997262 | GSM8997262 | JSPH,,,,,UNRESOLVED,,UNRESOLVED,,,
SRA:SRR33650066,SRS25103963,GSM8997261 | GSM8997261 | JSPH,,,,,UNRESOLVED,,UNRESOLVED,,,
SRA:SRR33650067,SRS25103962,GSM8997260 | GSM8997260 | JSPH,,,,,UNRESOLVED,,UNRESOLVED,,,
SRA:SRR33650068,SRS25103961,GSM8997259 | GSM8997259 | JSPH,,,,,UNRESOLVED,,UNRESOLVED,,,
SRA:SRR33650069,SRS25103960,GSM8997258 | GSM8997258 | JSPH,,,,,UNRESOLVED,,UNRESOLVED,,,
SRA:SRR33650070,SRS25103959,GSM8997257 | GSM8997257 | JSPH,,,,,UNRESOLVED,,UNRESOLVED,,,
SRA:SRR33650071,SRS25103958,GSM8997256 | GSM8997256 | JSPH,,,,,UNRESOLVED,,UNRESOLVED,,,
SRA:SRR33662215,SRS25115165,GSM8999193 | GSM8999193 | JSPH,,,,,UNRESOLVED,,UNRESOLVED,,,
SRA:SRR33662216,SRS25115164,GSM8999192 | GSM8999192 | JSPH,,,,,UNRESOLVED,,UNRESOLVED,,,
SRA:SRR33662217,SRS25115163,GSM8999191 | GSM8999191 | JSPH,,,,,UNRESOLVED,,UNRESOLVED,,,
