dataset_id,sample_id,biological_group,resistance_status,treatment,cell_line,patient_id,clone_id,replicate_id,replicate_type,qc_status,qc_reason,title,source_name,characteristics,description,organism,platform_id,library_strategy,library_source,trastuzumab_exposure_text_flag,sra_relation,metadata_review_required,phenotype_confidence,phenotype_rule,primary_contrast_included
GEO:GSE107473,GSM2868040,AMBIGUOUS,AMBIGUOUS,,SKBR3,,,,UNRESOLVED,NOT_RUN,,HBL-100,breast,cell type: normal breast epithelial cells | tissue: breast epithelial | cell line: HBL-100,,Homo sapiens,GPL18573,RNA-Seq,transcriptomic,True,SRX3428318,True,,,
GEO:GSE107473,GSM2868041,AMBIGUOUS,AMBIGUOUS,,SKBR3,,,,UNRESOLVED,NOT_RUN,,SKBR3,breast,cell type: trastuzumab-sensitive cells | tissue: breast adenocarcinoma | cell line: SKBR3,,Homo sapiens,GPL18573,RNA-Seq,transcriptomic,True,SRX3428319,True,,,
GEO:GSE107473,GSM2868042,AMBIGUOUS,AMBIGUOUS,,SKBR3,,,,UNRESOLVED,NOT_RUN,,JIMT-1,breast,cell type: trastuzumab-resistant cells | tissue: breast adenocarcinoma | cell line: JIMT-1,,Homo sapiens,GPL18573,RNA-Seq,transcriptomic,True,SRX3428320,True,,,
GEO:GSE114575,GSM3145240,SENSITIVE_OR_PARENTAL,SENSITIVE_OR_PARENTAL,,SKBR3,,eared,,UNRESOLVED,NOT_RUN,,10705X1 (SKBr3),SKBr3,tissue: breast cancer | index taga: Index 3 TTAGGC | hci - reference sample name: SKBr3,,Homo sapiens,GPL16791,RNA-Seq,transcriptomic,False,SRX4094399,True,HIGH,Curated GSE114575 rule: parental SKBr3,True
GEO:GSE114575,GSM3145241,RESISTANT,RESISTANT,,,,eared,,UNRESOLVED,NOT_RUN,,10705X2 (Her/trastuz resist),Her/trastuz resist,tissue: breast cancer | index taga: Index 7 CAGATC | hci - reference sample name: Her,,Homo sapiens,GPL16791,RNA-Seq,transcriptomic,False,SRX4094400,True,HIGH,Curated GSE114575 rule: explicitly trastuzumab-resistant sample,True
GEO:GSE114575,GSM3145242,EXCLUDED,EXCLUDED,,,,eared,,UNRESOLVED,NOT_RUN,,10705X3 (Lap/lapatinib resist),Lap/lapatinib resist,tissue: breast cancer | index taga: Index 13 AGTCAA | hci - reference sample name: Lap,,Homo sapiens,GPL16791,RNA-Seq,transcriptomic,False,SRX4094401,True,HIGH,Curated GSE114575 rule: lapatinib or sequential multidrug resistance excluded from trastuzumab-only contrast,False
GEO:GSE114575,GSM3145243,EXCLUDED,EXCLUDED,,,,eared,,UNRESOLVED,NOT_RUN,,10705X4 (Her/Lap resist - sequential),Her/Lap resist - sequential,tissue: breast cancer | index taga: Index 21 GTTTCG | hci - reference sample name: Her/Lap,,Homo sapiens,GPL16791,RNA-Seq,transcriptomic,False,SRX4094402,True,HIGH,Curated GSE114575 rule: lapatinib or sequential multidrug resistance excluded from trastuzumab-only contrast,False
GEO:GSE114575,GSM3145244,EXCLUDED,EXCLUDED,,,,eared,,UNRESOLVED,NOT_RUN,,10705X5 (Lap/Her resist - sequential),Lap/Her resist - sequential,tissue: breast cancer | index taga: Index 9 GATCAG | hci - reference sample name: Lap/Her,,Homo sapiens,GPL16791,RNA-Seq,transcriptomic,False,SRX4094403,True,HIGH,Curated GSE114575 rule: lapatinib or sequential multidrug resistance excluded from trastuzumab-only contrast,False
GEO:GSE119397,GSM3374141,UNRESOLVED,UNRESOLVED,No treatment.,BT474,,,,UNRESOLVED,NOT_RUN,,BT474 probe 1,BT474 cell line,cell line: BT474 | tissue: Breast,Gene expression data from BT474 cells under standard conditions,Homo sapiens,GPL16686,,,False,,True,,,
GEO:GSE119397,GSM3374142,UNRESOLVED,UNRESOLVED,No treatment.,BT474,,,,UNRESOLVED,NOT_RUN,,BT474 probe 2,BT474 cell line,cell line: BT474 | tissue: Breast,Gene expression data from BT474 cells under standard conditions,Homo sapiens,GPL16686,,,False,,True,,,
GEO:GSE119397,GSM3374143,UNRESOLVED,UNRESOLVED,No treatment.,BT474,,,,UNRESOLVED,NOT_RUN,,BT474 probe 3,BT474 cell line,cell line: BT474 | tissue: Breast,Gene expression data from BT474 cells under standard conditions,Homo sapiens,GPL16686,,,False,,True,,,
GEO:GSE119397,GSM3374144,UNRESOLVED,UNRESOLVED,No treatment.,BT474,,,,UNRESOLVED,NOT_RUN,,BT474 probe 4,BT474 cell line,cell line: BT474 | tissue: Breast,Gene expression data from BT474 cells under standard conditions,Homo sapiens,GPL16686,,,False,,True,,,
GEO:GSE119397,GSM3374145,UNRESOLVED,UNRESOLVED,No treatment.,BT474,,,,UNRESOLVED,NOT_RUN,,BT474 probe 5,BT474 cell line,cell line: BT474 | tissue: Breast,Gene expression data from BT474 cells under standard conditions,Homo sapiens,GPL16686,,,False,,True,,,
GEO:GSE119397,GSM3374146,UNRESOLVED,UNRESOLVED,No treatment.,BT474,,,,UNRESOLVED,NOT_RUN,,BT474 probe 6,BT474 cell line,cell line: BT474 | tissue: Breast,Gene expression data from BT474 cells under standard conditions,Homo sapiens,GPL16686,,,False,,True,,,
GEO:GSE119397,GSM3374147,UNRESOLVED,UNRESOLVED,No treatment.,BT474,,,,UNRESOLVED,NOT_RUN,,BT474 probe 7,BT474 cell line,cell line: BT474 | tissue: Breast,Gene expression data from BT474 cells under standard conditions,Homo sapiens,GPL16686,,,False,,True,,,
GEO:GSE119397,GSM3374148,UNRESOLVED,UNRESOLVED,No treatment.,BT474,,,,UNRESOLVED,NOT_RUN,,BT474 probe 8,BT474 cell line,cell line: BT474 | tissue: Breast,Gene expression data from BT474 cells under standard conditions,Homo sapiens,GPL16686,,,False,,True,,,
GEO:GSE119397,GSM3374149,UNRESOLVED,UNRESOLVED,No treatment.,BT474,,,,UNRESOLVED,NOT_RUN,,BT-RH probe 1,BT-RH cell line,cell line: BT-RH | tissue: Breast,Gene expression data from BT-RH cells under standard conditions,Homo sapiens,GPL16686,,,False,,True,,,
GEO:GSE119397,GSM3374150,UNRESOLVED,UNRESOLVED,No treatment.,BT474,,,,UNRESOLVED,NOT_RUN,,BT-RH probe 2,BT-RH cell line,cell line: BT-RH | tissue: Breast,Gene expression data from BT-RH cells under standard conditions,Homo sapiens,GPL16686,,,False,,True,,,
GEO:GSE119397,GSM3374151,UNRESOLVED,UNRESOLVED,No treatment.,BT474,,,,UNRESOLVED,NOT_RUN,,BT-RH probe 3,BT-RH cell line,cell line: BT-RH | tissue: Breast,Gene expression data from BT-RH cells under standard conditions,Homo sapiens,GPL16686,,,False,,True,,,
GEO:GSE119397,GSM3374152,UNRESOLVED,UNRESOLVED,No treatment.,BT474,,,,UNRESOLVED,NOT_RUN,,BT-RH probe 4,BT-RH cell line,cell line: BT-RH | tissue: Breast,Gene expression data from BT-RH cells under standard conditions,Homo sapiens,GPL16686,,,False,,True,,,
GEO:GSE119397,GSM3374153,UNRESOLVED,UNRESOLVED,No treatment.,BT474,,,,UNRESOLVED,NOT_RUN,,BT-RH probe 5,BT-RH cell line,cell line: BT-RH | tissue: Breast,Gene expression data from BT-RH cells under standard conditions,Homo sapiens,GPL16686,,,False,,True,,,
GEO:GSE121105,GSM3426212,SENSITIVE_OR_PARENTAL,SENSITIVE_OR_PARENTAL,,BT474,,,,UNRESOLVED,NOT_RUN,,BT474_replicate1,BT474,cell line background: BT474 | cell type: HER2+ breast cancer cells | sensitivity to her2 antibodies: sensitive | treatment: none,Sample_BT474_1,Homo sapiens,GPL11154,RNA-Seq,transcriptomic,False,SRX4828025,True,HIGH,Curated GSE121105 rule: untreated parental BT474,True
GEO:GSE121105,GSM3426213,SENSITIVE_OR_PARENTAL,SENSITIVE_OR_PARENTAL,,BT474,,,,UNRESOLVED,NOT_RUN,,BT474_replicate2,BT474,cell line background: BT474 | cell type: HER2+ breast cancer cells | sensitivity to her2 antibodies: sensitive | treatment: none,Sample_BT474_2,Homo sapiens,GPL11154,RNA-Seq,transcriptomic,False,SRX4828026,True,HIGH,Curated GSE121105 rule: untreated parental BT474,True
GEO:GSE121105,GSM3426214,SENSITIVE_OR_PARENTAL,SENSITIVE_OR_PARENTAL,,BT474,,,,UNRESOLVED,NOT_RUN,,BT474_replicate3,BT474,cell line background: BT474 | cell type: HER2+ breast cancer cells | sensitivity to her2 antibodies: sensitive | treatment: none,Sample_BT474_3,Homo sapiens,GPL11154,RNA-Seq,transcriptomic,False,SRX4828027,True,HIGH,Curated GSE121105 rule: untreated parental BT474,True
GEO:GSE121105,GSM3426215,EXCLUDED,EXCLUDED,,BT474,,,,UNRESOLVED,NOT_RUN,,BT474+trastuzumab_replicate1,BT474+trastuzumab,cell line background: BT474 | cell type: HER2+ breast cancer cells | sensitivity to her2 antibodies: sensitive | treatment: 10 µg/mL trastuzumab for 3 days,Sample_BT474_10T_1,Homo sapiens,GPL11154,RNA-Seq,transcriptomic,True,SRX4828028,True,HIGH,Curated GSE121105 rule: acute-treatment or dual-resistance group excluded from clean trastuzumab-resistance contrast,False
GEO:GSE121105,GSM3426216,EXCLUDED,EXCLUDED,,BT474,,,,UNRESOLVED,NOT_RUN,,BT474+trastuzumab_replicate2,BT474+trastuzumab,cell line background: BT474 | cell type: HER2+ breast cancer cells | sensitivity to her2 antibodies: sensitive | treatment: 10 µg/mL trastuzumab for 3 days,Sample_BT474_10T_2,Homo sapiens,GPL11154,RNA-Seq,transcriptomic,True,SRX4828029,True,HIGH,Curated GSE121105 rule: acute-treatment or dual-resistance group excluded from clean trastuzumab-resistance contrast,False
GEO:GSE121105,GSM3426217,EXCLUDED,EXCLUDED,,BT474,,,,UNRESOLVED,NOT_RUN,,BT474+trastuzumab_replicate3,BT474+trastuzumab,cell line background: BT474 | cell type: HER2+ breast cancer cells | sensitivity to her2 antibodies: sensitive | treatment: 10 µg/mL trastuzumab for 3 days,Sample_BT474_10T_3,Homo sapiens,GPL11154,RNA-Seq,transcriptomic,True,SRX4828030,True,HIGH,Curated GSE121105 rule: acute-treatment or dual-resistance group excluded from clean trastuzumab-resistance contrast,False
GEO:GSE121105,GSM3426218,EXCLUDED,EXCLUDED,,BT474,,,,UNRESOLVED,NOT_RUN,,BT474+trastuzumab+pertuzumab_replicate1,BT474+trastuzumab+pertuzumab,cell line background: BT474 | cell type: HER2+ breast cancer cells | sensitivity to her2 antibodies: sensitive | treatment: 10 µg/mL trastuzumab + 10 µg/mL pertuzumab for 3 days,Sample_BT474_10T10P_1,Homo sapiens,GPL11154,RNA-Seq,transcriptomic,True,SRX4828031,True,HIGH,Curated GSE121105 rule: acute-treatment or dual-resistance group excluded from clean trastuzumab-resistance contrast,False
GEO:GSE121105,GSM3426219,EXCLUDED,EXCLUDED,,BT474,,,,UNRESOLVED,NOT_RUN,,BT474+trastuzumab+pertuzumab_replicate2,BT474+trastuzumab+pertuzumab,cell line background: BT474 | cell type: HER2+ breast cancer cells | sensitivity to her2 antibodies: sensitive | treatment: 10 µg/mL trastuzumab + 10 µg/mL pertuzumab for 3 days,Sample_BT474_10T10P_2,Homo sapiens,GPL11154,RNA-Seq,transcriptomic,True,SRX4828032,True,HIGH,Curated GSE121105 rule: acute-treatment or dual-resistance group excluded from clean trastuzumab-resistance contrast,False
GEO:GSE121105,GSM3426220,EXCLUDED,EXCLUDED,,BT474,,,,UNRESOLVED,NOT_RUN,,BT474+trastuzumab+pertuzumab_replicate3,BT474+trastuzumab+pertuzumab,cell line background: BT474 | cell type: HER2+ breast cancer cells | sensitivity to her2 antibodies: sensitive | treatment: 10 µg/mL trastuzumab + 10 µg/mL pertuzumab for 3 days,Sample_BT474_10T10P_3,Homo sapiens,GPL11154,RNA-Seq,transcriptomic,True,SRX4828033,True,HIGH,Curated GSE121105 rule: acute-treatment or dual-resistance group excluded from clean trastuzumab-resistance contrast,False
GEO:GSE121105,GSM3426221,RESISTANT,RESISTANT,,BT474,,,,UNRESOLVED,NOT_RUN,,BT-TR1_replicate1,BT-TR1,cell line background: BT474 | cell type: HER2+ breast cancer cells | sensitivity to her2 antibodies: trastuzumab-resistant | treatment: no treatment for 7 days prior to harvesting,Sample_BT-TR1_1,Homo sapiens,GPL11154,RNA-Seq,transcriptomic,True,SRX4828034,True,HIGH,Curated GSE121105 rule: BT-TR1/BT-TR2 trastuzumab-resistant clone,True
GEO:GSE121105,GSM3426222,RESISTANT,RESISTANT,,BT474,,,,UNRESOLVED,NOT_RUN,,BT-TR1_replicate2,BT-TR1,cell line background: BT474 | cell type: HER2+ breast cancer cells | sensitivity to her2 antibodies: trastuzumab-resistant | treatment: no treatment for 7 days prior to harvesting,Sample_BT-TR1_2,Homo sapiens,GPL11154,RNA-Seq,transcriptomic,True,SRX4828035,True,HIGH,Curated GSE121105 rule: BT-TR1/BT-TR2 trastuzumab-resistant clone,True
GEO:GSE121105,GSM3426223,RESISTANT,RESISTANT,,BT474,,,,UNRESOLVED,NOT_RUN,,BT-TR1_replicate3,BT-TR1,cell line background: BT474 | cell type: HER2+ breast cancer cells | sensitivity to her2 antibodies: trastuzumab-resistant | treatment: no treatment for 7 days prior to harvesting,Sample_BT-TR1_3,Homo sapiens,GPL11154,RNA-Seq,transcriptomic,True,SRX4828036,True,HIGH,Curated GSE121105 rule: BT-TR1/BT-TR2 trastuzumab-resistant clone,True
GEO:GSE121105,GSM3426224,RESISTANT,RESISTANT,,BT474,,,,UNRESOLVED,NOT_RUN,,BT-TR2_replicate1,BT-TR2,cell line background: BT474 | cell type: HER2+ breast cancer cells | sensitivity to her2 antibodies: trastuzumab-resistant | treatment: no treatment for 7 days prior to harvesting,Sample_BT-TR2_1,Homo sapiens,GPL11154,RNA-Seq,transcriptomic,True,SRX4828037,True,HIGH,Curated GSE121105 rule: BT-TR1/BT-TR2 trastuzumab-resistant clone,True
GEO:GSE121105,GSM3426225,RESISTANT,RESISTANT,,BT474,,,,UNRESOLVED,NOT_RUN,,BT-TR2_replicate2,BT-TR2,cell line background: BT474 | cell type: HER2+ breast cancer cells | sensitivity to her2 antibodies: trastuzumab-resistant | treatment: no treatment for 7 days prior to harvesting,Sample_BT-TR2_2,Homo sapiens,GPL11154,RNA-Seq,transcriptomic,True,SRX4828038,True,HIGH,Curated GSE121105 rule: BT-TR1/BT-TR2 trastuzumab-resistant clone,True
GEO:GSE121105,GSM3426226,RESISTANT,RESISTANT,,BT474,,,,UNRESOLVED,NOT_RUN,,BT-TR2_replicate3,BT-TR2,cell line background: BT474 | cell type: HER2+ breast cancer cells | sensitivity to her2 antibodies: trastuzumab-resistant | treatment: no treatment for 7 days prior to harvesting,Sample_BT-TR2_3,Homo sapiens,GPL11154,RNA-Seq,transcriptomic,True,SRX4828039,True,HIGH,Curated GSE121105 rule: BT-TR1/BT-TR2 trastuzumab-resistant clone,True
GEO:GSE121105,GSM3426227,EXCLUDED,EXCLUDED,,BT474,,,,UNRESOLVED,NOT_RUN,,BT-TPR1_replicate1,BT-TPR1,cell line background: BT474 | cell type: HER2+ breast cancer cells | sensitivity to her2 antibodies: trastuzumab + pertuzumab-resistant | treatment: no treatment for 7 days prior to harvesting,Sample_BT-TPR1_1,Homo sapiens,GPL11154,RNA-Seq,transcriptomic,True,SRX4828040,True,HIGH,Curated GSE121105 rule: acute-treatment or dual-resistance group excluded from clean trastuzumab-resistance contrast,False
GEO:GSE121105,GSM3426228,EXCLUDED,EXCLUDED,,BT474,,,,UNRESOLVED,NOT_RUN,,BT-TPR1_replicate2,BT-TPR1,cell line background: BT474 | cell type: HER2+ breast cancer cells | sensitivity to her2 antibodies: trastuzumab + pertuzumab-resistant | treatment: no treatment for 7 days prior to harvesting,Sample_BT-TPR1_2,Homo sapiens,GPL11154,RNA-Seq,transcriptomic,True,SRX4828041,True,HIGH,Curated GSE121105 rule: acute-treatment or dual-resistance group excluded from clean trastuzumab-resistance contrast,False
GEO:GSE121105,GSM3426229,EXCLUDED,EXCLUDED,,BT474,,,,UNRESOLVED,NOT_RUN,,BT-TPR1_replicate3,BT-TPR1,cell line background: BT474 | cell type: HER2+ breast cancer cells | sensitivity to her2 antibodies: trastuzumab + pertuzumab-resistant | treatment: no treatment for 7 days prior to harvesting,Sample_BT-TPR1_3,Homo sapiens,GPL11154,RNA-Seq,transcriptomic,True,SRX4828042,True,HIGH,Curated GSE121105 rule: acute-treatment or dual-resistance group excluded from clean trastuzumab-resistance contrast,False
GEO:GSE121105,GSM3426230,EXCLUDED,EXCLUDED,,BT474,,,,UNRESOLVED,NOT_RUN,,BT-TPR2_replicate1,BT-TPR2,cell line background: BT474 | cell type: HER2+ breast cancer cells | sensitivity to her2 antibodies: trastuzumab + pertuzumab-resistant | treatment: no treatment for 7 days prior to harvesting,Sample_BT-TPR2_1,Homo sapiens,GPL11154,RNA-Seq,transcriptomic,True,SRX4828043,True,HIGH,Curated GSE121105 rule: acute-treatment or dual-resistance group excluded from clean trastuzumab-resistance contrast,False
GEO:GSE121105,GSM3426231,EXCLUDED,EXCLUDED,,BT474,,,,UNRESOLVED,NOT_RUN,,BT-TPR2_replicate2,BT-TPR2,cell line background: BT474 | cell type: HER2+ breast cancer cells | sensitivity to her2 antibodies: trastuzumab + pertuzumab-resistant | treatment: no treatment for 7 days prior to harvesting,Sample_BT-TPR2_2,Homo sapiens,GPL11154,RNA-Seq,transcriptomic,True,SRX4828044,True,HIGH,Curated GSE121105 rule: acute-treatment or dual-resistance group excluded from clean trastuzumab-resistance contrast,False
GEO:GSE121105,GSM3426232,EXCLUDED,EXCLUDED,,BT474,,,,UNRESOLVED,NOT_RUN,,BT-TPR2_replicate3,BT-TPR2,cell line background: BT474 | cell type: HER2+ breast cancer cells | sensitivity to her2 antibodies: trastuzumab + pertuzumab-resistant | treatment: no treatment for 7 days prior to harvesting,Sample_BT-TPR2_3,Homo sapiens,GPL11154,RNA-Seq,transcriptomic,True,SRX4828045,True,HIGH,Curated GSE121105 rule: acute-treatment or dual-resistance group excluded from clean trastuzumab-resistance contrast,False
GEO:GSE123754,GSM3510887,SENSITIVE_OR_PARENTAL,SENSITIVE_OR_PARENTAL,"Trastuzumab-resistant SK cells (SKTR) were developed by exposing SK cells continuously to trastuzumab (Herceptin, Hoffmann-La Roche Pharma), starting with 1μM concentration for three months of exposure and increasing the concentration up to 2 μM for a 12 months period. Thus, cells resistant to trastuzumab were maintained in 2 μM trastuzumab, a concentration at which SK parental cells were not viable.",SKBR3,,,,UNRESOLVED,NOT_RUN,,Trastuzumab-sensitive model (SK),HER2-positive breast cancer,cell line: SK | cell type: Trastuzumab-sensitive breast cancer cells | gender: Female,SKBR3 | Trastuzumab-sensitive HER2-positive breast cancer cell line.,Homo sapiens,GPL13534,,,True,,True,HIGH,Curated GSE123754 rule: explicitly trastuzumab-sensitive SK model,True
GEO:GSE123754,GSM3510888,RESISTANT,RESISTANT,"Trastuzumab-resistant SK cells (SKTR) were developed by exposing SK cells continuously to trastuzumab (Herceptin, Hoffmann-La Roche Pharma), starting with 1μM concentration for three months of exposure and increasing the concentration up to 2 μM for a 12 months period. Thus, cells resistant to trastuzumab were maintained in 2 μM trastuzumab, a concentration at which SK parental cells were not viable.",SKBR3,,,,UNRESOLVED,NOT_RUN,,Trastuzumab-resistant model (SKTR),HER2-positive breast cancer,cell line: SKTR | cell type: Trastuzumab-resistant breast cancer cells | gender: Female,SKTR | Trastuzumab-resistant HER2-positive breast cancer cell line.,Homo sapiens,GPL13534,,,True,,True,HIGH,Curated GSE123754 rule: explicitly trastuzumab-resistant SKTR model,True
GEO:GSE132055,GSM3840098,AMBIGUOUS,AMBIGUOUS,"HER2+ breast cancer cells resistant to HER2-targeted therapy were generated by long term culture of the parental (P) cells in their original media with increasing concentrations of lapatinib (0.1 to 1 μM), or lapatinib (0.1 to 1 μM) plus trastuzumab (1 to 50 μg/ml). Responsive cells were cultured with their respective treatments until growth resumed. The time to the development of resistant growth varied from 3 to 12 months. P cells were also treated for 24 h with lapatinib (1 µM) or lapatinib plus trastuzumab (L: 1 µM, T: 50 µg/ml).",SKBR3 | AU565,,,,UNRESOLVED,NOT_RUN,,AU565-P,human breast cancer cells,cell model: AU565 | anti-her2 resistance: Sensitive | treatment: None (parental),anti-HER2 sensitive | processed data file: MVA_fpkm_genelevel_GEO_submission_5-28-19.txt,Homo sapiens,GPL11154,RNA-Seq,transcriptomic,True,SRX5944683,True,,,
GEO:GSE132055,GSM3840099,AMBIGUOUS,AMBIGUOUS,"HER2+ breast cancer cells resistant to HER2-targeted therapy were generated by long term culture of the parental (P) cells in their original media with increasing concentrations of lapatinib (0.1 to 1 μM), or lapatinib (0.1 to 1 μM) plus trastuzumab (1 to 50 μg/ml). Responsive cells were cultured with their respective treatments until growth resumed. The time to the development of resistant growth varied from 3 to 12 months. P cells were also treated for 24 h with lapatinib (1 µM) or lapatinib plus trastuzumab (L: 1 µM, T: 50 µg/ml).",SKBR3 | AU565,,,,UNRESOLVED,NOT_RUN,,AU565-P L,human breast cancer cells,"cell model: AU565 | anti-her2 resistance: Sensitive | treatment: Lapatinib, 24h",anti-HER2 sensitive | processed data file: MVA_fpkm_genelevel_GEO_submission_5-28-19.txt,Homo sapiens,GPL11154,RNA-Seq,transcriptomic,True,SRX5944684,True,,,
GEO:GSE132055,GSM3840100,AMBIGUOUS,AMBIGUOUS,"HER2+ breast cancer cells resistant to HER2-targeted therapy were generated by long term culture of the parental (P) cells in their original media with increasing concentrations of lapatinib (0.1 to 1 μM), or lapatinib (0.1 to 1 μM) plus trastuzumab (1 to 50 μg/ml). Responsive cells were cultured with their respective treatments until growth resumed. The time to the development of resistant growth varied from 3 to 12 months. P cells were also treated for 24 h with lapatinib (1 µM) or lapatinib plus trastuzumab (L: 1 µM, T: 50 µg/ml).",SKBR3 | AU565,,,,UNRESOLVED,NOT_RUN,,AU565-P LT,human breast cancer cells,"cell model: AU565 | anti-her2 resistance: Sensitive | treatment: Lapatinib plus trastuzumab, 24h",anti-HER2 sensitive | processed data file: MVA_fpkm_genelevel_GEO_submission_5-28-19.txt,Homo sapiens,GPL11154,RNA-Seq,transcriptomic,True,SRX5944685,True,,,
GEO:GSE132055,GSM3840101,AMBIGUOUS,AMBIGUOUS,"HER2+ breast cancer cells resistant to HER2-targeted therapy were generated by long term culture of the parental (P) cells in their original media with increasing concentrations of lapatinib (0.1 to 1 μM), or lapatinib (0.1 to 1 μM) plus trastuzumab (1 to 50 μg/ml). Responsive cells were cultured with their respective treatments until growth resumed. The time to the development of resistant growth varied from 3 to 12 months. P cells were also treated for 24 h with lapatinib (1 µM) or lapatinib plus trastuzumab (L: 1 µM, T: 50 µg/ml).",SKBR3 | AU565,,,,UNRESOLVED,NOT_RUN,,AU565-LR,human breast cancer cells,"cell model: AU565 | anti-her2 resistance: Resistant | treatment: Lapatinib, long-term",anti-HER2-resistant | processed data file: MVA_fpkm_genelevel_GEO_submission_5-28-19.txt,Homo sapiens,GPL11154,RNA-Seq,transcriptomic,True,SRX5944686,True,,,
GEO:GSE132055,GSM3840102,AMBIGUOUS,AMBIGUOUS,"HER2+ breast cancer cells resistant to HER2-targeted therapy were generated by long term culture of the parental (P) cells in their original media with increasing concentrations of lapatinib (0.1 to 1 μM), or lapatinib (0.1 to 1 μM) plus trastuzumab (1 to 50 μg/ml). Responsive cells were cultured with their respective treatments until growth resumed. The time to the development of resistant growth varied from 3 to 12 months. P cells were also treated for 24 h with lapatinib (1 µM) or lapatinib plus trastuzumab (L: 1 µM, T: 50 µg/ml).",SKBR3 | AU565,,,,UNRESOLVED,NOT_RUN,,AU565-LTR,human breast cancer cells,"cell model: AU565 | anti-her2 resistance: Resistant | treatment: Lapatinib plus trastuzumab, long-term",anti-HER2-resistant | processed data file: MVA_fpkm_genelevel_GEO_submission_5-28-19.txt,Homo sapiens,GPL11154,RNA-Seq,transcriptomic,True,SRX5944687,True,,,
GEO:GSE132055,GSM3840103,AMBIGUOUS,AMBIGUOUS,"HER2+ breast cancer cells resistant to HER2-targeted therapy were generated by long term culture of the parental (P) cells in their original media with increasing concentrations of lapatinib (0.1 to 1 μM), or lapatinib (0.1 to 1 μM) plus trastuzumab (1 to 50 μg/ml). Responsive cells were cultured with their respective treatments until growth resumed. The time to the development of resistant growth varied from 3 to 12 months. P cells were also treated for 24 h with lapatinib (1 µM) or lapatinib plus trastuzumab (L: 1 µM, T: 50 µg/ml).",SKBR3 | AU565,,,,UNRESOLVED,NOT_RUN,,SKBR3-P,human breast cancer cells,cell model: SKBR3 | anti-her2 resistance: Sensitive | treatment: None (parental),anti-HER2 sensitive | processed data file: MVA_fpkm_genelevel_GEO_submission_5-28-19.txt,Homo sapiens,GPL11154,RNA-Seq,transcriptomic,True,SRX5944688,True,,,
GEO:GSE132055,GSM3840104,AMBIGUOUS,AMBIGUOUS,"HER2+ breast cancer cells resistant to HER2-targeted therapy were generated by long term culture of the parental (P) cells in their original media with increasing concentrations of lapatinib (0.1 to 1 μM), or lapatinib (0.1 to 1 μM) plus trastuzumab (1 to 50 μg/ml). Responsive cells were cultured with their respective treatments until growth resumed. The time to the development of resistant growth varied from 3 to 12 months. P cells were also treated for 24 h with lapatinib (1 µM) or lapatinib plus trastuzumab (L: 1 µM, T: 50 µg/ml).",SKBR3 | AU565,,,,UNRESOLVED,NOT_RUN,,SKBR3-P L,human breast cancer cells,"cell model: SKBR3 | anti-her2 resistance: Sensitive | treatment: Lapatinib, 24h",anti-HER2 sensitive | processed data file: MVA_fpkm_genelevel_GEO_submission_5-28-19.txt,Homo sapiens,GPL11154,RNA-Seq,transcriptomic,True,SRX5944689,True,,,
GEO:GSE132055,GSM3840105,AMBIGUOUS,AMBIGUOUS,"HER2+ breast cancer cells resistant to HER2-targeted therapy were generated by long term culture of the parental (P) cells in their original media with increasing concentrations of lapatinib (0.1 to 1 μM), or lapatinib (0.1 to 1 μM) plus trastuzumab (1 to 50 μg/ml). Responsive cells were cultured with their respective treatments until growth resumed. The time to the development of resistant growth varied from 3 to 12 months. P cells were also treated for 24 h with lapatinib (1 µM) or lapatinib plus trastuzumab (L: 1 µM, T: 50 µg/ml).",SKBR3 | AU565,,,,UNRESOLVED,NOT_RUN,,SKBR3-P LT,human breast cancer cells,"cell model: SKBR3 | anti-her2 resistance: Sensitive | treatment: Lapatinib plus trastuzumab, 24h",anti-HER2 sensitive | processed data file: MVA_fpkm_genelevel_GEO_submission_5-28-19.txt,Homo sapiens,GPL11154,RNA-Seq,transcriptomic,True,SRX5944690,True,,,
GEO:GSE132055,GSM3840106,AMBIGUOUS,AMBIGUOUS,"HER2+ breast cancer cells resistant to HER2-targeted therapy were generated by long term culture of the parental (P) cells in their original media with increasing concentrations of lapatinib (0.1 to 1 μM), or lapatinib (0.1 to 1 μM) plus trastuzumab (1 to 50 μg/ml). Responsive cells were cultured with their respective treatments until growth resumed. The time to the development of resistant growth varied from 3 to 12 months. P cells were also treated for 24 h with lapatinib (1 µM) or lapatinib plus trastuzumab (L: 1 µM, T: 50 µg/ml).",SKBR3 | AU565,,,,UNRESOLVED,NOT_RUN,,SKBR3-LR,human breast cancer cells,"cell model: SKBR3 | anti-her2 resistance: Resistant | treatment: Lapatinib, long-term",anti-HER2-resistant | processed data file: MVA_fpkm_genelevel_GEO_submission_5-28-19.txt,Homo sapiens,GPL11154,RNA-Seq,transcriptomic,True,SRX5944691,True,,,
GEO:GSE132055,GSM3840107,AMBIGUOUS,AMBIGUOUS,"HER2+ breast cancer cells resistant to HER2-targeted therapy were generated by long term culture of the parental (P) cells in their original media with increasing concentrations of lapatinib (0.1 to 1 μM), or lapatinib (0.1 to 1 μM) plus trastuzumab (1 to 50 μg/ml). Responsive cells were cultured with their respective treatments until growth resumed. The time to the development of resistant growth varied from 3 to 12 months. P cells were also treated for 24 h with lapatinib (1 µM) or lapatinib plus trastuzumab (L: 1 µM, T: 50 µg/ml).",SKBR3 | AU565,,,,UNRESOLVED,NOT_RUN,,SKBR3-LTR,human breast cancer cells,"cell model: SKBR3 | anti-her2 resistance: Resistant | treatment: Lapatinib plus trastuzumab, long-term",anti-HER2-resistant | processed data file: MVA_fpkm_genelevel_GEO_submission_5-28-19.txt,Homo sapiens,GPL11154,RNA-Seq,transcriptomic,True,SRX5944692,True,,,
GEO:GSE132055,GSM3840108,AMBIGUOUS,AMBIGUOUS,"HER2+ breast cancer cells resistant to HER2-targeted therapy were generated by long term culture of the parental (P) cells in their original media with increasing concentrations of lapatinib (0.1 to 1 μM), or lapatinib (0.1 to 1 μM) plus trastuzumab (1 to 50 μg/ml). Responsive cells were cultured with their respective treatments until growth resumed. The time to the development of resistant growth varied from 3 to 12 months. P cells were also treated for 24 h with lapatinib (1 µM) or lapatinib plus trastuzumab (L: 1 µM, T: 50 µg/ml).",SKBR3 | AU565,,,,UNRESOLVED,NOT_RUN,,UACC812-P,human breast cancer cells,cell model: UACC812 | anti-her2 resistance: Sensitive | treatment: None (parental),anti-HER2 sensitive | processed data file: MVA_fpkm_genelevel_GEO_submission_5-28-19.txt,Homo sapiens,GPL11154,RNA-Seq,transcriptomic,True,SRX5944693,True,,,
GEO:GSE132055,GSM3840109,AMBIGUOUS,AMBIGUOUS,"HER2+ breast cancer cells resistant to HER2-targeted therapy were generated by long term culture of the parental (P) cells in their original media with increasing concentrations of lapatinib (0.1 to 1 μM), or lapatinib (0.1 to 1 μM) plus trastuzumab (1 to 50 μg/ml). Responsive cells were cultured with their respective treatments until growth resumed. The time to the development of resistant growth varied from 3 to 12 months. P cells were also treated for 24 h with lapatinib (1 µM) or lapatinib plus trastuzumab (L: 1 µM, T: 50 µg/ml).",SKBR3 | AU565,,,,UNRESOLVED,NOT_RUN,,UACC812-P L,human breast cancer cells,"cell model: UACC812 | anti-her2 resistance: Sensitive | treatment: Lapatinib, 24h",anti-HER2 sensitive | processed data file: MVA_fpkm_genelevel_GEO_submission_5-28-19.txt,Homo sapiens,GPL11154,RNA-Seq,transcriptomic,True,SRX5944694,True,,,
GEO:GSE132055,GSM3840110,AMBIGUOUS,AMBIGUOUS,"HER2+ breast cancer cells resistant to HER2-targeted therapy were generated by long term culture of the parental (P) cells in their original media with increasing concentrations of lapatinib (0.1 to 1 μM), or lapatinib (0.1 to 1 μM) plus trastuzumab (1 to 50 μg/ml). Responsive cells were cultured with their respective treatments until growth resumed. The time to the development of resistant growth varied from 3 to 12 months. P cells were also treated for 24 h with lapatinib (1 µM) or lapatinib plus trastuzumab (L: 1 µM, T: 50 µg/ml).",SKBR3 | AU565,,,,UNRESOLVED,NOT_RUN,,UACC812-P LT,human breast cancer cells,"cell model: UACC812 | anti-her2 resistance: Sensitive | treatment: Lapatinib plus trastuzumab, 24h",anti-HER2 sensitive | processed data file: MVA_fpkm_genelevel_GEO_submission_5-28-19.txt,Homo sapiens,GPL11154,RNA-Seq,transcriptomic,True,SRX5944695,True,,,
GEO:GSE132055,GSM3840111,AMBIGUOUS,AMBIGUOUS,"HER2+ breast cancer cells resistant to HER2-targeted therapy were generated by long term culture of the parental (P) cells in their original media with increasing concentrations of lapatinib (0.1 to 1 μM), or lapatinib (0.1 to 1 μM) plus trastuzumab (1 to 50 μg/ml). Responsive cells were cultured with their respective treatments until growth resumed. The time to the development of resistant growth varied from 3 to 12 months. P cells were also treated for 24 h with lapatinib (1 µM) or lapatinib plus trastuzumab (L: 1 µM, T: 50 µg/ml).",SKBR3 | AU565,,,,UNRESOLVED,NOT_RUN,,UACC812-LR,human breast cancer cells,"cell model: UACC812 | anti-her2 resistance: Resistant | treatment: Lapatinib, long-term",anti-HER2-resistant | processed data file: MVA_fpkm_genelevel_GEO_submission_5-28-19.txt,Homo sapiens,GPL11154,RNA-Seq,transcriptomic,True,SRX5944696,True,,,
GEO:GSE132055,GSM3840112,AMBIGUOUS,AMBIGUOUS,"HER2+ breast cancer cells resistant to HER2-targeted therapy were generated by long term culture of the parental (P) cells in their original media with increasing concentrations of lapatinib (0.1 to 1 μM), or lapatinib (0.1 to 1 μM) plus trastuzumab (1 to 50 μg/ml). Responsive cells were cultured with their respective treatments until growth resumed. The time to the development of resistant growth varied from 3 to 12 months. P cells were also treated for 24 h with lapatinib (1 µM) or lapatinib plus trastuzumab (L: 1 µM, T: 50 µg/ml).",SKBR3 | AU565,,,,UNRESOLVED,NOT_RUN,,UACC812-LTR,human breast cancer cells,"cell model: UACC812 | anti-her2 resistance: Resistant | treatment: Lapatinib plus trastuzumab, long-term",anti-HER2-resistant | processed data file: MVA_fpkm_genelevel_GEO_submission_5-28-19.txt,Homo sapiens,GPL11154,RNA-Seq,transcriptomic,True,SRX5944697,True,,,
GEO:GSE15043,GSM375719,SENSITIVE_OR_PARENTAL,SENSITIVE_OR_PARENTAL,,BT474,,,1,UNRESOLVED,NOT_RUN,,Wildtype BT474 rep1,Wildtype BT474 cells,cell type: Wildtype BT474 cells,Gene expression data from wildtype BT474 cells,Homo sapiens,GPL570,,,False,,True,,,
GEO:GSE15043,GSM375720,SENSITIVE_OR_PARENTAL,SENSITIVE_OR_PARENTAL,,BT474,,,2,UNRESOLVED,NOT_RUN,,Wildtype BT474 rep2,Wildtype BT474 cells,cell type: Wildtype BT474 cells,Gene expression data from wildtype BT474 cells,Homo sapiens,GPL570,,,False,,True,,,
GEO:GSE15043,GSM375721,RESISTANT,RESISTANT,,,,bt,1,UNRESOLVED,NOT_RUN,,Clone BT/HerR1.0C rep1,Herceptin-resistant clone BT/HerR1.0C,cell type: Herceptin-resistant clone BT/HerR1.0C,Gene expression data from Herceptin-resistant BT/HerR1.0C clone,Homo sapiens,GPL570,,,True,,True,,,
GEO:GSE15043,GSM375722,RESISTANT,RESISTANT,,,,bt,2,UNRESOLVED,NOT_RUN,,Clone BT/HerR1.0C rep2,Herceptin-resistant clone BT/HerR1.0C,cell type: Herceptin-resistant clone BT/HerR1.0C,Gene expression data from Herceptin-resistant BT/HerR1.0C clone,Homo sapiens,GPL570,,,True,,True,,,
GEO:GSE15043,GSM375723,RESISTANT,RESISTANT,,,,bt,1,UNRESOLVED,NOT_RUN,,Clone BT/HerR1.0E rep1,Herceptin-resistant clone BT/HerR1.0E,cell type: Herceptin-resistant clone BT/HerR1.0E,Gene expression data from Herceptin-resistant BT/HerR1.0e clone,Homo sapiens,GPL570,,,True,,True,,,
GEO:GSE15043,GSM375724,RESISTANT,RESISTANT,,,,bt,2,UNRESOLVED,NOT_RUN,,Clone BT/HerR1.0E rep2,Herceptin-resistant clone BT/HerR1.0E,cell type: Herceptin-resistant clone BT/HerR1.0E,Gene expression data from Herceptin-resistant BT/HerR1.0E clone,Homo sapiens,GPL570,,,True,,True,,,
GEO:GSE15043,GSM375725,RESISTANT,RESISTANT,,,,bt,1,UNRESOLVED,NOT_RUN,,Clone BT/HerR0.2D rep1,Herceptin-resistant clone BT/HerR0.2D,cell type: Herceptin-resistant clone BT/HerR0.2D,Gene expression data from Herceptin-resistant BT/HerR0.2D clone,Homo sapiens,GPL570,,,True,,True,,,
GEO:GSE15043,GSM375726,RESISTANT,RESISTANT,,,,bt,2,UNRESOLVED,NOT_RUN,,Clone BT/HerR0.2D rep2,Herceptin-resistant clone BT/HerR0.2D,cell type: Herceptin-resistant clone BT/HerR0.2D,Gene expression data from Herceptin-resistant BT/HerR0.2D clone,Homo sapiens,GPL570,,,True,,True,,,
GEO:GSE15043,GSM375727,RESISTANT,RESISTANT,,,,bt,1,UNRESOLVED,NOT_RUN,,Clone BT/HerR0.2J rep1,Herceptin-resistant clone BT/HerR0.2J,cell type: Herceptin-resistant clone BT/HerR0.2J,Gene expression data from Herceptin-resistant BT/HerR0.2J clone,Homo sapiens,GPL570,,,True,,True,,,
GEO:GSE15043,GSM375728,RESISTANT,RESISTANT,,,,bt,2,UNRESOLVED,NOT_RUN,,Clone BT/HerR0.2J rep2,Herceptin-resistant clone BT/HerR0.2J,cell type: Herceptin-resistant clone BT/HerR0.2J,Gene expression data from Herceptin-resistant BT/HerR0.2J clone,Homo sapiens,GPL570,,,True,,True,,,
GEO:GSE161743,GSM4913841,UNRESOLVED,UNRESOLVED,,,,,,UNRESOLVED,NOT_RUN,,101-O,Patient 101,tissue: breast tumor specimen | disease state: HER2-positive | time point: post-treatment | treatment: trastuzumab + pertuzumab,,Homo sapiens,GPL18573,RNA-Seq,transcriptomic,True,,True,,,
GEO:GSE161743,GSM4913842,UNRESOLVED,UNRESOLVED,,,,,,UNRESOLVED,NOT_RUN,,101-R,Patient 101,tissue: breast tumor specimen | disease state: HER2-positive | time point: pre-treatment | treatment: n/a,,Homo sapiens,GPL18573,RNA-Seq,transcriptomic,False,,True,,,
GEO:GSE161743,GSM4913843,UNRESOLVED,UNRESOLVED,,,,,,UNRESOLVED,NOT_RUN,,103-O,Patient 103,tissue: breast tumor specimen | disease state: HER2-positive | time point: post-treatment | treatment: trastuzumab,,Homo sapiens,GPL18573,RNA-Seq,transcriptomic,True,,True,,,
GEO:GSE161743,GSM4913844,UNRESOLVED,UNRESOLVED,,,,,,UNRESOLVED,NOT_RUN,,103-R,Patient 103,tissue: breast tumor specimen | disease state: HER2-positive | time point: pre-treatment | treatment: n/a,,Homo sapiens,GPL18573,RNA-Seq,transcriptomic,False,,True,,,
GEO:GSE161743,GSM4913845,UNRESOLVED,UNRESOLVED,,,,,,UNRESOLVED,NOT_RUN,,107-O,Patient 107,tissue: breast tumor specimen | disease state: HER2-positive | time point: post-treatment | treatment: trastuzumab + lapatinib,,Homo sapiens,GPL18573,RNA-Seq,transcriptomic,True,,True,,,
GEO:GSE161743,GSM4913846,UNRESOLVED,UNRESOLVED,,,,,,UNRESOLVED,NOT_RUN,,107-R,Patient 107,tissue: breast tumor specimen | disease state: HER2-positive | time point: pre-treatment | treatment: n/a,,Homo sapiens,GPL18573,RNA-Seq,transcriptomic,False,,True,,,
GEO:GSE161743,GSM4913847,UNRESOLVED,UNRESOLVED,,,,,,UNRESOLVED,NOT_RUN,,108-O,Patient 108,tissue: breast tumor specimen | disease state: HER2-positive | time point: post-treatment | treatment: trastuzumab,,Homo sapiens,GPL18573,RNA-Seq,transcriptomic,True,,True,,,
GEO:GSE161743,GSM4913848,UNRESOLVED,UNRESOLVED,,,,,,UNRESOLVED,NOT_RUN,,108-R,Patient 108,tissue: breast tumor specimen | disease state: HER2-positive | time point: pre-treatment | treatment: n/a,,Homo sapiens,GPL18573,RNA-Seq,transcriptomic,False,,True,,,
GEO:GSE161743,GSM4913849,UNRESOLVED,UNRESOLVED,,,,,,UNRESOLVED,NOT_RUN,,109-O,Patient 109,tissue: breast tumor specimen | disease state: HER2-positive | time point: post-treatment | treatment: trastuzumab + pertuzumab,,Homo sapiens,GPL18573,RNA-Seq,transcriptomic,True,,True,,,
GEO:GSE161743,GSM4913850,UNRESOLVED,UNRESOLVED,,,,,,UNRESOLVED,NOT_RUN,,111-O,Patient 111,tissue: breast tumor specimen | disease state: HER2-positive | time point: post-treatment | treatment: pertuzumab,,Homo sapiens,GPL18573,RNA-Seq,transcriptomic,False,,True,,,
GEO:GSE161743,GSM4913851,UNRESOLVED,UNRESOLVED,,,,,,UNRESOLVED,NOT_RUN,,111-R,Patient 111,tissue: breast tumor specimen | disease state: HER2-positive | time point: pre-treatment | treatment: n/a,,Homo sapiens,GPL18573,RNA-Seq,transcriptomic,False,,True,,,
GEO:GSE161743,GSM4913852,UNRESOLVED,UNRESOLVED,,,,,,UNRESOLVED,NOT_RUN,,112-O,Patient 112,tissue: breast tumor specimen | disease state: HER2-positive | time point: post-treatment | treatment: trastuzumab + lapatinib,,Homo sapiens,GPL18573,RNA-Seq,transcriptomic,True,,True,,,
GEO:GSE161743,GSM4913853,UNRESOLVED,UNRESOLVED,,,,,,UNRESOLVED,NOT_RUN,,113-O,Patient 113,tissue: breast tumor specimen | disease state: HER2-positive | time point: post-treatment | treatment: trastuzumab,,Homo sapiens,GPL18573,RNA-Seq,transcriptomic,True,,True,,,
GEO:GSE161743,GSM4913854,UNRESOLVED,UNRESOLVED,,,,,,UNRESOLVED,NOT_RUN,,113-R,Patient 113,tissue: breast tumor specimen | disease state: HER2-positive | time point: pre-treatment | treatment: n/a,,Homo sapiens,GPL18573,RNA-Seq,transcriptomic,False,,True,,,
GEO:GSE161743,GSM4913855,UNRESOLVED,UNRESOLVED,,,,,,UNRESOLVED,NOT_RUN,,115-O,Patient 115,tissue: breast tumor specimen | disease state: HER2-positive | time point: post-treatment | treatment: trastuzumab + pertuzumab,,Homo sapiens,GPL18573,RNA-Seq,transcriptomic,True,,True,,,
GEO:GSE161743,GSM4913856,UNRESOLVED,UNRESOLVED,,,,,,UNRESOLVED,NOT_RUN,,116-O,Patient 116,tissue: breast tumor specimen | disease state: HER2-positive | time point: post-treatment | treatment: pertuzumab,,Homo sapiens,GPL18573,RNA-Seq,transcriptomic,False,,True,,,
GEO:GSE161743,GSM4913857,UNRESOLVED,UNRESOLVED,,,,,,UNRESOLVED,NOT_RUN,,116-R,Patient 116,tissue: breast tumor specimen | disease state: HER2-positive | time point: pre-treatment | treatment: n/a,,Homo sapiens,GPL18573,RNA-Seq,transcriptomic,False,,True,,,
GEO:GSE161743,GSM4913858,UNRESOLVED,UNRESOLVED,,,,,,UNRESOLVED,NOT_RUN,,117-O,Patient 117,tissue: breast tumor specimen | disease state: HER2-positive | time point: post-treatment | treatment: trastuzumab,,Homo sapiens,GPL18573,RNA-Seq,transcriptomic,True,,True,,,
GEO:GSE161743,GSM4913859,UNRESOLVED,UNRESOLVED,,,,,,UNRESOLVED,NOT_RUN,,117-R,Patient 117,tissue: breast tumor specimen | disease state: HER2-positive | time point: pre-treatment | treatment: n/a,,Homo sapiens,GPL18573,RNA-Seq,transcriptomic,False,,True,,,
GEO:GSE161743,GSM4913860,UNRESOLVED,UNRESOLVED,,,,,,UNRESOLVED,NOT_RUN,,118-O,Patient 118,tissue: breast tumor specimen | disease state: HER2-positive | time point: post-treatment | treatment: pertuzumab,,Homo sapiens,GPL18573,RNA-Seq,transcriptomic,False,,True,,,
GEO:GSE161743,GSM4913861,UNRESOLVED,UNRESOLVED,,,,,,UNRESOLVED,NOT_RUN,,119-O,Patient 119,tissue: breast tumor specimen | disease state: HER2-positive | time point: post-treatment | treatment: trastuzumab + pertuzumab,,Homo sapiens,GPL18573,RNA-Seq,transcriptomic,True,,True,,,
GEO:GSE161743,GSM4913862,UNRESOLVED,UNRESOLVED,,,,,,UNRESOLVED,NOT_RUN,,119-R,Patient 119,tissue: breast tumor specimen | disease state: HER2-positive | time point: pre-treatment | treatment: n/a,,Homo sapiens,GPL18573,RNA-Seq,transcriptomic,False,,True,,,
GEO:GSE161743,GSM4913863,UNRESOLVED,UNRESOLVED,,,,,,UNRESOLVED,NOT_RUN,,120-O,Patient 120,tissue: breast tumor specimen | disease state: HER2-positive | time point: post-treatment | treatment: trastuzumab + pertuzumab,,Homo sapiens,GPL18573,RNA-Seq,transcriptomic,True,,True,,,
GEO:GSE161743,GSM4913864,UNRESOLVED,UNRESOLVED,,,,,,UNRESOLVED,NOT_RUN,,120-R,Patient 120,tissue: breast tumor specimen | disease state: HER2-positive | time point: pre-treatment | treatment: n/a,,Homo sapiens,GPL18573,RNA-Seq,transcriptomic,False,,True,,,
GEO:GSE161743,GSM4913865,UNRESOLVED,UNRESOLVED,,,,,,UNRESOLVED,NOT_RUN,,121-O,Patient 121,tissue: breast tumor specimen | disease state: HER2-positive | time point: post-treatment | treatment: trastuzumab + lapatinib,,Homo sapiens,GPL18573,RNA-Seq,transcriptomic,True,,True,,,
GEO:GSE161743,GSM4913866,UNRESOLVED,UNRESOLVED,,,,,,UNRESOLVED,NOT_RUN,,123-O,Patient 123,tissue: breast tumor specimen | disease state: HER2-positive | time point: post-treatment | treatment: trastuzumab,,Homo sapiens,GPL18573,RNA-Seq,transcriptomic,True,,True,,,
GEO:GSE161743,GSM4913867,UNRESOLVED,UNRESOLVED,,,,,,UNRESOLVED,NOT_RUN,,123-R,Patient 123,tissue: breast tumor specimen | disease state: HER2-positive | time point: pre-treatment | treatment: n/a,,Homo sapiens,GPL18573,RNA-Seq,transcriptomic,False,,True,,,
GEO:GSE161743,GSM4913868,UNRESOLVED,UNRESOLVED,,,,,,UNRESOLVED,NOT_RUN,,125-O,Patient 125,tissue: breast tumor specimen | disease state: HER2-positive | time point: post-treatment | treatment: trastuzumab + lapatinib,,Homo sapiens,GPL18573,RNA-Seq,transcriptomic,True,,True,,,
GEO:GSE161743,GSM4913869,UNRESOLVED,UNRESOLVED,,,,,,UNRESOLVED,NOT_RUN,,125-R,Patient 125,tissue: breast tumor specimen | disease state: HER2-positive | time point: pre-treatment | treatment: n/a,,Homo sapiens,GPL18573,RNA-Seq,transcriptomic,False,,True,,,
GEO:GSE161743,GSM4913870,UNRESOLVED,UNRESOLVED,,,,,,UNRESOLVED,NOT_RUN,,128-O,Patient 128,tissue: breast tumor specimen | disease state: HER2-positive | time point: post-treatment | treatment: pertuzumab,,Homo sapiens,GPL18573,RNA-Seq,transcriptomic,False,,True,,,
GEO:GSE161743,GSM4913871,UNRESOLVED,UNRESOLVED,,,,,,UNRESOLVED,NOT_RUN,,128-R,Patient 128,tissue: breast tumor specimen | disease state: HER2-positive | time point: pre-treatment | treatment: n/a,,Homo sapiens,GPL18573,RNA-Seq,transcriptomic,False,,True,,,
GEO:GSE161743,GSM4913872,UNRESOLVED,UNRESOLVED,,,,,,UNRESOLVED,NOT_RUN,,124-O,Patient 124,tissue: breast tumor specimen | disease state: HER2-positive | time point: post-treatment | treatment: trastuzumab + lapatinib,,Homo sapiens,GPL18573,RNA-Seq,transcriptomic,True,,True,,,
GEO:GSE161743,GSM4913873,UNRESOLVED,UNRESOLVED,,,,,,UNRESOLVED,NOT_RUN,,131-O,Patient 131,tissue: breast tumor specimen | disease state: HER2-positive | time point: post-treatment | treatment: trastuzumab + lapatinib,,Homo sapiens,GPL18573,RNA-Seq,transcriptomic,True,,True,,,
GEO:GSE161743,GSM4913874,UNRESOLVED,UNRESOLVED,,,,,,UNRESOLVED,NOT_RUN,,133-R,Patient 133,tissue: breast tumor specimen | disease state: HER2-positive | time point: pre-treatment | treatment: n/a,,Homo sapiens,GPL18573,RNA-Seq,transcriptomic,False,,True,,,
GEO:GSE17630,GSM440114,AMBIGUOUS,AMBIGUOUS,,SKBR3,,,,TECHNICAL,NOT_RUN,,T100,SKBR3 resistant to trastuzumab and lapatinib,tissue: breast cancer | cell line: SKBR3_T100 | genome/variation: HER2 overexpressing,technical replicate of SKBR3_DS,Homo sapiens,GPL4133,,,True,,True,,,
GEO:GSE17630,GSM440115,SENSITIVE_OR_PARENTAL,SENSITIVE_OR_PARENTAL,,SKBR3,,,,TECHNICAL,NOT_RUN,,T0,SKBR3 sensitive,tissue: breast cancer | cell line: SKBR3_T0,technical replicate of SKBR3_NORM (dye swapped),Homo sapiens,GPL4133,,,True,,False,,,
GEO:GSE188513,GSM5684378,UNRESOLVED,UNRESOLVED,NA,SKBR3,,,,UNRESOLVED,NOT_RUN,,SKBR3_1,SKBR3,cell line: SKBR3 | cell type: Breast cancer cells | cell type: HER2 positive,ATAC-J9_S12,Homo sapiens,GPL18573,ATAC-seq,genomic,False,SRX13087788,True,,,
GEO:GSE188513,GSM5684379,UNRESOLVED,UNRESOLVED,NA,SKBR3,,,,UNRESOLVED,NOT_RUN,,SKBR3_2,SKBR3,cell line: SKBR3 | cell type: Breast cancer cells | cell type: HER2 positive,ATAC-J10_S2,Homo sapiens,GPL18573,ATAC-seq,genomic,False,SRX13087789,True,,,
GEO:GSE230326,GSM7213900,SENSITIVE_OR_PARENTAL,SENSITIVE_OR_PARENTAL,BT474 parental and BRD8 KO cells were treated with neratinib (200nM) for 4h.,BT474,,,,UNRESOLVED,NOT_RUN,,BT474_DMSO_Rep_1,Cell line,genotype: Parental | treatment: DMSO | cell line: BT474,"BT474 parental and BRD8 KO cells were treated with neratinib (200nM) for 4h, then total RNA was extracted using E.Z.N.A total RNA kit (Omega Bio-tek). RNA sequencing libraries were prepared using the Illumina TruSeq RNA Library Prep Kit v2 following the manufacturer’s instructions. Each library was sequenced in single read mode, 1 × 50 bp, using the HiSeq4000 platform.",Homo sapiens,GPL20301,RNA-Seq,transcriptomic,False,SRX20054010,True,,,
GEO:GSE230326,GSM7213901,SENSITIVE_OR_PARENTAL,SENSITIVE_OR_PARENTAL,BT474 parental and BRD8 KO cells were treated with neratinib (200nM) for 4h.,BT474,,,,UNRESOLVED,NOT_RUN,,BT474_DMSO_Rep_2,Cell line,genotype: Parental | treatment: DMSO | cell line: BT474,"BT474 parental and BRD8 KO cells were treated with neratinib (200nM) for 4h, then total RNA was extracted using E.Z.N.A total RNA kit (Omega Bio-tek). RNA sequencing libraries were prepared using the Illumina TruSeq RNA Library Prep Kit v2 following the manufacturer’s instructions. Each library was sequenced in single read mode, 1 × 50 bp, using the HiSeq4000 platform.",Homo sapiens,GPL20301,RNA-Seq,transcriptomic,False,SRX20054011,True,,,
GEO:GSE230326,GSM7213902,SENSITIVE_OR_PARENTAL,SENSITIVE_OR_PARENTAL,BT474 parental and BRD8 KO cells were treated with neratinib (200nM) for 4h.,BT474,,,,UNRESOLVED,NOT_RUN,,BT474_DMSO_Rep_3,Cell line,genotype: Parental | treatment: DMSO | cell line: BT474,"BT474 parental and BRD8 KO cells were treated with neratinib (200nM) for 4h, then total RNA was extracted using E.Z.N.A total RNA kit (Omega Bio-tek). RNA sequencing libraries were prepared using the Illumina TruSeq RNA Library Prep Kit v2 following the manufacturer’s instructions. Each library was sequenced in single read mode, 1 × 50 bp, using the HiSeq4000 platform.",Homo sapiens,GPL20301,RNA-Seq,transcriptomic,False,SRX20054012,True,,,
GEO:GSE230326,GSM7213903,SENSITIVE_OR_PARENTAL,SENSITIVE_OR_PARENTAL,BT474 parental and BRD8 KO cells were treated with neratinib (200nM) for 4h.,BT474,,,,UNRESOLVED,NOT_RUN,,BT474_KO_DMSO_Rep_1,Cell line,genotype: BRD8 KO | treatment: DMSO | cell line: BT474,"BT474 parental and BRD8 KO cells were treated with neratinib (200nM) for 4h, then total RNA was extracted using E.Z.N.A total RNA kit (Omega Bio-tek). RNA sequencing libraries were prepared using the Illumina TruSeq RNA Library Prep Kit v2 following the manufacturer’s instructions. Each library was sequenced in single read mode, 1 × 50 bp, using the HiSeq4000 platform.",Homo sapiens,GPL20301,RNA-Seq,transcriptomic,False,SRX20054013,True,,,
GEO:GSE230326,GSM7213904,SENSITIVE_OR_PARENTAL,SENSITIVE_OR_PARENTAL,BT474 parental and BRD8 KO cells were treated with neratinib (200nM) for 4h.,BT474,,,,UNRESOLVED,NOT_RUN,,BT474_KO_DMSO_Rep_2,Cell line,genotype: BRD8 KO | treatment: DMSO | cell line: BT474,"BT474 parental and BRD8 KO cells were treated with neratinib (200nM) for 4h, then total RNA was extracted using E.Z.N.A total RNA kit (Omega Bio-tek). RNA sequencing libraries were prepared using the Illumina TruSeq RNA Library Prep Kit v2 following the manufacturer’s instructions. Each library was sequenced in single read mode, 1 × 50 bp, using the HiSeq4000 platform.",Homo sapiens,GPL20301,RNA-Seq,transcriptomic,False,SRX20054014,True,,,
GEO:GSE230326,GSM7213905,SENSITIVE_OR_PARENTAL,SENSITIVE_OR_PARENTAL,BT474 parental and BRD8 KO cells were treated with neratinib (200nM) for 4h.,BT474,,,,UNRESOLVED,NOT_RUN,,BT474_KO_DMSO_Rep_3,Cell line,genotype: BRD8 KO | treatment: DMSO | cell line: BT474,"BT474 parental and BRD8 KO cells were treated with neratinib (200nM) for 4h, then total RNA was extracted using E.Z.N.A total RNA kit (Omega Bio-tek). RNA sequencing libraries were prepared using the Illumina TruSeq RNA Library Prep Kit v2 following the manufacturer’s instructions. Each library was sequenced in single read mode, 1 × 50 bp, using the HiSeq4000 platform.",Homo sapiens,GPL20301,RNA-Seq,transcriptomic,False,SRX20054015,True,,,
GEO:GSE230326,GSM7213906,SENSITIVE_OR_PARENTAL,SENSITIVE_OR_PARENTAL,BT474 parental and BRD8 KO cells were treated with neratinib (200nM) for 4h.,BT474,,,,UNRESOLVED,NOT_RUN,,BT474_Ner_Rep_1,Cell line,genotype: Parental | treatment: neratinib (200nM) for 4h | cell line: BT474,"BT474 parental and BRD8 KO cells were treated with neratinib (200nM) for 4h, then total RNA was extracted using E.Z.N.A total RNA kit (Omega Bio-tek). RNA sequencing libraries were prepared using the Illumina TruSeq RNA Library Prep Kit v2 following the manufacturer’s instructions. Each library was sequenced in single read mode, 1 × 50 bp, using the HiSeq4000 platform.",Homo sapiens,GPL20301,RNA-Seq,transcriptomic,False,SRX20054016,True,,,
GEO:GSE230326,GSM7213907,SENSITIVE_OR_PARENTAL,SENSITIVE_OR_PARENTAL,BT474 parental and BRD8 KO cells were treated with neratinib (200nM) for 4h.,BT474,,,,UNRESOLVED,NOT_RUN,,BT474_Ner_Rep_2,Cell line,genotype: Parental | treatment: neratinib (200nM) for 4h | cell line: BT474,"BT474 parental and BRD8 KO cells were treated with neratinib (200nM) for 4h, then total RNA was extracted using E.Z.N.A total RNA kit (Omega Bio-tek). RNA sequencing libraries were prepared using the Illumina TruSeq RNA Library Prep Kit v2 following the manufacturer’s instructions. Each library was sequenced in single read mode, 1 × 50 bp, using the HiSeq4000 platform.",Homo sapiens,GPL20301,RNA-Seq,transcriptomic,False,SRX20054017,True,,,
GEO:GSE230326,GSM7213908,SENSITIVE_OR_PARENTAL,SENSITIVE_OR_PARENTAL,BT474 parental and BRD8 KO cells were treated with neratinib (200nM) for 4h.,BT474,,,,UNRESOLVED,NOT_RUN,,BT474_Ner_Rep_3,Cell line,genotype: Parental | treatment: neratinib (200nM) for 4h | cell line: BT474,"BT474 parental and BRD8 KO cells were treated with neratinib (200nM) for 4h, then total RNA was extracted using E.Z.N.A total RNA kit (Omega Bio-tek). RNA sequencing libraries were prepared using the Illumina TruSeq RNA Library Prep Kit v2 following the manufacturer’s instructions. Each library was sequenced in single read mode, 1 × 50 bp, using the HiSeq4000 platform.",Homo sapiens,GPL20301,RNA-Seq,transcriptomic,False,SRX20054018,True,,,
GEO:GSE230326,GSM7213909,SENSITIVE_OR_PARENTAL,SENSITIVE_OR_PARENTAL,BT474 parental and BRD8 KO cells were treated with neratinib (200nM) for 4h.,BT474,,,,UNRESOLVED,NOT_RUN,,BT474_KO_Ner_Rep_1,Cell line,genotype: BRD8 KO | treatment: neratinib (200nM) for 4h | cell line: BT474,"BT474 parental and BRD8 KO cells were treated with neratinib (200nM) for 4h, then total RNA was extracted using E.Z.N.A total RNA kit (Omega Bio-tek). RNA sequencing libraries were prepared using the Illumina TruSeq RNA Library Prep Kit v2 following the manufacturer’s instructions. Each library was sequenced in single read mode, 1 × 50 bp, using the HiSeq4000 platform.",Homo sapiens,GPL20301,RNA-Seq,transcriptomic,False,SRX20054019,True,,,
GEO:GSE230326,GSM7213910,SENSITIVE_OR_PARENTAL,SENSITIVE_OR_PARENTAL,BT474 parental and BRD8 KO cells were treated with neratinib (200nM) for 4h.,BT474,,,,UNRESOLVED,NOT_RUN,,BT474_KO_Ner_Rep_2,Cell line,genotype: BRD8 KO | treatment: neratinib (200nM) for 4h | cell line: BT474,"BT474 parental and BRD8 KO cells were treated with neratinib (200nM) for 4h, then total RNA was extracted using E.Z.N.A total RNA kit (Omega Bio-tek). RNA sequencing libraries were prepared using the Illumina TruSeq RNA Library Prep Kit v2 following the manufacturer’s instructions. Each library was sequenced in single read mode, 1 × 50 bp, using the HiSeq4000 platform.",Homo sapiens,GPL20301,RNA-Seq,transcriptomic,False,SRX20054020,True,,,
GEO:GSE230326,GSM7213911,SENSITIVE_OR_PARENTAL,SENSITIVE_OR_PARENTAL,BT474 parental and BRD8 KO cells were treated with neratinib (200nM) for 4h.,BT474,,,,UNRESOLVED,NOT_RUN,,BT474_KO_Ner_Rep_3,Cell line,genotype: BRD8 KO | treatment: neratinib (200nM) for 4h | cell line: BT474,"BT474 parental and BRD8 KO cells were treated with neratinib (200nM) for 4h, then total RNA was extracted using E.Z.N.A total RNA kit (Omega Bio-tek). RNA sequencing libraries were prepared using the Illumina TruSeq RNA Library Prep Kit v2 following the manufacturer’s instructions. Each library was sequenced in single read mode, 1 × 50 bp, using the HiSeq4000 platform.",Homo sapiens,GPL20301,RNA-Seq,transcriptomic,False,SRX20054021,True,,,
GEO:GSE230327,GSM7213912,SENSITIVE_OR_PARENTAL,SENSITIVE_OR_PARENTAL,"BT474 cells were treated with DMSO as control, fulvestrant (100 nM), neratinib (200nM) or both (fulvestrant plus neratinib) for 4h.",BT474,,,,UNRESOLVED,NOT_RUN,,1-D: DMSO treated BT474 cells,Cell line,treatment: DMSO treated | cell line: BT474,"scRNA- seq was performed by the UW- Madison Biotechnology Center Gene Expression Center.  For the single cell preparation, BT474 cells were treated with DMSO as control, fulvestrant (100 nM), neratinib (200nM) or both (fulvestrant plus neratinib) for 4h, then cells were digested with trypsin into single cells and resuspended with buffer 1x PBS (Ca++/Mg++-free) + w/v 0.04% BSA (non-acetylated) + 1U/ml RNase Inhibitor for cell number counting and cell viability measurement using Countess® II Automated Cell Counter. The scRNA-seq libraries were constructed using Chromium Next GEM Single Cell 3’ v3 Reagent Kit according to the manufacturer’s guidelines (10x Genomics). cDNA libraries were uniquely sample indexed and pooled for sequencing. A MiSeq (Illumina) sequencing run was used to sample balance on a NovaSeq SP flowcell (Illumina) using a 28×72bp sequencing reaction targeting 3000 cells per sample with a depth of 60000 reads per cell according to the manufacturer's recommendations (10x Genomics).",Homo sapiens,GPL24676,RNA-Seq,transcriptomic single cell,False,SRX20053930,True,,,
GEO:GSE230327,GSM7213913,SENSITIVE_OR_PARENTAL,SENSITIVE_OR_PARENTAL,"BT474 cells were treated with DMSO as control, fulvestrant (100 nM), neratinib (200nM) or both (fulvestrant plus neratinib) for 4h.",BT474,,,,UNRESOLVED,NOT_RUN,,2-F: Fulvestrant treated BT474 cells,Cell line,treatment: Fulvestrant treated | cell line: BT474,"scRNA- seq was performed by the UW- Madison Biotechnology Center Gene Expression Center.  For the single cell preparation, BT474 cells were treated with DMSO as control, fulvestrant (100 nM), neratinib (200nM) or both (fulvestrant plus neratinib) for 4h, then cells were digested with trypsin into single cells and resuspended with buffer 1x PBS (Ca++/Mg++-free) + w/v 0.04% BSA (non-acetylated) + 1U/ml RNase Inhibitor for cell number counting and cell viability measurement using Countess® II Automated Cell Counter. The scRNA-seq libraries were constructed using Chromium Next GEM Single Cell 3’ v3 Reagent Kit according to the manufacturer’s guidelines (10x Genomics). cDNA libraries were uniquely sample indexed and pooled for sequencing. A MiSeq (Illumina) sequencing run was used to sample balance on a NovaSeq SP flowcell (Illumina) using a 28×72bp sequencing reaction targeting 3000 cells per sample with a depth of 60000 reads per cell according to the manufacturer's recommendations (10x Genomics).",Homo sapiens,GPL24676,RNA-Seq,transcriptomic single cell,False,SRX20053931,True,,,
GEO:GSE230327,GSM7213914,SENSITIVE_OR_PARENTAL,SENSITIVE_OR_PARENTAL,"BT474 cells were treated with DMSO as control, fulvestrant (100 nM), neratinib (200nM) or both (fulvestrant plus neratinib) for 4h.",BT474,,,,UNRESOLVED,NOT_RUN,,3-N: Neratinib treated BT474 cells,Cell line,treatment: Neratinib treated | cell line: BT474,"scRNA- seq was performed by the UW- Madison Biotechnology Center Gene Expression Center.  For the single cell preparation, BT474 cells were treated with DMSO as control, fulvestrant (100 nM), neratinib (200nM) or both (fulvestrant plus neratinib) for 4h, then cells were digested with trypsin into single cells and resuspended with buffer 1x PBS (Ca++/Mg++-free) + w/v 0.04% BSA (non-acetylated) + 1U/ml RNase Inhibitor for cell number counting and cell viability measurement using Countess® II Automated Cell Counter. The scRNA-seq libraries were constructed using Chromium Next GEM Single Cell 3’ v3 Reagent Kit according to the manufacturer’s guidelines (10x Genomics). cDNA libraries were uniquely sample indexed and pooled for sequencing. A MiSeq (Illumina) sequencing run was used to sample balance on a NovaSeq SP flowcell (Illumina) using a 28×72bp sequencing reaction targeting 3000 cells per sample with a depth of 60000 reads per cell according to the manufacturer's recommendations (10x Genomics).",Homo sapiens,GPL24676,RNA-Seq,transcriptomic single cell,False,SRX20053932,True,,,
GEO:GSE230327,GSM7213915,SENSITIVE_OR_PARENTAL,SENSITIVE_OR_PARENTAL,"BT474 cells were treated with DMSO as control, fulvestrant (100 nM), neratinib (200nM) or both (fulvestrant plus neratinib) for 4h.",BT474,,,,UNRESOLVED,NOT_RUN,,4-F-N: Fulvestrant + neratinib treated BT474 cells,Cell line,treatment: Fulvestrant + neratinib treated | cell line: BT474,"scRNA- seq was performed by the UW- Madison Biotechnology Center Gene Expression Center.  For the single cell preparation, BT474 cells were treated with DMSO as control, fulvestrant (100 nM), neratinib (200nM) or both (fulvestrant plus neratinib) for 4h, then cells were digested with trypsin into single cells and resuspended with buffer 1x PBS (Ca++/Mg++-free) + w/v 0.04% BSA (non-acetylated) + 1U/ml RNase Inhibitor for cell number counting and cell viability measurement using Countess® II Automated Cell Counter. The scRNA-seq libraries were constructed using Chromium Next GEM Single Cell 3’ v3 Reagent Kit according to the manufacturer’s guidelines (10x Genomics). cDNA libraries were uniquely sample indexed and pooled for sequencing. A MiSeq (Illumina) sequencing run was used to sample balance on a NovaSeq SP flowcell (Illumina) using a 28×72bp sequencing reaction targeting 3000 cells per sample with a depth of 60000 reads per cell according to the manufacturer's recommendations (10x Genomics).",Homo sapiens,GPL24676,RNA-Seq,transcriptomic single cell,False,SRX20053933,True,,,
GEO:GSE237605,GSM7634668,SENSITIVE_OR_PARENTAL,SENSITIVE_OR_PARENTAL,,BT474,,,1,UNRESOLVED,NOT_RUN,,"S0_Baseline, 0hr, ATAC-Seq, rep1",BT474,cell line: BT474 | cell type: Breast cancer epithelial cells | time: 0 hr,COHP_43564,Homo sapiens,GPL24676,ATAC-seq,genomic,False,SRX21051906,True,HIGH,IDENTITY_FIELD |  | paired_parental_alias:bt474,
GEO:GSE237605,GSM7634669,SENSITIVE_OR_PARENTAL,SENSITIVE_OR_PARENTAL,,BT474,,,2,UNRESOLVED,NOT_RUN,,"S0_Baseline, 0hr, ATAC-Seq, rep2",BT474,cell line: BT474 | cell type: Breast cancer epithelial cells | time: 0 hr,COHP_43565,Homo sapiens,GPL24676,ATAC-seq,genomic,False,SRX21051907,True,HIGH,IDENTITY_FIELD |  | paired_parental_alias:bt474,
GEO:GSE237605,GSM7634670,SENSITIVE_OR_PARENTAL,SENSITIVE_OR_PARENTAL,,BT474,,,1,UNRESOLVED,NOT_RUN,,"S1_Con, 1 hr, ATAC-Seq, rep 1",BT474,cell line: BT474 | cell type: Breast cancer epithelial cells | time: 1 hr,COHP_43566,Homo sapiens,GPL24676,ATAC-seq,genomic,False,SRX21051908,True,HIGH,IDENTITY_FIELD |  | paired_parental_alias:bt474,
GEO:GSE237605,GSM7634671,SENSITIVE_OR_PARENTAL,SENSITIVE_OR_PARENTAL,,BT474,,,2,UNRESOLVED,NOT_RUN,,"S1_Con, 1 hr, ATAC-Seq, rep 2",BT474,cell line: BT474 | cell type: Breast cancer epithelial cells | time: 1 hr,COHP_43567,Homo sapiens,GPL24676,ATAC-seq,genomic,False,SRX21051909,True,HIGH,IDENTITY_FIELD |  | paired_parental_alias:bt474,
GEO:GSE237605,GSM7634672,SENSITIVE_OR_PARENTAL,SENSITIVE_OR_PARENTAL,,BT474,,,1,UNRESOLVED,NOT_RUN,,"S1_HRG, 1 hr, ATAC-Seq, rep 1",BT474,cell line: BT474 | cell type: Breast cancer epithelial cells | time: 1 hr,COHP_43568,Homo sapiens,GPL24676,ATAC-seq,genomic,False,SRX21051910,True,HIGH,IDENTITY_FIELD |  | paired_parental_alias:bt474,
GEO:GSE237605,GSM7634673,SENSITIVE_OR_PARENTAL,SENSITIVE_OR_PARENTAL,,BT474,,,2,UNRESOLVED,NOT_RUN,,"S1_HRG, 1 hr, ATAC-Seq, rep 2",BT474,cell line: BT474 | cell type: Breast cancer epithelial cells | time: 1 hr,COHP_43569,Homo sapiens,GPL24676,ATAC-seq,genomic,False,SRX21051911,True,HIGH,IDENTITY_FIELD |  | paired_parental_alias:bt474,
GEO:GSE237605,GSM7634674,SENSITIVE_OR_PARENTAL,SENSITIVE_OR_PARENTAL,,BT474,,,1,UNRESOLVED,NOT_RUN,,"S1_EGF, 1 hr, ATAC-Seq, rep 1",BT474,cell line: BT474 | cell type: Breast cancer epithelial cells | time: 1 hr,COHP_43570,Homo sapiens,GPL24676,ATAC-seq,genomic,False,SRX21051912,True,HIGH,IDENTITY_FIELD |  | paired_parental_alias:bt474,
GEO:GSE237605,GSM7634675,SENSITIVE_OR_PARENTAL,SENSITIVE_OR_PARENTAL,,BT474,,,2,UNRESOLVED,NOT_RUN,,"S1_EGF, 1 hr, ATAC-Seq, rep 2",BT474,cell line: BT474 | cell type: Breast cancer epithelial cells | time: 1 hr,COHP_43571,Homo sapiens,GPL24676,ATAC-seq,genomic,False,SRX21051913,True,HIGH,IDENTITY_FIELD |  | paired_parental_alias:bt474,
GEO:GSE237605,GSM7634676,SENSITIVE_OR_PARENTAL,SENSITIVE_OR_PARENTAL,,BT474,,,1,UNRESOLVED,NOT_RUN,,"S12_Con, 12 hr, ATAC-Seq, rep 1",BT474,cell line: BT474 | cell type: Breast cancer epithelial cells | time: 12 hr,COHP_43576,Homo sapiens,GPL24676,ATAC-seq,genomic,False,SRX21051914,True,HIGH,IDENTITY_FIELD |  | paired_parental_alias:bt474,
GEO:GSE237605,GSM7634677,SENSITIVE_OR_PARENTAL,SENSITIVE_OR_PARENTAL,,BT474,,,2,UNRESOLVED,NOT_RUN,,"S12_Con, 12 hr, ATAC-Seq, rep 2",BT474,cell line: BT474 | cell type: Breast cancer epithelial cells | time: 12 hr,COHP_43577,Homo sapiens,GPL24676,ATAC-seq,genomic,False,SRX21051915,True,HIGH,IDENTITY_FIELD |  | paired_parental_alias:bt474,
GEO:GSE237605,GSM7634678,SENSITIVE_OR_PARENTAL,SENSITIVE_OR_PARENTAL,,BT474,,,1,UNRESOLVED,NOT_RUN,,"S12_HRG, 12 hr, ATAC-Seq, rep 1",BT474,cell line: BT474 | cell type: Breast cancer epithelial cells | time: 12 hr,COHP_43578,Homo sapiens,GPL24676,ATAC-seq,genomic,False,SRX21051916,True,HIGH,IDENTITY_FIELD |  | paired_parental_alias:bt474,
GEO:GSE237605,GSM7634679,SENSITIVE_OR_PARENTAL,SENSITIVE_OR_PARENTAL,,BT474,,,2,UNRESOLVED,NOT_RUN,,"S12_HRG, 12 hr, ATAC-Seq, rep 2",BT474,cell line: BT474 | cell type: Breast cancer epithelial cells | time: 12 hr,COHP_43579,Homo sapiens,GPL24676,ATAC-seq,genomic,False,SRX21051917,True,HIGH,IDENTITY_FIELD |  | paired_parental_alias:bt474,
GEO:GSE237605,GSM7634680,SENSITIVE_OR_PARENTAL,SENSITIVE_OR_PARENTAL,,BT474,,,1,UNRESOLVED,NOT_RUN,,"S12_EGF, 12 hr, ATAC-Seq, rep 1",BT474,cell line: BT474 | cell type: Breast cancer epithelial cells | time: 12 hr,COHP_43580,Homo sapiens,GPL24676,ATAC-seq,genomic,False,SRX21051919,True,HIGH,IDENTITY_FIELD |  | paired_parental_alias:bt474,
GEO:GSE237605,GSM7634681,SENSITIVE_OR_PARENTAL,SENSITIVE_OR_PARENTAL,,BT474,,,2,UNRESOLVED,NOT_RUN,,"S12_EGF, 12 hr, ATAC-Seq, rep 2",BT474,cell line: BT474 | cell type: Breast cancer epithelial cells | time: 12 hr,COHP_43581,Homo sapiens,GPL24676,ATAC-seq,genomic,False,SRX21051918,True,HIGH,IDENTITY_FIELD |  | paired_parental_alias:bt474,
GEO:GSE237605,GSM7634682,SENSITIVE_OR_PARENTAL,SENSITIVE_OR_PARENTAL,,BT474,,,1,UNRESOLVED,NOT_RUN,,"S24_Con, 24 hr, ATAC-Seq, rep 1",BT474,cell line: BT474 | cell type: Breast cancer epithelial cells | time: 24 hr,COHP_43586,Homo sapiens,GPL24676,ATAC-seq,genomic,False,SRX21051924,True,HIGH,IDENTITY_FIELD |  | paired_parental_alias:bt474,
GEO:GSE237605,GSM7634683,SENSITIVE_OR_PARENTAL,SENSITIVE_OR_PARENTAL,,BT474,,,2,UNRESOLVED,NOT_RUN,,"S24_Con, 24 hr, ATAC-Seq, rep 2",BT474,cell line: BT474 | cell type: Breast cancer epithelial cells | time: 24 hr,COHP_43587,Homo sapiens,GPL24676,ATAC-seq,genomic,False,SRX21051922,True,HIGH,IDENTITY_FIELD |  | paired_parental_alias:bt474,
GEO:GSE237605,GSM7634684,SENSITIVE_OR_PARENTAL,SENSITIVE_OR_PARENTAL,,BT474,,,1,UNRESOLVED,NOT_RUN,,"S24_HRG, 24 hr, ATAC-Seq, rep 1",BT474,cell line: BT474 | cell type: Breast cancer epithelial cells | time: 24 hr,COHP_43588,Homo sapiens,GPL24676,ATAC-seq,genomic,False,SRX21051923,True,HIGH,IDENTITY_FIELD |  | paired_parental_alias:bt474,
GEO:GSE237605,GSM7634685,SENSITIVE_OR_PARENTAL,SENSITIVE_OR_PARENTAL,,BT474,,,2,UNRESOLVED,NOT_RUN,,"S24_HRG, 24 hr, ATAC-Seq, rep 2",BT474,cell line: BT474 | cell type: Breast cancer epithelial cells | time: 24 hr,COHP_43589,Homo sapiens,GPL24676,ATAC-seq,genomic,False,SRX21051920,True,HIGH,IDENTITY_FIELD |  | paired_parental_alias:bt474,
GEO:GSE237605,GSM7634686,SENSITIVE_OR_PARENTAL,SENSITIVE_OR_PARENTAL,,BT474,,,1,UNRESOLVED,NOT_RUN,,"S24_EGF, 24 hr, ATAC-Seq, rep 1",BT474,cell line: BT474 | cell type: Breast cancer epithelial cells | time: 24 hr,COHP_43590,Homo sapiens,GPL24676,ATAC-seq,genomic,False,SRX21051925,True,HIGH,IDENTITY_FIELD |  | paired_parental_alias:bt474,
GEO:GSE237605,GSM7634687,SENSITIVE_OR_PARENTAL,SENSITIVE_OR_PARENTAL,,BT474,,,2,UNRESOLVED,NOT_RUN,,"S24_EGF, 24 hr, ATAC-Seq, rep 2",BT474,cell line: BT474 | cell type: Breast cancer epithelial cells | time: 24 hr,COHP_43591,Homo sapiens,GPL24676,ATAC-seq,genomic,False,SRX21051926,True,HIGH,IDENTITY_FIELD |  | paired_parental_alias:bt474,
GEO:GSE237605,GSM7634688,RESISTANT,RESISTANT,,BT474,,,1,UNRESOLVED,NOT_RUN,,"R0_baseline, 0 hr, ATAC-Seq, rep 1",BT474R,cell line: BT474R | cell type: Breast cancer epithelial cells | time: 0 hr,COHP_43596,Homo sapiens,GPL24676,ATAC-seq,genomic,False,SRX21051927,True,HIGH,IDENTITY_FIELD | resistant_alias:bt474r,
GEO:GSE237605,GSM7634689,RESISTANT,RESISTANT,,BT474,,,2,UNRESOLVED,NOT_RUN,,"R0_baseline, 0 hr, ATAC-Seq, rep 2",BT474R,cell line: BT474R | cell type: Breast cancer epithelial cells | time: 0 hr,COHP_43597,Homo sapiens,GPL24676,ATAC-seq,genomic,False,SRX21051928,True,HIGH,IDENTITY_FIELD | resistant_alias:bt474r,
GEO:GSE237605,GSM7634690,RESISTANT,RESISTANT,,BT474,,,1,UNRESOLVED,NOT_RUN,,"R1_Con, 1 hr, ATAC-Seq, rep 1",BT474R,cell line: BT474R | cell type: Breast cancer epithelial cells | time: 1 hr,COHP_43598,Homo sapiens,GPL24676,ATAC-seq,genomic,False,SRX21051929,True,HIGH,IDENTITY_FIELD | resistant_alias:bt474r,
GEO:GSE237605,GSM7634691,RESISTANT,RESISTANT,,BT474,,,2,UNRESOLVED,NOT_RUN,,"R1_Con, 1 hr, ATAC-Seq, rep 2",BT474R,cell line: BT474R | cell type: Breast cancer epithelial cells | time: 1 hr,COHP_43599,Homo sapiens,GPL24676,ATAC-seq,genomic,False,SRX21051930,True,HIGH,IDENTITY_FIELD | resistant_alias:bt474r,
GEO:GSE237605,GSM7634692,RESISTANT,RESISTANT,,BT474,,,1,UNRESOLVED,NOT_RUN,,"R1_HRG, 1 hr, ATAC-Seq, rep 1",BT474R,cell line: BT474R | cell type: Breast cancer epithelial cells | time: 1 hr,COHP_43600,Homo sapiens,GPL24676,ATAC-seq,genomic,False,SRX21051931,True,HIGH,IDENTITY_FIELD | resistant_alias:bt474r,
GEO:GSE237605,GSM7634693,RESISTANT,RESISTANT,,BT474,,,2,UNRESOLVED,NOT_RUN,,"R1_HRG, 1 hr, ATAC-Seq, rep 2",BT474R,cell line: BT474R | cell type: Breast cancer epithelial cells | time: 1 hr,COHP_43601,Homo sapiens,GPL24676,ATAC-seq,genomic,False,SRX21051938,True,HIGH,IDENTITY_FIELD | resistant_alias:bt474r,
GEO:GSE237605,GSM7634694,RESISTANT,RESISTANT,,BT474,,,1,UNRESOLVED,NOT_RUN,,"R1_EGF, 1 hr, ATAC-Seq, rep 1",BT474R,cell line: BT474R | cell type: Breast cancer epithelial cells | time: 1 hr,COHP_43602,Homo sapiens,GPL24676,ATAC-seq,genomic,False,SRX21051932,True,HIGH,IDENTITY_FIELD | resistant_alias:bt474r,
GEO:GSE237605,GSM7634695,RESISTANT,RESISTANT,,BT474,,,2,UNRESOLVED,NOT_RUN,,"R1_EGF, 1 hr, ATAC-Seq, rep 2",BT474R,cell line: BT474R | cell type: Breast cancer epithelial cells | time: 1 hr,COHP_43603,Homo sapiens,GPL24676,ATAC-seq,genomic,False,SRX21051933,True,HIGH,IDENTITY_FIELD | resistant_alias:bt474r,
GEO:GSE237605,GSM7634696,RESISTANT,RESISTANT,,BT474,,,1,UNRESOLVED,NOT_RUN,,"R12_Con, 12 hr, ATAC-Seq, rep 1",BT474R,cell line: BT474R | cell type: Breast cancer epithelial cells | time: 12 hr,COHP_43608,Homo sapiens,GPL24676,ATAC-seq,genomic,False,SRX21051934,True,HIGH,IDENTITY_FIELD | resistant_alias:bt474r,
GEO:GSE237605,GSM7634697,RESISTANT,RESISTANT,,BT474,,,2,UNRESOLVED,NOT_RUN,,"R12_Con, 12 hr, ATAC-Seq, rep 2",BT474R,cell line: BT474R | cell type: Breast cancer epithelial cells | time: 12 hr,COHP_43609,Homo sapiens,GPL24676,ATAC-seq,genomic,False,SRX21051935,True,HIGH,IDENTITY_FIELD | resistant_alias:bt474r,
GEO:GSE237605,GSM7634698,RESISTANT,RESISTANT,,BT474,,,1,UNRESOLVED,NOT_RUN,,"R12_HRG, 12 hr, ATAC-Seq, rep 1",BT474R,cell line: BT474R | cell type: Breast cancer epithelial cells | time: 12 hr,COHP_43610,Homo sapiens,GPL24676,ATAC-seq,genomic,False,SRX21051937,True,HIGH,IDENTITY_FIELD | resistant_alias:bt474r,
GEO:GSE237605,GSM7634699,RESISTANT,RESISTANT,,BT474,,,2,UNRESOLVED,NOT_RUN,,"R12_HRG, 12 hr, ATAC-Seq, rep 2",BT474R,cell line: BT474R | cell type: Breast cancer epithelial cells | time: 12 hr,COHP_43611,Homo sapiens,GPL24676,ATAC-seq,genomic,False,SRX21051942,True,HIGH,IDENTITY_FIELD | resistant_alias:bt474r,
GEO:GSE237605,GSM7634700,RESISTANT,RESISTANT,,BT474,,,1,UNRESOLVED,NOT_RUN,,"R12_EGF, 12 hr, ATAC-Seq, rep 1",BT474R,cell line: BT474R | cell type: Breast cancer epithelial cells | time: 12 hr,COHP_43612,Homo sapiens,GPL24676,ATAC-seq,genomic,False,SRX21051944,True,HIGH,IDENTITY_FIELD | resistant_alias:bt474r,
GEO:GSE237605,GSM7634701,RESISTANT,RESISTANT,,BT474,,,2,UNRESOLVED,NOT_RUN,,"R12_EGF, 12 hr, ATAC-Seq, rep 2",BT474R,cell line: BT474R | cell type: Breast cancer epithelial cells | time: 12 hr,COHP_43613,Homo sapiens,GPL24676,ATAC-seq,genomic,False,SRX21051939,True,HIGH,IDENTITY_FIELD | resistant_alias:bt474r,
GEO:GSE237605,GSM7634702,RESISTANT,RESISTANT,,BT474,,,1,UNRESOLVED,NOT_RUN,,"R24_Con, 24 hr, ATAC-Seq, rep 1",BT474R,cell line: BT474R | cell type: Breast cancer epithelial cells | time: 24 hr,COHP_43618,Homo sapiens,GPL24676,ATAC-seq,genomic,False,SRX21051940,True,HIGH,IDENTITY_FIELD | resistant_alias:bt474r,
GEO:GSE237605,GSM7634703,RESISTANT,RESISTANT,,BT474,,,2,UNRESOLVED,NOT_RUN,,"R24_Con, 24 hr, ATAC-Seq, rep 2",BT474R,cell line: BT474R | cell type: Breast cancer epithelial cells | time: 24 hr,COHP_43619,Homo sapiens,GPL24676,ATAC-seq,genomic,False,SRX21051943,True,HIGH,IDENTITY_FIELD | resistant_alias:bt474r,
GEO:GSE237605,GSM7634704,RESISTANT,RESISTANT,,BT474,,,1,UNRESOLVED,NOT_RUN,,"R24_HRG, 24 hr, ATAC-Seq, rep 1",BT474R,cell line: BT474R | cell type: Breast cancer epithelial cells | time: 24 hr,COHP_43620,Homo sapiens,GPL24676,ATAC-seq,genomic,False,SRX21051936,True,HIGH,IDENTITY_FIELD | resistant_alias:bt474r,
GEO:GSE237605,GSM7634705,RESISTANT,RESISTANT,,BT474,,,2,UNRESOLVED,NOT_RUN,,"R24_HRG, 24 hr, ATAC-Seq, rep 2",BT474R,cell line: BT474R | cell type: Breast cancer epithelial cells | time: 24 hr,COHP_43621,Homo sapiens,GPL24676,ATAC-seq,genomic,False,SRX21051941,True,HIGH,IDENTITY_FIELD | resistant_alias:bt474r,
GEO:GSE237605,GSM7634706,RESISTANT,RESISTANT,,BT474,,,1,UNRESOLVED,NOT_RUN,,"R24_EGF, 24 hr, ATAC-Seq, rep 1",BT474R,cell line: BT474R | cell type: Breast cancer epithelial cells | time: 24 hr,COHP_43622,Homo sapiens,GPL24676,ATAC-seq,genomic,False,SRX21051921,True,HIGH,IDENTITY_FIELD | resistant_alias:bt474r,
GEO:GSE237605,GSM7634707,RESISTANT,RESISTANT,,BT474,,,2,UNRESOLVED,NOT_RUN,,"R24_EGF, 24 hr, ATAC-Seq, rep 2",BT474R,cell line: BT474R | cell type: Breast cancer epithelial cells | time: 24 hr,COHP_43623,Homo sapiens,GPL24676,ATAC-seq,genomic,False,SRX21051945,True,HIGH,IDENTITY_FIELD | resistant_alias:bt474r,
GEO:GSE237606,GSM7634708,SENSITIVE_OR_PARENTAL,SENSITIVE_OR_PARENTAL,,BT474,,,1,UNRESOLVED,NOT_RUN,,"S0_Baseline, 0 hr. RNA-Seq, rep 1",BT474,cell line: BT474 | cell type: Breast cancer epithelial cells | time: 0 hr,COHP_45251,Homo sapiens,GPL24676,RNA-Seq,transcriptomic,False,SRX21051958,True,HIGH,IDENTITY_FIELD |  | paired_parental_alias:bt474,
GEO:GSE237606,GSM7634709,SENSITIVE_OR_PARENTAL,SENSITIVE_OR_PARENTAL,,BT474,,,2,UNRESOLVED,NOT_RUN,,"S0_Baseline, 0 hr. RNA-Seq, rep 2",BT474,cell line: BT474 | cell type: Breast cancer epithelial cells | time: 0 hr,COHP_45252,Homo sapiens,GPL24676,RNA-Seq,transcriptomic,False,SRX21051959,True,HIGH,IDENTITY_FIELD |  | paired_parental_alias:bt474,
GEO:GSE237606,GSM7634710,SENSITIVE_OR_PARENTAL,SENSITIVE_OR_PARENTAL,,BT474,,,1,UNRESOLVED,NOT_RUN,,"S1_Con, 1 hr. RNA-Seq, rep 1",BT474,cell line: BT474 | cell type: Breast cancer epithelial cells | time: 1 hr,COHP_45253,Homo sapiens,GPL24676,RNA-Seq,transcriptomic,False,SRX21051969,True,HIGH,IDENTITY_FIELD |  | paired_parental_alias:bt474,
GEO:GSE237606,GSM7634711,SENSITIVE_OR_PARENTAL,SENSITIVE_OR_PARENTAL,,BT474,,,2,UNRESOLVED,NOT_RUN,,"S1_Con, 1 hr. RNA-Seq, rep 2",BT474,cell line: BT474 | cell type: Breast cancer epithelial cells | time: 1 hr,COHP_45254,Homo sapiens,GPL24676,RNA-Seq,transcriptomic,False,SRX21051968,True,HIGH,IDENTITY_FIELD |  | paired_parental_alias:bt474,
GEO:GSE237606,GSM7634712,SENSITIVE_OR_PARENTAL,SENSITIVE_OR_PARENTAL,,BT474,,,1,UNRESOLVED,NOT_RUN,,"S1_HRG, 1 hr. RNA-Seq, rep 1",BT474,cell line: BT474 | cell type: Breast cancer epithelial cells | time: 1 hr,COHP_45255,Homo sapiens,GPL24676,RNA-Seq,transcriptomic,False,SRX21051967,True,HIGH,IDENTITY_FIELD |  | paired_parental_alias:bt474,
GEO:GSE237606,GSM7634713,SENSITIVE_OR_PARENTAL,SENSITIVE_OR_PARENTAL,,BT474,,,2,UNRESOLVED,NOT_RUN,,"S1_HRG, 1 hr. RNA-Seq, rep 2",BT474,cell line: BT474 | cell type: Breast cancer epithelial cells | time: 1 hr,COHP_45256,Homo sapiens,GPL24676,RNA-Seq,transcriptomic,False,SRX21051966,True,HIGH,IDENTITY_FIELD |  | paired_parental_alias:bt474,
GEO:GSE237606,GSM7634714,SENSITIVE_OR_PARENTAL,SENSITIVE_OR_PARENTAL,,BT474,,,1,UNRESOLVED,NOT_RUN,,"S1_EGF, 1 hr. RNA-Seq, rep 1",BT474,cell line: BT474 | cell type: Breast cancer epithelial cells | time: 1 hr,COHP_45257,Homo sapiens,GPL24676,RNA-Seq,transcriptomic,False,SRX21051965,True,HIGH,IDENTITY_FIELD |  | paired_parental_alias:bt474,
GEO:GSE237606,GSM7634715,SENSITIVE_OR_PARENTAL,SENSITIVE_OR_PARENTAL,,BT474,,,2,UNRESOLVED,NOT_RUN,,"S1_EGF, 1 hr. RNA-Seq, rep 2",BT474,cell line: BT474 | cell type: Breast cancer epithelial cells | time: 1 hr,COHP_45258,Homo sapiens,GPL24676,RNA-Seq,transcriptomic,False,SRX21051964,True,HIGH,IDENTITY_FIELD |  | paired_parental_alias:bt474,
GEO:GSE237606,GSM7634716,SENSITIVE_OR_PARENTAL,SENSITIVE_OR_PARENTAL,,BT474,,,1,UNRESOLVED,NOT_RUN,,"S12_Con, 12 hr. RNA-Seq, rep 1",BT474,cell line: BT474 | cell type: Breast cancer epithelial cells | time: 12 hr,COHP_45263,Homo sapiens,GPL24676,RNA-Seq,transcriptomic,False,SRX21051963,True,HIGH,IDENTITY_FIELD |  | paired_parental_alias:bt474,
GEO:GSE237606,GSM7634717,SENSITIVE_OR_PARENTAL,SENSITIVE_OR_PARENTAL,,BT474,,,2,UNRESOLVED,NOT_RUN,,"S12_Con, 12 hr. RNA-Seq, rep 2",BT474,cell line: BT474 | cell type: Breast cancer epithelial cells | time: 12 hr,COHP_45264,Homo sapiens,GPL24676,RNA-Seq,transcriptomic,False,SRX21051962,True,HIGH,IDENTITY_FIELD |  | paired_parental_alias:bt474,
GEO:GSE237606,GSM7634718,SENSITIVE_OR_PARENTAL,SENSITIVE_OR_PARENTAL,,BT474,,,1,UNRESOLVED,NOT_RUN,,"S12_HRG, 12 hr. RNA-Seq, rep 1",BT474,cell line: BT474 | cell type: Breast cancer epithelial cells | time: 12 hr,COHP_45265,Homo sapiens,GPL24676,RNA-Seq,transcriptomic,False,SRX21051961,True,HIGH,IDENTITY_FIELD |  | paired_parental_alias:bt474,
GEO:GSE237606,GSM7634719,SENSITIVE_OR_PARENTAL,SENSITIVE_OR_PARENTAL,,BT474,,,2,UNRESOLVED,NOT_RUN,,"S12_HRG, 12 hr. RNA-Seq, rep 2",BT474,cell line: BT474 | cell type: Breast cancer epithelial cells | time: 12 hr,COHP_45266,Homo sapiens,GPL24676,RNA-Seq,transcriptomic,False,SRX21051960,True,HIGH,IDENTITY_FIELD |  | paired_parental_alias:bt474,
GEO:GSE237606,GSM7634720,SENSITIVE_OR_PARENTAL,SENSITIVE_OR_PARENTAL,,BT474,,,1,UNRESOLVED,NOT_RUN,,"S12_EGF, 12 hr. RNA-Seq, rep 1",BT474,cell line: BT474 | cell type: Breast cancer epithelial cells | time: 12 hr,COHP_45267,Homo sapiens,GPL24676,RNA-Seq,transcriptomic,False,SRX21051973,True,HIGH,IDENTITY_FIELD |  | paired_parental_alias:bt474,
GEO:GSE237606,GSM7634721,SENSITIVE_OR_PARENTAL,SENSITIVE_OR_PARENTAL,,BT474,,,2,UNRESOLVED,NOT_RUN,,"S12_EGF, 12 hr. RNA-Seq, rep 2",BT474,cell line: BT474 | cell type: Breast cancer epithelial cells | time: 12 hr,COHP_45268,Homo sapiens,GPL24676,RNA-Seq,transcriptomic,False,SRX21051972,True,HIGH,IDENTITY_FIELD |  | paired_parental_alias:bt474,
GEO:GSE237606,GSM7634722,SENSITIVE_OR_PARENTAL,SENSITIVE_OR_PARENTAL,,BT474,,,1,UNRESOLVED,NOT_RUN,,"S24_Con, 24 hr. RNA-Seq, rep 1",BT474,cell line: BT474 | cell type: Breast cancer epithelial cells | time: 24 hr,COHP_45273,Homo sapiens,GPL24676,RNA-Seq,transcriptomic,False,SRX21051971,True,HIGH,IDENTITY_FIELD |  | paired_parental_alias:bt474,
GEO:GSE237606,GSM7634723,SENSITIVE_OR_PARENTAL,SENSITIVE_OR_PARENTAL,,BT474,,,2,UNRESOLVED,NOT_RUN,,"S24_Con, 24 hr. RNA-Seq, rep 2",BT474,cell line: BT474 | cell type: Breast cancer epithelial cells | time: 24 hr,COHP_45274,Homo sapiens,GPL24676,RNA-Seq,transcriptomic,False,SRX21051970,True,HIGH,IDENTITY_FIELD |  | paired_parental_alias:bt474,
GEO:GSE237606,GSM7634724,SENSITIVE_OR_PARENTAL,SENSITIVE_OR_PARENTAL,,BT474,,,1,UNRESOLVED,NOT_RUN,,"S24_HRG, 24 hr. RNA-Seq, rep 1",BT474,cell line: BT474 | cell type: Breast cancer epithelial cells | time: 24 hr,COHP_45275,Homo sapiens,GPL24676,RNA-Seq,transcriptomic,False,SRX21051982,True,HIGH,IDENTITY_FIELD |  | paired_parental_alias:bt474,
GEO:GSE237606,GSM7634725,SENSITIVE_OR_PARENTAL,SENSITIVE_OR_PARENTAL,,BT474,,,2,UNRESOLVED,NOT_RUN,,"S24_HRG, 24 hr. RNA-Seq, rep 2",BT474,cell line: BT474 | cell type: Breast cancer epithelial cells | time: 24 hr,COHP_45276,Homo sapiens,GPL24676,RNA-Seq,transcriptomic,False,SRX21051983,True,HIGH,IDENTITY_FIELD |  | paired_parental_alias:bt474,
GEO:GSE237606,GSM7634726,SENSITIVE_OR_PARENTAL,SENSITIVE_OR_PARENTAL,,BT474,,,1,UNRESOLVED,NOT_RUN,,"S24_EGF, 24 hr. RNA-Seq, rep 1",BT474,cell line: BT474 | cell type: Breast cancer epithelial cells | time: 24 hr,COHP_45277,Homo sapiens,GPL24676,RNA-Seq,transcriptomic,False,SRX21051984,True,HIGH,IDENTITY_FIELD |  | paired_parental_alias:bt474,
GEO:GSE237606,GSM7634727,SENSITIVE_OR_PARENTAL,SENSITIVE_OR_PARENTAL,,BT474,,,2,UNRESOLVED,NOT_RUN,,"S24_EGF, 24 hr. RNA-Seq, rep 2",BT474,cell line: BT474 | cell type: Breast cancer epithelial cells | time: 24 hr,COHP_45278,Homo sapiens,GPL24676,RNA-Seq,transcriptomic,False,SRX21051985,True,HIGH,IDENTITY_FIELD |  | paired_parental_alias:bt474,
GEO:GSE237606,GSM7634728,RESISTANT,RESISTANT,,BT474,,,1,UNRESOLVED,NOT_RUN,,"R0_baseline, 0 hr. RNA-Seq, rep 1",BT474R,cell line: BT474R | cell type: Breast cancer epithelial cells | time: 0 hr,COHP_45283,Homo sapiens,GPL24676,RNA-Seq,transcriptomic,False,SRX21051986,True,HIGH,IDENTITY_FIELD | resistant_alias:bt474r,
GEO:GSE237606,GSM7634729,RESISTANT,RESISTANT,,BT474,,,2,UNRESOLVED,NOT_RUN,,"R0_baseline, 0 hr. RNA-Seq, rep 2",BT474R,cell line: BT474R | cell type: Breast cancer epithelial cells | time: 0 hr,COHP_45284,Homo sapiens,GPL24676,RNA-Seq,transcriptomic,False,SRX21051987,True,HIGH,IDENTITY_FIELD | resistant_alias:bt474r,
GEO:GSE237606,GSM7634730,RESISTANT,RESISTANT,,BT474,,,1,UNRESOLVED,NOT_RUN,,"R1_Con, 1 hr. RNA-Seq, rep 1",BT474R,cell line: BT474R | cell type: Breast cancer epithelial cells | time: 1 hr,COHP_45285,Homo sapiens,GPL24676,RNA-Seq,transcriptomic,False,SRX21051988,True,HIGH,IDENTITY_FIELD | resistant_alias:bt474r,
GEO:GSE237606,GSM7634731,RESISTANT,RESISTANT,,BT474,,,2,UNRESOLVED,NOT_RUN,,"R1_Con, 1 hr. RNA-Seq, rep 2",BT474R,cell line: BT474R | cell type: Breast cancer epithelial cells | time: 1 hr,COHP_45286,Homo sapiens,GPL24676,RNA-Seq,transcriptomic,False,SRX21051989,True,HIGH,IDENTITY_FIELD | resistant_alias:bt474r,
GEO:GSE237606,GSM7634732,RESISTANT,RESISTANT,,BT474,,,1,UNRESOLVED,NOT_RUN,,"R1_HRG, 1 hr. RNA-Seq, rep 1",BT474R,cell line: BT474R | cell type: Breast cancer epithelial cells | time: 1 hr,COHP_45287,Homo sapiens,GPL24676,RNA-Seq,transcriptomic,False,SRX21051977,True,HIGH,IDENTITY_FIELD | resistant_alias:bt474r,
GEO:GSE237606,GSM7634733,RESISTANT,RESISTANT,,BT474,,,2,UNRESOLVED,NOT_RUN,,"R1_HRG, 1 hr. RNA-Seq, rep 2",BT474R,cell line: BT474R | cell type: Breast cancer epithelial cells | time: 1 hr,COHP_45288,Homo sapiens,GPL24676,RNA-Seq,transcriptomic,False,SRX21051990,True,HIGH,IDENTITY_FIELD | resistant_alias:bt474r,
GEO:GSE237606,GSM7634734,RESISTANT,RESISTANT,,BT474,,,1,UNRESOLVED,NOT_RUN,,"R1_EGF, 1 hr. RNA-Seq, rep 1",BT474R,cell line: BT474R | cell type: Breast cancer epithelial cells | time: 1 hr,COHP_45289,Homo sapiens,GPL24676,RNA-Seq,transcriptomic,False,SRX21051991,True,HIGH,IDENTITY_FIELD | resistant_alias:bt474r,
GEO:GSE237606,GSM7634735,RESISTANT,RESISTANT,,BT474,,,2,UNRESOLVED,NOT_RUN,,"R1_EGF, 1 hr. RNA-Seq, rep 2",BT474R,cell line: BT474R | cell type: Breast cancer epithelial cells | time: 1 hr,COHP_45290,Homo sapiens,GPL24676,RNA-Seq,transcriptomic,False,SRX21051992,True,HIGH,IDENTITY_FIELD | resistant_alias:bt474r,
GEO:GSE237606,GSM7634736,RESISTANT,RESISTANT,,BT474,,,1,UNRESOLVED,NOT_RUN,,"R12_Con, 12 hr. RNA-Seq, rep 1",BT474R,cell line: BT474R | cell type: Breast cancer epithelial cells | time: 12 hr,COHP_45295,Homo sapiens,GPL24676,RNA-Seq,transcriptomic,False,SRX21051993,True,HIGH,IDENTITY_FIELD | resistant_alias:bt474r,
GEO:GSE237606,GSM7634737,RESISTANT,RESISTANT,,BT474,,,2,UNRESOLVED,NOT_RUN,,"R12_Con, 12 hr. RNA-Seq, rep 2",BT474R,cell line: BT474R | cell type: Breast cancer epithelial cells | time: 12 hr,COHP_45296,Homo sapiens,GPL24676,RNA-Seq,transcriptomic,False,SRX21051994,True,HIGH,IDENTITY_FIELD | resistant_alias:bt474r,
GEO:GSE237606,GSM7634738,RESISTANT,RESISTANT,,BT474,,,1,UNRESOLVED,NOT_RUN,,"R12_HRG, 12 hr. RNA-Seq, rep 1",BT474R,cell line: BT474R | cell type: Breast cancer epithelial cells | time: 12 hr,COHP_45297,Homo sapiens,GPL24676,RNA-Seq,transcriptomic,False,SRX21051995,True,HIGH,IDENTITY_FIELD | resistant_alias:bt474r,
GEO:GSE237606,GSM7634739,RESISTANT,RESISTANT,,BT474,,,2,UNRESOLVED,NOT_RUN,,"R12_HRG, 12 hr. RNA-Seq, rep 2",BT474R,cell line: BT474R | cell type: Breast cancer epithelial cells | time: 12 hr,COHP_45298,Homo sapiens,GPL24676,RNA-Seq,transcriptomic,False,SRX21051996,True,HIGH,IDENTITY_FIELD | resistant_alias:bt474r,
GEO:GSE237606,GSM7634740,RESISTANT,RESISTANT,,BT474,,,1,UNRESOLVED,NOT_RUN,,"R12_EGF, 12 hr. RNA-Seq, rep 1",BT474R,cell line: BT474R | cell type: Breast cancer epithelial cells | time: 12 hr,COHP_45299,Homo sapiens,GPL24676,RNA-Seq,transcriptomic,False,SRX21051997,True,HIGH,IDENTITY_FIELD | resistant_alias:bt474r,
GEO:GSE237606,GSM7634741,RESISTANT,RESISTANT,,BT474,,,2,UNRESOLVED,NOT_RUN,,"R12_EGF, 12 hr. RNA-Seq, rep 2",BT474R,cell line: BT474R | cell type: Breast cancer epithelial cells | time: 12 hr,COHP_45300,Homo sapiens,GPL24676,RNA-Seq,transcriptomic,False,SRX21051974,True,HIGH,IDENTITY_FIELD | resistant_alias:bt474r,
GEO:GSE237606,GSM7634742,RESISTANT,RESISTANT,,BT474,,,1,UNRESOLVED,NOT_RUN,,"R24_Con, 24 hr. RNA-Seq, rep 1",BT474R,cell line: BT474R | cell type: Breast cancer epithelial cells | time: 24 hr,COHP_45305,Homo sapiens,GPL24676,RNA-Seq,transcriptomic,False,SRX21051975,True,HIGH,IDENTITY_FIELD | resistant_alias:bt474r,
GEO:GSE237606,GSM7634743,RESISTANT,RESISTANT,,BT474,,,2,UNRESOLVED,NOT_RUN,,"R24_Con, 24 hr. RNA-Seq, rep 2",BT474R,cell line: BT474R | cell type: Breast cancer epithelial cells | time: 24 hr,COHP_45306,Homo sapiens,GPL24676,RNA-Seq,transcriptomic,False,SRX21051976,True,HIGH,IDENTITY_FIELD | resistant_alias:bt474r,
GEO:GSE237606,GSM7634744,RESISTANT,RESISTANT,,BT474,,,1,UNRESOLVED,NOT_RUN,,"R24_HRG, 24 hr. RNA-Seq, rep 1",BT474R,cell line: BT474R | cell type: Breast cancer epithelial cells | time: 24 hr,COHP_45307,Homo sapiens,GPL24676,RNA-Seq,transcriptomic,False,SRX21051981,True,HIGH,IDENTITY_FIELD | resistant_alias:bt474r,
GEO:GSE237606,GSM7634745,RESISTANT,RESISTANT,,BT474,,,2,UNRESOLVED,NOT_RUN,,"R24_HRG, 24 hr. RNA-Seq, rep 2",BT474R,cell line: BT474R | cell type: Breast cancer epithelial cells | time: 24 hr,COHP_45308,Homo sapiens,GPL24676,RNA-Seq,transcriptomic,False,SRX21051978,True,HIGH,IDENTITY_FIELD | resistant_alias:bt474r,
GEO:GSE237606,GSM7634746,RESISTANT,RESISTANT,,BT474,,,1,UNRESOLVED,NOT_RUN,,"R24_EGF, 24 hr. RNA-Seq, rep 1",BT474R,cell line: BT474R | cell type: Breast cancer epithelial cells | time: 24 hr,COHP_45309,Homo sapiens,GPL24676,RNA-Seq,transcriptomic,False,SRX21051979,True,HIGH,IDENTITY_FIELD | resistant_alias:bt474r,
GEO:GSE237606,GSM7634747,RESISTANT,RESISTANT,,BT474,,,2,UNRESOLVED,NOT_RUN,,"R24_EGF, 24 hr. RNA-Seq, rep 2",BT474R,cell line: BT474R | cell type: Breast cancer epithelial cells | time: 24 hr,COHP_45310,Homo sapiens,GPL24676,RNA-Seq,transcriptomic,False,SRX21051980,True,HIGH,IDENTITY_FIELD | resistant_alias:bt474r,
GEO:GSE237607,GSM7634668,SENSITIVE_OR_PARENTAL,SENSITIVE_OR_PARENTAL,,BT474,,,1,UNRESOLVED,NOT_RUN,,"S0_Baseline, 0hr, ATAC-Seq, rep1",BT474,cell line: BT474 | cell type: Breast cancer epithelial cells | time: 0 hr,COHP_43564,Homo sapiens,GPL24676,ATAC-seq,genomic,False,SRX21051906,True,HIGH,IDENTITY_FIELD |  | paired_parental_alias:bt474,
GEO:GSE237607,GSM7634669,SENSITIVE_OR_PARENTAL,SENSITIVE_OR_PARENTAL,,BT474,,,2,UNRESOLVED,NOT_RUN,,"S0_Baseline, 0hr, ATAC-Seq, rep2",BT474,cell line: BT474 | cell type: Breast cancer epithelial cells | time: 0 hr,COHP_43565,Homo sapiens,GPL24676,ATAC-seq,genomic,False,SRX21051907,True,HIGH,IDENTITY_FIELD |  | paired_parental_alias:bt474,
GEO:GSE237607,GSM7634670,SENSITIVE_OR_PARENTAL,SENSITIVE_OR_PARENTAL,,BT474,,,1,UNRESOLVED,NOT_RUN,,"S1_Con, 1 hr, ATAC-Seq, rep 1",BT474,cell line: BT474 | cell type: Breast cancer epithelial cells | time: 1 hr,COHP_43566,Homo sapiens,GPL24676,ATAC-seq,genomic,False,SRX21051908,True,HIGH,IDENTITY_FIELD |  | paired_parental_alias:bt474,
GEO:GSE237607,GSM7634671,SENSITIVE_OR_PARENTAL,SENSITIVE_OR_PARENTAL,,BT474,,,2,UNRESOLVED,NOT_RUN,,"S1_Con, 1 hr, ATAC-Seq, rep 2",BT474,cell line: BT474 | cell type: Breast cancer epithelial cells | time: 1 hr,COHP_43567,Homo sapiens,GPL24676,ATAC-seq,genomic,False,SRX21051909,True,HIGH,IDENTITY_FIELD |  | paired_parental_alias:bt474,
GEO:GSE237607,GSM7634672,SENSITIVE_OR_PARENTAL,SENSITIVE_OR_PARENTAL,,BT474,,,1,UNRESOLVED,NOT_RUN,,"S1_HRG, 1 hr, ATAC-Seq, rep 1",BT474,cell line: BT474 | cell type: Breast cancer epithelial cells | time: 1 hr,COHP_43568,Homo sapiens,GPL24676,ATAC-seq,genomic,False,SRX21051910,True,HIGH,IDENTITY_FIELD |  | paired_parental_alias:bt474,
GEO:GSE237607,GSM7634673,SENSITIVE_OR_PARENTAL,SENSITIVE_OR_PARENTAL,,BT474,,,2,UNRESOLVED,NOT_RUN,,"S1_HRG, 1 hr, ATAC-Seq, rep 2",BT474,cell line: BT474 | cell type: Breast cancer epithelial cells | time: 1 hr,COHP_43569,Homo sapiens,GPL24676,ATAC-seq,genomic,False,SRX21051911,True,HIGH,IDENTITY_FIELD |  | paired_parental_alias:bt474,
GEO:GSE237607,GSM7634674,SENSITIVE_OR_PARENTAL,SENSITIVE_OR_PARENTAL,,BT474,,,1,UNRESOLVED,NOT_RUN,,"S1_EGF, 1 hr, ATAC-Seq, rep 1",BT474,cell line: BT474 | cell type: Breast cancer epithelial cells | time: 1 hr,COHP_43570,Homo sapiens,GPL24676,ATAC-seq,genomic,False,SRX21051912,True,HIGH,IDENTITY_FIELD |  | paired_parental_alias:bt474,
GEO:GSE237607,GSM7634675,SENSITIVE_OR_PARENTAL,SENSITIVE_OR_PARENTAL,,BT474,,,2,UNRESOLVED,NOT_RUN,,"S1_EGF, 1 hr, ATAC-Seq, rep 2",BT474,cell line: BT474 | cell type: Breast cancer epithelial cells | time: 1 hr,COHP_43571,Homo sapiens,GPL24676,ATAC-seq,genomic,False,SRX21051913,True,HIGH,IDENTITY_FIELD |  | paired_parental_alias:bt474,
GEO:GSE237607,GSM7634676,SENSITIVE_OR_PARENTAL,SENSITIVE_OR_PARENTAL,,BT474,,,1,UNRESOLVED,NOT_RUN,,"S12_Con, 12 hr, ATAC-Seq, rep 1",BT474,cell line: BT474 | cell type: Breast cancer epithelial cells | time: 12 hr,COHP_43576,Homo sapiens,GPL24676,ATAC-seq,genomic,False,SRX21051914,True,HIGH,IDENTITY_FIELD |  | paired_parental_alias:bt474,
GEO:GSE237607,GSM7634677,SENSITIVE_OR_PARENTAL,SENSITIVE_OR_PARENTAL,,BT474,,,2,UNRESOLVED,NOT_RUN,,"S12_Con, 12 hr, ATAC-Seq, rep 2",BT474,cell line: BT474 | cell type: Breast cancer epithelial cells | time: 12 hr,COHP_43577,Homo sapiens,GPL24676,ATAC-seq,genomic,False,SRX21051915,True,HIGH,IDENTITY_FIELD |  | paired_parental_alias:bt474,
GEO:GSE237607,GSM7634678,SENSITIVE_OR_PARENTAL,SENSITIVE_OR_PARENTAL,,BT474,,,1,UNRESOLVED,NOT_RUN,,"S12_HRG, 12 hr, ATAC-Seq, rep 1",BT474,cell line: BT474 | cell type: Breast cancer epithelial cells | time: 12 hr,COHP_43578,Homo sapiens,GPL24676,ATAC-seq,genomic,False,SRX21051916,True,HIGH,IDENTITY_FIELD |  | paired_parental_alias:bt474,
GEO:GSE237607,GSM7634679,SENSITIVE_OR_PARENTAL,SENSITIVE_OR_PARENTAL,,BT474,,,2,UNRESOLVED,NOT_RUN,,"S12_HRG, 12 hr, ATAC-Seq, rep 2",BT474,cell line: BT474 | cell type: Breast cancer epithelial cells | time: 12 hr,COHP_43579,Homo sapiens,GPL24676,ATAC-seq,genomic,False,SRX21051917,True,HIGH,IDENTITY_FIELD |  | paired_parental_alias:bt474,
GEO:GSE237607,GSM7634680,SENSITIVE_OR_PARENTAL,SENSITIVE_OR_PARENTAL,,BT474,,,1,UNRESOLVED,NOT_RUN,,"S12_EGF, 12 hr, ATAC-Seq, rep 1",BT474,cell line: BT474 | cell type: Breast cancer epithelial cells | time: 12 hr,COHP_43580,Homo sapiens,GPL24676,ATAC-seq,genomic,False,SRX21051919,True,HIGH,IDENTITY_FIELD |  | paired_parental_alias:bt474,
GEO:GSE237607,GSM7634681,SENSITIVE_OR_PARENTAL,SENSITIVE_OR_PARENTAL,,BT474,,,2,UNRESOLVED,NOT_RUN,,"S12_EGF, 12 hr, ATAC-Seq, rep 2",BT474,cell line: BT474 | cell type: Breast cancer epithelial cells | time: 12 hr,COHP_43581,Homo sapiens,GPL24676,ATAC-seq,genomic,False,SRX21051918,True,HIGH,IDENTITY_FIELD |  | paired_parental_alias:bt474,
GEO:GSE237607,GSM7634682,SENSITIVE_OR_PARENTAL,SENSITIVE_OR_PARENTAL,,BT474,,,1,UNRESOLVED,NOT_RUN,,"S24_Con, 24 hr, ATAC-Seq, rep 1",BT474,cell line: BT474 | cell type: Breast cancer epithelial cells | time: 24 hr,COHP_43586,Homo sapiens,GPL24676,ATAC-seq,genomic,False,SRX21051924,True,HIGH,IDENTITY_FIELD |  | paired_parental_alias:bt474,
GEO:GSE237607,GSM7634683,SENSITIVE_OR_PARENTAL,SENSITIVE_OR_PARENTAL,,BT474,,,2,UNRESOLVED,NOT_RUN,,"S24_Con, 24 hr, ATAC-Seq, rep 2",BT474,cell line: BT474 | cell type: Breast cancer epithelial cells | time: 24 hr,COHP_43587,Homo sapiens,GPL24676,ATAC-seq,genomic,False,SRX21051922,True,HIGH,IDENTITY_FIELD |  | paired_parental_alias:bt474,
GEO:GSE237607,GSM7634684,SENSITIVE_OR_PARENTAL,SENSITIVE_OR_PARENTAL,,BT474,,,1,UNRESOLVED,NOT_RUN,,"S24_HRG, 24 hr, ATAC-Seq, rep 1",BT474,cell line: BT474 | cell type: Breast cancer epithelial cells | time: 24 hr,COHP_43588,Homo sapiens,GPL24676,ATAC-seq,genomic,False,SRX21051923,True,HIGH,IDENTITY_FIELD |  | paired_parental_alias:bt474,
GEO:GSE237607,GSM7634685,SENSITIVE_OR_PARENTAL,SENSITIVE_OR_PARENTAL,,BT474,,,2,UNRESOLVED,NOT_RUN,,"S24_HRG, 24 hr, ATAC-Seq, rep 2",BT474,cell line: BT474 | cell type: Breast cancer epithelial cells | time: 24 hr,COHP_43589,Homo sapiens,GPL24676,ATAC-seq,genomic,False,SRX21051920,True,HIGH,IDENTITY_FIELD |  | paired_parental_alias:bt474,
GEO:GSE237607,GSM7634686,SENSITIVE_OR_PARENTAL,SENSITIVE_OR_PARENTAL,,BT474,,,1,UNRESOLVED,NOT_RUN,,"S24_EGF, 24 hr, ATAC-Seq, rep 1",BT474,cell line: BT474 | cell type: Breast cancer epithelial cells | time: 24 hr,COHP_43590,Homo sapiens,GPL24676,ATAC-seq,genomic,False,SRX21051925,True,HIGH,IDENTITY_FIELD |  | paired_parental_alias:bt474,
GEO:GSE237607,GSM7634687,SENSITIVE_OR_PARENTAL,SENSITIVE_OR_PARENTAL,,BT474,,,2,UNRESOLVED,NOT_RUN,,"S24_EGF, 24 hr, ATAC-Seq, rep 2",BT474,cell line: BT474 | cell type: Breast cancer epithelial cells | time: 24 hr,COHP_43591,Homo sapiens,GPL24676,ATAC-seq,genomic,False,SRX21051926,True,HIGH,IDENTITY_FIELD |  | paired_parental_alias:bt474,
GEO:GSE237607,GSM7634688,RESISTANT,RESISTANT,,BT474,,,1,UNRESOLVED,NOT_RUN,,"R0_baseline, 0 hr, ATAC-Seq, rep 1",BT474R,cell line: BT474R | cell type: Breast cancer epithelial cells | time: 0 hr,COHP_43596,Homo sapiens,GPL24676,ATAC-seq,genomic,False,SRX21051927,True,HIGH,IDENTITY_FIELD | resistant_alias:bt474r,
GEO:GSE237607,GSM7634689,RESISTANT,RESISTANT,,BT474,,,2,UNRESOLVED,NOT_RUN,,"R0_baseline, 0 hr, ATAC-Seq, rep 2",BT474R,cell line: BT474R | cell type: Breast cancer epithelial cells | time: 0 hr,COHP_43597,Homo sapiens,GPL24676,ATAC-seq,genomic,False,SRX21051928,True,HIGH,IDENTITY_FIELD | resistant_alias:bt474r,
GEO:GSE237607,GSM7634690,RESISTANT,RESISTANT,,BT474,,,1,UNRESOLVED,NOT_RUN,,"R1_Con, 1 hr, ATAC-Seq, rep 1",BT474R,cell line: BT474R | cell type: Breast cancer epithelial cells | time: 1 hr,COHP_43598,Homo sapiens,GPL24676,ATAC-seq,genomic,False,SRX21051929,True,HIGH,IDENTITY_FIELD | resistant_alias:bt474r,
GEO:GSE237607,GSM7634691,RESISTANT,RESISTANT,,BT474,,,2,UNRESOLVED,NOT_RUN,,"R1_Con, 1 hr, ATAC-Seq, rep 2",BT474R,cell line: BT474R | cell type: Breast cancer epithelial cells | time: 1 hr,COHP_43599,Homo sapiens,GPL24676,ATAC-seq,genomic,False,SRX21051930,True,HIGH,IDENTITY_FIELD | resistant_alias:bt474r,
GEO:GSE237607,GSM7634692,RESISTANT,RESISTANT,,BT474,,,1,UNRESOLVED,NOT_RUN,,"R1_HRG, 1 hr, ATAC-Seq, rep 1",BT474R,cell line: BT474R | cell type: Breast cancer epithelial cells | time: 1 hr,COHP_43600,Homo sapiens,GPL24676,ATAC-seq,genomic,False,SRX21051931,True,HIGH,IDENTITY_FIELD | resistant_alias:bt474r,
GEO:GSE237607,GSM7634693,RESISTANT,RESISTANT,,BT474,,,2,UNRESOLVED,NOT_RUN,,"R1_HRG, 1 hr, ATAC-Seq, rep 2",BT474R,cell line: BT474R | cell type: Breast cancer epithelial cells | time: 1 hr,COHP_43601,Homo sapiens,GPL24676,ATAC-seq,genomic,False,SRX21051938,True,HIGH,IDENTITY_FIELD | resistant_alias:bt474r,
GEO:GSE237607,GSM7634694,RESISTANT,RESISTANT,,BT474,,,1,UNRESOLVED,NOT_RUN,,"R1_EGF, 1 hr, ATAC-Seq, rep 1",BT474R,cell line: BT474R | cell type: Breast cancer epithelial cells | time: 1 hr,COHP_43602,Homo sapiens,GPL24676,ATAC-seq,genomic,False,SRX21051932,True,HIGH,IDENTITY_FIELD | resistant_alias:bt474r,
GEO:GSE237607,GSM7634695,RESISTANT,RESISTANT,,BT474,,,2,UNRESOLVED,NOT_RUN,,"R1_EGF, 1 hr, ATAC-Seq, rep 2",BT474R,cell line: BT474R | cell type: Breast cancer epithelial cells | time: 1 hr,COHP_43603,Homo sapiens,GPL24676,ATAC-seq,genomic,False,SRX21051933,True,HIGH,IDENTITY_FIELD | resistant_alias:bt474r,
GEO:GSE237607,GSM7634696,RESISTANT,RESISTANT,,BT474,,,1,UNRESOLVED,NOT_RUN,,"R12_Con, 12 hr, ATAC-Seq, rep 1",BT474R,cell line: BT474R | cell type: Breast cancer epithelial cells | time: 12 hr,COHP_43608,Homo sapiens,GPL24676,ATAC-seq,genomic,False,SRX21051934,True,HIGH,IDENTITY_FIELD | resistant_alias:bt474r,
GEO:GSE237607,GSM7634697,RESISTANT,RESISTANT,,BT474,,,2,UNRESOLVED,NOT_RUN,,"R12_Con, 12 hr, ATAC-Seq, rep 2",BT474R,cell line: BT474R | cell type: Breast cancer epithelial cells | time: 12 hr,COHP_43609,Homo sapiens,GPL24676,ATAC-seq,genomic,False,SRX21051935,True,HIGH,IDENTITY_FIELD | resistant_alias:bt474r,
GEO:GSE237607,GSM7634698,RESISTANT,RESISTANT,,BT474,,,1,UNRESOLVED,NOT_RUN,,"R12_HRG, 12 hr, ATAC-Seq, rep 1",BT474R,cell line: BT474R | cell type: Breast cancer epithelial cells | time: 12 hr,COHP_43610,Homo sapiens,GPL24676,ATAC-seq,genomic,False,SRX21051937,True,HIGH,IDENTITY_FIELD | resistant_alias:bt474r,
GEO:GSE237607,GSM7634699,RESISTANT,RESISTANT,,BT474,,,2,UNRESOLVED,NOT_RUN,,"R12_HRG, 12 hr, ATAC-Seq, rep 2",BT474R,cell line: BT474R | cell type: Breast cancer epithelial cells | time: 12 hr,COHP_43611,Homo sapiens,GPL24676,ATAC-seq,genomic,False,SRX21051942,True,HIGH,IDENTITY_FIELD | resistant_alias:bt474r,
GEO:GSE237607,GSM7634700,RESISTANT,RESISTANT,,BT474,,,1,UNRESOLVED,NOT_RUN,,"R12_EGF, 12 hr, ATAC-Seq, rep 1",BT474R,cell line: BT474R | cell type: Breast cancer epithelial cells | time: 12 hr,COHP_43612,Homo sapiens,GPL24676,ATAC-seq,genomic,False,SRX21051944,True,HIGH,IDENTITY_FIELD | resistant_alias:bt474r,
GEO:GSE237607,GSM7634701,RESISTANT,RESISTANT,,BT474,,,2,UNRESOLVED,NOT_RUN,,"R12_EGF, 12 hr, ATAC-Seq, rep 2",BT474R,cell line: BT474R | cell type: Breast cancer epithelial cells | time: 12 hr,COHP_43613,Homo sapiens,GPL24676,ATAC-seq,genomic,False,SRX21051939,True,HIGH,IDENTITY_FIELD | resistant_alias:bt474r,
GEO:GSE237607,GSM7634702,RESISTANT,RESISTANT,,BT474,,,1,UNRESOLVED,NOT_RUN,,"R24_Con, 24 hr, ATAC-Seq, rep 1",BT474R,cell line: BT474R | cell type: Breast cancer epithelial cells | time: 24 hr,COHP_43618,Homo sapiens,GPL24676,ATAC-seq,genomic,False,SRX21051940,True,HIGH,IDENTITY_FIELD | resistant_alias:bt474r,
GEO:GSE237607,GSM7634703,RESISTANT,RESISTANT,,BT474,,,2,UNRESOLVED,NOT_RUN,,"R24_Con, 24 hr, ATAC-Seq, rep 2",BT474R,cell line: BT474R | cell type: Breast cancer epithelial cells | time: 24 hr,COHP_43619,Homo sapiens,GPL24676,ATAC-seq,genomic,False,SRX21051943,True,HIGH,IDENTITY_FIELD | resistant_alias:bt474r,
GEO:GSE237607,GSM7634704,RESISTANT,RESISTANT,,BT474,,,1,UNRESOLVED,NOT_RUN,,"R24_HRG, 24 hr, ATAC-Seq, rep 1",BT474R,cell line: BT474R | cell type: Breast cancer epithelial cells | time: 24 hr,COHP_43620,Homo sapiens,GPL24676,ATAC-seq,genomic,False,SRX21051936,True,HIGH,IDENTITY_FIELD | resistant_alias:bt474r,
GEO:GSE237607,GSM7634705,RESISTANT,RESISTANT,,BT474,,,2,UNRESOLVED,NOT_RUN,,"R24_HRG, 24 hr, ATAC-Seq, rep 2",BT474R,cell line: BT474R | cell type: Breast cancer epithelial cells | time: 24 hr,COHP_43621,Homo sapiens,GPL24676,ATAC-seq,genomic,False,SRX21051941,True,HIGH,IDENTITY_FIELD | resistant_alias:bt474r,
GEO:GSE237607,GSM7634706,RESISTANT,RESISTANT,,BT474,,,1,UNRESOLVED,NOT_RUN,,"R24_EGF, 24 hr, ATAC-Seq, rep 1",BT474R,cell line: BT474R | cell type: Breast cancer epithelial cells | time: 24 hr,COHP_43622,Homo sapiens,GPL24676,ATAC-seq,genomic,False,SRX21051921,True,HIGH,IDENTITY_FIELD | resistant_alias:bt474r,
GEO:GSE237607,GSM7634707,RESISTANT,RESISTANT,,BT474,,,2,UNRESOLVED,NOT_RUN,,"R24_EGF, 24 hr, ATAC-Seq, rep 2",BT474R,cell line: BT474R | cell type: Breast cancer epithelial cells | time: 24 hr,COHP_43623,Homo sapiens,GPL24676,ATAC-seq,genomic,False,SRX21051945,True,HIGH,IDENTITY_FIELD | resistant_alias:bt474r,
GEO:GSE237607,GSM7634708,SENSITIVE_OR_PARENTAL,SENSITIVE_OR_PARENTAL,,BT474,,,1,UNRESOLVED,NOT_RUN,,"S0_Baseline, 0 hr. RNA-Seq, rep 1",BT474,cell line: BT474 | cell type: Breast cancer epithelial cells | time: 0 hr,COHP_45251,Homo sapiens,GPL24676,RNA-Seq,transcriptomic,False,SRX21051958,True,HIGH,IDENTITY_FIELD |  | paired_parental_alias:bt474,
GEO:GSE237607,GSM7634709,SENSITIVE_OR_PARENTAL,SENSITIVE_OR_PARENTAL,,BT474,,,2,UNRESOLVED,NOT_RUN,,"S0_Baseline, 0 hr. RNA-Seq, rep 2",BT474,cell line: BT474 | cell type: Breast cancer epithelial cells | time: 0 hr,COHP_45252,Homo sapiens,GPL24676,RNA-Seq,transcriptomic,False,SRX21051959,True,HIGH,IDENTITY_FIELD |  | paired_parental_alias:bt474,
GEO:GSE237607,GSM7634710,SENSITIVE_OR_PARENTAL,SENSITIVE_OR_PARENTAL,,BT474,,,1,UNRESOLVED,NOT_RUN,,"S1_Con, 1 hr. RNA-Seq, rep 1",BT474,cell line: BT474 | cell type: Breast cancer epithelial cells | time: 1 hr,COHP_45253,Homo sapiens,GPL24676,RNA-Seq,transcriptomic,False,SRX21051969,True,HIGH,IDENTITY_FIELD |  | paired_parental_alias:bt474,
GEO:GSE237607,GSM7634711,SENSITIVE_OR_PARENTAL,SENSITIVE_OR_PARENTAL,,BT474,,,2,UNRESOLVED,NOT_RUN,,"S1_Con, 1 hr. RNA-Seq, rep 2",BT474,cell line: BT474 | cell type: Breast cancer epithelial cells | time: 1 hr,COHP_45254,Homo sapiens,GPL24676,RNA-Seq,transcriptomic,False,SRX21051968,True,HIGH,IDENTITY_FIELD |  | paired_parental_alias:bt474,
GEO:GSE237607,GSM7634712,SENSITIVE_OR_PARENTAL,SENSITIVE_OR_PARENTAL,,BT474,,,1,UNRESOLVED,NOT_RUN,,"S1_HRG, 1 hr. RNA-Seq, rep 1",BT474,cell line: BT474 | cell type: Breast cancer epithelial cells | time: 1 hr,COHP_45255,Homo sapiens,GPL24676,RNA-Seq,transcriptomic,False,SRX21051967,True,HIGH,IDENTITY_FIELD |  | paired_parental_alias:bt474,
GEO:GSE237607,GSM7634713,SENSITIVE_OR_PARENTAL,SENSITIVE_OR_PARENTAL,,BT474,,,2,UNRESOLVED,NOT_RUN,,"S1_HRG, 1 hr. RNA-Seq, rep 2",BT474,cell line: BT474 | cell type: Breast cancer epithelial cells | time: 1 hr,COHP_45256,Homo sapiens,GPL24676,RNA-Seq,transcriptomic,False,SRX21051966,True,HIGH,IDENTITY_FIELD |  | paired_parental_alias:bt474,
GEO:GSE237607,GSM7634714,SENSITIVE_OR_PARENTAL,SENSITIVE_OR_PARENTAL,,BT474,,,1,UNRESOLVED,NOT_RUN,,"S1_EGF, 1 hr. RNA-Seq, rep 1",BT474,cell line: BT474 | cell type: Breast cancer epithelial cells | time: 1 hr,COHP_45257,Homo sapiens,GPL24676,RNA-Seq,transcriptomic,False,SRX21051965,True,HIGH,IDENTITY_FIELD |  | paired_parental_alias:bt474,
GEO:GSE237607,GSM7634715,SENSITIVE_OR_PARENTAL,SENSITIVE_OR_PARENTAL,,BT474,,,2,UNRESOLVED,NOT_RUN,,"S1_EGF, 1 hr. RNA-Seq, rep 2",BT474,cell line: BT474 | cell type: Breast cancer epithelial cells | time: 1 hr,COHP_45258,Homo sapiens,GPL24676,RNA-Seq,transcriptomic,False,SRX21051964,True,HIGH,IDENTITY_FIELD |  | paired_parental_alias:bt474,
GEO:GSE237607,GSM7634716,SENSITIVE_OR_PARENTAL,SENSITIVE_OR_PARENTAL,,BT474,,,1,UNRESOLVED,NOT_RUN,,"S12_Con, 12 hr. RNA-Seq, rep 1",BT474,cell line: BT474 | cell type: Breast cancer epithelial cells | time: 12 hr,COHP_45263,Homo sapiens,GPL24676,RNA-Seq,transcriptomic,False,SRX21051963,True,HIGH,IDENTITY_FIELD |  | paired_parental_alias:bt474,
GEO:GSE237607,GSM7634717,SENSITIVE_OR_PARENTAL,SENSITIVE_OR_PARENTAL,,BT474,,,2,UNRESOLVED,NOT_RUN,,"S12_Con, 12 hr. RNA-Seq, rep 2",BT474,cell line: BT474 | cell type: Breast cancer epithelial cells | time: 12 hr,COHP_45264,Homo sapiens,GPL24676,RNA-Seq,transcriptomic,False,SRX21051962,True,HIGH,IDENTITY_FIELD |  | paired_parental_alias:bt474,
GEO:GSE237607,GSM7634718,SENSITIVE_OR_PARENTAL,SENSITIVE_OR_PARENTAL,,BT474,,,1,UNRESOLVED,NOT_RUN,,"S12_HRG, 12 hr. RNA-Seq, rep 1",BT474,cell line: BT474 | cell type: Breast cancer epithelial cells | time: 12 hr,COHP_45265,Homo sapiens,GPL24676,RNA-Seq,transcriptomic,False,SRX21051961,True,HIGH,IDENTITY_FIELD |  | paired_parental_alias:bt474,
GEO:GSE237607,GSM7634719,SENSITIVE_OR_PARENTAL,SENSITIVE_OR_PARENTAL,,BT474,,,2,UNRESOLVED,NOT_RUN,,"S12_HRG, 12 hr. RNA-Seq, rep 2",BT474,cell line: BT474 | cell type: Breast cancer epithelial cells | time: 12 hr,COHP_45266,Homo sapiens,GPL24676,RNA-Seq,transcriptomic,False,SRX21051960,True,HIGH,IDENTITY_FIELD |  | paired_parental_alias:bt474,
GEO:GSE237607,GSM7634720,SENSITIVE_OR_PARENTAL,SENSITIVE_OR_PARENTAL,,BT474,,,1,UNRESOLVED,NOT_RUN,,"S12_EGF, 12 hr. RNA-Seq, rep 1",BT474,cell line: BT474 | cell type: Breast cancer epithelial cells | time: 12 hr,COHP_45267,Homo sapiens,GPL24676,RNA-Seq,transcriptomic,False,SRX21051973,True,HIGH,IDENTITY_FIELD |  | paired_parental_alias:bt474,
GEO:GSE237607,GSM7634721,SENSITIVE_OR_PARENTAL,SENSITIVE_OR_PARENTAL,,BT474,,,2,UNRESOLVED,NOT_RUN,,"S12_EGF, 12 hr. RNA-Seq, rep 2",BT474,cell line: BT474 | cell type: Breast cancer epithelial cells | time: 12 hr,COHP_45268,Homo sapiens,GPL24676,RNA-Seq,transcriptomic,False,SRX21051972,True,HIGH,IDENTITY_FIELD |  | paired_parental_alias:bt474,
GEO:GSE237607,GSM7634722,SENSITIVE_OR_PARENTAL,SENSITIVE_OR_PARENTAL,,BT474,,,1,UNRESOLVED,NOT_RUN,,"S24_Con, 24 hr. RNA-Seq, rep 1",BT474,cell line: BT474 | cell type: Breast cancer epithelial cells | time: 24 hr,COHP_45273,Homo sapiens,GPL24676,RNA-Seq,transcriptomic,False,SRX21051971,True,HIGH,IDENTITY_FIELD |  | paired_parental_alias:bt474,
GEO:GSE237607,GSM7634723,SENSITIVE_OR_PARENTAL,SENSITIVE_OR_PARENTAL,,BT474,,,2,UNRESOLVED,NOT_RUN,,"S24_Con, 24 hr. RNA-Seq, rep 2",BT474,cell line: BT474 | cell type: Breast cancer epithelial cells | time: 24 hr,COHP_45274,Homo sapiens,GPL24676,RNA-Seq,transcriptomic,False,SRX21051970,True,HIGH,IDENTITY_FIELD |  | paired_parental_alias:bt474,
GEO:GSE237607,GSM7634724,SENSITIVE_OR_PARENTAL,SENSITIVE_OR_PARENTAL,,BT474,,,1,UNRESOLVED,NOT_RUN,,"S24_HRG, 24 hr. RNA-Seq, rep 1",BT474,cell line: BT474 | cell type: Breast cancer epithelial cells | time: 24 hr,COHP_45275,Homo sapiens,GPL24676,RNA-Seq,transcriptomic,False,SRX21051982,True,HIGH,IDENTITY_FIELD |  | paired_parental_alias:bt474,
GEO:GSE237607,GSM7634725,SENSITIVE_OR_PARENTAL,SENSITIVE_OR_PARENTAL,,BT474,,,2,UNRESOLVED,NOT_RUN,,"S24_HRG, 24 hr. RNA-Seq, rep 2",BT474,cell line: BT474 | cell type: Breast cancer epithelial cells | time: 24 hr,COHP_45276,Homo sapiens,GPL24676,RNA-Seq,transcriptomic,False,SRX21051983,True,HIGH,IDENTITY_FIELD |  | paired_parental_alias:bt474,
GEO:GSE237607,GSM7634726,SENSITIVE_OR_PARENTAL,SENSITIVE_OR_PARENTAL,,BT474,,,1,UNRESOLVED,NOT_RUN,,"S24_EGF, 24 hr. RNA-Seq, rep 1",BT474,cell line: BT474 | cell type: Breast cancer epithelial cells | time: 24 hr,COHP_45277,Homo sapiens,GPL24676,RNA-Seq,transcriptomic,False,SRX21051984,True,HIGH,IDENTITY_FIELD |  | paired_parental_alias:bt474,
GEO:GSE237607,GSM7634727,SENSITIVE_OR_PARENTAL,SENSITIVE_OR_PARENTAL,,BT474,,,2,UNRESOLVED,NOT_RUN,,"S24_EGF, 24 hr. RNA-Seq, rep 2",BT474,cell line: BT474 | cell type: Breast cancer epithelial cells | time: 24 hr,COHP_45278,Homo sapiens,GPL24676,RNA-Seq,transcriptomic,False,SRX21051985,True,HIGH,IDENTITY_FIELD |  | paired_parental_alias:bt474,
GEO:GSE237607,GSM7634728,RESISTANT,RESISTANT,,BT474,,,1,UNRESOLVED,NOT_RUN,,"R0_baseline, 0 hr. RNA-Seq, rep 1",BT474R,cell line: BT474R | cell type: Breast cancer epithelial cells | time: 0 hr,COHP_45283,Homo sapiens,GPL24676,RNA-Seq,transcriptomic,False,SRX21051986,True,HIGH,IDENTITY_FIELD | resistant_alias:bt474r,
GEO:GSE237607,GSM7634729,RESISTANT,RESISTANT,,BT474,,,2,UNRESOLVED,NOT_RUN,,"R0_baseline, 0 hr. RNA-Seq, rep 2",BT474R,cell line: BT474R | cell type: Breast cancer epithelial cells | time: 0 hr,COHP_45284,Homo sapiens,GPL24676,RNA-Seq,transcriptomic,False,SRX21051987,True,HIGH,IDENTITY_FIELD | resistant_alias:bt474r,
GEO:GSE237607,GSM7634730,RESISTANT,RESISTANT,,BT474,,,1,UNRESOLVED,NOT_RUN,,"R1_Con, 1 hr. RNA-Seq, rep 1",BT474R,cell line: BT474R | cell type: Breast cancer epithelial cells | time: 1 hr,COHP_45285,Homo sapiens,GPL24676,RNA-Seq,transcriptomic,False,SRX21051988,True,HIGH,IDENTITY_FIELD | resistant_alias:bt474r,
GEO:GSE237607,GSM7634731,RESISTANT,RESISTANT,,BT474,,,2,UNRESOLVED,NOT_RUN,,"R1_Con, 1 hr. RNA-Seq, rep 2",BT474R,cell line: BT474R | cell type: Breast cancer epithelial cells | time: 1 hr,COHP_45286,Homo sapiens,GPL24676,RNA-Seq,transcriptomic,False,SRX21051989,True,HIGH,IDENTITY_FIELD | resistant_alias:bt474r,
GEO:GSE237607,GSM7634732,RESISTANT,RESISTANT,,BT474,,,1,UNRESOLVED,NOT_RUN,,"R1_HRG, 1 hr. RNA-Seq, rep 1",BT474R,cell line: BT474R | cell type: Breast cancer epithelial cells | time: 1 hr,COHP_45287,Homo sapiens,GPL24676,RNA-Seq,transcriptomic,False,SRX21051977,True,HIGH,IDENTITY_FIELD | resistant_alias:bt474r,
GEO:GSE237607,GSM7634733,RESISTANT,RESISTANT,,BT474,,,2,UNRESOLVED,NOT_RUN,,"R1_HRG, 1 hr. RNA-Seq, rep 2",BT474R,cell line: BT474R | cell type: Breast cancer epithelial cells | time: 1 hr,COHP_45288,Homo sapiens,GPL24676,RNA-Seq,transcriptomic,False,SRX21051990,True,HIGH,IDENTITY_FIELD | resistant_alias:bt474r,
GEO:GSE237607,GSM7634734,RESISTANT,RESISTANT,,BT474,,,1,UNRESOLVED,NOT_RUN,,"R1_EGF, 1 hr. RNA-Seq, rep 1",BT474R,cell line: BT474R | cell type: Breast cancer epithelial cells | time: 1 hr,COHP_45289,Homo sapiens,GPL24676,RNA-Seq,transcriptomic,False,SRX21051991,True,HIGH,IDENTITY_FIELD | resistant_alias:bt474r,
GEO:GSE237607,GSM7634735,RESISTANT,RESISTANT,,BT474,,,2,UNRESOLVED,NOT_RUN,,"R1_EGF, 1 hr. RNA-Seq, rep 2",BT474R,cell line: BT474R | cell type: Breast cancer epithelial cells | time: 1 hr,COHP_45290,Homo sapiens,GPL24676,RNA-Seq,transcriptomic,False,SRX21051992,True,HIGH,IDENTITY_FIELD | resistant_alias:bt474r,
GEO:GSE237607,GSM7634736,RESISTANT,RESISTANT,,BT474,,,1,UNRESOLVED,NOT_RUN,,"R12_Con, 12 hr. RNA-Seq, rep 1",BT474R,cell line: BT474R | cell type: Breast cancer epithelial cells | time: 12 hr,COHP_45295,Homo sapiens,GPL24676,RNA-Seq,transcriptomic,False,SRX21051993,True,HIGH,IDENTITY_FIELD | resistant_alias:bt474r,
GEO:GSE237607,GSM7634737,RESISTANT,RESISTANT,,BT474,,,2,UNRESOLVED,NOT_RUN,,"R12_Con, 12 hr. RNA-Seq, rep 2",BT474R,cell line: BT474R | cell type: Breast cancer epithelial cells | time: 12 hr,COHP_45296,Homo sapiens,GPL24676,RNA-Seq,transcriptomic,False,SRX21051994,True,HIGH,IDENTITY_FIELD | resistant_alias:bt474r,
GEO:GSE237607,GSM7634738,RESISTANT,RESISTANT,,BT474,,,1,UNRESOLVED,NOT_RUN,,"R12_HRG, 12 hr. RNA-Seq, rep 1",BT474R,cell line: BT474R | cell type: Breast cancer epithelial cells | time: 12 hr,COHP_45297,Homo sapiens,GPL24676,RNA-Seq,transcriptomic,False,SRX21051995,True,HIGH,IDENTITY_FIELD | resistant_alias:bt474r,
GEO:GSE237607,GSM7634739,RESISTANT,RESISTANT,,BT474,,,2,UNRESOLVED,NOT_RUN,,"R12_HRG, 12 hr. RNA-Seq, rep 2",BT474R,cell line: BT474R | cell type: Breast cancer epithelial cells | time: 12 hr,COHP_45298,Homo sapiens,GPL24676,RNA-Seq,transcriptomic,False,SRX21051996,True,HIGH,IDENTITY_FIELD | resistant_alias:bt474r,
GEO:GSE237607,GSM7634740,RESISTANT,RESISTANT,,BT474,,,1,UNRESOLVED,NOT_RUN,,"R12_EGF, 12 hr. RNA-Seq, rep 1",BT474R,cell line: BT474R | cell type: Breast cancer epithelial cells | time: 12 hr,COHP_45299,Homo sapiens,GPL24676,RNA-Seq,transcriptomic,False,SRX21051997,True,HIGH,IDENTITY_FIELD | resistant_alias:bt474r,
GEO:GSE237607,GSM7634741,RESISTANT,RESISTANT,,BT474,,,2,UNRESOLVED,NOT_RUN,,"R12_EGF, 12 hr. RNA-Seq, rep 2",BT474R,cell line: BT474R | cell type: Breast cancer epithelial cells | time: 12 hr,COHP_45300,Homo sapiens,GPL24676,RNA-Seq,transcriptomic,False,SRX21051974,True,HIGH,IDENTITY_FIELD | resistant_alias:bt474r,
GEO:GSE237607,GSM7634742,RESISTANT,RESISTANT,,BT474,,,1,UNRESOLVED,NOT_RUN,,"R24_Con, 24 hr. RNA-Seq, rep 1",BT474R,cell line: BT474R | cell type: Breast cancer epithelial cells | time: 24 hr,COHP_45305,Homo sapiens,GPL24676,RNA-Seq,transcriptomic,False,SRX21051975,True,HIGH,IDENTITY_FIELD | resistant_alias:bt474r,
GEO:GSE237607,GSM7634743,RESISTANT,RESISTANT,,BT474,,,2,UNRESOLVED,NOT_RUN,,"R24_Con, 24 hr. RNA-Seq, rep 2",BT474R,cell line: BT474R | cell type: Breast cancer epithelial cells | time: 24 hr,COHP_45306,Homo sapiens,GPL24676,RNA-Seq,transcriptomic,False,SRX21051976,True,HIGH,IDENTITY_FIELD | resistant_alias:bt474r,
GEO:GSE237607,GSM7634744,RESISTANT,RESISTANT,,BT474,,,1,UNRESOLVED,NOT_RUN,,"R24_HRG, 24 hr. RNA-Seq, rep 1",BT474R,cell line: BT474R | cell type: Breast cancer epithelial cells | time: 24 hr,COHP_45307,Homo sapiens,GPL24676,RNA-Seq,transcriptomic,False,SRX21051981,True,HIGH,IDENTITY_FIELD | resistant_alias:bt474r,
GEO:GSE237607,GSM7634745,RESISTANT,RESISTANT,,BT474,,,2,UNRESOLVED,NOT_RUN,,"R24_HRG, 24 hr. RNA-Seq, rep 2",BT474R,cell line: BT474R | cell type: Breast cancer epithelial cells | time: 24 hr,COHP_45308,Homo sapiens,GPL24676,RNA-Seq,transcriptomic,False,SRX21051978,True,HIGH,IDENTITY_FIELD | resistant_alias:bt474r,
GEO:GSE237607,GSM7634746,RESISTANT,RESISTANT,,BT474,,,1,UNRESOLVED,NOT_RUN,,"R24_EGF, 24 hr. RNA-Seq, rep 1",BT474R,cell line: BT474R | cell type: Breast cancer epithelial cells | time: 24 hr,COHP_45309,Homo sapiens,GPL24676,RNA-Seq,transcriptomic,False,SRX21051979,True,HIGH,IDENTITY_FIELD | resistant_alias:bt474r,
GEO:GSE237607,GSM7634747,RESISTANT,RESISTANT,,BT474,,,2,UNRESOLVED,NOT_RUN,,"R24_EGF, 24 hr. RNA-Seq, rep 2",BT474R,cell line: BT474R | cell type: Breast cancer epithelial cells | time: 24 hr,COHP_45310,Homo sapiens,GPL24676,RNA-Seq,transcriptomic,False,SRX21051980,True,HIGH,IDENTITY_FIELD | resistant_alias:bt474r,
GEO:GSE244533,GSM7818783,UNRESOLVED,UNRESOLVED,,SKBR3,,,,UNRESOLVED,NOT_RUN,,SKBR3_rep1,SKBR3,"cell line: SKBR3 | cell type: Breast; Mammary gland, epithelial | treatment: none",,Homo sapiens,GPL24676,RNA-Seq,transcriptomic,False,SRX21974442,True,,,
GEO:GSE244533,GSM7818784,UNRESOLVED,UNRESOLVED,,SKBR3,,,,UNRESOLVED,NOT_RUN,,SKBR3_rep2,SKBR3,"cell line: SKBR3 | cell type: Breast; Mammary gland, epithelial | treatment: none",,Homo sapiens,GPL24676,RNA-Seq,transcriptomic,False,SRX21974443,True,,,
GEO:GSE244533,GSM7818785,UNRESOLVED,UNRESOLVED,,SKBR3,,,,UNRESOLVED,NOT_RUN,,SKBR3_rep3,SKBR3,"cell line: SKBR3 | cell type: Breast; Mammary gland, epithelial | treatment: none",,Homo sapiens,GPL24676,RNA-Seq,transcriptomic,False,SRX21974444,True,,,
GEO:GSE244533,GSM7818786,UNRESOLVED,UNRESOLVED,,SKBR3,,,,UNRESOLVED,NOT_RUN,,SKBR3_HR_rep1,SKBR3,"cell line: SKBR3 | cell type: Breast; Mammary gland, epithelial | treatment: trastuzumab",,Homo sapiens,GPL24676,RNA-Seq,transcriptomic,True,SRX21974445,True,,,
GEO:GSE244533,GSM7818787,UNRESOLVED,UNRESOLVED,,SKBR3,,,,UNRESOLVED,NOT_RUN,,SKBR3_HR_rep2,SKBR3,"cell line: SKBR3 | cell type: Breast; Mammary gland, epithelial | treatment: trastuzumab",,Homo sapiens,GPL24676,RNA-Seq,transcriptomic,True,SRX21974446,True,,,
GEO:GSE244533,GSM7818788,UNRESOLVED,UNRESOLVED,,SKBR3,,,,UNRESOLVED,NOT_RUN,,SKBR3_HR_rep3,SKBR3,"cell line: SKBR3 | cell type: Breast; Mammary gland, epithelial | treatment: trastuzumab",,Homo sapiens,GPL24676,RNA-Seq,transcriptomic,True,SRX21974447,True,,,
GEO:GSE244535,GSM7818793,UNRESOLVED,UNRESOLVED,,SKBR3,,,1,UNRESOLVED,NOT_RUN,,SKBR3 H3K27me3 cuttag rep1,SKBR3,"cell line: SKBR3 | cell type: Breast; Mammary gland, epithelial | treatment: none",,Homo sapiens,GPL24676,OTHER,genomic,False,SRX21974428,True,,,
GEO:GSE244535,GSM7818794,UNRESOLVED,UNRESOLVED,,SKBR3,,,2,UNRESOLVED,NOT_RUN,,SKBR3 H3K27me3 cuttag rep2,SKBR3,"cell line: SKBR3 | cell type: Breast; Mammary gland, epithelial | treatment: none",,Homo sapiens,GPL24676,OTHER,genomic,False,SRX21974429,True,,,
GEO:GSE244535,GSM7818795,UNRESOLVED,UNRESOLVED,,SKBR3,,,1,UNRESOLVED,NOT_RUN,,SKBR3_HR H3K27me3 cuttag rep1,SKBR3,"cell line: SKBR3 | cell type: Breast; Mammary gland, epithelial | treatment: trastuzumab",,Homo sapiens,GPL24676,OTHER,genomic,True,SRX21974430,True,,,
GEO:GSE244535,GSM7818796,UNRESOLVED,UNRESOLVED,,SKBR3,,,2,UNRESOLVED,NOT_RUN,,SKBR3_HR H3K27me3 cuttag rep2,SKBR3,"cell line: SKBR3 | cell type: Breast; Mammary gland, epithelial | treatment: trastuzumab",,Homo sapiens,GPL24676,OTHER,genomic,True,SRX21974431,True,,,
GEO:GSE244535,GSM7818797,UNRESOLVED,UNRESOLVED,,SKBR3,,,1,UNRESOLVED,NOT_RUN,,SKBR3 H3K4me3 cuttag rep1,SKBR3,"cell line: SKBR3 | cell type: Breast; Mammary gland, epithelial | treatment: none",,Homo sapiens,GPL24676,OTHER,genomic,False,SRX21974432,True,,,
GEO:GSE244535,GSM7818798,UNRESOLVED,UNRESOLVED,,SKBR3,,,2,UNRESOLVED,NOT_RUN,,SKBR3 H3K4me3 cuttag rep2,SKBR3,"cell line: SKBR3 | cell type: Breast; Mammary gland, epithelial | treatment: none",,Homo sapiens,GPL24676,OTHER,genomic,False,SRX21974433,True,,,
GEO:GSE244535,GSM7818799,UNRESOLVED,UNRESOLVED,,SKBR3,,,1,UNRESOLVED,NOT_RUN,,SKBR3_HR H3K4me3 cuttag rep1,SKBR3,"cell line: SKBR3 | cell type: Breast; Mammary gland, epithelial | treatment: trastuzumab",,Homo sapiens,GPL24676,OTHER,genomic,True,SRX21974434,True,,,
GEO:GSE244535,GSM7818800,UNRESOLVED,UNRESOLVED,,SKBR3,,,2,UNRESOLVED,NOT_RUN,,SKBR3_HR H3K4me3 cuttag rep2,SKBR3,"cell line: SKBR3 | cell type: Breast; Mammary gland, epithelial | treatment: trastuzumab",,Homo sapiens,GPL24676,OTHER,genomic,True,SRX21974435,True,,,
GEO:GSE244535,GSM7818801,UNRESOLVED,UNRESOLVED,,SKBR3,,,1,UNRESOLVED,NOT_RUN,,SKBR3 H3K27ac cuttag rep1,SKBR3,"cell line: SKBR3 | cell type: Breast; Mammary gland, epithelial | treatment: none",,Homo sapiens,GPL24676,OTHER,genomic,False,SRX21974436,True,,,
GEO:GSE244535,GSM7818802,UNRESOLVED,UNRESOLVED,,SKBR3,,,2,UNRESOLVED,NOT_RUN,,SKBR3 H3K27ac cuttag rep2,SKBR3,"cell line: SKBR3 | cell type: Breast; Mammary gland, epithelial | treatment: none",,Homo sapiens,GPL24676,OTHER,genomic,False,SRX21974437,True,,,
GEO:GSE244535,GSM7818803,UNRESOLVED,UNRESOLVED,,SKBR3,,,1,UNRESOLVED,NOT_RUN,,SKBR3_HR H3K27ac cuttag rep1,SKBR3,"cell line: SKBR3 | cell type: Breast; Mammary gland, epithelial | treatment: trastuzumab",,Homo sapiens,GPL24676,OTHER,genomic,True,SRX21974438,True,,,
GEO:GSE244535,GSM7818804,UNRESOLVED,UNRESOLVED,,SKBR3,,,2,UNRESOLVED,NOT_RUN,,SKBR3_HR H3K27ac cuttag rep2,SKBR3,"cell line: SKBR3 | cell type: Breast; Mammary gland, epithelial | treatment: trastuzumab",,Homo sapiens,GPL24676,OTHER,genomic,True,SRX21974439,True,,,
GEO:GSE244535,GSM7818805,UNRESOLVED,UNRESOLVED,,SKBR3,,,,UNRESOLVED,NOT_RUN,,SKBR3 cuttag input,SKBR3,"cell line: SKBR3 | cell type: Breast; Mammary gland, epithelial | treatment: none",,Homo sapiens,GPL24676,OTHER,genomic,False,SRX21974440,True,,,
GEO:GSE244535,GSM7818806,UNRESOLVED,UNRESOLVED,,SKBR3,,,,UNRESOLVED,NOT_RUN,,SKBR3_HR cuttag input,SKBR3,"cell line: SKBR3 | cell type: Breast; Mammary gland, epithelial | treatment: trastuzumab",,Homo sapiens,GPL24676,OTHER,genomic,True,SRX21974441,True,,,
GEO:GSE244537,GSM7818783,UNRESOLVED,UNRESOLVED,,SKBR3,,,,UNRESOLVED,NOT_RUN,,SKBR3_rep1,SKBR3,"cell line: SKBR3 | cell type: Breast; Mammary gland, epithelial | treatment: none",,Homo sapiens,GPL24676,RNA-Seq,transcriptomic,False,SRX21974442,True,,,
GEO:GSE244537,GSM7818784,UNRESOLVED,UNRESOLVED,,SKBR3,,,,UNRESOLVED,NOT_RUN,,SKBR3_rep2,SKBR3,"cell line: SKBR3 | cell type: Breast; Mammary gland, epithelial | treatment: none",,Homo sapiens,GPL24676,RNA-Seq,transcriptomic,False,SRX21974443,True,,,
GEO:GSE244537,GSM7818785,UNRESOLVED,UNRESOLVED,,SKBR3,,,,UNRESOLVED,NOT_RUN,,SKBR3_rep3,SKBR3,"cell line: SKBR3 | cell type: Breast; Mammary gland, epithelial | treatment: none",,Homo sapiens,GPL24676,RNA-Seq,transcriptomic,False,SRX21974444,True,,,
GEO:GSE244537,GSM7818786,UNRESOLVED,UNRESOLVED,,SKBR3,,,,UNRESOLVED,NOT_RUN,,SKBR3_HR_rep1,SKBR3,"cell line: SKBR3 | cell type: Breast; Mammary gland, epithelial | treatment: trastuzumab",,Homo sapiens,GPL24676,RNA-Seq,transcriptomic,True,SRX21974445,True,,,
GEO:GSE244537,GSM7818787,UNRESOLVED,UNRESOLVED,,SKBR3,,,,UNRESOLVED,NOT_RUN,,SKBR3_HR_rep2,SKBR3,"cell line: SKBR3 | cell type: Breast; Mammary gland, epithelial | treatment: trastuzumab",,Homo sapiens,GPL24676,RNA-Seq,transcriptomic,True,SRX21974446,True,,,
GEO:GSE244537,GSM7818788,UNRESOLVED,UNRESOLVED,,SKBR3,,,,UNRESOLVED,NOT_RUN,,SKBR3_HR_rep3,SKBR3,"cell line: SKBR3 | cell type: Breast; Mammary gland, epithelial | treatment: trastuzumab",,Homo sapiens,GPL24676,RNA-Seq,transcriptomic,True,SRX21974447,True,,,
GEO:GSE244537,GSM7818793,UNRESOLVED,UNRESOLVED,,SKBR3,,,1,UNRESOLVED,NOT_RUN,,SKBR3 H3K27me3 cuttag rep1,SKBR3,"cell line: SKBR3 | cell type: Breast; Mammary gland, epithelial | treatment: none",,Homo sapiens,GPL24676,OTHER,genomic,False,SRX21974428,True,,,
GEO:GSE244537,GSM7818794,UNRESOLVED,UNRESOLVED,,SKBR3,,,2,UNRESOLVED,NOT_RUN,,SKBR3 H3K27me3 cuttag rep2,SKBR3,"cell line: SKBR3 | cell type: Breast; Mammary gland, epithelial | treatment: none",,Homo sapiens,GPL24676,OTHER,genomic,False,SRX21974429,True,,,
GEO:GSE244537,GSM7818795,UNRESOLVED,UNRESOLVED,,SKBR3,,,1,UNRESOLVED,NOT_RUN,,SKBR3_HR H3K27me3 cuttag rep1,SKBR3,"cell line: SKBR3 | cell type: Breast; Mammary gland, epithelial | treatment: trastuzumab",,Homo sapiens,GPL24676,OTHER,genomic,True,SRX21974430,True,,,
GEO:GSE244537,GSM7818796,UNRESOLVED,UNRESOLVED,,SKBR3,,,2,UNRESOLVED,NOT_RUN,,SKBR3_HR H3K27me3 cuttag rep2,SKBR3,"cell line: SKBR3 | cell type: Breast; Mammary gland, epithelial | treatment: trastuzumab",,Homo sapiens,GPL24676,OTHER,genomic,True,SRX21974431,True,,,
GEO:GSE244537,GSM7818797,UNRESOLVED,UNRESOLVED,,SKBR3,,,1,UNRESOLVED,NOT_RUN,,SKBR3 H3K4me3 cuttag rep1,SKBR3,"cell line: SKBR3 | cell type: Breast; Mammary gland, epithelial | treatment: none",,Homo sapiens,GPL24676,OTHER,genomic,False,SRX21974432,True,,,
GEO:GSE244537,GSM7818798,UNRESOLVED,UNRESOLVED,,SKBR3,,,2,UNRESOLVED,NOT_RUN,,SKBR3 H3K4me3 cuttag rep2,SKBR3,"cell line: SKBR3 | cell type: Breast; Mammary gland, epithelial | treatment: none",,Homo sapiens,GPL24676,OTHER,genomic,False,SRX21974433,True,,,
GEO:GSE244537,GSM7818799,UNRESOLVED,UNRESOLVED,,SKBR3,,,1,UNRESOLVED,NOT_RUN,,SKBR3_HR H3K4me3 cuttag rep1,SKBR3,"cell line: SKBR3 | cell type: Breast; Mammary gland, epithelial | treatment: trastuzumab",,Homo sapiens,GPL24676,OTHER,genomic,True,SRX21974434,True,,,
GEO:GSE244537,GSM7818800,UNRESOLVED,UNRESOLVED,,SKBR3,,,2,UNRESOLVED,NOT_RUN,,SKBR3_HR H3K4me3 cuttag rep2,SKBR3,"cell line: SKBR3 | cell type: Breast; Mammary gland, epithelial | treatment: trastuzumab",,Homo sapiens,GPL24676,OTHER,genomic,True,SRX21974435,True,,,
GEO:GSE244537,GSM7818801,UNRESOLVED,UNRESOLVED,,SKBR3,,,1,UNRESOLVED,NOT_RUN,,SKBR3 H3K27ac cuttag rep1,SKBR3,"cell line: SKBR3 | cell type: Breast; Mammary gland, epithelial | treatment: none",,Homo sapiens,GPL24676,OTHER,genomic,False,SRX21974436,True,,,
GEO:GSE244537,GSM7818802,UNRESOLVED,UNRESOLVED,,SKBR3,,,2,UNRESOLVED,NOT_RUN,,SKBR3 H3K27ac cuttag rep2,SKBR3,"cell line: SKBR3 | cell type: Breast; Mammary gland, epithelial | treatment: none",,Homo sapiens,GPL24676,OTHER,genomic,False,SRX21974437,True,,,
GEO:GSE244537,GSM7818803,UNRESOLVED,UNRESOLVED,,SKBR3,,,1,UNRESOLVED,NOT_RUN,,SKBR3_HR H3K27ac cuttag rep1,SKBR3,"cell line: SKBR3 | cell type: Breast; Mammary gland, epithelial | treatment: trastuzumab",,Homo sapiens,GPL24676,OTHER,genomic,True,SRX21974438,True,,,
GEO:GSE244537,GSM7818804,UNRESOLVED,UNRESOLVED,,SKBR3,,,2,UNRESOLVED,NOT_RUN,,SKBR3_HR H3K27ac cuttag rep2,SKBR3,"cell line: SKBR3 | cell type: Breast; Mammary gland, epithelial | treatment: trastuzumab",,Homo sapiens,GPL24676,OTHER,genomic,True,SRX21974439,True,,,
GEO:GSE244537,GSM7818805,UNRESOLVED,UNRESOLVED,,SKBR3,,,,UNRESOLVED,NOT_RUN,,SKBR3 cuttag input,SKBR3,"cell line: SKBR3 | cell type: Breast; Mammary gland, epithelial | treatment: none",,Homo sapiens,GPL24676,OTHER,genomic,False,SRX21974440,True,,,
GEO:GSE244537,GSM7818806,UNRESOLVED,UNRESOLVED,,SKBR3,,,,UNRESOLVED,NOT_RUN,,SKBR3_HR cuttag input,SKBR3,"cell line: SKBR3 | cell type: Breast; Mammary gland, epithelial | treatment: trastuzumab",,Homo sapiens,GPL24676,OTHER,genomic,True,SRX21974441,True,,,
GEO:GSE245486,GSM7843744,SENSITIVE_OR_PARENTAL,SENSITIVE_OR_PARENTAL,Cells were transduced with lentivirus and selected with puromycin.,BT474,,,,UNRESOLVED,NOT_RUN,,BT474T_1,BT474 cells,knockout: Control,,Homo sapiens,GPL18573,RNA-Seq,transcriptomic,False,SRX22107635,True,,,
GEO:GSE245486,GSM7843745,SENSITIVE_OR_PARENTAL,SENSITIVE_OR_PARENTAL,Cells were transduced with lentivirus and selected with puromycin.,BT474,,,,UNRESOLVED,NOT_RUN,,BT474T_2,BT474 cells,knockout: Control,,Homo sapiens,GPL18573,RNA-Seq,transcriptomic,False,SRX22107636,True,,,
GEO:GSE245486,GSM7843746,SENSITIVE_OR_PARENTAL,SENSITIVE_OR_PARENTAL,Cells were transduced with lentivirus and selected with puromycin.,BT474,,,,UNRESOLVED,NOT_RUN,,HR6_1,BT474 cells,knockout: Control,,Homo sapiens,GPL18573,RNA-Seq,transcriptomic,False,SRX22107637,True,,,
GEO:GSE245486,GSM7843747,SENSITIVE_OR_PARENTAL,SENSITIVE_OR_PARENTAL,Cells were transduced with lentivirus and selected with puromycin.,BT474,,,,UNRESOLVED,NOT_RUN,,HR6_2,BT474 cells,knockout: Control,,Homo sapiens,GPL18573,RNA-Seq,transcriptomic,False,SRX22107638,True,,,
GEO:GSE245486,GSM7843748,UNRESOLVED,UNRESOLVED,Cells were transduced with lentivirus and selected with puromycin.,BT474,,,,UNRESOLVED,NOT_RUN,,HR6_Z8KO1_1,BT474 cells,knockout: ZMYND8,,Homo sapiens,GPL18573,RNA-Seq,transcriptomic,False,SRX22107639,True,,,
GEO:GSE245486,GSM7843749,UNRESOLVED,UNRESOLVED,Cells were transduced with lentivirus and selected with puromycin.,BT474,,,,UNRESOLVED,NOT_RUN,,HR6_Z8KO1_2,BT474 cells,knockout: ZMYND8,,Homo sapiens,GPL18573,RNA-Seq,transcriptomic,False,SRX22107640,True,,,
GEO:GSE245486,GSM7843750,UNRESOLVED,UNRESOLVED,Cells were transduced with lentivirus and selected with puromycin.,BT474,,,,UNRESOLVED,NOT_RUN,,HR6_Z8KO2_1,BT474 cells,knockout: ZMYND8,,Homo sapiens,GPL18573,RNA-Seq,transcriptomic,False,SRX22107641,True,,,
GEO:GSE245486,GSM7843751,UNRESOLVED,UNRESOLVED,Cells were transduced with lentivirus and selected with puromycin.,BT474,,,,UNRESOLVED,NOT_RUN,,HR6_Z8KO2_2,BT474 cells,knockout: ZMYND8,,Homo sapiens,GPL18573,RNA-Seq,transcriptomic,False,SRX22107642,True,,,
GEO:GSE262860,GSM8180641,SENSITIVE_OR_PARENTAL,SENSITIVE_OR_PARENTAL,No treatment,,,,,UNRESOLVED,NOT_RUN,,"PDX-M1 tumor (J000100674, 6th generation)",breast cancer tumor tissue,tissue: breast cancer tumor tissue | cell type: Mammary Epithelial Cells | genotype: Control | treatment: No | generation: 6th generation,,Homo sapiens,GPL24676,RNA-Seq,transcriptomic,False,SRX24107909,True,,,
GEO:GSE262860,GSM8180642,SENSITIVE_OR_PARENTAL,SENSITIVE_OR_PARENTAL,No treatment,,,,,UNRESOLVED,NOT_RUN,,"PDX-M2 tumor (J000111056, 6th generation)",breast cancer tumor tissue,tissue: breast cancer tumor tissue | cell type: Mammary Epithelial Cells | genotype: Control | treatment: No | generation: 6th generation,,Homo sapiens,GPL24676,RNA-Seq,transcriptomic,False,SRX24107910,True,,,
GEO:GSE286038,GSM8715425,UNRESOLVED,UNRESOLVED,"When tumors reached ~100 mm3, mice were randomized into four groups, and treated with either vehicle, fulvestrant (5 mg/mouse/week s.c.), neratinib (40 mg/kg P.O.) or a combination of fulvestrant and neratinib for four to five weeks.",,,eared,,UNRESOLVED,NOT_RUN,,"Multiome, PDX, DMSO Treatment, GEX",breast cancer xenograft,tissue: breast cancer xenograft | cell type: breast cancer cells | treatment: DMSO,Library name: HCI032-CON_RNA,Homo sapiens,GPL24676,RNA-Seq,transcriptomic single cell,False,SRX27274077,True,,,
GEO:GSE286038,GSM8715426,UNRESOLVED,UNRESOLVED,"When tumors reached ~100 mm3, mice were randomized into four groups, and treated with either vehicle, fulvestrant (5 mg/mouse/week s.c.), neratinib (40 mg/kg P.O.) or a combination of fulvestrant and neratinib for four to five weeks.",,,eared,,UNRESOLVED,NOT_RUN,,"Multiome, PDX, DMSO Treatment, ATAC",breast cancer xenograft,tissue: breast cancer xenograft | cell type: breast cancer cells | treatment: DMSO,Library name: HCI032-CON_ATAC,Homo sapiens,GPL24676,ATAC-seq,genomic single cell,False,SRX27274078,True,,,
GEO:GSE286038,GSM8715427,UNRESOLVED,UNRESOLVED,"When tumors reached ~100 mm3, mice were randomized into four groups, and treated with either vehicle, fulvestrant (5 mg/mouse/week s.c.), neratinib (40 mg/kg P.O.) or a combination of fulvestrant and neratinib for four to five weeks.",,,eared,,UNRESOLVED,NOT_RUN,,"Multiome, PDX, Neratinib Treatment, GEX",breast cancer xenograft,tissue: breast cancer xenograft | cell type: breast cancer cells | treatment: Neratinib,Library name: HCI032-NER_RNA,Homo sapiens,GPL24676,RNA-Seq,transcriptomic single cell,False,SRX27274079,True,,,
GEO:GSE286038,GSM8715428,UNRESOLVED,UNRESOLVED,"When tumors reached ~100 mm3, mice were randomized into four groups, and treated with either vehicle, fulvestrant (5 mg/mouse/week s.c.), neratinib (40 mg/kg P.O.) or a combination of fulvestrant and neratinib for four to five weeks.",,,eared,,UNRESOLVED,NOT_RUN,,"Multiome, PDX, Neratinib Treatment, ATAC",breast cancer xenograft,tissue: breast cancer xenograft | cell type: breast cancer cells | treatment: Neratinib,Library name: HCI032-NER_ATAC,Homo sapiens,GPL24676,ATAC-seq,genomic single cell,False,SRX27274080,True,,,
GEO:GSE286038,GSM8715429,UNRESOLVED,UNRESOLVED,"When tumors reached ~100 mm3, mice were randomized into four groups, and treated with either vehicle, fulvestrant (5 mg/mouse/week s.c.), neratinib (40 mg/kg P.O.) or a combination of fulvestrant and neratinib for four to five weeks.",,,eared,,UNRESOLVED,NOT_RUN,,"Multiome, PDX, Fulvestrant Treatment, GEX",breast cancer xenograft,tissue: breast cancer xenograft | cell type: breast cancer cells | treatment: Fulvestrant,Library name: HCI032-FV_RNA,Homo sapiens,GPL24676,RNA-Seq,transcriptomic single cell,False,SRX27274081,True,,,
GEO:GSE286038,GSM8715430,UNRESOLVED,UNRESOLVED,"When tumors reached ~100 mm3, mice were randomized into four groups, and treated with either vehicle, fulvestrant (5 mg/mouse/week s.c.), neratinib (40 mg/kg P.O.) or a combination of fulvestrant and neratinib for four to five weeks.",,,eared,,UNRESOLVED,NOT_RUN,,"Multiome, PDX, Fulvestrant Treatment, ATAC",breast cancer xenograft,tissue: breast cancer xenograft | cell type: breast cancer cells | treatment: Fulvestrant,Library name: HCI032-FV_ATAC,Homo sapiens,GPL24676,ATAC-seq,genomic single cell,False,SRX27274082,True,,,
GEO:GSE286038,GSM8715431,UNRESOLVED,UNRESOLVED,"When tumors reached ~100 mm3, mice were randomized into four groups, and treated with either vehicle, fulvestrant (5 mg/mouse/week s.c.), neratinib (40 mg/kg P.O.) or a combination of fulvestrant and neratinib for four to five weeks.",,,eared,,UNRESOLVED,NOT_RUN,,"Multiome, PDX, Neratinib and Fulvestrant Treatments, GEX",breast cancer xenograft,tissue: breast cancer xenograft | cell type: breast cancer cells | treatment: Neratinib+Fulvestrant,Library name: HCI032-FVNER_RNA,Homo sapiens,GPL24676,RNA-Seq,transcriptomic single cell,False,SRX27274083,True,,,
GEO:GSE286038,GSM8715432,UNRESOLVED,UNRESOLVED,"When tumors reached ~100 mm3, mice were randomized into four groups, and treated with either vehicle, fulvestrant (5 mg/mouse/week s.c.), neratinib (40 mg/kg P.O.) or a combination of fulvestrant and neratinib for four to five weeks.",,,eared,,UNRESOLVED,NOT_RUN,,"Multiome, PDX, Neratinib and Fulvestrant Treatment, ATAC",breast cancer xenograft,tissue: breast cancer xenograft | cell type: breast cancer cells | treatment: Neratinib+Fulvestrant,Library name: HCI032-FVNER_ATAC,Homo sapiens,GPL24676,ATAC-seq,genomic single cell,False,SRX27274084,True,,,
GEO:GSE297715,GSM8997256,UNRESOLVED,UNRESOLVED,,SKBR3,,,1,UNRESOLVED,NOT_RUN,,SKBR3 H3K27me3 rep1,SKBR3,"cell line: SKBR3 | cell type: Breast; Mammary gland, epithelial",Library name: SKBR3 H3K27me3 rep1,Homo sapiens,GPL24676,OTHER,genomic,False,SRX28877252,True,,,
GEO:GSE297715,GSM8997257,UNRESOLVED,UNRESOLVED,,SKBR3,,,2,UNRESOLVED,NOT_RUN,,SKBR3 H3K27me3 rep2,SKBR3,"cell line: SKBR3 | cell type: Breast; Mammary gland, epithelial",Library name: SKBR3 H3K27me3 rep2,Homo sapiens,GPL24676,OTHER,genomic,False,SRX28877253,True,,,
GEO:GSE297715,GSM8997258,UNRESOLVED,UNRESOLVED,,SKBR3,,,1,UNRESOLVED,NOT_RUN,,SKBR3 H3K4me3 rep1,SKBR3,"cell line: SKBR3 | cell type: Breast; Mammary gland, epithelial",Library name: SKBR3 H3K4me3 rep1,Homo sapiens,GPL24676,OTHER,genomic,False,SRX28877254,True,,,
GEO:GSE297715,GSM8997259,UNRESOLVED,UNRESOLVED,,SKBR3,,,2,UNRESOLVED,NOT_RUN,,SKBR3 H3K4me3 rep2,SKBR3,"cell line: SKBR3 | cell type: Breast; Mammary gland, epithelial",Library name: SKBR3 H3K4me3 rep2,Homo sapiens,GPL24676,OTHER,genomic,False,SRX28877255,True,,,
GEO:GSE297715,GSM8997260,UNRESOLVED,UNRESOLVED,,SKBR3,,,1,UNRESOLVED,NOT_RUN,,SKBR3 H3K27ac rep1,SKBR3,"cell line: SKBR3 | cell type: Breast; Mammary gland, epithelial",Library name: SKBR3 H3K27ac rep1,Homo sapiens,GPL24676,OTHER,genomic,False,SRX28877256,True,,,
GEO:GSE297715,GSM8997261,UNRESOLVED,UNRESOLVED,,SKBR3,,,2,UNRESOLVED,NOT_RUN,,SKBR3 H3K27ac rep2,SKBR3,"cell line: SKBR3 | cell type: Breast; Mammary gland, epithelial",Library name: SKBR3 H3K27ac rep2,Homo sapiens,GPL24676,OTHER,genomic,False,SRX28877257,True,,,
GEO:GSE297715,GSM8997262,UNRESOLVED,UNRESOLVED,,SKBR3,,,1,UNRESOLVED,NOT_RUN,,SKBR3 CTCF rep1,SKBR3,"cell line: SKBR3 | cell type: Breast; Mammary gland, epithelial",Library name: SKBR3 CTCF rep1,Homo sapiens,GPL24676,OTHER,genomic,False,SRX28877258,True,,,
GEO:GSE297715,GSM8997263,UNRESOLVED,UNRESOLVED,,SKBR3,,,2,UNRESOLVED,NOT_RUN,,SKBR3 CTCF rep2,SKBR3,"cell line: SKBR3 | cell type: Breast; Mammary gland, epithelial",Library name: SKBR3 CTCF rep2,Homo sapiens,GPL24676,OTHER,genomic,False,SRX28877259,True,,,
GEO:GSE297715,GSM8997264,UNRESOLVED,UNRESOLVED,,SKBR3,,,1,UNRESOLVED,NOT_RUN,,SKBR3 RNApolII rep1,SKBR3,"cell line: SKBR3 | cell type: Breast; Mammary gland, epithelial",Library name: SKBR3 RNApolII rep1,Homo sapiens,GPL24676,OTHER,genomic,False,SRX28877260,True,,,
GEO:GSE297715,GSM8997265,UNRESOLVED,UNRESOLVED,,SKBR3,,,2,UNRESOLVED,NOT_RUN,,SKBR3 RNApolII rep2,SKBR3,"cell line: SKBR3 | cell type: Breast; Mammary gland, epithelial",Library name: SKBR3 RNApolII rep2,Homo sapiens,GPL24676,OTHER,genomic,False,SRX28877261,True,,,
GEO:GSE297715,GSM8997266,UNRESOLVED,UNRESOLVED,,,,,1,UNRESOLVED,NOT_RUN,,JIMT1 H3K27me3 rep1,JIMT1,"cell line: JIMT1 | cell type: Breast; Mammary gland, epithelial",Library name: JIMT1 H3K27me3 rep1,Homo sapiens,GPL24676,OTHER,genomic,False,SRX28877262,True,,,
GEO:GSE297715,GSM8997267,UNRESOLVED,UNRESOLVED,,,,,2,UNRESOLVED,NOT_RUN,,JIMT1 H3K27me3 rep2,JIMT1,"cell line: JIMT1 | cell type: Breast; Mammary gland, epithelial",Library name: JIMT1 H3K27me3 rep2,Homo sapiens,GPL24676,OTHER,genomic,False,SRX28877263,True,,,
GEO:GSE297715,GSM8997268,UNRESOLVED,UNRESOLVED,,,,,1,UNRESOLVED,NOT_RUN,,JIMT1 H3K4me3 rep1,JIMT1,"cell line: JIMT1 | cell type: Breast; Mammary gland, epithelial",Library name: JIMT1 H3K4me3 rep1,Homo sapiens,GPL24676,OTHER,genomic,False,SRX28877264,True,,,
GEO:GSE297715,GSM8997269,UNRESOLVED,UNRESOLVED,,,,,2,UNRESOLVED,NOT_RUN,,JIMT1 H3K4me3 rep2,JIMT1,"cell line: JIMT1 | cell type: Breast; Mammary gland, epithelial",Library name: JIMT1 H3K4me3 rep2,Homo sapiens,GPL24676,OTHER,genomic,False,SRX28877265,True,,,
GEO:GSE297715,GSM8997270,UNRESOLVED,UNRESOLVED,,,,,1,UNRESOLVED,NOT_RUN,,JIMT1 H3K27ac rep1,JIMT1,"cell line: JIMT1 | cell type: Breast; Mammary gland, epithelial",Library name: JIMT1 H3K27ac rep1,Homo sapiens,GPL24676,OTHER,genomic,False,SRX28877266,True,,,
GEO:GSE297715,GSM8997271,UNRESOLVED,UNRESOLVED,,,,,2,UNRESOLVED,NOT_RUN,,JIMT1 H3K27ac rep2,JIMT1,"cell line: JIMT1 | cell type: Breast; Mammary gland, epithelial",Library name: JIMT1 H3K27ac rep2,Homo sapiens,GPL24676,OTHER,genomic,False,SRX28877267,True,,,
GEO:GSE297715,GSM8997272,UNRESOLVED,UNRESOLVED,,,,,1,UNRESOLVED,NOT_RUN,,JIMT1 CTCF rep1,JIMT1,"cell line: JIMT1 | cell type: Breast; Mammary gland, epithelial",Library name: JIMT1 CTCF rep1,Homo sapiens,GPL24676,OTHER,genomic,False,SRX28877268,True,,,
GEO:GSE297715,GSM8997273,UNRESOLVED,UNRESOLVED,,,,,2,UNRESOLVED,NOT_RUN,,JIMT1 CTCF rep2,JIMT1,"cell line: JIMT1 | cell type: Breast; Mammary gland, epithelial",Library name: JIMT1 CTCF rep2,Homo sapiens,GPL24676,OTHER,genomic,False,SRX28877269,True,,,
GEO:GSE297715,GSM8997274,UNRESOLVED,UNRESOLVED,,,,,1,UNRESOLVED,NOT_RUN,,JIMT1 RNApolII rep1,JIMT1,"cell line: JIMT1 | cell type: Breast; Mammary gland, epithelial",Library name: JIMT1 RNApolII rep1,Homo sapiens,GPL24676,OTHER,genomic,False,SRX28877270,True,,,
GEO:GSE297715,GSM8997275,UNRESOLVED,UNRESOLVED,,,,,2,UNRESOLVED,NOT_RUN,,JIMT1 RNApolII rep2,JIMT1,"cell line: JIMT1 | cell type: Breast; Mammary gland, epithelial",Library name: JIMT1 RNApolII rep2,Homo sapiens,GPL24676,OTHER,genomic,False,SRX28877271,True,,,
GEO:GSE297774,GSM8999191,UNRESOLVED,UNRESOLVED,,,,,,UNRESOLVED,NOT_RUN,,JIMT1_rep1,JIMT1,"cell line: JIMT1 | cell type: Breast; Mammary gland, epithelial",Library name: JIMT1_rep1,Homo sapiens,GPL24676,RNA-Seq,transcriptomic,False,SRX28889093,True,,,
GEO:GSE297774,GSM8999192,UNRESOLVED,UNRESOLVED,,,,,,UNRESOLVED,NOT_RUN,,JIMT1_rep2,JIMT1,"cell line: JIMT1 | cell type: Breast; Mammary gland, epithelial",Library name: JIMT1_rep2,Homo sapiens,GPL24676,RNA-Seq,transcriptomic,False,SRX28889094,True,,,
GEO:GSE297774,GSM8999193,UNRESOLVED,UNRESOLVED,,,,,,UNRESOLVED,NOT_RUN,,JIMT1_rep3,JIMT1,"cell line: JIMT1 | cell type: Breast; Mammary gland, epithelial",Library name: JIMT1_rep3,Homo sapiens,GPL24676,RNA-Seq,transcriptomic,False,SRX28889095,True,,,
GEO:GSE300749,GSM9067954,AMBIGUOUS,AMBIGUOUS,"Human HER2+ breast cancer cell lines BT474 TS (trastuzumab-sensitive) and TR (trastuzumab-resistant) were obtained from the American Type Culture Collection (ATCC, Manassas, VI, USA). The CB2R knockout (KO) cell line was generated by knocking out CB2R expression in TS cells using CRISPR/Cas9. The following RNA guide targeting CB2R exon 3 was cloned into the pLv-puro-sgRNA lentiviral plasmid: TCC GGA ATC ATC TAC ACC TA (TGG) (Addgene #7140, Watertown, MA, USA). TS cells stably expressing Cas9 (via infection with a pCLIP-hCMV-Cas9-Nuclease-Blast lentiviral plasmid, kindly donated by Dr. Markus Müschen, City of Hope Comprehensive Cancer Center, Duarte, CA, USA) were infected with the CB2R-targeting guide. Cells incorporating both Cas9 and guide were selected via antibiotic resistance, and CB2R knockout was confirmed by genomic PCR. The scramble control (SCR) cell line was generated using the same protocol but with a scramble guide (CCT AAG GTT AAG TCG CCC TCG CTC GAG CGA GGG CGA CTT AAC CT TAGG). The CB2R rescue (RESC) and TR CB2R cell lines were derived from CB2R KO and TR cells, respectively, via lentiviral transduction of the pLv-neo-CMV-hCNR2 plasmid. Briefly, lentiviral particles were produced by transfecting HEK293T cells with envelope (pMD2.G, Addgene #12259), packaging (psPAX2, Addgene #12260), and donor plasmids (CB2R, pLv-neo-hCNR2, Vector Builder, Neu-Isenburg, Germany). Conditioned medium containing recombinant lentiviruses was collected, filtered, and used to infect CB2R KO and TR cells.",BT474,,d,,UNRESOLVED,NOT_RUN,,BT-474_SCR_1,Breast,tissue: Breast | cell line: BT-474 | cell type: epithelial cell | genotype: WT | treatment: -,Library name: SCR1,Homo sapiens,GPL24676,RNA-Seq,transcriptomic,True,SRX29355176,True,,,
GEO:GSE300749,GSM9067955,AMBIGUOUS,AMBIGUOUS,"Human HER2+ breast cancer cell lines BT474 TS (trastuzumab-sensitive) and TR (trastuzumab-resistant) were obtained from the American Type Culture Collection (ATCC, Manassas, VI, USA). The CB2R knockout (KO) cell line was generated by knocking out CB2R expression in TS cells using CRISPR/Cas9. The following RNA guide targeting CB2R exon 3 was cloned into the pLv-puro-sgRNA lentiviral plasmid: TCC GGA ATC ATC TAC ACC TA (TGG) (Addgene #7140, Watertown, MA, USA). TS cells stably expressing Cas9 (via infection with a pCLIP-hCMV-Cas9-Nuclease-Blast lentiviral plasmid, kindly donated by Dr. Markus Müschen, City of Hope Comprehensive Cancer Center, Duarte, CA, USA) were infected with the CB2R-targeting guide. Cells incorporating both Cas9 and guide were selected via antibiotic resistance, and CB2R knockout was confirmed by genomic PCR. The scramble control (SCR) cell line was generated using the same protocol but with a scramble guide (CCT AAG GTT AAG TCG CCC TCG CTC GAG CGA GGG CGA CTT AAC CT TAGG). The CB2R rescue (RESC) and TR CB2R cell lines were derived from CB2R KO and TR cells, respectively, via lentiviral transduction of the pLv-neo-CMV-hCNR2 plasmid. Briefly, lentiviral particles were produced by transfecting HEK293T cells with envelope (pMD2.G, Addgene #12259), packaging (psPAX2, Addgene #12260), and donor plasmids (CB2R, pLv-neo-hCNR2, Vector Builder, Neu-Isenburg, Germany). Conditioned medium containing recombinant lentiviruses was collected, filtered, and used to infect CB2R KO and TR cells.",BT474,,d,,UNRESOLVED,NOT_RUN,,BT-474_SCR_2,Breast,tissue: Breast | cell line: BT-474 | cell type: epithelial cell | genotype: WT | treatment: -,Library name: SCR2,Homo sapiens,GPL24676,RNA-Seq,transcriptomic,True,SRX29355177,True,,,
GEO:GSE300749,GSM9067956,AMBIGUOUS,AMBIGUOUS,"Human HER2+ breast cancer cell lines BT474 TS (trastuzumab-sensitive) and TR (trastuzumab-resistant) were obtained from the American Type Culture Collection (ATCC, Manassas, VI, USA). The CB2R knockout (KO) cell line was generated by knocking out CB2R expression in TS cells using CRISPR/Cas9. The following RNA guide targeting CB2R exon 3 was cloned into the pLv-puro-sgRNA lentiviral plasmid: TCC GGA ATC ATC TAC ACC TA (TGG) (Addgene #7140, Watertown, MA, USA). TS cells stably expressing Cas9 (via infection with a pCLIP-hCMV-Cas9-Nuclease-Blast lentiviral plasmid, kindly donated by Dr. Markus Müschen, City of Hope Comprehensive Cancer Center, Duarte, CA, USA) were infected with the CB2R-targeting guide. Cells incorporating both Cas9 and guide were selected via antibiotic resistance, and CB2R knockout was confirmed by genomic PCR. The scramble control (SCR) cell line was generated using the same protocol but with a scramble guide (CCT AAG GTT AAG TCG CCC TCG CTC GAG CGA GGG CGA CTT AAC CT TAGG). The CB2R rescue (RESC) and TR CB2R cell lines were derived from CB2R KO and TR cells, respectively, via lentiviral transduction of the pLv-neo-CMV-hCNR2 plasmid. Briefly, lentiviral particles were produced by transfecting HEK293T cells with envelope (pMD2.G, Addgene #12259), packaging (psPAX2, Addgene #12260), and donor plasmids (CB2R, pLv-neo-hCNR2, Vector Builder, Neu-Isenburg, Germany). Conditioned medium containing recombinant lentiviruses was collected, filtered, and used to infect CB2R KO and TR cells.",BT474,,d,,UNRESOLVED,NOT_RUN,,BT-474_SCR_3,Breast,tissue: Breast | cell line: BT-474 | cell type: epithelial cell | genotype: WT | treatment: -,Library name: SCR3,Homo sapiens,GPL24676,RNA-Seq,transcriptomic,True,SRX29355178,True,,,
GEO:GSE300749,GSM9067957,AMBIGUOUS,AMBIGUOUS,"Human HER2+ breast cancer cell lines BT474 TS (trastuzumab-sensitive) and TR (trastuzumab-resistant) were obtained from the American Type Culture Collection (ATCC, Manassas, VI, USA). The CB2R knockout (KO) cell line was generated by knocking out CB2R expression in TS cells using CRISPR/Cas9. The following RNA guide targeting CB2R exon 3 was cloned into the pLv-puro-sgRNA lentiviral plasmid: TCC GGA ATC ATC TAC ACC TA (TGG) (Addgene #7140, Watertown, MA, USA). TS cells stably expressing Cas9 (via infection with a pCLIP-hCMV-Cas9-Nuclease-Blast lentiviral plasmid, kindly donated by Dr. Markus Müschen, City of Hope Comprehensive Cancer Center, Duarte, CA, USA) were infected with the CB2R-targeting guide. Cells incorporating both Cas9 and guide were selected via antibiotic resistance, and CB2R knockout was confirmed by genomic PCR. The scramble control (SCR) cell line was generated using the same protocol but with a scramble guide (CCT AAG GTT AAG TCG CCC TCG CTC GAG CGA GGG CGA CTT AAC CT TAGG). The CB2R rescue (RESC) and TR CB2R cell lines were derived from CB2R KO and TR cells, respectively, via lentiviral transduction of the pLv-neo-CMV-hCNR2 plasmid. Briefly, lentiviral particles were produced by transfecting HEK293T cells with envelope (pMD2.G, Addgene #12259), packaging (psPAX2, Addgene #12260), and donor plasmids (CB2R, pLv-neo-hCNR2, Vector Builder, Neu-Isenburg, Germany). Conditioned medium containing recombinant lentiviruses was collected, filtered, and used to infect CB2R KO and TR cells.",BT474,,d,,UNRESOLVED,NOT_RUN,,BT-474_CB2R_KO_1,Breast,tissue: Breast | cell line: BT-474 | cell type: epithelial cell | genotype: CB2R KO | treatment: -,Library name: KO1,Homo sapiens,GPL24676,RNA-Seq,transcriptomic,True,SRX29355179,True,,,
GEO:GSE300749,GSM9067958,AMBIGUOUS,AMBIGUOUS,"Human HER2+ breast cancer cell lines BT474 TS (trastuzumab-sensitive) and TR (trastuzumab-resistant) were obtained from the American Type Culture Collection (ATCC, Manassas, VI, USA). The CB2R knockout (KO) cell line was generated by knocking out CB2R expression in TS cells using CRISPR/Cas9. The following RNA guide targeting CB2R exon 3 was cloned into the pLv-puro-sgRNA lentiviral plasmid: TCC GGA ATC ATC TAC ACC TA (TGG) (Addgene #7140, Watertown, MA, USA). TS cells stably expressing Cas9 (via infection with a pCLIP-hCMV-Cas9-Nuclease-Blast lentiviral plasmid, kindly donated by Dr. Markus Müschen, City of Hope Comprehensive Cancer Center, Duarte, CA, USA) were infected with the CB2R-targeting guide. Cells incorporating both Cas9 and guide were selected via antibiotic resistance, and CB2R knockout was confirmed by genomic PCR. The scramble control (SCR) cell line was generated using the same protocol but with a scramble guide (CCT AAG GTT AAG TCG CCC TCG CTC GAG CGA GGG CGA CTT AAC CT TAGG). The CB2R rescue (RESC) and TR CB2R cell lines were derived from CB2R KO and TR cells, respectively, via lentiviral transduction of the pLv-neo-CMV-hCNR2 plasmid. Briefly, lentiviral particles were produced by transfecting HEK293T cells with envelope (pMD2.G, Addgene #12259), packaging (psPAX2, Addgene #12260), and donor plasmids (CB2R, pLv-neo-hCNR2, Vector Builder, Neu-Isenburg, Germany). Conditioned medium containing recombinant lentiviruses was collected, filtered, and used to infect CB2R KO and TR cells.",BT474,,d,,UNRESOLVED,NOT_RUN,,BT-474_CB2R_KO_2,Breast,tissue: Breast | cell line: BT-474 | cell type: epithelial cell | genotype: CB2R KO | treatment: -,Library name: KO2,Homo sapiens,GPL24676,RNA-Seq,transcriptomic,True,SRX29355180,True,,,
GEO:GSE300749,GSM9067959,AMBIGUOUS,AMBIGUOUS,"Human HER2+ breast cancer cell lines BT474 TS (trastuzumab-sensitive) and TR (trastuzumab-resistant) were obtained from the American Type Culture Collection (ATCC, Manassas, VI, USA). The CB2R knockout (KO) cell line was generated by knocking out CB2R expression in TS cells using CRISPR/Cas9. The following RNA guide targeting CB2R exon 3 was cloned into the pLv-puro-sgRNA lentiviral plasmid: TCC GGA ATC ATC TAC ACC TA (TGG) (Addgene #7140, Watertown, MA, USA). TS cells stably expressing Cas9 (via infection with a pCLIP-hCMV-Cas9-Nuclease-Blast lentiviral plasmid, kindly donated by Dr. Markus Müschen, City of Hope Comprehensive Cancer Center, Duarte, CA, USA) were infected with the CB2R-targeting guide. Cells incorporating both Cas9 and guide were selected via antibiotic resistance, and CB2R knockout was confirmed by genomic PCR. The scramble control (SCR) cell line was generated using the same protocol but with a scramble guide (CCT AAG GTT AAG TCG CCC TCG CTC GAG CGA GGG CGA CTT AAC CT TAGG). The CB2R rescue (RESC) and TR CB2R cell lines were derived from CB2R KO and TR cells, respectively, via lentiviral transduction of the pLv-neo-CMV-hCNR2 plasmid. Briefly, lentiviral particles were produced by transfecting HEK293T cells with envelope (pMD2.G, Addgene #12259), packaging (psPAX2, Addgene #12260), and donor plasmids (CB2R, pLv-neo-hCNR2, Vector Builder, Neu-Isenburg, Germany). Conditioned medium containing recombinant lentiviruses was collected, filtered, and used to infect CB2R KO and TR cells.",BT474,,d,,UNRESOLVED,NOT_RUN,,BT-474_CB2R_KO_3,Breast,tissue: Breast | cell line: BT-474 | cell type: epithelial cell | genotype: CB2R KO | treatment: -,Library name: KO3,Homo sapiens,GPL24676,RNA-Seq,transcriptomic,True,SRX29355181,True,,,
GEO:GSE300749,GSM9067960,AMBIGUOUS,AMBIGUOUS,"Human HER2+ breast cancer cell lines BT474 TS (trastuzumab-sensitive) and TR (trastuzumab-resistant) were obtained from the American Type Culture Collection (ATCC, Manassas, VI, USA). The CB2R knockout (KO) cell line was generated by knocking out CB2R expression in TS cells using CRISPR/Cas9. The following RNA guide targeting CB2R exon 3 was cloned into the pLv-puro-sgRNA lentiviral plasmid: TCC GGA ATC ATC TAC ACC TA (TGG) (Addgene #7140, Watertown, MA, USA). TS cells stably expressing Cas9 (via infection with a pCLIP-hCMV-Cas9-Nuclease-Blast lentiviral plasmid, kindly donated by Dr. Markus Müschen, City of Hope Comprehensive Cancer Center, Duarte, CA, USA) were infected with the CB2R-targeting guide. Cells incorporating both Cas9 and guide were selected via antibiotic resistance, and CB2R knockout was confirmed by genomic PCR. The scramble control (SCR) cell line was generated using the same protocol but with a scramble guide (CCT AAG GTT AAG TCG CCC TCG CTC GAG CGA GGG CGA CTT AAC CT TAGG). The CB2R rescue (RESC) and TR CB2R cell lines were derived from CB2R KO and TR cells, respectively, via lentiviral transduction of the pLv-neo-CMV-hCNR2 plasmid. Briefly, lentiviral particles were produced by transfecting HEK293T cells with envelope (pMD2.G, Addgene #12259), packaging (psPAX2, Addgene #12260), and donor plasmids (CB2R, pLv-neo-hCNR2, Vector Builder, Neu-Isenburg, Germany). Conditioned medium containing recombinant lentiviruses was collected, filtered, and used to infect CB2R KO and TR cells.",BT474,,d,,UNRESOLVED,NOT_RUN,,BT-474_Trastuzumab_Sensible_1,Breast,tissue: Breast | cell line: BT-474 | cell type: epithelial cell | genotype: WT | treatment: Trastuzumab,Library name: TS1,Homo sapiens,GPL24676,RNA-Seq,transcriptomic,True,SRX29355182,True,,,
GEO:GSE300749,GSM9067961,AMBIGUOUS,AMBIGUOUS,"Human HER2+ breast cancer cell lines BT474 TS (trastuzumab-sensitive) and TR (trastuzumab-resistant) were obtained from the American Type Culture Collection (ATCC, Manassas, VI, USA). The CB2R knockout (KO) cell line was generated by knocking out CB2R expression in TS cells using CRISPR/Cas9. The following RNA guide targeting CB2R exon 3 was cloned into the pLv-puro-sgRNA lentiviral plasmid: TCC GGA ATC ATC TAC ACC TA (TGG) (Addgene #7140, Watertown, MA, USA). TS cells stably expressing Cas9 (via infection with a pCLIP-hCMV-Cas9-Nuclease-Blast lentiviral plasmid, kindly donated by Dr. Markus Müschen, City of Hope Comprehensive Cancer Center, Duarte, CA, USA) were infected with the CB2R-targeting guide. Cells incorporating both Cas9 and guide were selected via antibiotic resistance, and CB2R knockout was confirmed by genomic PCR. The scramble control (SCR) cell line was generated using the same protocol but with a scramble guide (CCT AAG GTT AAG TCG CCC TCG CTC GAG CGA GGG CGA CTT AAC CT TAGG). The CB2R rescue (RESC) and TR CB2R cell lines were derived from CB2R KO and TR cells, respectively, via lentiviral transduction of the pLv-neo-CMV-hCNR2 plasmid. Briefly, lentiviral particles were produced by transfecting HEK293T cells with envelope (pMD2.G, Addgene #12259), packaging (psPAX2, Addgene #12260), and donor plasmids (CB2R, pLv-neo-hCNR2, Vector Builder, Neu-Isenburg, Germany). Conditioned medium containing recombinant lentiviruses was collected, filtered, and used to infect CB2R KO and TR cells.",BT474,,d,,UNRESOLVED,NOT_RUN,,BT-474_Trastuzumab_Sensible_2,Breast,tissue: Breast | cell line: BT-474 | cell type: epithelial cell | genotype: WT | treatment: Trastuzumab,Library name: TS2,Homo sapiens,GPL24676,RNA-Seq,transcriptomic,True,SRX29355183,True,,,
GEO:GSE300749,GSM9067962,AMBIGUOUS,AMBIGUOUS,"Human HER2+ breast cancer cell lines BT474 TS (trastuzumab-sensitive) and TR (trastuzumab-resistant) were obtained from the American Type Culture Collection (ATCC, Manassas, VI, USA). The CB2R knockout (KO) cell line was generated by knocking out CB2R expression in TS cells using CRISPR/Cas9. The following RNA guide targeting CB2R exon 3 was cloned into the pLv-puro-sgRNA lentiviral plasmid: TCC GGA ATC ATC TAC ACC TA (TGG) (Addgene #7140, Watertown, MA, USA). TS cells stably expressing Cas9 (via infection with a pCLIP-hCMV-Cas9-Nuclease-Blast lentiviral plasmid, kindly donated by Dr. Markus Müschen, City of Hope Comprehensive Cancer Center, Duarte, CA, USA) were infected with the CB2R-targeting guide. Cells incorporating both Cas9 and guide were selected via antibiotic resistance, and CB2R knockout was confirmed by genomic PCR. The scramble control (SCR) cell line was generated using the same protocol but with a scramble guide (CCT AAG GTT AAG TCG CCC TCG CTC GAG CGA GGG CGA CTT AAC CT TAGG). The CB2R rescue (RESC) and TR CB2R cell lines were derived from CB2R KO and TR cells, respectively, via lentiviral transduction of the pLv-neo-CMV-hCNR2 plasmid. Briefly, lentiviral particles were produced by transfecting HEK293T cells with envelope (pMD2.G, Addgene #12259), packaging (psPAX2, Addgene #12260), and donor plasmids (CB2R, pLv-neo-hCNR2, Vector Builder, Neu-Isenburg, Germany). Conditioned medium containing recombinant lentiviruses was collected, filtered, and used to infect CB2R KO and TR cells.",BT474,,d,,UNRESOLVED,NOT_RUN,,BT-474_Trastuzumab_Sensible_3,Breast,tissue: Breast | cell line: BT-474 | cell type: epithelial cell | genotype: WT | treatment: Trastuzumab,Library name: TS3,Homo sapiens,GPL24676,RNA-Seq,transcriptomic,True,SRX29355184,True,,,
GEO:GSE300749,GSM9067963,AMBIGUOUS,AMBIGUOUS,"Human HER2+ breast cancer cell lines BT474 TS (trastuzumab-sensitive) and TR (trastuzumab-resistant) were obtained from the American Type Culture Collection (ATCC, Manassas, VI, USA). The CB2R knockout (KO) cell line was generated by knocking out CB2R expression in TS cells using CRISPR/Cas9. The following RNA guide targeting CB2R exon 3 was cloned into the pLv-puro-sgRNA lentiviral plasmid: TCC GGA ATC ATC TAC ACC TA (TGG) (Addgene #7140, Watertown, MA, USA). TS cells stably expressing Cas9 (via infection with a pCLIP-hCMV-Cas9-Nuclease-Blast lentiviral plasmid, kindly donated by Dr. Markus Müschen, City of Hope Comprehensive Cancer Center, Duarte, CA, USA) were infected with the CB2R-targeting guide. Cells incorporating both Cas9 and guide were selected via antibiotic resistance, and CB2R knockout was confirmed by genomic PCR. The scramble control (SCR) cell line was generated using the same protocol but with a scramble guide (CCT AAG GTT AAG TCG CCC TCG CTC GAG CGA GGG CGA CTT AAC CT TAGG). The CB2R rescue (RESC) and TR CB2R cell lines were derived from CB2R KO and TR cells, respectively, via lentiviral transduction of the pLv-neo-CMV-hCNR2 plasmid. Briefly, lentiviral particles were produced by transfecting HEK293T cells with envelope (pMD2.G, Addgene #12259), packaging (psPAX2, Addgene #12260), and donor plasmids (CB2R, pLv-neo-hCNR2, Vector Builder, Neu-Isenburg, Germany). Conditioned medium containing recombinant lentiviruses was collected, filtered, and used to infect CB2R KO and TR cells.",BT474,,d,,UNRESOLVED,NOT_RUN,,BT-474_Trastuzumab_Resistance_1,Breast,tissue: Breast | cell line: BT-474 | cell type: epithelial cell | genotype: WT | treatment: Trastuzumab,Library name: TR1,Homo sapiens,GPL24676,RNA-Seq,transcriptomic,True,SRX29355185,True,,,
GEO:GSE300749,GSM9067964,AMBIGUOUS,AMBIGUOUS,"Human HER2+ breast cancer cell lines BT474 TS (trastuzumab-sensitive) and TR (trastuzumab-resistant) were obtained from the American Type Culture Collection (ATCC, Manassas, VI, USA). The CB2R knockout (KO) cell line was generated by knocking out CB2R expression in TS cells using CRISPR/Cas9. The following RNA guide targeting CB2R exon 3 was cloned into the pLv-puro-sgRNA lentiviral plasmid: TCC GGA ATC ATC TAC ACC TA (TGG) (Addgene #7140, Watertown, MA, USA). TS cells stably expressing Cas9 (via infection with a pCLIP-hCMV-Cas9-Nuclease-Blast lentiviral plasmid, kindly donated by Dr. Markus Müschen, City of Hope Comprehensive Cancer Center, Duarte, CA, USA) were infected with the CB2R-targeting guide. Cells incorporating both Cas9 and guide were selected via antibiotic resistance, and CB2R knockout was confirmed by genomic PCR. The scramble control (SCR) cell line was generated using the same protocol but with a scramble guide (CCT AAG GTT AAG TCG CCC TCG CTC GAG CGA GGG CGA CTT AAC CT TAGG). The CB2R rescue (RESC) and TR CB2R cell lines were derived from CB2R KO and TR cells, respectively, via lentiviral transduction of the pLv-neo-CMV-hCNR2 plasmid. Briefly, lentiviral particles were produced by transfecting HEK293T cells with envelope (pMD2.G, Addgene #12259), packaging (psPAX2, Addgene #12260), and donor plasmids (CB2R, pLv-neo-hCNR2, Vector Builder, Neu-Isenburg, Germany). Conditioned medium containing recombinant lentiviruses was collected, filtered, and used to infect CB2R KO and TR cells.",BT474,,d,,UNRESOLVED,NOT_RUN,,BT-474_Trastuzumab_Resistance_2,Breast,tissue: Breast | cell line: BT-474 | cell type: epithelial cell | genotype: WT | treatment: Trastuzumab,Library name: TR2,Homo sapiens,GPL24676,RNA-Seq,transcriptomic,True,SRX29355186,True,,,
GEO:GSE300749,GSM9067965,AMBIGUOUS,AMBIGUOUS,"Human HER2+ breast cancer cell lines BT474 TS (trastuzumab-sensitive) and TR (trastuzumab-resistant) were obtained from the American Type Culture Collection (ATCC, Manassas, VI, USA). The CB2R knockout (KO) cell line was generated by knocking out CB2R expression in TS cells using CRISPR/Cas9. The following RNA guide targeting CB2R exon 3 was cloned into the pLv-puro-sgRNA lentiviral plasmid: TCC GGA ATC ATC TAC ACC TA (TGG) (Addgene #7140, Watertown, MA, USA). TS cells stably expressing Cas9 (via infection with a pCLIP-hCMV-Cas9-Nuclease-Blast lentiviral plasmid, kindly donated by Dr. Markus Müschen, City of Hope Comprehensive Cancer Center, Duarte, CA, USA) were infected with the CB2R-targeting guide. Cells incorporating both Cas9 and guide were selected via antibiotic resistance, and CB2R knockout was confirmed by genomic PCR. The scramble control (SCR) cell line was generated using the same protocol but with a scramble guide (CCT AAG GTT AAG TCG CCC TCG CTC GAG CGA GGG CGA CTT AAC CT TAGG). The CB2R rescue (RESC) and TR CB2R cell lines were derived from CB2R KO and TR cells, respectively, via lentiviral transduction of the pLv-neo-CMV-hCNR2 plasmid. Briefly, lentiviral particles were produced by transfecting HEK293T cells with envelope (pMD2.G, Addgene #12259), packaging (psPAX2, Addgene #12260), and donor plasmids (CB2R, pLv-neo-hCNR2, Vector Builder, Neu-Isenburg, Germany). Conditioned medium containing recombinant lentiviruses was collected, filtered, and used to infect CB2R KO and TR cells.",BT474,,d,,UNRESOLVED,NOT_RUN,,BT-474_Trastuzumab_Resistance_3,Breast,tissue: Breast | cell line: BT-474 | cell type: epithelial cell | genotype: WT | treatment: Trastuzumab,Library name: TR3,Homo sapiens,GPL24676,RNA-Seq,transcriptomic,True,SRX29355187,True,,,
GEO:GSE327983,GSM9669705,UNRESOLVED,UNRESOLVED,,,,,,UNRESOLVED,NOT_RUN,,protein1,Bone,tissue: Bone,Library name: DSP-1001660022162-A-H12-Y | DSP-1001660022162-A-H12.stats.txt | DSP-1001660022162-A-H12.dcc,Homo sapiens,GPL24676,OTHER,other,False,SRX32941329,True,,,
GEO:GSE327983,GSM9669706,UNRESOLVED,UNRESOLVED,,,,,,UNRESOLVED,NOT_RUN,,protein2,Bone,tissue: Bone,Library name: DSP-1001660022162-A-H11-Y | DSP-1001660022162-A-H11.stats.txt | DSP-1001660022162-A-H11.dcc,Homo sapiens,GPL24676,OTHER,other,False,SRX32941330,True,,,
GEO:GSE327983,GSM9669707,UNRESOLVED,UNRESOLVED,,,,,,UNRESOLVED,NOT_RUN,,protein3,Bone,tissue: Bone,Library name: DSP-1001660022162-A-H10-Y | DSP-1001660022162-A-H10.stats.txt | DSP-1001660022162-A-H10.dcc,Homo sapiens,GPL24676,OTHER,other,False,SRX32941331,True,,,
GEO:GSE327983,GSM9669708,UNRESOLVED,UNRESOLVED,,,,,,UNRESOLVED,NOT_RUN,,protein4,Bone,tissue: Bone,Library name: DSP-1001660022162-A-H09-Y | DSP-1001660022162-A-H09.stats.txt | DSP-1001660022162-A-H09.dcc,Homo sapiens,GPL24676,OTHER,other,False,SRX32941332,True,,,
GEO:GSE327983,GSM9669709,UNRESOLVED,UNRESOLVED,,,,,,UNRESOLVED,NOT_RUN,,protein5,Bone,tissue: Bone,Library name: DSP-1001660022162-A-H08-Y | DSP-1001660022162-A-H08.stats.txt | DSP-1001660022162-A-H08.dcc,Homo sapiens,GPL24676,OTHER,other,False,SRX32941333,True,,,
GEO:GSE327983,GSM9669710,UNRESOLVED,UNRESOLVED,,,,,,UNRESOLVED,NOT_RUN,,protein6,Bone,tissue: Bone,Library name: DSP-1001660022162-A-H07-Y | DSP-1001660022162-A-H07.stats.txt | DSP-1001660022162-A-H07.dcc,Homo sapiens,GPL24676,OTHER,other,False,SRX32941334,True,,,
GEO:GSE327983,GSM9669711,UNRESOLVED,UNRESOLVED,,,,,,UNRESOLVED,NOT_RUN,,protein7,Bone,tissue: Bone,Library name: DSP-1001660022162-A-H06-Y | DSP-1001660022162-A-H06.stats.txt | DSP-1001660022162-A-H06.dcc,Homo sapiens,GPL24676,OTHER,other,False,SRX32941335,True,,,
GEO:GSE327983,GSM9669712,UNRESOLVED,UNRESOLVED,,,,,,UNRESOLVED,NOT_RUN,,protein8,Bone,tissue: Bone,Library name: DSP-1001660022162-A-H05-Y | DSP-1001660022162-A-H05.stats.txt | DSP-1001660022162-A-H05.dcc,Homo sapiens,GPL24676,OTHER,other,False,SRX32941336,True,,,
GEO:GSE327983,GSM9669713,UNRESOLVED,UNRESOLVED,,,,,,UNRESOLVED,NOT_RUN,,protein9,Bone,tissue: Bone,Library name: DSP-1001660022162-A-H04-Y | DSP-1001660022162-A-H04.stats.txt | DSP-1001660022162-A-H04.dcc,Homo sapiens,GPL24676,OTHER,other,False,SRX32941337,True,,,
GEO:GSE327983,GSM9669714,UNRESOLVED,UNRESOLVED,,,,,,UNRESOLVED,NOT_RUN,,protein10,Bone,tissue: Bone,Library name: DSP-1001660022162-A-H03-Y | DSP-1001660022162-A-H03.stats.txt | DSP-1001660022162-A-H03.dcc,Homo sapiens,GPL24676,OTHER,other,False,SRX32941338,True,,,
GEO:GSE327983,GSM9669715,UNRESOLVED,UNRESOLVED,,,,,,UNRESOLVED,NOT_RUN,,protein11,Bone,tissue: Bone,Library name: DSP-1001660022162-A-H02-Y | DSP-1001660022162-A-H02.stats.txt | DSP-1001660022162-A-H02.dcc,Homo sapiens,GPL24676,OTHER,other,False,SRX32941339,True,,,
GEO:GSE327983,GSM9669716,UNRESOLVED,UNRESOLVED,,,,,,UNRESOLVED,NOT_RUN,,protein12,Bone,tissue: Bone,Library name: DSP-1001660022162-A-H01-Y | DSP-1001660022162-A-H01.stats.txt | DSP-1001660022162-A-H01.dcc,Homo sapiens,GPL24676,OTHER,other,False,SRX32941340,True,,,
GEO:GSE327983,GSM9669717,UNRESOLVED,UNRESOLVED,,,,,,UNRESOLVED,NOT_RUN,,protein13,Bone,tissue: Bone,Library name: DSP-1001660022162-A-G12-Y | DSP-1001660022162-A-G12.stats.txt | DSP-1001660022162-A-G12.dcc,Homo sapiens,GPL24676,OTHER,other,False,SRX32941341,True,,,
GEO:GSE327983,GSM9669718,UNRESOLVED,UNRESOLVED,,,,,,UNRESOLVED,NOT_RUN,,protein14,Bone,tissue: Bone,Library name: DSP-1001660022162-A-G11-Y | DSP-1001660022162-A-G11.stats.txt | DSP-1001660022162-A-G11.dcc,Homo sapiens,GPL24676,OTHER,other,False,SRX32941342,True,,,
GEO:GSE327983,GSM9669719,UNRESOLVED,UNRESOLVED,,,,,,UNRESOLVED,NOT_RUN,,protein15,Bone,tissue: Bone,Library name: DSP-1001660022162-A-G10-Y | DSP-1001660022162-A-G10.stats.txt | DSP-1001660022162-A-G10.dcc,Homo sapiens,GPL24676,OTHER,other,False,SRX32941357,True,,,
GEO:GSE327983,GSM9669720,UNRESOLVED,UNRESOLVED,,,,,,UNRESOLVED,NOT_RUN,,protein16,Bone,tissue: Bone,Library name: DSP-1001660022162-A-G09-Y | DSP-1001660022162-A-G09.stats.txt | DSP-1001660022162-A-G09.dcc,Homo sapiens,GPL24676,OTHER,other,False,SRX32941358,True,,,
GEO:GSE327983,GSM9669721,UNRESOLVED,UNRESOLVED,,,,,,UNRESOLVED,NOT_RUN,,protein17,Bone,tissue: Bone,Library name: DSP-1001660022162-A-G08-Y | DSP-1001660022162-A-G08.stats.txt | DSP-1001660022162-A-G08.dcc,Homo sapiens,GPL24676,OTHER,other,False,SRX32941359,True,,,
GEO:GSE327983,GSM9669722,UNRESOLVED,UNRESOLVED,,,,,,UNRESOLVED,NOT_RUN,,protein18,Bone,tissue: Bone,Library name: DSP-1001660022162-A-G07-Y | DSP-1001660022162-A-G07.stats.txt | DSP-1001660022162-A-G07.dcc,Homo sapiens,GPL24676,OTHER,other,False,SRX32941360,True,,,
GEO:GSE327983,GSM9669723,UNRESOLVED,UNRESOLVED,,,,,,UNRESOLVED,NOT_RUN,,protein19,Bone,tissue: Bone,Library name: DSP-1001660022162-A-G06-Y | DSP-1001660022162-A-G06.stats.txt | DSP-1001660022162-A-G06.dcc,Homo sapiens,GPL24676,OTHER,other,False,SRX32941361,True,,,
GEO:GSE327983,GSM9669724,UNRESOLVED,UNRESOLVED,,,,,,UNRESOLVED,NOT_RUN,,protein20,Bone,tissue: Bone,Library name: DSP-1001660022162-A-G05-Y | DSP-1001660022162-A-G05.stats.txt | DSP-1001660022162-A-G05.dcc,Homo sapiens,GPL24676,OTHER,other,False,SRX32941362,True,,,
GEO:GSE327983,GSM9669725,UNRESOLVED,UNRESOLVED,,,,,,UNRESOLVED,NOT_RUN,,protein21,Bone,tissue: Bone,Library name: DSP-1001660022162-A-G04-Y | DSP-1001660022162-A-G04.stats.txt | DSP-1001660022162-A-G04.dcc,Homo sapiens,GPL24676,OTHER,other,False,SRX32941363,True,,,
GEO:GSE327983,GSM9669726,UNRESOLVED,UNRESOLVED,,,,,,UNRESOLVED,NOT_RUN,,protein22,Bone,tissue: Bone,Library name: DSP-1001660022162-A-G03-Y | DSP-1001660022162-A-G03.stats.txt | DSP-1001660022162-A-G03.dcc,Homo sapiens,GPL24676,OTHER,other,False,SRX32941364,True,,,
GEO:GSE327983,GSM9669727,UNRESOLVED,UNRESOLVED,,,,,,UNRESOLVED,NOT_RUN,,protein23,Bone,tissue: Bone,Library name: DSP-1001660022162-A-G02-Y | DSP-1001660022162-A-G02.stats.txt | DSP-1001660022162-A-G02.dcc,Homo sapiens,GPL24676,OTHER,other,False,SRX32941365,True,,,
GEO:GSE327983,GSM9669728,UNRESOLVED,UNRESOLVED,,,,,,UNRESOLVED,NOT_RUN,,protein24,Bone,tissue: Bone,Library name: DSP-1001660022162-A-G01-Y | DSP-1001660022162-A-G01.stats.txt | DSP-1001660022162-A-G01.dcc,Homo sapiens,GPL24676,OTHER,other,False,SRX32941366,True,,,
GEO:GSE327983,GSM9669729,UNRESOLVED,UNRESOLVED,,,,,,UNRESOLVED,NOT_RUN,,protein25,Bone,tissue: Bone,Library name: DSP-1001660022162-A-F12-Y | DSP-1001660022162-A-F12.stats.txt | DSP-1001660022162-A-F12.dcc,Homo sapiens,GPL24676,OTHER,other,False,SRX32941367,True,,,
GEO:GSE327983,GSM9669730,UNRESOLVED,UNRESOLVED,,,,,,UNRESOLVED,NOT_RUN,,protein26,Bone,tissue: Bone,Library name: DSP-1001660022162-A-F11-Y | DSP-1001660022162-A-F11.stats.txt | DSP-1001660022162-A-F11.dcc,Homo sapiens,GPL24676,OTHER,other,False,SRX32941368,True,,,
GEO:GSE327983,GSM9669731,UNRESOLVED,UNRESOLVED,,,,,,UNRESOLVED,NOT_RUN,,protein27,Bone,tissue: Bone,Library name: DSP-1001660022162-A-F10-Y | DSP-1001660022162-A-F10.stats.txt | DSP-1001660022162-A-F10.dcc,Homo sapiens,GPL24676,OTHER,other,False,SRX32941369,True,,,
GEO:GSE327983,GSM9669732,UNRESOLVED,UNRESOLVED,,,,,,UNRESOLVED,NOT_RUN,,protein28,Bone,tissue: Bone,Library name: DSP-1001660022162-A-F09-Y | DSP-1001660022162-A-F09.stats.txt | DSP-1001660022162-A-F09.dcc,Homo sapiens,GPL24676,OTHER,other,False,SRX32941370,True,,,
GEO:GSE327983,GSM9669733,UNRESOLVED,UNRESOLVED,,,,,,UNRESOLVED,NOT_RUN,,protein29,Bone,tissue: Bone,Library name: DSP-1001660022162-A-F08-Y | DSP-1001660022162-A-F08.stats.txt | DSP-1001660022162-A-F08.dcc,Homo sapiens,GPL24676,OTHER,other,False,SRX32941425,True,,,
GEO:GSE327983,GSM9669734,UNRESOLVED,UNRESOLVED,,,,,,UNRESOLVED,NOT_RUN,,protein30,Bone,tissue: Bone,Library name: DSP-1001660022162-A-F07-Y | DSP-1001660022162-A-F07.stats.txt | DSP-1001660022162-A-F07.dcc,Homo sapiens,GPL24676,OTHER,other,False,SRX32941426,True,,,
GEO:GSE327983,GSM9669735,UNRESOLVED,UNRESOLVED,,,,,,UNRESOLVED,NOT_RUN,,protein31,Bone,tissue: Bone,Library name: DSP-1001660022162-A-F06-Y | DSP-1001660022162-A-F06.stats.txt | DSP-1001660022162-A-F06.dcc,Homo sapiens,GPL24676,OTHER,other,False,SRX32941427,True,,,
GEO:GSE327983,GSM9669736,UNRESOLVED,UNRESOLVED,,,,,,UNRESOLVED,NOT_RUN,,protein32,Bone,tissue: Bone,Library name: DSP-1001660022162-A-F05-Y | DSP-1001660022162-A-F05.stats.txt | DSP-1001660022162-A-F05.dcc,Homo sapiens,GPL24676,OTHER,other,False,SRX32941428,True,,,
GEO:GSE327983,GSM9669737,UNRESOLVED,UNRESOLVED,,,,,,UNRESOLVED,NOT_RUN,,protein33,Bone,tissue: Bone,Library name: DSP-1001660022162-A-F04-Y | DSP-1001660022162-A-F04.stats.txt | DSP-1001660022162-A-F04.dcc,Homo sapiens,GPL24676,OTHER,other,False,SRX32941429,True,,,
GEO:GSE327983,GSM9669738,UNRESOLVED,UNRESOLVED,,,,,,UNRESOLVED,NOT_RUN,,protein34,Bone,tissue: Bone,Library name: DSP-1001660022162-A-F03-Y | DSP-1001660022162-A-F03.stats.txt | DSP-1001660022162-A-F03.dcc,Homo sapiens,GPL24676,OTHER,other,False,SRX32941430,True,,,
GEO:GSE327983,GSM9669739,UNRESOLVED,UNRESOLVED,,,,,,UNRESOLVED,NOT_RUN,,protein35,Bone,tissue: Bone,Library name: DSP-1001660022162-A-F02-Y | DSP-1001660022162-A-F02.stats.txt | DSP-1001660022162-A-F02.dcc,Homo sapiens,GPL24676,OTHER,other,False,SRX32941431,True,,,
GEO:GSE327983,GSM9669740,UNRESOLVED,UNRESOLVED,,,,,,UNRESOLVED,NOT_RUN,,protein36,Bone,tissue: Bone,Library name: DSP-1001660022162-A-F01-Y | DSP-1001660022162-A-F01.stats.txt | DSP-1001660022162-A-F01.dcc,Homo sapiens,GPL24676,OTHER,other,False,SRX32941432,True,,,
GEO:GSE327983,GSM9669741,UNRESOLVED,UNRESOLVED,,,,,,UNRESOLVED,NOT_RUN,,protein37,Bone,tissue: Bone,Library name: DSP-1001660022162-A-E12-Y | DSP-1001660022162-A-E12.stats.txt | DSP-1001660022162-A-E12.dcc,Homo sapiens,GPL24676,OTHER,other,False,SRX32941433,True,,,
GEO:GSE327983,GSM9669742,UNRESOLVED,UNRESOLVED,,,,,,UNRESOLVED,NOT_RUN,,protein38,Bone,tissue: Bone,Library name: DSP-1001660022162-A-E11-Y | DSP-1001660022162-A-E11.stats.txt | DSP-1001660022162-A-E11.dcc,Homo sapiens,GPL24676,OTHER,other,False,SRX32941434,True,,,
GEO:GSE327983,GSM9669743,UNRESOLVED,UNRESOLVED,,,,,,UNRESOLVED,NOT_RUN,,protein39,Bone,tissue: Bone,Library name: DSP-1001660022162-A-E10-Y | DSP-1001660022162-A-E10.stats.txt | DSP-1001660022162-A-E10.dcc,Homo sapiens,GPL24676,OTHER,other,False,SRX32941435,True,,,
GEO:GSE327983,GSM9669744,UNRESOLVED,UNRESOLVED,,,,,,UNRESOLVED,NOT_RUN,,protein40,Bone,tissue: Bone,Library name: DSP-1001660022162-A-E09-Y | DSP-1001660022162-A-E09.stats.txt | DSP-1001660022162-A-E09.dcc,Homo sapiens,GPL24676,OTHER,other,False,SRX32941436,True,,,
GEO:GSE327983,GSM9669745,UNRESOLVED,UNRESOLVED,,,,,,UNRESOLVED,NOT_RUN,,protein41,Bone,tissue: Bone,Library name: DSP-1001660022162-A-E08-Y | DSP-1001660022162-A-E08.stats.txt | DSP-1001660022162-A-E08.dcc,Homo sapiens,GPL24676,OTHER,other,False,SRX32941437,True,,,
GEO:GSE327983,GSM9669746,UNRESOLVED,UNRESOLVED,,,,,,UNRESOLVED,NOT_RUN,,protein42,Bone,tissue: Bone,Library name: DSP-1001660022162-A-E07-Y | DSP-1001660022162-A-E07.stats.txt | DSP-1001660022162-A-E07.dcc,Homo sapiens,GPL24676,OTHER,other,False,SRX32941438,True,,,
GEO:GSE327983,GSM9669747,UNRESOLVED,UNRESOLVED,,,,,,UNRESOLVED,NOT_RUN,,protein43,Bone,tissue: Bone,Library name: DSP-1001660022162-A-E06-Y | DSP-1001660022162-A-E06.stats.txt | DSP-1001660022162-A-E06.dcc,Homo sapiens,GPL24676,OTHER,other,False,SRX32941504,True,,,
GEO:GSE327983,GSM9669748,UNRESOLVED,UNRESOLVED,,,,,,UNRESOLVED,NOT_RUN,,protein44,Bone,tissue: Bone,Library name: DSP-1001660022162-A-E05-Y | DSP-1001660022162-A-E05.stats.txt | DSP-1001660022162-A-E05.dcc,Homo sapiens,GPL24676,OTHER,other,False,SRX32941505,True,,,
GEO:GSE327983,GSM9669749,UNRESOLVED,UNRESOLVED,,,,,,UNRESOLVED,NOT_RUN,,protein45,Bone,tissue: Bone,Library name: DSP-1001660022162-A-E04-Y | DSP-1001660022162-A-E04.stats.txt | DSP-1001660022162-A-E04.dcc,Homo sapiens,GPL24676,OTHER,other,False,SRX32941506,True,,,
GEO:GSE327983,GSM9669750,UNRESOLVED,UNRESOLVED,,,,,,UNRESOLVED,NOT_RUN,,protein46,Bone,tissue: Bone,Library name: DSP-1001660022162-A-E03-Y | DSP-1001660022162-A-E03.stats.txt | DSP-1001660022162-A-E03.dcc,Homo sapiens,GPL24676,OTHER,other,False,SRX32941507,True,,,
GEO:GSE327983,GSM9669751,UNRESOLVED,UNRESOLVED,,,,,,UNRESOLVED,NOT_RUN,,protein47,Bone,tissue: Bone,Library name: DSP-1001660022162-A-E02-Y | DSP-1001660022162-A-E02.stats.txt | DSP-1001660022162-A-E02.dcc,Homo sapiens,GPL24676,OTHER,other,False,SRX32941508,True,,,
GEO:GSE327983,GSM9669752,UNRESOLVED,UNRESOLVED,,,,,,UNRESOLVED,NOT_RUN,,protein48,Bone,tissue: Bone,Library name: DSP-1001660022162-A-E01-Y | DSP-1001660022162-A-E01.stats.txt | DSP-1001660022162-A-E01.dcc,Homo sapiens,GPL24676,OTHER,other,False,SRX32941509,True,,,
GEO:GSE327983,GSM9669753,UNRESOLVED,UNRESOLVED,,,,,,UNRESOLVED,NOT_RUN,,protein49,Bone,tissue: Bone,Library name: DSP-1001660022162-A-D12-Y | DSP-1001660022162-A-D12.stats.txt | DSP-1001660022162-A-D12.dcc,Homo sapiens,GPL24676,OTHER,other,False,SRX32941510,True,,,
GEO:GSE327983,GSM9669754,UNRESOLVED,UNRESOLVED,,,,,,UNRESOLVED,NOT_RUN,,protein50,Bone,tissue: Bone,Library name: DSP-1001660022162-A-D11-Y | DSP-1001660022162-A-D11.stats.txt | DSP-1001660022162-A-D11.dcc,Homo sapiens,GPL24676,OTHER,other,False,SRX32941511,True,,,
GEO:GSE327983,GSM9669755,UNRESOLVED,UNRESOLVED,,,,,,UNRESOLVED,NOT_RUN,,protein51,Bone,tissue: Bone,Library name: DSP-1001660022162-A-D10-Y | DSP-1001660022162-A-D10.stats.txt | DSP-1001660022162-A-D10.dcc,Homo sapiens,GPL24676,OTHER,other,False,SRX32941512,True,,,
GEO:GSE327983,GSM9669756,UNRESOLVED,UNRESOLVED,,,,,,UNRESOLVED,NOT_RUN,,protein52,Bone,tissue: Bone,Library name: DSP-1001660022162-A-D09-Y | DSP-1001660022162-A-D09.stats.txt | DSP-1001660022162-A-D09.dcc,Homo sapiens,GPL24676,OTHER,other,False,SRX32941513,True,,,
GEO:GSE327983,GSM9669757,UNRESOLVED,UNRESOLVED,,,,,,UNRESOLVED,NOT_RUN,,protein53,Bone,tissue: Bone,Library name: DSP-1001660022162-A-D08-Y | DSP-1001660022162-A-D08.stats.txt | DSP-1001660022162-A-D08.dcc,Homo sapiens,GPL24676,OTHER,other,False,SRX32941514,True,,,
GEO:GSE327983,GSM9669758,UNRESOLVED,UNRESOLVED,,,,,,UNRESOLVED,NOT_RUN,,protein54,Brain,tissue: Brain,Library name: DSP-1001660022162-A-D07-Y | DSP-1001660022162-A-D07.stats.txt | DSP-1001660022162-A-D07.dcc,Homo sapiens,GPL24676,OTHER,other,False,SRX32941515,True,,,
GEO:GSE327983,GSM9669759,UNRESOLVED,UNRESOLVED,,,,,,UNRESOLVED,NOT_RUN,,protein55,Brain,tissue: Brain,Library name: DSP-1001660022162-A-D06-Y | DSP-1001660022162-A-D06.stats.txt | DSP-1001660022162-A-D06.dcc,Homo sapiens,GPL24676,OTHER,other,False,SRX32941516,True,,,
GEO:GSE327983,GSM9669760,UNRESOLVED,UNRESOLVED,,,,,,UNRESOLVED,NOT_RUN,,protein56,Brain,tissue: Brain,Library name: DSP-1001660022162-A-D05-Y | DSP-1001660022162-A-D05.stats.txt | DSP-1001660022162-A-D05.dcc,Homo sapiens,GPL24676,OTHER,other,False,SRX32941517,True,,,
GEO:GSE327983,GSM9669761,UNRESOLVED,UNRESOLVED,,,,,,UNRESOLVED,NOT_RUN,,protein57,Brain,tissue: Brain,Library name: DSP-1001660022162-A-D04-Y | DSP-1001660022162-A-D04.stats.txt | DSP-1001660022162-A-D04.dcc,Homo sapiens,GPL24676,OTHER,other,False,SRX32941371,True,,,
GEO:GSE327983,GSM9669762,UNRESOLVED,UNRESOLVED,,,,,,UNRESOLVED,NOT_RUN,,protein58,Brain,tissue: Brain,Library name: DSP-1001660022162-A-D03-Y | DSP-1001660022162-A-D03.stats.txt | DSP-1001660022162-A-D03.dcc,Homo sapiens,GPL24676,OTHER,other,False,SRX32941372,True,,,
GEO:GSE327983,GSM9669763,UNRESOLVED,UNRESOLVED,,,,,,UNRESOLVED,NOT_RUN,,protein59,Brain,tissue: Brain,Library name: DSP-1001660022162-A-D02-Y | DSP-1001660022162-A-D02.stats.txt | DSP-1001660022162-A-D02.dcc,Homo sapiens,GPL24676,OTHER,other,False,SRX32941373,True,,,
GEO:GSE327983,GSM9669764,UNRESOLVED,UNRESOLVED,,,,,,UNRESOLVED,NOT_RUN,,protein60,Brain,tissue: Brain,Library name: DSP-1001660022162-A-D01-Y | DSP-1001660022162-A-D01.stats.txt | DSP-1001660022162-A-D01.dcc,Homo sapiens,GPL24676,OTHER,other,False,SRX32941374,True,,,
GEO:GSE327983,GSM9669765,UNRESOLVED,UNRESOLVED,,,,,,UNRESOLVED,NOT_RUN,,protein61,Brain,tissue: Brain,Library name: DSP-1001660022162-A-C12-Y | DSP-1001660022162-A-C12.stats.txt | DSP-1001660022162-A-C12.dcc,Homo sapiens,GPL24676,OTHER,other,False,SRX32941375,True,,,
GEO:GSE327983,GSM9669766,UNRESOLVED,UNRESOLVED,,,,,,UNRESOLVED,NOT_RUN,,protein62,Brain,tissue: Brain,Library name: DSP-1001660022162-A-C11-Y | DSP-1001660022162-A-C11.stats.txt | DSP-1001660022162-A-C11.dcc,Homo sapiens,GPL24676,OTHER,other,False,SRX32941376,True,,,
GEO:GSE327983,GSM9669767,UNRESOLVED,UNRESOLVED,,,,,,UNRESOLVED,NOT_RUN,,protein63,Brain,tissue: Brain,Library name: DSP-1001660022162-A-C10-Y | DSP-1001660022162-A-C10.stats.txt | DSP-1001660022162-A-C10.dcc,Homo sapiens,GPL24676,OTHER,other,False,SRX32941377,True,,,
GEO:GSE327983,GSM9669768,UNRESOLVED,UNRESOLVED,,,,,,UNRESOLVED,NOT_RUN,,protein64,Brain,tissue: Brain,Library name: DSP-1001660022162-A-C09-Y | DSP-1001660022162-A-C09.stats.txt | DSP-1001660022162-A-C09.dcc,Homo sapiens,GPL24676,OTHER,other,False,SRX32941378,True,,,
GEO:GSE327983,GSM9669769,UNRESOLVED,UNRESOLVED,,,,,,UNRESOLVED,NOT_RUN,,protein65,Brain,tissue: Brain,Library name: DSP-1001660022162-A-C08-Y | DSP-1001660022162-A-C08.stats.txt | DSP-1001660022162-A-C08.dcc,Homo sapiens,GPL24676,OTHER,other,False,SRX32941379,True,,,
GEO:GSE327983,GSM9669770,UNRESOLVED,UNRESOLVED,,,,,,UNRESOLVED,NOT_RUN,,protein66,Brain,tissue: Brain,Library name: DSP-1001660022162-A-C07-Y | DSP-1001660022162-A-C07.stats.txt | DSP-1001660022162-A-C07.dcc,Homo sapiens,GPL24676,OTHER,other,False,SRX32941380,True,,,
GEO:GSE327983,GSM9669771,UNRESOLVED,UNRESOLVED,,,,,,UNRESOLVED,NOT_RUN,,protein67,Brain,tissue: Brain,Library name: DSP-1001660022162-A-C06-Y | DSP-1001660022162-A-C06.stats.txt | DSP-1001660022162-A-C06.dcc,Homo sapiens,GPL24676,OTHER,other,False,SRX32941381,True,,,
GEO:GSE327983,GSM9669772,UNRESOLVED,UNRESOLVED,,,,,,UNRESOLVED,NOT_RUN,,protein68,Brain,tissue: Brain,Library name: DSP-1001660022162-A-C05-Y | DSP-1001660022162-A-C05.stats.txt | DSP-1001660022162-A-C05.dcc,Homo sapiens,GPL24676,OTHER,other,False,SRX32941382,True,,,
GEO:GSE327983,GSM9669773,UNRESOLVED,UNRESOLVED,,,,,,UNRESOLVED,NOT_RUN,,protein69,Brain,tissue: Brain,Library name: DSP-1001660022162-A-C04-Y | DSP-1001660022162-A-C04.stats.txt | DSP-1001660022162-A-C04.dcc,Homo sapiens,GPL24676,OTHER,other,False,SRX32941439,True,,,
GEO:GSE327983,GSM9669774,UNRESOLVED,UNRESOLVED,,,,,,UNRESOLVED,NOT_RUN,,protein70,Brain,tissue: Brain,Library name: DSP-1001660022162-A-C03-Y | DSP-1001660022162-A-C03.stats.txt | DSP-1001660022162-A-C03.dcc,Homo sapiens,GPL24676,OTHER,other,False,SRX32941440,True,,,
GEO:GSE327983,GSM9669775,UNRESOLVED,UNRESOLVED,,,,,,UNRESOLVED,NOT_RUN,,protein71,Brain,tissue: Brain,Library name: DSP-1001660022162-A-C02-Y | DSP-1001660022162-A-C02.stats.txt | DSP-1001660022162-A-C02.dcc,Homo sapiens,GPL24676,OTHER,other,False,SRX32941441,True,,,
GEO:GSE327983,GSM9669776,UNRESOLVED,UNRESOLVED,,,,,,UNRESOLVED,NOT_RUN,,protein72,Brain,tissue: Brain,Library name: DSP-1001660022162-A-C01-Y | DSP-1001660022162-A-C01.stats.txt | DSP-1001660022162-A-C01.dcc,Homo sapiens,GPL24676,OTHER,other,False,SRX32941442,True,,,
GEO:GSE327983,GSM9669777,UNRESOLVED,UNRESOLVED,,,,,,UNRESOLVED,NOT_RUN,,protein73,Brain,tissue: Brain,Library name: DSP-1001660022162-A-B12-Y | DSP-1001660022162-A-B12.stats.txt | DSP-1001660022162-A-B12.dcc,Homo sapiens,GPL24676,OTHER,other,False,SRX32941443,True,,,
GEO:GSE327983,GSM9669778,UNRESOLVED,UNRESOLVED,,,,,,UNRESOLVED,NOT_RUN,,protein74,Brain,tissue: Brain,Library name: DSP-1001660022162-A-B11-Y,Homo sapiens,GPL24676,OTHER,other,False,SRX32941444,True,,,
GEO:GSE327983,GSM9669779,UNRESOLVED,UNRESOLVED,,,,,,UNRESOLVED,NOT_RUN,,protein75,Brain,tissue: Brain,Library name: DSP-1001660022162-A-B10-Y | DSP-1001660022162-A-B10.stats.txt | DSP-1001660022162-A-B10.dcc,Homo sapiens,GPL24676,OTHER,other,False,SRX32941445,True,,,
GEO:GSE327983,GSM9669780,UNRESOLVED,UNRESOLVED,,,,,,UNRESOLVED,NOT_RUN,,protein76,Brain,tissue: Brain,Library name: DSP-1001660022162-A-B09-Y | DSP-1001660022162-A-B09.stats.txt | DSP-1001660022162-A-B09.dcc,Homo sapiens,GPL24676,OTHER,other,False,SRX32941446,True,,,
GEO:GSE327983,GSM9669781,UNRESOLVED,UNRESOLVED,,,,,,UNRESOLVED,NOT_RUN,,protein77,Brain,tissue: Brain,Library name: DSP-1001660022162-A-B08-Y | DSP-1001660022162-A-B08.stats.txt | DSP-1001660022162-A-B08.dcc,Homo sapiens,GPL24676,OTHER,other,False,SRX32941447,True,,,
GEO:GSE327983,GSM9669782,UNRESOLVED,UNRESOLVED,,,,,,UNRESOLVED,NOT_RUN,,protein78,Brain,tissue: Brain,Library name: DSP-1001660022162-A-B07-Y | DSP-1001660022162-A-B07.stats.txt | DSP-1001660022162-A-B07.dcc,Homo sapiens,GPL24676,OTHER,other,False,SRX32941448,True,,,
GEO:GSE327983,GSM9669783,UNRESOLVED,UNRESOLVED,,,,,,UNRESOLVED,NOT_RUN,,protein79,Brain,tissue: Brain,Library name: DSP-1001660022162-A-B06-Y | DSP-1001660022162-A-B06.stats.txt | DSP-1001660022162-A-B06.dcc,Homo sapiens,GPL24676,OTHER,other,False,SRX32941449,True,,,
GEO:GSE327983,GSM9669784,UNRESOLVED,UNRESOLVED,,,,,,UNRESOLVED,NOT_RUN,,protein80,Brain,tissue: Brain,Library name: DSP-1001660022162-A-B05-Y | DSP-1001660022162-A-B05.stats.txt | DSP-1001660022162-A-B05.dcc,Homo sapiens,GPL24676,OTHER,other,False,SRX32941450,True,,,
GEO:GSE327983,GSM9669785,UNRESOLVED,UNRESOLVED,,,,,,UNRESOLVED,NOT_RUN,,protein81,Brain,tissue: Brain,Library name: DSP-1001660022162-A-B04-Y | DSP-1001660022162-A-B04.stats.txt | DSP-1001660022162-A-B04.dcc,Homo sapiens,GPL24676,OTHER,other,False,SRX32941518,True,,,
GEO:GSE327983,GSM9669786,UNRESOLVED,UNRESOLVED,,,,,,UNRESOLVED,NOT_RUN,,protein82,Brain,tissue: Brain,Library name: DSP-1001660022162-A-B03-Y | DSP-1001660022162-A-B03.stats.txt | DSP-1001660022162-A-B03.dcc,Homo sapiens,GPL24676,OTHER,other,False,SRX32941519,True,,,
GEO:GSE327983,GSM9669787,UNRESOLVED,UNRESOLVED,,,,,,UNRESOLVED,NOT_RUN,,protein83,Brain,tissue: Brain,Library name: DSP-1001660022162-A-B02-Y | DSP-1001660022162-A-B02.stats.txt | DSP-1001660022162-A-B02.dcc,Homo sapiens,GPL24676,OTHER,other,False,SRX32941520,True,,,
GEO:GSE327983,GSM9669788,UNRESOLVED,UNRESOLVED,,,,,,UNRESOLVED,NOT_RUN,,protein84,Brain,tissue: Brain,Library name: DSP-1001660022162-A-B01-Y | DSP-1001660022162-A-B01.stats.txt | DSP-1001660022162-A-B01.dcc,Homo sapiens,GPL24676,OTHER,other,False,SRX32941521,True,,,
GEO:GSE327983,GSM9669789,UNRESOLVED,UNRESOLVED,,,,,,UNRESOLVED,NOT_RUN,,protein85,Brain,tissue: Brain,Library name: DSP-1001660022162-A-A12-Y | DSP-1001660022162-A-A12.stats.txt | DSP-1001660022162-A-A12.dcc,Homo sapiens,GPL24676,OTHER,other,False,SRX32941522,True,,,
GEO:GSE327983,GSM9669790,UNRESOLVED,UNRESOLVED,,,,,,UNRESOLVED,NOT_RUN,,protein86,Brain,tissue: Brain,Library name: DSP-1001660022162-A-A11-Y | DSP-1001660022162-A-A11.stats.txt | DSP-1001660022162-A-A11.dcc,Homo sapiens,GPL24676,OTHER,other,False,SRX32941523,True,,,
GEO:GSE327983,GSM9669791,UNRESOLVED,UNRESOLVED,,,,,,UNRESOLVED,NOT_RUN,,protein87,Brain,tissue: Brain,Library name: DSP-1001660022162-A-A10-Y | DSP-1001660022162-A-A10.stats.txt | DSP-1001660022162-A-A10.dcc,Homo sapiens,GPL24676,OTHER,other,False,SRX32941524,True,,,
GEO:GSE327983,GSM9669792,UNRESOLVED,UNRESOLVED,,,,,,UNRESOLVED,NOT_RUN,,protein88,Brain,tissue: Brain,Library name: DSP-1001660022162-A-A09-Y | DSP-1001660022162-A-A09.stats.txt | DSP-1001660022162-A-A09.dcc,Homo sapiens,GPL24676,OTHER,other,False,SRX32941525,True,,,
GEO:GSE327983,GSM9669793,UNRESOLVED,UNRESOLVED,,,,,,UNRESOLVED,NOT_RUN,,protein89,Brain,tissue: Brain,Library name: DSP-1001660022162-A-A08-Y | DSP-1001660022162-A-A08.stats.txt | DSP-1001660022162-A-A08.dcc,Homo sapiens,GPL24676,OTHER,other,False,SRX32941526,True,,,
GEO:GSE327983,GSM9669794,UNRESOLVED,UNRESOLVED,,,,,,UNRESOLVED,NOT_RUN,,protein90,Brain,tissue: Brain,Library name: DSP-1001660022162-A-A07-Y | DSP-1001660022162-A-A07.stats.txt | DSP-1001660022162-A-A07.dcc,Homo sapiens,GPL24676,OTHER,other,False,SRX32941527,True,,,
GEO:GSE327983,GSM9669795,UNRESOLVED,UNRESOLVED,,,,,,UNRESOLVED,NOT_RUN,,protein91,Brain,tissue: Brain,Library name: DSP-1001660022162-A-A06-Y | DSP-1001660022162-A-A06.stats.txt | DSP-1001660022162-A-A06.dcc,Homo sapiens,GPL24676,OTHER,other,False,SRX32941528,True,,,
GEO:GSE327983,GSM9669796,UNRESOLVED,UNRESOLVED,,,,,,UNRESOLVED,NOT_RUN,,protein92,Brain,tissue: Brain,Library name: DSP-1001660022162-A-A05-Y | DSP-1001660022162-A-A05.stats.txt | DSP-1001660022162-A-A05.dcc,Homo sapiens,GPL24676,OTHER,other,False,SRX32941529,True,,,
GEO:GSE327983,GSM9669797,UNRESOLVED,UNRESOLVED,,,,,,UNRESOLVED,NOT_RUN,,protein93,Brain,tissue: Brain,Library name: DSP-1001660022162-A-A04-Y | DSP-1001660022162-A-A04.stats.txt | DSP-1001660022162-A-A04.dcc,Homo sapiens,GPL24676,OTHER,other,False,SRX32941530,True,,,
GEO:GSE327983,GSM9669798,UNRESOLVED,UNRESOLVED,,,,,,UNRESOLVED,NOT_RUN,,protein94,Brain,tissue: Brain,Library name: DSP-1001660022162-A-A03-Y | DSP-1001660022162-A-A03.stats.txt | DSP-1001660022162-A-A03.dcc,Homo sapiens,GPL24676,OTHER,other,False,SRX32941531,True,,,
GEO:GSE327983,GSM9669799,UNRESOLVED,UNRESOLVED,,,,,,UNRESOLVED,NOT_RUN,,protein95,Brain,tissue: Brain,Library name: DSP-1001660022162-A-A02-Y | DSP-1001660022162-A-A02.stats.txt | DSP-1001660022162-A-A02.dcc,Homo sapiens,GPL24676,OTHER,other,False,SRX32941383,True,,,
GEO:GSE327983,GSM9669800,UNRESOLVED,UNRESOLVED,,,,,,UNRESOLVED,NOT_RUN,,protein96,Brain,tissue: Brain,Library name: DSP-1001660022162-A-A01-Y | DSP-1001660022162-A-A01.stats.txt | DSP-1001660022162-A-A01.dcc,Homo sapiens,GPL24676,OTHER,other,False,SRX32941384,True,,,
GEO:GSE327983,GSM9669801,UNRESOLVED,UNRESOLVED,,,,,,UNRESOLVED,NOT_RUN,,protein97,Brain,tissue: Brain,Library name: DSP-1001660022162-A-H12 | DSP-1001660022162-A-H12.dcc | DSP-1001660022162-A-H12.stats.txt,Homo sapiens,GPL24676,OTHER,other,False,SRX32941385,True,,,
GEO:GSE327983,GSM9669802,UNRESOLVED,UNRESOLVED,,,,,,UNRESOLVED,NOT_RUN,,protein98,Brain,tissue: Brain,Library name: DSP-1001660022162-A-H11 | DSP-1001660022162-A-H11.dcc | DSP-1001660022162-A-H11.stats.txt,Homo sapiens,GPL24676,OTHER,other,False,SRX32941386,True,,,
GEO:GSE327983,GSM9669803,UNRESOLVED,UNRESOLVED,,,,,,UNRESOLVED,NOT_RUN,,protein99,Brain,tissue: Brain,Library name: DSP-1001660022162-A-H10 | DSP-1001660022162-A-H10.dcc | DSP-1001660022162-A-H10.stats.txt,Homo sapiens,GPL24676,OTHER,other,False,SRX32941387,True,,,
GEO:GSE327983,GSM9669804,UNRESOLVED,UNRESOLVED,,,,,,UNRESOLVED,NOT_RUN,,protein100,Brain,tissue: Brain,Library name: DSP-1001660022162-A-H09 | DSP-1001660022162-A-H09.dcc | DSP-1001660022162-A-H09.stats.txt,Homo sapiens,GPL24676,OTHER,other,False,SRX32941388,True,,,
GEO:GSE327983,GSM9669805,UNRESOLVED,UNRESOLVED,,,,,,UNRESOLVED,NOT_RUN,,protein101,Brain,tissue: Brain,Library name: DSP-1001660022162-A-H08 | DSP-1001660022162-A-H08.dcc | DSP-1001660022162-A-H08.stats.txt,Homo sapiens,GPL24676,OTHER,other,False,SRX32941389,True,,,
GEO:GSE327983,GSM9669806,UNRESOLVED,UNRESOLVED,,,,,,UNRESOLVED,NOT_RUN,,protein102,Brain,tissue: Brain,Library name: DSP-1001660022162-A-H07 | DSP-1001660022162-A-H07.dcc | DSP-1001660022162-A-H07.stats.txt,Homo sapiens,GPL24676,OTHER,other,False,SRX32941390,True,,,
GEO:GSE327983,GSM9669807,UNRESOLVED,UNRESOLVED,,,,,,UNRESOLVED,NOT_RUN,,protein103,Brain,tissue: Brain,Library name: DSP-1001660022162-A-H06 | DSP-1001660022162-A-H06.dcc | DSP-1001660022162-A-H06.stats.txt,Homo sapiens,GPL24676,OTHER,other,False,SRX32941391,True,,,
GEO:GSE327983,GSM9669808,UNRESOLVED,UNRESOLVED,,,,,,UNRESOLVED,NOT_RUN,,protein104,Brain,tissue: Brain,Library name: DSP-1001660022162-A-H05 | DSP-1001660022162-A-H05.dcc | DSP-1001660022162-A-H05.stats.txt,Homo sapiens,GPL24676,OTHER,other,False,SRX32941392,True,,,
GEO:GSE327983,GSM9669809,UNRESOLVED,UNRESOLVED,,,,,,UNRESOLVED,NOT_RUN,,protein105,Brain,tissue: Brain,Library name: DSP-1001660022162-A-H04 | DSP-1001660022162-A-H04.dcc | DSP-1001660022162-A-H04.stats.txt,Homo sapiens,GPL24676,OTHER,other,False,SRX32941393,True,,,
GEO:GSE327983,GSM9669810,UNRESOLVED,UNRESOLVED,,,,,,UNRESOLVED,NOT_RUN,,protein106,Brain,tissue: Brain,Library name: DSP-1001660022162-A-H03 | DSP-1001660022162-A-H03.dcc | DSP-1001660022162-A-H03.stats.txt,Homo sapiens,GPL24676,OTHER,other,False,SRX32941394,True,,,
GEO:GSE327983,GSM9669811,UNRESOLVED,UNRESOLVED,,,,,,UNRESOLVED,NOT_RUN,,protein107,Brain,tissue: Brain,Library name: DSP-1001660022162-A-H02 | DSP-1001660022162-A-H02.dcc | DSP-1001660022162-A-H02.stats.txt,Homo sapiens,GPL24676,OTHER,other,False,SRX32941395,True,,,
GEO:GSE327983,GSM9669812,UNRESOLVED,UNRESOLVED,,,,,,UNRESOLVED,NOT_RUN,,protein108,Brain,tissue: Brain,Library name: DSP-1001660022162-A-H01 | DSP-1001660022162-A-H01.dcc | DSP-1001660022162-A-H01.stats.txt,Homo sapiens,GPL24676,OTHER,other,False,SRX32941396,True,,,
GEO:GSE327983,GSM9669813,UNRESOLVED,UNRESOLVED,,,,,,UNRESOLVED,NOT_RUN,,protein109,Brain,tissue: Brain,Library name: DSP-1001660022162-A-G12 | DSP-1001660022162-A-G12.dcc | DSP-1001660022162-A-G12.stats.txt,Homo sapiens,GPL24676,OTHER,other,False,SRX32941451,True,,,
GEO:GSE327983,GSM9669814,UNRESOLVED,UNRESOLVED,,,,,,UNRESOLVED,NOT_RUN,,protein110,Brain,tissue: Brain,Library name: DSP-1001660022162-A-G11 | DSP-1001660022162-A-G11.dcc | DSP-1001660022162-A-G11.stats.txt,Homo sapiens,GPL24676,OTHER,other,False,SRX32941452,True,,,
GEO:GSE327983,GSM9669815,UNRESOLVED,UNRESOLVED,,,,,,UNRESOLVED,NOT_RUN,,protein111,Brain,tissue: Brain,Library name: DSP-1001660022162-A-G10 | DSP-1001660022162-A-G10.dcc | DSP-1001660022162-A-G10.stats.txt,Homo sapiens,GPL24676,OTHER,other,False,SRX32941453,True,,,
GEO:GSE327983,GSM9669816,UNRESOLVED,UNRESOLVED,,,,,,UNRESOLVED,NOT_RUN,,protein112,Brain,tissue: Brain,Library name: DSP-1001660022162-A-G09 | DSP-1001660022162-A-G09.dcc | DSP-1001660022162-A-G09.stats.txt,Homo sapiens,GPL24676,OTHER,other,False,SRX32941454,True,,,
GEO:GSE327983,GSM9669817,UNRESOLVED,UNRESOLVED,,,,,,UNRESOLVED,NOT_RUN,,protein113,Brain,tissue: Brain,Library name: DSP-1001660022162-A-G08 | DSP-1001660022162-A-G08.dcc | DSP-1001660022162-A-G08.stats.txt,Homo sapiens,GPL24676,OTHER,other,False,SRX32941455,True,,,
GEO:GSE327983,GSM9669818,UNRESOLVED,UNRESOLVED,,,,,,UNRESOLVED,NOT_RUN,,protein114,Brain,tissue: Brain,Library name: DSP-1001660022162-A-G07 | DSP-1001660022162-A-G07.dcc | DSP-1001660022162-A-G07.stats.txt,Homo sapiens,GPL24676,OTHER,other,False,SRX32941456,True,,,
GEO:GSE327983,GSM9669819,UNRESOLVED,UNRESOLVED,,,,,,UNRESOLVED,NOT_RUN,,protein115,Brain,tissue: Brain,Library name: DSP-1001660022162-A-G06 | DSP-1001660022162-A-G06.dcc | DSP-1001660022162-A-G06.stats.txt,Homo sapiens,GPL24676,OTHER,other,False,SRX32941457,True,,,
GEO:GSE327983,GSM9669820,UNRESOLVED,UNRESOLVED,,,,,,UNRESOLVED,NOT_RUN,,protein116,Brain,tissue: Brain,Library name: DSP-1001660022162-A-G05 | DSP-1001660022162-A-G05.dcc | DSP-1001660022162-A-G05.stats.txt,Homo sapiens,GPL24676,OTHER,other,False,SRX32941458,True,,,
GEO:GSE327983,GSM9669821,UNRESOLVED,UNRESOLVED,,,,,,UNRESOLVED,NOT_RUN,,protein117,Brain,tissue: Brain,Library name: DSP-1001660022162-A-G04 | DSP-1001660022162-A-G04.dcc | DSP-1001660022162-A-G04.stats.txt,Homo sapiens,GPL24676,OTHER,other,False,SRX32941459,True,,,
GEO:GSE327983,GSM9669822,UNRESOLVED,UNRESOLVED,,,,,,UNRESOLVED,NOT_RUN,,protein118,Brain,tissue: Brain,Library name: DSP-1001660022162-A-G03 | DSP-1001660022162-A-G03.dcc | DSP-1001660022162-A-G03.stats.txt,Homo sapiens,GPL24676,OTHER,other,False,SRX32941460,True,,,
GEO:GSE327983,GSM9669823,UNRESOLVED,UNRESOLVED,,,,,,UNRESOLVED,NOT_RUN,,protein119,Brain,tissue: Brain,Library name: DSP-1001660022162-A-G02 | DSP-1001660022162-A-G02.dcc | DSP-1001660022162-A-G02.stats.txt,Homo sapiens,GPL24676,OTHER,other,False,SRX32941461,True,,,
GEO:GSE327983,GSM9669824,UNRESOLVED,UNRESOLVED,,,,,,UNRESOLVED,NOT_RUN,,protein120,Brain,tissue: Brain,Library name: DSP-1001660022162-A-G01 | DSP-1001660022162-A-G01.dcc | DSP-1001660022162-A-G01.stats.txt,Homo sapiens,GPL24676,OTHER,other,False,SRX32941462,True,,,
GEO:GSE327983,GSM9669825,UNRESOLVED,UNRESOLVED,,,,,,UNRESOLVED,NOT_RUN,,protein121,Brain,tissue: Brain,Library name: DSP-1001660022162-A-F12 | DSP-1001660022162-A-F12.dcc | DSP-1001660022162-A-F12.stats.txt,Homo sapiens,GPL24676,OTHER,other,False,SRX32941463,True,,,
GEO:GSE327983,GSM9669826,UNRESOLVED,UNRESOLVED,,,,,,UNRESOLVED,NOT_RUN,,protein122,Brain,tissue: Brain,Library name: DSP-1001660022162-A-F11 | DSP-1001660022162-A-F11.dcc | DSP-1001660022162-A-F11.stats.txt,Homo sapiens,GPL24676,OTHER,other,False,SRX32941464,True,,,
GEO:GSE327983,GSM9669827,UNRESOLVED,UNRESOLVED,,,,,,UNRESOLVED,NOT_RUN,,protein123,Brain,tissue: Brain,Library name: DSP-1001660022162-A-F10 | DSP-1001660022162-A-F10.dcc | DSP-1001660022162-A-F10.stats.txt,Homo sapiens,GPL24676,OTHER,other,False,SRX32941546,True,,,
GEO:GSE327983,GSM9669828,UNRESOLVED,UNRESOLVED,,,,,,UNRESOLVED,NOT_RUN,,protein124,Brain,tissue: Brain,Library name: DSP-1001660022162-A-F09 | DSP-1001660022162-A-F09.dcc | DSP-1001660022162-A-F09.stats.txt,Homo sapiens,GPL24676,OTHER,other,False,SRX32941547,True,,,
GEO:GSE327983,GSM9669829,UNRESOLVED,UNRESOLVED,,,,,,UNRESOLVED,NOT_RUN,,protein125,Brain,tissue: Brain,Library name: DSP-1001660022162-A-F08 | DSP-1001660022162-A-F08.dcc | DSP-1001660022162-A-F08.stats.txt,Homo sapiens,GPL24676,OTHER,other,False,SRX32941548,True,,,
GEO:GSE327983,GSM9669830,UNRESOLVED,UNRESOLVED,,,,,,UNRESOLVED,NOT_RUN,,protein126,Brain,tissue: Brain,Library name: DSP-1001660022162-A-F07 | DSP-1001660022162-A-F07.dcc | DSP-1001660022162-A-F07.stats.txt,Homo sapiens,GPL24676,OTHER,other,False,SRX32941549,True,,,
GEO:GSE327983,GSM9669831,UNRESOLVED,UNRESOLVED,,,,,,UNRESOLVED,NOT_RUN,,protein127,Brain,tissue: Brain,Library name: DSP-1001660022162-A-F06 | DSP-1001660022162-A-F06.dcc | DSP-1001660022162-A-F06.stats.txt,Homo sapiens,GPL24676,OTHER,other,False,SRX32941550,True,,,
GEO:GSE327983,GSM9669832,UNRESOLVED,UNRESOLVED,,,,,,UNRESOLVED,NOT_RUN,,protein128,Brain,tissue: Brain,Library name: DSP-1001660022162-A-F05 | DSP-1001660022162-A-F05.dcc | DSP-1001660022162-A-F05.stats.txt,Homo sapiens,GPL24676,OTHER,other,False,SRX32941551,True,,,
GEO:GSE327983,GSM9669833,UNRESOLVED,UNRESOLVED,,,,,,UNRESOLVED,NOT_RUN,,protein129,Brain,tissue: Brain,Library name: DSP-1001660022162-A-F04 | DSP-1001660022162-A-F04.dcc | DSP-1001660022162-A-F04.stats.txt,Homo sapiens,GPL24676,OTHER,other,False,SRX32941552,True,,,
GEO:GSE327983,GSM9669834,UNRESOLVED,UNRESOLVED,,,,,,UNRESOLVED,NOT_RUN,,protein130,Brain,tissue: Brain,Library name: DSP-1001660022162-A-F03 | DSP-1001660022162-A-F03.dcc | DSP-1001660022162-A-F03.stats.txt,Homo sapiens,GPL24676,OTHER,other,False,SRX32941553,True,,,
GEO:GSE327983,GSM9669835,UNRESOLVED,UNRESOLVED,,,,,,UNRESOLVED,NOT_RUN,,protein131,Brain,tissue: Brain,Library name: DSP-1001660022162-A-F02 | DSP-1001660022162-A-F02.dcc | DSP-1001660022162-A-F02.stats.txt,Homo sapiens,GPL24676,OTHER,other,False,SRX32941554,True,,,
GEO:GSE327983,GSM9669836,UNRESOLVED,UNRESOLVED,,,,,,UNRESOLVED,NOT_RUN,,protein132,Brain,tissue: Brain,Library name: DSP-1001660022162-A-F01 | DSP-1001660022162-A-F01.dcc | DSP-1001660022162-A-F01.stats.txt,Homo sapiens,GPL24676,OTHER,other,False,SRX32941555,True,,,
GEO:GSE327983,GSM9669837,UNRESOLVED,UNRESOLVED,,,,,,UNRESOLVED,NOT_RUN,,protein133,Brain,tissue: Brain,Library name: DSP-1001660022162-A-E12 | DSP-1001660022162-A-E12.dcc | DSP-1001660022162-A-E12.stats.txt,Homo sapiens,GPL24676,OTHER,other,False,SRX32941556,True,,,
GEO:GSE327983,GSM9669838,UNRESOLVED,UNRESOLVED,,,,,,UNRESOLVED,NOT_RUN,,protein134,Brain,tissue: Brain,Library name: DSP-1001660022162-A-E11 | DSP-1001660022162-A-E11.dcc | DSP-1001660022162-A-E11.stats.txt,Homo sapiens,GPL24676,OTHER,other,False,SRX32941557,True,,,
GEO:GSE327983,GSM9669839,UNRESOLVED,UNRESOLVED,,,,,,UNRESOLVED,NOT_RUN,,protein135,Brain,tissue: Brain,Library name: DSP-1001660022162-A-E10 | DSP-1001660022162-A-E10.dcc | DSP-1001660022162-A-E10.stats.txt,Homo sapiens,GPL24676,OTHER,other,False,SRX32941558,True,,,
GEO:GSE327983,GSM9669840,UNRESOLVED,UNRESOLVED,,,,,,UNRESOLVED,NOT_RUN,,protein136,Brain,tissue: Brain,Library name: DSP-1001660022162-A-E09 | DSP-1001660022162-A-E09.dcc | DSP-1001660022162-A-E09.stats.txt,Homo sapiens,GPL24676,OTHER,other,False,SRX32941559,True,,,
GEO:GSE327983,GSM9669841,UNRESOLVED,UNRESOLVED,,,,,,UNRESOLVED,NOT_RUN,,protein137,Brain,tissue: Brain,Library name: DSP-1001660022162-A-E08 | DSP-1001660022162-A-E08.dcc | DSP-1001660022162-A-E08.stats.txt,Homo sapiens,GPL24676,OTHER,other,False,SRX32941532,True,,,
GEO:GSE327983,GSM9669842,UNRESOLVED,UNRESOLVED,,,,,,UNRESOLVED,NOT_RUN,,protein138,Brain,tissue: Brain,Library name: DSP-1001660022162-A-E07 | DSP-1001660022162-A-E07.dcc | DSP-1001660022162-A-E07.stats.txt,Homo sapiens,GPL24676,OTHER,other,False,SRX32941533,True,,,
GEO:GSE327983,GSM9669843,UNRESOLVED,UNRESOLVED,,,,,,UNRESOLVED,NOT_RUN,,protein139,Brain,tissue: Brain,Library name: DSP-1001660022162-A-E06 | DSP-1001660022162-A-E06.dcc | DSP-1001660022162-A-E06.stats.txt,Homo sapiens,GPL24676,OTHER,other,False,SRX32941534,True,,,
GEO:GSE327983,GSM9669844,UNRESOLVED,UNRESOLVED,,,,,,UNRESOLVED,NOT_RUN,,protein140,Brain,tissue: Brain,Library name: DSP-1001660022162-A-E05 | DSP-1001660022162-A-E05.dcc | DSP-1001660022162-A-E05.stats.txt,Homo sapiens,GPL24676,OTHER,other,False,SRX32941535,True,,,
GEO:GSE327983,GSM9669845,UNRESOLVED,UNRESOLVED,,,,,,UNRESOLVED,NOT_RUN,,protein141,Brain,tissue: Brain,Library name: DSP-1001660022162-A-E04 | DSP-1001660022162-A-E04.dcc | DSP-1001660022162-A-E04.stats.txt,Homo sapiens,GPL24676,OTHER,other,False,SRX32941536,True,,,
GEO:GSE327983,GSM9669846,UNRESOLVED,UNRESOLVED,,,,,,UNRESOLVED,NOT_RUN,,protein142,Brain,tissue: Brain,Library name: DSP-1001660022162-A-E03 | DSP-1001660022162-A-E03.dcc | DSP-1001660022162-A-E03.stats.txt,Homo sapiens,GPL24676,OTHER,other,False,SRX32941537,True,,,
GEO:GSE327983,GSM9669847,UNRESOLVED,UNRESOLVED,,,,,,UNRESOLVED,NOT_RUN,,protein143,Brain,tissue: Brain,Library name: DSP-1001660022162-A-E02 | DSP-1001660022162-A-E02.dcc | DSP-1001660022162-A-E02.stats.txt,Homo sapiens,GPL24676,OTHER,other,False,SRX32941538,True,,,
GEO:GSE327983,GSM9669848,UNRESOLVED,UNRESOLVED,,,,,,UNRESOLVED,NOT_RUN,,protein144,Brain,tissue: Brain,Library name: DSP-1001660022162-A-E01 | DSP-1001660022162-A-E01.dcc | DSP-1001660022162-A-E01.stats.txt,Homo sapiens,GPL24676,OTHER,other,False,SRX32941539,True,,,
GEO:GSE327983,GSM9669849,UNRESOLVED,UNRESOLVED,,,,,,UNRESOLVED,NOT_RUN,,protein145,Brain,tissue: Brain,Library name: DSP-1001660022162-A-D12 | DSP-1001660022162-A-D12.dcc | DSP-1001660022162-A-D12.stats.txt,Homo sapiens,GPL24676,OTHER,other,False,SRX32941540,True,,,
GEO:GSE327983,GSM9669850,UNRESOLVED,UNRESOLVED,,,,,,UNRESOLVED,NOT_RUN,,protein146,Brain,tissue: Brain,Library name: DSP-1001660022162-A-D11 | DSP-1001660022162-A-D11.dcc | DSP-1001660022162-A-D11.stats.txt,Homo sapiens,GPL24676,OTHER,other,False,SRX32941541,True,,,
GEO:GSE327983,GSM9669851,UNRESOLVED,UNRESOLVED,,,,,,UNRESOLVED,NOT_RUN,,protein147,Brain,tissue: Brain,Library name: DSP-1001660022162-A-D10 | DSP-1001660022162-A-D10.dcc | DSP-1001660022162-A-D10.stats.txt,Homo sapiens,GPL24676,OTHER,other,False,SRX32941542,True,,,
GEO:GSE327983,GSM9669852,UNRESOLVED,UNRESOLVED,,,,,,UNRESOLVED,NOT_RUN,,protein148,Brain,tissue: Brain,Library name: DSP-1001660022162-A-D09 | DSP-1001660022162-A-D09.dcc | DSP-1001660022162-A-D09.stats.txt,Homo sapiens,GPL24676,OTHER,other,False,SRX32941543,True,,,
GEO:GSE327983,GSM9669853,UNRESOLVED,UNRESOLVED,,,,,,UNRESOLVED,NOT_RUN,,protein149,Brain,tissue: Brain,Library name: DSP-1001660022162-A-D08 | DSP-1001660022162-A-D08.dcc | DSP-1001660022162-A-D08.stats.txt,Homo sapiens,GPL24676,OTHER,other,False,SRX32941544,True,,,
GEO:GSE327983,GSM9669854,UNRESOLVED,UNRESOLVED,,,,,,UNRESOLVED,NOT_RUN,,protein150,Brain,tissue: Brain,Library name: DSP-1001660022162-A-D07 | DSP-1001660022162-A-D07.dcc | DSP-1001660022162-A-D07.stats.txt,Homo sapiens,GPL24676,OTHER,other,False,SRX32941545,True,,,
GEO:GSE327983,GSM9669855,UNRESOLVED,UNRESOLVED,,,,,,UNRESOLVED,NOT_RUN,,protein151,Brain,tissue: Brain,Library name: DSP-1001660022162-A-D06 | DSP-1001660022162-A-D06.dcc | DSP-1001660022162-A-D06.stats.txt,Homo sapiens,GPL24676,OTHER,other,False,SRX32941397,True,,,
GEO:GSE327983,GSM9669856,UNRESOLVED,UNRESOLVED,,,,,,UNRESOLVED,NOT_RUN,,protein152,Brain,tissue: Brain,Library name: DSP-1001660022162-A-D05 | DSP-1001660022162-A-D05.dcc | DSP-1001660022162-A-D05.stats.txt,Homo sapiens,GPL24676,OTHER,other,False,SRX32941398,True,,,
GEO:GSE327983,GSM9669857,UNRESOLVED,UNRESOLVED,,,,,,UNRESOLVED,NOT_RUN,,protein153,Brain,tissue: Brain,Library name: DSP-1001660022162-A-D04 | DSP-1001660022162-A-D04.dcc | DSP-1001660022162-A-D04.stats.txt,Homo sapiens,GPL24676,OTHER,other,False,SRX32941399,True,,,
GEO:GSE327983,GSM9669858,UNRESOLVED,UNRESOLVED,,,,,,UNRESOLVED,NOT_RUN,,protein154,Brain,tissue: Brain,Library name: DSP-1001660022162-A-D03 | DSP-1001660022162-A-D03.dcc | DSP-1001660022162-A-D03.stats.txt,Homo sapiens,GPL24676,OTHER,other,False,SRX32941400,True,,,
GEO:GSE327983,GSM9669859,UNRESOLVED,UNRESOLVED,,,,,,UNRESOLVED,NOT_RUN,,protein155,Brain,tissue: Brain,Library name: DSP-1001660022162-A-D02 | DSP-1001660022162-A-D02.dcc | DSP-1001660022162-A-D02.stats.txt,Homo sapiens,GPL24676,OTHER,other,False,SRX32941401,True,,,
GEO:GSE327983,GSM9669860,UNRESOLVED,UNRESOLVED,,,,,,UNRESOLVED,NOT_RUN,,protein156,Brain,tissue: Brain,Library name: DSP-1001660022162-A-D01 | DSP-1001660022162-A-D01.dcc | DSP-1001660022162-A-D01.stats.txt,Homo sapiens,GPL24676,OTHER,other,False,SRX32941402,True,,,
GEO:GSE327983,GSM9669861,UNRESOLVED,UNRESOLVED,,,,,,UNRESOLVED,NOT_RUN,,protein157,Brain,tissue: Brain,Library name: DSP-1001660022162-A-C12 | DSP-1001660022162-A-C12.dcc | DSP-1001660022162-A-C12.stats.txt,Homo sapiens,GPL24676,OTHER,other,False,SRX32941403,True,,,
GEO:GSE327983,GSM9669862,UNRESOLVED,UNRESOLVED,,,,,,UNRESOLVED,NOT_RUN,,protein158,Brain,tissue: Brain,Library name: DSP-1001660022162-A-C11 | DSP-1001660022162-A-C11.dcc | DSP-1001660022162-A-C11.stats.txt,Homo sapiens,GPL24676,OTHER,other,False,SRX32941404,True,,,
GEO:GSE327983,GSM9669863,UNRESOLVED,UNRESOLVED,,,,,,UNRESOLVED,NOT_RUN,,protein159,Brain,tissue: Brain,Library name: DSP-1001660022162-A-C10 | DSP-1001660022162-A-C10.dcc | DSP-1001660022162-A-C10.stats.txt,Homo sapiens,GPL24676,OTHER,other,False,SRX32941405,True,,,
GEO:GSE327983,GSM9669864,UNRESOLVED,UNRESOLVED,,,,,,UNRESOLVED,NOT_RUN,,protein160,Brain,tissue: Brain,Library name: DSP-1001660022162-A-C09 | DSP-1001660022162-A-C09.dcc | DSP-1001660022162-A-C09.stats.txt,Homo sapiens,GPL24676,OTHER,other,False,SRX32941406,True,,,
GEO:GSE327983,GSM9669865,UNRESOLVED,UNRESOLVED,,,,,,UNRESOLVED,NOT_RUN,,protein161,Brain,tissue: Brain,Library name: DSP-1001660022162-A-C08 | DSP-1001660022162-A-C08.dcc | DSP-1001660022162-A-C08.stats.txt,Homo sapiens,GPL24676,OTHER,other,False,SRX32941407,True,,,
GEO:GSE327983,GSM9669866,UNRESOLVED,UNRESOLVED,,,,,,UNRESOLVED,NOT_RUN,,protein162,Brain,tissue: Brain,Library name: DSP-1001660022162-A-C07 | DSP-1001660022162-A-C07.dcc | DSP-1001660022162-A-C07.stats.txt,Homo sapiens,GPL24676,OTHER,other,False,SRX32941408,True,,,
GEO:GSE327983,GSM9669867,UNRESOLVED,UNRESOLVED,,,,,,UNRESOLVED,NOT_RUN,,protein163,Brain,tissue: Brain,Library name: DSP-1001660022162-A-C06 | DSP-1001660022162-A-C06.dcc | DSP-1001660022162-A-C06.stats.txt,Homo sapiens,GPL24676,OTHER,other,False,SRX32941409,True,,,
GEO:GSE327983,GSM9669868,UNRESOLVED,UNRESOLVED,,,,,,UNRESOLVED,NOT_RUN,,protein164,Brain,tissue: Brain,Library name: DSP-1001660022162-A-C05 | DSP-1001660022162-A-C05.dcc | DSP-1001660022162-A-C05.stats.txt,Homo sapiens,GPL24676,OTHER,other,False,SRX32941410,True,,,
GEO:GSE327983,GSM9669869,UNRESOLVED,UNRESOLVED,,,,,,UNRESOLVED,NOT_RUN,,protein165,Brain,tissue: Brain,Library name: DSP-1001660022162-A-C04 | DSP-1001660022162-A-C04.dcc | DSP-1001660022162-A-C04.stats.txt,Homo sapiens,GPL24676,OTHER,other,False,SRX32941560,True,,,
GEO:GSE327983,GSM9669870,UNRESOLVED,UNRESOLVED,,,,,,UNRESOLVED,NOT_RUN,,protein166,Brain,tissue: Brain,Library name: DSP-1001660022162-A-C03 | DSP-1001660022162-A-C03.dcc | DSP-1001660022162-A-C03.stats.txt,Homo sapiens,GPL24676,OTHER,other,False,SRX32941561,True,,,
GEO:GSE327983,GSM9669871,UNRESOLVED,UNRESOLVED,,,,,,UNRESOLVED,NOT_RUN,,protein167,Brain,tissue: Brain,Library name: DSP-1001660022162-A-C02 | DSP-1001660022162-A-C02.dcc | DSP-1001660022162-A-C02.stats.txt,Homo sapiens,GPL24676,OTHER,other,False,SRX32941562,True,,,
GEO:GSE327983,GSM9669872,UNRESOLVED,UNRESOLVED,,,,,,UNRESOLVED,NOT_RUN,,protein168,Brain,tissue: Brain,Library name: DSP-1001660022162-A-C01 | DSP-1001660022162-A-C01.dcc | DSP-1001660022162-A-C01.stats.txt,Homo sapiens,GPL24676,OTHER,other,False,SRX32941563,True,,,
GEO:GSE327983,GSM9669873,UNRESOLVED,UNRESOLVED,,,,,,UNRESOLVED,NOT_RUN,,protein169,Brain,tissue: Brain,Library name: DSP-1001660022162-A-B12 | DSP-1001660022162-A-B12.dcc | DSP-1001660022162-A-B12.stats.txt,Homo sapiens,GPL24676,OTHER,other,False,SRX32941564,True,,,
GEO:GSE327983,GSM9669874,UNRESOLVED,UNRESOLVED,,,,,,UNRESOLVED,NOT_RUN,,protein170,Brain,tissue: Brain,Library name: DSP-1001660022162-A-B11,Homo sapiens,GPL24676,OTHER,other,False,SRX32941565,True,,,
GEO:GSE327983,GSM9669875,UNRESOLVED,UNRESOLVED,,,,,,UNRESOLVED,NOT_RUN,,protein171,Brain,tissue: Brain,Library name: DSP-1001660022162-A-B10 | DSP-1001660022162-A-B10.dcc | DSP-1001660022162-A-B10.stats.txt,Homo sapiens,GPL24676,OTHER,other,False,SRX32941566,True,,,
GEO:GSE327983,GSM9669876,UNRESOLVED,UNRESOLVED,,,,,,UNRESOLVED,NOT_RUN,,protein172,Brain,tissue: Brain,Library name: DSP-1001660022162-A-B09 | DSP-1001660022162-A-B09.dcc | DSP-1001660022162-A-B09.stats.txt,Homo sapiens,GPL24676,OTHER,other,False,SRX32941567,True,,,
GEO:GSE327983,GSM9669877,UNRESOLVED,UNRESOLVED,,,,,,UNRESOLVED,NOT_RUN,,protein173,Brain,tissue: Brain,Library name: DSP-1001660022162-A-B08 | DSP-1001660022162-A-B08.dcc | DSP-1001660022162-A-B08.stats.txt,Homo sapiens,GPL24676,OTHER,other,False,SRX32941568,True,,,
GEO:GSE327983,GSM9669878,UNRESOLVED,UNRESOLVED,,,,,,UNRESOLVED,NOT_RUN,,protein174,Brain,tissue: Brain,Library name: DSP-1001660022162-A-B07 | DSP-1001660022162-A-B07.dcc | DSP-1001660022162-A-B07.stats.txt,Homo sapiens,GPL24676,OTHER,other,False,SRX32941569,True,,,
GEO:GSE327983,GSM9669879,UNRESOLVED,UNRESOLVED,,,,,,UNRESOLVED,NOT_RUN,,protein175,Brain,tissue: Brain,Library name: DSP-1001660022162-A-B06 | DSP-1001660022162-A-B06.dcc | DSP-1001660022162-A-B06.stats.txt,Homo sapiens,GPL24676,OTHER,other,False,SRX32941570,True,,,
GEO:GSE327983,GSM9669880,UNRESOLVED,UNRESOLVED,,,,,,UNRESOLVED,NOT_RUN,,protein176,Brain,tissue: Brain,Library name: DSP-1001660022162-A-B05 | DSP-1001660022162-A-B05.dcc | DSP-1001660022162-A-B05.stats.txt,Homo sapiens,GPL24676,OTHER,other,False,SRX32941571,True,,,
GEO:GSE327983,GSM9669881,UNRESOLVED,UNRESOLVED,,,,,,UNRESOLVED,NOT_RUN,,protein177,Brain,tissue: Brain,Library name: DSP-1001660022162-A-B04 | DSP-1001660022162-A-B04.dcc | DSP-1001660022162-A-B04.stats.txt,Homo sapiens,GPL24676,OTHER,other,False,SRX32941572,True,,,
GEO:GSE327983,GSM9669882,UNRESOLVED,UNRESOLVED,,,,,,UNRESOLVED,NOT_RUN,,protein178,Brain,tissue: Brain,Library name: DSP-1001660022162-A-B03 | DSP-1001660022162-A-B03.dcc | DSP-1001660022162-A-B03.stats.txt,Homo sapiens,GPL24676,OTHER,other,False,SRX32941573,True,,,
GEO:GSE327983,GSM9669883,UNRESOLVED,UNRESOLVED,,,,,,UNRESOLVED,NOT_RUN,,protein179,Brain,tissue: Brain,Library name: DSP-1001660022162-A-B02 | DSP-1001660022162-A-B02.dcc | DSP-1001660022162-A-B02.stats.txt,Homo sapiens,GPL24676,OTHER,other,False,SRX32941574,True,,,
GEO:GSE327983,GSM9669884,UNRESOLVED,UNRESOLVED,,,,,,UNRESOLVED,NOT_RUN,,protein180,Brain,tissue: Brain,Library name: DSP-1001660022162-A-B01 | DSP-1001660022162-A-B01.dcc | DSP-1001660022162-A-B01.stats.txt,Homo sapiens,GPL24676,OTHER,other,False,SRX32941575,True,,,
GEO:GSE327983,GSM9669885,UNRESOLVED,UNRESOLVED,,,,,,UNRESOLVED,NOT_RUN,,protein181,Brain,tissue: Brain,Library name: DSP-1001660022162-A-A12 | DSP-1001660022162-A-A12.dcc | DSP-1001660022162-A-A12.stats.txt,Homo sapiens,GPL24676,OTHER,other,False,SRX32941576,True,,,
GEO:GSE327983,GSM9669886,UNRESOLVED,UNRESOLVED,,,,,,UNRESOLVED,NOT_RUN,,protein182,Brain,tissue: Brain,Library name: DSP-1001660022162-A-A11 | DSP-1001660022162-A-A11.dcc | DSP-1001660022162-A-A11.stats.txt,Homo sapiens,GPL24676,OTHER,other,False,SRX32941577,True,,,
GEO:GSE327983,GSM9669887,UNRESOLVED,UNRESOLVED,,,,,,UNRESOLVED,NOT_RUN,,protein183,Brain,tissue: Brain,Library name: DSP-1001660022162-A-A10 | DSP-1001660022162-A-A10.dcc | DSP-1001660022162-A-A10.stats.txt,Homo sapiens,GPL24676,OTHER,other,False,SRX32941578,True,,,
GEO:GSE327983,GSM9669888,UNRESOLVED,UNRESOLVED,,,,,,UNRESOLVED,NOT_RUN,,protein184,Brain,tissue: Brain,Library name: DSP-1001660022162-A-A09 | DSP-1001660022162-A-A09.dcc | DSP-1001660022162-A-A09.stats.txt,Homo sapiens,GPL24676,OTHER,other,False,SRX32941579,True,,,
GEO:GSE327983,GSM9669889,UNRESOLVED,UNRESOLVED,,,,,,UNRESOLVED,NOT_RUN,,protein185,Brain,tissue: Brain,Library name: DSP-1001660022162-A-A08 | DSP-1001660022162-A-A08.dcc | DSP-1001660022162-A-A08.stats.txt,Homo sapiens,GPL24676,OTHER,other,False,SRX32941580,True,,,
GEO:GSE327983,GSM9669890,UNRESOLVED,UNRESOLVED,,,,,,UNRESOLVED,NOT_RUN,,protein186,Brain,tissue: Brain,Library name: DSP-1001660022162-A-A07 | DSP-1001660022162-A-A07.dcc | DSP-1001660022162-A-A07.stats.txt,Homo sapiens,GPL24676,OTHER,other,False,SRX32941581,True,,,
GEO:GSE327983,GSM9669891,UNRESOLVED,UNRESOLVED,,,,,,UNRESOLVED,NOT_RUN,,protein187,Brain,tissue: Brain,Library name: DSP-1001660022162-A-A06 | DSP-1001660022162-A-A06.dcc | DSP-1001660022162-A-A06.stats.txt,Homo sapiens,GPL24676,OTHER,other,False,SRX32941582,True,,,
GEO:GSE327983,GSM9669892,UNRESOLVED,UNRESOLVED,,,,,,UNRESOLVED,NOT_RUN,,protein188,Brain,tissue: Brain,Library name: DSP-1001660022162-A-A05 | DSP-1001660022162-A-A05.dcc | DSP-1001660022162-A-A05.stats.txt,Homo sapiens,GPL24676,OTHER,other,False,SRX32941583,True,,,
GEO:GSE327983,GSM9669893,UNRESOLVED,UNRESOLVED,,,,,,UNRESOLVED,NOT_RUN,,protein189,Brain,tissue: Brain,Library name: DSP-1001660022162-A-A04 | DSP-1001660022162-A-A04.dcc | DSP-1001660022162-A-A04.stats.txt,Homo sapiens,GPL24676,OTHER,other,False,SRX32941584,True,,,
GEO:GSE327983,GSM9669894,UNRESOLVED,UNRESOLVED,,,,,,UNRESOLVED,NOT_RUN,,protein190,Brain,tissue: Brain,Library name: DSP-1001660022162-A-A03 | DSP-1001660022162-A-A03.dcc | DSP-1001660022162-A-A03.stats.txt,Homo sapiens,GPL24676,OTHER,other,False,SRX32941585,True,,,
GEO:GSE327983,GSM9669895,UNRESOLVED,UNRESOLVED,,,,,,UNRESOLVED,NOT_RUN,,protein191,Brain,tissue: Brain,Library name: DSP-1001660022162-A-A02 | DSP-1001660022162-A-A02.dcc | DSP-1001660022162-A-A02.stats.txt,Homo sapiens,GPL24676,OTHER,other,False,SRX32941586,True,,,
GEO:GSE327983,GSM9669896,UNRESOLVED,UNRESOLVED,,,,,,UNRESOLVED,NOT_RUN,,protein192,Brain,tissue: Brain,Library name: DSP-1001660022162-A-A01 | DSP-1001660022162-A-A01.dcc | DSP-1001660022162-A-A01.stats.txt,Homo sapiens,GPL24676,OTHER,other,False,SRX32941587,True,,,
GEO:GSE327983,GSM9669897,UNRESOLVED,UNRESOLVED,,,,,,UNRESOLVED,NOT_RUN,,RNA1,Bone,tissue: Bone,Library name: DSP-1001660022159-B-H11,Homo sapiens,GPL24676,OTHER,transcriptomic,False,SRX32941411,True,,,
GEO:GSE327983,GSM9669898,UNRESOLVED,UNRESOLVED,,,,,,UNRESOLVED,NOT_RUN,,RNA2,Bone,tissue: Bone,Library name: DSP-1001660022159-B-H10,Homo sapiens,GPL24676,OTHER,transcriptomic,False,SRX32941412,True,,,
GEO:GSE327983,GSM9669899,UNRESOLVED,UNRESOLVED,,,,,,UNRESOLVED,NOT_RUN,,RNA3,Bone,tissue: Bone,Library name: DSP-1001660022159-B-H09,Homo sapiens,GPL24676,OTHER,transcriptomic,False,SRX32941413,True,,,
GEO:GSE327983,GSM9669900,UNRESOLVED,UNRESOLVED,,,,,,UNRESOLVED,NOT_RUN,,RNA4,Bone,tissue: Bone,Library name: DSP-1001660022159-B-H08,Homo sapiens,GPL24676,OTHER,transcriptomic,False,SRX32941414,True,,,
GEO:GSE327983,GSM9669901,UNRESOLVED,UNRESOLVED,,,,,,UNRESOLVED,NOT_RUN,,RNA5,Bone,tissue: Bone,Library name: DSP-1001660022159-B-H07,Homo sapiens,GPL24676,OTHER,transcriptomic,False,SRX32941415,True,,,
GEO:GSE327983,GSM9669902,UNRESOLVED,UNRESOLVED,,,,,,UNRESOLVED,NOT_RUN,,RNA6,Bone,tissue: Bone,Library name: DSP-1001660022159-B-H06,Homo sapiens,GPL24676,OTHER,transcriptomic,False,SRX32941416,True,,,
GEO:GSE327983,GSM9669903,UNRESOLVED,UNRESOLVED,,,,,,UNRESOLVED,NOT_RUN,,RNA7,Bone,tissue: Bone,Library name: DSP-1001660022159-B-H05,Homo sapiens,GPL24676,OTHER,transcriptomic,False,SRX32941417,True,,,
GEO:GSE327983,GSM9669904,UNRESOLVED,UNRESOLVED,,,,,,UNRESOLVED,NOT_RUN,,RNA8,Bone,tissue: Bone,Library name: DSP-1001660022159-B-H04,Homo sapiens,GPL24676,OTHER,transcriptomic,False,SRX32941418,True,,,
GEO:GSE327983,GSM9669905,UNRESOLVED,UNRESOLVED,,,,,,UNRESOLVED,NOT_RUN,,RNA9,Bone,tissue: Bone,Library name: DSP-1001660022159-B-H03,Homo sapiens,GPL24676,OTHER,transcriptomic,False,SRX32941419,True,,,
GEO:GSE327983,GSM9669906,UNRESOLVED,UNRESOLVED,,,,,,UNRESOLVED,NOT_RUN,,RNA10,Bone,tissue: Bone,Library name: DSP-1001660022159-B-H02,Homo sapiens,GPL24676,OTHER,transcriptomic,False,SRX32941420,True,,,
GEO:GSE327983,GSM9669907,UNRESOLVED,UNRESOLVED,,,,,,UNRESOLVED,NOT_RUN,,RNA11,Bone,tissue: Bone,Library name: DSP-1001660022159-B-H01,Homo sapiens,GPL24676,OTHER,transcriptomic,False,SRX32941421,True,,,
GEO:GSE327983,GSM9669908,UNRESOLVED,UNRESOLVED,,,,,,UNRESOLVED,NOT_RUN,,RNA12,Bone,tissue: Bone,Library name: DSP-1001660022159-B-G12,Homo sapiens,GPL24676,OTHER,transcriptomic,False,SRX32941422,True,,,
GEO:GSE327983,GSM9669909,UNRESOLVED,UNRESOLVED,,,,,,UNRESOLVED,NOT_RUN,,RNA13,Bone,tissue: Bone,Library name: DSP-1001660022159-B-G11,Homo sapiens,GPL24676,OTHER,transcriptomic,False,SRX32941423,True,,,
GEO:GSE327983,GSM9669910,UNRESOLVED,UNRESOLVED,,,,,,UNRESOLVED,NOT_RUN,,RNA14,Bone,tissue: Bone,Library name: DSP-1001660022159-B-G10,Homo sapiens,GPL24676,OTHER,transcriptomic,False,SRX32941424,True,,,
GEO:GSE327983,GSM9669911,UNRESOLVED,UNRESOLVED,,,,,,UNRESOLVED,NOT_RUN,,RNA15,Bone,tissue: Bone,Library name: DSP-1001660022159-B-G09,Homo sapiens,GPL24676,OTHER,transcriptomic,False,SRX32941588,True,,,
GEO:GSE327983,GSM9669912,UNRESOLVED,UNRESOLVED,,,,,,UNRESOLVED,NOT_RUN,,RNA16,Bone,tissue: Bone,Library name: DSP-1001660022159-B-G08,Homo sapiens,GPL24676,OTHER,transcriptomic,False,SRX32941589,True,,,
GEO:GSE327983,GSM9669913,UNRESOLVED,UNRESOLVED,,,,,,UNRESOLVED,NOT_RUN,,RNA17,Bone,tissue: Bone,Library name: DSP-1001660022159-B-G07,Homo sapiens,GPL24676,OTHER,transcriptomic,False,SRX32941590,True,,,
GEO:GSE327983,GSM9669914,UNRESOLVED,UNRESOLVED,,,,,,UNRESOLVED,NOT_RUN,,RNA18,Bone,tissue: Bone,Library name: DSP-1001660022159-B-G06,Homo sapiens,GPL24676,OTHER,transcriptomic,False,SRX32941591,True,,,
GEO:GSE327983,GSM9669915,UNRESOLVED,UNRESOLVED,,,,,,UNRESOLVED,NOT_RUN,,RNA19,Bone,tissue: Bone,Library name: DSP-1001660022159-B-G05,Homo sapiens,GPL24676,OTHER,transcriptomic,False,SRX32941592,True,,,
GEO:GSE327983,GSM9669916,UNRESOLVED,UNRESOLVED,,,,,,UNRESOLVED,NOT_RUN,,RNA20,Bone,tissue: Bone,Library name: DSP-1001660022159-B-G04,Homo sapiens,GPL24676,OTHER,transcriptomic,False,SRX32941593,True,,,
GEO:GSE327983,GSM9669917,UNRESOLVED,UNRESOLVED,,,,,,UNRESOLVED,NOT_RUN,,RNA21,Bone,tissue: Bone,Library name: DSP-1001660022159-B-G03,Homo sapiens,GPL24676,OTHER,transcriptomic,False,SRX32941594,True,,,
GEO:GSE327983,GSM9669918,UNRESOLVED,UNRESOLVED,,,,,,UNRESOLVED,NOT_RUN,,RNA22,Bone,tissue: Bone,Library name: DSP-1001660022159-B-G02,Homo sapiens,GPL24676,OTHER,transcriptomic,False,SRX32941595,True,,,
GEO:GSE327983,GSM9669919,UNRESOLVED,UNRESOLVED,,,,,,UNRESOLVED,NOT_RUN,,RNA23,Bone,tissue: Bone,Library name: DSP-1001660022159-B-G01,Homo sapiens,GPL24676,OTHER,transcriptomic,False,SRX32941596,True,,,
GEO:GSE327983,GSM9669920,UNRESOLVED,UNRESOLVED,,,,,,UNRESOLVED,NOT_RUN,,RNA24,Bone,tissue: Bone,Library name: DSP-1001660022159-B-F12,Homo sapiens,GPL24676,OTHER,transcriptomic,False,SRX32941597,True,,,
GEO:GSE327983,GSM9669921,UNRESOLVED,UNRESOLVED,,,,,,UNRESOLVED,NOT_RUN,,RNA25,Bone,tissue: Bone,Library name: DSP-1001660022159-B-F11,Homo sapiens,GPL24676,OTHER,transcriptomic,False,SRX32941598,True,,,
GEO:GSE327983,GSM9669922,UNRESOLVED,UNRESOLVED,,,,,,UNRESOLVED,NOT_RUN,,RNA26,Bone,tissue: Bone,Library name: DSP-1001660022159-B-F10,Homo sapiens,GPL24676,OTHER,transcriptomic,False,SRX32941599,True,,,
GEO:GSE327983,GSM9669923,UNRESOLVED,UNRESOLVED,,,,,,UNRESOLVED,NOT_RUN,,RNA27,Bone,tissue: Bone,Library name: DSP-1001660022159-B-F09,Homo sapiens,GPL24676,OTHER,transcriptomic,False,SRX32941600,True,,,
GEO:GSE327983,GSM9669924,UNRESOLVED,UNRESOLVED,,,,,,UNRESOLVED,NOT_RUN,,RNA28,Bone,tissue: Bone,Library name: DSP-1001660022159-B-F08,Homo sapiens,GPL24676,OTHER,transcriptomic,False,SRX32941601,True,,,
GEO:GSE327983,GSM9669925,UNRESOLVED,UNRESOLVED,,,,,,UNRESOLVED,NOT_RUN,,RNA29,Bone,tissue: Bone,Library name: DSP-1001660022159-B-F07,Homo sapiens,GPL24676,OTHER,transcriptomic,False,SRX32941479,True,,,
GEO:GSE327983,GSM9669926,UNRESOLVED,UNRESOLVED,,,,,,UNRESOLVED,NOT_RUN,,RNA30,Bone,tissue: Bone,Library name: DSP-1001660022159-B-F06,Homo sapiens,GPL24676,OTHER,transcriptomic,False,SRX32941480,True,,,
GEO:GSE327983,GSM9669927,UNRESOLVED,UNRESOLVED,,,,,,UNRESOLVED,NOT_RUN,,RNA31,Bone,tissue: Bone,Library name: DSP-1001660022159-B-F05,Homo sapiens,GPL24676,OTHER,transcriptomic,False,SRX32941481,True,,,
GEO:GSE327983,GSM9669928,UNRESOLVED,UNRESOLVED,,,,,,UNRESOLVED,NOT_RUN,,RNA32,Bone,tissue: Bone,Library name: DSP-1001660022159-B-F04,Homo sapiens,GPL24676,OTHER,transcriptomic,False,SRX32941482,True,,,
GEO:GSE327983,GSM9669929,UNRESOLVED,UNRESOLVED,,,,,,UNRESOLVED,NOT_RUN,,RNA33,Bone,tissue: Bone,Library name: DSP-1001660022159-B-F03,Homo sapiens,GPL24676,OTHER,transcriptomic,False,SRX32941483,True,,,
GEO:GSE327983,GSM9669930,UNRESOLVED,UNRESOLVED,,,,,,UNRESOLVED,NOT_RUN,,RNA34,Bone,tissue: Bone,Library name: DSP-1001660022159-B-F02,Homo sapiens,GPL24676,OTHER,transcriptomic,False,SRX32941484,True,,,
GEO:GSE327983,GSM9669931,UNRESOLVED,UNRESOLVED,,,,,,UNRESOLVED,NOT_RUN,,RNA35,Bone,tissue: Bone,Library name: DSP-1001660022159-B-F01,Homo sapiens,GPL24676,OTHER,transcriptomic,False,SRX32941485,True,,,
GEO:GSE327983,GSM9669932,UNRESOLVED,UNRESOLVED,,,,,,UNRESOLVED,NOT_RUN,,RNA36,Bone,tissue: Bone,Library name: DSP-1001660022159-B-E12,Homo sapiens,GPL24676,OTHER,transcriptomic,False,SRX32941486,True,,,
GEO:GSE327983,GSM9669933,UNRESOLVED,UNRESOLVED,,,,,,UNRESOLVED,NOT_RUN,,RNA37,Bone,tissue: Bone,Library name: DSP-1001660022159-B-E11,Homo sapiens,GPL24676,OTHER,transcriptomic,False,SRX32941487,True,,,
GEO:GSE327983,GSM9669934,UNRESOLVED,UNRESOLVED,,,,,,UNRESOLVED,NOT_RUN,,RNA38,Bone,tissue: Bone,Library name: DSP-1001660022159-B-E10,Homo sapiens,GPL24676,OTHER,transcriptomic,False,SRX32941488,True,,,
GEO:GSE327983,GSM9669935,UNRESOLVED,UNRESOLVED,,,,,,UNRESOLVED,NOT_RUN,,RNA39,Chest Wall,tissue: Chest Wall,Library name: DSP-1001660022159-B-E09,Homo sapiens,GPL24676,OTHER,transcriptomic,False,SRX32941489,True,,,
GEO:GSE327983,GSM9669936,UNRESOLVED,UNRESOLVED,,,,,,UNRESOLVED,NOT_RUN,,RNA40,Chest Wall,tissue: Chest Wall,Library name: DSP-1001660022159-B-E08,Homo sapiens,GPL24676,OTHER,transcriptomic,False,SRX32941490,True,,,
GEO:GSE327983,GSM9669937,UNRESOLVED,UNRESOLVED,,,,,,UNRESOLVED,NOT_RUN,,RNA41,Chest Wall,tissue: Chest Wall,Library name: DSP-1001660022159-B-E07,Homo sapiens,GPL24676,OTHER,transcriptomic,False,SRX32941491,True,,,
GEO:GSE327983,GSM9669938,UNRESOLVED,UNRESOLVED,,,,,,UNRESOLVED,NOT_RUN,,RNA42,Chest Wall,tissue: Chest Wall,Library name: DSP-1001660022159-B-E06,Homo sapiens,GPL24676,OTHER,transcriptomic,False,SRX32941492,True,,,
GEO:GSE327983,GSM9669939,UNRESOLVED,UNRESOLVED,,,,,,UNRESOLVED,NOT_RUN,,RNA43,Chest Wall,tissue: Chest Wall,Library name: DSP-1001660022159-B-E05,Homo sapiens,GPL24676,OTHER,transcriptomic,False,SRX32941343,True,,,
GEO:GSE327983,GSM9669940,UNRESOLVED,UNRESOLVED,,,,,,UNRESOLVED,NOT_RUN,,RNA44,Chest Wall,tissue: Chest Wall,Library name: DSP-1001660022159-B-E04,Homo sapiens,GPL24676,OTHER,transcriptomic,False,SRX32941344,True,,,
GEO:GSE327983,GSM9669941,UNRESOLVED,UNRESOLVED,,,,,,UNRESOLVED,NOT_RUN,,RNA45,Chest Wall,tissue: Chest Wall,Library name: DSP-1001660022159-B-E03,Homo sapiens,GPL24676,OTHER,transcriptomic,False,SRX32941345,True,,,
GEO:GSE327983,GSM9669942,UNRESOLVED,UNRESOLVED,,,,,,UNRESOLVED,NOT_RUN,,RNA46,Chest Wall,tissue: Chest Wall,Library name: DSP-1001660022159-B-E02,Homo sapiens,GPL24676,OTHER,transcriptomic,False,SRX32941346,True,,,
GEO:GSE327983,GSM9669943,UNRESOLVED,UNRESOLVED,,,,,,UNRESOLVED,NOT_RUN,,RNA47,Chest Wall,tissue: Chest Wall,Library name: DSP-1001660022159-B-E01,Homo sapiens,GPL24676,OTHER,transcriptomic,False,SRX32941347,True,,,
GEO:GSE327983,GSM9669944,UNRESOLVED,UNRESOLVED,,,,,,UNRESOLVED,NOT_RUN,,RNA48,Chest Wall,tissue: Chest Wall,Library name: DSP-1001660022159-B-D12,Homo sapiens,GPL24676,OTHER,transcriptomic,False,SRX32941348,True,,,
GEO:GSE327983,GSM9669945,UNRESOLVED,UNRESOLVED,,,,,,UNRESOLVED,NOT_RUN,,RNA49,Chest Wall,tissue: Chest Wall,Library name: DSP-1001660022159-B-D11,Homo sapiens,GPL24676,OTHER,transcriptomic,False,SRX32941349,True,,,
GEO:GSE327983,GSM9669946,UNRESOLVED,UNRESOLVED,,,,,,UNRESOLVED,NOT_RUN,,RNA50,Chest Wall,tissue: Chest Wall,Library name: DSP-1001660022159-B-D10,Homo sapiens,GPL24676,OTHER,transcriptomic,False,SRX32941350,True,,,
GEO:GSE327983,GSM9669947,UNRESOLVED,UNRESOLVED,,,,,,UNRESOLVED,NOT_RUN,,RNA51,Chest Wall,tissue: Chest Wall,Library name: DSP-1001660022159-B-D09,Homo sapiens,GPL24676,OTHER,transcriptomic,False,SRX32941351,True,,,
GEO:GSE327983,GSM9669948,UNRESOLVED,UNRESOLVED,,,,,,UNRESOLVED,NOT_RUN,,RNA52,Chest Wall,tissue: Chest Wall,Library name: DSP-1001660022159-B-D08,Homo sapiens,GPL24676,OTHER,transcriptomic,False,SRX32941352,True,,,
GEO:GSE327983,GSM9669949,UNRESOLVED,UNRESOLVED,,,,,,UNRESOLVED,NOT_RUN,,RNA53,Chest Wall,tissue: Chest Wall,Library name: DSP-1001660022159-B-D07,Homo sapiens,GPL24676,OTHER,transcriptomic,False,SRX32941353,True,,,
GEO:GSE327983,GSM9669950,UNRESOLVED,UNRESOLVED,,,,,,UNRESOLVED,NOT_RUN,,RNA54,Chest Wall,tissue: Chest Wall,Library name: DSP-1001660022159-B-D06,Homo sapiens,GPL24676,OTHER,transcriptomic,False,SRX32941354,True,,,
GEO:GSE327983,GSM9669951,UNRESOLVED,UNRESOLVED,,,,,,UNRESOLVED,NOT_RUN,,RNA55,Chest Wall,tissue: Chest Wall,Library name: DSP-1001660022159-B-D05,Homo sapiens,GPL24676,OTHER,transcriptomic,False,SRX32941355,True,,,
GEO:GSE327983,GSM9669952,UNRESOLVED,UNRESOLVED,,,,,,UNRESOLVED,NOT_RUN,,RNA56,Chest Wall,tissue: Chest Wall,Library name: DSP-1001660022159-B-D04,Homo sapiens,GPL24676,OTHER,transcriptomic,False,SRX32941356,True,,,
GEO:GSE327983,GSM9669953,UNRESOLVED,UNRESOLVED,,,,,,UNRESOLVED,NOT_RUN,,RNA57,Chest Wall,tissue: Chest Wall,Library name: DSP-1001660022159-B-D03,Homo sapiens,GPL24676,OTHER,transcriptomic,False,SRX32941465,True,,,
GEO:GSE327983,GSM9669954,UNRESOLVED,UNRESOLVED,,,,,,UNRESOLVED,NOT_RUN,,RNA58,Chest Wall,tissue: Chest Wall,Library name: DSP-1001660022159-B-D02,Homo sapiens,GPL24676,OTHER,transcriptomic,False,SRX32941466,True,,,
GEO:GSE327983,GSM9669955,UNRESOLVED,UNRESOLVED,,,,,,UNRESOLVED,NOT_RUN,,RNA59,Chest Wall,tissue: Chest Wall,Library name: DSP-1001660022159-B-D01,Homo sapiens,GPL24676,OTHER,transcriptomic,False,SRX32941467,True,,,
GEO:GSE327983,GSM9669956,UNRESOLVED,UNRESOLVED,,,,,,UNRESOLVED,NOT_RUN,,RNA60,Bone,tissue: Bone,Library name: DSP-1001660022159-B-C12,Homo sapiens,GPL24676,OTHER,transcriptomic,False,SRX32941468,True,,,
GEO:GSE327983,GSM9669957,UNRESOLVED,UNRESOLVED,,,,,,UNRESOLVED,NOT_RUN,,RNA61,Bone,tissue: Bone,Library name: DSP-1001660022159-B-C11,Homo sapiens,GPL24676,OTHER,transcriptomic,False,SRX32941469,True,,,
GEO:GSE327983,GSM9669958,UNRESOLVED,UNRESOLVED,,,,,,UNRESOLVED,NOT_RUN,,RNA62,Bone,tissue: Bone,Library name: DSP-1001660022159-B-C10,Homo sapiens,GPL24676,OTHER,transcriptomic,False,SRX32941470,True,,,
GEO:GSE327983,GSM9669959,UNRESOLVED,UNRESOLVED,,,,,,UNRESOLVED,NOT_RUN,,RNA63,Bone,tissue: Bone,Library name: DSP-1001660022159-B-C09,Homo sapiens,GPL24676,OTHER,transcriptomic,False,SRX32941471,True,,,
GEO:GSE327983,GSM9669960,UNRESOLVED,UNRESOLVED,,,,,,UNRESOLVED,NOT_RUN,,RNA64,Bone,tissue: Bone,Library name: DSP-1001660022159-B-C08,Homo sapiens,GPL24676,OTHER,transcriptomic,False,SRX32941472,True,,,
GEO:GSE327983,GSM9669961,UNRESOLVED,UNRESOLVED,,,,,,UNRESOLVED,NOT_RUN,,RNA65,Bone,tissue: Bone,Library name: DSP-1001660022159-B-C07,Homo sapiens,GPL24676,OTHER,transcriptomic,False,SRX32941473,True,,,
GEO:GSE327983,GSM9669962,UNRESOLVED,UNRESOLVED,,,,,,UNRESOLVED,NOT_RUN,,RNA66,Bone,tissue: Bone,Library name: DSP-1001660022159-B-C06,Homo sapiens,GPL24676,OTHER,transcriptomic,False,SRX32941474,True,,,
GEO:GSE327983,GSM9669963,UNRESOLVED,UNRESOLVED,,,,,,UNRESOLVED,NOT_RUN,,RNA67,Bone,tissue: Bone,Library name: DSP-1001660022159-B-C05,Homo sapiens,GPL24676,OTHER,transcriptomic,False,SRX32941475,True,,,
GEO:GSE327983,GSM9669964,UNRESOLVED,UNRESOLVED,,,,,,UNRESOLVED,NOT_RUN,,RNA68,Bone,tissue: Bone,Library name: DSP-1001660022159-B-C04,Homo sapiens,GPL24676,OTHER,transcriptomic,False,SRX32941476,True,,,
GEO:GSE327983,GSM9669965,UNRESOLVED,UNRESOLVED,,,,,,UNRESOLVED,NOT_RUN,,RNA69,Bone,tissue: Bone,Library name: DSP-1001660022159-B-C03,Homo sapiens,GPL24676,OTHER,transcriptomic,False,SRX32941477,True,,,
GEO:GSE327983,GSM9669966,UNRESOLVED,UNRESOLVED,,,,,,UNRESOLVED,NOT_RUN,,RNA70,Bone,tissue: Bone,Library name: DSP-1001660022159-B-C02,Homo sapiens,GPL24676,OTHER,transcriptomic,False,SRX32941478,True,,,
GEO:GSE327983,GSM9669967,UNRESOLVED,UNRESOLVED,,,,,,UNRESOLVED,NOT_RUN,,RNA71,Bone,tissue: Bone,Library name: DSP-1001660022159-B-C01,Homo sapiens,GPL24676,OTHER,transcriptomic,False,SRX32941602,True,,,
GEO:GSE327983,GSM9669968,UNRESOLVED,UNRESOLVED,,,,,,UNRESOLVED,NOT_RUN,,RNA72,Bone,tissue: Bone,Library name: DSP-1001660022159-B-B12,Homo sapiens,GPL24676,OTHER,transcriptomic,False,SRX32941603,True,,,
GEO:GSE327983,GSM9669969,UNRESOLVED,UNRESOLVED,,,,,,UNRESOLVED,NOT_RUN,,RNA73,Bone,tissue: Bone,Library name: DSP-1001660022159-B-B11,Homo sapiens,GPL24676,OTHER,transcriptomic,False,SRX32941604,True,,,
GEO:GSE327983,GSM9669970,UNRESOLVED,UNRESOLVED,,,,,,UNRESOLVED,NOT_RUN,,RNA74,Bone,tissue: Bone,Library name: DSP-1001660022159-B-B10,Homo sapiens,GPL24676,OTHER,transcriptomic,False,SRX32941605,True,,,
GEO:GSE327983,GSM9669971,UNRESOLVED,UNRESOLVED,,,,,,UNRESOLVED,NOT_RUN,,RNA75,Bone,tissue: Bone,Library name: DSP-1001660022159-B-B09,Homo sapiens,GPL24676,OTHER,transcriptomic,False,SRX32941606,True,,,
GEO:GSE327983,GSM9669972,UNRESOLVED,UNRESOLVED,,,,,,UNRESOLVED,NOT_RUN,,RNA76,Bone,tissue: Bone,Library name: DSP-1001660022159-B-B08,Homo sapiens,GPL24676,OTHER,transcriptomic,False,SRX32941607,True,,,
GEO:GSE327983,GSM9669973,UNRESOLVED,UNRESOLVED,,,,,,UNRESOLVED,NOT_RUN,,RNA77,Bone,tissue: Bone,Library name: DSP-1001660022159-B-B07,Homo sapiens,GPL24676,OTHER,transcriptomic,False,SRX32941608,True,,,
GEO:GSE327983,GSM9669974,UNRESOLVED,UNRESOLVED,,,,,,UNRESOLVED,NOT_RUN,,RNA78,Bone,tissue: Bone,Library name: DSP-1001660022159-B-B06,Homo sapiens,GPL24676,OTHER,transcriptomic,False,SRX32941609,True,,,
GEO:GSE327983,GSM9669975,UNRESOLVED,UNRESOLVED,,,,,,UNRESOLVED,NOT_RUN,,RNA79,Bone,tissue: Bone,Library name: DSP-1001660022159-B-B05,Homo sapiens,GPL24676,OTHER,transcriptomic,False,SRX32941610,True,,,
GEO:GSE327983,GSM9669976,UNRESOLVED,UNRESOLVED,,,,,,UNRESOLVED,NOT_RUN,,RNA80,Bone,tissue: Bone,Library name: DSP-1001660022159-B-B04,Homo sapiens,GPL24676,OTHER,transcriptomic,False,SRX32941611,True,,,
GEO:GSE327983,GSM9669977,UNRESOLVED,UNRESOLVED,,,,,,UNRESOLVED,NOT_RUN,,RNA81,Bone,tissue: Bone,Library name: DSP-1001660022159-B-B03,Homo sapiens,GPL24676,OTHER,transcriptomic,False,SRX32941612,True,,,
GEO:GSE327983,GSM9669978,UNRESOLVED,UNRESOLVED,,,,,,UNRESOLVED,NOT_RUN,,RNA82,Bone,tissue: Bone,Library name: DSP-1001660022159-B-B02,Homo sapiens,GPL24676,OTHER,transcriptomic,False,SRX32941613,True,,,
GEO:GSE327983,GSM9669979,UNRESOLVED,UNRESOLVED,,,,,,UNRESOLVED,NOT_RUN,,RNA83,Bone,tissue: Bone,Library name: DSP-1001660022159-B-B01,Homo sapiens,GPL24676,OTHER,transcriptomic,False,SRX32941614,True,,,
GEO:GSE327983,GSM9669980,UNRESOLVED,UNRESOLVED,,,,,,UNRESOLVED,NOT_RUN,,RNA84,Bone,tissue: Bone,Library name: DSP-1001660022159-B-A12,Homo sapiens,GPL24676,OTHER,transcriptomic,False,SRX32941615,True,,,
GEO:GSE327983,GSM9669981,UNRESOLVED,UNRESOLVED,,,,,,UNRESOLVED,NOT_RUN,,RNA85,Bone,tissue: Bone,Library name: DSP-1001660022159-B-A11,Homo sapiens,GPL24676,OTHER,transcriptomic,False,SRX32941493,True,,,
GEO:GSE327983,GSM9669982,UNRESOLVED,UNRESOLVED,,,,,,UNRESOLVED,NOT_RUN,,RNA86,Bone,tissue: Bone,Library name: DSP-1001660022159-B-A10,Homo sapiens,GPL24676,OTHER,transcriptomic,False,SRX32941494,True,,,
GEO:GSE327983,GSM9669983,UNRESOLVED,UNRESOLVED,,,,,,UNRESOLVED,NOT_RUN,,RNA87,Bone,tissue: Bone,Library name: DSP-1001660022159-B-A09,Homo sapiens,GPL24676,OTHER,transcriptomic,False,SRX32941495,True,,,
GEO:GSE327983,GSM9669984,UNRESOLVED,UNRESOLVED,,,,,,UNRESOLVED,NOT_RUN,,RNA88,Bone,tissue: Bone,Library name: DSP-1001660022159-B-A08,Homo sapiens,GPL24676,OTHER,transcriptomic,False,SRX32941496,True,,,
GEO:GSE327983,GSM9669985,UNRESOLVED,UNRESOLVED,,,,,,UNRESOLVED,NOT_RUN,,RNA89,Bone,tissue: Bone,Library name: DSP-1001660022159-B-A07,Homo sapiens,GPL24676,OTHER,transcriptomic,False,SRX32941497,True,,,
GEO:GSE327983,GSM9669986,UNRESOLVED,UNRESOLVED,,,,,,UNRESOLVED,NOT_RUN,,RNA90,Bone,tissue: Bone,Library name: DSP-1001660022159-B-A06,Homo sapiens,GPL24676,OTHER,transcriptomic,False,SRX32941498,True,,,
GEO:GSE327983,GSM9669987,UNRESOLVED,UNRESOLVED,,,,,,UNRESOLVED,NOT_RUN,,RNA91,Bone,tissue: Bone,Library name: DSP-1001660022159-B-A05,Homo sapiens,GPL24676,OTHER,transcriptomic,False,SRX32941499,True,,,
GEO:GSE327983,GSM9669988,UNRESOLVED,UNRESOLVED,,,,,,UNRESOLVED,NOT_RUN,,RNA92,Bone,tissue: Bone,Library name: DSP-1001660022159-B-A04,Homo sapiens,GPL24676,OTHER,transcriptomic,False,SRX32941500,True,,,
GEO:GSE327983,GSM9669989,UNRESOLVED,UNRESOLVED,,,,,,UNRESOLVED,NOT_RUN,,RNA93,Bone,tissue: Bone,Library name: DSP-1001660022159-B-A03,Homo sapiens,GPL24676,OTHER,transcriptomic,False,SRX32941501,True,,,
GEO:GSE327983,GSM9669990,UNRESOLVED,UNRESOLVED,,,,,,UNRESOLVED,NOT_RUN,,RNA94,Bone,tissue: Bone,Library name: DSP-1001660022159-B-A02,Homo sapiens,GPL24676,OTHER,transcriptomic,False,SRX32941502,True,,,
GEO:GSE327983,GSM9669991,UNRESOLVED,UNRESOLVED,,,,,,UNRESOLVED,NOT_RUN,,RNA95,Bone,tissue: Bone,Library name: DSP-1001660022159-B-A01,Homo sapiens,GPL24676,OTHER,transcriptomic,False,SRX32941503,True,,,
SRA:SRR26401907,SRS19172533,UNRESOLVED,UNRESOLVED,,,,,,UNRESOLVED,NOT_RUN,,"GSM7843751 | GSM7843751 | PATHOLOGY, UT SOUTHWESTERN MEDICAL CENTER",,,,Homo sapiens,ILLUMINA,RNA-Seq,TRANSCRIPTOMIC,False,SRR26401907,True,,,
SRA:SRR26401908,SRS19172532,UNRESOLVED,UNRESOLVED,,,,,,UNRESOLVED,NOT_RUN,,"GSM7843750 | GSM7843750 | PATHOLOGY, UT SOUTHWESTERN MEDICAL CENTER",,,,Homo sapiens,ILLUMINA,RNA-Seq,TRANSCRIPTOMIC,False,SRR26401908,True,,,
SRA:SRR26401909,SRS19172530,UNRESOLVED,UNRESOLVED,,,,,,UNRESOLVED,NOT_RUN,,"GSM7843749 | GSM7843749 | PATHOLOGY, UT SOUTHWESTERN MEDICAL CENTER",,,,Homo sapiens,ILLUMINA,RNA-Seq,TRANSCRIPTOMIC,False,SRR26401909,True,,,
SRA:SRR26401910,SRS19172529,UNRESOLVED,UNRESOLVED,,,,,,UNRESOLVED,NOT_RUN,,"GSM7843748 | GSM7843748 | PATHOLOGY, UT SOUTHWESTERN MEDICAL CENTER",,,,Homo sapiens,ILLUMINA,RNA-Seq,TRANSCRIPTOMIC,False,SRR26401910,True,,,
SRA:SRR33650052,SRS25103977,UNRESOLVED,UNRESOLVED,,,,,,UNRESOLVED,NOT_RUN,,GSM8997275 | GSM8997275 | JSPH,,,,Homo sapiens,ILLUMINA,OTHER,GENOMIC,False,SRR33650052,True,,,
SRA:SRR33650053,SRS25103976,UNRESOLVED,UNRESOLVED,,,,,,UNRESOLVED,NOT_RUN,,GSM8997274 | GSM8997274 | JSPH,,,,Homo sapiens,ILLUMINA,OTHER,GENOMIC,False,SRR33650053,True,,,
SRA:SRR33650054,SRS25103975,UNRESOLVED,UNRESOLVED,,,,,,UNRESOLVED,NOT_RUN,,GSM8997273 | GSM8997273 | JSPH,,,,Homo sapiens,ILLUMINA,OTHER,GENOMIC,False,SRR33650054,True,,,
SRA:SRR33650055,SRS25103974,UNRESOLVED,UNRESOLVED,,,,,,UNRESOLVED,NOT_RUN,,GSM8997272 | GSM8997272 | JSPH,,,,Homo sapiens,ILLUMINA,OTHER,GENOMIC,False,SRR33650055,True,,,
SRA:SRR33650056,SRS25103973,UNRESOLVED,UNRESOLVED,,,,,,UNRESOLVED,NOT_RUN,,GSM8997271 | GSM8997271 | JSPH,,,,Homo sapiens,ILLUMINA,OTHER,GENOMIC,False,SRR33650056,True,,,
SRA:SRR33650057,SRS25103972,UNRESOLVED,UNRESOLVED,,,,,,UNRESOLVED,NOT_RUN,,GSM8997270 | GSM8997270 | JSPH,,,,Homo sapiens,ILLUMINA,OTHER,GENOMIC,False,SRR33650057,True,,,
SRA:SRR33650058,SRS25103971,UNRESOLVED,UNRESOLVED,,,,,,UNRESOLVED,NOT_RUN,,GSM8997269 | GSM8997269 | JSPH,,,,Homo sapiens,ILLUMINA,OTHER,GENOMIC,False,SRR33650058,True,,,
SRA:SRR33650059,SRS25103970,UNRESOLVED,UNRESOLVED,,,,,,UNRESOLVED,NOT_RUN,,GSM8997268 | GSM8997268 | JSPH,,,,Homo sapiens,ILLUMINA,OTHER,GENOMIC,False,SRR33650059,True,,,
SRA:SRR33650060,SRS25103969,UNRESOLVED,UNRESOLVED,,,,,,UNRESOLVED,NOT_RUN,,GSM8997267 | GSM8997267 | JSPH,,,,Homo sapiens,ILLUMINA,OTHER,GENOMIC,False,SRR33650060,True,,,
SRA:SRR33650061,SRS25103968,UNRESOLVED,UNRESOLVED,,,,,,UNRESOLVED,NOT_RUN,,GSM8997266 | GSM8997266 | JSPH,,,,Homo sapiens,ILLUMINA,OTHER,GENOMIC,False,SRR33650061,True,,,
SRA:SRR33650062,SRS25103967,UNRESOLVED,UNRESOLVED,,,,,,UNRESOLVED,NOT_RUN,,GSM8997265 | GSM8997265 | JSPH,,,,Homo sapiens,ILLUMINA,OTHER,GENOMIC,False,SRR33650062,True,,,
SRA:SRR33650063,SRS25103966,UNRESOLVED,UNRESOLVED,,,,,,UNRESOLVED,NOT_RUN,,GSM8997264 | GSM8997264 | JSPH,,,,Homo sapiens,ILLUMINA,OTHER,GENOMIC,False,SRR33650063,True,,,
SRA:SRR33650064,SRS25103965,UNRESOLVED,UNRESOLVED,,,,,,UNRESOLVED,NOT_RUN,,GSM8997263 | GSM8997263 | JSPH,,,,Homo sapiens,ILLUMINA,OTHER,GENOMIC,False,SRR33650064,True,,,
SRA:SRR33650065,SRS25103964,UNRESOLVED,UNRESOLVED,,,,,,UNRESOLVED,NOT_RUN,,GSM8997262 | GSM8997262 | JSPH,,,,Homo sapiens,ILLUMINA,OTHER,GENOMIC,False,SRR33650065,True,,,
SRA:SRR33650066,SRS25103963,UNRESOLVED,UNRESOLVED,,,,,,UNRESOLVED,NOT_RUN,,GSM8997261 | GSM8997261 | JSPH,,,,Homo sapiens,ILLUMINA,OTHER,GENOMIC,False,SRR33650066,True,,,
SRA:SRR33650067,SRS25103962,UNRESOLVED,UNRESOLVED,,,,,,UNRESOLVED,NOT_RUN,,GSM8997260 | GSM8997260 | JSPH,,,,Homo sapiens,ILLUMINA,OTHER,GENOMIC,False,SRR33650067,True,,,
SRA:SRR33650068,SRS25103961,UNRESOLVED,UNRESOLVED,,,,,,UNRESOLVED,NOT_RUN,,GSM8997259 | GSM8997259 | JSPH,,,,Homo sapiens,ILLUMINA,OTHER,GENOMIC,False,SRR33650068,True,,,
SRA:SRR33650069,SRS25103960,UNRESOLVED,UNRESOLVED,,,,,,UNRESOLVED,NOT_RUN,,GSM8997258 | GSM8997258 | JSPH,,,,Homo sapiens,ILLUMINA,OTHER,GENOMIC,False,SRR33650069,True,,,
SRA:SRR33650070,SRS25103959,UNRESOLVED,UNRESOLVED,,,,,,UNRESOLVED,NOT_RUN,,GSM8997257 | GSM8997257 | JSPH,,,,Homo sapiens,ILLUMINA,OTHER,GENOMIC,False,SRR33650070,True,,,
SRA:SRR33650071,SRS25103958,UNRESOLVED,UNRESOLVED,,,,,,UNRESOLVED,NOT_RUN,,GSM8997256 | GSM8997256 | JSPH,,,,Homo sapiens,ILLUMINA,OTHER,GENOMIC,False,SRR33650071,True,,,
SRA:SRR33662215,SRS25115165,UNRESOLVED,UNRESOLVED,,,,,,UNRESOLVED,NOT_RUN,,GSM8999193 | GSM8999193 | JSPH,,,,Homo sapiens,ILLUMINA,RNA-Seq,TRANSCRIPTOMIC,False,SRR33662215,True,,,
SRA:SRR33662216,SRS25115164,UNRESOLVED,UNRESOLVED,,,,,,UNRESOLVED,NOT_RUN,,GSM8999192 | GSM8999192 | JSPH,,,,Homo sapiens,ILLUMINA,RNA-Seq,TRANSCRIPTOMIC,False,SRR33662216,True,,,
SRA:SRR33662217,SRS25115163,UNRESOLVED,UNRESOLVED,,,,,,UNRESOLVED,NOT_RUN,,GSM8999191 | GSM8999191 | JSPH,,,,Homo sapiens,ILLUMINA,RNA-Seq,TRANSCRIPTOMIC,False,SRR33662217,True,,,
