============================================================
ATLAS MONITOR CYCLE
Started: 2026-08-31T17:33:59+08:00
============================================================

[0] Runtime preflight
========================================================================================
ATLAS FULL PIPELINE AUTOMATION
========================================================================================
Project root: /home/regulus/Documents/ATLAS
Python:       /home/regulus/Documents/ATLAS/.venv/bin/python
Stages:       00y -> 00y
Refresh:      False
Force:        False

========================================================================================
[00y] Runtime, network, dependency, and credential preflight
========================================================================================
Command: /home/regulus/Documents/ATLAS/.venv/bin/python -u /home/regulus/Documents/ATLAS/scripts/00y_runtime_preflight.py
Log: /home/regulus/Documents/ATLAS/logs/full_pipeline/00y_00y_runtime_preflight.log
========================================================================================
ATLAS — RUNTIME / NETWORK / DEPENDENCY PREFLIGHT
========================================================================================
PASS  python_version            3.12.13
PASS  python_import             pandas
PASS  python_import             numpy
PASS  python_import             scipy
PASS  python_import             requests
PASS  python_import             duckdb
PASS  python_import             pydeseq2
PASS  python_import             gseapy
PASS  python_import             rdkit
PASS  python_import             vina
PASS  python_import             openbabel
PASS  runner_script             00y_runtime_preflight.py
PASS  runner_script             00a_dataset_discovery.py
PASS  runner_script             00b_metadata_catalog.py
PASS  runner_script             00c_dataset_eligibility.py
PASS  runner_script             00d_metadata_enrichment.py
PASS  runner_script             00d1_phenotype_audit.py
PASS  runner_script             00d2_conservative_phenotype_classifier.py
PASS  runner_script             00d2b_curated_study_phenotype_mapping.py
PASS  runner_script             00d2c_confirm_her2_status.py
PASS  runner_script             00d3_dataset_relationship_audit.py
PASS  runner_script             00c4_independence_modality_scoring.py
PASS  runner_script             00w_scientific_automation_gate.py
PASS  runner_script             00e_primary_validation_expression_fetch.py
PASS  runner_script             00aa_dataset_volume_metadata.py
PASS  runner_script             00f_primary_validation_matrix_inspection.py
PASS  runner_script             00f1_primary_validation_design_audit.py
PASS  runner_script             00g_primary_validation_differential_expression.py
PASS  runner_script             00h_cross_study_deg_concordance.py
PASS  runner_script             00i_consensus_resistance_signature.py
PASS  runner_script             00j_discovery_consensus_validation.py
PASS  runner_script             00k_strict_core_pathway_validation.py
PASS  runner_script             00l_tgfb_ranked_validation.py
PASS  runner_script             00m_tgfb_gene_level_audit.py
PASS  runner_script             00n_tgfb_leading_edge_comparison.py
PASS  runner_script             00o_tgfb_reproducible_module_validation.py
PASS  runner_script             00p_tgfb_module_score_validation.py
PASS  runner_script             00q_tgfb_dual_module_cross_dataset_audit.py
PASS  runner_script             00r_tgfb_final_evidence_synthesis.py
PASS  runner_script             00s_validated_resistance_evidence_export.py
PASS  runner_script             04g_cmap_submit_all.py
PASS  runner_script             04h_cmap_check_all_jobs.py
PASS  runner_script             04j_cmap_download_all.py
PASS  runner_script             04k_cmap_parse_all_tau.py
PASS  runner_script             04l_cmap_prioritize.py
PASS  runner_script             04m_cmap_drug_filter.py
PASS  runner_script             04n_regulatory_status.py
PASS  runner_script             04o_safety_screening.py
PASS  runner_script             04p_drug_target_annotation.py
PASS  runner_script             04q_network_integration.py
PASS  runner_script             04r_final_candidate_prioritization.py
PASS  runner_script             04s_target_supported_docking.py
PASS  runner_script             04t_admet_structural_assessment.py
PASS  runner_script             04u_integrated_evidence_matrix.py
PASS  writable_directory        /home/regulus/Documents/ATLAS/results
PASS  writable_directory        /home/regulus/Documents/ATLAS/logs
PASS  writable_directory        /home/regulus/Documents/ATLAS/data
PASS  disk_space                /home/regulus/Documents/ATLAS
PASS  network_connectivity      NCBI
PASS  network_connectivity      STRING
PASS  network_connectivity      UniProt
PASS  network_connectivity      PubChem
PASS  network_connectivity      ClinicalTrials
PASS  cmap_environment          CLUE_API_KEY

OVERALL: PASS
JSON: /home/regulus/Documents/ATLAS/results/pipeline_state/runtime_preflight.json
CSV:  /home/regulus/Documents/ATLAS/results/pipeline_state/runtime_preflight.csv

SUCCESS [00y] Runtime, network, dependency, and credential preflight

========================================================================================
ATLAS FULL PIPELINE COMPLETE
========================================================================================
/home/regulus/Documents/ATLAS/results/cmap/integrated_evidence/ATLAS_integrated_evidence_matrix.csv
State: /home/regulus/Documents/ATLAS/results/pipeline_state/full_pipeline_state.json
Logs:  /home/regulus/Documents/ATLAS/logs/full_pipeline

[1] Baseline acquisition fingerprint
Before acquisition hash: b95a833a326d6198a111259ad169f7d10d60d0a0c269053ba85a67b8edd01f0c

[2] Refreshing online acquisition and metadata
========================================================================================
ATLAS FULL PIPELINE AUTOMATION
========================================================================================
Project root: /home/regulus/Documents/ATLAS
Python:       /home/regulus/Documents/ATLAS/.venv/bin/python
Stages:       00a -> 00c4
Refresh:      True
Force:        False

========================================================================================
[00a] Discover candidate datasets online
========================================================================================
Command: /home/regulus/Documents/ATLAS/.venv/bin/python -u /home/regulus/Documents/ATLAS/scripts/00a_dataset_discovery.py
Log: /home/regulus/Documents/ATLAS/logs/full_pipeline/00a_00a_dataset_discovery.log

[trastuzumab_resistance] ("HER2" OR ERBB2) AND breast cancer AND trastuzumab resistance
  geo: 25
  sra: 25
  gdc: 25
  cbioportal: 24

[trastuzumab_resistance] BT474 AND trastuzumab resistant
  geo: 25
  sra: 25
  gdc: 25
  cbioportal: 0

[trastuzumab_resistance] SKBR3 AND trastuzumab resistant
  geo: 25
  sra: 6
  gdc: 25
  cbioportal: 0

[trastuzumab_resistance] ERBB2 AND acquired resistance AND transcriptome
  geo: 1
  sra: 0
  gdc: 25
  cbioportal: 3

[tgfb_resistance] HER2 breast cancer TGF-beta resistance
  geo: 3
  sra: 0
  gdc: 25
  cbioportal: 24

[tgfb_resistance] trastuzumab resistance TGFBR1 SMAD
  geo: 0
  sra: 0
  gdc: 25
  cbioportal: 3

[tgfb_resistance] HER2 TGFB1 SMAD transcriptome
  geo: 0
  sra: 0
  gdc: 25
  cbioportal: 0

[checkpoint_resistance] HER2 breast cancer PD-L1 resistance
  geo: 0
  sra: 0
  gdc: 25
  cbioportal: 24

[checkpoint_resistance] HER2 CD274 immune resistance
  geo: 0
  sra: 0
  gdc: 25
  cbioportal: 3

[checkpoint_resistance] trastuzumab PD-L1 transcriptome
  geo: 0
  sra: 0
  gdc: 25
  cbioportal: 0

[checkpoint_resistance] HER2 PDCD1 checkpoint resistance
  geo: 0
  sra: 0
  gdc: 25
  cbioportal: 3
Parquet skipped: ("Could not convert '' with type str: tried to convert to int64", 'Conversion failed for column sample_count with type object')
/home/regulus/Documents/ATLAS/scripts/00a_dataset_discovery.py:263: Pandas4Warning: Timestamp.utcnow is deprecated and will be removed in a future version. Use Timestamp.now('UTC') instead.
  "created_utc": pd.Timestamp.utcnow().isoformat(),

=== 00A COMPLETE ===
Unique candidates: 168
source
GEO           63
SRA           56
GDC           25
CBIOPORTAL    24

/home/regulus/Documents/ATLAS/data/discovery/dataset_candidates.csv

SUCCESS [00a] Discover candidate datasets online

========================================================================================
[00b] Build/update metadata catalog
========================================================================================
Command: /home/regulus/Documents/ATLAS/.venv/bin/python -u /home/regulus/Documents/ATLAS/scripts/00b_metadata_catalog.py
Log: /home/regulus/Documents/ATLAS/logs/full_pipeline/00b_00b_metadata_catalog.log
=== 00B COMPLETE ===
Catalog: /home/regulus/Documents/ATLAS/data/catalog/atlas_catalog.duckdb
Datasets: 168
    source  n
       GEO 63
       SRA 56
       GDC 25
CBIOPORTAL 24

SUCCESS [00b] Build/update metadata catalog

========================================================================================
[00c] Initial dataset eligibility scoring
========================================================================================
Command: /home/regulus/Documents/ATLAS/.venv/bin/python -u /home/regulus/Documents/ATLAS/scripts/00c_dataset_eligibility.py
Log: /home/regulus/Documents/ATLAS/logs/full_pipeline/00c_00c_dataset_eligibility.log
=== 00C COMPLETE ===
eligibility_category
EXCLUDE_OR_MANUAL_REVIEW    89
EXPLORATORY                 79

Top candidates:
 eligibility_score eligibility_category source source_accession title  manual_review_required
                55          EXPLORATORY    SRA      SRR33650052   NaN                    True
                55          EXPLORATORY    SRA      SRR33650053   NaN                    True
                55          EXPLORATORY    SRA      SRR33650054   NaN                    True
                55          EXPLORATORY    SRA      SRR33650055   NaN                    True
                55          EXPLORATORY    SRA      SRR33650056   NaN                    True
                55          EXPLORATORY    SRA      SRR33650057   NaN                    True
                55          EXPLORATORY    SRA      SRR33650058   NaN                    True
                55          EXPLORATORY    SRA      SRR33650059   NaN                    True
                55          EXPLORATORY    SRA      SRR33650060   NaN                    True
                55          EXPLORATORY    SRA      SRR33650061   NaN                    True
                55          EXPLORATORY    SRA      SRR33650062   NaN                    True
                55          EXPLORATORY    SRA      SRR33650063   NaN                    True
                55          EXPLORATORY    SRA      SRR33650064   NaN                    True
                55          EXPLORATORY    SRA      SRR33650065   NaN                    True
                55          EXPLORATORY    SRA      SRR33650066   NaN                    True
                55          EXPLORATORY    SRA      SRR33650067   NaN                    True
                55          EXPLORATORY    SRA      SRR33650068   NaN                    True
                55          EXPLORATORY    SRA      SRR33650069   NaN                    True
                55          EXPLORATORY    SRA      SRR33650070   NaN                    True
                55          EXPLORATORY    SRA      SRR33650071   NaN                    True

/home/regulus/Documents/ATLAS/data/discovery/dataset_candidates_scored.csv

SUCCESS [00c] Initial dataset eligibility scoring

========================================================================================
[00d] Enrich candidate dataset metadata online
========================================================================================
Command: /home/regulus/Documents/ATLAS/.venv/bin/python -u /home/regulus/Documents/ATLAS/scripts/00d_metadata_enrichment.py
Log: /home/regulus/Documents/ATLAS/logs/full_pipeline/00d_00d_metadata_enrichment.log
==============================================================================
ATLAS — Stage 00D Metadata Enrichment + Download Planning
==============================================================================
Datasets selected: 30
Sources: ['GEO', 'SRA']
Workers: 6

[SRA] SRR33650052
  enriched samples: 1 (R=0, S/P=0, unresolved=1)

[SRA] SRR33650053
  enriched samples: 1 (R=0, S/P=0, unresolved=1)

[SRA] SRR33650054
  enriched samples: 1 (R=0, S/P=0, unresolved=1)

[SRA] SRR33650055
  enriched samples: 1 (R=0, S/P=0, unresolved=1)

[SRA] SRR33650056
  enriched samples: 1 (R=0, S/P=0, unresolved=1)

[SRA] SRR33650057
  enriched samples: 1 (R=0, S/P=0, unresolved=1)

[SRA] SRR33650058
  enriched samples: 1 (R=0, S/P=0, unresolved=1)

[SRA] SRR33650059
  enriched samples: 1 (R=0, S/P=0, unresolved=1)

[SRA] SRR33650060
  enriched samples: 1 (R=0, S/P=0, unresolved=1)

[SRA] SRR33650061
  enriched samples: 1 (R=0, S/P=0, unresolved=1)

[SRA] SRR33650062
  enriched samples: 1 (R=0, S/P=0, unresolved=1)

[SRA] SRR33650063
  enriched samples: 1 (R=0, S/P=0, unresolved=1)

[SRA] SRR33650064
  enriched samples: 1 (R=0, S/P=0, unresolved=1)

[SRA] SRR33650065
  enriched samples: 1 (R=0, S/P=0, unresolved=1)

[SRA] SRR33650066
  enriched samples: 1 (R=0, S/P=0, unresolved=1)

[SRA] SRR33650067
  enriched samples: 1 (R=0, S/P=0, unresolved=1)

[SRA] SRR33650068
  enriched samples: 1 (R=0, S/P=0, unresolved=1)

[SRA] SRR33650069
  enriched samples: 1 (R=0, S/P=0, unresolved=1)

[SRA] SRR33650070
  enriched samples: 1 (R=0, S/P=0, unresolved=1)

[SRA] SRR33650071
  enriched samples: 1 (R=0, S/P=0, unresolved=1)

[SRA] SRR33662215
  enriched samples: 1 (R=0, S/P=0, unresolved=1)

[SRA] SRR33662216
  enriched samples: 1 (R=0, S/P=0, unresolved=1)

[SRA] SRR33662217
  enriched samples: 1 (R=0, S/P=0, unresolved=1)

[GEO] GSE107473
  family SOFT samples discovered: 3
  enriched samples: 3 (R=0, S/P=0, unresolved=3)

[GEO] GSE119397
  family SOFT samples discovered: 13
  enriched samples: 13 (R=0, S/P=0, unresolved=13)

[GEO] GSE132055
  family SOFT samples discovered: 15
  enriched samples: 15 (R=0, S/P=0, unresolved=15)

[GEO] GSE15043
  family SOFT samples discovered: 10
  enriched samples: 10 (R=8, S/P=2, unresolved=0)

[GEO] GSE161743
  family SOFT samples discovered: 34
  enriched samples: 34 (R=0, S/P=0, unresolved=34)

[GEO] GSE17630
  family SOFT samples discovered: 2
  enriched samples: 2 (R=0, S/P=1, unresolved=1)

[GEO] GSE188513
  family SOFT samples discovered: 2
  enriched samples: 2 (R=0, S/P=0, unresolved=2)

==============================================================================
STAGE 00D COMPLETE
==============================================================================
Sample metadata rows (catalog total): 690
Planned SRA run files (catalog total): 27

/home/regulus/Documents/ATLAS/data/enriched/sample_metadata.csv
/home/regulus/Documents/ATLAS/data/enriched/download_manifest.csv
/home/regulus/Documents/ATLAS/data/enriched/dataset_enrichment_summary.csv

SUCCESS [00d] Enrich candidate dataset metadata online

========================================================================================
[00d1] Audit resistance phenotype metadata
========================================================================================
Command: /home/regulus/Documents/ATLAS/.venv/bin/python -u /home/regulus/Documents/ATLAS/scripts/00d1_phenotype_audit.py
Log: /home/regulus/Documents/ATLAS/logs/full_pipeline/00d1_00d1_phenotype_audit.log
==============================================================================
ATLAS — 00D1 v2 PHENOTYPE METADATA AUDIT
==============================================================================
Datasets audited: 52
Samples audited: 690

Audit summary:
     dataset_id  sample_n  currently_resistant_n  currently_sensitive_parental_n  currently_unresolved_n resistance_hint_counts    control_hint_counts ambiguous_short_token_counts
  GEO:GSE327983       287                      0                               0                     287                                                                           
  GEO:GSE161743        34                      0                               0                      34                                                                           
  GEO:GSE244537        20                      0                               0                      20                                                                           
  GEO:GSE297715        20                      0                               0                      20                                                                           
  GEO:GSE244535        14                      0                               0                      14                                                                           
  GEO:GSE119397        13                      0                               0                      13                                                                           
  GEO:GSE286038         8                      0                               0                       8                                    vehicle:16                             
  GEO:GSE244533         6                      0                               0                       6                                                                           
  GEO:GSE245486         8                      0                               4                       4                        parental:4 | control:4                             
  GEO:GSE297774         3                      0                               0                       3                                                                           
  GEO:GSE188513         2                      0                               0                       2                                                                           
SRA:SRR26401907         1                      0                               0                       1                                                                           
SRA:SRR26401908         1                      0                               0                       1                                                                           
SRA:SRR26401909         1                      0                               0                       1                                                                           
SRA:SRR26401910         1                      0                               0                       1                                                                           
SRA:SRR33650052         1                      0                               0                       1                                                                           
SRA:SRR33650053         1                      0                               0                       1                                                                           
SRA:SRR33650054         1                      0                               0                       1                                                                           
SRA:SRR33650055         1                      0                               0                       1                                                                           
SRA:SRR33650056         1                      0                               0                       1                                                                           

Outputs:
/home/regulus/Documents/ATLAS/data/enriched/phenotype_audit_summary_v2.csv
/home/regulus/Documents/ATLAS/data/enriched/phenotype_audit_samples_v2.csv
/home/regulus/Documents/ATLAS/data/enriched/phenotype_distinct_labels.csv
/home/regulus/Documents/ATLAS/data/enriched/phenotype_manual_mapping_template.csv

SUCCESS [00d1] Audit resistance phenotype metadata

========================================================================================
[00d2] Conservative phenotype classification
========================================================================================
Command: /home/regulus/Documents/ATLAS/.venv/bin/python -u /home/regulus/Documents/ATLAS/scripts/00d2_conservative_phenotype_classifier.py
Log: /home/regulus/Documents/ATLAS/logs/full_pipeline/00d2_00d2_conservative_phenotype_classifier.log
==============================================================================
ATLAS — 00D2 v3 FIELD-AWARE PHENOTYPE CLASSIFICATION
==============================================================================

Dataset proposals:
   dataset_id  sample_n  resistant_n  sensitive_parental_n  ambiguous_n  unresolved_n  high_confidence_auto_n  groups_defined_by_proposal
GEO:GSE237607        80           40                    40            0             0                      80                        True
GEO:GSE237605        40           20                    20            0             0                      40                        True
GEO:GSE237606        40           20                    20            0             0                      40                        True
GEO:GSE107473         3            1                     1            0             1                       0                        True
GEO:GSE123754         2            1                     1            0             0                       2                        True
 GEO:GSE15043        10            8                     0            0             2                       8                       False
GEO:GSE121105        21            6                     0            0            15                       0                       False
GEO:GSE327983       287            0                     0            0           287                       0                       False
GEO:GSE161743        34            0                     0            0            34                       0                       False
GEO:GSE244537        20            0                     0            0            20                       0                       False
GEO:GSE297715        20            0                     0            0            20                       0                       False
GEO:GSE132055        15            0                     0            0            15                       0                       False
GEO:GSE244535        14            0                     0            0            14                       0                       False
GEO:GSE119397        13            0                     0            0            13                       0                       False
GEO:GSE230326        12            0                     0            0            12                       0                       False
GEO:GSE300749        12            0                     0           12             0                       0                       False
GEO:GSE245486         8            0                     0            0             8                       0                       False
GEO:GSE286038         8            0                     0            0             8                       0                       False
GEO:GSE244533         6            0                     0            0             6                       0                       False
GEO:GSE114575         5            0                     0            0             5                       0                       False

Applied HIGH-confidence identity-field phenotype calls: 170

Outputs:
/home/regulus/Documents/ATLAS/data/enriched/phenotype_classification_proposals_v3.csv
/home/regulus/Documents/ATLAS/data/enriched/phenotype_dataset_classification_summary_v3.csv

SUCCESS [00d2] Conservative phenotype classification

========================================================================================
[00d2b] Apply curated phenotype mappings
========================================================================================
Command: /home/regulus/Documents/ATLAS/.venv/bin/python -u /home/regulus/Documents/ATLAS/scripts/00d2b_curated_study_phenotype_mapping.py
Log: /home/regulus/Documents/ATLAS/logs/full_pipeline/00d2b_00d2b_curated_study_phenotype_mapping.log
==============================================================================
ATLAS — 00D2b CURATED STUDY-SPECIFIC PHENOTYPE MAPPING
==============================================================================

Curated dataset summary:
   dataset_id  resistant_n  sensitive_parental_n  excluded_n  manual_review_n  unresolved_n  clean_groups_defined  replicated_clean_contrast
GEO:GSE121105            6                     3          12                0             0                  True                       True
GEO:GSE114575            1                     1           3                0             0                  True                      False
GEO:GSE123754            1                     1           0                0             0                  True                      False
GEO:GSE245486            0                     0           0                8             0                 False                      False

Curated mappings applied to DuckDB.

Outputs:
/home/regulus/Documents/ATLAS/data/enriched/curated_phenotype_mapping_proposals.csv
/home/regulus/Documents/ATLAS/data/enriched/curated_phenotype_dataset_summary.csv

SUCCESS [00d2b] Apply curated phenotype mappings

========================================================================================
[00d2c] Confirm HER2-positive context
========================================================================================
Command: /home/regulus/Documents/ATLAS/.venv/bin/python -u /home/regulus/Documents/ATLAS/scripts/00d2c_confirm_her2_status.py
Log: /home/regulus/Documents/ATLAS/logs/full_pipeline/00d2c_00d2c_confirm_her2_status.log
Updated HER2 confirmation flags:
   dataset_id  her2_positive_confirmed  direct_trastuzumab_resistance  resistant_sensitive_groups_defined  biological_replication phenotype_confidence
GEO:GSE121105                     True                           True                                True                    True                 HIGH
GEO:GSE123754                     True                           True                                True                   False             MODERATE

SUCCESS [00d2c] Confirm HER2-positive context

========================================================================================
[00d3] Audit study overlap / umbrella relationships
========================================================================================
Command: /home/regulus/Documents/ATLAS/.venv/bin/python -u /home/regulus/Documents/ATLAS/scripts/00d3_dataset_relationship_audit.py
Log: /home/regulus/Documents/ATLAS/logs/full_pipeline/00d3_00d3_dataset_relationship_audit.log
==============================================================================
ATLAS — 00D3 DATASET RELATIONSHIP / OVERLAP AUDIT
==============================================================================

Potentially non-independent datasets:
   dataset_id  sample_n               relationship_role                                              relationship_reason
GEO:GSE237607        80 SUPERSERIES_OR_UMBRELLA_DATASET Contains complete sample sets from: GEO:GSE237605, GEO:GSE237606
GEO:GSE237605        40     SUBSERIES_OR_NESTED_DATASET                      All samples are contained in: GEO:GSE237607
GEO:GSE237606        40     SUBSERIES_OR_NESTED_DATASET                      All samples are contained in: GEO:GSE237607
GEO:GSE244537        20 SUPERSERIES_OR_UMBRELLA_DATASET Contains complete sample sets from: GEO:GSE244533, GEO:GSE244535
GEO:GSE244535        14     SUBSERIES_OR_NESTED_DATASET                      All samples are contained in: GEO:GSE244537
GEO:GSE244533         6     SUBSERIES_OR_NESTED_DATASET                      All samples are contained in: GEO:GSE244537

Overlapping dataset pairs:
    dataset_a     dataset_b  samples_a  samples_b  shared_samples  fraction_a_shared  fraction_b_shared  jaccard  relationship
GEO:GSE237605 GEO:GSE237607         40         80              40                1.0                0.5      0.5 A_SUBSET_OF_B
GEO:GSE237606 GEO:GSE237607         40         80              40                1.0                0.5      0.5 A_SUBSET_OF_B
GEO:GSE244535 GEO:GSE244537         14         20              14                1.0                0.7      0.7 A_SUBSET_OF_B
GEO:GSE244533 GEO:GSE244537          6         20               6                1.0                0.3      0.3 A_SUBSET_OF_B

Outputs:
/home/regulus/Documents/ATLAS/data/enriched/dataset_relationship_audit.csv
/home/regulus/Documents/ATLAS/data/enriched/dataset_overlap_pairs.csv

SUCCESS [00d3] Audit study overlap / umbrella relationships

========================================================================================
[00c4] Score modality, independence, and primary-validation eligibility
========================================================================================
Command: /home/regulus/Documents/ATLAS/.venv/bin/python -u /home/regulus/Documents/ATLAS/scripts/00c4_independence_modality_scoring.py
Log: /home/regulus/Documents/ATLAS/logs/full_pipeline/00c4_00c4_independence_modality_scoring.log
==============================================================================
ATLAS — 00C4 v3 INDEPENDENCE/MODALITY-AWARE VALIDATION SCORING
==============================================================================

Category counts:
independence_aware_category
EXCLUDE_OR_MANUAL_REVIEW        91
EXPLORATORY                     71
EXPLORATORY_MULTIOMIC            3
PRIMARY_VALIDATION               2
SUPPORTING_MULTIOMIC_CONTEXT     1

Top transcriptomic validation candidates:
 independence_aware_score independence_aware_category      dataset_id             modality_class phenotype_confidence  resistant_sensitive_groups_defined  biological_replication                  relationship_role                                                                                                                                                                                                         title
                       75          PRIMARY_VALIDATION   GEO:GSE121105     TRANSCRIPTOMIC_RNA_SEQ                 HIGH                                True                    True INDEPENDENT_OR_NO_OVERLAP_DETECTED                                               RNA sequencing of BT474 cells treated with trastuzumab or trastuzumab + pertuzumab and BT474-derived cells resistant to trastuzumab or trastuzumab + pertuzumab
                       75                 EXPLORATORY   GEO:GSE237607     TRANSCRIPTOMIC_RNA_SEQ                 HIGH                                True                    True    SUPERSERIES_OR_UMBRELLA_DATASET                                                                         Molecular Atlas of HER2+ Breast Cancer Cells Stimulated with EGF and HRG: Temporal Insights into Mechanisms in Trastuzumab Resistance
                       75          PRIMARY_VALIDATION   GEO:GSE237606     TRANSCRIPTOMIC_RNA_SEQ                 HIGH                                True                    True        SUBSERIES_OR_NESTED_DATASET                                                               Molecular Atlas of HER2+ Breast Cancer Cells Stimulated with EGF and HRG: Temporal Insights into Mechanisms in Trastuzumab Resistance [RNA-Seq]
                       50                 EXPLORATORY   GEO:GSE107473     TRANSCRIPTOMIC_RNA_SEQ                  LOW                               False                   False INDEPENDENT_OR_NO_OVERLAP_DETECTED                                                                                             tRNA-derived small non-coding RNAs (tDRs) as novel predictive biomarkers for trastuzumab-resistant breast cancer.
                       50                 EXPLORATORY SRA:SRR33662216     TRANSCRIPTOMIC_RNA_SEQ                  LOW                               False                   False INDEPENDENT_OR_NO_OVERLAP_DETECTED                                                                                                                                                                                                           NaN
                       50                 EXPLORATORY SRA:SRR33662215     TRANSCRIPTOMIC_RNA_SEQ                  LOW                               False                   False INDEPENDENT_OR_NO_OVERLAP_DETECTED                                                                                                                                                                                                           NaN
                       50                 EXPLORATORY   GEO:GSE132055     TRANSCRIPTOMIC_RNA_SEQ                  LOW                               False                   False INDEPENDENT_OR_NO_OVERLAP_DETECTED                                                                                               Targeting the mevalonate pathway to overcome acquired anti-HER2 treatment resistance in breast cancer [RNA-seq]
                       50                 EXPLORATORY   GEO:GSE161743     TRANSCRIPTOMIC_RNA_SEQ                  LOW                               False                   False INDEPENDENT_OR_NO_OVERLAP_DETECTED                                                            Adaptive responses to targeted therapy in HER2-positive breast cancer (RNAseq) - TBCRC 036 / LCCC1214 / ClinicalTrials.gov Identifier: NCT01875666
                       50                 EXPLORATORY SRA:SRR33662217     TRANSCRIPTOMIC_RNA_SEQ                  LOW                               False                   False INDEPENDENT_OR_NO_OVERLAP_DETECTED                                                                                                                                                                                                           NaN
                       45                 EXPLORATORY   GEO:GSE114575     TRANSCRIPTOMIC_RNA_SEQ             MODERATE                                True                   False INDEPENDENT_OR_NO_OVERLAP_DETECTED                                                                                                               RNA-seq profiling of trastuzumab or lapatinib sensitive and resistant SKBR3 breast cancer cells
                       40                 EXPLORATORY   GEO:GSE244537     TRANSCRIPTOMIC_RNA_SEQ           UNRESOLVED                               False                   False    SUPERSERIES_OR_UMBRELLA_DATASET           Unveiling alterations of epigenetic modifications and chromatin architecture leading to lipid metabolic reprogramming during the evolutionary trastuzumab adaptation of HER2-positive breast cancer
                       40                 EXPLORATORY   GEO:GSE262860     TRANSCRIPTOMIC_RNA_SEQ           UNRESOLVED                               False                   False INDEPENDENT_OR_NO_OVERLAP_DETECTED                                                                      Fibroblast growth factor receptor four inhibitor FGF401 improves the efficacy of trastuzumab in FGFR4-overexpressing breast cancer cells
                       40                 EXPLORATORY    GEO:GSE55005     TRANSCRIPTOMIC_RNA_SEQ           UNRESOLVED                               False                   False                                NaN                                                                                                                  mRNA profiling reveals determinants of trastuzumab efficiency in HER2-positive breast cancer
                       40                 EXPLORATORY   GEO:GSE230326     TRANSCRIPTOMIC_RNA_SEQ           UNRESOLVED                               False                   False INDEPENDENT_OR_NO_OVERLAP_DETECTED                                                                       BRD8 is a therapeutic vulnerability for overcoming resistance to dual ER/HER2 blockade therapy in HR+/HER2+ breast cancer [bulkRNA-seq]
                       40                 EXPLORATORY   GEO:GSE230327 TRANSCRIPTOMIC_SINGLE_CELL           UNRESOLVED                               False                   False INDEPENDENT_OR_NO_OVERLAP_DETECTED                                                                         BRD8 is a therapeutic vulnerability for overcoming resistance to dual ER/HER2 blockade therapy in HR+/HER2+ breast cancer [scRNA-seq]
                       40                 EXPLORATORY   GEO:GSE244533     TRANSCRIPTOMIC_RNA_SEQ           UNRESOLVED                               False                   False        SUBSERIES_OR_NESTED_DATASET Unveiling alterations of epigenetic modifications and chromatin architecture leading to lipid metabolic reprogramming during the evolutionary trastuzumab adaptation of HER2-positive breast cancer [RNA-Seq]
                       40                 EXPLORATORY     GEO:GSE6746  TRANSCRIPTOMIC_MICROARRAY           UNRESOLVED                               False                   False                                NaN                                                                                                                                                  High-resolution genomic profiles of breast cancer cell lines
                       40                 EXPLORATORY    GEO:GSE83608  TRANSCRIPTOMIC_MICROARRAY           UNRESOLVED                               False                   False                                NaN                                                                                                              SNP arrays of BT474 Latpatinib and/or Trastuzumab resistant cell lines for copy number analysis.
                       40                 EXPLORATORY   GEO:GSE297774     TRANSCRIPTOMIC_RNA_SEQ           UNRESOLVED                               False                   False INDEPENDENT_OR_NO_OVERLAP_DETECTED                                                                                                                  Epigenetic and 3D Genome Changes Drive Primary Trastuzumab Resistance in HER2+ Breast Cancer
                       40                 EXPLORATORY   GEO:GSE300749     TRANSCRIPTOMIC_RNA_SEQ           UNRESOLVED                               False                   False INDEPENDENT_OR_NO_OVERLAP_DETECTED                                                                                                                Cannabinoid CB2 receptor drives trastuzumab resistance and predicts durable anti-HER2 response

Supporting multi-omic datasets:
 independence_aware_score  independence_aware_category    dataset_id          modality_class                  relationship_role                                                                                                                                                                                                           title
                       75 SUPPORTING_MULTIOMIC_CONTEXT GEO:GSE237605         EPIGENOMIC_ATAC        SUBSERIES_OR_NESTED_DATASET                                                                Molecular Atlas of HER2+ Breast Cancer Cells Stimulated with EGF and HRG: Temporal Insights into Mechanisms in Trastuzumab Resistance [ATAC-Seq]
                       40        EXPLORATORY_MULTIOMIC GEO:GSE244535      EPIGENOMIC_CUT_TAG        SUBSERIES_OR_NESTED_DATASET Unveiling alterations of epigenetic modifications and chromatin architecture leading to lipid metabolic reprogramming during the evolutionary trastuzumab adaptation of HER2-positive breast cancer [Cut & Tag]
                       40        EXPLORATORY_MULTIOMIC GEO:GSE286038         EPIGENOMIC_ATAC INDEPENDENT_OR_NO_OVERLAP_DETECTED                                                                                       BRD8 is a therapeutic vulnerability for overcoming resistance to dual ER/HER2 blockade therapy in HR+/HER2+ breast cancer
                       25        EXPLORATORY_MULTIOMIC GEO:GSE189160 EPITRANSCRIPTOMIC_MERIP                                NaN                                                                                                                                                       m6A modification in Herceptin resistant cells [MeRIP-Seq]

Outputs:
/home/regulus/Documents/ATLAS/data/enriched/dataset_candidates_independence_scored.csv
/home/regulus/Documents/ATLAS/data/enriched/transcriptomic_validation_candidates.csv
/home/regulus/Documents/ATLAS/data/enriched/multiomic_context_candidates.csv

SUCCESS [00c4] Score modality, independence, and primary-validation eligibility

========================================================================================
ATLAS FULL PIPELINE COMPLETE
========================================================================================
/home/regulus/Documents/ATLAS/results/cmap/integrated_evidence/ATLAS_integrated_evidence_matrix.csv
State: /home/regulus/Documents/ATLAS/results/pipeline_state/full_pipeline_state.json
Logs:  /home/regulus/Documents/ATLAS/logs/full_pipeline

[3] Updating 00AA dataset/storage metadata
========================================================================================
ATLAS — DATASET VOLUME / STORAGE METADATA
========================================================================================
Candidate metadata rows scanned:   262
Unique dataset accessions sifted:  168
Accessions with local files:       5

Local data/ size:                  410.55 MB
Downloaded comparison data:        47.79 MB
Tracked local data + result files: 918.37 MB

Catalog-advertised remote size:     unavailable in current metadata

Important:
- 'Sifted' means metadata records ATLAS examined, not bytes downloaded.
- Local byte totals are exact filesystem sizes.
- Remote totals are reported only if the source metadata already includes explicit sizes.

Largest local categories:
- cmap_results: 485.01 MB across 272 files
- other_data: 357.82 MB across 73 files
- raw_data: 41.67 MB across 7 files
- external_validation_results: 22.81 MB across 56 files
- metadata_catalog: 3.51 MB across 1 files
- processed_data: 3.29 MB across 3 files
- validation_expression: 2.83 MB across 9 files
- metadata_enriched: 1.43 MB across 24 files

Outputs:
/home/regulus/Documents/ATLAS/results/pipeline_state/dataset_volume_summary.json
/home/regulus/Documents/ATLAS/results/pipeline_state/dataset_volume_summary.csv
/home/regulus/Documents/ATLAS/results/pipeline_state/dataset_volume_by_accession.csv
/home/regulus/Documents/ATLAS/results/pipeline_state/dataset_volume_files.csv
After acquisition hash:  8b0499f51328ef2e577c560817dadc7625692e09570ebf1b0c0adf148379e335

DATA CHANGE DETECTED.
Recomputing scientific validation.
Before resistance hash: e49cd37be19d8fabc4befb3eefc794ce92b294e4a87a71ceeb6ec4dadf6211fb

[4] Running validation 00W -> 00S
========================================================================================
ATLAS FULL PIPELINE AUTOMATION
========================================================================================
Project root: /home/regulus/Documents/ATLAS
Python:       /home/regulus/Documents/ATLAS/.venv/bin/python
Stages:       00w -> 00s
Refresh:      False
Force:        True

========================================================================================
[00w] Scientific automation gate before expression validation
========================================================================================
Command: /home/regulus/Documents/ATLAS/.venv/bin/python -u /home/regulus/Documents/ATLAS/scripts/00w_scientific_automation_gate.py
Log: /home/regulus/Documents/ATLAS/logs/full_pipeline/00w_00w_scientific_automation_gate.log
==============================================================================
ATLAS — SCIENTIFIC AUTOMATION GATE v3
==============================================================================
Authoritative category: independence_aware_category
Candidate rows: 94
Usable primary datasets: 2
Selected: GSE121105, GSE237606
Required minimum: 2
GATE: PASS

Primary/near-primary rows:
gate_accession independence_aware_category  scientific_gate_pass                                                               scientific_gate_fail_reasons
     GSE121105          PRIMARY_VALIDATION                  True                                                                                           
     GSE237607                 EXPLORATORY                 False                                           primary_validation_00c4 | not_umbrella_duplicate
     GSE237606          PRIMARY_VALIDATION                  True                                                                                           
     GSE107473                 EXPLORATORY                 False                          primary_validation_00c4 | groups_defined | biological_replication
   SRR33662216                 EXPLORATORY                 False                          primary_validation_00c4 | groups_defined | biological_replication
   SRR33662215                 EXPLORATORY                 False                          primary_validation_00c4 | groups_defined | biological_replication
     GSE132055                 EXPLORATORY                 False                          primary_validation_00c4 | groups_defined | biological_replication
     GSE161743                 EXPLORATORY                 False                          primary_validation_00c4 | groups_defined | biological_replication
   SRR33662217                 EXPLORATORY                 False                          primary_validation_00c4 | groups_defined | biological_replication
     GSE114575                 EXPLORATORY                 False                          primary_validation_00c4 | her2_confirmed | biological_replication
     GSE244537                 EXPLORATORY                 False primary_validation_00c4 | not_umbrella_duplicate | groups_defined | biological_replication
     GSE262860                 EXPLORATORY                 False                          primary_validation_00c4 | groups_defined | biological_replication
      GSE55005                 EXPLORATORY                 False                          primary_validation_00c4 | groups_defined | biological_replication
     GSE230326                 EXPLORATORY                 False                          primary_validation_00c4 | groups_defined | biological_replication
     GSE230327                 EXPLORATORY                 False                          primary_validation_00c4 | groups_defined | biological_replication
     GSE244533                 EXPLORATORY                 False                          primary_validation_00c4 | groups_defined | biological_replication
       GSE6746                 EXPLORATORY                 False                          primary_validation_00c4 | groups_defined | biological_replication
      GSE83608                 EXPLORATORY                 False                          primary_validation_00c4 | groups_defined | biological_replication
     GSE297774                 EXPLORATORY                 False                          primary_validation_00c4 | groups_defined | biological_replication
     GSE300749                 EXPLORATORY                 False                          primary_validation_00c4 | groups_defined | biological_replication
   SRR26401910                 EXPLORATORY                 False         primary_validation_00c4 | her2_confirmed | groups_defined | biological_replication
   SRR26401911                 EXPLORATORY                 False         primary_validation_00c4 | her2_confirmed | groups_defined | biological_replication
   SRR26401907                 EXPLORATORY                 False         primary_validation_00c4 | her2_confirmed | groups_defined | biological_replication
   SRR26401908                 EXPLORATORY                 False         primary_validation_00c4 | her2_confirmed | groups_defined | biological_replication
    SRR7997165                 EXPLORATORY                 False         primary_validation_00c4 | her2_confirmed | groups_defined | biological_replication
   SRR26401909                 EXPLORATORY                 False         primary_validation_00c4 | her2_confirmed | groups_defined | biological_replication
   SRR26401914                 EXPLORATORY                 False         primary_validation_00c4 | her2_confirmed | groups_defined | biological_replication
    SRR7176870                 EXPLORATORY                 False         primary_validation_00c4 | her2_confirmed | groups_defined | biological_replication
   SRR26401912                 EXPLORATORY                 False         primary_validation_00c4 | her2_confirmed | groups_defined | biological_replication
   SRR26401913                 EXPLORATORY                 False         primary_validation_00c4 | her2_confirmed | groups_defined | biological_replication
    SRR7997170                 EXPLORATORY                 False         primary_validation_00c4 | her2_confirmed | groups_defined | biological_replication
    SRR7997169                 EXPLORATORY                 False         primary_validation_00c4 | her2_confirmed | groups_defined | biological_replication
    SRR7997171                 EXPLORATORY                 False         primary_validation_00c4 | her2_confirmed | groups_defined | biological_replication
    SRR7997172                 EXPLORATORY                 False         primary_validation_00c4 | her2_confirmed | groups_defined | biological_replication
    SRR7997175                 EXPLORATORY                 False         primary_validation_00c4 | her2_confirmed | groups_defined | biological_replication
    SRR7997176                 EXPLORATORY                 False         primary_validation_00c4 | her2_confirmed | groups_defined | biological_replication
    SRR7997173                 EXPLORATORY                 False         primary_validation_00c4 | her2_confirmed | groups_defined | biological_replication
    SRR7997174                 EXPLORATORY                 False         primary_validation_00c4 | her2_confirmed | groups_defined | biological_replication
    SRR7997178                 EXPLORATORY                 False         primary_validation_00c4 | her2_confirmed | groups_defined | biological_replication
    SRR7997177                 EXPLORATORY                 False         primary_validation_00c4 | her2_confirmed | groups_defined | biological_replication
    SRR7997179                 EXPLORATORY                 False         primary_validation_00c4 | her2_confirmed | groups_defined | biological_replication
    SRR7997166                 EXPLORATORY                 False         primary_validation_00c4 | her2_confirmed | groups_defined | biological_replication
    SRR7997167                 EXPLORATORY                 False         primary_validation_00c4 | her2_confirmed | groups_defined | biological_replication
    SRR7997168                 EXPLORATORY                 False         primary_validation_00c4 | her2_confirmed | groups_defined | biological_replication
    SRR7176871                 EXPLORATORY                 False         primary_validation_00c4 | her2_confirmed | groups_defined | biological_replication
    SRR7176872                 EXPLORATORY                 False         primary_validation_00c4 | her2_confirmed | groups_defined | biological_replication
    SRR7997181                 EXPLORATORY                 False         primary_validation_00c4 | her2_confirmed | groups_defined | biological_replication
    SRR7997180                 EXPLORATORY                 False         primary_validation_00c4 | her2_confirmed | groups_defined | biological_replication
    SRR7176874                 EXPLORATORY                 False         primary_validation_00c4 | her2_confirmed | groups_defined | biological_replication
    SRR7176873                 EXPLORATORY                 False         primary_validation_00c4 | her2_confirmed | groups_defined | biological_replication
   SRR30498890                 EXPLORATORY                 False      primary_validation_00c4 | direct_resistance | groups_defined | biological_replication
    SRR9172028                 EXPLORATORY                 False      primary_validation_00c4 | direct_resistance | groups_defined | biological_replication
   SRR30498889                 EXPLORATORY                 False      primary_validation_00c4 | direct_resistance | groups_defined | biological_replication

Outputs:
/home/regulus/Documents/ATLAS/results/pipeline_state/scientific_automation_gate.csv
/home/regulus/Documents/ATLAS/results/pipeline_state/scientific_automation_gate.json

SUCCESS [00w] Scientific automation gate before expression validation

========================================================================================
[00e] Download processed primary-validation expression matrices
========================================================================================
Command: /home/regulus/Documents/ATLAS/.venv/bin/python -u /home/regulus/Documents/ATLAS/scripts/00e_primary_validation_expression_fetch.py
Log: /home/regulus/Documents/ATLAS/logs/full_pipeline/00e_00e_primary_validation_expression_fetch.log
==============================================================================
ATLAS — 00E PRIMARY VALIDATION EXPRESSION FETCH
==============================================================================

[GSE121105]
  supplementary files listed: 4
  selected expression/count files: 1
  cached: GSE121105_geneCount.csv.gz

[GSE237606]
  supplementary files listed: 3
  selected expression/count files: 1
  cached: GSE237606_RawCounts.txt.gz

==============================================================================
00E COMPLETE
==============================================================================
accession                   filename  size_bytes  extracted
GSE121105 GSE121105_geneCount.csv.gz     1185096      False
GSE237606 GSE237606_RawCounts.txt.gz     1769237      False

Manifest: /home/regulus/Documents/ATLAS/data/validation_expression/primary_expression_manifest.csv
Data root: /home/regulus/Documents/ATLAS/data/validation_expression

SUCCESS [00e] Download processed primary-validation expression matrices

========================================================================================
[00aa] Record dataset counts and local/remote storage volume metadata
========================================================================================
Command: /home/regulus/Documents/ATLAS/.venv/bin/python -u /home/regulus/Documents/ATLAS/scripts/00aa_dataset_volume_metadata.py
Log: /home/regulus/Documents/ATLAS/logs/full_pipeline/00aa_00aa_dataset_volume_metadata.log
========================================================================================
ATLAS — DATASET VOLUME / STORAGE METADATA
========================================================================================
Candidate metadata rows scanned:   262
Unique dataset accessions sifted:  168
Accessions with local files:       5

Local data/ size:                  410.55 MB
Downloaded comparison data:        47.79 MB
Tracked local data + result files: 918.37 MB

Catalog-advertised remote size:     unavailable in current metadata

Important:
- 'Sifted' means metadata records ATLAS examined, not bytes downloaded.
- Local byte totals are exact filesystem sizes.
- Remote totals are reported only if the source metadata already includes explicit sizes.

Largest local categories:
- cmap_results: 485.01 MB across 272 files
- other_data: 357.82 MB across 73 files
- raw_data: 41.67 MB across 7 files
- external_validation_results: 22.81 MB across 56 files
- metadata_catalog: 3.51 MB across 1 files
- processed_data: 3.29 MB across 3 files
- validation_expression: 2.83 MB across 9 files
- metadata_enriched: 1.43 MB across 24 files

Outputs:
/home/regulus/Documents/ATLAS/results/pipeline_state/dataset_volume_summary.json
/home/regulus/Documents/ATLAS/results/pipeline_state/dataset_volume_summary.csv
/home/regulus/Documents/ATLAS/results/pipeline_state/dataset_volume_by_accession.csv
/home/regulus/Documents/ATLAS/results/pipeline_state/dataset_volume_files.csv

SUCCESS [00aa] Record dataset counts and local/remote storage volume metadata

========================================================================================
[00f] Inspect and map expression matrices
========================================================================================
Command: /home/regulus/Documents/ATLAS/.venv/bin/python -u /home/regulus/Documents/ATLAS/scripts/00f_primary_validation_matrix_inspection.py
Log: /home/regulus/Documents/ATLAS/logs/full_pipeline/00f_00f_primary_validation_matrix_inspection.log
==============================================================================
ATLAS — 00F PRIMARY VALIDATION MATRIX INSPECTION
==============================================================================

[GSE121105]
  shape: 37355 rows x 22 columns
  first columns: ['Unnamed: 0', 'Sample_BT474_1', 'Sample_BT474_2', 'Sample_BT474_3', 'Sample_BT474_10T_1', 'Sample_BT474_10T_2', 'Sample_BT474_10T_3', 'Sample_BT474_10T10P_1', 'Sample_BT474_10T10P_2', 'Sample_BT474_10T10P_3']
  candidate gene-id column: Unnamed: 0
  sample columns: 21
  high-confidence metadata matches: 21/21
        matrix_column matched_sample_id                           matched_title matched_resistance_status primary_contrast_included match_field  match_score
       Sample_BT474_1        GSM3426212                        BT474_replicate1     SENSITIVE_OR_PARENTAL                      True description          100
       Sample_BT474_2        GSM3426213                        BT474_replicate2     SENSITIVE_OR_PARENTAL                      True description          100
       Sample_BT474_3        GSM3426214                        BT474_replicate3     SENSITIVE_OR_PARENTAL                      True description          100
   Sample_BT474_10T_1        GSM3426215            BT474+trastuzumab_replicate1                  EXCLUDED                     False description          100
   Sample_BT474_10T_2        GSM3426216            BT474+trastuzumab_replicate2                  EXCLUDED                     False description          100
   Sample_BT474_10T_3        GSM3426217            BT474+trastuzumab_replicate3                  EXCLUDED                     False description          100
Sample_BT474_10T10P_1        GSM3426218 BT474+trastuzumab+pertuzumab_replicate1                  EXCLUDED                     False description          100
Sample_BT474_10T10P_2        GSM3426219 BT474+trastuzumab+pertuzumab_replicate2                  EXCLUDED                     False description          100
Sample_BT474_10T10P_3        GSM3426220 BT474+trastuzumab+pertuzumab_replicate3                  EXCLUDED                     False description          100
      Sample_BT-TR1_1        GSM3426221                       BT-TR1_replicate1                 RESISTANT                      True description          100
      Sample_BT-TR1_2        GSM3426222                       BT-TR1_replicate2                 RESISTANT                      True description          100
      Sample_BT-TR1_3        GSM3426223                       BT-TR1_replicate3                 RESISTANT                      True description          100
      Sample_BT-TR2_1        GSM3426224                       BT-TR2_replicate1                 RESISTANT                      True description          100
      Sample_BT-TR2_2        GSM3426225                       BT-TR2_replicate2                 RESISTANT                      True description          100
      Sample_BT-TR2_3        GSM3426226                       BT-TR2_replicate3                 RESISTANT                      True description          100
     Sample_BT-TPR1_1        GSM3426227                      BT-TPR1_replicate1                  EXCLUDED                     False description          100
     Sample_BT-TPR1_2        GSM3426228                      BT-TPR1_replicate2                  EXCLUDED                     False description          100
     Sample_BT-TPR1_3        GSM3426229                      BT-TPR1_replicate3                  EXCLUDED                     False description          100
     Sample_BT-TPR2_1        GSM3426230                      BT-TPR2_replicate1                  EXCLUDED                     False description          100
     Sample_BT-TPR2_2        GSM3426231                      BT-TPR2_replicate2                  EXCLUDED                     False description          100

[GSE237606]
  shape: 44584 rows x 41 columns
  first columns: ['Unnamed: 0', 'COHP_45251', 'COHP_45252', 'COHP_45253', 'COHP_45254', 'COHP_45255', 'COHP_45256', 'COHP_45257', 'COHP_45258', 'COHP_45263']
  candidate gene-id column: Unnamed: 0
  sample columns: 40
  high-confidence metadata matches: 40/40
matrix_column matched_sample_id                     matched_title matched_resistance_status primary_contrast_included match_field  match_score
   COHP_45251        GSM7634708 S0_Baseline, 0 hr. RNA-Seq, rep 1     SENSITIVE_OR_PARENTAL                           description          100
   COHP_45252        GSM7634709 S0_Baseline, 0 hr. RNA-Seq, rep 2     SENSITIVE_OR_PARENTAL                           description          100
   COHP_45253        GSM7634710      S1_Con, 1 hr. RNA-Seq, rep 1     SENSITIVE_OR_PARENTAL                           description          100
   COHP_45254        GSM7634711      S1_Con, 1 hr. RNA-Seq, rep 2     SENSITIVE_OR_PARENTAL                           description          100
   COHP_45255        GSM7634712      S1_HRG, 1 hr. RNA-Seq, rep 1     SENSITIVE_OR_PARENTAL                           description          100
   COHP_45256        GSM7634713      S1_HRG, 1 hr. RNA-Seq, rep 2     SENSITIVE_OR_PARENTAL                           description          100
   COHP_45257        GSM7634714      S1_EGF, 1 hr. RNA-Seq, rep 1     SENSITIVE_OR_PARENTAL                           description          100
   COHP_45258        GSM7634715      S1_EGF, 1 hr. RNA-Seq, rep 2     SENSITIVE_OR_PARENTAL                           description          100
   COHP_45263        GSM7634716    S12_Con, 12 hr. RNA-Seq, rep 1     SENSITIVE_OR_PARENTAL                           description          100
   COHP_45264        GSM7634717    S12_Con, 12 hr. RNA-Seq, rep 2     SENSITIVE_OR_PARENTAL                           description          100
   COHP_45265        GSM7634718    S12_HRG, 12 hr. RNA-Seq, rep 1     SENSITIVE_OR_PARENTAL                           description          100
   COHP_45266        GSM7634719    S12_HRG, 12 hr. RNA-Seq, rep 2     SENSITIVE_OR_PARENTAL                           description          100
   COHP_45267        GSM7634720    S12_EGF, 12 hr. RNA-Seq, rep 1     SENSITIVE_OR_PARENTAL                           description          100
   COHP_45268        GSM7634721    S12_EGF, 12 hr. RNA-Seq, rep 2     SENSITIVE_OR_PARENTAL                           description          100
   COHP_45273        GSM7634722    S24_Con, 24 hr. RNA-Seq, rep 1     SENSITIVE_OR_PARENTAL                           description          100
   COHP_45274        GSM7634723    S24_Con, 24 hr. RNA-Seq, rep 2     SENSITIVE_OR_PARENTAL                           description          100
   COHP_45275        GSM7634724    S24_HRG, 24 hr. RNA-Seq, rep 1     SENSITIVE_OR_PARENTAL                           description          100
   COHP_45276        GSM7634725    S24_HRG, 24 hr. RNA-Seq, rep 2     SENSITIVE_OR_PARENTAL                           description          100
   COHP_45277        GSM7634726    S24_EGF, 24 hr. RNA-Seq, rep 1     SENSITIVE_OR_PARENTAL                           description          100
   COHP_45278        GSM7634727    S24_EGF, 24 hr. RNA-Seq, rep 2     SENSITIVE_OR_PARENTAL                           description          100

Output:
/home/regulus/Documents/ATLAS/data/validation_expression/matrix_inspection_summary.csv

SUCCESS [00f] Inspect and map expression matrices

========================================================================================
[00f1] Audit primary-validation experimental designs
========================================================================================
Command: /home/regulus/Documents/ATLAS/.venv/bin/python -u /home/regulus/Documents/ATLAS/scripts/00f1_primary_validation_design_audit.py
Log: /home/regulus/Documents/ATLAS/logs/full_pipeline/00f1_00f1_primary_validation_design_audit.log
==============================================================================
ATLAS — 00F1 v2 PRIMARY VALIDATION DESIGN AUDIT
==============================================================================

[GSE121105] curated primary contrast
phenotype
RESISTANT                6
SENSITIVE_OR_PARENTAL    3
Included: 9 / 21

[GSE237606] phenotype x timepoint x stimulus
            phenotype timepoint stimulus  n
            RESISTANT         0 BASELINE  2
SENSITIVE_OR_PARENTAL         0 BASELINE  2
            RESISTANT         1      CON  2
SENSITIVE_OR_PARENTAL         1      CON  2
            RESISTANT         1      EGF  2
SENSITIVE_OR_PARENTAL         1      EGF  2
            RESISTANT         1      HRG  2
SENSITIVE_OR_PARENTAL         1      HRG  2
            RESISTANT        12      CON  2
SENSITIVE_OR_PARENTAL        12      CON  2
            RESISTANT        12      EGF  2
SENSITIVE_OR_PARENTAL        12      EGF  2
            RESISTANT        12      HRG  2
SENSITIVE_OR_PARENTAL        12      HRG  2
            RESISTANT        24      CON  2
SENSITIVE_OR_PARENTAL        24      CON  2
            RESISTANT        24      EGF  2
SENSITIVE_OR_PARENTAL        24      EGF  2
            RESISTANT        24      HRG  2
SENSITIVE_OR_PARENTAL        24      HRG  2

[GSE237606] stratum balance
timepoint stimulus  RESISTANT  SENSITIVE_OR_PARENTAL  balanced  both_present
        0 BASELINE          2                      2      True          True
        1      CON          2                      2      True          True
        1      EGF          2                      2      True          True
        1      HRG          2                      2      True          True
       12      CON          2                      2      True          True
       12      EGF          2                      2      True          True
       12      HRG          2                      2      True          True
       24      CON          2                      2      True          True
       24      EGF          2                      2      True          True
       24      HRG          2                      2      True          True

GSE237606 fully phenotype-balanced across strata: True

Output:
/home/regulus/Documents/ATLAS/data/validation_expression/primary_validation_design_audit.csv

SUCCESS [00f1] Audit primary-validation experimental designs

========================================================================================
[00g] Run primary-validation differential expression
========================================================================================
Command: /home/regulus/Documents/ATLAS/.venv/bin/python -u /home/regulus/Documents/ATLAS/scripts/00g_primary_validation_differential_expression.py
Log: /home/regulus/Documents/ATLAS/logs/full_pipeline/00g_00g_primary_validation_differential_expression.log
==============================================================================
ATLAS — 00G PRIMARY VALIDATION DIFFERENTIAL EXPRESSION
==============================================================================

[GSE121105]
  samples: 9
  genes after count filter: 22622
  phenotype counts:
phenotype
RESISTANT                6
SENSITIVE_OR_PARENTAL    3
Fitting size factors...
Using None as control genes, passed at DeseqDataSet initialization
... done in 0.01 seconds.

Fitting dispersions...
... done in 9.42 seconds.

Fitting dispersion trend curve...
... done in 0.28 seconds.

Fitting MAP dispersions...
... done in 12.51 seconds.

Fitting LFCs...
... done in 4.45 seconds.

Calculating cook's distance...
... done in 0.01 seconds.

Replacing 0 outlier genes.

Running Wald tests...
... done in 0.99 seconds.

Log2 fold change & Wald test p-value: phenotype RESISTANT vs SENSITIVE_OR_PARENTAL
                               baseMean  log2FoldChange  ...    pvalue      padj
gene_id                                                  ...                    
A1BG-AS1|ENSG00000268895.5     4.006509        0.145542  ...  0.828908  0.905939
A1CF|ENSG00000148584.14        5.329297        0.400697  ...  0.480333  0.650072
A2M-AS1|ENSG00000245105.2      9.001079       -0.417738  ...  0.360162  0.540922
A2ML1|ENSG00000166535.19      54.062641       -0.093441  ...  0.685368  0.809703
A2MP1|ENSG00000256069.7       19.095066       -1.791990  ...  0.000002  0.000043
...                                 ...             ...  ...       ...       ...
snoU2_19|ENSG00000201592.1     4.095937       -0.630129  ...  0.340005  0.520908
uc_338|ENSG00000274051.1       1.210331       -0.970597  ...  0.375226       NaN
uc_338|ENSG00000275227.1       1.523751       -1.777539  ...  0.072731       NaN
uc_338|ENSG00000277948.1       1.221529        0.931275  ...  0.437575       NaN
yR211F11.2|ENSG00000213076.3  93.902590        0.450456  ...  0.020600  0.073713

[22622 rows x 6 columns]
  FDR<0.05 genes: 4781
  up in resistant: 2448
  down in resistant: 2333

[GSE237606]
  samples: 40
  genes after count filter: 28293
  phenotype counts:
phenotype
SENSITIVE_OR_PARENTAL    20
RESISTANT                20
  strata: 10
Fitting size factors...
Using None as control genes, passed at DeseqDataSet initialization
... done in 0.02 seconds.

Fitting dispersions...
... done in 12.58 seconds.

Fitting dispersion trend curve...
... done in 0.41 seconds.

Fitting MAP dispersions...
... done in 17.53 seconds.

Fitting LFCs...
... done in 8.90 seconds.

Calculating cook's distance...
... done in 0.04 seconds.

Replacing 0 outlier genes.

Running Wald tests...
... done in 1.33 seconds.

Log2 fold change & Wald test p-value: phenotype RESISTANT vs SENSITIVE_OR_PARENTAL
             baseMean  log2FoldChange  ...        pvalue          padj
gene_id                                ...                            
A1BG         6.451350        0.111181  ...  6.042220e-01  6.641066e-01
A1BG-AS1     3.713498       -0.254016  ...  3.864929e-01  4.534764e-01
A1CF        11.537131       -0.822385  ...  1.870904e-06  3.965336e-06
A2M          1.959189       -0.710596  ...  1.527576e-01  1.990343e-01
A2M-AS1     15.136250       -0.857784  ...  4.511522e-08  1.037204e-07
...               ...             ...  ...           ...           ...
ZYG11B    1569.435273        0.458108  ...  1.497765e-69  1.236167e-68
ZYX       1790.557455       -0.604830  ...  2.307862e-11  6.120167e-11
ZYX_1      393.523328       -0.629356  ...  1.698736e-14  5.018153e-14
ZZEF1     2408.100758       -0.208117  ...  1.579818e-22  5.798777e-22
ZZZ3      1294.298873        0.068262  ...  2.520253e-03  4.239918e-03

[28293 rows x 6 columns]
  FDR<0.05 genes: 18534
  up in resistant: 8572
  down in resistant: 9962

==============================================================================
00G COMPLETE
==============================================================================
accession  samples  genes_tested  fdr05_genes  up_fdr05  down_fdr05                design                                                                     output
GSE121105        9         22622         4781      2448        2333           ~ phenotype /home/regulus/Documents/ATLAS/results/external_validation/GSE121105_DE.csv
GSE237606       40         28293        18534      8572        9962 ~ stratum + phenotype /home/regulus/Documents/ATLAS/results/external_validation/GSE237606_DE.csv

Summary: /home/regulus/Documents/ATLAS/results/external_validation/primary_validation_DE_summary.csv

SUCCESS [00g] Run primary-validation differential expression

========================================================================================
[00h] Compute cross-study DEG concordance
========================================================================================
Command: /home/regulus/Documents/ATLAS/.venv/bin/python -u /home/regulus/Documents/ATLAS/scripts/00h_cross_study_deg_concordance.py
Log: /home/regulus/Documents/ATLAS/logs/full_pipeline/00h_00h_cross_study_deg_concordance.log
==============================================================================
ATLAS — 00H CROSS-STUDY DEG CONCORDANCE
==============================================================================

Shared harmonized genes: 14598
Same-direction genes: 7876 (54.0%)
FDR<0.05 in both studies: 3381
Replicated (same direction + FDR<0.05 in both): 2066
  Up in resistant: 1028
  Down in resistant: 1038
Spearman rho, all shared log2FC: 0.155 (p=3.23e-79)
Spearman rho, significant in either: 0.169 (p=2.56e-81)

Top replicated genes:
gene_symbol  GSE121105_log2FC  GSE121105_padj  GSE237606_log2FC  GSE237606_padj replication_direction  consensus_score
    PPP1R1B          3.651143    6.914615e-52          8.944664    0.000000e+00       UP_IN_RESISTANT      2006.789351
     CXCL17          3.539296   1.347220e-158          3.818336    0.000000e+00       UP_IN_RESISTANT      1683.209741
      HAR1A          4.233776    1.782188e-03          6.349320    0.000000e+00       UP_IN_RESISTANT      1569.677191
      CRIP1         -2.685503    1.698102e-03         -7.606852    0.000000e+00     DOWN_IN_RESISTANT      1368.447721
    SCGB2A2          6.951569   1.167036e-226          2.240011   1.046179e-113       UP_IN_RESISTANT      1337.380839
     P2RY10         -3.590983    3.971834e-33         -5.258162   5.068100e-275     DOWN_IN_RESISTANT      1332.698697
      FSTL1         -2.165214    1.798536e-42         -6.783564    0.000000e+00     DOWN_IN_RESISTANT      1309.729609
     MUC5AC          3.838806    6.817337e-19          5.309473   4.927339e-268       UP_IN_RESISTANT      1288.813299
      ITGAL          3.452659    3.924680e-05          5.794418   6.281871e-284       UP_IN_RESISTANT      1286.420176
      S100P          4.182662    1.905755e-45          2.959454   2.886475e-295       UP_IN_RESISTANT      1193.615046
      ELMO1          2.295473    2.024285e-02          6.452212    0.000000e+00       UP_IN_RESISTANT      1161.065442
      NPY1R         -2.306428    3.886160e-62         -4.402777    0.000000e+00     DOWN_IN_RESISTANT      1151.685867
      ABCA4         -1.834828    4.122432e-17         -6.724604    0.000000e+00     DOWN_IN_RESISTANT      1111.339544
      MRAP2          2.300545    2.387411e-02          5.845736    0.000000e+00       UP_IN_RESISTANT      1106.109471
      DAPK1          2.704869    2.181122e-25          4.206389    0.000000e+00       UP_IN_RESISTANT      1095.111632
      NCAM2         -2.301245    8.296200e-57         -3.968471    0.000000e+00     DOWN_IN_RESISTANT      1076.073583
       DLK1          3.266995    2.047229e-02          8.006280   3.405688e-208       UP_IN_RESISTANT      1069.698082
        LOX          2.261396    3.332252e-18          4.997902    0.000000e+00       UP_IN_RESISTANT      1067.320466
      AZGP1          3.997579    2.178336e-62          3.759883   1.154134e-213       UP_IN_RESISTANT      1064.597946
       APOD          3.049875    3.158165e-05          7.389299   4.847759e-210       UP_IN_RESISTANT      1015.034592
      GFRA1         -3.827062    5.737694e-73         -5.203779   3.507603e-150     DOWN_IN_RESISTANT       989.351213
      CPNE4          3.935491    1.756796e-17          3.263222   5.099849e-259       UP_IN_RESISTANT       985.668453
       AMBP          2.892137    1.857485e-11          3.448815    0.000000e+00       UP_IN_RESISTANT       981.361665
     IGFBP5         -2.826599    1.658013e-47         -2.498467    0.000000e+00     DOWN_IN_RESISTANT       921.559595
       SDC2         -2.152152    6.914615e-52         -2.889772    0.000000e+00     DOWN_IN_RESISTANT       875.736667

Outputs:
/home/regulus/Documents/ATLAS/results/external_validation/cross_study_concordance.csv
/home/regulus/Documents/ATLAS/results/external_validation/replicated_primary_DEGs.csv
/home/regulus/Documents/ATLAS/results/external_validation/cross_study_concordance_summary.csv

SUCCESS [00h] Compute cross-study DEG concordance

========================================================================================
[00i] Build external consensus resistance signature
========================================================================================
Command: /home/regulus/Documents/ATLAS/.venv/bin/python -u /home/regulus/Documents/ATLAS/scripts/00i_consensus_resistance_signature.py
Log: /home/regulus/Documents/ATLAS/logs/full_pipeline/00i_00i_consensus_resistance_signature.log
==============================================================================
ATLAS — 00I CONSENSUS RESISTANCE SIGNATURE
==============================================================================
Replicated input genes: 2066
Consensus genes with |log2FC| >= 1.0 in both studies: 438
  Up in resistant: 193
  Down in resistant: 245

Top consensus genes:
 consensus_rank gene_symbol replication_direction  GSE121105_log2FC  GSE121105_padj  GSE237606_log2FC  GSE237606_padj  min_abs_log2FC  geom_mean_abs_log2FC  combined_significance  consensus_rank_score
              1     PPP1R1B       UP_IN_RESISTANT          3.651143    6.914615e-52          8.944664    0.000000e+00        3.651143              5.714740             351.160232           2006.789351
              2      CXCL17       UP_IN_RESISTANT          3.539296   1.347220e-158          3.818336    0.000000e+00        3.539296              3.676169             457.870561           1683.209741
              3       HAR1A       UP_IN_RESISTANT          4.233776    1.782188e-03          6.349320    0.000000e+00        4.233776              5.184747             302.749047           1569.677191
              4       CRIP1     DOWN_IN_RESISTANT         -2.685503    1.698102e-03         -7.606852    0.000000e+00        2.685503              4.519759             302.770036           1368.447721
              5     SCGB2A2       UP_IN_RESISTANT          6.951569   1.167036e-226          2.240011   1.046179e-113        2.240011              3.946085             338.913310           1337.380839
              6      P2RY10     DOWN_IN_RESISTANT         -3.590983    3.971834e-33         -5.258162   5.068100e-275        3.590983              4.345339             306.696164           1332.698697
              7       FSTL1     DOWN_IN_RESISTANT         -2.165214    1.798536e-42         -6.783564    0.000000e+00        2.165214              3.832475             341.745081           1309.729609
              8      MUC5AC       UP_IN_RESISTANT          3.838806    6.817337e-19          5.309473   4.927339e-268        3.838806              4.514647             285.473773           1288.813299
              9       ITGAL       UP_IN_RESISTANT          3.452659    3.924680e-05          5.794418   6.281871e-284        3.452659              4.472823             287.608107           1286.420176
             10       S100P       UP_IN_RESISTANT          4.182662    1.905755e-45          2.959454   2.886475e-295        2.959454              3.518294             339.259565           1193.615046
             11       ELMO1       UP_IN_RESISTANT          2.295473    2.024285e-02          6.452212    0.000000e+00        2.295473              3.848490             301.693728           1161.065442
             12       NPY1R     DOWN_IN_RESISTANT         -2.306428    3.886160e-62         -4.402777    0.000000e+00        2.306428              3.186642             361.410479           1151.685867
             13       ABCA4     DOWN_IN_RESISTANT         -1.834828    4.122432e-17         -6.724604    0.000000e+00        1.834828              3.512619             316.384847           1111.339544
             14       MRAP2       UP_IN_RESISTANT          2.300545    2.387411e-02          5.845736    0.000000e+00        2.300545              3.667203             301.622073           1106.109471
             15       DAPK1       UP_IN_RESISTANT          2.704869    2.181122e-25          4.206389    0.000000e+00        2.704869              3.373089             324.661320           1095.111632
             16       NCAM2     DOWN_IN_RESISTANT         -2.301245    8.296200e-57         -3.968471    0.000000e+00        2.301245              3.021990             356.081121           1076.073583
             17        DLK1       UP_IN_RESISTANT          3.266995    2.047229e-02          8.006280   3.405688e-208        3.266995              5.114340             209.156629           1069.698082
             18         LOX       UP_IN_RESISTANT          2.261396    3.332252e-18          4.997902    0.000000e+00        2.261396              3.361880             317.477262           1067.320466
             19       AZGP1       UP_IN_RESISTANT          3.997579    2.178336e-62          3.759883   1.154134e-213        3.759883              3.876910             274.599619           1064.597946
             20        APOD       UP_IN_RESISTANT          3.049875    3.158165e-05          7.389299   4.847759e-210        3.049875              4.747256             213.815024           1015.034592
             21       GFRA1     DOWN_IN_RESISTANT         -3.827062    5.737694e-73         -5.203779   3.507603e-150        3.827062              4.462643             221.696252            989.351213
             22       CPNE4       UP_IN_RESISTANT          3.935491    1.756796e-17          3.263222   5.099849e-259        3.263222              3.583627             275.047721            985.668453
             23        AMBP       UP_IN_RESISTANT          2.892137    1.857485e-11          3.448815    0.000000e+00        2.892137              3.158235             310.731075            981.361665
             24      IGFBP5     DOWN_IN_RESISTANT         -2.826599    1.658013e-47         -2.498467    0.000000e+00        2.498467              2.657473             346.780412            921.559595
             25        SDC2     DOWN_IN_RESISTANT         -2.152152    6.914615e-52         -2.889772    0.000000e+00        2.152152              2.493838             351.160232            875.736667

Outputs:
/home/regulus/Documents/ATLAS/results/external_validation/consensus_resistance_signature.csv
/home/regulus/Documents/ATLAS/results/external_validation/consensus_top100_up.csv
/home/regulus/Documents/ATLAS/results/external_validation/consensus_top100_down.csv
/home/regulus/Documents/ATLAS/results/external_validation/consensus_signature_summary.csv

SUCCESS [00i] Build external consensus resistance signature

========================================================================================
[00j] Validate external consensus against discovery
========================================================================================
Command: /home/regulus/Documents/ATLAS/.venv/bin/python -u /home/regulus/Documents/ATLAS/scripts/00j_discovery_consensus_validation.py
Log: /home/regulus/Documents/ATLAS/logs/full_pipeline/00j_00j_discovery_consensus_validation.log
==============================================================================
ATLAS — 00J v3 STRICT THREE-DATASET VALIDATION
==============================================================================
External consensus genes: 438
Present in discovery: 332
Same direction as discovery: 310
Directional agreement among overlap: 93.4%
Significant in discovery too (FDR<0.05 + same direction): 264
Strict core (also |discovery log2FC|>=1): 242
  Up: 130
  Down: 112

Top strict-core genes:
 consensus_rank gene_symbol replication_direction  discovery_log2FC  discovery_padj  GSE121105_log2FC  GSE121105_padj  GSE237606_log2FC  GSE237606_padj
              1     PPP1R1B       UP_IN_RESISTANT          8.684962    0.000000e+00          3.651143    6.914615e-52          8.944664    0.000000e+00
              2      CXCL17       UP_IN_RESISTANT          2.315271    9.408022e-30          3.539296   1.347220e-158          3.818336    0.000000e+00
              3       HAR1A       UP_IN_RESISTANT          5.068457    4.275050e-30          4.233776    1.782188e-03          6.349320    0.000000e+00
              4       CRIP1     DOWN_IN_RESISTANT         -9.838986   4.495572e-301         -2.685503    1.698102e-03         -7.606852    0.000000e+00
              6      P2RY10     DOWN_IN_RESISTANT         -3.415690    2.058277e-20         -3.590983    3.971834e-33         -5.258162   5.068100e-275
              7       FSTL1     DOWN_IN_RESISTANT         -6.164599    1.452140e-58         -2.165214    1.798536e-42         -6.783564    0.000000e+00
              8      MUC5AC       UP_IN_RESISTANT          5.343641    2.323725e-33          3.838806    6.817337e-19          5.309473   4.927339e-268
              9       ITGAL       UP_IN_RESISTANT          5.543241    2.311431e-64          3.452659    3.924680e-05          5.794418   6.281871e-284
             10       S100P       UP_IN_RESISTANT          2.497519    9.017748e-43          4.182662    1.905755e-45          2.959454   2.886475e-295
             11       ELMO1       UP_IN_RESISTANT          4.779234    1.565147e-16          2.295473    2.024285e-02          6.452212    0.000000e+00
             12       NPY1R     DOWN_IN_RESISTANT         -3.143199    3.764560e-26         -2.306428    3.886160e-62         -4.402777    0.000000e+00
             13       ABCA4     DOWN_IN_RESISTANT         -4.812540    6.895040e-15         -1.834828    4.122432e-17         -6.724604    0.000000e+00
             14       MRAP2       UP_IN_RESISTANT          4.464843    5.066809e-06          2.300545    2.387411e-02          5.845736    0.000000e+00
             15       DAPK1       UP_IN_RESISTANT          3.446878    1.283911e-22          2.704869    2.181122e-25          4.206389    0.000000e+00
             16       NCAM2     DOWN_IN_RESISTANT         -2.542207    6.394225e-25         -2.301245    8.296200e-57         -3.968471    0.000000e+00
             17        DLK1       UP_IN_RESISTANT          7.113519    2.447932e-14          3.266995    2.047229e-02          8.006280   3.405688e-208
             18         LOX       UP_IN_RESISTANT          3.359302    9.395795e-14          2.261396    3.332252e-18          4.997902    0.000000e+00
             19       AZGP1       UP_IN_RESISTANT          1.688955    2.736135e-13          3.997579    2.178336e-62          3.759883   1.154134e-213
             20        APOD       UP_IN_RESISTANT          5.166250    9.027594e-11          3.049875    3.158165e-05          7.389299   4.847759e-210
             21       GFRA1     DOWN_IN_RESISTANT         -4.115647    1.392809e-40         -3.827062    5.737694e-73         -5.203779   3.507603e-150
             22       CPNE4       UP_IN_RESISTANT          3.343991    5.846370e-10          3.935491    1.756796e-17          3.263222   5.099849e-259
             23        AMBP       UP_IN_RESISTANT          3.871189    2.035066e-49          2.892137    1.857485e-11          3.448815    0.000000e+00
             24      IGFBP5     DOWN_IN_RESISTANT         -1.741989    5.758538e-24         -2.826599    1.658013e-47         -2.498467    0.000000e+00
             25        SDC2     DOWN_IN_RESISTANT         -2.072715    2.932476e-30         -2.152152    6.914615e-52         -2.889772    0.000000e+00
             26        CNN2       UP_IN_RESISTANT          4.882126   2.343571e-225          1.592125    5.100899e-03          5.140486    0.000000e+00

Outputs:
/home/regulus/Documents/ATLAS/results/external_validation/discovery_consensus_overlap.csv
/home/regulus/Documents/ATLAS/results/external_validation/three_dataset_significant_validated_genes.csv
/home/regulus/Documents/ATLAS/results/external_validation/three_dataset_strict_core_genes.csv
/home/regulus/Documents/ATLAS/results/external_validation/discovery_consensus_summary.csv

SUCCESS [00j] Validate external consensus against discovery

========================================================================================
[00k] Strict-core pathway validation
========================================================================================
Command: /home/regulus/Documents/ATLAS/.venv/bin/python -u /home/regulus/Documents/ATLAS/scripts/00k_strict_core_pathway_validation.py
Log: /home/regulus/Documents/ATLAS/logs/full_pipeline/00k_00k_strict_core_pathway_validation.log
==============================================================================
ATLAS — 00K STRICT-CORE PATHWAY VALIDATION
==============================================================================
Strict-core UP genes: 130
Strict-core DOWN genes: 112

Top Hallmark pathways — UP_IN_RESISTANT:
                             Term  Adjusted P-value  Combined Score                                Genes
                     Angiogenesis          0.002649      184.362246               VTN;COL5A2;STC1;S100A4
                          Hypoxia          0.020485       30.541899 LOX;STC1;CXCR4;S100A4;TGFBI;B4GALNT2
                       Glycolysis          0.020485       30.541899    GFPT1;B3GAT1;STC1;CXCR4;TGFBI;GNE
Epithelial Mesenchymal Transition          0.038560       18.605861        LOX;COL5A2;SPOCK1;TGFBI;FBLN5
            Inflammatory Response          0.038560       18.605861          LYN;RGS16;PTAFR;BDKRB1;NOD2
            Xenobiotic Metabolism          0.038560       18.605861            VTN;MPP2;MAOA;PDK4;PAPSS2
                      p53 Pathway          0.038560       18.605861        GPX2;RGS16;S100A4;ALOX15B;ADA
                KRAS Signaling Up          0.038560       18.605861        ALDH1A3;RGS16;CXCR4;APOD;TFPI
                   UV Response Dn          0.050153       18.922214             COL5A2;PTPN21;TFPI;FBLN5
                Androgen Response          0.085207       17.306366                 ALDH1A3;AZGP1;PTPN21

Top Hallmark pathways — DOWN_IN_RESISTANT:
                             Term  Adjusted P-value  Combined Score                                                                Genes
          Estrogen Response Early      3.706101e-08      257.058656 REEP1;OLFM1;SLC24A3;STC2;GREB1;NPY1R;BCL2;RARA;PGR;GFRA1;AREG;SLC7A2
           Estrogen Response Late      2.610273e-06      157.493672          SCUBE2;OLFM1;SLC24A3;FABP5;NPY1R;BCL2;PGR;CXCL14;AREG;KLK11
                     Angiogenesis      1.614403e-01       43.075874                                                          PDGFA;FSTL1
                          Hypoxia      4.770401e-01        6.274012                                                       SDC2;STC2;BCL2
                       Myogenesis      4.770401e-01        6.274012                                                    REEP1;CAMK2B;STC2
Epithelial Mesenchymal Transition      4.770401e-01        6.274012                                                   COL12A1;AREG;FSTL1
             Bile Acid Metabolism      5.209027e-01        6.663997                                                         ABCA4;PEX11G
               Hedgehog Signaling      5.400799e-01        8.673252                                                                SLIT1
                   UV Response Dn      5.400799e-01        4.158552                                                          IGFBP5;SDC2
                   Apical Surface      5.400799e-01        6.311679                                                                GATA3

Outputs:
/home/regulus/Documents/ATLAS/results/external_validation/pathway_validation/strict_core_up_hallmark2020.csv
/home/regulus/Documents/ATLAS/results/external_validation/pathway_validation/strict_core_down_hallmark2020.csv
/home/regulus/Documents/ATLAS/results/external_validation/pathway_validation/strict_core_pathway_summary.csv

SUCCESS [00k] Strict-core pathway validation

========================================================================================
[00l] Ranked TGF-beta pathway validation
========================================================================================
Command: /home/regulus/Documents/ATLAS/.venv/bin/python -u /home/regulus/Documents/ATLAS/scripts/00l_tgfb_ranked_validation.py
Log: /home/regulus/Documents/ATLAS/logs/full_pipeline/00l_00l_tgfb_ranked_validation.log
==============================================================================
ATLAS — 00L TARGETED TGF-BETA RANKED VALIDATION
==============================================================================

[discovery]
  ranked genes: 13631
  TGF-beta Hallmark: NES=1.7867800745606757, nominal_p=0.00202020202020202, FDR_q=0.004973527996149527

[GSE121105]
  ranked genes: 22558
2026-08-31 17:36:34,919 [WARNING] Duplicated values found in preranked stats: 0.06% of genes
The order of those genes will be arbitrary, which may produce unexpected results.
  TGF-beta Hallmark: NES=-1.5053078446131767, nominal_p=0.02610441767068273, FDR_q=0.03670291646070193

[GSE237606]
  ranked genes: 28293
  TGF-beta Hallmark: NES=1.6237798322774242, nominal_p=0.006734006734006734, FDR_q=0.007822625439733383

Summary:
  dataset               term       NES  nominal_p    FDR_q
discovery TGF-beta Signaling  1.786780   0.002020 0.004974
GSE121105 TGF-beta Signaling -1.505308   0.026104 0.036703
GSE237606 TGF-beta Signaling  1.623780   0.006734 0.007823

Output: /home/regulus/Documents/ATLAS/results/external_validation/pathway_validation/tgfb_ranked_validation_summary.csv

SUCCESS [00l] Ranked TGF-beta pathway validation

========================================================================================
[00m] TGF-beta gene-level direction audit
========================================================================================
Command: /home/regulus/Documents/ATLAS/.venv/bin/python -u /home/regulus/Documents/ATLAS/scripts/00m_tgfb_gene_level_audit.py
Log: /home/regulus/Documents/ATLAS/logs/full_pipeline/00m_00m_tgfb_gene_level_audit.log
==============================================================================
ATLAS — 00M TGF-BETA GENE-LEVEL AUDIT
==============================================================================
Hallmark term: TGF-beta Signaling
TGF-beta genes in set: 54
Genes present in all three: 49

Direction-pattern counts:
direction_pattern
SAME_DIRECTION_ALL_THREE    27
GSE121105_FLIP              13
GSE237606_FLIP               6
DISCOVERY_FLIP               3

Top GSE121105 flip drivers:
gene_symbol  discovery_log2FC  discovery_padj  GSE121105_log2FC  GSE121105_padj  GSE237606_log2FC  GSE237606_padj  flip_driver_score
      FURIN          1.796828    3.027163e-22         -0.662516    1.456661e-01          2.389057   1.308202e-214         156.512157
     FKBP1A         -0.549014    6.000281e-05          0.768841    2.731889e-09         -0.469953   7.924807e-175          87.827888
      NCOR2          0.398733    2.127639e-02         -0.586082    1.632435e-01          0.552660    6.848756e-95          38.527014
      TGFB1          1.106647    1.704503e-03         -0.550026    4.722888e-01          1.888973    1.921006e-58          33.447437
      HDAC1          0.598444    2.487215e-05         -0.040316    8.166729e-01          1.062570    0.000000e+00          12.284029
     TRIM33          0.932316    2.185030e-07         -0.050850    8.938726e-01          0.364086   5.384783e-111           5.948368
     PPP1CA         -0.799345    1.745347e-07          0.114375    7.896003e-01         -0.116134    1.131286e-09           1.807939
     CTNNB1          0.744656    4.617014e-07         -0.136017    3.514067e-01          0.114389    1.171034e-09           1.798339
      SMAD1          0.912620    2.346886e-05         -0.046133    8.382104e-01          0.447713    5.607917e-33           1.704972
      WWTR1         -0.182105    4.047865e-01          0.210864    3.204992e-01         -0.158233    1.373243e-03           0.593248
      KLF10         -0.421806    6.526262e-02          0.285670    1.133332e-01         -0.129901    1.059250e-01           0.403471
      SMAD6          0.031993    9.246863e-01         -0.171784    5.213636e-01          0.223046    1.129656e-07           0.232397
     PMEPA1          0.292096    3.062314e-02         -0.093834    6.381815e-01          0.010876    8.641297e-01           0.019276

Interpretation guide:
- SAME_DIRECTION_ALL_THREE: consistent TGF-beta gene behavior.
- GSE121105_FLIP: discovery + GSE237606 agree, GSE121105 reverses.
- A large GSE121105_FLIP group supports context-dependent pathway direction.
- A small flip group dominated by a few genes suggests pathway NES may be driver-sensitive.

Outputs:
/home/regulus/Documents/ATLAS/results/external_validation/pathway_validation/tgfb_gene_level_audit.csv
/home/regulus/Documents/ATLAS/results/external_validation/pathway_validation/tgfb_gse121105_flip_drivers.csv
/home/regulus/Documents/ATLAS/results/external_validation/pathway_validation/tgfb_gene_level_audit_summary.csv

SUCCESS [00m] TGF-beta gene-level direction audit

========================================================================================
[00n] TGF-beta leading-edge comparison
========================================================================================
Command: /home/regulus/Documents/ATLAS/.venv/bin/python -u /home/regulus/Documents/ATLAS/scripts/00n_tgfb_leading_edge_comparison.py
Log: /home/regulus/Documents/ATLAS/logs/full_pipeline/00n_00n_tgfb_leading_edge_comparison.log
==============================================================================
ATLAS — 00N TGF-BETA LEADING-EDGE COMPARISON
==============================================================================

[discovery]
  NES=1.787, FDR=0.004973527996149527
  leading-edge genes: 23
  FURIN, LTBP2, XIAP, SPTBN1, NOG, TJP1, MAP3K7, TRIM33, CTNNB1, TGFBR1, SMAD1, HDAC1, RAB31, PPM1A, RHOA, ID2, SKIL, ARID4B, TGFB1, SMURF2, ACVR1, FNTA, APC

[GSE121105]
2026-08-31 17:36:46,632 [WARNING] Duplicated values found in preranked stats: 0.06% of genes
The order of those genes will be arbitrary, which may produce unexpected results.
  NES=-1.505, FDR=0.03670291646070193
  leading-edge genes: 7
  THBS1, SLC20A1, ID3, ID1, SKI, HIPK2, SMAD7

[GSE237606]
  NES=1.624, FDR=0.007822625439733383
  leading-edge genes: 19
  RHOA, HDAC1, LTBP2, MAP3K7, FURIN, TRIM33, XIAP, IFNGR2, NCOR2, TGFBR1, ARID4B, SPTBN1, TGFB1, SMURF2, ACVR1, NOG, TGIF1, RAB31, SMAD1

Leading-edge overlap summary:
 discovery_NES  discovery_FDR  discovery_leading_edge_n  GSE121105_NES  GSE121105_FDR  GSE121105_leading_edge_n  GSE237606_NES  GSE237606_FDR  GSE237606_leading_edge_n  leading_edge_all_three  discovery_GSE237606_overlap  discovery_GSE237606_only  GSE121105_only  GSE121105_overlap_discovery  GSE121105_overlap_GSE237606
       1.78678       0.004974                        23      -1.505308       0.036703                         7        1.62378       0.007823                        19                       0                           16                        16               7                            0                            0

Key categories:

LEADING_EDGE_ALL_THREE (0):
None

DISCOVERY_GSE237606_ONLY (16):
ACVR1, ARID4B, FURIN, HDAC1, LTBP2, MAP3K7, NOG, RAB31, RHOA, SMAD1, SMURF2, SPTBN1, TGFB1, TGFBR1, TRIM33, XIAP

GSE121105_ONLY (7):
HIPK2, ID1, ID3, SKI, SLC20A1, SMAD7, THBS1

Interpretation:
- DISCOVERY_GSE237606_ONLY genes likely drive the reproducible positive TGF-beta program.
- GSE121105_ONLY genes likely drive the negative/context-specific TGF-beta program.
- LEADING_EDGE_ALL_THREE genes are shared pathway components, but their expression direction must be checked in the gene-level audit.

Outputs:
/home/regulus/Documents/ATLAS/results/external_validation/pathway_validation/discovery_tgfb_leading_edge.csv
/home/regulus/Documents/ATLAS/results/external_validation/pathway_validation/GSE121105_tgfb_leading_edge.csv
/home/regulus/Documents/ATLAS/results/external_validation/pathway_validation/GSE237606_tgfb_leading_edge.csv
/home/regulus/Documents/ATLAS/results/external_validation/pathway_validation/tgfb_leading_edge_overlap.csv
/home/regulus/Documents/ATLAS/results/external_validation/pathway_validation/tgfb_leading_edge_summary.csv

SUCCESS [00n] TGF-beta leading-edge comparison

========================================================================================
[00o] Validate reproducible positive TGF-beta module
========================================================================================
Command: /home/regulus/Documents/ATLAS/.venv/bin/python -u /home/regulus/Documents/ATLAS/scripts/00o_tgfb_reproducible_module_validation.py
Log: /home/regulus/Documents/ATLAS/logs/full_pipeline/00o_00o_tgfb_reproducible_module_validation.log
==============================================================================
ATLAS — 00O REPRODUCIBLE TGF-BETA MODULE VALIDATION
==============================================================================
 reproducible_positive_tgfb_module_genes  up_in_discovery  up_in_GSE237606  down_in_GSE121105  down_in_GSE121105_and_fdr05  overlap_with_242_gene_strict_core  gse121105_reversal_fraction
                                      16               16               16                  5                            0                                  1                       0.3125

Module genes:
gene_symbol  discovery_log2FC  GSE121105_log2FC  GSE121105_padj  GSE237606_log2FC  in_three_dataset_strict_core  GSE121105_reversed_vs_positive_module
      RAB31          1.174659          2.054783    8.363757e-12          1.133867                          True                                  False
      FURIN          1.796828         -0.662516    1.456661e-01          2.389057                         False                                   True
      HDAC1          0.598444         -0.040316    8.166729e-01          1.062570                         False                                   True
      SMAD1          0.912620         -0.046133    8.382104e-01          0.447713                         False                                   True
      TGFB1          1.106647         -0.550026    4.722888e-01          1.888973                         False                                   True
     TRIM33          0.932316         -0.050850    8.938726e-01          0.364086                         False                                   True
      ACVR1          0.739285          0.028471    8.985800e-01          0.515911                         False                                  False
     ARID4B          0.745644          0.320515    4.732609e-01          0.389652                         False                                  False
      LTBP2          3.489480          0.469651    2.680994e-01          3.132620                         False                                  False
     MAP3K7          1.055252          0.211907    2.383341e-01          0.624377                         False                                  False
        NOG          2.538396          0.202931    6.785503e-01          2.276486                         False                                  False
       RHOA          0.500173          0.508146    2.799428e-03          1.137450                         False                                  False
     SMURF2          0.583334          0.191568    2.815243e-01          0.296377                         False                                  False
     SPTBN1          0.948874          0.176259    2.939579e-01          0.397370                         False                                  False
     TGFBR1          0.901038          0.325761    2.723633e-01          1.043369                         False                                  False
       XIAP          1.119929          0.163513    5.812673e-01          0.550575                         False                                  False

Outputs:
/home/regulus/Documents/ATLAS/results/external_validation/pathway_validation/tgfb_reproducible_module_gene_table.csv
/home/regulus/Documents/ATLAS/results/external_validation/pathway_validation/tgfb_reproducible_module_summary.csv

SUCCESS [00o] Validate reproducible positive TGF-beta module

========================================================================================
[00p] Sample-level TGF-beta module scoring
========================================================================================
Command: /home/regulus/Documents/ATLAS/.venv/bin/python -u /home/regulus/Documents/ATLAS/scripts/00p_tgfb_module_score_validation.py
Log: /home/regulus/Documents/ATLAS/logs/full_pipeline/00p_00p_tgfb_module_score_validation.log
==============================================================================
ATLAS — 00P TGF-BETA MODULE SCORE VALIDATION
==============================================================================

[GSE121105]
  POSITIVE_TGFB_16: genes=16, Δ(R-S)=0.696, MWU p=0.09524
  GSE121105_NEGATIVE_TGFB_7: genes=7, Δ(R-S)=-1.902, MWU p=0.02381

[GSE237606]
  POSITIVE_TGFB_16: genes=16, Δ(R-S)=1.772, MWU p=6.796e-08
    stratum-adjusted Δ=1.772, paired p=1.82e-10
  GSE121105_NEGATIVE_TGFB_7: genes=7, Δ(R-S)=-1.002, MWU p=9.127e-07
    stratum-adjusted Δ=-1.002, paired p=6.668e-07

Summary:
  dataset                    module  genes_present_n                                                                                     genes_present  resistant_n  sensitive_parental_n  mean_score_resistant  mean_score_sensitive  mean_difference_resistant_minus_sensitive  mannwhitney_p  stratum_adjusted_mean_difference  stratum_paired_t_p
GSE121105          POSITIVE_TGFB_16               16 ACVR1;ARID4B;FURIN;HDAC1;LTBP2;MAP3K7;NOG;RAB31;RHOA;SMAD1;SMURF2;SPTBN1;TGFB1;TGFBR1;TRIM33;XIAP            6                     3              0.266955             -0.429051                                   0.696006   9.523810e-02                               NaN                 NaN
GSE121105 GSE121105_NEGATIVE_TGFB_7                7                                                             HIPK2;ID1;ID3;SKI;SLC20A1;SMAD7;THBS1            6                     3             -0.818806              1.082905                                  -1.901712   2.380952e-02                               NaN                 NaN
GSE237606          POSITIVE_TGFB_16               16 ACVR1;ARID4B;FURIN;HDAC1;LTBP2;MAP3K7;NOG;RAB31;RHOA;SMAD1;SMURF2;SPTBN1;TGFB1;TGFBR1;TRIM33;XIAP           20                    20              0.886116             -0.886116                                   1.772233   6.795615e-08                          1.772233        1.819709e-10
GSE237606 GSE121105_NEGATIVE_TGFB_7                7                                                             HIPK2;ID1;ID3;SKI;SLC20A1;SMAD7;THBS1           20                    20             -0.501245              0.501245                                  -1.002491   9.126647e-07                         -1.002491        6.667829e-07

Outputs:
/home/regulus/Documents/ATLAS/results/external_validation/pathway_validation/tgfb_module_sample_scores.csv
/home/regulus/Documents/ATLAS/results/external_validation/pathway_validation/tgfb_module_score_summary.csv

SUCCESS [00p] Sample-level TGF-beta module scoring

========================================================================================
[00qv] Cross-dataset dual-module TGF-beta audit
========================================================================================
Command: /home/regulus/Documents/ATLAS/.venv/bin/python -u /home/regulus/Documents/ATLAS/scripts/00q_tgfb_dual_module_cross_dataset_audit.py
Log: /home/regulus/Documents/ATLAS/logs/full_pipeline/00qv_00q_tgfb_dual_module_cross_dataset_audit.log
==============================================================================
ATLAS — 00Q TGF-BETA DUAL-MODULE CROSS-DATASET AUDIT
==============================================================================
discovery  POSITIVE_TGFB_16   mean=1.196 median=0.941 up=16 down=0 FDR<0.05=16 Wilcoxon p=3.052e-05
discovery  NEGATIVE_TGFB_7    mean=-0.597 median=-0.482 up=0 down=7 FDR<0.05=4 Wilcoxon p=0.01562
GSE121105  POSITIVE_TGFB_16   mean=0.206 median=0.184 up=11 down=5 FDR<0.05=2 Wilcoxon p=0.1297
GSE121105  NEGATIVE_TGFB_7    mean=-1.289 median=-0.977 up=0 down=7 FDR<0.05=7 Wilcoxon p=0.01562
GSE237606  POSITIVE_TGFB_16   mean=1.103 median=0.834 up=16 down=0 FDR<0.05=16 Wilcoxon p=3.052e-05
GSE237606  NEGATIVE_TGFB_7    mean=-0.309 median=-0.293 up=2 down=5 FDR<0.05=6 Wilcoxon p=0.1562

Outputs:
/home/regulus/Documents/ATLAS/results/external_validation/pathway_validation/tgfb_dual_module_gene_effects.csv
/home/regulus/Documents/ATLAS/results/external_validation/pathway_validation/tgfb_dual_module_cross_dataset_summary.csv

SUCCESS [00qv] Cross-dataset dual-module TGF-beta audit

========================================================================================
[00r] Final TGF-beta evidence synthesis
========================================================================================
Command: /home/regulus/Documents/ATLAS/.venv/bin/python -u /home/regulus/Documents/ATLAS/scripts/00r_tgfb_final_evidence_synthesis.py
Log: /home/regulus/Documents/ATLAS/logs/full_pipeline/00r_00r_tgfb_final_evidence_synthesis.log
==============================================================================
ATLAS — 00R FINAL TGF-BETA EVIDENCE SYNTHESIS
==============================================================================
  dataset  hallmark_NES  hallmark_FDR  positive_module_mean_log2FC  positive_module_wilcoxon_p  negative_module_mean_log2FC  negative_module_wilcoxon_p  positive_module_sample_delta  positive_module_sample_p  negative_module_sample_delta  negative_module_sample_p
discovery      1.786780      0.004974                     1.196432                    0.000031                    -0.597493                    0.015625                           NaN                       NaN                           NaN                       NaN
GSE121105     -1.505308      0.036703                     0.206479                    0.129730                    -1.288645                    0.015625                      0.696006              9.523810e-02                     -1.901712              2.380952e-02
GSE237606      1.623780      0.007823                     1.103153                    0.000031                    -0.309284                    0.156250                      1.772233              6.795615e-08                     -1.002491              9.126647e-07


Defensible interpretation:
Trastuzumab resistance is associated with reproducible TGF-beta pathway remodeling, not a universally monotonic increase in the entire Hallmark TGF-beta pathway.
A 16-gene positive TGF-beta module is strongly activated in discovery and GSE237606 and trends upward in GSE121105, while a distinct 7-gene module is repressed across datasets.
Therefore, report pathway-level context dependence alongside reproducible submodule-level dysregulation.

Outputs:
/home/regulus/Documents/ATLAS/results/external_validation/pathway_validation/tgfb_final_evidence_matrix.csv
/home/regulus/Documents/ATLAS/results/external_validation/pathway_validation/tgfb_final_conclusion.txt

SUCCESS [00r] Final TGF-beta evidence synthesis

========================================================================================
[00s] Export validated resistance evidence for downstream integration
========================================================================================
Command: /home/regulus/Documents/ATLAS/.venv/bin/python -u /home/regulus/Documents/ATLAS/scripts/00s_validated_resistance_evidence_export.py
Log: /home/regulus/Documents/ATLAS/logs/full_pipeline/00s_00s_validated_resistance_evidence_export.log
==============================================================================
ATLAS — 00S VALIDATED RESISTANCE EVIDENCE EXPORT
==============================================================================
Strict-core genes exported: 242
  Up: 130 | Down: 112
TGF-beta positive module overlap with strict core: 1/16
TGF-beta negative module overlap with strict core: 0/7

Outputs:
/home/regulus/Documents/ATLAS/results/external_validation/downstream/validated_resistance_gene_evidence.csv
/home/regulus/Documents/ATLAS/results/external_validation/downstream/validated_tgfb_module_evidence.csv
/home/regulus/Documents/ATLAS/results/external_validation/downstream/validated_evidence_summary.csv

SUCCESS [00s] Export validated resistance evidence for downstream integration

========================================================================================
ATLAS FULL PIPELINE COMPLETE
========================================================================================
/home/regulus/Documents/ATLAS/results/cmap/integrated_evidence/ATLAS_integrated_evidence_matrix.csv
State: /home/regulus/Documents/ATLAS/results/pipeline_state/full_pipeline_state.json
Logs:  /home/regulus/Documents/ATLAS/logs/full_pipeline
========================================================================================
ATLAS — DATASET VOLUME / STORAGE METADATA
========================================================================================
Candidate metadata rows scanned:   262
Unique dataset accessions sifted:  168
Accessions with local files:       5

Local data/ size:                  410.55 MB
Downloaded comparison data:        47.79 MB
Tracked local data + result files: 918.37 MB

Catalog-advertised remote size:     unavailable in current metadata

Important:
- 'Sifted' means metadata records ATLAS examined, not bytes downloaded.
- Local byte totals are exact filesystem sizes.
- Remote totals are reported only if the source metadata already includes explicit sizes.

Largest local categories:
- cmap_results: 485.01 MB across 272 files
- other_data: 357.82 MB across 73 files
- raw_data: 41.67 MB across 7 files
- external_validation_results: 22.81 MB across 56 files
- metadata_catalog: 3.51 MB across 1 files
- processed_data: 3.29 MB across 3 files
- validation_expression: 2.83 MB across 9 files
- metadata_enriched: 1.43 MB across 24 files

Outputs:
/home/regulus/Documents/ATLAS/results/pipeline_state/dataset_volume_summary.json
/home/regulus/Documents/ATLAS/results/pipeline_state/dataset_volume_summary.csv
/home/regulus/Documents/ATLAS/results/pipeline_state/dataset_volume_by_accession.csv
/home/regulus/Documents/ATLAS/results/pipeline_state/dataset_volume_files.csv
After resistance hash:  e49cd37be19d8fabc4befb3eefc794ce92b294e4a87a71ceeb6ec4dadf6211fb

============================================================
VALIDATED_SIGNATURE_UNCHANGED
New acquisition metadata did not change validated resistance evidence.
Existing CMap and downstream results are reused.
Finished: 2026-08-31T17:36:55+08:00
============================================================
